exercicio,periodo,uf,anexo,cod_conta,conta,coluna,valor,populacao,uf_nome
2015,1,MA,RGF-Anexo 01,DespesaComPessoalBruta,DESPESA BRUTA COM PESSOAL (I),LIQUIDADAS (a),4927510054.16,6850884,Maranhão
2015,1,MA,RGF-Anexo 01,DespesaComPessoalAtivoBruta,Pessoal Ativo,LIQUIDADAS (a),3628289711.93,6850884,Maranhão
2015,1,MA,RGF-Anexo 01,DespesaComPessoalInativoEPensionistasBruta,Pessoal Inativo e Pensionistas,LIQUIDADAS (a),1218877022.29,6850884,Maranhão
2015,1,MA,RGF-Anexo 01,DespesaComPessoalLiquida,DESPESA LÍQUIDA COM PESSOAL (III) = (I - II),LIQUIDADAS (a),4087955276.97,6850884,Maranhão
2015,1,MA,RGF-Anexo 01,ReceitaCorrenteLiquidaLimiteLegal,RECEITA CORRENTE LIQUIDA - RCL (IV),Valor,10428277613.93,6850884,Maranhão
2015,1,MA,RGF-Anexo 01,DespesaComPessoalTotal,DESPESA TOTAL COM PESSOAL - DTP (V) = (III a + III b),Valor,4087955276.97,6850884,Maranhão
2015,1,MA,RGF-Anexo 01,DespesaComPessoalTotal,DESPESA TOTAL COM PESSOAL - DTP (V) = (III a + III b),% sobre a RCL,39.2,6850884,Maranhão
2015,1,MA,RGF-Anexo 02,DividaConsolidada,DÍVIDA CONSOLIDADA - DC (I),SALDO DO EXERCÍCIO ANTERIOR,5791212596.77,6850884,Maranhão
2015,1,MA,RGF-Anexo 02,DividaConsolidada,DÍVIDA CONSOLIDADA - DC (I),Até o 1º Quadrimestre,5913640195.08,6850884,Maranhão
2015,1,MA,RGF-Anexo 02,DividaContratual,Dívida Contratual,SALDO DO EXERCÍCIO ANTERIOR,5172486827.64,6850884,Maranhão
2015,1,MA,RGF-Anexo 02,DividaContratual,Dívida Contratual,Até o 1º Quadrimestre,5304669352.79,6850884,Maranhão
2015,1,MA,RGF-Anexo 02,DividaConsolidadaLiquida,DÍVIDA CONSOLIDADA LÍQUIDA (DCL) (III) = (I - II),SALDO DO EXERCÍCIO ANTERIOR,5247477190.13,6850884,Maranhão
2015,1,MA,RGF-Anexo 02,DividaConsolidadaLiquida,DÍVIDA CONSOLIDADA LÍQUIDA (DCL) (III) = (I - II),Até o 1º Quadrimestre,4558107464.64,6850884,Maranhão
2015,2,MA,RGF-Anexo 01,DespesaComPessoalBruta,DESPESA BRUTA COM PESSOAL (I),LIQUIDADAS (a),5290914999.95,6850884,Maranhão
2015,2,MA,RGF-Anexo 01,DespesaComPessoalAtivoBruta,Pessoal Ativo,LIQUIDADAS (a),3823502424.94,6850884,Maranhão
2015,2,MA,RGF-Anexo 01,DespesaComPessoalInativoEPensionistasBruta,Pessoal Inativo e Pensionistas,LIQUIDADAS (a),1360792364.45,6850884,Maranhão
2015,2,MA,RGF-Anexo 01,DespesaComPessoalLiquida,DESPESA LÍQUIDA COM PESSOAL (III) = (I - II),LIQUIDADAS (a),4403815413.23,6850884,Maranhão
2015,2,MA,RGF-Anexo 01,ReceitaCorrenteLiquidaLimiteLegal,RECEITA CORRENTE LIQUIDA - RCL (IV),Valor,10443675172.86,6850884,Maranhão
2015,2,MA,RGF-Anexo 01,DespesaComPessoalTotal,DESPESA TOTAL COM PESSOAL - DTP (V) = (III a + III b),Valor,4403815413.23,6850884,Maranhão
2015,2,MA,RGF-Anexo 01,DespesaComPessoalTotal,DESPESA TOTAL COM PESSOAL - DTP (V) = (III a + III b),% sobre a RCL,42.17,6850884,Maranhão
2015,2,MA,RGF-Anexo 02,DividaConsolidada,DÍVIDA CONSOLIDADA - DC (I),SALDO DO EXERCÍCIO ANTERIOR,5791212596.77,6850884,Maranhão
2015,2,MA,RGF-Anexo 02,DividaConsolidada,DÍVIDA CONSOLIDADA - DC (I),Até o 1º Quadrimestre,5913640195.08,6850884,Maranhão
2015,2,MA,RGF-Anexo 02,DividaConsolidada,DÍVIDA CONSOLIDADA - DC (I),Até o 2º Quadrimestre,6422020199.25,6850884,Maranhão
2015,2,MA,RGF-Anexo 02,DividaContratual,Dívida Contratual,SALDO DO EXERCÍCIO ANTERIOR,5172486827.64,6850884,Maranhão
2015,2,MA,RGF-Anexo 02,DividaContratual,Dívida Contratual,Até o 1º Quadrimestre,5304669352.79,6850884,Maranhão
2015,2,MA,RGF-Anexo 02,DividaContratual,Dívida Contratual,Até o 2º Quadrimestre,5841261256.13,6850884,Maranhão
2015,2,MA,RGF-Anexo 02,DividaConsolidadaLiquida,DÍVIDA CONSOLIDADA LÍQUIDA (DCL) (III) = (I - II),SALDO DO EXERCÍCIO ANTERIOR,5247477190.13,6850884,Maranhão
2015,2,MA,RGF-Anexo 02,DividaConsolidadaLiquida,DÍVIDA CONSOLIDADA LÍQUIDA (DCL) (III) = (I - II),Até o 1º Quadrimestre,4558107464.64,6850884,Maranhão
2015,2,MA,RGF-Anexo 02,DividaConsolidadaLiquida,DÍVIDA CONSOLIDADA LÍQUIDA (DCL) (III) = (I - II),Até o 2º Quadrimestre,4846400610.15,6850884,Maranhão
2015,3,MA,RGF-Anexo 01,DespesaComPessoalBruta,DESPESA BRUTA COM PESSOAL (I),LIQUIDADAS (a),5546283106.51,6850884,Maranhão
2015,3,MA,RGF-Anexo 01,DespesaComPessoalAtivoBruta,Pessoal Ativo,LIQUIDADAS (a),3967444012.17,6850884,Maranhão
2015,3,MA,RGF-Anexo 01,DespesaComPessoalInativoEPensionistasBruta,Pessoal Inativo e Pensionistas,LIQUIDADAS (a),1452372993.69,6850884,Maranhão
2015,3,MA,RGF-Anexo 01,DespesaComPessoalLiquida,DESPESA LÍQUIDA COM PESSOAL (III) = (I - II),LIQUIDADAS (a),4592592578.86,6850884,Maranhão
2015,3,MA,RGF-Anexo 01,ReceitaCorrenteLiquidaLimiteLegal,RECEITA CORRENTE LIQUIDA - RCL (IV),Valor,10712347552.03,6850884,Maranhão
2015,3,MA,RGF-Anexo 01,DespesaComPessoalTotal,DESPESA TOTAL COM PESSOAL - DTP (V) = (III a + III b),Valor,4592592578.86,6850884,Maranhão
2015,3,MA,RGF-Anexo 01,DespesaComPessoalTotal,DESPESA TOTAL COM PESSOAL - DTP (V) = (III a + III b),% sobre a RCL,42.87,6850884,Maranhão
2015,3,MA,RGF-Anexo 02,DividaConsolidada,DÍVIDA CONSOLIDADA - DC (I),SALDO DO EXERCÍCIO ANTERIOR,5791212596.77,6850884,Maranhão
2015,3,MA,RGF-Anexo 02,DividaConsolidada,DÍVIDA CONSOLIDADA - DC (I),Até o 1º Quadrimestre,5913640195.08,6850884,Maranhão
2015,3,MA,RGF-Anexo 02,DividaConsolidada,DÍVIDA CONSOLIDADA - DC (I),Até o 2º Quadrimestre,6422020199.25,6850884,Maranhão
2015,3,MA,RGF-Anexo 02,DividaConsolidada,DÍVIDA CONSOLIDADA - DC (I),Até o 3º Quadrimestre,7314129163.62,6850884,Maranhão
2015,3,MA,RGF-Anexo 02,DividaContratual,Dívida Contratual,SALDO DO EXERCÍCIO ANTERIOR,5172486827.64,6850884,Maranhão
2015,3,MA,RGF-Anexo 02,DividaContratual,Dívida Contratual,Até o 1º Quadrimestre,5304669352.79,6850884,Maranhão
2015,3,MA,RGF-Anexo 02,DividaContratual,Dívida Contratual,Até o 2º Quadrimestre,5841261256.13,6850884,Maranhão
2015,3,MA,RGF-Anexo 02,DividaContratual,Dívida Contratual,Até o 3º Quadrimestre,6361055897.03,6850884,Maranhão
2015,3,MA,RGF-Anexo 02,DividaConsolidadaLiquida,DÍVIDA CONSOLIDADA LÍQUIDA (DCL) (III) = (I - II),SALDO DO EXERCÍCIO ANTERIOR,5247477190.13,6850884,Maranhão
2015,3,MA,RGF-Anexo 02,DividaConsolidadaLiquida,DÍVIDA CONSOLIDADA LÍQUIDA (DCL) (III) = (I - II),Até o 1º Quadrimestre,4558107464.64,6850884,Maranhão
2015,3,MA,RGF-Anexo 02,DividaConsolidadaLiquida,DÍVIDA CONSOLIDADA LÍQUIDA (DCL) (III) = (I - II),Até o 2º Quadrimestre,4845990231.29,6850884,Maranhão
2015,3,MA,RGF-Anexo 02,DividaConsolidadaLiquida,DÍVIDA CONSOLIDADA LÍQUIDA (DCL) (III) = (I - II),Até o 3º Quadrimestre,6443795620.52,6850884,Maranhão
2016,1,MA,RGF-Anexo 01,DespesaComPessoalBruta,DESPESA BRUTA COM PESSOAL (I),"DESPESAS LIQUIDADAS 
(a)",5727514049.68,6904241,Maranhão
2016,1,MA,RGF-Anexo 01,DespesaComPessoalAtivoBruta,Pessoal Ativo,"DESPESAS LIQUIDADAS 
(a)",4076454155.45,6904241,Maranhão
2016,1,MA,RGF-Anexo 01,DespesaComPessoalInativoEPensionistasBruta,Pessoal Inativo e Pensionistas,"DESPESAS LIQUIDADAS 
(a)",1515028327.78,6904241,Maranhão
2016,1,MA,RGF-Anexo 01,DespesaComPessoalLiquida,DESPESA LÍQUIDA COM PESSOAL (III) = (I - II),"DESPESAS LIQUIDADAS 
(a)",4817477771.22,6904241,Maranhão
2016,1,MA,RGF-Anexo 01,ReceitaCorrenteLiquidaLimiteLegal,RECEITA CORRENTE LIQUIDA - RCL (IV),Valor,10802513622.52,6904241,Maranhão
2016,1,MA,RGF-Anexo 01,DespesaComPessoalTotal,DESPESA TOTAL COM PESSOAL - DTP (V) = (III a + III b),Valor,4817477771.22,6904241,Maranhão
2016,1,MA,RGF-Anexo 01,DespesaComPessoalTotal,DESPESA TOTAL COM PESSOAL - DTP (V) = (III a + III b),% sobre a RCL,44.6,6904241,Maranhão
2016,1,MA,RGF-Anexo 02,DividaConsolidada,DÍVIDA CONSOLIDADA - DC (I),SALDO DO EXERCÍCIO ANTERIOR,7314129163.62,6904241,Maranhão
2016,1,MA,RGF-Anexo 02,DividaConsolidada,DÍVIDA CONSOLIDADA - DC (I),Até o 1º Quadrimestre,6872092155.21,6904241,Maranhão
2016,1,MA,RGF-Anexo 02,DividaContratual,Dívida Contratual,SALDO DO EXERCÍCIO ANTERIOR,6361055897.03,6904241,Maranhão
2016,1,MA,RGF-Anexo 02,DividaContratual,Dívida Contratual,Até o 1º Quadrimestre,5987327845.34,6904241,Maranhão
2016,1,MA,RGF-Anexo 02,DividaConsolidadaLiquida,DÍVIDA CONSOLIDADA LÍQUIDA (DCL) (III) = (I - II),SALDO DO EXERCÍCIO ANTERIOR,6443795620.52,6904241,Maranhão
2016,1,MA,RGF-Anexo 02,DividaConsolidadaLiquida,DÍVIDA CONSOLIDADA LÍQUIDA (DCL) (III) = (I - II),Até o 1º Quadrimestre,5097073267.23,6904241,Maranhão
2016,2,MA,RGF-Anexo 01,DespesaComPessoalBruta,DESPESA BRUTA COM PESSOAL (I),"DESPESAS LIQUIDADAS 
(a)",6078896880.89,6904241,Maranhão
2016,2,MA,RGF-Anexo 01,DespesaComPessoalAtivoBruta,Pessoal Ativo,"DESPESAS LIQUIDADAS 
(a)",4356259259.24,6904241,Maranhão
2016,2,MA,RGF-Anexo 01,DespesaComPessoalInativoEPensionistasBruta,Pessoal Inativo e Pensionistas,"DESPESAS LIQUIDADAS 
(a)",1587772250.85,6904241,Maranhão
2016,2,MA,RGF-Anexo 01,DespesaComPessoalLiquida,DESPESA LÍQUIDA COM PESSOAL (III) = (I - II),"DESPESAS LIQUIDADAS 
(a)",4989513931.52,6904241,Maranhão
2016,2,MA,RGF-Anexo 01,ReceitaCorrenteLiquidaLimiteLegal,RECEITA CORRENTE LIQUIDA - RCL (IV),Valor,11394735552.87,6904241,Maranhão
2016,2,MA,RGF-Anexo 01,DespesaComPessoalTotal,DESPESA TOTAL COM PESSOAL - DTP (V) = (III a + III b),Valor,4989513931.52,6904241,Maranhão
2016,2,MA,RGF-Anexo 01,DespesaComPessoalTotal,DESPESA TOTAL COM PESSOAL - DTP (V) = (III a + III b),% sobre a RCL,43.79,6904241,Maranhão
2016,2,MA,RGF-Anexo 02,DividaConsolidada,DÍVIDA CONSOLIDADA - DC (I),SALDO DO EXERCÍCIO ANTERIOR,7314129163.62,6904241,Maranhão
2016,2,MA,RGF-Anexo 02,DividaConsolidada,DÍVIDA CONSOLIDADA - DC (I),Até o 1º Quadrimestre,6872092155.21,6904241,Maranhão
2016,2,MA,RGF-Anexo 02,DividaConsolidada,DÍVIDA CONSOLIDADA - DC (I),Até o 2º Quadrimestre,6771279718.3,6904241,Maranhão
2016,2,MA,RGF-Anexo 02,DividaContratual,Dívida Contratual,SALDO DO EXERCÍCIO ANTERIOR,6361055897.03,6904241,Maranhão
2016,2,MA,RGF-Anexo 02,DividaContratual,Dívida Contratual,Até o 1º Quadrimestre,5987327845.34,6904241,Maranhão
2016,2,MA,RGF-Anexo 02,DividaContratual,Dívida Contratual,Até o 2º Quadrimestre,5906802768.09,6904241,Maranhão
2016,2,MA,RGF-Anexo 02,DividaConsolidadaLiquida,DÍVIDA CONSOLIDADA LÍQUIDA (DCL) (III) = (I - II),SALDO DO EXERCÍCIO ANTERIOR,6443795620.52,6904241,Maranhão
2016,2,MA,RGF-Anexo 02,DividaConsolidadaLiquida,DÍVIDA CONSOLIDADA LÍQUIDA (DCL) (III) = (I - II),Até o 1º Quadrimestre,5097073267.23,6904241,Maranhão
2016,2,MA,RGF-Anexo 02,DividaConsolidadaLiquida,DÍVIDA CONSOLIDADA LÍQUIDA (DCL) (III) = (I - II),Até o 2º Quadrimestre,4455144253.72,6904241,Maranhão
2016,3,MA,RGF-Anexo 01,DespesaComPessoalBruta,DESPESA BRUTA COM PESSOAL (I),"DESPESAS LIQUIDADAS 
(a)",6088478836.26,6904241,Maranhão
2016,3,MA,RGF-Anexo 01,DespesaComPessoalBruta,DESPESA BRUTA COM PESSOAL (I),DESPESAS INSCRITAS EM RESTOS A PAGAR NÃO PROCESSADOS (b),3809973.33,6904241,Maranhão
2016,3,MA,RGF-Anexo 01,DespesaComPessoalAtivoBruta,Pessoal Ativo,"DESPESAS LIQUIDADAS 
(a)",4269711382.83,6904241,Maranhão
2016,3,MA,RGF-Anexo 01,DespesaComPessoalAtivoBruta,Pessoal Ativo,DESPESAS INSCRITAS EM RESTOS A PAGAR NÃO PROCESSADOS (b),2849224.39,6904241,Maranhão
2016,3,MA,RGF-Anexo 01,DespesaComPessoalInativoEPensionistasBruta,Pessoal Inativo e Pensionistas,"DESPESAS LIQUIDADAS 
(a)",1666054114.81,6904241,Maranhão
2016,3,MA,RGF-Anexo 01,DespesaComPessoalLiquida,DESPESA LÍQUIDA COM PESSOAL (III) = (I - II),"DESPESAS LIQUIDADAS 
(a)",4860919884.49,6904241,Maranhão
2016,3,MA,RGF-Anexo 01,DespesaComPessoalLiquida,DESPESA LÍQUIDA COM PESSOAL (III) = (I - II),DESPESAS INSCRITAS EM RESTOS A PAGAR NÃO PROCESSADOS (b),3684259.05,6904241,Maranhão
2016,3,MA,RGF-Anexo 01,ReceitaCorrenteLiquidaLimiteLegal,RECEITA CORRENTE LIQUIDA - RCL (IV),Valor,12480062588.49,6904241,Maranhão
2016,3,MA,RGF-Anexo 01,DespesaComPessoalTotal,DESPESA TOTAL COM PESSOAL - DTP (V) = (III a + III b),Valor,4864604143.54,6904241,Maranhão
2016,3,MA,RGF-Anexo 01,DespesaComPessoalTotal,DESPESA TOTAL COM PESSOAL - DTP (V) = (III a + III b),% sobre a RCL,38.98,6904241,Maranhão
2016,3,MA,RGF-Anexo 02,DividaConsolidada,DÍVIDA CONSOLIDADA - DC (I),SALDO DO EXERCÍCIO ANTERIOR,7314129163.62,6904241,Maranhão
2016,3,MA,RGF-Anexo 02,DividaConsolidada,DÍVIDA CONSOLIDADA - DC (I),Até o 1º Quadrimestre,6872092155.21,6904241,Maranhão
2016,3,MA,RGF-Anexo 02,DividaConsolidada,DÍVIDA CONSOLIDADA - DC (I),Até o 2º Quadrimestre,6771279718.3,6904241,Maranhão
2016,3,MA,RGF-Anexo 02,DividaConsolidada,DÍVIDA CONSOLIDADA - DC (I),Até o 3º Quadrimestre,7051309013.64,6904241,Maranhão
2016,3,MA,RGF-Anexo 02,DividaContratual,Dívida Contratual,SALDO DO EXERCÍCIO ANTERIOR,6361055897.03,6904241,Maranhão
2016,3,MA,RGF-Anexo 02,DividaContratual,Dívida Contratual,Até o 1º Quadrimestre,5987327845.34,6904241,Maranhão
2016,3,MA,RGF-Anexo 02,DividaContratual,Dívida Contratual,Até o 2º Quadrimestre,5906802768.09,6904241,Maranhão
2016,3,MA,RGF-Anexo 02,DividaContratual,Dívida Contratual,Até o 3º Quadrimestre,5948863939.29,6904241,Maranhão
2016,3,MA,RGF-Anexo 02,DividaConsolidadaLiquida,DÍVIDA CONSOLIDADA LÍQUIDA (DCL) (III) = (I - II),SALDO DO EXERCÍCIO ANTERIOR,6443795620.52,6904241,Maranhão
2016,3,MA,RGF-Anexo 02,DividaConsolidadaLiquida,DÍVIDA CONSOLIDADA LÍQUIDA (DCL) (III) = (I - II),Até o 1º Quadrimestre,5097073267.23,6904241,Maranhão
2016,3,MA,RGF-Anexo 02,DividaConsolidadaLiquida,DÍVIDA CONSOLIDADA LÍQUIDA (DCL) (III) = (I - II),Até o 2º Quadrimestre,4455144253.72,6904241,Maranhão
2016,3,MA,RGF-Anexo 02,DividaConsolidadaLiquida,DÍVIDA CONSOLIDADA LÍQUIDA (DCL) (III) = (I - II),Até o 3º Quadrimestre,5454289371.28,6904241,Maranhão
2017,1,MA,RGF-Anexo 01,DespesaComPessoalBruta,DESPESA BRUTA COM PESSOAL (I),"DESPESAS LIQUIDADAS 
(a)",6285848485.22,6954036,Maranhão
2017,1,MA,RGF-Anexo 01,DespesaComPessoalAtivoBruta,Pessoal Ativo,"DESPESAS LIQUIDADAS 
(a)",4408300709.23,6954036,Maranhão
2017,1,MA,RGF-Anexo 01,DespesaComPessoalInativoEPensionistasBruta,Pessoal Inativo e Pensionistas,"DESPESAS LIQUIDADAS 
(a)",1734252464.43,6954036,Maranhão
2017,1,MA,RGF-Anexo 01,DespesaComPessoalLiquida,DESPESA LÍQUIDA COM PESSOAL (III) = (I - II),"DESPESAS LIQUIDADAS 
(a)",4974985556.28,6954036,Maranhão
2017,1,MA,RGF-Anexo 01,ReceitaCorrenteLiquidaLimiteLegal,RECEITA CORRENTE LIQUIDA - RCL (IV),Valor,12860550166.11,6954036,Maranhão
2017,1,MA,RGF-Anexo 01,DespesaComPessoalTotal,DESPESA TOTAL COM PESSOAL - DTP (VII) = (IIIa + IIIb),Valor,4974985556.28,6954036,Maranhão
2017,1,MA,RGF-Anexo 01,DespesaComPessoalTotal,DESPESA TOTAL COM PESSOAL - DTP (VII) = (IIIa + IIIb),% sobre a RCL Ajustada,38.68,6954036,Maranhão
2017,1,MA,RGF-Anexo 02,DividaConsolidada,DÍVIDA CONSOLIDADA - DC (I),SALDO DO EXERCÍCIO ANTERIOR,7051309013.64,6954036,Maranhão
2017,1,MA,RGF-Anexo 02,DividaConsolidada,DÍVIDA CONSOLIDADA - DC (I),Até o 1º Quadrimestre,6787593246.03,6954036,Maranhão
2017,1,MA,RGF-Anexo 02,DividaContratual,Dívida Contratual,SALDO DO EXERCÍCIO ANTERIOR,5948863939.29,6954036,Maranhão
2017,1,MA,RGF-Anexo 02,DividaContratual,Dívida Contratual,Até o 1º Quadrimestre,5685148171.68,6954036,Maranhão
2017,1,MA,RGF-Anexo 02,DividaConsolidadaLiquida,DÍVIDA CONSOLIDADA LÍQUIDA (DCL) (III) = (I - II),SALDO DO EXERCÍCIO ANTERIOR,5454289371.28,6954036,Maranhão
2017,1,MA,RGF-Anexo 02,DividaConsolidadaLiquida,DÍVIDA CONSOLIDADA LÍQUIDA (DCL) (III) = (I - II),Até o 1º Quadrimestre,4264734373.12,6954036,Maranhão
2017,2,MA,RGF-Anexo 01,DespesaComPessoalBruta,DESPESA BRUTA COM PESSOAL (I),"DESPESAS LIQUIDADAS 
(a)",6438133030.11,6954036,Maranhão
2017,2,MA,RGF-Anexo 01,DespesaComPessoalAtivoBruta,Pessoal Ativo,"DESPESAS LIQUIDADAS 
(a)",4603540713.2,6954036,Maranhão
2017,2,MA,RGF-Anexo 01,DespesaComPessoalInativoEPensionistasBruta,Pessoal Inativo e Pensionistas,"DESPESAS LIQUIDADAS 
(a)",1810077949.75,6954036,Maranhão
2017,2,MA,RGF-Anexo 01,DespesaComPessoalLiquida,DESPESA LÍQUIDA COM PESSOAL (III) = (I - II),"DESPESAS LIQUIDADAS 
(a)",5096888098.56,6954036,Maranhão
2017,2,MA,RGF-Anexo 01,ReceitaCorrenteLiquidaLimiteLegal,RECEITA CORRENTE LIQUIDA - RCL (IV),Valor,12905924627.02,6954036,Maranhão
2017,2,MA,RGF-Anexo 01,DespesaComPessoalTotal,DESPESA TOTAL COM PESSOAL - DTP (VII) = (IIIa + IIIb),Valor,5096888098.56,6954036,Maranhão
2017,2,MA,RGF-Anexo 01,DespesaComPessoalTotal,DESPESA TOTAL COM PESSOAL - DTP (VII) = (IIIa + IIIb),% sobre a RCL Ajustada,39.49,6954036,Maranhão
2017,2,MA,RGF-Anexo 02,DividaConsolidada,DÍVIDA CONSOLIDADA - DC (I),SALDO DO EXERCÍCIO ANTERIOR,7051309013.64,6954036,Maranhão
2017,2,MA,RGF-Anexo 02,DividaConsolidada,DÍVIDA CONSOLIDADA - DC (I),Até o 1º Quadrimestre,6787593246.03,6954036,Maranhão
2017,2,MA,RGF-Anexo 02,DividaConsolidada,DÍVIDA CONSOLIDADA - DC (I),Até o 2º Quadrimestre,6752264144.8,6954036,Maranhão
2017,2,MA,RGF-Anexo 02,DividaContratual,Dívida Contratual,SALDO DO EXERCÍCIO ANTERIOR,5948863939.29,6954036,Maranhão
2017,2,MA,RGF-Anexo 02,DividaContratual,Dívida Contratual,Até o 1º Quadrimestre,5685148171.68,6954036,Maranhão
2017,2,MA,RGF-Anexo 02,DividaContratual,Dívida Contratual,Até o 2º Quadrimestre,5718916476.43,6954036,Maranhão
2017,2,MA,RGF-Anexo 02,DividaConsolidadaLiquida,DÍVIDA CONSOLIDADA LÍQUIDA (DCL) (III) = (I - II),SALDO DO EXERCÍCIO ANTERIOR,5454289371.28,6954036,Maranhão
2017,2,MA,RGF-Anexo 02,DividaConsolidadaLiquida,DÍVIDA CONSOLIDADA LÍQUIDA (DCL) (III) = (I - II),Até o 1º Quadrimestre,4264734373.12,6954036,Maranhão
2017,2,MA,RGF-Anexo 02,DividaConsolidadaLiquida,DÍVIDA CONSOLIDADA LÍQUIDA (DCL) (III) = (I - II),Até o 2º Quadrimestre,4571244203.6,6954036,Maranhão
2017,3,MA,RGF-Anexo 01,DespesaComPessoalBruta,DESPESA BRUTA COM PESSOAL (I),"DESPESAS LIQUIDADAS 
(a)",6638633793.45,6954036,Maranhão
2017,3,MA,RGF-Anexo 01,DespesaComPessoalBruta,DESPESA BRUTA COM PESSOAL (I),DESPESAS INSCRITAS EM RESTOS A PAGAR NÃO PROCESSADOS (b),4725204.9,6954036,Maranhão
2017,3,MA,RGF-Anexo 01,DespesaComPessoalAtivoBruta,Pessoal Ativo,"DESPESAS LIQUIDADAS 
(a)",4726899142.93,6954036,Maranhão
2017,3,MA,RGF-Anexo 01,DespesaComPessoalAtivoBruta,Pessoal Ativo,DESPESAS INSCRITAS EM RESTOS A PAGAR NÃO PROCESSADOS (b),4725204.9,6954036,Maranhão
2017,3,MA,RGF-Anexo 01,DespesaComPessoalInativoEPensionistasBruta,Pessoal Inativo e Pensionistas,"DESPESAS LIQUIDADAS 
(a)",1911138704.16,6954036,Maranhão
2017,3,MA,RGF-Anexo 01,DespesaComPessoalLiquida,DESPESA LÍQUIDA COM PESSOAL (III) = (I - II),"DESPESAS LIQUIDADAS 
(a)",5182817433.55,6954036,Maranhão
2017,3,MA,RGF-Anexo 01,DespesaComPessoalLiquida,DESPESA LÍQUIDA COM PESSOAL (III) = (I - II),DESPESAS INSCRITAS EM RESTOS A PAGAR NÃO PROCESSADOS (b),4725204.9,6954036,Maranhão
2017,3,MA,RGF-Anexo 01,ReceitaCorrenteLiquidaLimiteLegal,RECEITA CORRENTE LIQUIDA - RCL (IV),Valor,12536618595.33,6954036,Maranhão
2017,3,MA,RGF-Anexo 01,DespesaComPessoalTotal,DESPESA TOTAL COM PESSOAL - DTP (VII) = (IIIa + IIIb),Valor,5187542638.45,6954036,Maranhão
2017,3,MA,RGF-Anexo 01,DespesaComPessoalTotal,DESPESA TOTAL COM PESSOAL - DTP (VII) = (IIIa + IIIb),% sobre a RCL Ajustada,41.38,6954036,Maranhão
2017,3,MA,RGF-Anexo 02,DividaConsolidada,DÍVIDA CONSOLIDADA - DC (I),SALDO DO EXERCÍCIO ANTERIOR,7051309013.64,6954036,Maranhão
2017,3,MA,RGF-Anexo 02,DividaConsolidada,DÍVIDA CONSOLIDADA - DC (I),Até o 1º Quadrimestre,6787593246.03,6954036,Maranhão
2017,3,MA,RGF-Anexo 02,DividaConsolidada,DÍVIDA CONSOLIDADA - DC (I),Até o 2º Quadrimestre,6752264144.8,6954036,Maranhão
2017,3,MA,RGF-Anexo 02,DividaConsolidada,DÍVIDA CONSOLIDADA - DC (I),Até o 3º Quadrimestre,7197768744.13,6954036,Maranhão
2017,3,MA,RGF-Anexo 02,DividaContratual,Dívida Contratual,SALDO DO EXERCÍCIO ANTERIOR,5948863939.29,6954036,Maranhão
2017,3,MA,RGF-Anexo 02,DividaContratual,Dívida Contratual,Até o 1º Quadrimestre,5685148171.68,6954036,Maranhão
2017,3,MA,RGF-Anexo 02,DividaContratual,Dívida Contratual,Até o 2º Quadrimestre,5718916476.43,6954036,Maranhão
2017,3,MA,RGF-Anexo 02,DividaContratual,Dívida Contratual,Até o 3º Quadrimestre,5936628970.82,6954036,Maranhão
2017,3,MA,RGF-Anexo 02,DividaConsolidadaLiquida,DÍVIDA CONSOLIDADA LÍQUIDA (DCL) (III) = (I - II),SALDO DO EXERCÍCIO ANTERIOR,5454289371.28,6954036,Maranhão
2017,3,MA,RGF-Anexo 02,DividaConsolidadaLiquida,DÍVIDA CONSOLIDADA LÍQUIDA (DCL) (III) = (I - II),Até o 1º Quadrimestre,4264734373.12,6954036,Maranhão
2017,3,MA,RGF-Anexo 02,DividaConsolidadaLiquida,DÍVIDA CONSOLIDADA LÍQUIDA (DCL) (III) = (I - II),Até o 2º Quadrimestre,4571244203.6,6954036,Maranhão
2017,3,MA,RGF-Anexo 02,DividaConsolidadaLiquida,DÍVIDA CONSOLIDADA LÍQUIDA (DCL) (III) = (I - II),Até o 3º Quadrimestre,5487449666.98,6954036,Maranhão
2018,1,MA,RGF-Anexo 01,DespesaComPessoalBruta,DESPESA BRUTA COM PESSOAL (I),<MR-11>,543725966.63,6954036,Maranhão
2018,1,MA,RGF-Anexo 01,DespesaComPessoalBruta,DESPESA BRUTA COM PESSOAL (I),<MR-10>,752101669.27,6954036,Maranhão
2018,1,MA,RGF-Anexo 01,DespesaComPessoalBruta,DESPESA BRUTA COM PESSOAL (I),<MR-9>,515157541.79,6954036,Maranhão
2018,1,MA,RGF-Anexo 01,DespesaComPessoalBruta,DESPESA BRUTA COM PESSOAL (I),<MR-8>,534492601.56,6954036,Maranhão
2018,1,MA,RGF-Anexo 01,DespesaComPessoalBruta,DESPESA BRUTA COM PESSOAL (I),<MR-7>,469612760.99,6954036,Maranhão
2018,1,MA,RGF-Anexo 01,DespesaComPessoalBruta,DESPESA BRUTA COM PESSOAL (I),<MR-6>,718023720.08,6954036,Maranhão
2018,1,MA,RGF-Anexo 01,DespesaComPessoalBruta,DESPESA BRUTA COM PESSOAL (I),<MR-5>,454481021.81,6954036,Maranhão
2018,1,MA,RGF-Anexo 01,DespesaComPessoalBruta,DESPESA BRUTA COM PESSOAL (I),<MR-4>,919124565.48,6954036,Maranhão
2018,1,MA,RGF-Anexo 01,DespesaComPessoalBruta,DESPESA BRUTA COM PESSOAL (I),<MR-3>,481531769.63,6954036,Maranhão
2018,1,MA,RGF-Anexo 01,DespesaComPessoalBruta,DESPESA BRUTA COM PESSOAL (I),<MR-2>,483366845.1,6954036,Maranhão
2018,1,MA,RGF-Anexo 01,DespesaComPessoalBruta,DESPESA BRUTA COM PESSOAL (I),<MR-1>,648946052.68,6954036,Maranhão
2018,1,MA,RGF-Anexo 01,DespesaComPessoalBruta,DESPESA BRUTA COM PESSOAL (I),<MR>,476366393.34,6954036,Maranhão
2018,1,MA,RGF-Anexo 01,DespesaComPessoalBruta,DESPESA BRUTA COM PESSOAL (I),TOTAL (ÚLTIMOS 12 MESES) (a),6996930908.36,6954036,Maranhão
2018,1,MA,RGF-Anexo 01,DespesaComPessoalBruta,DESPESA BRUTA COM PESSOAL (I),INSCRITAS EM RESTOS A PAGAR NÃO PROCESSADOS (b),4725204.9,6954036,Maranhão
2018,1,MA,RGF-Anexo 01,DespesaComPessoalAtivoBruta,Pessoal Ativo,<MR-11>,395883051.1,6954036,Maranhão
2018,1,MA,RGF-Anexo 01,DespesaComPessoalAtivoBruta,Pessoal Ativo,<MR-10>,530760595.08,6954036,Maranhão
2018,1,MA,RGF-Anexo 01,DespesaComPessoalAtivoBruta,Pessoal Ativo,<MR-9>,366322622.22,6954036,Maranhão
2018,1,MA,RGF-Anexo 01,DespesaComPessoalAtivoBruta,Pessoal Ativo,<MR-8>,384856262.97,6954036,Maranhão
2018,1,MA,RGF-Anexo 01,DespesaComPessoalAtivoBruta,Pessoal Ativo,<MR-7>,320539452.38,6954036,Maranhão
2018,1,MA,RGF-Anexo 01,DespesaComPessoalAtivoBruta,Pessoal Ativo,<MR-6>,574272478.62,6954036,Maranhão
2018,1,MA,RGF-Anexo 01,DespesaComPessoalAtivoBruta,Pessoal Ativo,<MR-5>,298530168.42,6954036,Maranhão
2018,1,MA,RGF-Anexo 01,DespesaComPessoalAtivoBruta,Pessoal Ativo,<MR-4>,688057017.22,6954036,Maranhão
2018,1,MA,RGF-Anexo 01,DespesaComPessoalAtivoBruta,Pessoal Ativo,<MR-3>,330269952.85,6954036,Maranhão
2018,1,MA,RGF-Anexo 01,DespesaComPessoalAtivoBruta,Pessoal Ativo,<MR-2>,332107891.31,6954036,Maranhão
2018,1,MA,RGF-Anexo 01,DespesaComPessoalAtivoBruta,Pessoal Ativo,<MR-1>,490443695.83,6954036,Maranhão
2018,1,MA,RGF-Anexo 01,DespesaComPessoalAtivoBruta,Pessoal Ativo,<MR>,384668333.27,6954036,Maranhão
2018,1,MA,RGF-Anexo 01,DespesaComPessoalAtivoBruta,Pessoal Ativo,TOTAL (ÚLTIMOS 12 MESES) (a),5096711521.27,6954036,Maranhão
2018,1,MA,RGF-Anexo 01,DespesaComPessoalAtivoBruta,Pessoal Ativo,INSCRITAS EM RESTOS A PAGAR NÃO PROCESSADOS (b),4725204.9,6954036,Maranhão
2018,1,MA,RGF-Anexo 01,DespesaComPessoalInativoEPensionistasBruta,Pessoal Inativo e Pensionistas,<MR-11>,147668996.21,6954036,Maranhão
2018,1,MA,RGF-Anexo 01,DespesaComPessoalInativoEPensionistasBruta,Pessoal Inativo e Pensionistas,<MR-10>,221247719.09,6954036,Maranhão
2018,1,MA,RGF-Anexo 01,DespesaComPessoalInativoEPensionistasBruta,Pessoal Inativo e Pensionistas,<MR-9>,148580436.03,6954036,Maranhão
2018,1,MA,RGF-Anexo 01,DespesaComPessoalInativoEPensionistasBruta,Pessoal Inativo e Pensionistas,<MR-8>,149611811.9,6954036,Maranhão
2018,1,MA,RGF-Anexo 01,DespesaComPessoalInativoEPensionistasBruta,Pessoal Inativo e Pensionistas,<MR-7>,150141351.22,6954036,Maranhão
2018,1,MA,RGF-Anexo 01,DespesaComPessoalInativoEPensionistasBruta,Pessoal Inativo e Pensionistas,<MR-6>,143751241.46,6954036,Maranhão
2018,1,MA,RGF-Anexo 01,DespesaComPessoalInativoEPensionistasBruta,Pessoal Inativo e Pensionistas,<MR-5>,155950853.39,6954036,Maranhão
2018,1,MA,RGF-Anexo 01,DespesaComPessoalInativoEPensionistasBruta,Pessoal Inativo e Pensionistas,<MR-4>,231067548.26,6954036,Maranhão
2018,1,MA,RGF-Anexo 01,DespesaComPessoalInativoEPensionistasBruta,Pessoal Inativo e Pensionistas,<MR-3>,151261816.78,6954036,Maranhão
2018,1,MA,RGF-Anexo 01,DespesaComPessoalInativoEPensionistasBruta,Pessoal Inativo e Pensionistas,<MR-2>,151258953.79,6954036,Maranhão
2018,1,MA,RGF-Anexo 01,DespesaComPessoalInativoEPensionistasBruta,Pessoal Inativo e Pensionistas,<MR-1>,158502356.85,6954036,Maranhão
2018,1,MA,RGF-Anexo 01,DespesaComPessoalInativoEPensionistasBruta,Pessoal Inativo e Pensionistas,<MR>,91698060.07,6954036,Maranhão
2018,1,MA,RGF-Anexo 01,DespesaComPessoalInativoEPensionistasBruta,Pessoal Inativo e Pensionistas,TOTAL (ÚLTIMOS 12 MESES) (a),1900741145.05,6954036,Maranhão
2018,1,MA,RGF-Anexo 01,DespesaComPessoalLiquida,DESPESA LÍQUIDA COM PESSOAL (III) = (I - II),<MR-11>,431006037.06,6954036,Maranhão
2018,1,MA,RGF-Anexo 01,DespesaComPessoalLiquida,DESPESA LÍQUIDA COM PESSOAL (III) = (I - II),<MR-10>,585495391.73,6954036,Maranhão
2018,1,MA,RGF-Anexo 01,DespesaComPessoalLiquida,DESPESA LÍQUIDA COM PESSOAL (III) = (I - II),<MR-9>,402480530.24,6954036,Maranhão
2018,1,MA,RGF-Anexo 01,DespesaComPessoalLiquida,DESPESA LÍQUIDA COM PESSOAL (III) = (I - II),<MR-8>,420653632.4,6954036,Maranhão
2018,1,MA,RGF-Anexo 01,DespesaComPessoalLiquida,DESPESA LÍQUIDA COM PESSOAL (III) = (I - II),<MR-7>,355314831.03,6954036,Maranhão
2018,1,MA,RGF-Anexo 01,DespesaComPessoalLiquida,DESPESA LÍQUIDA COM PESSOAL (III) = (I - II),<MR-6>,603662637.3,6954036,Maranhão
2018,1,MA,RGF-Anexo 01,DespesaComPessoalLiquida,DESPESA LÍQUIDA COM PESSOAL (III) = (I - II),<MR-5>,339994496.0,6954036,Maranhão
2018,1,MA,RGF-Anexo 01,DespesaComPessoalLiquida,DESPESA LÍQUIDA COM PESSOAL (III) = (I - II),<MR-4>,746244021.94,6954036,Maranhão
2018,1,MA,RGF-Anexo 01,DespesaComPessoalLiquida,DESPESA LÍQUIDA COM PESSOAL (III) = (I - II),<MR-3>,367317288.74,6954036,Maranhão
2018,1,MA,RGF-Anexo 01,DespesaComPessoalLiquida,DESPESA LÍQUIDA COM PESSOAL (III) = (I - II),<MR-2>,368934140.67,6954036,Maranhão
2018,1,MA,RGF-Anexo 01,DespesaComPessoalLiquida,DESPESA LÍQUIDA COM PESSOAL (III) = (I - II),<MR-1>,528216249.29,6954036,Maranhão
2018,1,MA,RGF-Anexo 01,DespesaComPessoalLiquida,DESPESA LÍQUIDA COM PESSOAL (III) = (I - II),<MR>,378391440.37,6954036,Maranhão
2018,1,MA,RGF-Anexo 01,DespesaComPessoalLiquida,DESPESA LÍQUIDA COM PESSOAL (III) = (I - II),TOTAL (ÚLTIMOS 12 MESES) (a),5527710696.77,6954036,Maranhão
2018,1,MA,RGF-Anexo 01,DespesaComPessoalLiquida,DESPESA LÍQUIDA COM PESSOAL (III) = (I - II),INSCRITAS EM RESTOS A PAGAR NÃO PROCESSADOS (b),4725204.9,6954036,Maranhão
2018,1,MA,RGF-Anexo 01,ReceitaCorrenteLiquidaLimiteLegal,RECEITA CORRENTE LIQUIDA - RCL (IV),Valor,12783427991.99,6954036,Maranhão
2018,1,MA,RGF-Anexo 01,DespesaComPessoalTotal,DESPESA TOTAL COM PESSOAL - DTP (VII) = (IIIa + IIIb),Valor,5532435901.67,6954036,Maranhão
2018,1,MA,RGF-Anexo 01,DespesaComPessoalTotal,DESPESA TOTAL COM PESSOAL - DTP (VII) = (IIIa + IIIb),% sobre a RCL Ajustada,43.28,6954036,Maranhão
2018,1,MA,RGF-Anexo 02,DividaConsolidada,DÍVIDA CONSOLIDADA - DC (I),SALDO DO EXERCÍCIO ANTERIOR,7197768744.13,6954036,Maranhão
2018,1,MA,RGF-Anexo 02,DividaConsolidada,DÍVIDA CONSOLIDADA - DC (I),Até o 1º Quadrimestre,7466327746.02,6954036,Maranhão
2018,1,MA,RGF-Anexo 02,DividaContratual,Dívida Contratual,SALDO DO EXERCÍCIO ANTERIOR,5936628970.82,6954036,Maranhão
2018,1,MA,RGF-Anexo 02,DividaContratual,Dívida Contratual,Até o 1º Quadrimestre,6237055728.23,6954036,Maranhão
2018,1,MA,RGF-Anexo 02,DividaConsolidadaLiquida,DÍVIDA CONSOLIDADA LÍQUIDA (DCL) (III) = (I - II),SALDO DO EXERCÍCIO ANTERIOR,5487449666.98,6954036,Maranhão
2018,1,MA,RGF-Anexo 02,DividaConsolidadaLiquida,DÍVIDA CONSOLIDADA LÍQUIDA (DCL) (III) = (I - II),Até o 1º Quadrimestre,5844840841.82,6954036,Maranhão
2018,2,MA,RGF-Anexo 01,DespesaComPessoalBruta,DESPESA BRUTA COM PESSOAL (I),<MR-11>,466688390.19,6954036,Maranhão
2018,2,MA,RGF-Anexo 01,DespesaComPessoalBruta,DESPESA BRUTA COM PESSOAL (I),<MR-10>,667005051.15,6954036,Maranhão
2018,2,MA,RGF-Anexo 01,DespesaComPessoalBruta,DESPESA BRUTA COM PESSOAL (I),<MR-9>,447653957.97,6954036,Maranhão
2018,2,MA,RGF-Anexo 01,DespesaComPessoalBruta,DESPESA BRUTA COM PESSOAL (I),<MR-8>,948249741.84,6954036,Maranhão
2018,2,MA,RGF-Anexo 01,DespesaComPessoalBruta,DESPESA BRUTA COM PESSOAL (I),<MR-7>,481531769.63,6954036,Maranhão
2018,2,MA,RGF-Anexo 01,DespesaComPessoalBruta,DESPESA BRUTA COM PESSOAL (I),<MR-6>,479030873.89,6954036,Maranhão
2018,2,MA,RGF-Anexo 01,DespesaComPessoalBruta,DESPESA BRUTA COM PESSOAL (I),<MR-5>,648873763.39,6954036,Maranhão
2018,2,MA,RGF-Anexo 01,DespesaComPessoalBruta,DESPESA BRUTA COM PESSOAL (I),<MR-4>,457516548.54,6954036,Maranhão
2018,2,MA,RGF-Anexo 01,DespesaComPessoalBruta,DESPESA BRUTA COM PESSOAL (I),<MR-3>,580455934.08,6954036,Maranhão
2018,2,MA,RGF-Anexo 01,DespesaComPessoalBruta,DESPESA BRUTA COM PESSOAL (I),<MR-2>,847008918.09,6954036,Maranhão
2018,2,MA,RGF-Anexo 01,DespesaComPessoalBruta,DESPESA BRUTA COM PESSOAL (I),<MR-1>,554327315.95,6954036,Maranhão
2018,2,MA,RGF-Anexo 01,DespesaComPessoalBruta,DESPESA BRUTA COM PESSOAL (I),<MR>,589534723.19,6954036,Maranhão
2018,2,MA,RGF-Anexo 01,DespesaComPessoalBruta,DESPESA BRUTA COM PESSOAL (I),TOTAL (ÚLTIMOS 12 MESES) (a),7167876987.91,6954036,Maranhão
2018,2,MA,RGF-Anexo 01,DespesaComPessoalBruta,DESPESA BRUTA COM PESSOAL (I),INSCRITAS EM RESTOS A PAGAR NÃO PROCESSADOS (b),4725204.9,6954036,Maranhão
2018,2,MA,RGF-Anexo 01,DespesaComPessoalAtivoBruta,Pessoal Ativo,<MR-11>,317615022.36,6954036,Maranhão
2018,2,MA,RGF-Anexo 01,DespesaComPessoalAtivoBruta,Pessoal Ativo,<MR-10>,523253750.47,6954036,Maranhão
2018,2,MA,RGF-Anexo 01,DespesaComPessoalAtivoBruta,Pessoal Ativo,<MR-9>,291703045.36,6954036,Maranhão
2018,2,MA,RGF-Anexo 01,DespesaComPessoalAtivoBruta,Pessoal Ativo,<MR-8>,717182134.36,6954036,Maranhão
2018,2,MA,RGF-Anexo 01,DespesaComPessoalAtivoBruta,Pessoal Ativo,<MR-7>,330269893.63,6954036,Maranhão
2018,2,MA,RGF-Anexo 01,DespesaComPessoalAtivoBruta,Pessoal Ativo,<MR-6>,327771860.88,6954036,Maranhão
2018,2,MA,RGF-Anexo 01,DespesaComPessoalAtivoBruta,Pessoal Ativo,<MR-5>,490371348.73,6954036,Maranhão
2018,2,MA,RGF-Anexo 01,DespesaComPessoalAtivoBruta,Pessoal Ativo,<MR-4>,365818446.17,6954036,Maranhão
2018,2,MA,RGF-Anexo 01,DespesaComPessoalAtivoBruta,Pessoal Ativo,<MR-3>,398935122.26,6954036,Maranhão
2018,2,MA,RGF-Anexo 01,DespesaComPessoalAtivoBruta,Pessoal Ativo,<MR-2>,619052663.14,6954036,Maranhão
2018,2,MA,RGF-Anexo 01,DespesaComPessoalAtivoBruta,Pessoal Ativo,<MR-1>,403566343.84,6954036,Maranhão
2018,2,MA,RGF-Anexo 01,DespesaComPessoalAtivoBruta,Pessoal Ativo,<MR>,409159286.16,6954036,Maranhão
2018,2,MA,RGF-Anexo 01,DespesaComPessoalAtivoBruta,Pessoal Ativo,TOTAL (ÚLTIMOS 12 MESES) (a),5194698917.36,6954036,Maranhão
2018,2,MA,RGF-Anexo 01,DespesaComPessoalAtivoBruta,Pessoal Ativo,INSCRITAS EM RESTOS A PAGAR NÃO PROCESSADOS (b),4725204.9,6954036,Maranhão
2018,2,MA,RGF-Anexo 01,DespesaComPessoalInativoEPensionistasBruta,Pessoal Inativo e Pensionistas,<MR-11>,150141410.44,6954036,Maranhão
2018,2,MA,RGF-Anexo 01,DespesaComPessoalInativoEPensionistasBruta,Pessoal Inativo e Pensionistas,<MR-10>,143751300.68,6954036,Maranhão
2018,2,MA,RGF-Anexo 01,DespesaComPessoalInativoEPensionistasBruta,Pessoal Inativo e Pensionistas,<MR-9>,155950912.61,6954036,Maranhão
2018,2,MA,RGF-Anexo 01,DespesaComPessoalInativoEPensionistasBruta,Pessoal Inativo e Pensionistas,<MR-8>,231067607.48,6954036,Maranhão
2018,2,MA,RGF-Anexo 01,DespesaComPessoalInativoEPensionistasBruta,Pessoal Inativo e Pensionistas,<MR-7>,151261876.0,6954036,Maranhão
2018,2,MA,RGF-Anexo 01,DespesaComPessoalInativoEPensionistasBruta,Pessoal Inativo e Pensionistas,<MR-6>,151259013.01,6954036,Maranhão
2018,2,MA,RGF-Anexo 01,DespesaComPessoalInativoEPensionistasBruta,Pessoal Inativo e Pensionistas,<MR-5>,158502414.66,6954036,Maranhão
2018,2,MA,RGF-Anexo 01,DespesaComPessoalInativoEPensionistasBruta,Pessoal Inativo e Pensionistas,<MR-4>,91698102.37,6954036,Maranhão
2018,2,MA,RGF-Anexo 01,DespesaComPessoalInativoEPensionistasBruta,Pessoal Inativo e Pensionistas,<MR-3>,181520811.82,6954036,Maranhão
2018,2,MA,RGF-Anexo 01,DespesaComPessoalInativoEPensionistasBruta,Pessoal Inativo e Pensionistas,<MR-2>,227956254.95,6954036,Maranhão
2018,2,MA,RGF-Anexo 01,DespesaComPessoalInativoEPensionistasBruta,Pessoal Inativo e Pensionistas,<MR-1>,150760972.11,6954036,Maranhão
2018,2,MA,RGF-Anexo 01,DespesaComPessoalInativoEPensionistasBruta,Pessoal Inativo e Pensionistas,<MR>,180375437.03,6954036,Maranhão
2018,2,MA,RGF-Anexo 01,DespesaComPessoalInativoEPensionistasBruta,Pessoal Inativo e Pensionistas,TOTAL (ÚLTIMOS 12 MESES) (a),1974246113.16,6954036,Maranhão
2018,2,MA,RGF-Anexo 01,DespesaComPessoalLiquida,DESPESA LÍQUIDA COM PESSOAL (III) = (I - II),<MR-11>,352397299.97,6954036,Maranhão
2018,2,MA,RGF-Anexo 01,DespesaComPessoalLiquida,DESPESA LÍQUIDA COM PESSOAL (III) = (I - II),<MR-10>,552643968.37,6954036,Maranhão
2018,2,MA,RGF-Anexo 01,DespesaComPessoalLiquida,DESPESA LÍQUIDA COM PESSOAL (III) = (I - II),<MR-9>,333167432.16,6954036,Maranhão
2018,2,MA,RGF-Anexo 01,DespesaComPessoalLiquida,DESPESA LÍQUIDA COM PESSOAL (III) = (I - II),<MR-8>,775369198.3,6954036,Maranhão
2018,2,MA,RGF-Anexo 01,DespesaComPessoalLiquida,DESPESA LÍQUIDA COM PESSOAL (III) = (I - II),<MR-7>,367317288.74,6954036,Maranhão
2018,2,MA,RGF-Anexo 01,DespesaComPessoalLiquida,DESPESA LÍQUIDA COM PESSOAL (III) = (I - II),<MR-6>,364598169.46,6954036,Maranhão
2018,2,MA,RGF-Anexo 01,DespesaComPessoalLiquida,DESPESA LÍQUIDA COM PESSOAL (III) = (I - II),<MR-5>,528143960.0,6954036,Maranhão
2018,2,MA,RGF-Anexo 01,DespesaComPessoalLiquida,DESPESA LÍQUIDA COM PESSOAL (III) = (I - II),<MR-4>,359541595.57,6954036,Maranhão
2018,2,MA,RGF-Anexo 01,DespesaComPessoalLiquida,DESPESA LÍQUIDA COM PESSOAL (III) = (I - II),<MR-3>,435691912.35,6954036,Maranhão
2018,2,MA,RGF-Anexo 01,DespesaComPessoalLiquida,DESPESA LÍQUIDA COM PESSOAL (III) = (I - II),<MR-2>,663121122.99,6954036,Maranhão
2018,2,MA,RGF-Anexo 01,DespesaComPessoalLiquida,DESPESA LÍQUIDA COM PESSOAL (III) = (I - II),<MR-1>,427145120.56,6954036,Maranhão
2018,2,MA,RGF-Anexo 01,DespesaComPessoalLiquida,DESPESA LÍQUIDA COM PESSOAL (III) = (I - II),<MR>,446092202.05,6954036,Maranhão
2018,2,MA,RGF-Anexo 01,DespesaComPessoalLiquida,DESPESA LÍQUIDA COM PESSOAL (III) = (I - II),TOTAL (ÚLTIMOS 12 MESES) (a),5605229270.52,6954036,Maranhão
2018,2,MA,RGF-Anexo 01,DespesaComPessoalLiquida,DESPESA LÍQUIDA COM PESSOAL (III) = (I - II),INSCRITAS EM RESTOS A PAGAR NÃO PROCESSADOS (b),4725204.9,6954036,Maranhão
2018,2,MA,RGF-Anexo 01,ReceitaCorrenteLiquidaLimiteLegal,RECEITA CORRENTE LIQUIDA - RCL (IV),Valor,13142933350.42,6954036,Maranhão
2018,2,MA,RGF-Anexo 01,DespesaComPessoalTotal,DESPESA TOTAL COM PESSOAL - DTP (VII) = (IIIa + IIIb),Valor,5609954475.42,6954036,Maranhão
2018,2,MA,RGF-Anexo 01,DespesaComPessoalTotal,DESPESA TOTAL COM PESSOAL - DTP (VII) = (IIIa + IIIb),% sobre a RCL Ajustada,42.69,6954036,Maranhão
2018,2,MA,RGF-Anexo 02,DividaConsolidada,DÍVIDA CONSOLIDADA - DC (I),SALDO DO EXERCÍCIO ANTERIOR,7197768744.13,6954036,Maranhão
2018,2,MA,RGF-Anexo 02,DividaConsolidada,DÍVIDA CONSOLIDADA - DC (I),Até o 1º Quadrimestre,7466327746.02,6954036,Maranhão
2018,2,MA,RGF-Anexo 02,DividaConsolidada,DÍVIDA CONSOLIDADA - DC (I),Até o 2º Quadrimestre,7709099379.03,6954036,Maranhão
2018,2,MA,RGF-Anexo 02,DividaContratual,Dívida Contratual,SALDO DO EXERCÍCIO ANTERIOR,5936628970.82,6954036,Maranhão
2018,2,MA,RGF-Anexo 02,DividaContratual,Dívida Contratual,Até o 1º Quadrimestre,6237055728.23,6954036,Maranhão
2018,2,MA,RGF-Anexo 02,DividaContratual,Dívida Contratual,Até o 2º Quadrimestre,6542568439.46,6954036,Maranhão
2018,2,MA,RGF-Anexo 02,DividaConsolidadaLiquida,DÍVIDA CONSOLIDADA LÍQUIDA (DCL) (III) = (I - II),SALDO DO EXERCÍCIO ANTERIOR,5487449666.98,6954036,Maranhão
2018,2,MA,RGF-Anexo 02,DividaConsolidadaLiquida,DÍVIDA CONSOLIDADA LÍQUIDA (DCL) (III) = (I - II),Até o 1º Quadrimestre,5844840841.82,6954036,Maranhão
2018,2,MA,RGF-Anexo 02,DividaConsolidadaLiquida,DÍVIDA CONSOLIDADA LÍQUIDA (DCL) (III) = (I - II),Até o 2º Quadrimestre,6164499426.56,6954036,Maranhão
2018,3,MA,RGF-Anexo 01,DespesaComPessoalBruta,DESPESA BRUTA COM PESSOAL (I),<MR-11>,481531769.63,6954036,Maranhão
2018,3,MA,RGF-Anexo 01,DespesaComPessoalBruta,DESPESA BRUTA COM PESSOAL (I),<MR-10>,479030873.89,6954036,Maranhão
2018,3,MA,RGF-Anexo 01,DespesaComPessoalBruta,DESPESA BRUTA COM PESSOAL (I),<MR-9>,648873763.39,6954036,Maranhão
2018,3,MA,RGF-Anexo 01,DespesaComPessoalBruta,DESPESA BRUTA COM PESSOAL (I),<MR-8>,457516548.54,6954036,Maranhão
2018,3,MA,RGF-Anexo 01,DespesaComPessoalBruta,DESPESA BRUTA COM PESSOAL (I),<MR-7>,580455934.08,6954036,Maranhão
2018,3,MA,RGF-Anexo 01,DespesaComPessoalBruta,DESPESA BRUTA COM PESSOAL (I),<MR-6>,847008918.09,6954036,Maranhão
2018,3,MA,RGF-Anexo 01,DespesaComPessoalBruta,DESPESA BRUTA COM PESSOAL (I),<MR-5>,554327315.95,6954036,Maranhão
2018,3,MA,RGF-Anexo 01,DespesaComPessoalBruta,DESPESA BRUTA COM PESSOAL (I),<MR-4>,589534723.19,6954036,Maranhão
2018,3,MA,RGF-Anexo 01,DespesaComPessoalBruta,DESPESA BRUTA COM PESSOAL (I),<MR-3>,582421405.37,6954036,Maranhão
2018,3,MA,RGF-Anexo 01,DespesaComPessoalBruta,DESPESA BRUTA COM PESSOAL (I),<MR-2>,509150702.18,6954036,Maranhão
2018,3,MA,RGF-Anexo 01,DespesaComPessoalBruta,DESPESA BRUTA COM PESSOAL (I),<MR-1>,716495878.53,6954036,Maranhão
2018,3,MA,RGF-Anexo 01,DespesaComPessoalBruta,DESPESA BRUTA COM PESSOAL (I),<MR>,1255255071.91,6954036,Maranhão
2018,3,MA,RGF-Anexo 01,DespesaComPessoalBruta,DESPESA BRUTA COM PESSOAL (I),TOTAL (ÚLTIMOS 12 MESES) (a),7701602904.75,6954036,Maranhão
2018,3,MA,RGF-Anexo 01,DespesaComPessoalBruta,DESPESA BRUTA COM PESSOAL (I),INSCRITAS EM RESTOS A PAGAR NÃO PROCESSADOS (b),227973.41,6954036,Maranhão
2018,3,MA,RGF-Anexo 01,DespesaComPessoalAtivoBruta,Pessoal Ativo,<MR-11>,330269893.63,6954036,Maranhão
2018,3,MA,RGF-Anexo 01,DespesaComPessoalAtivoBruta,Pessoal Ativo,<MR-10>,327771860.88,6954036,Maranhão
2018,3,MA,RGF-Anexo 01,DespesaComPessoalAtivoBruta,Pessoal Ativo,<MR-9>,490371348.73,6954036,Maranhão
2018,3,MA,RGF-Anexo 01,DespesaComPessoalAtivoBruta,Pessoal Ativo,<MR-8>,365818446.17,6954036,Maranhão
2018,3,MA,RGF-Anexo 01,DespesaComPessoalAtivoBruta,Pessoal Ativo,<MR-7>,398935122.26,6954036,Maranhão
2018,3,MA,RGF-Anexo 01,DespesaComPessoalAtivoBruta,Pessoal Ativo,<MR-6>,619052663.14,6954036,Maranhão
2018,3,MA,RGF-Anexo 01,DespesaComPessoalAtivoBruta,Pessoal Ativo,<MR-5>,403566343.84,6954036,Maranhão
2018,3,MA,RGF-Anexo 01,DespesaComPessoalAtivoBruta,Pessoal Ativo,<MR-4>,409159286.16,6954036,Maranhão
2018,3,MA,RGF-Anexo 01,DespesaComPessoalAtivoBruta,Pessoal Ativo,<MR-3>,431787524.98,6954036,Maranhão
2018,3,MA,RGF-Anexo 01,DespesaComPessoalAtivoBruta,Pessoal Ativo,<MR-2>,329316214.2,6954036,Maranhão
2018,3,MA,RGF-Anexo 01,DespesaComPessoalAtivoBruta,Pessoal Ativo,<MR-1>,547390406.67,6954036,Maranhão
2018,3,MA,RGF-Anexo 01,DespesaComPessoalAtivoBruta,Pessoal Ativo,<MR>,947037673.74,6954036,Maranhão
2018,3,MA,RGF-Anexo 01,DespesaComPessoalAtivoBruta,Pessoal Ativo,TOTAL (ÚLTIMOS 12 MESES) (a),5600476784.4,6954036,Maranhão
2018,3,MA,RGF-Anexo 01,DespesaComPessoalAtivoBruta,Pessoal Ativo,INSCRITAS EM RESTOS A PAGAR NÃO PROCESSADOS (b),227973.41,6954036,Maranhão
2018,3,MA,RGF-Anexo 01,DespesaComPessoalInativoEPensionistasBruta,Pessoal Inativo e Pensionistas,<MR-11>,151261876.0,6954036,Maranhão
2018,3,MA,RGF-Anexo 01,DespesaComPessoalInativoEPensionistasBruta,Pessoal Inativo e Pensionistas,<MR-10>,151259013.01,6954036,Maranhão
2018,3,MA,RGF-Anexo 01,DespesaComPessoalInativoEPensionistasBruta,Pessoal Inativo e Pensionistas,<MR-9>,158502414.66,6954036,Maranhão
2018,3,MA,RGF-Anexo 01,DespesaComPessoalInativoEPensionistasBruta,Pessoal Inativo e Pensionistas,<MR-8>,91698102.37,6954036,Maranhão
2018,3,MA,RGF-Anexo 01,DespesaComPessoalInativoEPensionistasBruta,Pessoal Inativo e Pensionistas,<MR-7>,181520811.82,6954036,Maranhão
2018,3,MA,RGF-Anexo 01,DespesaComPessoalInativoEPensionistasBruta,Pessoal Inativo e Pensionistas,<MR-6>,227956254.95,6954036,Maranhão
2018,3,MA,RGF-Anexo 01,DespesaComPessoalInativoEPensionistasBruta,Pessoal Inativo e Pensionistas,<MR-5>,150760972.11,6954036,Maranhão
2018,3,MA,RGF-Anexo 01,DespesaComPessoalInativoEPensionistasBruta,Pessoal Inativo e Pensionistas,<MR-4>,180375437.03,6954036,Maranhão
2018,3,MA,RGF-Anexo 01,DespesaComPessoalInativoEPensionistasBruta,Pessoal Inativo e Pensionistas,<MR-3>,150633880.39,6954036,Maranhão
2018,3,MA,RGF-Anexo 01,DespesaComPessoalInativoEPensionistasBruta,Pessoal Inativo e Pensionistas,<MR-2>,179834487.98,6954036,Maranhão
2018,3,MA,RGF-Anexo 01,DespesaComPessoalInativoEPensionistasBruta,Pessoal Inativo e Pensionistas,<MR-1>,169105471.86,6954036,Maranhão
2018,3,MA,RGF-Anexo 01,DespesaComPessoalInativoEPensionistasBruta,Pessoal Inativo e Pensionistas,<MR>,308217398.17,6954036,Maranhão
2018,3,MA,RGF-Anexo 01,DespesaComPessoalInativoEPensionistasBruta,Pessoal Inativo e Pensionistas,TOTAL (ÚLTIMOS 12 MESES) (a),2101126120.35,6954036,Maranhão
2018,3,MA,RGF-Anexo 01,DespesaComPessoalLiquida,DESPESA LÍQUIDA COM PESSOAL (III) = (I - II),<MR-11>,367317288.74,6954036,Maranhão
2018,3,MA,RGF-Anexo 01,DespesaComPessoalLiquida,DESPESA LÍQUIDA COM PESSOAL (III) = (I - II),<MR-10>,364598169.46,6954036,Maranhão
2018,3,MA,RGF-Anexo 01,DespesaComPessoalLiquida,DESPESA LÍQUIDA COM PESSOAL (III) = (I - II),<MR-9>,528143960.0,6954036,Maranhão
2018,3,MA,RGF-Anexo 01,DespesaComPessoalLiquida,DESPESA LÍQUIDA COM PESSOAL (III) = (I - II),<MR-8>,368188724.13,6954036,Maranhão
2018,3,MA,RGF-Anexo 01,DespesaComPessoalLiquida,DESPESA LÍQUIDA COM PESSOAL (III) = (I - II),<MR-7>,435691912.35,6954036,Maranhão
2018,3,MA,RGF-Anexo 01,DespesaComPessoalLiquida,DESPESA LÍQUIDA COM PESSOAL (III) = (I - II),<MR-6>,663121122.99,6954036,Maranhão
2018,3,MA,RGF-Anexo 01,DespesaComPessoalLiquida,DESPESA LÍQUIDA COM PESSOAL (III) = (I - II),<MR-5>,427145120.56,6954036,Maranhão
2018,3,MA,RGF-Anexo 01,DespesaComPessoalLiquida,DESPESA LÍQUIDA COM PESSOAL (III) = (I - II),<MR-4>,447329205.39,6954036,Maranhão
2018,3,MA,RGF-Anexo 01,DespesaComPessoalLiquida,DESPESA LÍQUIDA COM PESSOAL (III) = (I - II),<MR-3>,470123906.33,6954036,Maranhão
2018,3,MA,RGF-Anexo 01,DespesaComPessoalLiquida,DESPESA LÍQUIDA COM PESSOAL (III) = (I - II),<MR-2>,365593529.64,6954036,Maranhão
2018,3,MA,RGF-Anexo 01,DespesaComPessoalLiquida,DESPESA LÍQUIDA COM PESSOAL (III) = (I - II),<MR-1>,650727163.24,6954036,Maranhão
2018,3,MA,RGF-Anexo 01,DespesaComPessoalLiquida,DESPESA LÍQUIDA COM PESSOAL (III) = (I - II),<MR>,1137851026.91,6954036,Maranhão
2018,3,MA,RGF-Anexo 01,DespesaComPessoalLiquida,DESPESA LÍQUIDA COM PESSOAL (III) = (I - II),TOTAL (ÚLTIMOS 12 MESES) (a),6225831129.74,6954036,Maranhão
2018,3,MA,RGF-Anexo 01,DespesaComPessoalLiquida,DESPESA LÍQUIDA COM PESSOAL (III) = (I - II),INSCRITAS EM RESTOS A PAGAR NÃO PROCESSADOS (b),151734.91,6954036,Maranhão
2018,3,MA,RGF-Anexo 01,ReceitaCorrenteLiquidaLimiteLegal,RECEITA CORRENTE LIQUIDA - RCL (IV),Valor,13294049568.66,6954036,Maranhão
2018,3,MA,RGF-Anexo 01,DespesaComPessoalTotal,DESPESA TOTAL COM PESSOAL - DTP (VII) = (IIIa + IIIb),Valor,6225982864.65,6954036,Maranhão
2018,3,MA,RGF-Anexo 01,DespesaComPessoalTotal,DESPESA TOTAL COM PESSOAL - DTP (VII) = (IIIa + IIIb),% sobre a RCL Ajustada,46.83,6954036,Maranhão
2018,3,MA,RGF-Anexo 02,DividaConsolidada,DÍVIDA CONSOLIDADA - DC (I),SALDO DO EXERCÍCIO ANTERIOR,7197768744.13,6954036,Maranhão
2018,3,MA,RGF-Anexo 02,DividaConsolidada,DÍVIDA CONSOLIDADA - DC (I),Até o 1º Quadrimestre,7466327746.02,6954036,Maranhão
2018,3,MA,RGF-Anexo 02,DividaConsolidada,DÍVIDA CONSOLIDADA - DC (I),Até o 2º Quadrimestre,7709099379.03,6954036,Maranhão
2018,3,MA,RGF-Anexo 02,DividaConsolidada,DÍVIDA CONSOLIDADA - DC (I),Até o 3º Quadrimestre,7705768037.61,6954036,Maranhão
2018,3,MA,RGF-Anexo 02,DividaContratual,Dívida Contratual,SALDO DO EXERCÍCIO ANTERIOR,5936628970.82,6954036,Maranhão
2018,3,MA,RGF-Anexo 02,DividaContratual,Dívida Contratual,Até o 1º Quadrimestre,6237055728.23,6954036,Maranhão
2018,3,MA,RGF-Anexo 02,DividaContratual,Dívida Contratual,Até o 2º Quadrimestre,6542568439.46,6954036,Maranhão
2018,3,MA,RGF-Anexo 02,DividaContratual,Dívida Contratual,Até o 3º Quadrimestre,6413107219.55,6954036,Maranhão
2018,3,MA,RGF-Anexo 02,DividaConsolidadaLiquida,DÍVIDA CONSOLIDADA LÍQUIDA (DCL) (III) = (I - II),SALDO DO EXERCÍCIO ANTERIOR,5487449666.98,6954036,Maranhão
2018,3,MA,RGF-Anexo 02,DividaConsolidadaLiquida,DÍVIDA CONSOLIDADA LÍQUIDA (DCL) (III) = (I - II),Até o 1º Quadrimestre,5844840841.82,6954036,Maranhão
2018,3,MA,RGF-Anexo 02,DividaConsolidadaLiquida,DÍVIDA CONSOLIDADA LÍQUIDA (DCL) (III) = (I - II),Até o 2º Quadrimestre,6164499426.56,6954036,Maranhão
2018,3,MA,RGF-Anexo 02,DividaConsolidadaLiquida,DÍVIDA CONSOLIDADA LÍQUIDA (DCL) (III) = (I - II),Até o 3º Quadrimestre,7144367665.42,6954036,Maranhão
2019,1,MA,RGF-Anexo 01,DespesaComPessoalBruta,DESPESA BRUTA COM PESSOAL (I),<MR-11>,580455934.08,7035055,Maranhão
2019,1,MA,RGF-Anexo 01,DespesaComPessoalBruta,DESPESA BRUTA COM PESSOAL (I),<MR-10>,847008918.09,7035055,Maranhão
2019,1,MA,RGF-Anexo 01,DespesaComPessoalBruta,DESPESA BRUTA COM PESSOAL (I),<MR-9>,554327315.95,7035055,Maranhão
2019,1,MA,RGF-Anexo 01,DespesaComPessoalBruta,DESPESA BRUTA COM PESSOAL (I),<MR-8>,589534723.19,7035055,Maranhão
2019,1,MA,RGF-Anexo 01,DespesaComPessoalBruta,DESPESA BRUTA COM PESSOAL (I),<MR-7>,582421405.37,7035055,Maranhão
2019,1,MA,RGF-Anexo 01,DespesaComPessoalBruta,DESPESA BRUTA COM PESSOAL (I),<MR-6>,509150702.18,7035055,Maranhão
2019,1,MA,RGF-Anexo 01,DespesaComPessoalBruta,DESPESA BRUTA COM PESSOAL (I),<MR-5>,716495878.53,7035055,Maranhão
2019,1,MA,RGF-Anexo 01,DespesaComPessoalBruta,DESPESA BRUTA COM PESSOAL (I),<MR-4>,1255255071.91,7035055,Maranhão
2019,1,MA,RGF-Anexo 01,DespesaComPessoalBruta,DESPESA BRUTA COM PESSOAL (I),<MR-3>,437882053.73,7035055,Maranhão
2019,1,MA,RGF-Anexo 01,DespesaComPessoalBruta,DESPESA BRUTA COM PESSOAL (I),<MR-2>,541163959.51,7035055,Maranhão
2019,1,MA,RGF-Anexo 01,DespesaComPessoalBruta,DESPESA BRUTA COM PESSOAL (I),<MR-1>,508922618.18,7035055,Maranhão
2019,1,MA,RGF-Anexo 01,DespesaComPessoalBruta,DESPESA BRUTA COM PESSOAL (I),<MR>,271414223.63,7035055,Maranhão
2019,1,MA,RGF-Anexo 01,DespesaComPessoalBruta,DESPESA BRUTA COM PESSOAL (I),TOTAL (ÚLTIMOS 12 MESES) (a),7394032804.35,7035055,Maranhão
2019,1,MA,RGF-Anexo 01,DespesaComPessoalBruta,DESPESA BRUTA COM PESSOAL (I),INSCRITAS EM RESTOS A PAGAR NÃO PROCESSADOS (b),227973.41,7035055,Maranhão
2019,1,MA,RGF-Anexo 01,DespesaComPessoalAtivoBruta,Pessoal Ativo,<MR-11>,398935122.26,7035055,Maranhão
2019,1,MA,RGF-Anexo 01,DespesaComPessoalAtivoBruta,Pessoal Ativo,<MR-10>,619052663.14,7035055,Maranhão
2019,1,MA,RGF-Anexo 01,DespesaComPessoalAtivoBruta,Pessoal Ativo,<MR-9>,403566343.84,7035055,Maranhão
2019,1,MA,RGF-Anexo 01,DespesaComPessoalAtivoBruta,Pessoal Ativo,<MR-8>,409159286.16,7035055,Maranhão
2019,1,MA,RGF-Anexo 01,DespesaComPessoalAtivoBruta,Pessoal Ativo,<MR-7>,431787524.98,7035055,Maranhão
2019,1,MA,RGF-Anexo 01,DespesaComPessoalAtivoBruta,Pessoal Ativo,<MR-6>,329316214.2,7035055,Maranhão
2019,1,MA,RGF-Anexo 01,DespesaComPessoalAtivoBruta,Pessoal Ativo,<MR-5>,547390406.67,7035055,Maranhão
2019,1,MA,RGF-Anexo 01,DespesaComPessoalAtivoBruta,Pessoal Ativo,<MR-4>,947037673.74,7035055,Maranhão
2019,1,MA,RGF-Anexo 01,DespesaComPessoalAtivoBruta,Pessoal Ativo,<MR-3>,268294545.5,7035055,Maranhão
2019,1,MA,RGF-Anexo 01,DespesaComPessoalAtivoBruta,Pessoal Ativo,<MR-2>,368343734.05,7035055,Maranhão
2019,1,MA,RGF-Anexo 01,DespesaComPessoalAtivoBruta,Pessoal Ativo,<MR-1>,372515377.9,7035055,Maranhão
2019,1,MA,RGF-Anexo 01,DespesaComPessoalAtivoBruta,Pessoal Ativo,<MR>,162900962.87,7035055,Maranhão
2019,1,MA,RGF-Anexo 01,DespesaComPessoalAtivoBruta,Pessoal Ativo,TOTAL (ÚLTIMOS 12 MESES) (a),5258299855.31,7035055,Maranhão
2019,1,MA,RGF-Anexo 01,DespesaComPessoalAtivoBruta,Pessoal Ativo,INSCRITAS EM RESTOS A PAGAR NÃO PROCESSADOS (b),227973.41,7035055,Maranhão
2019,1,MA,RGF-Anexo 01,DespesaComPessoalInativoEPensionistasBruta,Pessoal Inativo e Pensionistas,<MR-11>,181520811.82,7035055,Maranhão
2019,1,MA,RGF-Anexo 01,DespesaComPessoalInativoEPensionistasBruta,Pessoal Inativo e Pensionistas,<MR-10>,227956254.95,7035055,Maranhão
2019,1,MA,RGF-Anexo 01,DespesaComPessoalInativoEPensionistasBruta,Pessoal Inativo e Pensionistas,<MR-9>,150760972.11,7035055,Maranhão
2019,1,MA,RGF-Anexo 01,DespesaComPessoalInativoEPensionistasBruta,Pessoal Inativo e Pensionistas,<MR-8>,180375437.03,7035055,Maranhão
2019,1,MA,RGF-Anexo 01,DespesaComPessoalInativoEPensionistasBruta,Pessoal Inativo e Pensionistas,<MR-7>,150633880.39,7035055,Maranhão
2019,1,MA,RGF-Anexo 01,DespesaComPessoalInativoEPensionistasBruta,Pessoal Inativo e Pensionistas,<MR-6>,179834487.98,7035055,Maranhão
2019,1,MA,RGF-Anexo 01,DespesaComPessoalInativoEPensionistasBruta,Pessoal Inativo e Pensionistas,<MR-5>,169105471.86,7035055,Maranhão
2019,1,MA,RGF-Anexo 01,DespesaComPessoalInativoEPensionistasBruta,Pessoal Inativo e Pensionistas,<MR-4>,308217398.17,7035055,Maranhão
2019,1,MA,RGF-Anexo 01,DespesaComPessoalInativoEPensionistasBruta,Pessoal Inativo e Pensionistas,<MR-3>,169587508.23,7035055,Maranhão
2019,1,MA,RGF-Anexo 01,DespesaComPessoalInativoEPensionistasBruta,Pessoal Inativo e Pensionistas,<MR-2>,172820225.46,7035055,Maranhão
2019,1,MA,RGF-Anexo 01,DespesaComPessoalInativoEPensionistasBruta,Pessoal Inativo e Pensionistas,<MR-1>,136407240.28,7035055,Maranhão
2019,1,MA,RGF-Anexo 01,DespesaComPessoalInativoEPensionistasBruta,Pessoal Inativo e Pensionistas,<MR>,108513260.76,7035055,Maranhão
2019,1,MA,RGF-Anexo 01,DespesaComPessoalInativoEPensionistasBruta,Pessoal Inativo e Pensionistas,TOTAL (ÚLTIMOS 12 MESES) (a),2135732949.04,7035055,Maranhão
2019,1,MA,RGF-Anexo 01,DespesaComPessoalLiquida,DESPESA LÍQUIDA COM PESSOAL (III) = (I - II),<MR-11>,435691912.35,7035055,Maranhão
2019,1,MA,RGF-Anexo 01,DespesaComPessoalLiquida,DESPESA LÍQUIDA COM PESSOAL (III) = (I - II),<MR-10>,663121122.99,7035055,Maranhão
2019,1,MA,RGF-Anexo 01,DespesaComPessoalLiquida,DESPESA LÍQUIDA COM PESSOAL (III) = (I - II),<MR-9>,427145120.56,7035055,Maranhão
2019,1,MA,RGF-Anexo 01,DespesaComPessoalLiquida,DESPESA LÍQUIDA COM PESSOAL (III) = (I - II),<MR-8>,447329205.39,7035055,Maranhão
2019,1,MA,RGF-Anexo 01,DespesaComPessoalLiquida,DESPESA LÍQUIDA COM PESSOAL (III) = (I - II),<MR-7>,470123906.33,7035055,Maranhão
2019,1,MA,RGF-Anexo 01,DespesaComPessoalLiquida,DESPESA LÍQUIDA COM PESSOAL (III) = (I - II),<MR-6>,365593529.64,7035055,Maranhão
2019,1,MA,RGF-Anexo 01,DespesaComPessoalLiquida,DESPESA LÍQUIDA COM PESSOAL (III) = (I - II),<MR-5>,650727163.24,7035055,Maranhão
2019,1,MA,RGF-Anexo 01,DespesaComPessoalLiquida,DESPESA LÍQUIDA COM PESSOAL (III) = (I - II),<MR-4>,1137851026.91,7035055,Maranhão
2019,1,MA,RGF-Anexo 01,DespesaComPessoalLiquida,DESPESA LÍQUIDA COM PESSOAL (III) = (I - II),<MR-3>,307538746.0,7035055,Maranhão
2019,1,MA,RGF-Anexo 01,DespesaComPessoalLiquida,DESPESA LÍQUIDA COM PESSOAL (III) = (I - II),<MR-2>,407878533.95,7035055,Maranhão
2019,1,MA,RGF-Anexo 01,DespesaComPessoalLiquida,DESPESA LÍQUIDA COM PESSOAL (III) = (I - II),<MR-1>,372384392.3,7035055,Maranhão
2019,1,MA,RGF-Anexo 01,DespesaComPessoalLiquida,DESPESA LÍQUIDA COM PESSOAL (III) = (I - II),<MR>,158853036.15,7035055,Maranhão
2019,1,MA,RGF-Anexo 01,DespesaComPessoalLiquida,DESPESA LÍQUIDA COM PESSOAL (III) = (I - II),TOTAL (ÚLTIMOS 12 MESES) (a),5844237695.81,7035055,Maranhão
2019,1,MA,RGF-Anexo 01,DespesaComPessoalLiquida,DESPESA LÍQUIDA COM PESSOAL (III) = (I - II),INSCRITAS EM RESTOS A PAGAR NÃO PROCESSADOS (b),151735.11,7035055,Maranhão
2019,1,MA,RGF-Anexo 01,ReceitaCorrenteLiquidaLimiteLegal,RECEITA CORRENTE LIQUIDA - RCL (IV),Valor,13348715894.19,7035055,Maranhão
2019,1,MA,RGF-Anexo 01,DespesaComPessoalTotal,DESPESA TOTAL COM PESSOAL - DTP (VII) = (IIIa + IIIb),Valor,5844389430.92,7035055,Maranhão
2019,1,MA,RGF-Anexo 01,DespesaComPessoalTotal,DESPESA TOTAL COM PESSOAL - DTP (VII) = (IIIa + IIIb),% sobre a RCL Ajustada,43.78,7035055,Maranhão
2019,1,MA,RGF-Anexo 02,DividaConsolidada,DÍVIDA CONSOLIDADA - DC (I),SALDO DO EXERCÍCIO ANTERIOR,7705768037.61,7035055,Maranhão
2019,1,MA,RGF-Anexo 02,DividaConsolidada,DÍVIDA CONSOLIDADA - DC (I),Até o 1º Quadrimestre,7620570476.26,7035055,Maranhão
2019,1,MA,RGF-Anexo 02,DividaContratual,Dívida Contratual,SALDO DO EXERCÍCIO ANTERIOR,6413107219.55,7035055,Maranhão
2019,1,MA,RGF-Anexo 02,DividaContratual,Dívida Contratual,Até o 1º Quadrimestre,6327909658.2,7035055,Maranhão
2019,1,MA,RGF-Anexo 02,DividaConsolidadaLiquida,DÍVIDA CONSOLIDADA LÍQUIDA (DCL) (III) = (I - II),SALDO DO EXERCÍCIO ANTERIOR,7144367665.42,7035055,Maranhão
2019,1,MA,RGF-Anexo 02,DividaConsolidadaLiquida,DÍVIDA CONSOLIDADA LÍQUIDA (DCL) (III) = (I - II),Até o 1º Quadrimestre,5393054805.31,7035055,Maranhão
2019,2,MA,RGF-Anexo 01,DespesaComPessoalBruta,DESPESA BRUTA COM PESSOAL (I),<MR-11>,582421405.37,7035055,Maranhão
2019,2,MA,RGF-Anexo 01,DespesaComPessoalBruta,DESPESA BRUTA COM PESSOAL (I),<MR-10>,509150702.18,7035055,Maranhão
2019,2,MA,RGF-Anexo 01,DespesaComPessoalBruta,DESPESA BRUTA COM PESSOAL (I),<MR-9>,716495878.53,7035055,Maranhão
2019,2,MA,RGF-Anexo 01,DespesaComPessoalBruta,DESPESA BRUTA COM PESSOAL (I),<MR-8>,1255255071.91,7035055,Maranhão
2019,2,MA,RGF-Anexo 01,DespesaComPessoalBruta,DESPESA BRUTA COM PESSOAL (I),<MR-7>,573963172.22,7035055,Maranhão
2019,2,MA,RGF-Anexo 01,DespesaComPessoalBruta,DESPESA BRUTA COM PESSOAL (I),<MR-6>,543047344.96,7035055,Maranhão
2019,2,MA,RGF-Anexo 01,DespesaComPessoalBruta,DESPESA BRUTA COM PESSOAL (I),<MR-5>,510805670.95,7035055,Maranhão
2019,2,MA,RGF-Anexo 01,DespesaComPessoalBruta,DESPESA BRUTA COM PESSOAL (I),<MR-4>,273296397.25,7035055,Maranhão
2019,2,MA,RGF-Anexo 01,DespesaComPessoalBruta,DESPESA BRUTA COM PESSOAL (I),<MR-3>,617855257.51,7035055,Maranhão
2019,2,MA,RGF-Anexo 01,DespesaComPessoalBruta,DESPESA BRUTA COM PESSOAL (I),<MR-2>,848727605.31,7035055,Maranhão
2019,2,MA,RGF-Anexo 01,DespesaComPessoalBruta,DESPESA BRUTA COM PESSOAL (I),<MR-1>,559821992.28,7035055,Maranhão
2019,2,MA,RGF-Anexo 01,DespesaComPessoalBruta,DESPESA BRUTA COM PESSOAL (I),<MR>,593188607.52,7035055,Maranhão
2019,2,MA,RGF-Anexo 01,DespesaComPessoalBruta,DESPESA BRUTA COM PESSOAL (I),TOTAL (ÚLTIMOS 12 MESES) (a),7584029105.99,7035055,Maranhão
2019,2,MA,RGF-Anexo 01,DespesaComPessoalBruta,DESPESA BRUTA COM PESSOAL (I),INSCRITAS EM RESTOS A PAGAR NÃO PROCESSADOS (b),227973.41,7035055,Maranhão
2019,2,MA,RGF-Anexo 01,DespesaComPessoalAtivoBruta,Pessoal Ativo,<MR-11>,431787524.98,7035055,Maranhão
2019,2,MA,RGF-Anexo 01,DespesaComPessoalAtivoBruta,Pessoal Ativo,<MR-10>,329316214.2,7035055,Maranhão
2019,2,MA,RGF-Anexo 01,DespesaComPessoalAtivoBruta,Pessoal Ativo,<MR-9>,547390406.67,7035055,Maranhão
2019,2,MA,RGF-Anexo 01,DespesaComPessoalAtivoBruta,Pessoal Ativo,<MR-8>,947037673.74,7035055,Maranhão
2019,2,MA,RGF-Anexo 01,DespesaComPessoalAtivoBruta,Pessoal Ativo,<MR-7>,365034533.69,7035055,Maranhão
2019,2,MA,RGF-Anexo 01,DespesaComPessoalAtivoBruta,Pessoal Ativo,<MR-6>,349185912.62,7035055,Maranhão
2019,2,MA,RGF-Anexo 01,DespesaComPessoalAtivoBruta,Pessoal Ativo,<MR-5>,298489452.16,7035055,Maranhão
2019,2,MA,RGF-Anexo 01,DespesaComPessoalAtivoBruta,Pessoal Ativo,<MR-4>,100672871.08,7035055,Maranhão
2019,2,MA,RGF-Anexo 01,DespesaComPessoalAtivoBruta,Pessoal Ativo,<MR-3>,444895338.27,7035055,Maranhão
2019,2,MA,RGF-Anexo 01,DespesaComPessoalAtivoBruta,Pessoal Ativo,<MR-2>,619314510.28,7035055,Maranhão
2019,2,MA,RGF-Anexo 01,DespesaComPessoalAtivoBruta,Pessoal Ativo,<MR-1>,407617287.65,7035055,Maranhão
2019,2,MA,RGF-Anexo 01,DespesaComPessoalAtivoBruta,Pessoal Ativo,<MR>,411368717.74,7035055,Maranhão
2019,2,MA,RGF-Anexo 01,DespesaComPessoalAtivoBruta,Pessoal Ativo,TOTAL (ÚLTIMOS 12 MESES) (a),5252110443.08,7035055,Maranhão
2019,2,MA,RGF-Anexo 01,DespesaComPessoalAtivoBruta,Pessoal Ativo,INSCRITAS EM RESTOS A PAGAR NÃO PROCESSADOS (b),227973.41,7035055,Maranhão
2019,2,MA,RGF-Anexo 01,DespesaComPessoalInativoEPensionistasBruta,Pessoal Inativo e Pensionistas,<MR-11>,150633880.39,7035055,Maranhão
2019,2,MA,RGF-Anexo 01,DespesaComPessoalInativoEPensionistasBruta,Pessoal Inativo e Pensionistas,<MR-10>,179834487.98,7035055,Maranhão
2019,2,MA,RGF-Anexo 01,DespesaComPessoalInativoEPensionistasBruta,Pessoal Inativo e Pensionistas,<MR-9>,169105471.86,7035055,Maranhão
2019,2,MA,RGF-Anexo 01,DespesaComPessoalInativoEPensionistasBruta,Pessoal Inativo e Pensionistas,<MR-8>,308217398.17,7035055,Maranhão
2019,2,MA,RGF-Anexo 01,DespesaComPessoalInativoEPensionistasBruta,Pessoal Inativo e Pensionistas,<MR-7>,208928638.53,7035055,Maranhão
2019,2,MA,RGF-Anexo 01,DespesaComPessoalInativoEPensionistasBruta,Pessoal Inativo e Pensionistas,<MR-6>,193861432.34,7035055,Maranhão
2019,2,MA,RGF-Anexo 01,DespesaComPessoalInativoEPensionistasBruta,Pessoal Inativo e Pensionistas,<MR-5>,212316218.79,7035055,Maranhão
2019,2,MA,RGF-Anexo 01,DespesaComPessoalInativoEPensionistasBruta,Pessoal Inativo e Pensionistas,<MR-4>,172623526.17,7035055,Maranhão
2019,2,MA,RGF-Anexo 01,DespesaComPessoalInativoEPensionistasBruta,Pessoal Inativo e Pensionistas,<MR-3>,172959919.24,7035055,Maranhão
2019,2,MA,RGF-Anexo 01,DespesaComPessoalInativoEPensionistasBruta,Pessoal Inativo e Pensionistas,<MR-2>,229413095.03,7035055,Maranhão
2019,2,MA,RGF-Anexo 01,DespesaComPessoalInativoEPensionistasBruta,Pessoal Inativo e Pensionistas,<MR-1>,152204704.63,7035055,Maranhão
2019,2,MA,RGF-Anexo 01,DespesaComPessoalInativoEPensionistasBruta,Pessoal Inativo e Pensionistas,<MR>,181819889.78,7035055,Maranhão
2019,2,MA,RGF-Anexo 01,DespesaComPessoalInativoEPensionistasBruta,Pessoal Inativo e Pensionistas,TOTAL (ÚLTIMOS 12 MESES) (a),2331918662.91,7035055,Maranhão
2019,2,MA,RGF-Anexo 01,DespesaComPessoalLiquida,DESPESA LÍQUIDA COM PESSOAL (III) = (I - II),<MR-11>,470123906.33,7035055,Maranhão
2019,2,MA,RGF-Anexo 01,DespesaComPessoalLiquida,DESPESA LÍQUIDA COM PESSOAL (III) = (I - II),<MR-10>,365593529.64,7035055,Maranhão
2019,2,MA,RGF-Anexo 01,DespesaComPessoalLiquida,DESPESA LÍQUIDA COM PESSOAL (III) = (I - II),<MR-9>,650727163.24,7035055,Maranhão
2019,2,MA,RGF-Anexo 01,DespesaComPessoalLiquida,DESPESA LÍQUIDA COM PESSOAL (III) = (I - II),<MR-8>,1137851026.91,7035055,Maranhão
2019,2,MA,RGF-Anexo 01,DespesaComPessoalLiquida,DESPESA LÍQUIDA COM PESSOAL (III) = (I - II),<MR-7>,443619864.49,7035055,Maranhão
2019,2,MA,RGF-Anexo 01,DespesaComPessoalLiquida,DESPESA LÍQUIDA COM PESSOAL (III) = (I - II),<MR-6>,409761919.4,7035055,Maranhão
2019,2,MA,RGF-Anexo 01,DespesaComPessoalLiquida,DESPESA LÍQUIDA COM PESSOAL (III) = (I - II),<MR-5>,374265109.61,7035055,Maranhão
2019,2,MA,RGF-Anexo 01,DespesaComPessoalLiquida,DESPESA LÍQUIDA COM PESSOAL (III) = (I - II),<MR-4>,160735209.77,7035055,Maranhão
2019,2,MA,RGF-Anexo 01,DespesaComPessoalLiquida,DESPESA LÍQUIDA COM PESSOAL (III) = (I - II),<MR-3>,467890596.36,7035055,Maranhão
2019,2,MA,RGF-Anexo 01,DespesaComPessoalLiquida,DESPESA LÍQUIDA COM PESSOAL (III) = (I - II),<MR-2>,688707914.72,7035055,Maranhão
2019,2,MA,RGF-Anexo 01,DespesaComPessoalLiquida,DESPESA LÍQUIDA COM PESSOAL (III) = (I - II),<MR-1>,533659712.4,7035055,Maranhão
2019,2,MA,RGF-Anexo 01,DespesaComPessoalLiquida,DESPESA LÍQUIDA COM PESSOAL (III) = (I - II),<MR>,556842550.41,7035055,Maranhão
2019,2,MA,RGF-Anexo 01,DespesaComPessoalLiquida,DESPESA LÍQUIDA COM PESSOAL (III) = (I - II),TOTAL (ÚLTIMOS 12 MESES) (a),6259778503.28,7035055,Maranhão
2019,2,MA,RGF-Anexo 01,DespesaComPessoalLiquida,DESPESA LÍQUIDA COM PESSOAL (III) = (I - II),INSCRITAS EM RESTOS A PAGAR NÃO PROCESSADOS (b),151735.11,7035055,Maranhão
2019,2,MA,RGF-Anexo 01,ReceitaCorrenteLiquidaLimiteLegal,RECEITA CORRENTE LIQUIDA - RCL (IV),Valor,14031708111.48,7035055,Maranhão
2019,2,MA,RGF-Anexo 01,DespesaComPessoalTotal,DESPESA TOTAL COM PESSOAL - DTP (VII) = (IIIa + IIIb),Valor,6259930238.39,7035055,Maranhão
2019,2,MA,RGF-Anexo 01,DespesaComPessoalTotal,DESPESA TOTAL COM PESSOAL - DTP (VII) = (IIIa + IIIb),% sobre a RCL Ajustada,44.61,7035055,Maranhão
2019,2,MA,RGF-Anexo 02,DividaConsolidada,DÍVIDA CONSOLIDADA - DC (I),SALDO DO EXERCÍCIO ANTERIOR,7705768037.61,7035055,Maranhão
2019,2,MA,RGF-Anexo 02,DividaConsolidada,DÍVIDA CONSOLIDADA - DC (I),Até o 1º Quadrimestre,7620570476.26,7035055,Maranhão
2019,2,MA,RGF-Anexo 02,DividaConsolidada,DÍVIDA CONSOLIDADA - DC (I),Até o 2º Quadrimestre,7537380432.1,7035055,Maranhão
2019,2,MA,RGF-Anexo 02,DividaContratual,Dívida Contratual,SALDO DO EXERCÍCIO ANTERIOR,6413107219.55,7035055,Maranhão
2019,2,MA,RGF-Anexo 02,DividaContratual,Dívida Contratual,Até o 1º Quadrimestre,6327909658.2,7035055,Maranhão
2019,2,MA,RGF-Anexo 02,DividaContratual,Dívida Contratual,Até o 2º Quadrimestre,6264719614.04,7035055,Maranhão
2019,2,MA,RGF-Anexo 02,DividaConsolidadaLiquida,DÍVIDA CONSOLIDADA LÍQUIDA (DCL) (III) = (I - II),SALDO DO EXERCÍCIO ANTERIOR,7144367665.42,7035055,Maranhão
2019,2,MA,RGF-Anexo 02,DividaConsolidadaLiquida,DÍVIDA CONSOLIDADA LÍQUIDA (DCL) (III) = (I - II),Até o 1º Quadrimestre,5393054805.31,7035055,Maranhão
2019,2,MA,RGF-Anexo 02,DividaConsolidadaLiquida,DÍVIDA CONSOLIDADA LÍQUIDA (DCL) (III) = (I - II),Até o 2º Quadrimestre,3802838692.08,7035055,Maranhão
2019,3,MA,RGF-Anexo 01,DespesaComPessoalBruta,DESPESA BRUTA COM PESSOAL (I),<MR-11>,551175903.31,7035055,Maranhão
2019,3,MA,RGF-Anexo 01,DespesaComPessoalBruta,DESPESA BRUTA COM PESSOAL (I),<MR-10>,546076524.58,7035055,Maranhão
2019,3,MA,RGF-Anexo 01,DespesaComPessoalBruta,DESPESA BRUTA COM PESSOAL (I),<MR-9>,606047946.57,7035055,Maranhão
2019,3,MA,RGF-Anexo 01,DespesaComPessoalBruta,DESPESA BRUTA COM PESSOAL (I),<MR-8>,580063814.89,7035055,Maranhão
2019,3,MA,RGF-Anexo 01,DespesaComPessoalBruta,DESPESA BRUTA COM PESSOAL (I),<MR-7>,602825614.59,7035055,Maranhão
2019,3,MA,RGF-Anexo 01,DespesaComPessoalBruta,DESPESA BRUTA COM PESSOAL (I),<MR-6>,801280559.07,7035055,Maranhão
2019,3,MA,RGF-Anexo 01,DespesaComPessoalBruta,DESPESA BRUTA COM PESSOAL (I),<MR-5>,472717651.2,7035055,Maranhão
2019,3,MA,RGF-Anexo 01,DespesaComPessoalBruta,DESPESA BRUTA COM PESSOAL (I),<MR-4>,728478405.51,7035055,Maranhão
2019,3,MA,RGF-Anexo 01,DespesaComPessoalBruta,DESPESA BRUTA COM PESSOAL (I),<MR-3>,383656777.61,7035055,Maranhão
2019,3,MA,RGF-Anexo 01,DespesaComPessoalBruta,DESPESA BRUTA COM PESSOAL (I),<MR-2>,541145921.45,7035055,Maranhão
2019,3,MA,RGF-Anexo 01,DespesaComPessoalBruta,DESPESA BRUTA COM PESSOAL (I),<MR-1>,450014636.9,7035055,Maranhão
2019,3,MA,RGF-Anexo 01,DespesaComPessoalBruta,DESPESA BRUTA COM PESSOAL (I),<MR>,1408443840.81,7035055,Maranhão
2019,3,MA,RGF-Anexo 01,DespesaComPessoalBruta,DESPESA BRUTA COM PESSOAL (I),TOTAL (ÚLTIMOS 12 MESES) (a),7671927596.49,7035055,Maranhão
2019,3,MA,RGF-Anexo 01,DespesaComPessoalBruta,DESPESA BRUTA COM PESSOAL (I),INSCRITAS EM RESTOS A PAGAR NÃO PROCESSADOS (b),132736261.71,7035055,Maranhão
2019,3,MA,RGF-Anexo 01,DespesaComPessoalAtivoBruta,Pessoal Ativo,<MR-11>,381588196.27,7035055,Maranhão
2019,3,MA,RGF-Anexo 01,DespesaComPessoalAtivoBruta,Pessoal Ativo,<MR-10>,373256100.91,7035055,Maranhão
2019,3,MA,RGF-Anexo 01,DespesaComPessoalAtivoBruta,Pessoal Ativo,<MR-9>,431436385.01,7035055,Maranhão
2019,3,MA,RGF-Anexo 01,DespesaComPessoalAtivoBruta,Pessoal Ativo,<MR-8>,428424871.3,7035055,Maranhão
2019,3,MA,RGF-Anexo 01,DespesaComPessoalAtivoBruta,Pessoal Ativo,<MR-7>,451957336.81,7035055,Maranhão
2019,3,MA,RGF-Anexo 01,DespesaComPessoalAtivoBruta,Pessoal Ativo,<MR-6>,576363144.4,7035055,Maranhão
2019,3,MA,RGF-Anexo 01,DespesaComPessoalAtivoBruta,Pessoal Ativo,<MR-5>,407582951.06,7035055,Maranhão
2019,3,MA,RGF-Anexo 01,DespesaComPessoalAtivoBruta,Pessoal Ativo,<MR-4>,402006107.35,7035055,Maranhão
2019,3,MA,RGF-Anexo 01,DespesaComPessoalAtivoBruta,Pessoal Ativo,<MR-3>,323711846.32,7035055,Maranhão
2019,3,MA,RGF-Anexo 01,DespesaComPessoalAtivoBruta,Pessoal Ativo,<MR-2>,510919101.51,7035055,Maranhão
2019,3,MA,RGF-Anexo 01,DespesaComPessoalAtivoBruta,Pessoal Ativo,<MR-1>,403364473.42,7035055,Maranhão
2019,3,MA,RGF-Anexo 01,DespesaComPessoalAtivoBruta,Pessoal Ativo,<MR>,691432158.89,7035055,Maranhão
2019,3,MA,RGF-Anexo 01,DespesaComPessoalAtivoBruta,Pessoal Ativo,TOTAL (ÚLTIMOS 12 MESES) (a),5382042673.25,7035055,Maranhão
2019,3,MA,RGF-Anexo 01,DespesaComPessoalAtivoBruta,Pessoal Ativo,INSCRITAS EM RESTOS A PAGAR NÃO PROCESSADOS (b),132736261.71,7035055,Maranhão
2019,3,MA,RGF-Anexo 01,DespesaComPessoalInativoEPensionistasBruta,Pessoal Inativo e Pensionistas,<MR-11>,169587707.04,7035055,Maranhão
2019,3,MA,RGF-Anexo 01,DespesaComPessoalInativoEPensionistasBruta,Pessoal Inativo e Pensionistas,<MR-10>,172820423.67,7035055,Maranhão
2019,3,MA,RGF-Anexo 01,DespesaComPessoalInativoEPensionistasBruta,Pessoal Inativo e Pensionistas,<MR-9>,174611561.56,7035055,Maranhão
2019,3,MA,RGF-Anexo 01,DespesaComPessoalInativoEPensionistasBruta,Pessoal Inativo e Pensionistas,<MR-8>,151638943.59,7035055,Maranhão
2019,3,MA,RGF-Anexo 01,DespesaComPessoalInativoEPensionistasBruta,Pessoal Inativo e Pensionistas,<MR-7>,150868277.78,7035055,Maranhão
2019,3,MA,RGF-Anexo 01,DespesaComPessoalInativoEPensionistasBruta,Pessoal Inativo e Pensionistas,<MR-6>,224917414.67,7035055,Maranhão
2019,3,MA,RGF-Anexo 01,DespesaComPessoalInativoEPensionistasBruta,Pessoal Inativo e Pensionistas,<MR-5>,65134700.14,7035055,Maranhão
2019,3,MA,RGF-Anexo 01,DespesaComPessoalInativoEPensionistasBruta,Pessoal Inativo e Pensionistas,<MR-4>,326472298.16,7035055,Maranhão
2019,3,MA,RGF-Anexo 01,DespesaComPessoalInativoEPensionistasBruta,Pessoal Inativo e Pensionistas,<MR-3>,59944931.29,7035055,Maranhão
2019,3,MA,RGF-Anexo 01,DespesaComPessoalInativoEPensionistasBruta,Pessoal Inativo e Pensionistas,<MR-2>,30226819.94,7035055,Maranhão
2019,3,MA,RGF-Anexo 01,DespesaComPessoalInativoEPensionistasBruta,Pessoal Inativo e Pensionistas,<MR-1>,46650163.48,7035055,Maranhão
2019,3,MA,RGF-Anexo 01,DespesaComPessoalInativoEPensionistasBruta,Pessoal Inativo e Pensionistas,<MR>,717011681.92,7035055,Maranhão
2019,3,MA,RGF-Anexo 01,DespesaComPessoalInativoEPensionistasBruta,Pessoal Inativo e Pensionistas,TOTAL (ÚLTIMOS 12 MESES) (a),2289884923.24,7035055,Maranhão
2019,3,MA,RGF-Anexo 01,DespesaComPessoalLiquida,DESPESA LÍQUIDA COM PESSOAL (III) = (I - II),<MR-11>,420832595.58,7035055,Maranhão
2019,3,MA,RGF-Anexo 01,DespesaComPessoalLiquida,DESPESA LÍQUIDA COM PESSOAL (III) = (I - II),<MR-10>,412791099.02,7035055,Maranhão
2019,3,MA,RGF-Anexo 01,DespesaComPessoalLiquida,DESPESA LÍQUIDA COM PESSOAL (III) = (I - II),<MR-9>,471390438.0,7035055,Maranhão
2019,3,MA,RGF-Anexo 01,DespesaComPessoalLiquida,DESPESA LÍQUIDA COM PESSOAL (III) = (I - II),<MR-8>,467520468.7,7035055,Maranhão
2019,3,MA,RGF-Anexo 01,DespesaComPessoalLiquida,DESPESA LÍQUIDA COM PESSOAL (III) = (I - II),<MR-7>,491088950.95,7035055,Maranhão
2019,3,MA,RGF-Anexo 01,DespesaComPessoalLiquida,DESPESA LÍQUIDA COM PESSOAL (III) = (I - II),<MR-6>,634519139.76,7035055,Maranhão
2019,3,MA,RGF-Anexo 01,DespesaComPessoalLiquida,DESPESA LÍQUIDA COM PESSOAL (III) = (I - II),<MR-5>,446555371.22,7035055,Maranhão
2019,3,MA,RGF-Anexo 01,DespesaComPessoalLiquida,DESPESA LÍQUIDA COM PESSOAL (III) = (I - II),<MR-4>,439601733.2,7035055,Maranhão
2019,3,MA,RGF-Anexo 01,DespesaComPessoalLiquida,DESPESA LÍQUIDA COM PESSOAL (III) = (I - II),<MR-3>,353519106.71,7035055,Maranhão
2019,3,MA,RGF-Anexo 01,DespesaComPessoalLiquida,DESPESA LÍQUIDA COM PESSOAL (III) = (I - II),<MR-2>,538679800.21,7035055,Maranhão
2019,3,MA,RGF-Anexo 01,DespesaComPessoalLiquida,DESPESA LÍQUIDA COM PESSOAL (III) = (I - II),<MR-1>,440982560.83,7035055,Maranhão
2019,3,MA,RGF-Anexo 01,DespesaComPessoalLiquida,DESPESA LÍQUIDA COM PESSOAL (III) = (I - II),<MR>,1107980440.04,7035055,Maranhão
2019,3,MA,RGF-Anexo 01,DespesaComPessoalLiquida,DESPESA LÍQUIDA COM PESSOAL (III) = (I - II),TOTAL (ÚLTIMOS 12 MESES) (a),6225461704.22,7035055,Maranhão
2019,3,MA,RGF-Anexo 01,DespesaComPessoalLiquida,DESPESA LÍQUIDA COM PESSOAL (III) = (I - II),INSCRITAS EM RESTOS A PAGAR NÃO PROCESSADOS (b),132707330.36,7035055,Maranhão
2019,3,MA,RGF-Anexo 01,ReceitaCorrenteLiquidaLimiteLegal,RECEITA CORRENTE LIQUIDA - RCL (IV),Valor,14698617424.86,7035055,Maranhão
2019,3,MA,RGF-Anexo 01,DespesaComPessoalTotal,DESPESA TOTAL COM PESSOAL - DTP (VII) = (IIIa + IIIb),Valor,6358169034.58,7035055,Maranhão
2019,3,MA,RGF-Anexo 01,DespesaComPessoalTotal,DESPESA TOTAL COM PESSOAL - DTP (VII) = (IIIa + IIIb),% sobre a RCL Ajustada,43.26,7035055,Maranhão
2019,3,MA,RGF-Anexo 02,DividaConsolidada,DÍVIDA CONSOLIDADA - DC (I),SALDO DO EXERCÍCIO ANTERIOR,7705768037.61,7035055,Maranhão
2019,3,MA,RGF-Anexo 02,DividaConsolidada,DÍVIDA CONSOLIDADA - DC (I),Até o 1º Quadrimestre,7620570476.26,7035055,Maranhão
2019,3,MA,RGF-Anexo 02,DividaConsolidada,DÍVIDA CONSOLIDADA - DC (I),Até o 2º Quadrimestre,7537380432.1,7035055,Maranhão
2019,3,MA,RGF-Anexo 02,DividaConsolidada,DÍVIDA CONSOLIDADA - DC (I),Até o 3º Quadrimestre,7461344237.22,7035055,Maranhão
2019,3,MA,RGF-Anexo 02,DividaContratual,Dívida Contratual,SALDO DO EXERCÍCIO ANTERIOR,6413107219.55,7035055,Maranhão
2019,3,MA,RGF-Anexo 02,DividaContratual,Dívida Contratual,Até o 1º Quadrimestre,6327909658.2,7035055,Maranhão
2019,3,MA,RGF-Anexo 02,DividaContratual,Dívida Contratual,Até o 2º Quadrimestre,6264719614.04,7035055,Maranhão
2019,3,MA,RGF-Anexo 02,DividaContratual,Dívida Contratual,Até o 3º Quadrimestre,6248300213.73,7035055,Maranhão
2019,3,MA,RGF-Anexo 02,DividaConsolidadaLiquida,DÍVIDA CONSOLIDADA LÍQUIDA (DCL) (III) = (I - II),SALDO DO EXERCÍCIO ANTERIOR,7144367665.42,7035055,Maranhão
2019,3,MA,RGF-Anexo 02,DividaConsolidadaLiquida,DÍVIDA CONSOLIDADA LÍQUIDA (DCL) (III) = (I - II),Até o 1º Quadrimestre,5605805217.06,7035055,Maranhão
2019,3,MA,RGF-Anexo 02,DividaConsolidadaLiquida,DÍVIDA CONSOLIDADA LÍQUIDA (DCL) (III) = (I - II),Até o 2º Quadrimestre,5705486956.92,7035055,Maranhão
2019,3,MA,RGF-Anexo 02,DividaConsolidadaLiquida,DÍVIDA CONSOLIDADA LÍQUIDA (DCL) (III) = (I - II),Até o 3º Quadrimestre,6549951976.7,7035055,Maranhão
2020,1,MA,RGF-Anexo 01,DespesaComPessoalBruta,DESPESA BRUTA COM PESSOAL (I),<MR-11>,602825614.59,7075181,Maranhão
2020,1,MA,RGF-Anexo 01,DespesaComPessoalBruta,DESPESA BRUTA COM PESSOAL (I),<MR-10>,801280559.07,7075181,Maranhão
2020,1,MA,RGF-Anexo 01,DespesaComPessoalBruta,DESPESA BRUTA COM PESSOAL (I),<MR-9>,472717651.2,7075181,Maranhão
2020,1,MA,RGF-Anexo 01,DespesaComPessoalBruta,DESPESA BRUTA COM PESSOAL (I),<MR-8>,728478405.51,7075181,Maranhão
2020,1,MA,RGF-Anexo 01,DespesaComPessoalBruta,DESPESA BRUTA COM PESSOAL (I),<MR-7>,383656777.61,7075181,Maranhão
2020,1,MA,RGF-Anexo 01,DespesaComPessoalBruta,DESPESA BRUTA COM PESSOAL (I),<MR-6>,541145921.45,7075181,Maranhão
2020,1,MA,RGF-Anexo 01,DespesaComPessoalBruta,DESPESA BRUTA COM PESSOAL (I),<MR-5>,450014636.9,7075181,Maranhão
2020,1,MA,RGF-Anexo 01,DespesaComPessoalBruta,DESPESA BRUTA COM PESSOAL (I),<MR-4>,1408443840.81,7075181,Maranhão
2020,1,MA,RGF-Anexo 01,DespesaComPessoalBruta,DESPESA BRUTA COM PESSOAL (I),<MR-3>,249202794.11,7075181,Maranhão
2020,1,MA,RGF-Anexo 01,DespesaComPessoalBruta,DESPESA BRUTA COM PESSOAL (I),<MR-2>,559221549.61,7075181,Maranhão
2020,1,MA,RGF-Anexo 01,DespesaComPessoalBruta,DESPESA BRUTA COM PESSOAL (I),<MR-1>,505256019.05,7075181,Maranhão
2020,1,MA,RGF-Anexo 01,DespesaComPessoalBruta,DESPESA BRUTA COM PESSOAL (I),<MR>,253844003.0,7075181,Maranhão
2020,1,MA,RGF-Anexo 01,DespesaComPessoalBruta,DESPESA BRUTA COM PESSOAL (I),TOTAL (ÚLTIMOS 12 MESES) (a),6956087772.91,7075181,Maranhão
2020,1,MA,RGF-Anexo 01,DespesaComPessoalBruta,DESPESA BRUTA COM PESSOAL (I),INSCRITAS EM RESTOS A PAGAR NÃO PROCESSADOS (b),132736261.71,7075181,Maranhão
2020,1,MA,RGF-Anexo 01,DespesaComPessoalAtivoBruta,Pessoal Ativo,<MR-11>,451957336.81,7075181,Maranhão
2020,1,MA,RGF-Anexo 01,DespesaComPessoalAtivoBruta,Pessoal Ativo,<MR-10>,576363144.4,7075181,Maranhão
2020,1,MA,RGF-Anexo 01,DespesaComPessoalAtivoBruta,Pessoal Ativo,<MR-9>,407582951.06,7075181,Maranhão
2020,1,MA,RGF-Anexo 01,DespesaComPessoalAtivoBruta,Pessoal Ativo,<MR-8>,402006107.35,7075181,Maranhão
2020,1,MA,RGF-Anexo 01,DespesaComPessoalAtivoBruta,Pessoal Ativo,<MR-7>,323711846.32,7075181,Maranhão
2020,1,MA,RGF-Anexo 01,DespesaComPessoalAtivoBruta,Pessoal Ativo,<MR-6>,510919101.51,7075181,Maranhão
2020,1,MA,RGF-Anexo 01,DespesaComPessoalAtivoBruta,Pessoal Ativo,<MR-5>,403364473.42,7075181,Maranhão
2020,1,MA,RGF-Anexo 01,DespesaComPessoalAtivoBruta,Pessoal Ativo,<MR-4>,691432158.89,7075181,Maranhão
2020,1,MA,RGF-Anexo 01,DespesaComPessoalAtivoBruta,Pessoal Ativo,<MR-3>,211520448.56,7075181,Maranhão
2020,1,MA,RGF-Anexo 01,DespesaComPessoalAtivoBruta,Pessoal Ativo,<MR-2>,520545975.15,7075181,Maranhão
2020,1,MA,RGF-Anexo 01,DespesaComPessoalAtivoBruta,Pessoal Ativo,<MR-1>,366129727.81,7075181,Maranhão
2020,1,MA,RGF-Anexo 01,DespesaComPessoalAtivoBruta,Pessoal Ativo,<MR>,253844003.0,7075181,Maranhão
2020,1,MA,RGF-Anexo 01,DespesaComPessoalAtivoBruta,Pessoal Ativo,TOTAL (ÚLTIMOS 12 MESES) (a),5119377274.28,7075181,Maranhão
2020,1,MA,RGF-Anexo 01,DespesaComPessoalAtivoBruta,Pessoal Ativo,INSCRITAS EM RESTOS A PAGAR NÃO PROCESSADOS (b),132736261.71,7075181,Maranhão
2020,1,MA,RGF-Anexo 01,DespesaComPessoalInativoEPensionistasBruta,Pessoal Inativo e Pensionistas,<MR-11>,150868277.78,7075181,Maranhão
2020,1,MA,RGF-Anexo 01,DespesaComPessoalInativoEPensionistasBruta,Pessoal Inativo e Pensionistas,<MR-10>,224917414.67,7075181,Maranhão
2020,1,MA,RGF-Anexo 01,DespesaComPessoalInativoEPensionistasBruta,Pessoal Inativo e Pensionistas,<MR-9>,65134700.14,7075181,Maranhão
2020,1,MA,RGF-Anexo 01,DespesaComPessoalInativoEPensionistasBruta,Pessoal Inativo e Pensionistas,<MR-8>,326472298.16,7075181,Maranhão
2020,1,MA,RGF-Anexo 01,DespesaComPessoalInativoEPensionistasBruta,Pessoal Inativo e Pensionistas,<MR-7>,59944931.29,7075181,Maranhão
2020,1,MA,RGF-Anexo 01,DespesaComPessoalInativoEPensionistasBruta,Pessoal Inativo e Pensionistas,<MR-6>,30226819.94,7075181,Maranhão
2020,1,MA,RGF-Anexo 01,DespesaComPessoalInativoEPensionistasBruta,Pessoal Inativo e Pensionistas,<MR-5>,46650163.48,7075181,Maranhão
2020,1,MA,RGF-Anexo 01,DespesaComPessoalInativoEPensionistasBruta,Pessoal Inativo e Pensionistas,<MR-4>,717011681.92,7075181,Maranhão
2020,1,MA,RGF-Anexo 01,DespesaComPessoalInativoEPensionistasBruta,Pessoal Inativo e Pensionistas,<MR-3>,37682345.55,7075181,Maranhão
2020,1,MA,RGF-Anexo 01,DespesaComPessoalInativoEPensionistasBruta,Pessoal Inativo e Pensionistas,<MR-2>,38675574.46,7075181,Maranhão
2020,1,MA,RGF-Anexo 01,DespesaComPessoalInativoEPensionistasBruta,Pessoal Inativo e Pensionistas,<MR-1>,139126291.24,7075181,Maranhão
2020,1,MA,RGF-Anexo 01,DespesaComPessoalInativoEPensionistasBruta,Pessoal Inativo e Pensionistas,TOTAL (ÚLTIMOS 12 MESES) (a),1836710498.63,7075181,Maranhão
2020,1,MA,RGF-Anexo 01,DespesaComPessoalLiquida,DESPESA LÍQUIDA COM PESSOAL (III) = (I - II),<MR-11>,491088950.95,7075181,Maranhão
2020,1,MA,RGF-Anexo 01,DespesaComPessoalLiquida,DESPESA LÍQUIDA COM PESSOAL (III) = (I - II),<MR-10>,634519139.76,7075181,Maranhão
2020,1,MA,RGF-Anexo 01,DespesaComPessoalLiquida,DESPESA LÍQUIDA COM PESSOAL (III) = (I - II),<MR-9>,446555371.22,7075181,Maranhão
2020,1,MA,RGF-Anexo 01,DespesaComPessoalLiquida,DESPESA LÍQUIDA COM PESSOAL (III) = (I - II),<MR-8>,439601733.2,7075181,Maranhão
2020,1,MA,RGF-Anexo 01,DespesaComPessoalLiquida,DESPESA LÍQUIDA COM PESSOAL (III) = (I - II),<MR-7>,353519106.71,7075181,Maranhão
2020,1,MA,RGF-Anexo 01,DespesaComPessoalLiquida,DESPESA LÍQUIDA COM PESSOAL (III) = (I - II),<MR-6>,538679800.21,7075181,Maranhão
2020,1,MA,RGF-Anexo 01,DespesaComPessoalLiquida,DESPESA LÍQUIDA COM PESSOAL (III) = (I - II),<MR-5>,440982560.83,7075181,Maranhão
2020,1,MA,RGF-Anexo 01,DespesaComPessoalLiquida,DESPESA LÍQUIDA COM PESSOAL (III) = (I - II),<MR-4>,1107980440.04,7075181,Maranhão
2020,1,MA,RGF-Anexo 01,DespesaComPessoalLiquida,DESPESA LÍQUIDA COM PESSOAL (III) = (I - II),<MR-3>,247896268.31,7075181,Maranhão
2020,1,MA,RGF-Anexo 01,DespesaComPessoalLiquida,DESPESA LÍQUIDA COM PESSOAL (III) = (I - II),<MR-2>,558935750.4,7075181,Maranhão
2020,1,MA,RGF-Anexo 01,DespesaComPessoalLiquida,DESPESA LÍQUIDA COM PESSOAL (III) = (I - II),<MR-1>,364735900.45,7075181,Maranhão
2020,1,MA,RGF-Anexo 01,DespesaComPessoalLiquida,DESPESA LÍQUIDA COM PESSOAL (III) = (I - II),<MR>,253600902.23,7075181,Maranhão
2020,1,MA,RGF-Anexo 01,DespesaComPessoalLiquida,DESPESA LÍQUIDA COM PESSOAL (III) = (I - II),TOTAL (ÚLTIMOS 12 MESES) (a),5878095924.31,7075181,Maranhão
2020,1,MA,RGF-Anexo 01,DespesaComPessoalLiquida,DESPESA LÍQUIDA COM PESSOAL (III) = (I - II),INSCRITAS EM RESTOS A PAGAR NÃO PROCESSADOS (b),132707330.36,7075181,Maranhão
2020,1,MA,RGF-Anexo 01,ReceitaCorrenteLiquidaLimiteLegal,RECEITA CORRENTE LIQUIDA - RCL (IV),Valor,14961941998.0,7075181,Maranhão
2020,1,MA,RGF-Anexo 01,DespesaComPessoalTotal,DESPESA TOTAL COM PESSOAL - DTP (VIII) = (IIIa + IIIb),Valor,6010803254.67,7075181,Maranhão
2020,1,MA,RGF-Anexo 01,DespesaComPessoalTotal,DESPESA TOTAL COM PESSOAL - DTP (VIII) = (IIIa + IIIb),% sobre a RCL Ajustada,40.18,7075181,Maranhão
2020,1,MA,RGF-Anexo 02,DividaConsolidada,DÍVIDA CONSOLIDADA - DC (I),SALDO DO EXERCÍCIO ANTERIOR,7461344237.22,7075181,Maranhão
2020,1,MA,RGF-Anexo 02,DividaConsolidada,DÍVIDA CONSOLIDADA - DC (I),Até o 1º Quadrimestre,8069853758.85,7075181,Maranhão
2020,1,MA,RGF-Anexo 02,DividaContratual,Dívida Contratual,SALDO DO EXERCÍCIO ANTERIOR,6248300213.73,7075181,Maranhão
2020,1,MA,RGF-Anexo 02,DividaContratual,Dívida Contratual,Até o 1º Quadrimestre,6906606398.26,7075181,Maranhão
2020,1,MA,RGF-Anexo 02,DividaConsolidadaLiquida,DÍVIDA CONSOLIDADA LÍQUIDA (DCL) (III) = (I - II),SALDO DO EXERCÍCIO ANTERIOR,6549951976.7,7075181,Maranhão
2020,1,MA,RGF-Anexo 02,DividaConsolidadaLiquida,DÍVIDA CONSOLIDADA LÍQUIDA (DCL) (III) = (I - II),Até o 1º Quadrimestre,3219628628.78,7075181,Maranhão
2020,2,MA,RGF-Anexo 01,DespesaComPessoalBruta,DESPESA BRUTA COM PESSOAL (I),<MR-11>,383656777.61,7075181,Maranhão
2020,2,MA,RGF-Anexo 01,DespesaComPessoalBruta,DESPESA BRUTA COM PESSOAL (I),<MR-10>,541145921.45,7075181,Maranhão
2020,2,MA,RGF-Anexo 01,DespesaComPessoalBruta,DESPESA BRUTA COM PESSOAL (I),<MR-9>,450014636.9,7075181,Maranhão
2020,2,MA,RGF-Anexo 01,DespesaComPessoalBruta,DESPESA BRUTA COM PESSOAL (I),<MR-8>,1408443840.81,7075181,Maranhão
2020,2,MA,RGF-Anexo 01,DespesaComPessoalBruta,DESPESA BRUTA COM PESSOAL (I),<MR-7>,249202794.11,7075181,Maranhão
2020,2,MA,RGF-Anexo 01,DespesaComPessoalBruta,DESPESA BRUTA COM PESSOAL (I),<MR-6>,559221549.61,7075181,Maranhão
2020,2,MA,RGF-Anexo 01,DespesaComPessoalBruta,DESPESA BRUTA COM PESSOAL (I),<MR-5>,505256019.05,7075181,Maranhão
2020,2,MA,RGF-Anexo 01,DespesaComPessoalBruta,DESPESA BRUTA COM PESSOAL (I),<MR-4>,253844003.0,7075181,Maranhão
2020,2,MA,RGF-Anexo 01,DespesaComPessoalBruta,DESPESA BRUTA COM PESSOAL (I),<MR-3>,954900786.06,7075181,Maranhão
2020,2,MA,RGF-Anexo 01,DespesaComPessoalBruta,DESPESA BRUTA COM PESSOAL (I),<MR-2>,734560449.28,7075181,Maranhão
2020,2,MA,RGF-Anexo 01,DespesaComPessoalBruta,DESPESA BRUTA COM PESSOAL (I),<MR-1>,512058708.25,7075181,Maranhão
2020,2,MA,RGF-Anexo 01,DespesaComPessoalBruta,DESPESA BRUTA COM PESSOAL (I),<MR>,421849883.34,7075181,Maranhão
2020,2,MA,RGF-Anexo 01,DespesaComPessoalBruta,DESPESA BRUTA COM PESSOAL (I),TOTAL (ÚLTIMOS 12 MESES) (a),6974155369.47,7075181,Maranhão
2020,2,MA,RGF-Anexo 01,DespesaComPessoalBruta,DESPESA BRUTA COM PESSOAL (I),INSCRITAS EM RESTOS A PAGAR NÃO PROCESSADOS (b),132736261.71,7075181,Maranhão
2020,2,MA,RGF-Anexo 01,DespesaComPessoalAtivoBruta,Pessoal Ativo,<MR-11>,323711846.32,7075181,Maranhão
2020,2,MA,RGF-Anexo 01,DespesaComPessoalAtivoBruta,Pessoal Ativo,<MR-10>,510919101.51,7075181,Maranhão
2020,2,MA,RGF-Anexo 01,DespesaComPessoalAtivoBruta,Pessoal Ativo,<MR-9>,403364473.42,7075181,Maranhão
2020,2,MA,RGF-Anexo 01,DespesaComPessoalAtivoBruta,Pessoal Ativo,<MR-8>,691432158.89,7075181,Maranhão
2020,2,MA,RGF-Anexo 01,DespesaComPessoalAtivoBruta,Pessoal Ativo,<MR-7>,211520448.56,7075181,Maranhão
2020,2,MA,RGF-Anexo 01,DespesaComPessoalAtivoBruta,Pessoal Ativo,<MR-6>,520545975.15,7075181,Maranhão
2020,2,MA,RGF-Anexo 01,DespesaComPessoalAtivoBruta,Pessoal Ativo,<MR-5>,366129727.81,7075181,Maranhão
2020,2,MA,RGF-Anexo 01,DespesaComPessoalAtivoBruta,Pessoal Ativo,<MR-4>,253844003.0,7075181,Maranhão
2020,2,MA,RGF-Anexo 01,DespesaComPessoalAtivoBruta,Pessoal Ativo,<MR-3>,565407769.25,7075181,Maranhão
2020,2,MA,RGF-Anexo 01,DespesaComPessoalAtivoBruta,Pessoal Ativo,<MR-2>,514903607.71,7075181,Maranhão
2020,2,MA,RGF-Anexo 01,DespesaComPessoalAtivoBruta,Pessoal Ativo,<MR-1>,419943313.47,7075181,Maranhão
2020,2,MA,RGF-Anexo 01,DespesaComPessoalAtivoBruta,Pessoal Ativo,<MR>,243625820.91,7075181,Maranhão
2020,2,MA,RGF-Anexo 01,DespesaComPessoalAtivoBruta,Pessoal Ativo,TOTAL (ÚLTIMOS 12 MESES) (a),5025348246.0,7075181,Maranhão
2020,2,MA,RGF-Anexo 01,DespesaComPessoalAtivoBruta,Pessoal Ativo,INSCRITAS EM RESTOS A PAGAR NÃO PROCESSADOS (b),132736261.71,7075181,Maranhão
2020,2,MA,RGF-Anexo 01,DespesaComPessoalInativoEPensionistasBruta,Pessoal Inativo e Pensionistas,<MR-11>,59944931.29,7075181,Maranhão
2020,2,MA,RGF-Anexo 01,DespesaComPessoalInativoEPensionistasBruta,Pessoal Inativo e Pensionistas,<MR-10>,30226819.94,7075181,Maranhão
2020,2,MA,RGF-Anexo 01,DespesaComPessoalInativoEPensionistasBruta,Pessoal Inativo e Pensionistas,<MR-9>,46650163.48,7075181,Maranhão
2020,2,MA,RGF-Anexo 01,DespesaComPessoalInativoEPensionistasBruta,Pessoal Inativo e Pensionistas,<MR-8>,717011681.92,7075181,Maranhão
2020,2,MA,RGF-Anexo 01,DespesaComPessoalInativoEPensionistasBruta,Pessoal Inativo e Pensionistas,<MR-7>,37682345.55,7075181,Maranhão
2020,2,MA,RGF-Anexo 01,DespesaComPessoalInativoEPensionistasBruta,Pessoal Inativo e Pensionistas,<MR-6>,38675574.46,7075181,Maranhão
2020,2,MA,RGF-Anexo 01,DespesaComPessoalInativoEPensionistasBruta,Pessoal Inativo e Pensionistas,<MR-5>,139126291.24,7075181,Maranhão
2020,2,MA,RGF-Anexo 01,DespesaComPessoalInativoEPensionistasBruta,Pessoal Inativo e Pensionistas,<MR-3>,389493016.81,7075181,Maranhão
2020,2,MA,RGF-Anexo 01,DespesaComPessoalInativoEPensionistasBruta,Pessoal Inativo e Pensionistas,<MR-2>,219656841.57,7075181,Maranhão
2020,2,MA,RGF-Anexo 01,DespesaComPessoalInativoEPensionistasBruta,Pessoal Inativo e Pensionistas,<MR-1>,92115394.78,7075181,Maranhão
2020,2,MA,RGF-Anexo 01,DespesaComPessoalInativoEPensionistasBruta,Pessoal Inativo e Pensionistas,<MR>,178224062.43,7075181,Maranhão
2020,2,MA,RGF-Anexo 01,DespesaComPessoalInativoEPensionistasBruta,Pessoal Inativo e Pensionistas,TOTAL (ÚLTIMOS 12 MESES) (a),1948807123.47,7075181,Maranhão
2020,2,MA,RGF-Anexo 01,DespesaComPessoalLiquida,DESPESA LÍQUIDA COM PESSOAL (III) = (I - II),<MR-11>,353519106.71,7075181,Maranhão
2020,2,MA,RGF-Anexo 01,DespesaComPessoalLiquida,DESPESA LÍQUIDA COM PESSOAL (III) = (I - II),<MR-10>,538679800.21,7075181,Maranhão
2020,2,MA,RGF-Anexo 01,DespesaComPessoalLiquida,DESPESA LÍQUIDA COM PESSOAL (III) = (I - II),<MR-9>,440982560.83,7075181,Maranhão
2020,2,MA,RGF-Anexo 01,DespesaComPessoalLiquida,DESPESA LÍQUIDA COM PESSOAL (III) = (I - II),<MR-8>,1107980440.04,7075181,Maranhão
2020,2,MA,RGF-Anexo 01,DespesaComPessoalLiquida,DESPESA LÍQUIDA COM PESSOAL (III) = (I - II),<MR-7>,247896268.31,7075181,Maranhão
2020,2,MA,RGF-Anexo 01,DespesaComPessoalLiquida,DESPESA LÍQUIDA COM PESSOAL (III) = (I - II),<MR-6>,558935750.4,7075181,Maranhão
2020,2,MA,RGF-Anexo 01,DespesaComPessoalLiquida,DESPESA LÍQUIDA COM PESSOAL (III) = (I - II),<MR-5>,364735900.45,7075181,Maranhão
2020,2,MA,RGF-Anexo 01,DespesaComPessoalLiquida,DESPESA LÍQUIDA COM PESSOAL (III) = (I - II),<MR-4>,253600902.23,7075181,Maranhão
2020,2,MA,RGF-Anexo 01,DespesaComPessoalLiquida,DESPESA LÍQUIDA COM PESSOAL (III) = (I - II),<MR-3>,603528995.93,7075181,Maranhão
2020,2,MA,RGF-Anexo 01,DespesaComPessoalLiquida,DESPESA LÍQUIDA COM PESSOAL (III) = (I - II),<MR-2>,558478659.76,7075181,Maranhão
2020,2,MA,RGF-Anexo 01,DespesaComPessoalLiquida,DESPESA LÍQUIDA COM PESSOAL (III) = (I - II),<MR-1>,447742358.87,7075181,Maranhão
2020,2,MA,RGF-Anexo 01,DespesaComPessoalLiquida,DESPESA LÍQUIDA COM PESSOAL (III) = (I - II),<MR>,243936572.7,7075181,Maranhão
2020,2,MA,RGF-Anexo 01,DespesaComPessoalLiquida,DESPESA LÍQUIDA COM PESSOAL (III) = (I - II),TOTAL (ÚLTIMOS 12 MESES) (a),5720017316.44,7075181,Maranhão
2020,2,MA,RGF-Anexo 01,DespesaComPessoalLiquida,DESPESA LÍQUIDA COM PESSOAL (III) = (I - II),INSCRITAS EM RESTOS A PAGAR NÃO PROCESSADOS (b),132707330.36,7075181,Maranhão
2020,2,MA,RGF-Anexo 01,ReceitaCorrenteLiquidaLimiteLegal,RECEITA CORRENTE LIQUIDA - RCL (IV),Valor,15793059288.09,7075181,Maranhão
2020,2,MA,RGF-Anexo 01,DespesaComPessoalTotal,DESPESA TOTAL COM PESSOAL - DTP (VIII) = (IIIa + IIIb),Valor,5852724646.8,7075181,Maranhão
2020,2,MA,RGF-Anexo 01,DespesaComPessoalTotal,DESPESA TOTAL COM PESSOAL - DTP (VIII) = (IIIa + IIIb),% sobre a RCL Ajustada,37.17,7075181,Maranhão
2020,2,MA,RGF-Anexo 02,DividaConsolidada,DÍVIDA CONSOLIDADA - DC (I),SALDO DO EXERCÍCIO ANTERIOR,7461344237.22,7075181,Maranhão
2020,2,MA,RGF-Anexo 02,DividaConsolidada,DÍVIDA CONSOLIDADA - DC (I),Até o 1º Quadrimestre,8069853758.85,7075181,Maranhão
2020,2,MA,RGF-Anexo 02,DividaConsolidada,DÍVIDA CONSOLIDADA - DC (I),Até o 2º Quadrimestre,8028268191.64,7075181,Maranhão
2020,2,MA,RGF-Anexo 02,DividaContratual,Dívida Contratual,SALDO DO EXERCÍCIO ANTERIOR,6248300213.73,7075181,Maranhão
2020,2,MA,RGF-Anexo 02,DividaContratual,Dívida Contratual,Até o 1º Quadrimestre,6906606398.26,7075181,Maranhão
2020,2,MA,RGF-Anexo 02,DividaContratual,Dívida Contratual,Até o 2º Quadrimestre,6901096569.38,7075181,Maranhão
2020,2,MA,RGF-Anexo 02,DividaConsolidadaLiquida,DÍVIDA CONSOLIDADA LÍQUIDA (DCL) (III) = (I - II),SALDO DO EXERCÍCIO ANTERIOR,6549951976.7,7075181,Maranhão
2020,2,MA,RGF-Anexo 02,DividaConsolidadaLiquida,DÍVIDA CONSOLIDADA LÍQUIDA (DCL) (III) = (I - II),Até o 1º Quadrimestre,3219628628.78,7075181,Maranhão
2020,2,MA,RGF-Anexo 02,DividaConsolidadaLiquida,DÍVIDA CONSOLIDADA LÍQUIDA (DCL) (III) = (I - II),Até o 2º Quadrimestre,2775465067.4,7075181,Maranhão
2020,3,MA,RGF-Anexo 01,DespesaComPessoalBruta,DESPESA BRUTA COM PESSOAL (I),<MR-11>,249202794.11,7075181,Maranhão
2020,3,MA,RGF-Anexo 01,DespesaComPessoalBruta,DESPESA BRUTA COM PESSOAL (I),<MR-10>,559221549.61,7075181,Maranhão
2020,3,MA,RGF-Anexo 01,DespesaComPessoalBruta,DESPESA BRUTA COM PESSOAL (I),<MR-9>,505256019.05,7075181,Maranhão
2020,3,MA,RGF-Anexo 01,DespesaComPessoalBruta,DESPESA BRUTA COM PESSOAL (I),<MR-8>,253844003.0,7075181,Maranhão
2020,3,MA,RGF-Anexo 01,DespesaComPessoalBruta,DESPESA BRUTA COM PESSOAL (I),<MR-7>,954900786.06,7075181,Maranhão
2020,3,MA,RGF-Anexo 01,DespesaComPessoalBruta,DESPESA BRUTA COM PESSOAL (I),<MR-6>,734560268.8,7075181,Maranhão
2020,3,MA,RGF-Anexo 01,DespesaComPessoalBruta,DESPESA BRUTA COM PESSOAL (I),<MR-5>,512058533.41,7075181,Maranhão
2020,3,MA,RGF-Anexo 01,DespesaComPessoalBruta,DESPESA BRUTA COM PESSOAL (I),<MR-4>,421849883.34,7075181,Maranhão
2020,3,MA,RGF-Anexo 01,DespesaComPessoalBruta,DESPESA BRUTA COM PESSOAL (I),<MR-3>,820190751.47,7075181,Maranhão
2020,3,MA,RGF-Anexo 01,DespesaComPessoalBruta,DESPESA BRUTA COM PESSOAL (I),<MR-2>,1135287674.39,7075181,Maranhão
2020,3,MA,RGF-Anexo 01,DespesaComPessoalBruta,DESPESA BRUTA COM PESSOAL (I),<MR-1>,450674767.4,7075181,Maranhão
2020,3,MA,RGF-Anexo 01,DespesaComPessoalBruta,DESPESA BRUTA COM PESSOAL (I),<MR>,1371605246.22,7075181,Maranhão
2020,3,MA,RGF-Anexo 01,DespesaComPessoalBruta,DESPESA BRUTA COM PESSOAL (I),TOTAL (ÚLTIMOS 12 MESES) (a),7968652276.86,7075181,Maranhão
2020,3,MA,RGF-Anexo 01,DespesaComPessoalBruta,DESPESA BRUTA COM PESSOAL (I),INSCRITAS EM RESTOS A PAGAR NÃO PROCESSADOS (b),3524781.22,7075181,Maranhão
2020,3,MA,RGF-Anexo 01,DespesaComPessoalAtivoBruta,Pessoal Ativo,<MR-11>,211520448.56,7075181,Maranhão
2020,3,MA,RGF-Anexo 01,DespesaComPessoalAtivoBruta,Pessoal Ativo,<MR-10>,520545975.15,7075181,Maranhão
2020,3,MA,RGF-Anexo 01,DespesaComPessoalAtivoBruta,Pessoal Ativo,<MR-9>,366129727.81,7075181,Maranhão
2020,3,MA,RGF-Anexo 01,DespesaComPessoalAtivoBruta,Pessoal Ativo,<MR-8>,253844003.0,7075181,Maranhão
2020,3,MA,RGF-Anexo 01,DespesaComPessoalAtivoBruta,Pessoal Ativo,<MR-7>,565407769.25,7075181,Maranhão
2020,3,MA,RGF-Anexo 01,DespesaComPessoalAtivoBruta,Pessoal Ativo,<MR-6>,514903607.71,7075181,Maranhão
2020,3,MA,RGF-Anexo 01,DespesaComPessoalAtivoBruta,Pessoal Ativo,<MR-5>,419943313.47,7075181,Maranhão
2020,3,MA,RGF-Anexo 01,DespesaComPessoalAtivoBruta,Pessoal Ativo,<MR-4>,243625820.91,7075181,Maranhão
2020,3,MA,RGF-Anexo 01,DespesaComPessoalAtivoBruta,Pessoal Ativo,<MR-3>,562751113.25,7075181,Maranhão
2020,3,MA,RGF-Anexo 01,DespesaComPessoalAtivoBruta,Pessoal Ativo,<MR-2>,747070354.32,7075181,Maranhão
2020,3,MA,RGF-Anexo 01,DespesaComPessoalAtivoBruta,Pessoal Ativo,<MR-1>,430856366.98,7075181,Maranhão
2020,3,MA,RGF-Anexo 01,DespesaComPessoalAtivoBruta,Pessoal Ativo,<MR>,710900037.28,7075181,Maranhão
2020,3,MA,RGF-Anexo 01,DespesaComPessoalAtivoBruta,Pessoal Ativo,TOTAL (ÚLTIMOS 12 MESES) (a),5547498537.69,7075181,Maranhão
2020,3,MA,RGF-Anexo 01,DespesaComPessoalAtivoBruta,Pessoal Ativo,INSCRITAS EM RESTOS A PAGAR NÃO PROCESSADOS (b),3524781.22,7075181,Maranhão
2020,3,MA,RGF-Anexo 01,DespesaComPessoalInativoEPensionistasBruta,Pessoal Inativo e Pensionistas,<MR-11>,37682345.55,7075181,Maranhão
2020,3,MA,RGF-Anexo 01,DespesaComPessoalInativoEPensionistasBruta,Pessoal Inativo e Pensionistas,<MR-10>,38675574.46,7075181,Maranhão
2020,3,MA,RGF-Anexo 01,DespesaComPessoalInativoEPensionistasBruta,Pessoal Inativo e Pensionistas,<MR-9>,139126291.24,7075181,Maranhão
2020,3,MA,RGF-Anexo 01,DespesaComPessoalInativoEPensionistasBruta,Pessoal Inativo e Pensionistas,<MR-7>,389493016.81,7075181,Maranhão
2020,3,MA,RGF-Anexo 01,DespesaComPessoalInativoEPensionistasBruta,Pessoal Inativo e Pensionistas,<MR-6>,219656661.09,7075181,Maranhão
2020,3,MA,RGF-Anexo 01,DespesaComPessoalInativoEPensionistasBruta,Pessoal Inativo e Pensionistas,<MR-5>,92115219.94,7075181,Maranhão
2020,3,MA,RGF-Anexo 01,DespesaComPessoalInativoEPensionistasBruta,Pessoal Inativo e Pensionistas,<MR-4>,178224062.43,7075181,Maranhão
2020,3,MA,RGF-Anexo 01,DespesaComPessoalInativoEPensionistasBruta,Pessoal Inativo e Pensionistas,<MR-3>,257439638.22,7075181,Maranhão
2020,3,MA,RGF-Anexo 01,DespesaComPessoalInativoEPensionistasBruta,Pessoal Inativo e Pensionistas,<MR-2>,388217320.07,7075181,Maranhão
2020,3,MA,RGF-Anexo 01,DespesaComPessoalInativoEPensionistasBruta,Pessoal Inativo e Pensionistas,<MR-1>,19818400.42,7075181,Maranhão
2020,3,MA,RGF-Anexo 01,DespesaComPessoalInativoEPensionistasBruta,Pessoal Inativo e Pensionistas,<MR>,660705208.94,7075181,Maranhão
2020,3,MA,RGF-Anexo 01,DespesaComPessoalInativoEPensionistasBruta,Pessoal Inativo e Pensionistas,TOTAL (ÚLTIMOS 12 MESES) (a),2421153739.17,7075181,Maranhão
2020,3,MA,RGF-Anexo 01,DespesaComPessoalLiquida,DESPESA LÍQUIDA COM PESSOAL (III) = (I - II),<MR-11>,247896268.31,7075181,Maranhão
2020,3,MA,RGF-Anexo 01,DespesaComPessoalLiquida,DESPESA LÍQUIDA COM PESSOAL (III) = (I - II),<MR-10>,558935750.4,7075181,Maranhão
2020,3,MA,RGF-Anexo 01,DespesaComPessoalLiquida,DESPESA LÍQUIDA COM PESSOAL (III) = (I - II),<MR-9>,364735900.45,7075181,Maranhão
2020,3,MA,RGF-Anexo 01,DespesaComPessoalLiquida,DESPESA LÍQUIDA COM PESSOAL (III) = (I - II),<MR-8>,253600902.23,7075181,Maranhão
2020,3,MA,RGF-Anexo 01,DespesaComPessoalLiquida,DESPESA LÍQUIDA COM PESSOAL (III) = (I - II),<MR-7>,603528995.93,7075181,Maranhão
2020,3,MA,RGF-Anexo 01,DespesaComPessoalLiquida,DESPESA LÍQUIDA COM PESSOAL (III) = (I - II),<MR-6>,558478479.28,7075181,Maranhão
2020,3,MA,RGF-Anexo 01,DespesaComPessoalLiquida,DESPESA LÍQUIDA COM PESSOAL (III) = (I - II),<MR-5>,447742184.03,7075181,Maranhão
2020,3,MA,RGF-Anexo 01,DespesaComPessoalLiquida,DESPESA LÍQUIDA COM PESSOAL (III) = (I - II),<MR-4>,243936572.7,7075181,Maranhão
2020,3,MA,RGF-Anexo 01,DespesaComPessoalLiquida,DESPESA LÍQUIDA COM PESSOAL (III) = (I - II),<MR-3>,577987066.34,7075181,Maranhão
2020,3,MA,RGF-Anexo 01,DespesaComPessoalLiquida,DESPESA LÍQUIDA COM PESSOAL (III) = (I - II),<MR-2>,892134178.91,7075181,Maranhão
2020,3,MA,RGF-Anexo 01,DespesaComPessoalLiquida,DESPESA LÍQUIDA COM PESSOAL (III) = (I - II),<MR-1>,428831279.98,7075181,Maranhão
2020,3,MA,RGF-Anexo 01,DespesaComPessoalLiquida,DESPESA LÍQUIDA COM PESSOAL (III) = (I - II),<MR>,921166896.35,7075181,Maranhão
2020,3,MA,RGF-Anexo 01,DespesaComPessoalLiquida,DESPESA LÍQUIDA COM PESSOAL (III) = (I - II),TOTAL (ÚLTIMOS 12 MESES) (a),6098974474.91,7075181,Maranhão
2020,3,MA,RGF-Anexo 01,DespesaComPessoalLiquida,DESPESA LÍQUIDA COM PESSOAL (III) = (I - II),INSCRITAS EM RESTOS A PAGAR NÃO PROCESSADOS (b),2980071.28,7075181,Maranhão
2020,3,MA,RGF-Anexo 01,ReceitaCorrenteLiquidaLimiteLegal,RECEITA CORRENTE LIQUIDA - RCL (IV),Valor,16314807210.65,7075181,Maranhão
2020,3,MA,RGF-Anexo 01,DespesaComPessoalTotal,DESPESA TOTAL COM PESSOAL - DTP (VIII) = (IIIa + IIIb),Valor,6101954546.19,7075181,Maranhão
2020,3,MA,RGF-Anexo 01,DespesaComPessoalTotal,DESPESA TOTAL COM PESSOAL - DTP (VIII) = (IIIa + IIIb),% sobre a RCL Ajustada,37.51,7075181,Maranhão
2020,3,MA,RGF-Anexo 01,DespesaComPessoalTotal,DESPESA TOTAL COM PESSOAL - DTP (III) = (I - II),VALORES TRANSFERIDOS POR CONTRATO DE RATEIO,2932510.71,7075181,Maranhão
2020,3,MA,RGF-Anexo 01,DespesaComPessoalTotal,DESPESA TOTAL COM PESSOAL - DTP (III) = (I - II),LIQUIDADAS (a),2925413.94,7075181,Maranhão
2020,3,MA,RGF-Anexo 01,DespesaComPessoalTotal,DESPESA TOTAL COM PESSOAL - DTP (III) = (I - II),INSCRITAS EM RESTOS A PAGAR NÃO PROCESSADOS (b),7096.77,7075181,Maranhão
2020,3,MA,RGF-Anexo 01,DespesaComPessoalTotal,DESPESA TOTAL COM PESSOAL - DTP (III) = (I - II),TOTAL (c = a + b),2932510.71,7075181,Maranhão
2020,3,MA,RGF-Anexo 02,DividaConsolidada,DÍVIDA CONSOLIDADA - DC (I),SALDO DO EXERCÍCIO ANTERIOR,7461344237.22,7075181,Maranhão
2020,3,MA,RGF-Anexo 02,DividaConsolidada,DÍVIDA CONSOLIDADA - DC (I),Até o 1º Quadrimestre,8069853758.85,7075181,Maranhão
2020,3,MA,RGF-Anexo 02,DividaConsolidada,DÍVIDA CONSOLIDADA - DC (I),Até o 2º Quadrimestre,8028268191.64,7075181,Maranhão
2020,3,MA,RGF-Anexo 02,DividaConsolidada,DÍVIDA CONSOLIDADA - DC (I),Até o 3º Quadrimestre,7989634870.21,7075181,Maranhão
2020,3,MA,RGF-Anexo 02,DividaContratual,Dívida Contratual,SALDO DO EXERCÍCIO ANTERIOR,6248300213.73,7075181,Maranhão
2020,3,MA,RGF-Anexo 02,DividaContratual,Dívida Contratual,Até o 1º Quadrimestre,6906606398.26,7075181,Maranhão
2020,3,MA,RGF-Anexo 02,DividaContratual,Dívida Contratual,Até o 2º Quadrimestre,6901096569.38,7075181,Maranhão
2020,3,MA,RGF-Anexo 02,DividaContratual,Dívida Contratual,Até o 3º Quadrimestre,6354702942.48,7075181,Maranhão
2020,3,MA,RGF-Anexo 02,DividaConsolidadaLiquida,DÍVIDA CONSOLIDADA LÍQUIDA (DCL) (III) = (I - II),SALDO DO EXERCÍCIO ANTERIOR,6549951976.7,7075181,Maranhão
2020,3,MA,RGF-Anexo 02,DividaConsolidadaLiquida,DÍVIDA CONSOLIDADA LÍQUIDA (DCL) (III) = (I - II),Até o 1º Quadrimestre,3219628628.78,7075181,Maranhão
2020,3,MA,RGF-Anexo 02,DividaConsolidadaLiquida,DÍVIDA CONSOLIDADA LÍQUIDA (DCL) (III) = (I - II),Até o 2º Quadrimestre,2775465067.4,7075181,Maranhão
2020,3,MA,RGF-Anexo 02,DividaConsolidadaLiquida,DÍVIDA CONSOLIDADA LÍQUIDA (DCL) (III) = (I - II),Até o 3º Quadrimestre,6816589736.78,7075181,Maranhão
2021,1,MA,RGF-Anexo 01,DespesaComPessoalBruta,DESPESA BRUTA COM PESSOAL (I),<MR-11>,954900786.06,7114598,Maranhão
2021,1,MA,RGF-Anexo 01,DespesaComPessoalBruta,DESPESA BRUTA COM PESSOAL (I),<MR-10>,734560268.8,7114598,Maranhão
2021,1,MA,RGF-Anexo 01,DespesaComPessoalBruta,DESPESA BRUTA COM PESSOAL (I),<MR-9>,512058533.41,7114598,Maranhão
2021,1,MA,RGF-Anexo 01,DespesaComPessoalBruta,DESPESA BRUTA COM PESSOAL (I),<MR-8>,421849883.34,7114598,Maranhão
2021,1,MA,RGF-Anexo 01,DespesaComPessoalBruta,DESPESA BRUTA COM PESSOAL (I),<MR-7>,820190751.47,7114598,Maranhão
2021,1,MA,RGF-Anexo 01,DespesaComPessoalBruta,DESPESA BRUTA COM PESSOAL (I),<MR-6>,1135287674.39,7114598,Maranhão
2021,1,MA,RGF-Anexo 01,DespesaComPessoalBruta,DESPESA BRUTA COM PESSOAL (I),<MR-5>,450674767.4,7114598,Maranhão
2021,1,MA,RGF-Anexo 01,DespesaComPessoalBruta,DESPESA BRUTA COM PESSOAL (I),<MR-4>,1371605246.22,7114598,Maranhão
2021,1,MA,RGF-Anexo 01,DespesaComPessoalBruta,DESPESA BRUTA COM PESSOAL (I),<MR-3>,226988951.09,7114598,Maranhão
2021,1,MA,RGF-Anexo 01,DespesaComPessoalBruta,DESPESA BRUTA COM PESSOAL (I),<MR-2>,675281648.05,7114598,Maranhão
2021,1,MA,RGF-Anexo 01,DespesaComPessoalBruta,DESPESA BRUTA COM PESSOAL (I),<MR-1>,637819278.43,7114598,Maranhão
2021,1,MA,RGF-Anexo 01,DespesaComPessoalBruta,DESPESA BRUTA COM PESSOAL (I),<MR>,665715619.08,7114598,Maranhão
2021,1,MA,RGF-Anexo 01,DespesaComPessoalBruta,DESPESA BRUTA COM PESSOAL (I),TOTAL (ÚLTIMOS 12 MESES) (a),8606933407.74,7114598,Maranhão
2021,1,MA,RGF-Anexo 01,DespesaComPessoalBruta,DESPESA BRUTA COM PESSOAL (I),INSCRITAS EM RESTOS A PAGAR NÃO PROCESSADOS (b),3524781.22,7114598,Maranhão
2021,1,MA,RGF-Anexo 01,DespesaComPessoalAtivoBruta,Pessoal Ativo,<MR-11>,565407769.25,7114598,Maranhão
2021,1,MA,RGF-Anexo 01,DespesaComPessoalAtivoBruta,Pessoal Ativo,<MR-10>,514903607.71,7114598,Maranhão
2021,1,MA,RGF-Anexo 01,DespesaComPessoalAtivoBruta,Pessoal Ativo,<MR-9>,419943313.47,7114598,Maranhão
2021,1,MA,RGF-Anexo 01,DespesaComPessoalAtivoBruta,Pessoal Ativo,<MR-8>,243625820.91,7114598,Maranhão
2021,1,MA,RGF-Anexo 01,DespesaComPessoalAtivoBruta,Pessoal Ativo,<MR-7>,562751113.25,7114598,Maranhão
2021,1,MA,RGF-Anexo 01,DespesaComPessoalAtivoBruta,Pessoal Ativo,<MR-6>,747070354.32,7114598,Maranhão
2021,1,MA,RGF-Anexo 01,DespesaComPessoalAtivoBruta,Pessoal Ativo,<MR-5>,430856366.98,7114598,Maranhão
2021,1,MA,RGF-Anexo 01,DespesaComPessoalAtivoBruta,Pessoal Ativo,<MR-4>,710900037.28,7114598,Maranhão
2021,1,MA,RGF-Anexo 01,DespesaComPessoalAtivoBruta,Pessoal Ativo,<MR-3>,226988951.09,7114598,Maranhão
2021,1,MA,RGF-Anexo 01,DespesaComPessoalAtivoBruta,Pessoal Ativo,<MR-2>,465384346.61,7114598,Maranhão
2021,1,MA,RGF-Anexo 01,DespesaComPessoalAtivoBruta,Pessoal Ativo,<MR-1>,424851541.82,7114598,Maranhão
2021,1,MA,RGF-Anexo 01,DespesaComPessoalAtivoBruta,Pessoal Ativo,<MR>,521851316.08,7114598,Maranhão
2021,1,MA,RGF-Anexo 01,DespesaComPessoalAtivoBruta,Pessoal Ativo,TOTAL (ÚLTIMOS 12 MESES) (a),5834534538.77,7114598,Maranhão
2021,1,MA,RGF-Anexo 01,DespesaComPessoalAtivoBruta,Pessoal Ativo,INSCRITAS EM RESTOS A PAGAR NÃO PROCESSADOS (b),3524781.22,7114598,Maranhão
2021,1,MA,RGF-Anexo 01,DespesaComPessoalInativoEPensionistasBruta,Pessoal Inativo e Pensionistas,<MR-11>,389493016.81,7114598,Maranhão
2021,1,MA,RGF-Anexo 01,DespesaComPessoalInativoEPensionistasBruta,Pessoal Inativo e Pensionistas,<MR-10>,219656661.09,7114598,Maranhão
2021,1,MA,RGF-Anexo 01,DespesaComPessoalInativoEPensionistasBruta,Pessoal Inativo e Pensionistas,<MR-9>,92115219.94,7114598,Maranhão
2021,1,MA,RGF-Anexo 01,DespesaComPessoalInativoEPensionistasBruta,Pessoal Inativo e Pensionistas,<MR-8>,178224062.43,7114598,Maranhão
2021,1,MA,RGF-Anexo 01,DespesaComPessoalInativoEPensionistasBruta,Pessoal Inativo e Pensionistas,<MR-7>,257439638.22,7114598,Maranhão
2021,1,MA,RGF-Anexo 01,DespesaComPessoalInativoEPensionistasBruta,Pessoal Inativo e Pensionistas,<MR-6>,388217320.07,7114598,Maranhão
2021,1,MA,RGF-Anexo 01,DespesaComPessoalInativoEPensionistasBruta,Pessoal Inativo e Pensionistas,<MR-5>,19818400.42,7114598,Maranhão
2021,1,MA,RGF-Anexo 01,DespesaComPessoalInativoEPensionistasBruta,Pessoal Inativo e Pensionistas,<MR-4>,660705208.94,7114598,Maranhão
2021,1,MA,RGF-Anexo 01,DespesaComPessoalInativoEPensionistasBruta,Pessoal Inativo e Pensionistas,<MR-2>,209897301.44,7114598,Maranhão
2021,1,MA,RGF-Anexo 01,DespesaComPessoalInativoEPensionistasBruta,Pessoal Inativo e Pensionistas,<MR-1>,212967736.61,7114598,Maranhão
2021,1,MA,RGF-Anexo 01,DespesaComPessoalInativoEPensionistasBruta,Pessoal Inativo e Pensionistas,<MR>,143864303.0,7114598,Maranhão
2021,1,MA,RGF-Anexo 01,DespesaComPessoalInativoEPensionistasBruta,Pessoal Inativo e Pensionistas,TOTAL (ÚLTIMOS 12 MESES) (a),2772398868.97,7114598,Maranhão
2021,1,MA,RGF-Anexo 01,DespesaComPessoalLiquida,DESPESA LÍQUIDA COM PESSOAL (III) = (I - II),<MR-11>,603528995.93,7114598,Maranhão
2021,1,MA,RGF-Anexo 01,DespesaComPessoalLiquida,DESPESA LÍQUIDA COM PESSOAL (III) = (I - II),<MR-10>,558478479.28,7114598,Maranhão
2021,1,MA,RGF-Anexo 01,DespesaComPessoalLiquida,DESPESA LÍQUIDA COM PESSOAL (III) = (I - II),<MR-9>,447742184.03,7114598,Maranhão
2021,1,MA,RGF-Anexo 01,DespesaComPessoalLiquida,DESPESA LÍQUIDA COM PESSOAL (III) = (I - II),<MR-8>,243936572.7,7114598,Maranhão
2021,1,MA,RGF-Anexo 01,DespesaComPessoalLiquida,DESPESA LÍQUIDA COM PESSOAL (III) = (I - II),<MR-7>,577987066.34,7114598,Maranhão
2021,1,MA,RGF-Anexo 01,DespesaComPessoalLiquida,DESPESA LÍQUIDA COM PESSOAL (III) = (I - II),<MR-6>,892134178.91,7114598,Maranhão
2021,1,MA,RGF-Anexo 01,DespesaComPessoalLiquida,DESPESA LÍQUIDA COM PESSOAL (III) = (I - II),<MR-5>,428831279.98,7114598,Maranhão
2021,1,MA,RGF-Anexo 01,DespesaComPessoalLiquida,DESPESA LÍQUIDA COM PESSOAL (III) = (I - II),<MR-4>,921166896.35,7114598,Maranhão
2021,1,MA,RGF-Anexo 01,DespesaComPessoalLiquida,DESPESA LÍQUIDA COM PESSOAL (III) = (I - II),<MR-3>,226810488.67,7114598,Maranhão
2021,1,MA,RGF-Anexo 01,DespesaComPessoalLiquida,DESPESA LÍQUIDA COM PESSOAL (III) = (I - II),<MR-2>,521007605.65,7114598,Maranhão
2021,1,MA,RGF-Anexo 01,DespesaComPessoalLiquida,DESPESA LÍQUIDA COM PESSOAL (III) = (I - II),<MR-1>,481694604.03,7114598,Maranhão
2021,1,MA,RGF-Anexo 01,DespesaComPessoalLiquida,DESPESA LÍQUIDA COM PESSOAL (III) = (I - II),<MR>,527278994.22,7114598,Maranhão
2021,1,MA,RGF-Anexo 01,DespesaComPessoalLiquida,DESPESA LÍQUIDA COM PESSOAL (III) = (I - II),TOTAL (ÚLTIMOS 12 MESES) (a),6430597346.09,7114598,Maranhão
2021,1,MA,RGF-Anexo 01,DespesaComPessoalLiquida,DESPESA LÍQUIDA COM PESSOAL (III) = (I - II),INSCRITAS EM RESTOS A PAGAR NÃO PROCESSADOS (b),2980071.28,7114598,Maranhão
2021,1,MA,RGF-Anexo 01,ReceitaCorrenteLiquidaLimiteLegal,RECEITA CORRENTE LIQUIDA - RCL (IV),Valor,17138766778.45,7114598,Maranhão
2021,1,MA,RGF-Anexo 01,DespesaComPessoalTotal,DESPESA TOTAL COM PESSOAL - DTP (VIII) = (IIIa + IIIb),Valor,6433577417.37,7114598,Maranhão
2021,1,MA,RGF-Anexo 01,DespesaComPessoalTotal,DESPESA TOTAL COM PESSOAL - DTP (VIII) = (IIIa + IIIb),% sobre a RCL Ajustada,37.63,7114598,Maranhão
2021,1,MA,RGF-Anexo 01,DespesaComPessoalTotal,DESPESA TOTAL COM PESSOAL - DTP (III) = (I - II),LIQUIDADAS (a),2924055.89,7114598,Maranhão
2021,1,MA,RGF-Anexo 01,DespesaComPessoalTotal,DESPESA TOTAL COM PESSOAL - DTP (III) = (I - II),INSCRITAS EM RESTOS A PAGAR NÃO PROCESSADOS (b),7096.77,7114598,Maranhão
2021,1,MA,RGF-Anexo 01,DespesaComPessoalTotal,DESPESA TOTAL COM PESSOAL - DTP (III) = (I - II),TOTAL (c = a + b),2931152.66,7114598,Maranhão
2021,1,MA,RGF-Anexo 02,DividaConsolidada,DÍVIDA CONSOLIDADA - DC (I),SALDO DO EXERCÍCIO ANTERIOR,7989634870.21,7114598,Maranhão
2021,1,MA,RGF-Anexo 02,DividaConsolidada,DÍVIDA CONSOLIDADA - DC (I),Até o 1º Quadrimestre,8139686196.26,7114598,Maranhão
2021,1,MA,RGF-Anexo 02,DividaContratual,Dívida Contratual,SALDO DO EXERCÍCIO ANTERIOR,6354702942.48,7114598,Maranhão
2021,1,MA,RGF-Anexo 02,DividaContratual,Dívida Contratual,Até o 1º Quadrimestre,6504754268.53,7114598,Maranhão
2021,1,MA,RGF-Anexo 02,DividaConsolidadaLiquida,DÍVIDA CONSOLIDADA LÍQUIDA (DCL) (III) = (I - II),SALDO DO EXERCÍCIO ANTERIOR,6816589736.78,7114598,Maranhão
2021,1,MA,RGF-Anexo 02,DividaConsolidadaLiquida,DÍVIDA CONSOLIDADA LÍQUIDA (DCL) (III) = (I - II),Até o 1º Quadrimestre,5790095423.85,7114598,Maranhão
2021,2,MA,RGF-Anexo 01,DespesaComPessoalBruta,DESPESA BRUTA COM PESSOAL (I),<MR-11>,820190751.47,7114598,Maranhão
2021,2,MA,RGF-Anexo 01,DespesaComPessoalBruta,DESPESA BRUTA COM PESSOAL (I),<MR-10>,1135287674.39,7114598,Maranhão
2021,2,MA,RGF-Anexo 01,DespesaComPessoalBruta,DESPESA BRUTA COM PESSOAL (I),<MR-9>,450674767.4,7114598,Maranhão
2021,2,MA,RGF-Anexo 01,DespesaComPessoalBruta,DESPESA BRUTA COM PESSOAL (I),<MR-8>,1371605246.22,7114598,Maranhão
2021,2,MA,RGF-Anexo 01,DespesaComPessoalBruta,DESPESA BRUTA COM PESSOAL (I),<MR-7>,226988951.09,7114598,Maranhão
2021,2,MA,RGF-Anexo 01,DespesaComPessoalBruta,DESPESA BRUTA COM PESSOAL (I),<MR-6>,675281648.05,7114598,Maranhão
2021,2,MA,RGF-Anexo 01,DespesaComPessoalBruta,DESPESA BRUTA COM PESSOAL (I),<MR-5>,637819278.43,7114598,Maranhão
2021,2,MA,RGF-Anexo 01,DespesaComPessoalBruta,DESPESA BRUTA COM PESSOAL (I),<MR-4>,665715619.08,7114598,Maranhão
2021,2,MA,RGF-Anexo 01,DespesaComPessoalBruta,DESPESA BRUTA COM PESSOAL (I),<MR-3>,869503490.39,7114598,Maranhão
2021,2,MA,RGF-Anexo 01,DespesaComPessoalBruta,DESPESA BRUTA COM PESSOAL (I),<MR-2>,766862119.22,7114598,Maranhão
2021,2,MA,RGF-Anexo 01,DespesaComPessoalBruta,DESPESA BRUTA COM PESSOAL (I),<MR-1>,633997615.64,7114598,Maranhão
2021,2,MA,RGF-Anexo 01,DespesaComPessoalBruta,DESPESA BRUTA COM PESSOAL (I),<MR>,398972022.43,7114598,Maranhão
2021,2,MA,RGF-Anexo 01,DespesaComPessoalBruta,DESPESA BRUTA COM PESSOAL (I),TOTAL (ÚLTIMOS 12 MESES) (a),8652899183.81,7114598,Maranhão
2021,2,MA,RGF-Anexo 01,DespesaComPessoalBruta,DESPESA BRUTA COM PESSOAL (I),INSCRITAS EM RESTOS A PAGAR NÃO PROCESSADOS (b),3524781.22,7114598,Maranhão
2021,2,MA,RGF-Anexo 01,DespesaComPessoalAtivoBruta,Pessoal Ativo,<MR-11>,562751113.25,7114598,Maranhão
2021,2,MA,RGF-Anexo 01,DespesaComPessoalAtivoBruta,Pessoal Ativo,<MR-10>,747070354.32,7114598,Maranhão
2021,2,MA,RGF-Anexo 01,DespesaComPessoalAtivoBruta,Pessoal Ativo,<MR-9>,430856366.98,7114598,Maranhão
2021,2,MA,RGF-Anexo 01,DespesaComPessoalAtivoBruta,Pessoal Ativo,<MR-8>,710900037.28,7114598,Maranhão
2021,2,MA,RGF-Anexo 01,DespesaComPessoalAtivoBruta,Pessoal Ativo,<MR-7>,226988951.09,7114598,Maranhão
2021,2,MA,RGF-Anexo 01,DespesaComPessoalAtivoBruta,Pessoal Ativo,<MR-6>,465384346.61,7114598,Maranhão
2021,2,MA,RGF-Anexo 01,DespesaComPessoalAtivoBruta,Pessoal Ativo,<MR-5>,424851541.82,7114598,Maranhão
2021,2,MA,RGF-Anexo 01,DespesaComPessoalAtivoBruta,Pessoal Ativo,<MR-4>,521851316.08,7114598,Maranhão
2021,2,MA,RGF-Anexo 01,DespesaComPessoalAtivoBruta,Pessoal Ativo,<MR-3>,533775712.29,7114598,Maranhão
2021,2,MA,RGF-Anexo 01,DespesaComPessoalAtivoBruta,Pessoal Ativo,<MR-2>,448071812.65,7114598,Maranhão
2021,2,MA,RGF-Anexo 01,DespesaComPessoalAtivoBruta,Pessoal Ativo,<MR-1>,399607218.8,7114598,Maranhão
2021,2,MA,RGF-Anexo 01,DespesaComPessoalAtivoBruta,Pessoal Ativo,<MR>,398972022.43,7114598,Maranhão
2021,2,MA,RGF-Anexo 01,DespesaComPessoalAtivoBruta,Pessoal Ativo,TOTAL (ÚLTIMOS 12 MESES) (a),5871080793.6,7114598,Maranhão
2021,2,MA,RGF-Anexo 01,DespesaComPessoalAtivoBruta,Pessoal Ativo,INSCRITAS EM RESTOS A PAGAR NÃO PROCESSADOS (b),3524781.22,7114598,Maranhão
2021,2,MA,RGF-Anexo 01,DespesaComPessoalInativoEPensionistasBruta,Pessoal Inativo e Pensionistas,<MR-11>,257439638.22,7114598,Maranhão
2021,2,MA,RGF-Anexo 01,DespesaComPessoalInativoEPensionistasBruta,Pessoal Inativo e Pensionistas,<MR-10>,388217320.07,7114598,Maranhão
2021,2,MA,RGF-Anexo 01,DespesaComPessoalInativoEPensionistasBruta,Pessoal Inativo e Pensionistas,<MR-9>,19818400.42,7114598,Maranhão
2021,2,MA,RGF-Anexo 01,DespesaComPessoalInativoEPensionistasBruta,Pessoal Inativo e Pensionistas,<MR-8>,660705208.94,7114598,Maranhão
2021,2,MA,RGF-Anexo 01,DespesaComPessoalInativoEPensionistasBruta,Pessoal Inativo e Pensionistas,<MR-6>,209897301.44,7114598,Maranhão
2021,2,MA,RGF-Anexo 01,DespesaComPessoalInativoEPensionistasBruta,Pessoal Inativo e Pensionistas,<MR-5>,212967736.61,7114598,Maranhão
2021,2,MA,RGF-Anexo 01,DespesaComPessoalInativoEPensionistasBruta,Pessoal Inativo e Pensionistas,<MR-4>,143864303.0,7114598,Maranhão
2021,2,MA,RGF-Anexo 01,DespesaComPessoalInativoEPensionistasBruta,Pessoal Inativo e Pensionistas,<MR-3>,335727778.1,7114598,Maranhão
2021,2,MA,RGF-Anexo 01,DespesaComPessoalInativoEPensionistasBruta,Pessoal Inativo e Pensionistas,<MR-2>,318790306.57,7114598,Maranhão
2021,2,MA,RGF-Anexo 01,DespesaComPessoalInativoEPensionistasBruta,Pessoal Inativo e Pensionistas,<MR-1>,234390396.84,7114598,Maranhão
2021,2,MA,RGF-Anexo 01,DespesaComPessoalInativoEPensionistasBruta,Pessoal Inativo e Pensionistas,TOTAL (ÚLTIMOS 12 MESES) (a),2781818390.21,7114598,Maranhão
2021,2,MA,RGF-Anexo 01,DespesaComPessoalLiquida,DESPESA LÍQUIDA COM PESSOAL (III) = (I - II),<MR-11>,577987066.34,7114598,Maranhão
2021,2,MA,RGF-Anexo 01,DespesaComPessoalLiquida,DESPESA LÍQUIDA COM PESSOAL (III) = (I - II),<MR-10>,892134178.91,7114598,Maranhão
2021,2,MA,RGF-Anexo 01,DespesaComPessoalLiquida,DESPESA LÍQUIDA COM PESSOAL (III) = (I - II),<MR-9>,428831279.98,7114598,Maranhão
2021,2,MA,RGF-Anexo 01,DespesaComPessoalLiquida,DESPESA LÍQUIDA COM PESSOAL (III) = (I - II),<MR-8>,921166896.35,7114598,Maranhão
2021,2,MA,RGF-Anexo 01,DespesaComPessoalLiquida,DESPESA LÍQUIDA COM PESSOAL (III) = (I - II),<MR-7>,226810488.67,7114598,Maranhão
2021,2,MA,RGF-Anexo 01,DespesaComPessoalLiquida,DESPESA LÍQUIDA COM PESSOAL (III) = (I - II),<MR-6>,521007605.65,7114598,Maranhão
2021,2,MA,RGF-Anexo 01,DespesaComPessoalLiquida,DESPESA LÍQUIDA COM PESSOAL (III) = (I - II),<MR-5>,481694604.03,7114598,Maranhão
2021,2,MA,RGF-Anexo 01,DespesaComPessoalLiquida,DESPESA LÍQUIDA COM PESSOAL (III) = (I - II),<MR-4>,527278994.22,7114598,Maranhão
2021,2,MA,RGF-Anexo 01,DespesaComPessoalLiquida,DESPESA LÍQUIDA COM PESSOAL (III) = (I - II),<MR-3>,664550901.46,7114598,Maranhão
2021,2,MA,RGF-Anexo 01,DespesaComPessoalLiquida,DESPESA LÍQUIDA COM PESSOAL (III) = (I - II),<MR-2>,491568108.02,7114598,Maranhão
2021,2,MA,RGF-Anexo 01,DespesaComPessoalLiquida,DESPESA LÍQUIDA COM PESSOAL (III) = (I - II),<MR-1>,494606271.57,7114598,Maranhão
2021,2,MA,RGF-Anexo 01,DespesaComPessoalLiquida,DESPESA LÍQUIDA COM PESSOAL (III) = (I - II),<MR>,396506828.51,7114598,Maranhão
2021,2,MA,RGF-Anexo 01,DespesaComPessoalLiquida,DESPESA LÍQUIDA COM PESSOAL (III) = (I - II),TOTAL (ÚLTIMOS 12 MESES) (a),6624143223.71,7114598,Maranhão
2021,2,MA,RGF-Anexo 01,DespesaComPessoalLiquida,DESPESA LÍQUIDA COM PESSOAL (III) = (I - II),INSCRITAS EM RESTOS A PAGAR NÃO PROCESSADOS (b),2980071.28,7114598,Maranhão
2021,2,MA,RGF-Anexo 01,ReceitaCorrenteLiquidaLimiteLegal,RECEITA CORRENTE LIQUIDA - RCL (IV),Valor,17566231640.94,7114598,Maranhão
2021,2,MA,RGF-Anexo 01,DespesaComPessoalTotal,DESPESA TOTAL COM PESSOAL - DTP (VIII) = (IIIa + IIIb),Valor,6627123294.99,7114598,Maranhão
2021,2,MA,RGF-Anexo 01,DespesaComPessoalTotal,DESPESA TOTAL COM PESSOAL - DTP (VIII) = (IIIa + IIIb),% sobre a RCL Ajustada,37.73,7114598,Maranhão
2021,2,MA,RGF-Anexo 02,DividaConsolidada,DÍVIDA CONSOLIDADA - DC (I),SALDO DO EXERCÍCIO ANTERIOR,7989634870.21,7114598,Maranhão
2021,2,MA,RGF-Anexo 02,DividaConsolidada,DÍVIDA CONSOLIDADA - DC (I),Até o 1º Quadrimestre,8139686196.26,7114598,Maranhão
2021,2,MA,RGF-Anexo 02,DividaConsolidada,DÍVIDA CONSOLIDADA - DC (I),Até o 2º Quadrimestre,7426862168.97,7114598,Maranhão
2021,2,MA,RGF-Anexo 02,DividaContratual,Dívida Contratual,SALDO DO EXERCÍCIO ANTERIOR,6354702942.48,7114598,Maranhão
2021,2,MA,RGF-Anexo 02,DividaContratual,Dívida Contratual,Até o 1º Quadrimestre,6504754268.53,7114598,Maranhão
2021,2,MA,RGF-Anexo 02,DividaContratual,Dívida Contratual,Até o 2º Quadrimestre,5791930241.24,7114598,Maranhão
2021,2,MA,RGF-Anexo 02,DividaConsolidadaLiquida,DÍVIDA CONSOLIDADA LÍQUIDA (DCL) (III) = (I - II),SALDO DO EXERCÍCIO ANTERIOR,6816589736.78,7114598,Maranhão
2021,2,MA,RGF-Anexo 02,DividaConsolidadaLiquida,DÍVIDA CONSOLIDADA LÍQUIDA (DCL) (III) = (I - II),Até o 1º Quadrimestre,5790095423.85,7114598,Maranhão
2021,2,MA,RGF-Anexo 02,DividaConsolidadaLiquida,DÍVIDA CONSOLIDADA LÍQUIDA (DCL) (III) = (I - II),Até o 2º Quadrimestre,5243622810.43,7114598,Maranhão
2021,3,MA,RGF-Anexo 01,DespesaComPessoalBruta,DESPESA BRUTA COM PESSOAL (I),<MR-11>,226988951.09,7114598,Maranhão
2021,3,MA,RGF-Anexo 01,DespesaComPessoalBruta,DESPESA BRUTA COM PESSOAL (I),<MR-10>,675281648.05,7114598,Maranhão
2021,3,MA,RGF-Anexo 01,DespesaComPessoalBruta,DESPESA BRUTA COM PESSOAL (I),<MR-9>,637819278.43,7114598,Maranhão
2021,3,MA,RGF-Anexo 01,DespesaComPessoalBruta,DESPESA BRUTA COM PESSOAL (I),<MR-8>,665715619.08,7114598,Maranhão
2021,3,MA,RGF-Anexo 01,DespesaComPessoalBruta,DESPESA BRUTA COM PESSOAL (I),<MR-7>,869503490.39,7114598,Maranhão
2021,3,MA,RGF-Anexo 01,DespesaComPessoalBruta,DESPESA BRUTA COM PESSOAL (I),<MR-6>,766862119.22,7114598,Maranhão
2021,3,MA,RGF-Anexo 01,DespesaComPessoalBruta,DESPESA BRUTA COM PESSOAL (I),<MR-5>,633997615.64,7114598,Maranhão
2021,3,MA,RGF-Anexo 01,DespesaComPessoalBruta,DESPESA BRUTA COM PESSOAL (I),<MR-4>,398892863.14,7114598,Maranhão
2021,3,MA,RGF-Anexo 01,DespesaComPessoalBruta,DESPESA BRUTA COM PESSOAL (I),<MR-3>,840468802.89,7114598,Maranhão
2021,3,MA,RGF-Anexo 01,DespesaComPessoalBruta,DESPESA BRUTA COM PESSOAL (I),<MR-2>,575896567.63,7114598,Maranhão
2021,3,MA,RGF-Anexo 01,DespesaComPessoalBruta,DESPESA BRUTA COM PESSOAL (I),<MR-1>,866805225.03,7114598,Maranhão
2021,3,MA,RGF-Anexo 01,DespesaComPessoalBruta,DESPESA BRUTA COM PESSOAL (I),<MR>,865213859.98,7114598,Maranhão
2021,3,MA,RGF-Anexo 01,DespesaComPessoalBruta,DESPESA BRUTA COM PESSOAL (I),TOTAL (ÚLTIMOS 12 MESES) (a),8023446040.57,7114598,Maranhão
2021,3,MA,RGF-Anexo 01,DespesaComPessoalBruta,DESPESA BRUTA COM PESSOAL (I),INSCRITAS EM RESTOS A PAGAR NÃO PROCESSADOS (b),36268372.63,7114598,Maranhão
2021,3,MA,RGF-Anexo 01,DespesaComPessoalAtivoBruta,Pessoal Ativo,<MR-11>,226988951.09,7114598,Maranhão
2021,3,MA,RGF-Anexo 01,DespesaComPessoalAtivoBruta,Pessoal Ativo,<MR-10>,465384346.61,7114598,Maranhão
2021,3,MA,RGF-Anexo 01,DespesaComPessoalAtivoBruta,Pessoal Ativo,<MR-9>,424851541.82,7114598,Maranhão
2021,3,MA,RGF-Anexo 01,DespesaComPessoalAtivoBruta,Pessoal Ativo,<MR-8>,521851316.08,7114598,Maranhão
2021,3,MA,RGF-Anexo 01,DespesaComPessoalAtivoBruta,Pessoal Ativo,<MR-7>,533775712.29,7114598,Maranhão
2021,3,MA,RGF-Anexo 01,DespesaComPessoalAtivoBruta,Pessoal Ativo,<MR-6>,448071812.65,7114598,Maranhão
2021,3,MA,RGF-Anexo 01,DespesaComPessoalAtivoBruta,Pessoal Ativo,<MR-5>,399607218.8,7114598,Maranhão
2021,3,MA,RGF-Anexo 01,DespesaComPessoalAtivoBruta,Pessoal Ativo,<MR-4>,398892863.14,7114598,Maranhão
2021,3,MA,RGF-Anexo 01,DespesaComPessoalAtivoBruta,Pessoal Ativo,<MR-3>,473781173.5,7114598,Maranhão
2021,3,MA,RGF-Anexo 01,DespesaComPessoalAtivoBruta,Pessoal Ativo,<MR-2>,384138460.03,7114598,Maranhão
2021,3,MA,RGF-Anexo 01,DespesaComPessoalAtivoBruta,Pessoal Ativo,<MR-1>,590790519.24,7114598,Maranhão
2021,3,MA,RGF-Anexo 01,DespesaComPessoalAtivoBruta,Pessoal Ativo,<MR>,604971343.72,7114598,Maranhão
2021,3,MA,RGF-Anexo 01,DespesaComPessoalAtivoBruta,Pessoal Ativo,TOTAL (ÚLTIMOS 12 MESES) (a),5473105258.97,7114598,Maranhão
2021,3,MA,RGF-Anexo 01,DespesaComPessoalAtivoBruta,Pessoal Ativo,INSCRITAS EM RESTOS A PAGAR NÃO PROCESSADOS (b),36268372.63,7114598,Maranhão
2021,3,MA,RGF-Anexo 01,DespesaComPessoalInativoEPensionistasBruta,Pessoal Inativo e Pensionistas,<MR-10>,209897301.44,7114598,Maranhão
2021,3,MA,RGF-Anexo 01,DespesaComPessoalInativoEPensionistasBruta,Pessoal Inativo e Pensionistas,<MR-9>,212967736.61,7114598,Maranhão
2021,3,MA,RGF-Anexo 01,DespesaComPessoalInativoEPensionistasBruta,Pessoal Inativo e Pensionistas,<MR-8>,143864303.0,7114598,Maranhão
2021,3,MA,RGF-Anexo 01,DespesaComPessoalInativoEPensionistasBruta,Pessoal Inativo e Pensionistas,<MR-7>,335727778.1,7114598,Maranhão
2021,3,MA,RGF-Anexo 01,DespesaComPessoalInativoEPensionistasBruta,Pessoal Inativo e Pensionistas,<MR-6>,318790306.57,7114598,Maranhão
2021,3,MA,RGF-Anexo 01,DespesaComPessoalInativoEPensionistasBruta,Pessoal Inativo e Pensionistas,<MR-5>,234390396.84,7114598,Maranhão
2021,3,MA,RGF-Anexo 01,DespesaComPessoalInativoEPensionistasBruta,Pessoal Inativo e Pensionistas,<MR-3>,366687629.39,7114598,Maranhão
2021,3,MA,RGF-Anexo 01,DespesaComPessoalInativoEPensionistasBruta,Pessoal Inativo e Pensionistas,<MR-2>,191758107.6,7114598,Maranhão
2021,3,MA,RGF-Anexo 01,DespesaComPessoalInativoEPensionistasBruta,Pessoal Inativo e Pensionistas,<MR-1>,276014705.79,7114598,Maranhão
2021,3,MA,RGF-Anexo 01,DespesaComPessoalInativoEPensionistasBruta,Pessoal Inativo e Pensionistas,<MR>,260242516.26,7114598,Maranhão
2021,3,MA,RGF-Anexo 01,DespesaComPessoalInativoEPensionistasBruta,Pessoal Inativo e Pensionistas,TOTAL (ÚLTIMOS 12 MESES) (a),2550340781.6,7114598,Maranhão
2021,3,MA,RGF-Anexo 01,DespesaComPessoalLiquida,DESPESA LÍQUIDA COM PESSOAL (III) = (I - II),<MR-11>,226085376.35,7114598,Maranhão
2021,3,MA,RGF-Anexo 01,DespesaComPessoalLiquida,DESPESA LÍQUIDA COM PESSOAL (III) = (I - II),<MR-10>,518565592.0,7114598,Maranhão
2021,3,MA,RGF-Anexo 01,DespesaComPessoalLiquida,DESPESA LÍQUIDA COM PESSOAL (III) = (I - II),<MR-9>,511746732.68,7114598,Maranhão
2021,3,MA,RGF-Anexo 01,DespesaComPessoalLiquida,DESPESA LÍQUIDA COM PESSOAL (III) = (I - II),<MR-8>,562938558.06,7114598,Maranhão
2021,3,MA,RGF-Anexo 01,DespesaComPessoalLiquida,DESPESA LÍQUIDA COM PESSOAL (III) = (I - II),<MR-7>,770948134.42,7114598,Maranhão
2021,3,MA,RGF-Anexo 01,DespesaComPessoalLiquida,DESPESA LÍQUIDA COM PESSOAL (III) = (I - II),<MR-6>,682157133.45,7114598,Maranhão
2021,3,MA,RGF-Anexo 01,DespesaComPessoalLiquida,DESPESA LÍQUIDA COM PESSOAL (III) = (I - II),<MR-5>,507416073.93,7114598,Maranhão
2021,3,MA,RGF-Anexo 01,DespesaComPessoalLiquida,DESPESA LÍQUIDA COM PESSOAL (III) = (I - II),<MR-4>,339514755.68,7114598,Maranhão
2021,3,MA,RGF-Anexo 01,DespesaComPessoalLiquida,DESPESA LÍQUIDA COM PESSOAL (III) = (I - II),<MR-3>,773904080.36,7114598,Maranhão
2021,3,MA,RGF-Anexo 01,DespesaComPessoalLiquida,DESPESA LÍQUIDA COM PESSOAL (III) = (I - II),<MR-2>,453033271.33,7114598,Maranhão
2021,3,MA,RGF-Anexo 01,DespesaComPessoalLiquida,DESPESA LÍQUIDA COM PESSOAL (III) = (I - II),<MR-1>,748272452.11,7114598,Maranhão
2021,3,MA,RGF-Anexo 01,DespesaComPessoalLiquida,DESPESA LÍQUIDA COM PESSOAL (III) = (I - II),<MR>,712053061.42,7114598,Maranhão
2021,3,MA,RGF-Anexo 01,DespesaComPessoalLiquida,DESPESA LÍQUIDA COM PESSOAL (III) = (I - II),TOTAL (ÚLTIMOS 12 MESES) (a),6806635221.79,7114598,Maranhão
2021,3,MA,RGF-Anexo 01,DespesaComPessoalLiquida,DESPESA LÍQUIDA COM PESSOAL (III) = (I - II),INSCRITAS EM RESTOS A PAGAR NÃO PROCESSADOS (b),36268372.63,7114598,Maranhão
2021,3,MA,RGF-Anexo 01,ReceitaCorrenteLiquidaLimiteLegal,RECEITA CORRENTE LIQUIDA - RCL (IV),Valor,18273349131.85,7114598,Maranhão
2021,3,MA,RGF-Anexo 01,DespesaComPessoalTotal,DESPESA TOTAL COM PESSOAL - DTP (VIII) = (IIIa + IIIb),Valor,6842903594.42,7114598,Maranhão
2021,3,MA,RGF-Anexo 01,DespesaComPessoalTotal,DESPESA TOTAL COM PESSOAL - DTP (VIII) = (IIIa + IIIb),% sobre a RCL Ajustada,37.46,7114598,Maranhão
2021,3,MA,RGF-Anexo 01,DespesaComPessoalTotal,DESPESA TOTAL COM PESSOAL - DTP (III) = (I - II),VALORES TRANSFERIDOS POR CONTRATO DE RATEIO,609540.56,7114598,Maranhão
2021,3,MA,RGF-Anexo 01,DespesaComPessoalTotal,DESPESA TOTAL COM PESSOAL - DTP (III) = (I - II),LIQUIDADAS (a),609540.56,7114598,Maranhão
2021,3,MA,RGF-Anexo 01,DespesaComPessoalTotal,DESPESA TOTAL COM PESSOAL - DTP (III) = (I - II),TOTAL (c = a + b),609540.56,7114598,Maranhão
2021,3,MA,RGF-Anexo 02,DividaConsolidada,DÍVIDA CONSOLIDADA - DC (I),SALDO DO EXERCÍCIO ANTERIOR,7989634870.21,7114598,Maranhão
2021,3,MA,RGF-Anexo 02,DividaConsolidada,DÍVIDA CONSOLIDADA - DC (I),Até o 1º Quadrimestre,8139686196.26,7114598,Maranhão
2021,3,MA,RGF-Anexo 02,DividaConsolidada,DÍVIDA CONSOLIDADA - DC (I),Até o 2º Quadrimestre,7426862168.97,7114598,Maranhão
2021,3,MA,RGF-Anexo 02,DividaConsolidada,DÍVIDA CONSOLIDADA - DC (I),Até o 3º Quadrimestre,8367836466.31,7114598,Maranhão
2021,3,MA,RGF-Anexo 02,DividaContratual,Dívida Contratual,SALDO DO EXERCÍCIO ANTERIOR,6354702942.48,7114598,Maranhão
2021,3,MA,RGF-Anexo 02,DividaContratual,Dívida Contratual,Até o 1º Quadrimestre,6504754268.53,7114598,Maranhão
2021,3,MA,RGF-Anexo 02,DividaContratual,Dívida Contratual,Até o 2º Quadrimestre,5791930241.24,7114598,Maranhão
2021,3,MA,RGF-Anexo 02,DividaContratual,Dívida Contratual,Até o 3º Quadrimestre,6711353935.79,7114598,Maranhão
2021,3,MA,RGF-Anexo 02,DividaConsolidadaLiquida,DÍVIDA CONSOLIDADA LÍQUIDA (DCL) (III) = (I - II),SALDO DO EXERCÍCIO ANTERIOR,6816589736.78,7114598,Maranhão
2021,3,MA,RGF-Anexo 02,DividaConsolidadaLiquida,DÍVIDA CONSOLIDADA LÍQUIDA (DCL) (III) = (I - II),Até o 1º Quadrimestre,5790095423.85,7114598,Maranhão
2021,3,MA,RGF-Anexo 02,DividaConsolidadaLiquida,DÍVIDA CONSOLIDADA LÍQUIDA (DCL) (III) = (I - II),Até o 2º Quadrimestre,5243622810.43,7114598,Maranhão
2021,3,MA,RGF-Anexo 02,DividaConsolidadaLiquida,DÍVIDA CONSOLIDADA LÍQUIDA (DCL) (III) = (I - II),Até o 3º Quadrimestre,7550852448.33,7114598,Maranhão
2022,1,MA,RGF-Anexo 01,DespesaComPessoalBruta,DESPESA BRUTA COM PESSOAL (I),<MR-11>,869503490.39,7153262,Maranhão
2022,1,MA,RGF-Anexo 01,DespesaComPessoalBruta,DESPESA BRUTA COM PESSOAL (I),<MR-10>,766862119.22,7153262,Maranhão
2022,1,MA,RGF-Anexo 01,DespesaComPessoalBruta,DESPESA BRUTA COM PESSOAL (I),<MR-9>,633997615.64,7153262,Maranhão
2022,1,MA,RGF-Anexo 01,DespesaComPessoalBruta,DESPESA BRUTA COM PESSOAL (I),<MR-8>,398892863.14,7153262,Maranhão
2022,1,MA,RGF-Anexo 01,DespesaComPessoalBruta,DESPESA BRUTA COM PESSOAL (I),<MR-7>,840468802.89,7153262,Maranhão
2022,1,MA,RGF-Anexo 01,DespesaComPessoalBruta,DESPESA BRUTA COM PESSOAL (I),<MR-6>,575896567.63,7153262,Maranhão
2022,1,MA,RGF-Anexo 01,DespesaComPessoalBruta,DESPESA BRUTA COM PESSOAL (I),<MR-5>,866805225.03,7153262,Maranhão
2022,1,MA,RGF-Anexo 01,DespesaComPessoalBruta,DESPESA BRUTA COM PESSOAL (I),<MR-4>,865213859.98,7153262,Maranhão
2022,1,MA,RGF-Anexo 01,DespesaComPessoalBruta,DESPESA BRUTA COM PESSOAL (I),<MR-3>,582259401.16,7153262,Maranhão
2022,1,MA,RGF-Anexo 01,DespesaComPessoalBruta,DESPESA BRUTA COM PESSOAL (I),<MR-2>,632101140.79,7153262,Maranhão
2022,1,MA,RGF-Anexo 01,DespesaComPessoalBruta,DESPESA BRUTA COM PESSOAL (I),<MR-1>,721125307.33,7153262,Maranhão
2022,1,MA,RGF-Anexo 01,DespesaComPessoalBruta,DESPESA BRUTA COM PESSOAL (I),<MR>,675665319.87,7153262,Maranhão
2022,1,MA,RGF-Anexo 01,DespesaComPessoalBruta,DESPESA BRUTA COM PESSOAL (I),TOTAL (ÚLTIMOS 12 MESES) (a),8428791713.07,7153262,Maranhão
2022,1,MA,RGF-Anexo 01,DespesaComPessoalBruta,DESPESA BRUTA COM PESSOAL (I),INSCRITAS EM RESTOS A PAGAR NÃO PROCESSADOS (b),36268372.63,7153262,Maranhão
2022,1,MA,RGF-Anexo 01,DespesaComPessoalAtivoBruta,Pessoal Ativo,<MR-11>,533775712.29,7153262,Maranhão
2022,1,MA,RGF-Anexo 01,DespesaComPessoalAtivoBruta,Pessoal Ativo,<MR-10>,448071812.65,7153262,Maranhão
2022,1,MA,RGF-Anexo 01,DespesaComPessoalAtivoBruta,Pessoal Ativo,<MR-9>,399607218.8,7153262,Maranhão
2022,1,MA,RGF-Anexo 01,DespesaComPessoalAtivoBruta,Pessoal Ativo,<MR-8>,398892863.14,7153262,Maranhão
2022,1,MA,RGF-Anexo 01,DespesaComPessoalAtivoBruta,Pessoal Ativo,<MR-7>,473781173.5,7153262,Maranhão
2022,1,MA,RGF-Anexo 01,DespesaComPessoalAtivoBruta,Pessoal Ativo,<MR-6>,384138460.03,7153262,Maranhão
2022,1,MA,RGF-Anexo 01,DespesaComPessoalAtivoBruta,Pessoal Ativo,<MR-5>,590790519.24,7153262,Maranhão
2022,1,MA,RGF-Anexo 01,DespesaComPessoalAtivoBruta,Pessoal Ativo,<MR-4>,604971343.72,7153262,Maranhão
2022,1,MA,RGF-Anexo 01,DespesaComPessoalAtivoBruta,Pessoal Ativo,<MR-3>,381521996.64,7153262,Maranhão
2022,1,MA,RGF-Anexo 01,DespesaComPessoalAtivoBruta,Pessoal Ativo,<MR-2>,422096723.25,7153262,Maranhão
2022,1,MA,RGF-Anexo 01,DespesaComPessoalAtivoBruta,Pessoal Ativo,<MR-1>,501553764.42,7153262,Maranhão
2022,1,MA,RGF-Anexo 01,DespesaComPessoalAtivoBruta,Pessoal Ativo,<MR>,457279841.46,7153262,Maranhão
2022,1,MA,RGF-Anexo 01,DespesaComPessoalAtivoBruta,Pessoal Ativo,TOTAL (ÚLTIMOS 12 MESES) (a),5596481429.14,7153262,Maranhão
2022,1,MA,RGF-Anexo 01,DespesaComPessoalAtivoBruta,Pessoal Ativo,INSCRITAS EM RESTOS A PAGAR NÃO PROCESSADOS (b),36268372.63,7153262,Maranhão
2022,1,MA,RGF-Anexo 01,DespesaComPessoalInativoEPensionistasBruta,Pessoal Inativo e Pensionistas,<MR-11>,335727778.1,7153262,Maranhão
2022,1,MA,RGF-Anexo 01,DespesaComPessoalInativoEPensionistasBruta,Pessoal Inativo e Pensionistas,<MR-10>,318790306.57,7153262,Maranhão
2022,1,MA,RGF-Anexo 01,DespesaComPessoalInativoEPensionistasBruta,Pessoal Inativo e Pensionistas,<MR-9>,234390396.84,7153262,Maranhão
2022,1,MA,RGF-Anexo 01,DespesaComPessoalInativoEPensionistasBruta,Pessoal Inativo e Pensionistas,<MR-7>,366687629.39,7153262,Maranhão
2022,1,MA,RGF-Anexo 01,DespesaComPessoalInativoEPensionistasBruta,Pessoal Inativo e Pensionistas,<MR-6>,191758107.6,7153262,Maranhão
2022,1,MA,RGF-Anexo 01,DespesaComPessoalInativoEPensionistasBruta,Pessoal Inativo e Pensionistas,<MR-5>,276014705.79,7153262,Maranhão
2022,1,MA,RGF-Anexo 01,DespesaComPessoalInativoEPensionistasBruta,Pessoal Inativo e Pensionistas,<MR-4>,260242516.26,7153262,Maranhão
2022,1,MA,RGF-Anexo 01,DespesaComPessoalInativoEPensionistasBruta,Pessoal Inativo e Pensionistas,<MR-3>,200737404.52,7153262,Maranhão
2022,1,MA,RGF-Anexo 01,DespesaComPessoalInativoEPensionistasBruta,Pessoal Inativo e Pensionistas,<MR-2>,210004417.54,7153262,Maranhão
2022,1,MA,RGF-Anexo 01,DespesaComPessoalInativoEPensionistasBruta,Pessoal Inativo e Pensionistas,<MR-1>,219571542.91,7153262,Maranhão
2022,1,MA,RGF-Anexo 01,DespesaComPessoalInativoEPensionistasBruta,Pessoal Inativo e Pensionistas,<MR>,218382564.41,7153262,Maranhão
2022,1,MA,RGF-Anexo 01,DespesaComPessoalInativoEPensionistasBruta,Pessoal Inativo e Pensionistas,TOTAL (ÚLTIMOS 12 MESES) (a),2832307369.93,7153262,Maranhão
2022,1,MA,RGF-Anexo 01,DespesaComPessoalLiquida,DESPESA LÍQUIDA COM PESSOAL (III) = (I - II),<MR-11>,770948134.42,7153262,Maranhão
2022,1,MA,RGF-Anexo 01,DespesaComPessoalLiquida,DESPESA LÍQUIDA COM PESSOAL (III) = (I - II),<MR-10>,682157133.45,7153262,Maranhão
2022,1,MA,RGF-Anexo 01,DespesaComPessoalLiquida,DESPESA LÍQUIDA COM PESSOAL (III) = (I - II),<MR-9>,507416073.93,7153262,Maranhão
2022,1,MA,RGF-Anexo 01,DespesaComPessoalLiquida,DESPESA LÍQUIDA COM PESSOAL (III) = (I - II),<MR-8>,339514755.68,7153262,Maranhão
2022,1,MA,RGF-Anexo 01,DespesaComPessoalLiquida,DESPESA LÍQUIDA COM PESSOAL (III) = (I - II),<MR-7>,773904080.36,7153262,Maranhão
2022,1,MA,RGF-Anexo 01,DespesaComPessoalLiquida,DESPESA LÍQUIDA COM PESSOAL (III) = (I - II),<MR-6>,453033271.33,7153262,Maranhão
2022,1,MA,RGF-Anexo 01,DespesaComPessoalLiquida,DESPESA LÍQUIDA COM PESSOAL (III) = (I - II),<MR-5>,748272452.11,7153262,Maranhão
2022,1,MA,RGF-Anexo 01,DespesaComPessoalLiquida,DESPESA LÍQUIDA COM PESSOAL (III) = (I - II),<MR-4>,712053061.42,7153262,Maranhão
2022,1,MA,RGF-Anexo 01,DespesaComPessoalLiquida,DESPESA LÍQUIDA COM PESSOAL (III) = (I - II),<MR-3>,417559594.03,7153262,Maranhão
2022,1,MA,RGF-Anexo 01,DespesaComPessoalLiquida,DESPESA LÍQUIDA COM PESSOAL (III) = (I - II),<MR-2>,458948082.72,7153262,Maranhão
2022,1,MA,RGF-Anexo 01,DespesaComPessoalLiquida,DESPESA LÍQUIDA COM PESSOAL (III) = (I - II),<MR-1>,537075594.32,7153262,Maranhão
2022,1,MA,RGF-Anexo 01,DespesaComPessoalLiquida,DESPESA LÍQUIDA COM PESSOAL (III) = (I - II),<MR>,495024250.82,7153262,Maranhão
2022,1,MA,RGF-Anexo 01,DespesaComPessoalLiquida,DESPESA LÍQUIDA COM PESSOAL (III) = (I - II),TOTAL (ÚLTIMOS 12 MESES) (a),6895906484.59,7153262,Maranhão
2022,1,MA,RGF-Anexo 01,DespesaComPessoalLiquida,DESPESA LÍQUIDA COM PESSOAL (III) = (I - II),INSCRITAS EM RESTOS A PAGAR NÃO PROCESSADOS (b),36268372.63,7153262,Maranhão
2022,1,MA,RGF-Anexo 01,ReceitaCorrenteLiquidaLimiteLegal,RECEITA CORRENTE LIQUIDA - RCL (IV),Valor,19429513819.28,7153262,Maranhão
2022,1,MA,RGF-Anexo 01,DespesaComPessoalTotal,DESPESA TOTAL COM PESSOAL - DTP (VIII) = (IIIa + IIIb),Valor,6932174857.22,7153262,Maranhão
2022,1,MA,RGF-Anexo 01,DespesaComPessoalTotal,DESPESA TOTAL COM PESSOAL - DTP (VIII) = (IIIa + IIIb),% sobre a RCL Ajustada,35.68,7153262,Maranhão
2022,1,MA,RGF-Anexo 01,DespesaComPessoalTotal,DESPESA TOTAL COM PESSOAL - DTP (III) = (I - II),VALORES TRANSFERIDOS POR CONTRATO DE RATEIO,667071.42,7153262,Maranhão
2022,1,MA,RGF-Anexo 01,DespesaComPessoalTotal,DESPESA TOTAL COM PESSOAL - DTP (III) = (I - II),LIQUIDADAS (a),667071.42,7153262,Maranhão
2022,1,MA,RGF-Anexo 01,DespesaComPessoalTotal,DESPESA TOTAL COM PESSOAL - DTP (III) = (I - II),TOTAL (c = a + b),667071.42,7153262,Maranhão
2022,1,MA,RGF-Anexo 02,DividaConsolidada,DÍVIDA CONSOLIDADA - DC (I),SALDO DO EXERCÍCIO ANTERIOR,8367836466.31,7153262,Maranhão
2022,1,MA,RGF-Anexo 02,DividaConsolidada,DÍVIDA CONSOLIDADA - DC (I),Até o 1º Quadrimestre,6941198143.43,7153262,Maranhão
2022,1,MA,RGF-Anexo 02,DividaContratual,Dívida Contratual,SALDO DO EXERCÍCIO ANTERIOR,6711353935.79,7153262,Maranhão
2022,1,MA,RGF-Anexo 02,DividaContratual,Dívida Contratual,Até o 1º Quadrimestre,5284715612.91,7153262,Maranhão
2022,1,MA,RGF-Anexo 02,DividaConsolidadaLiquida,DÍVIDA CONSOLIDADA LÍQUIDA (DCL) (III) = (I - II),SALDO DO EXERCÍCIO ANTERIOR,7550852448.33,7153262,Maranhão
2022,1,MA,RGF-Anexo 02,DividaConsolidadaLiquida,DÍVIDA CONSOLIDADA LÍQUIDA (DCL) (III) = (I - II),Até o 1º Quadrimestre,6901944036.23,7153262,Maranhão
2022,2,MA,RGF-Anexo 01,DespesaComPessoalBruta,DESPESA BRUTA COM PESSOAL (I),<MR-11>,840468802.89,7153262,Maranhão
2022,2,MA,RGF-Anexo 01,DespesaComPessoalBruta,DESPESA BRUTA COM PESSOAL (I),<MR-10>,575896567.63,7153262,Maranhão
2022,2,MA,RGF-Anexo 01,DespesaComPessoalBruta,DESPESA BRUTA COM PESSOAL (I),<MR-9>,866805225.03,7153262,Maranhão
2022,2,MA,RGF-Anexo 01,DespesaComPessoalBruta,DESPESA BRUTA COM PESSOAL (I),<MR-8>,865213859.98,7153262,Maranhão
2022,2,MA,RGF-Anexo 01,DespesaComPessoalBruta,DESPESA BRUTA COM PESSOAL (I),<MR-7>,582259401.16,7153262,Maranhão
2022,2,MA,RGF-Anexo 01,DespesaComPessoalBruta,DESPESA BRUTA COM PESSOAL (I),<MR-6>,632101140.79,7153262,Maranhão
2022,2,MA,RGF-Anexo 01,DespesaComPessoalBruta,DESPESA BRUTA COM PESSOAL (I),<MR-5>,721125307.33,7153262,Maranhão
2022,2,MA,RGF-Anexo 01,DespesaComPessoalBruta,DESPESA BRUTA COM PESSOAL (I),<MR-4>,675665319.87,7153262,Maranhão
2022,2,MA,RGF-Anexo 01,DespesaComPessoalBruta,DESPESA BRUTA COM PESSOAL (I),<MR-3>,746485400.97,7153262,Maranhão
2022,2,MA,RGF-Anexo 01,DespesaComPessoalBruta,DESPESA BRUTA COM PESSOAL (I),<MR-2>,919791190.61,7153262,Maranhão
2022,2,MA,RGF-Anexo 01,DespesaComPessoalBruta,DESPESA BRUTA COM PESSOAL (I),<MR-1>,718438819.05,7153262,Maranhão
2022,2,MA,RGF-Anexo 01,DespesaComPessoalBruta,DESPESA BRUTA COM PESSOAL (I),<MR>,612865147.65,7153262,Maranhão
2022,2,MA,RGF-Anexo 01,DespesaComPessoalBruta,DESPESA BRUTA COM PESSOAL (I),TOTAL (ÚLTIMOS 12 MESES) (a),8757116182.96,7153262,Maranhão
2022,2,MA,RGF-Anexo 01,DespesaComPessoalBruta,DESPESA BRUTA COM PESSOAL (I),INSCRITAS EM RESTOS A PAGAR NÃO PROCESSADOS (b),36268372.63,7153262,Maranhão
2022,2,MA,RGF-Anexo 01,DespesaComPessoalAtivoBruta,Pessoal Ativo,<MR-11>,473781173.5,7153262,Maranhão
2022,2,MA,RGF-Anexo 01,DespesaComPessoalAtivoBruta,Pessoal Ativo,<MR-10>,384138460.03,7153262,Maranhão
2022,2,MA,RGF-Anexo 01,DespesaComPessoalAtivoBruta,Pessoal Ativo,<MR-9>,590790519.24,7153262,Maranhão
2022,2,MA,RGF-Anexo 01,DespesaComPessoalAtivoBruta,Pessoal Ativo,<MR-8>,604971343.72,7153262,Maranhão
2022,2,MA,RGF-Anexo 01,DespesaComPessoalAtivoBruta,Pessoal Ativo,<MR-7>,381521996.64,7153262,Maranhão
2022,2,MA,RGF-Anexo 01,DespesaComPessoalAtivoBruta,Pessoal Ativo,<MR-6>,422096723.25,7153262,Maranhão
2022,2,MA,RGF-Anexo 01,DespesaComPessoalAtivoBruta,Pessoal Ativo,<MR-5>,501553764.42,7153262,Maranhão
2022,2,MA,RGF-Anexo 01,DespesaComPessoalAtivoBruta,Pessoal Ativo,<MR-4>,457279841.46,7153262,Maranhão
2022,2,MA,RGF-Anexo 01,DespesaComPessoalAtivoBruta,Pessoal Ativo,<MR-3>,527042418.71,7153262,Maranhão
2022,2,MA,RGF-Anexo 01,DespesaComPessoalAtivoBruta,Pessoal Ativo,<MR-2>,591926473.25,7153262,Maranhão
2022,2,MA,RGF-Anexo 01,DespesaComPessoalAtivoBruta,Pessoal Ativo,<MR-1>,498435988.22,7153262,Maranhão
2022,2,MA,RGF-Anexo 01,DespesaComPessoalAtivoBruta,Pessoal Ativo,<MR>,391910989.42,7153262,Maranhão
2022,2,MA,RGF-Anexo 01,DespesaComPessoalAtivoBruta,Pessoal Ativo,TOTAL (ÚLTIMOS 12 MESES) (a),5825449691.86,7153262,Maranhão
2022,2,MA,RGF-Anexo 01,DespesaComPessoalAtivoBruta,Pessoal Ativo,INSCRITAS EM RESTOS A PAGAR NÃO PROCESSADOS (b),36268372.63,7153262,Maranhão
2022,2,MA,RGF-Anexo 01,DespesaComPessoalInativoEPensionistasBruta,Pessoal Inativo e Pensionistas,<MR-11>,366687629.39,7153262,Maranhão
2022,2,MA,RGF-Anexo 01,DespesaComPessoalInativoEPensionistasBruta,Pessoal Inativo e Pensionistas,<MR-10>,191758107.6,7153262,Maranhão
2022,2,MA,RGF-Anexo 01,DespesaComPessoalInativoEPensionistasBruta,Pessoal Inativo e Pensionistas,<MR-9>,276014705.79,7153262,Maranhão
2022,2,MA,RGF-Anexo 01,DespesaComPessoalInativoEPensionistasBruta,Pessoal Inativo e Pensionistas,<MR-8>,260242516.26,7153262,Maranhão
2022,2,MA,RGF-Anexo 01,DespesaComPessoalInativoEPensionistasBruta,Pessoal Inativo e Pensionistas,<MR-7>,200737404.52,7153262,Maranhão
2022,2,MA,RGF-Anexo 01,DespesaComPessoalInativoEPensionistasBruta,Pessoal Inativo e Pensionistas,<MR-6>,210004417.54,7153262,Maranhão
2022,2,MA,RGF-Anexo 01,DespesaComPessoalInativoEPensionistasBruta,Pessoal Inativo e Pensionistas,<MR-5>,219571542.91,7153262,Maranhão
2022,2,MA,RGF-Anexo 01,DespesaComPessoalInativoEPensionistasBruta,Pessoal Inativo e Pensionistas,<MR-4>,218382564.41,7153262,Maranhão
2022,2,MA,RGF-Anexo 01,DespesaComPessoalInativoEPensionistasBruta,Pessoal Inativo e Pensionistas,<MR-3>,219442982.26,7153262,Maranhão
2022,2,MA,RGF-Anexo 01,DespesaComPessoalInativoEPensionistasBruta,Pessoal Inativo e Pensionistas,<MR-2>,327864717.36,7153262,Maranhão
2022,2,MA,RGF-Anexo 01,DespesaComPessoalInativoEPensionistasBruta,Pessoal Inativo e Pensionistas,<MR-1>,220002830.83,7153262,Maranhão
2022,2,MA,RGF-Anexo 01,DespesaComPessoalInativoEPensionistasBruta,Pessoal Inativo e Pensionistas,<MR>,220954158.23,7153262,Maranhão
2022,2,MA,RGF-Anexo 01,DespesaComPessoalInativoEPensionistasBruta,Pessoal Inativo e Pensionistas,TOTAL (ÚLTIMOS 12 MESES) (a),2931663577.1,7153262,Maranhão
2022,2,MA,RGF-Anexo 01,DespesaComPessoalLiquida,DESPESA LÍQUIDA COM PESSOAL (III) = (I - II),<MR-11>,773904080.36,7153262,Maranhão
2022,2,MA,RGF-Anexo 01,DespesaComPessoalLiquida,DESPESA LÍQUIDA COM PESSOAL (III) = (I - II),<MR-10>,453033271.33,7153262,Maranhão
2022,2,MA,RGF-Anexo 01,DespesaComPessoalLiquida,DESPESA LÍQUIDA COM PESSOAL (III) = (I - II),<MR-9>,748272452.11,7153262,Maranhão
2022,2,MA,RGF-Anexo 01,DespesaComPessoalLiquida,DESPESA LÍQUIDA COM PESSOAL (III) = (I - II),<MR-8>,712053061.42,7153262,Maranhão
2022,2,MA,RGF-Anexo 01,DespesaComPessoalLiquida,DESPESA LÍQUIDA COM PESSOAL (III) = (I - II),<MR-7>,417559594.03,7153262,Maranhão
2022,2,MA,RGF-Anexo 01,DespesaComPessoalLiquida,DESPESA LÍQUIDA COM PESSOAL (III) = (I - II),<MR-6>,458948082.72,7153262,Maranhão
2022,2,MA,RGF-Anexo 01,DespesaComPessoalLiquida,DESPESA LÍQUIDA COM PESSOAL (III) = (I - II),<MR-5>,537075594.32,7153262,Maranhão
2022,2,MA,RGF-Anexo 01,DespesaComPessoalLiquida,DESPESA LÍQUIDA COM PESSOAL (III) = (I - II),<MR-4>,495024250.82,7153262,Maranhão
2022,2,MA,RGF-Anexo 01,DespesaComPessoalLiquida,DESPESA LÍQUIDA COM PESSOAL (III) = (I - II),<MR-3>,563207115.99,7153262,Maranhão
2022,2,MA,RGF-Anexo 01,DespesaComPessoalLiquida,DESPESA LÍQUIDA COM PESSOAL (III) = (I - II),<MR-2>,589438713.9,7153262,Maranhão
2022,2,MA,RGF-Anexo 01,DespesaComPessoalLiquida,DESPESA LÍQUIDA COM PESSOAL (III) = (I - II),<MR-1>,497760102.21,7153262,Maranhão
2022,2,MA,RGF-Anexo 01,DespesaComPessoalLiquida,DESPESA LÍQUIDA COM PESSOAL (III) = (I - II),<MR>,428225533.59,7153262,Maranhão
2022,2,MA,RGF-Anexo 01,DespesaComPessoalLiquida,DESPESA LÍQUIDA COM PESSOAL (III) = (I - II),TOTAL (ÚLTIMOS 12 MESES) (a),6674501852.8,7153262,Maranhão
2022,2,MA,RGF-Anexo 01,DespesaComPessoalLiquida,DESPESA LÍQUIDA COM PESSOAL (III) = (I - II),INSCRITAS EM RESTOS A PAGAR NÃO PROCESSADOS (b),36268372.63,7153262,Maranhão
2022,2,MA,RGF-Anexo 01,ReceitaCorrenteLiquidaLimiteLegal,RECEITA CORRENTE LIQUIDA - RCL (IV),Valor,20899930143.07,7153262,Maranhão
2022,2,MA,RGF-Anexo 01,DespesaComPessoalTotal,DESPESA TOTAL COM PESSOAL - DTP (VIII) = (IIIa + IIIb),Valor,6710770225.43,7153262,Maranhão
2022,2,MA,RGF-Anexo 01,DespesaComPessoalTotal,DESPESA TOTAL COM PESSOAL - DTP (VIII) = (IIIa + IIIb),% sobre a RCL Ajustada,32.12,7153262,Maranhão
2022,2,MA,RGF-Anexo 01,DespesaComPessoalTotal,DESPESA TOTAL COM PESSOAL - DTP (III) = (I - II),VALORES TRANSFERIDOS POR CONTRATO DE RATEIO,661956.32,7153262,Maranhão
2022,2,MA,RGF-Anexo 02,DividaConsolidada,DÍVIDA CONSOLIDADA - DC (I),SALDO DO EXERCÍCIO ANTERIOR,8367836466.31,7153262,Maranhão
2022,2,MA,RGF-Anexo 02,DividaConsolidada,DÍVIDA CONSOLIDADA - DC (I),Até o 1º Quadrimestre,6941198143.43,7153262,Maranhão
2022,2,MA,RGF-Anexo 02,DividaConsolidada,DÍVIDA CONSOLIDADA - DC (I),Até o 2º Quadrimestre,6787811051.28,7153262,Maranhão
2022,2,MA,RGF-Anexo 02,DividaContratual,Dívida Contratual,SALDO DO EXERCÍCIO ANTERIOR,6711353935.79,7153262,Maranhão
2022,2,MA,RGF-Anexo 02,DividaContratual,Dívida Contratual,Até o 1º Quadrimestre,5284715612.91,7153262,Maranhão
2022,2,MA,RGF-Anexo 02,DividaContratual,Dívida Contratual,Até o 2º Quadrimestre,5131328520.76,7153262,Maranhão
2022,2,MA,RGF-Anexo 02,DividaConsolidadaLiquida,DÍVIDA CONSOLIDADA LÍQUIDA (DCL) (III) = (I - II),SALDO DO EXERCÍCIO ANTERIOR,7550852448.33,7153262,Maranhão
2022,2,MA,RGF-Anexo 02,DividaConsolidadaLiquida,DÍVIDA CONSOLIDADA LÍQUIDA (DCL) (III) = (I - II),Até o 1º Quadrimestre,6901944036.23,7153262,Maranhão
2022,2,MA,RGF-Anexo 02,DividaConsolidadaLiquida,DÍVIDA CONSOLIDADA LÍQUIDA (DCL) (III) = (I - II),Até o 2º Quadrimestre,6746984525.87,7153262,Maranhão
2022,3,MA,RGF-Anexo 01,DespesaComPessoalBruta,DESPESA BRUTA COM PESSOAL (I),<MR-11>,582259401.16,7153262,Maranhão
2022,3,MA,RGF-Anexo 01,DespesaComPessoalBruta,DESPESA BRUTA COM PESSOAL (I),<MR-10>,632101140.79,7153262,Maranhão
2022,3,MA,RGF-Anexo 01,DespesaComPessoalBruta,DESPESA BRUTA COM PESSOAL (I),<MR-9>,721125307.33,7153262,Maranhão
2022,3,MA,RGF-Anexo 01,DespesaComPessoalBruta,DESPESA BRUTA COM PESSOAL (I),<MR-8>,675665319.87,7153262,Maranhão
2022,3,MA,RGF-Anexo 01,DespesaComPessoalBruta,DESPESA BRUTA COM PESSOAL (I),<MR-7>,746485400.97,7153262,Maranhão
2022,3,MA,RGF-Anexo 01,DespesaComPessoalBruta,DESPESA BRUTA COM PESSOAL (I),<MR-6>,919791190.61,7153262,Maranhão
2022,3,MA,RGF-Anexo 01,DespesaComPessoalBruta,DESPESA BRUTA COM PESSOAL (I),<MR-5>,718438819.05,7153262,Maranhão
2022,3,MA,RGF-Anexo 01,DespesaComPessoalBruta,DESPESA BRUTA COM PESSOAL (I),<MR-4>,612865147.65,7153262,Maranhão
2022,3,MA,RGF-Anexo 01,DespesaComPessoalBruta,DESPESA BRUTA COM PESSOAL (I),<MR-3>,599369066.97,7153262,Maranhão
2022,3,MA,RGF-Anexo 01,DespesaComPessoalBruta,DESPESA BRUTA COM PESSOAL (I),<MR-2>,992246110.73,7153262,Maranhão
2022,3,MA,RGF-Anexo 01,DespesaComPessoalBruta,DESPESA BRUTA COM PESSOAL (I),<MR-1>,732426656.41,7153262,Maranhão
2022,3,MA,RGF-Anexo 01,DespesaComPessoalBruta,DESPESA BRUTA COM PESSOAL (I),<MR>,1222453560.18,7153262,Maranhão
2022,3,MA,RGF-Anexo 01,DespesaComPessoalBruta,DESPESA BRUTA COM PESSOAL (I),TOTAL (ÚLTIMOS 12 MESES) (a),9155227121.72,7153262,Maranhão
2022,3,MA,RGF-Anexo 01,DespesaComPessoalBruta,DESPESA BRUTA COM PESSOAL (I),INSCRITAS EM RESTOS A PAGAR NÃO PROCESSADOS (b),66484824.19,7153262,Maranhão
2022,3,MA,RGF-Anexo 01,DespesaComPessoalAtivoBruta,Pessoal Ativo,<MR-11>,381521996.64,7153262,Maranhão
2022,3,MA,RGF-Anexo 01,DespesaComPessoalAtivoBruta,Pessoal Ativo,<MR-10>,422096723.25,7153262,Maranhão
2022,3,MA,RGF-Anexo 01,DespesaComPessoalAtivoBruta,Pessoal Ativo,<MR-9>,501553764.42,7153262,Maranhão
2022,3,MA,RGF-Anexo 01,DespesaComPessoalAtivoBruta,Pessoal Ativo,<MR-8>,457279841.46,7153262,Maranhão
2022,3,MA,RGF-Anexo 01,DespesaComPessoalAtivoBruta,Pessoal Ativo,<MR-7>,527042418.71,7153262,Maranhão
2022,3,MA,RGF-Anexo 01,DespesaComPessoalAtivoBruta,Pessoal Ativo,<MR-6>,591926473.25,7153262,Maranhão
2022,3,MA,RGF-Anexo 01,DespesaComPessoalAtivoBruta,Pessoal Ativo,<MR-5>,498435988.22,7153262,Maranhão
2022,3,MA,RGF-Anexo 01,DespesaComPessoalAtivoBruta,Pessoal Ativo,<MR-4>,391910989.42,7153262,Maranhão
2022,3,MA,RGF-Anexo 01,DespesaComPessoalAtivoBruta,Pessoal Ativo,<MR-3>,376976837.16,7153262,Maranhão
2022,3,MA,RGF-Anexo 01,DespesaComPessoalAtivoBruta,Pessoal Ativo,<MR-2>,769343586.66,7153262,Maranhão
2022,3,MA,RGF-Anexo 01,DespesaComPessoalAtivoBruta,Pessoal Ativo,<MR-1>,508625208.05,7153262,Maranhão
2022,3,MA,RGF-Anexo 01,DespesaComPessoalAtivoBruta,Pessoal Ativo,<MR>,884020737.58,7153262,Maranhão
2022,3,MA,RGF-Anexo 01,DespesaComPessoalAtivoBruta,Pessoal Ativo,TOTAL (ÚLTIMOS 12 MESES) (a),6310734564.82,7153262,Maranhão
2022,3,MA,RGF-Anexo 01,DespesaComPessoalAtivoBruta,Pessoal Ativo,INSCRITAS EM RESTOS A PAGAR NÃO PROCESSADOS (b),66484824.19,7153262,Maranhão
2022,3,MA,RGF-Anexo 01,DespesaComPessoalInativoEPensionistasBruta,Pessoal Inativo e Pensionistas,<MR-11>,200737404.52,7153262,Maranhão
2022,3,MA,RGF-Anexo 01,DespesaComPessoalInativoEPensionistasBruta,Pessoal Inativo e Pensionistas,<MR-10>,210004417.54,7153262,Maranhão
2022,3,MA,RGF-Anexo 01,DespesaComPessoalInativoEPensionistasBruta,Pessoal Inativo e Pensionistas,<MR-9>,219571542.91,7153262,Maranhão
2022,3,MA,RGF-Anexo 01,DespesaComPessoalInativoEPensionistasBruta,Pessoal Inativo e Pensionistas,<MR-8>,218382564.41,7153262,Maranhão
2022,3,MA,RGF-Anexo 01,DespesaComPessoalInativoEPensionistasBruta,Pessoal Inativo e Pensionistas,<MR-7>,219442982.26,7153262,Maranhão
2022,3,MA,RGF-Anexo 01,DespesaComPessoalInativoEPensionistasBruta,Pessoal Inativo e Pensionistas,<MR-6>,327864717.36,7153262,Maranhão
2022,3,MA,RGF-Anexo 01,DespesaComPessoalInativoEPensionistasBruta,Pessoal Inativo e Pensionistas,<MR-5>,220002830.83,7153262,Maranhão
2022,3,MA,RGF-Anexo 01,DespesaComPessoalInativoEPensionistasBruta,Pessoal Inativo e Pensionistas,<MR-4>,220954158.23,7153262,Maranhão
2022,3,MA,RGF-Anexo 01,DespesaComPessoalInativoEPensionistasBruta,Pessoal Inativo e Pensionistas,<MR-3>,222268547.51,7153262,Maranhão
2022,3,MA,RGF-Anexo 01,DespesaComPessoalInativoEPensionistasBruta,Pessoal Inativo e Pensionistas,<MR-2>,222902524.07,7153262,Maranhão
2022,3,MA,RGF-Anexo 01,DespesaComPessoalInativoEPensionistasBruta,Pessoal Inativo e Pensionistas,<MR-1>,223801448.36,7153262,Maranhão
2022,3,MA,RGF-Anexo 01,DespesaComPessoalInativoEPensionistasBruta,Pessoal Inativo e Pensionistas,<MR>,338432822.6,7153262,Maranhão
2022,3,MA,RGF-Anexo 01,DespesaComPessoalInativoEPensionistasBruta,Pessoal Inativo e Pensionistas,TOTAL (ÚLTIMOS 12 MESES) (a),2844365960.6,7153262,Maranhão
2022,3,MA,RGF-Anexo 01,DespesaComPessoalLiquida,DESPESA LÍQUIDA COM PESSOAL (III) = (I - II),<MR-11>,417559594.03,7153262,Maranhão
2022,3,MA,RGF-Anexo 01,DespesaComPessoalLiquida,DESPESA LÍQUIDA COM PESSOAL (III) = (I - II),<MR-10>,458948082.72,7153262,Maranhão
2022,3,MA,RGF-Anexo 01,DespesaComPessoalLiquida,DESPESA LÍQUIDA COM PESSOAL (III) = (I - II),<MR-9>,537075594.32,7153262,Maranhão
2022,3,MA,RGF-Anexo 01,DespesaComPessoalLiquida,DESPESA LÍQUIDA COM PESSOAL (III) = (I - II),<MR-8>,495024250.82,7153262,Maranhão
2022,3,MA,RGF-Anexo 01,DespesaComPessoalLiquida,DESPESA LÍQUIDA COM PESSOAL (III) = (I - II),<MR-7>,563207115.99,7153262,Maranhão
2022,3,MA,RGF-Anexo 01,DespesaComPessoalLiquida,DESPESA LÍQUIDA COM PESSOAL (III) = (I - II),<MR-6>,589438713.9,7153262,Maranhão
2022,3,MA,RGF-Anexo 01,DespesaComPessoalLiquida,DESPESA LÍQUIDA COM PESSOAL (III) = (I - II),<MR-5>,497760102.21,7153262,Maranhão
2022,3,MA,RGF-Anexo 01,DespesaComPessoalLiquida,DESPESA LÍQUIDA COM PESSOAL (III) = (I - II),<MR-4>,428225533.59,7153262,Maranhão
2022,3,MA,RGF-Anexo 01,DespesaComPessoalLiquida,DESPESA LÍQUIDA COM PESSOAL (III) = (I - II),<MR-3>,414148586.46,7153262,Maranhão
2022,3,MA,RGF-Anexo 01,DespesaComPessoalLiquida,DESPESA LÍQUIDA COM PESSOAL (III) = (I - II),<MR-2>,806710162.96,7153262,Maranhão
2022,3,MA,RGF-Anexo 01,DespesaComPessoalLiquida,DESPESA LÍQUIDA COM PESSOAL (III) = (I - II),<MR-1>,545448830.18,7153262,Maranhão
2022,3,MA,RGF-Anexo 01,DespesaComPessoalLiquida,DESPESA LÍQUIDA COM PESSOAL (III) = (I - II),<MR>,1046298435.22,7153262,Maranhão
2022,3,MA,RGF-Anexo 01,DespesaComPessoalLiquida,DESPESA LÍQUIDA COM PESSOAL (III) = (I - II),TOTAL (ÚLTIMOS 12 MESES) (a),6799845002.4,7153262,Maranhão
2022,3,MA,RGF-Anexo 01,DespesaComPessoalLiquida,DESPESA LÍQUIDA COM PESSOAL (III) = (I - II),INSCRITAS EM RESTOS A PAGAR NÃO PROCESSADOS (b),66475437.54,7153262,Maranhão
2022,3,MA,RGF-Anexo 01,ReceitaCorrenteLiquidaLimiteLegal,RECEITA CORRENTE LIQUIDA - RCL (IV),Valor,22168930851.27,7153262,Maranhão
2022,3,MA,RGF-Anexo 01,DespesaComPessoalTotal,DESPESA TOTAL COM PESSOAL - DTP (VIII) = (IIIa + IIIb),Valor,6866320439.94,7153262,Maranhão
2022,3,MA,RGF-Anexo 01,DespesaComPessoalTotal,DESPESA TOTAL COM PESSOAL - DTP (VIII) = (IIIa + IIIb),% sobre a RCL Ajustada,30.98,7153262,Maranhão
2022,3,MA,RGF-Anexo 02,DividaConsolidada,DÍVIDA CONSOLIDADA - DC (I),SALDO DO EXERCÍCIO ANTERIOR,8367836466.31,7153262,Maranhão
2022,3,MA,RGF-Anexo 02,DividaConsolidada,DÍVIDA CONSOLIDADA - DC (I),Até o 1º Quadrimestre,6941198143.43,7153262,Maranhão
2022,3,MA,RGF-Anexo 02,DividaConsolidada,DÍVIDA CONSOLIDADA - DC (I),Até o 2º Quadrimestre,6787811051.28,7153262,Maranhão
2022,3,MA,RGF-Anexo 02,DividaConsolidada,DÍVIDA CONSOLIDADA - DC (I),Até o 3º Quadrimestre,9828213112.5,7153262,Maranhão
2022,3,MA,RGF-Anexo 02,DividaContratual,Dívida Contratual,SALDO DO EXERCÍCIO ANTERIOR,6711353935.79,7153262,Maranhão
2022,3,MA,RGF-Anexo 02,DividaContratual,Dívida Contratual,Até o 1º Quadrimestre,5284715612.91,7153262,Maranhão
2022,3,MA,RGF-Anexo 02,DividaContratual,Dívida Contratual,Até o 2º Quadrimestre,5131328520.76,7153262,Maranhão
2022,3,MA,RGF-Anexo 02,DividaContratual,Dívida Contratual,Até o 3º Quadrimestre,5582296486.87,7153262,Maranhão
2022,3,MA,RGF-Anexo 02,DividaConsolidadaLiquida,DÍVIDA CONSOLIDADA LÍQUIDA (DCL) (III) = (I - II),SALDO DO EXERCÍCIO ANTERIOR,7550852448.33,7153262,Maranhão
2022,3,MA,RGF-Anexo 02,DividaConsolidadaLiquida,DÍVIDA CONSOLIDADA LÍQUIDA (DCL) (III) = (I - II),Até o 1º Quadrimestre,6901944036.23,7153262,Maranhão
2022,3,MA,RGF-Anexo 02,DividaConsolidadaLiquida,DÍVIDA CONSOLIDADA LÍQUIDA (DCL) (III) = (I - II),Até o 2º Quadrimestre,6746984525.87,7153262,Maranhão
2022,3,MA,RGF-Anexo 02,DividaConsolidadaLiquida,DÍVIDA CONSOLIDADA LÍQUIDA (DCL) (III) = (I - II),Até o 3º Quadrimestre,9122675760.38,7153262,Maranhão
2023,1,MA,RGF-Anexo 01,DespesaComPessoalBruta,DESPESA BRUTA COM PESSOAL (I),<MR-11>,746485400.97,7153262,Maranhão
2023,1,MA,RGF-Anexo 01,DespesaComPessoalBruta,DESPESA BRUTA COM PESSOAL (I),<MR-10>,919791190.61,7153262,Maranhão
2023,1,MA,RGF-Anexo 01,DespesaComPessoalBruta,DESPESA BRUTA COM PESSOAL (I),<MR-9>,718438819.05,7153262,Maranhão
2023,1,MA,RGF-Anexo 01,DespesaComPessoalBruta,DESPESA BRUTA COM PESSOAL (I),<MR-8>,612865147.65,7153262,Maranhão
2023,1,MA,RGF-Anexo 01,DespesaComPessoalBruta,DESPESA BRUTA COM PESSOAL (I),<MR-7>,599369066.97,7153262,Maranhão
2023,1,MA,RGF-Anexo 01,DespesaComPessoalBruta,DESPESA BRUTA COM PESSOAL (I),<MR-6>,992246110.73,7153262,Maranhão
2023,1,MA,RGF-Anexo 01,DespesaComPessoalBruta,DESPESA BRUTA COM PESSOAL (I),<MR-5>,732426656.41,7153262,Maranhão
2023,1,MA,RGF-Anexo 01,DespesaComPessoalBruta,DESPESA BRUTA COM PESSOAL (I),<MR-4>,1222453560.18,7153262,Maranhão
2023,1,MA,RGF-Anexo 01,DespesaComPessoalBruta,DESPESA BRUTA COM PESSOAL (I),<MR-3>,475078948.08,7153262,Maranhão
2023,1,MA,RGF-Anexo 01,DespesaComPessoalBruta,DESPESA BRUTA COM PESSOAL (I),<MR-2>,614131837.01,7153262,Maranhão
2023,1,MA,RGF-Anexo 01,DespesaComPessoalBruta,DESPESA BRUTA COM PESSOAL (I),<MR-1>,642400464.24,7153262,Maranhão
2023,1,MA,RGF-Anexo 01,DespesaComPessoalBruta,DESPESA BRUTA COM PESSOAL (I),<MR>,973733371.76,7153262,Maranhão
2023,1,MA,RGF-Anexo 01,DespesaComPessoalBruta,DESPESA BRUTA COM PESSOAL (I),TOTAL (ÚLTIMOS 12 MESES) (a),9249420573.66,7153262,Maranhão
2023,1,MA,RGF-Anexo 01,DespesaComPessoalBruta,DESPESA BRUTA COM PESSOAL (I),INSCRITAS EM RESTOS A PAGAR NÃO PROCESSADOS (b),66611420.49,7153262,Maranhão
2023,1,MA,RGF-Anexo 01,DespesaComPessoalAtivoBruta,Pessoal Ativo,<MR-11>,527042418.71,7153262,Maranhão
2023,1,MA,RGF-Anexo 01,DespesaComPessoalAtivoBruta,Pessoal Ativo,<MR-10>,591926473.25,7153262,Maranhão
2023,1,MA,RGF-Anexo 01,DespesaComPessoalAtivoBruta,Pessoal Ativo,<MR-9>,498435988.22,7153262,Maranhão
2023,1,MA,RGF-Anexo 01,DespesaComPessoalAtivoBruta,Pessoal Ativo,<MR-8>,391910989.42,7153262,Maranhão
2023,1,MA,RGF-Anexo 01,DespesaComPessoalAtivoBruta,Pessoal Ativo,<MR-7>,376976837.16,7153262,Maranhão
2023,1,MA,RGF-Anexo 01,DespesaComPessoalAtivoBruta,Pessoal Ativo,<MR-6>,769343586.66,7153262,Maranhão
2023,1,MA,RGF-Anexo 01,DespesaComPessoalAtivoBruta,Pessoal Ativo,<MR-5>,508625208.05,7153262,Maranhão
2023,1,MA,RGF-Anexo 01,DespesaComPessoalAtivoBruta,Pessoal Ativo,<MR-4>,884020737.58,7153262,Maranhão
2023,1,MA,RGF-Anexo 01,DespesaComPessoalAtivoBruta,Pessoal Ativo,<MR-3>,250502214.48,7153262,Maranhão
2023,1,MA,RGF-Anexo 01,DespesaComPessoalAtivoBruta,Pessoal Ativo,<MR-2>,514451249.92,7153262,Maranhão
2023,1,MA,RGF-Anexo 01,DespesaComPessoalAtivoBruta,Pessoal Ativo,<MR-1>,289200889.71,7153262,Maranhão
2023,1,MA,RGF-Anexo 01,DespesaComPessoalAtivoBruta,Pessoal Ativo,<MR>,722945435.86,7153262,Maranhão
2023,1,MA,RGF-Anexo 01,DespesaComPessoalAtivoBruta,Pessoal Ativo,TOTAL (ÚLTIMOS 12 MESES) (a),6325382029.02,7153262,Maranhão
2023,1,MA,RGF-Anexo 01,DespesaComPessoalAtivoBruta,Pessoal Ativo,INSCRITAS EM RESTOS A PAGAR NÃO PROCESSADOS (b),66611420.49,7153262,Maranhão
2023,1,MA,RGF-Anexo 01,DespesaComPessoalInativoEPensionistasBruta,Pessoal Inativo e Pensionistas,<MR-11>,219442982.26,7153262,Maranhão
2023,1,MA,RGF-Anexo 01,DespesaComPessoalInativoEPensionistasBruta,Pessoal Inativo e Pensionistas,<MR-10>,327864717.36,7153262,Maranhão
2023,1,MA,RGF-Anexo 01,DespesaComPessoalInativoEPensionistasBruta,Pessoal Inativo e Pensionistas,<MR-9>,220002830.83,7153262,Maranhão
2023,1,MA,RGF-Anexo 01,DespesaComPessoalInativoEPensionistasBruta,Pessoal Inativo e Pensionistas,<MR-8>,220954158.23,7153262,Maranhão
2023,1,MA,RGF-Anexo 01,DespesaComPessoalInativoEPensionistasBruta,Pessoal Inativo e Pensionistas,<MR-7>,222268547.51,7153262,Maranhão
2023,1,MA,RGF-Anexo 01,DespesaComPessoalInativoEPensionistasBruta,Pessoal Inativo e Pensionistas,<MR-6>,222902524.07,7153262,Maranhão
2023,1,MA,RGF-Anexo 01,DespesaComPessoalInativoEPensionistasBruta,Pessoal Inativo e Pensionistas,<MR-5>,223801448.36,7153262,Maranhão
2023,1,MA,RGF-Anexo 01,DespesaComPessoalInativoEPensionistasBruta,Pessoal Inativo e Pensionistas,<MR-4>,338432822.6,7153262,Maranhão
2023,1,MA,RGF-Anexo 01,DespesaComPessoalInativoEPensionistasBruta,Pessoal Inativo e Pensionistas,<MR-3>,224576733.6,7153262,Maranhão
2023,1,MA,RGF-Anexo 01,DespesaComPessoalInativoEPensionistasBruta,Pessoal Inativo e Pensionistas,<MR-2>,98480315.39,7153262,Maranhão
2023,1,MA,RGF-Anexo 01,DespesaComPessoalInativoEPensionistasBruta,Pessoal Inativo e Pensionistas,<MR-1>,352069409.28,7153262,Maranhão
2023,1,MA,RGF-Anexo 01,DespesaComPessoalInativoEPensionistasBruta,Pessoal Inativo e Pensionistas,<MR>,249050826.16,7153262,Maranhão
2023,1,MA,RGF-Anexo 01,DespesaComPessoalInativoEPensionistasBruta,Pessoal Inativo e Pensionistas,TOTAL (ÚLTIMOS 12 MESES) (a),2919847315.65,7153262,Maranhão
2023,1,MA,RGF-Anexo 01,DespesaComPessoalLiquida,DESPESA LÍQUIDA COM PESSOAL (III) = (I - II),<MR-11>,563207115.99,7153262,Maranhão
2023,1,MA,RGF-Anexo 01,DespesaComPessoalLiquida,DESPESA LÍQUIDA COM PESSOAL (III) = (I - II),<MR-10>,589438713.9,7153262,Maranhão
2023,1,MA,RGF-Anexo 01,DespesaComPessoalLiquida,DESPESA LÍQUIDA COM PESSOAL (III) = (I - II),<MR-9>,497760102.21,7153262,Maranhão
2023,1,MA,RGF-Anexo 01,DespesaComPessoalLiquida,DESPESA LÍQUIDA COM PESSOAL (III) = (I - II),<MR-8>,428225533.59,7153262,Maranhão
2023,1,MA,RGF-Anexo 01,DespesaComPessoalLiquida,DESPESA LÍQUIDA COM PESSOAL (III) = (I - II),<MR-7>,414148586.46,7153262,Maranhão
2023,1,MA,RGF-Anexo 01,DespesaComPessoalLiquida,DESPESA LÍQUIDA COM PESSOAL (III) = (I - II),<MR-6>,806710162.96,7153262,Maranhão
2023,1,MA,RGF-Anexo 01,DespesaComPessoalLiquida,DESPESA LÍQUIDA COM PESSOAL (III) = (I - II),<MR-5>,545448830.18,7153262,Maranhão
2023,1,MA,RGF-Anexo 01,DespesaComPessoalLiquida,DESPESA LÍQUIDA COM PESSOAL (III) = (I - II),<MR-4>,1046298435.22,7153262,Maranhão
2023,1,MA,RGF-Anexo 01,DespesaComPessoalLiquida,DESPESA LÍQUIDA COM PESSOAL (III) = (I - II),<MR-3>,468075107.72,7153262,Maranhão
2023,1,MA,RGF-Anexo 01,DespesaComPessoalLiquida,DESPESA LÍQUIDA COM PESSOAL (III) = (I - II),<MR-2>,558376652.4,7153262,Maranhão
2023,1,MA,RGF-Anexo 01,DespesaComPessoalLiquida,DESPESA LÍQUIDA COM PESSOAL (III) = (I - II),<MR-1>,493976014.38,7153262,Maranhão
2023,1,MA,RGF-Anexo 01,DespesaComPessoalLiquida,DESPESA LÍQUIDA COM PESSOAL (III) = (I - II),<MR>,839994454.25,7153262,Maranhão
2023,1,MA,RGF-Anexo 01,DespesaComPessoalLiquida,DESPESA LÍQUIDA COM PESSOAL (III) = (I - II),TOTAL (ÚLTIMOS 12 MESES) (a),7251659709.26,7153262,Maranhão
2023,1,MA,RGF-Anexo 01,DespesaComPessoalLiquida,DESPESA LÍQUIDA COM PESSOAL (III) = (I - II),INSCRITAS EM RESTOS A PAGAR NÃO PROCESSADOS (b),66611420.49,7153262,Maranhão
2023,1,MA,RGF-Anexo 01,ReceitaCorrenteLiquidaLimiteLegal,RECEITA CORRENTE LIQUIDA - RCL (IV),Valor,22461732938.89,7153262,Maranhão
2023,1,MA,RGF-Anexo 01,DespesaComPessoalTotal,DESPESA TOTAL COM PESSOAL - DTP (VIII) = (IIIa + IIIb),Valor,7318271129.75,7153262,Maranhão
2023,1,MA,RGF-Anexo 01,DespesaComPessoalTotal,DESPESA TOTAL COM PESSOAL - DTP (VIII) = (IIIa + IIIb),% sobre a RCL Ajustada,32.59,7153262,Maranhão
2023,1,MA,RGF-Anexo 01,DespesaComPessoalTotal,DESPESA TOTAL COM PESSOAL - DTP (III) = (I - II),LIQUIDADAS (a),630706.78,7153262,Maranhão
2023,1,MA,RGF-Anexo 01,DespesaComPessoalTotal,DESPESA TOTAL COM PESSOAL - DTP (III) = (I - II),INSCRITAS EM RESTOS A PAGAR NÃO PROCESSADOS (b),16919.67,7153262,Maranhão
2023,1,MA,RGF-Anexo 01,DespesaComPessoalTotal,DESPESA TOTAL COM PESSOAL - DTP (III) = (I - II),TOTAL (c = a + b),647626.45,7153262,Maranhão
2023,1,MA,RGF-Anexo 02,DividaConsolidada,DÍVIDA CONSOLIDADA - DC (I),SALDO DO EXERCÍCIO ANTERIOR,9828213112.5,7153262,Maranhão
2023,1,MA,RGF-Anexo 02,DividaConsolidada,DÍVIDA CONSOLIDADA - DC (I),Até o 1º Quadrimestre,9726105840.57,7153262,Maranhão
2023,1,MA,RGF-Anexo 02,DividaContratual,Dívida Contratual,SALDO DO EXERCÍCIO ANTERIOR,5582296486.87,7153262,Maranhão
2023,1,MA,RGF-Anexo 02,DividaContratual,Dívida Contratual,Até o 1º Quadrimestre,5478909584.26,7153262,Maranhão
2023,1,MA,RGF-Anexo 02,DividaConsolidadaLiquida,DÍVIDA CONSOLIDADA LÍQUIDA (DCL) (III) = (I - II),SALDO DO EXERCÍCIO ANTERIOR,9122675760.38,7153262,Maranhão
2023,1,MA,RGF-Anexo 02,DividaConsolidadaLiquida,DÍVIDA CONSOLIDADA LÍQUIDA (DCL) (III) = (I - II),Até o 1º Quadrimestre,7306884923.74,7153262,Maranhão
2023,2,MA,RGF-Anexo 01,DespesaComPessoalBruta,DESPESA BRUTA COM PESSOAL (I),<MR-11>,599369066.97,7153262,Maranhão
2023,2,MA,RGF-Anexo 01,DespesaComPessoalBruta,DESPESA BRUTA COM PESSOAL (I),<MR-10>,992246110.73,7153262,Maranhão
2023,2,MA,RGF-Anexo 01,DespesaComPessoalBruta,DESPESA BRUTA COM PESSOAL (I),<MR-9>,732426656.41,7153262,Maranhão
2023,2,MA,RGF-Anexo 01,DespesaComPessoalBruta,DESPESA BRUTA COM PESSOAL (I),<MR-8>,1222453560.18,7153262,Maranhão
2023,2,MA,RGF-Anexo 01,DespesaComPessoalBruta,DESPESA BRUTA COM PESSOAL (I),<MR-7>,475078948.08,7153262,Maranhão
2023,2,MA,RGF-Anexo 01,DespesaComPessoalBruta,DESPESA BRUTA COM PESSOAL (I),<MR-6>,614131837.01,7153262,Maranhão
2023,2,MA,RGF-Anexo 01,DespesaComPessoalBruta,DESPESA BRUTA COM PESSOAL (I),<MR-5>,642400464.24,7153262,Maranhão
2023,2,MA,RGF-Anexo 01,DespesaComPessoalBruta,DESPESA BRUTA COM PESSOAL (I),<MR-4>,973733371.76,7153262,Maranhão
2023,2,MA,RGF-Anexo 01,DespesaComPessoalBruta,DESPESA BRUTA COM PESSOAL (I),<MR-3>,788805448.34,7153262,Maranhão
2023,2,MA,RGF-Anexo 01,DespesaComPessoalBruta,DESPESA BRUTA COM PESSOAL (I),<MR-2>,887541734.48,7153262,Maranhão
2023,2,MA,RGF-Anexo 01,DespesaComPessoalBruta,DESPESA BRUTA COM PESSOAL (I),<MR-1>,860668759.28,7153262,Maranhão
2023,2,MA,RGF-Anexo 01,DespesaComPessoalBruta,DESPESA BRUTA COM PESSOAL (I),<MR>,785009210.87,7153262,Maranhão
2023,2,MA,RGF-Anexo 01,DespesaComPessoalBruta,DESPESA BRUTA COM PESSOAL (I),TOTAL (ÚLTIMOS 12 MESES) (a),9573865168.35,7153262,Maranhão
2023,2,MA,RGF-Anexo 01,DespesaComPessoalBruta,DESPESA BRUTA COM PESSOAL (I),INSCRITAS EM RESTOS A PAGAR NÃO PROCESSADOS (b),66611420.49,7153262,Maranhão
2023,2,MA,RGF-Anexo 01,DespesaComPessoalAtivoBruta,Pessoal Ativo,<MR-11>,376976837.16,7153262,Maranhão
2023,2,MA,RGF-Anexo 01,DespesaComPessoalAtivoBruta,Pessoal Ativo,<MR-10>,769343586.66,7153262,Maranhão
2023,2,MA,RGF-Anexo 01,DespesaComPessoalAtivoBruta,Pessoal Ativo,<MR-9>,508625208.05,7153262,Maranhão
2023,2,MA,RGF-Anexo 01,DespesaComPessoalAtivoBruta,Pessoal Ativo,<MR-8>,884020737.58,7153262,Maranhão
2023,2,MA,RGF-Anexo 01,DespesaComPessoalAtivoBruta,Pessoal Ativo,<MR-7>,250502214.48,7153262,Maranhão
2023,2,MA,RGF-Anexo 01,DespesaComPessoalAtivoBruta,Pessoal Ativo,<MR-6>,514451249.92,7153262,Maranhão
2023,2,MA,RGF-Anexo 01,DespesaComPessoalAtivoBruta,Pessoal Ativo,<MR-5>,289200889.71,7153262,Maranhão
2023,2,MA,RGF-Anexo 01,DespesaComPessoalAtivoBruta,Pessoal Ativo,<MR-4>,722945435.86,7153262,Maranhão
2023,2,MA,RGF-Anexo 01,DespesaComPessoalAtivoBruta,Pessoal Ativo,<MR-3>,555076777.86,7153262,Maranhão
2023,2,MA,RGF-Anexo 01,DespesaComPessoalAtivoBruta,Pessoal Ativo,<MR-2>,541504241.96,7153262,Maranhão
2023,2,MA,RGF-Anexo 01,DespesaComPessoalAtivoBruta,Pessoal Ativo,<MR-1>,651372034.25,7153262,Maranhão
2023,2,MA,RGF-Anexo 01,DespesaComPessoalAtivoBruta,Pessoal Ativo,<MR>,546419598.64,7153262,Maranhão
2023,2,MA,RGF-Anexo 01,DespesaComPessoalAtivoBruta,Pessoal Ativo,TOTAL (ÚLTIMOS 12 MESES) (a),6610438812.13,7153262,Maranhão
2023,2,MA,RGF-Anexo 01,DespesaComPessoalAtivoBruta,Pessoal Ativo,INSCRITAS EM RESTOS A PAGAR NÃO PROCESSADOS (b),66611420.49,7153262,Maranhão
2023,2,MA,RGF-Anexo 01,DespesaComPessoalInativoEPensionistasBruta,Pessoal Inativo e Pensionistas,<MR-11>,222268547.51,7153262,Maranhão
2023,2,MA,RGF-Anexo 01,DespesaComPessoalInativoEPensionistasBruta,Pessoal Inativo e Pensionistas,<MR-10>,222902524.07,7153262,Maranhão
2023,2,MA,RGF-Anexo 01,DespesaComPessoalInativoEPensionistasBruta,Pessoal Inativo e Pensionistas,<MR-9>,223801448.36,7153262,Maranhão
2023,2,MA,RGF-Anexo 01,DespesaComPessoalInativoEPensionistasBruta,Pessoal Inativo e Pensionistas,<MR-8>,338432822.6,7153262,Maranhão
2023,2,MA,RGF-Anexo 01,DespesaComPessoalInativoEPensionistasBruta,Pessoal Inativo e Pensionistas,<MR-7>,224576733.6,7153262,Maranhão
2023,2,MA,RGF-Anexo 01,DespesaComPessoalInativoEPensionistasBruta,Pessoal Inativo e Pensionistas,<MR-6>,98480315.39,7153262,Maranhão
2023,2,MA,RGF-Anexo 01,DespesaComPessoalInativoEPensionistasBruta,Pessoal Inativo e Pensionistas,<MR-5>,352069409.28,7153262,Maranhão
2023,2,MA,RGF-Anexo 01,DespesaComPessoalInativoEPensionistasBruta,Pessoal Inativo e Pensionistas,<MR-4>,249050826.16,7153262,Maranhão
2023,2,MA,RGF-Anexo 01,DespesaComPessoalInativoEPensionistasBruta,Pessoal Inativo e Pensionistas,<MR-3>,232923109.49,7153262,Maranhão
2023,2,MA,RGF-Anexo 01,DespesaComPessoalInativoEPensionistasBruta,Pessoal Inativo e Pensionistas,<MR-2>,346037492.52,7153262,Maranhão
2023,2,MA,RGF-Anexo 01,DespesaComPessoalInativoEPensionistasBruta,Pessoal Inativo e Pensionistas,<MR-1>,209296725.03,7153262,Maranhão
2023,2,MA,RGF-Anexo 01,DespesaComPessoalInativoEPensionistasBruta,Pessoal Inativo e Pensionistas,<MR>,238589612.23,7153262,Maranhão
2023,2,MA,RGF-Anexo 01,DespesaComPessoalInativoEPensionistasBruta,Pessoal Inativo e Pensionistas,TOTAL (ÚLTIMOS 12 MESES) (a),2958429566.24,7153262,Maranhão
2023,2,MA,RGF-Anexo 01,DespesaComPessoalLiquida,DESPESA LÍQUIDA COM PESSOAL (III) = (I - II),<MR-11>,414148586.46,7153262,Maranhão
2023,2,MA,RGF-Anexo 01,DespesaComPessoalLiquida,DESPESA LÍQUIDA COM PESSOAL (III) = (I - II),<MR-10>,806710162.96,7153262,Maranhão
2023,2,MA,RGF-Anexo 01,DespesaComPessoalLiquida,DESPESA LÍQUIDA COM PESSOAL (III) = (I - II),<MR-9>,545448830.18,7153262,Maranhão
2023,2,MA,RGF-Anexo 01,DespesaComPessoalLiquida,DESPESA LÍQUIDA COM PESSOAL (III) = (I - II),<MR-8>,1046298435.22,7153262,Maranhão
2023,2,MA,RGF-Anexo 01,DespesaComPessoalLiquida,DESPESA LÍQUIDA COM PESSOAL (III) = (I - II),<MR-7>,468075107.72,7153262,Maranhão
2023,2,MA,RGF-Anexo 01,DespesaComPessoalLiquida,DESPESA LÍQUIDA COM PESSOAL (III) = (I - II),<MR-6>,558376652.4,7153262,Maranhão
2023,2,MA,RGF-Anexo 01,DespesaComPessoalLiquida,DESPESA LÍQUIDA COM PESSOAL (III) = (I - II),<MR-5>,493976014.38,7153262,Maranhão
2023,2,MA,RGF-Anexo 01,DespesaComPessoalLiquida,DESPESA LÍQUIDA COM PESSOAL (III) = (I - II),<MR-4>,839994454.25,7153262,Maranhão
2023,2,MA,RGF-Anexo 01,DespesaComPessoalLiquida,DESPESA LÍQUIDA COM PESSOAL (III) = (I - II),<MR-3>,586927083.49,7153262,Maranhão
2023,2,MA,RGF-Anexo 01,DespesaComPessoalLiquida,DESPESA LÍQUIDA COM PESSOAL (III) = (I - II),<MR-2>,786893196.92,7153262,Maranhão
2023,2,MA,RGF-Anexo 01,DespesaComPessoalLiquida,DESPESA LÍQUIDA COM PESSOAL (III) = (I - II),<MR-1>,784434553.62,7153262,Maranhão
2023,2,MA,RGF-Anexo 01,DespesaComPessoalLiquida,DESPESA LÍQUIDA COM PESSOAL (III) = (I - II),<MR>,680431181.88,7153262,Maranhão
2023,2,MA,RGF-Anexo 01,DespesaComPessoalLiquida,DESPESA LÍQUIDA COM PESSOAL (III) = (I - II),TOTAL (ÚLTIMOS 12 MESES) (a),8011714259.48,7153262,Maranhão
2023,2,MA,RGF-Anexo 01,DespesaComPessoalLiquida,DESPESA LÍQUIDA COM PESSOAL (III) = (I - II),INSCRITAS EM RESTOS A PAGAR NÃO PROCESSADOS (b),66611420.49,7153262,Maranhão
2023,2,MA,RGF-Anexo 01,ReceitaCorrenteLiquidaLimiteLegal,RECEITA CORRENTE LIQUIDA - RCL (IV),Valor,22680826539.98,7153262,Maranhão
2023,2,MA,RGF-Anexo 01,DespesaComPessoalTotal,DESPESA TOTAL COM PESSOAL - DTP (VIII) = (IIIa + IIIb),Valor,8078325679.97,7153262,Maranhão
2023,2,MA,RGF-Anexo 01,DespesaComPessoalTotal,DESPESA TOTAL COM PESSOAL - DTP (VIII) = (IIIa + IIIb),% sobre a RCL Ajustada,35.63,7153262,Maranhão
2023,2,MA,RGF-Anexo 02,DividaConsolidada,DÍVIDA CONSOLIDADA - DC (I),SALDO DO EXERCÍCIO ANTERIOR,9828213112.5,7153262,Maranhão
2023,2,MA,RGF-Anexo 02,DividaConsolidada,DÍVIDA CONSOLIDADA - DC (I),Até o 1º Quadrimestre,9726105840.57,7153262,Maranhão
2023,2,MA,RGF-Anexo 02,DividaConsolidada,DÍVIDA CONSOLIDADA - DC (I),Até o 2º Quadrimestre,6820908807.65,7153262,Maranhão
2023,2,MA,RGF-Anexo 02,DividaContratual,Dívida Contratual,SALDO DO EXERCÍCIO ANTERIOR,5582296486.87,7153262,Maranhão
2023,2,MA,RGF-Anexo 02,DividaContratual,Dívida Contratual,Até o 1º Quadrimestre,5478909584.26,7153262,Maranhão
2023,2,MA,RGF-Anexo 02,DividaContratual,Dívida Contratual,Até o 2º Quadrimestre,4808364502.47,7153262,Maranhão
2023,2,MA,RGF-Anexo 02,DividaConsolidadaLiquida,DÍVIDA CONSOLIDADA LÍQUIDA (DCL) (III) = (I - II),SALDO DO EXERCÍCIO ANTERIOR,9122675760.38,7153262,Maranhão
2023,2,MA,RGF-Anexo 02,DividaConsolidadaLiquida,DÍVIDA CONSOLIDADA LÍQUIDA (DCL) (III) = (I - II),Até o 1º Quadrimestre,7306884923.74,7153262,Maranhão
2023,2,MA,RGF-Anexo 02,DividaConsolidadaLiquida,DÍVIDA CONSOLIDADA LÍQUIDA (DCL) (III) = (I - II),Até o 2º Quadrimestre,4593608980.22,7153262,Maranhão
2023,3,MA,RGF-Anexo 01,DespesaComPessoalBruta,DESPESA BRUTA COM PESSOAL (I),<MR-11>,475078948.08,7153262,Maranhão
2023,3,MA,RGF-Anexo 01,DespesaComPessoalBruta,DESPESA BRUTA COM PESSOAL (I),<MR-10>,614131837.01,7153262,Maranhão
2023,3,MA,RGF-Anexo 01,DespesaComPessoalBruta,DESPESA BRUTA COM PESSOAL (I),<MR-9>,642400464.24,7153262,Maranhão
2023,3,MA,RGF-Anexo 01,DespesaComPessoalBruta,DESPESA BRUTA COM PESSOAL (I),<MR-8>,973733371.76,7153262,Maranhão
2023,3,MA,RGF-Anexo 01,DespesaComPessoalBruta,DESPESA BRUTA COM PESSOAL (I),<MR-7>,788805448.34,7153262,Maranhão
2023,3,MA,RGF-Anexo 01,DespesaComPessoalBruta,DESPESA BRUTA COM PESSOAL (I),<MR-6>,887541734.48,7153262,Maranhão
2023,3,MA,RGF-Anexo 01,DespesaComPessoalBruta,DESPESA BRUTA COM PESSOAL (I),<MR-5>,860668759.28,7153262,Maranhão
2023,3,MA,RGF-Anexo 01,DespesaComPessoalBruta,DESPESA BRUTA COM PESSOAL (I),<MR-4>,785009210.87,7153262,Maranhão
2023,3,MA,RGF-Anexo 01,DespesaComPessoalBruta,DESPESA BRUTA COM PESSOAL (I),<MR-3>,727227682.16,7153262,Maranhão
2023,3,MA,RGF-Anexo 01,DespesaComPessoalBruta,DESPESA BRUTA COM PESSOAL (I),<MR-2>,312655591.47,7153262,Maranhão
2023,3,MA,RGF-Anexo 01,DespesaComPessoalBruta,DESPESA BRUTA COM PESSOAL (I),<MR-1>,1104415748.25,7153262,Maranhão
2023,3,MA,RGF-Anexo 01,DespesaComPessoalBruta,DESPESA BRUTA COM PESSOAL (I),<MR>,1624111630.35,7153262,Maranhão
2023,3,MA,RGF-Anexo 01,DespesaComPessoalBruta,DESPESA BRUTA COM PESSOAL (I),TOTAL (ÚLTIMOS 12 MESES) (a),9795780426.29,7153262,Maranhão
2023,3,MA,RGF-Anexo 01,DespesaComPessoalBruta,DESPESA BRUTA COM PESSOAL (I),INSCRITAS EM RESTOS A PAGAR NÃO PROCESSADOS (b),62022924.62,7153262,Maranhão
2023,3,MA,RGF-Anexo 01,DespesaComPessoalAtivoBruta,Pessoal Ativo,<MR-11>,250502214.48,7153262,Maranhão
2023,3,MA,RGF-Anexo 01,DespesaComPessoalAtivoBruta,Pessoal Ativo,<MR-10>,514451249.92,7153262,Maranhão
2023,3,MA,RGF-Anexo 01,DespesaComPessoalAtivoBruta,Pessoal Ativo,<MR-9>,289200889.71,7153262,Maranhão
2023,3,MA,RGF-Anexo 01,DespesaComPessoalAtivoBruta,Pessoal Ativo,<MR-8>,722945435.86,7153262,Maranhão
2023,3,MA,RGF-Anexo 01,DespesaComPessoalAtivoBruta,Pessoal Ativo,<MR-7>,555076777.86,7153262,Maranhão
2023,3,MA,RGF-Anexo 01,DespesaComPessoalAtivoBruta,Pessoal Ativo,<MR-6>,541504241.96,7153262,Maranhão
2023,3,MA,RGF-Anexo 01,DespesaComPessoalAtivoBruta,Pessoal Ativo,<MR-5>,651372034.25,7153262,Maranhão
2023,3,MA,RGF-Anexo 01,DespesaComPessoalAtivoBruta,Pessoal Ativo,<MR-4>,546419598.64,7153262,Maranhão
2023,3,MA,RGF-Anexo 01,DespesaComPessoalAtivoBruta,Pessoal Ativo,<MR-3>,603134910.14,7153262,Maranhão
2023,3,MA,RGF-Anexo 01,DespesaComPessoalAtivoBruta,Pessoal Ativo,<MR-2>,289890182.07,7153262,Maranhão
2023,3,MA,RGF-Anexo 01,DespesaComPessoalAtivoBruta,Pessoal Ativo,<MR-1>,689656342.0,7153262,Maranhão
2023,3,MA,RGF-Anexo 01,DespesaComPessoalAtivoBruta,Pessoal Ativo,<MR>,1091538488.45,7153262,Maranhão
2023,3,MA,RGF-Anexo 01,DespesaComPessoalAtivoBruta,Pessoal Ativo,TOTAL (ÚLTIMOS 12 MESES) (a),6745692365.34,7153262,Maranhão
2023,3,MA,RGF-Anexo 01,DespesaComPessoalAtivoBruta,Pessoal Ativo,INSCRITAS EM RESTOS A PAGAR NÃO PROCESSADOS (b),62022924.62,7153262,Maranhão
2023,3,MA,RGF-Anexo 01,DespesaComPessoalInativoEPensionistasBruta,Pessoal Inativo e Pensionistas,<MR-11>,224576733.6,7153262,Maranhão
2023,3,MA,RGF-Anexo 01,DespesaComPessoalInativoEPensionistasBruta,Pessoal Inativo e Pensionistas,<MR-10>,98480315.39,7153262,Maranhão
2023,3,MA,RGF-Anexo 01,DespesaComPessoalInativoEPensionistasBruta,Pessoal Inativo e Pensionistas,<MR-9>,352069409.28,7153262,Maranhão
2023,3,MA,RGF-Anexo 01,DespesaComPessoalInativoEPensionistasBruta,Pessoal Inativo e Pensionistas,<MR-8>,249050826.16,7153262,Maranhão
2023,3,MA,RGF-Anexo 01,DespesaComPessoalInativoEPensionistasBruta,Pessoal Inativo e Pensionistas,<MR-7>,232923109.49,7153262,Maranhão
2023,3,MA,RGF-Anexo 01,DespesaComPessoalInativoEPensionistasBruta,Pessoal Inativo e Pensionistas,<MR-6>,346037492.52,7153262,Maranhão
2023,3,MA,RGF-Anexo 01,DespesaComPessoalInativoEPensionistasBruta,Pessoal Inativo e Pensionistas,<MR-5>,209296725.03,7153262,Maranhão
2023,3,MA,RGF-Anexo 01,DespesaComPessoalInativoEPensionistasBruta,Pessoal Inativo e Pensionistas,<MR-4>,238589612.23,7153262,Maranhão
2023,3,MA,RGF-Anexo 01,DespesaComPessoalInativoEPensionistasBruta,Pessoal Inativo e Pensionistas,<MR-3>,124092772.02,7153262,Maranhão
2023,3,MA,RGF-Anexo 01,DespesaComPessoalInativoEPensionistasBruta,Pessoal Inativo e Pensionistas,<MR-2>,22765409.4,7153262,Maranhão
2023,3,MA,RGF-Anexo 01,DespesaComPessoalInativoEPensionistasBruta,Pessoal Inativo e Pensionistas,<MR-1>,414759406.25,7153262,Maranhão
2023,3,MA,RGF-Anexo 01,DespesaComPessoalInativoEPensionistasBruta,Pessoal Inativo e Pensionistas,<MR>,532573141.9,7153262,Maranhão
2023,3,MA,RGF-Anexo 01,DespesaComPessoalInativoEPensionistasBruta,Pessoal Inativo e Pensionistas,TOTAL (ÚLTIMOS 12 MESES) (a),3045214953.27,7153262,Maranhão
2023,3,MA,RGF-Anexo 01,DespesaComPessoalLiquida,DESPESA LÍQUIDA COM PESSOAL (III) = (I - II),<MR-11>,468075107.72,7153262,Maranhão
2023,3,MA,RGF-Anexo 01,DespesaComPessoalLiquida,DESPESA LÍQUIDA COM PESSOAL (III) = (I - II),<MR-10>,558376652.4,7153262,Maranhão
2023,3,MA,RGF-Anexo 01,DespesaComPessoalLiquida,DESPESA LÍQUIDA COM PESSOAL (III) = (I - II),<MR-9>,493976014.38,7153262,Maranhão
2023,3,MA,RGF-Anexo 01,DespesaComPessoalLiquida,DESPESA LÍQUIDA COM PESSOAL (III) = (I - II),<MR-8>,839994454.25,7153262,Maranhão
2023,3,MA,RGF-Anexo 01,DespesaComPessoalLiquida,DESPESA LÍQUIDA COM PESSOAL (III) = (I - II),<MR-7>,586927083.49,7153262,Maranhão
2023,3,MA,RGF-Anexo 01,DespesaComPessoalLiquida,DESPESA LÍQUIDA COM PESSOAL (III) = (I - II),<MR-6>,786893196.92,7153262,Maranhão
2023,3,MA,RGF-Anexo 01,DespesaComPessoalLiquida,DESPESA LÍQUIDA COM PESSOAL (III) = (I - II),<MR-5>,784434553.62,7153262,Maranhão
2023,3,MA,RGF-Anexo 01,DespesaComPessoalLiquida,DESPESA LÍQUIDA COM PESSOAL (III) = (I - II),<MR-4>,680431181.88,7153262,Maranhão
2023,3,MA,RGF-Anexo 01,DespesaComPessoalLiquida,DESPESA LÍQUIDA COM PESSOAL (III) = (I - II),<MR-3>,654452076.84,7153262,Maranhão
2023,3,MA,RGF-Anexo 01,DespesaComPessoalLiquida,DESPESA LÍQUIDA COM PESSOAL (III) = (I - II),<MR-2>,289204764.08,7153262,Maranhão
2023,3,MA,RGF-Anexo 01,DespesaComPessoalLiquida,DESPESA LÍQUIDA COM PESSOAL (III) = (I - II),<MR-1>,935131363.91,7153262,Maranhão
2023,3,MA,RGF-Anexo 01,DespesaComPessoalLiquida,DESPESA LÍQUIDA COM PESSOAL (III) = (I - II),<MR>,1284404886.04,7153262,Maranhão
2023,3,MA,RGF-Anexo 01,DespesaComPessoalLiquida,DESPESA LÍQUIDA COM PESSOAL (III) = (I - II),TOTAL (ÚLTIMOS 12 MESES) (a),8362301335.53,7153262,Maranhão
2023,3,MA,RGF-Anexo 01,DespesaComPessoalLiquida,DESPESA LÍQUIDA COM PESSOAL (III) = (I - II),INSCRITAS EM RESTOS A PAGAR NÃO PROCESSADOS (b),62022924.62,7153262,Maranhão
2023,3,MA,RGF-Anexo 01,ReceitaCorrenteLiquidaLimiteLegal,RECEITA CORRENTE LIQUIDA - RCL (IV),Valor,23120999553.98,7153262,Maranhão
2023,3,MA,RGF-Anexo 01,DespesaComPessoalTotal,DESPESA TOTAL COM PESSOAL - DTP (VIII) = (IIIa + IIIb),Valor,8424324260.15,7153262,Maranhão
2023,3,MA,RGF-Anexo 01,DespesaComPessoalTotal,DESPESA TOTAL COM PESSOAL - DTP (VIII) = (IIIa + IIIb),% sobre a RCL Ajustada,36.57,7153262,Maranhão
2023,3,MA,RGF-Anexo 02,DividaConsolidada,DÍVIDA CONSOLIDADA - DC (I),SALDO DO EXERCÍCIO ANTERIOR,9828213112.5,7153262,Maranhão
2023,3,MA,RGF-Anexo 02,DividaConsolidada,DÍVIDA CONSOLIDADA - DC (I),Até o 1º Quadrimestre,9726105840.57,7153262,Maranhão
2023,3,MA,RGF-Anexo 02,DividaConsolidada,DÍVIDA CONSOLIDADA - DC (I),Até o 2º Quadrimestre,6820908807.65,7153262,Maranhão
2023,3,MA,RGF-Anexo 02,DividaConsolidada,DÍVIDA CONSOLIDADA - DC (I),Até o 3º Quadrimestre,6479841445.19,7153262,Maranhão
2023,3,MA,RGF-Anexo 02,DividaContratual,Dívida Contratual,SALDO DO EXERCÍCIO ANTERIOR,5582296486.87,7153262,Maranhão
2023,3,MA,RGF-Anexo 02,DividaContratual,Dívida Contratual,Até o 1º Quadrimestre,5478909584.26,7153262,Maranhão
2023,3,MA,RGF-Anexo 02,DividaContratual,Dívida Contratual,Até o 2º Quadrimestre,4808364502.47,7153262,Maranhão
2023,3,MA,RGF-Anexo 02,DividaContratual,Dívida Contratual,Até o 3º Quadrimestre,4267480898.4,7153262,Maranhão
2023,3,MA,RGF-Anexo 02,DividaConsolidadaLiquida,DÍVIDA CONSOLIDADA LÍQUIDA (DCL) (III) = (I - II),SALDO DO EXERCÍCIO ANTERIOR,9122675760.38,7153262,Maranhão
2023,3,MA,RGF-Anexo 02,DividaConsolidadaLiquida,DÍVIDA CONSOLIDADA LÍQUIDA (DCL) (III) = (I - II),Até o 1º Quadrimestre,7306884923.74,7153262,Maranhão
2023,3,MA,RGF-Anexo 02,DividaConsolidadaLiquida,DÍVIDA CONSOLIDADA LÍQUIDA (DCL) (III) = (I - II),Até o 2º Quadrimestre,4593608980.22,7153262,Maranhão
2023,3,MA,RGF-Anexo 02,DividaConsolidadaLiquida,DÍVIDA CONSOLIDADA LÍQUIDA (DCL) (III) = (I - II),Até o 3º Quadrimestre,4433520205.58,7153262,Maranhão
2024,1,MA,RGF-Anexo 01,DespesaComPessoalBruta,DESPESA BRUTA COM PESSOAL (I),<MR-11>,788805448.34,6800605,Maranhão
2024,1,MA,RGF-Anexo 01,DespesaComPessoalBruta,DESPESA BRUTA COM PESSOAL (I),<MR-10>,887541734.48,6800605,Maranhão
2024,1,MA,RGF-Anexo 01,DespesaComPessoalBruta,DESPESA BRUTA COM PESSOAL (I),<MR-9>,860668759.28,6800605,Maranhão
2024,1,MA,RGF-Anexo 01,DespesaComPessoalBruta,DESPESA BRUTA COM PESSOAL (I),<MR-8>,785009210.87,6800605,Maranhão
2024,1,MA,RGF-Anexo 01,DespesaComPessoalBruta,DESPESA BRUTA COM PESSOAL (I),<MR-7>,727227682.16,6800605,Maranhão
2024,1,MA,RGF-Anexo 01,DespesaComPessoalBruta,DESPESA BRUTA COM PESSOAL (I),<MR-6>,312655591.47,6800605,Maranhão
2024,1,MA,RGF-Anexo 01,DespesaComPessoalBruta,DESPESA BRUTA COM PESSOAL (I),<MR-5>,1104415748.25,6800605,Maranhão
2024,1,MA,RGF-Anexo 01,DespesaComPessoalBruta,DESPESA BRUTA COM PESSOAL (I),<MR-4>,1624111630.35,6800605,Maranhão
2024,1,MA,RGF-Anexo 01,DespesaComPessoalBruta,DESPESA BRUTA COM PESSOAL (I),<MR-3>,597366725.82,6800605,Maranhão
2024,1,MA,RGF-Anexo 01,DespesaComPessoalBruta,DESPESA BRUTA COM PESSOAL (I),<MR-2>,739734889.75,6800605,Maranhão
2024,1,MA,RGF-Anexo 01,DespesaComPessoalBruta,DESPESA BRUTA COM PESSOAL (I),<MR-1>,786657941.79,6800605,Maranhão
2024,1,MA,RGF-Anexo 01,DespesaComPessoalBruta,DESPESA BRUTA COM PESSOAL (I),<MR>,805085270.97,6800605,Maranhão
2024,1,MA,RGF-Anexo 01,DespesaComPessoalBruta,DESPESA BRUTA COM PESSOAL (I),TOTAL (ÚLTIMOS 12 MESES) (a),10019280633.53,6800605,Maranhão
2024,1,MA,RGF-Anexo 01,DespesaComPessoalBruta,DESPESA BRUTA COM PESSOAL (I),INSCRITAS EM RESTOS A PAGAR NÃO PROCESSADOS (b),62022924.62,6800605,Maranhão
2024,1,MA,RGF-Anexo 01,DespesaComPessoalAtivoBruta,Pessoal Ativo,<MR-11>,555076777.86,6800605,Maranhão
2024,1,MA,RGF-Anexo 01,DespesaComPessoalAtivoBruta,Pessoal Ativo,<MR-10>,541504241.96,6800605,Maranhão
2024,1,MA,RGF-Anexo 01,DespesaComPessoalAtivoBruta,Pessoal Ativo,<MR-9>,651372034.25,6800605,Maranhão
2024,1,MA,RGF-Anexo 01,DespesaComPessoalAtivoBruta,Pessoal Ativo,<MR-8>,546419598.64,6800605,Maranhão
2024,1,MA,RGF-Anexo 01,DespesaComPessoalAtivoBruta,Pessoal Ativo,<MR-7>,603134910.14,6800605,Maranhão
2024,1,MA,RGF-Anexo 01,DespesaComPessoalAtivoBruta,Pessoal Ativo,<MR-6>,289890182.07,6800605,Maranhão
2024,1,MA,RGF-Anexo 01,DespesaComPessoalAtivoBruta,Pessoal Ativo,<MR-5>,689656342.0,6800605,Maranhão
2024,1,MA,RGF-Anexo 01,DespesaComPessoalAtivoBruta,Pessoal Ativo,<MR-4>,1091538488.45,6800605,Maranhão
2024,1,MA,RGF-Anexo 01,DespesaComPessoalAtivoBruta,Pessoal Ativo,<MR-3>,402961401.67,6800605,Maranhão
2024,1,MA,RGF-Anexo 01,DespesaComPessoalAtivoBruta,Pessoal Ativo,<MR-2>,533178073.0,6800605,Maranhão
2024,1,MA,RGF-Anexo 01,DespesaComPessoalAtivoBruta,Pessoal Ativo,<MR-1>,454058834.02,6800605,Maranhão
2024,1,MA,RGF-Anexo 01,DespesaComPessoalAtivoBruta,Pessoal Ativo,<MR>,546093687.86,6800605,Maranhão
2024,1,MA,RGF-Anexo 01,DespesaComPessoalAtivoBruta,Pessoal Ativo,TOTAL (ÚLTIMOS 12 MESES) (a),6904884571.92,6800605,Maranhão
2024,1,MA,RGF-Anexo 01,DespesaComPessoalAtivoBruta,Pessoal Ativo,INSCRITAS EM RESTOS A PAGAR NÃO PROCESSADOS (b),62022924.62,6800605,Maranhão
2024,1,MA,RGF-Anexo 01,DespesaComPessoalInativoEPensionistasBruta,Pessoal Inativo e Pensionistas,<MR-11>,232923109.49,6800605,Maranhão
2024,1,MA,RGF-Anexo 01,DespesaComPessoalInativoEPensionistasBruta,Pessoal Inativo e Pensionistas,<MR-10>,346037492.52,6800605,Maranhão
2024,1,MA,RGF-Anexo 01,DespesaComPessoalInativoEPensionistasBruta,Pessoal Inativo e Pensionistas,<MR-9>,209296725.03,6800605,Maranhão
2024,1,MA,RGF-Anexo 01,DespesaComPessoalInativoEPensionistasBruta,Pessoal Inativo e Pensionistas,<MR-8>,238589612.23,6800605,Maranhão
2024,1,MA,RGF-Anexo 01,DespesaComPessoalInativoEPensionistasBruta,Pessoal Inativo e Pensionistas,<MR-7>,124092772.02,6800605,Maranhão
2024,1,MA,RGF-Anexo 01,DespesaComPessoalInativoEPensionistasBruta,Pessoal Inativo e Pensionistas,<MR-6>,22765409.4,6800605,Maranhão
2024,1,MA,RGF-Anexo 01,DespesaComPessoalInativoEPensionistasBruta,Pessoal Inativo e Pensionistas,<MR-5>,414759406.25,6800605,Maranhão
2024,1,MA,RGF-Anexo 01,DespesaComPessoalInativoEPensionistasBruta,Pessoal Inativo e Pensionistas,<MR-4>,532573141.9,6800605,Maranhão
2024,1,MA,RGF-Anexo 01,DespesaComPessoalInativoEPensionistasBruta,Pessoal Inativo e Pensionistas,<MR-3>,194405324.15,6800605,Maranhão
2024,1,MA,RGF-Anexo 01,DespesaComPessoalInativoEPensionistasBruta,Pessoal Inativo e Pensionistas,<MR-2>,206556816.75,6800605,Maranhão
2024,1,MA,RGF-Anexo 01,DespesaComPessoalInativoEPensionistasBruta,Pessoal Inativo e Pensionistas,<MR-1>,332599107.77,6800605,Maranhão
2024,1,MA,RGF-Anexo 01,DespesaComPessoalInativoEPensionistasBruta,Pessoal Inativo e Pensionistas,<MR>,258991583.11,6800605,Maranhão
2024,1,MA,RGF-Anexo 01,DespesaComPessoalInativoEPensionistasBruta,Pessoal Inativo e Pensionistas,TOTAL (ÚLTIMOS 12 MESES) (a),3113590500.62,6800605,Maranhão
2024,1,MA,RGF-Anexo 01,DespesaComPessoalLiquida,DESPESA LÍQUIDA COM PESSOAL (III) = (I - II),<MR-11>,586927083.49,6800605,Maranhão
2024,1,MA,RGF-Anexo 01,DespesaComPessoalLiquida,DESPESA LÍQUIDA COM PESSOAL (III) = (I - II),<MR-10>,786893196.92,6800605,Maranhão
2024,1,MA,RGF-Anexo 01,DespesaComPessoalLiquida,DESPESA LÍQUIDA COM PESSOAL (III) = (I - II),<MR-9>,784434553.62,6800605,Maranhão
2024,1,MA,RGF-Anexo 01,DespesaComPessoalLiquida,DESPESA LÍQUIDA COM PESSOAL (III) = (I - II),<MR-8>,680431181.88,6800605,Maranhão
2024,1,MA,RGF-Anexo 01,DespesaComPessoalLiquida,DESPESA LÍQUIDA COM PESSOAL (III) = (I - II),<MR-7>,654452076.84,6800605,Maranhão
2024,1,MA,RGF-Anexo 01,DespesaComPessoalLiquida,DESPESA LÍQUIDA COM PESSOAL (III) = (I - II),<MR-6>,289204764.08,6800605,Maranhão
2024,1,MA,RGF-Anexo 01,DespesaComPessoalLiquida,DESPESA LÍQUIDA COM PESSOAL (III) = (I - II),<MR-5>,935131363.91,6800605,Maranhão
2024,1,MA,RGF-Anexo 01,DespesaComPessoalLiquida,DESPESA LÍQUIDA COM PESSOAL (III) = (I - II),<MR-4>,1284404886.04,6800605,Maranhão
2024,1,MA,RGF-Anexo 01,DespesaComPessoalLiquida,DESPESA LÍQUIDA COM PESSOAL (III) = (I - II),<MR-3>,549181271.35,6800605,Maranhão
2024,1,MA,RGF-Anexo 01,DespesaComPessoalLiquida,DESPESA LÍQUIDA COM PESSOAL (III) = (I - II),<MR-2>,651746086.91,6800605,Maranhão
2024,1,MA,RGF-Anexo 01,DespesaComPessoalLiquida,DESPESA LÍQUIDA COM PESSOAL (III) = (I - II),<MR-1>,666116330.3,6800605,Maranhão
2024,1,MA,RGF-Anexo 01,DespesaComPessoalLiquida,DESPESA LÍQUIDA COM PESSOAL (III) = (I - II),<MR>,695088295.18,6800605,Maranhão
2024,1,MA,RGF-Anexo 01,DespesaComPessoalLiquida,DESPESA LÍQUIDA COM PESSOAL (III) = (I - II),TOTAL (ÚLTIMOS 12 MESES) (a),8564011090.52,6800605,Maranhão
2024,1,MA,RGF-Anexo 01,DespesaComPessoalLiquida,DESPESA LÍQUIDA COM PESSOAL (III) = (I - II),INSCRITAS EM RESTOS A PAGAR NÃO PROCESSADOS (b),62022924.62,6800605,Maranhão
2024,1,MA,RGF-Anexo 01,ReceitaCorrenteLiquidaLimiteLegal,RECEITA CORRENTE LIQUIDA - RCL (IV),Valor,26570112182.58,6800605,Maranhão
2024,1,MA,RGF-Anexo 01,DespesaComPessoalTotal,DESPESA TOTAL COM PESSOAL - DTP (VI) = (IIIa + IIIb),Valor,8626034015.14,6800605,Maranhão
2024,1,MA,RGF-Anexo 01,DespesaComPessoalTotal,DESPESA TOTAL COM PESSOAL - DTP (VI) = (IIIa + IIIb),% sobre a RCL Ajustada,32.57,6800605,Maranhão
2024,1,MA,RGF-Anexo 01,DespesaComPessoalTotal,DESPESA TOTAL COM PESSOAL - DTP (III) = (I - II),VALORES TRANSFERIDOS POR CONTRATO DE RATEIO,599859.22,6800605,Maranhão
2024,1,MA,RGF-Anexo 01,DespesaComPessoalTotal,DESPESA TOTAL COM PESSOAL - DTP (III) = (I - II),LIQUIDADAS (a),599859.22,6800605,Maranhão
2024,1,MA,RGF-Anexo 01,DespesaComPessoalTotal,DESPESA TOTAL COM PESSOAL - DTP (III) = (I - II),TOTAL (c = a + b),599859.22,6800605,Maranhão
2024,1,MA,RGF-Anexo 02,DividaConsolidada,DÍVIDA CONSOLIDADA - DC (I),SALDO DO EXERCÍCIO ANTERIOR,6479841445.19,6800605,Maranhão
2024,1,MA,RGF-Anexo 02,DividaConsolidada,DÍVIDA CONSOLIDADA - DC (I),Até o 1º Quadrimestre,5697347766.3,6800605,Maranhão
2024,1,MA,RGF-Anexo 02,DividaContratual,Dívida Contratual,SALDO DO EXERCÍCIO ANTERIOR,4267480898.4,6800605,Maranhão
2024,1,MA,RGF-Anexo 02,DividaContratual,Dívida Contratual,Até o 1º Quadrimestre,3933724950.21,6800605,Maranhão
2024,1,MA,RGF-Anexo 02,DividaConsolidadaLiquida,DÍVIDA CONSOLIDADA LÍQUIDA (DCL) (III) = (I - II),SALDO DO EXERCÍCIO ANTERIOR,4433520205.58,6800605,Maranhão
2024,1,MA,RGF-Anexo 02,DividaConsolidadaLiquida,DÍVIDA CONSOLIDADA LÍQUIDA (DCL) (III) = (I - II),Até o 1º Quadrimestre,-331728952.38,6800605,Maranhão
2024,2,MA,RGF-Anexo 01,DespesaComPessoalBruta,DESPESA BRUTA COM PESSOAL (I),<MR-11>,727227682.16,6800605,Maranhão
2024,2,MA,RGF-Anexo 01,DespesaComPessoalBruta,DESPESA BRUTA COM PESSOAL (I),<MR-10>,312655591.47,6800605,Maranhão
2024,2,MA,RGF-Anexo 01,DespesaComPessoalBruta,DESPESA BRUTA COM PESSOAL (I),<MR-9>,1104415748.25,6800605,Maranhão
2024,2,MA,RGF-Anexo 01,DespesaComPessoalBruta,DESPESA BRUTA COM PESSOAL (I),<MR-8>,1624111630.35,6800605,Maranhão
2024,2,MA,RGF-Anexo 01,DespesaComPessoalBruta,DESPESA BRUTA COM PESSOAL (I),<MR-7>,597366725.82,6800605,Maranhão
2024,2,MA,RGF-Anexo 01,DespesaComPessoalBruta,DESPESA BRUTA COM PESSOAL (I),<MR-6>,739734889.75,6800605,Maranhão
2024,2,MA,RGF-Anexo 01,DespesaComPessoalBruta,DESPESA BRUTA COM PESSOAL (I),<MR-5>,786657941.79,6800605,Maranhão
2024,2,MA,RGF-Anexo 01,DespesaComPessoalBruta,DESPESA BRUTA COM PESSOAL (I),<MR-4>,805085270.97,6800605,Maranhão
2024,2,MA,RGF-Anexo 01,DespesaComPessoalBruta,DESPESA BRUTA COM PESSOAL (I),<MR-3>,930211816.67,6800605,Maranhão
2024,2,MA,RGF-Anexo 01,DespesaComPessoalBruta,DESPESA BRUTA COM PESSOAL (I),<MR-2>,1885312775.62,6800605,Maranhão
2024,2,MA,RGF-Anexo 01,DespesaComPessoalBruta,DESPESA BRUTA COM PESSOAL (I),<MR-1>,888353717.32,6800605,Maranhão
2024,2,MA,RGF-Anexo 01,DespesaComPessoalBruta,DESPESA BRUTA COM PESSOAL (I),<MR>,832831811.21,6800605,Maranhão
2024,2,MA,RGF-Anexo 01,DespesaComPessoalBruta,DESPESA BRUTA COM PESSOAL (I),TOTAL (ÚLTIMOS 12 MESES) (a),11233965601.38,6800605,Maranhão
2024,2,MA,RGF-Anexo 01,DespesaComPessoalBruta,DESPESA BRUTA COM PESSOAL (I),INSCRITAS EM RESTOS A PAGAR NÃO PROCESSADOS (b),62022924.62,6800605,Maranhão
2024,2,MA,RGF-Anexo 01,DespesaComPessoalAtivoBruta,Pessoal Ativo,<MR-11>,603134910.14,6800605,Maranhão
2024,2,MA,RGF-Anexo 01,DespesaComPessoalAtivoBruta,Pessoal Ativo,<MR-10>,289890182.07,6800605,Maranhão
2024,2,MA,RGF-Anexo 01,DespesaComPessoalAtivoBruta,Pessoal Ativo,<MR-9>,689656342.0,6800605,Maranhão
2024,2,MA,RGF-Anexo 01,DespesaComPessoalAtivoBruta,Pessoal Ativo,<MR-8>,1091538488.45,6800605,Maranhão
2024,2,MA,RGF-Anexo 01,DespesaComPessoalAtivoBruta,Pessoal Ativo,<MR-7>,402961401.67,6800605,Maranhão
2024,2,MA,RGF-Anexo 01,DespesaComPessoalAtivoBruta,Pessoal Ativo,<MR-6>,533178073.0,6800605,Maranhão
2024,2,MA,RGF-Anexo 01,DespesaComPessoalAtivoBruta,Pessoal Ativo,<MR-5>,454058834.02,6800605,Maranhão
2024,2,MA,RGF-Anexo 01,DespesaComPessoalAtivoBruta,Pessoal Ativo,<MR-4>,546093687.86,6800605,Maranhão
2024,2,MA,RGF-Anexo 01,DespesaComPessoalAtivoBruta,Pessoal Ativo,<MR-3>,678851568.84,6800605,Maranhão
2024,2,MA,RGF-Anexo 01,DespesaComPessoalAtivoBruta,Pessoal Ativo,<MR-2>,1508522731.55,6800605,Maranhão
2024,2,MA,RGF-Anexo 01,DespesaComPessoalAtivoBruta,Pessoal Ativo,<MR-1>,625764533.18,6800605,Maranhão
2024,2,MA,RGF-Anexo 01,DespesaComPessoalAtivoBruta,Pessoal Ativo,<MR>,573452871.69,6800605,Maranhão
2024,2,MA,RGF-Anexo 01,DespesaComPessoalAtivoBruta,Pessoal Ativo,TOTAL (ÚLTIMOS 12 MESES) (a),7997103624.47,6800605,Maranhão
2024,2,MA,RGF-Anexo 01,DespesaComPessoalAtivoBruta,Pessoal Ativo,INSCRITAS EM RESTOS A PAGAR NÃO PROCESSADOS (b),62022924.62,6800605,Maranhão
2024,2,MA,RGF-Anexo 01,DespesaComPessoalInativoEPensionistasBruta,Pessoal Inativo e Pensionistas,<MR-11>,124092772.02,6800605,Maranhão
2024,2,MA,RGF-Anexo 01,DespesaComPessoalInativoEPensionistasBruta,Pessoal Inativo e Pensionistas,<MR-10>,22765409.4,6800605,Maranhão
2024,2,MA,RGF-Anexo 01,DespesaComPessoalInativoEPensionistasBruta,Pessoal Inativo e Pensionistas,<MR-9>,414759406.25,6800605,Maranhão
2024,2,MA,RGF-Anexo 01,DespesaComPessoalInativoEPensionistasBruta,Pessoal Inativo e Pensionistas,<MR-8>,532573141.9,6800605,Maranhão
2024,2,MA,RGF-Anexo 01,DespesaComPessoalInativoEPensionistasBruta,Pessoal Inativo e Pensionistas,<MR-7>,194405324.15,6800605,Maranhão
2024,2,MA,RGF-Anexo 01,DespesaComPessoalInativoEPensionistasBruta,Pessoal Inativo e Pensionistas,<MR-6>,206556816.75,6800605,Maranhão
2024,2,MA,RGF-Anexo 01,DespesaComPessoalInativoEPensionistasBruta,Pessoal Inativo e Pensionistas,<MR-5>,332599107.77,6800605,Maranhão
2024,2,MA,RGF-Anexo 01,DespesaComPessoalInativoEPensionistasBruta,Pessoal Inativo e Pensionistas,<MR-4>,258991583.11,6800605,Maranhão
2024,2,MA,RGF-Anexo 01,DespesaComPessoalInativoEPensionistasBruta,Pessoal Inativo e Pensionistas,<MR-3>,251360247.83,6800605,Maranhão
2024,2,MA,RGF-Anexo 01,DespesaComPessoalInativoEPensionistasBruta,Pessoal Inativo e Pensionistas,<MR-2>,376790044.07,6800605,Maranhão
2024,2,MA,RGF-Anexo 01,DespesaComPessoalInativoEPensionistasBruta,Pessoal Inativo e Pensionistas,<MR-1>,262589184.14,6800605,Maranhão
2024,2,MA,RGF-Anexo 01,DespesaComPessoalInativoEPensionistasBruta,Pessoal Inativo e Pensionistas,<MR>,259378939.52,6800605,Maranhão
2024,2,MA,RGF-Anexo 01,DespesaComPessoalInativoEPensionistasBruta,Pessoal Inativo e Pensionistas,TOTAL (ÚLTIMOS 12 MESES) (a),3236861976.91,6800605,Maranhão
2024,2,MA,RGF-Anexo 01,DespesaComPessoalLiquida,DESPESA LÍQUIDA COM PESSOAL (III) = (I - II),<MR-11>,654452076.84,6800605,Maranhão
2024,2,MA,RGF-Anexo 01,DespesaComPessoalLiquida,DESPESA LÍQUIDA COM PESSOAL (III) = (I - II),<MR-10>,289204764.08,6800605,Maranhão
2024,2,MA,RGF-Anexo 01,DespesaComPessoalLiquida,DESPESA LÍQUIDA COM PESSOAL (III) = (I - II),<MR-9>,935131363.91,6800605,Maranhão
2024,2,MA,RGF-Anexo 01,DespesaComPessoalLiquida,DESPESA LÍQUIDA COM PESSOAL (III) = (I - II),<MR-8>,1284404886.04,6800605,Maranhão
2024,2,MA,RGF-Anexo 01,DespesaComPessoalLiquida,DESPESA LÍQUIDA COM PESSOAL (III) = (I - II),<MR-7>,549181271.35,6800605,Maranhão
2024,2,MA,RGF-Anexo 01,DespesaComPessoalLiquida,DESPESA LÍQUIDA COM PESSOAL (III) = (I - II),<MR-6>,651746086.91,6800605,Maranhão
2024,2,MA,RGF-Anexo 01,DespesaComPessoalLiquida,DESPESA LÍQUIDA COM PESSOAL (III) = (I - II),<MR-5>,666116330.3,6800605,Maranhão
2024,2,MA,RGF-Anexo 01,DespesaComPessoalLiquida,DESPESA LÍQUIDA COM PESSOAL (III) = (I - II),<MR-4>,695088295.18,6800605,Maranhão
2024,2,MA,RGF-Anexo 01,DespesaComPessoalLiquida,DESPESA LÍQUIDA COM PESSOAL (III) = (I - II),<MR-3>,817226140.47,6800605,Maranhão
2024,2,MA,RGF-Anexo 01,DespesaComPessoalLiquida,DESPESA LÍQUIDA COM PESSOAL (III) = (I - II),<MR-2>,1015325129.72,6800605,Maranhão
2024,2,MA,RGF-Anexo 01,DespesaComPessoalLiquida,DESPESA LÍQUIDA COM PESSOAL (III) = (I - II),<MR-1>,749734401.47,6800605,Maranhão
2024,2,MA,RGF-Anexo 01,DespesaComPessoalLiquida,DESPESA LÍQUIDA COM PESSOAL (III) = (I - II),<MR>,717396284.75,6800605,Maranhão
2024,2,MA,RGF-Anexo 01,DespesaComPessoalLiquida,DESPESA LÍQUIDA COM PESSOAL (III) = (I - II),TOTAL (ÚLTIMOS 12 MESES) (a),9025007031.02,6800605,Maranhão
2024,2,MA,RGF-Anexo 01,DespesaComPessoalLiquida,DESPESA LÍQUIDA COM PESSOAL (III) = (I - II),INSCRITAS EM RESTOS A PAGAR NÃO PROCESSADOS (b),62022924.62,6800605,Maranhão
2024,2,MA,RGF-Anexo 01,ReceitaCorrenteLiquidaLimiteLegal,RECEITA CORRENTE LIQUIDA - RCL (IV),Valor,28005034598.23,6800605,Maranhão
2024,2,MA,RGF-Anexo 01,DespesaComPessoalTotal,DESPESA TOTAL COM PESSOAL - DTP (VI) = (IIIa + IIIb),Valor,9087029955.64,6800605,Maranhão
2024,2,MA,RGF-Anexo 01,DespesaComPessoalTotal,DESPESA TOTAL COM PESSOAL - DTP (VI) = (IIIa + IIIb),% sobre a RCL Ajustada,32.61,6800605,Maranhão
2024,2,MA,RGF-Anexo 01,DespesaComPessoalTotal,DESPESA TOTAL COM PESSOAL - DTP (III) = (I - II),LIQUIDADAS (a),804022.42,6800605,Maranhão
2024,2,MA,RGF-Anexo 01,DespesaComPessoalTotal,DESPESA TOTAL COM PESSOAL - DTP (III) = (I - II),TOTAL (c = a + b),804022.42,6800605,Maranhão
2024,2,MA,RGF-Anexo 02,DividaConsolidada,DÍVIDA CONSOLIDADA - DC (I),SALDO DO EXERCÍCIO ANTERIOR,6479841445.19,6800605,Maranhão
2024,2,MA,RGF-Anexo 02,DividaConsolidada,DÍVIDA CONSOLIDADA - DC (I),Até o 1º Quadrimestre,5697347766.3,6800605,Maranhão
2024,2,MA,RGF-Anexo 02,DividaConsolidada,DÍVIDA CONSOLIDADA - DC (I),Até o 2º Quadrimestre,5750064226.44,6800605,Maranhão
2024,2,MA,RGF-Anexo 02,DividaContratual,Dívida Contratual,SALDO DO EXERCÍCIO ANTERIOR,4267480898.4,6800605,Maranhão
2024,2,MA,RGF-Anexo 02,DividaContratual,Dívida Contratual,Até o 1º Quadrimestre,3933724950.21,6800605,Maranhão
2024,2,MA,RGF-Anexo 02,DividaContratual,Dívida Contratual,Até o 2º Quadrimestre,3986441410.35,6800605,Maranhão
2024,2,MA,RGF-Anexo 02,DividaConsolidadaLiquida,DÍVIDA CONSOLIDADA LÍQUIDA (DCL) (III) = (I - II),SALDO DO EXERCÍCIO ANTERIOR,4433520205.58,6800605,Maranhão
2024,2,MA,RGF-Anexo 02,DividaConsolidadaLiquida,DÍVIDA CONSOLIDADA LÍQUIDA (DCL) (III) = (I - II),Até o 1º Quadrimestre,-331728952.38,6800605,Maranhão
2024,2,MA,RGF-Anexo 02,DividaConsolidadaLiquida,DÍVIDA CONSOLIDADA LÍQUIDA (DCL) (III) = (I - II),Até o 2º Quadrimestre,900421611.26,6800605,Maranhão
2024,3,MA,RGF-Anexo 01,DespesaComPessoalBruta,DESPESA BRUTA COM PESSOAL (I),<MR-11>,597366725.82,6800605,Maranhão
2024,3,MA,RGF-Anexo 01,DespesaComPessoalBruta,DESPESA BRUTA COM PESSOAL (I),<MR-10>,739734889.75,6800605,Maranhão
2024,3,MA,RGF-Anexo 01,DespesaComPessoalBruta,DESPESA BRUTA COM PESSOAL (I),<MR-9>,786657941.79,6800605,Maranhão
2024,3,MA,RGF-Anexo 01,DespesaComPessoalBruta,DESPESA BRUTA COM PESSOAL (I),<MR-8>,805085270.97,6800605,Maranhão
2024,3,MA,RGF-Anexo 01,DespesaComPessoalBruta,DESPESA BRUTA COM PESSOAL (I),<MR-7>,930211816.67,6800605,Maranhão
2024,3,MA,RGF-Anexo 01,DespesaComPessoalBruta,DESPESA BRUTA COM PESSOAL (I),<MR-6>,1885312775.62,6800605,Maranhão
2024,3,MA,RGF-Anexo 01,DespesaComPessoalBruta,DESPESA BRUTA COM PESSOAL (I),<MR-5>,888353717.32,6800605,Maranhão
2024,3,MA,RGF-Anexo 01,DespesaComPessoalBruta,DESPESA BRUTA COM PESSOAL (I),<MR-4>,832831811.21,6800605,Maranhão
2024,3,MA,RGF-Anexo 01,DespesaComPessoalBruta,DESPESA BRUTA COM PESSOAL (I),<MR-3>,716825705.65,6800605,Maranhão
2024,3,MA,RGF-Anexo 01,DespesaComPessoalBruta,DESPESA BRUTA COM PESSOAL (I),<MR-2>,914431942.84,6800605,Maranhão
2024,3,MA,RGF-Anexo 01,DespesaComPessoalBruta,DESPESA BRUTA COM PESSOAL (I),<MR-1>,531029342.55,6800605,Maranhão
2024,3,MA,RGF-Anexo 01,DespesaComPessoalBruta,DESPESA BRUTA COM PESSOAL (I),<MR>,1677519987.31,6800605,Maranhão
2024,3,MA,RGF-Anexo 01,DespesaComPessoalBruta,DESPESA BRUTA COM PESSOAL (I),TOTAL (ÚLTIMOS 12 MESES) (a),11305361927.5,6800605,Maranhão
2024,3,MA,RGF-Anexo 01,DespesaComPessoalBruta,DESPESA BRUTA COM PESSOAL (I),INSCRITAS EM RESTOS A PAGAR NÃO PROCESSADOS (b),49559351.55,6800605,Maranhão
2024,3,MA,RGF-Anexo 01,DespesaComPessoalAtivoBruta,Pessoal Ativo,<MR-11>,402961401.67,6800605,Maranhão
2024,3,MA,RGF-Anexo 01,DespesaComPessoalAtivoBruta,Pessoal Ativo,<MR-10>,533178073.0,6800605,Maranhão
2024,3,MA,RGF-Anexo 01,DespesaComPessoalAtivoBruta,Pessoal Ativo,<MR-9>,454058834.02,6800605,Maranhão
2024,3,MA,RGF-Anexo 01,DespesaComPessoalAtivoBruta,Pessoal Ativo,<MR-8>,546093687.86,6800605,Maranhão
2024,3,MA,RGF-Anexo 01,DespesaComPessoalAtivoBruta,Pessoal Ativo,<MR-7>,678851568.84,6800605,Maranhão
2024,3,MA,RGF-Anexo 01,DespesaComPessoalAtivoBruta,Pessoal Ativo,<MR-6>,1508522731.55,6800605,Maranhão
2024,3,MA,RGF-Anexo 01,DespesaComPessoalAtivoBruta,Pessoal Ativo,<MR-5>,625764533.18,6800605,Maranhão
2024,3,MA,RGF-Anexo 01,DespesaComPessoalAtivoBruta,Pessoal Ativo,<MR-4>,573452871.69,6800605,Maranhão
2024,3,MA,RGF-Anexo 01,DespesaComPessoalAtivoBruta,Pessoal Ativo,<MR-3>,526286663.08,6800605,Maranhão
2024,3,MA,RGF-Anexo 01,DespesaComPessoalAtivoBruta,Pessoal Ativo,<MR-2>,601629208.89,6800605,Maranhão
2024,3,MA,RGF-Anexo 01,DespesaComPessoalAtivoBruta,Pessoal Ativo,<MR-1>,396149808.07,6800605,Maranhão
2024,3,MA,RGF-Anexo 01,DespesaComPessoalAtivoBruta,Pessoal Ativo,<MR>,1132601717.72,6800605,Maranhão
2024,3,MA,RGF-Anexo 01,DespesaComPessoalAtivoBruta,Pessoal Ativo,TOTAL (ÚLTIMOS 12 MESES) (a),7979551099.57,6800605,Maranhão
2024,3,MA,RGF-Anexo 01,DespesaComPessoalAtivoBruta,Pessoal Ativo,INSCRITAS EM RESTOS A PAGAR NÃO PROCESSADOS (b),49559351.55,6800605,Maranhão
2024,3,MA,RGF-Anexo 01,DespesaComPessoalInativoEPensionistasBruta,Pessoal Inativo e Pensionistas,<MR-11>,194405324.15,6800605,Maranhão
2024,3,MA,RGF-Anexo 01,DespesaComPessoalInativoEPensionistasBruta,Pessoal Inativo e Pensionistas,<MR-10>,206556816.75,6800605,Maranhão
2024,3,MA,RGF-Anexo 01,DespesaComPessoalInativoEPensionistasBruta,Pessoal Inativo e Pensionistas,<MR-9>,332599107.77,6800605,Maranhão
2024,3,MA,RGF-Anexo 01,DespesaComPessoalInativoEPensionistasBruta,Pessoal Inativo e Pensionistas,<MR-8>,258991583.11,6800605,Maranhão
2024,3,MA,RGF-Anexo 01,DespesaComPessoalInativoEPensionistasBruta,Pessoal Inativo e Pensionistas,<MR-7>,251360247.83,6800605,Maranhão
2024,3,MA,RGF-Anexo 01,DespesaComPessoalInativoEPensionistasBruta,Pessoal Inativo e Pensionistas,<MR-6>,376790044.07,6800605,Maranhão
2024,3,MA,RGF-Anexo 01,DespesaComPessoalInativoEPensionistasBruta,Pessoal Inativo e Pensionistas,<MR-5>,262589184.14,6800605,Maranhão
2024,3,MA,RGF-Anexo 01,DespesaComPessoalInativoEPensionistasBruta,Pessoal Inativo e Pensionistas,<MR-4>,259378939.52,6800605,Maranhão
2024,3,MA,RGF-Anexo 01,DespesaComPessoalInativoEPensionistasBruta,Pessoal Inativo e Pensionistas,<MR-3>,190539042.57,6800605,Maranhão
2024,3,MA,RGF-Anexo 01,DespesaComPessoalInativoEPensionistasBruta,Pessoal Inativo e Pensionistas,<MR-2>,312802733.95,6800605,Maranhão
2024,3,MA,RGF-Anexo 01,DespesaComPessoalInativoEPensionistasBruta,Pessoal Inativo e Pensionistas,<MR-1>,134879534.48,6800605,Maranhão
2024,3,MA,RGF-Anexo 01,DespesaComPessoalInativoEPensionistasBruta,Pessoal Inativo e Pensionistas,<MR>,544918269.59,6800605,Maranhão
2024,3,MA,RGF-Anexo 01,DespesaComPessoalInativoEPensionistasBruta,Pessoal Inativo e Pensionistas,TOTAL (ÚLTIMOS 12 MESES) (a),3325810827.93,6800605,Maranhão
2024,3,MA,RGF-Anexo 01,DespesaComPessoalLiquida,DESPESA LÍQUIDA COM PESSOAL (III) = (I - II),<MR-11>,549181271.35,6800605,Maranhão
2024,3,MA,RGF-Anexo 01,DespesaComPessoalLiquida,DESPESA LÍQUIDA COM PESSOAL (III) = (I - II),<MR-10>,651746086.91,6800605,Maranhão
2024,3,MA,RGF-Anexo 01,DespesaComPessoalLiquida,DESPESA LÍQUIDA COM PESSOAL (III) = (I - II),<MR-9>,666116330.3,6800605,Maranhão
2024,3,MA,RGF-Anexo 01,DespesaComPessoalLiquida,DESPESA LÍQUIDA COM PESSOAL (III) = (I - II),<MR-8>,695088295.18,6800605,Maranhão
2024,3,MA,RGF-Anexo 01,DespesaComPessoalLiquida,DESPESA LÍQUIDA COM PESSOAL (III) = (I - II),<MR-7>,817226140.47,6800605,Maranhão
2024,3,MA,RGF-Anexo 01,DespesaComPessoalLiquida,DESPESA LÍQUIDA COM PESSOAL (III) = (I - II),<MR-6>,1015325129.72,6800605,Maranhão
2024,3,MA,RGF-Anexo 01,DespesaComPessoalLiquida,DESPESA LÍQUIDA COM PESSOAL (III) = (I - II),<MR-5>,749734401.47,6800605,Maranhão
2024,3,MA,RGF-Anexo 01,DespesaComPessoalLiquida,DESPESA LÍQUIDA COM PESSOAL (III) = (I - II),<MR-4>,717396284.75,6800605,Maranhão
2024,3,MA,RGF-Anexo 01,DespesaComPessoalLiquida,DESPESA LÍQUIDA COM PESSOAL (III) = (I - II),<MR-3>,620362111.27,6800605,Maranhão
2024,3,MA,RGF-Anexo 01,DespesaComPessoalLiquida,DESPESA LÍQUIDA COM PESSOAL (III) = (I - II),<MR-2>,812609208.71,6800605,Maranhão
2024,3,MA,RGF-Anexo 01,DespesaComPessoalLiquida,DESPESA LÍQUIDA COM PESSOAL (III) = (I - II),<MR-1>,420582916.45,6800605,Maranhão
2024,3,MA,RGF-Anexo 01,DespesaComPessoalLiquida,DESPESA LÍQUIDA COM PESSOAL (III) = (I - II),<MR>,1398322248.39,6800605,Maranhão
2024,3,MA,RGF-Anexo 01,DespesaComPessoalLiquida,DESPESA LÍQUIDA COM PESSOAL (III) = (I - II),TOTAL (ÚLTIMOS 12 MESES) (a),9113690424.97,6800605,Maranhão
2024,3,MA,RGF-Anexo 01,DespesaComPessoalLiquida,DESPESA LÍQUIDA COM PESSOAL (III) = (I - II),INSCRITAS EM RESTOS A PAGAR NÃO PROCESSADOS (b),49559351.55,6800605,Maranhão
2024,3,MA,RGF-Anexo 01,ReceitaCorrenteLiquidaLimiteLegal,RECEITA CORRENTE LIQUIDA - RCL (IV),Valor,29586751705.73,6800605,Maranhão
2024,3,MA,RGF-Anexo 01,DespesaComPessoalTotal,DESPESA TOTAL COM PESSOAL - DTP (VI) = (IIIa + IIIb),Valor,9163249776.52,6800605,Maranhão
2024,3,MA,RGF-Anexo 01,DespesaComPessoalTotal,DESPESA TOTAL COM PESSOAL - DTP (VI) = (IIIa + IIIb),% sobre a RCL Ajustada,31.04,6800605,Maranhão
2024,3,MA,RGF-Anexo 02,DividaConsolidada,DÍVIDA CONSOLIDADA - DC (I),SALDO DO EXERCÍCIO ANTERIOR,6479841445.19,6800605,Maranhão
2024,3,MA,RGF-Anexo 02,DividaConsolidada,DÍVIDA CONSOLIDADA - DC (I),Até o 1º Quadrimestre,5697347766.3,6800605,Maranhão
2024,3,MA,RGF-Anexo 02,DividaConsolidada,DÍVIDA CONSOLIDADA - DC (I),Até o 2º Quadrimestre,5750064226.44,6800605,Maranhão
2024,3,MA,RGF-Anexo 02,DividaConsolidada,DÍVIDA CONSOLIDADA - DC (I),Até o 3º Quadrimestre,5893676264.29,6800605,Maranhão
2024,3,MA,RGF-Anexo 02,DividaContratual,Dívida Contratual,SALDO DO EXERCÍCIO ANTERIOR,4267480898.4,6800605,Maranhão
2024,3,MA,RGF-Anexo 02,DividaContratual,Dívida Contratual,Até o 1º Quadrimestre,3933724950.21,6800605,Maranhão
2024,3,MA,RGF-Anexo 02,DividaContratual,Dívida Contratual,Até o 2º Quadrimestre,3986441410.35,6800605,Maranhão
2024,3,MA,RGF-Anexo 02,DividaContratual,Dívida Contratual,Até o 3º Quadrimestre,3802037003.22,6800605,Maranhão
2024,3,MA,RGF-Anexo 02,DividaConsolidadaLiquida,DÍVIDA CONSOLIDADA LÍQUIDA (DCL) (III) = (I - II),SALDO DO EXERCÍCIO ANTERIOR,4433520205.58,6800605,Maranhão
2024,3,MA,RGF-Anexo 02,DividaConsolidadaLiquida,DÍVIDA CONSOLIDADA LÍQUIDA (DCL) (III) = (I - II),Até o 1º Quadrimestre,-331728952.38,6800605,Maranhão
2024,3,MA,RGF-Anexo 02,DividaConsolidadaLiquida,DÍVIDA CONSOLIDADA LÍQUIDA (DCL) (III) = (I - II),Até o 2º Quadrimestre,900421611.26,6800605,Maranhão
2024,3,MA,RGF-Anexo 02,DividaConsolidadaLiquida,DÍVIDA CONSOLIDADA LÍQUIDA (DCL) (III) = (I - II),Até o 3º Quadrimestre,893355845.36,6800605,Maranhão
2025,1,MA,RGF-Anexo 01,DespesaComPessoalBruta,DESPESA BRUTA COM PESSOAL (I),<MR-11>,930211816.67,6800605,Maranhão
2025,1,MA,RGF-Anexo 01,DespesaComPessoalBruta,DESPESA BRUTA COM PESSOAL (I),<MR-10>,1885312775.62,6800605,Maranhão
2025,1,MA,RGF-Anexo 01,DespesaComPessoalBruta,DESPESA BRUTA COM PESSOAL (I),<MR-9>,888353717.32,6800605,Maranhão
2025,1,MA,RGF-Anexo 01,DespesaComPessoalBruta,DESPESA BRUTA COM PESSOAL (I),<MR-8>,832831811.21,6800605,Maranhão
2025,1,MA,RGF-Anexo 01,DespesaComPessoalBruta,DESPESA BRUTA COM PESSOAL (I),<MR-7>,716825705.65,6800605,Maranhão
2025,1,MA,RGF-Anexo 01,DespesaComPessoalBruta,DESPESA BRUTA COM PESSOAL (I),<MR-6>,914431942.84,6800605,Maranhão
2025,1,MA,RGF-Anexo 01,DespesaComPessoalBruta,DESPESA BRUTA COM PESSOAL (I),<MR-5>,531029342.55,6800605,Maranhão
2025,1,MA,RGF-Anexo 01,DespesaComPessoalBruta,DESPESA BRUTA COM PESSOAL (I),<MR-4>,1677519987.31,6800605,Maranhão
2025,1,MA,RGF-Anexo 01,DespesaComPessoalBruta,DESPESA BRUTA COM PESSOAL (I),<MR-3>,792038003.21,6800605,Maranhão
2025,1,MA,RGF-Anexo 01,DespesaComPessoalBruta,DESPESA BRUTA COM PESSOAL (I),<MR-2>,844484633.5,6800605,Maranhão
2025,1,MA,RGF-Anexo 01,DespesaComPessoalBruta,DESPESA BRUTA COM PESSOAL (I),<MR-1>,864991723.72,6800605,Maranhão
2025,1,MA,RGF-Anexo 01,DespesaComPessoalBruta,DESPESA BRUTA COM PESSOAL (I),<MR>,832461086.81,6800605,Maranhão
2025,1,MA,RGF-Anexo 01,DespesaComPessoalBruta,DESPESA BRUTA COM PESSOAL (I),TOTAL (ÚLTIMOS 12 MESES) (a),11710492546.41,6800605,Maranhão
2025,1,MA,RGF-Anexo 01,DespesaComPessoalBruta,DESPESA BRUTA COM PESSOAL (I),INSCRITAS EM RESTOS A PAGAR NÃO PROCESSADOS (b),49559351.55,6800605,Maranhão
2025,1,MA,RGF-Anexo 01,DespesaComPessoalAtivoBruta,Pessoal Ativo,<MR-11>,678851568.84,6800605,Maranhão
2025,1,MA,RGF-Anexo 01,DespesaComPessoalAtivoBruta,Pessoal Ativo,<MR-10>,1508522731.55,6800605,Maranhão
2025,1,MA,RGF-Anexo 01,DespesaComPessoalAtivoBruta,Pessoal Ativo,<MR-9>,625764533.18,6800605,Maranhão
2025,1,MA,RGF-Anexo 01,DespesaComPessoalAtivoBruta,Pessoal Ativo,<MR-8>,573452871.69,6800605,Maranhão
2025,1,MA,RGF-Anexo 01,DespesaComPessoalAtivoBruta,Pessoal Ativo,<MR-7>,526286663.08,6800605,Maranhão
2025,1,MA,RGF-Anexo 01,DespesaComPessoalAtivoBruta,Pessoal Ativo,<MR-6>,601629208.89,6800605,Maranhão
2025,1,MA,RGF-Anexo 01,DespesaComPessoalAtivoBruta,Pessoal Ativo,<MR-5>,396149808.07,6800605,Maranhão
2025,1,MA,RGF-Anexo 01,DespesaComPessoalAtivoBruta,Pessoal Ativo,<MR-4>,1132601717.72,6800605,Maranhão
2025,1,MA,RGF-Anexo 01,DespesaComPessoalAtivoBruta,Pessoal Ativo,<MR-3>,529199963.0,6800605,Maranhão
2025,1,MA,RGF-Anexo 01,DespesaComPessoalAtivoBruta,Pessoal Ativo,<MR-2>,564355589.4,6800605,Maranhão
2025,1,MA,RGF-Anexo 01,DespesaComPessoalAtivoBruta,Pessoal Ativo,<MR-1>,592027888.89,6800605,Maranhão
2025,1,MA,RGF-Anexo 01,DespesaComPessoalAtivoBruta,Pessoal Ativo,<MR>,605441196.51,6800605,Maranhão
2025,1,MA,RGF-Anexo 01,DespesaComPessoalAtivoBruta,Pessoal Ativo,TOTAL (ÚLTIMOS 12 MESES) (a),8334283740.82,6800605,Maranhão
2025,1,MA,RGF-Anexo 01,DespesaComPessoalAtivoBruta,Pessoal Ativo,INSCRITAS EM RESTOS A PAGAR NÃO PROCESSADOS (b),49559351.55,6800605,Maranhão
2025,1,MA,RGF-Anexo 01,DespesaComPessoalInativoEPensionistasBruta,Pessoal Inativo e Pensionistas,<MR-11>,251360247.83,6800605,Maranhão
2025,1,MA,RGF-Anexo 01,DespesaComPessoalInativoEPensionistasBruta,Pessoal Inativo e Pensionistas,<MR-10>,376790044.07,6800605,Maranhão
2025,1,MA,RGF-Anexo 01,DespesaComPessoalInativoEPensionistasBruta,Pessoal Inativo e Pensionistas,<MR-9>,262589184.14,6800605,Maranhão
2025,1,MA,RGF-Anexo 01,DespesaComPessoalInativoEPensionistasBruta,Pessoal Inativo e Pensionistas,<MR-8>,259378939.52,6800605,Maranhão
2025,1,MA,RGF-Anexo 01,DespesaComPessoalInativoEPensionistasBruta,Pessoal Inativo e Pensionistas,<MR-7>,190539042.57,6800605,Maranhão
2025,1,MA,RGF-Anexo 01,DespesaComPessoalInativoEPensionistasBruta,Pessoal Inativo e Pensionistas,<MR-6>,312802733.95,6800605,Maranhão
2025,1,MA,RGF-Anexo 01,DespesaComPessoalInativoEPensionistasBruta,Pessoal Inativo e Pensionistas,<MR-5>,134879534.48,6800605,Maranhão
2025,1,MA,RGF-Anexo 01,DespesaComPessoalInativoEPensionistasBruta,Pessoal Inativo e Pensionistas,<MR-4>,544918269.59,6800605,Maranhão
2025,1,MA,RGF-Anexo 01,DespesaComPessoalInativoEPensionistasBruta,Pessoal Inativo e Pensionistas,<MR-3>,262838040.21,6800605,Maranhão
2025,1,MA,RGF-Anexo 01,DespesaComPessoalInativoEPensionistasBruta,Pessoal Inativo e Pensionistas,<MR-2>,280129044.1,6800605,Maranhão
2025,1,MA,RGF-Anexo 01,DespesaComPessoalInativoEPensionistasBruta,Pessoal Inativo e Pensionistas,<MR-1>,272963834.83,6800605,Maranhão
2025,1,MA,RGF-Anexo 01,DespesaComPessoalInativoEPensionistasBruta,Pessoal Inativo e Pensionistas,<MR>,227019890.3,6800605,Maranhão
2025,1,MA,RGF-Anexo 01,DespesaComPessoalInativoEPensionistasBruta,Pessoal Inativo e Pensionistas,TOTAL (ÚLTIMOS 12 MESES) (a),3376208805.59,6800605,Maranhão
2025,1,MA,RGF-Anexo 01,DespesaComPessoalLiquida,DESPESA LÍQUIDA COM PESSOAL (III) = (I - II),<MR-11>,817226140.47,6800605,Maranhão
2025,1,MA,RGF-Anexo 01,DespesaComPessoalLiquida,DESPESA LÍQUIDA COM PESSOAL (III) = (I - II),<MR-10>,1015325129.72,6800605,Maranhão
2025,1,MA,RGF-Anexo 01,DespesaComPessoalLiquida,DESPESA LÍQUIDA COM PESSOAL (III) = (I - II),<MR-9>,749734401.47,6800605,Maranhão
2025,1,MA,RGF-Anexo 01,DespesaComPessoalLiquida,DESPESA LÍQUIDA COM PESSOAL (III) = (I - II),<MR-8>,717396284.75,6800605,Maranhão
2025,1,MA,RGF-Anexo 01,DespesaComPessoalLiquida,DESPESA LÍQUIDA COM PESSOAL (III) = (I - II),<MR-7>,620362111.27,6800605,Maranhão
2025,1,MA,RGF-Anexo 01,DespesaComPessoalLiquida,DESPESA LÍQUIDA COM PESSOAL (III) = (I - II),<MR-6>,812609208.71,6800605,Maranhão
2025,1,MA,RGF-Anexo 01,DespesaComPessoalLiquida,DESPESA LÍQUIDA COM PESSOAL (III) = (I - II),<MR-5>,420582916.45,6800605,Maranhão
2025,1,MA,RGF-Anexo 01,DespesaComPessoalLiquida,DESPESA LÍQUIDA COM PESSOAL (III) = (I - II),<MR-4>,1398322248.39,6800605,Maranhão
2025,1,MA,RGF-Anexo 01,DespesaComPessoalLiquida,DESPESA LÍQUIDA COM PESSOAL (III) = (I - II),<MR-3>,766646409.55,6800605,Maranhão
2025,1,MA,RGF-Anexo 01,DespesaComPessoalLiquida,DESPESA LÍQUIDA COM PESSOAL (III) = (I - II),<MR-2>,717805520.72,6800605,Maranhão
2025,1,MA,RGF-Anexo 01,DespesaComPessoalLiquida,DESPESA LÍQUIDA COM PESSOAL (III) = (I - II),<MR-1>,675093169.86,6800605,Maranhão
2025,1,MA,RGF-Anexo 01,DespesaComPessoalLiquida,DESPESA LÍQUIDA COM PESSOAL (III) = (I - II),<MR>,706144586.16,6800605,Maranhão
2025,1,MA,RGF-Anexo 01,DespesaComPessoalLiquida,DESPESA LÍQUIDA COM PESSOAL (III) = (I - II),TOTAL (ÚLTIMOS 12 MESES) (a),9417248127.52,6800605,Maranhão
2025,1,MA,RGF-Anexo 01,DespesaComPessoalLiquida,DESPESA LÍQUIDA COM PESSOAL (III) = (I - II),INSCRITAS EM RESTOS A PAGAR NÃO PROCESSADOS (b),49559351.55,6800605,Maranhão
2025,1,MA,RGF-Anexo 01,ReceitaCorrenteLiquidaLimiteLegal,RECEITA CORRENTE LIQUIDA - RCL (IV),Valor,28593042652.44,6800605,Maranhão
2025,1,MA,RGF-Anexo 01,DespesaComPessoalTotal,DESPESA TOTAL COM PESSOAL - DTP (VI) = (IIIa + IIIb),Valor,9466807479.07,6800605,Maranhão
2025,1,MA,RGF-Anexo 01,DespesaComPessoalTotal,DESPESA TOTAL COM PESSOAL - DTP (VI) = (IIIa + IIIb),% sobre a RCL Ajustada,33.19,6800605,Maranhão
2025,1,MA,RGF-Anexo 01,DespesaComPessoalTotal,DESPESA TOTAL COM PESSOAL - DTP (III) = (I - II),VALORES TRANSFERIDOS POR CONTRATO DE RATEIO,260380.51,6800605,Maranhão
2025,1,MA,RGF-Anexo 01,DespesaComPessoalTotal,DESPESA TOTAL COM PESSOAL - DTP (III) = (I - II),LIQUIDADAS (a),260380.51,6800605,Maranhão
2025,1,MA,RGF-Anexo 01,DespesaComPessoalTotal,DESPESA TOTAL COM PESSOAL - DTP (III) = (I - II),INSCRITAS EM RESTOS A PAGAR NÃO PROCESSADOS (b),188082.03,6800605,Maranhão
2025,1,MA,RGF-Anexo 01,DespesaComPessoalTotal,DESPESA TOTAL COM PESSOAL - DTP (III) = (I - II),TOTAL (c = a + b),448462.54,6800605,Maranhão
2025,1,MA,RGF-Anexo 02,DividaConsolidada,DÍVIDA CONSOLIDADA - DC (I),SALDO DO EXERCÍCIO ANTERIOR,5893676264.29,6800605,Maranhão
2025,1,MA,RGF-Anexo 02,DividaConsolidada,DÍVIDA CONSOLIDADA - DC (I),Até o 1º Quadrimestre,5088394337.04,6800605,Maranhão
2025,1,MA,RGF-Anexo 02,DividaContratual,Dívida Contratual,SALDO DO EXERCÍCIO ANTERIOR,3802037003.22,6800605,Maranhão
2025,1,MA,RGF-Anexo 02,DividaContratual,Dívida Contratual,Até o 1º Quadrimestre,3677144874.92,6800605,Maranhão
2025,1,MA,RGF-Anexo 02,DividaConsolidadaLiquida,DÍVIDA CONSOLIDADA LÍQUIDA (DCL) (III) = (I - II),SALDO DO EXERCÍCIO ANTERIOR,893355845.36,6800605,Maranhão
2025,1,MA,RGF-Anexo 02,DividaConsolidadaLiquida,DÍVIDA CONSOLIDADA LÍQUIDA (DCL) (III) = (I - II),Até o 1º Quadrimestre,-1898015317.29,6800605,Maranhão
2025,2,MA,RGF-Anexo 01,DespesaComPessoalBruta,DESPESA BRUTA COM PESSOAL (I),<MR-11>,716825705.65,6800605,Maranhão
2025,2,MA,RGF-Anexo 01,DespesaComPessoalBruta,DESPESA BRUTA COM PESSOAL (I),<MR-10>,914431942.84,6800605,Maranhão
2025,2,MA,RGF-Anexo 01,DespesaComPessoalBruta,DESPESA BRUTA COM PESSOAL (I),<MR-9>,531029342.55,6800605,Maranhão
2025,2,MA,RGF-Anexo 01,DespesaComPessoalBruta,DESPESA BRUTA COM PESSOAL (I),<MR-8>,1677519987.31,6800605,Maranhão
2025,2,MA,RGF-Anexo 01,DespesaComPessoalBruta,DESPESA BRUTA COM PESSOAL (I),<MR-7>,792038003.21,6800605,Maranhão
2025,2,MA,RGF-Anexo 01,DespesaComPessoalBruta,DESPESA BRUTA COM PESSOAL (I),<MR-6>,844484633.5,6800605,Maranhão
2025,2,MA,RGF-Anexo 01,DespesaComPessoalBruta,DESPESA BRUTA COM PESSOAL (I),<MR-5>,864991723.72,6800605,Maranhão
2025,2,MA,RGF-Anexo 01,DespesaComPessoalBruta,DESPESA BRUTA COM PESSOAL (I),<MR-4>,832461086.81,6800605,Maranhão
2025,2,MA,RGF-Anexo 01,DespesaComPessoalBruta,DESPESA BRUTA COM PESSOAL (I),<MR-3>,857513537.46,6800605,Maranhão
2025,2,MA,RGF-Anexo 01,DespesaComPessoalBruta,DESPESA BRUTA COM PESSOAL (I),<MR-2>,1274986687.71,6800605,Maranhão
2025,2,MA,RGF-Anexo 01,DespesaComPessoalBruta,DESPESA BRUTA COM PESSOAL (I),<MR-1>,910782807.31,6800605,Maranhão
2025,2,MA,RGF-Anexo 01,DespesaComPessoalBruta,DESPESA BRUTA COM PESSOAL (I),<MR>,1005344661.13,6800605,Maranhão
2025,2,MA,RGF-Anexo 01,DespesaComPessoalBruta,DESPESA BRUTA COM PESSOAL (I),TOTAL (ÚLTIMOS 12 MESES) (a),11222410119.2,6800605,Maranhão
2025,2,MA,RGF-Anexo 01,DespesaComPessoalBruta,DESPESA BRUTA COM PESSOAL (I),INSCRITAS EM RESTOS A PAGAR NÃO PROCESSADOS (b),49559351.55,6800605,Maranhão
2025,2,MA,RGF-Anexo 01,DespesaComPessoalAtivoBruta,Pessoal Ativo,<MR-11>,526286663.08,6800605,Maranhão
2025,2,MA,RGF-Anexo 01,DespesaComPessoalAtivoBruta,Pessoal Ativo,<MR-10>,601629208.89,6800605,Maranhão
2025,2,MA,RGF-Anexo 01,DespesaComPessoalAtivoBruta,Pessoal Ativo,<MR-9>,396149808.07,6800605,Maranhão
2025,2,MA,RGF-Anexo 01,DespesaComPessoalAtivoBruta,Pessoal Ativo,<MR-8>,1132601717.72,6800605,Maranhão
2025,2,MA,RGF-Anexo 01,DespesaComPessoalAtivoBruta,Pessoal Ativo,<MR-7>,529199963.0,6800605,Maranhão
2025,2,MA,RGF-Anexo 01,DespesaComPessoalAtivoBruta,Pessoal Ativo,<MR-6>,564355589.4,6800605,Maranhão
2025,2,MA,RGF-Anexo 01,DespesaComPessoalAtivoBruta,Pessoal Ativo,<MR-5>,592027888.89,6800605,Maranhão
2025,2,MA,RGF-Anexo 01,DespesaComPessoalAtivoBruta,Pessoal Ativo,<MR-4>,605441196.51,6800605,Maranhão
2025,2,MA,RGF-Anexo 01,DespesaComPessoalAtivoBruta,Pessoal Ativo,<MR-3>,538167969.28,6800605,Maranhão
2025,2,MA,RGF-Anexo 01,DespesaComPessoalAtivoBruta,Pessoal Ativo,<MR-2>,866259533.66,6800605,Maranhão
2025,2,MA,RGF-Anexo 01,DespesaComPessoalAtivoBruta,Pessoal Ativo,<MR-1>,625758745.81,6800605,Maranhão
2025,2,MA,RGF-Anexo 01,DespesaComPessoalAtivoBruta,Pessoal Ativo,<MR>,852429127.63,6800605,Maranhão
2025,2,MA,RGF-Anexo 01,DespesaComPessoalAtivoBruta,Pessoal Ativo,TOTAL (ÚLTIMOS 12 MESES) (a),7830307411.94,6800605,Maranhão
2025,2,MA,RGF-Anexo 01,DespesaComPessoalAtivoBruta,Pessoal Ativo,INSCRITAS EM RESTOS A PAGAR NÃO PROCESSADOS (b),49559351.55,6800605,Maranhão
2025,2,MA,RGF-Anexo 01,DespesaComPessoalInativoEPensionistasBruta,Pessoal Inativo e Pensionistas,<MR-11>,190539042.57,6800605,Maranhão
2025,2,MA,RGF-Anexo 01,DespesaComPessoalInativoEPensionistasBruta,Pessoal Inativo e Pensionistas,<MR-10>,312802733.95,6800605,Maranhão
2025,2,MA,RGF-Anexo 01,DespesaComPessoalInativoEPensionistasBruta,Pessoal Inativo e Pensionistas,<MR-9>,134879534.48,6800605,Maranhão
2025,2,MA,RGF-Anexo 01,DespesaComPessoalInativoEPensionistasBruta,Pessoal Inativo e Pensionistas,<MR-8>,544918269.59,6800605,Maranhão
2025,2,MA,RGF-Anexo 01,DespesaComPessoalInativoEPensionistasBruta,Pessoal Inativo e Pensionistas,<MR-7>,262838040.21,6800605,Maranhão
2025,2,MA,RGF-Anexo 01,DespesaComPessoalInativoEPensionistasBruta,Pessoal Inativo e Pensionistas,<MR-6>,280129044.1,6800605,Maranhão
2025,2,MA,RGF-Anexo 01,DespesaComPessoalInativoEPensionistasBruta,Pessoal Inativo e Pensionistas,<MR-5>,272963834.83,6800605,Maranhão
2025,2,MA,RGF-Anexo 01,DespesaComPessoalInativoEPensionistasBruta,Pessoal Inativo e Pensionistas,<MR-4>,227019890.3,6800605,Maranhão
2025,2,MA,RGF-Anexo 01,DespesaComPessoalInativoEPensionistasBruta,Pessoal Inativo e Pensionistas,<MR-3>,319345568.18,6800605,Maranhão
2025,2,MA,RGF-Anexo 01,DespesaComPessoalInativoEPensionistasBruta,Pessoal Inativo e Pensionistas,<MR-2>,408727154.05,6800605,Maranhão
2025,2,MA,RGF-Anexo 01,DespesaComPessoalInativoEPensionistasBruta,Pessoal Inativo e Pensionistas,<MR-1>,283500447.9,6800605,Maranhão
2025,2,MA,RGF-Anexo 01,DespesaComPessoalInativoEPensionistasBruta,Pessoal Inativo e Pensionistas,<MR>,152915533.5,6800605,Maranhão
2025,2,MA,RGF-Anexo 01,DespesaComPessoalInativoEPensionistasBruta,Pessoal Inativo e Pensionistas,TOTAL (ÚLTIMOS 12 MESES) (a),3390579093.66,6800605,Maranhão
2025,2,MA,RGF-Anexo 01,DespesaComPessoalLiquida,DESPESA LÍQUIDA COM PESSOAL (III) = (I - II),<MR-11>,620362111.27,6800605,Maranhão
2025,2,MA,RGF-Anexo 01,DespesaComPessoalLiquida,DESPESA LÍQUIDA COM PESSOAL (III) = (I - II),<MR-10>,812609208.71,6800605,Maranhão
2025,2,MA,RGF-Anexo 01,DespesaComPessoalLiquida,DESPESA LÍQUIDA COM PESSOAL (III) = (I - II),<MR-9>,420582916.45,6800605,Maranhão
2025,2,MA,RGF-Anexo 01,DespesaComPessoalLiquida,DESPESA LÍQUIDA COM PESSOAL (III) = (I - II),<MR-8>,1398322248.39,6800605,Maranhão
2025,2,MA,RGF-Anexo 01,DespesaComPessoalLiquida,DESPESA LÍQUIDA COM PESSOAL (III) = (I - II),<MR-7>,766646409.55,6800605,Maranhão
2025,2,MA,RGF-Anexo 01,DespesaComPessoalLiquida,DESPESA LÍQUIDA COM PESSOAL (III) = (I - II),<MR-6>,717805520.72,6800605,Maranhão
2025,2,MA,RGF-Anexo 01,DespesaComPessoalLiquida,DESPESA LÍQUIDA COM PESSOAL (III) = (I - II),<MR-5>,675093169.86,6800605,Maranhão
2025,2,MA,RGF-Anexo 01,DespesaComPessoalLiquida,DESPESA LÍQUIDA COM PESSOAL (III) = (I - II),<MR-4>,706144586.16,6800605,Maranhão
2025,2,MA,RGF-Anexo 01,DespesaComPessoalLiquida,DESPESA LÍQUIDA COM PESSOAL (III) = (I - II),<MR-3>,668572008.99,6800605,Maranhão
2025,2,MA,RGF-Anexo 01,DespesaComPessoalLiquida,DESPESA LÍQUIDA COM PESSOAL (III) = (I - II),<MR-2>,1137770177.96,6800605,Maranhão
2025,2,MA,RGF-Anexo 01,DespesaComPessoalLiquida,DESPESA LÍQUIDA COM PESSOAL (III) = (I - II),<MR-1>,783352693.82,6800605,Maranhão
2025,2,MA,RGF-Anexo 01,DespesaComPessoalLiquida,DESPESA LÍQUIDA COM PESSOAL (III) = (I - II),<MR>,653258612.4,6800605,Maranhão
2025,2,MA,RGF-Anexo 01,DespesaComPessoalLiquida,DESPESA LÍQUIDA COM PESSOAL (III) = (I - II),TOTAL (ÚLTIMOS 12 MESES) (a),9360519664.28,6800605,Maranhão
2025,2,MA,RGF-Anexo 01,DespesaComPessoalLiquida,DESPESA LÍQUIDA COM PESSOAL (III) = (I - II),INSCRITAS EM RESTOS A PAGAR NÃO PROCESSADOS (b),49559351.55,6800605,Maranhão
2025,2,MA,RGF-Anexo 01,ReceitaCorrenteLiquidaLimiteLegal,RECEITA CORRENTE LIQUIDA - RCL (IV),Valor,31311916803.33,6800605,Maranhão
2025,2,MA,RGF-Anexo 01,DespesaComPessoalTotal,DESPESA TOTAL COM PESSOAL - DTP (VI) = (IIIa + IIIb),Valor,9410079015.83,6800605,Maranhão
2025,2,MA,RGF-Anexo 01,DespesaComPessoalTotal,DESPESA TOTAL COM PESSOAL - DTP (VI) = (IIIa + IIIb),% sobre a RCL Ajustada,30.06,6800605,Maranhão
2025,2,MA,RGF-Anexo 01,DespesaComPessoalTotal,DESPESA TOTAL COM PESSOAL - DTP (III) = (I - II),LIQUIDADAS (a),718580.19,6800605,Maranhão
2025,2,MA,RGF-Anexo 01,DespesaComPessoalTotal,DESPESA TOTAL COM PESSOAL - DTP (III) = (I - II),TOTAL (c = a + b),718580.19,6800605,Maranhão
2025,2,MA,RGF-Anexo 02,DividaConsolidada,DÍVIDA CONSOLIDADA - DC (I),SALDO DO EXERCÍCIO ANTERIOR,5893676264.29,6800605,Maranhão
2025,2,MA,RGF-Anexo 02,DividaConsolidada,DÍVIDA CONSOLIDADA - DC (I),Até o 1º Quadrimestre,5088394337.04,6800605,Maranhão
2025,2,MA,RGF-Anexo 02,DividaConsolidada,DÍVIDA CONSOLIDADA - DC (I),Até o 2º Quadrimestre,5813008842.57,6800605,Maranhão
2025,2,MA,RGF-Anexo 02,DividaContratual,Dívida Contratual,SALDO DO EXERCÍCIO ANTERIOR,3802037003.22,6800605,Maranhão
2025,2,MA,RGF-Anexo 02,DividaContratual,Dívida Contratual,Até o 1º Quadrimestre,3677144874.92,6800605,Maranhão
2025,2,MA,RGF-Anexo 02,DividaContratual,Dívida Contratual,Até o 2º Quadrimestre,4401759380.45,6800605,Maranhão
2025,2,MA,RGF-Anexo 02,DividaConsolidadaLiquida,DÍVIDA CONSOLIDADA LÍQUIDA (DCL) (III) = (I - II),SALDO DO EXERCÍCIO ANTERIOR,893355845.36,6800605,Maranhão
2025,2,MA,RGF-Anexo 02,DividaConsolidadaLiquida,DÍVIDA CONSOLIDADA LÍQUIDA (DCL) (III) = (I - II),Até o 1º Quadrimestre,-1898015317.29,6800605,Maranhão
2025,2,MA,RGF-Anexo 02,DividaConsolidadaLiquida,DÍVIDA CONSOLIDADA LÍQUIDA (DCL) (III) = (I - II),Até o 2º Quadrimestre,-3741853974.41,6800605,Maranhão
2025,3,MA,RGF-Anexo 01,DespesaComPessoalBruta,DESPESA BRUTA COM PESSOAL (I),<MR-11>,792038003.21,6800605,Maranhão
2025,3,MA,RGF-Anexo 01,DespesaComPessoalBruta,DESPESA BRUTA COM PESSOAL (I),<MR-10>,844484633.5,6800605,Maranhão
2025,3,MA,RGF-Anexo 01,DespesaComPessoalBruta,DESPESA BRUTA COM PESSOAL (I),<MR-9>,864991723.72,6800605,Maranhão
2025,3,MA,RGF-Anexo 01,DespesaComPessoalBruta,DESPESA BRUTA COM PESSOAL (I),<MR-8>,832461086.81,6800605,Maranhão
2025,3,MA,RGF-Anexo 01,DespesaComPessoalBruta,DESPESA BRUTA COM PESSOAL (I),<MR-7>,857513537.46,6800605,Maranhão
2025,3,MA,RGF-Anexo 01,DespesaComPessoalBruta,DESPESA BRUTA COM PESSOAL (I),<MR-6>,1274986687.71,6800605,Maranhão
2025,3,MA,RGF-Anexo 01,DespesaComPessoalBruta,DESPESA BRUTA COM PESSOAL (I),<MR-5>,910782807.31,6800605,Maranhão
2025,3,MA,RGF-Anexo 01,DespesaComPessoalBruta,DESPESA BRUTA COM PESSOAL (I),<MR-4>,1005344661.13,6800605,Maranhão
2025,3,MA,RGF-Anexo 01,DespesaComPessoalBruta,DESPESA BRUTA COM PESSOAL (I),<MR-3>,1294390754.15,6800605,Maranhão
2025,3,MA,RGF-Anexo 01,DespesaComPessoalBruta,DESPESA BRUTA COM PESSOAL (I),<MR-2>,1051792114.01,6800605,Maranhão
2025,3,MA,RGF-Anexo 01,DespesaComPessoalBruta,DESPESA BRUTA COM PESSOAL (I),<MR-1>,940571092.36,6800605,Maranhão
2025,3,MA,RGF-Anexo 01,DespesaComPessoalBruta,DESPESA BRUTA COM PESSOAL (I),<MR>,1512346725.92,6800605,Maranhão
2025,3,MA,RGF-Anexo 01,DespesaComPessoalBruta,DESPESA BRUTA COM PESSOAL (I),TOTAL (ÚLTIMOS 12 MESES) (a),12181703827.29,6800605,Maranhão
2025,3,MA,RGF-Anexo 01,DespesaComPessoalBruta,DESPESA BRUTA COM PESSOAL (I),INSCRITAS EM RESTOS A PAGAR NÃO PROCESSADOS (b),127764408.84,6800605,Maranhão
2025,3,MA,RGF-Anexo 01,DespesaComPessoalAtivoBruta,Pessoal Ativo,<MR-11>,529199963.0,6800605,Maranhão
2025,3,MA,RGF-Anexo 01,DespesaComPessoalAtivoBruta,Pessoal Ativo,<MR-10>,564355589.4,6800605,Maranhão
2025,3,MA,RGF-Anexo 01,DespesaComPessoalAtivoBruta,Pessoal Ativo,<MR-9>,592027888.89,6800605,Maranhão
2025,3,MA,RGF-Anexo 01,DespesaComPessoalAtivoBruta,Pessoal Ativo,<MR-8>,605441196.51,6800605,Maranhão
2025,3,MA,RGF-Anexo 01,DespesaComPessoalAtivoBruta,Pessoal Ativo,<MR-7>,538167969.28,6800605,Maranhão
2025,3,MA,RGF-Anexo 01,DespesaComPessoalAtivoBruta,Pessoal Ativo,<MR-6>,866259533.66,6800605,Maranhão
2025,3,MA,RGF-Anexo 01,DespesaComPessoalAtivoBruta,Pessoal Ativo,<MR-5>,625758745.81,6800605,Maranhão
2025,3,MA,RGF-Anexo 01,DespesaComPessoalAtivoBruta,Pessoal Ativo,<MR-4>,852429127.63,6800605,Maranhão
2025,3,MA,RGF-Anexo 01,DespesaComPessoalAtivoBruta,Pessoal Ativo,<MR-3>,675364212.22,6800605,Maranhão
2025,3,MA,RGF-Anexo 01,DespesaComPessoalAtivoBruta,Pessoal Ativo,<MR-2>,621046665.66,6800605,Maranhão
2025,3,MA,RGF-Anexo 01,DespesaComPessoalAtivoBruta,Pessoal Ativo,<MR-1>,653750030.38,6800605,Maranhão
2025,3,MA,RGF-Anexo 01,DespesaComPessoalAtivoBruta,Pessoal Ativo,<MR>,1065244135.66,6800605,Maranhão
2025,3,MA,RGF-Anexo 01,DespesaComPessoalAtivoBruta,Pessoal Ativo,TOTAL (ÚLTIMOS 12 MESES) (a),8189045058.1,6800605,Maranhão
2025,3,MA,RGF-Anexo 01,DespesaComPessoalAtivoBruta,Pessoal Ativo,INSCRITAS EM RESTOS A PAGAR NÃO PROCESSADOS (b),127764408.84,6800605,Maranhão
2025,3,MA,RGF-Anexo 01,DespesaComPessoalInativoEPensionistasBruta,Pessoal Inativo e Pensionistas,<MR-11>,262838040.21,6800605,Maranhão
2025,3,MA,RGF-Anexo 01,DespesaComPessoalInativoEPensionistasBruta,Pessoal Inativo e Pensionistas,<MR-10>,280129044.1,6800605,Maranhão
2025,3,MA,RGF-Anexo 01,DespesaComPessoalInativoEPensionistasBruta,Pessoal Inativo e Pensionistas,<MR-9>,272963834.83,6800605,Maranhão
2025,3,MA,RGF-Anexo 01,DespesaComPessoalInativoEPensionistasBruta,Pessoal Inativo e Pensionistas,<MR-8>,227019890.3,6800605,Maranhão
2025,3,MA,RGF-Anexo 01,DespesaComPessoalInativoEPensionistasBruta,Pessoal Inativo e Pensionistas,<MR-7>,319345568.18,6800605,Maranhão
2025,3,MA,RGF-Anexo 01,DespesaComPessoalInativoEPensionistasBruta,Pessoal Inativo e Pensionistas,<MR-6>,408727154.05,6800605,Maranhão
2025,3,MA,RGF-Anexo 01,DespesaComPessoalInativoEPensionistasBruta,Pessoal Inativo e Pensionistas,<MR-5>,283500447.9,6800605,Maranhão
2025,3,MA,RGF-Anexo 01,DespesaComPessoalInativoEPensionistasBruta,Pessoal Inativo e Pensionistas,<MR-4>,152915533.5,6800605,Maranhão
2025,3,MA,RGF-Anexo 01,DespesaComPessoalInativoEPensionistasBruta,Pessoal Inativo e Pensionistas,<MR-3>,619026541.93,6800605,Maranhão
2025,3,MA,RGF-Anexo 01,DespesaComPessoalInativoEPensionistasBruta,Pessoal Inativo e Pensionistas,<MR-2>,430745448.35,6800605,Maranhão
2025,3,MA,RGF-Anexo 01,DespesaComPessoalInativoEPensionistasBruta,Pessoal Inativo e Pensionistas,<MR-1>,286821061.98,6800605,Maranhão
2025,3,MA,RGF-Anexo 01,DespesaComPessoalInativoEPensionistasBruta,Pessoal Inativo e Pensionistas,<MR>,447102590.26,6800605,Maranhão
2025,3,MA,RGF-Anexo 01,DespesaComPessoalInativoEPensionistasBruta,Pessoal Inativo e Pensionistas,TOTAL (ÚLTIMOS 12 MESES) (a),3991135155.59,6800605,Maranhão
2025,3,MA,RGF-Anexo 01,DespesaComPessoalLiquida,DESPESA LÍQUIDA COM PESSOAL (III) = (I - II),<MR-11>,766646409.55,6800605,Maranhão
2025,3,MA,RGF-Anexo 01,DespesaComPessoalLiquida,DESPESA LÍQUIDA COM PESSOAL (III) = (I - II),<MR-10>,717805520.72,6800605,Maranhão
2025,3,MA,RGF-Anexo 01,DespesaComPessoalLiquida,DESPESA LÍQUIDA COM PESSOAL (III) = (I - II),<MR-9>,675093169.86,6800605,Maranhão
2025,3,MA,RGF-Anexo 01,DespesaComPessoalLiquida,DESPESA LÍQUIDA COM PESSOAL (III) = (I - II),<MR-8>,706144586.16,6800605,Maranhão
2025,3,MA,RGF-Anexo 01,DespesaComPessoalLiquida,DESPESA LÍQUIDA COM PESSOAL (III) = (I - II),<MR-7>,668572008.99,6800605,Maranhão
2025,3,MA,RGF-Anexo 01,DespesaComPessoalLiquida,DESPESA LÍQUIDA COM PESSOAL (III) = (I - II),<MR-6>,1137770177.96,6800605,Maranhão
2025,3,MA,RGF-Anexo 01,DespesaComPessoalLiquida,DESPESA LÍQUIDA COM PESSOAL (III) = (I - II),<MR-5>,783352693.82,6800605,Maranhão
2025,3,MA,RGF-Anexo 01,DespesaComPessoalLiquida,DESPESA LÍQUIDA COM PESSOAL (III) = (I - II),<MR-4>,653258612.4,6800605,Maranhão
2025,3,MA,RGF-Anexo 01,DespesaComPessoalLiquida,DESPESA LÍQUIDA COM PESSOAL (III) = (I - II),<MR-3>,742981576.06,6800605,Maranhão
2025,3,MA,RGF-Anexo 01,DespesaComPessoalLiquida,DESPESA LÍQUIDA COM PESSOAL (III) = (I - II),<MR-2>,823179340.11,6800605,Maranhão
2025,3,MA,RGF-Anexo 01,DespesaComPessoalLiquida,DESPESA LÍQUIDA COM PESSOAL (III) = (I - II),<MR-1>,791684390.63,6800605,Maranhão
2025,3,MA,RGF-Anexo 01,DespesaComPessoalLiquida,DESPESA LÍQUIDA COM PESSOAL (III) = (I - II),<MR>,1148042364.59,6800605,Maranhão
2025,3,MA,RGF-Anexo 01,DespesaComPessoalLiquida,DESPESA LÍQUIDA COM PESSOAL (III) = (I - II),TOTAL (ÚLTIMOS 12 MESES) (a),9614530850.85,6800605,Maranhão
2025,3,MA,RGF-Anexo 01,DespesaComPessoalLiquida,DESPESA LÍQUIDA COM PESSOAL (III) = (I - II),INSCRITAS EM RESTOS A PAGAR NÃO PROCESSADOS (b),127418163.66,6800605,Maranhão
2025,3,MA,RGF-Anexo 01,ReceitaCorrenteLiquidaLimiteLegal,RECEITA CORRENTE LIQUIDA - RCL (IV),Valor,32451618353.68,6800605,Maranhão
2025,3,MA,RGF-Anexo 01,DespesaComPessoalTotal,DESPESA TOTAL COM PESSOAL - DTP (VI) = (IIIa + IIIb),Valor,9741949014.51,6800605,Maranhão
2025,3,MA,RGF-Anexo 01,DespesaComPessoalTotal,DESPESA TOTAL COM PESSOAL - DTP (VI) = (IIIa + IIIb),% sobre a RCL Ajustada,30.14,6800605,Maranhão
2025,3,MA,RGF-Anexo 01,DespesaComPessoalTotal,DESPESA TOTAL COM PESSOAL - DTP (III) = (I - II),VALORES TRANSFERIDOS POR CONTRATO DE RATEIO,530743.97,6800605,Maranhão
2025,3,MA,RGF-Anexo 01,DespesaComPessoalTotal,DESPESA TOTAL COM PESSOAL - DTP (III) = (I - II),LIQUIDADAS (a),530743.97,6800605,Maranhão
2025,3,MA,RGF-Anexo 01,DespesaComPessoalTotal,DESPESA TOTAL COM PESSOAL - DTP (III) = (I - II),TOTAL (c = a + b),530743.97,6800605,Maranhão
2025,3,MA,RGF-Anexo 02,DividaConsolidada,DÍVIDA CONSOLIDADA - DC (I),SALDO DO EXERCÍCIO ANTERIOR,5893676264.29,6800605,Maranhão
2025,3,MA,RGF-Anexo 02,DividaConsolidada,DÍVIDA CONSOLIDADA - DC (I),Até o 1º Quadrimestre,5088394337.04,6800605,Maranhão
2025,3,MA,RGF-Anexo 02,DividaConsolidada,DÍVIDA CONSOLIDADA - DC (I),Até o 2º Quadrimestre,5813008842.57,6800605,Maranhão
2025,3,MA,RGF-Anexo 02,DividaConsolidada,DÍVIDA CONSOLIDADA - DC (I),Até o 3º Quadrimestre,7865478241.76,6800605,Maranhão
2025,3,MA,RGF-Anexo 02,DividaContratual,Dívida Contratual,SALDO DO EXERCÍCIO ANTERIOR,3802037003.22,6800605,Maranhão
2025,3,MA,RGF-Anexo 02,DividaContratual,Dívida Contratual,Até o 1º Quadrimestre,3677144874.92,6800605,Maranhão
2025,3,MA,RGF-Anexo 02,DividaContratual,Dívida Contratual,Até o 2º Quadrimestre,4401759380.45,6800605,Maranhão
2025,3,MA,RGF-Anexo 02,DividaContratual,Dívida Contratual,Até o 3º Quadrimestre,5239721305.13,6800605,Maranhão
2025,3,MA,RGF-Anexo 02,DividaConsolidadaLiquida,DÍVIDA CONSOLIDADA LÍQUIDA (DCL) (III) = (I - II),SALDO DO EXERCÍCIO ANTERIOR,893355845.36,6800605,Maranhão
2025,3,MA,RGF-Anexo 02,DividaConsolidadaLiquida,DÍVIDA CONSOLIDADA LÍQUIDA (DCL) (III) = (I - II),Até o 1º Quadrimestre,-1898015317.29,6800605,Maranhão
2025,3,MA,RGF-Anexo 02,DividaConsolidadaLiquida,DÍVIDA CONSOLIDADA LÍQUIDA (DCL) (III) = (I - II),Até o 2º Quadrimestre,-3741853974.41,6800605,Maranhão
2025,3,MA,RGF-Anexo 02,DividaConsolidadaLiquida,DÍVIDA CONSOLIDADA LÍQUIDA (DCL) (III) = (I - II),Até o 3º Quadrimestre,1734670640.67,6800605,Maranhão
