exercicio,periodo,uf,anexo,cod_conta,conta,coluna,valor,populacao,uf_nome
2015,1,PE,RGF-Anexo 01,DespesaComPessoalBruta,DESPESA BRUTA COM PESSOAL (I),LIQUIDADAS (a),12332090571.63,9277727,Pernambuco
2015,1,PE,RGF-Anexo 01,DespesaComPessoalAtivoBruta,Pessoal Ativo,LIQUIDADAS (a),7510583194.89,9277727,Pernambuco
2015,1,PE,RGF-Anexo 01,DespesaComPessoalInativoEPensionistasBruta,Pessoal Inativo e Pensionistas,LIQUIDADAS (a),4821507376.74,9277727,Pernambuco
2015,1,PE,RGF-Anexo 01,DespesaComPessoalLiquida,DESPESA LÍQUIDA COM PESSOAL (III) = (I - II),LIQUIDADAS (a),8982326283.63,9277727,Pernambuco
2015,1,PE,RGF-Anexo 01,ReceitaCorrenteLiquidaLimiteLegal,RECEITA CORRENTE LIQUIDA - RCL (IV),Valor,19019500292.52,9277727,Pernambuco
2015,1,PE,RGF-Anexo 01,DespesaComPessoalTotal,DESPESA TOTAL COM PESSOAL - DTP (V) = (III a + III b),Valor,8982326283.63,9277727,Pernambuco
2015,1,PE,RGF-Anexo 01,DespesaComPessoalTotal,DESPESA TOTAL COM PESSOAL - DTP (V) = (III a + III b),% sobre a RCL,47.23,9277727,Pernambuco
2015,1,PE,RGF-Anexo 02,DividaConsolidada,DÍVIDA CONSOLIDADA - DC (I),SALDO DO EXERCÍCIO ANTERIOR,13781558721.01,9277727,Pernambuco
2015,1,PE,RGF-Anexo 02,DividaConsolidada,DÍVIDA CONSOLIDADA - DC (I),Até o 1º Quadrimestre,14343658484.27,9277727,Pernambuco
2015,1,PE,RGF-Anexo 02,DividaContratual,Dívida Contratual,SALDO DO EXERCÍCIO ANTERIOR,13316072077.7,9277727,Pernambuco
2015,1,PE,RGF-Anexo 02,DividaContratual,Dívida Contratual,Até o 1º Quadrimestre,13878094272.95,9277727,Pernambuco
2015,1,PE,RGF-Anexo 02,DividaConsolidadaLiquida,DÍVIDA CONSOLIDADA LÍQUIDA (DCL) (III) = (I - II),SALDO DO EXERCÍCIO ANTERIOR,10695491905.47,9277727,Pernambuco
2015,1,PE,RGF-Anexo 02,DividaConsolidadaLiquida,DÍVIDA CONSOLIDADA LÍQUIDA (DCL) (III) = (I - II),Até o 1º Quadrimestre,10278898807.96,9277727,Pernambuco
2015,2,PE,RGF-Anexo 01,DespesaComPessoalBruta,DESPESA BRUTA COM PESSOAL (I),LIQUIDADAS (a),12544437872.85,9277727,Pernambuco
2015,2,PE,RGF-Anexo 01,DespesaComPessoalAtivoBruta,Pessoal Ativo,LIQUIDADAS (a),7802888856.88,9277727,Pernambuco
2015,2,PE,RGF-Anexo 01,DespesaComPessoalInativoEPensionistasBruta,Pessoal Inativo e Pensionistas,LIQUIDADAS (a),4741549015.97,9277727,Pernambuco
2015,2,PE,RGF-Anexo 01,DespesaComPessoalLiquida,DESPESA LÍQUIDA COM PESSOAL (III) = (I - II),LIQUIDADAS (a),9543773013.43,9277727,Pernambuco
2015,2,PE,RGF-Anexo 01,ReceitaCorrenteLiquidaLimiteLegal,RECEITA CORRENTE LIQUIDA - RCL (IV),Valor,18960598877.29,9277727,Pernambuco
2015,2,PE,RGF-Anexo 01,DespesaComPessoalTotal,DESPESA TOTAL COM PESSOAL - DTP (V) = (III a + III b),Valor,9543773013.43,9277727,Pernambuco
2015,2,PE,RGF-Anexo 01,DespesaComPessoalTotal,DESPESA TOTAL COM PESSOAL - DTP (V) = (III a + III b),% sobre a RCL,50.33,9277727,Pernambuco
2015,2,PE,RGF-Anexo 02,DividaConsolidada,DÍVIDA CONSOLIDADA - DC (I),SALDO DO EXERCÍCIO ANTERIOR,13781558721.01,9277727,Pernambuco
2015,2,PE,RGF-Anexo 02,DividaConsolidada,DÍVIDA CONSOLIDADA - DC (I),Até o 1º Quadrimestre,14343658484.27,9277727,Pernambuco
2015,2,PE,RGF-Anexo 02,DividaConsolidada,DÍVIDA CONSOLIDADA - DC (I),Até o 2º Quadrimestre,15522608923.87,9277727,Pernambuco
2015,2,PE,RGF-Anexo 02,DividaContratual,Dívida Contratual,SALDO DO EXERCÍCIO ANTERIOR,13316072077.7,9277727,Pernambuco
2015,2,PE,RGF-Anexo 02,DividaContratual,Dívida Contratual,Até o 1º Quadrimestre,13878094272.95,9277727,Pernambuco
2015,2,PE,RGF-Anexo 02,DividaContratual,Dívida Contratual,Até o 2º Quadrimestre,15098976832.3,9277727,Pernambuco
2015,2,PE,RGF-Anexo 02,DividaConsolidadaLiquida,DÍVIDA CONSOLIDADA LÍQUIDA (DCL) (III) = (I - II),SALDO DO EXERCÍCIO ANTERIOR,10695491905.47,9277727,Pernambuco
2015,2,PE,RGF-Anexo 02,DividaConsolidadaLiquida,DÍVIDA CONSOLIDADA LÍQUIDA (DCL) (III) = (I - II),Até o 1º Quadrimestre,10278898807.96,9277727,Pernambuco
2015,2,PE,RGF-Anexo 02,DividaConsolidadaLiquida,DÍVIDA CONSOLIDADA LÍQUIDA (DCL) (III) = (I - II),Até o 2º Quadrimestre,11250858264.63,9277727,Pernambuco
2015,3,PE,RGF-Anexo 01,DespesaComPessoalBruta,DESPESA BRUTA COM PESSOAL (I),LIQUIDADAS (a),12153629025.97,9277727,Pernambuco
2015,3,PE,RGF-Anexo 01,DespesaComPessoalAtivoBruta,Pessoal Ativo,LIQUIDADAS (a),7472320922.62,9277727,Pernambuco
2015,3,PE,RGF-Anexo 01,DespesaComPessoalInativoEPensionistasBruta,Pessoal Inativo e Pensionistas,LIQUIDADAS (a),4681308103.35,9277727,Pernambuco
2015,3,PE,RGF-Anexo 01,DespesaComPessoalLiquida,DESPESA LÍQUIDA COM PESSOAL (III) = (I - II),LIQUIDADAS (a),9075557365.35,9277727,Pernambuco
2015,3,PE,RGF-Anexo 01,ReceitaCorrenteLiquidaLimiteLegal,RECEITA CORRENTE LIQUIDA - RCL (IV),Valor,19648437023.39,9277727,Pernambuco
2015,3,PE,RGF-Anexo 01,DespesaComPessoalTotal,DESPESA TOTAL COM PESSOAL - DTP (V) = (III a + III b),Valor,9075557365.35,9277727,Pernambuco
2015,3,PE,RGF-Anexo 01,DespesaComPessoalTotal,DESPESA TOTAL COM PESSOAL - DTP (V) = (III a + III b),% sobre a RCL,46.19,9277727,Pernambuco
2015,3,PE,RGF-Anexo 02,DividaConsolidada,DÍVIDA CONSOLIDADA - DC (I),SALDO DO EXERCÍCIO ANTERIOR,13781558721.01,9277727,Pernambuco
2015,3,PE,RGF-Anexo 02,DividaConsolidada,DÍVIDA CONSOLIDADA - DC (I),Até o 1º Quadrimestre,14343658484.27,9277727,Pernambuco
2015,3,PE,RGF-Anexo 02,DividaConsolidada,DÍVIDA CONSOLIDADA - DC (I),Até o 2º Quadrimestre,15522249614.67,9277727,Pernambuco
2015,3,PE,RGF-Anexo 02,DividaConsolidada,DÍVIDA CONSOLIDADA - DC (I),Até o 3º Quadrimestre,16157271697.67,9277727,Pernambuco
2015,3,PE,RGF-Anexo 02,DividaContratual,Dívida Contratual,SALDO DO EXERCÍCIO ANTERIOR,13316072077.7,9277727,Pernambuco
2015,3,PE,RGF-Anexo 02,DividaContratual,Dívida Contratual,Até o 1º Quadrimestre,13878094272.95,9277727,Pernambuco
2015,3,PE,RGF-Anexo 02,DividaContratual,Dívida Contratual,Até o 2º Quadrimestre,15098976832.3,9277727,Pernambuco
2015,3,PE,RGF-Anexo 02,DividaContratual,Dívida Contratual,Até o 3º Quadrimestre,15734003947.71,9277727,Pernambuco
2015,3,PE,RGF-Anexo 02,DividaConsolidadaLiquida,DÍVIDA CONSOLIDADA LÍQUIDA (DCL) (III) = (I - II),SALDO DO EXERCÍCIO ANTERIOR,10695491905.47,9277727,Pernambuco
2015,3,PE,RGF-Anexo 02,DividaConsolidadaLiquida,DÍVIDA CONSOLIDADA LÍQUIDA (DCL) (III) = (I - II),Até o 1º Quadrimestre,10278898807.96,9277727,Pernambuco
2015,3,PE,RGF-Anexo 02,DividaConsolidadaLiquida,DÍVIDA CONSOLIDADA LÍQUIDA (DCL) (III) = (I - II),Até o 2º Quadrimestre,11250498955.43,9277727,Pernambuco
2015,3,PE,RGF-Anexo 02,DividaConsolidadaLiquida,DÍVIDA CONSOLIDADA LÍQUIDA (DCL) (III) = (I - II),Até o 3º Quadrimestre,12215360981.53,9277727,Pernambuco
2016,1,PE,RGF-Anexo 01,DespesaComPessoalBruta,DESPESA BRUTA COM PESSOAL (I),"DESPESAS LIQUIDADAS 
(a)",12880795150.28,9345173,Pernambuco
2016,1,PE,RGF-Anexo 01,DespesaComPessoalAtivoBruta,Pessoal Ativo,"DESPESAS LIQUIDADAS 
(a)",7489335877.84,9345173,Pernambuco
2016,1,PE,RGF-Anexo 01,DespesaComPessoalInativoEPensionistasBruta,Pessoal Inativo e Pensionistas,"DESPESAS LIQUIDADAS 
(a)",5391459272.44,9345173,Pernambuco
2016,1,PE,RGF-Anexo 01,DespesaComPessoalLiquida,DESPESA LÍQUIDA COM PESSOAL (III) = (I - II),"DESPESAS LIQUIDADAS 
(a)",9296372693.6,9345173,Pernambuco
2016,1,PE,RGF-Anexo 01,ReceitaCorrenteLiquidaLimiteLegal,RECEITA CORRENTE LIQUIDA - RCL (IV),Valor,19727049222.66,9345173,Pernambuco
2016,1,PE,RGF-Anexo 01,DespesaComPessoalTotal,DESPESA TOTAL COM PESSOAL - DTP (V) = (III a + III b),Valor,9296372693.6,9345173,Pernambuco
2016,1,PE,RGF-Anexo 01,DespesaComPessoalTotal,DESPESA TOTAL COM PESSOAL - DTP (V) = (III a + III b),% sobre a RCL,47.13,9345173,Pernambuco
2016,1,PE,RGF-Anexo 02,DividaConsolidada,DÍVIDA CONSOLIDADA - DC (I),SALDO DO EXERCÍCIO ANTERIOR,16261118912.77,9345173,Pernambuco
2016,1,PE,RGF-Anexo 02,DividaConsolidada,DÍVIDA CONSOLIDADA - DC (I),Até o 1º Quadrimestre,15251415828.78,9345173,Pernambuco
2016,1,PE,RGF-Anexo 02,DividaContratual,Dívida Contratual,SALDO DO EXERCÍCIO ANTERIOR,15734003947.71,9345173,Pernambuco
2016,1,PE,RGF-Anexo 02,DividaContratual,Dívida Contratual,Até o 1º Quadrimestre,14724089273.76,9345173,Pernambuco
2016,1,PE,RGF-Anexo 02,DividaConsolidadaLiquida,DÍVIDA CONSOLIDADA LÍQUIDA (DCL) (III) = (I - II),SALDO DO EXERCÍCIO ANTERIOR,14234789351.89,9345173,Pernambuco
2016,1,PE,RGF-Anexo 02,DividaConsolidadaLiquida,DÍVIDA CONSOLIDADA LÍQUIDA (DCL) (III) = (I - II),Até o 1º Quadrimestre,11370281879.9,9345173,Pernambuco
2016,2,PE,RGF-Anexo 01,DespesaComPessoalBruta,DESPESA BRUTA COM PESSOAL (I),"DESPESAS LIQUIDADAS 
(a)",13253755719.12,9345173,Pernambuco
2016,2,PE,RGF-Anexo 01,DespesaComPessoalAtivoBruta,Pessoal Ativo,"DESPESAS LIQUIDADAS 
(a)",7338725378.18,9345173,Pernambuco
2016,2,PE,RGF-Anexo 01,DespesaComPessoalInativoEPensionistasBruta,Pessoal Inativo e Pensionistas,"DESPESAS LIQUIDADAS 
(a)",5915030340.94,9345173,Pernambuco
2016,2,PE,RGF-Anexo 01,DespesaComPessoalLiquida,DESPESA LÍQUIDA COM PESSOAL (III) = (I - II),"DESPESAS LIQUIDADAS 
(a)",9069172447.67,9345173,Pernambuco
2016,2,PE,RGF-Anexo 01,ReceitaCorrenteLiquidaLimiteLegal,RECEITA CORRENTE LIQUIDA - RCL (IV),Valor,20246298260.01,9345173,Pernambuco
2016,2,PE,RGF-Anexo 01,DespesaComPessoalTotal,DESPESA TOTAL COM PESSOAL - DTP (V) = (III a + III b),Valor,9069172447.67,9345173,Pernambuco
2016,2,PE,RGF-Anexo 01,DespesaComPessoalTotal,DESPESA TOTAL COM PESSOAL - DTP (V) = (III a + III b),% sobre a RCL,44.79,9345173,Pernambuco
2016,2,PE,RGF-Anexo 02,DividaConsolidada,DÍVIDA CONSOLIDADA - DC (I),SALDO DO EXERCÍCIO ANTERIOR,16261118912.77,9345173,Pernambuco
2016,2,PE,RGF-Anexo 02,DividaConsolidada,DÍVIDA CONSOLIDADA - DC (I),Até o 1º Quadrimestre,15251415828.78,9345173,Pernambuco
2016,2,PE,RGF-Anexo 02,DividaConsolidada,DÍVIDA CONSOLIDADA - DC (I),Até o 2º Quadrimestre,14883752110.92,9345173,Pernambuco
2016,2,PE,RGF-Anexo 02,DividaContratual,Dívida Contratual,SALDO DO EXERCÍCIO ANTERIOR,15734003947.71,9345173,Pernambuco
2016,2,PE,RGF-Anexo 02,DividaContratual,Dívida Contratual,Até o 1º Quadrimestre,14724089273.76,9345173,Pernambuco
2016,2,PE,RGF-Anexo 02,DividaContratual,Dívida Contratual,Até o 2º Quadrimestre,14355709775.42,9345173,Pernambuco
2016,2,PE,RGF-Anexo 02,DividaConsolidadaLiquida,DÍVIDA CONSOLIDADA LÍQUIDA (DCL) (III) = (I - II),SALDO DO EXERCÍCIO ANTERIOR,14234789351.89,9345173,Pernambuco
2016,2,PE,RGF-Anexo 02,DividaConsolidadaLiquida,DÍVIDA CONSOLIDADA LÍQUIDA (DCL) (III) = (I - II),Até o 1º Quadrimestre,11370281879.9,9345173,Pernambuco
2016,2,PE,RGF-Anexo 02,DividaConsolidadaLiquida,DÍVIDA CONSOLIDADA LÍQUIDA (DCL) (III) = (I - II),Até o 2º Quadrimestre,11088195621.88,9345173,Pernambuco
2016,3,PE,RGF-Anexo 01,DespesaComPessoalBruta,DESPESA BRUTA COM PESSOAL (I),"DESPESAS LIQUIDADAS 
(a)",13435763242.11,9345173,Pernambuco
2016,3,PE,RGF-Anexo 01,DespesaComPessoalAtivoBruta,Pessoal Ativo,"DESPESAS LIQUIDADAS 
(a)",7613281412.77,9345173,Pernambuco
2016,3,PE,RGF-Anexo 01,DespesaComPessoalInativoEPensionistasBruta,Pessoal Inativo e Pensionistas,"DESPESAS LIQUIDADAS 
(a)",5822481829.34,9345173,Pernambuco
2016,3,PE,RGF-Anexo 01,DespesaComPessoalLiquida,DESPESA LÍQUIDA COM PESSOAL (III) = (I - II),"DESPESAS LIQUIDADAS 
(a)",9544323113.43,9345173,Pernambuco
2016,3,PE,RGF-Anexo 01,ReceitaCorrenteLiquidaLimiteLegal,RECEITA CORRENTE LIQUIDA - RCL (IV),Valor,20853041088.71,9345173,Pernambuco
2016,3,PE,RGF-Anexo 01,DespesaComPessoalTotal,DESPESA TOTAL COM PESSOAL - DTP (V) = (III a + III b),Valor,9544323113.43,9345173,Pernambuco
2016,3,PE,RGF-Anexo 01,DespesaComPessoalTotal,DESPESA TOTAL COM PESSOAL - DTP (V) = (III a + III b),% sobre a RCL,45.77,9345173,Pernambuco
2016,3,PE,RGF-Anexo 02,DividaConsolidada,DÍVIDA CONSOLIDADA - DC (I),SALDO DO EXERCÍCIO ANTERIOR,16261118912.77,9345173,Pernambuco
2016,3,PE,RGF-Anexo 02,DividaConsolidada,DÍVIDA CONSOLIDADA - DC (I),Até o 1º Quadrimestre,15251415828.78,9345173,Pernambuco
2016,3,PE,RGF-Anexo 02,DividaConsolidada,DÍVIDA CONSOLIDADA - DC (I),Até o 2º Quadrimestre,14883752110.92,9345173,Pernambuco
2016,3,PE,RGF-Anexo 02,DividaConsolidada,DÍVIDA CONSOLIDADA - DC (I),Até o 3º Quadrimestre,15106217589.3,9345173,Pernambuco
2016,3,PE,RGF-Anexo 02,DividaContratual,Dívida Contratual,SALDO DO EXERCÍCIO ANTERIOR,15734003947.71,9345173,Pernambuco
2016,3,PE,RGF-Anexo 02,DividaContratual,Dívida Contratual,Até o 1º Quadrimestre,14724089273.76,9345173,Pernambuco
2016,3,PE,RGF-Anexo 02,DividaContratual,Dívida Contratual,Até o 2º Quadrimestre,14355709775.42,9345173,Pernambuco
2016,3,PE,RGF-Anexo 02,DividaContratual,Dívida Contratual,Até o 3º Quadrimestre,14428000314.15,9345173,Pernambuco
2016,3,PE,RGF-Anexo 02,DividaConsolidadaLiquida,DÍVIDA CONSOLIDADA LÍQUIDA (DCL) (III) = (I - II),SALDO DO EXERCÍCIO ANTERIOR,14298431521.92,9345173,Pernambuco
2016,3,PE,RGF-Anexo 02,DividaConsolidadaLiquida,DÍVIDA CONSOLIDADA LÍQUIDA (DCL) (III) = (I - II),Até o 1º Quadrimestre,11370281879.9,9345173,Pernambuco
2016,3,PE,RGF-Anexo 02,DividaConsolidadaLiquida,DÍVIDA CONSOLIDADA LÍQUIDA (DCL) (III) = (I - II),Até o 2º Quadrimestre,11088195621.88,9345173,Pernambuco
2016,3,PE,RGF-Anexo 02,DividaConsolidadaLiquida,DÍVIDA CONSOLIDADA LÍQUIDA (DCL) (III) = (I - II),Até o 3º Quadrimestre,12654082892.84,9345173,Pernambuco
2017,1,PE,RGF-Anexo 01,DespesaComPessoalBruta,DESPESA BRUTA COM PESSOAL (I),"DESPESAS LIQUIDADAS 
(a)",13921582837.48,9410336,Pernambuco
2017,1,PE,RGF-Anexo 01,DespesaComPessoalAtivoBruta,Pessoal Ativo,"DESPESAS LIQUIDADAS 
(a)",7761785084.01,9410336,Pernambuco
2017,1,PE,RGF-Anexo 01,DespesaComPessoalInativoEPensionistasBruta,Pessoal Inativo e Pensionistas,"DESPESAS LIQUIDADAS 
(a)",6159797753.47,9410336,Pernambuco
2017,1,PE,RGF-Anexo 01,DespesaComPessoalLiquida,DESPESA LÍQUIDA COM PESSOAL (III) = (I - II),"DESPESAS LIQUIDADAS 
(a)",9843725820.56,9410336,Pernambuco
2017,1,PE,RGF-Anexo 01,ReceitaCorrenteLiquidaLimiteLegal,RECEITA CORRENTE LIQUIDA - RCL (IV),Valor,21282248236.18,9410336,Pernambuco
2017,1,PE,RGF-Anexo 01,DespesaComPessoalTotal,DESPESA TOTAL COM PESSOAL - DTP (VII) = (IIIa + IIIb),Valor,9843725820.56,9410336,Pernambuco
2017,1,PE,RGF-Anexo 01,DespesaComPessoalTotal,DESPESA TOTAL COM PESSOAL - DTP (VII) = (IIIa + IIIb),% sobre a RCL Ajustada,46.25,9410336,Pernambuco
2017,1,PE,RGF-Anexo 02,DividaConsolidada,DÍVIDA CONSOLIDADA - DC (I),SALDO DO EXERCÍCIO ANTERIOR,15106217589.3,9410336,Pernambuco
2017,1,PE,RGF-Anexo 02,DividaConsolidada,DÍVIDA CONSOLIDADA - DC (I),Até o 1º Quadrimestre,14728749405.26,9410336,Pernambuco
2017,1,PE,RGF-Anexo 02,DividaContratual,Dívida Contratual,SALDO DO EXERCÍCIO ANTERIOR,14428000314.15,9410336,Pernambuco
2017,1,PE,RGF-Anexo 02,DividaContratual,Dívida Contratual,Até o 1º Quadrimestre,14140055675.63,9410336,Pernambuco
2017,1,PE,RGF-Anexo 02,DividaConsolidadaLiquida,DÍVIDA CONSOLIDADA LÍQUIDA (DCL) (III) = (I - II),SALDO DO EXERCÍCIO ANTERIOR,12654082892.84,9410336,Pernambuco
2017,1,PE,RGF-Anexo 02,DividaConsolidadaLiquida,DÍVIDA CONSOLIDADA LÍQUIDA (DCL) (III) = (I - II),Até o 1º Quadrimestre,10609367085.08,9410336,Pernambuco
2017,2,PE,RGF-Anexo 01,DespesaComPessoalBruta,DESPESA BRUTA COM PESSOAL (I),"DESPESAS LIQUIDADAS 
(a)",14337499727.27,9410336,Pernambuco
2017,2,PE,RGF-Anexo 01,DespesaComPessoalAtivoBruta,Pessoal Ativo,"DESPESAS LIQUIDADAS 
(a)",7974511858.21,9410336,Pernambuco
2017,2,PE,RGF-Anexo 01,DespesaComPessoalInativoEPensionistasBruta,Pessoal Inativo e Pensionistas,"DESPESAS LIQUIDADAS 
(a)",6362987869.06,9410336,Pernambuco
2017,2,PE,RGF-Anexo 01,DespesaComPessoalLiquida,DESPESA LÍQUIDA COM PESSOAL (III) = (I - II),"DESPESAS LIQUIDADAS 
(a)",10196642944.69,9410336,Pernambuco
2017,2,PE,RGF-Anexo 01,ReceitaCorrenteLiquidaLimiteLegal,RECEITA CORRENTE LIQUIDA - RCL (IV),Valor,21652972395.92,9410336,Pernambuco
2017,2,PE,RGF-Anexo 01,DespesaComPessoalTotal,DESPESA TOTAL COM PESSOAL - DTP (VII) = (IIIa + IIIb),Valor,10196642944.69,9410336,Pernambuco
2017,2,PE,RGF-Anexo 01,DespesaComPessoalTotal,DESPESA TOTAL COM PESSOAL - DTP (VII) = (IIIa + IIIb),% sobre a RCL Ajustada,47.09,9410336,Pernambuco
2017,2,PE,RGF-Anexo 02,DividaConsolidada,DÍVIDA CONSOLIDADA - DC (I),SALDO DO EXERCÍCIO ANTERIOR,15106217589.3,9410336,Pernambuco
2017,2,PE,RGF-Anexo 02,DividaConsolidada,DÍVIDA CONSOLIDADA - DC (I),Até o 1º Quadrimestre,14817246891.26,9410336,Pernambuco
2017,2,PE,RGF-Anexo 02,DividaConsolidada,DÍVIDA CONSOLIDADA - DC (I),Até o 2º Quadrimestre,14545935177.16,9410336,Pernambuco
2017,2,PE,RGF-Anexo 02,DividaContratual,Dívida Contratual,SALDO DO EXERCÍCIO ANTERIOR,14428000314.15,9410336,Pernambuco
2017,2,PE,RGF-Anexo 02,DividaContratual,Dívida Contratual,Até o 1º Quadrimestre,14140055675.63,9410336,Pernambuco
2017,2,PE,RGF-Anexo 02,DividaContratual,Dívida Contratual,Até o 2º Quadrimestre,13868270642.48,9410336,Pernambuco
2017,2,PE,RGF-Anexo 02,DividaConsolidadaLiquida,DÍVIDA CONSOLIDADA LÍQUIDA (DCL) (III) = (I - II),SALDO DO EXERCÍCIO ANTERIOR,12654082892.84,9410336,Pernambuco
2017,2,PE,RGF-Anexo 02,DividaConsolidadaLiquida,DÍVIDA CONSOLIDADA LÍQUIDA (DCL) (III) = (I - II),Até o 1º Quadrimestre,10697864571.08,9410336,Pernambuco
2017,2,PE,RGF-Anexo 02,DividaConsolidadaLiquida,DÍVIDA CONSOLIDADA LÍQUIDA (DCL) (III) = (I - II),Até o 2º Quadrimestre,10583645336.7,9410336,Pernambuco
2017,3,PE,RGF-Anexo 01,DespesaComPessoalBruta,DESPESA BRUTA COM PESSOAL (I),"DESPESAS LIQUIDADAS 
(a)",15471159056.28,9410336,Pernambuco
2017,3,PE,RGF-Anexo 01,DespesaComPessoalAtivoBruta,Pessoal Ativo,"DESPESAS LIQUIDADAS 
(a)",8298854838.56,9410336,Pernambuco
2017,3,PE,RGF-Anexo 01,DespesaComPessoalInativoEPensionistasBruta,Pessoal Inativo e Pensionistas,"DESPESAS LIQUIDADAS 
(a)",7172304217.72,9410336,Pernambuco
2017,3,PE,RGF-Anexo 01,DespesaComPessoalLiquida,DESPESA LÍQUIDA COM PESSOAL (III) = (I - II),"DESPESAS LIQUIDADAS 
(a)",10533102110.81,9410336,Pernambuco
2017,3,PE,RGF-Anexo 01,ReceitaCorrenteLiquidaLimiteLegal,RECEITA CORRENTE LIQUIDA - RCL (IV),Valor,21512144300.43,9410336,Pernambuco
2017,3,PE,RGF-Anexo 01,DespesaComPessoalTotal,DESPESA TOTAL COM PESSOAL - DTP (VII) = (IIIa + IIIb),Valor,10533102110.81,9410336,Pernambuco
2017,3,PE,RGF-Anexo 01,DespesaComPessoalTotal,DESPESA TOTAL COM PESSOAL - DTP (VII) = (IIIa + IIIb),% sobre a RCL Ajustada,48.97,9410336,Pernambuco
2017,3,PE,RGF-Anexo 02,DividaConsolidada,DÍVIDA CONSOLIDADA - DC (I),SALDO DO EXERCÍCIO ANTERIOR,15106217589.3,9410336,Pernambuco
2017,3,PE,RGF-Anexo 02,DividaConsolidada,DÍVIDA CONSOLIDADA - DC (I),Até o 1º Quadrimestre,14817246891.26,9410336,Pernambuco
2017,3,PE,RGF-Anexo 02,DividaConsolidada,DÍVIDA CONSOLIDADA - DC (I),Até o 2º Quadrimestre,14545935177.16,9410336,Pernambuco
2017,3,PE,RGF-Anexo 02,DividaConsolidada,DÍVIDA CONSOLIDADA - DC (I),Até o 3º Quadrimestre,14734618918.51,9410336,Pernambuco
2017,3,PE,RGF-Anexo 02,DividaContratual,Dívida Contratual,SALDO DO EXERCÍCIO ANTERIOR,14428000314.15,9410336,Pernambuco
2017,3,PE,RGF-Anexo 02,DividaContratual,Dívida Contratual,Até o 1º Quadrimestre,14140055675.63,9410336,Pernambuco
2017,3,PE,RGF-Anexo 02,DividaContratual,Dívida Contratual,Até o 2º Quadrimestre,13868270642.48,9410336,Pernambuco
2017,3,PE,RGF-Anexo 02,DividaContratual,Dívida Contratual,Até o 3º Quadrimestre,14112169956.36,9410336,Pernambuco
2017,3,PE,RGF-Anexo 02,DividaConsolidadaLiquida,DÍVIDA CONSOLIDADA LÍQUIDA (DCL) (III) = (I - II),SALDO DO EXERCÍCIO ANTERIOR,12654082892.84,9410336,Pernambuco
2017,3,PE,RGF-Anexo 02,DividaConsolidadaLiquida,DÍVIDA CONSOLIDADA LÍQUIDA (DCL) (III) = (I - II),Até o 1º Quadrimestre,10697864571.08,9410336,Pernambuco
2017,3,PE,RGF-Anexo 02,DividaConsolidadaLiquida,DÍVIDA CONSOLIDADA LÍQUIDA (DCL) (III) = (I - II),Até o 2º Quadrimestre,10583645336.7,9410336,Pernambuco
2017,3,PE,RGF-Anexo 02,DividaConsolidadaLiquida,DÍVIDA CONSOLIDADA LÍQUIDA (DCL) (III) = (I - II),Até o 3º Quadrimestre,13176450959.83,9410336,Pernambuco
2018,1,PE,RGF-Anexo 01,DespesaComPessoalBruta,DESPESA BRUTA COM PESSOAL (I),<MR-11>,1186450308.47,9410336,Pernambuco
2018,1,PE,RGF-Anexo 01,DespesaComPessoalBruta,DESPESA BRUTA COM PESSOAL (I),<MR-10>,1218124304.13,9410336,Pernambuco
2018,1,PE,RGF-Anexo 01,DespesaComPessoalBruta,DESPESA BRUTA COM PESSOAL (I),<MR-9>,1163045857.79,9410336,Pernambuco
2018,1,PE,RGF-Anexo 01,DespesaComPessoalBruta,DESPESA BRUTA COM PESSOAL (I),<MR-8>,1093999831.3,9410336,Pernambuco
2018,1,PE,RGF-Anexo 01,DespesaComPessoalBruta,DESPESA BRUTA COM PESSOAL (I),<MR-7>,1044739911.57,9410336,Pernambuco
2018,1,PE,RGF-Anexo 01,DespesaComPessoalBruta,DESPESA BRUTA COM PESSOAL (I),<MR-6>,1241256712.76,9410336,Pernambuco
2018,1,PE,RGF-Anexo 01,DespesaComPessoalBruta,DESPESA BRUTA COM PESSOAL (I),<MR-5>,1125704331.69,9410336,Pernambuco
2018,1,PE,RGF-Anexo 01,DespesaComPessoalBruta,DESPESA BRUTA COM PESSOAL (I),<MR-4>,2542162324.75,9410336,Pernambuco
2018,1,PE,RGF-Anexo 01,DespesaComPessoalBruta,DESPESA BRUTA COM PESSOAL (I),<MR-3>,1206839757.5,9410336,Pernambuco
2018,1,PE,RGF-Anexo 01,DespesaComPessoalBruta,DESPESA BRUTA COM PESSOAL (I),<MR-2>,1239555251.19,9410336,Pernambuco
2018,1,PE,RGF-Anexo 01,DespesaComPessoalBruta,DESPESA BRUTA COM PESSOAL (I),<MR-1>,1255304614.28,9410336,Pernambuco
2018,1,PE,RGF-Anexo 01,DespesaComPessoalBruta,DESPESA BRUTA COM PESSOAL (I),<MR>,1267777072.73,9410336,Pernambuco
2018,1,PE,RGF-Anexo 01,DespesaComPessoalBruta,DESPESA BRUTA COM PESSOAL (I),TOTAL (ÚLTIMOS 12 MESES) (a),15584960278.16,9410336,Pernambuco
2018,1,PE,RGF-Anexo 01,DespesaComPessoalAtivoBruta,Pessoal Ativo,<MR-11>,612173678.21,9410336,Pernambuco
2018,1,PE,RGF-Anexo 01,DespesaComPessoalAtivoBruta,Pessoal Ativo,<MR-10>,650609269.54,9410336,Pernambuco
2018,1,PE,RGF-Anexo 01,DespesaComPessoalAtivoBruta,Pessoal Ativo,<MR-9>,612390908.19,9410336,Pernambuco
2018,1,PE,RGF-Anexo 01,DespesaComPessoalAtivoBruta,Pessoal Ativo,<MR-8>,614450365.95,9410336,Pernambuco
2018,1,PE,RGF-Anexo 01,DespesaComPessoalAtivoBruta,Pessoal Ativo,<MR-7>,681737446.98,9410336,Pernambuco
2018,1,PE,RGF-Anexo 01,DespesaComPessoalAtivoBruta,Pessoal Ativo,<MR-6>,605022781.77,9410336,Pernambuco
2018,1,PE,RGF-Anexo 01,DespesaComPessoalAtivoBruta,Pessoal Ativo,<MR-5>,588240375.33,9410336,Pernambuco
2018,1,PE,RGF-Anexo 01,DespesaComPessoalAtivoBruta,Pessoal Ativo,<MR-4>,1297954134.58,9410336,Pernambuco
2018,1,PE,RGF-Anexo 01,DespesaComPessoalAtivoBruta,Pessoal Ativo,<MR-3>,606425050.19,9410336,Pernambuco
2018,1,PE,RGF-Anexo 01,DespesaComPessoalAtivoBruta,Pessoal Ativo,<MR-2>,636573361.14,9410336,Pernambuco
2018,1,PE,RGF-Anexo 01,DespesaComPessoalAtivoBruta,Pessoal Ativo,<MR-1>,647952191.86,9410336,Pernambuco
2018,1,PE,RGF-Anexo 01,DespesaComPessoalAtivoBruta,Pessoal Ativo,<MR>,654195161.65,9410336,Pernambuco
2018,1,PE,RGF-Anexo 01,DespesaComPessoalAtivoBruta,Pessoal Ativo,TOTAL (ÚLTIMOS 12 MESES) (a),8207724725.39,9410336,Pernambuco
2018,1,PE,RGF-Anexo 01,DespesaComPessoalInativoEPensionistasBruta,Pessoal Inativo e Pensionistas,<MR-11>,574276630.26,9410336,Pernambuco
2018,1,PE,RGF-Anexo 01,DespesaComPessoalInativoEPensionistasBruta,Pessoal Inativo e Pensionistas,<MR-10>,567515034.59,9410336,Pernambuco
2018,1,PE,RGF-Anexo 01,DespesaComPessoalInativoEPensionistasBruta,Pessoal Inativo e Pensionistas,<MR-9>,550654949.6,9410336,Pernambuco
2018,1,PE,RGF-Anexo 01,DespesaComPessoalInativoEPensionistasBruta,Pessoal Inativo e Pensionistas,<MR-8>,479549465.35,9410336,Pernambuco
2018,1,PE,RGF-Anexo 01,DespesaComPessoalInativoEPensionistasBruta,Pessoal Inativo e Pensionistas,<MR-7>,363002464.59,9410336,Pernambuco
2018,1,PE,RGF-Anexo 01,DespesaComPessoalInativoEPensionistasBruta,Pessoal Inativo e Pensionistas,<MR-6>,636233930.99,9410336,Pernambuco
2018,1,PE,RGF-Anexo 01,DespesaComPessoalInativoEPensionistasBruta,Pessoal Inativo e Pensionistas,<MR-5>,537463956.36,9410336,Pernambuco
2018,1,PE,RGF-Anexo 01,DespesaComPessoalInativoEPensionistasBruta,Pessoal Inativo e Pensionistas,<MR-4>,1244208190.17,9410336,Pernambuco
2018,1,PE,RGF-Anexo 01,DespesaComPessoalInativoEPensionistasBruta,Pessoal Inativo e Pensionistas,<MR-3>,600414707.31,9410336,Pernambuco
2018,1,PE,RGF-Anexo 01,DespesaComPessoalInativoEPensionistasBruta,Pessoal Inativo e Pensionistas,<MR-2>,602981890.05,9410336,Pernambuco
2018,1,PE,RGF-Anexo 01,DespesaComPessoalInativoEPensionistasBruta,Pessoal Inativo e Pensionistas,<MR-1>,607352422.42,9410336,Pernambuco
2018,1,PE,RGF-Anexo 01,DespesaComPessoalInativoEPensionistasBruta,Pessoal Inativo e Pensionistas,<MR>,613581911.08,9410336,Pernambuco
2018,1,PE,RGF-Anexo 01,DespesaComPessoalInativoEPensionistasBruta,Pessoal Inativo e Pensionistas,TOTAL (ÚLTIMOS 12 MESES) (a),7377235552.77,9410336,Pernambuco
2018,1,PE,RGF-Anexo 01,DespesaComPessoalLiquida,DESPESA LÍQUIDA COM PESSOAL (III) = (I - II),<MR-11>,802403285.94,9410336,Pernambuco
2018,1,PE,RGF-Anexo 01,DespesaComPessoalLiquida,DESPESA LÍQUIDA COM PESSOAL (III) = (I - II),<MR-10>,833529003.28,9410336,Pernambuco
2018,1,PE,RGF-Anexo 01,DespesaComPessoalLiquida,DESPESA LÍQUIDA COM PESSOAL (III) = (I - II),<MR-9>,813944774.03,9410336,Pernambuco
2018,1,PE,RGF-Anexo 01,DespesaComPessoalLiquida,DESPESA LÍQUIDA COM PESSOAL (III) = (I - II),<MR-8>,799870072.92,9410336,Pernambuco
2018,1,PE,RGF-Anexo 01,DespesaComPessoalLiquida,DESPESA LÍQUIDA COM PESSOAL (III) = (I - II),<MR-7>,565114903.96,9410336,Pernambuco
2018,1,PE,RGF-Anexo 01,DespesaComPessoalLiquida,DESPESA LÍQUIDA COM PESSOAL (III) = (I - II),<MR-6>,925104912.85,9410336,Pernambuco
2018,1,PE,RGF-Anexo 01,DespesaComPessoalLiquida,DESPESA LÍQUIDA COM PESSOAL (III) = (I - II),<MR-5>,772083509.04,9410336,Pernambuco
2018,1,PE,RGF-Anexo 01,DespesaComPessoalLiquida,DESPESA LÍQUIDA COM PESSOAL (III) = (I - II),<MR-4>,1668070547.74,9410336,Pernambuco
2018,1,PE,RGF-Anexo 01,DespesaComPessoalLiquida,DESPESA LÍQUIDA COM PESSOAL (III) = (I - II),<MR-3>,809487147.82,9410336,Pernambuco
2018,1,PE,RGF-Anexo 01,DespesaComPessoalLiquida,DESPESA LÍQUIDA COM PESSOAL (III) = (I - II),<MR-2>,841051576.41,9410336,Pernambuco
2018,1,PE,RGF-Anexo 01,DespesaComPessoalLiquida,DESPESA LÍQUIDA COM PESSOAL (III) = (I - II),<MR-1>,852326872.14,9410336,Pernambuco
2018,1,PE,RGF-Anexo 01,DespesaComPessoalLiquida,DESPESA LÍQUIDA COM PESSOAL (III) = (I - II),<MR>,866033684.75,9410336,Pernambuco
2018,1,PE,RGF-Anexo 01,DespesaComPessoalLiquida,DESPESA LÍQUIDA COM PESSOAL (III) = (I - II),TOTAL (ÚLTIMOS 12 MESES) (a),10549020290.88,9410336,Pernambuco
2018,1,PE,RGF-Anexo 01,ReceitaCorrenteLiquidaLimiteLegal,RECEITA CORRENTE LIQUIDA - RCL (IV),Valor,22257221788.86,9410336,Pernambuco
2018,1,PE,RGF-Anexo 01,DespesaComPessoalTotal,DESPESA TOTAL COM PESSOAL - DTP (VII) = (IIIa + IIIb),Valor,10549020290.88,9410336,Pernambuco
2018,1,PE,RGF-Anexo 01,DespesaComPessoalTotal,DESPESA TOTAL COM PESSOAL - DTP (VII) = (IIIa + IIIb),% sobre a RCL Ajustada,47.4,9410336,Pernambuco
2018,1,PE,RGF-Anexo 02,DividaConsolidada,DÍVIDA CONSOLIDADA - DC (I),SALDO DO EXERCÍCIO ANTERIOR,14734618918.51,9410336,Pernambuco
2018,1,PE,RGF-Anexo 02,DividaConsolidada,DÍVIDA CONSOLIDADA - DC (I),Até o 1º Quadrimestre,14969260114.82,9410336,Pernambuco
2018,1,PE,RGF-Anexo 02,DividaContratual,Dívida Contratual,SALDO DO EXERCÍCIO ANTERIOR,14112169956.36,9410336,Pernambuco
2018,1,PE,RGF-Anexo 02,DividaContratual,Dívida Contratual,Até o 1º Quadrimestre,14346811152.67,9410336,Pernambuco
2018,1,PE,RGF-Anexo 02,DividaConsolidadaLiquida,DÍVIDA CONSOLIDADA LÍQUIDA (DCL) (III) = (I - II),SALDO DO EXERCÍCIO ANTERIOR,13176450959.83,9410336,Pernambuco
2018,1,PE,RGF-Anexo 02,DividaConsolidadaLiquida,DÍVIDA CONSOLIDADA LÍQUIDA (DCL) (III) = (I - II),Até o 1º Quadrimestre,11659037114.11,9410336,Pernambuco
2018,2,PE,RGF-Anexo 01,DespesaComPessoalBruta,DESPESA BRUTA COM PESSOAL (I),<MR-11>,1044739911.57,9410336,Pernambuco
2018,2,PE,RGF-Anexo 01,DespesaComPessoalBruta,DESPESA BRUTA COM PESSOAL (I),<MR-10>,1241256712.76,9410336,Pernambuco
2018,2,PE,RGF-Anexo 01,DespesaComPessoalBruta,DESPESA BRUTA COM PESSOAL (I),<MR-9>,1125704331.69,9410336,Pernambuco
2018,2,PE,RGF-Anexo 01,DespesaComPessoalBruta,DESPESA BRUTA COM PESSOAL (I),<MR-8>,2542162324.75,9410336,Pernambuco
2018,2,PE,RGF-Anexo 01,DespesaComPessoalBruta,DESPESA BRUTA COM PESSOAL (I),<MR-7>,1206839757.5,9410336,Pernambuco
2018,2,PE,RGF-Anexo 01,DespesaComPessoalBruta,DESPESA BRUTA COM PESSOAL (I),<MR-6>,1239555251.19,9410336,Pernambuco
2018,2,PE,RGF-Anexo 01,DespesaComPessoalBruta,DESPESA BRUTA COM PESSOAL (I),<MR-5>,1255304614.28,9410336,Pernambuco
2018,2,PE,RGF-Anexo 01,DespesaComPessoalBruta,DESPESA BRUTA COM PESSOAL (I),<MR-4>,1267777072.73,9410336,Pernambuco
2018,2,PE,RGF-Anexo 01,DespesaComPessoalBruta,DESPESA BRUTA COM PESSOAL (I),<MR-3>,1260314241.62,9410336,Pernambuco
2018,2,PE,RGF-Anexo 01,DespesaComPessoalBruta,DESPESA BRUTA COM PESSOAL (I),<MR-2>,1281902793.74,9410336,Pernambuco
2018,2,PE,RGF-Anexo 01,DespesaComPessoalBruta,DESPESA BRUTA COM PESSOAL (I),<MR-1>,1276718071.71,9410336,Pernambuco
2018,2,PE,RGF-Anexo 01,DespesaComPessoalBruta,DESPESA BRUTA COM PESSOAL (I),<MR>,1062571172.98,9410336,Pernambuco
2018,2,PE,RGF-Anexo 01,DespesaComPessoalBruta,DESPESA BRUTA COM PESSOAL (I),TOTAL (ÚLTIMOS 12 MESES) (a),15804846256.52,9410336,Pernambuco
2018,2,PE,RGF-Anexo 01,DespesaComPessoalAtivoBruta,Pessoal Ativo,<MR-11>,681737446.98,9410336,Pernambuco
2018,2,PE,RGF-Anexo 01,DespesaComPessoalAtivoBruta,Pessoal Ativo,<MR-10>,605022781.77,9410336,Pernambuco
2018,2,PE,RGF-Anexo 01,DespesaComPessoalAtivoBruta,Pessoal Ativo,<MR-9>,588240375.33,9410336,Pernambuco
2018,2,PE,RGF-Anexo 01,DespesaComPessoalAtivoBruta,Pessoal Ativo,<MR-8>,1297954134.58,9410336,Pernambuco
2018,2,PE,RGF-Anexo 01,DespesaComPessoalAtivoBruta,Pessoal Ativo,<MR-7>,606425050.19,9410336,Pernambuco
2018,2,PE,RGF-Anexo 01,DespesaComPessoalAtivoBruta,Pessoal Ativo,<MR-6>,636573361.14,9410336,Pernambuco
2018,2,PE,RGF-Anexo 01,DespesaComPessoalAtivoBruta,Pessoal Ativo,<MR-5>,647952191.86,9410336,Pernambuco
2018,2,PE,RGF-Anexo 01,DespesaComPessoalAtivoBruta,Pessoal Ativo,<MR-4>,654195161.65,9410336,Pernambuco
2018,2,PE,RGF-Anexo 01,DespesaComPessoalAtivoBruta,Pessoal Ativo,<MR-3>,644556329.36,9410336,Pernambuco
2018,2,PE,RGF-Anexo 01,DespesaComPessoalAtivoBruta,Pessoal Ativo,<MR-2>,664130838.73,9410336,Pernambuco
2018,2,PE,RGF-Anexo 01,DespesaComPessoalAtivoBruta,Pessoal Ativo,<MR-1>,656068920.01,9410336,Pernambuco
2018,2,PE,RGF-Anexo 01,DespesaComPessoalAtivoBruta,Pessoal Ativo,<MR>,637849011.74,9410336,Pernambuco
2018,2,PE,RGF-Anexo 01,DespesaComPessoalAtivoBruta,Pessoal Ativo,TOTAL (ÚLTIMOS 12 MESES) (a),8320705603.34,9410336,Pernambuco
2018,2,PE,RGF-Anexo 01,DespesaComPessoalInativoEPensionistasBruta,Pessoal Inativo e Pensionistas,<MR-11>,363002464.59,9410336,Pernambuco
2018,2,PE,RGF-Anexo 01,DespesaComPessoalInativoEPensionistasBruta,Pessoal Inativo e Pensionistas,<MR-10>,636233930.99,9410336,Pernambuco
2018,2,PE,RGF-Anexo 01,DespesaComPessoalInativoEPensionistasBruta,Pessoal Inativo e Pensionistas,<MR-9>,537463956.36,9410336,Pernambuco
2018,2,PE,RGF-Anexo 01,DespesaComPessoalInativoEPensionistasBruta,Pessoal Inativo e Pensionistas,<MR-8>,1244208190.17,9410336,Pernambuco
2018,2,PE,RGF-Anexo 01,DespesaComPessoalInativoEPensionistasBruta,Pessoal Inativo e Pensionistas,<MR-7>,600414707.31,9410336,Pernambuco
2018,2,PE,RGF-Anexo 01,DespesaComPessoalInativoEPensionistasBruta,Pessoal Inativo e Pensionistas,<MR-6>,602981890.05,9410336,Pernambuco
2018,2,PE,RGF-Anexo 01,DespesaComPessoalInativoEPensionistasBruta,Pessoal Inativo e Pensionistas,<MR-5>,607352422.42,9410336,Pernambuco
2018,2,PE,RGF-Anexo 01,DespesaComPessoalInativoEPensionistasBruta,Pessoal Inativo e Pensionistas,<MR-4>,613581911.08,9410336,Pernambuco
2018,2,PE,RGF-Anexo 01,DespesaComPessoalInativoEPensionistasBruta,Pessoal Inativo e Pensionistas,<MR-3>,615757912.26,9410336,Pernambuco
2018,2,PE,RGF-Anexo 01,DespesaComPessoalInativoEPensionistasBruta,Pessoal Inativo e Pensionistas,<MR-2>,617771955.01,9410336,Pernambuco
2018,2,PE,RGF-Anexo 01,DespesaComPessoalInativoEPensionistasBruta,Pessoal Inativo e Pensionistas,<MR-1>,620649151.7,9410336,Pernambuco
2018,2,PE,RGF-Anexo 01,DespesaComPessoalInativoEPensionistasBruta,Pessoal Inativo e Pensionistas,<MR>,424722161.24,9410336,Pernambuco
2018,2,PE,RGF-Anexo 01,DespesaComPessoalInativoEPensionistasBruta,Pessoal Inativo e Pensionistas,TOTAL (ÚLTIMOS 12 MESES) (a),7484140653.18,9410336,Pernambuco
2018,2,PE,RGF-Anexo 01,DespesaComPessoalLiquida,DESPESA LÍQUIDA COM PESSOAL (III) = (I - II),<MR-11>,568324166.11,9410336,Pernambuco
2018,2,PE,RGF-Anexo 01,DespesaComPessoalLiquida,DESPESA LÍQUIDA COM PESSOAL (III) = (I - II),<MR-10>,926973349.07,9410336,Pernambuco
2018,2,PE,RGF-Anexo 01,DespesaComPessoalLiquida,DESPESA LÍQUIDA COM PESSOAL (III) = (I - II),<MR-9>,771809350.49,9410336,Pernambuco
2018,2,PE,RGF-Anexo 01,DespesaComPessoalLiquida,DESPESA LÍQUIDA COM PESSOAL (III) = (I - II),<MR-8>,1667279376.54,9410336,Pernambuco
2018,2,PE,RGF-Anexo 01,DespesaComPessoalLiquida,DESPESA LÍQUIDA COM PESSOAL (III) = (I - II),<MR-7>,809487147.82,9410336,Pernambuco
2018,2,PE,RGF-Anexo 01,DespesaComPessoalLiquida,DESPESA LÍQUIDA COM PESSOAL (III) = (I - II),<MR-6>,841051576.41,9410336,Pernambuco
2018,2,PE,RGF-Anexo 01,DespesaComPessoalLiquida,DESPESA LÍQUIDA COM PESSOAL (III) = (I - II),<MR-5>,852326872.14,9410336,Pernambuco
2018,2,PE,RGF-Anexo 01,DespesaComPessoalLiquida,DESPESA LÍQUIDA COM PESSOAL (III) = (I - II),<MR-4>,866033684.75,9410336,Pernambuco
2018,2,PE,RGF-Anexo 01,DespesaComPessoalLiquida,DESPESA LÍQUIDA COM PESSOAL (III) = (I - II),<MR-3>,821609913.75,9410336,Pernambuco
2018,2,PE,RGF-Anexo 01,DespesaComPessoalLiquida,DESPESA LÍQUIDA COM PESSOAL (III) = (I - II),<MR-2>,877371397.91,9410336,Pernambuco
2018,2,PE,RGF-Anexo 01,DespesaComPessoalLiquida,DESPESA LÍQUIDA COM PESSOAL (III) = (I - II),<MR-1>,852283185.54,9410336,Pernambuco
2018,2,PE,RGF-Anexo 01,DespesaComPessoalLiquida,DESPESA LÍQUIDA COM PESSOAL (III) = (I - II),<MR>,844494513.39,9410336,Pernambuco
2018,2,PE,RGF-Anexo 01,DespesaComPessoalLiquida,DESPESA LÍQUIDA COM PESSOAL (III) = (I - II),TOTAL (ÚLTIMOS 12 MESES) (a),10699044533.92,9410336,Pernambuco
2018,2,PE,RGF-Anexo 01,ReceitaCorrenteLiquidaLimiteLegal,RECEITA CORRENTE LIQUIDA - RCL (IV),Valor,22587408021.4,9410336,Pernambuco
2018,2,PE,RGF-Anexo 01,DespesaComPessoalTotal,DESPESA TOTAL COM PESSOAL - DTP (VII) = (IIIa + IIIb),Valor,10699044533.92,9410336,Pernambuco
2018,2,PE,RGF-Anexo 01,DespesaComPessoalTotal,DESPESA TOTAL COM PESSOAL - DTP (VII) = (IIIa + IIIb),% sobre a RCL Ajustada,47.38,9410336,Pernambuco
2018,2,PE,RGF-Anexo 02,DividaConsolidada,DÍVIDA CONSOLIDADA - DC (I),SALDO DO EXERCÍCIO ANTERIOR,14734618918.51,9410336,Pernambuco
2018,2,PE,RGF-Anexo 02,DividaConsolidada,DÍVIDA CONSOLIDADA - DC (I),Até o 1º Quadrimestre,14969260114.82,9410336,Pernambuco
2018,2,PE,RGF-Anexo 02,DividaConsolidada,DÍVIDA CONSOLIDADA - DC (I),Até o 2º Quadrimestre,16408816126.71,9410336,Pernambuco
2018,2,PE,RGF-Anexo 02,DividaContratual,Dívida Contratual,SALDO DO EXERCÍCIO ANTERIOR,14112169956.36,9410336,Pernambuco
2018,2,PE,RGF-Anexo 02,DividaContratual,Dívida Contratual,Até o 1º Quadrimestre,14346811152.67,9410336,Pernambuco
2018,2,PE,RGF-Anexo 02,DividaContratual,Dívida Contratual,Até o 2º Quadrimestre,15786311034.96,9410336,Pernambuco
2018,2,PE,RGF-Anexo 02,DividaConsolidadaLiquida,DÍVIDA CONSOLIDADA LÍQUIDA (DCL) (III) = (I - II),SALDO DO EXERCÍCIO ANTERIOR,13176450959.83,9410336,Pernambuco
2018,2,PE,RGF-Anexo 02,DividaConsolidadaLiquida,DÍVIDA CONSOLIDADA LÍQUIDA (DCL) (III) = (I - II),Até o 1º Quadrimestre,11659037114.11,9410336,Pernambuco
2018,2,PE,RGF-Anexo 02,DividaConsolidadaLiquida,DÍVIDA CONSOLIDADA LÍQUIDA (DCL) (III) = (I - II),Até o 2º Quadrimestre,13157528500.99,9410336,Pernambuco
2018,3,PE,RGF-Anexo 01,DespesaComPessoalBruta,DESPESA BRUTA COM PESSOAL (I),<MR-11>,1206839757.5,9410336,Pernambuco
2018,3,PE,RGF-Anexo 01,DespesaComPessoalBruta,DESPESA BRUTA COM PESSOAL (I),<MR-10>,1239571628.12,9410336,Pernambuco
2018,3,PE,RGF-Anexo 01,DespesaComPessoalBruta,DESPESA BRUTA COM PESSOAL (I),<MR-9>,1255313351.84,9410336,Pernambuco
2018,3,PE,RGF-Anexo 01,DespesaComPessoalBruta,DESPESA BRUTA COM PESSOAL (I),<MR-8>,1267777072.73,9410336,Pernambuco
2018,3,PE,RGF-Anexo 01,DespesaComPessoalBruta,DESPESA BRUTA COM PESSOAL (I),<MR-7>,1260314241.62,9410336,Pernambuco
2018,3,PE,RGF-Anexo 01,DespesaComPessoalBruta,DESPESA BRUTA COM PESSOAL (I),<MR-6>,1281902793.74,9410336,Pernambuco
2018,3,PE,RGF-Anexo 01,DespesaComPessoalBruta,DESPESA BRUTA COM PESSOAL (I),<MR-5>,1276725274.65,9410336,Pernambuco
2018,3,PE,RGF-Anexo 01,DespesaComPessoalBruta,DESPESA BRUTA COM PESSOAL (I),<MR-4>,1062571172.98,9410336,Pernambuco
2018,3,PE,RGF-Anexo 01,DespesaComPessoalBruta,DESPESA BRUTA COM PESSOAL (I),<MR-3>,1221583845.73,9410336,Pernambuco
2018,3,PE,RGF-Anexo 01,DespesaComPessoalBruta,DESPESA BRUTA COM PESSOAL (I),<MR-2>,1246367762.93,9410336,Pernambuco
2018,3,PE,RGF-Anexo 01,DespesaComPessoalBruta,DESPESA BRUTA COM PESSOAL (I),<MR-1>,1265125431.3,9410336,Pernambuco
2018,3,PE,RGF-Anexo 01,DespesaComPessoalBruta,DESPESA BRUTA COM PESSOAL (I),<MR>,2875732513.42,9410336,Pernambuco
2018,3,PE,RGF-Anexo 01,DespesaComPessoalBruta,DESPESA BRUTA COM PESSOAL (I),TOTAL (ÚLTIMOS 12 MESES) (a),16459824846.56,9410336,Pernambuco
2018,3,PE,RGF-Anexo 01,DespesaComPessoalAtivoBruta,Pessoal Ativo,<MR-11>,606285334.88,9410336,Pernambuco
2018,3,PE,RGF-Anexo 01,DespesaComPessoalAtivoBruta,Pessoal Ativo,<MR-10>,636328021.69,9410336,Pernambuco
2018,3,PE,RGF-Anexo 01,DespesaComPessoalAtivoBruta,Pessoal Ativo,<MR-9>,647958035.11,9410336,Pernambuco
2018,3,PE,RGF-Anexo 01,DespesaComPessoalAtivoBruta,Pessoal Ativo,<MR-8>,654105800.8,9410336,Pernambuco
2018,3,PE,RGF-Anexo 01,DespesaComPessoalAtivoBruta,Pessoal Ativo,<MR-7>,644393184.27,9410336,Pernambuco
2018,3,PE,RGF-Anexo 01,DespesaComPessoalAtivoBruta,Pessoal Ativo,<MR-6>,664104761.07,9410336,Pernambuco
2018,3,PE,RGF-Anexo 01,DespesaComPessoalAtivoBruta,Pessoal Ativo,<MR-5>,656060849.31,9410336,Pernambuco
2018,3,PE,RGF-Anexo 01,DespesaComPessoalAtivoBruta,Pessoal Ativo,<MR-4>,637846160.42,9410336,Pernambuco
2018,3,PE,RGF-Anexo 01,DespesaComPessoalAtivoBruta,Pessoal Ativo,<MR-3>,680345290.91,9410336,Pernambuco
2018,3,PE,RGF-Anexo 01,DespesaComPessoalAtivoBruta,Pessoal Ativo,<MR-2>,652612908.45,9410336,Pernambuco
2018,3,PE,RGF-Anexo 01,DespesaComPessoalAtivoBruta,Pessoal Ativo,<MR-1>,665770019.28,9410336,Pernambuco
2018,3,PE,RGF-Anexo 01,DespesaComPessoalAtivoBruta,Pessoal Ativo,<MR>,1620642277.65,9410336,Pernambuco
2018,3,PE,RGF-Anexo 01,DespesaComPessoalAtivoBruta,Pessoal Ativo,TOTAL (ÚLTIMOS 12 MESES) (a),8766452643.84,9410336,Pernambuco
2018,3,PE,RGF-Anexo 01,DespesaComPessoalInativoEPensionistasBruta,Pessoal Inativo e Pensionistas,<MR-11>,600554422.62,9410336,Pernambuco
2018,3,PE,RGF-Anexo 01,DespesaComPessoalInativoEPensionistasBruta,Pessoal Inativo e Pensionistas,<MR-10>,603243606.43,9410336,Pernambuco
2018,3,PE,RGF-Anexo 01,DespesaComPessoalInativoEPensionistasBruta,Pessoal Inativo e Pensionistas,<MR-9>,607355316.73,9410336,Pernambuco
2018,3,PE,RGF-Anexo 01,DespesaComPessoalInativoEPensionistasBruta,Pessoal Inativo e Pensionistas,<MR-8>,613671271.93,9410336,Pernambuco
2018,3,PE,RGF-Anexo 01,DespesaComPessoalInativoEPensionistasBruta,Pessoal Inativo e Pensionistas,<MR-7>,615921057.35,9410336,Pernambuco
2018,3,PE,RGF-Anexo 01,DespesaComPessoalInativoEPensionistasBruta,Pessoal Inativo e Pensionistas,<MR-6>,617798032.67,9410336,Pernambuco
2018,3,PE,RGF-Anexo 01,DespesaComPessoalInativoEPensionistasBruta,Pessoal Inativo e Pensionistas,<MR-5>,620664425.34,9410336,Pernambuco
2018,3,PE,RGF-Anexo 01,DespesaComPessoalInativoEPensionistasBruta,Pessoal Inativo e Pensionistas,<MR-4>,424725012.56,9410336,Pernambuco
2018,3,PE,RGF-Anexo 01,DespesaComPessoalInativoEPensionistasBruta,Pessoal Inativo e Pensionistas,<MR-3>,541238554.82,9410336,Pernambuco
2018,3,PE,RGF-Anexo 01,DespesaComPessoalInativoEPensionistasBruta,Pessoal Inativo e Pensionistas,<MR-2>,593754854.48,9410336,Pernambuco
2018,3,PE,RGF-Anexo 01,DespesaComPessoalInativoEPensionistasBruta,Pessoal Inativo e Pensionistas,<MR-1>,599355412.02,9410336,Pernambuco
2018,3,PE,RGF-Anexo 01,DespesaComPessoalInativoEPensionistasBruta,Pessoal Inativo e Pensionistas,<MR>,1255090235.77,9410336,Pernambuco
2018,3,PE,RGF-Anexo 01,DespesaComPessoalInativoEPensionistasBruta,Pessoal Inativo e Pensionistas,TOTAL (ÚLTIMOS 12 MESES) (a),7693372202.72,9410336,Pernambuco
2018,3,PE,RGF-Anexo 01,DespesaComPessoalLiquida,DESPESA LÍQUIDA COM PESSOAL (III) = (I - II),<MR-11>,806225424.63,9410336,Pernambuco
2018,3,PE,RGF-Anexo 01,DespesaComPessoalLiquida,DESPESA LÍQUIDA COM PESSOAL (III) = (I - II),<MR-10>,839867736.84,9410336,Pernambuco
2018,3,PE,RGF-Anexo 01,DespesaComPessoalLiquida,DESPESA LÍQUIDA COM PESSOAL (III) = (I - II),<MR-9>,836006863.93,9410336,Pernambuco
2018,3,PE,RGF-Anexo 01,DespesaComPessoalLiquida,DESPESA LÍQUIDA COM PESSOAL (III) = (I - II),<MR-8>,863424222.31,9410336,Pernambuco
2018,3,PE,RGF-Anexo 01,DespesaComPessoalLiquida,DESPESA LÍQUIDA COM PESSOAL (III) = (I - II),<MR-7>,820612225.26,9410336,Pernambuco
2018,3,PE,RGF-Anexo 01,DespesaComPessoalLiquida,DESPESA LÍQUIDA COM PESSOAL (III) = (I - II),<MR-6>,875939271.91,9410336,Pernambuco
2018,3,PE,RGF-Anexo 01,DespesaComPessoalLiquida,DESPESA LÍQUIDA COM PESSOAL (III) = (I - II),<MR-5>,850780805.62,9410336,Pernambuco
2018,3,PE,RGF-Anexo 01,DespesaComPessoalLiquida,DESPESA LÍQUIDA COM PESSOAL (III) = (I - II),<MR-4>,843179893.53,9410336,Pernambuco
2018,3,PE,RGF-Anexo 01,DespesaComPessoalLiquida,DESPESA LÍQUIDA COM PESSOAL (III) = (I - II),<MR-3>,887803890.32,9410336,Pernambuco
2018,3,PE,RGF-Anexo 01,DespesaComPessoalLiquida,DESPESA LÍQUIDA COM PESSOAL (III) = (I - II),<MR-2>,868812716.11,9410336,Pernambuco
2018,3,PE,RGF-Anexo 01,DespesaComPessoalLiquida,DESPESA LÍQUIDA COM PESSOAL (III) = (I - II),<MR-1>,838468358.82,9410336,Pernambuco
2018,3,PE,RGF-Anexo 01,DespesaComPessoalLiquida,DESPESA LÍQUIDA COM PESSOAL (III) = (I - II),<MR>,1756862635.88,9410336,Pernambuco
2018,3,PE,RGF-Anexo 01,DespesaComPessoalLiquida,DESPESA LÍQUIDA COM PESSOAL (III) = (I - II),TOTAL (ÚLTIMOS 12 MESES) (a),11087984045.16,9410336,Pernambuco
2018,3,PE,RGF-Anexo 01,ReceitaCorrenteLiquidaLimiteLegal,RECEITA CORRENTE LIQUIDA - RCL (IV),Valor,23131949692.05,9410336,Pernambuco
2018,3,PE,RGF-Anexo 01,DespesaComPessoalTotal,DESPESA TOTAL COM PESSOAL - DTP (VII) = (IIIa + IIIb),Valor,11087984045.16,9410336,Pernambuco
2018,3,PE,RGF-Anexo 01,DespesaComPessoalTotal,DESPESA TOTAL COM PESSOAL - DTP (VII) = (IIIa + IIIb),% sobre a RCL Ajustada,47.94,9410336,Pernambuco
2018,3,PE,RGF-Anexo 02,DividaConsolidada,DÍVIDA CONSOLIDADA - DC (I),SALDO DO EXERCÍCIO ANTERIOR,14734618918.51,9410336,Pernambuco
2018,3,PE,RGF-Anexo 02,DividaConsolidada,DÍVIDA CONSOLIDADA - DC (I),Até o 1º Quadrimestre,14969260114.82,9410336,Pernambuco
2018,3,PE,RGF-Anexo 02,DividaConsolidada,DÍVIDA CONSOLIDADA - DC (I),Até o 2º Quadrimestre,16408816126.71,9410336,Pernambuco
2018,3,PE,RGF-Anexo 02,DividaConsolidada,DÍVIDA CONSOLIDADA - DC (I),Até o 3º Quadrimestre,15708981884.98,9410336,Pernambuco
2018,3,PE,RGF-Anexo 02,DividaContratual,Dívida Contratual,SALDO DO EXERCÍCIO ANTERIOR,14112169956.36,9410336,Pernambuco
2018,3,PE,RGF-Anexo 02,DividaContratual,Dívida Contratual,Até o 1º Quadrimestre,14346811152.67,9410336,Pernambuco
2018,3,PE,RGF-Anexo 02,DividaContratual,Dívida Contratual,Até o 2º Quadrimestre,15786311034.96,9410336,Pernambuco
2018,3,PE,RGF-Anexo 02,DividaContratual,Dívida Contratual,Até o 3º Quadrimestre,15184157987.99,9410336,Pernambuco
2018,3,PE,RGF-Anexo 02,DividaConsolidadaLiquida,DÍVIDA CONSOLIDADA LÍQUIDA (DCL) (III) = (I - II),SALDO DO EXERCÍCIO ANTERIOR,13176450959.83,9410336,Pernambuco
2018,3,PE,RGF-Anexo 02,DividaConsolidadaLiquida,DÍVIDA CONSOLIDADA LÍQUIDA (DCL) (III) = (I - II),Até o 1º Quadrimestre,11659037114.11,9410336,Pernambuco
2018,3,PE,RGF-Anexo 02,DividaConsolidadaLiquida,DÍVIDA CONSOLIDADA LÍQUIDA (DCL) (III) = (I - II),Até o 2º Quadrimestre,13157528500.99,9410336,Pernambuco
2018,3,PE,RGF-Anexo 02,DividaConsolidadaLiquida,DÍVIDA CONSOLIDADA LÍQUIDA (DCL) (III) = (I - II),Até o 3º Quadrimestre,14133950279.71,9410336,Pernambuco
2019,1,PE,RGF-Anexo 01,DespesaComPessoalBruta,DESPESA BRUTA COM PESSOAL (I),<MR-11>,1260314241.62,9496294,Pernambuco
2019,1,PE,RGF-Anexo 01,DespesaComPessoalBruta,DESPESA BRUTA COM PESSOAL (I),<MR-10>,1281902793.74,9496294,Pernambuco
2019,1,PE,RGF-Anexo 01,DespesaComPessoalBruta,DESPESA BRUTA COM PESSOAL (I),<MR-9>,1276725274.65,9496294,Pernambuco
2019,1,PE,RGF-Anexo 01,DespesaComPessoalBruta,DESPESA BRUTA COM PESSOAL (I),<MR-8>,1062571172.98,9496294,Pernambuco
2019,1,PE,RGF-Anexo 01,DespesaComPessoalBruta,DESPESA BRUTA COM PESSOAL (I),<MR-7>,1221583845.73,9496294,Pernambuco
2019,1,PE,RGF-Anexo 01,DespesaComPessoalBruta,DESPESA BRUTA COM PESSOAL (I),<MR-6>,1246367762.93,9496294,Pernambuco
2019,1,PE,RGF-Anexo 01,DespesaComPessoalBruta,DESPESA BRUTA COM PESSOAL (I),<MR-5>,1265125431.3,9496294,Pernambuco
2019,1,PE,RGF-Anexo 01,DespesaComPessoalBruta,DESPESA BRUTA COM PESSOAL (I),<MR-4>,2875732513.42,9496294,Pernambuco
2019,1,PE,RGF-Anexo 01,DespesaComPessoalBruta,DESPESA BRUTA COM PESSOAL (I),<MR-3>,1266039346.01,9496294,Pernambuco
2019,1,PE,RGF-Anexo 01,DespesaComPessoalBruta,DESPESA BRUTA COM PESSOAL (I),<MR-2>,1297119893.8,9496294,Pernambuco
2019,1,PE,RGF-Anexo 01,DespesaComPessoalBruta,DESPESA BRUTA COM PESSOAL (I),<MR-1>,1359827405.82,9496294,Pernambuco
2019,1,PE,RGF-Anexo 01,DespesaComPessoalBruta,DESPESA BRUTA COM PESSOAL (I),<MR>,1309605570.49,9496294,Pernambuco
2019,1,PE,RGF-Anexo 01,DespesaComPessoalBruta,DESPESA BRUTA COM PESSOAL (I),TOTAL (ÚLTIMOS 12 MESES) (a),16722915252.49,9496294,Pernambuco
2019,1,PE,RGF-Anexo 01,DespesaComPessoalAtivoBruta,Pessoal Ativo,<MR-11>,644393184.27,9496294,Pernambuco
2019,1,PE,RGF-Anexo 01,DespesaComPessoalAtivoBruta,Pessoal Ativo,<MR-10>,664104761.07,9496294,Pernambuco
2019,1,PE,RGF-Anexo 01,DespesaComPessoalAtivoBruta,Pessoal Ativo,<MR-9>,656060849.31,9496294,Pernambuco
2019,1,PE,RGF-Anexo 01,DespesaComPessoalAtivoBruta,Pessoal Ativo,<MR-8>,637846160.42,9496294,Pernambuco
2019,1,PE,RGF-Anexo 01,DespesaComPessoalAtivoBruta,Pessoal Ativo,<MR-7>,680345290.91,9496294,Pernambuco
2019,1,PE,RGF-Anexo 01,DespesaComPessoalAtivoBruta,Pessoal Ativo,<MR-6>,652612908.45,9496294,Pernambuco
2019,1,PE,RGF-Anexo 01,DespesaComPessoalAtivoBruta,Pessoal Ativo,<MR-5>,665770019.28,9496294,Pernambuco
2019,1,PE,RGF-Anexo 01,DespesaComPessoalAtivoBruta,Pessoal Ativo,<MR-4>,1620642277.65,9496294,Pernambuco
2019,1,PE,RGF-Anexo 01,DespesaComPessoalAtivoBruta,Pessoal Ativo,<MR-3>,636715199.87,9496294,Pernambuco
2019,1,PE,RGF-Anexo 01,DespesaComPessoalAtivoBruta,Pessoal Ativo,<MR-2>,687174800.67,9496294,Pernambuco
2019,1,PE,RGF-Anexo 01,DespesaComPessoalAtivoBruta,Pessoal Ativo,<MR-1>,668728268.19,9496294,Pernambuco
2019,1,PE,RGF-Anexo 01,DespesaComPessoalAtivoBruta,Pessoal Ativo,<MR>,664212990.48,9496294,Pernambuco
2019,1,PE,RGF-Anexo 01,DespesaComPessoalAtivoBruta,Pessoal Ativo,TOTAL (ÚLTIMOS 12 MESES) (a),8878606710.57,9496294,Pernambuco
2019,1,PE,RGF-Anexo 01,DespesaComPessoalInativoEPensionistasBruta,Pessoal Inativo e Pensionistas,<MR-11>,615921057.35,9496294,Pernambuco
2019,1,PE,RGF-Anexo 01,DespesaComPessoalInativoEPensionistasBruta,Pessoal Inativo e Pensionistas,<MR-10>,617798032.67,9496294,Pernambuco
2019,1,PE,RGF-Anexo 01,DespesaComPessoalInativoEPensionistasBruta,Pessoal Inativo e Pensionistas,<MR-9>,620664425.34,9496294,Pernambuco
2019,1,PE,RGF-Anexo 01,DespesaComPessoalInativoEPensionistasBruta,Pessoal Inativo e Pensionistas,<MR-8>,424725012.56,9496294,Pernambuco
2019,1,PE,RGF-Anexo 01,DespesaComPessoalInativoEPensionistasBruta,Pessoal Inativo e Pensionistas,<MR-7>,541238554.82,9496294,Pernambuco
2019,1,PE,RGF-Anexo 01,DespesaComPessoalInativoEPensionistasBruta,Pessoal Inativo e Pensionistas,<MR-6>,593754854.48,9496294,Pernambuco
2019,1,PE,RGF-Anexo 01,DespesaComPessoalInativoEPensionistasBruta,Pessoal Inativo e Pensionistas,<MR-5>,599355412.02,9496294,Pernambuco
2019,1,PE,RGF-Anexo 01,DespesaComPessoalInativoEPensionistasBruta,Pessoal Inativo e Pensionistas,<MR-4>,1255090235.77,9496294,Pernambuco
2019,1,PE,RGF-Anexo 01,DespesaComPessoalInativoEPensionistasBruta,Pessoal Inativo e Pensionistas,<MR-3>,629324146.14,9496294,Pernambuco
2019,1,PE,RGF-Anexo 01,DespesaComPessoalInativoEPensionistasBruta,Pessoal Inativo e Pensionistas,<MR-2>,609945093.13,9496294,Pernambuco
2019,1,PE,RGF-Anexo 01,DespesaComPessoalInativoEPensionistasBruta,Pessoal Inativo e Pensionistas,<MR-1>,691099137.63,9496294,Pernambuco
2019,1,PE,RGF-Anexo 01,DespesaComPessoalInativoEPensionistasBruta,Pessoal Inativo e Pensionistas,<MR>,645392580.01,9496294,Pernambuco
2019,1,PE,RGF-Anexo 01,DespesaComPessoalInativoEPensionistasBruta,Pessoal Inativo e Pensionistas,TOTAL (ÚLTIMOS 12 MESES) (a),7844308541.92,9496294,Pernambuco
2019,1,PE,RGF-Anexo 01,DespesaComPessoalLiquida,DESPESA LÍQUIDA COM PESSOAL (III) = (I - II),<MR-11>,820612225.26,9496294,Pernambuco
2019,1,PE,RGF-Anexo 01,DespesaComPessoalLiquida,DESPESA LÍQUIDA COM PESSOAL (III) = (I - II),<MR-10>,875939271.91,9496294,Pernambuco
2019,1,PE,RGF-Anexo 01,DespesaComPessoalLiquida,DESPESA LÍQUIDA COM PESSOAL (III) = (I - II),<MR-9>,850780805.62,9496294,Pernambuco
2019,1,PE,RGF-Anexo 01,DespesaComPessoalLiquida,DESPESA LÍQUIDA COM PESSOAL (III) = (I - II),<MR-8>,843179893.53,9496294,Pernambuco
2019,1,PE,RGF-Anexo 01,DespesaComPessoalLiquida,DESPESA LÍQUIDA COM PESSOAL (III) = (I - II),<MR-7>,887803890.32,9496294,Pernambuco
2019,1,PE,RGF-Anexo 01,DespesaComPessoalLiquida,DESPESA LÍQUIDA COM PESSOAL (III) = (I - II),<MR-6>,868812716.11,9496294,Pernambuco
2019,1,PE,RGF-Anexo 01,DespesaComPessoalLiquida,DESPESA LÍQUIDA COM PESSOAL (III) = (I - II),<MR-5>,838468358.82,9496294,Pernambuco
2019,1,PE,RGF-Anexo 01,DespesaComPessoalLiquida,DESPESA LÍQUIDA COM PESSOAL (III) = (I - II),<MR-4>,1756862635.88,9496294,Pernambuco
2019,1,PE,RGF-Anexo 01,DespesaComPessoalLiquida,DESPESA LÍQUIDA COM PESSOAL (III) = (I - II),<MR-3>,859968517.59,9496294,Pernambuco
2019,1,PE,RGF-Anexo 01,DespesaComPessoalLiquida,DESPESA LÍQUIDA COM PESSOAL (III) = (I - II),<MR-2>,919200763.37,9496294,Pernambuco
2019,1,PE,RGF-Anexo 01,DespesaComPessoalLiquida,DESPESA LÍQUIDA COM PESSOAL (III) = (I - II),<MR-1>,880368022.25,9496294,Pernambuco
2019,1,PE,RGF-Anexo 01,DespesaComPessoalLiquida,DESPESA LÍQUIDA COM PESSOAL (III) = (I - II),<MR>,904274927.3,9496294,Pernambuco
2019,1,PE,RGF-Anexo 01,DespesaComPessoalLiquida,DESPESA LÍQUIDA COM PESSOAL (III) = (I - II),TOTAL (ÚLTIMOS 12 MESES) (a),11306272027.96,9496294,Pernambuco
2019,1,PE,RGF-Anexo 01,ReceitaCorrenteLiquidaLimiteLegal,RECEITA CORRENTE LIQUIDA - RCL (IV),Valor,23524192213.99,9496294,Pernambuco
2019,1,PE,RGF-Anexo 01,DespesaComPessoalTotal,DESPESA TOTAL COM PESSOAL - DTP (VII) = (IIIa + IIIb),Valor,11306272027.96,9496294,Pernambuco
2019,1,PE,RGF-Anexo 01,DespesaComPessoalTotal,DESPESA TOTAL COM PESSOAL - DTP (VII) = (IIIa + IIIb),% sobre a RCL Ajustada,48.07,9496294,Pernambuco
2019,1,PE,RGF-Anexo 02,DividaConsolidada,DÍVIDA CONSOLIDADA - DC (I),SALDO DO EXERCÍCIO ANTERIOR,15708981884.98,9496294,Pernambuco
2019,1,PE,RGF-Anexo 02,DividaConsolidada,DÍVIDA CONSOLIDADA - DC (I),Até o 1º Quadrimestre,15664811893.27,9496294,Pernambuco
2019,1,PE,RGF-Anexo 02,DividaContratual,Dívida Contratual,SALDO DO EXERCÍCIO ANTERIOR,15184157987.99,9496294,Pernambuco
2019,1,PE,RGF-Anexo 02,DividaContratual,Dívida Contratual,Até o 1º Quadrimestre,15164115098.39,9496294,Pernambuco
2019,1,PE,RGF-Anexo 02,DividaConsolidadaLiquida,DÍVIDA CONSOLIDADA LÍQUIDA (DCL) (III) = (I - II),SALDO DO EXERCÍCIO ANTERIOR,14133950279.71,9496294,Pernambuco
2019,1,PE,RGF-Anexo 02,DividaConsolidadaLiquida,DÍVIDA CONSOLIDADA LÍQUIDA (DCL) (III) = (I - II),Até o 1º Quadrimestre,12447020504.47,9496294,Pernambuco
2019,2,PE,RGF-Anexo 01,DespesaComPessoalBruta,DESPESA BRUTA COM PESSOAL (I),<MR-11>,1221583845.73,9496294,Pernambuco
2019,2,PE,RGF-Anexo 01,DespesaComPessoalBruta,DESPESA BRUTA COM PESSOAL (I),<MR-10>,1246367762.93,9496294,Pernambuco
2019,2,PE,RGF-Anexo 01,DespesaComPessoalBruta,DESPESA BRUTA COM PESSOAL (I),<MR-9>,1265125431.3,9496294,Pernambuco
2019,2,PE,RGF-Anexo 01,DespesaComPessoalBruta,DESPESA BRUTA COM PESSOAL (I),<MR-8>,2875732513.42,9496294,Pernambuco
2019,2,PE,RGF-Anexo 01,DespesaComPessoalBruta,DESPESA BRUTA COM PESSOAL (I),<MR-7>,1266039346.01,9496294,Pernambuco
2019,2,PE,RGF-Anexo 01,DespesaComPessoalBruta,DESPESA BRUTA COM PESSOAL (I),<MR-6>,1297119893.8,9496294,Pernambuco
2019,2,PE,RGF-Anexo 01,DespesaComPessoalBruta,DESPESA BRUTA COM PESSOAL (I),<MR-5>,1359827405.82,9496294,Pernambuco
2019,2,PE,RGF-Anexo 01,DespesaComPessoalBruta,DESPESA BRUTA COM PESSOAL (I),<MR-4>,1309605570.49,9496294,Pernambuco
2019,2,PE,RGF-Anexo 01,DespesaComPessoalBruta,DESPESA BRUTA COM PESSOAL (I),<MR-3>,1353920963.76,9496294,Pernambuco
2019,2,PE,RGF-Anexo 01,DespesaComPessoalBruta,DESPESA BRUTA COM PESSOAL (I),<MR-2>,1363775466.92,9496294,Pernambuco
2019,2,PE,RGF-Anexo 01,DespesaComPessoalBruta,DESPESA BRUTA COM PESSOAL (I),<MR-1>,1376626588.32,9496294,Pernambuco
2019,2,PE,RGF-Anexo 01,DespesaComPessoalBruta,DESPESA BRUTA COM PESSOAL (I),<MR>,1390020780.68,9496294,Pernambuco
2019,2,PE,RGF-Anexo 01,DespesaComPessoalBruta,DESPESA BRUTA COM PESSOAL (I),TOTAL (ÚLTIMOS 12 MESES) (a),17325745569.18,9496294,Pernambuco
2019,2,PE,RGF-Anexo 01,DespesaComPessoalAtivoBruta,Pessoal Ativo,<MR-11>,680345290.91,9496294,Pernambuco
2019,2,PE,RGF-Anexo 01,DespesaComPessoalAtivoBruta,Pessoal Ativo,<MR-10>,652612908.45,9496294,Pernambuco
2019,2,PE,RGF-Anexo 01,DespesaComPessoalAtivoBruta,Pessoal Ativo,<MR-9>,665770019.28,9496294,Pernambuco
2019,2,PE,RGF-Anexo 01,DespesaComPessoalAtivoBruta,Pessoal Ativo,<MR-8>,1620642277.65,9496294,Pernambuco
2019,2,PE,RGF-Anexo 01,DespesaComPessoalAtivoBruta,Pessoal Ativo,<MR-7>,636715199.87,9496294,Pernambuco
2019,2,PE,RGF-Anexo 01,DespesaComPessoalAtivoBruta,Pessoal Ativo,<MR-6>,687174800.67,9496294,Pernambuco
2019,2,PE,RGF-Anexo 01,DespesaComPessoalAtivoBruta,Pessoal Ativo,<MR-5>,668728268.19,9496294,Pernambuco
2019,2,PE,RGF-Anexo 01,DespesaComPessoalAtivoBruta,Pessoal Ativo,<MR-4>,664212990.48,9496294,Pernambuco
2019,2,PE,RGF-Anexo 01,DespesaComPessoalAtivoBruta,Pessoal Ativo,<MR-3>,693407389.19,9496294,Pernambuco
2019,2,PE,RGF-Anexo 01,DespesaComPessoalAtivoBruta,Pessoal Ativo,<MR-2>,688431898.49,9496294,Pernambuco
2019,2,PE,RGF-Anexo 01,DespesaComPessoalAtivoBruta,Pessoal Ativo,<MR-1>,706574225.24,9496294,Pernambuco
2019,2,PE,RGF-Anexo 01,DespesaComPessoalAtivoBruta,Pessoal Ativo,<MR>,716702162.62,9496294,Pernambuco
2019,2,PE,RGF-Anexo 01,DespesaComPessoalAtivoBruta,Pessoal Ativo,TOTAL (ÚLTIMOS 12 MESES) (a),9081317431.04,9496294,Pernambuco
2019,2,PE,RGF-Anexo 01,DespesaComPessoalInativoEPensionistasBruta,Pessoal Inativo e Pensionistas,<MR-11>,541238554.82,9496294,Pernambuco
2019,2,PE,RGF-Anexo 01,DespesaComPessoalInativoEPensionistasBruta,Pessoal Inativo e Pensionistas,<MR-10>,593754854.48,9496294,Pernambuco
2019,2,PE,RGF-Anexo 01,DespesaComPessoalInativoEPensionistasBruta,Pessoal Inativo e Pensionistas,<MR-9>,599355412.02,9496294,Pernambuco
2019,2,PE,RGF-Anexo 01,DespesaComPessoalInativoEPensionistasBruta,Pessoal Inativo e Pensionistas,<MR-8>,1255090235.77,9496294,Pernambuco
2019,2,PE,RGF-Anexo 01,DespesaComPessoalInativoEPensionistasBruta,Pessoal Inativo e Pensionistas,<MR-7>,629324146.14,9496294,Pernambuco
2019,2,PE,RGF-Anexo 01,DespesaComPessoalInativoEPensionistasBruta,Pessoal Inativo e Pensionistas,<MR-6>,609945093.13,9496294,Pernambuco
2019,2,PE,RGF-Anexo 01,DespesaComPessoalInativoEPensionistasBruta,Pessoal Inativo e Pensionistas,<MR-5>,691099137.63,9496294,Pernambuco
2019,2,PE,RGF-Anexo 01,DespesaComPessoalInativoEPensionistasBruta,Pessoal Inativo e Pensionistas,<MR-4>,645392580.01,9496294,Pernambuco
2019,2,PE,RGF-Anexo 01,DespesaComPessoalInativoEPensionistasBruta,Pessoal Inativo e Pensionistas,<MR-3>,660513574.57,9496294,Pernambuco
2019,2,PE,RGF-Anexo 01,DespesaComPessoalInativoEPensionistasBruta,Pessoal Inativo e Pensionistas,<MR-2>,675343568.43,9496294,Pernambuco
2019,2,PE,RGF-Anexo 01,DespesaComPessoalInativoEPensionistasBruta,Pessoal Inativo e Pensionistas,<MR-1>,670052363.08,9496294,Pernambuco
2019,2,PE,RGF-Anexo 01,DespesaComPessoalInativoEPensionistasBruta,Pessoal Inativo e Pensionistas,<MR>,673318618.06,9496294,Pernambuco
2019,2,PE,RGF-Anexo 01,DespesaComPessoalInativoEPensionistasBruta,Pessoal Inativo e Pensionistas,TOTAL (ÚLTIMOS 12 MESES) (a),8244428138.14,9496294,Pernambuco
2019,2,PE,RGF-Anexo 01,DespesaComPessoalLiquida,DESPESA LÍQUIDA COM PESSOAL (III) = (I - II),<MR-11>,887803890.32,9496294,Pernambuco
2019,2,PE,RGF-Anexo 01,DespesaComPessoalLiquida,DESPESA LÍQUIDA COM PESSOAL (III) = (I - II),<MR-10>,868812716.11,9496294,Pernambuco
2019,2,PE,RGF-Anexo 01,DespesaComPessoalLiquida,DESPESA LÍQUIDA COM PESSOAL (III) = (I - II),<MR-9>,838468358.82,9496294,Pernambuco
2019,2,PE,RGF-Anexo 01,DespesaComPessoalLiquida,DESPESA LÍQUIDA COM PESSOAL (III) = (I - II),<MR-8>,1756862635.88,9496294,Pernambuco
2019,2,PE,RGF-Anexo 01,DespesaComPessoalLiquida,DESPESA LÍQUIDA COM PESSOAL (III) = (I - II),<MR-7>,859968517.59,9496294,Pernambuco
2019,2,PE,RGF-Anexo 01,DespesaComPessoalLiquida,DESPESA LÍQUIDA COM PESSOAL (III) = (I - II),<MR-6>,919200763.37,9496294,Pernambuco
2019,2,PE,RGF-Anexo 01,DespesaComPessoalLiquida,DESPESA LÍQUIDA COM PESSOAL (III) = (I - II),<MR-5>,880368022.25,9496294,Pernambuco
2019,2,PE,RGF-Anexo 01,DespesaComPessoalLiquida,DESPESA LÍQUIDA COM PESSOAL (III) = (I - II),<MR-4>,904274927.3,9496294,Pernambuco
2019,2,PE,RGF-Anexo 01,DespesaComPessoalLiquida,DESPESA LÍQUIDA COM PESSOAL (III) = (I - II),<MR-3>,910092571.1,9496294,Pernambuco
2019,2,PE,RGF-Anexo 01,DespesaComPessoalLiquida,DESPESA LÍQUIDA COM PESSOAL (III) = (I - II),<MR-2>,929327590.67,9496294,Pernambuco
2019,2,PE,RGF-Anexo 01,DespesaComPessoalLiquida,DESPESA LÍQUIDA COM PESSOAL (III) = (I - II),<MR-1>,940026983.81,9496294,Pernambuco
2019,2,PE,RGF-Anexo 01,DespesaComPessoalLiquida,DESPESA LÍQUIDA COM PESSOAL (III) = (I - II),<MR>,949188361.76,9496294,Pernambuco
2019,2,PE,RGF-Anexo 01,DespesaComPessoalLiquida,DESPESA LÍQUIDA COM PESSOAL (III) = (I - II),TOTAL (ÚLTIMOS 12 MESES) (a),11644395338.98,9496294,Pernambuco
2019,2,PE,RGF-Anexo 01,ReceitaCorrenteLiquidaLimiteLegal,RECEITA CORRENTE LIQUIDA - RCL (IV),Valor,24105660956.67,9496294,Pernambuco
2019,2,PE,RGF-Anexo 01,DespesaComPessoalTotal,DESPESA TOTAL COM PESSOAL - DTP (VII) = (IIIa + IIIb),Valor,11644395338.98,9496294,Pernambuco
2019,2,PE,RGF-Anexo 01,DespesaComPessoalTotal,DESPESA TOTAL COM PESSOAL - DTP (VII) = (IIIa + IIIb),% sobre a RCL Ajustada,48.31,9496294,Pernambuco
2019,2,PE,RGF-Anexo 02,DividaConsolidada,DÍVIDA CONSOLIDADA - DC (I),SALDO DO EXERCÍCIO ANTERIOR,15708981884.98,9496294,Pernambuco
2019,2,PE,RGF-Anexo 02,DividaConsolidada,DÍVIDA CONSOLIDADA - DC (I),Até o 1º Quadrimestre,15664811893.27,9496294,Pernambuco
2019,2,PE,RGF-Anexo 02,DividaConsolidada,DÍVIDA CONSOLIDADA - DC (I),Até o 2º Quadrimestre,15842101805.41,9496294,Pernambuco
2019,2,PE,RGF-Anexo 02,DividaContratual,Dívida Contratual,SALDO DO EXERCÍCIO ANTERIOR,15184157987.99,9496294,Pernambuco
2019,2,PE,RGF-Anexo 02,DividaContratual,Dívida Contratual,Até o 1º Quadrimestre,15164115098.39,9496294,Pernambuco
2019,2,PE,RGF-Anexo 02,DividaContratual,Dívida Contratual,Até o 2º Quadrimestre,15318042769.71,9496294,Pernambuco
2019,2,PE,RGF-Anexo 02,DividaConsolidadaLiquida,DÍVIDA CONSOLIDADA LÍQUIDA (DCL) (III) = (I - II),SALDO DO EXERCÍCIO ANTERIOR,14133950279.71,9496294,Pernambuco
2019,2,PE,RGF-Anexo 02,DividaConsolidadaLiquida,DÍVIDA CONSOLIDADA LÍQUIDA (DCL) (III) = (I - II),Até o 1º Quadrimestre,12447020504.47,9496294,Pernambuco
2019,2,PE,RGF-Anexo 02,DividaConsolidadaLiquida,DÍVIDA CONSOLIDADA LÍQUIDA (DCL) (III) = (I - II),Até o 2º Quadrimestre,12642835221.74,9496294,Pernambuco
2019,3,PE,RGF-Anexo 01,DespesaComPessoalBruta,DESPESA BRUTA COM PESSOAL (I),<MR-11>,1276902253.05,9496294,Pernambuco
2019,3,PE,RGF-Anexo 01,DespesaComPessoalBruta,DESPESA BRUTA COM PESSOAL (I),<MR-10>,1308559028.57,9496294,Pernambuco
2019,3,PE,RGF-Anexo 01,DespesaComPessoalBruta,DESPESA BRUTA COM PESSOAL (I),<MR-9>,1371106144.04,9496294,Pernambuco
2019,3,PE,RGF-Anexo 01,DespesaComPessoalBruta,DESPESA BRUTA COM PESSOAL (I),<MR-8>,1321132236.97,9496294,Pernambuco
2019,3,PE,RGF-Anexo 01,DespesaComPessoalBruta,DESPESA BRUTA COM PESSOAL (I),<MR-7>,1365283621.24,9496294,Pernambuco
2019,3,PE,RGF-Anexo 01,DespesaComPessoalBruta,DESPESA BRUTA COM PESSOAL (I),<MR-6>,1374911293.36,9496294,Pernambuco
2019,3,PE,RGF-Anexo 01,DespesaComPessoalBruta,DESPESA BRUTA COM PESSOAL (I),<MR-5>,1387981155.18,9496294,Pernambuco
2019,3,PE,RGF-Anexo 01,DespesaComPessoalBruta,DESPESA BRUTA COM PESSOAL (I),<MR-4>,1398420757.8,9496294,Pernambuco
2019,3,PE,RGF-Anexo 01,DespesaComPessoalBruta,DESPESA BRUTA COM PESSOAL (I),<MR-3>,1427442389.06,9496294,Pernambuco
2019,3,PE,RGF-Anexo 01,DespesaComPessoalBruta,DESPESA BRUTA COM PESSOAL (I),<MR-2>,1346500570.11,9496294,Pernambuco
2019,3,PE,RGF-Anexo 01,DespesaComPessoalBruta,DESPESA BRUTA COM PESSOAL (I),<MR-1>,1324512416.06,9496294,Pernambuco
2019,3,PE,RGF-Anexo 01,DespesaComPessoalBruta,DESPESA BRUTA COM PESSOAL (I),<MR>,2809428190.24,9496294,Pernambuco
2019,3,PE,RGF-Anexo 01,DespesaComPessoalBruta,DESPESA BRUTA COM PESSOAL (I),TOTAL (ÚLTIMOS 12 MESES) (a),17712180055.68,9496294,Pernambuco
2019,3,PE,RGF-Anexo 01,DespesaComPessoalAtivoBruta,Pessoal Ativo,<MR-11>,643947065.3,9496294,Pernambuco
2019,3,PE,RGF-Anexo 01,DespesaComPessoalAtivoBruta,Pessoal Ativo,<MR-10>,695054722.35,9496294,Pernambuco
2019,3,PE,RGF-Anexo 01,DespesaComPessoalAtivoBruta,Pessoal Ativo,<MR-9>,676459405.82,9496294,Pernambuco
2019,3,PE,RGF-Anexo 01,DespesaComPessoalAtivoBruta,Pessoal Ativo,<MR-8>,672186416.2,9496294,Pernambuco
2019,3,PE,RGF-Anexo 01,DespesaComPessoalAtivoBruta,Pessoal Ativo,<MR-7>,700835490.07,9496294,Pernambuco
2019,3,PE,RGF-Anexo 01,DespesaComPessoalAtivoBruta,Pessoal Ativo,<MR-6>,696111912.97,9496294,Pernambuco
2019,3,PE,RGF-Anexo 01,DespesaComPessoalAtivoBruta,Pessoal Ativo,<MR-5>,714488508.48,9496294,Pernambuco
2019,3,PE,RGF-Anexo 01,DespesaComPessoalAtivoBruta,Pessoal Ativo,<MR-4>,725095867.35,9496294,Pernambuco
2019,3,PE,RGF-Anexo 01,DespesaComPessoalAtivoBruta,Pessoal Ativo,<MR-3>,730622794.49,9496294,Pernambuco
2019,3,PE,RGF-Anexo 01,DespesaComPessoalAtivoBruta,Pessoal Ativo,<MR-2>,673369794.82,9496294,Pernambuco
2019,3,PE,RGF-Anexo 01,DespesaComPessoalAtivoBruta,Pessoal Ativo,<MR-1>,692979733.15,9496294,Pernambuco
2019,3,PE,RGF-Anexo 01,DespesaComPessoalAtivoBruta,Pessoal Ativo,<MR>,1532749524.31,9496294,Pernambuco
2019,3,PE,RGF-Anexo 01,DespesaComPessoalAtivoBruta,Pessoal Ativo,TOTAL (ÚLTIMOS 12 MESES) (a),9153901235.31,9496294,Pernambuco
2019,3,PE,RGF-Anexo 01,DespesaComPessoalInativoEPensionistasBruta,Pessoal Inativo e Pensionistas,<MR-11>,632955187.75,9496294,Pernambuco
2019,3,PE,RGF-Anexo 01,DespesaComPessoalInativoEPensionistasBruta,Pessoal Inativo e Pensionistas,<MR-10>,613504306.22,9496294,Pernambuco
2019,3,PE,RGF-Anexo 01,DespesaComPessoalInativoEPensionistasBruta,Pessoal Inativo e Pensionistas,<MR-9>,694646738.22,9496294,Pernambuco
2019,3,PE,RGF-Anexo 01,DespesaComPessoalInativoEPensionistasBruta,Pessoal Inativo e Pensionistas,<MR-8>,648945820.77,9496294,Pernambuco
2019,3,PE,RGF-Anexo 01,DespesaComPessoalInativoEPensionistasBruta,Pessoal Inativo e Pensionistas,<MR-7>,664448131.17,9496294,Pernambuco
2019,3,PE,RGF-Anexo 01,DespesaComPessoalInativoEPensionistasBruta,Pessoal Inativo e Pensionistas,<MR-6>,678799380.39,9496294,Pernambuco
2019,3,PE,RGF-Anexo 01,DespesaComPessoalInativoEPensionistasBruta,Pessoal Inativo e Pensionistas,<MR-5>,673492646.7,9496294,Pernambuco
2019,3,PE,RGF-Anexo 01,DespesaComPessoalInativoEPensionistasBruta,Pessoal Inativo e Pensionistas,<MR-4>,673324890.45,9496294,Pernambuco
2019,3,PE,RGF-Anexo 01,DespesaComPessoalInativoEPensionistasBruta,Pessoal Inativo e Pensionistas,<MR-3>,696819594.57,9496294,Pernambuco
2019,3,PE,RGF-Anexo 01,DespesaComPessoalInativoEPensionistasBruta,Pessoal Inativo e Pensionistas,<MR-2>,673130775.29,9496294,Pernambuco
2019,3,PE,RGF-Anexo 01,DespesaComPessoalInativoEPensionistasBruta,Pessoal Inativo e Pensionistas,<MR-1>,631532682.91,9496294,Pernambuco
2019,3,PE,RGF-Anexo 01,DespesaComPessoalInativoEPensionistasBruta,Pessoal Inativo e Pensionistas,<MR>,1276678665.93,9496294,Pernambuco
2019,3,PE,RGF-Anexo 01,DespesaComPessoalInativoEPensionistasBruta,Pessoal Inativo e Pensionistas,TOTAL (ÚLTIMOS 12 MESES) (a),8558278820.37,9496294,Pernambuco
2019,3,PE,RGF-Anexo 01,DespesaComPessoalLiquida,DESPESA LÍQUIDA COM PESSOAL (III) = (I - II),<MR-11>,851150230.44,9496294,Pernambuco
2019,3,PE,RGF-Anexo 01,DespesaComPessoalLiquida,DESPESA LÍQUIDA COM PESSOAL (III) = (I - II),<MR-10>,927904837.73,9496294,Pernambuco
2019,3,PE,RGF-Anexo 01,DespesaComPessoalLiquida,DESPESA LÍQUIDA COM PESSOAL (III) = (I - II),<MR-9>,889113480.47,9496294,Pernambuco
2019,3,PE,RGF-Anexo 01,DespesaComPessoalLiquida,DESPESA LÍQUIDA COM PESSOAL (III) = (I - II),<MR-8>,911429257.74,9496294,Pernambuco
2019,3,PE,RGF-Anexo 01,DespesaComPessoalLiquida,DESPESA LÍQUIDA COM PESSOAL (III) = (I - II),<MR-7>,905636619.59,9496294,Pernambuco
2019,3,PE,RGF-Anexo 01,DespesaComPessoalLiquida,DESPESA LÍQUIDA COM PESSOAL (III) = (I - II),<MR-6>,938585230.06,9496294,Pernambuco
2019,3,PE,RGF-Anexo 01,DespesaComPessoalLiquida,DESPESA LÍQUIDA COM PESSOAL (III) = (I - II),<MR-5>,927984720.48,9496294,Pernambuco
2019,3,PE,RGF-Anexo 01,DespesaComPessoalLiquida,DESPESA LÍQUIDA COM PESSOAL (III) = (I - II),<MR-4>,905637826.4,9496294,Pernambuco
2019,3,PE,RGF-Anexo 01,DespesaComPessoalLiquida,DESPESA LÍQUIDA COM PESSOAL (III) = (I - II),<MR-3>,953607899.74,9496294,Pernambuco
2019,3,PE,RGF-Anexo 01,DespesaComPessoalLiquida,DESPESA LÍQUIDA COM PESSOAL (III) = (I - II),<MR-2>,913714076.04,9496294,Pernambuco
2019,3,PE,RGF-Anexo 01,DespesaComPessoalLiquida,DESPESA LÍQUIDA COM PESSOAL (III) = (I - II),<MR-1>,958521398.1,9496294,Pernambuco
2019,3,PE,RGF-Anexo 01,DespesaComPessoalLiquida,DESPESA LÍQUIDA COM PESSOAL (III) = (I - II),<MR>,1801538374.95,9496294,Pernambuco
2019,3,PE,RGF-Anexo 01,DespesaComPessoalLiquida,DESPESA LÍQUIDA COM PESSOAL (III) = (I - II),TOTAL (ÚLTIMOS 12 MESES) (a),11884823951.74,9496294,Pernambuco
2019,3,PE,RGF-Anexo 01,ReceitaCorrenteLiquidaLimiteLegal,RECEITA CORRENTE LIQUIDA - RCL (IV),Valor,25340299465.22,9496294,Pernambuco
2019,3,PE,RGF-Anexo 01,DespesaComPessoalTotal,DESPESA TOTAL COM PESSOAL - DTP (VII) = (IIIa + IIIb),Valor,11884823951.74,9496294,Pernambuco
2019,3,PE,RGF-Anexo 01,DespesaComPessoalTotal,DESPESA TOTAL COM PESSOAL - DTP (VII) = (IIIa + IIIb),% sobre a RCL Ajustada,46.91,9496294,Pernambuco
2019,3,PE,RGF-Anexo 02,DividaConsolidada,DÍVIDA CONSOLIDADA - DC (I),SALDO DO EXERCÍCIO ANTERIOR,15880287527.59,9496294,Pernambuco
2019,3,PE,RGF-Anexo 02,DividaConsolidada,DÍVIDA CONSOLIDADA - DC (I),Até o 1º Quadrimestre,15840354008.79,9496294,Pernambuco
2019,3,PE,RGF-Anexo 02,DividaConsolidada,DÍVIDA CONSOLIDADA - DC (I),Até o 2º Quadrimestre,16026153154.19,9496294,Pernambuco
2019,3,PE,RGF-Anexo 02,DividaConsolidada,DÍVIDA CONSOLIDADA - DC (I),Até o 3º Quadrimestre,15713771662.62,9496294,Pernambuco
2019,3,PE,RGF-Anexo 02,DividaContratual,Dívida Contratual,SALDO DO EXERCÍCIO ANTERIOR,15184157987.99,9496294,Pernambuco
2019,3,PE,RGF-Anexo 02,DividaContratual,Dívida Contratual,Até o 1º Quadrimestre,15164115098.39,9496294,Pernambuco
2019,3,PE,RGF-Anexo 02,DividaContratual,Dívida Contratual,Até o 2º Quadrimestre,15318042769.71,9496294,Pernambuco
2019,3,PE,RGF-Anexo 02,DividaContratual,Dívida Contratual,Até o 3º Quadrimestre,14948165668.41,9496294,Pernambuco
2019,3,PE,RGF-Anexo 02,DividaConsolidadaLiquida,DÍVIDA CONSOLIDADA LÍQUIDA (DCL) (III) = (I - II),SALDO DO EXERCÍCIO ANTERIOR,14305255922.32,9496294,Pernambuco
2019,3,PE,RGF-Anexo 02,DividaConsolidadaLiquida,DÍVIDA CONSOLIDADA LÍQUIDA (DCL) (III) = (I - II),Até o 1º Quadrimestre,12622562619.99,9496294,Pernambuco
2019,3,PE,RGF-Anexo 02,DividaConsolidadaLiquida,DÍVIDA CONSOLIDADA LÍQUIDA (DCL) (III) = (I - II),Até o 2º Quadrimestre,12826886570.52,9496294,Pernambuco
2019,3,PE,RGF-Anexo 02,DividaConsolidadaLiquida,DÍVIDA CONSOLIDADA LÍQUIDA (DCL) (III) = (I - II),Até o 3º Quadrimestre,13257592921.29,9496294,Pernambuco
2020,1,PE,RGF-Anexo 01,DespesaComPessoalBruta,DESPESA BRUTA COM PESSOAL (I),<MR-11>,1365283621.24,9557071,Pernambuco
2020,1,PE,RGF-Anexo 01,DespesaComPessoalBruta,DESPESA BRUTA COM PESSOAL (I),<MR-10>,1374911293.36,9557071,Pernambuco
2020,1,PE,RGF-Anexo 01,DespesaComPessoalBruta,DESPESA BRUTA COM PESSOAL (I),<MR-9>,1387981155.18,9557071,Pernambuco
2020,1,PE,RGF-Anexo 01,DespesaComPessoalBruta,DESPESA BRUTA COM PESSOAL (I),<MR-8>,1398420757.8,9557071,Pernambuco
2020,1,PE,RGF-Anexo 01,DespesaComPessoalBruta,DESPESA BRUTA COM PESSOAL (I),<MR-7>,1427442389.06,9557071,Pernambuco
2020,1,PE,RGF-Anexo 01,DespesaComPessoalBruta,DESPESA BRUTA COM PESSOAL (I),<MR-6>,1346500570.11,9557071,Pernambuco
2020,1,PE,RGF-Anexo 01,DespesaComPessoalBruta,DESPESA BRUTA COM PESSOAL (I),<MR-5>,1324512416.06,9557071,Pernambuco
2020,1,PE,RGF-Anexo 01,DespesaComPessoalBruta,DESPESA BRUTA COM PESSOAL (I),<MR-4>,2809428190.24,9557071,Pernambuco
2020,1,PE,RGF-Anexo 01,DespesaComPessoalBruta,DESPESA BRUTA COM PESSOAL (I),<MR-3>,1397428781.8,9557071,Pernambuco
2020,1,PE,RGF-Anexo 01,DespesaComPessoalBruta,DESPESA BRUTA COM PESSOAL (I),<MR-2>,1275467303.17,9557071,Pernambuco
2020,1,PE,RGF-Anexo 01,DespesaComPessoalBruta,DESPESA BRUTA COM PESSOAL (I),<MR-1>,1462473305.8,9557071,Pernambuco
2020,1,PE,RGF-Anexo 01,DespesaComPessoalBruta,DESPESA BRUTA COM PESSOAL (I),<MR>,1356151148.16,9557071,Pernambuco
2020,1,PE,RGF-Anexo 01,DespesaComPessoalBruta,DESPESA BRUTA COM PESSOAL (I),TOTAL (ÚLTIMOS 12 MESES) (a),17926000931.98,9557071,Pernambuco
2020,1,PE,RGF-Anexo 01,DespesaComPessoalAtivoBruta,Pessoal Ativo,<MR-11>,700835490.07,9557071,Pernambuco
2020,1,PE,RGF-Anexo 01,DespesaComPessoalAtivoBruta,Pessoal Ativo,<MR-10>,696111912.97,9557071,Pernambuco
2020,1,PE,RGF-Anexo 01,DespesaComPessoalAtivoBruta,Pessoal Ativo,<MR-9>,714488508.48,9557071,Pernambuco
2020,1,PE,RGF-Anexo 01,DespesaComPessoalAtivoBruta,Pessoal Ativo,<MR-8>,725095867.35,9557071,Pernambuco
2020,1,PE,RGF-Anexo 01,DespesaComPessoalAtivoBruta,Pessoal Ativo,<MR-7>,730622794.49,9557071,Pernambuco
2020,1,PE,RGF-Anexo 01,DespesaComPessoalAtivoBruta,Pessoal Ativo,<MR-6>,673369794.82,9557071,Pernambuco
2020,1,PE,RGF-Anexo 01,DespesaComPessoalAtivoBruta,Pessoal Ativo,<MR-5>,692979733.15,9557071,Pernambuco
2020,1,PE,RGF-Anexo 01,DespesaComPessoalAtivoBruta,Pessoal Ativo,<MR-4>,1532749524.31,9557071,Pernambuco
2020,1,PE,RGF-Anexo 01,DespesaComPessoalAtivoBruta,Pessoal Ativo,<MR-3>,676071634.2,9557071,Pernambuco
2020,1,PE,RGF-Anexo 01,DespesaComPessoalAtivoBruta,Pessoal Ativo,<MR-2>,680365060.68,9557071,Pernambuco
2020,1,PE,RGF-Anexo 01,DespesaComPessoalAtivoBruta,Pessoal Ativo,<MR-1>,699197193.82,9557071,Pernambuco
2020,1,PE,RGF-Anexo 01,DespesaComPessoalAtivoBruta,Pessoal Ativo,<MR>,640126673.88,9557071,Pernambuco
2020,1,PE,RGF-Anexo 01,DespesaComPessoalAtivoBruta,Pessoal Ativo,TOTAL (ÚLTIMOS 12 MESES) (a),9162014188.22,9557071,Pernambuco
2020,1,PE,RGF-Anexo 01,DespesaComPessoalInativoEPensionistasBruta,Pessoal Inativo e Pensionistas,<MR-11>,664448131.17,9557071,Pernambuco
2020,1,PE,RGF-Anexo 01,DespesaComPessoalInativoEPensionistasBruta,Pessoal Inativo e Pensionistas,<MR-10>,678799380.39,9557071,Pernambuco
2020,1,PE,RGF-Anexo 01,DespesaComPessoalInativoEPensionistasBruta,Pessoal Inativo e Pensionistas,<MR-9>,673492646.7,9557071,Pernambuco
2020,1,PE,RGF-Anexo 01,DespesaComPessoalInativoEPensionistasBruta,Pessoal Inativo e Pensionistas,<MR-8>,673324890.45,9557071,Pernambuco
2020,1,PE,RGF-Anexo 01,DespesaComPessoalInativoEPensionistasBruta,Pessoal Inativo e Pensionistas,<MR-7>,696819594.57,9557071,Pernambuco
2020,1,PE,RGF-Anexo 01,DespesaComPessoalInativoEPensionistasBruta,Pessoal Inativo e Pensionistas,<MR-6>,673130775.29,9557071,Pernambuco
2020,1,PE,RGF-Anexo 01,DespesaComPessoalInativoEPensionistasBruta,Pessoal Inativo e Pensionistas,<MR-5>,631532682.91,9557071,Pernambuco
2020,1,PE,RGF-Anexo 01,DespesaComPessoalInativoEPensionistasBruta,Pessoal Inativo e Pensionistas,<MR-4>,1276678665.93,9557071,Pernambuco
2020,1,PE,RGF-Anexo 01,DespesaComPessoalInativoEPensionistasBruta,Pessoal Inativo e Pensionistas,<MR-3>,721357147.6,9557071,Pernambuco
2020,1,PE,RGF-Anexo 01,DespesaComPessoalInativoEPensionistasBruta,Pessoal Inativo e Pensionistas,<MR-2>,595102242.49,9557071,Pernambuco
2020,1,PE,RGF-Anexo 01,DespesaComPessoalInativoEPensionistasBruta,Pessoal Inativo e Pensionistas,<MR-1>,763276111.98,9557071,Pernambuco
2020,1,PE,RGF-Anexo 01,DespesaComPessoalInativoEPensionistasBruta,Pessoal Inativo e Pensionistas,<MR>,716024474.28,9557071,Pernambuco
2020,1,PE,RGF-Anexo 01,DespesaComPessoalInativoEPensionistasBruta,Pessoal Inativo e Pensionistas,TOTAL (ÚLTIMOS 12 MESES) (a),8763986743.76,9557071,Pernambuco
2020,1,PE,RGF-Anexo 01,DespesaComPessoalLiquida,DESPESA LÍQUIDA COM PESSOAL (III) = (I - II),<MR-11>,905636619.59,9557071,Pernambuco
2020,1,PE,RGF-Anexo 01,DespesaComPessoalLiquida,DESPESA LÍQUIDA COM PESSOAL (III) = (I - II),<MR-10>,938585230.06,9557071,Pernambuco
2020,1,PE,RGF-Anexo 01,DespesaComPessoalLiquida,DESPESA LÍQUIDA COM PESSOAL (III) = (I - II),<MR-9>,927984720.48,9557071,Pernambuco
2020,1,PE,RGF-Anexo 01,DespesaComPessoalLiquida,DESPESA LÍQUIDA COM PESSOAL (III) = (I - II),<MR-8>,905637826.4,9557071,Pernambuco
2020,1,PE,RGF-Anexo 01,DespesaComPessoalLiquida,DESPESA LÍQUIDA COM PESSOAL (III) = (I - II),<MR-7>,953607899.74,9557071,Pernambuco
2020,1,PE,RGF-Anexo 01,DespesaComPessoalLiquida,DESPESA LÍQUIDA COM PESSOAL (III) = (I - II),<MR-6>,913714076.04,9557071,Pernambuco
2020,1,PE,RGF-Anexo 01,DespesaComPessoalLiquida,DESPESA LÍQUIDA COM PESSOAL (III) = (I - II),<MR-5>,958521398.1,9557071,Pernambuco
2020,1,PE,RGF-Anexo 01,DespesaComPessoalLiquida,DESPESA LÍQUIDA COM PESSOAL (III) = (I - II),<MR-4>,1801538374.95,9557071,Pernambuco
2020,1,PE,RGF-Anexo 01,DespesaComPessoalLiquida,DESPESA LÍQUIDA COM PESSOAL (III) = (I - II),<MR-3>,1058241576.95,9557071,Pernambuco
2020,1,PE,RGF-Anexo 01,DespesaComPessoalLiquida,DESPESA LÍQUIDA COM PESSOAL (III) = (I - II),<MR-2>,917013641.07,9557071,Pernambuco
2020,1,PE,RGF-Anexo 01,DespesaComPessoalLiquida,DESPESA LÍQUIDA COM PESSOAL (III) = (I - II),<MR-1>,1007980996.01,9557071,Pernambuco
2020,1,PE,RGF-Anexo 01,DespesaComPessoalLiquida,DESPESA LÍQUIDA COM PESSOAL (III) = (I - II),<MR>,902599181.51,9557071,Pernambuco
2020,1,PE,RGF-Anexo 01,DespesaComPessoalLiquida,DESPESA LÍQUIDA COM PESSOAL (III) = (I - II),TOTAL (ÚLTIMOS 12 MESES) (a),12191061540.9,9557071,Pernambuco
2020,1,PE,RGF-Anexo 01,ReceitaCorrenteLiquidaLimiteLegal,RECEITA CORRENTE LIQUIDA - RCL (IV),Valor,25764295519.84,9557071,Pernambuco
2020,1,PE,RGF-Anexo 01,DespesaComPessoalTotal,DESPESA TOTAL COM PESSOAL - DTP (VIII) = (IIIa + IIIb),Valor,12191061540.9,9557071,Pernambuco
2020,1,PE,RGF-Anexo 01,DespesaComPessoalTotal,DESPESA TOTAL COM PESSOAL - DTP (VIII) = (IIIa + IIIb),% sobre a RCL Ajustada,47.33,9557071,Pernambuco
2020,1,PE,RGF-Anexo 02,DividaConsolidada,DÍVIDA CONSOLIDADA - DC (I),SALDO DO EXERCÍCIO ANTERIOR,15713771662.62,9557071,Pernambuco
2020,1,PE,RGF-Anexo 02,DividaConsolidada,DÍVIDA CONSOLIDADA - DC (I),Até o 1º Quadrimestre,18242033980.43,9557071,Pernambuco
2020,1,PE,RGF-Anexo 02,DividaContratual,Dívida Contratual,SALDO DO EXERCÍCIO ANTERIOR,14948165668.41,9557071,Pernambuco
2020,1,PE,RGF-Anexo 02,DividaContratual,Dívida Contratual,Até o 1º Quadrimestre,17462450332.85,9557071,Pernambuco
2020,1,PE,RGF-Anexo 02,DividaConsolidadaLiquida,DÍVIDA CONSOLIDADA LÍQUIDA (DCL) (III) = (I - II),SALDO DO EXERCÍCIO ANTERIOR,13257592921.29,9557071,Pernambuco
2020,1,PE,RGF-Anexo 02,DividaConsolidadaLiquida,DÍVIDA CONSOLIDADA LÍQUIDA (DCL) (III) = (I - II),Até o 1º Quadrimestre,13928815786.58,9557071,Pernambuco
2020,2,PE,RGF-Anexo 01,DespesaComPessoalBruta,DESPESA BRUTA COM PESSOAL (I),<MR-11>,1427442389.06,9557071,Pernambuco
2020,2,PE,RGF-Anexo 01,DespesaComPessoalBruta,DESPESA BRUTA COM PESSOAL (I),<MR-10>,1346500570.11,9557071,Pernambuco
2020,2,PE,RGF-Anexo 01,DespesaComPessoalBruta,DESPESA BRUTA COM PESSOAL (I),<MR-9>,1324512416.06,9557071,Pernambuco
2020,2,PE,RGF-Anexo 01,DespesaComPessoalBruta,DESPESA BRUTA COM PESSOAL (I),<MR-8>,2809428190.24,9557071,Pernambuco
2020,2,PE,RGF-Anexo 01,DespesaComPessoalBruta,DESPESA BRUTA COM PESSOAL (I),<MR-7>,1397428781.8,9557071,Pernambuco
2020,2,PE,RGF-Anexo 01,DespesaComPessoalBruta,DESPESA BRUTA COM PESSOAL (I),<MR-6>,1275467303.17,9557071,Pernambuco
2020,2,PE,RGF-Anexo 01,DespesaComPessoalBruta,DESPESA BRUTA COM PESSOAL (I),<MR-5>,1462473305.8,9557071,Pernambuco
2020,2,PE,RGF-Anexo 01,DespesaComPessoalBruta,DESPESA BRUTA COM PESSOAL (I),<MR-4>,1356151148.16,9557071,Pernambuco
2020,2,PE,RGF-Anexo 01,DespesaComPessoalBruta,DESPESA BRUTA COM PESSOAL (I),<MR-3>,1467696143.48,9557071,Pernambuco
2020,2,PE,RGF-Anexo 01,DespesaComPessoalBruta,DESPESA BRUTA COM PESSOAL (I),<MR-2>,1406803180.42,9557071,Pernambuco
2020,2,PE,RGF-Anexo 01,DespesaComPessoalBruta,DESPESA BRUTA COM PESSOAL (I),<MR-1>,1409177706.72,9557071,Pernambuco
2020,2,PE,RGF-Anexo 01,DespesaComPessoalBruta,DESPESA BRUTA COM PESSOAL (I),<MR>,1510324365.97,9557071,Pernambuco
2020,2,PE,RGF-Anexo 01,DespesaComPessoalBruta,DESPESA BRUTA COM PESSOAL (I),TOTAL (ÚLTIMOS 12 MESES) (a),18193405500.99,9557071,Pernambuco
2020,2,PE,RGF-Anexo 01,DespesaComPessoalAtivoBruta,Pessoal Ativo,<MR-11>,730622794.49,9557071,Pernambuco
2020,2,PE,RGF-Anexo 01,DespesaComPessoalAtivoBruta,Pessoal Ativo,<MR-10>,673369794.82,9557071,Pernambuco
2020,2,PE,RGF-Anexo 01,DespesaComPessoalAtivoBruta,Pessoal Ativo,<MR-9>,692979733.15,9557071,Pernambuco
2020,2,PE,RGF-Anexo 01,DespesaComPessoalAtivoBruta,Pessoal Ativo,<MR-8>,1532749524.31,9557071,Pernambuco
2020,2,PE,RGF-Anexo 01,DespesaComPessoalAtivoBruta,Pessoal Ativo,<MR-7>,676071634.2,9557071,Pernambuco
2020,2,PE,RGF-Anexo 01,DespesaComPessoalAtivoBruta,Pessoal Ativo,<MR-6>,680365060.68,9557071,Pernambuco
2020,2,PE,RGF-Anexo 01,DespesaComPessoalAtivoBruta,Pessoal Ativo,<MR-5>,699197193.82,9557071,Pernambuco
2020,2,PE,RGF-Anexo 01,DespesaComPessoalAtivoBruta,Pessoal Ativo,<MR-4>,640126673.88,9557071,Pernambuco
2020,2,PE,RGF-Anexo 01,DespesaComPessoalAtivoBruta,Pessoal Ativo,<MR-3>,713997390.7,9557071,Pernambuco
2020,2,PE,RGF-Anexo 01,DespesaComPessoalAtivoBruta,Pessoal Ativo,<MR-2>,692001790.97,9557071,Pernambuco
2020,2,PE,RGF-Anexo 01,DespesaComPessoalAtivoBruta,Pessoal Ativo,<MR-1>,684223361.61,9557071,Pernambuco
2020,2,PE,RGF-Anexo 01,DespesaComPessoalAtivoBruta,Pessoal Ativo,<MR>,806494848.81,9557071,Pernambuco
2020,2,PE,RGF-Anexo 01,DespesaComPessoalAtivoBruta,Pessoal Ativo,TOTAL (ÚLTIMOS 12 MESES) (a),9222199801.44,9557071,Pernambuco
2020,2,PE,RGF-Anexo 01,DespesaComPessoalInativoEPensionistasBruta,Pessoal Inativo e Pensionistas,<MR-11>,696819594.57,9557071,Pernambuco
2020,2,PE,RGF-Anexo 01,DespesaComPessoalInativoEPensionistasBruta,Pessoal Inativo e Pensionistas,<MR-10>,673130775.29,9557071,Pernambuco
2020,2,PE,RGF-Anexo 01,DespesaComPessoalInativoEPensionistasBruta,Pessoal Inativo e Pensionistas,<MR-9>,631532682.91,9557071,Pernambuco
2020,2,PE,RGF-Anexo 01,DespesaComPessoalInativoEPensionistasBruta,Pessoal Inativo e Pensionistas,<MR-8>,1276678665.93,9557071,Pernambuco
2020,2,PE,RGF-Anexo 01,DespesaComPessoalInativoEPensionistasBruta,Pessoal Inativo e Pensionistas,<MR-7>,721357147.6,9557071,Pernambuco
2020,2,PE,RGF-Anexo 01,DespesaComPessoalInativoEPensionistasBruta,Pessoal Inativo e Pensionistas,<MR-6>,595102242.49,9557071,Pernambuco
2020,2,PE,RGF-Anexo 01,DespesaComPessoalInativoEPensionistasBruta,Pessoal Inativo e Pensionistas,<MR-5>,763276111.98,9557071,Pernambuco
2020,2,PE,RGF-Anexo 01,DespesaComPessoalInativoEPensionistasBruta,Pessoal Inativo e Pensionistas,<MR-4>,716024474.28,9557071,Pernambuco
2020,2,PE,RGF-Anexo 01,DespesaComPessoalInativoEPensionistasBruta,Pessoal Inativo e Pensionistas,<MR-3>,753698752.78,9557071,Pernambuco
2020,2,PE,RGF-Anexo 01,DespesaComPessoalInativoEPensionistasBruta,Pessoal Inativo e Pensionistas,<MR-2>,714801389.45,9557071,Pernambuco
2020,2,PE,RGF-Anexo 01,DespesaComPessoalInativoEPensionistasBruta,Pessoal Inativo e Pensionistas,<MR-1>,724954345.11,9557071,Pernambuco
2020,2,PE,RGF-Anexo 01,DespesaComPessoalInativoEPensionistasBruta,Pessoal Inativo e Pensionistas,<MR>,703829517.16,9557071,Pernambuco
2020,2,PE,RGF-Anexo 01,DespesaComPessoalInativoEPensionistasBruta,Pessoal Inativo e Pensionistas,TOTAL (ÚLTIMOS 12 MESES) (a),8971205699.55,9557071,Pernambuco
2020,2,PE,RGF-Anexo 01,DespesaComPessoalLiquida,DESPESA LÍQUIDA COM PESSOAL (III) = (I - II),<MR-11>,953607899.74,9557071,Pernambuco
2020,2,PE,RGF-Anexo 01,DespesaComPessoalLiquida,DESPESA LÍQUIDA COM PESSOAL (III) = (I - II),<MR-10>,913714076.04,9557071,Pernambuco
2020,2,PE,RGF-Anexo 01,DespesaComPessoalLiquida,DESPESA LÍQUIDA COM PESSOAL (III) = (I - II),<MR-9>,958521398.1,9557071,Pernambuco
2020,2,PE,RGF-Anexo 01,DespesaComPessoalLiquida,DESPESA LÍQUIDA COM PESSOAL (III) = (I - II),<MR-8>,1801538374.95,9557071,Pernambuco
2020,2,PE,RGF-Anexo 01,DespesaComPessoalLiquida,DESPESA LÍQUIDA COM PESSOAL (III) = (I - II),<MR-7>,1058241576.95,9557071,Pernambuco
2020,2,PE,RGF-Anexo 01,DespesaComPessoalLiquida,DESPESA LÍQUIDA COM PESSOAL (III) = (I - II),<MR-6>,917013641.07,9557071,Pernambuco
2020,2,PE,RGF-Anexo 01,DespesaComPessoalLiquida,DESPESA LÍQUIDA COM PESSOAL (III) = (I - II),<MR-5>,1007980996.01,9557071,Pernambuco
2020,2,PE,RGF-Anexo 01,DespesaComPessoalLiquida,DESPESA LÍQUIDA COM PESSOAL (III) = (I - II),<MR-4>,902599181.51,9557071,Pernambuco
2020,2,PE,RGF-Anexo 01,DespesaComPessoalLiquida,DESPESA LÍQUIDA COM PESSOAL (III) = (I - II),<MR-3>,982701798.88,9557071,Pernambuco
2020,2,PE,RGF-Anexo 01,DespesaComPessoalLiquida,DESPESA LÍQUIDA COM PESSOAL (III) = (I - II),<MR-2>,952865574.76,9557071,Pernambuco
2020,2,PE,RGF-Anexo 01,DespesaComPessoalLiquida,DESPESA LÍQUIDA COM PESSOAL (III) = (I - II),<MR-1>,942063763.07,9557071,Pernambuco
2020,2,PE,RGF-Anexo 01,DespesaComPessoalLiquida,DESPESA LÍQUIDA COM PESSOAL (III) = (I - II),<MR>,936669659.22,9557071,Pernambuco
2020,2,PE,RGF-Anexo 01,DespesaComPessoalLiquida,DESPESA LÍQUIDA COM PESSOAL (III) = (I - II),TOTAL (ÚLTIMOS 12 MESES) (a),12327517940.3,9557071,Pernambuco
2020,2,PE,RGF-Anexo 01,ReceitaCorrenteLiquidaLimiteLegal,RECEITA CORRENTE LIQUIDA - RCL (IV),Valor,26493989725.74,9557071,Pernambuco
2020,2,PE,RGF-Anexo 01,DespesaComPessoalTotal,DESPESA TOTAL COM PESSOAL - DTP (VIII) = (IIIa + IIIb),Valor,12327517940.3,9557071,Pernambuco
2020,2,PE,RGF-Anexo 01,DespesaComPessoalTotal,DESPESA TOTAL COM PESSOAL - DTP (VIII) = (IIIa + IIIb),% sobre a RCL Ajustada,46.66,9557071,Pernambuco
2020,2,PE,RGF-Anexo 02,DividaConsolidada,DÍVIDA CONSOLIDADA - DC (I),SALDO DO EXERCÍCIO ANTERIOR,15713771662.62,9557071,Pernambuco
2020,2,PE,RGF-Anexo 02,DividaConsolidada,DÍVIDA CONSOLIDADA - DC (I),Até o 1º Quadrimestre,18242033980.43,9557071,Pernambuco
2020,2,PE,RGF-Anexo 02,DividaConsolidada,DÍVIDA CONSOLIDADA - DC (I),Até o 2º Quadrimestre,18020401658.33,9557071,Pernambuco
2020,2,PE,RGF-Anexo 02,DividaContratual,Dívida Contratual,SALDO DO EXERCÍCIO ANTERIOR,14948165668.41,9557071,Pernambuco
2020,2,PE,RGF-Anexo 02,DividaContratual,Dívida Contratual,Até o 1º Quadrimestre,17462450332.85,9557071,Pernambuco
2020,2,PE,RGF-Anexo 02,DividaContratual,Dívida Contratual,Até o 2º Quadrimestre,17356402567.56,9557071,Pernambuco
2020,2,PE,RGF-Anexo 02,DividaConsolidadaLiquida,DÍVIDA CONSOLIDADA LÍQUIDA (DCL) (III) = (I - II),SALDO DO EXERCÍCIO ANTERIOR,13257592921.29,9557071,Pernambuco
2020,2,PE,RGF-Anexo 02,DividaConsolidadaLiquida,DÍVIDA CONSOLIDADA LÍQUIDA (DCL) (III) = (I - II),Até o 1º Quadrimestre,13928815786.58,9557071,Pernambuco
2020,2,PE,RGF-Anexo 02,DividaConsolidadaLiquida,DÍVIDA CONSOLIDADA LÍQUIDA (DCL) (III) = (I - II),Até o 2º Quadrimestre,13222475854.82,9557071,Pernambuco
2020,3,PE,RGF-Anexo 01,DespesaComPessoalBruta,DESPESA BRUTA COM PESSOAL (I),<MR-11>,1397428781.8,9557071,Pernambuco
2020,3,PE,RGF-Anexo 01,DespesaComPessoalBruta,DESPESA BRUTA COM PESSOAL (I),<MR-10>,1275467303.17,9557071,Pernambuco
2020,3,PE,RGF-Anexo 01,DespesaComPessoalBruta,DESPESA BRUTA COM PESSOAL (I),<MR-9>,1462473305.8,9557071,Pernambuco
2020,3,PE,RGF-Anexo 01,DespesaComPessoalBruta,DESPESA BRUTA COM PESSOAL (I),<MR-8>,1356151148.16,9557071,Pernambuco
2020,3,PE,RGF-Anexo 01,DespesaComPessoalBruta,DESPESA BRUTA COM PESSOAL (I),<MR-7>,1467696143.48,9557071,Pernambuco
2020,3,PE,RGF-Anexo 01,DespesaComPessoalBruta,DESPESA BRUTA COM PESSOAL (I),<MR-6>,1406803180.42,9557071,Pernambuco
2020,3,PE,RGF-Anexo 01,DespesaComPessoalBruta,DESPESA BRUTA COM PESSOAL (I),<MR-5>,1409177706.72,9557071,Pernambuco
2020,3,PE,RGF-Anexo 01,DespesaComPessoalBruta,DESPESA BRUTA COM PESSOAL (I),<MR-4>,1510324365.97,9557071,Pernambuco
2020,3,PE,RGF-Anexo 01,DespesaComPessoalBruta,DESPESA BRUTA COM PESSOAL (I),<MR-3>,1374922456.61,9557071,Pernambuco
2020,3,PE,RGF-Anexo 01,DespesaComPessoalBruta,DESPESA BRUTA COM PESSOAL (I),<MR-2>,1424495756.74,9557071,Pernambuco
2020,3,PE,RGF-Anexo 01,DespesaComPessoalBruta,DESPESA BRUTA COM PESSOAL (I),<MR-1>,1388180899.55,9557071,Pernambuco
2020,3,PE,RGF-Anexo 01,DespesaComPessoalBruta,DESPESA BRUTA COM PESSOAL (I),<MR>,2934663803.62,9557071,Pernambuco
2020,3,PE,RGF-Anexo 01,DespesaComPessoalBruta,DESPESA BRUTA COM PESSOAL (I),TOTAL (ÚLTIMOS 12 MESES) (a),18407784852.04,9557071,Pernambuco
2020,3,PE,RGF-Anexo 01,DespesaComPessoalAtivoBruta,Pessoal Ativo,<MR-11>,676071634.2,9557071,Pernambuco
2020,3,PE,RGF-Anexo 01,DespesaComPessoalAtivoBruta,Pessoal Ativo,<MR-10>,680365060.68,9557071,Pernambuco
2020,3,PE,RGF-Anexo 01,DespesaComPessoalAtivoBruta,Pessoal Ativo,<MR-9>,699197193.82,9557071,Pernambuco
2020,3,PE,RGF-Anexo 01,DespesaComPessoalAtivoBruta,Pessoal Ativo,<MR-8>,640126673.88,9557071,Pernambuco
2020,3,PE,RGF-Anexo 01,DespesaComPessoalAtivoBruta,Pessoal Ativo,<MR-7>,713997390.7,9557071,Pernambuco
2020,3,PE,RGF-Anexo 01,DespesaComPessoalAtivoBruta,Pessoal Ativo,<MR-6>,692001790.97,9557071,Pernambuco
2020,3,PE,RGF-Anexo 01,DespesaComPessoalAtivoBruta,Pessoal Ativo,<MR-5>,684223361.61,9557071,Pernambuco
2020,3,PE,RGF-Anexo 01,DespesaComPessoalAtivoBruta,Pessoal Ativo,<MR-4>,806494848.81,9557071,Pernambuco
2020,3,PE,RGF-Anexo 01,DespesaComPessoalAtivoBruta,Pessoal Ativo,<MR-3>,668987606.85,9557071,Pernambuco
2020,3,PE,RGF-Anexo 01,DespesaComPessoalAtivoBruta,Pessoal Ativo,<MR-2>,727840862.02,9557071,Pernambuco
2020,3,PE,RGF-Anexo 01,DespesaComPessoalAtivoBruta,Pessoal Ativo,<MR-1>,666768313.7,9557071,Pernambuco
2020,3,PE,RGF-Anexo 01,DespesaComPessoalAtivoBruta,Pessoal Ativo,<MR>,1488817988.15,9557071,Pernambuco
2020,3,PE,RGF-Anexo 01,DespesaComPessoalAtivoBruta,Pessoal Ativo,TOTAL (ÚLTIMOS 12 MESES) (a),9144892725.39,9557071,Pernambuco
2020,3,PE,RGF-Anexo 01,DespesaComPessoalInativoEPensionistasBruta,Pessoal Inativo e Pensionistas,<MR-11>,721357147.6,9557071,Pernambuco
2020,3,PE,RGF-Anexo 01,DespesaComPessoalInativoEPensionistasBruta,Pessoal Inativo e Pensionistas,<MR-10>,595102242.49,9557071,Pernambuco
2020,3,PE,RGF-Anexo 01,DespesaComPessoalInativoEPensionistasBruta,Pessoal Inativo e Pensionistas,<MR-9>,763276111.98,9557071,Pernambuco
2020,3,PE,RGF-Anexo 01,DespesaComPessoalInativoEPensionistasBruta,Pessoal Inativo e Pensionistas,<MR-8>,716024474.28,9557071,Pernambuco
2020,3,PE,RGF-Anexo 01,DespesaComPessoalInativoEPensionistasBruta,Pessoal Inativo e Pensionistas,<MR-7>,753698752.78,9557071,Pernambuco
2020,3,PE,RGF-Anexo 01,DespesaComPessoalInativoEPensionistasBruta,Pessoal Inativo e Pensionistas,<MR-6>,714801389.45,9557071,Pernambuco
2020,3,PE,RGF-Anexo 01,DespesaComPessoalInativoEPensionistasBruta,Pessoal Inativo e Pensionistas,<MR-5>,724954345.11,9557071,Pernambuco
2020,3,PE,RGF-Anexo 01,DespesaComPessoalInativoEPensionistasBruta,Pessoal Inativo e Pensionistas,<MR-4>,703829517.16,9557071,Pernambuco
2020,3,PE,RGF-Anexo 01,DespesaComPessoalInativoEPensionistasBruta,Pessoal Inativo e Pensionistas,<MR-3>,705934849.76,9557071,Pernambuco
2020,3,PE,RGF-Anexo 01,DespesaComPessoalInativoEPensionistasBruta,Pessoal Inativo e Pensionistas,<MR-2>,696654894.72,9557071,Pernambuco
2020,3,PE,RGF-Anexo 01,DespesaComPessoalInativoEPensionistasBruta,Pessoal Inativo e Pensionistas,<MR-1>,721412585.85,9557071,Pernambuco
2020,3,PE,RGF-Anexo 01,DespesaComPessoalInativoEPensionistasBruta,Pessoal Inativo e Pensionistas,<MR>,1445845815.47,9557071,Pernambuco
2020,3,PE,RGF-Anexo 01,DespesaComPessoalInativoEPensionistasBruta,Pessoal Inativo e Pensionistas,TOTAL (ÚLTIMOS 12 MESES) (a),9262892126.65,9557071,Pernambuco
2020,3,PE,RGF-Anexo 01,DespesaComPessoalLiquida,DESPESA LÍQUIDA COM PESSOAL (III) = (I - II),<MR-11>,1042802086.58,9557071,Pernambuco
2020,3,PE,RGF-Anexo 01,DespesaComPessoalLiquida,DESPESA LÍQUIDA COM PESSOAL (III) = (I - II),<MR-10>,914533362.64,9557071,Pernambuco
2020,3,PE,RGF-Anexo 01,DespesaComPessoalLiquida,DESPESA LÍQUIDA COM PESSOAL (III) = (I - II),<MR-9>,993678255.69,9557071,Pernambuco
2020,3,PE,RGF-Anexo 01,DespesaComPessoalLiquida,DESPESA LÍQUIDA COM PESSOAL (III) = (I - II),<MR-8>,901714201.94,9557071,Pernambuco
2020,3,PE,RGF-Anexo 01,DespesaComPessoalLiquida,DESPESA LÍQUIDA COM PESSOAL (III) = (I - II),<MR-7>,981475682.5,9557071,Pernambuco
2020,3,PE,RGF-Anexo 01,DespesaComPessoalLiquida,DESPESA LÍQUIDA COM PESSOAL (III) = (I - II),<MR-6>,950278438.04,9557071,Pernambuco
2020,3,PE,RGF-Anexo 01,DespesaComPessoalLiquida,DESPESA LÍQUIDA COM PESSOAL (III) = (I - II),<MR-5>,937168288.83,9557071,Pernambuco
2020,3,PE,RGF-Anexo 01,DespesaComPessoalLiquida,DESPESA LÍQUIDA COM PESSOAL (III) = (I - II),<MR-4>,933175367.84,9557071,Pernambuco
2020,3,PE,RGF-Anexo 01,DespesaComPessoalLiquida,DESPESA LÍQUIDA COM PESSOAL (III) = (I - II),<MR-3>,907050065.71,9557071,Pernambuco
2020,3,PE,RGF-Anexo 01,DespesaComPessoalLiquida,DESPESA LÍQUIDA COM PESSOAL (III) = (I - II),<MR-2>,1008351664.13,9557071,Pernambuco
2020,3,PE,RGF-Anexo 01,DespesaComPessoalLiquida,DESPESA LÍQUIDA COM PESSOAL (III) = (I - II),<MR-1>,911015066.9,9557071,Pernambuco
2020,3,PE,RGF-Anexo 01,DespesaComPessoalLiquida,DESPESA LÍQUIDA COM PESSOAL (III) = (I - II),<MR>,1961938845.27,9557071,Pernambuco
2020,3,PE,RGF-Anexo 01,DespesaComPessoalLiquida,DESPESA LÍQUIDA COM PESSOAL (III) = (I - II),TOTAL (ÚLTIMOS 12 MESES) (a),12443181326.07,9557071,Pernambuco
2020,3,PE,RGF-Anexo 01,ReceitaCorrenteLiquidaLimiteLegal,RECEITA CORRENTE LIQUIDA - RCL (IV),Valor,27238978598.44,9557071,Pernambuco
2020,3,PE,RGF-Anexo 01,DespesaComPessoalTotal,DESPESA TOTAL COM PESSOAL - DTP (VIII) = (IIIa + IIIb),Valor,12443181326.07,9557071,Pernambuco
2020,3,PE,RGF-Anexo 01,DespesaComPessoalTotal,DESPESA TOTAL COM PESSOAL - DTP (VIII) = (IIIa + IIIb),% sobre a RCL Ajustada,45.8,9557071,Pernambuco
2020,3,PE,RGF-Anexo 02,DividaConsolidada,DÍVIDA CONSOLIDADA - DC (I),SALDO DO EXERCÍCIO ANTERIOR,15713771662.62,9557071,Pernambuco
2020,3,PE,RGF-Anexo 02,DividaConsolidada,DÍVIDA CONSOLIDADA - DC (I),Até o 1º Quadrimestre,18242033980.43,9557071,Pernambuco
2020,3,PE,RGF-Anexo 02,DividaConsolidada,DÍVIDA CONSOLIDADA - DC (I),Até o 2º Quadrimestre,18020401658.33,9557071,Pernambuco
2020,3,PE,RGF-Anexo 02,DividaConsolidada,DÍVIDA CONSOLIDADA - DC (I),Até o 3º Quadrimestre,17186972915.11,9557071,Pernambuco
2020,3,PE,RGF-Anexo 02,DividaContratual,Dívida Contratual,SALDO DO EXERCÍCIO ANTERIOR,14948165668.41,9557071,Pernambuco
2020,3,PE,RGF-Anexo 02,DividaContratual,Dívida Contratual,Até o 1º Quadrimestre,17462450332.85,9557071,Pernambuco
2020,3,PE,RGF-Anexo 02,DividaContratual,Dívida Contratual,Até o 2º Quadrimestre,17356402567.56,9557071,Pernambuco
2020,3,PE,RGF-Anexo 02,DividaContratual,Dívida Contratual,Até o 3º Quadrimestre,16756313088.3,9557071,Pernambuco
2020,3,PE,RGF-Anexo 02,DividaConsolidadaLiquida,DÍVIDA CONSOLIDADA LÍQUIDA (DCL) (III) = (I - II),SALDO DO EXERCÍCIO ANTERIOR,13257592921.29,9557071,Pernambuco
2020,3,PE,RGF-Anexo 02,DividaConsolidadaLiquida,DÍVIDA CONSOLIDADA LÍQUIDA (DCL) (III) = (I - II),Até o 1º Quadrimestre,13928815786.58,9557071,Pernambuco
2020,3,PE,RGF-Anexo 02,DividaConsolidadaLiquida,DÍVIDA CONSOLIDADA LÍQUIDA (DCL) (III) = (I - II),Até o 2º Quadrimestre,13222475854.82,9557071,Pernambuco
2020,3,PE,RGF-Anexo 02,DividaConsolidadaLiquida,DÍVIDA CONSOLIDADA LÍQUIDA (DCL) (III) = (I - II),Até o 3º Quadrimestre,13081473274.29,9557071,Pernambuco
2021,1,PE,RGF-Anexo 01,DespesaComPessoalBruta,DESPESA BRUTA COM PESSOAL (I),<MR-11>,1467696143.48,9616621,Pernambuco
2021,1,PE,RGF-Anexo 01,DespesaComPessoalBruta,DESPESA BRUTA COM PESSOAL (I),<MR-10>,1406803180.42,9616621,Pernambuco
2021,1,PE,RGF-Anexo 01,DespesaComPessoalBruta,DESPESA BRUTA COM PESSOAL (I),<MR-9>,1409177706.72,9616621,Pernambuco
2021,1,PE,RGF-Anexo 01,DespesaComPessoalBruta,DESPESA BRUTA COM PESSOAL (I),<MR-8>,1510324365.97,9616621,Pernambuco
2021,1,PE,RGF-Anexo 01,DespesaComPessoalBruta,DESPESA BRUTA COM PESSOAL (I),<MR-7>,1374922456.61,9616621,Pernambuco
2021,1,PE,RGF-Anexo 01,DespesaComPessoalBruta,DESPESA BRUTA COM PESSOAL (I),<MR-6>,1424495756.74,9616621,Pernambuco
2021,1,PE,RGF-Anexo 01,DespesaComPessoalBruta,DESPESA BRUTA COM PESSOAL (I),<MR-5>,1388180899.55,9616621,Pernambuco
2021,1,PE,RGF-Anexo 01,DespesaComPessoalBruta,DESPESA BRUTA COM PESSOAL (I),<MR-4>,2934663803.62,9616621,Pernambuco
2021,1,PE,RGF-Anexo 01,DespesaComPessoalBruta,DESPESA BRUTA COM PESSOAL (I),<MR-3>,1134246794.06,9616621,Pernambuco
2021,1,PE,RGF-Anexo 01,DespesaComPessoalBruta,DESPESA BRUTA COM PESSOAL (I),<MR-2>,1120963159.15,9616621,Pernambuco
2021,1,PE,RGF-Anexo 01,DespesaComPessoalBruta,DESPESA BRUTA COM PESSOAL (I),<MR-1>,1120200408.32,9616621,Pernambuco
2021,1,PE,RGF-Anexo 01,DespesaComPessoalBruta,DESPESA BRUTA COM PESSOAL (I),<MR>,1120234130.91,9616621,Pernambuco
2021,1,PE,RGF-Anexo 01,DespesaComPessoalBruta,DESPESA BRUTA COM PESSOAL (I),TOTAL (ÚLTIMOS 12 MESES) (a),17411908805.55,9616621,Pernambuco
2021,1,PE,RGF-Anexo 01,DespesaComPessoalAtivoBruta,Pessoal Ativo,<MR-11>,713997390.7,9616621,Pernambuco
2021,1,PE,RGF-Anexo 01,DespesaComPessoalAtivoBruta,Pessoal Ativo,<MR-10>,692001790.97,9616621,Pernambuco
2021,1,PE,RGF-Anexo 01,DespesaComPessoalAtivoBruta,Pessoal Ativo,<MR-9>,684223361.61,9616621,Pernambuco
2021,1,PE,RGF-Anexo 01,DespesaComPessoalAtivoBruta,Pessoal Ativo,<MR-8>,806494848.81,9616621,Pernambuco
2021,1,PE,RGF-Anexo 01,DespesaComPessoalAtivoBruta,Pessoal Ativo,<MR-7>,668987606.85,9616621,Pernambuco
2021,1,PE,RGF-Anexo 01,DespesaComPessoalAtivoBruta,Pessoal Ativo,<MR-6>,727840862.02,9616621,Pernambuco
2021,1,PE,RGF-Anexo 01,DespesaComPessoalAtivoBruta,Pessoal Ativo,<MR-5>,666768313.7,9616621,Pernambuco
2021,1,PE,RGF-Anexo 01,DespesaComPessoalAtivoBruta,Pessoal Ativo,<MR-4>,1469260569.91,9616621,Pernambuco
2021,1,PE,RGF-Anexo 01,DespesaComPessoalAtivoBruta,Pessoal Ativo,<MR-3>,657687819.56,9616621,Pernambuco
2021,1,PE,RGF-Anexo 01,DespesaComPessoalAtivoBruta,Pessoal Ativo,<MR-2>,647240115.44,9616621,Pernambuco
2021,1,PE,RGF-Anexo 01,DespesaComPessoalAtivoBruta,Pessoal Ativo,<MR-1>,639512054.33,9616621,Pernambuco
2021,1,PE,RGF-Anexo 01,DespesaComPessoalAtivoBruta,Pessoal Ativo,<MR>,651225402.63,9616621,Pernambuco
2021,1,PE,RGF-Anexo 01,DespesaComPessoalAtivoBruta,Pessoal Ativo,TOTAL (ÚLTIMOS 12 MESES) (a),9025240136.53,9616621,Pernambuco
2021,1,PE,RGF-Anexo 01,DespesaComPessoalInativoEPensionistasBruta,Pessoal Inativo e Pensionistas,<MR-11>,753698752.78,9616621,Pernambuco
2021,1,PE,RGF-Anexo 01,DespesaComPessoalInativoEPensionistasBruta,Pessoal Inativo e Pensionistas,<MR-10>,714801389.45,9616621,Pernambuco
2021,1,PE,RGF-Anexo 01,DespesaComPessoalInativoEPensionistasBruta,Pessoal Inativo e Pensionistas,<MR-9>,724954345.11,9616621,Pernambuco
2021,1,PE,RGF-Anexo 01,DespesaComPessoalInativoEPensionistasBruta,Pessoal Inativo e Pensionistas,<MR-8>,703829517.16,9616621,Pernambuco
2021,1,PE,RGF-Anexo 01,DespesaComPessoalInativoEPensionistasBruta,Pessoal Inativo e Pensionistas,<MR-7>,705934849.76,9616621,Pernambuco
2021,1,PE,RGF-Anexo 01,DespesaComPessoalInativoEPensionistasBruta,Pessoal Inativo e Pensionistas,<MR-6>,696654894.72,9616621,Pernambuco
2021,1,PE,RGF-Anexo 01,DespesaComPessoalInativoEPensionistasBruta,Pessoal Inativo e Pensionistas,<MR-5>,721412585.85,9616621,Pernambuco
2021,1,PE,RGF-Anexo 01,DespesaComPessoalInativoEPensionistasBruta,Pessoal Inativo e Pensionistas,<MR-4>,1441017952.67,9616621,Pernambuco
2021,1,PE,RGF-Anexo 01,DespesaComPessoalInativoEPensionistasBruta,Pessoal Inativo e Pensionistas,<MR-3>,476558974.5,9616621,Pernambuco
2021,1,PE,RGF-Anexo 01,DespesaComPessoalInativoEPensionistasBruta,Pessoal Inativo e Pensionistas,<MR-2>,473723043.71,9616621,Pernambuco
2021,1,PE,RGF-Anexo 01,DespesaComPessoalInativoEPensionistasBruta,Pessoal Inativo e Pensionistas,<MR-1>,480688353.99,9616621,Pernambuco
2021,1,PE,RGF-Anexo 01,DespesaComPessoalInativoEPensionistasBruta,Pessoal Inativo e Pensionistas,<MR>,469008728.28,9616621,Pernambuco
2021,1,PE,RGF-Anexo 01,DespesaComPessoalInativoEPensionistasBruta,Pessoal Inativo e Pensionistas,TOTAL (ÚLTIMOS 12 MESES) (a),8362283387.98,9616621,Pernambuco
2021,1,PE,RGF-Anexo 01,DespesaComPessoalLiquida,DESPESA LÍQUIDA COM PESSOAL (III) = (I - II),<MR-11>,981475682.5,9616621,Pernambuco
2021,1,PE,RGF-Anexo 01,DespesaComPessoalLiquida,DESPESA LÍQUIDA COM PESSOAL (III) = (I - II),<MR-10>,950277495.04,9616621,Pernambuco
2021,1,PE,RGF-Anexo 01,DespesaComPessoalLiquida,DESPESA LÍQUIDA COM PESSOAL (III) = (I - II),<MR-9>,937168288.83,9616621,Pernambuco
2021,1,PE,RGF-Anexo 01,DespesaComPessoalLiquida,DESPESA LÍQUIDA COM PESSOAL (III) = (I - II),<MR-8>,933175367.84,9616621,Pernambuco
2021,1,PE,RGF-Anexo 01,DespesaComPessoalLiquida,DESPESA LÍQUIDA COM PESSOAL (III) = (I - II),<MR-7>,907050065.71,9616621,Pernambuco
2021,1,PE,RGF-Anexo 01,DespesaComPessoalLiquida,DESPESA LÍQUIDA COM PESSOAL (III) = (I - II),<MR-6>,1008344737.38,9616621,Pernambuco
2021,1,PE,RGF-Anexo 01,DespesaComPessoalLiquida,DESPESA LÍQUIDA COM PESSOAL (III) = (I - II),<MR-5>,910882693.65,9616621,Pernambuco
2021,1,PE,RGF-Anexo 01,DespesaComPessoalLiquida,DESPESA LÍQUIDA COM PESSOAL (III) = (I - II),<MR-4>,1961938845.27,9616621,Pernambuco
2021,1,PE,RGF-Anexo 01,DespesaComPessoalLiquida,DESPESA LÍQUIDA COM PESSOAL (III) = (I - II),<MR-3>,901063386.44,9616621,Pernambuco
2021,1,PE,RGF-Anexo 01,DespesaComPessoalLiquida,DESPESA LÍQUIDA COM PESSOAL (III) = (I - II),<MR-2>,941544250.88,9616621,Pernambuco
2021,1,PE,RGF-Anexo 01,DespesaComPessoalLiquida,DESPESA LÍQUIDA COM PESSOAL (III) = (I - II),<MR-1>,935731862.52,9616621,Pernambuco
2021,1,PE,RGF-Anexo 01,DespesaComPessoalLiquida,DESPESA LÍQUIDA COM PESSOAL (III) = (I - II),<MR>,858551767.95,9616621,Pernambuco
2021,1,PE,RGF-Anexo 01,DespesaComPessoalLiquida,DESPESA LÍQUIDA COM PESSOAL (III) = (I - II),TOTAL (ÚLTIMOS 12 MESES) (a),12227204444.01,9616621,Pernambuco
2021,1,PE,RGF-Anexo 01,ReceitaCorrenteLiquidaLimiteLegal,RECEITA CORRENTE LIQUIDA - RCL (IV),Valor,28369416864.29,9616621,Pernambuco
2021,1,PE,RGF-Anexo 01,DespesaComPessoalTotal,DESPESA TOTAL COM PESSOAL - DTP (VIII) = (IIIa + IIIb),Valor,12227204444.01,9616621,Pernambuco
2021,1,PE,RGF-Anexo 01,DespesaComPessoalTotal,DESPESA TOTAL COM PESSOAL - DTP (VIII) = (IIIa + IIIb),% sobre a RCL Ajustada,43.21,9616621,Pernambuco
2021,1,PE,RGF-Anexo 02,DividaConsolidada,DÍVIDA CONSOLIDADA - DC (I),SALDO DO EXERCÍCIO ANTERIOR,17186972915.11,9616621,Pernambuco
2021,1,PE,RGF-Anexo 02,DividaConsolidada,DÍVIDA CONSOLIDADA - DC (I),Até o 1º Quadrimestre,17391077135.08,9616621,Pernambuco
2021,1,PE,RGF-Anexo 02,DividaContratual,Dívida Contratual,SALDO DO EXERCÍCIO ANTERIOR,16756313088.3,9616621,Pernambuco
2021,1,PE,RGF-Anexo 02,DividaContratual,Dívida Contratual,Até o 1º Quadrimestre,16960815370.01,9616621,Pernambuco
2021,1,PE,RGF-Anexo 02,DividaConsolidadaLiquida,DÍVIDA CONSOLIDADA LÍQUIDA (DCL) (III) = (I - II),SALDO DO EXERCÍCIO ANTERIOR,13081473274.29,9616621,Pernambuco
2021,1,PE,RGF-Anexo 02,DividaConsolidadaLiquida,DÍVIDA CONSOLIDADA LÍQUIDA (DCL) (III) = (I - II),Até o 1º Quadrimestre,11358409079.68,9616621,Pernambuco
2021,2,PE,RGF-Anexo 01,DespesaComPessoalBruta,DESPESA BRUTA COM PESSOAL (I),<MR-11>,1120809780.57,9616621,Pernambuco
2021,2,PE,RGF-Anexo 01,DespesaComPessoalBruta,DESPESA BRUTA COM PESSOAL (I),<MR-10>,1194215072.49,9616621,Pernambuco
2021,2,PE,RGF-Anexo 01,DespesaComPessoalBruta,DESPESA BRUTA COM PESSOAL (I),<MR-9>,1134742477.48,9616621,Pernambuco
2021,2,PE,RGF-Anexo 01,DespesaComPessoalBruta,DESPESA BRUTA COM PESSOAL (I),<MR-8>,2426334536.53,9616621,Pernambuco
2021,2,PE,RGF-Anexo 01,DespesaComPessoalBruta,DESPESA BRUTA COM PESSOAL (I),<MR-7>,1134246794.06,9616621,Pernambuco
2021,2,PE,RGF-Anexo 01,DespesaComPessoalBruta,DESPESA BRUTA COM PESSOAL (I),<MR-6>,1120963159.15,9616621,Pernambuco
2021,2,PE,RGF-Anexo 01,DespesaComPessoalBruta,DESPESA BRUTA COM PESSOAL (I),<MR-5>,1120200408.32,9616621,Pernambuco
2021,2,PE,RGF-Anexo 01,DespesaComPessoalBruta,DESPESA BRUTA COM PESSOAL (I),<MR-4>,1120234130.91,9616621,Pernambuco
2021,2,PE,RGF-Anexo 01,DespesaComPessoalBruta,DESPESA BRUTA COM PESSOAL (I),<MR-3>,1128234333.57,9616621,Pernambuco
2021,2,PE,RGF-Anexo 01,DespesaComPessoalBruta,DESPESA BRUTA COM PESSOAL (I),<MR-2>,1132193659.63,9616621,Pernambuco
2021,2,PE,RGF-Anexo 01,DespesaComPessoalBruta,DESPESA BRUTA COM PESSOAL (I),<MR-1>,1160804750.05,9616621,Pernambuco
2021,2,PE,RGF-Anexo 01,DespesaComPessoalBruta,DESPESA BRUTA COM PESSOAL (I),<MR>,1189469683.68,9616621,Pernambuco
2021,2,PE,RGF-Anexo 01,DespesaComPessoalBruta,DESPESA BRUTA COM PESSOAL (I),TOTAL (ÚLTIMOS 12 MESES) (a),14982448786.44,9616621,Pernambuco
2021,2,PE,RGF-Anexo 01,DespesaComPessoalAtivoBruta,Pessoal Ativo,<MR-11>,668987606.85,9616621,Pernambuco
2021,2,PE,RGF-Anexo 01,DespesaComPessoalAtivoBruta,Pessoal Ativo,<MR-10>,727840862.02,9616621,Pernambuco
2021,2,PE,RGF-Anexo 01,DespesaComPessoalAtivoBruta,Pessoal Ativo,<MR-9>,666768313.7,9616621,Pernambuco
2021,2,PE,RGF-Anexo 01,DespesaComPessoalAtivoBruta,Pessoal Ativo,<MR-8>,1469260569.91,9616621,Pernambuco
2021,2,PE,RGF-Anexo 01,DespesaComPessoalAtivoBruta,Pessoal Ativo,<MR-7>,657687819.56,9616621,Pernambuco
2021,2,PE,RGF-Anexo 01,DespesaComPessoalAtivoBruta,Pessoal Ativo,<MR-6>,647240115.44,9616621,Pernambuco
2021,2,PE,RGF-Anexo 01,DespesaComPessoalAtivoBruta,Pessoal Ativo,<MR-5>,639512054.33,9616621,Pernambuco
2021,2,PE,RGF-Anexo 01,DespesaComPessoalAtivoBruta,Pessoal Ativo,<MR-4>,651225402.63,9616621,Pernambuco
2021,2,PE,RGF-Anexo 01,DespesaComPessoalAtivoBruta,Pessoal Ativo,<MR-3>,651801780.92,9616621,Pernambuco
2021,2,PE,RGF-Anexo 01,DespesaComPessoalAtivoBruta,Pessoal Ativo,<MR-2>,655190347.52,9616621,Pernambuco
2021,2,PE,RGF-Anexo 01,DespesaComPessoalAtivoBruta,Pessoal Ativo,<MR-1>,680153517.75,9616621,Pernambuco
2021,2,PE,RGF-Anexo 01,DespesaComPessoalAtivoBruta,Pessoal Ativo,<MR>,705266747.46,9616621,Pernambuco
2021,2,PE,RGF-Anexo 01,DespesaComPessoalAtivoBruta,Pessoal Ativo,TOTAL (ÚLTIMOS 12 MESES) (a),8820935138.09,9616621,Pernambuco
2021,2,PE,RGF-Anexo 01,DespesaComPessoalInativoEPensionistasBruta,Pessoal Inativo e Pensionistas,<MR-11>,451822173.72,9616621,Pernambuco
2021,2,PE,RGF-Anexo 01,DespesaComPessoalInativoEPensionistasBruta,Pessoal Inativo e Pensionistas,<MR-10>,466374210.47,9616621,Pernambuco
2021,2,PE,RGF-Anexo 01,DespesaComPessoalInativoEPensionistasBruta,Pessoal Inativo e Pensionistas,<MR-9>,467974163.78,9616621,Pernambuco
2021,2,PE,RGF-Anexo 01,DespesaComPessoalInativoEPensionistasBruta,Pessoal Inativo e Pensionistas,<MR-8>,932688685.58,9616621,Pernambuco
2021,2,PE,RGF-Anexo 01,DespesaComPessoalInativoEPensionistasBruta,Pessoal Inativo e Pensionistas,<MR-7>,476558974.5,9616621,Pernambuco
2021,2,PE,RGF-Anexo 01,DespesaComPessoalInativoEPensionistasBruta,Pessoal Inativo e Pensionistas,<MR-6>,473723043.71,9616621,Pernambuco
2021,2,PE,RGF-Anexo 01,DespesaComPessoalInativoEPensionistasBruta,Pessoal Inativo e Pensionistas,<MR-5>,480688353.99,9616621,Pernambuco
2021,2,PE,RGF-Anexo 01,DespesaComPessoalInativoEPensionistasBruta,Pessoal Inativo e Pensionistas,<MR-4>,469008728.28,9616621,Pernambuco
2021,2,PE,RGF-Anexo 01,DespesaComPessoalInativoEPensionistasBruta,Pessoal Inativo e Pensionistas,<MR-3>,476432552.65,9616621,Pernambuco
2021,2,PE,RGF-Anexo 01,DespesaComPessoalInativoEPensionistasBruta,Pessoal Inativo e Pensionistas,<MR-2>,477003312.11,9616621,Pernambuco
2021,2,PE,RGF-Anexo 01,DespesaComPessoalInativoEPensionistasBruta,Pessoal Inativo e Pensionistas,<MR-1>,480651232.3,9616621,Pernambuco
2021,2,PE,RGF-Anexo 01,DespesaComPessoalInativoEPensionistasBruta,Pessoal Inativo e Pensionistas,<MR>,484202936.22,9616621,Pernambuco
2021,2,PE,RGF-Anexo 01,DespesaComPessoalInativoEPensionistasBruta,Pessoal Inativo e Pensionistas,TOTAL (ÚLTIMOS 12 MESES) (a),6137128367.31,9616621,Pernambuco
2021,2,PE,RGF-Anexo 01,DespesaComPessoalLiquida,DESPESA LÍQUIDA COM PESSOAL (III) = (I - II),<MR-11>,906081589.41,9616621,Pernambuco
2021,2,PE,RGF-Anexo 01,DespesaComPessoalLiquida,DESPESA LÍQUIDA COM PESSOAL (III) = (I - II),<MR-10>,1006780226.57,9616621,Pernambuco
2021,2,PE,RGF-Anexo 01,DespesaComPessoalLiquida,DESPESA LÍQUIDA COM PESSOAL (III) = (I - II),<MR-9>,909576119.49,9616621,Pernambuco
2021,2,PE,RGF-Anexo 01,DespesaComPessoalLiquida,DESPESA LÍQUIDA COM PESSOAL (III) = (I - II),<MR-8>,1962671323.16,9616621,Pernambuco
2021,2,PE,RGF-Anexo 01,DespesaComPessoalLiquida,DESPESA LÍQUIDA COM PESSOAL (III) = (I - II),<MR-7>,899943684.97,9616621,Pernambuco
2021,2,PE,RGF-Anexo 01,DespesaComPessoalLiquida,DESPESA LÍQUIDA COM PESSOAL (III) = (I - II),<MR-6>,940585623.59,9616621,Pernambuco
2021,2,PE,RGF-Anexo 01,DespesaComPessoalLiquida,DESPESA LÍQUIDA COM PESSOAL (III) = (I - II),<MR-5>,932833602.07,9616621,Pernambuco
2021,2,PE,RGF-Anexo 01,DespesaComPessoalLiquida,DESPESA LÍQUIDA COM PESSOAL (III) = (I - II),<MR-4>,861671315.86,9616621,Pernambuco
2021,2,PE,RGF-Anexo 01,DespesaComPessoalLiquida,DESPESA LÍQUIDA COM PESSOAL (III) = (I - II),<MR-3>,934088376.8,9616621,Pernambuco
2021,2,PE,RGF-Anexo 01,DespesaComPessoalLiquida,DESPESA LÍQUIDA COM PESSOAL (III) = (I - II),<MR-2>,955862394.85,9616621,Pernambuco
2021,2,PE,RGF-Anexo 01,DespesaComPessoalLiquida,DESPESA LÍQUIDA COM PESSOAL (III) = (I - II),<MR-1>,971891435.32,9616621,Pernambuco
2021,2,PE,RGF-Anexo 01,DespesaComPessoalLiquida,DESPESA LÍQUIDA COM PESSOAL (III) = (I - II),<MR>,1012455557.02,9616621,Pernambuco
2021,2,PE,RGF-Anexo 01,DespesaComPessoalLiquida,DESPESA LÍQUIDA COM PESSOAL (III) = (I - II),TOTAL (ÚLTIMOS 12 MESES) (a),12294441249.11,9616621,Pernambuco
2021,2,PE,RGF-Anexo 01,ReceitaCorrenteLiquidaLimiteLegal,RECEITA CORRENTE LIQUIDA - RCL (IV),Valor,30012333464.69,9616621,Pernambuco
2021,2,PE,RGF-Anexo 01,DespesaComPessoalTotal,DESPESA TOTAL COM PESSOAL - DTP (VIII) = (IIIa + IIIb),Valor,12294441249.11,9616621,Pernambuco
2021,2,PE,RGF-Anexo 01,DespesaComPessoalTotal,DESPESA TOTAL COM PESSOAL - DTP (VIII) = (IIIa + IIIb),% sobre a RCL Ajustada,40.97,9616621,Pernambuco
2021,2,PE,RGF-Anexo 02,DividaConsolidada,DÍVIDA CONSOLIDADA - DC (I),SALDO DO EXERCÍCIO ANTERIOR,17186972915.11,9616621,Pernambuco
2021,2,PE,RGF-Anexo 02,DividaConsolidada,DÍVIDA CONSOLIDADA - DC (I),Até o 1º Quadrimestre,17391077135.08,9616621,Pernambuco
2021,2,PE,RGF-Anexo 02,DividaConsolidada,DÍVIDA CONSOLIDADA - DC (I),Até o 2º Quadrimestre,16521154618.47,9616621,Pernambuco
2021,2,PE,RGF-Anexo 02,DividaContratual,Dívida Contratual,SALDO DO EXERCÍCIO ANTERIOR,16756313088.3,9616621,Pernambuco
2021,2,PE,RGF-Anexo 02,DividaContratual,Dívida Contratual,Até o 1º Quadrimestre,16960815370.01,9616621,Pernambuco
2021,2,PE,RGF-Anexo 02,DividaContratual,Dívida Contratual,Até o 2º Quadrimestre,16090183118.56,9616621,Pernambuco
2021,2,PE,RGF-Anexo 02,DividaConsolidadaLiquida,DÍVIDA CONSOLIDADA LÍQUIDA (DCL) (III) = (I - II),SALDO DO EXERCÍCIO ANTERIOR,13081473274.29,9616621,Pernambuco
2021,2,PE,RGF-Anexo 02,DividaConsolidadaLiquida,DÍVIDA CONSOLIDADA LÍQUIDA (DCL) (III) = (I - II),Até o 1º Quadrimestre,11358409079.68,9616621,Pernambuco
2021,2,PE,RGF-Anexo 02,DividaConsolidadaLiquida,DÍVIDA CONSOLIDADA LÍQUIDA (DCL) (III) = (I - II),Até o 2º Quadrimestre,9477810772.1,9616621,Pernambuco
2021,3,PE,RGF-Anexo 01,DespesaComPessoalBruta,DESPESA BRUTA COM PESSOAL (I),<MR-11>,1156179190.51,9616621,Pernambuco
2021,3,PE,RGF-Anexo 01,DespesaComPessoalBruta,DESPESA BRUTA COM PESSOAL (I),<MR-10>,1133562860.25,9616621,Pernambuco
2021,3,PE,RGF-Anexo 01,DespesaComPessoalBruta,DESPESA BRUTA COM PESSOAL (I),<MR-9>,1129144900.73,9616621,Pernambuco
2021,3,PE,RGF-Anexo 01,DespesaComPessoalBruta,DESPESA BRUTA COM PESSOAL (I),<MR-8>,1128394133.55,9616621,Pernambuco
2021,3,PE,RGF-Anexo 01,DespesaComPessoalBruta,DESPESA BRUTA COM PESSOAL (I),<MR-7>,1136359116.86,9616621,Pernambuco
2021,3,PE,RGF-Anexo 01,DespesaComPessoalBruta,DESPESA BRUTA COM PESSOAL (I),<MR-6>,1146010424.32,9616621,Pernambuco
2021,3,PE,RGF-Anexo 01,DespesaComPessoalBruta,DESPESA BRUTA COM PESSOAL (I),<MR-5>,1168654713.08,9616621,Pernambuco
2021,3,PE,RGF-Anexo 01,DespesaComPessoalBruta,DESPESA BRUTA COM PESSOAL (I),<MR-4>,1198066301.6,9616621,Pernambuco
2021,3,PE,RGF-Anexo 01,DespesaComPessoalBruta,DESPESA BRUTA COM PESSOAL (I),<MR-3>,1229430155.23,9616621,Pernambuco
2021,3,PE,RGF-Anexo 01,DespesaComPessoalBruta,DESPESA BRUTA COM PESSOAL (I),<MR-2>,1245395891.59,9616621,Pernambuco
2021,3,PE,RGF-Anexo 01,DespesaComPessoalBruta,DESPESA BRUTA COM PESSOAL (I),<MR-1>,1163743079.43,9616621,Pernambuco
2021,3,PE,RGF-Anexo 01,DespesaComPessoalBruta,DESPESA BRUTA COM PESSOAL (I),<MR>,2704779762.08,9616621,Pernambuco
2021,3,PE,RGF-Anexo 01,DespesaComPessoalBruta,DESPESA BRUTA COM PESSOAL (I),TOTAL (ÚLTIMOS 12 MESES) (a),15539720529.23,9616621,Pernambuco
2021,3,PE,RGF-Anexo 01,DespesaComPessoalAtivoBruta,Pessoal Ativo,<MR-11>,679620216.01,9616621,Pernambuco
2021,3,PE,RGF-Anexo 01,DespesaComPessoalAtivoBruta,Pessoal Ativo,<MR-10>,659839816.54,9616621,Pernambuco
2021,3,PE,RGF-Anexo 01,DespesaComPessoalAtivoBruta,Pessoal Ativo,<MR-9>,648456546.74,9616621,Pernambuco
2021,3,PE,RGF-Anexo 01,DespesaComPessoalAtivoBruta,Pessoal Ativo,<MR-8>,659385405.27,9616621,Pernambuco
2021,3,PE,RGF-Anexo 01,DespesaComPessoalAtivoBruta,Pessoal Ativo,<MR-7>,659926564.21,9616621,Pernambuco
2021,3,PE,RGF-Anexo 01,DespesaComPessoalAtivoBruta,Pessoal Ativo,<MR-6>,669007112.21,9616621,Pernambuco
2021,3,PE,RGF-Anexo 01,DespesaComPessoalAtivoBruta,Pessoal Ativo,<MR-5>,688003480.78,9616621,Pernambuco
2021,3,PE,RGF-Anexo 01,DespesaComPessoalAtivoBruta,Pessoal Ativo,<MR-4>,713863365.38,9616621,Pernambuco
2021,3,PE,RGF-Anexo 01,DespesaComPessoalAtivoBruta,Pessoal Ativo,<MR-3>,747661698.03,9616621,Pernambuco
2021,3,PE,RGF-Anexo 01,DespesaComPessoalAtivoBruta,Pessoal Ativo,<MR-2>,759929290.42,9616621,Pernambuco
2021,3,PE,RGF-Anexo 01,DespesaComPessoalAtivoBruta,Pessoal Ativo,<MR-1>,681412181.86,9616621,Pernambuco
2021,3,PE,RGF-Anexo 01,DespesaComPessoalAtivoBruta,Pessoal Ativo,<MR>,1735107061.16,9616621,Pernambuco
2021,3,PE,RGF-Anexo 01,DespesaComPessoalAtivoBruta,Pessoal Ativo,TOTAL (ÚLTIMOS 12 MESES) (a),9302212738.61,9616621,Pernambuco
2021,3,PE,RGF-Anexo 01,DespesaComPessoalInativoEPensionistasBruta,Pessoal Inativo e Pensionistas,<MR-11>,476558974.5,9616621,Pernambuco
2021,3,PE,RGF-Anexo 01,DespesaComPessoalInativoEPensionistasBruta,Pessoal Inativo e Pensionistas,<MR-10>,473723043.71,9616621,Pernambuco
2021,3,PE,RGF-Anexo 01,DespesaComPessoalInativoEPensionistasBruta,Pessoal Inativo e Pensionistas,<MR-9>,480688353.99,9616621,Pernambuco
2021,3,PE,RGF-Anexo 01,DespesaComPessoalInativoEPensionistasBruta,Pessoal Inativo e Pensionistas,<MR-8>,469008728.28,9616621,Pernambuco
2021,3,PE,RGF-Anexo 01,DespesaComPessoalInativoEPensionistasBruta,Pessoal Inativo e Pensionistas,<MR-7>,476432552.65,9616621,Pernambuco
2021,3,PE,RGF-Anexo 01,DespesaComPessoalInativoEPensionistasBruta,Pessoal Inativo e Pensionistas,<MR-6>,477003312.11,9616621,Pernambuco
2021,3,PE,RGF-Anexo 01,DespesaComPessoalInativoEPensionistasBruta,Pessoal Inativo e Pensionistas,<MR-5>,480651232.3,9616621,Pernambuco
2021,3,PE,RGF-Anexo 01,DespesaComPessoalInativoEPensionistasBruta,Pessoal Inativo e Pensionistas,<MR-4>,484202936.22,9616621,Pernambuco
2021,3,PE,RGF-Anexo 01,DespesaComPessoalInativoEPensionistasBruta,Pessoal Inativo e Pensionistas,<MR-3>,481768457.2,9616621,Pernambuco
2021,3,PE,RGF-Anexo 01,DespesaComPessoalInativoEPensionistasBruta,Pessoal Inativo e Pensionistas,<MR-2>,485466601.17,9616621,Pernambuco
2021,3,PE,RGF-Anexo 01,DespesaComPessoalInativoEPensionistasBruta,Pessoal Inativo e Pensionistas,<MR-1>,482330897.57,9616621,Pernambuco
2021,3,PE,RGF-Anexo 01,DespesaComPessoalInativoEPensionistasBruta,Pessoal Inativo e Pensionistas,<MR>,969672700.92,9616621,Pernambuco
2021,3,PE,RGF-Anexo 01,DespesaComPessoalInativoEPensionistasBruta,Pessoal Inativo e Pensionistas,TOTAL (ÚLTIMOS 12 MESES) (a),6237507790.62,9616621,Pernambuco
2021,3,PE,RGF-Anexo 01,DespesaComPessoalLiquida,DESPESA LÍQUIDA COM PESSOAL (III) = (I - II),<MR-11>,885421084.95,9616621,Pernambuco
2021,3,PE,RGF-Anexo 01,DespesaComPessoalLiquida,DESPESA LÍQUIDA COM PESSOAL (III) = (I - II),<MR-10>,949292951.86,9616621,Pernambuco
2021,3,PE,RGF-Anexo 01,DespesaComPessoalLiquida,DESPESA LÍQUIDA COM PESSOAL (III) = (I - II),<MR-9>,939603700.22,9616621,Pernambuco
2021,3,PE,RGF-Anexo 01,DespesaComPessoalLiquida,DESPESA LÍQUIDA COM PESSOAL (III) = (I - II),<MR-8>,868340208.3,9616621,Pernambuco
2021,3,PE,RGF-Anexo 01,DespesaComPessoalLiquida,DESPESA LÍQUIDA COM PESSOAL (III) = (I - II),<MR-7>,940826878.61,9616621,Pernambuco
2021,3,PE,RGF-Anexo 01,DespesaComPessoalLiquida,DESPESA LÍQUIDA COM PESSOAL (III) = (I - II),<MR-6>,970653331.78,9616621,Pernambuco
2021,3,PE,RGF-Anexo 01,DespesaComPessoalLiquida,DESPESA LÍQUIDA COM PESSOAL (III) = (I - II),<MR-5>,975769255.83,9616621,Pernambuco
2021,3,PE,RGF-Anexo 01,DespesaComPessoalLiquida,DESPESA LÍQUIDA COM PESSOAL (III) = (I - II),<MR-4>,1020440538.82,9616621,Pernambuco
2021,3,PE,RGF-Anexo 01,DespesaComPessoalLiquida,DESPESA LÍQUIDA COM PESSOAL (III) = (I - II),<MR-3>,986103534.67,9616621,Pernambuco
2021,3,PE,RGF-Anexo 01,DespesaComPessoalLiquida,DESPESA LÍQUIDA COM PESSOAL (III) = (I - II),<MR-2>,1072665202.42,9616621,Pernambuco
2021,3,PE,RGF-Anexo 01,DespesaComPessoalLiquida,DESPESA LÍQUIDA COM PESSOAL (III) = (I - II),<MR-1>,993228042.32,9616621,Pernambuco
2021,3,PE,RGF-Anexo 01,DespesaComPessoalLiquida,DESPESA LÍQUIDA COM PESSOAL (III) = (I - II),<MR>,2256419726.57,9616621,Pernambuco
2021,3,PE,RGF-Anexo 01,DespesaComPessoalLiquida,DESPESA LÍQUIDA COM PESSOAL (III) = (I - II),TOTAL (ÚLTIMOS 12 MESES) (a),12858764456.35,9616621,Pernambuco
2021,3,PE,RGF-Anexo 01,ReceitaCorrenteLiquidaLimiteLegal,RECEITA CORRENTE LIQUIDA - RCL (IV),Valor,31342387716.05,9616621,Pernambuco
2021,3,PE,RGF-Anexo 01,DespesaComPessoalTotal,DESPESA TOTAL COM PESSOAL - DTP (VIII) = (IIIa + IIIb),Valor,12858764456.35,9616621,Pernambuco
2021,3,PE,RGF-Anexo 01,DespesaComPessoalTotal,DESPESA TOTAL COM PESSOAL - DTP (VIII) = (IIIa + IIIb),% sobre a RCL Ajustada,41.04,9616621,Pernambuco
2021,3,PE,RGF-Anexo 02,DividaConsolidada,DÍVIDA CONSOLIDADA - DC (I),SALDO DO EXERCÍCIO ANTERIOR,17186972915.11,9616621,Pernambuco
2021,3,PE,RGF-Anexo 02,DividaConsolidada,DÍVIDA CONSOLIDADA - DC (I),Até o 1º Quadrimestre,17391077135.08,9616621,Pernambuco
2021,3,PE,RGF-Anexo 02,DividaConsolidada,DÍVIDA CONSOLIDADA - DC (I),Até o 2º Quadrimestre,16521154618.47,9616621,Pernambuco
2021,3,PE,RGF-Anexo 02,DividaConsolidada,DÍVIDA CONSOLIDADA - DC (I),Até o 3º Quadrimestre,16953181379.32,9616621,Pernambuco
2021,3,PE,RGF-Anexo 02,DividaContratual,Dívida Contratual,SALDO DO EXERCÍCIO ANTERIOR,16756313088.3,9616621,Pernambuco
2021,3,PE,RGF-Anexo 02,DividaContratual,Dívida Contratual,Até o 1º Quadrimestre,16960815370.01,9616621,Pernambuco
2021,3,PE,RGF-Anexo 02,DividaContratual,Dívida Contratual,Até o 2º Quadrimestre,16090183118.56,9616621,Pernambuco
2021,3,PE,RGF-Anexo 02,DividaContratual,Dívida Contratual,Até o 3º Quadrimestre,16637382659.23,9616621,Pernambuco
2021,3,PE,RGF-Anexo 02,DividaConsolidadaLiquida,DÍVIDA CONSOLIDADA LÍQUIDA (DCL) (III) = (I - II),SALDO DO EXERCÍCIO ANTERIOR,13081473274.29,9616621,Pernambuco
2021,3,PE,RGF-Anexo 02,DividaConsolidadaLiquida,DÍVIDA CONSOLIDADA LÍQUIDA (DCL) (III) = (I - II),Até o 1º Quadrimestre,11358409079.68,9616621,Pernambuco
2021,3,PE,RGF-Anexo 02,DividaConsolidadaLiquida,DÍVIDA CONSOLIDADA LÍQUIDA (DCL) (III) = (I - II),Até o 2º Quadrimestre,9477810772.1,9616621,Pernambuco
2021,3,PE,RGF-Anexo 02,DividaConsolidadaLiquida,DÍVIDA CONSOLIDADA LÍQUIDA (DCL) (III) = (I - II),Até o 3º Quadrimestre,11325610707.1,9616621,Pernambuco
2022,1,PE,RGF-Anexo 01,DespesaComPessoalBruta,DESPESA BRUTA COM PESSOAL (I),<MR-11>,1136359116.86,9674793,Pernambuco
2022,1,PE,RGF-Anexo 01,DespesaComPessoalBruta,DESPESA BRUTA COM PESSOAL (I),<MR-10>,1146010424.32,9674793,Pernambuco
2022,1,PE,RGF-Anexo 01,DespesaComPessoalBruta,DESPESA BRUTA COM PESSOAL (I),<MR-9>,1168654713.08,9674793,Pernambuco
2022,1,PE,RGF-Anexo 01,DespesaComPessoalBruta,DESPESA BRUTA COM PESSOAL (I),<MR-8>,1198066301.6,9674793,Pernambuco
2022,1,PE,RGF-Anexo 01,DespesaComPessoalBruta,DESPESA BRUTA COM PESSOAL (I),<MR-7>,1229430155.23,9674793,Pernambuco
2022,1,PE,RGF-Anexo 01,DespesaComPessoalBruta,DESPESA BRUTA COM PESSOAL (I),<MR-6>,1245395891.59,9674793,Pernambuco
2022,1,PE,RGF-Anexo 01,DespesaComPessoalBruta,DESPESA BRUTA COM PESSOAL (I),<MR-5>,1163743079.43,9674793,Pernambuco
2022,1,PE,RGF-Anexo 01,DespesaComPessoalBruta,DESPESA BRUTA COM PESSOAL (I),<MR-4>,2704779762.08,9674793,Pernambuco
2022,1,PE,RGF-Anexo 01,DespesaComPessoalBruta,DESPESA BRUTA COM PESSOAL (I),<MR-3>,1208526266.83,9674793,Pernambuco
2022,1,PE,RGF-Anexo 01,DespesaComPessoalBruta,DESPESA BRUTA COM PESSOAL (I),<MR-2>,1184720325.14,9674793,Pernambuco
2022,1,PE,RGF-Anexo 01,DespesaComPessoalBruta,DESPESA BRUTA COM PESSOAL (I),<MR-1>,1195030721.5,9674793,Pernambuco
2022,1,PE,RGF-Anexo 01,DespesaComPessoalBruta,DESPESA BRUTA COM PESSOAL (I),<MR>,1217097102.66,9674793,Pernambuco
2022,1,PE,RGF-Anexo 01,DespesaComPessoalBruta,DESPESA BRUTA COM PESSOAL (I),TOTAL (ÚLTIMOS 12 MESES) (a),15797813860.32,9674793,Pernambuco
2022,1,PE,RGF-Anexo 01,DespesaComPessoalAtivoBruta,Pessoal Ativo,<MR-11>,659926564.21,9674793,Pernambuco
2022,1,PE,RGF-Anexo 01,DespesaComPessoalAtivoBruta,Pessoal Ativo,<MR-10>,669007112.21,9674793,Pernambuco
2022,1,PE,RGF-Anexo 01,DespesaComPessoalAtivoBruta,Pessoal Ativo,<MR-9>,688003480.78,9674793,Pernambuco
2022,1,PE,RGF-Anexo 01,DespesaComPessoalAtivoBruta,Pessoal Ativo,<MR-8>,713863365.38,9674793,Pernambuco
2022,1,PE,RGF-Anexo 01,DespesaComPessoalAtivoBruta,Pessoal Ativo,<MR-7>,747661698.03,9674793,Pernambuco
2022,1,PE,RGF-Anexo 01,DespesaComPessoalAtivoBruta,Pessoal Ativo,<MR-6>,759929290.42,9674793,Pernambuco
2022,1,PE,RGF-Anexo 01,DespesaComPessoalAtivoBruta,Pessoal Ativo,<MR-5>,681412181.86,9674793,Pernambuco
2022,1,PE,RGF-Anexo 01,DespesaComPessoalAtivoBruta,Pessoal Ativo,<MR-4>,1735107061.16,9674793,Pernambuco
2022,1,PE,RGF-Anexo 01,DespesaComPessoalAtivoBruta,Pessoal Ativo,<MR-3>,717004766.36,9674793,Pernambuco
2022,1,PE,RGF-Anexo 01,DespesaComPessoalAtivoBruta,Pessoal Ativo,<MR-2>,686143788.76,9674793,Pernambuco
2022,1,PE,RGF-Anexo 01,DespesaComPessoalAtivoBruta,Pessoal Ativo,<MR-1>,698363535.14,9674793,Pernambuco
2022,1,PE,RGF-Anexo 01,DespesaComPessoalAtivoBruta,Pessoal Ativo,<MR>,713365589.37,9674793,Pernambuco
2022,1,PE,RGF-Anexo 01,DespesaComPessoalAtivoBruta,Pessoal Ativo,TOTAL (ÚLTIMOS 12 MESES) (a),9469788433.68,9674793,Pernambuco
2022,1,PE,RGF-Anexo 01,DespesaComPessoalInativoEPensionistasBruta,Pessoal Inativo e Pensionistas,<MR-11>,476432552.65,9674793,Pernambuco
2022,1,PE,RGF-Anexo 01,DespesaComPessoalInativoEPensionistasBruta,Pessoal Inativo e Pensionistas,<MR-10>,477003312.11,9674793,Pernambuco
2022,1,PE,RGF-Anexo 01,DespesaComPessoalInativoEPensionistasBruta,Pessoal Inativo e Pensionistas,<MR-9>,480651232.3,9674793,Pernambuco
2022,1,PE,RGF-Anexo 01,DespesaComPessoalInativoEPensionistasBruta,Pessoal Inativo e Pensionistas,<MR-8>,484202936.22,9674793,Pernambuco
2022,1,PE,RGF-Anexo 01,DespesaComPessoalInativoEPensionistasBruta,Pessoal Inativo e Pensionistas,<MR-7>,481768457.2,9674793,Pernambuco
2022,1,PE,RGF-Anexo 01,DespesaComPessoalInativoEPensionistasBruta,Pessoal Inativo e Pensionistas,<MR-6>,485466601.17,9674793,Pernambuco
2022,1,PE,RGF-Anexo 01,DespesaComPessoalInativoEPensionistasBruta,Pessoal Inativo e Pensionistas,<MR-5>,482330897.57,9674793,Pernambuco
2022,1,PE,RGF-Anexo 01,DespesaComPessoalInativoEPensionistasBruta,Pessoal Inativo e Pensionistas,<MR-4>,969672700.92,9674793,Pernambuco
2022,1,PE,RGF-Anexo 01,DespesaComPessoalInativoEPensionistasBruta,Pessoal Inativo e Pensionistas,<MR-3>,491521500.47,9674793,Pernambuco
2022,1,PE,RGF-Anexo 01,DespesaComPessoalInativoEPensionistasBruta,Pessoal Inativo e Pensionistas,<MR-2>,498576536.38,9674793,Pernambuco
2022,1,PE,RGF-Anexo 01,DespesaComPessoalInativoEPensionistasBruta,Pessoal Inativo e Pensionistas,<MR-1>,496667186.36,9674793,Pernambuco
2022,1,PE,RGF-Anexo 01,DespesaComPessoalInativoEPensionistasBruta,Pessoal Inativo e Pensionistas,<MR>,503731513.29,9674793,Pernambuco
2022,1,PE,RGF-Anexo 01,DespesaComPessoalInativoEPensionistasBruta,Pessoal Inativo e Pensionistas,TOTAL (ÚLTIMOS 12 MESES) (a),6328025426.64,9674793,Pernambuco
2022,1,PE,RGF-Anexo 01,DespesaComPessoalLiquida,DESPESA LÍQUIDA COM PESSOAL (III) = (I - II),<MR-11>,940827054.51,9674793,Pernambuco
2022,1,PE,RGF-Anexo 01,DespesaComPessoalLiquida,DESPESA LÍQUIDA COM PESSOAL (III) = (I - II),<MR-10>,968156460.44,9674793,Pernambuco
2022,1,PE,RGF-Anexo 01,DespesaComPessoalLiquida,DESPESA LÍQUIDA COM PESSOAL (III) = (I - II),<MR-9>,978291472.52,9674793,Pernambuco
2022,1,PE,RGF-Anexo 01,DespesaComPessoalLiquida,DESPESA LÍQUIDA COM PESSOAL (III) = (I - II),<MR-8>,1020440538.82,9674793,Pernambuco
2022,1,PE,RGF-Anexo 01,DespesaComPessoalLiquida,DESPESA LÍQUIDA COM PESSOAL (III) = (I - II),<MR-7>,986103534.67,9674793,Pernambuco
2022,1,PE,RGF-Anexo 01,DespesaComPessoalLiquida,DESPESA LÍQUIDA COM PESSOAL (III) = (I - II),<MR-6>,1072665202.42,9674793,Pernambuco
2022,1,PE,RGF-Anexo 01,DespesaComPessoalLiquida,DESPESA LÍQUIDA COM PESSOAL (III) = (I - II),<MR-5>,993228042.32,9674793,Pernambuco
2022,1,PE,RGF-Anexo 01,DespesaComPessoalLiquida,DESPESA LÍQUIDA COM PESSOAL (III) = (I - II),<MR-4>,2256419726.57,9674793,Pernambuco
2022,1,PE,RGF-Anexo 01,DespesaComPessoalLiquida,DESPESA LÍQUIDA COM PESSOAL (III) = (I - II),<MR-3>,1019892535.2,9674793,Pernambuco
2022,1,PE,RGF-Anexo 01,DespesaComPessoalLiquida,DESPESA LÍQUIDA COM PESSOAL (III) = (I - II),<MR-2>,1003705749.28,9674793,Pernambuco
2022,1,PE,RGF-Anexo 01,DespesaComPessoalLiquida,DESPESA LÍQUIDA COM PESSOAL (III) = (I - II),<MR-1>,967521667.17,9674793,Pernambuco
2022,1,PE,RGF-Anexo 01,DespesaComPessoalLiquida,DESPESA LÍQUIDA COM PESSOAL (III) = (I - II),<MR>,1041514494.31,9674793,Pernambuco
2022,1,PE,RGF-Anexo 01,DespesaComPessoalLiquida,DESPESA LÍQUIDA COM PESSOAL (III) = (I - II),TOTAL (ÚLTIMOS 12 MESES) (a),13248766478.23,9674793,Pernambuco
2022,1,PE,RGF-Anexo 01,ReceitaCorrenteLiquidaLimiteLegal,RECEITA CORRENTE LIQUIDA - RCL (IV),Valor,33005985031.8,9674793,Pernambuco
2022,1,PE,RGF-Anexo 01,DespesaComPessoalTotal,DESPESA TOTAL COM PESSOAL - DTP (VIII) = (IIIa + IIIb),Valor,13248766478.23,9674793,Pernambuco
2022,1,PE,RGF-Anexo 01,DespesaComPessoalTotal,DESPESA TOTAL COM PESSOAL - DTP (VIII) = (IIIa + IIIb),% sobre a RCL Ajustada,40.15,9674793,Pernambuco
2022,1,PE,RGF-Anexo 02,DividaConsolidada,DÍVIDA CONSOLIDADA - DC (I),SALDO DO EXERCÍCIO ANTERIOR,16953181379.32,9674793,Pernambuco
2022,1,PE,RGF-Anexo 02,DividaConsolidada,DÍVIDA CONSOLIDADA - DC (I),Até o 1º Quadrimestre,15989220809.51,9674793,Pernambuco
2022,1,PE,RGF-Anexo 02,DividaContratual,Dívida Contratual,SALDO DO EXERCÍCIO ANTERIOR,16637382659.23,9674793,Pernambuco
2022,1,PE,RGF-Anexo 02,DividaContratual,Dívida Contratual,Até o 1º Quadrimestre,15673344558.67,9674793,Pernambuco
2022,1,PE,RGF-Anexo 02,DividaConsolidadaLiquida,DÍVIDA CONSOLIDADA LÍQUIDA (DCL) (III) = (I - II),SALDO DO EXERCÍCIO ANTERIOR,11325610707.1,9674793,Pernambuco
2022,1,PE,RGF-Anexo 02,DividaConsolidadaLiquida,DÍVIDA CONSOLIDADA LÍQUIDA (DCL) (III) = (I - II),Até o 1º Quadrimestre,8298281421.21,9674793,Pernambuco
2022,2,PE,RGF-Anexo 01,DespesaComPessoalBruta,DESPESA BRUTA COM PESSOAL (I),<MR-11>,1229430155.23,9674793,Pernambuco
2022,2,PE,RGF-Anexo 01,DespesaComPessoalBruta,DESPESA BRUTA COM PESSOAL (I),<MR-10>,1245395891.59,9674793,Pernambuco
2022,2,PE,RGF-Anexo 01,DespesaComPessoalBruta,DESPESA BRUTA COM PESSOAL (I),<MR-9>,1163743079.43,9674793,Pernambuco
2022,2,PE,RGF-Anexo 01,DespesaComPessoalBruta,DESPESA BRUTA COM PESSOAL (I),<MR-8>,2704779762.08,9674793,Pernambuco
2022,2,PE,RGF-Anexo 01,DespesaComPessoalBruta,DESPESA BRUTA COM PESSOAL (I),<MR-7>,1208526266.83,9674793,Pernambuco
2022,2,PE,RGF-Anexo 01,DespesaComPessoalBruta,DESPESA BRUTA COM PESSOAL (I),<MR-6>,1184720325.14,9674793,Pernambuco
2022,2,PE,RGF-Anexo 01,DespesaComPessoalBruta,DESPESA BRUTA COM PESSOAL (I),<MR-5>,1195030721.5,9674793,Pernambuco
2022,2,PE,RGF-Anexo 01,DespesaComPessoalBruta,DESPESA BRUTA COM PESSOAL (I),<MR-4>,1217097102.66,9674793,Pernambuco
2022,2,PE,RGF-Anexo 01,DespesaComPessoalBruta,DESPESA BRUTA COM PESSOAL (I),<MR-3>,1251126415.67,9674793,Pernambuco
2022,2,PE,RGF-Anexo 01,DespesaComPessoalBruta,DESPESA BRUTA COM PESSOAL (I),<MR-2>,1518680588.21,9674793,Pernambuco
2022,2,PE,RGF-Anexo 01,DespesaComPessoalBruta,DESPESA BRUTA COM PESSOAL (I),<MR-1>,1527770970.49,9674793,Pernambuco
2022,2,PE,RGF-Anexo 01,DespesaComPessoalBruta,DESPESA BRUTA COM PESSOAL (I),<MR>,1475399302.79,9674793,Pernambuco
2022,2,PE,RGF-Anexo 01,DespesaComPessoalBruta,DESPESA BRUTA COM PESSOAL (I),TOTAL (ÚLTIMOS 12 MESES) (a),16921700581.62,9674793,Pernambuco
2022,2,PE,RGF-Anexo 01,DespesaComPessoalAtivoBruta,Pessoal Ativo,<MR-11>,747661698.03,9674793,Pernambuco
2022,2,PE,RGF-Anexo 01,DespesaComPessoalAtivoBruta,Pessoal Ativo,<MR-10>,759929290.42,9674793,Pernambuco
2022,2,PE,RGF-Anexo 01,DespesaComPessoalAtivoBruta,Pessoal Ativo,<MR-9>,681412181.86,9674793,Pernambuco
2022,2,PE,RGF-Anexo 01,DespesaComPessoalAtivoBruta,Pessoal Ativo,<MR-8>,1735107061.16,9674793,Pernambuco
2022,2,PE,RGF-Anexo 01,DespesaComPessoalAtivoBruta,Pessoal Ativo,<MR-7>,717004766.36,9674793,Pernambuco
2022,2,PE,RGF-Anexo 01,DespesaComPessoalAtivoBruta,Pessoal Ativo,<MR-6>,686143788.76,9674793,Pernambuco
2022,2,PE,RGF-Anexo 01,DespesaComPessoalAtivoBruta,Pessoal Ativo,<MR-5>,698363535.14,9674793,Pernambuco
2022,2,PE,RGF-Anexo 01,DespesaComPessoalAtivoBruta,Pessoal Ativo,<MR-4>,713365589.37,9674793,Pernambuco
2022,2,PE,RGF-Anexo 01,DespesaComPessoalAtivoBruta,Pessoal Ativo,<MR-3>,744728927.35,9674793,Pernambuco
2022,2,PE,RGF-Anexo 01,DespesaComPessoalAtivoBruta,Pessoal Ativo,<MR-2>,904910396.35,9674793,Pernambuco
2022,2,PE,RGF-Anexo 01,DespesaComPessoalAtivoBruta,Pessoal Ativo,<MR-1>,923038804.97,9674793,Pernambuco
2022,2,PE,RGF-Anexo 01,DespesaComPessoalAtivoBruta,Pessoal Ativo,<MR>,872915186.3,9674793,Pernambuco
2022,2,PE,RGF-Anexo 01,DespesaComPessoalAtivoBruta,Pessoal Ativo,TOTAL (ÚLTIMOS 12 MESES) (a),10184581226.07,9674793,Pernambuco
2022,2,PE,RGF-Anexo 01,DespesaComPessoalInativoEPensionistasBruta,Pessoal Inativo e Pensionistas,<MR-11>,481768457.2,9674793,Pernambuco
2022,2,PE,RGF-Anexo 01,DespesaComPessoalInativoEPensionistasBruta,Pessoal Inativo e Pensionistas,<MR-10>,485466601.17,9674793,Pernambuco
2022,2,PE,RGF-Anexo 01,DespesaComPessoalInativoEPensionistasBruta,Pessoal Inativo e Pensionistas,<MR-9>,482330897.57,9674793,Pernambuco
2022,2,PE,RGF-Anexo 01,DespesaComPessoalInativoEPensionistasBruta,Pessoal Inativo e Pensionistas,<MR-8>,969672700.92,9674793,Pernambuco
2022,2,PE,RGF-Anexo 01,DespesaComPessoalInativoEPensionistasBruta,Pessoal Inativo e Pensionistas,<MR-7>,491521500.47,9674793,Pernambuco
2022,2,PE,RGF-Anexo 01,DespesaComPessoalInativoEPensionistasBruta,Pessoal Inativo e Pensionistas,<MR-6>,498576536.38,9674793,Pernambuco
2022,2,PE,RGF-Anexo 01,DespesaComPessoalInativoEPensionistasBruta,Pessoal Inativo e Pensionistas,<MR-5>,496667186.36,9674793,Pernambuco
2022,2,PE,RGF-Anexo 01,DespesaComPessoalInativoEPensionistasBruta,Pessoal Inativo e Pensionistas,<MR-4>,503731513.29,9674793,Pernambuco
2022,2,PE,RGF-Anexo 01,DespesaComPessoalInativoEPensionistasBruta,Pessoal Inativo e Pensionistas,<MR-3>,506397488.32,9674793,Pernambuco
2022,2,PE,RGF-Anexo 01,DespesaComPessoalInativoEPensionistasBruta,Pessoal Inativo e Pensionistas,<MR-2>,613770191.86,9674793,Pernambuco
2022,2,PE,RGF-Anexo 01,DespesaComPessoalInativoEPensionistasBruta,Pessoal Inativo e Pensionistas,<MR-1>,604732165.52,9674793,Pernambuco
2022,2,PE,RGF-Anexo 01,DespesaComPessoalInativoEPensionistasBruta,Pessoal Inativo e Pensionistas,<MR>,602484116.49,9674793,Pernambuco
2022,2,PE,RGF-Anexo 01,DespesaComPessoalInativoEPensionistasBruta,Pessoal Inativo e Pensionistas,TOTAL (ÚLTIMOS 12 MESES) (a),6737119355.55,9674793,Pernambuco
2022,2,PE,RGF-Anexo 01,DespesaComPessoalLiquida,DESPESA LÍQUIDA COM PESSOAL (III) = (I - II),<MR-11>,986103534.67,9674793,Pernambuco
2022,2,PE,RGF-Anexo 01,DespesaComPessoalLiquida,DESPESA LÍQUIDA COM PESSOAL (III) = (I - II),<MR-10>,1072665202.42,9674793,Pernambuco
2022,2,PE,RGF-Anexo 01,DespesaComPessoalLiquida,DESPESA LÍQUIDA COM PESSOAL (III) = (I - II),<MR-9>,993228042.32,9674793,Pernambuco
2022,2,PE,RGF-Anexo 01,DespesaComPessoalLiquida,DESPESA LÍQUIDA COM PESSOAL (III) = (I - II),<MR-8>,2256419726.57,9674793,Pernambuco
2022,2,PE,RGF-Anexo 01,DespesaComPessoalLiquida,DESPESA LÍQUIDA COM PESSOAL (III) = (I - II),<MR-7>,1019892535.2,9674793,Pernambuco
2022,2,PE,RGF-Anexo 01,DespesaComPessoalLiquida,DESPESA LÍQUIDA COM PESSOAL (III) = (I - II),<MR-6>,1003705749.28,9674793,Pernambuco
2022,2,PE,RGF-Anexo 01,DespesaComPessoalLiquida,DESPESA LÍQUIDA COM PESSOAL (III) = (I - II),<MR-5>,967521667.17,9674793,Pernambuco
2022,2,PE,RGF-Anexo 01,DespesaComPessoalLiquida,DESPESA LÍQUIDA COM PESSOAL (III) = (I - II),<MR-4>,1041514494.31,9674793,Pernambuco
2022,2,PE,RGF-Anexo 01,DespesaComPessoalLiquida,DESPESA LÍQUIDA COM PESSOAL (III) = (I - II),<MR-3>,1065981381.96,9674793,Pernambuco
2022,2,PE,RGF-Anexo 01,DespesaComPessoalLiquida,DESPESA LÍQUIDA COM PESSOAL (III) = (I - II),<MR-2>,1295810029.1,9674793,Pernambuco
2022,2,PE,RGF-Anexo 01,DespesaComPessoalLiquida,DESPESA LÍQUIDA COM PESSOAL (III) = (I - II),<MR-1>,1325013650.71,9674793,Pernambuco
2022,2,PE,RGF-Anexo 01,DespesaComPessoalLiquida,DESPESA LÍQUIDA COM PESSOAL (III) = (I - II),<MR>,1237458987.25,9674793,Pernambuco
2022,2,PE,RGF-Anexo 01,DespesaComPessoalLiquida,DESPESA LÍQUIDA COM PESSOAL (III) = (I - II),TOTAL (ÚLTIMOS 12 MESES) (a),14265315000.96,9674793,Pernambuco
2022,2,PE,RGF-Anexo 01,ReceitaCorrenteLiquidaLimiteLegal,RECEITA CORRENTE LIQUIDA - RCL (IV),Valor,36060498483.31,9674793,Pernambuco
2022,2,PE,RGF-Anexo 01,DespesaComPessoalTotal,DESPESA TOTAL COM PESSOAL - DTP (VIII) = (IIIa + IIIb),Valor,14265315000.96,9674793,Pernambuco
2022,2,PE,RGF-Anexo 01,DespesaComPessoalTotal,DESPESA TOTAL COM PESSOAL - DTP (VIII) = (IIIa + IIIb),% sobre a RCL Ajustada,39.59,9674793,Pernambuco
2022,2,PE,RGF-Anexo 02,DividaConsolidada,DÍVIDA CONSOLIDADA - DC (I),SALDO DO EXERCÍCIO ANTERIOR,16953181379.32,9674793,Pernambuco
2022,2,PE,RGF-Anexo 02,DividaConsolidada,DÍVIDA CONSOLIDADA - DC (I),Até o 1º Quadrimestre,15989220809.51,9674793,Pernambuco
2022,2,PE,RGF-Anexo 02,DividaConsolidada,DÍVIDA CONSOLIDADA - DC (I),Até o 2º Quadrimestre,17158625288.99,9674793,Pernambuco
2022,2,PE,RGF-Anexo 02,DividaContratual,Dívida Contratual,SALDO DO EXERCÍCIO ANTERIOR,16637382659.23,9674793,Pernambuco
2022,2,PE,RGF-Anexo 02,DividaContratual,Dívida Contratual,Até o 1º Quadrimestre,15673344558.67,9674793,Pernambuco
2022,2,PE,RGF-Anexo 02,DividaContratual,Dívida Contratual,Até o 2º Quadrimestre,16770595103.74,9674793,Pernambuco
2022,2,PE,RGF-Anexo 02,DividaConsolidadaLiquida,DÍVIDA CONSOLIDADA LÍQUIDA (DCL) (III) = (I - II),SALDO DO EXERCÍCIO ANTERIOR,11325610707.1,9674793,Pernambuco
2022,2,PE,RGF-Anexo 02,DividaConsolidadaLiquida,DÍVIDA CONSOLIDADA LÍQUIDA (DCL) (III) = (I - II),Até o 1º Quadrimestre,8298281421.21,9674793,Pernambuco
2022,2,PE,RGF-Anexo 02,DividaConsolidadaLiquida,DÍVIDA CONSOLIDADA LÍQUIDA (DCL) (III) = (I - II),Até o 2º Quadrimestre,7739222872.19,9674793,Pernambuco
2022,3,PE,RGF-Anexo 01,DespesaComPessoalBruta,DESPESA BRUTA COM PESSOAL (I),<MR-11>,1208526266.83,9674793,Pernambuco
2022,3,PE,RGF-Anexo 01,DespesaComPessoalBruta,DESPESA BRUTA COM PESSOAL (I),<MR-10>,1184720325.14,9674793,Pernambuco
2022,3,PE,RGF-Anexo 01,DespesaComPessoalBruta,DESPESA BRUTA COM PESSOAL (I),<MR-9>,1195030721.5,9674793,Pernambuco
2022,3,PE,RGF-Anexo 01,DespesaComPessoalBruta,DESPESA BRUTA COM PESSOAL (I),<MR-8>,1217097102.66,9674793,Pernambuco
2022,3,PE,RGF-Anexo 01,DespesaComPessoalBruta,DESPESA BRUTA COM PESSOAL (I),<MR-7>,1251126415.67,9674793,Pernambuco
2022,3,PE,RGF-Anexo 01,DespesaComPessoalBruta,DESPESA BRUTA COM PESSOAL (I),<MR-6>,1518680588.21,9674793,Pernambuco
2022,3,PE,RGF-Anexo 01,DespesaComPessoalBruta,DESPESA BRUTA COM PESSOAL (I),<MR-5>,1527770970.49,9674793,Pernambuco
2022,3,PE,RGF-Anexo 01,DespesaComPessoalBruta,DESPESA BRUTA COM PESSOAL (I),<MR-4>,1475399302.79,9674793,Pernambuco
2022,3,PE,RGF-Anexo 01,DespesaComPessoalBruta,DESPESA BRUTA COM PESSOAL (I),<MR-3>,2510751616.54,9674793,Pernambuco
2022,3,PE,RGF-Anexo 01,DespesaComPessoalBruta,DESPESA BRUTA COM PESSOAL (I),<MR-2>,1461500007.46,9674793,Pernambuco
2022,3,PE,RGF-Anexo 01,DespesaComPessoalBruta,DESPESA BRUTA COM PESSOAL (I),<MR-1>,1684394614.33,9674793,Pernambuco
2022,3,PE,RGF-Anexo 01,DespesaComPessoalBruta,DESPESA BRUTA COM PESSOAL (I),<MR>,2346114279.11,9674793,Pernambuco
2022,3,PE,RGF-Anexo 01,DespesaComPessoalBruta,DESPESA BRUTA COM PESSOAL (I),TOTAL (ÚLTIMOS 12 MESES) (a),18581112210.73,9674793,Pernambuco
2022,3,PE,RGF-Anexo 01,DespesaComPessoalAtivoBruta,Pessoal Ativo,<MR-11>,717004766.36,9674793,Pernambuco
2022,3,PE,RGF-Anexo 01,DespesaComPessoalAtivoBruta,Pessoal Ativo,<MR-10>,686143788.76,9674793,Pernambuco
2022,3,PE,RGF-Anexo 01,DespesaComPessoalAtivoBruta,Pessoal Ativo,<MR-9>,698363535.14,9674793,Pernambuco
2022,3,PE,RGF-Anexo 01,DespesaComPessoalAtivoBruta,Pessoal Ativo,<MR-8>,713365589.37,9674793,Pernambuco
2022,3,PE,RGF-Anexo 01,DespesaComPessoalAtivoBruta,Pessoal Ativo,<MR-7>,744728927.35,9674793,Pernambuco
2022,3,PE,RGF-Anexo 01,DespesaComPessoalAtivoBruta,Pessoal Ativo,<MR-6>,904910396.35,9674793,Pernambuco
2022,3,PE,RGF-Anexo 01,DespesaComPessoalAtivoBruta,Pessoal Ativo,<MR-5>,923038804.97,9674793,Pernambuco
2022,3,PE,RGF-Anexo 01,DespesaComPessoalAtivoBruta,Pessoal Ativo,<MR-4>,872915186.3,9674793,Pernambuco
2022,3,PE,RGF-Anexo 01,DespesaComPessoalAtivoBruta,Pessoal Ativo,<MR-3>,1606516403.36,9674793,Pernambuco
2022,3,PE,RGF-Anexo 01,DespesaComPessoalAtivoBruta,Pessoal Ativo,<MR-2>,956222681.21,9674793,Pernambuco
2022,3,PE,RGF-Anexo 01,DespesaComPessoalAtivoBruta,Pessoal Ativo,<MR-1>,983665750.1,9674793,Pernambuco
2022,3,PE,RGF-Anexo 01,DespesaComPessoalAtivoBruta,Pessoal Ativo,<MR>,1469481549.12,9674793,Pernambuco
2022,3,PE,RGF-Anexo 01,DespesaComPessoalAtivoBruta,Pessoal Ativo,TOTAL (ÚLTIMOS 12 MESES) (a),11276357378.39,9674793,Pernambuco
2022,3,PE,RGF-Anexo 01,DespesaComPessoalInativoEPensionistasBruta,Pessoal Inativo e Pensionistas,<MR-11>,491521500.47,9674793,Pernambuco
2022,3,PE,RGF-Anexo 01,DespesaComPessoalInativoEPensionistasBruta,Pessoal Inativo e Pensionistas,<MR-10>,498576536.38,9674793,Pernambuco
2022,3,PE,RGF-Anexo 01,DespesaComPessoalInativoEPensionistasBruta,Pessoal Inativo e Pensionistas,<MR-9>,496667186.36,9674793,Pernambuco
2022,3,PE,RGF-Anexo 01,DespesaComPessoalInativoEPensionistasBruta,Pessoal Inativo e Pensionistas,<MR-8>,503731513.29,9674793,Pernambuco
2022,3,PE,RGF-Anexo 01,DespesaComPessoalInativoEPensionistasBruta,Pessoal Inativo e Pensionistas,<MR-7>,506397488.32,9674793,Pernambuco
2022,3,PE,RGF-Anexo 01,DespesaComPessoalInativoEPensionistasBruta,Pessoal Inativo e Pensionistas,<MR-6>,613770191.86,9674793,Pernambuco
2022,3,PE,RGF-Anexo 01,DespesaComPessoalInativoEPensionistasBruta,Pessoal Inativo e Pensionistas,<MR-5>,604732165.52,9674793,Pernambuco
2022,3,PE,RGF-Anexo 01,DespesaComPessoalInativoEPensionistasBruta,Pessoal Inativo e Pensionistas,<MR-4>,602484116.49,9674793,Pernambuco
2022,3,PE,RGF-Anexo 01,DespesaComPessoalInativoEPensionistasBruta,Pessoal Inativo e Pensionistas,<MR-3>,904235213.18,9674793,Pernambuco
2022,3,PE,RGF-Anexo 01,DespesaComPessoalInativoEPensionistasBruta,Pessoal Inativo e Pensionistas,<MR-2>,505277326.25,9674793,Pernambuco
2022,3,PE,RGF-Anexo 01,DespesaComPessoalInativoEPensionistasBruta,Pessoal Inativo e Pensionistas,<MR-1>,700728864.23,9674793,Pernambuco
2022,3,PE,RGF-Anexo 01,DespesaComPessoalInativoEPensionistasBruta,Pessoal Inativo e Pensionistas,<MR>,876632729.99,9674793,Pernambuco
2022,3,PE,RGF-Anexo 01,DespesaComPessoalInativoEPensionistasBruta,Pessoal Inativo e Pensionistas,TOTAL (ÚLTIMOS 12 MESES) (a),7304754832.34,9674793,Pernambuco
2022,3,PE,RGF-Anexo 01,DespesaComPessoalLiquida,DESPESA LÍQUIDA COM PESSOAL (III) = (I - II),<MR-11>,1016846323.02,9674793,Pernambuco
2022,3,PE,RGF-Anexo 01,DespesaComPessoalLiquida,DESPESA LÍQUIDA COM PESSOAL (III) = (I - II),<MR-10>,1000942752.33,9674793,Pernambuco
2022,3,PE,RGF-Anexo 01,DespesaComPessoalLiquida,DESPESA LÍQUIDA COM PESSOAL (III) = (I - II),<MR-9>,956985125.62,9674793,Pernambuco
2022,3,PE,RGF-Anexo 01,DespesaComPessoalLiquida,DESPESA LÍQUIDA COM PESSOAL (III) = (I - II),<MR-8>,1040120016.67,9674793,Pernambuco
2022,3,PE,RGF-Anexo 01,DespesaComPessoalLiquida,DESPESA LÍQUIDA COM PESSOAL (III) = (I - II),<MR-7>,1064563625.02,9674793,Pernambuco
2022,3,PE,RGF-Anexo 01,DespesaComPessoalLiquida,DESPESA LÍQUIDA COM PESSOAL (III) = (I - II),<MR-6>,1294361202.57,9674793,Pernambuco
2022,3,PE,RGF-Anexo 01,DespesaComPessoalLiquida,DESPESA LÍQUIDA COM PESSOAL (III) = (I - II),<MR-5>,1324029271.95,9674793,Pernambuco
2022,3,PE,RGF-Anexo 01,DespesaComPessoalLiquida,DESPESA LÍQUIDA COM PESSOAL (III) = (I - II),<MR-4>,1235192788.43,9674793,Pernambuco
2022,3,PE,RGF-Anexo 01,DespesaComPessoalLiquida,DESPESA LÍQUIDA COM PESSOAL (III) = (I - II),<MR-3>,2226835362.76,9674793,Pernambuco
2022,3,PE,RGF-Anexo 01,DespesaComPessoalLiquida,DESPESA LÍQUIDA COM PESSOAL (III) = (I - II),<MR-2>,1180201749.94,9674793,Pernambuco
2022,3,PE,RGF-Anexo 01,DespesaComPessoalLiquida,DESPESA LÍQUIDA COM PESSOAL (III) = (I - II),<MR-1>,1471889686.83,9674793,Pernambuco
2022,3,PE,RGF-Anexo 01,DespesaComPessoalLiquida,DESPESA LÍQUIDA COM PESSOAL (III) = (I - II),<MR>,1980110565.0,9674793,Pernambuco
2022,3,PE,RGF-Anexo 01,DespesaComPessoalLiquida,DESPESA LÍQUIDA COM PESSOAL (III) = (I - II),TOTAL (ÚLTIMOS 12 MESES) (a),15792078470.14,9674793,Pernambuco
2022,3,PE,RGF-Anexo 01,ReceitaCorrenteLiquidaLimiteLegal,RECEITA CORRENTE LIQUIDA - RCL (IV),Valor,36722105248.87,9674793,Pernambuco
2022,3,PE,RGF-Anexo 01,DespesaComPessoalTotal,DESPESA TOTAL COM PESSOAL - DTP (VIII) = (IIIa + IIIb),Valor,15792078470.14,9674793,Pernambuco
2022,3,PE,RGF-Anexo 01,DespesaComPessoalTotal,DESPESA TOTAL COM PESSOAL - DTP (VIII) = (IIIa + IIIb),% sobre a RCL Ajustada,43.03,9674793,Pernambuco
2022,3,PE,RGF-Anexo 02,DividaConsolidada,DÍVIDA CONSOLIDADA - DC (I),SALDO DO EXERCÍCIO ANTERIOR,16953181379.32,9674793,Pernambuco
2022,3,PE,RGF-Anexo 02,DividaConsolidada,DÍVIDA CONSOLIDADA - DC (I),Até o 1º Quadrimestre,15989220809.51,9674793,Pernambuco
2022,3,PE,RGF-Anexo 02,DividaConsolidada,DÍVIDA CONSOLIDADA - DC (I),Até o 2º Quadrimestre,17158625288.99,9674793,Pernambuco
2022,3,PE,RGF-Anexo 02,DividaConsolidada,DÍVIDA CONSOLIDADA - DC (I),Até o 3º Quadrimestre,16857697286.11,9674793,Pernambuco
2022,3,PE,RGF-Anexo 02,DividaContratual,Dívida Contratual,SALDO DO EXERCÍCIO ANTERIOR,16637382659.23,9674793,Pernambuco
2022,3,PE,RGF-Anexo 02,DividaContratual,Dívida Contratual,Até o 1º Quadrimestre,15673344558.67,9674793,Pernambuco
2022,3,PE,RGF-Anexo 02,DividaContratual,Dívida Contratual,Até o 2º Quadrimestre,16770595103.74,9674793,Pernambuco
2022,3,PE,RGF-Anexo 02,DividaContratual,Dívida Contratual,Até o 3º Quadrimestre,16602794406.99,9674793,Pernambuco
2022,3,PE,RGF-Anexo 02,DividaConsolidadaLiquida,DÍVIDA CONSOLIDADA LÍQUIDA (DCL) (III) = (I - II),SALDO DO EXERCÍCIO ANTERIOR,11325610707.1,9674793,Pernambuco
2022,3,PE,RGF-Anexo 02,DividaConsolidadaLiquida,DÍVIDA CONSOLIDADA LÍQUIDA (DCL) (III) = (I - II),Até o 1º Quadrimestre,8298281421.21,9674793,Pernambuco
2022,3,PE,RGF-Anexo 02,DividaConsolidadaLiquida,DÍVIDA CONSOLIDADA LÍQUIDA (DCL) (III) = (I - II),Até o 2º Quadrimestre,7739222872.19,9674793,Pernambuco
2022,3,PE,RGF-Anexo 02,DividaConsolidadaLiquida,DÍVIDA CONSOLIDADA LÍQUIDA (DCL) (III) = (I - II),Até o 3º Quadrimestre,12970167751.7,9674793,Pernambuco
2023,1,PE,RGF-Anexo 01,DespesaComPessoalBruta,DESPESA BRUTA COM PESSOAL (I),<MR-11>,1251126415.67,9674793,Pernambuco
2023,1,PE,RGF-Anexo 01,DespesaComPessoalBruta,DESPESA BRUTA COM PESSOAL (I),<MR-10>,1518680588.21,9674793,Pernambuco
2023,1,PE,RGF-Anexo 01,DespesaComPessoalBruta,DESPESA BRUTA COM PESSOAL (I),<MR-9>,1527770970.49,9674793,Pernambuco
2023,1,PE,RGF-Anexo 01,DespesaComPessoalBruta,DESPESA BRUTA COM PESSOAL (I),<MR-8>,1475399302.79,9674793,Pernambuco
2023,1,PE,RGF-Anexo 01,DespesaComPessoalBruta,DESPESA BRUTA COM PESSOAL (I),<MR-7>,2510751616.54,9674793,Pernambuco
2023,1,PE,RGF-Anexo 01,DespesaComPessoalBruta,DESPESA BRUTA COM PESSOAL (I),<MR-6>,1461500007.46,9674793,Pernambuco
2023,1,PE,RGF-Anexo 01,DespesaComPessoalBruta,DESPESA BRUTA COM PESSOAL (I),<MR-5>,1684394614.33,9674793,Pernambuco
2023,1,PE,RGF-Anexo 01,DespesaComPessoalBruta,DESPESA BRUTA COM PESSOAL (I),<MR-4>,2346114279.11,9674793,Pernambuco
2023,1,PE,RGF-Anexo 01,DespesaComPessoalBruta,DESPESA BRUTA COM PESSOAL (I),<MR-3>,1482310190.01,9674793,Pernambuco
2023,1,PE,RGF-Anexo 01,DespesaComPessoalBruta,DESPESA BRUTA COM PESSOAL (I),<MR-2>,1461387896.89,9674793,Pernambuco
2023,1,PE,RGF-Anexo 01,DespesaComPessoalBruta,DESPESA BRUTA COM PESSOAL (I),<MR-1>,1480372691.97,9674793,Pernambuco
2023,1,PE,RGF-Anexo 01,DespesaComPessoalBruta,DESPESA BRUTA COM PESSOAL (I),<MR>,1461638092.22,9674793,Pernambuco
2023,1,PE,RGF-Anexo 01,DespesaComPessoalBruta,DESPESA BRUTA COM PESSOAL (I),TOTAL (ÚLTIMOS 12 MESES) (a),19661446665.69,9674793,Pernambuco
2023,1,PE,RGF-Anexo 01,DespesaComPessoalAtivoBruta,Pessoal Ativo,<MR-11>,744728927.35,9674793,Pernambuco
2023,1,PE,RGF-Anexo 01,DespesaComPessoalAtivoBruta,Pessoal Ativo,<MR-10>,904910396.35,9674793,Pernambuco
2023,1,PE,RGF-Anexo 01,DespesaComPessoalAtivoBruta,Pessoal Ativo,<MR-9>,923038804.97,9674793,Pernambuco
2023,1,PE,RGF-Anexo 01,DespesaComPessoalAtivoBruta,Pessoal Ativo,<MR-8>,872915186.3,9674793,Pernambuco
2023,1,PE,RGF-Anexo 01,DespesaComPessoalAtivoBruta,Pessoal Ativo,<MR-7>,1606516403.36,9674793,Pernambuco
2023,1,PE,RGF-Anexo 01,DespesaComPessoalAtivoBruta,Pessoal Ativo,<MR-6>,956222681.21,9674793,Pernambuco
2023,1,PE,RGF-Anexo 01,DespesaComPessoalAtivoBruta,Pessoal Ativo,<MR-5>,983665750.1,9674793,Pernambuco
2023,1,PE,RGF-Anexo 01,DespesaComPessoalAtivoBruta,Pessoal Ativo,<MR-4>,1469481549.12,9674793,Pernambuco
2023,1,PE,RGF-Anexo 01,DespesaComPessoalAtivoBruta,Pessoal Ativo,<MR-3>,872011162.65,9674793,Pernambuco
2023,1,PE,RGF-Anexo 01,DespesaComPessoalAtivoBruta,Pessoal Ativo,<MR-2>,849602457.36,9674793,Pernambuco
2023,1,PE,RGF-Anexo 01,DespesaComPessoalAtivoBruta,Pessoal Ativo,<MR-1>,868054110.89,9674793,Pernambuco
2023,1,PE,RGF-Anexo 01,DespesaComPessoalAtivoBruta,Pessoal Ativo,<MR>,845604395.74,9674793,Pernambuco
2023,1,PE,RGF-Anexo 01,DespesaComPessoalAtivoBruta,Pessoal Ativo,TOTAL (ÚLTIMOS 12 MESES) (a),11896751825.4,9674793,Pernambuco
2023,1,PE,RGF-Anexo 01,DespesaComPessoalInativoEPensionistasBruta,Pessoal Inativo e Pensionistas,<MR-11>,506397488.32,9674793,Pernambuco
2023,1,PE,RGF-Anexo 01,DespesaComPessoalInativoEPensionistasBruta,Pessoal Inativo e Pensionistas,<MR-10>,613770191.86,9674793,Pernambuco
2023,1,PE,RGF-Anexo 01,DespesaComPessoalInativoEPensionistasBruta,Pessoal Inativo e Pensionistas,<MR-9>,604732165.52,9674793,Pernambuco
2023,1,PE,RGF-Anexo 01,DespesaComPessoalInativoEPensionistasBruta,Pessoal Inativo e Pensionistas,<MR-8>,602484116.49,9674793,Pernambuco
2023,1,PE,RGF-Anexo 01,DespesaComPessoalInativoEPensionistasBruta,Pessoal Inativo e Pensionistas,<MR-7>,904235213.18,9674793,Pernambuco
2023,1,PE,RGF-Anexo 01,DespesaComPessoalInativoEPensionistasBruta,Pessoal Inativo e Pensionistas,<MR-6>,505277326.25,9674793,Pernambuco
2023,1,PE,RGF-Anexo 01,DespesaComPessoalInativoEPensionistasBruta,Pessoal Inativo e Pensionistas,<MR-5>,700728864.23,9674793,Pernambuco
2023,1,PE,RGF-Anexo 01,DespesaComPessoalInativoEPensionistasBruta,Pessoal Inativo e Pensionistas,<MR-4>,876632729.99,9674793,Pernambuco
2023,1,PE,RGF-Anexo 01,DespesaComPessoalInativoEPensionistasBruta,Pessoal Inativo e Pensionistas,<MR-3>,610299027.36,9674793,Pernambuco
2023,1,PE,RGF-Anexo 01,DespesaComPessoalInativoEPensionistasBruta,Pessoal Inativo e Pensionistas,<MR-2>,611785439.53,9674793,Pernambuco
2023,1,PE,RGF-Anexo 01,DespesaComPessoalInativoEPensionistasBruta,Pessoal Inativo e Pensionistas,<MR-1>,612318581.08,9674793,Pernambuco
2023,1,PE,RGF-Anexo 01,DespesaComPessoalInativoEPensionistasBruta,Pessoal Inativo e Pensionistas,<MR>,616033696.48,9674793,Pernambuco
2023,1,PE,RGF-Anexo 01,DespesaComPessoalInativoEPensionistasBruta,Pessoal Inativo e Pensionistas,TOTAL (ÚLTIMOS 12 MESES) (a),7764694840.29,9674793,Pernambuco
2023,1,PE,RGF-Anexo 01,DespesaComPessoalLiquida,DESPESA LÍQUIDA COM PESSOAL (III) = (I - II),<MR-11>,1064563625.02,9674793,Pernambuco
2023,1,PE,RGF-Anexo 01,DespesaComPessoalLiquida,DESPESA LÍQUIDA COM PESSOAL (III) = (I - II),<MR-10>,1294361202.57,9674793,Pernambuco
2023,1,PE,RGF-Anexo 01,DespesaComPessoalLiquida,DESPESA LÍQUIDA COM PESSOAL (III) = (I - II),<MR-9>,1324029271.95,9674793,Pernambuco
2023,1,PE,RGF-Anexo 01,DespesaComPessoalLiquida,DESPESA LÍQUIDA COM PESSOAL (III) = (I - II),<MR-8>,1235192788.43,9674793,Pernambuco
2023,1,PE,RGF-Anexo 01,DespesaComPessoalLiquida,DESPESA LÍQUIDA COM PESSOAL (III) = (I - II),<MR-7>,2226835362.76,9674793,Pernambuco
2023,1,PE,RGF-Anexo 01,DespesaComPessoalLiquida,DESPESA LÍQUIDA COM PESSOAL (III) = (I - II),<MR-6>,1180201749.94,9674793,Pernambuco
2023,1,PE,RGF-Anexo 01,DespesaComPessoalLiquida,DESPESA LÍQUIDA COM PESSOAL (III) = (I - II),<MR-5>,1471889686.83,9674793,Pernambuco
2023,1,PE,RGF-Anexo 01,DespesaComPessoalLiquida,DESPESA LÍQUIDA COM PESSOAL (III) = (I - II),<MR-4>,1980110565.0,9674793,Pernambuco
2023,1,PE,RGF-Anexo 01,DespesaComPessoalLiquida,DESPESA LÍQUIDA COM PESSOAL (III) = (I - II),<MR-3>,1260499282.82,9674793,Pernambuco
2023,1,PE,RGF-Anexo 01,DespesaComPessoalLiquida,DESPESA LÍQUIDA COM PESSOAL (III) = (I - II),<MR-2>,1234185352.69,9674793,Pernambuco
2023,1,PE,RGF-Anexo 01,DespesaComPessoalLiquida,DESPESA LÍQUIDA COM PESSOAL (III) = (I - II),<MR-1>,1270241687.91,9674793,Pernambuco
2023,1,PE,RGF-Anexo 01,DespesaComPessoalLiquida,DESPESA LÍQUIDA COM PESSOAL (III) = (I - II),<MR>,1236276121.54,9674793,Pernambuco
2023,1,PE,RGF-Anexo 01,DespesaComPessoalLiquida,DESPESA LÍQUIDA COM PESSOAL (III) = (I - II),TOTAL (ÚLTIMOS 12 MESES) (a),16778386697.46,9674793,Pernambuco
2023,1,PE,RGF-Anexo 01,ReceitaCorrenteLiquidaLimiteLegal,RECEITA CORRENTE LIQUIDA - RCL (IV),Valor,37455562002.09,9674793,Pernambuco
2023,1,PE,RGF-Anexo 01,DespesaComPessoalTotal,DESPESA TOTAL COM PESSOAL - DTP (VIII) = (IIIa + IIIb),Valor,16778386697.46,9674793,Pernambuco
2023,1,PE,RGF-Anexo 01,DespesaComPessoalTotal,DESPESA TOTAL COM PESSOAL - DTP (VIII) = (IIIa + IIIb),% sobre a RCL Ajustada,44.82,9674793,Pernambuco
2023,1,PE,RGF-Anexo 02,DividaConsolidada,DÍVIDA CONSOLIDADA - DC (I),SALDO DO EXERCÍCIO ANTERIOR,16857697286.11,9674793,Pernambuco
2023,1,PE,RGF-Anexo 02,DividaConsolidada,DÍVIDA CONSOLIDADA - DC (I),Até o 1º Quadrimestre,16590461725.97,9674793,Pernambuco
2023,1,PE,RGF-Anexo 02,DividaContratual,Dívida Contratual,SALDO DO EXERCÍCIO ANTERIOR,16602794406.99,9674793,Pernambuco
2023,1,PE,RGF-Anexo 02,DividaContratual,Dívida Contratual,Até o 1º Quadrimestre,16262497891.85,9674793,Pernambuco
2023,1,PE,RGF-Anexo 02,DividaConsolidadaLiquida,DÍVIDA CONSOLIDADA LÍQUIDA (DCL) (III) = (I - II),SALDO DO EXERCÍCIO ANTERIOR,12970167751.7,9674793,Pernambuco
2023,1,PE,RGF-Anexo 02,DividaConsolidadaLiquida,DÍVIDA CONSOLIDADA LÍQUIDA (DCL) (III) = (I - II),Até o 1º Quadrimestre,9357562874.52,9674793,Pernambuco
2023,2,PE,RGF-Anexo 01,DespesaComPessoalBruta,DESPESA BRUTA COM PESSOAL (I),<MR-11>,2510751616.54,9674793,Pernambuco
2023,2,PE,RGF-Anexo 01,DespesaComPessoalBruta,DESPESA BRUTA COM PESSOAL (I),<MR-10>,1461500007.46,9674793,Pernambuco
2023,2,PE,RGF-Anexo 01,DespesaComPessoalBruta,DESPESA BRUTA COM PESSOAL (I),<MR-9>,1684394614.33,9674793,Pernambuco
2023,2,PE,RGF-Anexo 01,DespesaComPessoalBruta,DESPESA BRUTA COM PESSOAL (I),<MR-8>,2346114279.11,9674793,Pernambuco
2023,2,PE,RGF-Anexo 01,DespesaComPessoalBruta,DESPESA BRUTA COM PESSOAL (I),<MR-7>,1482310190.01,9674793,Pernambuco
2023,2,PE,RGF-Anexo 01,DespesaComPessoalBruta,DESPESA BRUTA COM PESSOAL (I),<MR-6>,1461387896.89,9674793,Pernambuco
2023,2,PE,RGF-Anexo 01,DespesaComPessoalBruta,DESPESA BRUTA COM PESSOAL (I),<MR-5>,1480372691.97,9674793,Pernambuco
2023,2,PE,RGF-Anexo 01,DespesaComPessoalBruta,DESPESA BRUTA COM PESSOAL (I),<MR-4>,1461638092.22,9674793,Pernambuco
2023,2,PE,RGF-Anexo 01,DespesaComPessoalBruta,DESPESA BRUTA COM PESSOAL (I),<MR-3>,1498908561.58,9674793,Pernambuco
2023,2,PE,RGF-Anexo 01,DespesaComPessoalBruta,DESPESA BRUTA COM PESSOAL (I),<MR-2>,1487975473.46,9674793,Pernambuco
2023,2,PE,RGF-Anexo 01,DespesaComPessoalBruta,DESPESA BRUTA COM PESSOAL (I),<MR-1>,1548168731.09,9674793,Pernambuco
2023,2,PE,RGF-Anexo 01,DespesaComPessoalBruta,DESPESA BRUTA COM PESSOAL (I),<MR>,1506940039.96,9674793,Pernambuco
2023,2,PE,RGF-Anexo 01,DespesaComPessoalBruta,DESPESA BRUTA COM PESSOAL (I),TOTAL (ÚLTIMOS 12 MESES) (a),19930462194.62,9674793,Pernambuco
2023,2,PE,RGF-Anexo 01,DespesaComPessoalAtivoBruta,Pessoal Ativo,<MR-11>,1606516403.36,9674793,Pernambuco
2023,2,PE,RGF-Anexo 01,DespesaComPessoalAtivoBruta,Pessoal Ativo,<MR-10>,956222681.21,9674793,Pernambuco
2023,2,PE,RGF-Anexo 01,DespesaComPessoalAtivoBruta,Pessoal Ativo,<MR-9>,983665750.1,9674793,Pernambuco
2023,2,PE,RGF-Anexo 01,DespesaComPessoalAtivoBruta,Pessoal Ativo,<MR-8>,1469481549.12,9674793,Pernambuco
2023,2,PE,RGF-Anexo 01,DespesaComPessoalAtivoBruta,Pessoal Ativo,<MR-7>,872011162.65,9674793,Pernambuco
2023,2,PE,RGF-Anexo 01,DespesaComPessoalAtivoBruta,Pessoal Ativo,<MR-6>,849602457.36,9674793,Pernambuco
2023,2,PE,RGF-Anexo 01,DespesaComPessoalAtivoBruta,Pessoal Ativo,<MR-5>,868054110.89,9674793,Pernambuco
2023,2,PE,RGF-Anexo 01,DespesaComPessoalAtivoBruta,Pessoal Ativo,<MR-4>,845604395.74,9674793,Pernambuco
2023,2,PE,RGF-Anexo 01,DespesaComPessoalAtivoBruta,Pessoal Ativo,<MR-3>,880475991.79,9674793,Pernambuco
2023,2,PE,RGF-Anexo 01,DespesaComPessoalAtivoBruta,Pessoal Ativo,<MR-2>,868478230.28,9674793,Pernambuco
2023,2,PE,RGF-Anexo 01,DespesaComPessoalAtivoBruta,Pessoal Ativo,<MR-1>,925689312.32,9674793,Pernambuco
2023,2,PE,RGF-Anexo 01,DespesaComPessoalAtivoBruta,Pessoal Ativo,<MR>,882425620.14,9674793,Pernambuco
2023,2,PE,RGF-Anexo 01,DespesaComPessoalAtivoBruta,Pessoal Ativo,TOTAL (ÚLTIMOS 12 MESES) (a),12008227664.96,9674793,Pernambuco
2023,2,PE,RGF-Anexo 01,DespesaComPessoalInativoEPensionistasBruta,Pessoal Inativo e Pensionistas,<MR-11>,904235213.18,9674793,Pernambuco
2023,2,PE,RGF-Anexo 01,DespesaComPessoalInativoEPensionistasBruta,Pessoal Inativo e Pensionistas,<MR-10>,505277326.25,9674793,Pernambuco
2023,2,PE,RGF-Anexo 01,DespesaComPessoalInativoEPensionistasBruta,Pessoal Inativo e Pensionistas,<MR-9>,700728864.23,9674793,Pernambuco
2023,2,PE,RGF-Anexo 01,DespesaComPessoalInativoEPensionistasBruta,Pessoal Inativo e Pensionistas,<MR-8>,876632729.99,9674793,Pernambuco
2023,2,PE,RGF-Anexo 01,DespesaComPessoalInativoEPensionistasBruta,Pessoal Inativo e Pensionistas,<MR-7>,610299027.36,9674793,Pernambuco
2023,2,PE,RGF-Anexo 01,DespesaComPessoalInativoEPensionistasBruta,Pessoal Inativo e Pensionistas,<MR-6>,611785439.53,9674793,Pernambuco
2023,2,PE,RGF-Anexo 01,DespesaComPessoalInativoEPensionistasBruta,Pessoal Inativo e Pensionistas,<MR-5>,612318581.08,9674793,Pernambuco
2023,2,PE,RGF-Anexo 01,DespesaComPessoalInativoEPensionistasBruta,Pessoal Inativo e Pensionistas,<MR-4>,616033696.48,9674793,Pernambuco
2023,2,PE,RGF-Anexo 01,DespesaComPessoalInativoEPensionistasBruta,Pessoal Inativo e Pensionistas,<MR-3>,618432569.79,9674793,Pernambuco
2023,2,PE,RGF-Anexo 01,DespesaComPessoalInativoEPensionistasBruta,Pessoal Inativo e Pensionistas,<MR-2>,619497243.18,9674793,Pernambuco
2023,2,PE,RGF-Anexo 01,DespesaComPessoalInativoEPensionistasBruta,Pessoal Inativo e Pensionistas,<MR-1>,622479418.77,9674793,Pernambuco
2023,2,PE,RGF-Anexo 01,DespesaComPessoalInativoEPensionistasBruta,Pessoal Inativo e Pensionistas,<MR>,624514419.82,9674793,Pernambuco
2023,2,PE,RGF-Anexo 01,DespesaComPessoalInativoEPensionistasBruta,Pessoal Inativo e Pensionistas,TOTAL (ÚLTIMOS 12 MESES) (a),7922234529.66,9674793,Pernambuco
2023,2,PE,RGF-Anexo 01,DespesaComPessoalLiquida,DESPESA LÍQUIDA COM PESSOAL (III) = (I - II),<MR-11>,2226835362.76,9674793,Pernambuco
2023,2,PE,RGF-Anexo 01,DespesaComPessoalLiquida,DESPESA LÍQUIDA COM PESSOAL (III) = (I - II),<MR-10>,1180201749.94,9674793,Pernambuco
2023,2,PE,RGF-Anexo 01,DespesaComPessoalLiquida,DESPESA LÍQUIDA COM PESSOAL (III) = (I - II),<MR-9>,1471889686.83,9674793,Pernambuco
2023,2,PE,RGF-Anexo 01,DespesaComPessoalLiquida,DESPESA LÍQUIDA COM PESSOAL (III) = (I - II),<MR-8>,1980110565.0,9674793,Pernambuco
2023,2,PE,RGF-Anexo 01,DespesaComPessoalLiquida,DESPESA LÍQUIDA COM PESSOAL (III) = (I - II),<MR-7>,1260499282.82,9674793,Pernambuco
2023,2,PE,RGF-Anexo 01,DespesaComPessoalLiquida,DESPESA LÍQUIDA COM PESSOAL (III) = (I - II),<MR-6>,1234185352.69,9674793,Pernambuco
2023,2,PE,RGF-Anexo 01,DespesaComPessoalLiquida,DESPESA LÍQUIDA COM PESSOAL (III) = (I - II),<MR-5>,1270241687.91,9674793,Pernambuco
2023,2,PE,RGF-Anexo 01,DespesaComPessoalLiquida,DESPESA LÍQUIDA COM PESSOAL (III) = (I - II),<MR-4>,1236276121.54,9674793,Pernambuco
2023,2,PE,RGF-Anexo 01,DespesaComPessoalLiquida,DESPESA LÍQUIDA COM PESSOAL (III) = (I - II),<MR-3>,1285280314.73,9674793,Pernambuco
2023,2,PE,RGF-Anexo 01,DespesaComPessoalLiquida,DESPESA LÍQUIDA COM PESSOAL (III) = (I - II),<MR-2>,1279631781.99,9674793,Pernambuco
2023,2,PE,RGF-Anexo 01,DespesaComPessoalLiquida,DESPESA LÍQUIDA COM PESSOAL (III) = (I - II),<MR-1>,1329919419.26,9674793,Pernambuco
2023,2,PE,RGF-Anexo 01,DespesaComPessoalLiquida,DESPESA LÍQUIDA COM PESSOAL (III) = (I - II),<MR>,1290259636.37,9674793,Pernambuco
2023,2,PE,RGF-Anexo 01,DespesaComPessoalLiquida,DESPESA LÍQUIDA COM PESSOAL (III) = (I - II),TOTAL (ÚLTIMOS 12 MESES) (a),17045330961.84,9674793,Pernambuco
2023,2,PE,RGF-Anexo 01,ReceitaCorrenteLiquidaLimiteLegal,RECEITA CORRENTE LIQUIDA - RCL (IV),Valor,37145195682.16,9674793,Pernambuco
2023,2,PE,RGF-Anexo 01,DespesaComPessoalTotal,DESPESA TOTAL COM PESSOAL - DTP (VIII) = (IIIa + IIIb),Valor,17045330961.84,9674793,Pernambuco
2023,2,PE,RGF-Anexo 01,DespesaComPessoalTotal,DESPESA TOTAL COM PESSOAL - DTP (VIII) = (IIIa + IIIb),% sobre a RCL Ajustada,45.92,9674793,Pernambuco
2023,2,PE,RGF-Anexo 02,DividaConsolidada,DÍVIDA CONSOLIDADA - DC (I),SALDO DO EXERCÍCIO ANTERIOR,16857697286.11,9674793,Pernambuco
2023,2,PE,RGF-Anexo 02,DividaConsolidada,DÍVIDA CONSOLIDADA - DC (I),Até o 1º Quadrimestre,16590461725.97,9674793,Pernambuco
2023,2,PE,RGF-Anexo 02,DividaConsolidada,DÍVIDA CONSOLIDADA - DC (I),Até o 2º Quadrimestre,17153446900.63,9674793,Pernambuco
2023,2,PE,RGF-Anexo 02,DividaContratual,Dívida Contratual,SALDO DO EXERCÍCIO ANTERIOR,16602794406.99,9674793,Pernambuco
2023,2,PE,RGF-Anexo 02,DividaContratual,Dívida Contratual,Até o 1º Quadrimestre,16262497891.85,9674793,Pernambuco
2023,2,PE,RGF-Anexo 02,DividaContratual,Dívida Contratual,Até o 2º Quadrimestre,16825711299.12,9674793,Pernambuco
2023,2,PE,RGF-Anexo 02,DividaConsolidadaLiquida,DÍVIDA CONSOLIDADA LÍQUIDA (DCL) (III) = (I - II),SALDO DO EXERCÍCIO ANTERIOR,12970167751.7,9674793,Pernambuco
2023,2,PE,RGF-Anexo 02,DividaConsolidadaLiquida,DÍVIDA CONSOLIDADA LÍQUIDA (DCL) (III) = (I - II),Até o 1º Quadrimestre,9357562874.52,9674793,Pernambuco
2023,2,PE,RGF-Anexo 02,DividaConsolidadaLiquida,DÍVIDA CONSOLIDADA LÍQUIDA (DCL) (III) = (I - II),Até o 2º Quadrimestre,8006095369.76,9674793,Pernambuco
2023,3,PE,RGF-Anexo 01,DespesaComPessoalBruta,DESPESA BRUTA COM PESSOAL (I),<MR-11>,1482310190.01,9674793,Pernambuco
2023,3,PE,RGF-Anexo 01,DespesaComPessoalBruta,DESPESA BRUTA COM PESSOAL (I),<MR-10>,1461387896.89,9674793,Pernambuco
2023,3,PE,RGF-Anexo 01,DespesaComPessoalBruta,DESPESA BRUTA COM PESSOAL (I),<MR-9>,1480372691.97,9674793,Pernambuco
2023,3,PE,RGF-Anexo 01,DespesaComPessoalBruta,DESPESA BRUTA COM PESSOAL (I),<MR-8>,1461638092.22,9674793,Pernambuco
2023,3,PE,RGF-Anexo 01,DespesaComPessoalBruta,DESPESA BRUTA COM PESSOAL (I),<MR-7>,1498908561.58,9674793,Pernambuco
2023,3,PE,RGF-Anexo 01,DespesaComPessoalBruta,DESPESA BRUTA COM PESSOAL (I),<MR-6>,1487975473.46,9674793,Pernambuco
2023,3,PE,RGF-Anexo 01,DespesaComPessoalBruta,DESPESA BRUTA COM PESSOAL (I),<MR-5>,1548168731.09,9674793,Pernambuco
2023,3,PE,RGF-Anexo 01,DespesaComPessoalBruta,DESPESA BRUTA COM PESSOAL (I),<MR-4>,1506940039.96,9674793,Pernambuco
2023,3,PE,RGF-Anexo 01,DespesaComPessoalBruta,DESPESA BRUTA COM PESSOAL (I),<MR-3>,1564733149.23,9674793,Pernambuco
2023,3,PE,RGF-Anexo 01,DespesaComPessoalBruta,DESPESA BRUTA COM PESSOAL (I),<MR-2>,1699502254.6,9674793,Pernambuco
2023,3,PE,RGF-Anexo 01,DespesaComPessoalBruta,DESPESA BRUTA COM PESSOAL (I),<MR-1>,2569784720.78,9674793,Pernambuco
2023,3,PE,RGF-Anexo 01,DespesaComPessoalBruta,DESPESA BRUTA COM PESSOAL (I),<MR>,2089398272.92,9674793,Pernambuco
2023,3,PE,RGF-Anexo 01,DespesaComPessoalBruta,DESPESA BRUTA COM PESSOAL (I),TOTAL (ÚLTIMOS 12 MESES) (a),19851120074.71,9674793,Pernambuco
2023,3,PE,RGF-Anexo 01,DespesaComPessoalAtivoBruta,Pessoal Ativo,<MR-11>,872011162.65,9674793,Pernambuco
2023,3,PE,RGF-Anexo 01,DespesaComPessoalAtivoBruta,Pessoal Ativo,<MR-10>,849602457.36,9674793,Pernambuco
2023,3,PE,RGF-Anexo 01,DespesaComPessoalAtivoBruta,Pessoal Ativo,<MR-9>,868054110.89,9674793,Pernambuco
2023,3,PE,RGF-Anexo 01,DespesaComPessoalAtivoBruta,Pessoal Ativo,<MR-8>,845604395.74,9674793,Pernambuco
2023,3,PE,RGF-Anexo 01,DespesaComPessoalAtivoBruta,Pessoal Ativo,<MR-7>,880475991.79,9674793,Pernambuco
2023,3,PE,RGF-Anexo 01,DespesaComPessoalAtivoBruta,Pessoal Ativo,<MR-6>,868478230.28,9674793,Pernambuco
2023,3,PE,RGF-Anexo 01,DespesaComPessoalAtivoBruta,Pessoal Ativo,<MR-5>,925689312.32,9674793,Pernambuco
2023,3,PE,RGF-Anexo 01,DespesaComPessoalAtivoBruta,Pessoal Ativo,<MR-4>,882425620.14,9674793,Pernambuco
2023,3,PE,RGF-Anexo 01,DespesaComPessoalAtivoBruta,Pessoal Ativo,<MR-3>,944836893.79,9674793,Pernambuco
2023,3,PE,RGF-Anexo 01,DespesaComPessoalAtivoBruta,Pessoal Ativo,<MR-2>,1077272197.6,9674793,Pernambuco
2023,3,PE,RGF-Anexo 01,DespesaComPessoalAtivoBruta,Pessoal Ativo,<MR-1>,1449569642.63,9674793,Pernambuco
2023,3,PE,RGF-Anexo 01,DespesaComPessoalAtivoBruta,Pessoal Ativo,<MR>,1338137849.08,9674793,Pernambuco
2023,3,PE,RGF-Anexo 01,DespesaComPessoalAtivoBruta,Pessoal Ativo,TOTAL (ÚLTIMOS 12 MESES) (a),11802157864.27,9674793,Pernambuco
2023,3,PE,RGF-Anexo 01,DespesaComPessoalInativoEPensionistasBruta,Pessoal Inativo e Pensionistas,<MR-11>,610299027.36,9674793,Pernambuco
2023,3,PE,RGF-Anexo 01,DespesaComPessoalInativoEPensionistasBruta,Pessoal Inativo e Pensionistas,<MR-10>,611785439.53,9674793,Pernambuco
2023,3,PE,RGF-Anexo 01,DespesaComPessoalInativoEPensionistasBruta,Pessoal Inativo e Pensionistas,<MR-9>,612318581.08,9674793,Pernambuco
2023,3,PE,RGF-Anexo 01,DespesaComPessoalInativoEPensionistasBruta,Pessoal Inativo e Pensionistas,<MR-8>,616033696.48,9674793,Pernambuco
2023,3,PE,RGF-Anexo 01,DespesaComPessoalInativoEPensionistasBruta,Pessoal Inativo e Pensionistas,<MR-7>,618432569.79,9674793,Pernambuco
2023,3,PE,RGF-Anexo 01,DespesaComPessoalInativoEPensionistasBruta,Pessoal Inativo e Pensionistas,<MR-6>,619497243.18,9674793,Pernambuco
2023,3,PE,RGF-Anexo 01,DespesaComPessoalInativoEPensionistasBruta,Pessoal Inativo e Pensionistas,<MR-5>,622479418.77,9674793,Pernambuco
2023,3,PE,RGF-Anexo 01,DespesaComPessoalInativoEPensionistasBruta,Pessoal Inativo e Pensionistas,<MR-4>,624514419.82,9674793,Pernambuco
2023,3,PE,RGF-Anexo 01,DespesaComPessoalInativoEPensionistasBruta,Pessoal Inativo e Pensionistas,<MR-3>,619896255.44,9674793,Pernambuco
2023,3,PE,RGF-Anexo 01,DespesaComPessoalInativoEPensionistasBruta,Pessoal Inativo e Pensionistas,<MR-2>,622230057.0,9674793,Pernambuco
2023,3,PE,RGF-Anexo 01,DespesaComPessoalInativoEPensionistasBruta,Pessoal Inativo e Pensionistas,<MR-1>,1120215078.15,9674793,Pernambuco
2023,3,PE,RGF-Anexo 01,DespesaComPessoalInativoEPensionistasBruta,Pessoal Inativo e Pensionistas,<MR>,739310287.76,9674793,Pernambuco
2023,3,PE,RGF-Anexo 01,DespesaComPessoalInativoEPensionistasBruta,Pessoal Inativo e Pensionistas,TOTAL (ÚLTIMOS 12 MESES) (a),8037012074.36,9674793,Pernambuco
2023,3,PE,RGF-Anexo 01,DespesaComPessoalLiquida,DESPESA LÍQUIDA COM PESSOAL (III) = (I - II),<MR-11>,1259293644.26,9674793,Pernambuco
2023,3,PE,RGF-Anexo 01,DespesaComPessoalLiquida,DESPESA LÍQUIDA COM PESSOAL (III) = (I - II),<MR-10>,1233360416.83,9674793,Pernambuco
2023,3,PE,RGF-Anexo 01,DespesaComPessoalLiquida,DESPESA LÍQUIDA COM PESSOAL (III) = (I - II),<MR-9>,1269219984.48,9674793,Pernambuco
2023,3,PE,RGF-Anexo 01,DespesaComPessoalLiquida,DESPESA LÍQUIDA COM PESSOAL (III) = (I - II),<MR-8>,1235161095.14,9674793,Pernambuco
2023,3,PE,RGF-Anexo 01,DespesaComPessoalLiquida,DESPESA LÍQUIDA COM PESSOAL (III) = (I - II),<MR-7>,1275651829.46,9674793,Pernambuco
2023,3,PE,RGF-Anexo 01,DespesaComPessoalLiquida,DESPESA LÍQUIDA COM PESSOAL (III) = (I - II),<MR-6>,1273545476.4,9674793,Pernambuco
2023,3,PE,RGF-Anexo 01,DespesaComPessoalLiquida,DESPESA LÍQUIDA COM PESSOAL (III) = (I - II),<MR-5>,1328608218.53,9674793,Pernambuco
2023,3,PE,RGF-Anexo 01,DespesaComPessoalLiquida,DESPESA LÍQUIDA COM PESSOAL (III) = (I - II),<MR-4>,1288497509.24,9674793,Pernambuco
2023,3,PE,RGF-Anexo 01,DespesaComPessoalLiquida,DESPESA LÍQUIDA COM PESSOAL (III) = (I - II),<MR-3>,1333141229.76,9674793,Pernambuco
2023,3,PE,RGF-Anexo 01,DespesaComPessoalLiquida,DESPESA LÍQUIDA COM PESSOAL (III) = (I - II),<MR-2>,1461288024.17,9674793,Pernambuco
2023,3,PE,RGF-Anexo 01,DespesaComPessoalLiquida,DESPESA LÍQUIDA COM PESSOAL (III) = (I - II),<MR-1>,2076291270.44,9674793,Pernambuco
2023,3,PE,RGF-Anexo 01,DespesaComPessoalLiquida,DESPESA LÍQUIDA COM PESSOAL (III) = (I - II),<MR>,1806337103.28,9674793,Pernambuco
2023,3,PE,RGF-Anexo 01,DespesaComPessoalLiquida,DESPESA LÍQUIDA COM PESSOAL (III) = (I - II),TOTAL (ÚLTIMOS 12 MESES) (a),16840395801.99,9674793,Pernambuco
2023,3,PE,RGF-Anexo 01,ReceitaCorrenteLiquidaLimiteLegal,RECEITA CORRENTE LIQUIDA - RCL (IV),Valor,37830131985.44,9674793,Pernambuco
2023,3,PE,RGF-Anexo 01,DespesaComPessoalTotal,DESPESA TOTAL COM PESSOAL - DTP (VIII) = (IIIa + IIIb),Valor,16840395801.99,9674793,Pernambuco
2023,3,PE,RGF-Anexo 01,DespesaComPessoalTotal,DESPESA TOTAL COM PESSOAL - DTP (VIII) = (IIIa + IIIb),% sobre a RCL Ajustada,44.56,9674793,Pernambuco
2023,3,PE,RGF-Anexo 02,DividaConsolidada,DÍVIDA CONSOLIDADA - DC (I),SALDO DO EXERCÍCIO ANTERIOR,16857697286.11,9674793,Pernambuco
2023,3,PE,RGF-Anexo 02,DividaConsolidada,DÍVIDA CONSOLIDADA - DC (I),Até o 1º Quadrimestre,16590461725.97,9674793,Pernambuco
2023,3,PE,RGF-Anexo 02,DividaConsolidada,DÍVIDA CONSOLIDADA - DC (I),Até o 2º Quadrimestre,17153446900.63,9674793,Pernambuco
2023,3,PE,RGF-Anexo 02,DividaConsolidada,DÍVIDA CONSOLIDADA - DC (I),Até o 3º Quadrimestre,16825606008.9,9674793,Pernambuco
2023,3,PE,RGF-Anexo 02,DividaContratual,Dívida Contratual,SALDO DO EXERCÍCIO ANTERIOR,16602794406.99,9674793,Pernambuco
2023,3,PE,RGF-Anexo 02,DividaContratual,Dívida Contratual,Até o 1º Quadrimestre,16262497891.85,9674793,Pernambuco
2023,3,PE,RGF-Anexo 02,DividaContratual,Dívida Contratual,Até o 2º Quadrimestre,16825711299.12,9674793,Pernambuco
2023,3,PE,RGF-Anexo 02,DividaContratual,Dívida Contratual,Até o 3º Quadrimestre,16353821817.17,9674793,Pernambuco
2023,3,PE,RGF-Anexo 02,DividaConsolidadaLiquida,DÍVIDA CONSOLIDADA LÍQUIDA (DCL) (III) = (I - II),SALDO DO EXERCÍCIO ANTERIOR,12970167751.7,9674793,Pernambuco
2023,3,PE,RGF-Anexo 02,DividaConsolidadaLiquida,DÍVIDA CONSOLIDADA LÍQUIDA (DCL) (III) = (I - II),Até o 1º Quadrimestre,9357562874.52,9674793,Pernambuco
2023,3,PE,RGF-Anexo 02,DividaConsolidadaLiquida,DÍVIDA CONSOLIDADA LÍQUIDA (DCL) (III) = (I - II),Até o 2º Quadrimestre,8006095369.76,9674793,Pernambuco
2023,3,PE,RGF-Anexo 02,DividaConsolidadaLiquida,DÍVIDA CONSOLIDADA LÍQUIDA (DCL) (III) = (I - II),Até o 3º Quadrimestre,12069013825.15,9674793,Pernambuco
2024,1,PE,RGF-Anexo 01,DespesaComPessoalBruta,DESPESA BRUTA COM PESSOAL (I),<MR-11>,1498908561.58,9051113,Pernambuco
2024,1,PE,RGF-Anexo 01,DespesaComPessoalBruta,DESPESA BRUTA COM PESSOAL (I),<MR-10>,1487975473.46,9051113,Pernambuco
2024,1,PE,RGF-Anexo 01,DespesaComPessoalBruta,DESPESA BRUTA COM PESSOAL (I),<MR-9>,1548168731.09,9051113,Pernambuco
2024,1,PE,RGF-Anexo 01,DespesaComPessoalBruta,DESPESA BRUTA COM PESSOAL (I),<MR-8>,1506940039.96,9051113,Pernambuco
2024,1,PE,RGF-Anexo 01,DespesaComPessoalBruta,DESPESA BRUTA COM PESSOAL (I),<MR-7>,1564733149.23,9051113,Pernambuco
2024,1,PE,RGF-Anexo 01,DespesaComPessoalBruta,DESPESA BRUTA COM PESSOAL (I),<MR-6>,1699502254.6,9051113,Pernambuco
2024,1,PE,RGF-Anexo 01,DespesaComPessoalBruta,DESPESA BRUTA COM PESSOAL (I),<MR-5>,2569784720.78,9051113,Pernambuco
2024,1,PE,RGF-Anexo 01,DespesaComPessoalBruta,DESPESA BRUTA COM PESSOAL (I),<MR-4>,2089398272.92,9051113,Pernambuco
2024,1,PE,RGF-Anexo 01,DespesaComPessoalBruta,DESPESA BRUTA COM PESSOAL (I),<MR-3>,1547738432.04,9051113,Pernambuco
2024,1,PE,RGF-Anexo 01,DespesaComPessoalBruta,DESPESA BRUTA COM PESSOAL (I),<MR-2>,1531083121.09,9051113,Pernambuco
2024,1,PE,RGF-Anexo 01,DespesaComPessoalBruta,DESPESA BRUTA COM PESSOAL (I),<MR-1>,1518218396.2,9051113,Pernambuco
2024,1,PE,RGF-Anexo 01,DespesaComPessoalBruta,DESPESA BRUTA COM PESSOAL (I),<MR>,1525226838.85,9051113,Pernambuco
2024,1,PE,RGF-Anexo 01,DespesaComPessoalBruta,DESPESA BRUTA COM PESSOAL (I),TOTAL (ÚLTIMOS 12 MESES) (a),20087677991.8,9051113,Pernambuco
2024,1,PE,RGF-Anexo 01,DespesaComPessoalAtivoBruta,Pessoal Ativo,<MR-11>,880475991.79,9051113,Pernambuco
2024,1,PE,RGF-Anexo 01,DespesaComPessoalAtivoBruta,Pessoal Ativo,<MR-10>,868478230.28,9051113,Pernambuco
2024,1,PE,RGF-Anexo 01,DespesaComPessoalAtivoBruta,Pessoal Ativo,<MR-9>,925689312.32,9051113,Pernambuco
2024,1,PE,RGF-Anexo 01,DespesaComPessoalAtivoBruta,Pessoal Ativo,<MR-8>,882425620.14,9051113,Pernambuco
2024,1,PE,RGF-Anexo 01,DespesaComPessoalAtivoBruta,Pessoal Ativo,<MR-7>,944836893.79,9051113,Pernambuco
2024,1,PE,RGF-Anexo 01,DespesaComPessoalAtivoBruta,Pessoal Ativo,<MR-6>,1077272197.6,9051113,Pernambuco
2024,1,PE,RGF-Anexo 01,DespesaComPessoalAtivoBruta,Pessoal Ativo,<MR-5>,1449569642.63,9051113,Pernambuco
2024,1,PE,RGF-Anexo 01,DespesaComPessoalAtivoBruta,Pessoal Ativo,<MR-4>,1338137849.08,9051113,Pernambuco
2024,1,PE,RGF-Anexo 01,DespesaComPessoalAtivoBruta,Pessoal Ativo,<MR-3>,900928347.28,9051113,Pernambuco
2024,1,PE,RGF-Anexo 01,DespesaComPessoalAtivoBruta,Pessoal Ativo,<MR-2>,897936724.8,9051113,Pernambuco
2024,1,PE,RGF-Anexo 01,DespesaComPessoalAtivoBruta,Pessoal Ativo,<MR-1>,886483661.94,9051113,Pernambuco
2024,1,PE,RGF-Anexo 01,DespesaComPessoalAtivoBruta,Pessoal Ativo,<MR>,890269950.21,9051113,Pernambuco
2024,1,PE,RGF-Anexo 01,DespesaComPessoalAtivoBruta,Pessoal Ativo,TOTAL (ÚLTIMOS 12 MESES) (a),11942504421.86,9051113,Pernambuco
2024,1,PE,RGF-Anexo 01,DespesaComPessoalInativoEPensionistasBruta,Pessoal Inativo e Pensionistas,<MR-11>,618432569.79,9051113,Pernambuco
2024,1,PE,RGF-Anexo 01,DespesaComPessoalInativoEPensionistasBruta,Pessoal Inativo e Pensionistas,<MR-10>,619497243.18,9051113,Pernambuco
2024,1,PE,RGF-Anexo 01,DespesaComPessoalInativoEPensionistasBruta,Pessoal Inativo e Pensionistas,<MR-9>,622479418.77,9051113,Pernambuco
2024,1,PE,RGF-Anexo 01,DespesaComPessoalInativoEPensionistasBruta,Pessoal Inativo e Pensionistas,<MR-8>,624514419.82,9051113,Pernambuco
2024,1,PE,RGF-Anexo 01,DespesaComPessoalInativoEPensionistasBruta,Pessoal Inativo e Pensionistas,<MR-7>,619896255.44,9051113,Pernambuco
2024,1,PE,RGF-Anexo 01,DespesaComPessoalInativoEPensionistasBruta,Pessoal Inativo e Pensionistas,<MR-6>,622230057.0,9051113,Pernambuco
2024,1,PE,RGF-Anexo 01,DespesaComPessoalInativoEPensionistasBruta,Pessoal Inativo e Pensionistas,<MR-5>,1120215078.15,9051113,Pernambuco
2024,1,PE,RGF-Anexo 01,DespesaComPessoalInativoEPensionistasBruta,Pessoal Inativo e Pensionistas,<MR-4>,739310287.76,9051113,Pernambuco
2024,1,PE,RGF-Anexo 01,DespesaComPessoalInativoEPensionistasBruta,Pessoal Inativo e Pensionistas,<MR-3>,646810084.76,9051113,Pernambuco
2024,1,PE,RGF-Anexo 01,DespesaComPessoalInativoEPensionistasBruta,Pessoal Inativo e Pensionistas,<MR-2>,633146396.29,9051113,Pernambuco
2024,1,PE,RGF-Anexo 01,DespesaComPessoalInativoEPensionistasBruta,Pessoal Inativo e Pensionistas,<MR-1>,631734734.26,9051113,Pernambuco
2024,1,PE,RGF-Anexo 01,DespesaComPessoalInativoEPensionistasBruta,Pessoal Inativo e Pensionistas,<MR>,634956888.64,9051113,Pernambuco
2024,1,PE,RGF-Anexo 01,DespesaComPessoalInativoEPensionistasBruta,Pessoal Inativo e Pensionistas,TOTAL (ÚLTIMOS 12 MESES) (a),8133223433.86,9051113,Pernambuco
2024,1,PE,RGF-Anexo 01,DespesaComPessoalLiquida,DESPESA LÍQUIDA COM PESSOAL (III) = (I - II),<MR-11>,1275651829.46,9051113,Pernambuco
2024,1,PE,RGF-Anexo 01,DespesaComPessoalLiquida,DESPESA LÍQUIDA COM PESSOAL (III) = (I - II),<MR-10>,1273545476.4,9051113,Pernambuco
2024,1,PE,RGF-Anexo 01,DespesaComPessoalLiquida,DESPESA LÍQUIDA COM PESSOAL (III) = (I - II),<MR-9>,1328608218.53,9051113,Pernambuco
2024,1,PE,RGF-Anexo 01,DespesaComPessoalLiquida,DESPESA LÍQUIDA COM PESSOAL (III) = (I - II),<MR-8>,1288497509.24,9051113,Pernambuco
2024,1,PE,RGF-Anexo 01,DespesaComPessoalLiquida,DESPESA LÍQUIDA COM PESSOAL (III) = (I - II),<MR-7>,1333141229.76,9051113,Pernambuco
2024,1,PE,RGF-Anexo 01,DespesaComPessoalLiquida,DESPESA LÍQUIDA COM PESSOAL (III) = (I - II),<MR-6>,1461288024.17,9051113,Pernambuco
2024,1,PE,RGF-Anexo 01,DespesaComPessoalLiquida,DESPESA LÍQUIDA COM PESSOAL (III) = (I - II),<MR-5>,2076291270.44,9051113,Pernambuco
2024,1,PE,RGF-Anexo 01,DespesaComPessoalLiquida,DESPESA LÍQUIDA COM PESSOAL (III) = (I - II),<MR-4>,1806337103.28,9051113,Pernambuco
2024,1,PE,RGF-Anexo 01,DespesaComPessoalLiquida,DESPESA LÍQUIDA COM PESSOAL (III) = (I - II),<MR-3>,1352611451.45,9051113,Pernambuco
2024,1,PE,RGF-Anexo 01,DespesaComPessoalLiquida,DESPESA LÍQUIDA COM PESSOAL (III) = (I - II),<MR-2>,1394824456.03,9051113,Pernambuco
2024,1,PE,RGF-Anexo 01,DespesaComPessoalLiquida,DESPESA LÍQUIDA COM PESSOAL (III) = (I - II),<MR-1>,1284713669.43,9051113,Pernambuco
2024,1,PE,RGF-Anexo 01,DespesaComPessoalLiquida,DESPESA LÍQUIDA COM PESSOAL (III) = (I - II),<MR>,1160301364.93,9051113,Pernambuco
2024,1,PE,RGF-Anexo 01,DespesaComPessoalLiquida,DESPESA LÍQUIDA COM PESSOAL (III) = (I - II),TOTAL (ÚLTIMOS 12 MESES) (a),17035811603.12,9051113,Pernambuco
2024,1,PE,RGF-Anexo 01,ReceitaCorrenteLiquidaLimiteLegal,RECEITA CORRENTE LIQUIDA - RCL (IV),Valor,41559205734.45,9051113,Pernambuco
2024,1,PE,RGF-Anexo 01,DespesaComPessoalTotal,DESPESA TOTAL COM PESSOAL - DTP (VI) = (IIIa + IIIb),Valor,17035811603.12,9051113,Pernambuco
2024,1,PE,RGF-Anexo 01,DespesaComPessoalTotal,DESPESA TOTAL COM PESSOAL - DTP (VI) = (IIIa + IIIb),% sobre a RCL Ajustada,41.03,9051113,Pernambuco
2024,1,PE,RGF-Anexo 02,DividaConsolidada,DÍVIDA CONSOLIDADA - DC (I),SALDO DO EXERCÍCIO ANTERIOR,16825606008.9,9051113,Pernambuco
2024,1,PE,RGF-Anexo 02,DividaConsolidada,DÍVIDA CONSOLIDADA - DC (I),Até o 1º Quadrimestre,17630246745.53,9051113,Pernambuco
2024,1,PE,RGF-Anexo 02,DividaContratual,Dívida Contratual,SALDO DO EXERCÍCIO ANTERIOR,16353821817.17,9051113,Pernambuco
2024,1,PE,RGF-Anexo 02,DividaContratual,Dívida Contratual,Até o 1º Quadrimestre,17161659897.17,9051113,Pernambuco
2024,1,PE,RGF-Anexo 02,DividaConsolidadaLiquida,DÍVIDA CONSOLIDADA LÍQUIDA (DCL) (III) = (I - II),SALDO DO EXERCÍCIO ANTERIOR,12069013825.15,9051113,Pernambuco
2024,1,PE,RGF-Anexo 02,DividaConsolidadaLiquida,DÍVIDA CONSOLIDADA LÍQUIDA (DCL) (III) = (I - II),Até o 1º Quadrimestre,7346348534.17,9051113,Pernambuco
2024,2,PE,RGF-Anexo 01,DespesaComPessoalBruta,DESPESA BRUTA COM PESSOAL (I),<MR-11>,1564733149.23,9051113,Pernambuco
2024,2,PE,RGF-Anexo 01,DespesaComPessoalBruta,DESPESA BRUTA COM PESSOAL (I),<MR-10>,1699502254.6,9051113,Pernambuco
2024,2,PE,RGF-Anexo 01,DespesaComPessoalBruta,DESPESA BRUTA COM PESSOAL (I),<MR-9>,2569784720.78,9051113,Pernambuco
2024,2,PE,RGF-Anexo 01,DespesaComPessoalBruta,DESPESA BRUTA COM PESSOAL (I),<MR-8>,2089398272.92,9051113,Pernambuco
2024,2,PE,RGF-Anexo 01,DespesaComPessoalBruta,DESPESA BRUTA COM PESSOAL (I),<MR-7>,1547738432.04,9051113,Pernambuco
2024,2,PE,RGF-Anexo 01,DespesaComPessoalBruta,DESPESA BRUTA COM PESSOAL (I),<MR-6>,1531083121.09,9051113,Pernambuco
2024,2,PE,RGF-Anexo 01,DespesaComPessoalBruta,DESPESA BRUTA COM PESSOAL (I),<MR-5>,1518218396.2,9051113,Pernambuco
2024,2,PE,RGF-Anexo 01,DespesaComPessoalBruta,DESPESA BRUTA COM PESSOAL (I),<MR-4>,1525226838.85,9051113,Pernambuco
2024,2,PE,RGF-Anexo 01,DespesaComPessoalBruta,DESPESA BRUTA COM PESSOAL (I),<MR-3>,1565538870.95,9051113,Pernambuco
2024,2,PE,RGF-Anexo 01,DespesaComPessoalBruta,DESPESA BRUTA COM PESSOAL (I),<MR-2>,1549339562.24,9051113,Pernambuco
2024,2,PE,RGF-Anexo 01,DespesaComPessoalBruta,DESPESA BRUTA COM PESSOAL (I),<MR-1>,1663242221.71,9051113,Pernambuco
2024,2,PE,RGF-Anexo 01,DespesaComPessoalBruta,DESPESA BRUTA COM PESSOAL (I),<MR>,1582893139.65,9051113,Pernambuco
2024,2,PE,RGF-Anexo 01,DespesaComPessoalBruta,DESPESA BRUTA COM PESSOAL (I),TOTAL (ÚLTIMOS 12 MESES) (a),20406698980.26,9051113,Pernambuco
2024,2,PE,RGF-Anexo 01,DespesaComPessoalAtivoBruta,Pessoal Ativo,<MR-11>,944836893.79,9051113,Pernambuco
2024,2,PE,RGF-Anexo 01,DespesaComPessoalAtivoBruta,Pessoal Ativo,<MR-10>,1077272197.6,9051113,Pernambuco
2024,2,PE,RGF-Anexo 01,DespesaComPessoalAtivoBruta,Pessoal Ativo,<MR-9>,1449569642.63,9051113,Pernambuco
2024,2,PE,RGF-Anexo 01,DespesaComPessoalAtivoBruta,Pessoal Ativo,<MR-8>,1338137849.08,9051113,Pernambuco
2024,2,PE,RGF-Anexo 01,DespesaComPessoalAtivoBruta,Pessoal Ativo,<MR-7>,900928347.28,9051113,Pernambuco
2024,2,PE,RGF-Anexo 01,DespesaComPessoalAtivoBruta,Pessoal Ativo,<MR-6>,897936724.8,9051113,Pernambuco
2024,2,PE,RGF-Anexo 01,DespesaComPessoalAtivoBruta,Pessoal Ativo,<MR-5>,886483661.94,9051113,Pernambuco
2024,2,PE,RGF-Anexo 01,DespesaComPessoalAtivoBruta,Pessoal Ativo,<MR-4>,890269950.21,9051113,Pernambuco
2024,2,PE,RGF-Anexo 01,DespesaComPessoalAtivoBruta,Pessoal Ativo,<MR-3>,926602607.58,9051113,Pernambuco
2024,2,PE,RGF-Anexo 01,DespesaComPessoalAtivoBruta,Pessoal Ativo,<MR-2>,901830297.7,9051113,Pernambuco
2024,2,PE,RGF-Anexo 01,DespesaComPessoalAtivoBruta,Pessoal Ativo,<MR-1>,977927708.45,9051113,Pernambuco
2024,2,PE,RGF-Anexo 01,DespesaComPessoalAtivoBruta,Pessoal Ativo,<MR>,915903148.61,9051113,Pernambuco
2024,2,PE,RGF-Anexo 01,DespesaComPessoalAtivoBruta,Pessoal Ativo,TOTAL (ÚLTIMOS 12 MESES) (a),12107699029.67,9051113,Pernambuco
2024,2,PE,RGF-Anexo 01,DespesaComPessoalInativoEPensionistasBruta,Pessoal Inativo e Pensionistas,<MR-11>,619896255.44,9051113,Pernambuco
2024,2,PE,RGF-Anexo 01,DespesaComPessoalInativoEPensionistasBruta,Pessoal Inativo e Pensionistas,<MR-10>,622230057.0,9051113,Pernambuco
2024,2,PE,RGF-Anexo 01,DespesaComPessoalInativoEPensionistasBruta,Pessoal Inativo e Pensionistas,<MR-9>,1120215078.15,9051113,Pernambuco
2024,2,PE,RGF-Anexo 01,DespesaComPessoalInativoEPensionistasBruta,Pessoal Inativo e Pensionistas,<MR-8>,739310287.76,9051113,Pernambuco
2024,2,PE,RGF-Anexo 01,DespesaComPessoalInativoEPensionistasBruta,Pessoal Inativo e Pensionistas,<MR-7>,646810084.76,9051113,Pernambuco
2024,2,PE,RGF-Anexo 01,DespesaComPessoalInativoEPensionistasBruta,Pessoal Inativo e Pensionistas,<MR-6>,633146396.29,9051113,Pernambuco
2024,2,PE,RGF-Anexo 01,DespesaComPessoalInativoEPensionistasBruta,Pessoal Inativo e Pensionistas,<MR-5>,631734734.26,9051113,Pernambuco
2024,2,PE,RGF-Anexo 01,DespesaComPessoalInativoEPensionistasBruta,Pessoal Inativo e Pensionistas,<MR-4>,634956888.64,9051113,Pernambuco
2024,2,PE,RGF-Anexo 01,DespesaComPessoalInativoEPensionistasBruta,Pessoal Inativo e Pensionistas,<MR-3>,638936263.37,9051113,Pernambuco
2024,2,PE,RGF-Anexo 01,DespesaComPessoalInativoEPensionistasBruta,Pessoal Inativo e Pensionistas,<MR-2>,647509264.54,9051113,Pernambuco
2024,2,PE,RGF-Anexo 01,DespesaComPessoalInativoEPensionistasBruta,Pessoal Inativo e Pensionistas,<MR-1>,685314513.26,9051113,Pernambuco
2024,2,PE,RGF-Anexo 01,DespesaComPessoalInativoEPensionistasBruta,Pessoal Inativo e Pensionistas,<MR>,666989991.04,9051113,Pernambuco
2024,2,PE,RGF-Anexo 01,DespesaComPessoalInativoEPensionistasBruta,Pessoal Inativo e Pensionistas,TOTAL (ÚLTIMOS 12 MESES) (a),8287049814.51,9051113,Pernambuco
2024,2,PE,RGF-Anexo 01,DespesaComPessoalLiquida,DESPESA LÍQUIDA COM PESSOAL (III) = (I - II),<MR-11>,1333141229.76,9051113,Pernambuco
2024,2,PE,RGF-Anexo 01,DespesaComPessoalLiquida,DESPESA LÍQUIDA COM PESSOAL (III) = (I - II),<MR-10>,1461288024.17,9051113,Pernambuco
2024,2,PE,RGF-Anexo 01,DespesaComPessoalLiquida,DESPESA LÍQUIDA COM PESSOAL (III) = (I - II),<MR-9>,2076291270.44,9051113,Pernambuco
2024,2,PE,RGF-Anexo 01,DespesaComPessoalLiquida,DESPESA LÍQUIDA COM PESSOAL (III) = (I - II),<MR-8>,1806337103.28,9051113,Pernambuco
2024,2,PE,RGF-Anexo 01,DespesaComPessoalLiquida,DESPESA LÍQUIDA COM PESSOAL (III) = (I - II),<MR-7>,1352611451.45,9051113,Pernambuco
2024,2,PE,RGF-Anexo 01,DespesaComPessoalLiquida,DESPESA LÍQUIDA COM PESSOAL (III) = (I - II),<MR-6>,1394824456.03,9051113,Pernambuco
2024,2,PE,RGF-Anexo 01,DespesaComPessoalLiquida,DESPESA LÍQUIDA COM PESSOAL (III) = (I - II),<MR-5>,1284713669.43,9051113,Pernambuco
2024,2,PE,RGF-Anexo 01,DespesaComPessoalLiquida,DESPESA LÍQUIDA COM PESSOAL (III) = (I - II),<MR-4>,1160301364.93,9051113,Pernambuco
2024,2,PE,RGF-Anexo 01,DespesaComPessoalLiquida,DESPESA LÍQUIDA COM PESSOAL (III) = (I - II),<MR-3>,1424387224.0,9051113,Pernambuco
2024,2,PE,RGF-Anexo 01,DespesaComPessoalLiquida,DESPESA LÍQUIDA COM PESSOAL (III) = (I - II),<MR-2>,1374831731.8,9051113,Pernambuco
2024,2,PE,RGF-Anexo 01,DespesaComPessoalLiquida,DESPESA LÍQUIDA COM PESSOAL (III) = (I - II),<MR-1>,1288393525.86,9051113,Pernambuco
2024,2,PE,RGF-Anexo 01,DespesaComPessoalLiquida,DESPESA LÍQUIDA COM PESSOAL (III) = (I - II),<MR>,1384305588.36,9051113,Pernambuco
2024,2,PE,RGF-Anexo 01,DespesaComPessoalLiquida,DESPESA LÍQUIDA COM PESSOAL (III) = (I - II),TOTAL (ÚLTIMOS 12 MESES) (a),17341426639.51,9051113,Pernambuco
2024,2,PE,RGF-Anexo 01,ReceitaCorrenteLiquidaLimiteLegal,RECEITA CORRENTE LIQUIDA - RCL (IV),Valor,42492085422.74,9051113,Pernambuco
2024,2,PE,RGF-Anexo 01,DespesaComPessoalTotal,DESPESA TOTAL COM PESSOAL - DTP (VI) = (IIIa + IIIb),Valor,17341426639.51,9051113,Pernambuco
2024,2,PE,RGF-Anexo 01,DespesaComPessoalTotal,DESPESA TOTAL COM PESSOAL - DTP (VI) = (IIIa + IIIb),% sobre a RCL Ajustada,40.85,9051113,Pernambuco
2024,2,PE,RGF-Anexo 02,DividaConsolidada,DÍVIDA CONSOLIDADA - DC (I),SALDO DO EXERCÍCIO ANTERIOR,16825606008.9,9051113,Pernambuco
2024,2,PE,RGF-Anexo 02,DividaConsolidada,DÍVIDA CONSOLIDADA - DC (I),Até o 1º Quadrimestre,17630246745.53,9051113,Pernambuco
2024,2,PE,RGF-Anexo 02,DividaConsolidada,DÍVIDA CONSOLIDADA - DC (I),Até o 2º Quadrimestre,18106894605.43,9051113,Pernambuco
2024,2,PE,RGF-Anexo 02,DividaContratual,Dívida Contratual,SALDO DO EXERCÍCIO ANTERIOR,16353821817.17,9051113,Pernambuco
2024,2,PE,RGF-Anexo 02,DividaContratual,Dívida Contratual,Até o 1º Quadrimestre,17161659897.17,9051113,Pernambuco
2024,2,PE,RGF-Anexo 02,DividaContratual,Dívida Contratual,Até o 2º Quadrimestre,17622358053.63,9051113,Pernambuco
2024,2,PE,RGF-Anexo 02,DividaConsolidadaLiquida,DÍVIDA CONSOLIDADA LÍQUIDA (DCL) (III) = (I - II),SALDO DO EXERCÍCIO ANTERIOR,12069013825.15,9051113,Pernambuco
2024,2,PE,RGF-Anexo 02,DividaConsolidadaLiquida,DÍVIDA CONSOLIDADA LÍQUIDA (DCL) (III) = (I - II),Até o 1º Quadrimestre,7346348534.17,9051113,Pernambuco
2024,2,PE,RGF-Anexo 02,DividaConsolidadaLiquida,DÍVIDA CONSOLIDADA LÍQUIDA (DCL) (III) = (I - II),Até o 2º Quadrimestre,8892591782.12,9051113,Pernambuco
2024,3,PE,RGF-Anexo 01,DespesaComPessoalBruta,DESPESA BRUTA COM PESSOAL (I),<MR-11>,1547738432.04,9051113,Pernambuco
2024,3,PE,RGF-Anexo 01,DespesaComPessoalBruta,DESPESA BRUTA COM PESSOAL (I),<MR-10>,1531083121.09,9051113,Pernambuco
2024,3,PE,RGF-Anexo 01,DespesaComPessoalBruta,DESPESA BRUTA COM PESSOAL (I),<MR-9>,1518218396.2,9051113,Pernambuco
2024,3,PE,RGF-Anexo 01,DespesaComPessoalBruta,DESPESA BRUTA COM PESSOAL (I),<MR-8>,1525226838.85,9051113,Pernambuco
2024,3,PE,RGF-Anexo 01,DespesaComPessoalBruta,DESPESA BRUTA COM PESSOAL (I),<MR-7>,1565538870.95,9051113,Pernambuco
2024,3,PE,RGF-Anexo 01,DespesaComPessoalBruta,DESPESA BRUTA COM PESSOAL (I),<MR-6>,1549339562.24,9051113,Pernambuco
2024,3,PE,RGF-Anexo 01,DespesaComPessoalBruta,DESPESA BRUTA COM PESSOAL (I),<MR-5>,1663242221.71,9051113,Pernambuco
2024,3,PE,RGF-Anexo 01,DespesaComPessoalBruta,DESPESA BRUTA COM PESSOAL (I),<MR-4>,1582893139.65,9051113,Pernambuco
2024,3,PE,RGF-Anexo 01,DespesaComPessoalBruta,DESPESA BRUTA COM PESSOAL (I),<MR-3>,1633015117.18,9051113,Pernambuco
2024,3,PE,RGF-Anexo 01,DespesaComPessoalBruta,DESPESA BRUTA COM PESSOAL (I),<MR-2>,1829938735.78,9051113,Pernambuco
2024,3,PE,RGF-Anexo 01,DespesaComPessoalBruta,DESPESA BRUTA COM PESSOAL (I),<MR-1>,1530266307.02,9051113,Pernambuco
2024,3,PE,RGF-Anexo 01,DespesaComPessoalBruta,DESPESA BRUTA COM PESSOAL (I),<MR>,3614381280.26,9051113,Pernambuco
2024,3,PE,RGF-Anexo 01,DespesaComPessoalBruta,DESPESA BRUTA COM PESSOAL (I),TOTAL (ÚLTIMOS 12 MESES) (a),21090882022.97,9051113,Pernambuco
2024,3,PE,RGF-Anexo 01,DespesaComPessoalAtivoBruta,Pessoal Ativo,<MR-11>,900928347.28,9051113,Pernambuco
2024,3,PE,RGF-Anexo 01,DespesaComPessoalAtivoBruta,Pessoal Ativo,<MR-10>,897936724.8,9051113,Pernambuco
2024,3,PE,RGF-Anexo 01,DespesaComPessoalAtivoBruta,Pessoal Ativo,<MR-9>,886483661.94,9051113,Pernambuco
2024,3,PE,RGF-Anexo 01,DespesaComPessoalAtivoBruta,Pessoal Ativo,<MR-8>,890269950.21,9051113,Pernambuco
2024,3,PE,RGF-Anexo 01,DespesaComPessoalAtivoBruta,Pessoal Ativo,<MR-7>,926602607.58,9051113,Pernambuco
2024,3,PE,RGF-Anexo 01,DespesaComPessoalAtivoBruta,Pessoal Ativo,<MR-6>,901830297.7,9051113,Pernambuco
2024,3,PE,RGF-Anexo 01,DespesaComPessoalAtivoBruta,Pessoal Ativo,<MR-5>,977927708.45,9051113,Pernambuco
2024,3,PE,RGF-Anexo 01,DespesaComPessoalAtivoBruta,Pessoal Ativo,<MR-4>,915903148.61,9051113,Pernambuco
2024,3,PE,RGF-Anexo 01,DespesaComPessoalAtivoBruta,Pessoal Ativo,<MR-3>,965440841.76,9051113,Pernambuco
2024,3,PE,RGF-Anexo 01,DespesaComPessoalAtivoBruta,Pessoal Ativo,<MR-2>,1148391889.03,9051113,Pernambuco
2024,3,PE,RGF-Anexo 01,DespesaComPessoalAtivoBruta,Pessoal Ativo,<MR-1>,943418490.24,9051113,Pernambuco
2024,3,PE,RGF-Anexo 01,DespesaComPessoalAtivoBruta,Pessoal Ativo,<MR>,2294684319.56,9051113,Pernambuco
2024,3,PE,RGF-Anexo 01,DespesaComPessoalAtivoBruta,Pessoal Ativo,TOTAL (ÚLTIMOS 12 MESES) (a),12649817987.16,9051113,Pernambuco
2024,3,PE,RGF-Anexo 01,DespesaComPessoalInativoEPensionistasBruta,Pessoal Inativo e Pensionistas,<MR-11>,646810084.76,9051113,Pernambuco
2024,3,PE,RGF-Anexo 01,DespesaComPessoalInativoEPensionistasBruta,Pessoal Inativo e Pensionistas,<MR-10>,633146396.29,9051113,Pernambuco
2024,3,PE,RGF-Anexo 01,DespesaComPessoalInativoEPensionistasBruta,Pessoal Inativo e Pensionistas,<MR-9>,631734734.26,9051113,Pernambuco
2024,3,PE,RGF-Anexo 01,DespesaComPessoalInativoEPensionistasBruta,Pessoal Inativo e Pensionistas,<MR-8>,634956888.64,9051113,Pernambuco
2024,3,PE,RGF-Anexo 01,DespesaComPessoalInativoEPensionistasBruta,Pessoal Inativo e Pensionistas,<MR-7>,638936263.37,9051113,Pernambuco
2024,3,PE,RGF-Anexo 01,DespesaComPessoalInativoEPensionistasBruta,Pessoal Inativo e Pensionistas,<MR-6>,647509264.54,9051113,Pernambuco
2024,3,PE,RGF-Anexo 01,DespesaComPessoalInativoEPensionistasBruta,Pessoal Inativo e Pensionistas,<MR-5>,685314513.26,9051113,Pernambuco
2024,3,PE,RGF-Anexo 01,DespesaComPessoalInativoEPensionistasBruta,Pessoal Inativo e Pensionistas,<MR-4>,666989991.04,9051113,Pernambuco
2024,3,PE,RGF-Anexo 01,DespesaComPessoalInativoEPensionistasBruta,Pessoal Inativo e Pensionistas,<MR-3>,667574275.42,9051113,Pernambuco
2024,3,PE,RGF-Anexo 01,DespesaComPessoalInativoEPensionistasBruta,Pessoal Inativo e Pensionistas,<MR-2>,681546846.75,9051113,Pernambuco
2024,3,PE,RGF-Anexo 01,DespesaComPessoalInativoEPensionistasBruta,Pessoal Inativo e Pensionistas,<MR-1>,586847816.78,9051113,Pernambuco
2024,3,PE,RGF-Anexo 01,DespesaComPessoalInativoEPensionistasBruta,Pessoal Inativo e Pensionistas,<MR>,1315920638.32,9051113,Pernambuco
2024,3,PE,RGF-Anexo 01,DespesaComPessoalInativoEPensionistasBruta,Pessoal Inativo e Pensionistas,TOTAL (ÚLTIMOS 12 MESES) (a),8437287713.43,9051113,Pernambuco
2024,3,PE,RGF-Anexo 01,DespesaComPessoalLiquida,DESPESA LÍQUIDA COM PESSOAL (III) = (I - II),<MR-11>,1340245135.41,9051113,Pernambuco
2024,3,PE,RGF-Anexo 01,DespesaComPessoalLiquida,DESPESA LÍQUIDA COM PESSOAL (III) = (I - II),<MR-10>,1392232427.87,9051113,Pernambuco
2024,3,PE,RGF-Anexo 01,DespesaComPessoalLiquida,DESPESA LÍQUIDA COM PESSOAL (III) = (I - II),<MR-9>,1284140946.24,9051113,Pernambuco
2024,3,PE,RGF-Anexo 01,DespesaComPessoalLiquida,DESPESA LÍQUIDA COM PESSOAL (III) = (I - II),<MR-8>,1159290420.77,9051113,Pernambuco
2024,3,PE,RGF-Anexo 01,DespesaComPessoalLiquida,DESPESA LÍQUIDA COM PESSOAL (III) = (I - II),<MR-7>,1423712568.13,9051113,Pernambuco
2024,3,PE,RGF-Anexo 01,DespesaComPessoalLiquida,DESPESA LÍQUIDA COM PESSOAL (III) = (I - II),<MR-6>,1374734968.18,9051113,Pernambuco
2024,3,PE,RGF-Anexo 01,DespesaComPessoalLiquida,DESPESA LÍQUIDA COM PESSOAL (III) = (I - II),<MR-5>,1287786938.63,9051113,Pernambuco
2024,3,PE,RGF-Anexo 01,DespesaComPessoalLiquida,DESPESA LÍQUIDA COM PESSOAL (III) = (I - II),<MR-4>,1383505007.19,9051113,Pernambuco
2024,3,PE,RGF-Anexo 01,DespesaComPessoalLiquida,DESPESA LÍQUIDA COM PESSOAL (III) = (I - II),<MR-3>,1407616756.07,9051113,Pernambuco
2024,3,PE,RGF-Anexo 01,DespesaComPessoalLiquida,DESPESA LÍQUIDA COM PESSOAL (III) = (I - II),<MR-2>,1597335629.36,9051113,Pernambuco
2024,3,PE,RGF-Anexo 01,DespesaComPessoalLiquida,DESPESA LÍQUIDA COM PESSOAL (III) = (I - II),<MR-1>,1298869347.86,9051113,Pernambuco
2024,3,PE,RGF-Anexo 01,DespesaComPessoalLiquida,DESPESA LÍQUIDA COM PESSOAL (III) = (I - II),<MR>,2799779592.81,9051113,Pernambuco
2024,3,PE,RGF-Anexo 01,DespesaComPessoalLiquida,DESPESA LÍQUIDA COM PESSOAL (III) = (I - II),TOTAL (ÚLTIMOS 12 MESES) (a),17749249738.52,9051113,Pernambuco
2024,3,PE,RGF-Anexo 01,ReceitaCorrenteLiquidaLimiteLegal,RECEITA CORRENTE LIQUIDA - RCL (IV),Valor,43811252907.17,9051113,Pernambuco
2024,3,PE,RGF-Anexo 01,DespesaComPessoalTotal,DESPESA TOTAL COM PESSOAL - DTP (VI) = (IIIa + IIIb),Valor,17749249738.52,9051113,Pernambuco
2024,3,PE,RGF-Anexo 01,DespesaComPessoalTotal,DESPESA TOTAL COM PESSOAL - DTP (VI) = (IIIa + IIIb),% sobre a RCL Ajustada,40.55,9051113,Pernambuco
2024,3,PE,RGF-Anexo 02,DividaConsolidada,DÍVIDA CONSOLIDADA - DC (I),SALDO DO EXERCÍCIO ANTERIOR,16825606008.9,9051113,Pernambuco
2024,3,PE,RGF-Anexo 02,DividaConsolidada,DÍVIDA CONSOLIDADA - DC (I),Até o 1º Quadrimestre,17630246745.53,9051113,Pernambuco
2024,3,PE,RGF-Anexo 02,DividaConsolidada,DÍVIDA CONSOLIDADA - DC (I),Até o 2º Quadrimestre,18106894605.43,9051113,Pernambuco
2024,3,PE,RGF-Anexo 02,DividaConsolidada,DÍVIDA CONSOLIDADA - DC (I),Até o 3º Quadrimestre,18691576540.19,9051113,Pernambuco
2024,3,PE,RGF-Anexo 02,DividaContratual,Dívida Contratual,SALDO DO EXERCÍCIO ANTERIOR,16353821817.17,9051113,Pernambuco
2024,3,PE,RGF-Anexo 02,DividaContratual,Dívida Contratual,Até o 1º Quadrimestre,17161659897.17,9051113,Pernambuco
2024,3,PE,RGF-Anexo 02,DividaContratual,Dívida Contratual,Até o 2º Quadrimestre,17622358053.63,9051113,Pernambuco
2024,3,PE,RGF-Anexo 02,DividaContratual,Dívida Contratual,Até o 3º Quadrimestre,18240800480.14,9051113,Pernambuco
2024,3,PE,RGF-Anexo 02,DividaConsolidadaLiquida,DÍVIDA CONSOLIDADA LÍQUIDA (DCL) (III) = (I - II),SALDO DO EXERCÍCIO ANTERIOR,12069013825.15,9051113,Pernambuco
2024,3,PE,RGF-Anexo 02,DividaConsolidadaLiquida,DÍVIDA CONSOLIDADA LÍQUIDA (DCL) (III) = (I - II),Até o 1º Quadrimestre,7346348534.17,9051113,Pernambuco
2024,3,PE,RGF-Anexo 02,DividaConsolidadaLiquida,DÍVIDA CONSOLIDADA LÍQUIDA (DCL) (III) = (I - II),Até o 2º Quadrimestre,8892591782.12,9051113,Pernambuco
2024,3,PE,RGF-Anexo 02,DividaConsolidadaLiquida,DÍVIDA CONSOLIDADA LÍQUIDA (DCL) (III) = (I - II),Até o 3º Quadrimestre,13166810527.22,9051113,Pernambuco
2025,1,PE,RGF-Anexo 01,DespesaComPessoalBruta,DESPESA BRUTA COM PESSOAL (I),<MR-11>,1565538870.95,9051113,Pernambuco
2025,1,PE,RGF-Anexo 01,DespesaComPessoalBruta,DESPESA BRUTA COM PESSOAL (I),<MR-10>,1549339562.24,9051113,Pernambuco
2025,1,PE,RGF-Anexo 01,DespesaComPessoalBruta,DESPESA BRUTA COM PESSOAL (I),<MR-9>,1663242221.71,9051113,Pernambuco
2025,1,PE,RGF-Anexo 01,DespesaComPessoalBruta,DESPESA BRUTA COM PESSOAL (I),<MR-8>,1582893139.65,9051113,Pernambuco
2025,1,PE,RGF-Anexo 01,DespesaComPessoalBruta,DESPESA BRUTA COM PESSOAL (I),<MR-7>,1633015117.18,9051113,Pernambuco
2025,1,PE,RGF-Anexo 01,DespesaComPessoalBruta,DESPESA BRUTA COM PESSOAL (I),<MR-6>,1829938735.78,9051113,Pernambuco
2025,1,PE,RGF-Anexo 01,DespesaComPessoalBruta,DESPESA BRUTA COM PESSOAL (I),<MR-5>,1530266307.02,9051113,Pernambuco
2025,1,PE,RGF-Anexo 01,DespesaComPessoalBruta,DESPESA BRUTA COM PESSOAL (I),<MR-4>,3614381280.26,9051113,Pernambuco
2025,1,PE,RGF-Anexo 01,DespesaComPessoalBruta,DESPESA BRUTA COM PESSOAL (I),<MR-3>,1674659178.48,9051113,Pernambuco
2025,1,PE,RGF-Anexo 01,DespesaComPessoalBruta,DESPESA BRUTA COM PESSOAL (I),<MR-2>,1653931308.98,9051113,Pernambuco
2025,1,PE,RGF-Anexo 01,DespesaComPessoalBruta,DESPESA BRUTA COM PESSOAL (I),<MR-1>,1628690058.36,9051113,Pernambuco
2025,1,PE,RGF-Anexo 01,DespesaComPessoalBruta,DESPESA BRUTA COM PESSOAL (I),<MR>,1631507176.38,9051113,Pernambuco
2025,1,PE,RGF-Anexo 01,DespesaComPessoalBruta,DESPESA BRUTA COM PESSOAL (I),TOTAL (ÚLTIMOS 12 MESES) (a),21557402956.99,9051113,Pernambuco
2025,1,PE,RGF-Anexo 01,DespesaComPessoalAtivoBruta,Pessoal Ativo,<MR-11>,926602607.58,9051113,Pernambuco
2025,1,PE,RGF-Anexo 01,DespesaComPessoalAtivoBruta,Pessoal Ativo,<MR-10>,901830297.7,9051113,Pernambuco
2025,1,PE,RGF-Anexo 01,DespesaComPessoalAtivoBruta,Pessoal Ativo,<MR-9>,977927708.45,9051113,Pernambuco
2025,1,PE,RGF-Anexo 01,DespesaComPessoalAtivoBruta,Pessoal Ativo,<MR-8>,915903148.61,9051113,Pernambuco
2025,1,PE,RGF-Anexo 01,DespesaComPessoalAtivoBruta,Pessoal Ativo,<MR-7>,965440841.76,9051113,Pernambuco
2025,1,PE,RGF-Anexo 01,DespesaComPessoalAtivoBruta,Pessoal Ativo,<MR-6>,1148391889.03,9051113,Pernambuco
2025,1,PE,RGF-Anexo 01,DespesaComPessoalAtivoBruta,Pessoal Ativo,<MR-5>,943418490.24,9051113,Pernambuco
2025,1,PE,RGF-Anexo 01,DespesaComPessoalAtivoBruta,Pessoal Ativo,<MR-4>,2294684319.56,9051113,Pernambuco
2025,1,PE,RGF-Anexo 01,DespesaComPessoalAtivoBruta,Pessoal Ativo,<MR-3>,1003841578.58,9051113,Pernambuco
2025,1,PE,RGF-Anexo 01,DespesaComPessoalAtivoBruta,Pessoal Ativo,<MR-2>,978818914.92,9051113,Pernambuco
2025,1,PE,RGF-Anexo 01,DespesaComPessoalAtivoBruta,Pessoal Ativo,<MR-1>,951698976.02,9051113,Pernambuco
2025,1,PE,RGF-Anexo 01,DespesaComPessoalAtivoBruta,Pessoal Ativo,<MR>,954861133.3,9051113,Pernambuco
2025,1,PE,RGF-Anexo 01,DespesaComPessoalAtivoBruta,Pessoal Ativo,TOTAL (ÚLTIMOS 12 MESES) (a),12963419905.75,9051113,Pernambuco
2025,1,PE,RGF-Anexo 01,DespesaComPessoalInativoEPensionistasBruta,Pessoal Inativo e Pensionistas,<MR-11>,638936263.37,9051113,Pernambuco
2025,1,PE,RGF-Anexo 01,DespesaComPessoalInativoEPensionistasBruta,Pessoal Inativo e Pensionistas,<MR-10>,647509264.54,9051113,Pernambuco
2025,1,PE,RGF-Anexo 01,DespesaComPessoalInativoEPensionistasBruta,Pessoal Inativo e Pensionistas,<MR-9>,685314513.26,9051113,Pernambuco
2025,1,PE,RGF-Anexo 01,DespesaComPessoalInativoEPensionistasBruta,Pessoal Inativo e Pensionistas,<MR-8>,666989991.04,9051113,Pernambuco
2025,1,PE,RGF-Anexo 01,DespesaComPessoalInativoEPensionistasBruta,Pessoal Inativo e Pensionistas,<MR-7>,667574275.42,9051113,Pernambuco
2025,1,PE,RGF-Anexo 01,DespesaComPessoalInativoEPensionistasBruta,Pessoal Inativo e Pensionistas,<MR-6>,681546846.75,9051113,Pernambuco
2025,1,PE,RGF-Anexo 01,DespesaComPessoalInativoEPensionistasBruta,Pessoal Inativo e Pensionistas,<MR-5>,586847816.78,9051113,Pernambuco
2025,1,PE,RGF-Anexo 01,DespesaComPessoalInativoEPensionistasBruta,Pessoal Inativo e Pensionistas,<MR-4>,1315920638.32,9051113,Pernambuco
2025,1,PE,RGF-Anexo 01,DespesaComPessoalInativoEPensionistasBruta,Pessoal Inativo e Pensionistas,<MR-3>,670817599.9,9051113,Pernambuco
2025,1,PE,RGF-Anexo 01,DespesaComPessoalInativoEPensionistasBruta,Pessoal Inativo e Pensionistas,<MR-2>,675112394.06,9051113,Pernambuco
2025,1,PE,RGF-Anexo 01,DespesaComPessoalInativoEPensionistasBruta,Pessoal Inativo e Pensionistas,<MR-1>,676991082.34,9051113,Pernambuco
2025,1,PE,RGF-Anexo 01,DespesaComPessoalInativoEPensionistasBruta,Pessoal Inativo e Pensionistas,<MR>,676646043.08,9051113,Pernambuco
2025,1,PE,RGF-Anexo 01,DespesaComPessoalInativoEPensionistasBruta,Pessoal Inativo e Pensionistas,TOTAL (ÚLTIMOS 12 MESES) (a),8590206728.86,9051113,Pernambuco
2025,1,PE,RGF-Anexo 01,DespesaComPessoalLiquida,DESPESA LÍQUIDA COM PESSOAL (III) = (I - II),<MR-11>,1423712568.13,9051113,Pernambuco
2025,1,PE,RGF-Anexo 01,DespesaComPessoalLiquida,DESPESA LÍQUIDA COM PESSOAL (III) = (I - II),<MR-10>,1374734968.18,9051113,Pernambuco
2025,1,PE,RGF-Anexo 01,DespesaComPessoalLiquida,DESPESA LÍQUIDA COM PESSOAL (III) = (I - II),<MR-9>,1287786938.63,9051113,Pernambuco
2025,1,PE,RGF-Anexo 01,DespesaComPessoalLiquida,DESPESA LÍQUIDA COM PESSOAL (III) = (I - II),<MR-8>,1383505007.19,9051113,Pernambuco
2025,1,PE,RGF-Anexo 01,DespesaComPessoalLiquida,DESPESA LÍQUIDA COM PESSOAL (III) = (I - II),<MR-7>,1407616756.07,9051113,Pernambuco
2025,1,PE,RGF-Anexo 01,DespesaComPessoalLiquida,DESPESA LÍQUIDA COM PESSOAL (III) = (I - II),<MR-6>,1597335629.36,9051113,Pernambuco
2025,1,PE,RGF-Anexo 01,DespesaComPessoalLiquida,DESPESA LÍQUIDA COM PESSOAL (III) = (I - II),<MR-5>,1298869347.86,9051113,Pernambuco
2025,1,PE,RGF-Anexo 01,DespesaComPessoalLiquida,DESPESA LÍQUIDA COM PESSOAL (III) = (I - II),<MR-4>,2799779592.81,9051113,Pernambuco
2025,1,PE,RGF-Anexo 01,DespesaComPessoalLiquida,DESPESA LÍQUIDA COM PESSOAL (III) = (I - II),<MR-3>,1439386962.86,9051113,Pernambuco
2025,1,PE,RGF-Anexo 01,DespesaComPessoalLiquida,DESPESA LÍQUIDA COM PESSOAL (III) = (I - II),<MR-2>,1429408139.25,9051113,Pernambuco
2025,1,PE,RGF-Anexo 01,DespesaComPessoalLiquida,DESPESA LÍQUIDA COM PESSOAL (III) = (I - II),<MR-1>,1431477273.74,9051113,Pernambuco
2025,1,PE,RGF-Anexo 01,DespesaComPessoalLiquida,DESPESA LÍQUIDA COM PESSOAL (III) = (I - II),<MR>,1423772599.29,9051113,Pernambuco
2025,1,PE,RGF-Anexo 01,DespesaComPessoalLiquida,DESPESA LÍQUIDA COM PESSOAL (III) = (I - II),TOTAL (ÚLTIMOS 12 MESES) (a),18297385783.37,9051113,Pernambuco
2025,1,PE,RGF-Anexo 01,ReceitaCorrenteLiquidaLimiteLegal,RECEITA CORRENTE LIQUIDA - RCL (IV),Valor,43098562156.6,9051113,Pernambuco
2025,1,PE,RGF-Anexo 01,DespesaComPessoalTotal,DESPESA TOTAL COM PESSOAL - DTP (VI) = (IIIa + IIIb),Valor,18297385783.37,9051113,Pernambuco
2025,1,PE,RGF-Anexo 01,DespesaComPessoalTotal,DESPESA TOTAL COM PESSOAL - DTP (VI) = (IIIa + IIIb),% sobre a RCL Ajustada,42.52,9051113,Pernambuco
2025,1,PE,RGF-Anexo 02,DividaConsolidada,DÍVIDA CONSOLIDADA - DC (I),SALDO DO EXERCÍCIO ANTERIOR,18691576540.19,9051113,Pernambuco
2025,1,PE,RGF-Anexo 02,DividaConsolidada,DÍVIDA CONSOLIDADA - DC (I),Até o 1º Quadrimestre,18840323087.41,9051113,Pernambuco
2025,1,PE,RGF-Anexo 02,DividaContratual,Dívida Contratual,SALDO DO EXERCÍCIO ANTERIOR,18240800480.14,9051113,Pernambuco
2025,1,PE,RGF-Anexo 02,DividaContratual,Dívida Contratual,Até o 1º Quadrimestre,18271029592.41,9051113,Pernambuco
2025,1,PE,RGF-Anexo 02,DividaConsolidadaLiquida,DÍVIDA CONSOLIDADA LÍQUIDA (DCL) (III) = (I - II),SALDO DO EXERCÍCIO ANTERIOR,13166810527.22,9051113,Pernambuco
2025,1,PE,RGF-Anexo 02,DividaConsolidadaLiquida,DÍVIDA CONSOLIDADA LÍQUIDA (DCL) (III) = (I - II),Até o 1º Quadrimestre,10078386246.63,9051113,Pernambuco
2025,2,PE,RGF-Anexo 01,DespesaComPessoalBruta,DESPESA BRUTA COM PESSOAL (I),<MR-11>,1633015117.18,9051113,Pernambuco
2025,2,PE,RGF-Anexo 01,DespesaComPessoalBruta,DESPESA BRUTA COM PESSOAL (I),<MR-10>,1829938735.78,9051113,Pernambuco
2025,2,PE,RGF-Anexo 01,DespesaComPessoalBruta,DESPESA BRUTA COM PESSOAL (I),<MR-9>,1530266307.02,9051113,Pernambuco
2025,2,PE,RGF-Anexo 01,DespesaComPessoalBruta,DESPESA BRUTA COM PESSOAL (I),<MR-8>,3614381280.26,9051113,Pernambuco
2025,2,PE,RGF-Anexo 01,DespesaComPessoalBruta,DESPESA BRUTA COM PESSOAL (I),<MR-7>,1674659178.48,9051113,Pernambuco
2025,2,PE,RGF-Anexo 01,DespesaComPessoalBruta,DESPESA BRUTA COM PESSOAL (I),<MR-6>,1653931308.98,9051113,Pernambuco
2025,2,PE,RGF-Anexo 01,DespesaComPessoalBruta,DESPESA BRUTA COM PESSOAL (I),<MR-5>,1628690058.36,9051113,Pernambuco
2025,2,PE,RGF-Anexo 01,DespesaComPessoalBruta,DESPESA BRUTA COM PESSOAL (I),<MR-4>,1631507176.38,9051113,Pernambuco
2025,2,PE,RGF-Anexo 01,DespesaComPessoalBruta,DESPESA BRUTA COM PESSOAL (I),<MR-3>,1637662257.44,9051113,Pernambuco
2025,2,PE,RGF-Anexo 01,DespesaComPessoalBruta,DESPESA BRUTA COM PESSOAL (I),<MR-2>,1773621721.4,9051113,Pernambuco
2025,2,PE,RGF-Anexo 01,DespesaComPessoalBruta,DESPESA BRUTA COM PESSOAL (I),<MR-1>,1741158073.07,9051113,Pernambuco
2025,2,PE,RGF-Anexo 01,DespesaComPessoalBruta,DESPESA BRUTA COM PESSOAL (I),<MR>,1741209810.26,9051113,Pernambuco
2025,2,PE,RGF-Anexo 01,DespesaComPessoalBruta,DESPESA BRUTA COM PESSOAL (I),TOTAL (ÚLTIMOS 12 MESES) (a),22090041024.61,9051113,Pernambuco
2025,2,PE,RGF-Anexo 01,DespesaComPessoalAtivoBruta,Pessoal Ativo,<MR-11>,965440841.76,9051113,Pernambuco
2025,2,PE,RGF-Anexo 01,DespesaComPessoalAtivoBruta,Pessoal Ativo,<MR-10>,1148391889.03,9051113,Pernambuco
2025,2,PE,RGF-Anexo 01,DespesaComPessoalAtivoBruta,Pessoal Ativo,<MR-9>,943418490.24,9051113,Pernambuco
2025,2,PE,RGF-Anexo 01,DespesaComPessoalAtivoBruta,Pessoal Ativo,<MR-8>,2294684319.56,9051113,Pernambuco
2025,2,PE,RGF-Anexo 01,DespesaComPessoalAtivoBruta,Pessoal Ativo,<MR-7>,1003841578.58,9051113,Pernambuco
2025,2,PE,RGF-Anexo 01,DespesaComPessoalAtivoBruta,Pessoal Ativo,<MR-6>,978818914.92,9051113,Pernambuco
2025,2,PE,RGF-Anexo 01,DespesaComPessoalAtivoBruta,Pessoal Ativo,<MR-5>,951698976.02,9051113,Pernambuco
2025,2,PE,RGF-Anexo 01,DespesaComPessoalAtivoBruta,Pessoal Ativo,<MR-4>,954861133.3,9051113,Pernambuco
2025,2,PE,RGF-Anexo 01,DespesaComPessoalAtivoBruta,Pessoal Ativo,<MR-3>,961765493.49,9051113,Pernambuco
2025,2,PE,RGF-Anexo 01,DespesaComPessoalAtivoBruta,Pessoal Ativo,<MR-2>,1056387084.51,9051113,Pernambuco
2025,2,PE,RGF-Anexo 01,DespesaComPessoalAtivoBruta,Pessoal Ativo,<MR-1>,1027727331.84,9051113,Pernambuco
2025,2,PE,RGF-Anexo 01,DespesaComPessoalAtivoBruta,Pessoal Ativo,<MR>,1024625402.69,9051113,Pernambuco
2025,2,PE,RGF-Anexo 01,DespesaComPessoalAtivoBruta,Pessoal Ativo,TOTAL (ÚLTIMOS 12 MESES) (a),13311661455.94,9051113,Pernambuco
2025,2,PE,RGF-Anexo 01,DespesaComPessoalInativoEPensionistasBruta,Pessoal Inativo e Pensionistas,<MR-11>,667574275.42,9051113,Pernambuco
2025,2,PE,RGF-Anexo 01,DespesaComPessoalInativoEPensionistasBruta,Pessoal Inativo e Pensionistas,<MR-10>,681546846.75,9051113,Pernambuco
2025,2,PE,RGF-Anexo 01,DespesaComPessoalInativoEPensionistasBruta,Pessoal Inativo e Pensionistas,<MR-9>,586847816.78,9051113,Pernambuco
2025,2,PE,RGF-Anexo 01,DespesaComPessoalInativoEPensionistasBruta,Pessoal Inativo e Pensionistas,<MR-8>,1315920638.32,9051113,Pernambuco
2025,2,PE,RGF-Anexo 01,DespesaComPessoalInativoEPensionistasBruta,Pessoal Inativo e Pensionistas,<MR-7>,670817599.9,9051113,Pernambuco
2025,2,PE,RGF-Anexo 01,DespesaComPessoalInativoEPensionistasBruta,Pessoal Inativo e Pensionistas,<MR-6>,675112394.06,9051113,Pernambuco
2025,2,PE,RGF-Anexo 01,DespesaComPessoalInativoEPensionistasBruta,Pessoal Inativo e Pensionistas,<MR-5>,676991082.34,9051113,Pernambuco
2025,2,PE,RGF-Anexo 01,DespesaComPessoalInativoEPensionistasBruta,Pessoal Inativo e Pensionistas,<MR-4>,676646043.08,9051113,Pernambuco
2025,2,PE,RGF-Anexo 01,DespesaComPessoalInativoEPensionistasBruta,Pessoal Inativo e Pensionistas,<MR-3>,675896763.95,9051113,Pernambuco
2025,2,PE,RGF-Anexo 01,DespesaComPessoalInativoEPensionistasBruta,Pessoal Inativo e Pensionistas,<MR-2>,717234636.89,9051113,Pernambuco
2025,2,PE,RGF-Anexo 01,DespesaComPessoalInativoEPensionistasBruta,Pessoal Inativo e Pensionistas,<MR-1>,713430741.23,9051113,Pernambuco
2025,2,PE,RGF-Anexo 01,DespesaComPessoalInativoEPensionistasBruta,Pessoal Inativo e Pensionistas,<MR>,716584407.57,9051113,Pernambuco
2025,2,PE,RGF-Anexo 01,DespesaComPessoalInativoEPensionistasBruta,Pessoal Inativo e Pensionistas,TOTAL (ÚLTIMOS 12 MESES) (a),8774603246.29,9051113,Pernambuco
2025,2,PE,RGF-Anexo 01,DespesaComPessoalLiquida,DESPESA LÍQUIDA COM PESSOAL (III) = (I - II),<MR-11>,1407616756.07,9051113,Pernambuco
2025,2,PE,RGF-Anexo 01,DespesaComPessoalLiquida,DESPESA LÍQUIDA COM PESSOAL (III) = (I - II),<MR-10>,1597335629.36,9051113,Pernambuco
2025,2,PE,RGF-Anexo 01,DespesaComPessoalLiquida,DESPESA LÍQUIDA COM PESSOAL (III) = (I - II),<MR-9>,1298869347.86,9051113,Pernambuco
2025,2,PE,RGF-Anexo 01,DespesaComPessoalLiquida,DESPESA LÍQUIDA COM PESSOAL (III) = (I - II),<MR-8>,2799779592.81,9051113,Pernambuco
2025,2,PE,RGF-Anexo 01,DespesaComPessoalLiquida,DESPESA LÍQUIDA COM PESSOAL (III) = (I - II),<MR-7>,1439327261.04,9051113,Pernambuco
2025,2,PE,RGF-Anexo 01,DespesaComPessoalLiquida,DESPESA LÍQUIDA COM PESSOAL (III) = (I - II),<MR-6>,1429349229.64,9051113,Pernambuco
2025,2,PE,RGF-Anexo 01,DespesaComPessoalLiquida,DESPESA LÍQUIDA COM PESSOAL (III) = (I - II),<MR-5>,1431468709.2,9051113,Pernambuco
2025,2,PE,RGF-Anexo 01,DespesaComPessoalLiquida,DESPESA LÍQUIDA COM PESSOAL (III) = (I - II),<MR-4>,1423731384.6,9051113,Pernambuco
2025,2,PE,RGF-Anexo 01,DespesaComPessoalLiquida,DESPESA LÍQUIDA COM PESSOAL (III) = (I - II),<MR-3>,1389712306.89,9051113,Pernambuco
2025,2,PE,RGF-Anexo 01,DespesaComPessoalLiquida,DESPESA LÍQUIDA COM PESSOAL (III) = (I - II),<MR-2>,1634092038.8,9051113,Pernambuco
2025,2,PE,RGF-Anexo 01,DespesaComPessoalLiquida,DESPESA LÍQUIDA COM PESSOAL (III) = (I - II),<MR-1>,1421864258.1,9051113,Pernambuco
2025,2,PE,RGF-Anexo 01,DespesaComPessoalLiquida,DESPESA LÍQUIDA COM PESSOAL (III) = (I - II),<MR>,1503663465.17,9051113,Pernambuco
2025,2,PE,RGF-Anexo 01,DespesaComPessoalLiquida,DESPESA LÍQUIDA COM PESSOAL (III) = (I - II),TOTAL (ÚLTIMOS 12 MESES) (a),18776809979.54,9051113,Pernambuco
2025,2,PE,RGF-Anexo 01,ReceitaCorrenteLiquidaLimiteLegal,RECEITA CORRENTE LIQUIDA - RCL (IV),Valor,44067452264.67,9051113,Pernambuco
2025,2,PE,RGF-Anexo 01,DespesaComPessoalTotal,DESPESA TOTAL COM PESSOAL - DTP (VI) = (IIIa + IIIb),Valor,18776809979.54,9051113,Pernambuco
2025,2,PE,RGF-Anexo 01,DespesaComPessoalTotal,DESPESA TOTAL COM PESSOAL - DTP (VI) = (IIIa + IIIb),% sobre a RCL Ajustada,42.65,9051113,Pernambuco
2025,2,PE,RGF-Anexo 02,DividaConsolidada,DÍVIDA CONSOLIDADA - DC (I),SALDO DO EXERCÍCIO ANTERIOR,18691576540.19,9051113,Pernambuco
2025,2,PE,RGF-Anexo 02,DividaConsolidada,DÍVIDA CONSOLIDADA - DC (I),Até o 1º Quadrimestre,18840323087.41,9051113,Pernambuco
2025,2,PE,RGF-Anexo 02,DividaConsolidada,DÍVIDA CONSOLIDADA - DC (I),Até o 2º Quadrimestre,19337756932.68,9051113,Pernambuco
2025,2,PE,RGF-Anexo 02,DividaContratual,Dívida Contratual,SALDO DO EXERCÍCIO ANTERIOR,18240800480.14,9051113,Pernambuco
2025,2,PE,RGF-Anexo 02,DividaContratual,Dívida Contratual,Até o 1º Quadrimestre,18271029592.41,9051113,Pernambuco
2025,2,PE,RGF-Anexo 02,DividaContratual,Dívida Contratual,Até o 2º Quadrimestre,18767196335.41,9051113,Pernambuco
2025,2,PE,RGF-Anexo 02,DividaConsolidadaLiquida,DÍVIDA CONSOLIDADA LÍQUIDA (DCL) (III) = (I - II),SALDO DO EXERCÍCIO ANTERIOR,13166810527.22,9051113,Pernambuco
2025,2,PE,RGF-Anexo 02,DividaConsolidadaLiquida,DÍVIDA CONSOLIDADA LÍQUIDA (DCL) (III) = (I - II),Até o 1º Quadrimestre,10078386246.63,9051113,Pernambuco
2025,2,PE,RGF-Anexo 02,DividaConsolidadaLiquida,DÍVIDA CONSOLIDADA LÍQUIDA (DCL) (III) = (I - II),Até o 2º Quadrimestre,10119113928.02,9051113,Pernambuco
2025,3,PE,RGF-Anexo 01,DespesaComPessoalBruta,DESPESA BRUTA COM PESSOAL (I),<MR-11>,1674659178.48,9051113,Pernambuco
2025,3,PE,RGF-Anexo 01,DespesaComPessoalBruta,DESPESA BRUTA COM PESSOAL (I),<MR-10>,1653931308.98,9051113,Pernambuco
2025,3,PE,RGF-Anexo 01,DespesaComPessoalBruta,DESPESA BRUTA COM PESSOAL (I),<MR-9>,1628690058.36,9051113,Pernambuco
2025,3,PE,RGF-Anexo 01,DespesaComPessoalBruta,DESPESA BRUTA COM PESSOAL (I),<MR-8>,1631507176.38,9051113,Pernambuco
2025,3,PE,RGF-Anexo 01,DespesaComPessoalBruta,DESPESA BRUTA COM PESSOAL (I),<MR-7>,1637662257.44,9051113,Pernambuco
2025,3,PE,RGF-Anexo 01,DespesaComPessoalBruta,DESPESA BRUTA COM PESSOAL (I),<MR-6>,1773621721.4,9051113,Pernambuco
2025,3,PE,RGF-Anexo 01,DespesaComPessoalBruta,DESPESA BRUTA COM PESSOAL (I),<MR-5>,1741158073.07,9051113,Pernambuco
2025,3,PE,RGF-Anexo 01,DespesaComPessoalBruta,DESPESA BRUTA COM PESSOAL (I),<MR-4>,1741209810.26,9051113,Pernambuco
2025,3,PE,RGF-Anexo 01,DespesaComPessoalBruta,DESPESA BRUTA COM PESSOAL (I),<MR-3>,1831796353.49,9051113,Pernambuco
2025,3,PE,RGF-Anexo 01,DespesaComPessoalBruta,DESPESA BRUTA COM PESSOAL (I),<MR-2>,1935720102.91,9051113,Pernambuco
2025,3,PE,RGF-Anexo 01,DespesaComPessoalBruta,DESPESA BRUTA COM PESSOAL (I),<MR-1>,1767304479.46,9051113,Pernambuco
2025,3,PE,RGF-Anexo 01,DespesaComPessoalBruta,DESPESA BRUTA COM PESSOAL (I),<MR>,3773643425.65,9051113,Pernambuco
2025,3,PE,RGF-Anexo 01,DespesaComPessoalBruta,DESPESA BRUTA COM PESSOAL (I),TOTAL (ÚLTIMOS 12 MESES) (a),22790903945.88,9051113,Pernambuco
2025,3,PE,RGF-Anexo 01,DespesaComPessoalAtivoBruta,Pessoal Ativo,<MR-11>,1003841578.58,9051113,Pernambuco
2025,3,PE,RGF-Anexo 01,DespesaComPessoalAtivoBruta,Pessoal Ativo,<MR-10>,978818914.92,9051113,Pernambuco
2025,3,PE,RGF-Anexo 01,DespesaComPessoalAtivoBruta,Pessoal Ativo,<MR-9>,951698976.02,9051113,Pernambuco
2025,3,PE,RGF-Anexo 01,DespesaComPessoalAtivoBruta,Pessoal Ativo,<MR-8>,954861133.3,9051113,Pernambuco
2025,3,PE,RGF-Anexo 01,DespesaComPessoalAtivoBruta,Pessoal Ativo,<MR-7>,961765493.49,9051113,Pernambuco
2025,3,PE,RGF-Anexo 01,DespesaComPessoalAtivoBruta,Pessoal Ativo,<MR-6>,1056387084.51,9051113,Pernambuco
2025,3,PE,RGF-Anexo 01,DespesaComPessoalAtivoBruta,Pessoal Ativo,<MR-5>,1027727331.84,9051113,Pernambuco
2025,3,PE,RGF-Anexo 01,DespesaComPessoalAtivoBruta,Pessoal Ativo,<MR-4>,1024625402.69,9051113,Pernambuco
2025,3,PE,RGF-Anexo 01,DespesaComPessoalAtivoBruta,Pessoal Ativo,<MR-3>,1109762825.44,9051113,Pernambuco
2025,3,PE,RGF-Anexo 01,DespesaComPessoalAtivoBruta,Pessoal Ativo,<MR-2>,1210097118.13,9051113,Pernambuco
2025,3,PE,RGF-Anexo 01,DespesaComPessoalAtivoBruta,Pessoal Ativo,<MR-1>,1041300833.89,9051113,Pernambuco
2025,3,PE,RGF-Anexo 01,DespesaComPessoalAtivoBruta,Pessoal Ativo,<MR>,2334189175.66,9051113,Pernambuco
2025,3,PE,RGF-Anexo 01,DespesaComPessoalAtivoBruta,Pessoal Ativo,TOTAL (ÚLTIMOS 12 MESES) (a),13655075868.47,9051113,Pernambuco
2025,3,PE,RGF-Anexo 01,DespesaComPessoalInativoEPensionistasBruta,Pessoal Inativo e Pensionistas,<MR-11>,670817599.9,9051113,Pernambuco
2025,3,PE,RGF-Anexo 01,DespesaComPessoalInativoEPensionistasBruta,Pessoal Inativo e Pensionistas,<MR-10>,675112394.06,9051113,Pernambuco
2025,3,PE,RGF-Anexo 01,DespesaComPessoalInativoEPensionistasBruta,Pessoal Inativo e Pensionistas,<MR-9>,676991082.34,9051113,Pernambuco
2025,3,PE,RGF-Anexo 01,DespesaComPessoalInativoEPensionistasBruta,Pessoal Inativo e Pensionistas,<MR-8>,676646043.08,9051113,Pernambuco
2025,3,PE,RGF-Anexo 01,DespesaComPessoalInativoEPensionistasBruta,Pessoal Inativo e Pensionistas,<MR-7>,675896763.95,9051113,Pernambuco
2025,3,PE,RGF-Anexo 01,DespesaComPessoalInativoEPensionistasBruta,Pessoal Inativo e Pensionistas,<MR-6>,717234636.89,9051113,Pernambuco
2025,3,PE,RGF-Anexo 01,DespesaComPessoalInativoEPensionistasBruta,Pessoal Inativo e Pensionistas,<MR-5>,713430741.23,9051113,Pernambuco
2025,3,PE,RGF-Anexo 01,DespesaComPessoalInativoEPensionistasBruta,Pessoal Inativo e Pensionistas,<MR-4>,716584407.57,9051113,Pernambuco
2025,3,PE,RGF-Anexo 01,DespesaComPessoalInativoEPensionistasBruta,Pessoal Inativo e Pensionistas,<MR-3>,722033528.05,9051113,Pernambuco
2025,3,PE,RGF-Anexo 01,DespesaComPessoalInativoEPensionistasBruta,Pessoal Inativo e Pensionistas,<MR-2>,725622984.78,9051113,Pernambuco
2025,3,PE,RGF-Anexo 01,DespesaComPessoalInativoEPensionistasBruta,Pessoal Inativo e Pensionistas,<MR-1>,726003645.57,9051113,Pernambuco
2025,3,PE,RGF-Anexo 01,DespesaComPessoalInativoEPensionistasBruta,Pessoal Inativo e Pensionistas,<MR>,1432278455.47,9051113,Pernambuco
2025,3,PE,RGF-Anexo 01,DespesaComPessoalInativoEPensionistasBruta,Pessoal Inativo e Pensionistas,TOTAL (ÚLTIMOS 12 MESES) (a),9128652282.89,9051113,Pernambuco
2025,3,PE,RGF-Anexo 01,DespesaComPessoalLiquida,DESPESA LÍQUIDA COM PESSOAL (III) = (I - II),<MR-11>,1437065551.32,9051113,Pernambuco
2025,3,PE,RGF-Anexo 01,DespesaComPessoalLiquida,DESPESA LÍQUIDA COM PESSOAL (III) = (I - II),<MR-10>,1407137473.75,9051113,Pernambuco
2025,3,PE,RGF-Anexo 01,DespesaComPessoalLiquida,DESPESA LÍQUIDA COM PESSOAL (III) = (I - II),<MR-9>,1431143124.82,9051113,Pernambuco
2025,3,PE,RGF-Anexo 01,DespesaComPessoalLiquida,DESPESA LÍQUIDA COM PESSOAL (III) = (I - II),<MR-8>,1423443275.26,9051113,Pernambuco
2025,3,PE,RGF-Anexo 01,DespesaComPessoalLiquida,DESPESA LÍQUIDA COM PESSOAL (III) = (I - II),<MR-7>,1388601873.12,9051113,Pernambuco
2025,3,PE,RGF-Anexo 01,DespesaComPessoalLiquida,DESPESA LÍQUIDA COM PESSOAL (III) = (I - II),<MR-6>,1633746957.37,9051113,Pernambuco
2025,3,PE,RGF-Anexo 01,DespesaComPessoalLiquida,DESPESA LÍQUIDA COM PESSOAL (III) = (I - II),<MR-5>,1419449795.7,9051113,Pernambuco
2025,3,PE,RGF-Anexo 01,DespesaComPessoalLiquida,DESPESA LÍQUIDA COM PESSOAL (III) = (I - II),<MR-4>,1502391193.69,9051113,Pernambuco
2025,3,PE,RGF-Anexo 01,DespesaComPessoalLiquida,DESPESA LÍQUIDA COM PESSOAL (III) = (I - II),<MR-3>,1514839807.31,9051113,Pernambuco
2025,3,PE,RGF-Anexo 01,DespesaComPessoalLiquida,DESPESA LÍQUIDA COM PESSOAL (III) = (I - II),<MR-2>,1694375883.75,9051113,Pernambuco
2025,3,PE,RGF-Anexo 01,DespesaComPessoalLiquida,DESPESA LÍQUIDA COM PESSOAL (III) = (I - II),<MR-1>,1534854412.07,9051113,Pernambuco
2025,3,PE,RGF-Anexo 01,DespesaComPessoalLiquida,DESPESA LÍQUIDA COM PESSOAL (III) = (I - II),<MR>,3085787027.23,9051113,Pernambuco
2025,3,PE,RGF-Anexo 01,DespesaComPessoalLiquida,DESPESA LÍQUIDA COM PESSOAL (III) = (I - II),TOTAL (ÚLTIMOS 12 MESES) (a),19472836375.39,9051113,Pernambuco
2025,3,PE,RGF-Anexo 01,ReceitaCorrenteLiquidaLimiteLegal,RECEITA CORRENTE LIQUIDA - RCL (IV),Valor,47205580146.41,9051113,Pernambuco
2025,3,PE,RGF-Anexo 01,DespesaComPessoalTotal,DESPESA TOTAL COM PESSOAL - DTP (VI) = (IIIa + IIIb),Valor,19472836375.39,9051113,Pernambuco
2025,3,PE,RGF-Anexo 01,DespesaComPessoalTotal,DESPESA TOTAL COM PESSOAL - DTP (VI) = (IIIa + IIIb),% sobre a RCL Ajustada,41.31,9051113,Pernambuco
2025,3,PE,RGF-Anexo 02,DividaConsolidada,DÍVIDA CONSOLIDADA - DC (I),SALDO DO EXERCÍCIO ANTERIOR,18691576540.19,9051113,Pernambuco
2025,3,PE,RGF-Anexo 02,DividaConsolidada,DÍVIDA CONSOLIDADA - DC (I),Até o 1º Quadrimestre,18840323087.41,9051113,Pernambuco
2025,3,PE,RGF-Anexo 02,DividaConsolidada,DÍVIDA CONSOLIDADA - DC (I),Até o 2º Quadrimestre,19337756932.68,9051113,Pernambuco
2025,3,PE,RGF-Anexo 02,DividaConsolidada,DÍVIDA CONSOLIDADA - DC (I),Até o 3º Quadrimestre,19504919804.8,9051113,Pernambuco
2025,3,PE,RGF-Anexo 02,DividaContratual,Dívida Contratual,SALDO DO EXERCÍCIO ANTERIOR,18240800480.14,9051113,Pernambuco
2025,3,PE,RGF-Anexo 02,DividaContratual,Dívida Contratual,Até o 1º Quadrimestre,18271029592.41,9051113,Pernambuco
2025,3,PE,RGF-Anexo 02,DividaContratual,Dívida Contratual,Até o 2º Quadrimestre,18767196335.41,9051113,Pernambuco
2025,3,PE,RGF-Anexo 02,DividaContratual,Dívida Contratual,Até o 3º Quadrimestre,19215818155.92,9051113,Pernambuco
2025,3,PE,RGF-Anexo 02,DividaConsolidadaLiquida,DÍVIDA CONSOLIDADA LÍQUIDA (DCL) (III) = (I - II),SALDO DO EXERCÍCIO ANTERIOR,13166810527.22,9051113,Pernambuco
2025,3,PE,RGF-Anexo 02,DividaConsolidadaLiquida,DÍVIDA CONSOLIDADA LÍQUIDA (DCL) (III) = (I - II),Até o 1º Quadrimestre,10078386246.63,9051113,Pernambuco
2025,3,PE,RGF-Anexo 02,DividaConsolidadaLiquida,DÍVIDA CONSOLIDADA LÍQUIDA (DCL) (III) = (I - II),Até o 2º Quadrimestre,10119113928.02,9051113,Pernambuco
2025,3,PE,RGF-Anexo 02,DividaConsolidadaLiquida,DÍVIDA CONSOLIDADA LÍQUIDA (DCL) (III) = (I - II),Até o 3º Quadrimestre,14981516040.5,9051113,Pernambuco
