exercicio,periodo,uf,anexo,cod_conta,conta,coluna,valor,populacao,uf_nome
2015,1,PB,RGF-Anexo 01,DespesaComPessoalBruta,DESPESA BRUTA COM PESSOAL (I),LIQUIDADAS (a),4595078118.35,3943885,Paraíba
2015,1,PB,RGF-Anexo 01,DespesaComPessoalAtivoBruta,Pessoal Ativo,LIQUIDADAS (a),3160768191.46,3943885,Paraíba
2015,1,PB,RGF-Anexo 01,DespesaComPessoalInativoEPensionistasBruta,Pessoal Inativo e Pensionistas,LIQUIDADAS (a),1434309926.89,3943885,Paraíba
2015,1,PB,RGF-Anexo 01,DespesaComPessoalLiquida,DESPESA LÍQUIDA COM PESSOAL (III) = (I - II),LIQUIDADAS (a),3902124533.36,3943885,Paraíba
2015,1,PB,RGF-Anexo 01,ReceitaCorrenteLiquidaLimiteLegal,RECEITA CORRENTE LIQUIDA - RCL (IV),Valor,7848437552.42,3943885,Paraíba
2015,1,PB,RGF-Anexo 01,DespesaComPessoalTotal,DESPESA TOTAL COM PESSOAL - DTP (V) = (III a + III b),Valor,3902124533.36,3943885,Paraíba
2015,1,PB,RGF-Anexo 01,DespesaComPessoalTotal,DESPESA TOTAL COM PESSOAL - DTP (V) = (III a + III b),% sobre a RCL,49.72,3943885,Paraíba
2015,1,PB,RGF-Anexo 02,DividaConsolidada,DÍVIDA CONSOLIDADA - DC (I),SALDO DO EXERCÍCIO ANTERIOR,4219518331.22,3943885,Paraíba
2015,1,PB,RGF-Anexo 02,DividaConsolidada,DÍVIDA CONSOLIDADA - DC (I),Até o 1º Quadrimestre,4185044145.55,3943885,Paraíba
2015,1,PB,RGF-Anexo 02,DividaContratual,Dívida Contratual,SALDO DO EXERCÍCIO ANTERIOR,2926239807.09,3943885,Paraíba
2015,1,PB,RGF-Anexo 02,DividaContratual,Dívida Contratual,Até o 1º Quadrimestre,2903680582.78,3943885,Paraíba
2015,1,PB,RGF-Anexo 02,DividaConsolidadaLiquida,DÍVIDA CONSOLIDADA LÍQUIDA (DCL) (III) = (I - II),SALDO DO EXERCÍCIO ANTERIOR,2736793745.25,3943885,Paraíba
2015,1,PB,RGF-Anexo 02,DividaConsolidadaLiquida,DÍVIDA CONSOLIDADA LÍQUIDA (DCL) (III) = (I - II),Até o 1º Quadrimestre,2574362994.1,3943885,Paraíba
2015,2,PB,RGF-Anexo 01,DespesaComPessoalBruta,DESPESA BRUTA COM PESSOAL (I),LIQUIDADAS (a),4666858946.46,3943885,Paraíba
2015,2,PB,RGF-Anexo 01,DespesaComPessoalAtivoBruta,Pessoal Ativo,LIQUIDADAS (a),3209103303.32,3943885,Paraíba
2015,2,PB,RGF-Anexo 01,DespesaComPessoalInativoEPensionistasBruta,Pessoal Inativo e Pensionistas,LIQUIDADAS (a),1457755643.14,3943885,Paraíba
2015,2,PB,RGF-Anexo 01,DespesaComPessoalLiquida,DESPESA LÍQUIDA COM PESSOAL (III) = (I - II),LIQUIDADAS (a),4096316131.89,3943885,Paraíba
2015,2,PB,RGF-Anexo 01,ReceitaCorrenteLiquidaLimiteLegal,RECEITA CORRENTE LIQUIDA - RCL (IV),Valor,7913852026.91,3943885,Paraíba
2015,2,PB,RGF-Anexo 01,DespesaComPessoalTotal,DESPESA TOTAL COM PESSOAL - DTP (V) = (III a + III b),Valor,4096316131.89,3943885,Paraíba
2015,2,PB,RGF-Anexo 01,DespesaComPessoalTotal,DESPESA TOTAL COM PESSOAL - DTP (V) = (III a + III b),% sobre a RCL,51.76,3943885,Paraíba
2015,2,PB,RGF-Anexo 02,DividaConsolidada,DÍVIDA CONSOLIDADA - DC (I),SALDO DO EXERCÍCIO ANTERIOR,4219518331.22,3943885,Paraíba
2015,2,PB,RGF-Anexo 02,DividaConsolidada,DÍVIDA CONSOLIDADA - DC (I),Até o 1º Quadrimestre,4185044145.55,3943885,Paraíba
2015,2,PB,RGF-Anexo 02,DividaConsolidada,DÍVIDA CONSOLIDADA - DC (I),Até o 2º Quadrimestre,4329463424.3,3943885,Paraíba
2015,2,PB,RGF-Anexo 02,DividaContratual,Dívida Contratual,SALDO DO EXERCÍCIO ANTERIOR,2926239807.09,3943885,Paraíba
2015,2,PB,RGF-Anexo 02,DividaContratual,Dívida Contratual,Até o 1º Quadrimestre,2903680582.78,3943885,Paraíba
2015,2,PB,RGF-Anexo 02,DividaContratual,Dívida Contratual,Até o 2º Quadrimestre,2898896696.57,3943885,Paraíba
2015,2,PB,RGF-Anexo 02,DividaConsolidadaLiquida,DÍVIDA CONSOLIDADA LÍQUIDA (DCL) (III) = (I - II),SALDO DO EXERCÍCIO ANTERIOR,2736793745.25,3943885,Paraíba
2015,2,PB,RGF-Anexo 02,DividaConsolidadaLiquida,DÍVIDA CONSOLIDADA LÍQUIDA (DCL) (III) = (I - II),Até o 1º Quadrimestre,2574362994.1,3943885,Paraíba
2015,2,PB,RGF-Anexo 02,DividaConsolidadaLiquida,DÍVIDA CONSOLIDADA LÍQUIDA (DCL) (III) = (I - II),Até o 2º Quadrimestre,3263430865.44,3943885,Paraíba
2015,3,PB,RGF-Anexo 01,DespesaComPessoalBruta,DESPESA BRUTA COM PESSOAL (I),LIQUIDADAS (a),4669678671.69,3943885,Paraíba
2015,3,PB,RGF-Anexo 01,DespesaComPessoalAtivoBruta,Pessoal Ativo,LIQUIDADAS (a),3170546560.18,3943885,Paraíba
2015,3,PB,RGF-Anexo 01,DespesaComPessoalInativoEPensionistasBruta,Pessoal Inativo e Pensionistas,LIQUIDADAS (a),1499132111.51,3943885,Paraíba
2015,3,PB,RGF-Anexo 01,DespesaComPessoalLiquida,DESPESA LÍQUIDA COM PESSOAL (III) = (I - II),LIQUIDADAS (a),4106920912.18,3943885,Paraíba
2015,3,PB,RGF-Anexo 01,ReceitaCorrenteLiquidaLimiteLegal,RECEITA CORRENTE LIQUIDA - RCL (IV),Valor,7973372465.12,3943885,Paraíba
2015,3,PB,RGF-Anexo 01,DespesaComPessoalTotal,DESPESA TOTAL COM PESSOAL - DTP (V) = (III a + III b),Valor,4106920912.18,3943885,Paraíba
2015,3,PB,RGF-Anexo 01,DespesaComPessoalTotal,DESPESA TOTAL COM PESSOAL - DTP (V) = (III a + III b),% sobre a RCL,51.51,3943885,Paraíba
2015,3,PB,RGF-Anexo 02,DividaConsolidada,DÍVIDA CONSOLIDADA - DC (I),SALDO DO EXERCÍCIO ANTERIOR,4219518331.22,3943885,Paraíba
2015,3,PB,RGF-Anexo 02,DividaConsolidada,DÍVIDA CONSOLIDADA - DC (I),Até o 1º Quadrimestre,4185044145.55,3943885,Paraíba
2015,3,PB,RGF-Anexo 02,DividaConsolidada,DÍVIDA CONSOLIDADA - DC (I),Até o 2º Quadrimestre,4329463424.3,3943885,Paraíba
2015,3,PB,RGF-Anexo 02,DividaConsolidada,DÍVIDA CONSOLIDADA - DC (I),Até o 3º Quadrimestre,4487120381.06,3943885,Paraíba
2015,3,PB,RGF-Anexo 02,DividaContratual,Dívida Contratual,SALDO DO EXERCÍCIO ANTERIOR,2926239807.09,3943885,Paraíba
2015,3,PB,RGF-Anexo 02,DividaContratual,Dívida Contratual,Até o 1º Quadrimestre,2903680582.78,3943885,Paraíba
2015,3,PB,RGF-Anexo 02,DividaContratual,Dívida Contratual,Até o 2º Quadrimestre,2898896696.57,3943885,Paraíba
2015,3,PB,RGF-Anexo 02,DividaContratual,Dívida Contratual,Até o 3º Quadrimestre,3082560957.5,3943885,Paraíba
2015,3,PB,RGF-Anexo 02,DividaConsolidadaLiquida,DÍVIDA CONSOLIDADA LÍQUIDA (DCL) (III) = (I - II),SALDO DO EXERCÍCIO ANTERIOR,2736793745.25,3943885,Paraíba
2015,3,PB,RGF-Anexo 02,DividaConsolidadaLiquida,DÍVIDA CONSOLIDADA LÍQUIDA (DCL) (III) = (I - II),Até o 1º Quadrimestre,2574362994.1,3943885,Paraíba
2015,3,PB,RGF-Anexo 02,DividaConsolidadaLiquida,DÍVIDA CONSOLIDADA LÍQUIDA (DCL) (III) = (I - II),Até o 2º Quadrimestre,3263430865.44,3943885,Paraíba
2015,3,PB,RGF-Anexo 02,DividaConsolidadaLiquida,DÍVIDA CONSOLIDADA LÍQUIDA (DCL) (III) = (I - II),Até o 3º Quadrimestre,3297120097.39,3943885,Paraíba
2016,1,PB,RGF-Anexo 01,DespesaComPessoalBruta,DESPESA BRUTA COM PESSOAL (I),"DESPESAS LIQUIDADAS 
(a)",4716913471.03,3972202,Paraíba
2016,1,PB,RGF-Anexo 01,DespesaComPessoalAtivoBruta,Pessoal Ativo,"DESPESAS LIQUIDADAS 
(a)",3346373440.94,3972202,Paraíba
2016,1,PB,RGF-Anexo 01,DespesaComPessoalInativoEPensionistasBruta,Pessoal Inativo e Pensionistas,"DESPESAS LIQUIDADAS 
(a)",1370540030.09,3972202,Paraíba
2016,1,PB,RGF-Anexo 01,DespesaComPessoalLiquida,DESPESA LÍQUIDA COM PESSOAL (III) = (I - II),"DESPESAS LIQUIDADAS 
(a)",4148786022.02,3972202,Paraíba
2016,1,PB,RGF-Anexo 01,ReceitaCorrenteLiquidaLimiteLegal,RECEITA CORRENTE LIQUIDA - RCL (IV),Valor,7952572998.44,3972202,Paraíba
2016,1,PB,RGF-Anexo 01,DespesaComPessoalTotal,DESPESA TOTAL COM PESSOAL - DTP (V) = (III a + III b),Valor,4148786022.02,3972202,Paraíba
2016,1,PB,RGF-Anexo 01,DespesaComPessoalTotal,DESPESA TOTAL COM PESSOAL - DTP (V) = (III a + III b),% sobre a RCL,52.17,3972202,Paraíba
2016,1,PB,RGF-Anexo 02,DividaConsolidada,DÍVIDA CONSOLIDADA - DC (I),SALDO DO EXERCÍCIO ANTERIOR,4487120381.06,3972202,Paraíba
2016,1,PB,RGF-Anexo 02,DividaConsolidada,DÍVIDA CONSOLIDADA - DC (I),Até o 1º Quadrimestre,4388246301.59,3972202,Paraíba
2016,1,PB,RGF-Anexo 02,DividaContratual,Dívida Contratual,SALDO DO EXERCÍCIO ANTERIOR,3082560957.5,3972202,Paraíba
2016,1,PB,RGF-Anexo 02,DividaContratual,Dívida Contratual,Até o 1º Quadrimestre,2965698301.86,3972202,Paraíba
2016,1,PB,RGF-Anexo 02,DividaConsolidadaLiquida,DÍVIDA CONSOLIDADA LÍQUIDA (DCL) (III) = (I - II),SALDO DO EXERCÍCIO ANTERIOR,3297120097.39,3972202,Paraíba
2016,1,PB,RGF-Anexo 02,DividaConsolidadaLiquida,DÍVIDA CONSOLIDADA LÍQUIDA (DCL) (III) = (I - II),Até o 1º Quadrimestre,2788921904.16,3972202,Paraíba
2016,2,PB,RGF-Anexo 01,DespesaComPessoalBruta,DESPESA BRUTA COM PESSOAL (I),"DESPESAS LIQUIDADAS 
(a)",4766394515.37,3972202,Paraíba
2016,2,PB,RGF-Anexo 01,DespesaComPessoalAtivoBruta,Pessoal Ativo,"DESPESAS LIQUIDADAS 
(a)",3222995463.64,3972202,Paraíba
2016,2,PB,RGF-Anexo 01,DespesaComPessoalInativoEPensionistasBruta,Pessoal Inativo e Pensionistas,"DESPESAS LIQUIDADAS 
(a)",1543399051.73,3972202,Paraíba
2016,2,PB,RGF-Anexo 01,DespesaComPessoalLiquida,DESPESA LÍQUIDA COM PESSOAL (III) = (I - II),"DESPESAS LIQUIDADAS 
(a)",4199294639.23,3972202,Paraíba
2016,2,PB,RGF-Anexo 01,ReceitaCorrenteLiquidaLimiteLegal,RECEITA CORRENTE LIQUIDA - RCL (IV),Valor,8140849225.63,3972202,Paraíba
2016,2,PB,RGF-Anexo 01,DespesaComPessoalTotal,DESPESA TOTAL COM PESSOAL - DTP (V) = (III a + III b),Valor,4199294639.23,3972202,Paraíba
2016,2,PB,RGF-Anexo 01,DespesaComPessoalTotal,DESPESA TOTAL COM PESSOAL - DTP (V) = (III a + III b),% sobre a RCL,51.58,3972202,Paraíba
2016,2,PB,RGF-Anexo 02,DividaConsolidada,DÍVIDA CONSOLIDADA - DC (I),SALDO DO EXERCÍCIO ANTERIOR,4487120381.06,3972202,Paraíba
2016,2,PB,RGF-Anexo 02,DividaConsolidada,DÍVIDA CONSOLIDADA - DC (I),Até o 1º Quadrimestre,4388246301.59,3972202,Paraíba
2016,2,PB,RGF-Anexo 02,DividaConsolidada,DÍVIDA CONSOLIDADA - DC (I),Até o 2º Quadrimestre,4325143413.77,3972202,Paraíba
2016,2,PB,RGF-Anexo 02,DividaContratual,Dívida Contratual,SALDO DO EXERCÍCIO ANTERIOR,3082560957.5,3972202,Paraíba
2016,2,PB,RGF-Anexo 02,DividaContratual,Dívida Contratual,Até o 1º Quadrimestre,2965698301.86,3972202,Paraíba
2016,2,PB,RGF-Anexo 02,DividaContratual,Dívida Contratual,Até o 2º Quadrimestre,2916402426.89,3972202,Paraíba
2016,2,PB,RGF-Anexo 02,DividaConsolidadaLiquida,DÍVIDA CONSOLIDADA LÍQUIDA (DCL) (III) = (I - II),SALDO DO EXERCÍCIO ANTERIOR,3297120097.39,3972202,Paraíba
2016,2,PB,RGF-Anexo 02,DividaConsolidadaLiquida,DÍVIDA CONSOLIDADA LÍQUIDA (DCL) (III) = (I - II),Até o 1º Quadrimestre,2788921904.16,3972202,Paraíba
2016,2,PB,RGF-Anexo 02,DividaConsolidadaLiquida,DÍVIDA CONSOLIDADA LÍQUIDA (DCL) (III) = (I - II),Até o 2º Quadrimestre,2685315436.23,3972202,Paraíba
2016,3,PB,RGF-Anexo 01,DespesaComPessoalBruta,DESPESA BRUTA COM PESSOAL (I),"DESPESAS LIQUIDADAS 
(a)",4868029981.08,3972202,Paraíba
2016,3,PB,RGF-Anexo 01,DespesaComPessoalAtivoBruta,Pessoal Ativo,"DESPESAS LIQUIDADAS 
(a)",3275105426.44,3972202,Paraíba
2016,3,PB,RGF-Anexo 01,DespesaComPessoalInativoEPensionistasBruta,Pessoal Inativo e Pensionistas,"DESPESAS LIQUIDADAS 
(a)",1592924554.64,3972202,Paraíba
2016,3,PB,RGF-Anexo 01,DespesaComPessoalLiquida,DESPESA LÍQUIDA COM PESSOAL (III) = (I - II),"DESPESAS LIQUIDADAS 
(a)",4294997146.89,3972202,Paraíba
2016,3,PB,RGF-Anexo 01,ReceitaCorrenteLiquidaLimiteLegal,RECEITA CORRENTE LIQUIDA - RCL (IV),Valor,8845649341.67,3972202,Paraíba
2016,3,PB,RGF-Anexo 01,DespesaComPessoalTotal,DESPESA TOTAL COM PESSOAL - DTP (V) = (III a + III b),Valor,4294997146.89,3972202,Paraíba
2016,3,PB,RGF-Anexo 01,DespesaComPessoalTotal,DESPESA TOTAL COM PESSOAL - DTP (V) = (III a + III b),% sobre a RCL,48.55,3972202,Paraíba
2016,3,PB,RGF-Anexo 02,DividaConsolidada,DÍVIDA CONSOLIDADA - DC (I),SALDO DO EXERCÍCIO ANTERIOR,4487120381.06,3972202,Paraíba
2016,3,PB,RGF-Anexo 02,DividaConsolidada,DÍVIDA CONSOLIDADA - DC (I),Até o 1º Quadrimestre,4388246301.59,3972202,Paraíba
2016,3,PB,RGF-Anexo 02,DividaConsolidada,DÍVIDA CONSOLIDADA - DC (I),Até o 2º Quadrimestre,4325143413.77,3972202,Paraíba
2016,3,PB,RGF-Anexo 02,DividaConsolidada,DÍVIDA CONSOLIDADA - DC (I),Até o 3º Quadrimestre,4458664218.68,3972202,Paraíba
2016,3,PB,RGF-Anexo 02,DividaContratual,Dívida Contratual,SALDO DO EXERCÍCIO ANTERIOR,3082560957.5,3972202,Paraíba
2016,3,PB,RGF-Anexo 02,DividaContratual,Dívida Contratual,Até o 1º Quadrimestre,2965698301.86,3972202,Paraíba
2016,3,PB,RGF-Anexo 02,DividaContratual,Dívida Contratual,Até o 2º Quadrimestre,2916402426.89,3972202,Paraíba
2016,3,PB,RGF-Anexo 02,DividaContratual,Dívida Contratual,Até o 3º Quadrimestre,2797474066.27,3972202,Paraíba
2016,3,PB,RGF-Anexo 02,DividaConsolidadaLiquida,DÍVIDA CONSOLIDADA LÍQUIDA (DCL) (III) = (I - II),SALDO DO EXERCÍCIO ANTERIOR,3297120097.39,3972202,Paraíba
2016,3,PB,RGF-Anexo 02,DividaConsolidadaLiquida,DÍVIDA CONSOLIDADA LÍQUIDA (DCL) (III) = (I - II),Até o 1º Quadrimestre,2788921904.16,3972202,Paraíba
2016,3,PB,RGF-Anexo 02,DividaConsolidadaLiquida,DÍVIDA CONSOLIDADA LÍQUIDA (DCL) (III) = (I - II),Até o 2º Quadrimestre,2685315436.23,3972202,Paraíba
2016,3,PB,RGF-Anexo 02,DividaConsolidadaLiquida,DÍVIDA CONSOLIDADA LÍQUIDA (DCL) (III) = (I - II),Até o 3º Quadrimestre,2675553492.37,3972202,Paraíba
2017,1,PB,RGF-Anexo 01,DespesaComPessoalBruta,DESPESA BRUTA COM PESSOAL (I),"DESPESAS LIQUIDADAS 
(a)",4885261983.5,3999415,Paraíba
2017,1,PB,RGF-Anexo 01,DespesaComPessoalAtivoBruta,Pessoal Ativo,"DESPESAS LIQUIDADAS 
(a)",3252582639.06,3999415,Paraíba
2017,1,PB,RGF-Anexo 01,DespesaComPessoalInativoEPensionistasBruta,Pessoal Inativo e Pensionistas,"DESPESAS LIQUIDADAS 
(a)",1632679344.44,3999415,Paraíba
2017,1,PB,RGF-Anexo 01,DespesaComPessoalLiquida,DESPESA LÍQUIDA COM PESSOAL (III) = (I - II),"DESPESAS LIQUIDADAS 
(a)",4320397642.77,3999415,Paraíba
2017,1,PB,RGF-Anexo 01,ReceitaCorrenteLiquidaLimiteLegal,RECEITA CORRENTE LIQUIDA - RCL (IV),Valor,9124265602.61,3999415,Paraíba
2017,1,PB,RGF-Anexo 01,DespesaComPessoalTotal,DESPESA TOTAL COM PESSOAL - DTP (VII) = (IIIa + IIIb),Valor,4320397642.77,3999415,Paraíba
2017,1,PB,RGF-Anexo 01,DespesaComPessoalTotal,DESPESA TOTAL COM PESSOAL - DTP (VII) = (IIIa + IIIb),% sobre a RCL Ajustada,47.35,3999415,Paraíba
2017,1,PB,RGF-Anexo 02,DividaConsolidada,DÍVIDA CONSOLIDADA - DC (I),SALDO DO EXERCÍCIO ANTERIOR,4458664218.68,3999415,Paraíba
2017,1,PB,RGF-Anexo 02,DividaConsolidada,DÍVIDA CONSOLIDADA - DC (I),Até o 1º Quadrimestre,4381384675.87,3999415,Paraíba
2017,1,PB,RGF-Anexo 02,DividaContratual,Dívida Contratual,SALDO DO EXERCÍCIO ANTERIOR,2797474066.27,3999415,Paraíba
2017,1,PB,RGF-Anexo 02,DividaContratual,Dívida Contratual,Até o 1º Quadrimestre,2731571447.45,3999415,Paraíba
2017,1,PB,RGF-Anexo 02,DividaConsolidadaLiquida,DÍVIDA CONSOLIDADA LÍQUIDA (DCL) (III) = (I - II),SALDO DO EXERCÍCIO ANTERIOR,2675553492.37,3999415,Paraíba
2017,1,PB,RGF-Anexo 02,DividaConsolidadaLiquida,DÍVIDA CONSOLIDADA LÍQUIDA (DCL) (III) = (I - II),Até o 1º Quadrimestre,2231928654.11,3999415,Paraíba
2017,2,PB,RGF-Anexo 01,DespesaComPessoalBruta,DESPESA BRUTA COM PESSOAL (I),"DESPESAS LIQUIDADAS 
(a)",4886336424.75,3999415,Paraíba
2017,2,PB,RGF-Anexo 01,DespesaComPessoalAtivoBruta,Pessoal Ativo,"DESPESAS LIQUIDADAS 
(a)",3211268185.2,3999415,Paraíba
2017,2,PB,RGF-Anexo 01,DespesaComPessoalInativoEPensionistasBruta,Pessoal Inativo e Pensionistas,"DESPESAS LIQUIDADAS 
(a)",1675068239.55,3999415,Paraíba
2017,2,PB,RGF-Anexo 01,DespesaComPessoalLiquida,DESPESA LÍQUIDA COM PESSOAL (III) = (I - II),"DESPESAS LIQUIDADAS 
(a)",4320878370.5,3999415,Paraíba
2017,2,PB,RGF-Anexo 01,ReceitaCorrenteLiquidaLimiteLegal,RECEITA CORRENTE LIQUIDA - RCL (IV),Valor,9224839152.83,3999415,Paraíba
2017,2,PB,RGF-Anexo 01,DespesaComPessoalTotal,DESPESA TOTAL COM PESSOAL - DTP (VII) = (IIIa + IIIb),Valor,4320878370.5,3999415,Paraíba
2017,2,PB,RGF-Anexo 01,DespesaComPessoalTotal,DESPESA TOTAL COM PESSOAL - DTP (VII) = (IIIa + IIIb),% sobre a RCL Ajustada,46.84,3999415,Paraíba
2017,2,PB,RGF-Anexo 02,DividaConsolidada,DÍVIDA CONSOLIDADA - DC (I),SALDO DO EXERCÍCIO ANTERIOR,4458664218.68,3999415,Paraíba
2017,2,PB,RGF-Anexo 02,DividaConsolidada,DÍVIDA CONSOLIDADA - DC (I),Até o 1º Quadrimestre,4381384675.87,3999415,Paraíba
2017,2,PB,RGF-Anexo 02,DividaConsolidada,DÍVIDA CONSOLIDADA - DC (I),Até o 2º Quadrimestre,4327206549.52,3999415,Paraíba
2017,2,PB,RGF-Anexo 02,DividaContratual,Dívida Contratual,SALDO DO EXERCÍCIO ANTERIOR,2797474066.27,3999415,Paraíba
2017,2,PB,RGF-Anexo 02,DividaContratual,Dívida Contratual,Até o 1º Quadrimestre,2731571447.45,3999415,Paraíba
2017,2,PB,RGF-Anexo 02,DividaContratual,Dívida Contratual,Até o 2º Quadrimestre,2645749205.42,3999415,Paraíba
2017,2,PB,RGF-Anexo 02,DividaConsolidadaLiquida,DÍVIDA CONSOLIDADA LÍQUIDA (DCL) (III) = (I - II),SALDO DO EXERCÍCIO ANTERIOR,2675553492.37,3999415,Paraíba
2017,2,PB,RGF-Anexo 02,DividaConsolidadaLiquida,DÍVIDA CONSOLIDADA LÍQUIDA (DCL) (III) = (I - II),Até o 1º Quadrimestre,2231928654.11,3999415,Paraíba
2017,2,PB,RGF-Anexo 02,DividaConsolidadaLiquida,DÍVIDA CONSOLIDADA LÍQUIDA (DCL) (III) = (I - II),Até o 2º Quadrimestre,2384262254.85,3999415,Paraíba
2017,3,PB,RGF-Anexo 01,DespesaComPessoalBruta,DESPESA BRUTA COM PESSOAL (I),"DESPESAS LIQUIDADAS 
(a)",4879819610.05,3999415,Paraíba
2017,3,PB,RGF-Anexo 01,DespesaComPessoalAtivoBruta,Pessoal Ativo,"DESPESAS LIQUIDADAS 
(a)",3157557411.85,3999415,Paraíba
2017,3,PB,RGF-Anexo 01,DespesaComPessoalInativoEPensionistasBruta,Pessoal Inativo e Pensionistas,"DESPESAS LIQUIDADAS 
(a)",1722262198.2,3999415,Paraíba
2017,3,PB,RGF-Anexo 01,DespesaComPessoalLiquida,DESPESA LÍQUIDA COM PESSOAL (III) = (I - II),"DESPESAS LIQUIDADAS 
(a)",4328598126.25,3999415,Paraíba
2017,3,PB,RGF-Anexo 01,ReceitaCorrenteLiquidaLimiteLegal,RECEITA CORRENTE LIQUIDA - RCL (IV),Valor,9130510757.83,3999415,Paraíba
2017,3,PB,RGF-Anexo 01,DespesaComPessoalTotal,DESPESA TOTAL COM PESSOAL - DTP (VII) = (IIIa + IIIb),Valor,4328598126.25,3999415,Paraíba
2017,3,PB,RGF-Anexo 01,DespesaComPessoalTotal,DESPESA TOTAL COM PESSOAL - DTP (VII) = (IIIa + IIIb),% sobre a RCL Ajustada,47.41,3999415,Paraíba
2017,3,PB,RGF-Anexo 02,DividaConsolidada,DÍVIDA CONSOLIDADA - DC (I),SALDO DO EXERCÍCIO ANTERIOR,4458664218.41,3999415,Paraíba
2017,3,PB,RGF-Anexo 02,DividaConsolidada,DÍVIDA CONSOLIDADA - DC (I),Até o 1º Quadrimestre,4381384675.89,3999415,Paraíba
2017,3,PB,RGF-Anexo 02,DividaConsolidada,DÍVIDA CONSOLIDADA - DC (I),Até o 2º Quadrimestre,4327206549.52,3999415,Paraíba
2017,3,PB,RGF-Anexo 02,DividaConsolidada,DÍVIDA CONSOLIDADA - DC (I),Até o 3º Quadrimestre,4267319522.66,3999415,Paraíba
2017,3,PB,RGF-Anexo 02,DividaContratual,Dívida Contratual,SALDO DO EXERCÍCIO ANTERIOR,2797474066.0,3999415,Paraíba
2017,3,PB,RGF-Anexo 02,DividaContratual,Dívida Contratual,Até o 1º Quadrimestre,2731571447.47,3999415,Paraíba
2017,3,PB,RGF-Anexo 02,DividaContratual,Dívida Contratual,Até o 2º Quadrimestre,2645749205.42,3999415,Paraíba
2017,3,PB,RGF-Anexo 02,DividaContratual,Dívida Contratual,Até o 3º Quadrimestre,2616482635.47,3999415,Paraíba
2017,3,PB,RGF-Anexo 02,DividaConsolidadaLiquida,DÍVIDA CONSOLIDADA LÍQUIDA (DCL) (III) = (I - II),SALDO DO EXERCÍCIO ANTERIOR,2675553492.1,3999415,Paraíba
2017,3,PB,RGF-Anexo 02,DividaConsolidadaLiquida,DÍVIDA CONSOLIDADA LÍQUIDA (DCL) (III) = (I - II),Até o 1º Quadrimestre,2231928654.13,3999415,Paraíba
2017,3,PB,RGF-Anexo 02,DividaConsolidadaLiquida,DÍVIDA CONSOLIDADA LÍQUIDA (DCL) (III) = (I - II),Até o 2º Quadrimestre,2384262254.85,3999415,Paraíba
2017,3,PB,RGF-Anexo 02,DividaConsolidadaLiquida,DÍVIDA CONSOLIDADA LÍQUIDA (DCL) (III) = (I - II),Até o 3º Quadrimestre,2641293135.2,3999415,Paraíba
2018,1,PB,RGF-Anexo 01,DespesaComPessoalBruta,DESPESA BRUTA COM PESSOAL (I),<MR-11>,453760014.69,3999415,Paraíba
2018,1,PB,RGF-Anexo 01,DespesaComPessoalBruta,DESPESA BRUTA COM PESSOAL (I),<MR-10>,389963627.88,3999415,Paraíba
2018,1,PB,RGF-Anexo 01,DespesaComPessoalBruta,DESPESA BRUTA COM PESSOAL (I),<MR-9>,435149936.87,3999415,Paraíba
2018,1,PB,RGF-Anexo 01,DespesaComPessoalBruta,DESPESA BRUTA COM PESSOAL (I),<MR-8>,437704727.57,3999415,Paraíba
2018,1,PB,RGF-Anexo 01,DespesaComPessoalBruta,DESPESA BRUTA COM PESSOAL (I),<MR-7>,420763910.86,3999415,Paraíba
2018,1,PB,RGF-Anexo 01,DespesaComPessoalBruta,DESPESA BRUTA COM PESSOAL (I),<MR-6>,393816165.16,3999415,Paraíba
2018,1,PB,RGF-Anexo 01,DespesaComPessoalBruta,DESPESA BRUTA COM PESSOAL (I),<MR-5>,304554141.25,3999415,Paraíba
2018,1,PB,RGF-Anexo 01,DespesaComPessoalBruta,DESPESA BRUTA COM PESSOAL (I),<MR-4>,686794169.32,3999415,Paraíba
2018,1,PB,RGF-Anexo 01,DespesaComPessoalBruta,DESPESA BRUTA COM PESSOAL (I),<MR-3>,418688468.45,3999415,Paraíba
2018,1,PB,RGF-Anexo 01,DespesaComPessoalBruta,DESPESA BRUTA COM PESSOAL (I),<MR-2>,486054046.02,3999415,Paraíba
2018,1,PB,RGF-Anexo 01,DespesaComPessoalBruta,DESPESA BRUTA COM PESSOAL (I),<MR-1>,428229850.59,3999415,Paraíba
2018,1,PB,RGF-Anexo 01,DespesaComPessoalBruta,DESPESA BRUTA COM PESSOAL (I),<MR>,434208411.31,3999415,Paraíba
2018,1,PB,RGF-Anexo 01,DespesaComPessoalBruta,DESPESA BRUTA COM PESSOAL (I),TOTAL (ÚLTIMOS 12 MESES) (a),5289687469.97,3999415,Paraíba
2018,1,PB,RGF-Anexo 01,DespesaComPessoalAtivoBruta,Pessoal Ativo,<MR-11>,308486866.78,3999415,Paraíba
2018,1,PB,RGF-Anexo 01,DespesaComPessoalAtivoBruta,Pessoal Ativo,<MR-10>,269806403.42,3999415,Paraíba
2018,1,PB,RGF-Anexo 01,DespesaComPessoalAtivoBruta,Pessoal Ativo,<MR-9>,297883802.03,3999415,Paraíba
2018,1,PB,RGF-Anexo 01,DespesaComPessoalAtivoBruta,Pessoal Ativo,<MR-8>,303020023.59,3999415,Paraíba
2018,1,PB,RGF-Anexo 01,DespesaComPessoalAtivoBruta,Pessoal Ativo,<MR-7>,285598048.34,3999415,Paraíba
2018,1,PB,RGF-Anexo 01,DespesaComPessoalAtivoBruta,Pessoal Ativo,<MR-6>,261311241.38,3999415,Paraíba
2018,1,PB,RGF-Anexo 01,DespesaComPessoalAtivoBruta,Pessoal Ativo,<MR-5>,294535505.39,3999415,Paraíba
2018,1,PB,RGF-Anexo 01,DespesaComPessoalAtivoBruta,Pessoal Ativo,<MR-4>,352789845.76,3999415,Paraíba
2018,1,PB,RGF-Anexo 01,DespesaComPessoalAtivoBruta,Pessoal Ativo,<MR-3>,266332287.75,3999415,Paraíba
2018,1,PB,RGF-Anexo 01,DespesaComPessoalAtivoBruta,Pessoal Ativo,<MR-2>,314527347.87,3999415,Paraíba
2018,1,PB,RGF-Anexo 01,DespesaComPessoalAtivoBruta,Pessoal Ativo,<MR-1>,304905270.47,3999415,Paraíba
2018,1,PB,RGF-Anexo 01,DespesaComPessoalAtivoBruta,Pessoal Ativo,<MR>,268288417.76,3999415,Paraíba
2018,1,PB,RGF-Anexo 01,DespesaComPessoalAtivoBruta,Pessoal Ativo,TOTAL (ÚLTIMOS 12 MESES) (a),3527485060.54,3999415,Paraíba
2018,1,PB,RGF-Anexo 01,DespesaComPessoalInativoEPensionistasBruta,Pessoal Inativo e Pensionistas,<MR-11>,145273147.91,3999415,Paraíba
2018,1,PB,RGF-Anexo 01,DespesaComPessoalInativoEPensionistasBruta,Pessoal Inativo e Pensionistas,<MR-10>,120157224.46,3999415,Paraíba
2018,1,PB,RGF-Anexo 01,DespesaComPessoalInativoEPensionistasBruta,Pessoal Inativo e Pensionistas,<MR-9>,137266134.84,3999415,Paraíba
2018,1,PB,RGF-Anexo 01,DespesaComPessoalInativoEPensionistasBruta,Pessoal Inativo e Pensionistas,<MR-8>,134684703.98,3999415,Paraíba
2018,1,PB,RGF-Anexo 01,DespesaComPessoalInativoEPensionistasBruta,Pessoal Inativo e Pensionistas,<MR-7>,135165862.52,3999415,Paraíba
2018,1,PB,RGF-Anexo 01,DespesaComPessoalInativoEPensionistasBruta,Pessoal Inativo e Pensionistas,<MR-6>,132504923.78,3999415,Paraíba
2018,1,PB,RGF-Anexo 01,DespesaComPessoalInativoEPensionistasBruta,Pessoal Inativo e Pensionistas,<MR-5>,10018635.86,3999415,Paraíba
2018,1,PB,RGF-Anexo 01,DespesaComPessoalInativoEPensionistasBruta,Pessoal Inativo e Pensionistas,<MR-4>,334004323.56,3999415,Paraíba
2018,1,PB,RGF-Anexo 01,DespesaComPessoalInativoEPensionistasBruta,Pessoal Inativo e Pensionistas,<MR-3>,152356180.7,3999415,Paraíba
2018,1,PB,RGF-Anexo 01,DespesaComPessoalInativoEPensionistasBruta,Pessoal Inativo e Pensionistas,<MR-2>,171526698.15,3999415,Paraíba
2018,1,PB,RGF-Anexo 01,DespesaComPessoalInativoEPensionistasBruta,Pessoal Inativo e Pensionistas,<MR-1>,123324580.12,3999415,Paraíba
2018,1,PB,RGF-Anexo 01,DespesaComPessoalInativoEPensionistasBruta,Pessoal Inativo e Pensionistas,<MR>,165919993.55,3999415,Paraíba
2018,1,PB,RGF-Anexo 01,DespesaComPessoalInativoEPensionistasBruta,Pessoal Inativo e Pensionistas,TOTAL (ÚLTIMOS 12 MESES) (a),1762202409.43,3999415,Paraíba
2018,1,PB,RGF-Anexo 01,DespesaComPessoalLiquida,DESPESA LÍQUIDA COM PESSOAL (III) = (I - II),<MR-11>,411179958.76,3999415,Paraíba
2018,1,PB,RGF-Anexo 01,DespesaComPessoalLiquida,DESPESA LÍQUIDA COM PESSOAL (III) = (I - II),<MR-10>,348959207.17,3999415,Paraíba
2018,1,PB,RGF-Anexo 01,DespesaComPessoalLiquida,DESPESA LÍQUIDA COM PESSOAL (III) = (I - II),<MR-9>,388935030.9,3999415,Paraíba
2018,1,PB,RGF-Anexo 01,DespesaComPessoalLiquida,DESPESA LÍQUIDA COM PESSOAL (III) = (I - II),<MR-8>,391782902.2,3999415,Paraíba
2018,1,PB,RGF-Anexo 01,DespesaComPessoalLiquida,DESPESA LÍQUIDA COM PESSOAL (III) = (I - II),<MR-7>,381257760.06,3999415,Paraíba
2018,1,PB,RGF-Anexo 01,DespesaComPessoalLiquida,DESPESA LÍQUIDA COM PESSOAL (III) = (I - II),<MR-6>,349295373.34,3999415,Paraíba
2018,1,PB,RGF-Anexo 01,DespesaComPessoalLiquida,DESPESA LÍQUIDA COM PESSOAL (III) = (I - II),<MR-5>,263708217.18,3999415,Paraíba
2018,1,PB,RGF-Anexo 01,DespesaComPessoalLiquida,DESPESA LÍQUIDA COM PESSOAL (III) = (I - II),<MR-4>,605910295.61,3999415,Paraíba
2018,1,PB,RGF-Anexo 01,DespesaComPessoalLiquida,DESPESA LÍQUIDA COM PESSOAL (III) = (I - II),<MR-3>,379739584.17,3999415,Paraíba
2018,1,PB,RGF-Anexo 01,DespesaComPessoalLiquida,DESPESA LÍQUIDA COM PESSOAL (III) = (I - II),<MR-2>,437657193.94,3999415,Paraíba
2018,1,PB,RGF-Anexo 01,DespesaComPessoalLiquida,DESPESA LÍQUIDA COM PESSOAL (III) = (I - II),<MR-1>,385431358.0,3999415,Paraíba
2018,1,PB,RGF-Anexo 01,DespesaComPessoalLiquida,DESPESA LÍQUIDA COM PESSOAL (III) = (I - II),<MR>,388765229.03,3999415,Paraíba
2018,1,PB,RGF-Anexo 01,DespesaComPessoalLiquida,DESPESA LÍQUIDA COM PESSOAL (III) = (I - II),TOTAL (ÚLTIMOS 12 MESES) (a),4732622110.36,3999415,Paraíba
2018,1,PB,RGF-Anexo 01,ReceitaCorrenteLiquidaLimiteLegal,RECEITA CORRENTE LIQUIDA - RCL (IV),Valor,9259216453.5,3999415,Paraíba
2018,1,PB,RGF-Anexo 01,DespesaComPessoalTotal,DESPESA TOTAL COM PESSOAL - DTP (VII) = (IIIa + IIIb),Valor,4732622110.36,3999415,Paraíba
2018,1,PB,RGF-Anexo 01,DespesaComPessoalTotal,DESPESA TOTAL COM PESSOAL - DTP (VII) = (IIIa + IIIb),% sobre a RCL Ajustada,51.11,3999415,Paraíba
2018,1,PB,RGF-Anexo 02,DividaConsolidada,DÍVIDA CONSOLIDADA - DC (I),SALDO DO EXERCÍCIO ANTERIOR,4267319522.66,3999415,Paraíba
2018,1,PB,RGF-Anexo 02,DividaConsolidada,DÍVIDA CONSOLIDADA - DC (I),Até o 1º Quadrimestre,4178610416.05,3999415,Paraíba
2018,1,PB,RGF-Anexo 02,DividaContratual,Dívida Contratual,SALDO DO EXERCÍCIO ANTERIOR,2616482635.47,3999415,Paraíba
2018,1,PB,RGF-Anexo 02,DividaContratual,Dívida Contratual,Até o 1º Quadrimestre,2522285227.76,3999415,Paraíba
2018,1,PB,RGF-Anexo 02,DividaConsolidadaLiquida,DÍVIDA CONSOLIDADA LÍQUIDA (DCL) (III) = (I - II),SALDO DO EXERCÍCIO ANTERIOR,2641293135.2,3999415,Paraíba
2018,1,PB,RGF-Anexo 02,DividaConsolidadaLiquida,DÍVIDA CONSOLIDADA LÍQUIDA (DCL) (III) = (I - II),Até o 1º Quadrimestre,2165135712.51,3999415,Paraíba
2018,2,PB,RGF-Anexo 01,DespesaComPessoalBruta,DESPESA BRUTA COM PESSOAL (I),<MR-11>,420763910.86,3999415,Paraíba
2018,2,PB,RGF-Anexo 01,DespesaComPessoalBruta,DESPESA BRUTA COM PESSOAL (I),<MR-10>,393816165.16,3999415,Paraíba
2018,2,PB,RGF-Anexo 01,DespesaComPessoalBruta,DESPESA BRUTA COM PESSOAL (I),<MR-9>,304554141.25,3999415,Paraíba
2018,2,PB,RGF-Anexo 01,DespesaComPessoalBruta,DESPESA BRUTA COM PESSOAL (I),<MR-8>,686794169.32,3999415,Paraíba
2018,2,PB,RGF-Anexo 01,DespesaComPessoalBruta,DESPESA BRUTA COM PESSOAL (I),<MR-7>,418688468.45,3999415,Paraíba
2018,2,PB,RGF-Anexo 01,DespesaComPessoalBruta,DESPESA BRUTA COM PESSOAL (I),<MR-6>,486054046.02,3999415,Paraíba
2018,2,PB,RGF-Anexo 01,DespesaComPessoalBruta,DESPESA BRUTA COM PESSOAL (I),<MR-5>,428229850.59,3999415,Paraíba
2018,2,PB,RGF-Anexo 01,DespesaComPessoalBruta,DESPESA BRUTA COM PESSOAL (I),<MR-4>,434208411.31,3999415,Paraíba
2018,2,PB,RGF-Anexo 01,DespesaComPessoalBruta,DESPESA BRUTA COM PESSOAL (I),<MR-3>,447577537.92,3999415,Paraíba
2018,2,PB,RGF-Anexo 01,DespesaComPessoalBruta,DESPESA BRUTA COM PESSOAL (I),<MR-2>,417676406.94,3999415,Paraíba
2018,2,PB,RGF-Anexo 01,DespesaComPessoalBruta,DESPESA BRUTA COM PESSOAL (I),<MR-1>,429110230.42,3999415,Paraíba
2018,2,PB,RGF-Anexo 01,DespesaComPessoalBruta,DESPESA BRUTA COM PESSOAL (I),<MR>,461177028.85,3999415,Paraíba
2018,2,PB,RGF-Anexo 01,DespesaComPessoalBruta,DESPESA BRUTA COM PESSOAL (I),TOTAL (ÚLTIMOS 12 MESES) (a),5328650367.09,3999415,Paraíba
2018,2,PB,RGF-Anexo 01,DespesaComPessoalAtivoBruta,Pessoal Ativo,<MR-11>,285598048.34,3999415,Paraíba
2018,2,PB,RGF-Anexo 01,DespesaComPessoalAtivoBruta,Pessoal Ativo,<MR-10>,261311241.38,3999415,Paraíba
2018,2,PB,RGF-Anexo 01,DespesaComPessoalAtivoBruta,Pessoal Ativo,<MR-9>,294535505.39,3999415,Paraíba
2018,2,PB,RGF-Anexo 01,DespesaComPessoalAtivoBruta,Pessoal Ativo,<MR-8>,352789845.76,3999415,Paraíba
2018,2,PB,RGF-Anexo 01,DespesaComPessoalAtivoBruta,Pessoal Ativo,<MR-7>,266332287.75,3999415,Paraíba
2018,2,PB,RGF-Anexo 01,DespesaComPessoalAtivoBruta,Pessoal Ativo,<MR-6>,314527347.87,3999415,Paraíba
2018,2,PB,RGF-Anexo 01,DespesaComPessoalAtivoBruta,Pessoal Ativo,<MR-5>,304905270.47,3999415,Paraíba
2018,2,PB,RGF-Anexo 01,DespesaComPessoalAtivoBruta,Pessoal Ativo,<MR-4>,268288417.76,3999415,Paraíba
2018,2,PB,RGF-Anexo 01,DespesaComPessoalAtivoBruta,Pessoal Ativo,<MR-3>,292989495.7,3999415,Paraíba
2018,2,PB,RGF-Anexo 01,DespesaComPessoalAtivoBruta,Pessoal Ativo,<MR-2>,278656807.67,3999415,Paraíba
2018,2,PB,RGF-Anexo 01,DespesaComPessoalAtivoBruta,Pessoal Ativo,<MR-1>,287904180.84,3999415,Paraíba
2018,2,PB,RGF-Anexo 01,DespesaComPessoalAtivoBruta,Pessoal Ativo,<MR>,319528834.92,3999415,Paraíba
2018,2,PB,RGF-Anexo 01,DespesaComPessoalAtivoBruta,Pessoal Ativo,TOTAL (ÚLTIMOS 12 MESES) (a),3527367283.85,3999415,Paraíba
2018,2,PB,RGF-Anexo 01,DespesaComPessoalInativoEPensionistasBruta,Pessoal Inativo e Pensionistas,<MR-11>,135165862.52,3999415,Paraíba
2018,2,PB,RGF-Anexo 01,DespesaComPessoalInativoEPensionistasBruta,Pessoal Inativo e Pensionistas,<MR-10>,132504923.78,3999415,Paraíba
2018,2,PB,RGF-Anexo 01,DespesaComPessoalInativoEPensionistasBruta,Pessoal Inativo e Pensionistas,<MR-9>,10018635.86,3999415,Paraíba
2018,2,PB,RGF-Anexo 01,DespesaComPessoalInativoEPensionistasBruta,Pessoal Inativo e Pensionistas,<MR-8>,334004323.56,3999415,Paraíba
2018,2,PB,RGF-Anexo 01,DespesaComPessoalInativoEPensionistasBruta,Pessoal Inativo e Pensionistas,<MR-7>,152356180.7,3999415,Paraíba
2018,2,PB,RGF-Anexo 01,DespesaComPessoalInativoEPensionistasBruta,Pessoal Inativo e Pensionistas,<MR-6>,171526698.15,3999415,Paraíba
2018,2,PB,RGF-Anexo 01,DespesaComPessoalInativoEPensionistasBruta,Pessoal Inativo e Pensionistas,<MR-5>,123324580.12,3999415,Paraíba
2018,2,PB,RGF-Anexo 01,DespesaComPessoalInativoEPensionistasBruta,Pessoal Inativo e Pensionistas,<MR-4>,165919993.55,3999415,Paraíba
2018,2,PB,RGF-Anexo 01,DespesaComPessoalInativoEPensionistasBruta,Pessoal Inativo e Pensionistas,<MR-3>,154588042.22,3999415,Paraíba
2018,2,PB,RGF-Anexo 01,DespesaComPessoalInativoEPensionistasBruta,Pessoal Inativo e Pensionistas,<MR-2>,139019599.27,3999415,Paraíba
2018,2,PB,RGF-Anexo 01,DespesaComPessoalInativoEPensionistasBruta,Pessoal Inativo e Pensionistas,<MR-1>,141206049.58,3999415,Paraíba
2018,2,PB,RGF-Anexo 01,DespesaComPessoalInativoEPensionistasBruta,Pessoal Inativo e Pensionistas,<MR>,141648193.93,3999415,Paraíba
2018,2,PB,RGF-Anexo 01,DespesaComPessoalInativoEPensionistasBruta,Pessoal Inativo e Pensionistas,TOTAL (ÚLTIMOS 12 MESES) (a),1801283083.24,3999415,Paraíba
2018,2,PB,RGF-Anexo 01,DespesaComPessoalLiquida,DESPESA LÍQUIDA COM PESSOAL (III) = (I - II),<MR-11>,381257760.06,3999415,Paraíba
2018,2,PB,RGF-Anexo 01,DespesaComPessoalLiquida,DESPESA LÍQUIDA COM PESSOAL (III) = (I - II),<MR-10>,349295373.34,3999415,Paraíba
2018,2,PB,RGF-Anexo 01,DespesaComPessoalLiquida,DESPESA LÍQUIDA COM PESSOAL (III) = (I - II),<MR-9>,263708217.18,3999415,Paraíba
2018,2,PB,RGF-Anexo 01,DespesaComPessoalLiquida,DESPESA LÍQUIDA COM PESSOAL (III) = (I - II),<MR-8>,605910295.61,3999415,Paraíba
2018,2,PB,RGF-Anexo 01,DespesaComPessoalLiquida,DESPESA LÍQUIDA COM PESSOAL (III) = (I - II),<MR-7>,379739584.17,3999415,Paraíba
2018,2,PB,RGF-Anexo 01,DespesaComPessoalLiquida,DESPESA LÍQUIDA COM PESSOAL (III) = (I - II),<MR-6>,437657193.94,3999415,Paraíba
2018,2,PB,RGF-Anexo 01,DespesaComPessoalLiquida,DESPESA LÍQUIDA COM PESSOAL (III) = (I - II),<MR-5>,385431358.0,3999415,Paraíba
2018,2,PB,RGF-Anexo 01,DespesaComPessoalLiquida,DESPESA LÍQUIDA COM PESSOAL (III) = (I - II),<MR-4>,388765229.03,3999415,Paraíba
2018,2,PB,RGF-Anexo 01,DespesaComPessoalLiquida,DESPESA LÍQUIDA COM PESSOAL (III) = (I - II),<MR-3>,403085820.66,3999415,Paraíba
2018,2,PB,RGF-Anexo 01,DespesaComPessoalLiquida,DESPESA LÍQUIDA COM PESSOAL (III) = (I - II),<MR-2>,377229283.95,3999415,Paraíba
2018,2,PB,RGF-Anexo 01,DespesaComPessoalLiquida,DESPESA LÍQUIDA COM PESSOAL (III) = (I - II),<MR-1>,380858317.41,3999415,Paraíba
2018,2,PB,RGF-Anexo 01,DespesaComPessoalLiquida,DESPESA LÍQUIDA COM PESSOAL (III) = (I - II),<MR>,415316569.27,3999415,Paraíba
2018,2,PB,RGF-Anexo 01,DespesaComPessoalLiquida,DESPESA LÍQUIDA COM PESSOAL (III) = (I - II),TOTAL (ÚLTIMOS 12 MESES) (a),4768255002.62,3999415,Paraíba
2018,2,PB,RGF-Anexo 01,ReceitaCorrenteLiquidaLimiteLegal,RECEITA CORRENTE LIQUIDA - RCL (IV),Valor,9454544814.1,3999415,Paraíba
2018,2,PB,RGF-Anexo 01,DespesaComPessoalTotal,DESPESA TOTAL COM PESSOAL - DTP (VII) = (IIIa + IIIb),Valor,4768255002.62,3999415,Paraíba
2018,2,PB,RGF-Anexo 01,DespesaComPessoalTotal,DESPESA TOTAL COM PESSOAL - DTP (VII) = (IIIa + IIIb),% sobre a RCL Ajustada,50.43,3999415,Paraíba
2018,2,PB,RGF-Anexo 02,DividaConsolidada,DÍVIDA CONSOLIDADA - DC (I),SALDO DO EXERCÍCIO ANTERIOR,4267319522.66,3999415,Paraíba
2018,2,PB,RGF-Anexo 02,DividaConsolidada,DÍVIDA CONSOLIDADA - DC (I),Até o 1º Quadrimestre,4178610416.05,3999415,Paraíba
2018,2,PB,RGF-Anexo 02,DividaConsolidada,DÍVIDA CONSOLIDADA - DC (I),Até o 2º Quadrimestre,4215075734.09,3999415,Paraíba
2018,2,PB,RGF-Anexo 02,DividaContratual,Dívida Contratual,SALDO DO EXERCÍCIO ANTERIOR,2616482635.47,3999415,Paraíba
2018,2,PB,RGF-Anexo 02,DividaContratual,Dívida Contratual,Até o 1º Quadrimestre,2522285227.76,3999415,Paraíba
2018,2,PB,RGF-Anexo 02,DividaContratual,Dívida Contratual,Até o 2º Quadrimestre,2595792820.41,3999415,Paraíba
2018,2,PB,RGF-Anexo 02,DividaConsolidadaLiquida,DÍVIDA CONSOLIDADA LÍQUIDA (DCL) (III) = (I - II),SALDO DO EXERCÍCIO ANTERIOR,2641293135.2,3999415,Paraíba
2018,2,PB,RGF-Anexo 02,DividaConsolidadaLiquida,DÍVIDA CONSOLIDADA LÍQUIDA (DCL) (III) = (I - II),Até o 1º Quadrimestre,2165135712.51,3999415,Paraíba
2018,2,PB,RGF-Anexo 02,DividaConsolidadaLiquida,DÍVIDA CONSOLIDADA LÍQUIDA (DCL) (III) = (I - II),Até o 2º Quadrimestre,2232955251.56,3999415,Paraíba
2018,3,PB,RGF-Anexo 01,DespesaComPessoalBruta,DESPESA BRUTA COM PESSOAL (I),<MR-11>,418688468.45,3999415,Paraíba
2018,3,PB,RGF-Anexo 01,DespesaComPessoalBruta,DESPESA BRUTA COM PESSOAL (I),<MR-10>,486054046.02,3999415,Paraíba
2018,3,PB,RGF-Anexo 01,DespesaComPessoalBruta,DESPESA BRUTA COM PESSOAL (I),<MR-9>,428229850.59,3999415,Paraíba
2018,3,PB,RGF-Anexo 01,DespesaComPessoalBruta,DESPESA BRUTA COM PESSOAL (I),<MR-8>,434208411.31,3999415,Paraíba
2018,3,PB,RGF-Anexo 01,DespesaComPessoalBruta,DESPESA BRUTA COM PESSOAL (I),<MR-7>,447577537.92,3999415,Paraíba
2018,3,PB,RGF-Anexo 01,DespesaComPessoalBruta,DESPESA BRUTA COM PESSOAL (I),<MR-6>,417676406.94,3999415,Paraíba
2018,3,PB,RGF-Anexo 01,DespesaComPessoalBruta,DESPESA BRUTA COM PESSOAL (I),<MR-5>,429110230.42,3999415,Paraíba
2018,3,PB,RGF-Anexo 01,DespesaComPessoalBruta,DESPESA BRUTA COM PESSOAL (I),<MR-4>,461177028.85,3999415,Paraíba
2018,3,PB,RGF-Anexo 01,DespesaComPessoalBruta,DESPESA BRUTA COM PESSOAL (I),<MR-3>,430993980.11,3999415,Paraíba
2018,3,PB,RGF-Anexo 01,DespesaComPessoalBruta,DESPESA BRUTA COM PESSOAL (I),<MR-2>,436230900.64,3999415,Paraíba
2018,3,PB,RGF-Anexo 01,DespesaComPessoalBruta,DESPESA BRUTA COM PESSOAL (I),<MR-1>,449072753.17,3999415,Paraíba
2018,3,PB,RGF-Anexo 01,DespesaComPessoalBruta,DESPESA BRUTA COM PESSOAL (I),<MR>,580879866.93,3999415,Paraíba
2018,3,PB,RGF-Anexo 01,DespesaComPessoalBruta,DESPESA BRUTA COM PESSOAL (I),TOTAL (ÚLTIMOS 12 MESES) (a),5419899481.35,3999415,Paraíba
2018,3,PB,RGF-Anexo 01,DespesaComPessoalAtivoBruta,Pessoal Ativo,<MR-11>,266332287.75,3999415,Paraíba
2018,3,PB,RGF-Anexo 01,DespesaComPessoalAtivoBruta,Pessoal Ativo,<MR-10>,314527347.87,3999415,Paraíba
2018,3,PB,RGF-Anexo 01,DespesaComPessoalAtivoBruta,Pessoal Ativo,<MR-9>,304905270.47,3999415,Paraíba
2018,3,PB,RGF-Anexo 01,DespesaComPessoalAtivoBruta,Pessoal Ativo,<MR-8>,268288417.76,3999415,Paraíba
2018,3,PB,RGF-Anexo 01,DespesaComPessoalAtivoBruta,Pessoal Ativo,<MR-7>,292989495.7,3999415,Paraíba
2018,3,PB,RGF-Anexo 01,DespesaComPessoalAtivoBruta,Pessoal Ativo,<MR-6>,278656807.67,3999415,Paraíba
2018,3,PB,RGF-Anexo 01,DespesaComPessoalAtivoBruta,Pessoal Ativo,<MR-5>,287904180.84,3999415,Paraíba
2018,3,PB,RGF-Anexo 01,DespesaComPessoalAtivoBruta,Pessoal Ativo,<MR-4>,319528834.92,3999415,Paraíba
2018,3,PB,RGF-Anexo 01,DespesaComPessoalAtivoBruta,Pessoal Ativo,<MR-3>,288909332.7,3999415,Paraíba
2018,3,PB,RGF-Anexo 01,DespesaComPessoalAtivoBruta,Pessoal Ativo,<MR-2>,293679552.68,3999415,Paraíba
2018,3,PB,RGF-Anexo 01,DespesaComPessoalAtivoBruta,Pessoal Ativo,<MR-1>,302446867.28,3999415,Paraíba
2018,3,PB,RGF-Anexo 01,DespesaComPessoalAtivoBruta,Pessoal Ativo,<MR>,366979422.92,3999415,Paraíba
2018,3,PB,RGF-Anexo 01,DespesaComPessoalAtivoBruta,Pessoal Ativo,TOTAL (ÚLTIMOS 12 MESES) (a),3585147818.56,3999415,Paraíba
2018,3,PB,RGF-Anexo 01,DespesaComPessoalInativoEPensionistasBruta,Pessoal Inativo e Pensionistas,<MR-11>,152356180.7,3999415,Paraíba
2018,3,PB,RGF-Anexo 01,DespesaComPessoalInativoEPensionistasBruta,Pessoal Inativo e Pensionistas,<MR-10>,171526698.15,3999415,Paraíba
2018,3,PB,RGF-Anexo 01,DespesaComPessoalInativoEPensionistasBruta,Pessoal Inativo e Pensionistas,<MR-9>,123324580.12,3999415,Paraíba
2018,3,PB,RGF-Anexo 01,DespesaComPessoalInativoEPensionistasBruta,Pessoal Inativo e Pensionistas,<MR-8>,165919993.55,3999415,Paraíba
2018,3,PB,RGF-Anexo 01,DespesaComPessoalInativoEPensionistasBruta,Pessoal Inativo e Pensionistas,<MR-7>,154588042.22,3999415,Paraíba
2018,3,PB,RGF-Anexo 01,DespesaComPessoalInativoEPensionistasBruta,Pessoal Inativo e Pensionistas,<MR-6>,139019599.27,3999415,Paraíba
2018,3,PB,RGF-Anexo 01,DespesaComPessoalInativoEPensionistasBruta,Pessoal Inativo e Pensionistas,<MR-5>,141206049.58,3999415,Paraíba
2018,3,PB,RGF-Anexo 01,DespesaComPessoalInativoEPensionistasBruta,Pessoal Inativo e Pensionistas,<MR-4>,141648193.93,3999415,Paraíba
2018,3,PB,RGF-Anexo 01,DespesaComPessoalInativoEPensionistasBruta,Pessoal Inativo e Pensionistas,<MR-3>,142084647.41,3999415,Paraíba
2018,3,PB,RGF-Anexo 01,DespesaComPessoalInativoEPensionistasBruta,Pessoal Inativo e Pensionistas,<MR-2>,142551347.96,3999415,Paraíba
2018,3,PB,RGF-Anexo 01,DespesaComPessoalInativoEPensionistasBruta,Pessoal Inativo e Pensionistas,<MR-1>,146625885.89,3999415,Paraíba
2018,3,PB,RGF-Anexo 01,DespesaComPessoalInativoEPensionistasBruta,Pessoal Inativo e Pensionistas,<MR>,213900444.01,3999415,Paraíba
2018,3,PB,RGF-Anexo 01,DespesaComPessoalInativoEPensionistasBruta,Pessoal Inativo e Pensionistas,TOTAL (ÚLTIMOS 12 MESES) (a),1834751662.79,3999415,Paraíba
2018,3,PB,RGF-Anexo 01,DespesaComPessoalLiquida,DESPESA LÍQUIDA COM PESSOAL (III) = (I - II),<MR-11>,379739584.17,3999415,Paraíba
2018,3,PB,RGF-Anexo 01,DespesaComPessoalLiquida,DESPESA LÍQUIDA COM PESSOAL (III) = (I - II),<MR-10>,437657193.94,3999415,Paraíba
2018,3,PB,RGF-Anexo 01,DespesaComPessoalLiquida,DESPESA LÍQUIDA COM PESSOAL (III) = (I - II),<MR-9>,385431358.0,3999415,Paraíba
2018,3,PB,RGF-Anexo 01,DespesaComPessoalLiquida,DESPESA LÍQUIDA COM PESSOAL (III) = (I - II),<MR-8>,388765229.03,3999415,Paraíba
2018,3,PB,RGF-Anexo 01,DespesaComPessoalLiquida,DESPESA LÍQUIDA COM PESSOAL (III) = (I - II),<MR-7>,403085820.66,3999415,Paraíba
2018,3,PB,RGF-Anexo 01,DespesaComPessoalLiquida,DESPESA LÍQUIDA COM PESSOAL (III) = (I - II),<MR-6>,377229283.95,3999415,Paraíba
2018,3,PB,RGF-Anexo 01,DespesaComPessoalLiquida,DESPESA LÍQUIDA COM PESSOAL (III) = (I - II),<MR-5>,380858317.41,3999415,Paraíba
2018,3,PB,RGF-Anexo 01,DespesaComPessoalLiquida,DESPESA LÍQUIDA COM PESSOAL (III) = (I - II),<MR-4>,415316569.27,3999415,Paraíba
2018,3,PB,RGF-Anexo 01,DespesaComPessoalLiquida,DESPESA LÍQUIDA COM PESSOAL (III) = (I - II),<MR-3>,392335919.23,3999415,Paraíba
2018,3,PB,RGF-Anexo 01,DespesaComPessoalLiquida,DESPESA LÍQUIDA COM PESSOAL (III) = (I - II),<MR-2>,388530172.69,3999415,Paraíba
2018,3,PB,RGF-Anexo 01,DespesaComPessoalLiquida,DESPESA LÍQUIDA COM PESSOAL (III) = (I - II),<MR-1>,407534330.98,3999415,Paraíba
2018,3,PB,RGF-Anexo 01,DespesaComPessoalLiquida,DESPESA LÍQUIDA COM PESSOAL (III) = (I - II),<MR>,498671438.43,3999415,Paraíba
2018,3,PB,RGF-Anexo 01,DespesaComPessoalLiquida,DESPESA LÍQUIDA COM PESSOAL (III) = (I - II),TOTAL (ÚLTIMOS 12 MESES) (a),4855155217.76,3999415,Paraíba
2018,3,PB,RGF-Anexo 01,ReceitaCorrenteLiquidaLimiteLegal,RECEITA CORRENTE LIQUIDA - RCL (IV),Valor,9593439615.37,3999415,Paraíba
2018,3,PB,RGF-Anexo 01,DespesaComPessoalTotal,DESPESA TOTAL COM PESSOAL - DTP (VII) = (IIIa + IIIb),Valor,4855155217.76,3999415,Paraíba
2018,3,PB,RGF-Anexo 01,DespesaComPessoalTotal,DESPESA TOTAL COM PESSOAL - DTP (VII) = (IIIa + IIIb),% sobre a RCL Ajustada,50.61,3999415,Paraíba
2018,3,PB,RGF-Anexo 02,DividaConsolidada,DÍVIDA CONSOLIDADA - DC (I),SALDO DO EXERCÍCIO ANTERIOR,4267319522.66,3999415,Paraíba
2018,3,PB,RGF-Anexo 02,DividaConsolidada,DÍVIDA CONSOLIDADA - DC (I),Até o 1º Quadrimestre,4178610416.05,3999415,Paraíba
2018,3,PB,RGF-Anexo 02,DividaConsolidada,DÍVIDA CONSOLIDADA - DC (I),Até o 2º Quadrimestre,4215075734.09,3999415,Paraíba
2018,3,PB,RGF-Anexo 02,DividaConsolidada,DÍVIDA CONSOLIDADA - DC (I),Até o 3º Quadrimestre,4600967318.87,3999415,Paraíba
2018,3,PB,RGF-Anexo 02,DividaContratual,Dívida Contratual,SALDO DO EXERCÍCIO ANTERIOR,2616482635.47,3999415,Paraíba
2018,3,PB,RGF-Anexo 02,DividaContratual,Dívida Contratual,Até o 1º Quadrimestre,2522285227.76,3999415,Paraíba
2018,3,PB,RGF-Anexo 02,DividaContratual,Dívida Contratual,Até o 2º Quadrimestre,2595792820.41,3999415,Paraíba
2018,3,PB,RGF-Anexo 02,DividaContratual,Dívida Contratual,Até o 3º Quadrimestre,2594287866.51,3999415,Paraíba
2018,3,PB,RGF-Anexo 02,DividaConsolidadaLiquida,DÍVIDA CONSOLIDADA LÍQUIDA (DCL) (III) = (I - II),SALDO DO EXERCÍCIO ANTERIOR,2641293135.2,3999415,Paraíba
2018,3,PB,RGF-Anexo 02,DividaConsolidadaLiquida,DÍVIDA CONSOLIDADA LÍQUIDA (DCL) (III) = (I - II),Até o 1º Quadrimestre,2165135712.51,3999415,Paraíba
2018,3,PB,RGF-Anexo 02,DividaConsolidadaLiquida,DÍVIDA CONSOLIDADA LÍQUIDA (DCL) (III) = (I - II),Até o 2º Quadrimestre,2232955251.56,3999415,Paraíba
2018,3,PB,RGF-Anexo 02,DividaConsolidadaLiquida,DÍVIDA CONSOLIDADA LÍQUIDA (DCL) (III) = (I - II),Até o 3º Quadrimestre,3115454034.35,3999415,Paraíba
2019,1,PB,RGF-Anexo 01,DespesaComPessoalBruta,DESPESA BRUTA COM PESSOAL (I),<MR-11>,447577537.92,3996496,Paraíba
2019,1,PB,RGF-Anexo 01,DespesaComPessoalBruta,DESPESA BRUTA COM PESSOAL (I),<MR-10>,417676406.94,3996496,Paraíba
2019,1,PB,RGF-Anexo 01,DespesaComPessoalBruta,DESPESA BRUTA COM PESSOAL (I),<MR-9>,429110230.42,3996496,Paraíba
2019,1,PB,RGF-Anexo 01,DespesaComPessoalBruta,DESPESA BRUTA COM PESSOAL (I),<MR-8>,461177028.85,3996496,Paraíba
2019,1,PB,RGF-Anexo 01,DespesaComPessoalBruta,DESPESA BRUTA COM PESSOAL (I),<MR-7>,430993980.11,3996496,Paraíba
2019,1,PB,RGF-Anexo 01,DespesaComPessoalBruta,DESPESA BRUTA COM PESSOAL (I),<MR-6>,436230900.64,3996496,Paraíba
2019,1,PB,RGF-Anexo 01,DespesaComPessoalBruta,DESPESA BRUTA COM PESSOAL (I),<MR-5>,449072753.17,3996496,Paraíba
2019,1,PB,RGF-Anexo 01,DespesaComPessoalBruta,DESPESA BRUTA COM PESSOAL (I),<MR-4>,580879866.93,3996496,Paraíba
2019,1,PB,RGF-Anexo 01,DespesaComPessoalBruta,DESPESA BRUTA COM PESSOAL (I),<MR-3>,470696378.52,3996496,Paraíba
2019,1,PB,RGF-Anexo 01,DespesaComPessoalBruta,DESPESA BRUTA COM PESSOAL (I),<MR-2>,451593968.3,3996496,Paraíba
2019,1,PB,RGF-Anexo 01,DespesaComPessoalBruta,DESPESA BRUTA COM PESSOAL (I),<MR-1>,458129422.78,3996496,Paraíba
2019,1,PB,RGF-Anexo 01,DespesaComPessoalBruta,DESPESA BRUTA COM PESSOAL (I),<MR>,450371435.7,3996496,Paraíba
2019,1,PB,RGF-Anexo 01,DespesaComPessoalBruta,DESPESA BRUTA COM PESSOAL (I),TOTAL (ÚLTIMOS 12 MESES) (a),5483509910.28,3996496,Paraíba
2019,1,PB,RGF-Anexo 01,DespesaComPessoalAtivoBruta,Pessoal Ativo,<MR-11>,292989495.7,3996496,Paraíba
2019,1,PB,RGF-Anexo 01,DespesaComPessoalAtivoBruta,Pessoal Ativo,<MR-10>,278656807.67,3996496,Paraíba
2019,1,PB,RGF-Anexo 01,DespesaComPessoalAtivoBruta,Pessoal Ativo,<MR-9>,287904180.84,3996496,Paraíba
2019,1,PB,RGF-Anexo 01,DespesaComPessoalAtivoBruta,Pessoal Ativo,<MR-8>,319528834.92,3996496,Paraíba
2019,1,PB,RGF-Anexo 01,DespesaComPessoalAtivoBruta,Pessoal Ativo,<MR-7>,288909332.7,3996496,Paraíba
2019,1,PB,RGF-Anexo 01,DespesaComPessoalAtivoBruta,Pessoal Ativo,<MR-6>,293679552.68,3996496,Paraíba
2019,1,PB,RGF-Anexo 01,DespesaComPessoalAtivoBruta,Pessoal Ativo,<MR-5>,302446867.28,3996496,Paraíba
2019,1,PB,RGF-Anexo 01,DespesaComPessoalAtivoBruta,Pessoal Ativo,<MR-4>,366979422.92,3996496,Paraíba
2019,1,PB,RGF-Anexo 01,DespesaComPessoalAtivoBruta,Pessoal Ativo,<MR-3>,313549212.14,3996496,Paraíba
2019,1,PB,RGF-Anexo 01,DespesaComPessoalAtivoBruta,Pessoal Ativo,<MR-2>,294415690.04,3996496,Paraíba
2019,1,PB,RGF-Anexo 01,DespesaComPessoalAtivoBruta,Pessoal Ativo,<MR-1>,299697916.21,3996496,Paraíba
2019,1,PB,RGF-Anexo 01,DespesaComPessoalAtivoBruta,Pessoal Ativo,<MR>,291784857.97,3996496,Paraíba
2019,1,PB,RGF-Anexo 01,DespesaComPessoalAtivoBruta,Pessoal Ativo,TOTAL (ÚLTIMOS 12 MESES) (a),3630542171.07,3996496,Paraíba
2019,1,PB,RGF-Anexo 01,DespesaComPessoalInativoEPensionistasBruta,Pessoal Inativo e Pensionistas,<MR-11>,154588042.22,3996496,Paraíba
2019,1,PB,RGF-Anexo 01,DespesaComPessoalInativoEPensionistasBruta,Pessoal Inativo e Pensionistas,<MR-10>,139019599.27,3996496,Paraíba
2019,1,PB,RGF-Anexo 01,DespesaComPessoalInativoEPensionistasBruta,Pessoal Inativo e Pensionistas,<MR-9>,141206049.58,3996496,Paraíba
2019,1,PB,RGF-Anexo 01,DespesaComPessoalInativoEPensionistasBruta,Pessoal Inativo e Pensionistas,<MR-8>,141648193.93,3996496,Paraíba
2019,1,PB,RGF-Anexo 01,DespesaComPessoalInativoEPensionistasBruta,Pessoal Inativo e Pensionistas,<MR-7>,142084647.41,3996496,Paraíba
2019,1,PB,RGF-Anexo 01,DespesaComPessoalInativoEPensionistasBruta,Pessoal Inativo e Pensionistas,<MR-6>,142551347.96,3996496,Paraíba
2019,1,PB,RGF-Anexo 01,DespesaComPessoalInativoEPensionistasBruta,Pessoal Inativo e Pensionistas,<MR-5>,146625885.89,3996496,Paraíba
2019,1,PB,RGF-Anexo 01,DespesaComPessoalInativoEPensionistasBruta,Pessoal Inativo e Pensionistas,<MR-4>,213900444.01,3996496,Paraíba
2019,1,PB,RGF-Anexo 01,DespesaComPessoalInativoEPensionistasBruta,Pessoal Inativo e Pensionistas,<MR-3>,157147166.38,3996496,Paraíba
2019,1,PB,RGF-Anexo 01,DespesaComPessoalInativoEPensionistasBruta,Pessoal Inativo e Pensionistas,<MR-2>,157178278.26,3996496,Paraíba
2019,1,PB,RGF-Anexo 01,DespesaComPessoalInativoEPensionistasBruta,Pessoal Inativo e Pensionistas,<MR-1>,158431506.57,3996496,Paraíba
2019,1,PB,RGF-Anexo 01,DespesaComPessoalInativoEPensionistasBruta,Pessoal Inativo e Pensionistas,<MR>,158586577.73,3996496,Paraíba
2019,1,PB,RGF-Anexo 01,DespesaComPessoalInativoEPensionistasBruta,Pessoal Inativo e Pensionistas,TOTAL (ÚLTIMOS 12 MESES) (a),1852967739.21,3996496,Paraíba
2019,1,PB,RGF-Anexo 01,DespesaComPessoalLiquida,DESPESA LÍQUIDA COM PESSOAL (III) = (I - II),<MR-11>,403085820.66,3996496,Paraíba
2019,1,PB,RGF-Anexo 01,DespesaComPessoalLiquida,DESPESA LÍQUIDA COM PESSOAL (III) = (I - II),<MR-10>,377229283.95,3996496,Paraíba
2019,1,PB,RGF-Anexo 01,DespesaComPessoalLiquida,DESPESA LÍQUIDA COM PESSOAL (III) = (I - II),<MR-9>,380858317.41,3996496,Paraíba
2019,1,PB,RGF-Anexo 01,DespesaComPessoalLiquida,DESPESA LÍQUIDA COM PESSOAL (III) = (I - II),<MR-8>,415316569.27,3996496,Paraíba
2019,1,PB,RGF-Anexo 01,DespesaComPessoalLiquida,DESPESA LÍQUIDA COM PESSOAL (III) = (I - II),<MR-7>,392335919.23,3996496,Paraíba
2019,1,PB,RGF-Anexo 01,DespesaComPessoalLiquida,DESPESA LÍQUIDA COM PESSOAL (III) = (I - II),<MR-6>,388530172.69,3996496,Paraíba
2019,1,PB,RGF-Anexo 01,DespesaComPessoalLiquida,DESPESA LÍQUIDA COM PESSOAL (III) = (I - II),<MR-5>,407534330.98,3996496,Paraíba
2019,1,PB,RGF-Anexo 01,DespesaComPessoalLiquida,DESPESA LÍQUIDA COM PESSOAL (III) = (I - II),<MR-4>,498671438.43,3996496,Paraíba
2019,1,PB,RGF-Anexo 01,DespesaComPessoalLiquida,DESPESA LÍQUIDA COM PESSOAL (III) = (I - II),<MR-3>,422275493.64,3996496,Paraíba
2019,1,PB,RGF-Anexo 01,DespesaComPessoalLiquida,DESPESA LÍQUIDA COM PESSOAL (III) = (I - II),<MR-2>,404313614.68,3996496,Paraíba
2019,1,PB,RGF-Anexo 01,DespesaComPessoalLiquida,DESPESA LÍQUIDA COM PESSOAL (III) = (I - II),<MR-1>,415660722.72,3996496,Paraíba
2019,1,PB,RGF-Anexo 01,DespesaComPessoalLiquida,DESPESA LÍQUIDA COM PESSOAL (III) = (I - II),<MR>,408116732.21,3996496,Paraíba
2019,1,PB,RGF-Anexo 01,DespesaComPessoalLiquida,DESPESA LÍQUIDA COM PESSOAL (III) = (I - II),TOTAL (ÚLTIMOS 12 MESES) (a),4913928415.87,3996496,Paraíba
2019,1,PB,RGF-Anexo 01,ReceitaCorrenteLiquidaLimiteLegal,RECEITA CORRENTE LIQUIDA - RCL (IV),Valor,9852087163.58,3996496,Paraíba
2019,1,PB,RGF-Anexo 01,DespesaComPessoalTotal,DESPESA TOTAL COM PESSOAL - DTP (VII) = (IIIa + IIIb),Valor,4913928415.87,3996496,Paraíba
2019,1,PB,RGF-Anexo 01,DespesaComPessoalTotal,DESPESA TOTAL COM PESSOAL - DTP (VII) = (IIIa + IIIb),% sobre a RCL Ajustada,49.88,3996496,Paraíba
2019,1,PB,RGF-Anexo 02,DividaConsolidada,DÍVIDA CONSOLIDADA - DC (I),SALDO DO EXERCÍCIO ANTERIOR,4600967318.87,3996496,Paraíba
2019,1,PB,RGF-Anexo 02,DividaConsolidada,DÍVIDA CONSOLIDADA - DC (I),Até o 1º Quadrimestre,4463907800.42,3996496,Paraíba
2019,1,PB,RGF-Anexo 02,DividaContratual,Dívida Contratual,SALDO DO EXERCÍCIO ANTERIOR,2594287866.51,3996496,Paraíba
2019,1,PB,RGF-Anexo 02,DividaContratual,Dívida Contratual,Até o 1º Quadrimestre,2528814875.55,3996496,Paraíba
2019,1,PB,RGF-Anexo 02,DividaConsolidadaLiquida,DÍVIDA CONSOLIDADA LÍQUIDA (DCL) (III) = (I - II),SALDO DO EXERCÍCIO ANTERIOR,3115454034.35,3996496,Paraíba
2019,1,PB,RGF-Anexo 02,DividaConsolidadaLiquida,DÍVIDA CONSOLIDADA LÍQUIDA (DCL) (III) = (I - II),Até o 1º Quadrimestre,2330534820.14,3996496,Paraíba
2019,2,PB,RGF-Anexo 01,DespesaComPessoalBruta,DESPESA BRUTA COM PESSOAL (I),<MR-11>,430993980.11,3996496,Paraíba
2019,2,PB,RGF-Anexo 01,DespesaComPessoalBruta,DESPESA BRUTA COM PESSOAL (I),<MR-10>,436230900.64,3996496,Paraíba
2019,2,PB,RGF-Anexo 01,DespesaComPessoalBruta,DESPESA BRUTA COM PESSOAL (I),<MR-9>,449072753.17,3996496,Paraíba
2019,2,PB,RGF-Anexo 01,DespesaComPessoalBruta,DESPESA BRUTA COM PESSOAL (I),<MR-8>,580879866.93,3996496,Paraíba
2019,2,PB,RGF-Anexo 01,DespesaComPessoalBruta,DESPESA BRUTA COM PESSOAL (I),<MR-7>,470696378.52,3996496,Paraíba
2019,2,PB,RGF-Anexo 01,DespesaComPessoalBruta,DESPESA BRUTA COM PESSOAL (I),<MR-6>,451593968.3,3996496,Paraíba
2019,2,PB,RGF-Anexo 01,DespesaComPessoalBruta,DESPESA BRUTA COM PESSOAL (I),<MR-5>,458129422.78,3996496,Paraíba
2019,2,PB,RGF-Anexo 01,DespesaComPessoalBruta,DESPESA BRUTA COM PESSOAL (I),<MR-4>,450371435.7,3996496,Paraíba
2019,2,PB,RGF-Anexo 01,DespesaComPessoalBruta,DESPESA BRUTA COM PESSOAL (I),<MR-3>,457841777.15,3996496,Paraíba
2019,2,PB,RGF-Anexo 01,DespesaComPessoalBruta,DESPESA BRUTA COM PESSOAL (I),<MR-2>,456580357.77,3996496,Paraíba
2019,2,PB,RGF-Anexo 01,DespesaComPessoalBruta,DESPESA BRUTA COM PESSOAL (I),<MR-1>,462935790.6,3996496,Paraíba
2019,2,PB,RGF-Anexo 01,DespesaComPessoalBruta,DESPESA BRUTA COM PESSOAL (I),<MR>,464050207.12,3996496,Paraíba
2019,2,PB,RGF-Anexo 01,DespesaComPessoalBruta,DESPESA BRUTA COM PESSOAL (I),TOTAL (ÚLTIMOS 12 MESES) (a),5569376838.79,3996496,Paraíba
2019,2,PB,RGF-Anexo 01,DespesaComPessoalAtivoBruta,Pessoal Ativo,<MR-11>,288909332.7,3996496,Paraíba
2019,2,PB,RGF-Anexo 01,DespesaComPessoalAtivoBruta,Pessoal Ativo,<MR-10>,293679552.68,3996496,Paraíba
2019,2,PB,RGF-Anexo 01,DespesaComPessoalAtivoBruta,Pessoal Ativo,<MR-9>,302446867.28,3996496,Paraíba
2019,2,PB,RGF-Anexo 01,DespesaComPessoalAtivoBruta,Pessoal Ativo,<MR-8>,366979422.92,3996496,Paraíba
2019,2,PB,RGF-Anexo 01,DespesaComPessoalAtivoBruta,Pessoal Ativo,<MR-7>,313549212.14,3996496,Paraíba
2019,2,PB,RGF-Anexo 01,DespesaComPessoalAtivoBruta,Pessoal Ativo,<MR-6>,294415690.04,3996496,Paraíba
2019,2,PB,RGF-Anexo 01,DespesaComPessoalAtivoBruta,Pessoal Ativo,<MR-5>,299697916.21,3996496,Paraíba
2019,2,PB,RGF-Anexo 01,DespesaComPessoalAtivoBruta,Pessoal Ativo,<MR-4>,291784857.97,3996496,Paraíba
2019,2,PB,RGF-Anexo 01,DespesaComPessoalAtivoBruta,Pessoal Ativo,<MR-3>,298026832.96,3996496,Paraíba
2019,2,PB,RGF-Anexo 01,DespesaComPessoalAtivoBruta,Pessoal Ativo,<MR-2>,299623928.71,3996496,Paraíba
2019,2,PB,RGF-Anexo 01,DespesaComPessoalAtivoBruta,Pessoal Ativo,<MR-1>,318604419.54,3996496,Paraíba
2019,2,PB,RGF-Anexo 01,DespesaComPessoalAtivoBruta,Pessoal Ativo,<MR>,315241536.58,3996496,Paraíba
2019,2,PB,RGF-Anexo 01,DespesaComPessoalAtivoBruta,Pessoal Ativo,TOTAL (ÚLTIMOS 12 MESES) (a),3682959569.73,3996496,Paraíba
2019,2,PB,RGF-Anexo 01,DespesaComPessoalInativoEPensionistasBruta,Pessoal Inativo e Pensionistas,<MR-11>,142084647.41,3996496,Paraíba
2019,2,PB,RGF-Anexo 01,DespesaComPessoalInativoEPensionistasBruta,Pessoal Inativo e Pensionistas,<MR-10>,142551347.96,3996496,Paraíba
2019,2,PB,RGF-Anexo 01,DespesaComPessoalInativoEPensionistasBruta,Pessoal Inativo e Pensionistas,<MR-9>,146625885.89,3996496,Paraíba
2019,2,PB,RGF-Anexo 01,DespesaComPessoalInativoEPensionistasBruta,Pessoal Inativo e Pensionistas,<MR-8>,213900444.01,3996496,Paraíba
2019,2,PB,RGF-Anexo 01,DespesaComPessoalInativoEPensionistasBruta,Pessoal Inativo e Pensionistas,<MR-7>,157147166.38,3996496,Paraíba
2019,2,PB,RGF-Anexo 01,DespesaComPessoalInativoEPensionistasBruta,Pessoal Inativo e Pensionistas,<MR-6>,157178278.26,3996496,Paraíba
2019,2,PB,RGF-Anexo 01,DespesaComPessoalInativoEPensionistasBruta,Pessoal Inativo e Pensionistas,<MR-5>,158431506.57,3996496,Paraíba
2019,2,PB,RGF-Anexo 01,DespesaComPessoalInativoEPensionistasBruta,Pessoal Inativo e Pensionistas,<MR-4>,158586577.73,3996496,Paraíba
2019,2,PB,RGF-Anexo 01,DespesaComPessoalInativoEPensionistasBruta,Pessoal Inativo e Pensionistas,<MR-3>,159814944.19,3996496,Paraíba
2019,2,PB,RGF-Anexo 01,DespesaComPessoalInativoEPensionistasBruta,Pessoal Inativo e Pensionistas,<MR-2>,156956429.06,3996496,Paraíba
2019,2,PB,RGF-Anexo 01,DespesaComPessoalInativoEPensionistasBruta,Pessoal Inativo e Pensionistas,<MR-1>,144331371.06,3996496,Paraíba
2019,2,PB,RGF-Anexo 01,DespesaComPessoalInativoEPensionistasBruta,Pessoal Inativo e Pensionistas,<MR>,148808670.54,3996496,Paraíba
2019,2,PB,RGF-Anexo 01,DespesaComPessoalInativoEPensionistasBruta,Pessoal Inativo e Pensionistas,TOTAL (ÚLTIMOS 12 MESES) (a),1886417269.06,3996496,Paraíba
2019,2,PB,RGF-Anexo 01,DespesaComPessoalLiquida,DESPESA LÍQUIDA COM PESSOAL (III) = (I - II),<MR-11>,392335919.23,3996496,Paraíba
2019,2,PB,RGF-Anexo 01,DespesaComPessoalLiquida,DESPESA LÍQUIDA COM PESSOAL (III) = (I - II),<MR-10>,388530172.69,3996496,Paraíba
2019,2,PB,RGF-Anexo 01,DespesaComPessoalLiquida,DESPESA LÍQUIDA COM PESSOAL (III) = (I - II),<MR-9>,407534330.98,3996496,Paraíba
2019,2,PB,RGF-Anexo 01,DespesaComPessoalLiquida,DESPESA LÍQUIDA COM PESSOAL (III) = (I - II),<MR-8>,498671438.43,3996496,Paraíba
2019,2,PB,RGF-Anexo 01,DespesaComPessoalLiquida,DESPESA LÍQUIDA COM PESSOAL (III) = (I - II),<MR-7>,422275493.64,3996496,Paraíba
2019,2,PB,RGF-Anexo 01,DespesaComPessoalLiquida,DESPESA LÍQUIDA COM PESSOAL (III) = (I - II),<MR-6>,404313614.68,3996496,Paraíba
2019,2,PB,RGF-Anexo 01,DespesaComPessoalLiquida,DESPESA LÍQUIDA COM PESSOAL (III) = (I - II),<MR-5>,415660722.72,3996496,Paraíba
2019,2,PB,RGF-Anexo 01,DespesaComPessoalLiquida,DESPESA LÍQUIDA COM PESSOAL (III) = (I - II),<MR-4>,408116732.21,3996496,Paraíba
2019,2,PB,RGF-Anexo 01,DespesaComPessoalLiquida,DESPESA LÍQUIDA COM PESSOAL (III) = (I - II),<MR-3>,415939661.15,3996496,Paraíba
2019,2,PB,RGF-Anexo 01,DespesaComPessoalLiquida,DESPESA LÍQUIDA COM PESSOAL (III) = (I - II),<MR-2>,414447896.98,3996496,Paraíba
2019,2,PB,RGF-Anexo 01,DespesaComPessoalLiquida,DESPESA LÍQUIDA COM PESSOAL (III) = (I - II),<MR-1>,414086256.09,3996496,Paraíba
2019,2,PB,RGF-Anexo 01,DespesaComPessoalLiquida,DESPESA LÍQUIDA COM PESSOAL (III) = (I - II),<MR>,423869546.46,3996496,Paraíba
2019,2,PB,RGF-Anexo 01,DespesaComPessoalLiquida,DESPESA LÍQUIDA COM PESSOAL (III) = (I - II),TOTAL (ÚLTIMOS 12 MESES) (a),5005781785.26,3996496,Paraíba
2019,2,PB,RGF-Anexo 01,ReceitaCorrenteLiquidaLimiteLegal,RECEITA CORRENTE LIQUIDA - RCL (IV),Valor,9954568640.94,3996496,Paraíba
2019,2,PB,RGF-Anexo 01,DespesaComPessoalTotal,DESPESA TOTAL COM PESSOAL - DTP (VII) = (IIIa + IIIb),Valor,5005781785.26,3996496,Paraíba
2019,2,PB,RGF-Anexo 01,DespesaComPessoalTotal,DESPESA TOTAL COM PESSOAL - DTP (VII) = (IIIa + IIIb),% sobre a RCL Ajustada,50.29,3996496,Paraíba
2019,2,PB,RGF-Anexo 02,DividaConsolidada,DÍVIDA CONSOLIDADA - DC (I),SALDO DO EXERCÍCIO ANTERIOR,4600967318.87,3996496,Paraíba
2019,2,PB,RGF-Anexo 02,DividaConsolidada,DÍVIDA CONSOLIDADA - DC (I),Até o 1º Quadrimestre,4463907800.42,3996496,Paraíba
2019,2,PB,RGF-Anexo 02,DividaConsolidada,DÍVIDA CONSOLIDADA - DC (I),Até o 2º Quadrimestre,4375095992.94,3996496,Paraíba
2019,2,PB,RGF-Anexo 02,DividaContratual,Dívida Contratual,SALDO DO EXERCÍCIO ANTERIOR,2594287866.51,3996496,Paraíba
2019,2,PB,RGF-Anexo 02,DividaContratual,Dívida Contratual,Até o 1º Quadrimestre,2528814875.55,3996496,Paraíba
2019,2,PB,RGF-Anexo 02,DividaContratual,Dívida Contratual,Até o 2º Quadrimestre,2525394793.83,3996496,Paraíba
2019,2,PB,RGF-Anexo 02,DividaConsolidadaLiquida,DÍVIDA CONSOLIDADA LÍQUIDA (DCL) (III) = (I - II),SALDO DO EXERCÍCIO ANTERIOR,3115454034.35,3996496,Paraíba
2019,2,PB,RGF-Anexo 02,DividaConsolidadaLiquida,DÍVIDA CONSOLIDADA LÍQUIDA (DCL) (III) = (I - II),Até o 1º Quadrimestre,2330534820.14,3996496,Paraíba
2019,2,PB,RGF-Anexo 02,DividaConsolidadaLiquida,DÍVIDA CONSOLIDADA LÍQUIDA (DCL) (III) = (I - II),Até o 2º Quadrimestre,2352109314.7,3996496,Paraíba
2019,3,PB,RGF-Anexo 01,DespesaComPessoalBruta,DESPESA BRUTA COM PESSOAL (I),<MR-11>,470696378.72,3996496,Paraíba
2019,3,PB,RGF-Anexo 01,DespesaComPessoalBruta,DESPESA BRUTA COM PESSOAL (I),<MR-10>,451582542.16,3996496,Paraíba
2019,3,PB,RGF-Anexo 01,DespesaComPessoalBruta,DESPESA BRUTA COM PESSOAL (I),<MR-9>,458140848.92,3996496,Paraíba
2019,3,PB,RGF-Anexo 01,DespesaComPessoalBruta,DESPESA BRUTA COM PESSOAL (I),<MR-8>,450371435.7,3996496,Paraíba
2019,3,PB,RGF-Anexo 01,DespesaComPessoalBruta,DESPESA BRUTA COM PESSOAL (I),<MR-7>,457841777.15,3996496,Paraíba
2019,3,PB,RGF-Anexo 01,DespesaComPessoalBruta,DESPESA BRUTA COM PESSOAL (I),<MR-6>,456580357.77,3996496,Paraíba
2019,3,PB,RGF-Anexo 01,DespesaComPessoalBruta,DESPESA BRUTA COM PESSOAL (I),<MR-5>,462935790.6,3996496,Paraíba
2019,3,PB,RGF-Anexo 01,DespesaComPessoalBruta,DESPESA BRUTA COM PESSOAL (I),<MR-4>,464033328.87,3996496,Paraíba
2019,3,PB,RGF-Anexo 01,DespesaComPessoalBruta,DESPESA BRUTA COM PESSOAL (I),<MR-3>,472847037.87,3996496,Paraíba
2019,3,PB,RGF-Anexo 01,DespesaComPessoalBruta,DESPESA BRUTA COM PESSOAL (I),<MR-2>,376773857.38,3996496,Paraíba
2019,3,PB,RGF-Anexo 01,DespesaComPessoalBruta,DESPESA BRUTA COM PESSOAL (I),<MR-1>,469925411.08,3996496,Paraíba
2019,3,PB,RGF-Anexo 01,DespesaComPessoalBruta,DESPESA BRUTA COM PESSOAL (I),<MR>,581487660.32,3996496,Paraíba
2019,3,PB,RGF-Anexo 01,DespesaComPessoalBruta,DESPESA BRUTA COM PESSOAL (I),TOTAL (ÚLTIMOS 12 MESES) (a),5573216426.54,3996496,Paraíba
2019,3,PB,RGF-Anexo 01,DespesaComPessoalAtivoBruta,Pessoal Ativo,<MR-11>,313549212.14,3996496,Paraíba
2019,3,PB,RGF-Anexo 01,DespesaComPessoalAtivoBruta,Pessoal Ativo,<MR-10>,294415690.04,3996496,Paraíba
2019,3,PB,RGF-Anexo 01,DespesaComPessoalAtivoBruta,Pessoal Ativo,<MR-9>,299697916.21,3996496,Paraíba
2019,3,PB,RGF-Anexo 01,DespesaComPessoalAtivoBruta,Pessoal Ativo,<MR-8>,291784857.97,3996496,Paraíba
2019,3,PB,RGF-Anexo 01,DespesaComPessoalAtivoBruta,Pessoal Ativo,<MR-7>,298026832.96,3996496,Paraíba
2019,3,PB,RGF-Anexo 01,DespesaComPessoalAtivoBruta,Pessoal Ativo,<MR-6>,299623928.71,3996496,Paraíba
2019,3,PB,RGF-Anexo 01,DespesaComPessoalAtivoBruta,Pessoal Ativo,<MR-5>,318604419.54,3996496,Paraíba
2019,3,PB,RGF-Anexo 01,DespesaComPessoalAtivoBruta,Pessoal Ativo,<MR-4>,315241536.58,3996496,Paraíba
2019,3,PB,RGF-Anexo 01,DespesaComPessoalAtivoBruta,Pessoal Ativo,<MR-3>,287225964.53,3996496,Paraíba
2019,3,PB,RGF-Anexo 01,DespesaComPessoalAtivoBruta,Pessoal Ativo,<MR-2>,254578037.24,3996496,Paraíba
2019,3,PB,RGF-Anexo 01,DespesaComPessoalAtivoBruta,Pessoal Ativo,<MR-1>,307888977.78,3996496,Paraíba
2019,3,PB,RGF-Anexo 01,DespesaComPessoalAtivoBruta,Pessoal Ativo,<MR>,381566604.0,3996496,Paraíba
2019,3,PB,RGF-Anexo 01,DespesaComPessoalAtivoBruta,Pessoal Ativo,TOTAL (ÚLTIMOS 12 MESES) (a),3662203977.7,3996496,Paraíba
2019,3,PB,RGF-Anexo 01,DespesaComPessoalInativoEPensionistasBruta,Pessoal Inativo e Pensionistas,<MR-11>,157147166.58,3996496,Paraíba
2019,3,PB,RGF-Anexo 01,DespesaComPessoalInativoEPensionistasBruta,Pessoal Inativo e Pensionistas,<MR-10>,157166852.12,3996496,Paraíba
2019,3,PB,RGF-Anexo 01,DespesaComPessoalInativoEPensionistasBruta,Pessoal Inativo e Pensionistas,<MR-9>,158442932.71,3996496,Paraíba
2019,3,PB,RGF-Anexo 01,DespesaComPessoalInativoEPensionistasBruta,Pessoal Inativo e Pensionistas,<MR-8>,158586577.73,3996496,Paraíba
2019,3,PB,RGF-Anexo 01,DespesaComPessoalInativoEPensionistasBruta,Pessoal Inativo e Pensionistas,<MR-7>,159814944.19,3996496,Paraíba
2019,3,PB,RGF-Anexo 01,DespesaComPessoalInativoEPensionistasBruta,Pessoal Inativo e Pensionistas,<MR-6>,156956429.06,3996496,Paraíba
2019,3,PB,RGF-Anexo 01,DespesaComPessoalInativoEPensionistasBruta,Pessoal Inativo e Pensionistas,<MR-5>,144331371.06,3996496,Paraíba
2019,3,PB,RGF-Anexo 01,DespesaComPessoalInativoEPensionistasBruta,Pessoal Inativo e Pensionistas,<MR-4>,148791792.29,3996496,Paraíba
2019,3,PB,RGF-Anexo 01,DespesaComPessoalInativoEPensionistasBruta,Pessoal Inativo e Pensionistas,<MR-3>,185621073.34,3996496,Paraíba
2019,3,PB,RGF-Anexo 01,DespesaComPessoalInativoEPensionistasBruta,Pessoal Inativo e Pensionistas,<MR-2>,122195820.14,3996496,Paraíba
2019,3,PB,RGF-Anexo 01,DespesaComPessoalInativoEPensionistasBruta,Pessoal Inativo e Pensionistas,<MR-1>,162036433.3,3996496,Paraíba
2019,3,PB,RGF-Anexo 01,DespesaComPessoalInativoEPensionistasBruta,Pessoal Inativo e Pensionistas,<MR>,199921056.32,3996496,Paraíba
2019,3,PB,RGF-Anexo 01,DespesaComPessoalInativoEPensionistasBruta,Pessoal Inativo e Pensionistas,TOTAL (ÚLTIMOS 12 MESES) (a),1911012448.84,3996496,Paraíba
2019,3,PB,RGF-Anexo 01,DespesaComPessoalLiquida,DESPESA LÍQUIDA COM PESSOAL (III) = (I - II),<MR-11>,422275493.84,3996496,Paraíba
2019,3,PB,RGF-Anexo 01,DespesaComPessoalLiquida,DESPESA LÍQUIDA COM PESSOAL (III) = (I - II),<MR-10>,404302188.54,3996496,Paraíba
2019,3,PB,RGF-Anexo 01,DespesaComPessoalLiquida,DESPESA LÍQUIDA COM PESSOAL (III) = (I - II),<MR-9>,415672148.86,3996496,Paraíba
2019,3,PB,RGF-Anexo 01,DespesaComPessoalLiquida,DESPESA LÍQUIDA COM PESSOAL (III) = (I - II),<MR-8>,408116732.21,3996496,Paraíba
2019,3,PB,RGF-Anexo 01,DespesaComPessoalLiquida,DESPESA LÍQUIDA COM PESSOAL (III) = (I - II),<MR-7>,415939661.15,3996496,Paraíba
2019,3,PB,RGF-Anexo 01,DespesaComPessoalLiquida,DESPESA LÍQUIDA COM PESSOAL (III) = (I - II),<MR-6>,414447896.98,3996496,Paraíba
2019,3,PB,RGF-Anexo 01,DespesaComPessoalLiquida,DESPESA LÍQUIDA COM PESSOAL (III) = (I - II),<MR-5>,414086256.09,3996496,Paraíba
2019,3,PB,RGF-Anexo 01,DespesaComPessoalLiquida,DESPESA LÍQUIDA COM PESSOAL (III) = (I - II),<MR-4>,423852668.21,3996496,Paraíba
2019,3,PB,RGF-Anexo 01,DespesaComPessoalLiquida,DESPESA LÍQUIDA COM PESSOAL (III) = (I - II),<MR-3>,427831827.13,3996496,Paraíba
2019,3,PB,RGF-Anexo 01,DespesaComPessoalLiquida,DESPESA LÍQUIDA COM PESSOAL (III) = (I - II),<MR-2>,337061593.53,3996496,Paraíba
2019,3,PB,RGF-Anexo 01,DespesaComPessoalLiquida,DESPESA LÍQUIDA COM PESSOAL (III) = (I - II),<MR-1>,423245214.23,3996496,Paraíba
2019,3,PB,RGF-Anexo 01,DespesaComPessoalLiquida,DESPESA LÍQUIDA COM PESSOAL (III) = (I - II),<MR>,499432214.2,3996496,Paraíba
2019,3,PB,RGF-Anexo 01,DespesaComPessoalLiquida,DESPESA LÍQUIDA COM PESSOAL (III) = (I - II),TOTAL (ÚLTIMOS 12 MESES) (a),5006263894.97,3996496,Paraíba
2019,3,PB,RGF-Anexo 01,ReceitaCorrenteLiquidaLimiteLegal,RECEITA CORRENTE LIQUIDA - RCL (IV),Valor,10245829093.49,3996496,Paraíba
2019,3,PB,RGF-Anexo 01,DespesaComPessoalTotal,DESPESA TOTAL COM PESSOAL - DTP (VII) = (IIIa + IIIb),Valor,5006263894.97,3996496,Paraíba
2019,3,PB,RGF-Anexo 01,DespesaComPessoalTotal,DESPESA TOTAL COM PESSOAL - DTP (VII) = (IIIa + IIIb),% sobre a RCL Ajustada,48.86,3996496,Paraíba
2019,3,PB,RGF-Anexo 02,DividaConsolidada,DÍVIDA CONSOLIDADA - DC (I),SALDO DO EXERCÍCIO ANTERIOR,4600967318.87,3996496,Paraíba
2019,3,PB,RGF-Anexo 02,DividaConsolidada,DÍVIDA CONSOLIDADA - DC (I),Até o 1º Quadrimestre,4463907800.42,3996496,Paraíba
2019,3,PB,RGF-Anexo 02,DividaConsolidada,DÍVIDA CONSOLIDADA - DC (I),Até o 2º Quadrimestre,4375095992.94,3996496,Paraíba
2019,3,PB,RGF-Anexo 02,DividaConsolidada,DÍVIDA CONSOLIDADA - DC (I),Até o 3º Quadrimestre,4472371957.48,3996496,Paraíba
2019,3,PB,RGF-Anexo 02,DividaContratual,Dívida Contratual,SALDO DO EXERCÍCIO ANTERIOR,2594287866.51,3996496,Paraíba
2019,3,PB,RGF-Anexo 02,DividaContratual,Dívida Contratual,Até o 1º Quadrimestre,2528814875.55,3996496,Paraíba
2019,3,PB,RGF-Anexo 02,DividaContratual,Dívida Contratual,Até o 2º Quadrimestre,2525394793.83,3996496,Paraíba
2019,3,PB,RGF-Anexo 02,DividaContratual,Dívida Contratual,Até o 3º Quadrimestre,2511929690.44,3996496,Paraíba
2019,3,PB,RGF-Anexo 02,DividaConsolidadaLiquida,DÍVIDA CONSOLIDADA LÍQUIDA (DCL) (III) = (I - II),SALDO DO EXERCÍCIO ANTERIOR,3064297056.47,3996496,Paraíba
2019,3,PB,RGF-Anexo 02,DividaConsolidadaLiquida,DÍVIDA CONSOLIDADA LÍQUIDA (DCL) (III) = (I - II),Até o 1º Quadrimestre,2330534820.14,3996496,Paraíba
2019,3,PB,RGF-Anexo 02,DividaConsolidadaLiquida,DÍVIDA CONSOLIDADA LÍQUIDA (DCL) (III) = (I - II),Até o 2º Quadrimestre,2352109314.7,3996496,Paraíba
2019,3,PB,RGF-Anexo 02,DividaConsolidadaLiquida,DÍVIDA CONSOLIDADA LÍQUIDA (DCL) (III) = (I - II),Até o 3º Quadrimestre,2382452799.0,3996496,Paraíba
2020,1,PB,RGF-Anexo 01,DespesaComPessoalBruta,DESPESA BRUTA COM PESSOAL (I),<MR-11>,457841777.15,4018127,Paraíba
2020,1,PB,RGF-Anexo 01,DespesaComPessoalBruta,DESPESA BRUTA COM PESSOAL (I),<MR-10>,456580357.77,4018127,Paraíba
2020,1,PB,RGF-Anexo 01,DespesaComPessoalBruta,DESPESA BRUTA COM PESSOAL (I),<MR-9>,462935790.6,4018127,Paraíba
2020,1,PB,RGF-Anexo 01,DespesaComPessoalBruta,DESPESA BRUTA COM PESSOAL (I),<MR-8>,464033328.87,4018127,Paraíba
2020,1,PB,RGF-Anexo 01,DespesaComPessoalBruta,DESPESA BRUTA COM PESSOAL (I),<MR-7>,472847037.87,4018127,Paraíba
2020,1,PB,RGF-Anexo 01,DespesaComPessoalBruta,DESPESA BRUTA COM PESSOAL (I),<MR-6>,376773857.38,4018127,Paraíba
2020,1,PB,RGF-Anexo 01,DespesaComPessoalBruta,DESPESA BRUTA COM PESSOAL (I),<MR-5>,469925411.08,4018127,Paraíba
2020,1,PB,RGF-Anexo 01,DespesaComPessoalBruta,DESPESA BRUTA COM PESSOAL (I),<MR-4>,581487660.32,4018127,Paraíba
2020,1,PB,RGF-Anexo 01,DespesaComPessoalBruta,DESPESA BRUTA COM PESSOAL (I),<MR-3>,531583916.32,4018127,Paraíba
2020,1,PB,RGF-Anexo 01,DespesaComPessoalBruta,DESPESA BRUTA COM PESSOAL (I),<MR-2>,549491795.03,4018127,Paraíba
2020,1,PB,RGF-Anexo 01,DespesaComPessoalBruta,DESPESA BRUTA COM PESSOAL (I),<MR-1>,514014431.17,4018127,Paraíba
2020,1,PB,RGF-Anexo 01,DespesaComPessoalBruta,DESPESA BRUTA COM PESSOAL (I),<MR>,512195910.45,4018127,Paraíba
2020,1,PB,RGF-Anexo 01,DespesaComPessoalBruta,DESPESA BRUTA COM PESSOAL (I),TOTAL (ÚLTIMOS 12 MESES) (a),5849711274.01,4018127,Paraíba
2020,1,PB,RGF-Anexo 01,DespesaComPessoalAtivoBruta,Pessoal Ativo,<MR-11>,298026832.96,4018127,Paraíba
2020,1,PB,RGF-Anexo 01,DespesaComPessoalAtivoBruta,Pessoal Ativo,<MR-10>,299623928.71,4018127,Paraíba
2020,1,PB,RGF-Anexo 01,DespesaComPessoalAtivoBruta,Pessoal Ativo,<MR-9>,318604419.54,4018127,Paraíba
2020,1,PB,RGF-Anexo 01,DespesaComPessoalAtivoBruta,Pessoal Ativo,<MR-8>,315241536.58,4018127,Paraíba
2020,1,PB,RGF-Anexo 01,DespesaComPessoalAtivoBruta,Pessoal Ativo,<MR-7>,287225964.53,4018127,Paraíba
2020,1,PB,RGF-Anexo 01,DespesaComPessoalAtivoBruta,Pessoal Ativo,<MR-6>,254578037.24,4018127,Paraíba
2020,1,PB,RGF-Anexo 01,DespesaComPessoalAtivoBruta,Pessoal Ativo,<MR-5>,307888977.78,4018127,Paraíba
2020,1,PB,RGF-Anexo 01,DespesaComPessoalAtivoBruta,Pessoal Ativo,<MR-4>,381566604.0,4018127,Paraíba
2020,1,PB,RGF-Anexo 01,DespesaComPessoalAtivoBruta,Pessoal Ativo,<MR-3>,349748164.41,4018127,Paraíba
2020,1,PB,RGF-Anexo 01,DespesaComPessoalAtivoBruta,Pessoal Ativo,<MR-2>,374848924.57,4018127,Paraíba
2020,1,PB,RGF-Anexo 01,DespesaComPessoalAtivoBruta,Pessoal Ativo,<MR-1>,339002951.45,4018127,Paraíba
2020,1,PB,RGF-Anexo 01,DespesaComPessoalAtivoBruta,Pessoal Ativo,<MR>,337294329.29,4018127,Paraíba
2020,1,PB,RGF-Anexo 01,DespesaComPessoalAtivoBruta,Pessoal Ativo,TOTAL (ÚLTIMOS 12 MESES) (a),3863650671.06,4018127,Paraíba
2020,1,PB,RGF-Anexo 01,DespesaComPessoalInativoEPensionistasBruta,Pessoal Inativo e Pensionistas,<MR-11>,159814944.19,4018127,Paraíba
2020,1,PB,RGF-Anexo 01,DespesaComPessoalInativoEPensionistasBruta,Pessoal Inativo e Pensionistas,<MR-10>,156956429.06,4018127,Paraíba
2020,1,PB,RGF-Anexo 01,DespesaComPessoalInativoEPensionistasBruta,Pessoal Inativo e Pensionistas,<MR-9>,144331371.06,4018127,Paraíba
2020,1,PB,RGF-Anexo 01,DespesaComPessoalInativoEPensionistasBruta,Pessoal Inativo e Pensionistas,<MR-8>,148791792.29,4018127,Paraíba
2020,1,PB,RGF-Anexo 01,DespesaComPessoalInativoEPensionistasBruta,Pessoal Inativo e Pensionistas,<MR-7>,185621073.34,4018127,Paraíba
2020,1,PB,RGF-Anexo 01,DespesaComPessoalInativoEPensionistasBruta,Pessoal Inativo e Pensionistas,<MR-6>,122195820.14,4018127,Paraíba
2020,1,PB,RGF-Anexo 01,DespesaComPessoalInativoEPensionistasBruta,Pessoal Inativo e Pensionistas,<MR-5>,162036433.3,4018127,Paraíba
2020,1,PB,RGF-Anexo 01,DespesaComPessoalInativoEPensionistasBruta,Pessoal Inativo e Pensionistas,<MR-4>,199921056.32,4018127,Paraíba
2020,1,PB,RGF-Anexo 01,DespesaComPessoalInativoEPensionistasBruta,Pessoal Inativo e Pensionistas,<MR-3>,181835751.91,4018127,Paraíba
2020,1,PB,RGF-Anexo 01,DespesaComPessoalInativoEPensionistasBruta,Pessoal Inativo e Pensionistas,<MR-2>,174642870.46,4018127,Paraíba
2020,1,PB,RGF-Anexo 01,DespesaComPessoalInativoEPensionistasBruta,Pessoal Inativo e Pensionistas,<MR-1>,175011479.72,4018127,Paraíba
2020,1,PB,RGF-Anexo 01,DespesaComPessoalInativoEPensionistasBruta,Pessoal Inativo e Pensionistas,<MR>,174901581.16,4018127,Paraíba
2020,1,PB,RGF-Anexo 01,DespesaComPessoalInativoEPensionistasBruta,Pessoal Inativo e Pensionistas,TOTAL (ÚLTIMOS 12 MESES) (a),1986060602.95,4018127,Paraíba
2020,1,PB,RGF-Anexo 01,DespesaComPessoalLiquida,DESPESA LÍQUIDA COM PESSOAL (III) = (I - II),<MR-11>,415939661.15,4018127,Paraíba
2020,1,PB,RGF-Anexo 01,DespesaComPessoalLiquida,DESPESA LÍQUIDA COM PESSOAL (III) = (I - II),<MR-10>,414447896.98,4018127,Paraíba
2020,1,PB,RGF-Anexo 01,DespesaComPessoalLiquida,DESPESA LÍQUIDA COM PESSOAL (III) = (I - II),<MR-9>,414086256.09,4018127,Paraíba
2020,1,PB,RGF-Anexo 01,DespesaComPessoalLiquida,DESPESA LÍQUIDA COM PESSOAL (III) = (I - II),<MR-8>,423852668.21,4018127,Paraíba
2020,1,PB,RGF-Anexo 01,DespesaComPessoalLiquida,DESPESA LÍQUIDA COM PESSOAL (III) = (I - II),<MR-7>,427831827.13,4018127,Paraíba
2020,1,PB,RGF-Anexo 01,DespesaComPessoalLiquida,DESPESA LÍQUIDA COM PESSOAL (III) = (I - II),<MR-6>,337061593.53,4018127,Paraíba
2020,1,PB,RGF-Anexo 01,DespesaComPessoalLiquida,DESPESA LÍQUIDA COM PESSOAL (III) = (I - II),<MR-5>,423245214.23,4018127,Paraíba
2020,1,PB,RGF-Anexo 01,DespesaComPessoalLiquida,DESPESA LÍQUIDA COM PESSOAL (III) = (I - II),<MR-4>,499432214.2,4018127,Paraíba
2020,1,PB,RGF-Anexo 01,DespesaComPessoalLiquida,DESPESA LÍQUIDA COM PESSOAL (III) = (I - II),<MR-3>,487091968.41,4018127,Paraíba
2020,1,PB,RGF-Anexo 01,DespesaComPessoalLiquida,DESPESA LÍQUIDA COM PESSOAL (III) = (I - II),<MR-2>,502082697.07,4018127,Paraíba
2020,1,PB,RGF-Anexo 01,DespesaComPessoalLiquida,DESPESA LÍQUIDA COM PESSOAL (III) = (I - II),<MR-1>,465797246.72,4018127,Paraíba
2020,1,PB,RGF-Anexo 01,DespesaComPessoalLiquida,DESPESA LÍQUIDA COM PESSOAL (III) = (I - II),<MR>,463719518.05,4018127,Paraíba
2020,1,PB,RGF-Anexo 01,DespesaComPessoalLiquida,DESPESA LÍQUIDA COM PESSOAL (III) = (I - II),TOTAL (ÚLTIMOS 12 MESES) (a),5274588761.77,4018127,Paraíba
2020,1,PB,RGF-Anexo 01,ReceitaCorrenteLiquidaLimiteLegal,RECEITA CORRENTE LIQUIDA - RCL (IV),Valor,10338814211.59,4018127,Paraíba
2020,1,PB,RGF-Anexo 01,DespesaComPessoalTotal,DESPESA TOTAL COM PESSOAL - DTP (VIII) = (IIIa + IIIb),Valor,5274588761.77,4018127,Paraíba
2020,1,PB,RGF-Anexo 01,DespesaComPessoalTotal,DESPESA TOTAL COM PESSOAL - DTP (VIII) = (IIIa + IIIb),% sobre a RCL Ajustada,51.02,4018127,Paraíba
2020,1,PB,RGF-Anexo 02,DividaConsolidada,DÍVIDA CONSOLIDADA - DC (I),SALDO DO EXERCÍCIO ANTERIOR,4472371957.48,4018127,Paraíba
2020,1,PB,RGF-Anexo 02,DividaConsolidada,DÍVIDA CONSOLIDADA - DC (I),Até o 1º Quadrimestre,4629939590.07,4018127,Paraíba
2020,1,PB,RGF-Anexo 02,DividaContratual,Dívida Contratual,SALDO DO EXERCÍCIO ANTERIOR,2511929690.44,4018127,Paraíba
2020,1,PB,RGF-Anexo 02,DividaContratual,Dívida Contratual,Até o 1º Quadrimestre,2669497323.03,4018127,Paraíba
2020,1,PB,RGF-Anexo 02,DividaConsolidadaLiquida,DÍVIDA CONSOLIDADA LÍQUIDA (DCL) (III) = (I - II),SALDO DO EXERCÍCIO ANTERIOR,2382452799.0,4018127,Paraíba
2020,1,PB,RGF-Anexo 02,DividaConsolidadaLiquida,DÍVIDA CONSOLIDADA LÍQUIDA (DCL) (III) = (I - II),Até o 1º Quadrimestre,2015734088.84,4018127,Paraíba
2020,2,PB,RGF-Anexo 01,DespesaComPessoalBruta,DESPESA BRUTA COM PESSOAL (I),<MR-11>,472847037.87,4018127,Paraíba
2020,2,PB,RGF-Anexo 01,DespesaComPessoalBruta,DESPESA BRUTA COM PESSOAL (I),<MR-10>,376773857.38,4018127,Paraíba
2020,2,PB,RGF-Anexo 01,DespesaComPessoalBruta,DESPESA BRUTA COM PESSOAL (I),<MR-9>,469925411.08,4018127,Paraíba
2020,2,PB,RGF-Anexo 01,DespesaComPessoalBruta,DESPESA BRUTA COM PESSOAL (I),<MR-8>,581487660.32,4018127,Paraíba
2020,2,PB,RGF-Anexo 01,DespesaComPessoalBruta,DESPESA BRUTA COM PESSOAL (I),<MR-7>,531583916.32,4018127,Paraíba
2020,2,PB,RGF-Anexo 01,DespesaComPessoalBruta,DESPESA BRUTA COM PESSOAL (I),<MR-6>,549491795.03,4018127,Paraíba
2020,2,PB,RGF-Anexo 01,DespesaComPessoalBruta,DESPESA BRUTA COM PESSOAL (I),<MR-5>,514014431.17,4018127,Paraíba
2020,2,PB,RGF-Anexo 01,DespesaComPessoalBruta,DESPESA BRUTA COM PESSOAL (I),<MR-4>,512195910.45,4018127,Paraíba
2020,2,PB,RGF-Anexo 01,DespesaComPessoalBruta,DESPESA BRUTA COM PESSOAL (I),<MR-3>,512017204.37,4018127,Paraíba
2020,2,PB,RGF-Anexo 01,DespesaComPessoalBruta,DESPESA BRUTA COM PESSOAL (I),<MR-2>,526121326.69,4018127,Paraíba
2020,2,PB,RGF-Anexo 01,DespesaComPessoalBruta,DESPESA BRUTA COM PESSOAL (I),<MR-1>,559453886.87,4018127,Paraíba
2020,2,PB,RGF-Anexo 01,DespesaComPessoalBruta,DESPESA BRUTA COM PESSOAL (I),<MR>,518369153.34,4018127,Paraíba
2020,2,PB,RGF-Anexo 01,DespesaComPessoalBruta,DESPESA BRUTA COM PESSOAL (I),TOTAL (ÚLTIMOS 12 MESES) (a),6124281590.89,4018127,Paraíba
2020,2,PB,RGF-Anexo 01,DespesaComPessoalAtivoBruta,Pessoal Ativo,<MR-11>,287225964.53,4018127,Paraíba
2020,2,PB,RGF-Anexo 01,DespesaComPessoalAtivoBruta,Pessoal Ativo,<MR-10>,254578037.24,4018127,Paraíba
2020,2,PB,RGF-Anexo 01,DespesaComPessoalAtivoBruta,Pessoal Ativo,<MR-9>,307888977.78,4018127,Paraíba
2020,2,PB,RGF-Anexo 01,DespesaComPessoalAtivoBruta,Pessoal Ativo,<MR-8>,381566604.0,4018127,Paraíba
2020,2,PB,RGF-Anexo 01,DespesaComPessoalAtivoBruta,Pessoal Ativo,<MR-7>,349748164.41,4018127,Paraíba
2020,2,PB,RGF-Anexo 01,DespesaComPessoalAtivoBruta,Pessoal Ativo,<MR-6>,374848924.57,4018127,Paraíba
2020,2,PB,RGF-Anexo 01,DespesaComPessoalAtivoBruta,Pessoal Ativo,<MR-5>,339002951.45,4018127,Paraíba
2020,2,PB,RGF-Anexo 01,DespesaComPessoalAtivoBruta,Pessoal Ativo,<MR-4>,337294329.29,4018127,Paraíba
2020,2,PB,RGF-Anexo 01,DespesaComPessoalAtivoBruta,Pessoal Ativo,<MR-3>,337778028.72,4018127,Paraíba
2020,2,PB,RGF-Anexo 01,DespesaComPessoalAtivoBruta,Pessoal Ativo,<MR-2>,364805312.22,4018127,Paraíba
2020,2,PB,RGF-Anexo 01,DespesaComPessoalAtivoBruta,Pessoal Ativo,<MR-1>,382127462.2,4018127,Paraíba
2020,2,PB,RGF-Anexo 01,DespesaComPessoalAtivoBruta,Pessoal Ativo,<MR>,341565124.69,4018127,Paraíba
2020,2,PB,RGF-Anexo 01,DespesaComPessoalAtivoBruta,Pessoal Ativo,TOTAL (ÚLTIMOS 12 MESES) (a),4058429881.1,4018127,Paraíba
2020,2,PB,RGF-Anexo 01,DespesaComPessoalInativoEPensionistasBruta,Pessoal Inativo e Pensionistas,<MR-11>,185621073.34,4018127,Paraíba
2020,2,PB,RGF-Anexo 01,DespesaComPessoalInativoEPensionistasBruta,Pessoal Inativo e Pensionistas,<MR-10>,122195820.14,4018127,Paraíba
2020,2,PB,RGF-Anexo 01,DespesaComPessoalInativoEPensionistasBruta,Pessoal Inativo e Pensionistas,<MR-9>,162036433.3,4018127,Paraíba
2020,2,PB,RGF-Anexo 01,DespesaComPessoalInativoEPensionistasBruta,Pessoal Inativo e Pensionistas,<MR-8>,199921056.32,4018127,Paraíba
2020,2,PB,RGF-Anexo 01,DespesaComPessoalInativoEPensionistasBruta,Pessoal Inativo e Pensionistas,<MR-7>,181835751.91,4018127,Paraíba
2020,2,PB,RGF-Anexo 01,DespesaComPessoalInativoEPensionistasBruta,Pessoal Inativo e Pensionistas,<MR-6>,174642870.46,4018127,Paraíba
2020,2,PB,RGF-Anexo 01,DespesaComPessoalInativoEPensionistasBruta,Pessoal Inativo e Pensionistas,<MR-5>,175011479.72,4018127,Paraíba
2020,2,PB,RGF-Anexo 01,DespesaComPessoalInativoEPensionistasBruta,Pessoal Inativo e Pensionistas,<MR-4>,174901581.16,4018127,Paraíba
2020,2,PB,RGF-Anexo 01,DespesaComPessoalInativoEPensionistasBruta,Pessoal Inativo e Pensionistas,<MR-3>,174239175.65,4018127,Paraíba
2020,2,PB,RGF-Anexo 01,DespesaComPessoalInativoEPensionistasBruta,Pessoal Inativo e Pensionistas,<MR-2>,161316014.47,4018127,Paraíba
2020,2,PB,RGF-Anexo 01,DespesaComPessoalInativoEPensionistasBruta,Pessoal Inativo e Pensionistas,<MR-1>,177326424.67,4018127,Paraíba
2020,2,PB,RGF-Anexo 01,DespesaComPessoalInativoEPensionistasBruta,Pessoal Inativo e Pensionistas,<MR>,176804028.65,4018127,Paraíba
2020,2,PB,RGF-Anexo 01,DespesaComPessoalInativoEPensionistasBruta,Pessoal Inativo e Pensionistas,TOTAL (ÚLTIMOS 12 MESES) (a),2065851709.79,4018127,Paraíba
2020,2,PB,RGF-Anexo 01,DespesaComPessoalLiquida,DESPESA LÍQUIDA COM PESSOAL (III) = (I - II),<MR-11>,427831827.13,4018127,Paraíba
2020,2,PB,RGF-Anexo 01,DespesaComPessoalLiquida,DESPESA LÍQUIDA COM PESSOAL (III) = (I - II),<MR-10>,337061593.53,4018127,Paraíba
2020,2,PB,RGF-Anexo 01,DespesaComPessoalLiquida,DESPESA LÍQUIDA COM PESSOAL (III) = (I - II),<MR-9>,423245214.23,4018127,Paraíba
2020,2,PB,RGF-Anexo 01,DespesaComPessoalLiquida,DESPESA LÍQUIDA COM PESSOAL (III) = (I - II),<MR-8>,499432214.2,4018127,Paraíba
2020,2,PB,RGF-Anexo 01,DespesaComPessoalLiquida,DESPESA LÍQUIDA COM PESSOAL (III) = (I - II),<MR-7>,487091968.41,4018127,Paraíba
2020,2,PB,RGF-Anexo 01,DespesaComPessoalLiquida,DESPESA LÍQUIDA COM PESSOAL (III) = (I - II),<MR-6>,502082697.07,4018127,Paraíba
2020,2,PB,RGF-Anexo 01,DespesaComPessoalLiquida,DESPESA LÍQUIDA COM PESSOAL (III) = (I - II),<MR-5>,465797246.72,4018127,Paraíba
2020,2,PB,RGF-Anexo 01,DespesaComPessoalLiquida,DESPESA LÍQUIDA COM PESSOAL (III) = (I - II),<MR-4>,463719518.05,4018127,Paraíba
2020,2,PB,RGF-Anexo 01,DespesaComPessoalLiquida,DESPESA LÍQUIDA COM PESSOAL (III) = (I - II),<MR-3>,464527435.28,4018127,Paraíba
2020,2,PB,RGF-Anexo 01,DespesaComPessoalLiquida,DESPESA LÍQUIDA COM PESSOAL (III) = (I - II),<MR-2>,478052229.14,4018127,Paraíba
2020,2,PB,RGF-Anexo 01,DespesaComPessoalLiquida,DESPESA LÍQUIDA COM PESSOAL (III) = (I - II),<MR-1>,504244548.49,4018127,Paraíba
2020,2,PB,RGF-Anexo 01,DespesaComPessoalLiquida,DESPESA LÍQUIDA COM PESSOAL (III) = (I - II),<MR>,465882555.86,4018127,Paraíba
2020,2,PB,RGF-Anexo 01,DespesaComPessoalLiquida,DESPESA LÍQUIDA COM PESSOAL (III) = (I - II),TOTAL (ÚLTIMOS 12 MESES) (a),5518969048.11,4018127,Paraíba
2020,2,PB,RGF-Anexo 01,ReceitaCorrenteLiquidaLimiteLegal,RECEITA CORRENTE LIQUIDA - RCL (IV),Valor,10852270869.63,4018127,Paraíba
2020,2,PB,RGF-Anexo 01,DespesaComPessoalTotal,DESPESA TOTAL COM PESSOAL - DTP (VIII) = (IIIa + IIIb),Valor,5518969048.11,4018127,Paraíba
2020,2,PB,RGF-Anexo 01,DespesaComPessoalTotal,DESPESA TOTAL COM PESSOAL - DTP (VIII) = (IIIa + IIIb),% sobre a RCL Ajustada,50.91,4018127,Paraíba
2020,2,PB,RGF-Anexo 02,DividaConsolidada,DÍVIDA CONSOLIDADA - DC (I),SALDO DO EXERCÍCIO ANTERIOR,4472371957.48,4018127,Paraíba
2020,2,PB,RGF-Anexo 02,DividaConsolidada,DÍVIDA CONSOLIDADA - DC (I),Até o 1º Quadrimestre,4629939590.07,4018127,Paraíba
2020,2,PB,RGF-Anexo 02,DividaConsolidada,DÍVIDA CONSOLIDADA - DC (I),Até o 2º Quadrimestre,4616486355.06,4018127,Paraíba
2020,2,PB,RGF-Anexo 02,DividaContratual,Dívida Contratual,SALDO DO EXERCÍCIO ANTERIOR,2511929690.44,4018127,Paraíba
2020,2,PB,RGF-Anexo 02,DividaContratual,Dívida Contratual,Até o 1º Quadrimestre,2669497323.03,4018127,Paraíba
2020,2,PB,RGF-Anexo 02,DividaContratual,Dívida Contratual,Até o 2º Quadrimestre,2683933866.83,4018127,Paraíba
2020,2,PB,RGF-Anexo 02,DividaConsolidadaLiquida,DÍVIDA CONSOLIDADA LÍQUIDA (DCL) (III) = (I - II),SALDO DO EXERCÍCIO ANTERIOR,2382452799.0,4018127,Paraíba
2020,2,PB,RGF-Anexo 02,DividaConsolidadaLiquida,DÍVIDA CONSOLIDADA LÍQUIDA (DCL) (III) = (I - II),Até o 1º Quadrimestre,2015734088.84,4018127,Paraíba
2020,2,PB,RGF-Anexo 02,DividaConsolidadaLiquida,DÍVIDA CONSOLIDADA LÍQUIDA (DCL) (III) = (I - II),Até o 2º Quadrimestre,1392767239.47,4018127,Paraíba
2020,3,PB,RGF-Anexo 01,DespesaComPessoalBruta,DESPESA BRUTA COM PESSOAL (I),<MR-11>,531583916.32,4018127,Paraíba
2020,3,PB,RGF-Anexo 01,DespesaComPessoalBruta,DESPESA BRUTA COM PESSOAL (I),<MR-10>,549491795.03,4018127,Paraíba
2020,3,PB,RGF-Anexo 01,DespesaComPessoalBruta,DESPESA BRUTA COM PESSOAL (I),<MR-9>,514014431.17,4018127,Paraíba
2020,3,PB,RGF-Anexo 01,DespesaComPessoalBruta,DESPESA BRUTA COM PESSOAL (I),<MR-8>,512195910.45,4018127,Paraíba
2020,3,PB,RGF-Anexo 01,DespesaComPessoalBruta,DESPESA BRUTA COM PESSOAL (I),<MR-7>,512017204.37,4018127,Paraíba
2020,3,PB,RGF-Anexo 01,DespesaComPessoalBruta,DESPESA BRUTA COM PESSOAL (I),<MR-6>,526121326.69,4018127,Paraíba
2020,3,PB,RGF-Anexo 01,DespesaComPessoalBruta,DESPESA BRUTA COM PESSOAL (I),<MR-5>,559453886.87,4018127,Paraíba
2020,3,PB,RGF-Anexo 01,DespesaComPessoalBruta,DESPESA BRUTA COM PESSOAL (I),<MR-4>,518369153.34,4018127,Paraíba
2020,3,PB,RGF-Anexo 01,DespesaComPessoalBruta,DESPESA BRUTA COM PESSOAL (I),<MR-3>,497332658.76,4018127,Paraíba
2020,3,PB,RGF-Anexo 01,DespesaComPessoalBruta,DESPESA BRUTA COM PESSOAL (I),<MR-2>,560058305.2,4018127,Paraíba
2020,3,PB,RGF-Anexo 01,DespesaComPessoalBruta,DESPESA BRUTA COM PESSOAL (I),<MR-1>,516127964.32,4018127,Paraíba
2020,3,PB,RGF-Anexo 01,DespesaComPessoalBruta,DESPESA BRUTA COM PESSOAL (I),<MR>,629450432.26,4018127,Paraíba
2020,3,PB,RGF-Anexo 01,DespesaComPessoalBruta,DESPESA BRUTA COM PESSOAL (I),TOTAL (ÚLTIMOS 12 MESES) (a),6426216984.78,4018127,Paraíba
2020,3,PB,RGF-Anexo 01,DespesaComPessoalAtivoBruta,Pessoal Ativo,<MR-11>,349748164.41,4018127,Paraíba
2020,3,PB,RGF-Anexo 01,DespesaComPessoalAtivoBruta,Pessoal Ativo,<MR-10>,374848924.57,4018127,Paraíba
2020,3,PB,RGF-Anexo 01,DespesaComPessoalAtivoBruta,Pessoal Ativo,<MR-9>,339002951.45,4018127,Paraíba
2020,3,PB,RGF-Anexo 01,DespesaComPessoalAtivoBruta,Pessoal Ativo,<MR-8>,337294329.29,4018127,Paraíba
2020,3,PB,RGF-Anexo 01,DespesaComPessoalAtivoBruta,Pessoal Ativo,<MR-7>,337778028.72,4018127,Paraíba
2020,3,PB,RGF-Anexo 01,DespesaComPessoalAtivoBruta,Pessoal Ativo,<MR-6>,364805312.22,4018127,Paraíba
2020,3,PB,RGF-Anexo 01,DespesaComPessoalAtivoBruta,Pessoal Ativo,<MR-5>,382127462.2,4018127,Paraíba
2020,3,PB,RGF-Anexo 01,DespesaComPessoalAtivoBruta,Pessoal Ativo,<MR-4>,341565124.69,4018127,Paraíba
2020,3,PB,RGF-Anexo 01,DespesaComPessoalAtivoBruta,Pessoal Ativo,<MR-3>,354179065.35,4018127,Paraíba
2020,3,PB,RGF-Anexo 01,DespesaComPessoalAtivoBruta,Pessoal Ativo,<MR-2>,358411817.87,4018127,Paraíba
2020,3,PB,RGF-Anexo 01,DespesaComPessoalAtivoBruta,Pessoal Ativo,<MR-1>,358216783.74,4018127,Paraíba
2020,3,PB,RGF-Anexo 01,DespesaComPessoalAtivoBruta,Pessoal Ativo,<MR>,419934742.24,4018127,Paraíba
2020,3,PB,RGF-Anexo 01,DespesaComPessoalAtivoBruta,Pessoal Ativo,TOTAL (ÚLTIMOS 12 MESES) (a),4317912706.75,4018127,Paraíba
2020,3,PB,RGF-Anexo 01,DespesaComPessoalInativoEPensionistasBruta,Pessoal Inativo e Pensionistas,<MR-11>,181835751.91,4018127,Paraíba
2020,3,PB,RGF-Anexo 01,DespesaComPessoalInativoEPensionistasBruta,Pessoal Inativo e Pensionistas,<MR-10>,174642870.46,4018127,Paraíba
2020,3,PB,RGF-Anexo 01,DespesaComPessoalInativoEPensionistasBruta,Pessoal Inativo e Pensionistas,<MR-9>,175011479.72,4018127,Paraíba
2020,3,PB,RGF-Anexo 01,DespesaComPessoalInativoEPensionistasBruta,Pessoal Inativo e Pensionistas,<MR-8>,174901581.16,4018127,Paraíba
2020,3,PB,RGF-Anexo 01,DespesaComPessoalInativoEPensionistasBruta,Pessoal Inativo e Pensionistas,<MR-7>,174239175.65,4018127,Paraíba
2020,3,PB,RGF-Anexo 01,DespesaComPessoalInativoEPensionistasBruta,Pessoal Inativo e Pensionistas,<MR-6>,161316014.47,4018127,Paraíba
2020,3,PB,RGF-Anexo 01,DespesaComPessoalInativoEPensionistasBruta,Pessoal Inativo e Pensionistas,<MR-5>,177326424.67,4018127,Paraíba
2020,3,PB,RGF-Anexo 01,DespesaComPessoalInativoEPensionistasBruta,Pessoal Inativo e Pensionistas,<MR-4>,176804028.65,4018127,Paraíba
2020,3,PB,RGF-Anexo 01,DespesaComPessoalInativoEPensionistasBruta,Pessoal Inativo e Pensionistas,<MR-3>,143153593.41,4018127,Paraíba
2020,3,PB,RGF-Anexo 01,DespesaComPessoalInativoEPensionistasBruta,Pessoal Inativo e Pensionistas,<MR-2>,201646487.33,4018127,Paraíba
2020,3,PB,RGF-Anexo 01,DespesaComPessoalInativoEPensionistasBruta,Pessoal Inativo e Pensionistas,<MR-1>,157911180.58,4018127,Paraíba
2020,3,PB,RGF-Anexo 01,DespesaComPessoalInativoEPensionistasBruta,Pessoal Inativo e Pensionistas,<MR>,209515690.02,4018127,Paraíba
2020,3,PB,RGF-Anexo 01,DespesaComPessoalInativoEPensionistasBruta,Pessoal Inativo e Pensionistas,TOTAL (ÚLTIMOS 12 MESES) (a),2108304278.03,4018127,Paraíba
2020,3,PB,RGF-Anexo 01,DespesaComPessoalLiquida,DESPESA LÍQUIDA COM PESSOAL (III) = (I - II),<MR-11>,487091968.41,4018127,Paraíba
2020,3,PB,RGF-Anexo 01,DespesaComPessoalLiquida,DESPESA LÍQUIDA COM PESSOAL (III) = (I - II),<MR-10>,502082697.07,4018127,Paraíba
2020,3,PB,RGF-Anexo 01,DespesaComPessoalLiquida,DESPESA LÍQUIDA COM PESSOAL (III) = (I - II),<MR-9>,465797246.72,4018127,Paraíba
2020,3,PB,RGF-Anexo 01,DespesaComPessoalLiquida,DESPESA LÍQUIDA COM PESSOAL (III) = (I - II),<MR-8>,463719518.05,4018127,Paraíba
2020,3,PB,RGF-Anexo 01,DespesaComPessoalLiquida,DESPESA LÍQUIDA COM PESSOAL (III) = (I - II),<MR-7>,464527435.28,4018127,Paraíba
2020,3,PB,RGF-Anexo 01,DespesaComPessoalLiquida,DESPESA LÍQUIDA COM PESSOAL (III) = (I - II),<MR-6>,478052229.14,4018127,Paraíba
2020,3,PB,RGF-Anexo 01,DespesaComPessoalLiquida,DESPESA LÍQUIDA COM PESSOAL (III) = (I - II),<MR-5>,504244548.49,4018127,Paraíba
2020,3,PB,RGF-Anexo 01,DespesaComPessoalLiquida,DESPESA LÍQUIDA COM PESSOAL (III) = (I - II),<MR-4>,465882555.86,4018127,Paraíba
2020,3,PB,RGF-Anexo 01,DespesaComPessoalLiquida,DESPESA LÍQUIDA COM PESSOAL (III) = (I - II),<MR-3>,448993026.66,4018127,Paraíba
2020,3,PB,RGF-Anexo 01,DespesaComPessoalLiquida,DESPESA LÍQUIDA COM PESSOAL (III) = (I - II),<MR-2>,506820966.79,4018127,Paraíba
2020,3,PB,RGF-Anexo 01,DespesaComPessoalLiquida,DESPESA LÍQUIDA COM PESSOAL (III) = (I - II),<MR-1>,465001204.95,4018127,Paraíba
2020,3,PB,RGF-Anexo 01,DespesaComPessoalLiquida,DESPESA LÍQUIDA COM PESSOAL (III) = (I - II),<MR>,525042410.02,4018127,Paraíba
2020,3,PB,RGF-Anexo 01,DespesaComPessoalLiquida,DESPESA LÍQUIDA COM PESSOAL (III) = (I - II),TOTAL (ÚLTIMOS 12 MESES) (a),5777255807.44,4018127,Paraíba
2020,3,PB,RGF-Anexo 01,ReceitaCorrenteLiquidaLimiteLegal,RECEITA CORRENTE LIQUIDA - RCL (IV),Valor,11287852748.44,4018127,Paraíba
2020,3,PB,RGF-Anexo 01,DespesaComPessoalTotal,DESPESA TOTAL COM PESSOAL - DTP (VIII) = (IIIa + IIIb),Valor,5777255807.44,4018127,Paraíba
2020,3,PB,RGF-Anexo 01,DespesaComPessoalTotal,DESPESA TOTAL COM PESSOAL - DTP (VIII) = (IIIa + IIIb),% sobre a RCL Ajustada,51.24,4018127,Paraíba
2020,3,PB,RGF-Anexo 02,DividaConsolidada,DÍVIDA CONSOLIDADA - DC (I),SALDO DO EXERCÍCIO ANTERIOR,4472371957.48,4018127,Paraíba
2020,3,PB,RGF-Anexo 02,DividaConsolidada,DÍVIDA CONSOLIDADA - DC (I),Até o 1º Quadrimestre,4629939590.07,4018127,Paraíba
2020,3,PB,RGF-Anexo 02,DividaConsolidada,DÍVIDA CONSOLIDADA - DC (I),Até o 2º Quadrimestre,4616486355.06,4018127,Paraíba
2020,3,PB,RGF-Anexo 02,DividaConsolidada,DÍVIDA CONSOLIDADA - DC (I),Até o 3º Quadrimestre,4665096313.62,4018127,Paraíba
2020,3,PB,RGF-Anexo 02,DividaContratual,Dívida Contratual,SALDO DO EXERCÍCIO ANTERIOR,2511929690.44,4018127,Paraíba
2020,3,PB,RGF-Anexo 02,DividaContratual,Dívida Contratual,Até o 1º Quadrimestre,2669497323.03,4018127,Paraíba
2020,3,PB,RGF-Anexo 02,DividaContratual,Dívida Contratual,Até o 2º Quadrimestre,2683933866.83,4018127,Paraíba
2020,3,PB,RGF-Anexo 02,DividaContratual,Dívida Contratual,Até o 3º Quadrimestre,2654310724.56,4018127,Paraíba
2020,3,PB,RGF-Anexo 02,DividaConsolidadaLiquida,DÍVIDA CONSOLIDADA LÍQUIDA (DCL) (III) = (I - II),SALDO DO EXERCÍCIO ANTERIOR,2382452799.0,4018127,Paraíba
2020,3,PB,RGF-Anexo 02,DividaConsolidadaLiquida,DÍVIDA CONSOLIDADA LÍQUIDA (DCL) (III) = (I - II),Até o 1º Quadrimestre,1891708121.15,4018127,Paraíba
2020,3,PB,RGF-Anexo 02,DividaConsolidadaLiquida,DÍVIDA CONSOLIDADA LÍQUIDA (DCL) (III) = (I - II),Até o 2º Quadrimestre,1392767239.47,4018127,Paraíba
2020,3,PB,RGF-Anexo 02,DividaConsolidadaLiquida,DÍVIDA CONSOLIDADA LÍQUIDA (DCL) (III) = (I - II),Até o 3º Quadrimestre,1233663646.5,4018127,Paraíba
2021,1,PB,RGF-Anexo 01,DespesaComPessoalBruta,DESPESA BRUTA COM PESSOAL (I),<MR-11>,512017204.37,4039277,Paraíba
2021,1,PB,RGF-Anexo 01,DespesaComPessoalBruta,DESPESA BRUTA COM PESSOAL (I),<MR-10>,526121326.69,4039277,Paraíba
2021,1,PB,RGF-Anexo 01,DespesaComPessoalBruta,DESPESA BRUTA COM PESSOAL (I),<MR-9>,559453886.87,4039277,Paraíba
2021,1,PB,RGF-Anexo 01,DespesaComPessoalBruta,DESPESA BRUTA COM PESSOAL (I),<MR-8>,518369153.34,4039277,Paraíba
2021,1,PB,RGF-Anexo 01,DespesaComPessoalBruta,DESPESA BRUTA COM PESSOAL (I),<MR-7>,497332658.76,4039277,Paraíba
2021,1,PB,RGF-Anexo 01,DespesaComPessoalBruta,DESPESA BRUTA COM PESSOAL (I),<MR-6>,560058305.2,4039277,Paraíba
2021,1,PB,RGF-Anexo 01,DespesaComPessoalBruta,DESPESA BRUTA COM PESSOAL (I),<MR-5>,516127964.32,4039277,Paraíba
2021,1,PB,RGF-Anexo 01,DespesaComPessoalBruta,DESPESA BRUTA COM PESSOAL (I),<MR-4>,629450432.26,4039277,Paraíba
2021,1,PB,RGF-Anexo 01,DespesaComPessoalBruta,DESPESA BRUTA COM PESSOAL (I),<MR-3>,551839500.38,4039277,Paraíba
2021,1,PB,RGF-Anexo 01,DespesaComPessoalBruta,DESPESA BRUTA COM PESSOAL (I),<MR-2>,555354225.22,4039277,Paraíba
2021,1,PB,RGF-Anexo 01,DespesaComPessoalBruta,DESPESA BRUTA COM PESSOAL (I),<MR-1>,587027151.37,4039277,Paraíba
2021,1,PB,RGF-Anexo 01,DespesaComPessoalBruta,DESPESA BRUTA COM PESSOAL (I),<MR>,546225435.19,4039277,Paraíba
2021,1,PB,RGF-Anexo 01,DespesaComPessoalBruta,DESPESA BRUTA COM PESSOAL (I),TOTAL (ÚLTIMOS 12 MESES) (a),6559377243.97,4039277,Paraíba
2021,1,PB,RGF-Anexo 01,DespesaComPessoalAtivoBruta,Pessoal Ativo,<MR-11>,337778028.72,4039277,Paraíba
2021,1,PB,RGF-Anexo 01,DespesaComPessoalAtivoBruta,Pessoal Ativo,<MR-10>,364805312.22,4039277,Paraíba
2021,1,PB,RGF-Anexo 01,DespesaComPessoalAtivoBruta,Pessoal Ativo,<MR-9>,382127462.2,4039277,Paraíba
2021,1,PB,RGF-Anexo 01,DespesaComPessoalAtivoBruta,Pessoal Ativo,<MR-8>,341565124.69,4039277,Paraíba
2021,1,PB,RGF-Anexo 01,DespesaComPessoalAtivoBruta,Pessoal Ativo,<MR-7>,354179065.35,4039277,Paraíba
2021,1,PB,RGF-Anexo 01,DespesaComPessoalAtivoBruta,Pessoal Ativo,<MR-6>,358411817.87,4039277,Paraíba
2021,1,PB,RGF-Anexo 01,DespesaComPessoalAtivoBruta,Pessoal Ativo,<MR-5>,358216783.74,4039277,Paraíba
2021,1,PB,RGF-Anexo 01,DespesaComPessoalAtivoBruta,Pessoal Ativo,<MR-4>,419934742.24,4039277,Paraíba
2021,1,PB,RGF-Anexo 01,DespesaComPessoalAtivoBruta,Pessoal Ativo,<MR-3>,372846421.07,4039277,Paraíba
2021,1,PB,RGF-Anexo 01,DespesaComPessoalAtivoBruta,Pessoal Ativo,<MR-2>,379737741.0,4039277,Paraíba
2021,1,PB,RGF-Anexo 01,DespesaComPessoalAtivoBruta,Pessoal Ativo,<MR-1>,400913059.4,4039277,Paraíba
2021,1,PB,RGF-Anexo 01,DespesaComPessoalAtivoBruta,Pessoal Ativo,<MR>,366150874.09,4039277,Paraíba
2021,1,PB,RGF-Anexo 01,DespesaComPessoalAtivoBruta,Pessoal Ativo,TOTAL (ÚLTIMOS 12 MESES) (a),4436666432.59,4039277,Paraíba
2021,1,PB,RGF-Anexo 01,DespesaComPessoalInativoEPensionistasBruta,Pessoal Inativo e Pensionistas,<MR-11>,174239175.65,4039277,Paraíba
2021,1,PB,RGF-Anexo 01,DespesaComPessoalInativoEPensionistasBruta,Pessoal Inativo e Pensionistas,<MR-10>,161316014.47,4039277,Paraíba
2021,1,PB,RGF-Anexo 01,DespesaComPessoalInativoEPensionistasBruta,Pessoal Inativo e Pensionistas,<MR-9>,177326424.67,4039277,Paraíba
2021,1,PB,RGF-Anexo 01,DespesaComPessoalInativoEPensionistasBruta,Pessoal Inativo e Pensionistas,<MR-8>,176804028.65,4039277,Paraíba
2021,1,PB,RGF-Anexo 01,DespesaComPessoalInativoEPensionistasBruta,Pessoal Inativo e Pensionistas,<MR-7>,143153593.41,4039277,Paraíba
2021,1,PB,RGF-Anexo 01,DespesaComPessoalInativoEPensionistasBruta,Pessoal Inativo e Pensionistas,<MR-6>,201646487.33,4039277,Paraíba
2021,1,PB,RGF-Anexo 01,DespesaComPessoalInativoEPensionistasBruta,Pessoal Inativo e Pensionistas,<MR-5>,157911180.58,4039277,Paraíba
2021,1,PB,RGF-Anexo 01,DespesaComPessoalInativoEPensionistasBruta,Pessoal Inativo e Pensionistas,<MR-4>,209515690.02,4039277,Paraíba
2021,1,PB,RGF-Anexo 01,DespesaComPessoalInativoEPensionistasBruta,Pessoal Inativo e Pensionistas,<MR-3>,178993079.31,4039277,Paraíba
2021,1,PB,RGF-Anexo 01,DespesaComPessoalInativoEPensionistasBruta,Pessoal Inativo e Pensionistas,<MR-2>,175616484.22,4039277,Paraíba
2021,1,PB,RGF-Anexo 01,DespesaComPessoalInativoEPensionistasBruta,Pessoal Inativo e Pensionistas,<MR-1>,186114091.97,4039277,Paraíba
2021,1,PB,RGF-Anexo 01,DespesaComPessoalInativoEPensionistasBruta,Pessoal Inativo e Pensionistas,<MR>,180074561.1,4039277,Paraíba
2021,1,PB,RGF-Anexo 01,DespesaComPessoalInativoEPensionistasBruta,Pessoal Inativo e Pensionistas,TOTAL (ÚLTIMOS 12 MESES) (a),2122710811.38,4039277,Paraíba
2021,1,PB,RGF-Anexo 01,DespesaComPessoalLiquida,DESPESA LÍQUIDA COM PESSOAL (III) = (I - II),<MR-11>,464527435.28,4039277,Paraíba
2021,1,PB,RGF-Anexo 01,DespesaComPessoalLiquida,DESPESA LÍQUIDA COM PESSOAL (III) = (I - II),<MR-10>,478052229.14,4039277,Paraíba
2021,1,PB,RGF-Anexo 01,DespesaComPessoalLiquida,DESPESA LÍQUIDA COM PESSOAL (III) = (I - II),<MR-9>,504244548.49,4039277,Paraíba
2021,1,PB,RGF-Anexo 01,DespesaComPessoalLiquida,DESPESA LÍQUIDA COM PESSOAL (III) = (I - II),<MR-8>,465882555.86,4039277,Paraíba
2021,1,PB,RGF-Anexo 01,DespesaComPessoalLiquida,DESPESA LÍQUIDA COM PESSOAL (III) = (I - II),<MR-7>,448993026.66,4039277,Paraíba
2021,1,PB,RGF-Anexo 01,DespesaComPessoalLiquida,DESPESA LÍQUIDA COM PESSOAL (III) = (I - II),<MR-6>,506820966.79,4039277,Paraíba
2021,1,PB,RGF-Anexo 01,DespesaComPessoalLiquida,DESPESA LÍQUIDA COM PESSOAL (III) = (I - II),<MR-5>,465001204.95,4039277,Paraíba
2021,1,PB,RGF-Anexo 01,DespesaComPessoalLiquida,DESPESA LÍQUIDA COM PESSOAL (III) = (I - II),<MR-4>,525042410.02,4039277,Paraíba
2021,1,PB,RGF-Anexo 01,DespesaComPessoalLiquida,DESPESA LÍQUIDA COM PESSOAL (III) = (I - II),<MR-3>,503465466.04,4039277,Paraíba
2021,1,PB,RGF-Anexo 01,DespesaComPessoalLiquida,DESPESA LÍQUIDA COM PESSOAL (III) = (I - II),<MR-2>,499187657.19,4039277,Paraíba
2021,1,PB,RGF-Anexo 01,DespesaComPessoalLiquida,DESPESA LÍQUIDA COM PESSOAL (III) = (I - II),<MR-1>,534280891.34,4039277,Paraíba
2021,1,PB,RGF-Anexo 01,DespesaComPessoalLiquida,DESPESA LÍQUIDA COM PESSOAL (III) = (I - II),<MR>,489199419.89,4039277,Paraíba
2021,1,PB,RGF-Anexo 01,DespesaComPessoalLiquida,DESPESA LÍQUIDA COM PESSOAL (III) = (I - II),TOTAL (ÚLTIMOS 12 MESES) (a),5884697811.65,4039277,Paraíba
2021,1,PB,RGF-Anexo 01,ReceitaCorrenteLiquidaLimiteLegal,RECEITA CORRENTE LIQUIDA - RCL (IV),Valor,11883994795.54,4039277,Paraíba
2021,1,PB,RGF-Anexo 01,DespesaComPessoalTotal,DESPESA TOTAL COM PESSOAL - DTP (VIII) = (IIIa + IIIb),Valor,5884697811.65,4039277,Paraíba
2021,1,PB,RGF-Anexo 01,DespesaComPessoalTotal,DESPESA TOTAL COM PESSOAL - DTP (VIII) = (IIIa + IIIb),% sobre a RCL Ajustada,49.57,4039277,Paraíba
2021,1,PB,RGF-Anexo 02,DividaConsolidada,DÍVIDA CONSOLIDADA - DC (I),SALDO DO EXERCÍCIO ANTERIOR,4665096313.62,4039277,Paraíba
2021,1,PB,RGF-Anexo 02,DividaConsolidada,DÍVIDA CONSOLIDADA - DC (I),Até o 1º Quadrimestre,4616993115.96,4039277,Paraíba
2021,1,PB,RGF-Anexo 02,DividaContratual,Dívida Contratual,SALDO DO EXERCÍCIO ANTERIOR,2654310724.56,4039277,Paraíba
2021,1,PB,RGF-Anexo 02,DividaContratual,Dívida Contratual,Até o 1º Quadrimestre,2622860984.17,4039277,Paraíba
2021,1,PB,RGF-Anexo 02,DividaConsolidadaLiquida,DÍVIDA CONSOLIDADA LÍQUIDA (DCL) (III) = (I - II),SALDO DO EXERCÍCIO ANTERIOR,1233663646.5,4039277,Paraíba
2021,1,PB,RGF-Anexo 02,DividaConsolidadaLiquida,DÍVIDA CONSOLIDADA LÍQUIDA (DCL) (III) = (I - II),Até o 1º Quadrimestre,127805303.87,4039277,Paraíba
2021,2,PB,RGF-Anexo 01,DespesaComPessoalBruta,DESPESA BRUTA COM PESSOAL (I),<MR-11>,497332658.76,4039277,Paraíba
2021,2,PB,RGF-Anexo 01,DespesaComPessoalBruta,DESPESA BRUTA COM PESSOAL (I),<MR-10>,560058305.2,4039277,Paraíba
2021,2,PB,RGF-Anexo 01,DespesaComPessoalBruta,DESPESA BRUTA COM PESSOAL (I),<MR-9>,516127964.32,4039277,Paraíba
2021,2,PB,RGF-Anexo 01,DespesaComPessoalBruta,DESPESA BRUTA COM PESSOAL (I),<MR-8>,629450432.26,4039277,Paraíba
2021,2,PB,RGF-Anexo 01,DespesaComPessoalBruta,DESPESA BRUTA COM PESSOAL (I),<MR-7>,551839500.38,4039277,Paraíba
2021,2,PB,RGF-Anexo 01,DespesaComPessoalBruta,DESPESA BRUTA COM PESSOAL (I),<MR-6>,555354225.22,4039277,Paraíba
2021,2,PB,RGF-Anexo 01,DespesaComPessoalBruta,DESPESA BRUTA COM PESSOAL (I),<MR-5>,587027151.37,4039277,Paraíba
2021,2,PB,RGF-Anexo 01,DespesaComPessoalBruta,DESPESA BRUTA COM PESSOAL (I),<MR-4>,546225435.19,4039277,Paraíba
2021,2,PB,RGF-Anexo 01,DespesaComPessoalBruta,DESPESA BRUTA COM PESSOAL (I),<MR-3>,569032918.02,4039277,Paraíba
2021,2,PB,RGF-Anexo 01,DespesaComPessoalBruta,DESPESA BRUTA COM PESSOAL (I),<MR-2>,582440082.58,4039277,Paraíba
2021,2,PB,RGF-Anexo 01,DespesaComPessoalBruta,DESPESA BRUTA COM PESSOAL (I),<MR-1>,564165213.6,4039277,Paraíba
2021,2,PB,RGF-Anexo 01,DespesaComPessoalBruta,DESPESA BRUTA COM PESSOAL (I),<MR>,582936141.75,4039277,Paraíba
2021,2,PB,RGF-Anexo 01,DespesaComPessoalBruta,DESPESA BRUTA COM PESSOAL (I),TOTAL (ÚLTIMOS 12 MESES) (a),6741990028.65,4039277,Paraíba
2021,2,PB,RGF-Anexo 01,DespesaComPessoalAtivoBruta,Pessoal Ativo,<MR-11>,354179065.35,4039277,Paraíba
2021,2,PB,RGF-Anexo 01,DespesaComPessoalAtivoBruta,Pessoal Ativo,<MR-10>,358411817.87,4039277,Paraíba
2021,2,PB,RGF-Anexo 01,DespesaComPessoalAtivoBruta,Pessoal Ativo,<MR-9>,358216783.74,4039277,Paraíba
2021,2,PB,RGF-Anexo 01,DespesaComPessoalAtivoBruta,Pessoal Ativo,<MR-8>,419934742.24,4039277,Paraíba
2021,2,PB,RGF-Anexo 01,DespesaComPessoalAtivoBruta,Pessoal Ativo,<MR-7>,372846421.07,4039277,Paraíba
2021,2,PB,RGF-Anexo 01,DespesaComPessoalAtivoBruta,Pessoal Ativo,<MR-6>,379737741.0,4039277,Paraíba
2021,2,PB,RGF-Anexo 01,DespesaComPessoalAtivoBruta,Pessoal Ativo,<MR-5>,400913059.4,4039277,Paraíba
2021,2,PB,RGF-Anexo 01,DespesaComPessoalAtivoBruta,Pessoal Ativo,<MR-4>,366150874.09,4039277,Paraíba
2021,2,PB,RGF-Anexo 01,DespesaComPessoalAtivoBruta,Pessoal Ativo,<MR-3>,388811780.79,4039277,Paraíba
2021,2,PB,RGF-Anexo 01,DespesaComPessoalAtivoBruta,Pessoal Ativo,<MR-2>,407516272.75,4039277,Paraíba
2021,2,PB,RGF-Anexo 01,DespesaComPessoalAtivoBruta,Pessoal Ativo,<MR-1>,385474326.76,4039277,Paraíba
2021,2,PB,RGF-Anexo 01,DespesaComPessoalAtivoBruta,Pessoal Ativo,<MR>,404588394.92,4039277,Paraíba
2021,2,PB,RGF-Anexo 01,DespesaComPessoalAtivoBruta,Pessoal Ativo,TOTAL (ÚLTIMOS 12 MESES) (a),4596781279.98,4039277,Paraíba
2021,2,PB,RGF-Anexo 01,DespesaComPessoalInativoEPensionistasBruta,Pessoal Inativo e Pensionistas,<MR-11>,143153593.41,4039277,Paraíba
2021,2,PB,RGF-Anexo 01,DespesaComPessoalInativoEPensionistasBruta,Pessoal Inativo e Pensionistas,<MR-10>,201646487.33,4039277,Paraíba
2021,2,PB,RGF-Anexo 01,DespesaComPessoalInativoEPensionistasBruta,Pessoal Inativo e Pensionistas,<MR-9>,157911180.58,4039277,Paraíba
2021,2,PB,RGF-Anexo 01,DespesaComPessoalInativoEPensionistasBruta,Pessoal Inativo e Pensionistas,<MR-8>,209515690.02,4039277,Paraíba
2021,2,PB,RGF-Anexo 01,DespesaComPessoalInativoEPensionistasBruta,Pessoal Inativo e Pensionistas,<MR-7>,178993079.31,4039277,Paraíba
2021,2,PB,RGF-Anexo 01,DespesaComPessoalInativoEPensionistasBruta,Pessoal Inativo e Pensionistas,<MR-6>,175616484.22,4039277,Paraíba
2021,2,PB,RGF-Anexo 01,DespesaComPessoalInativoEPensionistasBruta,Pessoal Inativo e Pensionistas,<MR-5>,186114091.97,4039277,Paraíba
2021,2,PB,RGF-Anexo 01,DespesaComPessoalInativoEPensionistasBruta,Pessoal Inativo e Pensionistas,<MR-4>,180074561.1,4039277,Paraíba
2021,2,PB,RGF-Anexo 01,DespesaComPessoalInativoEPensionistasBruta,Pessoal Inativo e Pensionistas,<MR-3>,180221137.23,4039277,Paraíba
2021,2,PB,RGF-Anexo 01,DespesaComPessoalInativoEPensionistasBruta,Pessoal Inativo e Pensionistas,<MR-2>,174923809.83,4039277,Paraíba
2021,2,PB,RGF-Anexo 01,DespesaComPessoalInativoEPensionistasBruta,Pessoal Inativo e Pensionistas,<MR-1>,178690886.84,4039277,Paraíba
2021,2,PB,RGF-Anexo 01,DespesaComPessoalInativoEPensionistasBruta,Pessoal Inativo e Pensionistas,<MR>,178347746.83,4039277,Paraíba
2021,2,PB,RGF-Anexo 01,DespesaComPessoalInativoEPensionistasBruta,Pessoal Inativo e Pensionistas,TOTAL (ÚLTIMOS 12 MESES) (a),2145208748.67,4039277,Paraíba
2021,2,PB,RGF-Anexo 01,DespesaComPessoalLiquida,DESPESA LÍQUIDA COM PESSOAL (III) = (I - II),<MR-11>,448993026.66,4039277,Paraíba
2021,2,PB,RGF-Anexo 01,DespesaComPessoalLiquida,DESPESA LÍQUIDA COM PESSOAL (III) = (I - II),<MR-10>,506820966.79,4039277,Paraíba
2021,2,PB,RGF-Anexo 01,DespesaComPessoalLiquida,DESPESA LÍQUIDA COM PESSOAL (III) = (I - II),<MR-9>,465001204.95,4039277,Paraíba
2021,2,PB,RGF-Anexo 01,DespesaComPessoalLiquida,DESPESA LÍQUIDA COM PESSOAL (III) = (I - II),<MR-8>,525042410.02,4039277,Paraíba
2021,2,PB,RGF-Anexo 01,DespesaComPessoalLiquida,DESPESA LÍQUIDA COM PESSOAL (III) = (I - II),<MR-7>,503465466.04,4039277,Paraíba
2021,2,PB,RGF-Anexo 01,DespesaComPessoalLiquida,DESPESA LÍQUIDA COM PESSOAL (III) = (I - II),<MR-6>,499187657.19,4039277,Paraíba
2021,2,PB,RGF-Anexo 01,DespesaComPessoalLiquida,DESPESA LÍQUIDA COM PESSOAL (III) = (I - II),<MR-5>,534280891.34,4039277,Paraíba
2021,2,PB,RGF-Anexo 01,DespesaComPessoalLiquida,DESPESA LÍQUIDA COM PESSOAL (III) = (I - II),<MR-4>,489199419.89,4039277,Paraíba
2021,2,PB,RGF-Anexo 01,DespesaComPessoalLiquida,DESPESA LÍQUIDA COM PESSOAL (III) = (I - II),<MR-3>,514889783.95,4039277,Paraíba
2021,2,PB,RGF-Anexo 01,DespesaComPessoalLiquida,DESPESA LÍQUIDA COM PESSOAL (III) = (I - II),<MR-2>,529181890.26,4039277,Paraíba
2021,2,PB,RGF-Anexo 01,DespesaComPessoalLiquida,DESPESA LÍQUIDA COM PESSOAL (III) = (I - II),<MR-1>,511061466.93,4039277,Paraíba
2021,2,PB,RGF-Anexo 01,DespesaComPessoalLiquida,DESPESA LÍQUIDA COM PESSOAL (III) = (I - II),<MR>,529157022.41,4039277,Paraíba
2021,2,PB,RGF-Anexo 01,DespesaComPessoalLiquida,DESPESA LÍQUIDA COM PESSOAL (III) = (I - II),TOTAL (ÚLTIMOS 12 MESES) (a),6056281206.43,4039277,Paraíba
2021,2,PB,RGF-Anexo 01,ReceitaCorrenteLiquidaLimiteLegal,RECEITA CORRENTE LIQUIDA - RCL (IV),Valor,12438318454.08,4039277,Paraíba
2021,2,PB,RGF-Anexo 01,DespesaComPessoalTotal,DESPESA TOTAL COM PESSOAL - DTP (VIII) = (IIIa + IIIb),Valor,6056281206.43,4039277,Paraíba
2021,2,PB,RGF-Anexo 01,DespesaComPessoalTotal,DESPESA TOTAL COM PESSOAL - DTP (VIII) = (IIIa + IIIb),% sobre a RCL Ajustada,48.69,4039277,Paraíba
2021,2,PB,RGF-Anexo 02,DividaConsolidada,DÍVIDA CONSOLIDADA - DC (I),SALDO DO EXERCÍCIO ANTERIOR,4665096313.62,4039277,Paraíba
2021,2,PB,RGF-Anexo 02,DividaConsolidada,DÍVIDA CONSOLIDADA - DC (I),Até o 1º Quadrimestre,4616993115.96,4039277,Paraíba
2021,2,PB,RGF-Anexo 02,DividaConsolidada,DÍVIDA CONSOLIDADA - DC (I),Até o 2º Quadrimestre,4520032676.44,4039277,Paraíba
2021,2,PB,RGF-Anexo 02,DividaContratual,Dívida Contratual,SALDO DO EXERCÍCIO ANTERIOR,2654310724.56,4039277,Paraíba
2021,2,PB,RGF-Anexo 02,DividaContratual,Dívida Contratual,Até o 1º Quadrimestre,2622860984.17,4039277,Paraíba
2021,2,PB,RGF-Anexo 02,DividaContratual,Dívida Contratual,Até o 2º Quadrimestre,2620698512.52,4039277,Paraíba
2021,2,PB,RGF-Anexo 02,DividaConsolidadaLiquida,DÍVIDA CONSOLIDADA LÍQUIDA (DCL) (III) = (I - II),SALDO DO EXERCÍCIO ANTERIOR,1233663646.5,4039277,Paraíba
2021,2,PB,RGF-Anexo 02,DividaConsolidadaLiquida,DÍVIDA CONSOLIDADA LÍQUIDA (DCL) (III) = (I - II),Até o 1º Quadrimestre,127805303.87,4039277,Paraíba
2021,2,PB,RGF-Anexo 02,DividaConsolidadaLiquida,DÍVIDA CONSOLIDADA LÍQUIDA (DCL) (III) = (I - II),Até o 2º Quadrimestre,-617704279.55,4039277,Paraíba
2021,3,PB,RGF-Anexo 01,DespesaComPessoalBruta,DESPESA BRUTA COM PESSOAL (I),<MR-11>,551839500.38,4039277,Paraíba
2021,3,PB,RGF-Anexo 01,DespesaComPessoalBruta,DESPESA BRUTA COM PESSOAL (I),<MR-10>,555354225.22,4039277,Paraíba
2021,3,PB,RGF-Anexo 01,DespesaComPessoalBruta,DESPESA BRUTA COM PESSOAL (I),<MR-9>,587027151.37,4039277,Paraíba
2021,3,PB,RGF-Anexo 01,DespesaComPessoalBruta,DESPESA BRUTA COM PESSOAL (I),<MR-8>,546225435.19,4039277,Paraíba
2021,3,PB,RGF-Anexo 01,DespesaComPessoalBruta,DESPESA BRUTA COM PESSOAL (I),<MR-7>,569032918.02,4039277,Paraíba
2021,3,PB,RGF-Anexo 01,DespesaComPessoalBruta,DESPESA BRUTA COM PESSOAL (I),<MR-6>,582440082.58,4039277,Paraíba
2021,3,PB,RGF-Anexo 01,DespesaComPessoalBruta,DESPESA BRUTA COM PESSOAL (I),<MR-5>,564165213.6,4039277,Paraíba
2021,3,PB,RGF-Anexo 01,DespesaComPessoalBruta,DESPESA BRUTA COM PESSOAL (I),<MR-4>,582936141.75,4039277,Paraíba
2021,3,PB,RGF-Anexo 01,DespesaComPessoalBruta,DESPESA BRUTA COM PESSOAL (I),<MR-3>,567268633.3,4039277,Paraíba
2021,3,PB,RGF-Anexo 01,DespesaComPessoalBruta,DESPESA BRUTA COM PESSOAL (I),<MR-2>,557193606.62,4039277,Paraíba
2021,3,PB,RGF-Anexo 01,DespesaComPessoalBruta,DESPESA BRUTA COM PESSOAL (I),<MR-1>,610647220.55,4039277,Paraíba
2021,3,PB,RGF-Anexo 01,DespesaComPessoalBruta,DESPESA BRUTA COM PESSOAL (I),<MR>,628453850.56,4039277,Paraíba
2021,3,PB,RGF-Anexo 01,DespesaComPessoalBruta,DESPESA BRUTA COM PESSOAL (I),TOTAL (ÚLTIMOS 12 MESES) (a),6902583979.14,4039277,Paraíba
2021,3,PB,RGF-Anexo 01,DespesaComPessoalAtivoBruta,Pessoal Ativo,<MR-11>,372846421.07,4039277,Paraíba
2021,3,PB,RGF-Anexo 01,DespesaComPessoalAtivoBruta,Pessoal Ativo,<MR-10>,379737741.0,4039277,Paraíba
2021,3,PB,RGF-Anexo 01,DespesaComPessoalAtivoBruta,Pessoal Ativo,<MR-9>,400913059.4,4039277,Paraíba
2021,3,PB,RGF-Anexo 01,DespesaComPessoalAtivoBruta,Pessoal Ativo,<MR-8>,366150874.09,4039277,Paraíba
2021,3,PB,RGF-Anexo 01,DespesaComPessoalAtivoBruta,Pessoal Ativo,<MR-7>,388811780.79,4039277,Paraíba
2021,3,PB,RGF-Anexo 01,DespesaComPessoalAtivoBruta,Pessoal Ativo,<MR-6>,407516272.75,4039277,Paraíba
2021,3,PB,RGF-Anexo 01,DespesaComPessoalAtivoBruta,Pessoal Ativo,<MR-5>,385474326.76,4039277,Paraíba
2021,3,PB,RGF-Anexo 01,DespesaComPessoalAtivoBruta,Pessoal Ativo,<MR-4>,404588394.92,4039277,Paraíba
2021,3,PB,RGF-Anexo 01,DespesaComPessoalAtivoBruta,Pessoal Ativo,<MR-3>,386720948.18,4039277,Paraíba
2021,3,PB,RGF-Anexo 01,DespesaComPessoalAtivoBruta,Pessoal Ativo,<MR-2>,376435268.87,4039277,Paraíba
2021,3,PB,RGF-Anexo 01,DespesaComPessoalAtivoBruta,Pessoal Ativo,<MR-1>,429551282.51,4039277,Paraíba
2021,3,PB,RGF-Anexo 01,DespesaComPessoalAtivoBruta,Pessoal Ativo,<MR>,438334382.76,4039277,Paraíba
2021,3,PB,RGF-Anexo 01,DespesaComPessoalAtivoBruta,Pessoal Ativo,TOTAL (ÚLTIMOS 12 MESES) (a),4737080753.1,4039277,Paraíba
2021,3,PB,RGF-Anexo 01,DespesaComPessoalInativoEPensionistasBruta,Pessoal Inativo e Pensionistas,<MR-11>,178993079.31,4039277,Paraíba
2021,3,PB,RGF-Anexo 01,DespesaComPessoalInativoEPensionistasBruta,Pessoal Inativo e Pensionistas,<MR-10>,175616484.22,4039277,Paraíba
2021,3,PB,RGF-Anexo 01,DespesaComPessoalInativoEPensionistasBruta,Pessoal Inativo e Pensionistas,<MR-9>,186114091.97,4039277,Paraíba
2021,3,PB,RGF-Anexo 01,DespesaComPessoalInativoEPensionistasBruta,Pessoal Inativo e Pensionistas,<MR-8>,180074561.1,4039277,Paraíba
2021,3,PB,RGF-Anexo 01,DespesaComPessoalInativoEPensionistasBruta,Pessoal Inativo e Pensionistas,<MR-7>,180221137.23,4039277,Paraíba
2021,3,PB,RGF-Anexo 01,DespesaComPessoalInativoEPensionistasBruta,Pessoal Inativo e Pensionistas,<MR-6>,174923809.83,4039277,Paraíba
2021,3,PB,RGF-Anexo 01,DespesaComPessoalInativoEPensionistasBruta,Pessoal Inativo e Pensionistas,<MR-5>,178690886.84,4039277,Paraíba
2021,3,PB,RGF-Anexo 01,DespesaComPessoalInativoEPensionistasBruta,Pessoal Inativo e Pensionistas,<MR-4>,178347746.83,4039277,Paraíba
2021,3,PB,RGF-Anexo 01,DespesaComPessoalInativoEPensionistasBruta,Pessoal Inativo e Pensionistas,<MR-3>,180547685.12,4039277,Paraíba
2021,3,PB,RGF-Anexo 01,DespesaComPessoalInativoEPensionistasBruta,Pessoal Inativo e Pensionistas,<MR-2>,180758337.75,4039277,Paraíba
2021,3,PB,RGF-Anexo 01,DespesaComPessoalInativoEPensionistasBruta,Pessoal Inativo e Pensionistas,<MR-1>,181095938.04,4039277,Paraíba
2021,3,PB,RGF-Anexo 01,DespesaComPessoalInativoEPensionistasBruta,Pessoal Inativo e Pensionistas,<MR>,190119467.8,4039277,Paraíba
2021,3,PB,RGF-Anexo 01,DespesaComPessoalInativoEPensionistasBruta,Pessoal Inativo e Pensionistas,TOTAL (ÚLTIMOS 12 MESES) (a),2165503226.04,4039277,Paraíba
2021,3,PB,RGF-Anexo 01,DespesaComPessoalLiquida,DESPESA LÍQUIDA COM PESSOAL (III) = (I - II),<MR-11>,503465466.04,4039277,Paraíba
2021,3,PB,RGF-Anexo 01,DespesaComPessoalLiquida,DESPESA LÍQUIDA COM PESSOAL (III) = (I - II),<MR-10>,499187657.19,4039277,Paraíba
2021,3,PB,RGF-Anexo 01,DespesaComPessoalLiquida,DESPESA LÍQUIDA COM PESSOAL (III) = (I - II),<MR-9>,534280891.34,4039277,Paraíba
2021,3,PB,RGF-Anexo 01,DespesaComPessoalLiquida,DESPESA LÍQUIDA COM PESSOAL (III) = (I - II),<MR-8>,489199419.89,4039277,Paraíba
2021,3,PB,RGF-Anexo 01,DespesaComPessoalLiquida,DESPESA LÍQUIDA COM PESSOAL (III) = (I - II),<MR-7>,514889783.95,4039277,Paraíba
2021,3,PB,RGF-Anexo 01,DespesaComPessoalLiquida,DESPESA LÍQUIDA COM PESSOAL (III) = (I - II),<MR-6>,529181890.26,4039277,Paraíba
2021,3,PB,RGF-Anexo 01,DespesaComPessoalLiquida,DESPESA LÍQUIDA COM PESSOAL (III) = (I - II),<MR-5>,511061466.93,4039277,Paraíba
2021,3,PB,RGF-Anexo 01,DespesaComPessoalLiquida,DESPESA LÍQUIDA COM PESSOAL (III) = (I - II),<MR-4>,529157022.41,4039277,Paraíba
2021,3,PB,RGF-Anexo 01,DespesaComPessoalLiquida,DESPESA LÍQUIDA COM PESSOAL (III) = (I - II),<MR-3>,513568112.79,4039277,Paraíba
2021,3,PB,RGF-Anexo 01,DespesaComPessoalLiquida,DESPESA LÍQUIDA COM PESSOAL (III) = (I - II),<MR-2>,503368361.77,4039277,Paraíba
2021,3,PB,RGF-Anexo 01,DespesaComPessoalLiquida,DESPESA LÍQUIDA COM PESSOAL (III) = (I - II),<MR-1>,555928316.42,4039277,Paraíba
2021,3,PB,RGF-Anexo 01,DespesaComPessoalLiquida,DESPESA LÍQUIDA COM PESSOAL (III) = (I - II),<MR>,492653537.3,4039277,Paraíba
2021,3,PB,RGF-Anexo 01,DespesaComPessoalLiquida,DESPESA LÍQUIDA COM PESSOAL (III) = (I - II),TOTAL (ÚLTIMOS 12 MESES) (a),6175941926.29,4039277,Paraíba
2021,3,PB,RGF-Anexo 01,ReceitaCorrenteLiquidaLimiteLegal,RECEITA CORRENTE LIQUIDA - RCL (IV),Valor,13037174793.71,4039277,Paraíba
2021,3,PB,RGF-Anexo 01,DespesaComPessoalTotal,DESPESA TOTAL COM PESSOAL - DTP (VIII) = (IIIa + IIIb),Valor,6175941926.29,4039277,Paraíba
2021,3,PB,RGF-Anexo 01,DespesaComPessoalTotal,DESPESA TOTAL COM PESSOAL - DTP (VIII) = (IIIa + IIIb),% sobre a RCL Ajustada,47.39,4039277,Paraíba
2021,3,PB,RGF-Anexo 02,DividaConsolidada,DÍVIDA CONSOLIDADA - DC (I),SALDO DO EXERCÍCIO ANTERIOR,4665096313.62,4039277,Paraíba
2021,3,PB,RGF-Anexo 02,DividaConsolidada,DÍVIDA CONSOLIDADA - DC (I),Até o 1º Quadrimestre,4616993115.96,4039277,Paraíba
2021,3,PB,RGF-Anexo 02,DividaConsolidada,DÍVIDA CONSOLIDADA - DC (I),Até o 2º Quadrimestre,4520032676.44,4039277,Paraíba
2021,3,PB,RGF-Anexo 02,DividaConsolidada,DÍVIDA CONSOLIDADA - DC (I),Até o 3º Quadrimestre,5133404404.5,4039277,Paraíba
2021,3,PB,RGF-Anexo 02,DividaContratual,Dívida Contratual,SALDO DO EXERCÍCIO ANTERIOR,2654310724.56,4039277,Paraíba
2021,3,PB,RGF-Anexo 02,DividaContratual,Dívida Contratual,Até o 1º Quadrimestre,2622860984.17,4039277,Paraíba
2021,3,PB,RGF-Anexo 02,DividaContratual,Dívida Contratual,Até o 2º Quadrimestre,2620698512.52,4039277,Paraíba
2021,3,PB,RGF-Anexo 02,DividaContratual,Dívida Contratual,Até o 3º Quadrimestre,2723594476.19,4039277,Paraíba
2021,3,PB,RGF-Anexo 02,DividaConsolidadaLiquida,DÍVIDA CONSOLIDADA LÍQUIDA (DCL) (III) = (I - II),SALDO DO EXERCÍCIO ANTERIOR,1233663646.5,4039277,Paraíba
2021,3,PB,RGF-Anexo 02,DividaConsolidadaLiquida,DÍVIDA CONSOLIDADA LÍQUIDA (DCL) (III) = (I - II),Até o 1º Quadrimestre,127805303.87,4039277,Paraíba
2021,3,PB,RGF-Anexo 02,DividaConsolidadaLiquida,DÍVIDA CONSOLIDADA LÍQUIDA (DCL) (III) = (I - II),Até o 2º Quadrimestre,-617704279.55,4039277,Paraíba
2021,3,PB,RGF-Anexo 02,DividaConsolidadaLiquida,DÍVIDA CONSOLIDADA LÍQUIDA (DCL) (III) = (I - II),Até o 3º Quadrimestre,-400261759.07,4039277,Paraíba
2022,1,PB,RGF-Anexo 01,DespesaComPessoalBruta,DESPESA BRUTA COM PESSOAL (I),<MR-11>,569032918.02,4059905,Paraíba
2022,1,PB,RGF-Anexo 01,DespesaComPessoalBruta,DESPESA BRUTA COM PESSOAL (I),<MR-10>,582440082.58,4059905,Paraíba
2022,1,PB,RGF-Anexo 01,DespesaComPessoalBruta,DESPESA BRUTA COM PESSOAL (I),<MR-9>,564165213.6,4059905,Paraíba
2022,1,PB,RGF-Anexo 01,DespesaComPessoalBruta,DESPESA BRUTA COM PESSOAL (I),<MR-8>,582936141.75,4059905,Paraíba
2022,1,PB,RGF-Anexo 01,DespesaComPessoalBruta,DESPESA BRUTA COM PESSOAL (I),<MR-7>,567268633.3,4059905,Paraíba
2022,1,PB,RGF-Anexo 01,DespesaComPessoalBruta,DESPESA BRUTA COM PESSOAL (I),<MR-6>,557193606.62,4059905,Paraíba
2022,1,PB,RGF-Anexo 01,DespesaComPessoalBruta,DESPESA BRUTA COM PESSOAL (I),<MR-5>,610647220.55,4059905,Paraíba
2022,1,PB,RGF-Anexo 01,DespesaComPessoalBruta,DESPESA BRUTA COM PESSOAL (I),<MR-4>,628453850.56,4059905,Paraíba
2022,1,PB,RGF-Anexo 01,DespesaComPessoalBruta,DESPESA BRUTA COM PESSOAL (I),<MR-3>,676489345.42,4059905,Paraíba
2022,1,PB,RGF-Anexo 01,DespesaComPessoalBruta,DESPESA BRUTA COM PESSOAL (I),<MR-2>,647465784.97,4059905,Paraíba
2022,1,PB,RGF-Anexo 01,DespesaComPessoalBruta,DESPESA BRUTA COM PESSOAL (I),<MR-1>,643173591.69,4059905,Paraíba
2022,1,PB,RGF-Anexo 01,DespesaComPessoalBruta,DESPESA BRUTA COM PESSOAL (I),<MR>,662276884.41,4059905,Paraíba
2022,1,PB,RGF-Anexo 01,DespesaComPessoalBruta,DESPESA BRUTA COM PESSOAL (I),TOTAL (ÚLTIMOS 12 MESES) (a),7291543273.47,4059905,Paraíba
2022,1,PB,RGF-Anexo 01,DespesaComPessoalAtivoBruta,Pessoal Ativo,<MR-11>,388811780.79,4059905,Paraíba
2022,1,PB,RGF-Anexo 01,DespesaComPessoalAtivoBruta,Pessoal Ativo,<MR-10>,407516272.75,4059905,Paraíba
2022,1,PB,RGF-Anexo 01,DespesaComPessoalAtivoBruta,Pessoal Ativo,<MR-9>,385474326.76,4059905,Paraíba
2022,1,PB,RGF-Anexo 01,DespesaComPessoalAtivoBruta,Pessoal Ativo,<MR-8>,404588394.92,4059905,Paraíba
2022,1,PB,RGF-Anexo 01,DespesaComPessoalAtivoBruta,Pessoal Ativo,<MR-7>,386720948.18,4059905,Paraíba
2022,1,PB,RGF-Anexo 01,DespesaComPessoalAtivoBruta,Pessoal Ativo,<MR-6>,376435268.87,4059905,Paraíba
2022,1,PB,RGF-Anexo 01,DespesaComPessoalAtivoBruta,Pessoal Ativo,<MR-5>,429551282.51,4059905,Paraíba
2022,1,PB,RGF-Anexo 01,DespesaComPessoalAtivoBruta,Pessoal Ativo,<MR-4>,438334382.76,4059905,Paraíba
2022,1,PB,RGF-Anexo 01,DespesaComPessoalAtivoBruta,Pessoal Ativo,<MR-3>,465916213.67,4059905,Paraíba
2022,1,PB,RGF-Anexo 01,DespesaComPessoalAtivoBruta,Pessoal Ativo,<MR-2>,433995467.7,4059905,Paraíba
2022,1,PB,RGF-Anexo 01,DespesaComPessoalAtivoBruta,Pessoal Ativo,<MR-1>,427545059.41,4059905,Paraíba
2022,1,PB,RGF-Anexo 01,DespesaComPessoalAtivoBruta,Pessoal Ativo,<MR>,445662449.19,4059905,Paraíba
2022,1,PB,RGF-Anexo 01,DespesaComPessoalAtivoBruta,Pessoal Ativo,TOTAL (ÚLTIMOS 12 MESES) (a),4990551847.51,4059905,Paraíba
2022,1,PB,RGF-Anexo 01,DespesaComPessoalInativoEPensionistasBruta,Pessoal Inativo e Pensionistas,<MR-11>,180221137.23,4059905,Paraíba
2022,1,PB,RGF-Anexo 01,DespesaComPessoalInativoEPensionistasBruta,Pessoal Inativo e Pensionistas,<MR-10>,174923809.83,4059905,Paraíba
2022,1,PB,RGF-Anexo 01,DespesaComPessoalInativoEPensionistasBruta,Pessoal Inativo e Pensionistas,<MR-9>,178690886.84,4059905,Paraíba
2022,1,PB,RGF-Anexo 01,DespesaComPessoalInativoEPensionistasBruta,Pessoal Inativo e Pensionistas,<MR-8>,178347746.83,4059905,Paraíba
2022,1,PB,RGF-Anexo 01,DespesaComPessoalInativoEPensionistasBruta,Pessoal Inativo e Pensionistas,<MR-7>,180547685.12,4059905,Paraíba
2022,1,PB,RGF-Anexo 01,DespesaComPessoalInativoEPensionistasBruta,Pessoal Inativo e Pensionistas,<MR-6>,180758337.75,4059905,Paraíba
2022,1,PB,RGF-Anexo 01,DespesaComPessoalInativoEPensionistasBruta,Pessoal Inativo e Pensionistas,<MR-5>,181095938.04,4059905,Paraíba
2022,1,PB,RGF-Anexo 01,DespesaComPessoalInativoEPensionistasBruta,Pessoal Inativo e Pensionistas,<MR-4>,190119467.8,4059905,Paraíba
2022,1,PB,RGF-Anexo 01,DespesaComPessoalInativoEPensionistasBruta,Pessoal Inativo e Pensionistas,<MR-3>,210573131.75,4059905,Paraíba
2022,1,PB,RGF-Anexo 01,DespesaComPessoalInativoEPensionistasBruta,Pessoal Inativo e Pensionistas,<MR-2>,213470317.27,4059905,Paraíba
2022,1,PB,RGF-Anexo 01,DespesaComPessoalInativoEPensionistasBruta,Pessoal Inativo e Pensionistas,<MR-1>,215628532.28,4059905,Paraíba
2022,1,PB,RGF-Anexo 01,DespesaComPessoalInativoEPensionistasBruta,Pessoal Inativo e Pensionistas,<MR>,216614435.22,4059905,Paraíba
2022,1,PB,RGF-Anexo 01,DespesaComPessoalInativoEPensionistasBruta,Pessoal Inativo e Pensionistas,TOTAL (ÚLTIMOS 12 MESES) (a),2300991425.96,4059905,Paraíba
2022,1,PB,RGF-Anexo 01,DespesaComPessoalLiquida,DESPESA LÍQUIDA COM PESSOAL (III) = (I - II),<MR-11>,514889783.95,4059905,Paraíba
2022,1,PB,RGF-Anexo 01,DespesaComPessoalLiquida,DESPESA LÍQUIDA COM PESSOAL (III) = (I - II),<MR-10>,529181890.26,4059905,Paraíba
2022,1,PB,RGF-Anexo 01,DespesaComPessoalLiquida,DESPESA LÍQUIDA COM PESSOAL (III) = (I - II),<MR-9>,511061466.93,4059905,Paraíba
2022,1,PB,RGF-Anexo 01,DespesaComPessoalLiquida,DESPESA LÍQUIDA COM PESSOAL (III) = (I - II),<MR-8>,529157022.41,4059905,Paraíba
2022,1,PB,RGF-Anexo 01,DespesaComPessoalLiquida,DESPESA LÍQUIDA COM PESSOAL (III) = (I - II),<MR-7>,513568112.79,4059905,Paraíba
2022,1,PB,RGF-Anexo 01,DespesaComPessoalLiquida,DESPESA LÍQUIDA COM PESSOAL (III) = (I - II),<MR-6>,503368361.77,4059905,Paraíba
2022,1,PB,RGF-Anexo 01,DespesaComPessoalLiquida,DESPESA LÍQUIDA COM PESSOAL (III) = (I - II),<MR-5>,555928316.42,4059905,Paraíba
2022,1,PB,RGF-Anexo 01,DespesaComPessoalLiquida,DESPESA LÍQUIDA COM PESSOAL (III) = (I - II),<MR-4>,492653537.3,4059905,Paraíba
2022,1,PB,RGF-Anexo 01,DespesaComPessoalLiquida,DESPESA LÍQUIDA COM PESSOAL (III) = (I - II),<MR-3>,601706562.39,4059905,Paraíba
2022,1,PB,RGF-Anexo 01,DespesaComPessoalLiquida,DESPESA LÍQUIDA COM PESSOAL (III) = (I - II),<MR-2>,579792377.68,4059905,Paraíba
2022,1,PB,RGF-Anexo 01,DespesaComPessoalLiquida,DESPESA LÍQUIDA COM PESSOAL (III) = (I - II),<MR-1>,575044740.03,4059905,Paraíba
2022,1,PB,RGF-Anexo 01,DespesaComPessoalLiquida,DESPESA LÍQUIDA COM PESSOAL (III) = (I - II),<MR>,592237538.95,4059905,Paraíba
2022,1,PB,RGF-Anexo 01,DespesaComPessoalLiquida,DESPESA LÍQUIDA COM PESSOAL (III) = (I - II),TOTAL (ÚLTIMOS 12 MESES) (a),6498589710.88,4059905,Paraíba
2022,1,PB,RGF-Anexo 01,ReceitaCorrenteLiquidaLimiteLegal,RECEITA CORRENTE LIQUIDA - RCL (IV),Valor,14089514855.3,4059905,Paraíba
2022,1,PB,RGF-Anexo 01,DespesaComPessoalTotal,DESPESA TOTAL COM PESSOAL - DTP (VIII) = (IIIa + IIIb),Valor,6498589710.88,4059905,Paraíba
2022,1,PB,RGF-Anexo 01,DespesaComPessoalTotal,DESPESA TOTAL COM PESSOAL - DTP (VIII) = (IIIa + IIIb),% sobre a RCL Ajustada,46.14,4059905,Paraíba
2022,1,PB,RGF-Anexo 02,DividaConsolidada,DÍVIDA CONSOLIDADA - DC (I),SALDO DO EXERCÍCIO ANTERIOR,5133404404.5,4059905,Paraíba
2022,1,PB,RGF-Anexo 02,DividaConsolidada,DÍVIDA CONSOLIDADA - DC (I),Até o 1º Quadrimestre,4940368651.64,4059905,Paraíba
2022,1,PB,RGF-Anexo 02,DividaContratual,Dívida Contratual,SALDO DO EXERCÍCIO ANTERIOR,2723594476.19,4059905,Paraíba
2022,1,PB,RGF-Anexo 02,DividaContratual,Dívida Contratual,Até o 1º Quadrimestre,2565590429.36,4059905,Paraíba
2022,1,PB,RGF-Anexo 02,DividaConsolidadaLiquida,DÍVIDA CONSOLIDADA LÍQUIDA (DCL) (III) = (I - II),SALDO DO EXERCÍCIO ANTERIOR,-400261759.07,4059905,Paraíba
2022,1,PB,RGF-Anexo 02,DividaConsolidadaLiquida,DÍVIDA CONSOLIDADA LÍQUIDA (DCL) (III) = (I - II),Até o 1º Quadrimestre,-1400036867.42,4059905,Paraíba
2022,2,PB,RGF-Anexo 01,DespesaComPessoalBruta,DESPESA BRUTA COM PESSOAL (I),<MR-11>,567268633.3,4059905,Paraíba
2022,2,PB,RGF-Anexo 01,DespesaComPessoalBruta,DESPESA BRUTA COM PESSOAL (I),<MR-10>,557193606.62,4059905,Paraíba
2022,2,PB,RGF-Anexo 01,DespesaComPessoalBruta,DESPESA BRUTA COM PESSOAL (I),<MR-9>,610647220.55,4059905,Paraíba
2022,2,PB,RGF-Anexo 01,DespesaComPessoalBruta,DESPESA BRUTA COM PESSOAL (I),<MR-8>,628453850.56,4059905,Paraíba
2022,2,PB,RGF-Anexo 01,DespesaComPessoalBruta,DESPESA BRUTA COM PESSOAL (I),<MR-7>,678658082.1,4059905,Paraíba
2022,2,PB,RGF-Anexo 01,DespesaComPessoalBruta,DESPESA BRUTA COM PESSOAL (I),<MR-6>,648162787.08,4059905,Paraíba
2022,2,PB,RGF-Anexo 01,DespesaComPessoalBruta,DESPESA BRUTA COM PESSOAL (I),<MR-5>,643830260.03,4059905,Paraíba
2022,2,PB,RGF-Anexo 01,DespesaComPessoalBruta,DESPESA BRUTA COM PESSOAL (I),<MR-4>,665004333.38,4059905,Paraíba
2022,2,PB,RGF-Anexo 01,DespesaComPessoalBruta,DESPESA BRUTA COM PESSOAL (I),<MR-3>,640941926.28,4059905,Paraíba
2022,2,PB,RGF-Anexo 01,DespesaComPessoalBruta,DESPESA BRUTA COM PESSOAL (I),<MR-2>,609194840.77,4059905,Paraíba
2022,2,PB,RGF-Anexo 01,DespesaComPessoalBruta,DESPESA BRUTA COM PESSOAL (I),<MR-1>,677111672.46,4059905,Paraíba
2022,2,PB,RGF-Anexo 01,DespesaComPessoalBruta,DESPESA BRUTA COM PESSOAL (I),<MR>,695283142.94,4059905,Paraíba
2022,2,PB,RGF-Anexo 01,DespesaComPessoalBruta,DESPESA BRUTA COM PESSOAL (I),TOTAL (ÚLTIMOS 12 MESES) (a),7621750356.07,4059905,Paraíba
2022,2,PB,RGF-Anexo 01,DespesaComPessoalAtivoBruta,Pessoal Ativo,<MR-11>,386720948.18,4059905,Paraíba
2022,2,PB,RGF-Anexo 01,DespesaComPessoalAtivoBruta,Pessoal Ativo,<MR-10>,376435268.87,4059905,Paraíba
2022,2,PB,RGF-Anexo 01,DespesaComPessoalAtivoBruta,Pessoal Ativo,<MR-9>,429551282.51,4059905,Paraíba
2022,2,PB,RGF-Anexo 01,DespesaComPessoalAtivoBruta,Pessoal Ativo,<MR-8>,438334382.76,4059905,Paraíba
2022,2,PB,RGF-Anexo 01,DespesaComPessoalAtivoBruta,Pessoal Ativo,<MR-7>,468084950.35,4059905,Paraíba
2022,2,PB,RGF-Anexo 01,DespesaComPessoalAtivoBruta,Pessoal Ativo,<MR-6>,434692469.81,4059905,Paraíba
2022,2,PB,RGF-Anexo 01,DespesaComPessoalAtivoBruta,Pessoal Ativo,<MR-5>,428201727.75,4059905,Paraíba
2022,2,PB,RGF-Anexo 01,DespesaComPessoalAtivoBruta,Pessoal Ativo,<MR-4>,448389898.16,4059905,Paraíba
2022,2,PB,RGF-Anexo 01,DespesaComPessoalAtivoBruta,Pessoal Ativo,<MR-3>,424835789.04,4059905,Paraíba
2022,2,PB,RGF-Anexo 01,DespesaComPessoalAtivoBruta,Pessoal Ativo,<MR-2>,397507332.43,4059905,Paraíba
2022,2,PB,RGF-Anexo 01,DespesaComPessoalAtivoBruta,Pessoal Ativo,<MR-1>,449723058.03,4059905,Paraíba
2022,2,PB,RGF-Anexo 01,DespesaComPessoalAtivoBruta,Pessoal Ativo,<MR>,467398919.49,4059905,Paraíba
2022,2,PB,RGF-Anexo 01,DespesaComPessoalAtivoBruta,Pessoal Ativo,TOTAL (ÚLTIMOS 12 MESES) (a),5149876027.38,4059905,Paraíba
2022,2,PB,RGF-Anexo 01,DespesaComPessoalInativoEPensionistasBruta,Pessoal Inativo e Pensionistas,<MR-11>,180547685.12,4059905,Paraíba
2022,2,PB,RGF-Anexo 01,DespesaComPessoalInativoEPensionistasBruta,Pessoal Inativo e Pensionistas,<MR-10>,180758337.75,4059905,Paraíba
2022,2,PB,RGF-Anexo 01,DespesaComPessoalInativoEPensionistasBruta,Pessoal Inativo e Pensionistas,<MR-9>,181095938.04,4059905,Paraíba
2022,2,PB,RGF-Anexo 01,DespesaComPessoalInativoEPensionistasBruta,Pessoal Inativo e Pensionistas,<MR-8>,190119467.8,4059905,Paraíba
2022,2,PB,RGF-Anexo 01,DespesaComPessoalInativoEPensionistasBruta,Pessoal Inativo e Pensionistas,<MR-7>,210573131.75,4059905,Paraíba
2022,2,PB,RGF-Anexo 01,DespesaComPessoalInativoEPensionistasBruta,Pessoal Inativo e Pensionistas,<MR-6>,213470317.27,4059905,Paraíba
2022,2,PB,RGF-Anexo 01,DespesaComPessoalInativoEPensionistasBruta,Pessoal Inativo e Pensionistas,<MR-5>,215628532.28,4059905,Paraíba
2022,2,PB,RGF-Anexo 01,DespesaComPessoalInativoEPensionistasBruta,Pessoal Inativo e Pensionistas,<MR-4>,216614435.22,4059905,Paraíba
2022,2,PB,RGF-Anexo 01,DespesaComPessoalInativoEPensionistasBruta,Pessoal Inativo e Pensionistas,<MR-3>,216106137.24,4059905,Paraíba
2022,2,PB,RGF-Anexo 01,DespesaComPessoalInativoEPensionistasBruta,Pessoal Inativo e Pensionistas,<MR-2>,211687508.34,4059905,Paraíba
2022,2,PB,RGF-Anexo 01,DespesaComPessoalInativoEPensionistasBruta,Pessoal Inativo e Pensionistas,<MR-1>,227388614.43,4059905,Paraíba
2022,2,PB,RGF-Anexo 01,DespesaComPessoalInativoEPensionistasBruta,Pessoal Inativo e Pensionistas,<MR>,227884223.45,4059905,Paraíba
2022,2,PB,RGF-Anexo 01,DespesaComPessoalInativoEPensionistasBruta,Pessoal Inativo e Pensionistas,TOTAL (ÚLTIMOS 12 MESES) (a),2471874328.69,4059905,Paraíba
2022,2,PB,RGF-Anexo 01,DespesaComPessoalLiquida,DESPESA LÍQUIDA COM PESSOAL (III) = (I - II),<MR-11>,513568112.79,4059905,Paraíba
2022,2,PB,RGF-Anexo 01,DespesaComPessoalLiquida,DESPESA LÍQUIDA COM PESSOAL (III) = (I - II),<MR-10>,503368361.77,4059905,Paraíba
2022,2,PB,RGF-Anexo 01,DespesaComPessoalLiquida,DESPESA LÍQUIDA COM PESSOAL (III) = (I - II),<MR-9>,555928316.42,4059905,Paraíba
2022,2,PB,RGF-Anexo 01,DespesaComPessoalLiquida,DESPESA LÍQUIDA COM PESSOAL (III) = (I - II),<MR-8>,492653537.3,4059905,Paraíba
2022,2,PB,RGF-Anexo 01,DespesaComPessoalLiquida,DESPESA LÍQUIDA COM PESSOAL (III) = (I - II),<MR-7>,603868655.74,4059905,Paraíba
2022,2,PB,RGF-Anexo 01,DespesaComPessoalLiquida,DESPESA LÍQUIDA COM PESSOAL (III) = (I - II),<MR-6>,580403763.04,4059905,Paraíba
2022,2,PB,RGF-Anexo 01,DespesaComPessoalLiquida,DESPESA LÍQUIDA COM PESSOAL (III) = (I - II),<MR-5>,575495684.64,4059905,Paraíba
2022,2,PB,RGF-Anexo 01,DespesaComPessoalLiquida,DESPESA LÍQUIDA COM PESSOAL (III) = (I - II),<MR-4>,594784001.73,4059905,Paraíba
2022,2,PB,RGF-Anexo 01,DespesaComPessoalLiquida,DESPESA LÍQUIDA COM PESSOAL (III) = (I - II),<MR-3>,570704130.14,4059905,Paraíba
2022,2,PB,RGF-Anexo 01,DespesaComPessoalLiquida,DESPESA LÍQUIDA COM PESSOAL (III) = (I - II),<MR-2>,542978614.25,4059905,Paraíba
2022,2,PB,RGF-Anexo 01,DespesaComPessoalLiquida,DESPESA LÍQUIDA COM PESSOAL (III) = (I - II),<MR-1>,605560453.39,4059905,Paraíba
2022,2,PB,RGF-Anexo 01,DespesaComPessoalLiquida,DESPESA LÍQUIDA COM PESSOAL (III) = (I - II),<MR>,623887170.55,4059905,Paraíba
2022,2,PB,RGF-Anexo 01,DespesaComPessoalLiquida,DESPESA LÍQUIDA COM PESSOAL (III) = (I - II),TOTAL (ÚLTIMOS 12 MESES) (a),6763200801.76,4059905,Paraíba
2022,2,PB,RGF-Anexo 01,ReceitaCorrenteLiquidaLimiteLegal,RECEITA CORRENTE LIQUIDA - RCL (IV),Valor,14996341685.11,4059905,Paraíba
2022,2,PB,RGF-Anexo 01,DespesaComPessoalTotal,DESPESA TOTAL COM PESSOAL - DTP (VIII) = (IIIa + IIIb),Valor,6763200801.76,4059905,Paraíba
2022,2,PB,RGF-Anexo 01,DespesaComPessoalTotal,DESPESA TOTAL COM PESSOAL - DTP (VIII) = (IIIa + IIIb),% sobre a RCL Ajustada,45.12,4059905,Paraíba
2022,2,PB,RGF-Anexo 02,DividaConsolidada,DÍVIDA CONSOLIDADA - DC (I),SALDO DO EXERCÍCIO ANTERIOR,5133404404.5,4059905,Paraíba
2022,2,PB,RGF-Anexo 02,DividaConsolidada,DÍVIDA CONSOLIDADA - DC (I),Até o 1º Quadrimestre,4940368651.64,4059905,Paraíba
2022,2,PB,RGF-Anexo 02,DividaConsolidada,DÍVIDA CONSOLIDADA - DC (I),Até o 2º Quadrimestre,4880907632.02,4059905,Paraíba
2022,2,PB,RGF-Anexo 02,DividaContratual,Dívida Contratual,SALDO DO EXERCÍCIO ANTERIOR,2723594476.19,4059905,Paraíba
2022,2,PB,RGF-Anexo 02,DividaContratual,Dívida Contratual,Até o 1º Quadrimestre,2565590429.36,4059905,Paraíba
2022,2,PB,RGF-Anexo 02,DividaContratual,Dívida Contratual,Até o 2º Quadrimestre,2656951619.12,4059905,Paraíba
2022,2,PB,RGF-Anexo 02,DividaConsolidadaLiquida,DÍVIDA CONSOLIDADA LÍQUIDA (DCL) (III) = (I - II),SALDO DO EXERCÍCIO ANTERIOR,-400261759.07,4059905,Paraíba
2022,2,PB,RGF-Anexo 02,DividaConsolidadaLiquida,DÍVIDA CONSOLIDADA LÍQUIDA (DCL) (III) = (I - II),Até o 1º Quadrimestre,-1400036867.42,4059905,Paraíba
2022,2,PB,RGF-Anexo 02,DividaConsolidadaLiquida,DÍVIDA CONSOLIDADA LÍQUIDA (DCL) (III) = (I - II),Até o 2º Quadrimestre,-1955244088.51,4059905,Paraíba
2022,3,PB,RGF-Anexo 01,DespesaComPessoalBruta,DESPESA BRUTA COM PESSOAL (I),<MR-11>,678658082.1,4059905,Paraíba
2022,3,PB,RGF-Anexo 01,DespesaComPessoalBruta,DESPESA BRUTA COM PESSOAL (I),<MR-10>,648162787.08,4059905,Paraíba
2022,3,PB,RGF-Anexo 01,DespesaComPessoalBruta,DESPESA BRUTA COM PESSOAL (I),<MR-9>,643830260.03,4059905,Paraíba
2022,3,PB,RGF-Anexo 01,DespesaComPessoalBruta,DESPESA BRUTA COM PESSOAL (I),<MR-8>,665004333.38,4059905,Paraíba
2022,3,PB,RGF-Anexo 01,DespesaComPessoalBruta,DESPESA BRUTA COM PESSOAL (I),<MR-7>,640941926.28,4059905,Paraíba
2022,3,PB,RGF-Anexo 01,DespesaComPessoalBruta,DESPESA BRUTA COM PESSOAL (I),<MR-6>,609194840.77,4059905,Paraíba
2022,3,PB,RGF-Anexo 01,DespesaComPessoalBruta,DESPESA BRUTA COM PESSOAL (I),<MR-5>,677111672.46,4059905,Paraíba
2022,3,PB,RGF-Anexo 01,DespesaComPessoalBruta,DESPESA BRUTA COM PESSOAL (I),<MR-4>,695283142.94,4059905,Paraíba
2022,3,PB,RGF-Anexo 01,DespesaComPessoalBruta,DESPESA BRUTA COM PESSOAL (I),<MR-3>,683706706.97,4059905,Paraíba
2022,3,PB,RGF-Anexo 01,DespesaComPessoalBruta,DESPESA BRUTA COM PESSOAL (I),<MR-2>,668577426.82,4059905,Paraíba
2022,3,PB,RGF-Anexo 01,DespesaComPessoalBruta,DESPESA BRUTA COM PESSOAL (I),<MR-1>,684064361.82,4059905,Paraíba
2022,3,PB,RGF-Anexo 01,DespesaComPessoalBruta,DESPESA BRUTA COM PESSOAL (I),<MR>,805176227.09,4059905,Paraíba
2022,3,PB,RGF-Anexo 01,DespesaComPessoalBruta,DESPESA BRUTA COM PESSOAL (I),TOTAL (ÚLTIMOS 12 MESES) (a),8099711767.74,4059905,Paraíba
2022,3,PB,RGF-Anexo 01,DespesaComPessoalAtivoBruta,Pessoal Ativo,<MR-11>,468084950.35,4059905,Paraíba
2022,3,PB,RGF-Anexo 01,DespesaComPessoalAtivoBruta,Pessoal Ativo,<MR-10>,434692469.81,4059905,Paraíba
2022,3,PB,RGF-Anexo 01,DespesaComPessoalAtivoBruta,Pessoal Ativo,<MR-9>,428201727.75,4059905,Paraíba
2022,3,PB,RGF-Anexo 01,DespesaComPessoalAtivoBruta,Pessoal Ativo,<MR-8>,448389898.16,4059905,Paraíba
2022,3,PB,RGF-Anexo 01,DespesaComPessoalAtivoBruta,Pessoal Ativo,<MR-7>,424835789.04,4059905,Paraíba
2022,3,PB,RGF-Anexo 01,DespesaComPessoalAtivoBruta,Pessoal Ativo,<MR-6>,397507332.43,4059905,Paraíba
2022,3,PB,RGF-Anexo 01,DespesaComPessoalAtivoBruta,Pessoal Ativo,<MR-5>,449723058.03,4059905,Paraíba
2022,3,PB,RGF-Anexo 01,DespesaComPessoalAtivoBruta,Pessoal Ativo,<MR-4>,467398919.49,4059905,Paraíba
2022,3,PB,RGF-Anexo 01,DespesaComPessoalAtivoBruta,Pessoal Ativo,<MR-3>,453957595.24,4059905,Paraíba
2022,3,PB,RGF-Anexo 01,DespesaComPessoalAtivoBruta,Pessoal Ativo,<MR-2>,459475504.4,4059905,Paraíba
2022,3,PB,RGF-Anexo 01,DespesaComPessoalAtivoBruta,Pessoal Ativo,<MR-1>,459455859.23,4059905,Paraíba
2022,3,PB,RGF-Anexo 01,DespesaComPessoalAtivoBruta,Pessoal Ativo,<MR>,557797232.82,4059905,Paraíba
2022,3,PB,RGF-Anexo 01,DespesaComPessoalAtivoBruta,Pessoal Ativo,TOTAL (ÚLTIMOS 12 MESES) (a),5449520336.75,4059905,Paraíba
2022,3,PB,RGF-Anexo 01,DespesaComPessoalInativoEPensionistasBruta,Pessoal Inativo e Pensionistas,<MR-11>,210573131.75,4059905,Paraíba
2022,3,PB,RGF-Anexo 01,DespesaComPessoalInativoEPensionistasBruta,Pessoal Inativo e Pensionistas,<MR-10>,213470317.27,4059905,Paraíba
2022,3,PB,RGF-Anexo 01,DespesaComPessoalInativoEPensionistasBruta,Pessoal Inativo e Pensionistas,<MR-9>,215628532.28,4059905,Paraíba
2022,3,PB,RGF-Anexo 01,DespesaComPessoalInativoEPensionistasBruta,Pessoal Inativo e Pensionistas,<MR-8>,216614435.22,4059905,Paraíba
2022,3,PB,RGF-Anexo 01,DespesaComPessoalInativoEPensionistasBruta,Pessoal Inativo e Pensionistas,<MR-7>,216106137.24,4059905,Paraíba
2022,3,PB,RGF-Anexo 01,DespesaComPessoalInativoEPensionistasBruta,Pessoal Inativo e Pensionistas,<MR-6>,211687508.34,4059905,Paraíba
2022,3,PB,RGF-Anexo 01,DespesaComPessoalInativoEPensionistasBruta,Pessoal Inativo e Pensionistas,<MR-5>,227388614.43,4059905,Paraíba
2022,3,PB,RGF-Anexo 01,DespesaComPessoalInativoEPensionistasBruta,Pessoal Inativo e Pensionistas,<MR-4>,227884223.45,4059905,Paraíba
2022,3,PB,RGF-Anexo 01,DespesaComPessoalInativoEPensionistasBruta,Pessoal Inativo e Pensionistas,<MR-3>,229749111.73,4059905,Paraíba
2022,3,PB,RGF-Anexo 01,DespesaComPessoalInativoEPensionistasBruta,Pessoal Inativo e Pensionistas,<MR-2>,209101922.42,4059905,Paraíba
2022,3,PB,RGF-Anexo 01,DespesaComPessoalInativoEPensionistasBruta,Pessoal Inativo e Pensionistas,<MR-1>,224608502.59,4059905,Paraíba
2022,3,PB,RGF-Anexo 01,DespesaComPessoalInativoEPensionistasBruta,Pessoal Inativo e Pensionistas,<MR>,247378994.27,4059905,Paraíba
2022,3,PB,RGF-Anexo 01,DespesaComPessoalInativoEPensionistasBruta,Pessoal Inativo e Pensionistas,TOTAL (ÚLTIMOS 12 MESES) (a),2650191430.99,4059905,Paraíba
2022,3,PB,RGF-Anexo 01,DespesaComPessoalLiquida,DESPESA LÍQUIDA COM PESSOAL (III) = (I - II),<MR-11>,603868655.74,4059905,Paraíba
2022,3,PB,RGF-Anexo 01,DespesaComPessoalLiquida,DESPESA LÍQUIDA COM PESSOAL (III) = (I - II),<MR-10>,580403763.04,4059905,Paraíba
2022,3,PB,RGF-Anexo 01,DespesaComPessoalLiquida,DESPESA LÍQUIDA COM PESSOAL (III) = (I - II),<MR-9>,575495684.64,4059905,Paraíba
2022,3,PB,RGF-Anexo 01,DespesaComPessoalLiquida,DESPESA LÍQUIDA COM PESSOAL (III) = (I - II),<MR-8>,594784001.73,4059905,Paraíba
2022,3,PB,RGF-Anexo 01,DespesaComPessoalLiquida,DESPESA LÍQUIDA COM PESSOAL (III) = (I - II),<MR-7>,570704130.14,4059905,Paraíba
2022,3,PB,RGF-Anexo 01,DespesaComPessoalLiquida,DESPESA LÍQUIDA COM PESSOAL (III) = (I - II),<MR-6>,542978614.25,4059905,Paraíba
2022,3,PB,RGF-Anexo 01,DespesaComPessoalLiquida,DESPESA LÍQUIDA COM PESSOAL (III) = (I - II),<MR-5>,605560453.39,4059905,Paraíba
2022,3,PB,RGF-Anexo 01,DespesaComPessoalLiquida,DESPESA LÍQUIDA COM PESSOAL (III) = (I - II),<MR-4>,623887170.55,4059905,Paraíba
2022,3,PB,RGF-Anexo 01,DespesaComPessoalLiquida,DESPESA LÍQUIDA COM PESSOAL (III) = (I - II),<MR-3>,590168594.07,4059905,Paraíba
2022,3,PB,RGF-Anexo 01,DespesaComPessoalLiquida,DESPESA LÍQUIDA COM PESSOAL (III) = (I - II),<MR-2>,591847100.89,4059905,Paraíba
2022,3,PB,RGF-Anexo 01,DespesaComPessoalLiquida,DESPESA LÍQUIDA COM PESSOAL (III) = (I - II),<MR-1>,611449119.52,4059905,Paraíba
2022,3,PB,RGF-Anexo 01,DespesaComPessoalLiquida,DESPESA LÍQUIDA COM PESSOAL (III) = (I - II),<MR>,651771753.77,4059905,Paraíba
2022,3,PB,RGF-Anexo 01,DespesaComPessoalLiquida,DESPESA LÍQUIDA COM PESSOAL (III) = (I - II),TOTAL (ÚLTIMOS 12 MESES) (a),7142919041.73,4059905,Paraíba
2022,3,PB,RGF-Anexo 01,ReceitaCorrenteLiquidaLimiteLegal,RECEITA CORRENTE LIQUIDA - RCL (IV),Valor,15758982577.21,4059905,Paraíba
2022,3,PB,RGF-Anexo 01,DespesaComPessoalTotal,DESPESA TOTAL COM PESSOAL - DTP (VIII) = (IIIa + IIIb),Valor,7142919041.73,4059905,Paraíba
2022,3,PB,RGF-Anexo 01,DespesaComPessoalTotal,DESPESA TOTAL COM PESSOAL - DTP (VIII) = (IIIa + IIIb),% sobre a RCL Ajustada,45.33,4059905,Paraíba
2022,3,PB,RGF-Anexo 02,DividaConsolidada,DÍVIDA CONSOLIDADA - DC (I),SALDO DO EXERCÍCIO ANTERIOR,5133404404.5,4059905,Paraíba
2022,3,PB,RGF-Anexo 02,DividaConsolidada,DÍVIDA CONSOLIDADA - DC (I),Até o 1º Quadrimestre,4940368651.64,4059905,Paraíba
2022,3,PB,RGF-Anexo 02,DividaConsolidada,DÍVIDA CONSOLIDADA - DC (I),Até o 2º Quadrimestre,4880907632.02,4059905,Paraíba
2022,3,PB,RGF-Anexo 02,DividaConsolidada,DÍVIDA CONSOLIDADA - DC (I),Até o 3º Quadrimestre,5319107864.73,4059905,Paraíba
2022,3,PB,RGF-Anexo 02,DividaContratual,Dívida Contratual,SALDO DO EXERCÍCIO ANTERIOR,2723594476.19,4059905,Paraíba
2022,3,PB,RGF-Anexo 02,DividaContratual,Dívida Contratual,Até o 1º Quadrimestre,2565590429.36,4059905,Paraíba
2022,3,PB,RGF-Anexo 02,DividaContratual,Dívida Contratual,Até o 2º Quadrimestre,2656951619.12,4059905,Paraíba
2022,3,PB,RGF-Anexo 02,DividaContratual,Dívida Contratual,Até o 3º Quadrimestre,2790522592.37,4059905,Paraíba
2022,3,PB,RGF-Anexo 02,DividaConsolidadaLiquida,DÍVIDA CONSOLIDADA LÍQUIDA (DCL) (III) = (I - II),SALDO DO EXERCÍCIO ANTERIOR,-400261759.07,4059905,Paraíba
2022,3,PB,RGF-Anexo 02,DividaConsolidadaLiquida,DÍVIDA CONSOLIDADA LÍQUIDA (DCL) (III) = (I - II),Até o 1º Quadrimestre,-1400036867.42,4059905,Paraíba
2022,3,PB,RGF-Anexo 02,DividaConsolidadaLiquida,DÍVIDA CONSOLIDADA LÍQUIDA (DCL) (III) = (I - II),Até o 2º Quadrimestre,-1955244088.51,4059905,Paraíba
2022,3,PB,RGF-Anexo 02,DividaConsolidadaLiquida,DÍVIDA CONSOLIDADA LÍQUIDA (DCL) (III) = (I - II),Até o 3º Quadrimestre,-974981251.99,4059905,Paraíba
2023,1,PB,RGF-Anexo 01,DespesaComPessoalBruta,DESPESA BRUTA COM PESSOAL (I),<MR-11>,640941926.28,4059905,Paraíba
2023,1,PB,RGF-Anexo 01,DespesaComPessoalBruta,DESPESA BRUTA COM PESSOAL (I),<MR-10>,609194840.77,4059905,Paraíba
2023,1,PB,RGF-Anexo 01,DespesaComPessoalBruta,DESPESA BRUTA COM PESSOAL (I),<MR-9>,677111672.46,4059905,Paraíba
2023,1,PB,RGF-Anexo 01,DespesaComPessoalBruta,DESPESA BRUTA COM PESSOAL (I),<MR-8>,695283142.94,4059905,Paraíba
2023,1,PB,RGF-Anexo 01,DespesaComPessoalBruta,DESPESA BRUTA COM PESSOAL (I),<MR-7>,683706706.97,4059905,Paraíba
2023,1,PB,RGF-Anexo 01,DespesaComPessoalBruta,DESPESA BRUTA COM PESSOAL (I),<MR-6>,668577426.82,4059905,Paraíba
2023,1,PB,RGF-Anexo 01,DespesaComPessoalBruta,DESPESA BRUTA COM PESSOAL (I),<MR-5>,684064361.82,4059905,Paraíba
2023,1,PB,RGF-Anexo 01,DespesaComPessoalBruta,DESPESA BRUTA COM PESSOAL (I),<MR-4>,805176227.09,4059905,Paraíba
2023,1,PB,RGF-Anexo 01,DespesaComPessoalBruta,DESPESA BRUTA COM PESSOAL (I),<MR-3>,715543540.55,4059905,Paraíba
2023,1,PB,RGF-Anexo 01,DespesaComPessoalBruta,DESPESA BRUTA COM PESSOAL (I),<MR-2>,726952097.0,4059905,Paraíba
2023,1,PB,RGF-Anexo 01,DespesaComPessoalBruta,DESPESA BRUTA COM PESSOAL (I),<MR-1>,715731530.7,4059905,Paraíba
2023,1,PB,RGF-Anexo 01,DespesaComPessoalBruta,DESPESA BRUTA COM PESSOAL (I),<MR>,718924338.6,4059905,Paraíba
2023,1,PB,RGF-Anexo 01,DespesaComPessoalBruta,DESPESA BRUTA COM PESSOAL (I),TOTAL (ÚLTIMOS 12 MESES) (a),8341207812.0,4059905,Paraíba
2023,1,PB,RGF-Anexo 01,DespesaComPessoalAtivoBruta,Pessoal Ativo,<MR-11>,424835789.04,4059905,Paraíba
2023,1,PB,RGF-Anexo 01,DespesaComPessoalAtivoBruta,Pessoal Ativo,<MR-10>,397507332.43,4059905,Paraíba
2023,1,PB,RGF-Anexo 01,DespesaComPessoalAtivoBruta,Pessoal Ativo,<MR-9>,449723058.03,4059905,Paraíba
2023,1,PB,RGF-Anexo 01,DespesaComPessoalAtivoBruta,Pessoal Ativo,<MR-8>,467398919.49,4059905,Paraíba
2023,1,PB,RGF-Anexo 01,DespesaComPessoalAtivoBruta,Pessoal Ativo,<MR-7>,453957595.24,4059905,Paraíba
2023,1,PB,RGF-Anexo 01,DespesaComPessoalAtivoBruta,Pessoal Ativo,<MR-6>,459475504.4,4059905,Paraíba
2023,1,PB,RGF-Anexo 01,DespesaComPessoalAtivoBruta,Pessoal Ativo,<MR-5>,459455859.23,4059905,Paraíba
2023,1,PB,RGF-Anexo 01,DespesaComPessoalAtivoBruta,Pessoal Ativo,<MR-4>,557797232.82,4059905,Paraíba
2023,1,PB,RGF-Anexo 01,DespesaComPessoalAtivoBruta,Pessoal Ativo,<MR-3>,477279225.27,4059905,Paraíba
2023,1,PB,RGF-Anexo 01,DespesaComPessoalAtivoBruta,Pessoal Ativo,<MR-2>,486445639.62,4059905,Paraíba
2023,1,PB,RGF-Anexo 01,DespesaComPessoalAtivoBruta,Pessoal Ativo,<MR-1>,475564713.61,4059905,Paraíba
2023,1,PB,RGF-Anexo 01,DespesaComPessoalAtivoBruta,Pessoal Ativo,<MR>,478320407.6,4059905,Paraíba
2023,1,PB,RGF-Anexo 01,DespesaComPessoalAtivoBruta,Pessoal Ativo,TOTAL (ÚLTIMOS 12 MESES) (a),5587761276.78,4059905,Paraíba
2023,1,PB,RGF-Anexo 01,DespesaComPessoalInativoEPensionistasBruta,Pessoal Inativo e Pensionistas,<MR-11>,216106137.24,4059905,Paraíba
2023,1,PB,RGF-Anexo 01,DespesaComPessoalInativoEPensionistasBruta,Pessoal Inativo e Pensionistas,<MR-10>,211687508.34,4059905,Paraíba
2023,1,PB,RGF-Anexo 01,DespesaComPessoalInativoEPensionistasBruta,Pessoal Inativo e Pensionistas,<MR-9>,227388614.43,4059905,Paraíba
2023,1,PB,RGF-Anexo 01,DespesaComPessoalInativoEPensionistasBruta,Pessoal Inativo e Pensionistas,<MR-8>,227884223.45,4059905,Paraíba
2023,1,PB,RGF-Anexo 01,DespesaComPessoalInativoEPensionistasBruta,Pessoal Inativo e Pensionistas,<MR-7>,229749111.73,4059905,Paraíba
2023,1,PB,RGF-Anexo 01,DespesaComPessoalInativoEPensionistasBruta,Pessoal Inativo e Pensionistas,<MR-6>,209101922.42,4059905,Paraíba
2023,1,PB,RGF-Anexo 01,DespesaComPessoalInativoEPensionistasBruta,Pessoal Inativo e Pensionistas,<MR-5>,224608502.59,4059905,Paraíba
2023,1,PB,RGF-Anexo 01,DespesaComPessoalInativoEPensionistasBruta,Pessoal Inativo e Pensionistas,<MR-4>,247378994.27,4059905,Paraíba
2023,1,PB,RGF-Anexo 01,DespesaComPessoalInativoEPensionistasBruta,Pessoal Inativo e Pensionistas,<MR-3>,238264315.28,4059905,Paraíba
2023,1,PB,RGF-Anexo 01,DespesaComPessoalInativoEPensionistasBruta,Pessoal Inativo e Pensionistas,<MR-2>,240506457.38,4059905,Paraíba
2023,1,PB,RGF-Anexo 01,DespesaComPessoalInativoEPensionistasBruta,Pessoal Inativo e Pensionistas,<MR-1>,240166817.09,4059905,Paraíba
2023,1,PB,RGF-Anexo 01,DespesaComPessoalInativoEPensionistasBruta,Pessoal Inativo e Pensionistas,<MR>,240603931.0,4059905,Paraíba
2023,1,PB,RGF-Anexo 01,DespesaComPessoalInativoEPensionistasBruta,Pessoal Inativo e Pensionistas,TOTAL (ÚLTIMOS 12 MESES) (a),2753446535.22,4059905,Paraíba
2023,1,PB,RGF-Anexo 01,DespesaComPessoalLiquida,DESPESA LÍQUIDA COM PESSOAL (III) = (I - II),<MR-11>,570704130.14,4059905,Paraíba
2023,1,PB,RGF-Anexo 01,DespesaComPessoalLiquida,DESPESA LÍQUIDA COM PESSOAL (III) = (I - II),<MR-10>,542978614.25,4059905,Paraíba
2023,1,PB,RGF-Anexo 01,DespesaComPessoalLiquida,DESPESA LÍQUIDA COM PESSOAL (III) = (I - II),<MR-9>,605560453.39,4059905,Paraíba
2023,1,PB,RGF-Anexo 01,DespesaComPessoalLiquida,DESPESA LÍQUIDA COM PESSOAL (III) = (I - II),<MR-8>,623887170.55,4059905,Paraíba
2023,1,PB,RGF-Anexo 01,DespesaComPessoalLiquida,DESPESA LÍQUIDA COM PESSOAL (III) = (I - II),<MR-7>,590168594.07,4059905,Paraíba
2023,1,PB,RGF-Anexo 01,DespesaComPessoalLiquida,DESPESA LÍQUIDA COM PESSOAL (III) = (I - II),<MR-6>,591847100.89,4059905,Paraíba
2023,1,PB,RGF-Anexo 01,DespesaComPessoalLiquida,DESPESA LÍQUIDA COM PESSOAL (III) = (I - II),<MR-5>,611449119.52,4059905,Paraíba
2023,1,PB,RGF-Anexo 01,DespesaComPessoalLiquida,DESPESA LÍQUIDA COM PESSOAL (III) = (I - II),<MR-4>,651771753.77,4059905,Paraíba
2023,1,PB,RGF-Anexo 01,DespesaComPessoalLiquida,DESPESA LÍQUIDA COM PESSOAL (III) = (I - II),<MR-3>,635960885.22,4059905,Paraíba
2023,1,PB,RGF-Anexo 01,DespesaComPessoalLiquida,DESPESA LÍQUIDA COM PESSOAL (III) = (I - II),<MR-2>,650022554.19,4059905,Paraíba
2023,1,PB,RGF-Anexo 01,DespesaComPessoalLiquida,DESPESA LÍQUIDA COM PESSOAL (III) = (I - II),<MR-1>,637834274.76,4059905,Paraíba
2023,1,PB,RGF-Anexo 01,DespesaComPessoalLiquida,DESPESA LÍQUIDA COM PESSOAL (III) = (I - II),<MR>,650094703.83,4059905,Paraíba
2023,1,PB,RGF-Anexo 01,DespesaComPessoalLiquida,DESPESA LÍQUIDA COM PESSOAL (III) = (I - II),TOTAL (ÚLTIMOS 12 MESES) (a),7362279354.58,4059905,Paraíba
2023,1,PB,RGF-Anexo 01,ReceitaCorrenteLiquidaLimiteLegal,RECEITA CORRENTE LIQUIDA - RCL (IV),Valor,16050712383.03,4059905,Paraíba
2023,1,PB,RGF-Anexo 01,DespesaComPessoalTotal,DESPESA TOTAL COM PESSOAL - DTP (VIII) = (IIIa + IIIb),Valor,7362279354.58,4059905,Paraíba
2023,1,PB,RGF-Anexo 01,DespesaComPessoalTotal,DESPESA TOTAL COM PESSOAL - DTP (VIII) = (IIIa + IIIb),% sobre a RCL Ajustada,45.88,4059905,Paraíba
2023,1,PB,RGF-Anexo 02,DividaConsolidada,DÍVIDA CONSOLIDADA - DC (I),SALDO DO EXERCÍCIO ANTERIOR,5319107864.73,4059905,Paraíba
2023,1,PB,RGF-Anexo 02,DividaConsolidada,DÍVIDA CONSOLIDADA - DC (I),Até o 1º Quadrimestre,5227989277.26,4059905,Paraíba
2023,1,PB,RGF-Anexo 02,DividaContratual,Dívida Contratual,SALDO DO EXERCÍCIO ANTERIOR,2790522592.37,4059905,Paraíba
2023,1,PB,RGF-Anexo 02,DividaContratual,Dívida Contratual,Até o 1º Quadrimestre,2720220057.16,4059905,Paraíba
2023,1,PB,RGF-Anexo 02,DividaConsolidadaLiquida,DÍVIDA CONSOLIDADA LÍQUIDA (DCL) (III) = (I - II),SALDO DO EXERCÍCIO ANTERIOR,-974981251.99,4059905,Paraíba
2023,1,PB,RGF-Anexo 02,DividaConsolidadaLiquida,DÍVIDA CONSOLIDADA LÍQUIDA (DCL) (III) = (I - II),Até o 1º Quadrimestre,-2210464885.99,4059905,Paraíba
2023,2,PB,RGF-Anexo 01,DespesaComPessoalBruta,DESPESA BRUTA COM PESSOAL (I),<MR-11>,683706706.97,4059905,Paraíba
2023,2,PB,RGF-Anexo 01,DespesaComPessoalBruta,DESPESA BRUTA COM PESSOAL (I),<MR-10>,668577426.82,4059905,Paraíba
2023,2,PB,RGF-Anexo 01,DespesaComPessoalBruta,DESPESA BRUTA COM PESSOAL (I),<MR-9>,684064361.82,4059905,Paraíba
2023,2,PB,RGF-Anexo 01,DespesaComPessoalBruta,DESPESA BRUTA COM PESSOAL (I),<MR-8>,805176227.09,4059905,Paraíba
2023,2,PB,RGF-Anexo 01,DespesaComPessoalBruta,DESPESA BRUTA COM PESSOAL (I),<MR-7>,715543540.55,4059905,Paraíba
2023,2,PB,RGF-Anexo 01,DespesaComPessoalBruta,DESPESA BRUTA COM PESSOAL (I),<MR-6>,726952097.0,4059905,Paraíba
2023,2,PB,RGF-Anexo 01,DespesaComPessoalBruta,DESPESA BRUTA COM PESSOAL (I),<MR-5>,715731530.7,4059905,Paraíba
2023,2,PB,RGF-Anexo 01,DespesaComPessoalBruta,DESPESA BRUTA COM PESSOAL (I),<MR-4>,718924338.6,4059905,Paraíba
2023,2,PB,RGF-Anexo 01,DespesaComPessoalBruta,DESPESA BRUTA COM PESSOAL (I),<MR-3>,722234825.63,4059905,Paraíba
2023,2,PB,RGF-Anexo 01,DespesaComPessoalBruta,DESPESA BRUTA COM PESSOAL (I),<MR-2>,693290771.7,4059905,Paraíba
2023,2,PB,RGF-Anexo 01,DespesaComPessoalBruta,DESPESA BRUTA COM PESSOAL (I),<MR-1>,740551981.08,4059905,Paraíba
2023,2,PB,RGF-Anexo 01,DespesaComPessoalBruta,DESPESA BRUTA COM PESSOAL (I),<MR>,757817070.84,4059905,Paraíba
2023,2,PB,RGF-Anexo 01,DespesaComPessoalBruta,DESPESA BRUTA COM PESSOAL (I),TOTAL (ÚLTIMOS 12 MESES) (a),8632570878.8,4059905,Paraíba
2023,2,PB,RGF-Anexo 01,DespesaComPessoalAtivoBruta,Pessoal Ativo,<MR-11>,453957595.24,4059905,Paraíba
2023,2,PB,RGF-Anexo 01,DespesaComPessoalAtivoBruta,Pessoal Ativo,<MR-10>,459475504.4,4059905,Paraíba
2023,2,PB,RGF-Anexo 01,DespesaComPessoalAtivoBruta,Pessoal Ativo,<MR-9>,459455859.23,4059905,Paraíba
2023,2,PB,RGF-Anexo 01,DespesaComPessoalAtivoBruta,Pessoal Ativo,<MR-8>,557797232.82,4059905,Paraíba
2023,2,PB,RGF-Anexo 01,DespesaComPessoalAtivoBruta,Pessoal Ativo,<MR-7>,477279225.27,4059905,Paraíba
2023,2,PB,RGF-Anexo 01,DespesaComPessoalAtivoBruta,Pessoal Ativo,<MR-6>,486445639.62,4059905,Paraíba
2023,2,PB,RGF-Anexo 01,DespesaComPessoalAtivoBruta,Pessoal Ativo,<MR-5>,475564713.61,4059905,Paraíba
2023,2,PB,RGF-Anexo 01,DespesaComPessoalAtivoBruta,Pessoal Ativo,<MR-4>,478320407.6,4059905,Paraíba
2023,2,PB,RGF-Anexo 01,DespesaComPessoalAtivoBruta,Pessoal Ativo,<MR-3>,480763671.76,4059905,Paraíba
2023,2,PB,RGF-Anexo 01,DespesaComPessoalAtivoBruta,Pessoal Ativo,<MR-2>,461038781.06,4059905,Paraíba
2023,2,PB,RGF-Anexo 01,DespesaComPessoalAtivoBruta,Pessoal Ativo,<MR-1>,496192548.15,4059905,Paraíba
2023,2,PB,RGF-Anexo 01,DespesaComPessoalAtivoBruta,Pessoal Ativo,<MR>,513260788.09,4059905,Paraíba
2023,2,PB,RGF-Anexo 01,DespesaComPessoalAtivoBruta,Pessoal Ativo,TOTAL (ÚLTIMOS 12 MESES) (a),5799551966.85,4059905,Paraíba
2023,2,PB,RGF-Anexo 01,DespesaComPessoalInativoEPensionistasBruta,Pessoal Inativo e Pensionistas,<MR-11>,229749111.73,4059905,Paraíba
2023,2,PB,RGF-Anexo 01,DespesaComPessoalInativoEPensionistasBruta,Pessoal Inativo e Pensionistas,<MR-10>,209101922.42,4059905,Paraíba
2023,2,PB,RGF-Anexo 01,DespesaComPessoalInativoEPensionistasBruta,Pessoal Inativo e Pensionistas,<MR-9>,224608502.59,4059905,Paraíba
2023,2,PB,RGF-Anexo 01,DespesaComPessoalInativoEPensionistasBruta,Pessoal Inativo e Pensionistas,<MR-8>,247378994.27,4059905,Paraíba
2023,2,PB,RGF-Anexo 01,DespesaComPessoalInativoEPensionistasBruta,Pessoal Inativo e Pensionistas,<MR-7>,238264315.28,4059905,Paraíba
2023,2,PB,RGF-Anexo 01,DespesaComPessoalInativoEPensionistasBruta,Pessoal Inativo e Pensionistas,<MR-6>,240506457.38,4059905,Paraíba
2023,2,PB,RGF-Anexo 01,DespesaComPessoalInativoEPensionistasBruta,Pessoal Inativo e Pensionistas,<MR-5>,240166817.09,4059905,Paraíba
2023,2,PB,RGF-Anexo 01,DespesaComPessoalInativoEPensionistasBruta,Pessoal Inativo e Pensionistas,<MR-4>,240603931.0,4059905,Paraíba
2023,2,PB,RGF-Anexo 01,DespesaComPessoalInativoEPensionistasBruta,Pessoal Inativo e Pensionistas,<MR-3>,241471153.87,4059905,Paraíba
2023,2,PB,RGF-Anexo 01,DespesaComPessoalInativoEPensionistasBruta,Pessoal Inativo e Pensionistas,<MR-2>,232251990.64,4059905,Paraíba
2023,2,PB,RGF-Anexo 01,DespesaComPessoalInativoEPensionistasBruta,Pessoal Inativo e Pensionistas,<MR-1>,244359432.93,4059905,Paraíba
2023,2,PB,RGF-Anexo 01,DespesaComPessoalInativoEPensionistasBruta,Pessoal Inativo e Pensionistas,<MR>,244556282.75,4059905,Paraíba
2023,2,PB,RGF-Anexo 01,DespesaComPessoalInativoEPensionistasBruta,Pessoal Inativo e Pensionistas,TOTAL (ÚLTIMOS 12 MESES) (a),2833018911.95,4059905,Paraíba
2023,2,PB,RGF-Anexo 01,DespesaComPessoalLiquida,DESPESA LÍQUIDA COM PESSOAL (III) = (I - II),<MR-11>,590168594.07,4059905,Paraíba
2023,2,PB,RGF-Anexo 01,DespesaComPessoalLiquida,DESPESA LÍQUIDA COM PESSOAL (III) = (I - II),<MR-10>,591847100.89,4059905,Paraíba
2023,2,PB,RGF-Anexo 01,DespesaComPessoalLiquida,DESPESA LÍQUIDA COM PESSOAL (III) = (I - II),<MR-9>,611449119.52,4059905,Paraíba
2023,2,PB,RGF-Anexo 01,DespesaComPessoalLiquida,DESPESA LÍQUIDA COM PESSOAL (III) = (I - II),<MR-8>,651771753.77,4059905,Paraíba
2023,2,PB,RGF-Anexo 01,DespesaComPessoalLiquida,DESPESA LÍQUIDA COM PESSOAL (III) = (I - II),<MR-7>,635960885.22,4059905,Paraíba
2023,2,PB,RGF-Anexo 01,DespesaComPessoalLiquida,DESPESA LÍQUIDA COM PESSOAL (III) = (I - II),<MR-6>,650022554.19,4059905,Paraíba
2023,2,PB,RGF-Anexo 01,DespesaComPessoalLiquida,DESPESA LÍQUIDA COM PESSOAL (III) = (I - II),<MR-5>,637834274.76,4059905,Paraíba
2023,2,PB,RGF-Anexo 01,DespesaComPessoalLiquida,DESPESA LÍQUIDA COM PESSOAL (III) = (I - II),<MR-4>,650094703.83,4059905,Paraíba
2023,2,PB,RGF-Anexo 01,DespesaComPessoalLiquida,DESPESA LÍQUIDA COM PESSOAL (III) = (I - II),<MR-3>,646982487.69,4059905,Paraíba
2023,2,PB,RGF-Anexo 01,DespesaComPessoalLiquida,DESPESA LÍQUIDA COM PESSOAL (III) = (I - II),<MR-2>,625738881.99,4059905,Paraíba
2023,2,PB,RGF-Anexo 01,DespesaComPessoalLiquida,DESPESA LÍQUIDA COM PESSOAL (III) = (I - II),<MR-1>,670222864.36,4059905,Paraíba
2023,2,PB,RGF-Anexo 01,DespesaComPessoalLiquida,DESPESA LÍQUIDA COM PESSOAL (III) = (I - II),<MR>,686196650.76,4059905,Paraíba
2023,2,PB,RGF-Anexo 01,DespesaComPessoalLiquida,DESPESA LÍQUIDA COM PESSOAL (III) = (I - II),TOTAL (ÚLTIMOS 12 MESES) (a),7648289871.05,4059905,Paraíba
2023,2,PB,RGF-Anexo 01,ReceitaCorrenteLiquidaLimiteLegal,RECEITA CORRENTE LIQUIDA - RCL (IV),Valor,16266570101.59,4059905,Paraíba
2023,2,PB,RGF-Anexo 01,DespesaComPessoalTotal,DESPESA TOTAL COM PESSOAL - DTP (VIII) = (IIIa + IIIb),Valor,7648289871.05,4059905,Paraíba
2023,2,PB,RGF-Anexo 01,DespesaComPessoalTotal,DESPESA TOTAL COM PESSOAL - DTP (VIII) = (IIIa + IIIb),% sobre a RCL Ajustada,47.02,4059905,Paraíba
2023,2,PB,RGF-Anexo 02,DividaConsolidada,DÍVIDA CONSOLIDADA - DC (I),SALDO DO EXERCÍCIO ANTERIOR,5319107864.73,4059905,Paraíba
2023,2,PB,RGF-Anexo 02,DividaConsolidada,DÍVIDA CONSOLIDADA - DC (I),Até o 1º Quadrimestre,5227989277.26,4059905,Paraíba
2023,2,PB,RGF-Anexo 02,DividaConsolidada,DÍVIDA CONSOLIDADA - DC (I),Até o 2º Quadrimestre,4959739085.4,4059905,Paraíba
2023,2,PB,RGF-Anexo 02,DividaContratual,Dívida Contratual,SALDO DO EXERCÍCIO ANTERIOR,2790522592.37,4059905,Paraíba
2023,2,PB,RGF-Anexo 02,DividaContratual,Dívida Contratual,Até o 1º Quadrimestre,2720220057.16,4059905,Paraíba
2023,2,PB,RGF-Anexo 02,DividaContratual,Dívida Contratual,Até o 2º Quadrimestre,2477758247.09,4059905,Paraíba
2023,2,PB,RGF-Anexo 02,DividaConsolidadaLiquida,DÍVIDA CONSOLIDADA LÍQUIDA (DCL) (III) = (I - II),SALDO DO EXERCÍCIO ANTERIOR,-974981251.99,4059905,Paraíba
2023,2,PB,RGF-Anexo 02,DividaConsolidadaLiquida,DÍVIDA CONSOLIDADA LÍQUIDA (DCL) (III) = (I - II),Até o 1º Quadrimestre,-2210464885.99,4059905,Paraíba
2023,2,PB,RGF-Anexo 02,DividaConsolidadaLiquida,DÍVIDA CONSOLIDADA LÍQUIDA (DCL) (III) = (I - II),Até o 2º Quadrimestre,-2610802277.42,4059905,Paraíba
2023,3,PB,RGF-Anexo 01,DespesaComPessoalBruta,DESPESA BRUTA COM PESSOAL (I),<MR-11>,715543540.55,4059905,Paraíba
2023,3,PB,RGF-Anexo 01,DespesaComPessoalBruta,DESPESA BRUTA COM PESSOAL (I),<MR-10>,726952097.0,4059905,Paraíba
2023,3,PB,RGF-Anexo 01,DespesaComPessoalBruta,DESPESA BRUTA COM PESSOAL (I),<MR-9>,715731530.7,4059905,Paraíba
2023,3,PB,RGF-Anexo 01,DespesaComPessoalBruta,DESPESA BRUTA COM PESSOAL (I),<MR-8>,718924338.6,4059905,Paraíba
2023,3,PB,RGF-Anexo 01,DespesaComPessoalBruta,DESPESA BRUTA COM PESSOAL (I),<MR-7>,722234825.63,4059905,Paraíba
2023,3,PB,RGF-Anexo 01,DespesaComPessoalBruta,DESPESA BRUTA COM PESSOAL (I),<MR-6>,693290771.7,4059905,Paraíba
2023,3,PB,RGF-Anexo 01,DespesaComPessoalBruta,DESPESA BRUTA COM PESSOAL (I),<MR-5>,740551981.08,4059905,Paraíba
2023,3,PB,RGF-Anexo 01,DespesaComPessoalBruta,DESPESA BRUTA COM PESSOAL (I),<MR-4>,757817070.84,4059905,Paraíba
2023,3,PB,RGF-Anexo 01,DespesaComPessoalBruta,DESPESA BRUTA COM PESSOAL (I),<MR-3>,769311702.91,4059905,Paraíba
2023,3,PB,RGF-Anexo 01,DespesaComPessoalBruta,DESPESA BRUTA COM PESSOAL (I),<MR-2>,643384074.57,4059905,Paraíba
2023,3,PB,RGF-Anexo 01,DespesaComPessoalBruta,DESPESA BRUTA COM PESSOAL (I),<MR-1>,909013777.11,4059905,Paraíba
2023,3,PB,RGF-Anexo 01,DespesaComPessoalBruta,DESPESA BRUTA COM PESSOAL (I),<MR>,898988928.44,4059905,Paraíba
2023,3,PB,RGF-Anexo 01,DespesaComPessoalBruta,DESPESA BRUTA COM PESSOAL (I),TOTAL (ÚLTIMOS 12 MESES) (a),9011744639.13,4059905,Paraíba
2023,3,PB,RGF-Anexo 01,DespesaComPessoalAtivoBruta,Pessoal Ativo,<MR-11>,477279225.27,4059905,Paraíba
2023,3,PB,RGF-Anexo 01,DespesaComPessoalAtivoBruta,Pessoal Ativo,<MR-10>,486445639.62,4059905,Paraíba
2023,3,PB,RGF-Anexo 01,DespesaComPessoalAtivoBruta,Pessoal Ativo,<MR-9>,475564713.61,4059905,Paraíba
2023,3,PB,RGF-Anexo 01,DespesaComPessoalAtivoBruta,Pessoal Ativo,<MR-8>,478320407.6,4059905,Paraíba
2023,3,PB,RGF-Anexo 01,DespesaComPessoalAtivoBruta,Pessoal Ativo,<MR-7>,480763671.76,4059905,Paraíba
2023,3,PB,RGF-Anexo 01,DespesaComPessoalAtivoBruta,Pessoal Ativo,<MR-6>,461038781.06,4059905,Paraíba
2023,3,PB,RGF-Anexo 01,DespesaComPessoalAtivoBruta,Pessoal Ativo,<MR-5>,496192548.15,4059905,Paraíba
2023,3,PB,RGF-Anexo 01,DespesaComPessoalAtivoBruta,Pessoal Ativo,<MR-4>,513260788.09,4059905,Paraíba
2023,3,PB,RGF-Anexo 01,DespesaComPessoalAtivoBruta,Pessoal Ativo,<MR-3>,520912107.18,4059905,Paraíba
2023,3,PB,RGF-Anexo 01,DespesaComPessoalAtivoBruta,Pessoal Ativo,<MR-2>,397229533.21,4059905,Paraíba
2023,3,PB,RGF-Anexo 01,DespesaComPessoalAtivoBruta,Pessoal Ativo,<MR-1>,665153601.39,4059905,Paraíba
2023,3,PB,RGF-Anexo 01,DespesaComPessoalAtivoBruta,Pessoal Ativo,<MR>,630012507.47,4059905,Paraíba
2023,3,PB,RGF-Anexo 01,DespesaComPessoalAtivoBruta,Pessoal Ativo,TOTAL (ÚLTIMOS 12 MESES) (a),6082173524.41,4059905,Paraíba
2023,3,PB,RGF-Anexo 01,DespesaComPessoalInativoEPensionistasBruta,Pessoal Inativo e Pensionistas,<MR-11>,238264315.28,4059905,Paraíba
2023,3,PB,RGF-Anexo 01,DespesaComPessoalInativoEPensionistasBruta,Pessoal Inativo e Pensionistas,<MR-10>,240506457.38,4059905,Paraíba
2023,3,PB,RGF-Anexo 01,DespesaComPessoalInativoEPensionistasBruta,Pessoal Inativo e Pensionistas,<MR-9>,240166817.09,4059905,Paraíba
2023,3,PB,RGF-Anexo 01,DespesaComPessoalInativoEPensionistasBruta,Pessoal Inativo e Pensionistas,<MR-8>,240603931.0,4059905,Paraíba
2023,3,PB,RGF-Anexo 01,DespesaComPessoalInativoEPensionistasBruta,Pessoal Inativo e Pensionistas,<MR-7>,241471153.87,4059905,Paraíba
2023,3,PB,RGF-Anexo 01,DespesaComPessoalInativoEPensionistasBruta,Pessoal Inativo e Pensionistas,<MR-6>,232251990.64,4059905,Paraíba
2023,3,PB,RGF-Anexo 01,DespesaComPessoalInativoEPensionistasBruta,Pessoal Inativo e Pensionistas,<MR-5>,244359432.93,4059905,Paraíba
2023,3,PB,RGF-Anexo 01,DespesaComPessoalInativoEPensionistasBruta,Pessoal Inativo e Pensionistas,<MR-4>,244556282.75,4059905,Paraíba
2023,3,PB,RGF-Anexo 01,DespesaComPessoalInativoEPensionistasBruta,Pessoal Inativo e Pensionistas,<MR-3>,248399595.73,4059905,Paraíba
2023,3,PB,RGF-Anexo 01,DespesaComPessoalInativoEPensionistasBruta,Pessoal Inativo e Pensionistas,<MR-2>,246154541.36,4059905,Paraíba
2023,3,PB,RGF-Anexo 01,DespesaComPessoalInativoEPensionistasBruta,Pessoal Inativo e Pensionistas,<MR-1>,243860175.72,4059905,Paraíba
2023,3,PB,RGF-Anexo 01,DespesaComPessoalInativoEPensionistasBruta,Pessoal Inativo e Pensionistas,<MR>,268976420.97,4059905,Paraíba
2023,3,PB,RGF-Anexo 01,DespesaComPessoalInativoEPensionistasBruta,Pessoal Inativo e Pensionistas,TOTAL (ÚLTIMOS 12 MESES) (a),2929571114.72,4059905,Paraíba
2023,3,PB,RGF-Anexo 01,DespesaComPessoalLiquida,DESPESA LÍQUIDA COM PESSOAL (III) = (I - II),<MR-11>,635960885.22,4059905,Paraíba
2023,3,PB,RGF-Anexo 01,DespesaComPessoalLiquida,DESPESA LÍQUIDA COM PESSOAL (III) = (I - II),<MR-10>,650022554.19,4059905,Paraíba
2023,3,PB,RGF-Anexo 01,DespesaComPessoalLiquida,DESPESA LÍQUIDA COM PESSOAL (III) = (I - II),<MR-9>,637834274.76,4059905,Paraíba
2023,3,PB,RGF-Anexo 01,DespesaComPessoalLiquida,DESPESA LÍQUIDA COM PESSOAL (III) = (I - II),<MR-8>,650094703.83,4059905,Paraíba
2023,3,PB,RGF-Anexo 01,DespesaComPessoalLiquida,DESPESA LÍQUIDA COM PESSOAL (III) = (I - II),<MR-7>,646982487.69,4059905,Paraíba
2023,3,PB,RGF-Anexo 01,DespesaComPessoalLiquida,DESPESA LÍQUIDA COM PESSOAL (III) = (I - II),<MR-6>,625738881.99,4059905,Paraíba
2023,3,PB,RGF-Anexo 01,DespesaComPessoalLiquida,DESPESA LÍQUIDA COM PESSOAL (III) = (I - II),<MR-5>,670222864.36,4059905,Paraíba
2023,3,PB,RGF-Anexo 01,DespesaComPessoalLiquida,DESPESA LÍQUIDA COM PESSOAL (III) = (I - II),<MR-4>,686196650.76,4059905,Paraíba
2023,3,PB,RGF-Anexo 01,DespesaComPessoalLiquida,DESPESA LÍQUIDA COM PESSOAL (III) = (I - II),<MR-3>,695214961.63,4059905,Paraíba
2023,3,PB,RGF-Anexo 01,DespesaComPessoalLiquida,DESPESA LÍQUIDA COM PESSOAL (III) = (I - II),<MR-2>,556819627.46,4059905,Paraíba
2023,3,PB,RGF-Anexo 01,DespesaComPessoalLiquida,DESPESA LÍQUIDA COM PESSOAL (III) = (I - II),<MR-1>,831652511.18,4059905,Paraíba
2023,3,PB,RGF-Anexo 01,DespesaComPessoalLiquida,DESPESA LÍQUIDA COM PESSOAL (III) = (I - II),<MR>,741923643.73,4059905,Paraíba
2023,3,PB,RGF-Anexo 01,DespesaComPessoalLiquida,DESPESA LÍQUIDA COM PESSOAL (III) = (I - II),TOTAL (ÚLTIMOS 12 MESES) (a),8028664046.8,4059905,Paraíba
2023,3,PB,RGF-Anexo 01,ReceitaCorrenteLiquidaLimiteLegal,RECEITA CORRENTE LIQUIDA - RCL (IV),Valor,16773627778.96,4059905,Paraíba
2023,3,PB,RGF-Anexo 01,DespesaComPessoalTotal,DESPESA TOTAL COM PESSOAL - DTP (VIII) = (IIIa + IIIb),Valor,8028664046.8,4059905,Paraíba
2023,3,PB,RGF-Anexo 01,DespesaComPessoalTotal,DESPESA TOTAL COM PESSOAL - DTP (VIII) = (IIIa + IIIb),% sobre a RCL Ajustada,47.88,4059905,Paraíba
2023,3,PB,RGF-Anexo 02,DividaConsolidada,DÍVIDA CONSOLIDADA - DC (I),SALDO DO EXERCÍCIO ANTERIOR,5319107864.73,4059905,Paraíba
2023,3,PB,RGF-Anexo 02,DividaConsolidada,DÍVIDA CONSOLIDADA - DC (I),Até o 1º Quadrimestre,5227989277.26,4059905,Paraíba
2023,3,PB,RGF-Anexo 02,DividaConsolidada,DÍVIDA CONSOLIDADA - DC (I),Até o 2º Quadrimestre,4959739085.4,4059905,Paraíba
2023,3,PB,RGF-Anexo 02,DividaConsolidada,DÍVIDA CONSOLIDADA - DC (I),Até o 3º Quadrimestre,6975989178.85,4059905,Paraíba
2023,3,PB,RGF-Anexo 02,DividaContratual,Dívida Contratual,SALDO DO EXERCÍCIO ANTERIOR,2790522592.37,4059905,Paraíba
2023,3,PB,RGF-Anexo 02,DividaContratual,Dívida Contratual,Até o 1º Quadrimestre,2720220057.16,4059905,Paraíba
2023,3,PB,RGF-Anexo 02,DividaContratual,Dívida Contratual,Até o 2º Quadrimestre,2477758247.09,4059905,Paraíba
2023,3,PB,RGF-Anexo 02,DividaContratual,Dívida Contratual,Até o 3º Quadrimestre,2575226813.27,4059905,Paraíba
2023,3,PB,RGF-Anexo 02,DividaConsolidadaLiquida,DÍVIDA CONSOLIDADA LÍQUIDA (DCL) (III) = (I - II),SALDO DO EXERCÍCIO ANTERIOR,-974981251.99,4059905,Paraíba
2023,3,PB,RGF-Anexo 02,DividaConsolidadaLiquida,DÍVIDA CONSOLIDADA LÍQUIDA (DCL) (III) = (I - II),Até o 1º Quadrimestre,-2210464885.99,4059905,Paraíba
2023,3,PB,RGF-Anexo 02,DividaConsolidadaLiquida,DÍVIDA CONSOLIDADA LÍQUIDA (DCL) (III) = (I - II),Até o 2º Quadrimestre,-2610802277.42,4059905,Paraíba
2023,3,PB,RGF-Anexo 02,DividaConsolidadaLiquida,DÍVIDA CONSOLIDADA LÍQUIDA (DCL) (III) = (I - II),Até o 3º Quadrimestre,-195385655.48,4059905,Paraíba
2024,1,PB,RGF-Anexo 01,DespesaComPessoalBruta,DESPESA BRUTA COM PESSOAL (I),<MR-11>,722234825.63,4030961,Paraíba
2024,1,PB,RGF-Anexo 01,DespesaComPessoalBruta,DESPESA BRUTA COM PESSOAL (I),<MR-10>,693290771.7,4030961,Paraíba
2024,1,PB,RGF-Anexo 01,DespesaComPessoalBruta,DESPESA BRUTA COM PESSOAL (I),<MR-9>,740551981.08,4030961,Paraíba
2024,1,PB,RGF-Anexo 01,DespesaComPessoalBruta,DESPESA BRUTA COM PESSOAL (I),<MR-8>,757817070.84,4030961,Paraíba
2024,1,PB,RGF-Anexo 01,DespesaComPessoalBruta,DESPESA BRUTA COM PESSOAL (I),<MR-7>,769311702.91,4030961,Paraíba
2024,1,PB,RGF-Anexo 01,DespesaComPessoalBruta,DESPESA BRUTA COM PESSOAL (I),<MR-6>,643384074.57,4030961,Paraíba
2024,1,PB,RGF-Anexo 01,DespesaComPessoalBruta,DESPESA BRUTA COM PESSOAL (I),<MR-5>,909013777.11,4030961,Paraíba
2024,1,PB,RGF-Anexo 01,DespesaComPessoalBruta,DESPESA BRUTA COM PESSOAL (I),<MR-4>,898988928.44,4030961,Paraíba
2024,1,PB,RGF-Anexo 01,DespesaComPessoalBruta,DESPESA BRUTA COM PESSOAL (I),<MR-3>,863207206.27,4030961,Paraíba
2024,1,PB,RGF-Anexo 01,DespesaComPessoalBruta,DESPESA BRUTA COM PESSOAL (I),<MR-2>,828479802.81,4030961,Paraíba
2024,1,PB,RGF-Anexo 01,DespesaComPessoalBruta,DESPESA BRUTA COM PESSOAL (I),<MR-1>,825619577.5,4030961,Paraíba
2024,1,PB,RGF-Anexo 01,DespesaComPessoalBruta,DESPESA BRUTA COM PESSOAL (I),<MR>,831096079.0,4030961,Paraíba
2024,1,PB,RGF-Anexo 01,DespesaComPessoalBruta,DESPESA BRUTA COM PESSOAL (I),TOTAL (ÚLTIMOS 12 MESES) (a),9482995797.86,4030961,Paraíba
2024,1,PB,RGF-Anexo 01,DespesaComPessoalAtivoBruta,Pessoal Ativo,<MR-11>,480763671.76,4030961,Paraíba
2024,1,PB,RGF-Anexo 01,DespesaComPessoalAtivoBruta,Pessoal Ativo,<MR-10>,461038781.06,4030961,Paraíba
2024,1,PB,RGF-Anexo 01,DespesaComPessoalAtivoBruta,Pessoal Ativo,<MR-9>,496192548.15,4030961,Paraíba
2024,1,PB,RGF-Anexo 01,DespesaComPessoalAtivoBruta,Pessoal Ativo,<MR-8>,513260788.09,4030961,Paraíba
2024,1,PB,RGF-Anexo 01,DespesaComPessoalAtivoBruta,Pessoal Ativo,<MR-7>,520912107.18,4030961,Paraíba
2024,1,PB,RGF-Anexo 01,DespesaComPessoalAtivoBruta,Pessoal Ativo,<MR-6>,397229533.21,4030961,Paraíba
2024,1,PB,RGF-Anexo 01,DespesaComPessoalAtivoBruta,Pessoal Ativo,<MR-5>,665153601.39,4030961,Paraíba
2024,1,PB,RGF-Anexo 01,DespesaComPessoalAtivoBruta,Pessoal Ativo,<MR-4>,630012507.47,4030961,Paraíba
2024,1,PB,RGF-Anexo 01,DespesaComPessoalAtivoBruta,Pessoal Ativo,<MR-3>,589409541.58,4030961,Paraíba
2024,1,PB,RGF-Anexo 01,DespesaComPessoalAtivoBruta,Pessoal Ativo,<MR-2>,557407249.14,4030961,Paraíba
2024,1,PB,RGF-Anexo 01,DespesaComPessoalAtivoBruta,Pessoal Ativo,<MR-1>,555723726.06,4030961,Paraíba
2024,1,PB,RGF-Anexo 01,DespesaComPessoalAtivoBruta,Pessoal Ativo,<MR>,560517107.1,4030961,Paraíba
2024,1,PB,RGF-Anexo 01,DespesaComPessoalAtivoBruta,Pessoal Ativo,TOTAL (ÚLTIMOS 12 MESES) (a),6427621162.19,4030961,Paraíba
2024,1,PB,RGF-Anexo 01,DespesaComPessoalInativoEPensionistasBruta,Pessoal Inativo e Pensionistas,<MR-11>,241471153.87,4030961,Paraíba
2024,1,PB,RGF-Anexo 01,DespesaComPessoalInativoEPensionistasBruta,Pessoal Inativo e Pensionistas,<MR-10>,232251990.64,4030961,Paraíba
2024,1,PB,RGF-Anexo 01,DespesaComPessoalInativoEPensionistasBruta,Pessoal Inativo e Pensionistas,<MR-9>,244359432.93,4030961,Paraíba
2024,1,PB,RGF-Anexo 01,DespesaComPessoalInativoEPensionistasBruta,Pessoal Inativo e Pensionistas,<MR-8>,244556282.75,4030961,Paraíba
2024,1,PB,RGF-Anexo 01,DespesaComPessoalInativoEPensionistasBruta,Pessoal Inativo e Pensionistas,<MR-7>,248399595.73,4030961,Paraíba
2024,1,PB,RGF-Anexo 01,DespesaComPessoalInativoEPensionistasBruta,Pessoal Inativo e Pensionistas,<MR-6>,246154541.36,4030961,Paraíba
2024,1,PB,RGF-Anexo 01,DespesaComPessoalInativoEPensionistasBruta,Pessoal Inativo e Pensionistas,<MR-5>,243860175.72,4030961,Paraíba
2024,1,PB,RGF-Anexo 01,DespesaComPessoalInativoEPensionistasBruta,Pessoal Inativo e Pensionistas,<MR-4>,268976420.97,4030961,Paraíba
2024,1,PB,RGF-Anexo 01,DespesaComPessoalInativoEPensionistasBruta,Pessoal Inativo e Pensionistas,<MR-3>,273797664.69,4030961,Paraíba
2024,1,PB,RGF-Anexo 01,DespesaComPessoalInativoEPensionistasBruta,Pessoal Inativo e Pensionistas,<MR-2>,271072553.67,4030961,Paraíba
2024,1,PB,RGF-Anexo 01,DespesaComPessoalInativoEPensionistasBruta,Pessoal Inativo e Pensionistas,<MR-1>,269895851.44,4030961,Paraíba
2024,1,PB,RGF-Anexo 01,DespesaComPessoalInativoEPensionistasBruta,Pessoal Inativo e Pensionistas,<MR>,270578971.9,4030961,Paraíba
2024,1,PB,RGF-Anexo 01,DespesaComPessoalInativoEPensionistasBruta,Pessoal Inativo e Pensionistas,TOTAL (ÚLTIMOS 12 MESES) (a),3055374635.67,4030961,Paraíba
2024,1,PB,RGF-Anexo 01,DespesaComPessoalLiquida,DESPESA LÍQUIDA COM PESSOAL (III) = (I - II),<MR-11>,646982487.69,4030961,Paraíba
2024,1,PB,RGF-Anexo 01,DespesaComPessoalLiquida,DESPESA LÍQUIDA COM PESSOAL (III) = (I - II),<MR-10>,625738881.99,4030961,Paraíba
2024,1,PB,RGF-Anexo 01,DespesaComPessoalLiquida,DESPESA LÍQUIDA COM PESSOAL (III) = (I - II),<MR-9>,670222864.36,4030961,Paraíba
2024,1,PB,RGF-Anexo 01,DespesaComPessoalLiquida,DESPESA LÍQUIDA COM PESSOAL (III) = (I - II),<MR-8>,686196650.76,4030961,Paraíba
2024,1,PB,RGF-Anexo 01,DespesaComPessoalLiquida,DESPESA LÍQUIDA COM PESSOAL (III) = (I - II),<MR-7>,695214961.63,4030961,Paraíba
2024,1,PB,RGF-Anexo 01,DespesaComPessoalLiquida,DESPESA LÍQUIDA COM PESSOAL (III) = (I - II),<MR-6>,556819627.46,4030961,Paraíba
2024,1,PB,RGF-Anexo 01,DespesaComPessoalLiquida,DESPESA LÍQUIDA COM PESSOAL (III) = (I - II),<MR-5>,831652511.18,4030961,Paraíba
2024,1,PB,RGF-Anexo 01,DespesaComPessoalLiquida,DESPESA LÍQUIDA COM PESSOAL (III) = (I - II),<MR-4>,741923643.73,4030961,Paraíba
2024,1,PB,RGF-Anexo 01,DespesaComPessoalLiquida,DESPESA LÍQUIDA COM PESSOAL (III) = (I - II),<MR-3>,752024734.23,4030961,Paraíba
2024,1,PB,RGF-Anexo 01,DespesaComPessoalLiquida,DESPESA LÍQUIDA COM PESSOAL (III) = (I - II),<MR-2>,745497261.9,4030961,Paraíba
2024,1,PB,RGF-Anexo 01,DespesaComPessoalLiquida,DESPESA LÍQUIDA COM PESSOAL (III) = (I - II),<MR-1>,742193634.74,4030961,Paraíba
2024,1,PB,RGF-Anexo 01,DespesaComPessoalLiquida,DESPESA LÍQUIDA COM PESSOAL (III) = (I - II),<MR>,744058922.58,4030961,Paraíba
2024,1,PB,RGF-Anexo 01,DespesaComPessoalLiquida,DESPESA LÍQUIDA COM PESSOAL (III) = (I - II),TOTAL (ÚLTIMOS 12 MESES) (a),8438526182.25,4030961,Paraíba
2024,1,PB,RGF-Anexo 01,ReceitaCorrenteLiquidaLimiteLegal,RECEITA CORRENTE LIQUIDA - RCL (IV),Valor,17629972631.92,4030961,Paraíba
2024,1,PB,RGF-Anexo 01,DespesaComPessoalTotal,DESPESA TOTAL COM PESSOAL - DTP (VI) = (IIIa + IIIb),Valor,8438526182.25,4030961,Paraíba
2024,1,PB,RGF-Anexo 01,DespesaComPessoalTotal,DESPESA TOTAL COM PESSOAL - DTP (VI) = (IIIa + IIIb),% sobre a RCL Ajustada,47.9,4030961,Paraíba
2024,1,PB,RGF-Anexo 02,DividaConsolidada,DÍVIDA CONSOLIDADA - DC (I),SALDO DO EXERCÍCIO ANTERIOR,6975989178.85,4030961,Paraíba
2024,1,PB,RGF-Anexo 02,DividaConsolidada,DÍVIDA CONSOLIDADA - DC (I),Até o 1º Quadrimestre,6977077596.69,4030961,Paraíba
2024,1,PB,RGF-Anexo 02,DividaContratual,Dívida Contratual,SALDO DO EXERCÍCIO ANTERIOR,2575226813.27,4030961,Paraíba
2024,1,PB,RGF-Anexo 02,DividaContratual,Dívida Contratual,Até o 1º Quadrimestre,2613667178.57,4030961,Paraíba
2024,1,PB,RGF-Anexo 02,DividaConsolidadaLiquida,DÍVIDA CONSOLIDADA LÍQUIDA (DCL) (III) = (I - II),SALDO DO EXERCÍCIO ANTERIOR,-195385655.48,4030961,Paraíba
2024,1,PB,RGF-Anexo 02,DividaConsolidadaLiquida,DÍVIDA CONSOLIDADA LÍQUIDA (DCL) (III) = (I - II),Até o 1º Quadrimestre,-1533790452.02,4030961,Paraíba
2024,2,PB,RGF-Anexo 01,DespesaComPessoalBruta,DESPESA BRUTA COM PESSOAL (I),<MR-11>,769311702.91,4030961,Paraíba
2024,2,PB,RGF-Anexo 01,DespesaComPessoalBruta,DESPESA BRUTA COM PESSOAL (I),<MR-10>,643384074.57,4030961,Paraíba
2024,2,PB,RGF-Anexo 01,DespesaComPessoalBruta,DESPESA BRUTA COM PESSOAL (I),<MR-9>,909013777.11,4030961,Paraíba
2024,2,PB,RGF-Anexo 01,DespesaComPessoalBruta,DESPESA BRUTA COM PESSOAL (I),<MR-8>,898988928.44,4030961,Paraíba
2024,2,PB,RGF-Anexo 01,DespesaComPessoalBruta,DESPESA BRUTA COM PESSOAL (I),<MR-7>,863207206.27,4030961,Paraíba
2024,2,PB,RGF-Anexo 01,DespesaComPessoalBruta,DESPESA BRUTA COM PESSOAL (I),<MR-6>,828479802.81,4030961,Paraíba
2024,2,PB,RGF-Anexo 01,DespesaComPessoalBruta,DESPESA BRUTA COM PESSOAL (I),<MR-5>,825619577.5,4030961,Paraíba
2024,2,PB,RGF-Anexo 01,DespesaComPessoalBruta,DESPESA BRUTA COM PESSOAL (I),<MR-4>,831096079.0,4030961,Paraíba
2024,2,PB,RGF-Anexo 01,DespesaComPessoalBruta,DESPESA BRUTA COM PESSOAL (I),<MR-3>,842419881.62,4030961,Paraíba
2024,2,PB,RGF-Anexo 01,DespesaComPessoalBruta,DESPESA BRUTA COM PESSOAL (I),<MR-2>,791094563.51,4030961,Paraíba
2024,2,PB,RGF-Anexo 01,DespesaComPessoalBruta,DESPESA BRUTA COM PESSOAL (I),<MR-1>,865023746.26,4030961,Paraíba
2024,2,PB,RGF-Anexo 01,DespesaComPessoalBruta,DESPESA BRUTA COM PESSOAL (I),<MR>,870566914.39,4030961,Paraíba
2024,2,PB,RGF-Anexo 01,DespesaComPessoalBruta,DESPESA BRUTA COM PESSOAL (I),TOTAL (ÚLTIMOS 12 MESES) (a),9938206254.39,4030961,Paraíba
2024,2,PB,RGF-Anexo 01,DespesaComPessoalAtivoBruta,Pessoal Ativo,<MR-11>,520912107.18,4030961,Paraíba
2024,2,PB,RGF-Anexo 01,DespesaComPessoalAtivoBruta,Pessoal Ativo,<MR-10>,397229533.21,4030961,Paraíba
2024,2,PB,RGF-Anexo 01,DespesaComPessoalAtivoBruta,Pessoal Ativo,<MR-9>,665153601.39,4030961,Paraíba
2024,2,PB,RGF-Anexo 01,DespesaComPessoalAtivoBruta,Pessoal Ativo,<MR-8>,630012507.47,4030961,Paraíba
2024,2,PB,RGF-Anexo 01,DespesaComPessoalAtivoBruta,Pessoal Ativo,<MR-7>,589409541.58,4030961,Paraíba
2024,2,PB,RGF-Anexo 01,DespesaComPessoalAtivoBruta,Pessoal Ativo,<MR-6>,557407249.14,4030961,Paraíba
2024,2,PB,RGF-Anexo 01,DespesaComPessoalAtivoBruta,Pessoal Ativo,<MR-5>,555723726.06,4030961,Paraíba
2024,2,PB,RGF-Anexo 01,DespesaComPessoalAtivoBruta,Pessoal Ativo,<MR-4>,560517107.1,4030961,Paraíba
2024,2,PB,RGF-Anexo 01,DespesaComPessoalAtivoBruta,Pessoal Ativo,<MR-3>,571318002.7,4030961,Paraíba
2024,2,PB,RGF-Anexo 01,DespesaComPessoalAtivoBruta,Pessoal Ativo,<MR-2>,539244211.07,4030961,Paraíba
2024,2,PB,RGF-Anexo 01,DespesaComPessoalAtivoBruta,Pessoal Ativo,<MR-1>,591650399.95,4030961,Paraíba
2024,2,PB,RGF-Anexo 01,DespesaComPessoalAtivoBruta,Pessoal Ativo,<MR>,597078970.76,4030961,Paraíba
2024,2,PB,RGF-Anexo 01,DespesaComPessoalAtivoBruta,Pessoal Ativo,TOTAL (ÚLTIMOS 12 MESES) (a),6775656957.61,4030961,Paraíba
2024,2,PB,RGF-Anexo 01,DespesaComPessoalInativoEPensionistasBruta,Pessoal Inativo e Pensionistas,<MR-11>,248399595.73,4030961,Paraíba
2024,2,PB,RGF-Anexo 01,DespesaComPessoalInativoEPensionistasBruta,Pessoal Inativo e Pensionistas,<MR-10>,246154541.36,4030961,Paraíba
2024,2,PB,RGF-Anexo 01,DespesaComPessoalInativoEPensionistasBruta,Pessoal Inativo e Pensionistas,<MR-9>,243860175.72,4030961,Paraíba
2024,2,PB,RGF-Anexo 01,DespesaComPessoalInativoEPensionistasBruta,Pessoal Inativo e Pensionistas,<MR-8>,268976420.97,4030961,Paraíba
2024,2,PB,RGF-Anexo 01,DespesaComPessoalInativoEPensionistasBruta,Pessoal Inativo e Pensionistas,<MR-7>,273797664.69,4030961,Paraíba
2024,2,PB,RGF-Anexo 01,DespesaComPessoalInativoEPensionistasBruta,Pessoal Inativo e Pensionistas,<MR-6>,271072553.67,4030961,Paraíba
2024,2,PB,RGF-Anexo 01,DespesaComPessoalInativoEPensionistasBruta,Pessoal Inativo e Pensionistas,<MR-5>,269895851.44,4030961,Paraíba
2024,2,PB,RGF-Anexo 01,DespesaComPessoalInativoEPensionistasBruta,Pessoal Inativo e Pensionistas,<MR-4>,270578971.9,4030961,Paraíba
2024,2,PB,RGF-Anexo 01,DespesaComPessoalInativoEPensionistasBruta,Pessoal Inativo e Pensionistas,<MR-3>,271101878.92,4030961,Paraíba
2024,2,PB,RGF-Anexo 01,DespesaComPessoalInativoEPensionistasBruta,Pessoal Inativo e Pensionistas,<MR-2>,251850352.44,4030961,Paraíba
2024,2,PB,RGF-Anexo 01,DespesaComPessoalInativoEPensionistasBruta,Pessoal Inativo e Pensionistas,<MR-1>,273373346.31,4030961,Paraíba
2024,2,PB,RGF-Anexo 01,DespesaComPessoalInativoEPensionistasBruta,Pessoal Inativo e Pensionistas,<MR>,273487943.63,4030961,Paraíba
2024,2,PB,RGF-Anexo 01,DespesaComPessoalInativoEPensionistasBruta,Pessoal Inativo e Pensionistas,TOTAL (ÚLTIMOS 12 MESES) (a),3162549296.78,4030961,Paraíba
2024,2,PB,RGF-Anexo 01,DespesaComPessoalLiquida,DESPESA LÍQUIDA COM PESSOAL (III) = (I - II),<MR-11>,695214961.63,4030961,Paraíba
2024,2,PB,RGF-Anexo 01,DespesaComPessoalLiquida,DESPESA LÍQUIDA COM PESSOAL (III) = (I - II),<MR-10>,556819627.46,4030961,Paraíba
2024,2,PB,RGF-Anexo 01,DespesaComPessoalLiquida,DESPESA LÍQUIDA COM PESSOAL (III) = (I - II),<MR-9>,831652511.18,4030961,Paraíba
2024,2,PB,RGF-Anexo 01,DespesaComPessoalLiquida,DESPESA LÍQUIDA COM PESSOAL (III) = (I - II),<MR-8>,741923643.73,4030961,Paraíba
2024,2,PB,RGF-Anexo 01,DespesaComPessoalLiquida,DESPESA LÍQUIDA COM PESSOAL (III) = (I - II),<MR-7>,752024734.23,4030961,Paraíba
2024,2,PB,RGF-Anexo 01,DespesaComPessoalLiquida,DESPESA LÍQUIDA COM PESSOAL (III) = (I - II),<MR-6>,745497261.9,4030961,Paraíba
2024,2,PB,RGF-Anexo 01,DespesaComPessoalLiquida,DESPESA LÍQUIDA COM PESSOAL (III) = (I - II),<MR-5>,742193634.74,4030961,Paraíba
2024,2,PB,RGF-Anexo 01,DespesaComPessoalLiquida,DESPESA LÍQUIDA COM PESSOAL (III) = (I - II),<MR-4>,744058922.58,4030961,Paraíba
2024,2,PB,RGF-Anexo 01,DespesaComPessoalLiquida,DESPESA LÍQUIDA COM PESSOAL (III) = (I - II),<MR-3>,743872503.44,4030961,Paraíba
2024,2,PB,RGF-Anexo 01,DespesaComPessoalLiquida,DESPESA LÍQUIDA COM PESSOAL (III) = (I - II),<MR-2>,722985472.3,4030961,Paraíba
2024,2,PB,RGF-Anexo 01,DespesaComPessoalLiquida,DESPESA LÍQUIDA COM PESSOAL (III) = (I - II),<MR-1>,752633240.99,4030961,Paraíba
2024,2,PB,RGF-Anexo 01,DespesaComPessoalLiquida,DESPESA LÍQUIDA COM PESSOAL (III) = (I - II),<MR>,777150797.68,4030961,Paraíba
2024,2,PB,RGF-Anexo 01,DespesaComPessoalLiquida,DESPESA LÍQUIDA COM PESSOAL (III) = (I - II),TOTAL (ÚLTIMOS 12 MESES) (a),8806027311.86,4030961,Paraíba
2024,2,PB,RGF-Anexo 01,ReceitaCorrenteLiquidaLimiteLegal,RECEITA CORRENTE LIQUIDA - RCL (IV),Valor,18455009440.69,4030961,Paraíba
2024,2,PB,RGF-Anexo 01,DespesaComPessoalTotal,DESPESA TOTAL COM PESSOAL - DTP (VI) = (IIIa + IIIb),Valor,8806027311.86,4030961,Paraíba
2024,2,PB,RGF-Anexo 01,DespesaComPessoalTotal,DESPESA TOTAL COM PESSOAL - DTP (VI) = (IIIa + IIIb),% sobre a RCL Ajustada,47.81,4030961,Paraíba
2024,2,PB,RGF-Anexo 02,DividaConsolidada,DÍVIDA CONSOLIDADA - DC (I),SALDO DO EXERCÍCIO ANTERIOR,6975989178.85,4030961,Paraíba
2024,2,PB,RGF-Anexo 02,DividaConsolidada,DÍVIDA CONSOLIDADA - DC (I),Até o 1º Quadrimestre,6977077596.69,4030961,Paraíba
2024,2,PB,RGF-Anexo 02,DividaConsolidada,DÍVIDA CONSOLIDADA - DC (I),Até o 2º Quadrimestre,6639085534.35,4030961,Paraíba
2024,2,PB,RGF-Anexo 02,DividaContratual,Dívida Contratual,SALDO DO EXERCÍCIO ANTERIOR,2575226813.27,4030961,Paraíba
2024,2,PB,RGF-Anexo 02,DividaContratual,Dívida Contratual,Até o 1º Quadrimestre,2613667178.57,4030961,Paraíba
2024,2,PB,RGF-Anexo 02,DividaContratual,Dívida Contratual,Até o 2º Quadrimestre,2630095505.8,4030961,Paraíba
2024,2,PB,RGF-Anexo 02,DividaConsolidadaLiquida,DÍVIDA CONSOLIDADA LÍQUIDA (DCL) (III) = (I - II),SALDO DO EXERCÍCIO ANTERIOR,-195385655.48,4030961,Paraíba
2024,2,PB,RGF-Anexo 02,DividaConsolidadaLiquida,DÍVIDA CONSOLIDADA LÍQUIDA (DCL) (III) = (I - II),Até o 1º Quadrimestre,-1533790452.02,4030961,Paraíba
2024,2,PB,RGF-Anexo 02,DividaConsolidadaLiquida,DÍVIDA CONSOLIDADA LÍQUIDA (DCL) (III) = (I - II),Até o 2º Quadrimestre,-2124008580.19,4030961,Paraíba
2024,3,PB,RGF-Anexo 01,DespesaComPessoalBruta,DESPESA BRUTA COM PESSOAL (I),<MR-11>,863207206.27,4030961,Paraíba
2024,3,PB,RGF-Anexo 01,DespesaComPessoalBruta,DESPESA BRUTA COM PESSOAL (I),<MR-10>,828479802.81,4030961,Paraíba
2024,3,PB,RGF-Anexo 01,DespesaComPessoalBruta,DESPESA BRUTA COM PESSOAL (I),<MR-9>,825619577.5,4030961,Paraíba
2024,3,PB,RGF-Anexo 01,DespesaComPessoalBruta,DESPESA BRUTA COM PESSOAL (I),<MR-8>,831096079.0,4030961,Paraíba
2024,3,PB,RGF-Anexo 01,DespesaComPessoalBruta,DESPESA BRUTA COM PESSOAL (I),<MR-7>,842419881.62,4030961,Paraíba
2024,3,PB,RGF-Anexo 01,DespesaComPessoalBruta,DESPESA BRUTA COM PESSOAL (I),<MR-6>,791094563.51,4030961,Paraíba
2024,3,PB,RGF-Anexo 01,DespesaComPessoalBruta,DESPESA BRUTA COM PESSOAL (I),<MR-5>,865023746.26,4030961,Paraíba
2024,3,PB,RGF-Anexo 01,DespesaComPessoalBruta,DESPESA BRUTA COM PESSOAL (I),<MR-4>,870566914.39,4030961,Paraíba
2024,3,PB,RGF-Anexo 01,DespesaComPessoalBruta,DESPESA BRUTA COM PESSOAL (I),<MR-3>,845123369.47,4030961,Paraíba
2024,3,PB,RGF-Anexo 01,DespesaComPessoalBruta,DESPESA BRUTA COM PESSOAL (I),<MR-2>,873623917.1,4030961,Paraíba
2024,3,PB,RGF-Anexo 01,DespesaComPessoalBruta,DESPESA BRUTA COM PESSOAL (I),<MR-1>,875593307.04,4030961,Paraíba
2024,3,PB,RGF-Anexo 01,DespesaComPessoalBruta,DESPESA BRUTA COM PESSOAL (I),<MR>,965655696.66,4030961,Paraíba
2024,3,PB,RGF-Anexo 01,DespesaComPessoalBruta,DESPESA BRUTA COM PESSOAL (I),TOTAL (ÚLTIMOS 12 MESES) (a),10277504061.63,4030961,Paraíba
2024,3,PB,RGF-Anexo 01,DespesaComPessoalAtivoBruta,Pessoal Ativo,<MR-11>,589409541.58,4030961,Paraíba
2024,3,PB,RGF-Anexo 01,DespesaComPessoalAtivoBruta,Pessoal Ativo,<MR-10>,557407249.14,4030961,Paraíba
2024,3,PB,RGF-Anexo 01,DespesaComPessoalAtivoBruta,Pessoal Ativo,<MR-9>,555723726.06,4030961,Paraíba
2024,3,PB,RGF-Anexo 01,DespesaComPessoalAtivoBruta,Pessoal Ativo,<MR-8>,560517107.1,4030961,Paraíba
2024,3,PB,RGF-Anexo 01,DespesaComPessoalAtivoBruta,Pessoal Ativo,<MR-7>,571318002.7,4030961,Paraíba
2024,3,PB,RGF-Anexo 01,DespesaComPessoalAtivoBruta,Pessoal Ativo,<MR-6>,539244211.07,4030961,Paraíba
2024,3,PB,RGF-Anexo 01,DespesaComPessoalAtivoBruta,Pessoal Ativo,<MR-5>,591650399.95,4030961,Paraíba
2024,3,PB,RGF-Anexo 01,DespesaComPessoalAtivoBruta,Pessoal Ativo,<MR-4>,597078970.76,4030961,Paraíba
2024,3,PB,RGF-Anexo 01,DespesaComPessoalAtivoBruta,Pessoal Ativo,<MR-3>,571028357.22,4030961,Paraíba
2024,3,PB,RGF-Anexo 01,DespesaComPessoalAtivoBruta,Pessoal Ativo,<MR-2>,598220477.33,4030961,Paraíba
2024,3,PB,RGF-Anexo 01,DespesaComPessoalAtivoBruta,Pessoal Ativo,<MR-1>,596211521.89,4030961,Paraíba
2024,3,PB,RGF-Anexo 01,DespesaComPessoalAtivoBruta,Pessoal Ativo,<MR>,676542718.78,4030961,Paraíba
2024,3,PB,RGF-Anexo 01,DespesaComPessoalAtivoBruta,Pessoal Ativo,TOTAL (ÚLTIMOS 12 MESES) (a),7004352283.58,4030961,Paraíba
2024,3,PB,RGF-Anexo 01,DespesaComPessoalInativoEPensionistasBruta,Pessoal Inativo e Pensionistas,<MR-11>,273797664.69,4030961,Paraíba
2024,3,PB,RGF-Anexo 01,DespesaComPessoalInativoEPensionistasBruta,Pessoal Inativo e Pensionistas,<MR-10>,271072553.67,4030961,Paraíba
2024,3,PB,RGF-Anexo 01,DespesaComPessoalInativoEPensionistasBruta,Pessoal Inativo e Pensionistas,<MR-9>,269895851.44,4030961,Paraíba
2024,3,PB,RGF-Anexo 01,DespesaComPessoalInativoEPensionistasBruta,Pessoal Inativo e Pensionistas,<MR-8>,270578971.9,4030961,Paraíba
2024,3,PB,RGF-Anexo 01,DespesaComPessoalInativoEPensionistasBruta,Pessoal Inativo e Pensionistas,<MR-7>,271101878.92,4030961,Paraíba
2024,3,PB,RGF-Anexo 01,DespesaComPessoalInativoEPensionistasBruta,Pessoal Inativo e Pensionistas,<MR-6>,251850352.44,4030961,Paraíba
2024,3,PB,RGF-Anexo 01,DespesaComPessoalInativoEPensionistasBruta,Pessoal Inativo e Pensionistas,<MR-5>,273373346.31,4030961,Paraíba
2024,3,PB,RGF-Anexo 01,DespesaComPessoalInativoEPensionistasBruta,Pessoal Inativo e Pensionistas,<MR-4>,273487943.63,4030961,Paraíba
2024,3,PB,RGF-Anexo 01,DespesaComPessoalInativoEPensionistasBruta,Pessoal Inativo e Pensionistas,<MR-3>,274095012.25,4030961,Paraíba
2024,3,PB,RGF-Anexo 01,DespesaComPessoalInativoEPensionistasBruta,Pessoal Inativo e Pensionistas,<MR-2>,275403439.77,4030961,Paraíba
2024,3,PB,RGF-Anexo 01,DespesaComPessoalInativoEPensionistasBruta,Pessoal Inativo e Pensionistas,<MR-1>,279381785.15,4030961,Paraíba
2024,3,PB,RGF-Anexo 01,DespesaComPessoalInativoEPensionistasBruta,Pessoal Inativo e Pensionistas,<MR>,289112977.88,4030961,Paraíba
2024,3,PB,RGF-Anexo 01,DespesaComPessoalInativoEPensionistasBruta,Pessoal Inativo e Pensionistas,TOTAL (ÚLTIMOS 12 MESES) (a),3273151778.05,4030961,Paraíba
2024,3,PB,RGF-Anexo 01,DespesaComPessoalLiquida,DESPESA LÍQUIDA COM PESSOAL (III) = (I - II),<MR-11>,752024734.23,4030961,Paraíba
2024,3,PB,RGF-Anexo 01,DespesaComPessoalLiquida,DESPESA LÍQUIDA COM PESSOAL (III) = (I - II),<MR-10>,745497261.9,4030961,Paraíba
2024,3,PB,RGF-Anexo 01,DespesaComPessoalLiquida,DESPESA LÍQUIDA COM PESSOAL (III) = (I - II),<MR-9>,742193634.74,4030961,Paraíba
2024,3,PB,RGF-Anexo 01,DespesaComPessoalLiquida,DESPESA LÍQUIDA COM PESSOAL (III) = (I - II),<MR-8>,744058922.58,4030961,Paraíba
2024,3,PB,RGF-Anexo 01,DespesaComPessoalLiquida,DESPESA LÍQUIDA COM PESSOAL (III) = (I - II),<MR-7>,743872503.44,4030961,Paraíba
2024,3,PB,RGF-Anexo 01,DespesaComPessoalLiquida,DESPESA LÍQUIDA COM PESSOAL (III) = (I - II),<MR-6>,722985472.3,4030961,Paraíba
2024,3,PB,RGF-Anexo 01,DespesaComPessoalLiquida,DESPESA LÍQUIDA COM PESSOAL (III) = (I - II),<MR-5>,752633240.99,4030961,Paraíba
2024,3,PB,RGF-Anexo 01,DespesaComPessoalLiquida,DESPESA LÍQUIDA COM PESSOAL (III) = (I - II),<MR-4>,777150797.68,4030961,Paraíba
2024,3,PB,RGF-Anexo 01,DespesaComPessoalLiquida,DESPESA LÍQUIDA COM PESSOAL (III) = (I - II),<MR-3>,747025656.07,4030961,Paraíba
2024,3,PB,RGF-Anexo 01,DespesaComPessoalLiquida,DESPESA LÍQUIDA COM PESSOAL (III) = (I - II),<MR-2>,777333194.6,4030961,Paraíba
2024,3,PB,RGF-Anexo 01,DespesaComPessoalLiquida,DESPESA LÍQUIDA COM PESSOAL (III) = (I - II),<MR-1>,777836827.76,4030961,Paraíba
2024,3,PB,RGF-Anexo 01,DespesaComPessoalLiquida,DESPESA LÍQUIDA COM PESSOAL (III) = (I - II),<MR>,836451877.43,4030961,Paraíba
2024,3,PB,RGF-Anexo 01,DespesaComPessoalLiquida,DESPESA LÍQUIDA COM PESSOAL (III) = (I - II),TOTAL (ÚLTIMOS 12 MESES) (a),9119064123.72,4030961,Paraíba
2024,3,PB,RGF-Anexo 01,ReceitaCorrenteLiquidaLimiteLegal,RECEITA CORRENTE LIQUIDA - RCL (IV),Valor,18928080527.4,4030961,Paraíba
2024,3,PB,RGF-Anexo 01,DespesaComPessoalTotal,DESPESA TOTAL COM PESSOAL - DTP (VI) = (IIIa + IIIb),Valor,9119064123.72,4030961,Paraíba
2024,3,PB,RGF-Anexo 01,DespesaComPessoalTotal,DESPESA TOTAL COM PESSOAL - DTP (VI) = (IIIa + IIIb),% sobre a RCL Ajustada,48.27,4030961,Paraíba
2024,3,PB,RGF-Anexo 02,DividaConsolidada,DÍVIDA CONSOLIDADA - DC (I),SALDO DO EXERCÍCIO ANTERIOR,6975989178.85,4030961,Paraíba
2024,3,PB,RGF-Anexo 02,DividaConsolidada,DÍVIDA CONSOLIDADA - DC (I),Até o 1º Quadrimestre,6977077596.69,4030961,Paraíba
2024,3,PB,RGF-Anexo 02,DividaConsolidada,DÍVIDA CONSOLIDADA - DC (I),Até o 2º Quadrimestre,6639085534.35,4030961,Paraíba
2024,3,PB,RGF-Anexo 02,DividaConsolidada,DÍVIDA CONSOLIDADA - DC (I),Até o 3º Quadrimestre,7467178344.61,4030961,Paraíba
2024,3,PB,RGF-Anexo 02,DividaContratual,Dívida Contratual,SALDO DO EXERCÍCIO ANTERIOR,2575226813.27,4030961,Paraíba
2024,3,PB,RGF-Anexo 02,DividaContratual,Dívida Contratual,Até o 1º Quadrimestre,2613667178.57,4030961,Paraíba
2024,3,PB,RGF-Anexo 02,DividaContratual,Dívida Contratual,Até o 2º Quadrimestre,2630095505.8,4030961,Paraíba
2024,3,PB,RGF-Anexo 02,DividaContratual,Dívida Contratual,Até o 3º Quadrimestre,2852360984.43,4030961,Paraíba
2024,3,PB,RGF-Anexo 02,DividaConsolidadaLiquida,DÍVIDA CONSOLIDADA LÍQUIDA (DCL) (III) = (I - II),SALDO DO EXERCÍCIO ANTERIOR,-195385655.48,4030961,Paraíba
2024,3,PB,RGF-Anexo 02,DividaConsolidadaLiquida,DÍVIDA CONSOLIDADA LÍQUIDA (DCL) (III) = (I - II),Até o 1º Quadrimestre,-1533790452.02,4030961,Paraíba
2024,3,PB,RGF-Anexo 02,DividaConsolidadaLiquida,DÍVIDA CONSOLIDADA LÍQUIDA (DCL) (III) = (I - II),Até o 2º Quadrimestre,-2124008580.19,4030961,Paraíba
2024,3,PB,RGF-Anexo 02,DividaConsolidadaLiquida,DÍVIDA CONSOLIDADA LÍQUIDA (DCL) (III) = (I - II),Até o 3º Quadrimestre,-448693341.72,4030961,Paraíba
2025,1,PB,RGF-Anexo 01,DespesaComPessoalBruta,DESPESA BRUTA COM PESSOAL (I),<MR-11>,842419881.62,4030961,Paraíba
2025,1,PB,RGF-Anexo 01,DespesaComPessoalBruta,DESPESA BRUTA COM PESSOAL (I),<MR-10>,791094563.51,4030961,Paraíba
2025,1,PB,RGF-Anexo 01,DespesaComPessoalBruta,DESPESA BRUTA COM PESSOAL (I),<MR-9>,865023746.26,4030961,Paraíba
2025,1,PB,RGF-Anexo 01,DespesaComPessoalBruta,DESPESA BRUTA COM PESSOAL (I),<MR-8>,870566914.39,4030961,Paraíba
2025,1,PB,RGF-Anexo 01,DespesaComPessoalBruta,DESPESA BRUTA COM PESSOAL (I),<MR-7>,845123369.47,4030961,Paraíba
2025,1,PB,RGF-Anexo 01,DespesaComPessoalBruta,DESPESA BRUTA COM PESSOAL (I),<MR-6>,873623917.1,4030961,Paraíba
2025,1,PB,RGF-Anexo 01,DespesaComPessoalBruta,DESPESA BRUTA COM PESSOAL (I),<MR-5>,875593307.04,4030961,Paraíba
2025,1,PB,RGF-Anexo 01,DespesaComPessoalBruta,DESPESA BRUTA COM PESSOAL (I),<MR-4>,965655696.66,4030961,Paraíba
2025,1,PB,RGF-Anexo 01,DespesaComPessoalBruta,DESPESA BRUTA COM PESSOAL (I),<MR-3>,919425412.68,4030961,Paraíba
2025,1,PB,RGF-Anexo 01,DespesaComPessoalBruta,DESPESA BRUTA COM PESSOAL (I),<MR-2>,920529383.01,4030961,Paraíba
2025,1,PB,RGF-Anexo 01,DespesaComPessoalBruta,DESPESA BRUTA COM PESSOAL (I),<MR-1>,858466043.93,4030961,Paraíba
2025,1,PB,RGF-Anexo 01,DespesaComPessoalBruta,DESPESA BRUTA COM PESSOAL (I),<MR>,821081754.73,4030961,Paraíba
2025,1,PB,RGF-Anexo 01,DespesaComPessoalBruta,DESPESA BRUTA COM PESSOAL (I),TOTAL (ÚLTIMOS 12 MESES) (a),10448603990.4,4030961,Paraíba
2025,1,PB,RGF-Anexo 01,DespesaComPessoalAtivoBruta,Pessoal Ativo,<MR-11>,571318002.7,4030961,Paraíba
2025,1,PB,RGF-Anexo 01,DespesaComPessoalAtivoBruta,Pessoal Ativo,<MR-10>,539244211.07,4030961,Paraíba
2025,1,PB,RGF-Anexo 01,DespesaComPessoalAtivoBruta,Pessoal Ativo,<MR-9>,591650399.95,4030961,Paraíba
2025,1,PB,RGF-Anexo 01,DespesaComPessoalAtivoBruta,Pessoal Ativo,<MR-8>,597078970.76,4030961,Paraíba
2025,1,PB,RGF-Anexo 01,DespesaComPessoalAtivoBruta,Pessoal Ativo,<MR-7>,571028357.22,4030961,Paraíba
2025,1,PB,RGF-Anexo 01,DespesaComPessoalAtivoBruta,Pessoal Ativo,<MR-6>,598220477.33,4030961,Paraíba
2025,1,PB,RGF-Anexo 01,DespesaComPessoalAtivoBruta,Pessoal Ativo,<MR-5>,596211521.89,4030961,Paraíba
2025,1,PB,RGF-Anexo 01,DespesaComPessoalAtivoBruta,Pessoal Ativo,<MR-4>,676542718.78,4030961,Paraíba
2025,1,PB,RGF-Anexo 01,DespesaComPessoalAtivoBruta,Pessoal Ativo,<MR-3>,686003042.55,4030961,Paraíba
2025,1,PB,RGF-Anexo 01,DespesaComPessoalAtivoBruta,Pessoal Ativo,<MR-2>,638408966.16,4030961,Paraíba
2025,1,PB,RGF-Anexo 01,DespesaComPessoalAtivoBruta,Pessoal Ativo,<MR-1>,618600645.56,4030961,Paraíba
2025,1,PB,RGF-Anexo 01,DespesaComPessoalAtivoBruta,Pessoal Ativo,<MR>,618268626.83,4030961,Paraíba
2025,1,PB,RGF-Anexo 01,DespesaComPessoalAtivoBruta,Pessoal Ativo,TOTAL (ÚLTIMOS 12 MESES) (a),7302575940.8,4030961,Paraíba
2025,1,PB,RGF-Anexo 01,DespesaComPessoalInativoEPensionistasBruta,Pessoal Inativo e Pensionistas,<MR-11>,271101878.92,4030961,Paraíba
2025,1,PB,RGF-Anexo 01,DespesaComPessoalInativoEPensionistasBruta,Pessoal Inativo e Pensionistas,<MR-10>,251850352.44,4030961,Paraíba
2025,1,PB,RGF-Anexo 01,DespesaComPessoalInativoEPensionistasBruta,Pessoal Inativo e Pensionistas,<MR-9>,273373346.31,4030961,Paraíba
2025,1,PB,RGF-Anexo 01,DespesaComPessoalInativoEPensionistasBruta,Pessoal Inativo e Pensionistas,<MR-8>,273487943.63,4030961,Paraíba
2025,1,PB,RGF-Anexo 01,DespesaComPessoalInativoEPensionistasBruta,Pessoal Inativo e Pensionistas,<MR-7>,274095012.25,4030961,Paraíba
2025,1,PB,RGF-Anexo 01,DespesaComPessoalInativoEPensionistasBruta,Pessoal Inativo e Pensionistas,<MR-6>,275403439.77,4030961,Paraíba
2025,1,PB,RGF-Anexo 01,DespesaComPessoalInativoEPensionistasBruta,Pessoal Inativo e Pensionistas,<MR-5>,279381785.15,4030961,Paraíba
2025,1,PB,RGF-Anexo 01,DespesaComPessoalInativoEPensionistasBruta,Pessoal Inativo e Pensionistas,<MR-4>,289112977.88,4030961,Paraíba
2025,1,PB,RGF-Anexo 01,DespesaComPessoalInativoEPensionistasBruta,Pessoal Inativo e Pensionistas,<MR-3>,233422370.13,4030961,Paraíba
2025,1,PB,RGF-Anexo 01,DespesaComPessoalInativoEPensionistasBruta,Pessoal Inativo e Pensionistas,<MR-2>,282120416.85,4030961,Paraíba
2025,1,PB,RGF-Anexo 01,DespesaComPessoalInativoEPensionistasBruta,Pessoal Inativo e Pensionistas,<MR-1>,239865398.37,4030961,Paraíba
2025,1,PB,RGF-Anexo 01,DespesaComPessoalInativoEPensionistasBruta,Pessoal Inativo e Pensionistas,<MR>,202813127.9,4030961,Paraíba
2025,1,PB,RGF-Anexo 01,DespesaComPessoalInativoEPensionistasBruta,Pessoal Inativo e Pensionistas,TOTAL (ÚLTIMOS 12 MESES) (a),3146028049.6,4030961,Paraíba
2025,1,PB,RGF-Anexo 01,DespesaComPessoalLiquida,DESPESA LÍQUIDA COM PESSOAL (III) = (I - II),<MR-11>,743872503.44,4030961,Paraíba
2025,1,PB,RGF-Anexo 01,DespesaComPessoalLiquida,DESPESA LÍQUIDA COM PESSOAL (III) = (I - II),<MR-10>,722985472.3,4030961,Paraíba
2025,1,PB,RGF-Anexo 01,DespesaComPessoalLiquida,DESPESA LÍQUIDA COM PESSOAL (III) = (I - II),<MR-9>,752633240.99,4030961,Paraíba
2025,1,PB,RGF-Anexo 01,DespesaComPessoalLiquida,DESPESA LÍQUIDA COM PESSOAL (III) = (I - II),<MR-8>,777150797.68,4030961,Paraíba
2025,1,PB,RGF-Anexo 01,DespesaComPessoalLiquida,DESPESA LÍQUIDA COM PESSOAL (III) = (I - II),<MR-7>,747025656.07,4030961,Paraíba
2025,1,PB,RGF-Anexo 01,DespesaComPessoalLiquida,DESPESA LÍQUIDA COM PESSOAL (III) = (I - II),<MR-6>,777333194.6,4030961,Paraíba
2025,1,PB,RGF-Anexo 01,DespesaComPessoalLiquida,DESPESA LÍQUIDA COM PESSOAL (III) = (I - II),<MR-5>,777836827.76,4030961,Paraíba
2025,1,PB,RGF-Anexo 01,DespesaComPessoalLiquida,DESPESA LÍQUIDA COM PESSOAL (III) = (I - II),<MR-4>,836451877.43,4030961,Paraíba
2025,1,PB,RGF-Anexo 01,DespesaComPessoalLiquida,DESPESA LÍQUIDA COM PESSOAL (III) = (I - II),<MR-3>,815628988.41,4030961,Paraíba
2025,1,PB,RGF-Anexo 01,DespesaComPessoalLiquida,DESPESA LÍQUIDA COM PESSOAL (III) = (I - II),<MR-2>,786839870.65,4030961,Paraíba
2025,1,PB,RGF-Anexo 01,DespesaComPessoalLiquida,DESPESA LÍQUIDA COM PESSOAL (III) = (I - II),<MR-1>,778422410.59,4030961,Paraíba
2025,1,PB,RGF-Anexo 01,DespesaComPessoalLiquida,DESPESA LÍQUIDA COM PESSOAL (III) = (I - II),<MR>,778281173.09,4030961,Paraíba
2025,1,PB,RGF-Anexo 01,DespesaComPessoalLiquida,DESPESA LÍQUIDA COM PESSOAL (III) = (I - II),TOTAL (ÚLTIMOS 12 MESES) (a),9294462013.01,4030961,Paraíba
2025,1,PB,RGF-Anexo 01,ReceitaCorrenteLiquidaLimiteLegal,RECEITA CORRENTE LIQUIDA - RCL (IV),Valor,19534255175.72,4030961,Paraíba
2025,1,PB,RGF-Anexo 01,DespesaComPessoalTotal,DESPESA TOTAL COM PESSOAL - DTP (VI) = (IIIa + IIIb),Valor,9294462013.01,4030961,Paraíba
2025,1,PB,RGF-Anexo 01,DespesaComPessoalTotal,DESPESA TOTAL COM PESSOAL - DTP (VI) = (IIIa + IIIb),% sobre a RCL Ajustada,47.66,4030961,Paraíba
2025,1,PB,RGF-Anexo 02,DividaConsolidada,DÍVIDA CONSOLIDADA - DC (I),SALDO DO EXERCÍCIO ANTERIOR,7467178344.61,4030961,Paraíba
2025,1,PB,RGF-Anexo 02,DividaConsolidada,DÍVIDA CONSOLIDADA - DC (I),Até o 1º Quadrimestre,7412239285.69,4030961,Paraíba
2025,1,PB,RGF-Anexo 02,DividaContratual,Dívida Contratual,SALDO DO EXERCÍCIO ANTERIOR,2852360984.43,4030961,Paraíba
2025,1,PB,RGF-Anexo 02,DividaContratual,Dívida Contratual,Até o 1º Quadrimestre,2806385550.38,4030961,Paraíba
2025,1,PB,RGF-Anexo 02,DividaConsolidadaLiquida,DÍVIDA CONSOLIDADA LÍQUIDA (DCL) (III) = (I - II),SALDO DO EXERCÍCIO ANTERIOR,-448693341.72,4030961,Paraíba
2025,1,PB,RGF-Anexo 02,DividaConsolidadaLiquida,DÍVIDA CONSOLIDADA LÍQUIDA (DCL) (III) = (I - II),Até o 1º Quadrimestre,-1804452458.75,4030961,Paraíba
2025,2,PB,RGF-Anexo 01,DespesaComPessoalBruta,DESPESA BRUTA COM PESSOAL (I),<MR-11>,845123369.47,4030961,Paraíba
2025,2,PB,RGF-Anexo 01,DespesaComPessoalBruta,DESPESA BRUTA COM PESSOAL (I),<MR-10>,873623917.1,4030961,Paraíba
2025,2,PB,RGF-Anexo 01,DespesaComPessoalBruta,DESPESA BRUTA COM PESSOAL (I),<MR-9>,875593307.04,4030961,Paraíba
2025,2,PB,RGF-Anexo 01,DespesaComPessoalBruta,DESPESA BRUTA COM PESSOAL (I),<MR-8>,965655696.66,4030961,Paraíba
2025,2,PB,RGF-Anexo 01,DespesaComPessoalBruta,DESPESA BRUTA COM PESSOAL (I),<MR-7>,919425412.68,4030961,Paraíba
2025,2,PB,RGF-Anexo 01,DespesaComPessoalBruta,DESPESA BRUTA COM PESSOAL (I),<MR-6>,920529383.01,4030961,Paraíba
2025,2,PB,RGF-Anexo 01,DespesaComPessoalBruta,DESPESA BRUTA COM PESSOAL (I),<MR-5>,858466043.93,4030961,Paraíba
2025,2,PB,RGF-Anexo 01,DespesaComPessoalBruta,DESPESA BRUTA COM PESSOAL (I),<MR-4>,821081754.73,4030961,Paraíba
2025,2,PB,RGF-Anexo 01,DespesaComPessoalBruta,DESPESA BRUTA COM PESSOAL (I),<MR-3>,868148959.28,4030961,Paraíba
2025,2,PB,RGF-Anexo 01,DespesaComPessoalBruta,DESPESA BRUTA COM PESSOAL (I),<MR-2>,800087728.65,4030961,Paraíba
2025,2,PB,RGF-Anexo 01,DespesaComPessoalBruta,DESPESA BRUTA COM PESSOAL (I),<MR-1>,884083444.23,4030961,Paraíba
2025,2,PB,RGF-Anexo 01,DespesaComPessoalBruta,DESPESA BRUTA COM PESSOAL (I),<MR>,891974476.82,4030961,Paraíba
2025,2,PB,RGF-Anexo 01,DespesaComPessoalBruta,DESPESA BRUTA COM PESSOAL (I),TOTAL (ÚLTIMOS 12 MESES) (a),10523793493.6,4030961,Paraíba
2025,2,PB,RGF-Anexo 01,DespesaComPessoalAtivoBruta,Pessoal Ativo,<MR-11>,571028357.22,4030961,Paraíba
2025,2,PB,RGF-Anexo 01,DespesaComPessoalAtivoBruta,Pessoal Ativo,<MR-10>,598220477.33,4030961,Paraíba
2025,2,PB,RGF-Anexo 01,DespesaComPessoalAtivoBruta,Pessoal Ativo,<MR-9>,596211521.89,4030961,Paraíba
2025,2,PB,RGF-Anexo 01,DespesaComPessoalAtivoBruta,Pessoal Ativo,<MR-8>,676542718.78,4030961,Paraíba
2025,2,PB,RGF-Anexo 01,DespesaComPessoalAtivoBruta,Pessoal Ativo,<MR-7>,686003042.55,4030961,Paraíba
2025,2,PB,RGF-Anexo 01,DespesaComPessoalAtivoBruta,Pessoal Ativo,<MR-6>,638408966.16,4030961,Paraíba
2025,2,PB,RGF-Anexo 01,DespesaComPessoalAtivoBruta,Pessoal Ativo,<MR-5>,618600645.56,4030961,Paraíba
2025,2,PB,RGF-Anexo 01,DespesaComPessoalAtivoBruta,Pessoal Ativo,<MR-4>,618268626.83,4030961,Paraíba
2025,2,PB,RGF-Anexo 01,DespesaComPessoalAtivoBruta,Pessoal Ativo,<MR-3>,626808908.0,4030961,Paraíba
2025,2,PB,RGF-Anexo 01,DespesaComPessoalAtivoBruta,Pessoal Ativo,<MR-2>,567211673.13,4030961,Paraíba
2025,2,PB,RGF-Anexo 01,DespesaComPessoalAtivoBruta,Pessoal Ativo,<MR-1>,640216672.34,4030961,Paraíba
2025,2,PB,RGF-Anexo 01,DespesaComPessoalAtivoBruta,Pessoal Ativo,<MR>,647600682.35,4030961,Paraíba
2025,2,PB,RGF-Anexo 01,DespesaComPessoalAtivoBruta,Pessoal Ativo,TOTAL (ÚLTIMOS 12 MESES) (a),7485122292.14,4030961,Paraíba
2025,2,PB,RGF-Anexo 01,DespesaComPessoalInativoEPensionistasBruta,Pessoal Inativo e Pensionistas,<MR-11>,274095012.25,4030961,Paraíba
2025,2,PB,RGF-Anexo 01,DespesaComPessoalInativoEPensionistasBruta,Pessoal Inativo e Pensionistas,<MR-10>,275403439.77,4030961,Paraíba
2025,2,PB,RGF-Anexo 01,DespesaComPessoalInativoEPensionistasBruta,Pessoal Inativo e Pensionistas,<MR-9>,279381785.15,4030961,Paraíba
2025,2,PB,RGF-Anexo 01,DespesaComPessoalInativoEPensionistasBruta,Pessoal Inativo e Pensionistas,<MR-8>,289112977.88,4030961,Paraíba
2025,2,PB,RGF-Anexo 01,DespesaComPessoalInativoEPensionistasBruta,Pessoal Inativo e Pensionistas,<MR-7>,233422370.13,4030961,Paraíba
2025,2,PB,RGF-Anexo 01,DespesaComPessoalInativoEPensionistasBruta,Pessoal Inativo e Pensionistas,<MR-6>,282120416.85,4030961,Paraíba
2025,2,PB,RGF-Anexo 01,DespesaComPessoalInativoEPensionistasBruta,Pessoal Inativo e Pensionistas,<MR-5>,239865398.37,4030961,Paraíba
2025,2,PB,RGF-Anexo 01,DespesaComPessoalInativoEPensionistasBruta,Pessoal Inativo e Pensionistas,<MR-4>,202813127.9,4030961,Paraíba
2025,2,PB,RGF-Anexo 01,DespesaComPessoalInativoEPensionistasBruta,Pessoal Inativo e Pensionistas,<MR-3>,241340051.28,4030961,Paraíba
2025,2,PB,RGF-Anexo 01,DespesaComPessoalInativoEPensionistasBruta,Pessoal Inativo e Pensionistas,<MR-2>,232876055.52,4030961,Paraíba
2025,2,PB,RGF-Anexo 01,DespesaComPessoalInativoEPensionistasBruta,Pessoal Inativo e Pensionistas,<MR-1>,243866771.89,4030961,Paraíba
2025,2,PB,RGF-Anexo 01,DespesaComPessoalInativoEPensionistasBruta,Pessoal Inativo e Pensionistas,<MR>,244373794.47,4030961,Paraíba
2025,2,PB,RGF-Anexo 01,DespesaComPessoalInativoEPensionistasBruta,Pessoal Inativo e Pensionistas,TOTAL (ÚLTIMOS 12 MESES) (a),3038671201.46,4030961,Paraíba
2025,2,PB,RGF-Anexo 01,DespesaComPessoalLiquida,DESPESA LÍQUIDA COM PESSOAL (III) = (I - II),<MR-11>,747025656.07,4030961,Paraíba
2025,2,PB,RGF-Anexo 01,DespesaComPessoalLiquida,DESPESA LÍQUIDA COM PESSOAL (III) = (I - II),<MR-10>,777333194.6,4030961,Paraíba
2025,2,PB,RGF-Anexo 01,DespesaComPessoalLiquida,DESPESA LÍQUIDA COM PESSOAL (III) = (I - II),<MR-9>,777836827.76,4030961,Paraíba
2025,2,PB,RGF-Anexo 01,DespesaComPessoalLiquida,DESPESA LÍQUIDA COM PESSOAL (III) = (I - II),<MR-8>,836451877.43,4030961,Paraíba
2025,2,PB,RGF-Anexo 01,DespesaComPessoalLiquida,DESPESA LÍQUIDA COM PESSOAL (III) = (I - II),<MR-7>,815628988.41,4030961,Paraíba
2025,2,PB,RGF-Anexo 01,DespesaComPessoalLiquida,DESPESA LÍQUIDA COM PESSOAL (III) = (I - II),<MR-6>,786839870.65,4030961,Paraíba
2025,2,PB,RGF-Anexo 01,DespesaComPessoalLiquida,DESPESA LÍQUIDA COM PESSOAL (III) = (I - II),<MR-5>,778422410.59,4030961,Paraíba
2025,2,PB,RGF-Anexo 01,DespesaComPessoalLiquida,DESPESA LÍQUIDA COM PESSOAL (III) = (I - II),<MR-4>,778281173.09,4030961,Paraíba
2025,2,PB,RGF-Anexo 01,DespesaComPessoalLiquida,DESPESA LÍQUIDA COM PESSOAL (III) = (I - II),<MR-3>,796223725.41,4030961,Paraíba
2025,2,PB,RGF-Anexo 01,DespesaComPessoalLiquida,DESPESA LÍQUIDA COM PESSOAL (III) = (I - II),<MR-2>,739606138.3,4030961,Paraíba
2025,2,PB,RGF-Anexo 01,DespesaComPessoalLiquida,DESPESA LÍQUIDA COM PESSOAL (III) = (I - II),<MR-1>,802486494.79,4030961,Paraíba
2025,2,PB,RGF-Anexo 01,DespesaComPessoalLiquida,DESPESA LÍQUIDA COM PESSOAL (III) = (I - II),<MR>,778944568.03,4030961,Paraíba
2025,2,PB,RGF-Anexo 01,DespesaComPessoalLiquida,DESPESA LÍQUIDA COM PESSOAL (III) = (I - II),TOTAL (ÚLTIMOS 12 MESES) (a),9415080925.13,4030961,Paraíba
2025,2,PB,RGF-Anexo 01,ReceitaCorrenteLiquidaLimiteLegal,RECEITA CORRENTE LIQUIDA - RCL (IV),Valor,20298724031.41,4030961,Paraíba
2025,2,PB,RGF-Anexo 01,DespesaComPessoalTotal,DESPESA TOTAL COM PESSOAL - DTP (VI) = (IIIa + IIIb),Valor,9415080925.13,4030961,Paraíba
2025,2,PB,RGF-Anexo 01,DespesaComPessoalTotal,DESPESA TOTAL COM PESSOAL - DTP (VI) = (IIIa + IIIb),% sobre a RCL Ajustada,46.41,4030961,Paraíba
2025,2,PB,RGF-Anexo 02,DividaConsolidada,DÍVIDA CONSOLIDADA - DC (I),SALDO DO EXERCÍCIO ANTERIOR,7467178344.61,4030961,Paraíba
2025,2,PB,RGF-Anexo 02,DividaConsolidada,DÍVIDA CONSOLIDADA - DC (I),Até o 1º Quadrimestre,7412239285.69,4030961,Paraíba
2025,2,PB,RGF-Anexo 02,DividaConsolidada,DÍVIDA CONSOLIDADA - DC (I),Até o 2º Quadrimestre,7278362619.2,4030961,Paraíba
2025,2,PB,RGF-Anexo 02,DividaContratual,Dívida Contratual,SALDO DO EXERCÍCIO ANTERIOR,2852360984.43,4030961,Paraíba
2025,2,PB,RGF-Anexo 02,DividaContratual,Dívida Contratual,Até o 1º Quadrimestre,2806385550.38,4030961,Paraíba
2025,2,PB,RGF-Anexo 02,DividaContratual,Dívida Contratual,Até o 2º Quadrimestre,2801071875.43,4030961,Paraíba
2025,2,PB,RGF-Anexo 02,DividaConsolidadaLiquida,DÍVIDA CONSOLIDADA LÍQUIDA (DCL) (III) = (I - II),SALDO DO EXERCÍCIO ANTERIOR,-448693341.72,4030961,Paraíba
2025,2,PB,RGF-Anexo 02,DividaConsolidadaLiquida,DÍVIDA CONSOLIDADA LÍQUIDA (DCL) (III) = (I - II),Até o 1º Quadrimestre,-1804452458.75,4030961,Paraíba
2025,2,PB,RGF-Anexo 02,DividaConsolidadaLiquida,DÍVIDA CONSOLIDADA LÍQUIDA (DCL) (III) = (I - II),Até o 2º Quadrimestre,-1678640676.51,4030961,Paraíba
2025,3,PB,RGF-Anexo 01,DespesaComPessoalBruta,DESPESA BRUTA COM PESSOAL (I),<MR-11>,919425412.68,4030961,Paraíba
2025,3,PB,RGF-Anexo 01,DespesaComPessoalBruta,DESPESA BRUTA COM PESSOAL (I),<MR-10>,920529383.01,4030961,Paraíba
2025,3,PB,RGF-Anexo 01,DespesaComPessoalBruta,DESPESA BRUTA COM PESSOAL (I),<MR-9>,858466043.93,4030961,Paraíba
2025,3,PB,RGF-Anexo 01,DespesaComPessoalBruta,DESPESA BRUTA COM PESSOAL (I),<MR-8>,821081754.73,4030961,Paraíba
2025,3,PB,RGF-Anexo 01,DespesaComPessoalBruta,DESPESA BRUTA COM PESSOAL (I),<MR-7>,868148959.28,4030961,Paraíba
2025,3,PB,RGF-Anexo 01,DespesaComPessoalBruta,DESPESA BRUTA COM PESSOAL (I),<MR-6>,800087728.65,4030961,Paraíba
2025,3,PB,RGF-Anexo 01,DespesaComPessoalBruta,DESPESA BRUTA COM PESSOAL (I),<MR-5>,884083444.23,4030961,Paraíba
2025,3,PB,RGF-Anexo 01,DespesaComPessoalBruta,DESPESA BRUTA COM PESSOAL (I),<MR-4>,891974476.82,4030961,Paraíba
2025,3,PB,RGF-Anexo 01,DespesaComPessoalBruta,DESPESA BRUTA COM PESSOAL (I),<MR-3>,892046866.92,4030961,Paraíba
2025,3,PB,RGF-Anexo 01,DespesaComPessoalBruta,DESPESA BRUTA COM PESSOAL (I),<MR-2>,906104485.7,4030961,Paraíba
2025,3,PB,RGF-Anexo 01,DespesaComPessoalBruta,DESPESA BRUTA COM PESSOAL (I),<MR-1>,896755060.72,4030961,Paraíba
2025,3,PB,RGF-Anexo 01,DespesaComPessoalBruta,DESPESA BRUTA COM PESSOAL (I),<MR>,1012367472.79,4030961,Paraíba
2025,3,PB,RGF-Anexo 01,DespesaComPessoalBruta,DESPESA BRUTA COM PESSOAL (I),TOTAL (ÚLTIMOS 12 MESES) (a),10671071089.46,4030961,Paraíba
2025,3,PB,RGF-Anexo 01,DespesaComPessoalAtivoBruta,Pessoal Ativo,<MR-11>,686003042.55,4030961,Paraíba
2025,3,PB,RGF-Anexo 01,DespesaComPessoalAtivoBruta,Pessoal Ativo,<MR-10>,638408966.16,4030961,Paraíba
2025,3,PB,RGF-Anexo 01,DespesaComPessoalAtivoBruta,Pessoal Ativo,<MR-9>,618600645.56,4030961,Paraíba
2025,3,PB,RGF-Anexo 01,DespesaComPessoalAtivoBruta,Pessoal Ativo,<MR-8>,618268626.83,4030961,Paraíba
2025,3,PB,RGF-Anexo 01,DespesaComPessoalAtivoBruta,Pessoal Ativo,<MR-7>,626808908.0,4030961,Paraíba
2025,3,PB,RGF-Anexo 01,DespesaComPessoalAtivoBruta,Pessoal Ativo,<MR-6>,567211673.13,4030961,Paraíba
2025,3,PB,RGF-Anexo 01,DespesaComPessoalAtivoBruta,Pessoal Ativo,<MR-5>,640216672.34,4030961,Paraíba
2025,3,PB,RGF-Anexo 01,DespesaComPessoalAtivoBruta,Pessoal Ativo,<MR-4>,647600682.35,4030961,Paraíba
2025,3,PB,RGF-Anexo 01,DespesaComPessoalAtivoBruta,Pessoal Ativo,<MR-3>,646679500.62,4030961,Paraíba
2025,3,PB,RGF-Anexo 01,DespesaComPessoalAtivoBruta,Pessoal Ativo,<MR-2>,660094713.53,4030961,Paraíba
2025,3,PB,RGF-Anexo 01,DespesaComPessoalAtivoBruta,Pessoal Ativo,<MR-1>,648833301.76,4030961,Paraíba
2025,3,PB,RGF-Anexo 01,DespesaComPessoalAtivoBruta,Pessoal Ativo,<MR>,757777058.72,4030961,Paraíba
2025,3,PB,RGF-Anexo 01,DespesaComPessoalAtivoBruta,Pessoal Ativo,TOTAL (ÚLTIMOS 12 MESES) (a),7756503791.55,4030961,Paraíba
2025,3,PB,RGF-Anexo 01,DespesaComPessoalInativoEPensionistasBruta,Pessoal Inativo e Pensionistas,<MR-11>,233422370.13,4030961,Paraíba
2025,3,PB,RGF-Anexo 01,DespesaComPessoalInativoEPensionistasBruta,Pessoal Inativo e Pensionistas,<MR-10>,282120416.85,4030961,Paraíba
2025,3,PB,RGF-Anexo 01,DespesaComPessoalInativoEPensionistasBruta,Pessoal Inativo e Pensionistas,<MR-9>,239865398.37,4030961,Paraíba
2025,3,PB,RGF-Anexo 01,DespesaComPessoalInativoEPensionistasBruta,Pessoal Inativo e Pensionistas,<MR-8>,202813127.9,4030961,Paraíba
2025,3,PB,RGF-Anexo 01,DespesaComPessoalInativoEPensionistasBruta,Pessoal Inativo e Pensionistas,<MR-7>,241340051.28,4030961,Paraíba
2025,3,PB,RGF-Anexo 01,DespesaComPessoalInativoEPensionistasBruta,Pessoal Inativo e Pensionistas,<MR-6>,232876055.52,4030961,Paraíba
2025,3,PB,RGF-Anexo 01,DespesaComPessoalInativoEPensionistasBruta,Pessoal Inativo e Pensionistas,<MR-5>,243866771.89,4030961,Paraíba
2025,3,PB,RGF-Anexo 01,DespesaComPessoalInativoEPensionistasBruta,Pessoal Inativo e Pensionistas,<MR-4>,244373794.47,4030961,Paraíba
2025,3,PB,RGF-Anexo 01,DespesaComPessoalInativoEPensionistasBruta,Pessoal Inativo e Pensionistas,<MR-3>,245367366.3,4030961,Paraíba
2025,3,PB,RGF-Anexo 01,DespesaComPessoalInativoEPensionistasBruta,Pessoal Inativo e Pensionistas,<MR-2>,246009772.17,4030961,Paraíba
2025,3,PB,RGF-Anexo 01,DespesaComPessoalInativoEPensionistasBruta,Pessoal Inativo e Pensionistas,<MR-1>,247921758.96,4030961,Paraíba
2025,3,PB,RGF-Anexo 01,DespesaComPessoalInativoEPensionistasBruta,Pessoal Inativo e Pensionistas,<MR>,254590414.07,4030961,Paraíba
2025,3,PB,RGF-Anexo 01,DespesaComPessoalInativoEPensionistasBruta,Pessoal Inativo e Pensionistas,TOTAL (ÚLTIMOS 12 MESES) (a),2914567297.91,4030961,Paraíba
2025,3,PB,RGF-Anexo 01,DespesaComPessoalLiquida,DESPESA LÍQUIDA COM PESSOAL (III) = (I - II),<MR-11>,815628988.41,4030961,Paraíba
2025,3,PB,RGF-Anexo 01,DespesaComPessoalLiquida,DESPESA LÍQUIDA COM PESSOAL (III) = (I - II),<MR-10>,786839870.65,4030961,Paraíba
2025,3,PB,RGF-Anexo 01,DespesaComPessoalLiquida,DESPESA LÍQUIDA COM PESSOAL (III) = (I - II),<MR-9>,778422410.59,4030961,Paraíba
2025,3,PB,RGF-Anexo 01,DespesaComPessoalLiquida,DESPESA LÍQUIDA COM PESSOAL (III) = (I - II),<MR-8>,778281173.09,4030961,Paraíba
2025,3,PB,RGF-Anexo 01,DespesaComPessoalLiquida,DESPESA LÍQUIDA COM PESSOAL (III) = (I - II),<MR-7>,796223725.41,4030961,Paraíba
2025,3,PB,RGF-Anexo 01,DespesaComPessoalLiquida,DESPESA LÍQUIDA COM PESSOAL (III) = (I - II),<MR-6>,739606138.3,4030961,Paraíba
2025,3,PB,RGF-Anexo 01,DespesaComPessoalLiquida,DESPESA LÍQUIDA COM PESSOAL (III) = (I - II),<MR-5>,802486494.79,4030961,Paraíba
2025,3,PB,RGF-Anexo 01,DespesaComPessoalLiquida,DESPESA LÍQUIDA COM PESSOAL (III) = (I - II),<MR-4>,778944568.03,4030961,Paraíba
2025,3,PB,RGF-Anexo 01,DespesaComPessoalLiquida,DESPESA LÍQUIDA COM PESSOAL (III) = (I - II),<MR-3>,753200042.23,4030961,Paraíba
2025,3,PB,RGF-Anexo 01,DespesaComPessoalLiquida,DESPESA LÍQUIDA COM PESSOAL (III) = (I - II),<MR-2>,781734277.75,4030961,Paraíba
2025,3,PB,RGF-Anexo 01,DespesaComPessoalLiquida,DESPESA LÍQUIDA COM PESSOAL (III) = (I - II),<MR-1>,793688244.34,4030961,Paraíba
2025,3,PB,RGF-Anexo 01,DespesaComPessoalLiquida,DESPESA LÍQUIDA COM PESSOAL (III) = (I - II),<MR>,821916975.11,4030961,Paraíba
2025,3,PB,RGF-Anexo 01,DespesaComPessoalLiquida,DESPESA LÍQUIDA COM PESSOAL (III) = (I - II),TOTAL (ÚLTIMOS 12 MESES) (a),9426972908.7,4030961,Paraíba
2025,3,PB,RGF-Anexo 01,ReceitaCorrenteLiquidaLimiteLegal,RECEITA CORRENTE LIQUIDA - RCL (IV),Valor,21120659776.55,4030961,Paraíba
2025,3,PB,RGF-Anexo 01,DespesaComPessoalTotal,DESPESA TOTAL COM PESSOAL - DTP (VI) = (IIIa + IIIb),Valor,9426972908.7,4030961,Paraíba
2025,3,PB,RGF-Anexo 01,DespesaComPessoalTotal,DESPESA TOTAL COM PESSOAL - DTP (VI) = (IIIa + IIIb),% sobre a RCL Ajustada,44.74,4030961,Paraíba
2025,3,PB,RGF-Anexo 02,DividaConsolidada,DÍVIDA CONSOLIDADA - DC (I),SALDO DO EXERCÍCIO ANTERIOR,7467178344.61,4030961,Paraíba
2025,3,PB,RGF-Anexo 02,DividaConsolidada,DÍVIDA CONSOLIDADA - DC (I),Até o 1º Quadrimestre,7412239285.69,4030961,Paraíba
2025,3,PB,RGF-Anexo 02,DividaConsolidada,DÍVIDA CONSOLIDADA - DC (I),Até o 2º Quadrimestre,7278362619.2,4030961,Paraíba
2025,3,PB,RGF-Anexo 02,DividaConsolidada,DÍVIDA CONSOLIDADA - DC (I),Até o 3º Quadrimestre,8388202746.45,4030961,Paraíba
2025,3,PB,RGF-Anexo 02,DividaContratual,Dívida Contratual,SALDO DO EXERCÍCIO ANTERIOR,2852360984.43,4030961,Paraíba
2025,3,PB,RGF-Anexo 02,DividaContratual,Dívida Contratual,Até o 1º Quadrimestre,2806385550.38,4030961,Paraíba
2025,3,PB,RGF-Anexo 02,DividaContratual,Dívida Contratual,Até o 2º Quadrimestre,2801071875.43,4030961,Paraíba
2025,3,PB,RGF-Anexo 02,DividaContratual,Dívida Contratual,Até o 3º Quadrimestre,3544564700.04,4030961,Paraíba
2025,3,PB,RGF-Anexo 02,DividaConsolidadaLiquida,DÍVIDA CONSOLIDADA LÍQUIDA (DCL) (III) = (I - II),SALDO DO EXERCÍCIO ANTERIOR,-448693341.72,4030961,Paraíba
2025,3,PB,RGF-Anexo 02,DividaConsolidadaLiquida,DÍVIDA CONSOLIDADA LÍQUIDA (DCL) (III) = (I - II),Até o 1º Quadrimestre,-1804452458.75,4030961,Paraíba
2025,3,PB,RGF-Anexo 02,DividaConsolidadaLiquida,DÍVIDA CONSOLIDADA LÍQUIDA (DCL) (III) = (I - II),Até o 2º Quadrimestre,-1678640676.51,4030961,Paraíba
2025,3,PB,RGF-Anexo 02,DividaConsolidadaLiquida,DÍVIDA CONSOLIDADA LÍQUIDA (DCL) (III) = (I - II),Até o 3º Quadrimestre,675407206.91,4030961,Paraíba
