cod_ibge,regiao_codigo,regiao_nome,ano,mes,admissoes,desligamentos,saldo,total_movimentacoes,salario_medio
2300150,07,Maciço do Baturité,2015,2,86,51,35,137,1072.2846715328467
2300200,05,Litoral Norte,2015,2,42,44,-2,86,1241.1279069767443
2301000,03,Grande Fortaleza,2015,2,439,650,-211,1089,1057.9540863177226
2301950,07,Maciço do Baturité,2015,2,10,3,7,13,960.7692307692307
2302800,10,Sertão de Canindé,2015,2,139,110,29,249,851.1044176706828
2303600,02,Centro Sul,2015,2,1,0,1,1,788.0
2304350,11,Sertão de Sobral,2015,2,19,16,3,35,895.8285714285714
2304400,03,Grande Fortaleza,2015,2,23825,23950,-125,47775,1100.6787859759288
2305100,07,Maciço do Baturité,2015,2,9,9,0,18,991.9444444444445
2306900,14,Vale do Jaguaribe,2015,2,38,41,-3,79,1038.3417721518988
2307650,03,Grande Fortaleza,2015,2,2059,2065,-6,4124,1008.7946168768186
2307700,03,Grande Fortaleza,2015,2,317,384,-67,701,962.3109843081312
2308500,09,Sertão Central,2015,2,19,23,-4,42,979.1428571428571
2309300,12,Sertão dos Crateús,2015,2,11,12,-1,23,968.9130434782609
2310100,07,Maciço do Baturité,2015,2,3,4,-1,7,1022.7142857142857
2311900,02,Centro Sul,2015,2,1,0,1,1,1576.0
2312700,09,Sertão Central,2015,2,14,37,-23,51,920.9019607843137
2313500,03,Grande Fortaleza,2015,2,120,40,80,160,1284.58125
2300150,07,Maciço do Baturité,2015,4,99,74,25,173,1054.1445086705203
2300200,05,Litoral Norte,2015,4,70,42,28,112,1186.0089285714287
2301000,03,Grande Fortaleza,2015,4,498,600,-102,1098,1141.5992714025501
2301950,07,Maciço do Baturité,2015,4,13,10,3,23,1198.0869565217392
2302800,10,Sertão de Canindé,2015,4,130,89,41,219,852.068493150685
2303600,02,Centro Sul,2015,4,1,0,1,1,2227.0
2304350,11,Sertão de Sobral,2015,4,5,7,-2,12,820.6666666666666
2304400,03,Grande Fortaleza,2015,4,23167,26019,-2852,49186,1108.1881226365226
2305100,07,Maciço do Baturité,2015,4,1,4,-3,5,1004.8
2306900,14,Vale do Jaguaribe,2015,4,31,31,0,62,1038.4354838709678
2307650,03,Grande Fortaleza,2015,4,1909,1982,-73,3891,1041.1960935492161
2307700,03,Grande Fortaleza,2015,4,322,330,-8,652,982.0429447852761
2308500,09,Sertão Central,2015,4,11,17,-6,28,908.8571428571429
2309300,12,Sertão dos Crateús,2015,4,19,3,16,22,1130.1818181818182
2310100,07,Maciço do Baturité,2015,4,5,13,-8,18,1211.2222222222222
2311900,02,Centro Sul,2015,4,1,1,0,2,788.0
2312700,09,Sertão Central,2015,4,63,51,12,114,1077.5263157894738
2313500,03,Grande Fortaleza,2015,4,60,49,11,109,1093.8623853211009
2300150,07,Maciço do Baturité,2015,5,68,78,-10,146,1177.1986301369864
2300200,05,Litoral Norte,2015,5,41,90,-49,131,966.3206106870228
2301000,03,Grande Fortaleza,2015,5,673,618,55,1291,1062.0759101471726
2301950,07,Maciço do Baturité,2015,5,5,30,-25,35,1092.6285714285714
2302800,10,Sertão de Canindé,2015,5,87,62,25,149,841.6107382550335
2303600,02,Centro Sul,2015,5,0,2,-2,2,788.0
2304350,11,Sertão de Sobral,2015,5,6,19,-13,25,914.48
2304400,03,Grande Fortaleza,2015,5,25056,25722,-666,50778,1100.6478002284455
2305100,07,Maciço do Baturité,2015,5,0,5,-5,5,974.4
2306900,14,Vale do Jaguaribe,2015,5,42,16,26,58,1066.2241379310344
2307650,03,Grande Fortaleza,2015,5,1920,2226,-306,4146,1051.4729860106127
2307700,03,Grande Fortaleza,2015,5,359,373,-14,732,961.3838797814208
2308500,09,Sertão Central,2015,5,15,13,2,28,944.7142857142857
2309300,12,Sertão dos Crateús,2015,5,11,6,5,17,1321.6470588235295
2310100,07,Maciço do Baturité,2015,5,12,5,7,17,884.0588235294117
2311900,02,Centro Sul,2015,5,0,1,-1,1,788.0
2312700,09,Sertão Central,2015,5,19,24,-5,43,1097.7674418604652
2313500,03,Grande Fortaleza,2015,5,45,99,-54,144,1295.263888888889
2300150,07,Maciço do Baturité,2015,6,48,48,0,96,1123.1979166666667
2300200,05,Litoral Norte,2015,6,41,115,-74,156,978.8461538461538
2301000,03,Grande Fortaleza,2015,6,808,550,258,1358,1074.7665684830633
2301950,07,Maciço do Baturité,2015,6,15,12,3,27,1362.851851851852
2302800,10,Sertão de Canindé,2015,6,97,85,12,182,841.6538461538462
2303600,02,Centro Sul,2015,6,0,2,-2,2,788.0
2304350,11,Sertão de Sobral,2015,6,11,18,-7,29,864.2758620689655
2304400,03,Grande Fortaleza,2015,6,25016,24939,77,49955,1122.6131118006206
2305100,07,Maciço do Baturité,2015,6,4,4,0,8,1003.375
2306900,14,Vale do Jaguaribe,2015,6,40,36,4,76,1044.8026315789473
2307650,03,Grande Fortaleza,2015,6,1943,2182,-239,4125,1022.6955151515151
2307700,03,Grande Fortaleza,2015,6,367,355,12,722,965.0069252077562
2308500,09,Sertão Central,2015,6,9,17,-8,26,811.8846153846154
2309300,12,Sertão dos Crateús,2015,6,6,7,-1,13,1097.923076923077
2310100,07,Maciço do Baturité,2015,6,20,5,15,25,938.32
2311900,02,Centro Sul,2015,6,3,2,1,5,763.2
2312700,09,Sertão Central,2015,6,39,34,5,73,1263.041095890411
2313500,03,Grande Fortaleza,2015,6,35,67,-32,102,1170.8921568627452
2300150,07,Maciço do Baturité,2015,8,41,48,-7,89,1204.741573033708
2300200,05,Litoral Norte,2015,8,94,60,34,154,1016.1753246753246
2301000,03,Grande Fortaleza,2015,8,473,705,-232,1178,1110.581494057725
2301950,07,Maciço do Baturité,2015,8,28,12,16,40,1042.425
2302800,10,Sertão de Canindé,2015,8,59,112,-53,171,867.812865497076
2304350,11,Sertão de Sobral,2015,8,10,5,5,15,940.7333333333333
2304400,03,Grande Fortaleza,2015,8,24472,25466,-994,49938,1095.3990948776484
2305100,07,Maciço do Baturité,2015,8,6,5,1,11,1355.2727272727273
2306900,14,Vale do Jaguaribe,2015,8,33,68,-35,101,1065.6732673267327
2307650,03,Grande Fortaleza,2015,8,1927,2002,-75,3929,1150.9592771697633
2307700,03,Grande Fortaleza,2015,8,307,468,-161,775,985.4245161290322
2308500,09,Sertão Central,2015,8,15,17,-2,32,833.28125
2309300,12,Sertão dos Crateús,2015,8,12,14,-2,26,1010.1153846153846
2310100,07,Maciço do Baturité,2015,8,11,13,-2,24,909.125
2311900,02,Centro Sul,2015,8,0,1,-1,1,788.0
2312700,09,Sertão Central,2015,8,18,35,-17,53,1064.3207547169811
2313500,03,Grande Fortaleza,2015,8,52,96,-44,148,1092.4527027027027
2300150,07,Maciço do Baturité,2015,9,31,73,-42,104,1322.6634615384614
2300200,05,Litoral Norte,2015,9,88,41,47,129,1072.1937984496124
2301000,03,Grande Fortaleza,2015,9,356,551,-195,907,1216.3120176405732
2301950,07,Maciço do Baturité,2015,9,17,3,14,20,897.95
2302800,10,Sertão de Canindé,2015,9,78,60,18,138,853.6739130434783
2304350,11,Sertão de Sobral,2015,9,7,16,-9,23,931.6521739130435
2304400,03,Grande Fortaleza,2015,9,22693,24178,-1485,46871,1099.5658296174606
2305100,07,Maciço do Baturité,2015,9,10,2,8,12,1021.8333333333334
2306900,14,Vale do Jaguaribe,2015,9,37,31,6,68,1062.5588235294117
2307650,03,Grande Fortaleza,2015,9,1580,1776,-196,3356,1066.2717520858164
2307700,03,Grande Fortaleza,2015,9,447,506,-59,953,919.6547743966422
2308500,09,Sertão Central,2015,9,14,13,1,27,965.6666666666666
2309300,12,Sertão dos Crateús,2015,9,14,8,6,22,840.4090909090909
2310100,07,Maciço do Baturité,2015,9,13,6,7,19,1436.9473684210527
2311900,02,Centro Sul,2015,9,0,1,-1,1,788.0
2312700,09,Sertão Central,2015,9,9,32,-23,41,1120.8292682926829
2313500,03,Grande Fortaleza,2015,9,132,70,62,202,1061.8960396039604
2300150,07,Maciço do Baturité,2015,10,54,43,11,97,1119.4123711340205
2300200,05,Litoral Norte,2015,10,42,62,-20,104,1107.0
2301000,03,Grande Fortaleza,2015,10,428,355,73,783,1115.816091954023
2301950,07,Maciço do Baturité,2015,10,13,7,6,20,1080.75
2302800,10,Sertão de Canindé,2015,10,53,85,-32,138,908.7753623188406
2304350,11,Sertão de Sobral,2015,10,45,25,20,70,865.4428571428572
2304400,03,Grande Fortaleza,2015,10,21222,24310,-3088,45532,1098.0288368619872
2305100,07,Maciço do Baturité,2015,10,3,2,1,5,983.6
2306900,14,Vale do Jaguaribe,2015,10,36,35,1,71,1014.5492957746479
2307650,03,Grande Fortaleza,2015,10,1710,1902,-192,3612,1140.7173311184938
2307700,03,Grande Fortaleza,2015,10,351,334,17,685,941.9226277372263
2308500,09,Sertão Central,2015,10,10,13,-3,23,911.8260869565217
2309300,12,Sertão dos Crateús,2015,10,14,3,11,17,812.3529411764706
2310100,07,Maciço do Baturité,2015,10,21,10,11,31,1548.9354838709678
2311900,02,Centro Sul,2015,10,1,0,1,1,788.0
2312700,09,Sertão Central,2015,10,39,22,17,61,878.2622950819672
2313500,03,Grande Fortaleza,2015,10,80,88,-8,168,1138.142857142857
2300150,07,Maciço do Baturité,2015,12,33,70,-37,103,1179.5631067961165
2300200,05,Litoral Norte,2015,12,30,80,-50,110,1325.0
2301000,03,Grande Fortaleza,2015,12,527,372,155,899,1158.397107897664
2301950,07,Maciço do Baturité,2015,12,4,19,-15,23,1371.3478260869565
2302800,10,Sertão de Canindé,2015,12,45,63,-18,108,861.6666666666666
2304350,11,Sertão de Sobral,2015,12,2,20,-18,22,991.0454545454545
2304400,03,Grande Fortaleza,2015,12,16323,19559,-3236,35882,1100.3488935956748
2305100,07,Maciço do Baturité,2015,12,2,3,-1,5,903.4
2306900,14,Vale do Jaguaribe,2015,12,12,42,-30,54,1034.7777777777778
2307650,03,Grande Fortaleza,2015,12,1118,1662,-544,2780,1120.8147482014388
2307700,03,Grande Fortaleza,2015,12,140,166,-26,306,1014.6013071895425
2308500,09,Sertão Central,2015,12,12,12,0,24,882.3333333333334
2309300,12,Sertão dos Crateús,2015,12,2,5,-3,7,1433.5714285714287
2310100,07,Maciço do Baturité,2015,12,15,7,8,22,1529.7272727272727
2312700,09,Sertão Central,2015,12,16,30,-14,46,817.9565217391304
2313500,03,Grande Fortaleza,2015,12,42,103,-61,145,1084.0275862068966
2300150,07,Maciço do Baturité,2016,1,27,39,-12,66,1181.560606060606
2300200,05,Litoral Norte,2016,1,91,87,4,178,1196.1516853932585
2301000,03,Grande Fortaleza,2016,1,590,502,88,1092,1136.0384615384614
2301950,07,Maciço do Baturité,2016,1,11,17,-6,28,1010.8928571428571
2302800,10,Sertão de Canindé,2016,1,81,114,-33,195,928.2564102564103
2304350,11,Sertão de Sobral,2016,1,13,23,-10,36,1040.8055555555557
2304400,03,Grande Fortaleza,2016,1,19494,23560,-4066,43054,1148.9866214521298
2305100,07,Maciço do Baturité,2016,1,3,1,2,4,887.5
2306900,14,Vale do Jaguaribe,2016,1,43,23,20,66,1050.8181818181818
2307650,03,Grande Fortaleza,2016,1,1846,1908,-62,3754,1085.1803409696324
2307700,03,Grande Fortaleza,2016,1,275,300,-25,575,1005.9947826086957
2308500,09,Sertão Central,2016,1,19,17,2,36,889.2222222222222
2309300,12,Sertão dos Crateús,2016,1,6,10,-4,16,1028.375
2310100,07,Maciço do Baturité,2016,1,55,23,32,78,1395.8589743589744
2311900,02,Centro Sul,2016,1,2,2,0,4,1545.5
2312700,09,Sertão Central,2016,1,16,23,-7,39,991.5641025641025
2313500,03,Grande Fortaleza,2016,1,83,64,19,147,1165.6530612244899
2300150,07,Maciço do Baturité,2016,2,60,56,4,116,1136.5344827586207
2300200,05,Litoral Norte,2016,2,131,65,66,196,1469.3469387755101
2301000,03,Grande Fortaleza,2016,2,460,715,-255,1175,1200.9251063829788
2301950,07,Maciço do Baturité,2016,2,2,9,-7,11,1447.090909090909
2302800,10,Sertão de Canindé,2016,2,207,81,126,288,818.4548611111111
2303600,02,Centro Sul,2016,2,0,4,-4,4,1051.75
2304350,11,Sertão de Sobral,2016,2,7,3,4,10,1192.2
2304400,03,Grande Fortaleza,2016,2,19733,20071,-338,39804,1155.2677620339664
2305100,07,Maciço do Baturité,2016,2,3,7,-4,10,910.7
2306900,14,Vale do Jaguaribe,2016,2,22,28,-6,50,1089.6
2307650,03,Grande Fortaleza,2016,2,1515,1964,-449,3479,1123.7254958321357
2307700,03,Grande Fortaleza,2016,2,326,502,-176,828,1032.0712560386473
2308500,09,Sertão Central,2016,2,11,10,1,21,960.8571428571429
2309300,12,Sertão dos Crateús,2016,2,11,13,-2,24,954.75
2310100,07,Maciço do Baturité,2016,2,1,10,-9,11,1347.6363636363637
2311900,02,Centro Sul,2016,2,2,0,2,2,880.0
2312700,09,Sertão Central,2016,2,36,50,-14,86,962.9186046511628
2313500,03,Grande Fortaleza,2016,2,44,41,3,85,1098.270588235294
2300150,07,Maciço do Baturité,2016,4,52,49,3,101,1269.2970297029703
2300200,05,Litoral Norte,2016,4,46,77,-31,123,1306.0243902439024
2301000,03,Grande Fortaleza,2016,4,449,439,10,888,1149.9977477477478
2301950,07,Maciço do Baturité,2016,4,3,8,-5,11,1208.2727272727273
2302800,10,Sertão de Canindé,2016,4,75,75,0,150,889.9266666666666
2303600,02,Centro Sul,2016,4,0,1,-1,1,880.0
2304350,11,Sertão de Sobral,2016,4,8,11,-3,19,1052.3684210526317
2304400,03,Grande Fortaleza,2016,4,21069,21061,8,42130,1175.8645145976739
2305100,07,Maciço do Baturité,2016,4,3,1,2,4,1040.75
2306900,14,Vale do Jaguaribe,2016,4,41,45,-4,86,1078.4186046511627
2307650,03,Grande Fortaleza,2016,4,1610,1825,-215,3435,1178.0308588064047
2307700,03,Grande Fortaleza,2016,4,216,321,-105,537,1032.3556797020485
2308500,09,Sertão Central,2016,4,18,19,-1,37,961.2972972972973
2309300,12,Sertão dos Crateús,2016,4,6,5,1,11,857.1818181818181
2310100,07,Maciço do Baturité,2016,4,0,9,-9,9,871.5555555555555
2311900,02,Centro Sul,2016,4,2,2,0,4,551.0
2312700,09,Sertão Central,2016,4,99,44,55,143,925.2867132867133
2313500,03,Grande Fortaleza,2016,4,35,63,-28,98,1271.1326530612246
2300150,07,Maciço do Baturité,2016,6,74,60,14,134,947.1044776119403
2300200,05,Litoral Norte,2016,6,64,46,18,110,1306.0636363636363
2301000,03,Grande Fortaleza,2016,6,703,450,253,1153,1257.7797051170858
2301950,07,Maciço do Baturité,2016,6,10,12,-2,22,905.9545454545455
2302800,10,Sertão de Canindé,2016,6,63,99,-36,162,960.8765432098766
2304350,11,Sertão de Sobral,2016,6,16,41,-25,57,946.2982456140351
2304400,03,Grande Fortaleza,2016,6,20195,21351,-1156,41546,1236.6426130072691
2305100,07,Maciço do Baturité,2016,6,5,4,1,9,940.0
2306900,14,Vale do Jaguaribe,2016,6,21,32,-11,53,1049.9622641509434
2307650,03,Grande Fortaleza,2016,6,1487,1533,-46,3020,1248.7576158940396
2307700,03,Grande Fortaleza,2016,6,279,227,52,506,1005.5909090909091
2308500,09,Sertão Central,2016,6,19,26,-7,45,932.1333333333333
2309300,12,Sertão dos Crateús,2016,6,5,14,-9,19,1032.3157894736842
2310100,07,Maciço do Baturité,2016,6,25,5,20,30,1557.8666666666666
2311900,02,Centro Sul,2016,6,10,3,7,13,800.6153846153846
2312700,09,Sertão Central,2016,6,27,36,-9,63,884.5714285714286
2313500,03,Grande Fortaleza,2016,6,75,68,7,143,1306.6223776223776
2300150,07,Maciço do Baturité,2016,7,41,39,2,80,1372.625
2300200,05,Litoral Norte,2016,7,93,34,59,127,943.5905511811023
2301000,03,Grande Fortaleza,2016,7,370,475,-105,845,1192.4568047337277
2301950,07,Maciço do Baturité,2016,7,13,13,0,26,1060.5384615384614
2302800,10,Sertão de Canindé,2016,7,88,74,14,162,938.5679012345679
2303600,02,Centro Sul,2016,7,2,0,2,2,1320.0
2304350,11,Sertão de Sobral,2016,7,29,13,16,42,1018.2857142857143
2304400,03,Grande Fortaleza,2016,7,18770,21835,-3065,40605,1222.4316956039897
2305100,07,Maciço do Baturité,2016,7,4,3,1,7,901.8571428571429
2306900,14,Vale do Jaguaribe,2016,7,29,35,-6,64,1431.9375
2307650,03,Grande Fortaleza,2016,7,1385,1832,-447,3217,1200.079888094498
2307700,03,Grande Fortaleza,2016,7,296,223,73,519,1064.3622350674373
2308500,09,Sertão Central,2016,7,15,9,6,24,933.5416666666666
2309300,12,Sertão dos Crateús,2016,7,15,11,4,26,1173.2692307692307
2310100,07,Maciço do Baturité,2016,7,2,4,-2,6,1479.0
2312700,09,Sertão Central,2016,7,10,51,-41,61,1048.8852459016393
2313500,03,Grande Fortaleza,2016,7,55,80,-25,135,1173.6666666666667
2300150,07,Maciço do Baturité,2016,8,67,20,47,87,1145.0689655172414
2300200,05,Litoral Norte,2016,8,37,197,-160,234,979.2222222222222
2301000,03,Grande Fortaleza,2016,8,324,599,-275,923,1127.474539544962
2301950,07,Maciço do Baturité,2016,8,8,6,2,14,1227.7142857142858
2302800,10,Sertão de Canindé,2016,8,89,91,-2,180,970.0555555555555
2303600,02,Centro Sul,2016,8,1,1,0,2,663.0
2304350,11,Sertão de Sobral,2016,8,20,13,7,33,1011.6666666666666
2304400,03,Grande Fortaleza,2016,8,20425,21386,-961,41811,1220.6166080696466
2305100,07,Maciço do Baturité,2016,8,1,1,0,2,887.5
2306900,14,Vale do Jaguaribe,2016,8,45,31,14,76,1107.828947368421
2307650,03,Grande Fortaleza,2016,8,1697,1446,251,3143,1204.4508431434936
2307700,03,Grande Fortaleza,2016,8,281,208,73,489,1057.961145194274
2308500,09,Sertão Central,2016,8,10,11,-1,21,947.1428571428571
2309300,12,Sertão dos Crateús,2016,8,3,4,-1,7,1133.4285714285713
2310100,07,Maciço do Baturité,2016,8,28,5,23,33,1224.2424242424242
2311900,02,Centro Sul,2016,8,0,1,-1,1,440.0
2312700,09,Sertão Central,2016,8,229,44,185,273,918.974358974359
2313500,03,Grande Fortaleza,2016,8,117,82,35,199,1123.0
2300150,07,Maciço do Baturité,2016,9,59,34,25,93,1124.1827956989248
2300200,05,Litoral Norte,2016,9,31,72,-41,103,1099.7281553398059
2301000,03,Grande Fortaleza,2016,9,319,345,-26,664,1168.4096385542168
2301950,07,Maciço do Baturité,2016,9,1,5,-4,6,1191.3333333333333
2302800,10,Sertão de Canindé,2016,9,65,56,9,121,1008.7520661157025
2303600,02,Centro Sul,2016,9,1,1,0,2,1100.0
2304350,11,Sertão de Sobral,2016,9,30,14,16,44,1093.2045454545455
2304400,03,Grande Fortaleza,2016,9,18821,18518,303,37339,1216.0602587107314
2305100,07,Maciço do Baturité,2016,9,3,4,-1,7,995.2857142857143
2306900,14,Vale do Jaguaribe,2016,9,33,18,15,51,1008.3529411764706
2307650,03,Grande Fortaleza,2016,9,1323,1520,-197,2843,1169.5575096728808
2307700,03,Grande Fortaleza,2016,9,322,229,93,551,1111.2522686025409
2308500,09,Sertão Central,2016,9,15,21,-6,36,885.8333333333334
2309300,12,Sertão dos Crateús,2016,9,5,10,-5,15,1156.0666666666666
2310100,07,Maciço do Baturité,2016,9,10,5,5,15,1377.0666666666666
2312700,09,Sertão Central,2016,9,89,28,61,117,965.3760683760684
2313500,03,Grande Fortaleza,2016,9,35,54,-19,89,1096.6516853932585
2300150,07,Maciço do Baturité,2016,10,33,41,-8,74,1126.918918918919
2300200,05,Litoral Norte,2016,10,29,135,-106,164,1037.7926829268292
2301000,03,Grande Fortaleza,2016,10,322,349,-27,671,1210.23695976155
2301950,07,Maciço do Baturité,2016,10,7,8,-1,15,1090.6
2302800,10,Sertão de Canindé,2016,10,51,93,-42,144,958.7708333333334
2303600,02,Centro Sul,2016,10,2,1,1,3,880.0
2304350,11,Sertão de Sobral,2016,10,20,23,-3,43,1096.2790697674418
2304400,03,Grande Fortaleza,2016,10,17267,19503,-2236,36770,1205.4852325265163
2305100,07,Maciço do Baturité,2016,10,1,4,-3,5,973.8
2306900,14,Vale do Jaguaribe,2016,10,72,29,43,101,1054.5445544554455
2307650,03,Grande Fortaleza,2016,10,1312,1732,-420,3044,1170.927726675427
2307700,03,Grande Fortaleza,2016,10,270,268,2,538,1094.306691449814
2308500,09,Sertão Central,2016,10,11,13,-2,24,893.6666666666666
2309300,12,Sertão dos Crateús,2016,10,84,11,73,95,1202.8947368421052
2310100,07,Maciço do Baturité,2016,10,14,11,3,25,1296.04
2311900,02,Centro Sul,2016,10,1,0,1,1,880.0
2312700,09,Sertão Central,2016,10,34,41,-7,75,939.9333333333333
2313500,03,Grande Fortaleza,2016,10,100,55,45,155,1372.3032258064516
2300150,07,Maciço do Baturité,2016,11,44,33,11,77,1241.6883116883116
2300200,05,Litoral Norte,2016,11,33,104,-71,137,1130.85401459854
2301000,03,Grande Fortaleza,2016,11,472,288,184,760,1246.1592105263157
2301950,07,Maciço do Baturité,2016,11,6,6,0,12,1342.8333333333333
2302800,10,Sertão de Canindé,2016,11,67,79,-12,146,991.6712328767123
2303600,02,Centro Sul,2016,11,0,1,-1,1,880.0
2304350,11,Sertão de Sobral,2016,11,46,18,28,64,1032.296875
2304400,03,Grande Fortaleza,2016,11,19423,18342,1081,37765,1196.4690586521913
2305100,07,Maciço do Baturité,2016,11,5,1,4,6,994.5
2306900,14,Vale do Jaguaribe,2016,11,14,20,-6,34,1074.0294117647059
2307650,03,Grande Fortaleza,2016,11,1442,1317,125,2759,1239.081188836535
2307700,03,Grande Fortaleza,2016,11,224,245,-21,469,1075.3027718550106
2308500,09,Sertão Central,2016,11,11,13,-2,24,871.0416666666666
2309300,12,Sertão dos Crateús,2016,11,8,7,1,15,1244.7333333333333
2310100,07,Maciço do Baturité,2016,11,14,15,-1,29,1081.448275862069
2312700,09,Sertão Central,2016,11,56,38,18,94,932.2978723404256
2313500,03,Grande Fortaleza,2016,11,69,53,16,122,1209.0081967213114
2300150,07,Maciço do Baturité,2016,12,26,25,1,51,1350.3921568627452
2300200,05,Litoral Norte,2016,12,22,71,-49,93,1046.731182795699
2301000,03,Grande Fortaleza,2016,12,523,376,147,899,1181.8075639599556
2301950,07,Maciço do Baturité,2016,12,3,9,-6,12,1245.5
2302800,10,Sertão de Canindé,2016,12,40,60,-20,100,963.71
2303600,02,Centro Sul,2016,12,0,1,-1,1,880.0
2304350,11,Sertão de Sobral,2016,12,21,8,13,29,1522.8620689655172
2304400,03,Grande Fortaleza,2016,12,15081,17637,-2556,32718,1241.1933797909408
2305100,07,Maciço do Baturité,2016,12,1,3,-2,4,894.25
2306900,14,Vale do Jaguaribe,2016,12,19,39,-20,58,1147.4655172413793
2307650,03,Grande Fortaleza,2016,12,932,1250,-318,2182,1189.4051329055912
2307700,03,Grande Fortaleza,2016,12,104,143,-39,247,1174.7854251012145
2308500,09,Sertão Central,2016,12,3,17,-14,20,1595.4
2309300,12,Sertão dos Crateús,2016,12,14,11,3,25,1493.68
2310100,07,Maciço do Baturité,2016,12,2,2,0,4,944.5
2312700,09,Sertão Central,2016,12,28,33,-5,61,1375.1967213114754
2313500,03,Grande Fortaleza,2016,12,52,127,-75,179,1421.9106145251396
2300150,07,Maciço do Baturité,2017,1,36,54,-18,90,1208.5555555555557
2300200,05,Litoral Norte,2017,1,53,34,19,87,1200.0344827586207
2301000,03,Grande Fortaleza,2017,1,345,461,-116,806,1322.0657568238214
2301950,07,Maciço do Baturité,2017,1,3,12,-9,15,963.6
2302800,10,Sertão de Canindé,2017,1,57,74,-17,131,1233.9236641221373
2303600,02,Centro Sul,2017,1,1,0,1,1,937.0
2304350,11,Sertão de Sobral,2017,1,12,48,-36,60,1114.3833333333334
2304400,03,Grande Fortaleza,2017,1,18812,23430,-4618,42242,1324.8366554613892
2305100,07,Maciço do Baturité,2017,1,6,6,0,12,1114.25
2306900,14,Vale do Jaguaribe,2017,1,30,35,-5,65,1118.8153846153846
2307650,03,Grande Fortaleza,2017,1,1326,1604,-278,2930,1217.605119453925
2307700,03,Grande Fortaleza,2017,1,319,335,-16,654,1170.0993883792048
2308500,09,Sertão Central,2017,1,21,22,-1,43,1116.6976744186047
2309300,12,Sertão dos Crateús,2017,1,11,24,-13,35,1176.7428571428572
2310100,07,Maciço do Baturité,2017,1,3,1,2,4,1501.0
2311900,02,Centro Sul,2017,1,0,2,-2,2,2124.5
2312700,09,Sertão Central,2017,1,32,33,-1,65,1169.7230769230769
2313500,03,Grande Fortaleza,2017,1,29,112,-83,141,1440.4893617021276
2300150,07,Maciço do Baturité,2017,2,41,34,7,75,1389.64
2300200,05,Litoral Norte,2017,2,37,83,-46,120,1156.8666666666666
2301000,03,Grande Fortaleza,2017,2,293,561,-268,854,1237.7306791569088
2301950,07,Maciço do Baturité,2017,2,6,1,5,7,1635.2857142857142
2302800,10,Sertão de Canindé,2017,2,144,101,43,245,964.6367346938775
2304350,11,Sertão de Sobral,2017,2,6,44,-38,50,1055.64
2304400,03,Grande Fortaleza,2017,2,19621,19192,429,38813,1308.5393038414963
2305100,07,Maciço do Baturité,2017,2,8,1,7,9,1426.3333333333333
2306900,14,Vale do Jaguaribe,2017,2,22,19,3,41,993.170731707317
2307650,03,Grande Fortaleza,2017,2,1531,1494,37,3025,1201.1904132231405
2307700,03,Grande Fortaleza,2017,2,438,330,108,768,1040.625
2308500,09,Sertão Central,2017,2,32,29,3,61,1223.8524590163934
2309300,12,Sertão dos Crateús,2017,2,9,36,-27,45,1264.888888888889
2310100,07,Maciço do Baturité,2017,2,2,14,-12,16,1824.0
2311900,02,Centro Sul,2017,2,2,2,0,4,1259.25
2312700,09,Sertão Central,2017,2,37,39,-2,76,1068.592105263158
2313500,03,Grande Fortaleza,2017,2,23,46,-23,69,1806.7246376811595
2300150,07,Maciço do Baturité,2017,3,22,15,7,37,1167.162162162162
2300200,05,Litoral Norte,2017,3,31,72,-41,103,1246.504854368932
2301000,03,Grande Fortaleza,2017,3,383,646,-263,1029,1168.2546161321673
2301950,07,Maciço do Baturité,2017,3,6,10,-4,16,979.0625
2302800,10,Sertão de Canindé,2017,3,79,64,15,143,1027.979020979021
2303600,02,Centro Sul,2017,3,1,1,0,2,937.0
2304350,11,Sertão de Sobral,2017,3,8,19,-11,27,1069.888888888889
2304400,03,Grande Fortaleza,2017,3,17973,21366,-3393,39339,1287.5796029385597
2305100,07,Maciço do Baturité,2017,3,4,6,-2,10,984.1
2306900,14,Vale do Jaguaribe,2017,3,40,29,11,69,1108.2463768115942
2307650,03,Grande Fortaleza,2017,3,1286,1361,-75,2647,1298.0653570079335
2307700,03,Grande Fortaleza,2017,3,315,282,33,597,1086.748743718593
2308500,09,Sertão Central,2017,3,29,20,9,49,1108.142857142857
2309300,12,Sertão dos Crateús,2017,3,11,71,-60,82,1411.7560975609756
2310100,07,Maciço do Baturité,2017,3,1,23,-22,24,1358.25
2311900,02,Centro Sul,2017,3,0,3,-3,3,1267.3333333333333
2312700,09,Sertão Central,2017,3,38,50,-12,88,1060.2954545454545
2313500,03,Grande Fortaleza,2017,3,25,58,-33,83,1613.144578313253
2300150,07,Maciço do Baturité,2017,5,25,26,-1,51,826.4705882352941
2300200,05,Litoral Norte,2017,5,36,36,0,72,1032.5972222222222
2301000,03,Grande Fortaleza,2017,5,381,424,-43,805,1217.7366459627328
2301950,07,Maciço do Baturité,2017,5,14,6,8,20,1045.2
2302800,10,Sertão de Canindé,2017,5,98,101,-3,199,931.4120603015075
2303600,02,Centro Sul,2017,5,0,2,-2,2,983.5
2304350,11,Sertão de Sobral,2017,5,21,22,-1,43,1313.0
2304400,03,Grande Fortaleza,2017,5,17672,19413,-1741,37085,1262.9278684104086
2305100,07,Maciço do Baturité,2017,5,3,10,-7,13,1152.6923076923076
2306900,14,Vale do Jaguaribe,2017,5,21,37,-16,58,1364.0689655172414
2307650,03,Grande Fortaleza,2017,5,1395,1553,-158,2948,1202.202170963365
2307700,03,Grande Fortaleza,2017,5,279,239,40,518,1086.2393822393822
2308500,09,Sertão Central,2017,5,21,18,3,39,1122.1538461538462
2309300,12,Sertão dos Crateús,2017,5,26,24,2,50,1447.84
2310100,07,Maciço do Baturité,2017,5,6,7,-1,13,1626.076923076923
2311900,02,Centro Sul,2017,5,2,3,-1,5,897.8
2312700,09,Sertão Central,2017,5,23,65,-42,88,882.3409090909091
2313500,03,Grande Fortaleza,2017,5,30,75,-45,105,1588.5333333333333
2300150,07,Maciço do Baturité,2017,7,32,38,-6,70,1279.8714285714286
2300200,05,Litoral Norte,2017,7,39,27,12,66,1441.7272727272727
2301000,03,Grande Fortaleza,2017,7,362,409,-47,771,1229.9040207522698
2301950,07,Maciço do Baturité,2017,7,7,8,-1,15,1418.5333333333333
2302800,10,Sertão de Canindé,2017,7,66,66,0,132,930.6666666666666
2304350,11,Sertão de Sobral,2017,7,25,26,-1,51,1160.1764705882354
2304400,03,Grande Fortaleza,2017,7,19078,18230,848,37308,1297.9639487509382
2305100,07,Maciço do Baturité,2017,7,1,4,-3,5,1053.2
2306900,14,Vale do Jaguaribe,2017,7,51,28,23,79,1092.26582278481
2307650,03,Grande Fortaleza,2017,7,1364,1220,144,2584,1227.0371517027863
2307700,03,Grande Fortaleza,2017,7,256,276,-20,532,1019.5394736842105
2308500,09,Sertão Central,2017,7,15,18,-3,33,1107.7575757575758
2309300,12,Sertão dos Crateús,2017,7,17,9,8,26,1054.9615384615386
2310100,07,Maciço do Baturité,2017,7,6,5,1,11,1058.2727272727273
2311900,02,Centro Sul,2017,7,2,2,0,4,1033.75
2312700,09,Sertão Central,2017,7,60,24,36,84,1112.654761904762
2313500,03,Grande Fortaleza,2017,7,63,37,26,100,2155.93
2300150,07,Maciço do Baturité,2017,8,27,24,3,51,1179.8235294117646
2300200,05,Litoral Norte,2017,8,46,63,-17,109,1252.4587155963302
2301000,03,Grande Fortaleza,2017,8,390,586,-196,976,1149.752049180328
2301950,07,Maciço do Baturité,2017,8,13,4,9,17,1233.4705882352941
2302800,10,Sertão de Canindé,2017,8,81,99,-18,180,866.9388888888889
2303600,02,Centro Sul,2017,8,1,4,-3,5,1453.8
2304350,11,Sertão de Sobral,2017,8,28,13,15,41,1234.5121951219512
2304400,03,Grande Fortaleza,2017,8,21010,19413,1597,40423,1304.6536377804716
2305100,07,Maciço do Baturité,2017,8,5,3,2,8,998.625
2306900,14,Vale do Jaguaribe,2017,8,46,31,15,77,1107.7792207792209
2307650,03,Grande Fortaleza,2017,8,1609,1525,84,3134,1190.7038927887684
2307700,03,Grande Fortaleza,2017,8,358,287,71,645,1161.2403100775193
2308500,09,Sertão Central,2017,8,15,23,-8,38,1056.657894736842
2309300,12,Sertão dos Crateús,2017,8,11,9,2,20,1176.85
2310100,07,Maciço do Baturité,2017,8,5,4,1,9,1074.111111111111
2311900,02,Centro Sul,2017,8,3,3,0,6,1437.6666666666667
2312700,09,Sertão Central,2017,8,110,45,65,155,908.8709677419355
2313500,03,Grande Fortaleza,2017,8,75,23,52,98,1300.1632653061224
2300150,07,Maciço do Baturité,2017,9,47,33,14,80,1122.7125
2300200,05,Litoral Norte,2017,9,82,19,63,101,1223.3465346534654
2301000,03,Grande Fortaleza,2017,9,336,383,-47,719,1297.3936022253129
2301950,07,Maciço do Baturité,2017,9,11,10,1,21,1317.4761904761904
2302800,10,Sertão de Canindé,2017,9,45,66,-21,111,1164.2522522522522
2303600,02,Centro Sul,2017,9,1,0,1,1,3800.0
2304350,11,Sertão de Sobral,2017,9,25,22,3,47,1274.276595744681
2304400,03,Grande Fortaleza,2017,9,17641,17932,-291,35573,1291.0468332724258
2305100,07,Maciço do Baturité,2017,9,9,3,6,12,977.1666666666666
2306900,14,Vale do Jaguaribe,2017,9,20,42,-22,62,1330.967741935484
2307650,03,Grande Fortaleza,2017,9,1500,1267,233,2767,1206.559450668594
2307700,03,Grande Fortaleza,2017,9,314,239,75,553,1065.517179023508
2308500,09,Sertão Central,2017,9,18,17,1,35,1307.142857142857
2309300,12,Sertão dos Crateús,2017,9,3,15,-12,18,988.7222222222222
2310100,07,Maciço do Baturité,2017,9,4,5,-1,9,1062.7777777777778
2311900,02,Centro Sul,2017,9,1,1,0,2,702.5
2312700,09,Sertão Central,2017,9,25,27,-2,52,1100.1346153846155
2313500,03,Grande Fortaleza,2017,9,45,36,9,81,1167.2592592592594
2300150,07,Maciço do Baturité,2017,10,57,36,21,93,1036.1290322580646
2300200,05,Litoral Norte,2017,10,56,77,-21,133,1078.1278195488721
2301000,03,Grande Fortaleza,2017,10,371,455,-84,826,1191.1670702179176
2301950,07,Maciço do Baturité,2017,10,9,10,-1,19,1365.2631578947369
2302800,10,Sertão de Canindé,2017,10,29,70,-41,99,931.010101010101
2303600,02,Centro Sul,2017,10,0,1,-1,1,1230.0
2304350,11,Sertão de Sobral,2017,10,42,12,30,54,1077.0555555555557
2304400,03,Grande Fortaleza,2017,10,18502,17587,915,36089,1262.8397572667573
2305100,07,Maciço do Baturité,2017,10,3,6,-3,9,999.4444444444445
2306900,14,Vale do Jaguaribe,2017,10,28,28,0,56,1037.9285714285713
2307650,03,Grande Fortaleza,2017,10,1516,1365,151,2881,1208.2120791391878
2307700,03,Grande Fortaleza,2017,10,188,254,-66,442,1107.2285067873304
2308500,09,Sertão Central,2017,10,25,27,-2,52,1249.7115384615386
2309300,12,Sertão dos Crateús,2017,10,14,13,1,27,1093.111111111111
2310100,07,Maciço do Baturité,2017,10,2,3,-1,5,983.8
2311900,02,Centro Sul,2017,10,1,0,1,1,937.0
2312700,09,Sertão Central,2017,10,19,21,-2,40,1052.575
2313500,03,Grande Fortaleza,2017,10,66,54,12,120,1308.4333333333334
2300150,07,Maciço do Baturité,2017,11,34,38,-4,72,1395.1527777777778
2300200,05,Litoral Norte,2017,11,81,16,65,97,1028.701030927835
2301000,03,Grande Fortaleza,2017,11,519,467,52,986,1251.0111561866127
2301950,07,Maciço do Baturité,2017,11,10,6,4,16,1142.0625
2302800,10,Sertão de Canindé,2017,11,51,31,20,82,930.1341463414634
2303600,02,Centro Sul,2017,11,3,1,2,4,1385.0
2304350,11,Sertão de Sobral,2017,11,66,18,48,84,1033.3333333333333
2304400,03,Grande Fortaleza,2017,11,18732,16446,2286,35178,1287.0863892205355
2305100,07,Maciço do Baturité,2017,11,2,2,0,4,1215.5
2306900,14,Vale do Jaguaribe,2017,11,11,24,-13,35,1047.0
2307650,03,Grande Fortaleza,2017,11,1358,1289,69,2647,1248.2406497922177
2307700,03,Grande Fortaleza,2017,11,231,294,-63,525,1050.4266666666667
2308500,09,Sertão Central,2017,11,52,46,6,98,796.5816326530612
2309300,12,Sertão dos Crateús,2017,11,16,23,-7,39,1228.2820512820513
2310100,07,Maciço do Baturité,2017,11,5,4,1,9,968.5555555555555
2311900,02,Centro Sul,2017,11,0,1,-1,1,1668.0
2312700,09,Sertão Central,2017,11,14,36,-22,50,1417.7
2313500,03,Grande Fortaleza,2017,11,74,44,30,118,1229.2118644067796
2300150,07,Maciço do Baturité,2018,1,25,45,-20,70,1349.2428571428572
2300200,05,Litoral Norte,2018,1,66,37,29,103,1088.009708737864
2301000,03,Grande Fortaleza,2018,1,307,367,-60,674,1293.467359050445
2301950,07,Maciço do Baturité,2018,1,6,7,-1,13,1052.6923076923076
2302800,10,Sertão de Canindé,2018,1,85,55,30,140,1013.4428571428572
2304350,11,Sertão de Sobral,2018,1,16,25,-9,41,1156.0243902439024
2304400,03,Grande Fortaleza,2018,1,18358,20414,-2056,38772,1280.5162488393687
2305100,07,Maciço do Baturité,2018,1,3,12,-9,15,1235.4666666666667
2306900,14,Vale do Jaguaribe,2018,1,35,36,-1,71,1144.7042253521126
2307650,03,Grande Fortaleza,2018,1,1516,1481,35,2997,1257.6756756756756
2307700,03,Grande Fortaleza,2018,1,199,216,-17,415,1098.5156626506025
2308500,09,Sertão Central,2018,1,31,18,13,49,982.2244897959183
2309300,12,Sertão dos Crateús,2018,1,16,6,10,22,1170.0
2310100,07,Maciço do Baturité,2018,1,1,4,-3,5,1248.6
2311900,02,Centro Sul,2018,1,0,2,-2,2,1669.0
2312700,09,Sertão Central,2018,1,25,52,-27,77,1100.8181818181818
2313500,03,Grande Fortaleza,2018,1,69,38,31,107,1340.4392523364486
2300150,07,Maciço do Baturité,2018,2,45,20,25,65,1197.8923076923077
2300200,05,Litoral Norte,2018,2,53,38,15,91,1179.1758241758241
2301000,03,Grande Fortaleza,2018,2,302,506,-204,808,1262.865099009901
2301950,07,Maciço do Baturité,2018,2,2,7,-5,9,1100.111111111111
2302800,10,Sertão de Canindé,2018,2,114,99,15,213,986.2957746478874
2304350,11,Sertão de Sobral,2018,2,20,54,-34,74,1086.027027027027
2304400,03,Grande Fortaleza,2018,2,16510,16675,-165,33185,1284.8568329064337
2305100,07,Maciço do Baturité,2018,2,2,6,-4,8,1205.5
2306900,14,Vale do Jaguaribe,2018,2,36,28,8,64,1301.0
2307650,03,Grande Fortaleza,2018,2,1351,1451,-100,2802,1205.8240542469664
2307700,03,Grande Fortaleza,2018,2,246,230,16,476,1174.2626050420167
2308500,09,Sertão Central,2018,2,16,35,-19,51,1083.764705882353
2309300,12,Sertão dos Crateús,2018,2,8,8,0,16,1583.8125
2310100,07,Maciço do Baturité,2018,2,2,2,0,4,1143.5
2311900,02,Centro Sul,2018,2,35,2,33,37,1072.6486486486488
2312700,09,Sertão Central,2018,2,21,26,-5,47,1387.5744680851064
2313500,03,Grande Fortaleza,2018,2,42,33,9,75,1425.1066666666666
2300150,07,Maciço do Baturité,2018,3,41,34,7,75,1138.4933333333333
2300200,05,Litoral Norte,2018,3,54,47,7,101,1092.3267326732673
2301000,03,Grande Fortaleza,2018,3,345,468,-123,813,1221.2681426814268
2301950,07,Maciço do Baturité,2018,3,11,6,5,17,1376.0588235294117
2302800,10,Sertão de Canindé,2018,3,79,52,27,131,1015.1984732824427
2303600,02,Centro Sul,2018,3,1,0,1,1,954.0
2304350,11,Sertão de Sobral,2018,3,20,15,5,35,1115.4
2304400,03,Grande Fortaleza,2018,3,18084,18358,-274,36442,1274.1783381812195
2305100,07,Maciço do Baturité,2018,3,4,6,-2,10,1024.5
2306900,14,Vale do Jaguaribe,2018,3,51,34,17,85,1196.4117647058824
2307650,03,Grande Fortaleza,2018,3,1268,1323,-55,2591,1218.648398301814
2307700,03,Grande Fortaleza,2018,3,222,237,-15,459,1129.520697167756
2308500,09,Sertão Central,2018,3,19,15,4,34,1091.0
2309300,12,Sertão dos Crateús,2018,3,7,10,-3,17,1053.0588235294117
2310100,07,Maciço do Baturité,2018,3,6,3,3,9,1040.2222222222222
2311900,02,Centro Sul,2018,3,3,7,-4,10,1617.5
2312700,09,Sertão Central,2018,3,30,58,-28,88,998.5113636363636
2313500,03,Grande Fortaleza,2018,3,19,53,-34,72,1207.375
2300150,07,Maciço do Baturité,2018,4,14,28,-14,42,1236.404761904762
2300200,05,Litoral Norte,2018,4,54,56,-2,110,1089.6909090909091
2301000,03,Grande Fortaleza,2018,4,377,363,14,740,1264.6256756756757
2301950,07,Maciço do Baturité,2018,4,11,14,-3,25,1208.36
2302800,10,Sertão de Canindé,2018,4,46,61,-15,107,1081.1308411214952
2303600,02,Centro Sul,2018,4,0,3,-3,3,962.0
2304350,11,Sertão de Sobral,2018,4,9,13,-4,22,1083.6363636363637
2304400,03,Grande Fortaleza,2018,4,19439,17459,1980,36898,1274.7498238386904
2305100,07,Maciço do Baturité,2018,4,7,4,3,11,1492.3636363636363
2306900,14,Vale do Jaguaribe,2018,4,25,38,-13,63,1201.904761904762
2307650,03,Grande Fortaleza,2018,4,1766,1497,269,3263,1187.541219736439
2307700,03,Grande Fortaleza,2018,4,196,265,-69,461,1202.0368763557483
2308500,09,Sertão Central,2018,4,15,19,-4,34,1189.4411764705883
2309300,12,Sertão dos Crateús,2018,4,5,10,-5,15,1656.8
2310100,07,Maciço do Baturité,2018,4,2,2,0,4,1510.75
2311900,02,Centro Sul,2018,4,6,3,3,9,1415.888888888889
2312700,09,Sertão Central,2018,4,31,117,-86,148,1045.472972972973
2313500,03,Grande Fortaleza,2018,4,27,25,2,52,1415.6153846153845
2300150,07,Maciço do Baturité,2018,5,31,42,-11,73,1192.5753424657535
2300200,05,Litoral Norte,2018,5,49,62,-13,111,1290.981981981982
2301000,03,Grande Fortaleza,2018,5,386,327,59,713,1253.4712482468444
2301950,07,Maciço do Baturité,2018,5,5,10,-5,15,1132.7333333333333
2302800,10,Sertão de Canindé,2018,5,114,65,49,179,1067.3240223463688
2303600,02,Centro Sul,2018,5,1,0,1,1,978.0
2304350,11,Sertão de Sobral,2018,5,9,19,-10,28,1129.0
2304400,03,Grande Fortaleza,2018,5,20092,19435,657,39527,1298.1373744529055
2305100,07,Maciço do Baturité,2018,5,6,6,0,12,969.25
2306900,14,Vale do Jaguaribe,2018,5,48,27,21,75,1112.96
2307650,03,Grande Fortaleza,2018,5,1878,1526,352,3404,1251.9015863689776
2307700,03,Grande Fortaleza,2018,5,281,260,21,541,1150.3641404805915
2308500,09,Sertão Central,2018,5,25,16,9,41,1102.121951219512
2309300,12,Sertão dos Crateús,2018,5,8,11,-3,19,1140.2631578947369
2310100,07,Maciço do Baturité,2018,5,1,2,-1,3,650.3333333333334
2311900,02,Centro Sul,2018,5,6,3,3,9,1255.0
2312700,09,Sertão Central,2018,5,33,39,-6,72,1129.5833333333333
2313500,03,Grande Fortaleza,2018,5,32,65,-33,97,1249.041237113402
2300150,07,Maciço do Baturité,2018,6,21,43,-22,64,1132.046875
2300200,05,Litoral Norte,2018,6,71,99,-28,170,1046.429411764706
2301000,03,Grande Fortaleza,2018,6,499,317,182,816,1200.1164215686274
2301950,07,Maciço do Baturité,2018,6,8,5,3,13,1104.5384615384614
2302800,10,Sertão de Canindé,2018,6,76,64,12,140,1162.0928571428572
2303600,02,Centro Sul,2018,6,0,1,-1,1,978.0
2304350,11,Sertão de Sobral,2018,6,21,40,-19,61,1129.6065573770493
2304400,03,Grande Fortaleza,2018,6,17951,17598,353,35549,1294.6614250752482
2305100,07,Maciço do Baturité,2018,6,7,0,7,7,1054.5714285714287
2306900,14,Vale do Jaguaribe,2018,6,46,37,9,83,1106.4819277108434
2307650,03,Grande Fortaleza,2018,6,1531,1430,101,2961,1259.1425194191152
2307700,03,Grande Fortaleza,2018,6,164,230,-66,394,1158.01269035533
2308500,09,Sertão Central,2018,6,50,17,33,67,1219.2537313432836
2309300,12,Sertão dos Crateús,2018,6,15,10,5,25,973.04
2310100,07,Maciço do Baturité,2018,6,6,6,0,12,1110.1666666666667
2311900,02,Centro Sul,2018,6,5,1,4,6,1773.5
2312700,09,Sertão Central,2018,6,24,30,-6,54,1433.7037037037037
2313500,03,Grande Fortaleza,2018,6,46,62,-16,108,1104.5185185185185
2300150,07,Maciço do Baturité,2018,7,24,28,-4,52,1214.923076923077
2300200,05,Litoral Norte,2018,7,38,60,-22,98,1346.4897959183672
2301000,03,Grande Fortaleza,2018,7,312,418,-106,730,1235.145205479452
2301950,07,Maciço do Baturité,2018,7,13,8,5,21,1089.095238095238
2302800,10,Sertão de Canindé,2018,7,68,100,-32,168,996.9880952380952
2304350,11,Sertão de Sobral,2018,7,15,8,7,23,1206.5217391304348
2304400,03,Grande Fortaleza,2018,7,17588,17831,-243,35419,1303.8609785708236
2305100,07,Maciço do Baturité,2018,7,6,3,3,9,981.2222222222222
2306900,14,Vale do Jaguaribe,2018,7,33,43,-10,76,1203.7105263157894
2307650,03,Grande Fortaleza,2018,7,1679,1298,381,2977,1263.6879408800805
2307700,03,Grande Fortaleza,2018,7,283,252,31,535,1069.9775700934579
2308500,09,Sertão Central,2018,7,45,16,29,61,1199.4426229508197
2309300,12,Sertão dos Crateús,2018,7,7,8,-1,15,719.8666666666667
2310100,07,Maciço do Baturité,2018,7,8,2,6,10,1359.0
2311900,02,Centro Sul,2018,7,7,1,6,8,1025.25
2312700,09,Sertão Central,2018,7,27,17,10,44,1340.9772727272727
2313500,03,Grande Fortaleza,2018,7,20,18,2,38,1063.921052631579
2300150,07,Maciço do Baturité,2018,8,21,46,-25,67,1195.358208955224
2300200,05,Litoral Norte,2018,8,59,47,12,106,1007.8301886792453
2301000,03,Grande Fortaleza,2018,8,407,517,-110,924,1216.6471861471862
2301950,07,Maciço do Baturité,2018,8,6,4,2,10,1351.0
2302800,10,Sertão de Canindé,2018,8,96,63,33,159,970.4842767295597
2303600,02,Centro Sul,2018,8,1,0,1,1,2300.0
2304350,11,Sertão de Sobral,2018,8,14,21,-7,35,1160.942857142857
2304400,03,Grande Fortaleza,2018,8,19971,18677,1294,38648,1265.2861726350652
2305100,07,Maciço do Baturité,2018,8,3,4,-1,7,1068.857142857143
2306900,14,Vale do Jaguaribe,2018,8,31,26,5,57,1088.0701754385964
2307650,03,Grande Fortaleza,2018,8,1459,1539,-80,2998,1292.6084056037357
2307700,03,Grande Fortaleza,2018,8,382,257,125,639,1073.2050078247262
2308500,09,Sertão Central,2018,8,40,22,18,62,1224.516129032258
2309300,12,Sertão dos Crateús,2018,8,19,5,14,24,1117.2083333333333
2310100,07,Maciço do Baturité,2018,8,7,16,-9,23,1317.0869565217392
2311900,02,Centro Sul,2018,8,4,1,3,5,1174.2
2312700,09,Sertão Central,2018,8,23,70,-47,93,864.7204301075269
2313500,03,Grande Fortaleza,2018,8,20,25,-5,45,1564.1333333333334
2300150,07,Maciço do Baturité,2018,9,32,40,-8,72,1299.3472222222222
2300200,05,Litoral Norte,2018,9,89,44,45,133,977.624060150376
2301000,03,Grande Fortaleza,2018,9,321,313,8,634,1297.0930599369085
2301950,07,Maciço do Baturité,2018,9,5,6,-1,11,1114.6363636363637
2302800,10,Sertão de Canindé,2018,9,119,43,76,162,970.4691358024692
2303600,02,Centro Sul,2018,9,1,2,-1,3,2061.6666666666665
2304350,11,Sertão de Sobral,2018,9,12,19,-7,31,1336.225806451613
2304400,03,Grande Fortaleza,2018,9,18996,16459,2537,35455,1267.3151036525173
2305100,07,Maciço do Baturité,2018,9,2,3,-1,5,1172.8
2306900,14,Vale do Jaguaribe,2018,9,40,34,6,74,1085.6216216216217
2307650,03,Grande Fortaleza,2018,9,1527,1237,290,2764,1235.3737337192474
2307700,03,Grande Fortaleza,2018,9,262,306,-44,568,1145.7605633802816
2308500,09,Sertão Central,2018,9,27,18,9,45,1225.3777777777777
2309300,12,Sertão dos Crateús,2018,9,7,6,1,13,1158.923076923077
2310100,07,Maciço do Baturité,2018,9,10,3,7,13,1276.0
2311900,02,Centro Sul,2018,9,0,3,-3,3,1208.0
2312700,09,Sertão Central,2018,9,158,22,136,180,885.7055555555555
2313500,03,Grande Fortaleza,2018,9,109,44,65,153,1182.8562091503268
2300150,07,Maciço do Baturité,2018,10,40,51,-11,91,1150.4835164835165
2300200,05,Litoral Norte,2018,10,62,55,7,117,1247.7350427350427
2301000,03,Grande Fortaleza,2018,10,390,286,104,676,1294.3121301775147
2301950,07,Maciço do Baturité,2018,10,4,8,-4,12,990.8333333333334
2302800,10,Sertão de Canindé,2018,10,69,33,36,102,965.8137254901961
2303600,02,Centro Sul,2018,10,1,0,1,1,954.0
2304350,11,Sertão de Sobral,2018,10,67,23,44,90,1140.388888888889
2304400,03,Grande Fortaleza,2018,10,19365,18913,452,38278,1255.0924813208633
2305100,07,Maciço do Baturité,2018,10,2,3,-1,5,979.2
2306900,14,Vale do Jaguaribe,2018,10,32,37,-5,69,1187.5797101449275
2307650,03,Grande Fortaleza,2018,10,1659,1582,77,3241,1213.7383523603826
2307700,03,Grande Fortaleza,2018,10,283,169,114,452,1146.453539823009
2308500,09,Sertão Central,2018,10,37,19,18,56,1158.9285714285713
2309300,12,Sertão dos Crateús,2018,10,7,5,2,12,1013.1666666666666
2310100,07,Maciço do Baturité,2018,10,9,4,5,13,1277.8461538461538
2311900,02,Centro Sul,2018,10,4,3,1,7,1329.0
2312700,09,Sertão Central,2018,10,16,24,-8,40,1147.5
2313500,03,Grande Fortaleza,2018,10,49,54,-5,103,1154.0582524271845
2300150,07,Maciço do Baturité,2018,11,30,31,-1,61,1295.672131147541
2300200,05,Litoral Norte,2018,11,34,75,-41,109,1548.440366972477
2301000,03,Grande Fortaleza,2018,11,382,278,104,660,1307.5484848484848
2301950,07,Maciço do Baturité,2018,11,13,8,5,21,1172.3809523809523
2302800,10,Sertão de Canindé,2018,11,53,39,14,92,1051.5
2303600,02,Centro Sul,2018,11,0,1,-1,1,954.0
2304350,11,Sertão de Sobral,2018,11,20,16,4,36,1148.4166666666667
2304400,03,Grande Fortaleza,2018,11,18773,17244,1529,36017,1262.763306216509
2305100,07,Maciço do Baturité,2018,11,5,7,-2,12,1072.0
2306900,14,Vale do Jaguaribe,2018,11,19,26,-7,45,1221.3333333333333
2307650,03,Grande Fortaleza,2018,11,1679,1322,357,3001,1219.6981006331223
2307700,03,Grande Fortaleza,2018,11,172,195,-23,367,1115.6239782016348
2308500,09,Sertão Central,2018,11,15,22,-7,37,1127.8918918918919
2309300,12,Sertão dos Crateús,2018,11,5,18,-13,23,1247.304347826087
2310100,07,Maciço do Baturité,2018,11,17,6,11,23,1205.304347826087
2311900,02,Centro Sul,2018,11,0,3,-3,3,1129.3333333333333
2312700,09,Sertão Central,2018,11,16,28,-12,44,1164.8863636363637
2313500,03,Grande Fortaleza,2018,11,34,33,1,67,1338.6268656716418
2300150,07,Maciço do Baturité,2018,12,27,99,-72,126,1285.3809523809523
2300200,05,Litoral Norte,2018,12,26,128,-102,154,887.9025974025974
2301000,03,Grande Fortaleza,2018,12,550,290,260,840,1271.6559523809524
2301950,07,Maciço do Baturité,2018,12,7,16,-9,23,1314.3478260869565
2302800,10,Sertão de Canindé,2018,12,67,70,-3,137,1135.7956204379561
2303600,02,Centro Sul,2018,12,2,1,1,3,954.0
2304350,11,Sertão de Sobral,2018,12,9,14,-5,23,1109.2608695652175
2304400,03,Grande Fortaleza,2018,12,15014,15411,-397,30425,1318.9747904683647
2305100,07,Maciço do Baturité,2018,12,5,11,-6,16,1089.5
2306900,14,Vale do Jaguaribe,2018,12,18,59,-41,77,1059.7012987012988
2307650,03,Grande Fortaleza,2018,12,1269,1305,-36,2574,1236.0532245532245
2307700,03,Grande Fortaleza,2018,12,116,159,-43,275,1217.3490909090908
2308500,09,Sertão Central,2018,12,16,9,7,25,981.52
2309300,12,Sertão dos Crateús,2018,12,8,6,2,14,1157.357142857143
2310100,07,Maciço do Baturité,2018,12,8,5,3,13,1317.076923076923
2311900,02,Centro Sul,2018,12,0,3,-3,3,970.3333333333334
2312700,09,Sertão Central,2018,12,12,40,-28,52,1220.8653846153845
2313500,03,Grande Fortaleza,2018,12,22,31,-9,53,1156.2075471698113
2300150,07,Maciço do Baturité,2019,2,49,27,22,76,1152.0526315789473
2300200,05,Litoral Norte,2019,2,45,93,-48,138,1135.855072463768
2301000,03,Grande Fortaleza,2019,2,362,417,-55,779,1381.2759948652117
2301950,07,Maciço do Baturité,2019,2,5,15,-10,20,1058.8
2302800,10,Sertão de Canindé,2019,2,325,102,223,427,1211.5714285714287
2303600,02,Centro Sul,2019,2,4,0,4,4,1123.5
2304350,11,Sertão de Sobral,2019,2,23,15,8,38,1203.157894736842
2304400,03,Grande Fortaleza,2019,2,19956,19437,519,39393,1326.5145838093063
2305100,07,Maciço do Baturité,2019,2,3,11,-8,14,1040.642857142857
2306900,14,Vale do Jaguaribe,2019,2,50,25,25,75,1361.16
2307650,03,Grande Fortaleza,2019,2,1730,1561,169,3291,1261.5815861440292
2307700,03,Grande Fortaleza,2019,2,182,252,-70,434,1101.0990783410139
2308500,09,Sertão Central,2019,2,19,47,-28,66,1198.5454545454545
2309300,12,Sertão dos Crateús,2019,2,7,7,0,14,1094.5
2310100,07,Maciço do Baturité,2019,2,14,8,6,22,1913.9545454545455
2311900,02,Centro Sul,2019,2,16,0,16,16,1789.8125
2312700,09,Sertão Central,2019,2,54,24,30,78,988.5
2313500,03,Grande Fortaleza,2019,2,37,24,13,61,1268.1311475409836
2300150,07,Maciço do Baturité,2019,4,24,34,-10,58,1400.5344827586207
2300200,05,Litoral Norte,2019,4,58,54,4,112,1215.955357142857
2301000,03,Grande Fortaleza,2019,4,415,400,15,815,1276.1116564417177
2301950,07,Maciço do Baturité,2019,4,41,5,36,46,1102.5
2302800,10,Sertão de Canindé,2019,4,143,94,49,237,1434.84388185654
2303600,02,Centro Sul,2019,4,0,1,-1,1,998.0
2304350,11,Sertão de Sobral,2019,4,11,16,-5,27,1086.5185185185185
2304400,03,Grande Fortaleza,2019,4,18586,17379,1207,35965,1348.5111080216877
2305100,07,Maciço do Baturité,2019,4,27,2,25,29,1103.6206896551723
2306900,14,Vale do Jaguaribe,2019,4,70,27,43,97,1136.7938144329896
2307650,03,Grande Fortaleza,2019,4,1552,1427,125,2979,1330.4508224236322
2307700,03,Grande Fortaleza,2019,4,234,254,-20,488,1155.4590163934427
2308500,09,Sertão Central,2019,4,20,20,0,40,1083.425
2309300,12,Sertão dos Crateús,2019,4,9,6,3,15,1060.1333333333334
2310100,07,Maciço do Baturité,2019,4,2,5,-3,7,741.7142857142857
2311900,02,Centro Sul,2019,4,2,3,-1,5,1263.2
2312700,09,Sertão Central,2019,4,8,23,-15,31,1454.3870967741937
2313500,03,Grande Fortaleza,2019,4,41,25,16,66,1403.2121212121212
2300150,07,Maciço do Baturité,2019,5,43,44,-1,87,1181.6666666666667
2300200,05,Litoral Norte,2019,5,51,25,26,76,1173.3815789473683
2301000,03,Grande Fortaleza,2019,5,390,340,50,730,1373.4123287671232
2301950,07,Maciço do Baturité,2019,5,13,9,4,22,1068.590909090909
2302800,10,Sertão de Canindé,2019,5,39,53,-14,92,1163.7391304347825
2303600,02,Centro Sul,2019,5,1,1,0,2,760.5
2304350,11,Sertão de Sobral,2019,5,19,23,-4,42,1158.1904761904761
2304400,03,Grande Fortaleza,2019,5,18192,19061,-869,37253,1324.8710707862454
2305100,07,Maciço do Baturité,2019,5,9,11,-2,20,1144.05
2306900,14,Vale do Jaguaribe,2019,5,30,40,-10,70,1368.8857142857144
2307650,03,Grande Fortaleza,2019,5,1455,1713,-258,3168,1329.019255050505
2307700,03,Grande Fortaleza,2019,5,307,394,-87,701,1233.4222539229672
2308500,09,Sertão Central,2019,5,12,15,-3,27,979.6666666666666
2309300,12,Sertão dos Crateús,2019,5,12,7,5,19,1085.2631578947369
2310100,07,Maciço do Baturité,2019,5,2,11,-9,13,1083.3076923076924
2311900,02,Centro Sul,2019,5,10,12,-2,22,1634.409090909091
2312700,09,Sertão Central,2019,5,10,22,-12,32,1048.78125
2313500,03,Grande Fortaleza,2019,5,86,47,39,133,1161.0902255639098
2300150,07,Maciço do Baturité,2019,6,51,37,14,88,1244.375
2300200,05,Litoral Norte,2019,6,58,47,11,105,1237.6
2301000,03,Grande Fortaleza,2019,6,430,356,74,786,1215.4287531806615
2301950,07,Maciço do Baturité,2019,6,15,8,7,23,1107.695652173913
2302800,10,Sertão de Canindé,2019,6,64,62,2,126,1321.047619047619
2304350,11,Sertão de Sobral,2019,6,35,23,12,58,1086.844827586207
2304400,03,Grande Fortaleza,2019,6,17132,17405,-273,34537,1365.1190607174915
2305100,07,Maciço do Baturité,2019,6,4,4,0,8,1071.5
2306900,14,Vale do Jaguaribe,2019,6,105,70,35,175,1352.8457142857144
2307650,03,Grande Fortaleza,2019,6,1401,1559,-158,2960,1305.0841216216215
2307700,03,Grande Fortaleza,2019,6,327,297,30,624,1192.6682692307693
2308500,09,Sertão Central,2019,6,15,20,-5,35,1267.4
2309300,12,Sertão dos Crateús,2019,6,19,5,14,24,1358.7083333333333
2310100,07,Maciço do Baturité,2019,6,5,4,1,9,1287.3333333333333
2311900,02,Centro Sul,2019,6,1,22,-21,23,1871.2608695652175
2312700,09,Sertão Central,2019,6,13,46,-33,59,1129.2881355932204
2313500,03,Grande Fortaleza,2019,6,62,20,42,82,1204.2317073170732
2300150,07,Maciço do Baturité,2019,7,33,38,-5,71,1445.9295774647887
2300200,05,Litoral Norte,2019,7,88,44,44,132,1116.7045454545455
2301000,03,Grande Fortaleza,2019,7,423,426,-3,849,1376.4028268551237
2301950,07,Maciço do Baturité,2019,7,20,5,15,25,1056.88
2302800,10,Sertão de Canindé,2019,7,103,98,5,201,1186.6119402985075
2303600,02,Centro Sul,2019,7,0,1,-1,1,998.0
2304350,11,Sertão de Sobral,2019,7,26,25,1,51,1210.1960784313726
2304400,03,Grande Fortaleza,2019,7,19347,19389,-42,38736,1371.2498192895498
2305100,07,Maciço do Baturité,2019,7,7,12,-5,19,1069.0526315789473
2306900,14,Vale do Jaguaribe,2019,7,32,34,-2,66,1319.8333333333333
2307650,03,Grande Fortaleza,2019,7,1612,1703,-91,3315,1283.6829562594269
2307700,03,Grande Fortaleza,2019,7,450,237,213,687,1181.7889374090248
2308500,09,Sertão Central,2019,7,11,22,-11,33,1105.4242424242425
2309300,12,Sertão dos Crateús,2019,7,8,6,2,14,1215.0
2310100,07,Maciço do Baturité,2019,7,4,5,-1,9,1510.6666666666667
2311900,02,Centro Sul,2019,7,0,2,-2,2,998.0
2312700,09,Sertão Central,2019,7,16,60,-44,76,1151.0526315789473
2313500,03,Grande Fortaleza,2019,7,53,48,5,101,1169.5247524752476
2300150,07,Maciço do Baturité,2019,10,26,48,-22,74,1306.554054054054
2300200,05,Litoral Norte,2019,10,165,68,97,233,1135.8111587982833
2301000,03,Grande Fortaleza,2019,10,475,438,37,913,1319.3756845564074
2301950,07,Maciço do Baturité,2019,10,17,9,8,26,1035.6538461538462
2302800,10,Sertão de Canindé,2019,10,178,108,70,286,1211.1048951048951
2304350,11,Sertão de Sobral,2019,10,53,32,21,85,1139.2235294117647
2304400,03,Grande Fortaleza,2019,10,19475,18656,819,38131,1370.751357163463
2305100,07,Maciço do Baturité,2019,10,3,3,0,6,1048.5
2306900,14,Vale do Jaguaribe,2019,10,50,25,25,75,1152.7466666666667
2307650,03,Grande Fortaleza,2019,10,1569,1493,76,3062,1334.7103200522533
2307700,03,Grande Fortaleza,2019,10,304,289,15,593,1163.1096121416526
2308500,09,Sertão Central,2019,10,29,13,16,42,1098.4285714285713
2309300,12,Sertão dos Crateús,2019,10,41,17,24,58,1126.7241379310344
2310100,07,Maciço do Baturité,2019,10,6,4,2,10,2610.8
2311900,02,Centro Sul,2019,10,5,1,4,6,1183.3333333333333
2312700,09,Sertão Central,2019,10,75,23,52,98,1044.1020408163265
2313500,03,Grande Fortaleza,2019,10,43,27,16,70,1278.1714285714286
2300150,07,Maciço do Baturité,2019,11,25,33,-8,58,1266.0862068965516
2300200,05,Litoral Norte,2019,11,52,94,-42,146,1053.9657534246576
2301000,03,Grande Fortaleza,2019,11,475,360,115,835,1309.2167664670658
2301950,07,Maciço do Baturité,2019,11,4,3,1,7,1328.4285714285713
2302800,10,Sertão de Canindé,2019,11,108,72,36,180,1186.4611111111112
2303600,02,Centro Sul,2019,11,1,0,1,1,998.0
2304350,11,Sertão de Sobral,2019,11,103,16,87,119,1045.7899159663866
2304400,03,Grande Fortaleza,2019,11,19853,16665,3188,36518,1359.2843529218467
2305100,07,Maciço do Baturité,2019,11,4,2,2,6,1155.5
2306900,14,Vale do Jaguaribe,2019,11,22,26,-4,48,1047.8125
2307650,03,Grande Fortaleza,2019,11,1418,1367,51,2785,1296.0779174147217
2307700,03,Grande Fortaleza,2019,11,243,161,82,404,1202.9851485148515
2308500,09,Sertão Central,2019,11,13,7,6,20,973.05
2309300,12,Sertão dos Crateús,2019,11,22,11,11,33,1203.969696969697
2310100,07,Maciço do Baturité,2019,11,1,0,1,1,2293.0
2311900,02,Centro Sul,2019,11,0,2,-2,2,2635.0
2312700,09,Sertão Central,2019,11,12,17,-5,29,1180.551724137931
2313500,03,Grande Fortaleza,2019,11,45,42,3,87,1363.7011494252874
2300150,07,Maciço do Baturité,2019,12,21,35,-14,56,1183.0535714285713
2300200,05,Litoral Norte,2019,12,53,106,-53,159,1274.1949685534591
2301000,03,Grande Fortaleza,2019,12,510,301,209,811,1297.9580764488287
2301950,07,Maciço do Baturité,2019,12,4,8,-4,12,1016.5
2302800,10,Sertão de Canindé,2019,12,120,89,31,209,1339.8516746411483
2303600,02,Centro Sul,2019,12,0,1,-1,1,998.0
2304350,11,Sertão de Sobral,2019,12,29,88,-59,117,1139.7777777777778
2304400,03,Grande Fortaleza,2019,12,14096,15280,-1184,29376,1389.5466707516339
2305100,07,Maciço do Baturité,2019,12,10,5,5,15,1022.8666666666667
2306900,14,Vale do Jaguaribe,2019,12,12,26,-14,38,1169.157894736842
2307650,03,Grande Fortaleza,2019,12,933,1127,-194,2060,1318.464077669903
2307700,03,Grande Fortaleza,2019,12,168,199,-31,367,1175.1117166212534
2308500,09,Sertão Central,2019,12,13,12,1,25,1220.6
2309300,12,Sertão dos Crateús,2019,12,4,6,-2,10,1014.5
2310100,07,Maciço do Baturité,2019,12,4,3,1,7,1087.7142857142858
2311900,02,Centro Sul,2019,12,0,1,-1,1,998.0
2312700,09,Sertão Central,2019,12,4,23,-19,27,1137.4444444444443
2313500,03,Grande Fortaleza,2019,12,37,37,0,74,1501.7162162162163
2300150,07,Maciço do Baturité,2020,1,9,26,-17,35,1355.4914814814817
2300200,05,Litoral Norte,2020,1,64,50,14,114,1056.2349152542372
2301000,03,Grande Fortaleza,2020,1,407,376,31,783,1291.32593006993
2301950,07,Maciço do Baturité,2020,1,5,12,-7,17,1300.9883333333335
2302800,10,Sertão de Canindé,2020,1,150,57,93,207,1069.615430107527
2303600,02,Centro Sul,2020,1,3,1,2,4,779.25
2304350,11,Sertão de Sobral,2020,1,28,31,-3,59,1130.4806896551725
2304400,03,Grande Fortaleza,2020,1,18985,18544,441,37529,1402.413253741434
2305100,07,Maciço do Baturité,2020,1,1,3,-2,4,1039.0
2306900,14,Vale do Jaguaribe,2020,1,29,24,5,53,1283.3102083333333
2307650,03,Grande Fortaleza,2020,1,1346,1745,-399,3091,1257.9178579003183
2307700,03,Grande Fortaleza,2020,1,176,256,-80,432,1291.3071808510638
2308500,09,Sertão Central,2020,1,17,16,1,33,1067.8093333333334
2309300,12,Sertão dos Crateús,2020,1,22,10,12,32,1034.7095652173914
2310100,07,Maciço do Baturité,2020,1,4,2,2,6,1231.88
2312700,09,Sertão Central,2020,1,224,23,201,247,116.16102880658437
2313500,03,Grande Fortaleza,2020,1,72,51,21,123,1012.5539361702129
2300150,07,Maciço do Baturité,2020,2,21,42,-21,63,1399.8525531914893
2300200,05,Litoral Norte,2020,2,69,27,42,96,1219.363563218391
2301000,03,Grande Fortaleza,2020,2,362,441,-79,803,1237.3612749003985
2301950,07,Maciço do Baturité,2020,2,12,6,6,18,1518.5693333333334
2302800,10,Sertão de Canindé,2020,2,117,77,40,194,1194.868097826087
2304350,11,Sertão de Sobral,2020,2,30,37,-7,67,1131.1276923076923
2304400,03,Grande Fortaleza,2020,2,19597,15975,3622,35572,1321.016842055396
2305100,07,Maciço do Baturité,2020,2,12,2,10,14,934.1111111111111
2306900,14,Vale do Jaguaribe,2020,2,54,19,35,73,1165.4991549295776
2307650,03,Grande Fortaleza,2020,2,1730,1300,430,3030,1220.4435440751445
2307700,03,Grande Fortaleza,2020,2,364,231,133,595,841.3004744525547
2308500,09,Sertão Central,2020,2,13,12,1,25,1025.1666666666667
2309300,12,Sertão dos Crateús,2020,2,15,9,6,24,1187.3604761904762
2310100,07,Maciço do Baturité,2020,2,4,2,2,6,1166.7333333333333
2311900,02,Centro Sul,2020,2,7,1,6,8,1048.875
2312700,09,Sertão Central,2020,2,87,28,59,115,223.8064761904762
2313500,03,Grande Fortaleza,2020,2,67,31,36,98,1497.6309677419354
2300150,07,Maciço do Baturité,2020,4,5,19,-14,24,1414.4017391304346
2300200,05,Litoral Norte,2020,4,13,42,-29,55,1255.3387804878048
2301000,03,Grande Fortaleza,2020,4,199,873,-674,1072,1302.2598547918683
2301950,07,Maciço do Baturité,2020,4,4,3,1,7,1298.67
2302800,10,Sertão de Canindé,2020,4,38,103,-65,141,1228.275
2303600,02,Centro Sul,2020,4,1,1,0,2,1045.0
2304350,11,Sertão de Sobral,2020,4,7,17,-10,24,1300.3470833333333
2304400,03,Grande Fortaleza,2020,4,7173,23122,-15949,30295,1368.6348736205055
2305100,07,Maciço do Baturité,2020,4,0,22,-22,22,1058.3133333333333
2306900,14,Vale do Jaguaribe,2020,4,6,29,-23,35,1523.3517647058823
2307650,03,Grande Fortaleza,2020,4,627,2656,-2029,3283,1239.841188369153
2307700,03,Grande Fortaleza,2020,4,43,709,-666,752,1069.2017130919219
2308500,09,Sertão Central,2020,4,4,31,-27,35,1072.0540625
2309300,12,Sertão dos Crateús,2020,4,7,10,-3,17,1147.0711764705882
2310100,07,Maciço do Baturité,2020,4,0,4,-4,4,2333.34
2312700,09,Sertão Central,2020,4,13,185,-172,198,390.1475510204082
2313500,03,Grande Fortaleza,2020,4,14,43,-29,57,1229.1679545454544
2300150,07,Maciço do Baturité,2020,5,4,46,-42,50,1617.2538
2300200,05,Litoral Norte,2020,5,17,58,-41,75,1085.821690140845
2301000,03,Grande Fortaleza,2020,5,170,245,-75,415,1311.1055128205128
2301950,07,Maciço do Baturité,2020,5,3,4,-1,7,1664.6466666666668
2302800,10,Sertão de Canindé,2020,5,59,62,-3,121,1231.736153846154
2304350,11,Sertão de Sobral,2020,5,37,12,25,49,1123.0348979591836
2304400,03,Grande Fortaleza,2020,5,8609,14287,-5678,22896,1404.1406873939561
2305100,07,Maciço do Baturité,2020,5,0,4,-4,4,1064.25
2306900,14,Vale do Jaguaribe,2020,5,7,31,-24,38,1229.3013157894736
2307650,03,Grande Fortaleza,2020,5,875,1589,-714,2464,1427.3515127118644
2307700,03,Grande Fortaleza,2020,5,57,141,-84,198,1245.5938219895288
2308500,09,Sertão Central,2020,5,8,6,2,14,1647.875
2309300,12,Sertão dos Crateús,2020,5,14,5,9,19,1252.8455555555556
2310100,07,Maciço do Baturité,2020,5,1,2,-1,3,1255.0
2311900,02,Centro Sul,2020,5,0,3,-3,3,
2312700,09,Sertão Central,2020,5,5,11,-6,16,790.752
2313500,03,Grande Fortaleza,2020,5,38,17,21,55,1345.8813636363636
2300150,07,Maciço do Baturité,2020,6,7,69,-62,76,1368.6305263157894
2300200,05,Litoral Norte,2020,6,9,40,-31,49,1118.954347826087
2301000,03,Grande Fortaleza,2020,6,205,279,-74,484,1244.4000639658848
2301950,07,Maciço do Baturité,2020,6,2,2,0,4,1093.89
2302800,10,Sertão de Canindé,2020,6,103,95,8,198,1221.8890425531913
2304350,11,Sertão de Sobral,2020,6,34,27,7,61,1149.4643333333333
2304400,03,Grande Fortaleza,2020,6,11128,12521,-1393,23649,1429.4366690240452
2305100,07,Maciço do Baturité,2020,6,4,1,3,5,1164.0
2306900,14,Vale do Jaguaribe,2020,6,21,30,-9,51,1220.3095999999998
2307650,03,Grande Fortaleza,2020,6,995,1039,-44,2034,1334.3740205128204
2307700,03,Grande Fortaleza,2020,6,96,141,-45,237,1151.5313913043476
2308500,09,Sertão Central,2020,6,4,8,-4,12,1052.7266666666667
2309300,12,Sertão dos Crateús,2020,6,12,10,2,22,1440.2469999999998
2310100,07,Maciço do Baturité,2020,6,1,1,0,2,1108.0
2312700,09,Sertão Central,2020,6,32,15,17,47,611.683829787234
2313500,03,Grande Fortaleza,2020,6,22,23,-1,45,1592.6102702702703
2300150,07,Maciço do Baturité,2020,7,23,61,-38,84,1671.6701204819276
2300200,05,Litoral Norte,2020,7,36,23,13,59,1126.2660784313725
2301000,03,Grande Fortaleza,2020,7,304,263,41,567,1171.5233575317604
2301950,07,Maciço do Baturité,2020,7,9,5,4,14,1243.4
2302800,10,Sertão de Canindé,2020,7,63,82,-19,145,1159.1363503649634
2303600,02,Centro Sul,2020,7,0,1,-1,1,
2304350,11,Sertão de Sobral,2020,7,27,20,7,47,1306.3312765957446
2304400,03,Grande Fortaleza,2020,7,13923,11938,1985,25861,1425.7748204649654
2305100,07,Maciço do Baturité,2020,7,13,2,11,15,1249.5833333333333
2306900,14,Vale do Jaguaribe,2020,7,31,21,10,52,1589.0585714285714
2307650,03,Grande Fortaleza,2020,7,1489,1173,316,2662,1418.473
2307700,03,Grande Fortaleza,2020,7,181,138,43,319,1246.1952922077924
2308500,09,Sertão Central,2020,7,8,5,3,13,946.2307692307693
2309300,12,Sertão dos Crateús,2020,7,26,9,17,35,1051.64375
2310100,07,Maciço do Baturité,2020,7,5,2,3,7,1251.7442857142855
2311900,02,Centro Sul,2020,7,3,0,3,3,870.8333333333334
2312700,09,Sertão Central,2020,7,199,9,190,208,143.2397596153846
2313500,03,Grande Fortaleza,2020,7,57,35,22,92,1346.8868181818182
2300150,07,Maciço do Baturité,2020,8,17,21,-4,38,971.6292105263159
2300200,05,Litoral Norte,2020,8,59,37,22,96,1100.8128089887641
2301000,03,Grande Fortaleza,2020,8,381,272,109,653,1429.1299221183801
2301950,07,Maciço do Baturité,2020,8,4,6,-2,10,1575.89875
2302800,10,Sertão de Canindé,2020,8,102,76,26,178,1271.4668902439025
2303600,02,Centro Sul,2020,8,1,0,1,1,1222.0
2304350,11,Sertão de Sobral,2020,8,31,27,4,58,1189.0719298245615
2304400,03,Grande Fortaleza,2020,8,17577,12409,5168,29986,1416.3700853390924
2305100,07,Maciço do Baturité,2020,8,2,5,-3,7,1219.1666666666667
2306900,14,Vale do Jaguaribe,2020,8,35,24,11,59,1271.959661016949
2307650,03,Grande Fortaleza,2020,8,1622,1170,452,2792,1283.499174990751
2307700,03,Grande Fortaleza,2020,8,307,173,134,480,1192.5467948717949
2308500,09,Sertão Central,2020,8,6,9,-3,15,837.4333333333334
2309300,12,Sertão dos Crateús,2020,8,25,12,13,37,1126.4078787878789
2310100,07,Maciço do Baturité,2020,8,0,2,-2,2,1069.4450000000002
2312700,09,Sertão Central,2020,8,268,21,247,289,150.74470588235295
2313500,03,Grande Fortaleza,2020,8,38,151,-113,189,1619.745393258427
2300150,07,Maciço do Baturité,2020,9,26,12,14,38,1159.804
2300200,05,Litoral Norte,2020,9,32,40,-8,72,1343.6416129032257
2301000,03,Grande Fortaleza,2020,9,430,359,71,789,1254.2854404145078
2301950,07,Maciço do Baturité,2020,9,4,4,0,8,1109.7683333333334
2302800,10,Sertão de Canindé,2020,9,156,71,85,227,1095.9158851674642
2304350,11,Sertão de Sobral,2020,9,57,36,21,93,1200.1761111111111
2304400,03,Grande Fortaleza,2020,9,19053,13682,5371,32735,1385.5659006191358
2305100,07,Maciço do Baturité,2020,9,5,5,0,10,1288.412857142857
2306900,14,Vale do Jaguaribe,2020,9,29,19,10,48,1225.5048936170213
2307650,03,Grande Fortaleza,2020,9,2288,1417,871,3705,1185.5303901206848
2307700,03,Grande Fortaleza,2020,9,284,146,138,430,1131.9505825242718
2308500,09,Sertão Central,2020,9,51,7,44,58,1224.8907142857145
2309300,12,Sertão dos Crateús,2020,9,6,67,-61,73,1127.3913698630138
2310100,07,Maciço do Baturité,2020,9,1,4,-3,5,1160.238
2311900,02,Centro Sul,2020,9,2,1,1,3,1045.0
2312700,09,Sertão Central,2020,9,172,43,129,215,170.78944186046513
2313500,03,Grande Fortaleza,2020,9,57,61,-4,118,1567.4666326530614
2300150,07,Maciço do Baturité,2020,10,31,15,16,46,1113.15825
2300200,05,Litoral Norte,2020,10,59,48,11,107,1357.2784693877552
2301000,03,Grande Fortaleza,2020,10,519,326,193,845,1286.0311764705882
2301950,07,Maciço do Baturité,2020,10,20,5,15,25,1213.122380952381
2302800,10,Sertão de Canindé,2020,10,137,114,23,251,1027.241393442623
2304350,11,Sertão de Sobral,2020,10,87,25,62,112,1070.7325892857143
2304400,03,Grande Fortaleza,2020,10,23082,15256,7826,38338,1377.6168526004503
2305100,07,Maciço do Baturité,2020,10,1,4,-3,5,1075.404
2306900,14,Vale do Jaguaribe,2020,10,94,16,78,110,1239.1685185185186
2307650,03,Grande Fortaleza,2020,10,2419,1478,941,3897,1224.0368864468865
2307700,03,Grande Fortaleza,2020,10,461,236,225,697,1014.2185337243402
2308500,09,Sertão Central,2020,10,23,11,12,34,1046.6764705882354
2309300,12,Sertão dos Crateús,2020,10,3,8,-5,11,1271.072
2310100,07,Maciço do Baturité,2020,10,0,1,-1,1,1050.0
2311900,02,Centro Sul,2020,10,2,7,-5,9,1539.697777777778
2312700,09,Sertão Central,2020,10,207,97,110,304,105.40453947368421
2313500,03,Grande Fortaleza,2020,10,44,75,-31,119,1455.8993258426965
2300150,07,Maciço do Baturité,2020,11,22,13,9,35,991.7571428571429
2300200,05,Litoral Norte,2020,11,77,28,49,105,8316.85931372549
2301000,03,Grande Fortaleza,2020,11,570,282,288,852,1373.818754491018
2301950,07,Maciço do Baturité,2020,11,4,7,-3,11,1536.8325
2302800,10,Sertão de Canindé,2020,11,146,87,59,233,861.3656306306307
2303600,02,Centro Sul,2020,11,1,0,1,1,1045.0
2304350,11,Sertão de Sobral,2020,11,52,23,29,75,1108.4514666666666
2304400,03,Grande Fortaleza,2020,11,21556,13244,8312,34800,1389.9188161872548
2305100,07,Maciço do Baturité,2020,11,5,2,3,7,1261.6666666666667
2306900,14,Vale do Jaguaribe,2020,11,93,24,69,117,1214.6278260869567
2307650,03,Grande Fortaleza,2020,11,2601,1401,1200,4002,1219.4979418515684
2307700,03,Grande Fortaleza,2020,11,361,189,172,550,1328.6984162062615
2308500,09,Sertão Central,2020,11,27,34,-7,61,1304.8955737704919
2309300,12,Sertão dos Crateús,2020,11,11,15,-4,26,1172.0348
2310100,07,Maciço do Baturité,2020,11,6,5,1,11,1293.6119999999999
2311900,02,Centro Sul,2020,11,0,1,-1,1,1045.0
2312700,09,Sertão Central,2020,11,46,38,8,84,284.8073493975904
2313500,03,Grande Fortaleza,2020,11,71,42,29,113,1314.401219512195
2300150,07,Maciço do Baturité,2020,12,16,15,1,31,1138.540909090909
2300200,05,Litoral Norte,2020,12,28,32,-4,60,1114.8578181818182
2301000,03,Grande Fortaleza,2020,12,604,321,283,925,1214.4960953461975
2301950,07,Maciço do Baturité,2020,12,17,3,14,20,1098.6552631578948
2302800,10,Sertão de Canindé,2020,12,78,82,-4,160,1193.1492258064516
2303600,02,Centro Sul,2020,12,1,0,1,1,1045.0
2304350,11,Sertão de Sobral,2020,12,34,36,-2,70,1075.2636363636364
2304400,03,Grande Fortaleza,2020,12,17481,15155,2326,32636,1373.721126723572
2305100,07,Maciço do Baturité,2020,12,0,1,-1,1,1070.0
2306900,14,Vale do Jaguaribe,2020,12,33,36,-3,69,1225.0262686567164
2307650,03,Grande Fortaleza,2020,12,2003,1295,708,3298,1258.5789557465775
2307700,03,Grande Fortaleza,2020,12,258,169,89,427,1149.2829081632653
2308500,09,Sertão Central,2020,12,11,18,-7,29,1298.3189655172414
2309300,12,Sertão dos Crateús,2020,12,10,9,1,19,1253.5641176470588
2310100,07,Maciço do Baturité,2020,12,2,4,-2,6,1984.0900000000001
2311900,02,Centro Sul,2020,12,1,8,-7,9,1337.8133333333333
2312700,09,Sertão Central,2020,12,16,81,-65,97,286.57463917525774
2313500,03,Grande Fortaleza,2020,12,86,28,58,114,1277.2265217391305
2300150,07,Maciço do Baturité,2021,1,11,138,-127,149,1641.297162162162
2300200,05,Litoral Norte,2021,1,52,80,-28,132,1199.2264
2301000,03,Grande Fortaleza,2021,1,518,311,207,829,1302.2756289707752
2301950,07,Maciço do Baturité,2021,1,11,8,3,19,1185.943888888889
2302800,10,Sertão de Canindé,2021,1,200,110,90,310,966.425472972973
2303600,02,Centro Sul,2021,1,1,0,1,1,1100.0
2304350,11,Sertão de Sobral,2021,1,35,38,-3,73,1186.6308450704225
2304400,03,Grande Fortaleza,2021,1,20506,17805,2701,38311,1405.181448403015
2305100,07,Maciço do Baturité,2021,1,4,2,2,6,1096.9450000000002
2306900,14,Vale do Jaguaribe,2021,1,88,40,48,128,1162.0277235772357
2307650,03,Grande Fortaleza,2021,1,2773,1770,1003,4543,1215.8420758527827
2307700,03,Grande Fortaleza,2021,1,348,241,107,589,1181.1705670103092
2308500,09,Sertão Central,2021,1,14,19,-5,33,1064.479375
2309300,12,Sertão dos Crateús,2021,1,15,6,9,21,1255.097
2310100,07,Maciço do Baturité,2021,1,6,4,2,10,1133.8
2311900,02,Centro Sul,2021,1,0,2,-2,2,2101.41
2312700,09,Sertão Central,2021,1,19,28,-9,47,740.7537777777777
2313500,03,Grande Fortaleza,2021,1,81,41,40,122,1446.8374336283186
2300150,07,Maciço do Baturité,2021,2,18,28,-10,46,1350.4281818181817
2300200,05,Litoral Norte,2021,2,88,52,36,140,1206.2963909774437
2301000,03,Grande Fortaleza,2021,2,609,457,152,1066,1256.1923178807947
2301950,07,Maciço do Baturité,2021,2,13,13,0,26,1134.7908
2302800,10,Sertão de Canindé,2021,2,130,92,38,222,1101.4858525345621
2303600,02,Centro Sul,2021,2,12,0,12,12,1175.885
2304350,11,Sertão de Sobral,2021,2,71,42,29,113,1190.1942342342343
2304400,03,Grande Fortaleza,2021,2,23456,16836,6620,40292,1739.2169123158274
2305100,07,Maciço do Baturité,2021,2,8,1,7,9,1109.111111111111
2306900,14,Vale do Jaguaribe,2021,2,55,44,11,99,1252.770505050505
2307650,03,Grande Fortaleza,2021,2,2462,1673,789,4135,1285.7906108374384
2307700,03,Grande Fortaleza,2021,2,424,201,223,625,1201.6801957585644
2308500,09,Sertão Central,2021,2,26,15,11,41,1136.5661538461538
2309300,12,Sertão dos Crateús,2021,2,13,14,-1,27,1092.9596296296297
2310100,07,Maciço do Baturité,2021,2,3,7,-4,10,1236.0
2311900,02,Centro Sul,2021,2,2,3,-1,5,1100.0
2312700,09,Sertão Central,2021,2,44,23,21,67,581.0746268656717
2313500,03,Grande Fortaleza,2021,2,129,50,79,179,1411.878263473054
2300150,07,Maciço do Baturité,2021,3,38,15,23,53,1098.3757692307693
2300200,05,Litoral Norte,2021,3,61,52,9,113,1315.3359405940594
2301000,03,Grande Fortaleza,2021,3,474,477,-3,951,1388.039669509595
2301950,07,Maciço do Baturité,2021,3,10,9,1,19,1247.935789473684
2302800,10,Sertão de Canindé,2021,3,94,86,8,180,1198.6422285714284
2303600,02,Centro Sul,2021,3,0,1,-1,1,3804.63
2304350,11,Sertão de Sobral,2021,3,49,46,3,95,1211.8461538461538
2304400,03,Grande Fortaleza,2021,3,18137,19448,-1311,37585,1593.0961281070745
2305100,07,Maciço do Baturité,2021,3,7,2,5,9,992.5111111111112
2306900,14,Vale do Jaguaribe,2021,3,36,32,4,68,1283.6745588235294
2307650,03,Grande Fortaleza,2021,3,1959,2248,-289,4207,1277.3193128478104
2307700,03,Grande Fortaleza,2021,3,191,322,-131,513,1223.3961033797216
2308500,09,Sertão Central,2021,3,29,16,13,45,1284.7224444444446
2309300,12,Sertão dos Crateús,2021,3,98,20,78,118,1101.3915384615384
2310100,07,Maciço do Baturité,2021,3,4,4,0,8,1669.2662500000001
2311900,02,Centro Sul,2021,3,7,1,6,8,1414.2857142857142
2312700,09,Sertão Central,2021,3,66,24,42,90,454.1913333333333
2313500,03,Grande Fortaleza,2021,3,144,49,95,193,1336.8736571428572
2300150,07,Maciço do Baturité,2021,4,15,22,-7,37,1284.5585714285714
2300200,05,Litoral Norte,2021,4,46,28,18,74,1668.3668115942028
2301000,03,Grande Fortaleza,2021,4,463,364,99,827,1373.7829286608262
2301950,07,Maciço do Baturité,2021,4,7,9,-2,16,1177.248
2302800,10,Sertão de Canindé,2021,4,88,76,12,164,1311.7199300699301
2303600,02,Centro Sul,2021,4,1,1,0,2,1100.975
2304350,11,Sertão de Sobral,2021,4,30,21,9,51,1164.3886
2304400,03,Grande Fortaleza,2021,4,16534,15302,1232,31836,1564.1007945938886
2305100,07,Maciço do Baturité,2021,4,2,2,0,4,1541.2600000000002
2306900,14,Vale do Jaguaribe,2021,4,36,48,-12,84,1315.4089285714285
2307650,03,Grande Fortaleza,2021,4,1906,1477,429,3383,1329.3248452669905
2307700,03,Grande Fortaleza,2021,4,156,262,-106,418,1246.0385990338164
2308500,09,Sertão Central,2021,4,19,15,4,34,1232.5067999999999
2309300,12,Sertão dos Crateús,2021,4,15,9,6,24,1507.868333333333
2310100,07,Maciço do Baturité,2021,4,1,3,-2,4,1159.0
2311900,02,Centro Sul,2021,4,6,0,6,6,1100.0
2312700,09,Sertão Central,2021,4,10,16,-6,26,708.4903846153846
2313500,03,Grande Fortaleza,2021,4,84,56,28,140,1510.938905109489
2300150,07,Maciço do Baturité,2021,5,20,14,6,34,1135.3085294117645
2300200,05,Litoral Norte,2021,5,157,48,109,205,1274.7223737373738
2301000,03,Grande Fortaleza,2021,5,488,426,62,914,1362.123020948181
2301950,07,Maciço do Baturité,2021,5,8,8,0,16,1342.8980000000001
2302800,10,Sertão de Canindé,2021,5,60,60,0,120,1195.6662393162394
2303600,02,Centro Sul,2021,5,0,1,-1,1,1100.0
2304350,11,Sertão de Sobral,2021,5,36,33,3,69,1221.805072463768
2304400,03,Grande Fortaleza,2021,5,18011,15464,2547,33475,1482.3580866974708
2305100,07,Maciço do Baturité,2021,5,6,3,3,9,1187.142857142857
2306900,14,Vale do Jaguaribe,2021,5,54,35,19,89,1203.3370588235293
2307650,03,Grande Fortaleza,2021,5,1478,1593,-115,3071,1328.052975288303
2307700,03,Grande Fortaleza,2021,5,214,211,3,425,1256.237009569378
2308500,09,Sertão Central,2021,5,14,20,-6,34,1212.1230303030302
2309300,12,Sertão dos Crateús,2021,5,32,11,21,43,1242.347142857143
2310100,07,Maciço do Baturité,2021,5,5,2,3,7,1515.6285714285714
2311900,02,Centro Sul,2021,5,1,0,1,1,1100.0
2312700,09,Sertão Central,2021,5,14,35,-21,49,611.134693877551
2313500,03,Grande Fortaleza,2021,5,119,37,82,156,1497.6203846153846
2300150,07,Maciço do Baturité,2021,6,34,19,15,53,1126.8529166666667
2300200,05,Litoral Norte,2021,6,75,47,28,122,1130.7614049586778
2301000,03,Grande Fortaleza,2021,6,450,393,57,843,1417.7486547619048
2301950,07,Maciço do Baturité,2021,6,5,6,-1,11,1363.078181818182
2302800,10,Sertão de Canindé,2021,6,94,66,28,160,1454.4787581699347
2303600,02,Centro Sul,2021,6,2,2,0,4,875.825
2304350,11,Sertão de Sobral,2021,6,48,26,22,74,1202.935
2304400,03,Grande Fortaleza,2021,6,21320,16456,4864,37776,1525.9561881759385
2305100,07,Maciço do Baturité,2021,6,0,2,-2,2,1119.0
2306900,14,Vale do Jaguaribe,2021,6,54,31,23,85,1284.3942352941176
2307650,03,Grande Fortaleza,2021,6,1626,1441,185,3067,1359.9715985497694
2307700,03,Grande Fortaleza,2021,6,278,219,59,497,1041.7527892561984
2308500,09,Sertão Central,2021,6,15,11,4,26,1308.9303846153848
2309300,12,Sertão dos Crateús,2021,6,18,48,-30,66,1251.4383333333335
2310100,07,Maciço do Baturité,2021,6,4,2,2,6,1046.3333333333333
2311900,02,Centro Sul,2021,6,1,3,-2,4,1100.0
2312700,09,Sertão Central,2021,6,16,61,-45,77,442.46116883116883
2313500,03,Grande Fortaleza,2021,6,140,60,80,200,1456.9065
2300150,07,Maciço do Baturité,2021,7,21,12,9,33,1294.2890625
2300200,05,Litoral Norte,2021,7,103,33,70,136,1218.3903076923077
2301000,03,Grande Fortaleza,2021,7,710,443,267,1153,1370.221039647577
2301950,07,Maciço do Baturité,2021,7,9,7,2,16,1148.4992857142856
2302800,10,Sertão de Canindé,2021,7,107,101,6,208,1050.5369
2303600,02,Centro Sul,2021,7,2,0,2,2,1100.0
2304350,11,Sertão de Sobral,2021,7,48,21,27,69,1295.145652173913
2304400,03,Grande Fortaleza,2021,7,23055,16848,6207,39903,1498.612261303971
2305100,07,Maciço do Baturité,2021,7,8,4,4,12,1126.3366666666668
2306900,14,Vale do Jaguaribe,2021,7,48,56,-8,104,1190.8492233009708
2307650,03,Grande Fortaleza,2021,7,2117,1669,448,3786,1402.5245188172044
2307700,03,Grande Fortaleza,2021,7,376,211,165,587,1173.5754419410746
2308500,09,Sertão Central,2021,7,17,12,5,29,1298.8720689655172
2309300,12,Sertão dos Crateús,2021,7,14,60,-46,74,1252.5624324324324
2310100,07,Maciço do Baturité,2021,7,3,5,-2,8,1372.8975
2312700,09,Sertão Central,2021,7,126,44,82,170,237.45670588235294
2313500,03,Grande Fortaleza,2021,7,110,59,51,169,1585.784606060606
2300150,07,Maciço do Baturité,2021,8,20,13,7,33,1450.2584848484848
2300200,05,Litoral Norte,2021,8,114,50,64,164,1148.1985802469137
2301000,03,Grande Fortaleza,2021,8,555,486,69,1041,1368.3723603082851
2301950,07,Maciço do Baturité,2021,8,16,12,4,28,1235.478
2302800,10,Sertão de Canindé,2021,8,169,77,92,246,914.5641810344828
2304350,11,Sertão de Sobral,2021,8,49,28,21,77,1331.0275
2304400,03,Grande Fortaleza,2021,8,25772,17892,7880,43664,1454.143558300693
2305100,07,Maciço do Baturité,2021,8,9,9,0,18,1173.520588235294
2306900,14,Vale do Jaguaribe,2021,8,46,60,-14,106,1351.8892857142857
2307650,03,Grande Fortaleza,2021,8,2147,1830,317,3977,1362.6684385297847
2307700,03,Grande Fortaleza,2021,8,411,288,123,699,1191.5624675324675
2308500,09,Sertão Central,2021,8,26,13,13,39,1149.6084615384616
2309300,12,Sertão dos Crateús,2021,8,25,9,16,34,1270.925588235294
2310100,07,Maciço do Baturité,2021,8,1,0,1,1,1214.54
2311900,02,Centro Sul,2021,8,5,1,4,6,916.6666666666666
2312700,09,Sertão Central,2021,8,123,54,69,177,315.71158192090394
2313500,03,Grande Fortaleza,2021,8,145,101,44,246,1321.58625
2300150,07,Maciço do Baturité,2021,9,47,16,31,63,1224.885254237288
2300200,05,Litoral Norte,2021,9,109,84,25,193,1301.8762773722626
2301000,03,Grande Fortaleza,2021,9,570,430,140,1000,1412.984416498994
2301950,07,Maciço do Baturité,2021,9,20,4,16,24,1370.0539130434781
2302800,10,Sertão de Canindé,2021,9,165,111,54,276,1056.0540221402214
2303600,02,Centro Sul,2021,9,0,1,-1,1,998.0
2304350,11,Sertão de Sobral,2021,9,81,31,50,112,1214.4896428571428
2304400,03,Grande Fortaleza,2021,9,25046,19150,5896,44196,1466.0084695608325
2305100,07,Maciço do Baturité,2021,9,10,12,-2,22,1257.4750000000001
2306900,14,Vale do Jaguaribe,2021,9,61,89,-28,150,1356.0012751677853
2307650,03,Grande Fortaleza,2021,9,2137,1612,525,3749,1298.7046857297005
2307700,03,Grande Fortaleza,2021,9,423,282,141,705,1091.0917974322397
2308500,09,Sertão Central,2021,9,39,18,21,57,1248.192807017544
2309300,12,Sertão dos Crateús,2021,9,23,20,3,43,1267.0467441860465
2310100,07,Maciço do Baturité,2021,9,5,4,1,9,1265.051111111111
2311900,02,Centro Sul,2021,9,3,0,3,3,1100.0
2312700,09,Sertão Central,2021,9,62,47,15,109,655.1904587155963
2313500,03,Grande Fortaleza,2021,9,149,93,56,242,1313.5051046025103
2300150,07,Maciço do Baturité,2021,10,67,14,53,81,1243.3486419753087
2300200,05,Litoral Norte,2021,10,223,42,181,265,1200.921225490196
2301000,03,Grande Fortaleza,2021,10,654,537,117,1191,1607.1703285593933
2301950,07,Maciço do Baturité,2021,10,11,7,4,18,1108.7033333333334
2302800,10,Sertão de Canindé,2021,10,152,103,49,255,994.77752
2303600,02,Centro Sul,2021,10,3,2,1,5,1104.0
2304350,11,Sertão de Sobral,2021,10,35,30,5,65,1446.2807692307692
2304400,03,Grande Fortaleza,2021,10,23890,20036,3854,43926,1461.3332417039844
2305100,07,Maciço do Baturité,2021,10,12,5,7,17,1309.7123529411765
2306900,14,Vale do Jaguaribe,2021,10,40,35,5,75,1231.0425333333333
2307650,03,Grande Fortaleza,2021,10,2082,1893,189,3975,1343.5966032470826
2307700,03,Grande Fortaleza,2021,10,380,257,123,637,1232.866992
2308500,09,Sertão Central,2021,10,24,17,7,41,1331.5748780487804
2309300,12,Sertão dos Crateús,2021,10,27,19,8,46,1218.3134782608695
2310100,07,Maciço do Baturité,2021,10,1,4,-3,5,1268.394
2311900,02,Centro Sul,2021,10,1,0,1,1,1100.0
2312700,09,Sertão Central,2021,10,70,101,-31,171,643.2901754385965
2313500,03,Grande Fortaleza,2021,10,93,117,-24,210,1408.7897115384617
2300150,07,Maciço do Baturité,2021,11,38,19,19,57,1273.7001785714285
2300200,05,Litoral Norte,2021,11,168,89,79,257,1228.6894377510039
2301000,03,Grande Fortaleza,2021,11,853,461,392,1314,1261.135243902439
2301950,07,Maciço do Baturité,2021,11,11,16,-5,27,1163.2453846153846
2302800,10,Sertão de Canindé,2021,11,135,91,44,226,1278.4591479820629
2303600,02,Centro Sul,2021,11,2,1,1,3,1100.0
2304350,11,Sertão de Sobral,2021,11,36,29,7,65,1202.485846153846
2304400,03,Grande Fortaleza,2021,11,24736,17176,7560,41912,1515.025134145754
2305100,07,Maciço do Baturité,2021,11,21,7,14,28,1190.077857142857
2306900,14,Vale do Jaguaribe,2021,11,48,42,6,90,1375.771111111111
2307650,03,Grande Fortaleza,2021,11,2082,1526,556,3608,1291.8688745439235
2307700,03,Grande Fortaleza,2021,11,238,171,67,409,1243.7636919315403
2308500,09,Sertão Central,2021,11,27,20,7,47,1118.4966666666667
2309300,12,Sertão dos Crateús,2021,11,12,20,-8,32,1094.986875
2310100,07,Maciço do Baturité,2021,11,4,2,2,6,1392.3783333333333
2311900,02,Centro Sul,2021,11,2,3,-1,5,1100.0
2312700,09,Sertão Central,2021,11,19,47,-28,66,740.2580303030303
2313500,03,Grande Fortaleza,2021,11,144,115,29,259,1473.5584555984556
2300150,07,Maciço do Baturité,2021,12,18,15,3,33,1144.3557575757575
2300200,05,Litoral Norte,2021,12,96,163,-67,259,1226.759953488372
2301000,03,Grande Fortaleza,2021,12,725,486,239,1211,1291.1095041322315
2301950,07,Maciço do Baturité,2021,12,14,6,8,20,1110.8764999999999
2302800,10,Sertão de Canindé,2021,12,120,104,16,224,1191.368208955224
2303600,02,Centro Sul,2021,12,0,2,-2,2,1105.0
2304350,11,Sertão de Sobral,2021,12,28,74,-46,102,1203.0110784313727
2304400,03,Grande Fortaleza,2021,12,19037,17790,1247,36827,1490.9431050564556
2305100,07,Maciço do Baturité,2021,12,10,6,4,16,1221.18875
2306900,14,Vale do Jaguaribe,2021,12,44,42,2,86,1354.0848837209303
2307650,03,Grande Fortaleza,2021,12,1382,1770,-388,3152,1366.9580813581038
2307700,03,Grande Fortaleza,2021,12,127,199,-72,326,1439.6356
2308500,09,Sertão Central,2021,12,15,11,4,26,1136.0203999999999
2309300,12,Sertão dos Crateús,2021,12,13,11,2,24,1247.3154166666666
2310100,07,Maciço do Baturité,2021,12,1,3,-2,4,1706.255
2312700,09,Sertão Central,2021,12,24,127,-103,151,347.92390728476823
2313500,03,Grande Fortaleza,2021,12,101,133,-32,234,1376.0186752136751
2300150,07,Maciço do Baturité,2022,1,62,36,26,98,1267.2688659793814
2300200,05,Litoral Norte,2022,1,138,75,63,213,1387.013710691824
2301000,03,Grande Fortaleza,2022,1,684,494,190,1178,1406.297962648557
2301950,07,Maciço do Baturité,2022,1,10,19,-9,29,1341.2320689655173
2302800,10,Sertão de Canindé,2022,1,187,127,60,314,964.4730033003301
2303600,02,Centro Sul,2022,1,1,1,0,2,1380.1799999999998
2304350,11,Sertão de Sobral,2022,1,19,16,3,35,1247.4793548387097
2304400,03,Grande Fortaleza,2022,1,23159,23949,-790,47108,1590.8212458723021
2305100,07,Maciço do Baturité,2022,1,15,13,2,28,1564.9167857142857
2306900,14,Vale do Jaguaribe,2022,1,58,78,-20,136,1465.4904444444444
2307650,03,Grande Fortaleza,2022,1,1846,2572,-726,4418,1488.812805347836
2307700,03,Grande Fortaleza,2022,1,218,388,-170,606,1204.9927392739273
2308500,09,Sertão Central,2022,1,43,31,12,74,1012.1255405405404
2309300,12,Sertão dos Crateús,2022,1,36,21,15,57,1245.4008771929825
2310100,07,Maciço do Baturité,2022,1,2,9,-7,11,1231.770909090909
2311900,02,Centro Sul,2022,1,5,1,4,6,2181.3616666666667
2312700,09,Sertão Central,2022,1,63,31,32,94,690.5623404255319
2313500,03,Grande Fortaleza,2022,1,119,116,3,235,1386.8004680851063
2300150,07,Maciço do Baturité,2022,2,12,28,-16,40,1304.28975
2300200,05,Litoral Norte,2022,2,130,76,54,206,1316.7019191919192
2301000,03,Grande Fortaleza,2022,2,604,656,-52,1260,1560.6036616362192
2301950,07,Maciço do Baturité,2022,2,19,13,6,32,1338.33375
2302800,10,Sertão de Canindé,2022,2,171,123,48,294,1115.8937545126355
2303600,02,Centro Sul,2022,2,0,1,-1,1,1212.0
2304350,11,Sertão de Sobral,2022,2,21,35,-14,56,1466.3153571428572
2304400,03,Grande Fortaleza,2022,2,25592,20296,5296,45888,1525.3261836466988
2305100,07,Maciço do Baturité,2022,2,21,2,19,23,1276.1934782608696
2306900,14,Vale do Jaguaribe,2022,2,61,39,22,100,1386.095
2307650,03,Grande Fortaleza,2022,2,1863,2439,-576,4302,1456.9443728100912
2307700,03,Grande Fortaleza,2022,2,418,331,87,749,1206.4752744310576
2308500,09,Sertão Central,2022,2,31,29,2,60,1109.2915
2309300,12,Sertão dos Crateús,2022,2,42,13,29,55,1499.3778181818182
2310100,07,Maciço do Baturité,2022,2,3,2,1,5,1364.2
2311900,02,Centro Sul,2022,2,0,2,-2,2,2270.96
2312700,09,Sertão Central,2022,2,75,61,14,136,930.7536764705883
2313500,03,Grande Fortaleza,2022,2,118,110,8,228,1410.1769298245615
2300150,07,Maciço do Baturité,2022,3,34,32,2,66,1387.6431818181818
2300200,05,Litoral Norte,2022,3,102,73,29,175,1480.5284
2301000,03,Grande Fortaleza,2022,3,560,590,-30,1150,1474.6955652173913
2301950,07,Maciço do Baturité,2022,3,67,9,58,76,1342.1276315789473
2302800,10,Sertão de Canindé,2022,3,210,148,62,358,992.0860055865921
2303600,02,Centro Sul,2022,3,3,1,2,4,1229.1025
2304350,11,Sertão de Sobral,2022,3,41,45,-4,86,1479.895
2304400,03,Grande Fortaleza,2022,3,25588,22122,3466,47710,1567.3767375990606
2305100,07,Maciço do Baturité,2022,3,12,13,-1,25,1330.368
2306900,14,Vale do Jaguaribe,2022,3,57,53,4,110,1434.000727272727
2307650,03,Grande Fortaleza,2022,3,1825,1941,-116,3766,1395.0279421136486
2307700,03,Grande Fortaleza,2022,3,557,400,157,957,1068.6566248693834
2308500,09,Sertão Central,2022,3,28,30,-2,58,1139.0336206896552
2309300,12,Sertão dos Crateús,2022,3,43,27,16,70,1330.9631428571429
2311900,02,Centro Sul,2022,3,1,4,-3,5,1112.7620000000002
2312700,09,Sertão Central,2022,3,124,54,70,178,525.2794382022472
2313500,03,Grande Fortaleza,2022,3,167,146,21,313,1369.1675399361022
2300150,07,Maciço do Baturité,2022,4,37,26,11,63,1366.134761904762
2300200,05,Litoral Norte,2022,4,46,53,-7,99,1425.3802020202022
2301000,03,Grande Fortaleza,2022,4,493,461,32,954,1549.7408280922432
2301950,07,Maciço do Baturité,2022,4,16,16,0,32,1501.7228125
2302800,10,Sertão de Canindé,2022,4,192,134,58,326,888.7083435582822
2303600,02,Centro Sul,2022,4,0,1,-1,1,1273.3
2304350,11,Sertão de Sobral,2022,4,35,35,0,70,1351.0622857142857
2304400,03,Grande Fortaleza,2022,4,23520,20292,3228,43812,1566.418789006323
2305100,07,Maciço do Baturité,2022,4,7,9,-2,16,1284.685625
2306900,14,Vale do Jaguaribe,2022,4,29,51,-22,80,1263.4022499999999
2307650,03,Grande Fortaleza,2022,4,1630,1541,89,3171,1412.6622485020498
2307700,03,Grande Fortaleza,2022,4,220,313,-93,533,1416.5969793621011
2308500,09,Sertão Central,2022,4,25,36,-11,61,1247.8954098360655
2309300,12,Sertão dos Crateús,2022,4,22,31,-9,53,1505.7071698113207
2310100,07,Maciço do Baturité,2022,4,6,2,4,8,2155.1225
2311900,02,Centro Sul,2022,4,8,1,7,9,1216.6
2312700,09,Sertão Central,2022,4,137,37,100,174,342.7023563218391
2313500,03,Grande Fortaleza,2022,4,123,109,14,232,1514.909870689655
2300150,07,Maciço do Baturité,2022,5,20,38,-18,58,1355.7025862068965
2300200,05,Litoral Norte,2022,5,70,71,-1,141,1323.90304964539
2301000,03,Grande Fortaleza,2022,5,629,500,129,1129,1425.5639681133746
2301950,07,Maciço do Baturité,2022,5,12,14,-2,26,1587.2342307692309
2302800,10,Sertão de Canindé,2022,5,311,155,156,466,797.2745708154507
2303600,02,Centro Sul,2022,5,2,2,0,4,606.0
2304350,11,Sertão de Sobral,2022,5,28,38,-10,66,1249.6533333333332
2304400,03,Grande Fortaleza,2022,5,26093,21502,4591,47595,1571.3922861651763
2305100,07,Maciço do Baturité,2022,5,7,8,-1,15,1289.0726666666667
2306900,14,Vale do Jaguaribe,2022,5,46,46,0,92,1346.3207608695652
2307650,03,Grande Fortaleza,2022,5,1931,1944,-13,3875,1484.264840797308
2307700,03,Grande Fortaleza,2022,5,288,372,-84,660,1268.2450757575757
2308500,09,Sertão Central,2022,5,18,34,-16,52,1311.2748076923076
2309300,12,Sertão dos Crateús,2022,5,47,21,26,68,1457.1729411764704
2310100,07,Maciço do Baturité,2022,5,8,3,5,11,1454.7272727272727
2311900,02,Centro Sul,2022,5,9,0,9,9,1212.0
2312700,09,Sertão Central,2022,5,153,66,87,219,217.1934703196347
2313500,03,Grande Fortaleza,2022,5,197,195,2,392,1457.354974489796
2300150,07,Maciço do Baturité,2022,6,34,21,13,55,1352.348727272727
2300200,05,Litoral Norte,2022,6,93,56,37,149,1375.4728187919463
2301000,03,Grande Fortaleza,2022,6,774,494,280,1268,1417.208082083662
2301950,07,Maciço do Baturité,2022,6,22,11,11,33,1282.7645454545454
2302800,10,Sertão de Canindé,2022,6,211,101,110,312,940.5692307692307
2303600,02,Centro Sul,2022,6,2,1,1,3,1234.8033333333333
2304350,11,Sertão de Sobral,2022,6,41,26,15,67,1521.5814925373136
2304400,03,Grande Fortaleza,2022,6,26264,20953,5311,47217,1654.0139694510942
2305100,07,Maciço do Baturité,2022,6,12,3,9,15,1359.874
2306900,14,Vale do Jaguaribe,2022,6,67,55,12,122,1291.497049180328
2307650,03,Grande Fortaleza,2022,6,1914,1624,290,3538,1499.5265750708213
2307700,03,Grande Fortaleza,2022,6,367,237,130,604,1458.6762251655628
2308500,09,Sertão Central,2022,6,42,19,23,61,1458.9091803278689
2309300,12,Sertão dos Crateús,2022,6,40,29,11,69,1507.4463768115943
2310100,07,Maciço do Baturité,2022,6,6,3,3,9,1396.9011111111113
2311900,02,Centro Sul,2022,6,1,2,-1,3,1425.6666666666667
2312700,09,Sertão Central,2022,6,102,55,47,157,745.748280254777
2313500,03,Grande Fortaleza,2022,6,117,106,11,223,1591.1300896860987
2300150,07,Maciço do Baturité,2022,7,47,23,24,70,1332.202
2300200,05,Litoral Norte,2022,7,122,87,35,209,1501.2957894736842
2301000,03,Grande Fortaleza,2022,7,710,518,192,1228,1466.2570334148331
2301950,07,Maciço do Baturité,2022,7,10,11,-1,21,1334.7038095238095
2302800,10,Sertão de Canindé,2022,7,141,119,22,260,1167.5637692307694
2303600,02,Centro Sul,2022,7,3,2,1,5,1355.042
2304350,11,Sertão de Sobral,2022,7,56,201,-145,257,1309.0991439688714
2304400,03,Grande Fortaleza,2022,7,26986,21971,5015,48957,1650.3561468058592
2305100,07,Maciço do Baturité,2022,7,18,5,13,23,1597.2591304347825
2306900,14,Vale do Jaguaribe,2022,7,71,26,45,97,1174.3307216494845
2307650,03,Grande Fortaleza,2022,7,2206,1789,417,3995,1478.8524398797597
2307700,03,Grande Fortaleza,2022,7,455,255,200,710,1332.130323943662
2308500,09,Sertão Central,2022,7,44,23,21,67,1333.1537313432837
2309300,12,Sertão dos Crateús,2022,7,17,45,-28,62,1404.6608064516129
2310100,07,Maciço do Baturité,2022,7,9,0,9,9,1298.7133333333334
2311900,02,Centro Sul,2022,7,1,0,1,1,1212.0
2312700,09,Sertão Central,2022,7,280,69,211,349,300.7824928366762
2313500,03,Grande Fortaleza,2022,7,129,80,49,209,1529.646889952153
2300150,07,Maciço do Baturité,2022,8,46,27,19,73,1360.529589041096
2300200,05,Litoral Norte,2022,8,80,134,-54,214,1413.7959813084112
2301000,03,Grande Fortaleza,2022,8,633,612,21,1245,1406.021437751004
2301950,07,Maciço do Baturité,2022,8,18,19,-1,37,1473.6572972972972
2302800,10,Sertão de Canindé,2022,8,160,133,27,293,1002.5015017064846
2304350,11,Sertão de Sobral,2022,8,52,37,15,89,1607.3811235955059
2304400,03,Grande Fortaleza,2022,8,26032,24291,1741,50323,1603.4792955367434
2305100,07,Maciço do Baturité,2022,8,11,14,-3,25,1357.9408
2306900,14,Vale do Jaguaribe,2022,8,57,55,2,112,1597.2580357142856
2307650,03,Grande Fortaleza,2022,8,2382,2003,379,4385,1530.7630200729927
2307700,03,Grande Fortaleza,2022,8,430,359,71,789,1207.0261216730037
2308500,09,Sertão Central,2022,8,28,36,-8,64,1384.76421875
2309300,12,Sertão dos Crateús,2022,8,33,34,-1,67,1545.1049253731344
2310100,07,Maciço do Baturité,2022,8,5,3,2,8,1869.12875
2311900,02,Centro Sul,2022,8,4,2,2,6,1111.0
2312700,09,Sertão Central,2022,8,98,93,5,191,464.5924083769633
2313500,03,Grande Fortaleza,2022,8,153,180,-27,333,1442.685105105105
2300150,07,Maciço do Baturité,2022,9,17,12,5,29,1691.3696551724138
2300200,05,Litoral Norte,2022,9,90,72,18,162,1301.7604938271606
2301000,03,Grande Fortaleza,2022,9,598,588,10,1186,1497.5634822934232
2301950,07,Maciço do Baturité,2022,9,13,19,-6,32,1392.6934375
2302800,10,Sertão de Canindé,2022,9,181,140,41,321,1165.1228971962616
2303600,02,Centro Sul,2022,9,3,3,0,6,1212.0
2304350,11,Sertão de Sobral,2022,9,55,28,27,83,1367.2536144578314
2304400,03,Grande Fortaleza,2022,9,27743,21878,5865,49621,1575.7679405896697
2305100,07,Maciço do Baturité,2022,9,9,9,0,18,1486.0838888888889
2306900,14,Vale do Jaguaribe,2022,9,84,65,19,149,1571.9426845637583
2307650,03,Grande Fortaleza,2022,9,1997,1722,275,3719,1481.4000268961806
2307700,03,Grande Fortaleza,2022,9,370,339,31,709,1291.2099012693934
2308500,09,Sertão Central,2022,9,37,28,9,65,1319.8003076923078
2309300,12,Sertão dos Crateús,2022,9,18,18,0,36,1708.3433333333332
2310100,07,Maciço do Baturité,2022,9,10,3,7,13,1182.7276923076925
2311900,02,Centro Sul,2022,9,2,0,2,2,1212.0
2312700,09,Sertão Central,2022,9,45,49,-4,94,553.2740425531914
2313500,03,Grande Fortaleza,2022,9,147,103,44,250,1569.32304
2300150,07,Maciço do Baturité,2022,10,23,48,-25,71,1356.3242253521128
2300200,05,Litoral Norte,2022,10,106,96,10,202,1466.7879702970297
2301000,03,Grande Fortaleza,2022,10,598,535,63,1133,1366.5512709620477
2301950,07,Maciço do Baturité,2022,10,14,9,5,23,1250.5026086956523
2302800,10,Sertão de Canindé,2022,10,239,154,85,393,1108.4476844783715
2303600,02,Centro Sul,2022,10,2,5,-3,7,1223.2014285714286
2304350,11,Sertão de Sobral,2022,10,60,30,30,90,1484.4406666666666
2304400,03,Grande Fortaleza,2022,10,24230,21620,2610,45850,1599.15612264048
2305100,07,Maciço do Baturité,2022,10,12,11,1,23,1458.8817391304347
2306900,14,Vale do Jaguaribe,2022,10,98,48,50,146,1392.6262328767123
2307650,03,Grande Fortaleza,2022,10,2132,1787,345,3919,1479.4174301819114
2307700,03,Grande Fortaleza,2022,10,364,325,39,689,1428.8353597650514
2308500,09,Sertão Central,2022,10,19,28,-9,47,1250.5661702127659
2309300,12,Sertão dos Crateús,2022,10,37,37,0,74,1447.4477027027028
2310100,07,Maciço do Baturité,2022,10,2,7,-5,9,2061.96
2311900,02,Centro Sul,2022,10,2,2,0,4,1313.0
2312700,09,Sertão Central,2022,10,60,72,-12,132,733.5001515151515
2313500,03,Grande Fortaleza,2022,10,119,113,6,232,1489.7921120689657
2300150,07,Maciço do Baturité,2022,11,14,22,-8,36,1396.8719444444444
2300200,05,Litoral Norte,2022,11,82,48,34,130,1217.2751538461537
2301000,03,Grande Fortaleza,2022,11,561,534,27,1095,1564.2094972577695
2301950,07,Maciço do Baturité,2022,11,9,8,1,17,1274.7223529411765
2302800,10,Sertão de Canindé,2022,11,127,154,-27,281,1271.064768683274
2303600,02,Centro Sul,2022,11,4,0,4,4,1246.9275
2304350,11,Sertão de Sobral,2022,11,77,38,39,115,1410.4361739130436
2304400,03,Grande Fortaleza,2022,11,25989,20207,5782,46196,1636.3271017191355
2305100,07,Maciço do Baturité,2022,11,15,4,11,19,1298.7610526315789
2306900,14,Vale do Jaguaribe,2022,11,158,50,108,208,1354.2192788461539
2307650,03,Grande Fortaleza,2022,11,1842,1522,320,3364,1471.7815546967897
2307700,03,Grande Fortaleza,2022,11,307,297,10,604,1381.2452649006623
2308500,09,Sertão Central,2022,11,36,24,12,60,1551.9191666666666
2309300,12,Sertão dos Crateús,2022,11,36,17,19,53,1359.4115094339622
2310100,07,Maciço do Baturité,2022,11,6,2,4,8,1448.62
2311900,02,Centro Sul,2022,11,0,3,-3,3,1212.0
2312700,09,Sertão Central,2022,11,45,54,-9,99,1054.2011111111112
2313500,03,Grande Fortaleza,2022,11,237,123,114,360,1428.7792222222222
2300150,07,Maciço do Baturité,2022,12,20,9,11,29,1333.1189655172413
2300200,05,Litoral Norte,2022,12,45,69,-24,114,1329.7345132743362
2301000,03,Grande Fortaleza,2022,12,688,490,198,1178,1433.4543415463042
2301950,07,Maciço do Baturité,2022,12,6,3,3,9,2184.141111111111
2302800,10,Sertão de Canindé,2022,12,200,130,70,330,1274.889212121212
2303600,02,Centro Sul,2022,12,5,1,4,6,1010.0
2304350,11,Sertão de Sobral,2022,12,26,44,-18,70,1409.0118571428573
2304400,03,Grande Fortaleza,2022,12,18358,20157,-1799,38515,1647.8459563893732
2305100,07,Maciço do Baturité,2022,12,5,6,-1,11,1474.1927272727273
2306900,14,Vale do Jaguaribe,2022,12,88,51,37,139,1380.3892805755395
2307650,03,Grande Fortaleza,2022,12,1277,1792,-515,3069,1550.4886818923326
2307700,03,Grande Fortaleza,2022,12,176,290,-114,466,1507.6078279569892
2308500,09,Sertão Central,2022,12,16,24,-8,40,1295.7325
2309300,12,Sertão dos Crateús,2022,12,20,29,-9,49,1395.2720408163266
2310100,07,Maciço do Baturité,2022,12,2,4,-2,6,1567.9233333333334
2311900,02,Centro Sul,2022,12,5,5,0,10,1218.841
2312700,09,Sertão Central,2022,12,20,147,-127,167,563.781377245509
2313500,03,Grande Fortaleza,2022,12,137,109,28,246,1499.0827235772356
2300150,07,Maciço do Baturité,2023,1,18,34,-16,52,1386.7151923076924
2300200,05,Litoral Norte,2023,1,79,91,-12,170,1573.376117647059
2301000,03,Grande Fortaleza,2023,1,619,593,26,1212,1501.453902640264
2301950,07,Maciço do Baturité,2023,1,8,8,0,16,1566.543125
2302800,10,Sertão de Canindé,2023,1,172,193,-21,365,1201.0645329670328
2303600,02,Centro Sul,2023,1,1,3,-2,4,1142.75
2304350,11,Sertão de Sobral,2023,1,42,42,0,84,1461.8882142857142
2304400,03,Grande Fortaleza,2023,1,26137,27608,-1471,53745,1643.3631232438265
2305100,07,Maciço do Baturité,2023,1,19,14,5,33,1484.678787878788
2306900,14,Vale do Jaguaribe,2023,1,54,68,-14,122,1416.2378688524589
2307650,03,Grande Fortaleza,2023,1,2071,2241,-170,4312,1547.8485873347252
2307700,03,Grande Fortaleza,2023,1,263,322,-59,585,1341.1339658119657
2308500,09,Sertão Central,2023,1,40,27,13,67,1690.6897014925373
2309300,12,Sertão dos Crateús,2023,1,43,39,4,82,1414.3908536585366
2310100,07,Maciço do Baturité,2023,1,2,3,-1,5,1654.494
2311900,02,Centro Sul,2023,1,1,5,-4,6,1150.8333333333333
2312700,09,Sertão Central,2023,1,119,88,31,207,376.3609661835749
2313500,03,Grande Fortaleza,2023,1,116,142,-26,258,1562.9947286821705
2300150,07,Maciço do Baturité,2023,2,45,16,29,61,1483.76131147541
2300200,05,Litoral Norte,2023,2,96,76,20,172,1526.6462209302326
2301000,03,Grande Fortaleza,2023,2,637,536,101,1173,1527.0109548167093
2301950,07,Maciço do Baturité,2023,2,15,10,5,25,1345.6472
2302800,10,Sertão de Canindé,2023,2,139,131,8,270,1399.1937037037037
2303600,02,Centro Sul,2023,2,1,1,0,2,3087.445
2304350,11,Sertão de Sobral,2023,2,39,44,-5,83,1418.627108433735
2304400,03,Grande Fortaleza,2023,2,23595,21879,1716,45474,1655.281485594898
2305100,07,Maciço do Baturité,2023,2,18,8,10,26,1432.7184615384615
2306900,14,Vale do Jaguaribe,2023,2,52,115,-63,167,1408.8908383233531
2307650,03,Grande Fortaleza,2023,2,1816,1808,8,3624,1585.0084487993377
2307700,03,Grande Fortaleza,2023,2,324,280,44,604,1285.915472636816
2308500,09,Sertão Central,2023,2,26,32,-6,58,1615.8327586206897
2309300,12,Sertão dos Crateús,2023,2,15,50,-35,65,1843.6336923076924
2310100,07,Maciço do Baturité,2023,2,6,8,-2,14,1339.5757142857144
2311900,02,Centro Sul,2023,2,0,5,-5,5,1302.0
2312700,09,Sertão Central,2023,2,76,61,15,137,541.1913138686132
2313500,03,Grande Fortaleza,2023,2,222,210,12,432,1570.3712731481482
2300150,07,Maciço do Baturité,2023,3,27,53,-26,80,1486.10925
2300200,05,Litoral Norte,2023,3,73,85,-12,158,1437.095414012739
2301000,03,Grande Fortaleza,2023,3,719,681,38,1400,1481.0118357142858
2301950,07,Maciço do Baturité,2023,3,18,25,-7,43,1428.9911627906977
2302800,10,Sertão de Canindé,2023,3,153,193,-40,346,1120.6413005780348
2303600,02,Centro Sul,2023,3,5,3,2,8,1748.36125
2304350,11,Sertão de Sobral,2023,3,24,40,-16,64,1642.46390625
2304400,03,Grande Fortaleza,2023,3,27199,24021,3178,51220,1654.2870959615684
2305100,07,Maciço do Baturité,2023,3,7,23,-16,30,1421.2606666666666
2306900,14,Vale do Jaguaribe,2023,3,91,66,25,157,1535.799872611465
2307650,03,Grande Fortaleza,2023,3,2005,1966,39,3971,1596.994934508816
2307700,03,Grande Fortaleza,2023,3,440,354,86,794,1306.8030555555556
2308500,09,Sertão Central,2023,3,73,35,38,108,1286.7237037037037
2309300,12,Sertão dos Crateús,2023,3,24,22,2,46,1430.5008695652173
2310100,07,Maciço do Baturité,2023,3,6,4,2,10,1364.688
2311900,02,Centro Sul,2023,3,0,1,-1,1,1302.0
2312700,09,Sertão Central,2023,3,44,101,-57,145,594.9659310344828
2313500,03,Grande Fortaleza,2023,3,82,180,-98,262,1560.8085496183207
2300150,07,Maciço do Baturité,2023,4,25,32,-7,57,1379.2680701754387
2300200,05,Litoral Norte,2023,4,54,42,12,96,1395.3759375
2301000,03,Grande Fortaleza,2023,4,584,655,-71,1239,1631.5739709443098
2301950,07,Maciço do Baturité,2023,4,7,7,0,14,1534.3171428571427
2302800,10,Sertão de Canindé,2023,4,244,326,-82,570,1022.6296666666667
2303600,02,Centro Sul,2023,4,8,1,7,9,1718.888888888889
2304350,11,Sertão de Sobral,2023,4,39,33,6,72,1423.6995833333333
2304400,03,Grande Fortaleza,2023,4,25866,22290,3576,48156,1720.2080215558415
2305100,07,Maciço do Baturité,2023,4,7,33,-26,40,1600.09
2306900,14,Vale do Jaguaribe,2023,4,55,41,14,96,1542.9962500000001
2307650,03,Grande Fortaleza,2023,4,1925,1693,232,3618,1725.3982074688795
2307700,03,Grande Fortaleza,2023,4,458,354,104,812,1378.16381773399
2308500,09,Sertão Central,2023,4,44,30,14,74,1711.2602702702702
2309300,12,Sertão dos Crateús,2023,4,14,17,-3,31,1196.8232258064515
2310100,07,Maciço do Baturité,2023,4,2,7,-5,9,1576.3288888888887
2311900,02,Centro Sul,2023,4,0,5,-5,5,1302.0
2312700,09,Sertão Central,2023,4,38,70,-32,108,989.0812962962963
2313500,03,Grande Fortaleza,2023,4,134,123,11,257,1608.5439299610894
2300150,07,Maciço do Baturité,2023,5,30,27,3,57,1423.0952631578946
2300200,05,Litoral Norte,2023,5,125,80,45,205,1612.2258048780486
2301000,03,Grande Fortaleza,2023,5,795,618,177,1413,1595.0479476291578
2301950,07,Maciço do Baturité,2023,5,15,14,1,29,1394.8999999999999
2302800,10,Sertão de Canindé,2023,5,261,206,55,467,1244.8378800856533
2303600,02,Centro Sul,2023,5,1,1,0,2,1311.0
2304350,11,Sertão de Sobral,2023,5,35,35,0,70,1722.1599999999999
2304400,03,Grande Fortaleza,2023,5,26632,24300,2332,50932,1724.0499543720255
2305100,07,Maciço do Baturité,2023,5,51,8,43,59,1341.007966101695
2306900,14,Vale do Jaguaribe,2023,5,121,60,61,181,1562.4014364640882
2307650,03,Grande Fortaleza,2023,5,2124,1998,126,4122,1619.5033755788447
2307700,03,Grande Fortaleza,2023,5,256,329,-73,585,1466.8588356164382
2308500,09,Sertão Central,2023,5,42,52,-10,94,1475.7243617021277
2309300,12,Sertão dos Crateús,2023,5,50,21,29,71,1546.7164788732393
2310100,07,Maciço do Baturité,2023,5,4,6,-2,10,1425.9133333333332
2311900,02,Centro Sul,2023,5,1,2,-1,3,1101.6666666666667
2312700,09,Sertão Central,2023,5,27,45,-18,72,1060.0719718309858
2313500,03,Grande Fortaleza,2023,5,164,114,50,278,1507.8876978417265
2300150,07,Maciço do Baturité,2023,6,27,67,-40,94,1446.1990425531915
2300200,05,Litoral Norte,2023,6,96,72,24,168,1636.8938095238093
2301000,03,Grande Fortaleza,2023,6,993,606,387,1599,1610.6948936170213
2301950,07,Maciço do Baturité,2023,6,15,9,6,24,1472.0783333333331
2302800,10,Sertão de Canindé,2023,6,185,137,48,322,1370.3799378881988
2303600,02,Centro Sul,2023,6,1,1,0,2,1330.0
2304350,11,Sertão de Sobral,2023,6,36,39,-3,75,1541.7281333333333
2304400,03,Grande Fortaleza,2023,6,26715,23126,3589,49841,1750.5923695141773
2305100,07,Maciço do Baturité,2023,6,21,5,16,26,1360.0176923076922
2306900,14,Vale do Jaguaribe,2023,6,77,67,10,144,1345.0431944444445
2307650,03,Grande Fortaleza,2023,6,2183,1980,203,4163,1637.2330389797883
2307700,03,Grande Fortaleza,2023,6,287,366,-79,653,1449.7722205206737
2308500,09,Sertão Central,2023,6,40,40,0,80,1684.930875
2309300,12,Sertão dos Crateús,2023,6,26,26,0,52,1378.4334615384614
2310100,07,Maciço do Baturité,2023,6,1,5,-4,6,1454.4083333333335
2311900,02,Centro Sul,2023,6,1,4,-3,5,1013.0
2312700,09,Sertão Central,2023,6,17,57,-40,74,703.7016216216216
2313500,03,Grande Fortaleza,2023,6,154,93,61,247,1572.3155465587045
2300150,07,Maciço do Baturité,2023,7,20,24,-4,44,1582.4609090909091
2300200,05,Litoral Norte,2023,7,126,74,52,200,1509.6610500000002
2301000,03,Grande Fortaleza,2023,7,942,660,282,1602,1486.1185143570535
2301950,07,Maciço do Baturité,2023,7,19,11,8,30,1366.0183333333332
2302800,10,Sertão de Canindé,2023,7,203,131,72,334,1106.7195209580839
2303600,02,Centro Sul,2023,7,10,2,8,12,1265.4166666666667
2304350,11,Sertão de Sobral,2023,7,35,36,-1,71,1511.5840845070422
2304400,03,Grande Fortaleza,2023,7,26491,23282,3209,49773,1713.2886807509851
2305100,07,Maciço do Baturité,2023,7,36,3,33,39,1548.2879487179487
2306900,14,Vale do Jaguaribe,2023,7,95,65,30,160,1587.2194375
2307650,03,Grande Fortaleza,2023,7,2244,2016,228,4260,1631.504484620803
2307700,03,Grande Fortaleza,2023,7,341,308,33,649,1348.6627426810478
2308500,09,Sertão Central,2023,7,45,40,5,85,2162.407294117647
2309300,12,Sertão dos Crateús,2023,7,26,12,14,38,1465.9036842105263
2310100,07,Maciço do Baturité,2023,7,2,8,-6,10,1816.5330000000001
2311900,02,Centro Sul,2023,7,4,4,0,8,1210.0
2312700,09,Sertão Central,2023,7,36,64,-28,100,957.414
2313500,03,Grande Fortaleza,2023,7,138,126,12,264,1629.5906818181818
2300150,07,Maciço do Baturité,2023,8,32,45,-13,77,1502.3688285714286
2300200,05,Litoral Norte,2023,8,95,83,12,178,1471.0004488764046
2301000,03,Grande Fortaleza,2023,8,741,795,-54,1536,1570.9693564440756
2301950,07,Maciço do Baturité,2023,8,28,55,-27,83,1530.9587978313255
2302800,10,Sertão de Canindé,2023,8,220,167,53,387,1268.7193793855297
2303600,02,Centro Sul,2023,8,1,1,0,2,992.5
2304350,11,Sertão de Sobral,2023,8,40,47,-7,87,1556.3070091954025
2304400,03,Grande Fortaleza,2023,8,30305,25096,5209,55401,1671.8744304216873
2305100,07,Maciço do Baturité,2023,8,13,8,5,21,1257.9833333333333
2306900,14,Vale do Jaguaribe,2023,8,60,90,-30,150,1588.9725386666667
2307650,03,Grande Fortaleza,2023,8,2331,1988,343,4319,1620.0594503822877
2307700,03,Grande Fortaleza,2023,8,318,276,42,594,1415.4652178294612
2308500,09,Sertão Central,2023,8,44,30,14,74,1384.3364864864864
2309300,12,Sertão dos Crateús,2023,8,29,14,15,43,1780.2232674418606
2310100,07,Maciço do Baturité,2023,8,13,8,5,21,1585.9961904761903
2311900,02,Centro Sul,2023,8,6,7,-1,13,1309.1923076923076
2312700,09,Sertão Central,2023,8,54,67,-13,121,908.0475219661157
2313500,03,Grande Fortaleza,2023,8,265,120,145,385,1625.254288836883
2300150,07,Maciço do Baturité,2023,9,30,14,16,44,1487.9856795454546
2300200,05,Litoral Norte,2023,9,93,122,-29,215,1498.152838
2301000,03,Grande Fortaleza,2023,9,611,663,-52,1274,1673.750031459105
2301950,07,Maciço do Baturité,2023,9,34,5,29,39,1771.3748717948718
2302800,10,Sertão de Canindé,2023,9,192,231,-39,423,1036.1015337408983
2303600,02,Centro Sul,2023,9,1,0,1,1,1320.0
2304350,11,Sertão de Sobral,2023,9,58,32,26,90,1554.809332222222
2304400,03,Grande Fortaleza,2023,9,27319,22950,4369,50269,1695.142005384388
2305100,07,Maciço do Baturité,2023,9,13,25,-12,38,1469.4586842105264
2306900,14,Vale do Jaguaribe,2023,9,53,54,-1,107,1503.1850495327103
2307650,03,Grande Fortaleza,2023,9,2648,1891,757,4539,1501.8047598539767
2307700,03,Grande Fortaleza,2023,9,325,257,68,582,1463.0693334400344
2308500,09,Sertão Central,2023,9,36,31,5,67,1777.776867164179
2309300,12,Sertão dos Crateús,2023,9,36,20,16,56,1640.5774999999999
2310100,07,Maciço do Baturité,2023,9,5,2,3,7,1608.6928571428573
2311900,02,Centro Sul,2023,9,3,2,1,5,1423.9
2312700,09,Sertão Central,2023,9,93,270,-177,363,325.0991189539945
2313500,03,Grande Fortaleza,2023,9,155,108,47,263,1591.5436901159696
2300150,07,Maciço do Baturité,2023,10,58,22,36,80,1449.065375
2300200,05,Litoral Norte,2023,10,100,89,11,189,1482.566507936508
2301000,03,Grande Fortaleza,2023,10,635,594,41,1229,1677.8886411716842
2301950,07,Maciço do Baturité,2023,10,63,13,50,76,1295.365394736842
2302800,10,Sertão de Canindé,2023,10,177,267,-90,444,1105.3177252252253
2303600,02,Centro Sul,2023,10,2,1,1,3,1320.0
2304350,11,Sertão de Sobral,2023,10,52,32,20,84,1576.5407142857143
2304400,03,Grande Fortaleza,2023,10,26605,23515,3090,50120,1713.3344982043095
2305100,07,Maciço do Baturité,2023,10,12,10,2,22,1648.5945454545456
2306900,14,Vale do Jaguaribe,2023,10,97,76,21,173,1519.5824277456647
2307650,03,Grande Fortaleza,2023,10,2388,1883,505,4271,1610.9676188246312
2307700,03,Grande Fortaleza,2023,10,391,288,103,679,1390.3860088365243
2308500,09,Sertão Central,2023,10,19,28,-9,47,1612.8991489361701
2309300,12,Sertão dos Crateús,2023,10,31,24,7,55,1478.7512727272729
2310100,07,Maciço do Baturité,2023,10,4,2,2,6,1726.2033333333331
2311900,02,Centro Sul,2023,10,11,3,8,14,1273.5714285714287
2312700,09,Sertão Central,2023,10,33,289,-256,322,305.4770186335404
2313500,03,Grande Fortaleza,2023,10,285,234,51,519,1610.9836801541426
2300150,07,Maciço do Baturité,2023,11,15,22,-7,37,1563.7875675675675
2300200,05,Litoral Norte,2023,11,65,76,-11,141,1503.9133333333334
2301000,03,Grande Fortaleza,2023,11,625,668,-43,1293,1747.2205568445477
2301950,07,Maciço do Baturité,2023,11,12,9,3,21,1485.5704761904763
2302800,10,Sertão de Canindé,2023,11,206,142,64,348,940.6353735632183
2303600,02,Centro Sul,2023,11,1,3,-2,4,1937.0325
2304350,11,Sertão de Sobral,2023,11,34,36,-2,70,1664.4285714285713
2304400,03,Grande Fortaleza,2023,11,25629,23161,2468,48790,1688.5430744004918
2305100,07,Maciço do Baturité,2023,11,13,10,3,23,1303.685652173913
2306900,14,Vale do Jaguaribe,2023,11,53,63,-10,116,1502.3553448275861
2307650,03,Grande Fortaleza,2023,11,2097,1827,270,3924,1583.9674439347605
2307700,03,Grande Fortaleza,2023,11,340,211,129,551,1363.4329945553538
2308500,09,Sertão Central,2023,11,40,13,27,53,1538.7888679245282
2309300,12,Sertão dos Crateús,2023,11,26,26,0,52,1392.6475
2310100,07,Maciço do Baturité,2023,11,1,0,1,1,1376.5
2311900,02,Centro Sul,2023,11,4,4,0,8,1286.125
2312700,09,Sertão Central,2023,11,20,68,-48,88,569.2873863636364
2313500,03,Grande Fortaleza,2023,11,250,150,100,400,1544.9284
2300150,07,Maciço do Baturité,2023,12,39,4,35,43,1456.5497674418605
2300200,05,Litoral Norte,2023,12,53,81,-28,134,1367.2365671641792
2301000,03,Grande Fortaleza,2023,12,850,712,138,1562,1654.0565300896285
2301950,07,Maciço do Baturité,2023,12,15,6,9,21,1795.8528571428574
2302800,10,Sertão de Canindé,2023,12,136,106,30,242,1319.0842975206613
2303600,02,Centro Sul,2023,12,1,0,1,1,1320.0
2304350,11,Sertão de Sobral,2023,12,25,97,-72,122,1514.7124590163935
2304400,03,Grande Fortaleza,2023,12,20668,22233,-1565,42901,1673.6967378382788
2305100,07,Maciço do Baturité,2023,12,9,6,3,15,821.3619999999999
2306900,14,Vale do Jaguaribe,2023,12,43,28,15,71,1559.5533802816901
2307650,03,Grande Fortaleza,2023,12,1506,1598,-92,3104,1675.4612951030929
2307700,03,Grande Fortaleza,2023,12,247,238,9,485,1664.754494845361
2308500,09,Sertão Central,2023,12,20,32,-12,52,2166.6646153846154
2309300,12,Sertão dos Crateús,2023,12,25,37,-12,62,1465.438387096774
2310100,07,Maciço do Baturité,2023,12,1,2,-1,3,1841.823333333333
2311900,02,Centro Sul,2023,12,5,2,3,7,1225.7142857142858
2312700,09,Sertão Central,2023,12,17,37,-20,54,1342.3305555555557
2313500,03,Grande Fortaleza,2023,12,144,156,-12,300,1623.9828666666667
2300150,07,Maciço do Baturité,2024,1,42,27,15,69,1681.5552173913043
2300200,05,Litoral Norte,2024,1,146,122,24,268,1857.4448880597015
2301000,03,Grande Fortaleza,2024,1,700,711,-11,1411,1703.648214032601
2301950,07,Maciço do Baturité,2024,1,19,11,8,30,1691.6933333333334
2302800,10,Sertão de Canindé,2024,1,111,519,-408,630,1769.9935873015872
2303600,02,Centro Sul,2024,1,1,1,0,2,3142.445
2304350,11,Sertão de Sobral,2024,1,34,48,-14,82,1612.4646341463415
2304400,03,Grande Fortaleza,2024,1,27789,25874,1915,53663,1751.1772808080057
2305100,07,Maciço do Baturité,2024,1,12,13,-1,25,1535.8884
2306900,14,Vale do Jaguaribe,2024,1,62,54,8,116,1604.5149137931035
2307650,03,Grande Fortaleza,2024,1,2035,1979,56,4014,1653.170894369706
2307700,03,Grande Fortaleza,2024,1,283,359,-76,642,1481.4706853582554
2308500,09,Sertão Central,2024,1,71,50,21,121,1413.1126446280991
2309300,12,Sertão dos Crateús,2024,1,20,65,-45,85,1332.286117647059
2310100,07,Maciço do Baturité,2024,1,0,4,-4,4,3334.7475
2311900,02,Centro Sul,2024,1,11,4,7,15,1456.7333333333333
2312700,09,Sertão Central,2024,1,23,102,-79,125,1027.62736
2313500,03,Grande Fortaleza,2024,1,108,178,-70,286,1684.7652447552448
2300150,07,Maciço do Baturité,2024,2,26,32,-6,58,1558.0172413793102
2300200,05,Litoral Norte,2024,2,83,67,16,150,1572.1298666666667
2301000,03,Grande Fortaleza,2024,2,610,630,-20,1240,1645.8945241935482
2301950,07,Maciço do Baturité,2024,2,13,9,4,22,1750.6772727272728
2302800,10,Sertão de Canindé,2024,2,149,270,-121,419,1216.6356563245824
2303600,02,Centro Sul,2024,2,5,5,0,10,1557.155
2304350,11,Sertão de Sobral,2024,2,41,39,2,80,1576.716
2304400,03,Grande Fortaleza,2024,2,27190,23720,3470,50910,1736.237236299352
2305100,07,Maciço do Baturité,2024,2,12,6,6,18,964.7711111111112
2306900,14,Vale do Jaguaribe,2024,2,61,47,14,108,1649.3330555555556
2307650,03,Grande Fortaleza,2024,2,2412,2071,341,4483,1590.2473009145663
2307700,03,Grande Fortaleza,2024,2,393,299,94,692,1440.5403757225433
2308500,09,Sertão Central,2024,2,56,53,3,109,1493.976880733945
2309300,12,Sertão dos Crateús,2024,2,38,31,7,69,1462.8614492753622
2310100,07,Maciço do Baturité,2024,2,7,3,4,10,1304.892
2311900,02,Centro Sul,2024,2,11,0,11,11,1283.6363636363637
2312700,09,Sertão Central,2024,2,45,32,13,77,1456.6894805194804
2313500,03,Grande Fortaleza,2024,2,111,161,-50,272,1640.8350735294118
2300150,07,Maciço do Baturité,2024,3,32,15,17,47,1566.9046808510639
2300200,05,Litoral Norte,2024,3,101,102,-1,203,1795.7451724137932
2301000,03,Grande Fortaleza,2024,3,578,769,-191,1347,1695.3407052709726
2301950,07,Maciço do Baturité,2024,3,10,15,-5,25,1646.66
2302800,10,Sertão de Canindé,2024,3,254,161,93,415,1419.1602409638554
2303600,02,Centro Sul,2024,3,1,4,-3,5,1506.134
2304350,11,Sertão de Sobral,2024,3,36,32,4,68,1520.9489705882352
2304400,03,Grande Fortaleza,2024,3,27803,24399,3404,52202,1740.375777364852
2305100,07,Maciço do Baturité,2024,3,22,8,14,30,1524.8226666666667
2306900,14,Vale do Jaguaribe,2024,3,58,58,0,116,1515.2343103448275
2307650,03,Grande Fortaleza,2024,3,2252,1902,350,4154,1685.3811819932594
2307700,03,Grande Fortaleza,2024,3,462,305,157,767,1304.8880834419817
2308500,09,Sertão Central,2024,3,29,42,-13,71,1767.8999999999999
2309300,12,Sertão dos Crateús,2024,3,21,28,-7,49,1562.429387755102
2310100,07,Maciço do Baturité,2024,3,10,3,7,13,1555.4984615384615
2311900,02,Centro Sul,2024,3,9,5,4,14,1341.6785714285713
2312700,09,Sertão Central,2024,3,103,30,73,133,712.8694736842106
2313500,03,Grande Fortaleza,2024,3,143,195,-52,338,1663.0572189349111
2300150,07,Maciço do Baturité,2024,4,34,26,8,60,1609.2043333333334
2300200,05,Litoral Norte,2024,4,174,89,85,263,1667.0044486692016
2301000,03,Grande Fortaleza,2024,4,646,649,-3,1295,1760.8679613899612
2301950,07,Maciço do Baturité,2024,4,23,16,7,39,1509.242564102564
2302800,10,Sertão de Canindé,2024,4,170,144,26,314,1471.5063375796178
2303600,02,Centro Sul,2024,4,4,2,2,6,1419.9066666666668
2304350,11,Sertão de Sobral,2024,4,32,31,1,63,1717.1839682539683
2304400,03,Grande Fortaleza,2024,4,28373,24870,3503,53243,1743.1478406551096
2305100,07,Maciço do Baturité,2024,4,11,7,4,18,1117.1494444444443
2306900,14,Vale do Jaguaribe,2024,4,91,70,21,161,1642.8837888198757
2307650,03,Grande Fortaleza,2024,4,2622,2090,532,4712,1667.871916383701
2307700,03,Grande Fortaleza,2024,4,389,350,39,739,1484.6435182679297
2308500,09,Sertão Central,2024,4,35,56,-21,91,1611.634065934066
2309300,12,Sertão dos Crateús,2024,4,24,16,8,40,1504.29925
2310100,07,Maciço do Baturité,2024,4,3,6,-3,9,1447.3677777777777
2311900,02,Centro Sul,2024,4,1,5,-4,6,1412.0
2312700,09,Sertão Central,2024,4,151,64,87,215,430.89297674418606
2313500,03,Grande Fortaleza,2024,4,197,134,63,331,1567.145679758308
2300150,07,Maciço do Baturité,2024,5,44,14,30,58,1563.493275862069
2300200,05,Litoral Norte,2024,5,80,82,-2,162,1838.5883950617285
2301000,03,Grande Fortaleza,2024,5,730,664,66,1394,1735.0699426111908
2301950,07,Maciço do Baturité,2024,5,14,13,1,27,1526.38
2302800,10,Sertão de Canindé,2024,5,215,121,94,336,1109.7969642857145
2303600,02,Centro Sul,2024,5,2,1,1,3,1217.33
2304350,11,Sertão de Sobral,2024,5,43,42,1,85,1645.3023529411767
2304400,03,Grande Fortaleza,2024,5,30170,25519,4651,55689,1769.612485050908
2305100,07,Maciço do Baturité,2024,5,10,15,-5,25,1471.6988000000001
2306900,14,Vale do Jaguaribe,2024,5,66,79,-13,145,1498.357724137931
2307650,03,Grande Fortaleza,2024,5,2426,2382,44,4808,1706.467576955075
2307700,03,Grande Fortaleza,2024,5,349,349,0,698,1450.0580802292263
2308500,09,Sertão Central,2024,5,63,41,22,104,1673.7722115384615
2309300,12,Sertão dos Crateús,2024,5,25,20,5,45,1451.020888888889
2310100,07,Maciço do Baturité,2024,5,2,4,-2,6,2041.5166666666667
2311900,02,Centro Sul,2024,5,10,3,7,13,1412.0
2312700,09,Sertão Central,2024,5,126,60,66,186,613.7118817204301
2313500,03,Grande Fortaleza,2024,5,164,144,20,308,1688.063051948052
2300150,07,Maciço do Baturité,2024,6,45,29,16,74,1483.2585135135137
2300200,05,Litoral Norte,2024,6,103,82,21,185,1759.3797837837838
2301000,03,Grande Fortaleza,2024,6,903,606,297,1509,1581.6825182239893
2301950,07,Maciço do Baturité,2024,6,30,20,10,50,1519.2444
2302800,10,Sertão de Canindé,2024,6,194,176,18,370,922.7885675675676
2303600,02,Centro Sul,2024,6,1,1,0,2,1107.135
2304350,11,Sertão de Sobral,2024,6,45,35,10,80,1750.85575
2304400,03,Grande Fortaleza,2024,6,29150,26162,2988,55312,1787.7062857969338
2305100,07,Maciço do Baturité,2024,6,6,20,-14,26,1649.5961538461538
2306900,14,Vale do Jaguaribe,2024,6,84,59,25,143,1689.517062937063
2307650,03,Grande Fortaleza,2024,6,2498,2345,153,4843,1738.0872930002065
2307700,03,Grande Fortaleza,2024,6,348,258,90,606,1631.7316171617163
2308500,09,Sertão Central,2024,6,37,48,-11,85,1783.0616470588234
2309300,12,Sertão dos Crateús,2024,6,20,26,-6,46,1532.4508695652175
2310100,07,Maciço do Baturité,2024,6,1,4,-3,5,1511.652
2311900,02,Centro Sul,2024,6,8,1,7,9,1412.0
2312700,09,Sertão Central,2024,6,93,79,14,172,419.976976744186
2313500,03,Grande Fortaleza,2024,6,152,161,-9,313,1597.8717571884983
2300150,07,Maciço do Baturité,2024,7,33,35,-2,68,1553.1211764705884
2300200,05,Litoral Norte,2024,7,92,136,-44,228,1799.3944736842104
2301000,03,Grande Fortaleza,2024,7,876,782,94,1658,1710.9383293124247
2301950,07,Maciço do Baturité,2024,7,10,12,-2,22,1715.8445454545456
2302800,10,Sertão de Canindé,2024,7,232,190,42,422,1204.785971563981
2303600,02,Centro Sul,2024,7,2,2,0,4,1412.0
2304350,11,Sertão de Sobral,2024,7,48,33,15,81,1669.0941975308642
2304400,03,Grande Fortaleza,2024,7,30269,30010,259,60279,1901.6693017468772
2305100,07,Maciço do Baturité,2024,7,9,15,-6,24,1901.5466666666669
2306900,14,Vale do Jaguaribe,2024,7,90,64,26,154,1536.9647402597402
2307650,03,Grande Fortaleza,2024,7,2747,2798,-51,5545,1823.492986474301
2307700,03,Grande Fortaleza,2024,7,403,335,68,738,1455.1703658536585
2308500,09,Sertão Central,2024,7,88,68,20,156,1647.9677564102565
2309300,12,Sertão dos Crateús,2024,7,35,34,1,69,1406.4269565217392
2310100,07,Maciço do Baturité,2024,7,4,4,0,8,1666.05
2311900,02,Centro Sul,2024,7,3,2,1,5,1542.8020000000001
2312700,09,Sertão Central,2024,7,126,56,70,182,1071.9308791208791
2313500,03,Grande Fortaleza,2024,7,90,120,-30,210,1652.0414285714287
2300150,07,Maciço do Baturité,2024,8,18,29,-11,47,1687.2546808510638
2300200,05,Litoral Norte,2024,8,66,65,1,131,1579.29213740458
2301000,03,Grande Fortaleza,2024,8,809,884,-75,1693,1760.359586532782
2301950,07,Maciço do Baturité,2024,8,20,15,5,35,1662.6322857142857
2302800,10,Sertão de Canindé,2024,8,170,210,-40,380,1030.2520526315789
2303600,02,Centro Sul,2024,8,4,2,2,6,1181.6666666666667
2304350,11,Sertão de Sobral,2024,8,41,36,5,77,1622.1037662337662
2304400,03,Grande Fortaleza,2024,8,30222,28009,2213,58231,1748.3739918600058
2305100,07,Maciço do Baturité,2024,8,13,13,0,26,1564.8646153846155
2306900,14,Vale do Jaguaribe,2024,8,89,69,20,158,1772.3356962025316
2307650,03,Grande Fortaleza,2024,8,2895,2327,568,5222,1725.3491612409039
2307700,03,Grande Fortaleza,2024,8,445,345,100,790,1522.9763797468356
2308500,09,Sertão Central,2024,8,35,45,-10,80,1499.534375
2309300,12,Sertão dos Crateús,2024,8,55,32,23,87,1507.1104597701149
2310100,07,Maciço do Baturité,2024,8,1,7,-6,8,1526.31
2311900,02,Centro Sul,2024,8,6,5,1,11,1283.6363636363637
2312700,09,Sertão Central,2024,8,81,72,9,153,1010.6635947712418
2313500,03,Grande Fortaleza,2024,8,110,138,-28,248,1610.6302419354838
2300150,07,Maciço do Baturité,2024,9,22,24,-2,46,1688.7615217391303
2300200,05,Litoral Norte,2024,9,118,78,40,196,1625.219693877551
2301000,03,Grande Fortaleza,2024,9,760,689,71,1449,1767.2308695652173
2301950,07,Maciço do Baturité,2024,9,23,17,6,40,1291.103
2302800,10,Sertão de Canindé,2024,9,203,186,17,389,1125.276529562982
2303600,02,Centro Sul,2024,9,1,2,-1,3,1208.7566666666667
2304350,11,Sertão de Sobral,2024,9,51,30,21,81,1740.9728395061727
2304400,03,Grande Fortaleza,2024,9,31046,25251,5795,56297,1788.1529223582072
2305100,07,Maciço do Baturité,2024,9,9,8,1,17,1685.9470588235292
2306900,14,Vale do Jaguaribe,2024,9,151,68,83,219,1738.1656164383562
2307650,03,Grande Fortaleza,2024,9,2601,2313,288,4914,1609.6378205128206
2307700,03,Grande Fortaleza,2024,9,474,324,150,798,1454.1451002506267
2308500,09,Sertão Central,2024,9,46,24,22,70,1711.6385714285714
2309300,12,Sertão dos Crateús,2024,9,56,29,27,85,1638.4603529411766
2310100,07,Maciço do Baturité,2024,9,5,5,0,10,1755.4599999999998
2311900,02,Centro Sul,2024,9,6,3,3,9,1176.6666666666667
2312700,09,Sertão Central,2024,9,45,38,7,83,1055.752048192771
2313500,03,Grande Fortaleza,2024,9,108,147,-39,255,1638.8535294117648
2300150,07,Maciço do Baturité,2024,10,22,30,-8,52,1580.7051923076922
2300200,05,Litoral Norte,2024,10,91,74,17,165,1487.5288484848486
2301000,03,Grande Fortaleza,2024,10,980,770,210,1750,1720.9144285714285
2301950,07,Maciço do Baturité,2024,10,13,17,-4,30,1546.4683333333335
2302800,10,Sertão de Canindé,2024,10,141,149,-8,290,1325.7589655172412
2303600,02,Centro Sul,2024,10,1,2,-1,3,1208.9233333333334
2304350,11,Sertão de Sobral,2024,10,42,40,2,82,1606.8846341463416
2304400,03,Grande Fortaleza,2024,10,29013,28810,203,57823,1779.6248741850127
2305100,07,Maciço do Baturité,2024,10,19,17,2,36,1582.7613888888889
2306900,14,Vale do Jaguaribe,2024,10,49,85,-36,134,1741.6635820895524
2307650,03,Grande Fortaleza,2024,10,2607,2486,121,5093,1651.437791085804
2307700,03,Grande Fortaleza,2024,10,439,395,44,834,1472.491462829736
2308500,09,Sertão Central,2024,10,42,78,-36,120,1896.6329166666667
2309300,12,Sertão dos Crateús,2024,10,42,31,11,73,1874.9180821917807
2310100,07,Maciço do Baturité,2024,10,8,2,6,10,1696.292
2311900,02,Centro Sul,2024,10,0,1,-1,1,1412.0
2312700,09,Sertão Central,2024,10,65,79,-14,144,935.5034027777778
2313500,03,Grande Fortaleza,2024,10,133,107,26,240,1620.6888333333334
2300150,07,Maciço do Baturité,2024,11,14,15,-1,29,1675.1958620689654
2300200,05,Litoral Norte,2024,11,63,56,7,119,1511.728151260504
2301000,03,Grande Fortaleza,2024,11,1056,664,392,1720,1706.4277325581397
2301950,07,Maciço do Baturité,2024,11,28,12,16,40,1793.476
2302800,10,Sertão de Canindé,2024,11,128,126,2,254,1364.4752362204724
2303600,02,Centro Sul,2024,11,3,2,1,5,1168.308
2304350,11,Sertão de Sobral,2024,11,63,40,23,103,1652.3364077669903
2304400,03,Grande Fortaleza,2024,11,27355,25463,1892,52818,1805.7224258775418
2305100,07,Maciço do Baturité,2024,11,10,14,-4,24,1521.9479166666667
2306900,14,Vale do Jaguaribe,2024,11,79,48,31,127,1660.048897637795
2307650,03,Grande Fortaleza,2024,11,2320,1979,341,4299,1621.9532053966038
2307700,03,Grande Fortaleza,2024,11,335,300,35,635,1414.0097637795275
2308500,09,Sertão Central,2024,11,36,61,-25,97,1685.8270103092784
2309300,12,Sertão dos Crateús,2024,11,52,28,24,80,1671.8259999999998
2310100,07,Maciço do Baturité,2024,11,1,2,-1,3,1497.3066666666666
2312700,09,Sertão Central,2024,11,39,65,-26,104,1192.7457692307692
2313500,03,Grande Fortaleza,2024,11,102,157,-55,259,1794.664362934363
2300150,07,Maciço do Baturité,2024,12,29,17,12,46,1675.505652173913
2300200,05,Litoral Norte,2024,12,65,71,-6,136,1917.6973529411764
2301000,03,Grande Fortaleza,2024,12,949,586,363,1535,1686.9232117263844
2301950,07,Maciço do Baturité,2024,12,15,7,8,22,1488.9427272727273
2302800,10,Sertão de Canindé,2024,12,97,133,-36,230,1500.0475217391304
2303600,02,Centro Sul,2024,12,2,2,0,4,1412.0
2304350,11,Sertão de Sobral,2024,12,40,30,10,70,1550.1974285714286
2304400,03,Grande Fortaleza,2024,12,21369,24019,-2650,45388,1782.9949017361416
2305100,07,Maciço do Baturité,2024,12,7,9,-2,16,1488.87625
2306900,14,Vale do Jaguaribe,2024,12,50,60,-10,110,1701.1244545454545
2307650,03,Grande Fortaleza,2024,12,1533,1649,-116,3182,1756.6707353865495
2307700,03,Grande Fortaleza,2024,12,238,230,8,468,1500.0382051282052
2308500,09,Sertão Central,2024,12,18,33,-15,51,1624.8111764705882
2309300,12,Sertão dos Crateús,2024,12,69,21,48,90,1292.1092222222223
2310100,07,Maciço do Baturité,2024,12,2,2,0,4,1528.865
2311900,02,Centro Sul,2024,12,6,2,4,8,1400.5
2312700,09,Sertão Central,2024,12,22,125,-103,147,723.2262585034014
2313500,03,Grande Fortaleza,2024,12,119,90,29,209,1588.4411004784688
2300150,07,Maciço do Baturité,2025,1,26,30,-4,56,1602.3160714285714
2300200,05,Litoral Norte,2025,1,98,135,-37,233,2301.5817596566526
2301000,03,Grande Fortaleza,2025,1,910,893,17,1803,1775.1113200221853
2301950,07,Maciço do Baturité,2025,1,16,28,-12,44,1691.9970454545453
2302800,10,Sertão de Canindé,2025,1,146,183,-37,329,1598.3788449848025
2303600,02,Centro Sul,2025,1,0,3,-3,3,1518.0
2304350,11,Sertão de Sobral,2025,1,42,46,-4,88,1716.5744318181817
2304400,03,Grande Fortaleza,2025,1,30292,29466,826,59758,1831.2728645537
2305100,07,Maciço do Baturité,2025,1,8,34,-26,42,1699.2038095238095
2306900,14,Vale do Jaguaribe,2025,1,72,74,-2,146,1741.4862328767122
2307650,03,Grande Fortaleza,2025,1,2143,2660,-517,4803,1700.2134978138663
2307700,03,Grande Fortaleza,2025,1,262,370,-108,632,1606.2484968354431
2308500,09,Sertão Central,2025,1,66,63,3,129,1538.4952713178295
2309300,12,Sertão dos Crateús,2025,1,77,66,11,143,1666.2677622377623
2310100,07,Maciço do Baturité,2025,1,3,5,-2,8,1518.0
2311900,02,Centro Sul,2025,1,0,7,-7,7,1412.0
2312700,09,Sertão Central,2025,1,41,113,-72,154,965.9087662337663
2313500,03,Grande Fortaleza,2025,1,129,131,-2,260,1660.8463846153845
2300150,07,Maciço do Baturité,2025,2,36,45,-9,81,1632.277901234568
2300200,05,Litoral Norte,2025,2,101,99,2,200,1662.349
2301000,03,Grande Fortaleza,2025,2,1038,844,194,1882,1766.3436078639745
2301950,07,Maciço do Baturité,2025,2,44,30,14,74,1589.6462162162163
2302800,10,Sertão de Canindé,2025,2,266,243,23,509,1238.007622789784
2303600,02,Centro Sul,2025,2,3,2,1,5,2289.142
2304350,11,Sertão de Sobral,2025,2,34,49,-15,83,1655.0153012048193
2304400,03,Grande Fortaleza,2025,2,33723,29362,4361,63085,1882.4936018070857
2305100,07,Maciço do Baturité,2025,2,2,11,-9,13,1665.9784615384617
2306900,14,Vale do Jaguaribe,2025,2,113,103,10,216,1589.0588425925928
2307650,03,Grande Fortaleza,2025,2,2903,2481,422,5384,1736.4788335809806
2307700,03,Grande Fortaleza,2025,2,452,396,56,848,1411.419716981132
2308500,09,Sertão Central,2025,2,51,44,7,95,1560.295157894737
2309300,12,Sertão dos Crateús,2025,2,81,30,51,111,1669.5056756756758
2310100,07,Maciço do Baturité,2025,2,4,3,1,7,5885.2414285714285
2311900,02,Centro Sul,2025,2,5,10,-5,15,1554.534
2312700,09,Sertão Central,2025,2,78,68,10,146,893.116095890411
2313500,03,Grande Fortaleza,2025,2,111,200,-89,311,1608.9764951768489
2300150,07,Maciço do Baturité,2025,3,42,41,1,83,1932.523855421687
2300200,05,Litoral Norte,2025,3,119,120,-1,239,1649.747322175732
2301000,03,Grande Fortaleza,2025,3,771,876,-105,1647,1732.6132544019429
2301950,07,Maciço do Baturité,2025,3,22,16,6,38,1707.4221052631578
2302800,10,Sertão de Canindé,2025,3,194,156,38,350,1529.3697714285715
2303600,02,Centro Sul,2025,3,1,1,0,2,1518.0
2304350,11,Sertão de Sobral,2025,3,15,28,-13,43,1796.541395348837
2304400,03,Grande Fortaleza,2025,3,26451,29423,-2972,55874,1876.319605898987
2305100,07,Maciço do Baturité,2025,3,20,11,9,31,1705.8196774193548
2306900,14,Vale do Jaguaribe,2025,3,125,55,70,180,1600.9557777777777
2307650,03,Grande Fortaleza,2025,3,2218,2110,108,4328,1754.7270471349354
2307700,03,Grande Fortaleza,2025,3,399,361,38,760,1586.8953157894737
2308500,09,Sertão Central,2025,3,79,47,32,126,1650.8580158730158
2309300,12,Sertão dos Crateús,2025,3,100,51,49,151,1645.0932450331125
2310100,07,Maciço do Baturité,2025,3,5,2,3,7,1613.4914285714287
2311900,02,Centro Sul,2025,3,2,4,-2,6,1767.9983333333332
2312700,09,Sertão Central,2025,3,88,66,22,154,826.4076623376624
2313500,03,Grande Fortaleza,2025,3,199,131,68,330,1468.628212121212
2300150,07,Maciço do Baturité,2025,4,49,24,25,73,1796.2739726027398
2300200,05,Litoral Norte,2025,4,111,94,17,205,1700.0725853658537
2301000,03,Grande Fortaleza,2025,4,951,763,188,1714,1751.4489381563594
2301950,07,Maciço do Baturité,2025,4,21,21,0,42,1875.9580952380954
2302800,10,Sertão de Canindé,2025,4,249,169,80,418,1873.5093540669857
2303600,02,Centro Sul,2025,4,1,0,1,1,1518.0
2304350,11,Sertão de Sobral,2025,4,30,23,7,53,1888.4937735849057
2304400,03,Grande Fortaleza,2025,4,31690,26646,5044,58336,1889.647156472847
2305100,07,Maciço do Baturité,2025,4,10,11,-1,21,1357.6066666666666
2306900,14,Vale do Jaguaribe,2025,4,116,59,57,175,1986.7893714285715
2307650,03,Grande Fortaleza,2025,4,2807,2399,408,5206,1904.1012716096814
2307700,03,Grande Fortaleza,2025,4,415,371,44,786,1757.9165648854962
2308500,09,Sertão Central,2025,4,63,44,19,107,1569.8963551401869
2309300,12,Sertão dos Crateús,2025,4,61,56,5,117,1801.7795726495726
2310100,07,Maciço do Baturité,2025,4,5,4,1,9,1535.5322222222223
2311900,02,Centro Sul,2025,4,2,4,-2,6,2179.225
2312700,09,Sertão Central,2025,4,49,58,-9,107,1167.3765420560746
2313500,03,Grande Fortaleza,2025,4,106,87,19,193,1598.5259585492229
2300150,07,Maciço do Baturité,2025,5,21,31,-10,52,1702.791346153846
2300200,05,Litoral Norte,2025,5,104,92,12,196,1595.5943367346938
2301000,03,Grande Fortaleza,2025,5,843,839,4,1682,1720.6000772889417
2301950,07,Maciço do Baturité,2025,5,16,20,-4,36,1508.796388888889
2302800,10,Sertão de Canindé,2025,5,323,175,148,498,1423.2278313253012
2303600,02,Centro Sul,2025,5,5,6,-1,11,1497.3527272727274
2304350,11,Sertão de Sobral,2025,5,73,32,41,105,1693.6138095238096
2304400,03,Grande Fortaleza,2025,5,30818,27491,3327,58309,1917.4869606750244
2305100,07,Maciço do Baturité,2025,5,8,18,-10,26,1820.5988461538461
2306900,14,Vale do Jaguaribe,2025,5,87,79,8,166,1804.8933734939758
2307650,03,Grande Fortaleza,2025,5,2728,2771,-43,5499,1732.59609929078
2307700,03,Grande Fortaleza,2025,5,444,350,94,794,1578.8467380352645
2308500,09,Sertão Central,2025,5,55,45,10,100,1687.9071
2309300,12,Sertão dos Crateús,2025,5,37,38,-1,75,1892.4069333333332
2310100,07,Maciço do Baturité,2025,5,0,2,-2,2,3435.675
2311900,02,Centro Sul,2025,5,12,1,11,13,1634.7923076923075
2312700,09,Sertão Central,2025,5,44,52,-8,96,1276.5405208333334
2313500,03,Grande Fortaleza,2025,5,153,107,46,260,1696.4598461538462
2300150,07,Maciço do Baturité,2025,6,36,28,8,64,1794.19546875
2300200,05,Litoral Norte,2025,6,136,112,24,248,1635.3356048387095
2301000,03,Grande Fortaleza,2025,6,1105,755,350,1860,1816.82061827957
2301950,07,Maciço do Baturité,2025,6,29,30,-1,59,1890.4605084745763
2302800,10,Sertão de Canindé,2025,6,344,219,125,563,1227.153676731794
2303600,02,Centro Sul,2025,6,1,1,0,2,1872.5
2304350,11,Sertão de Sobral,2025,6,55,38,17,93,1692.6081720430107
2304400,03,Grande Fortaleza,2025,6,30275,26711,3564,56986,1899.1533367844734
2305100,07,Maciço do Baturité,2025,6,10,10,0,20,1767.5819999999999
2306900,14,Vale do Jaguaribe,2025,6,75,99,-24,174,1822.828103448276
2307650,03,Grande Fortaleza,2025,6,2610,2396,214,5006,1756.4230343587697
2307700,03,Grande Fortaleza,2025,6,402,328,74,730,1787.1072328767123
2308500,09,Sertão Central,2025,6,34,42,-8,76,1682.2175
2309300,12,Sertão dos Crateús,2025,6,52,35,17,87,1620.2283908045977
2310100,07,Maciço do Baturité,2025,6,3,3,0,6,1711.3333333333333
2311900,02,Centro Sul,2025,6,4,3,1,7,1518.0
2312700,09,Sertão Central,2025,6,75,63,12,138,1172.694420289855
2313500,03,Grande Fortaleza,2025,6,142,89,53,231,1722.3467965367965
2300150,07,Maciço do Baturité,2025,7,38,26,12,64,1702.13296875
2300200,05,Litoral Norte,2025,7,120,87,33,207,1727.421111111111
2301000,03,Grande Fortaleza,2025,7,975,969,6,1944,1809.791970164609
2301950,07,Maciço do Baturité,2025,7,38,23,15,61,1871.9486885245901
2302800,10,Sertão de Canindé,2025,7,198,288,-90,486,1549.512818930041
2303600,02,Centro Sul,2025,7,4,0,4,4,1518.0
2304350,11,Sertão de Sobral,2025,7,70,30,40,100,1807.5285999999999
2304400,03,Grande Fortaleza,2025,7,31362,29096,2266,60458,1904.5508033676272
2305100,07,Maciço do Baturité,2025,7,9,9,0,18,1616.7861111111113
2306900,14,Vale do Jaguaribe,2025,7,142,117,25,259,1696.9940926640925
2307650,03,Grande Fortaleza,2025,7,2901,2568,333,5469,1851.481742548912
2307700,03,Grande Fortaleza,2025,7,503,383,120,886,1541.772031602709
2308500,09,Sertão Central,2025,7,88,33,55,121,1590.9196694214877
2309300,12,Sertão dos Crateús,2025,7,84,57,27,141,1609.2858156028367
2310100,07,Maciço do Baturité,2025,7,1,2,-1,3,1518.6666666666667
2311900,02,Centro Sul,2025,7,8,4,4,12,1527.585
2312700,09,Sertão Central,2025,7,60,155,-95,215,692.5265581395348
2313500,03,Grande Fortaleza,2025,7,152,105,47,257,1695.7131517509729
2300150,07,Maciço do Baturité,2025,8,26,30,-4,56,1678.9835714285714
2300200,05,Litoral Norte,2025,8,144,83,61,227,1603.8965198237886
2301000,03,Grande Fortaleza,2025,8,849,938,-89,1787,1877.2885002797984
2301950,07,Maciço do Baturité,2025,8,24,27,-3,51,1738.3249019607845
2302800,10,Sertão de Canindé,2025,8,238,176,62,414,1484.463309178744
2304350,11,Sertão de Sobral,2025,8,43,37,6,80,1588.102625
2304400,03,Grande Fortaleza,2025,8,31832,29934,1898,61766,1883.1484766700128
2305100,07,Maciço do Baturité,2025,8,30,8,22,38,1566.405
2306900,14,Vale do Jaguaribe,2025,8,91,68,23,159,1843.9675471698115
2307650,03,Grande Fortaleza,2025,8,2974,2526,448,5500,1778.8386818181818
2307700,03,Grande Fortaleza,2025,8,424,385,39,809,1497.2565142150804
2308500,09,Sertão Central,2025,8,51,44,7,95,1672.8343157894737
2309300,12,Sertão dos Crateús,2025,8,29,50,-21,79,1745.8610126582278
2310100,07,Maciço do Baturité,2025,8,2,0,2,2,1590.91
2311900,02,Centro Sul,2025,8,2,1,1,3,1518.0
2312700,09,Sertão Central,2025,8,56,54,2,110,1339.437181818182
2313500,03,Grande Fortaleza,2025,8,112,118,-6,230,1712.4871739130435
2300150,07,Maciço do Baturité,2025,9,65,27,38,92,1646.9675000000002
2300200,05,Litoral Norte,2025,9,113,101,12,214,1773.6401869158879
2301000,03,Grande Fortaleza,2025,9,891,945,-54,1836,1960.9137472766886
2301950,07,Maciço do Baturité,2025,9,19,32,-13,51,1843.3686274509805
2302800,10,Sertão de Canindé,2025,9,206,174,32,380,1293.9940526315788
2303600,02,Centro Sul,2025,9,6,3,3,9,1536.7777777777778
2304350,11,Sertão de Sobral,2025,9,39,37,2,76,1860.6173684210528
2304400,03,Grande Fortaleza,2025,9,33431,29924,3507,63355,1912.4348345039855
2305100,07,Maciço do Baturité,2025,9,27,8,19,35,1521.046
2306900,14,Vale do Jaguaribe,2025,9,81,78,3,159,1784.4211320754719
2307650,03,Grande Fortaleza,2025,9,2852,2435,417,5287,1823.9614526196328
2307700,03,Grande Fortaleza,2025,9,535,346,189,881,1590.458819523269
2308500,09,Sertão Central,2025,9,58,44,14,102,1928.6023529411766
2309300,12,Sertão dos Crateús,2025,9,34,55,-21,89,1702.791573033708
2310100,07,Maciço do Baturité,2025,9,3,3,0,6,2768.3933333333334
2311900,02,Centro Sul,2025,9,7,1,6,8,1518.0
2312700,09,Sertão Central,2025,9,56,62,-6,118,934.5815254237287
2313500,03,Grande Fortaleza,2025,9,134,154,-20,288,1737.8665277777777
2300150,07,Maciço do Baturité,2025,10,32,45,-13,77,1651.7237662337661
2300200,05,Litoral Norte,2025,10,177,143,34,320,1754.6604375
2301000,03,Grande Fortaleza,2025,10,944,946,-2,1890,1864.692894179894
2301950,07,Maciço do Baturité,2025,10,23,41,-18,64,1645.69015625
2302800,10,Sertão de Canindé,2025,10,228,189,39,417,1240.3813429256595
2303600,02,Centro Sul,2025,10,4,3,1,7,1621.0828571428572
2304350,11,Sertão de Sobral,2025,10,57,29,28,86,1753.4867441860467
2304400,03,Grande Fortaleza,2025,10,32633,30994,1639,63627,1951.8471952158675
2305100,07,Maciço do Baturité,2025,10,14,14,0,28,1562.2903571428571
2306900,14,Vale do Jaguaribe,2025,10,87,89,-2,176,1822.2704545454544
2307650,03,Grande Fortaleza,2025,10,2784,2769,15,5553,1805.0873689897353
2307700,03,Grande Fortaleza,2025,10,376,405,-29,781,1624.872419974392
2308500,09,Sertão Central,2025,10,42,64,-22,106,1600.6930188679244
2309300,12,Sertão dos Crateús,2025,10,90,41,49,131,1615.891679389313
2310100,07,Maciço do Baturité,2025,10,4,3,1,7,2148.634285714286
2311900,02,Centro Sul,2025,10,3,3,0,6,1518.0
2312700,09,Sertão Central,2025,10,72,46,26,118,1083.5488983050848
2313500,03,Grande Fortaleza,2025,10,110,153,-43,263,1652.8400760456275
2300150,07,Maciço do Baturité,2025,11,38,29,9,67,1623.3859701492538
2300200,05,Litoral Norte,2025,11,103,92,11,195,1601.392205128205
2301000,03,Grande Fortaleza,2025,11,1023,785,238,1808,1817.5196073008851
2301950,07,Maciço do Baturité,2025,11,30,26,4,56,1592.732857142857
2302800,10,Sertão de Canindé,2025,11,179,135,44,314,1470.0257961783439
2303600,02,Centro Sul,2025,11,3,1,2,4,1608.6625
2304350,11,Sertão de Sobral,2025,11,30,40,-10,70,1672.7202857142856
2304400,03,Grande Fortaleza,2025,11,27875,25076,2799,52951,1943.0745715850503
2305100,07,Maciço do Baturité,2025,11,5,5,0,10,1629.424
2306900,14,Vale do Jaguaribe,2025,11,41,58,-17,99,2004.9043434343434
2307650,03,Grande Fortaleza,2025,11,2467,2259,208,4726,1791.823688108337
2307700,03,Grande Fortaleza,2025,11,305,337,-32,642,1708.0092211838005
2308500,09,Sertão Central,2025,11,39,46,-7,85,1649.0411764705882
2309300,12,Sertão dos Crateús,2025,11,64,28,36,92,1740.1706521739131
2310100,07,Maciço do Baturité,2025,11,2,2,0,4,1723.945
2311900,02,Centro Sul,2025,11,0,2,-2,2,1518.0
2312700,09,Sertão Central,2025,11,30,45,-15,75,1147.4786666666666
2313500,03,Grande Fortaleza,2025,11,123,86,37,209,1711.50980861244
2300150,07,Maciço do Baturité,2025,12,18,16,2,34,1623.5664705882355
2300200,05,Litoral Norte,2025,12,62,69,-7,131,1920.1340458015268
2301000,03,Grande Fortaleza,2025,12,736,899,-163,1635,1837.3713516819573
2301950,07,Maciço do Baturité,2025,12,13,17,-4,30,1672.0303333333334
2302800,10,Sertão de Canindé,2025,12,109,155,-46,264,1466.8165151515152
2303600,02,Centro Sul,2025,12,2,2,0,4,1339.3975
2304350,11,Sertão de Sobral,2025,12,25,44,-19,69,1718.2695652173913
2304400,03,Grande Fortaleza,2025,12,20615,27438,-6823,48053,1996.7438519967534
2305100,07,Maciço do Baturité,2025,12,7,12,-5,19,1849.0647368421055
2306900,14,Vale do Jaguaribe,2025,12,51,65,-14,116,1808.000603448276
2307650,03,Grande Fortaleza,2025,12,1637,2183,-546,3820,1821.9144214659686
2307700,03,Grande Fortaleza,2025,12,211,423,-212,634,1731.9160567823344
2308500,09,Sertão Central,2025,12,36,30,6,66,1795.1757575757576
2309300,12,Sertão dos Crateús,2025,12,31,22,9,53,1575.8432075471699
2310100,07,Maciço do Baturité,2025,12,0,1,-1,1,1591.71
2311900,02,Centro Sul,2025,12,3,2,1,5,1518.0
2312700,09,Sertão Central,2025,12,21,65,-44,86,996.2896511627907
2313500,03,Grande Fortaleza,2025,12,80,98,-18,178,1768.4791573033706
