exercicio,demonstrativo,periodo,periodicidade,instituicao,cod_ibge,uf,populacao,anexo,esfera,rotulo,coluna,cod_conta,conta,valor,uf_nome
2015,RREO,1,B,Governo do Estado do Maranhão,21,MA,6850884,RREO-Anexo 01,E,,Até o Bimestre (c),TransferenciasCorrentes,TRANSFERÊNCIAS CORRENTES,1241628768.59,Maranhão
2015,RREO,1,B,Governo do Estado do Maranhão,21,MA,6850884,RREO-Anexo 01,E,,Até o Bimestre (c),TransferenciasCorrentesIntergovernamentais,Transferências Intergovernamentais,1241628768.59,Maranhão
2015,RREO,1,B,Governo do Estado do Maranhão,21,MA,6850884,RREO-Anexo 06,E,,Até o Bimestre / 2015,RREO6TransferenciasCorrentes,Transferências Correntes,1241628768.59,Maranhão
2015,RREO,1,B,Governo do Estado do Maranhão,21,MA,6850884,RREO-Anexo 06,E,,Até o Bimestre / 2014,RREO6TransferenciasCorrentes,Transferências Correntes,1349868086.59,Maranhão
2015,RREO,1,B,Governo do Estado do Maranhão,21,MA,6850884,RREO-Anexo 06,E,,Até o Bimestre / 2015,RREO6CotaParteDoFPE,Cota-Parte do FPE,906769429.13,Maranhão
2015,RREO,1,B,Governo do Estado do Maranhão,21,MA,6850884,RREO-Anexo 06,E,,Até o Bimestre / 2014,RREO6CotaParteDoFPE,Cota-Parte do FPE,912177967.29,Maranhão
2015,RREO,1,B,Governo do Estado do Maranhão,21,MA,6850884,RREO-Anexo 06,E,,Até o Bimestre / 2015,RREO6OutrasTransferenciasCorrentes,Outras Transferências Correntes,334859339.46,Maranhão
2015,RREO,1,B,Governo do Estado do Maranhão,21,MA,6850884,RREO-Anexo 06,E,,Até o Bimestre / 2014,RREO6OutrasTransferenciasCorrentes,Outras Transferências Correntes,437690119.3,Maranhão
2015,RREO,1,B,Governo do Estado do Maranhão,21,MA,6850884,RREO-Anexo 06,E,,Até o Bimestre / 2014,RREO6TransferenciasDeCapital,Transferências de Capital,80628106.44,Maranhão
2015,RREO,1,B,Governo do Estado do Maranhão,21,MA,6850884,RREO-Anexo 06,E,,Até o Bimestre / 2014,RREO6OutrasTransferenciasDeCapital,Outras Transferências de Capital,80628106.44,Maranhão
2015,RREO,2,B,Governo do Estado do Maranhão,21,MA,6850884,RREO-Anexo 01,E,,Até o Bimestre (c),TransferenciasCorrentes,TRANSFERÊNCIAS CORRENTES,2362617360.93,Maranhão
2015,RREO,2,B,Governo do Estado do Maranhão,21,MA,6850884,RREO-Anexo 01,E,,Até o Bimestre (c),TransferenciasCorrentesIntergovernamentais,Transferências Intergovernamentais,2352276080.91,Maranhão
2015,RREO,2,B,Governo do Estado do Maranhão,21,MA,6850884,RREO-Anexo 01,E,,Até o Bimestre (c),TransferenciasCorrentesDeInstituicoesPrivadas,Transferências de Instituições Privadas,10341280.02,Maranhão
2015,RREO,2,B,Governo do Estado do Maranhão,21,MA,6850884,RREO-Anexo 06,E,,Até o Bimestre / 2015,RREO6TransferenciasCorrentes,Transferências Correntes,2362617360.93,Maranhão
2015,RREO,2,B,Governo do Estado do Maranhão,21,MA,6850884,RREO-Anexo 06,E,,Até o Bimestre / 2014,RREO6TransferenciasCorrentes,Transferências Correntes,2205956030.23,Maranhão
2015,RREO,2,B,Governo do Estado do Maranhão,21,MA,6850884,RREO-Anexo 06,E,,Até o Bimestre / 2015,RREO6CotaParteDoFPE,Cota-Parte do FPE,1600462472.92,Maranhão
2015,RREO,2,B,Governo do Estado do Maranhão,21,MA,6850884,RREO-Anexo 06,E,,Até o Bimestre / 2014,RREO6CotaParteDoFPE,Cota-Parte do FPE,1510524796.12,Maranhão
2015,RREO,2,B,Governo do Estado do Maranhão,21,MA,6850884,RREO-Anexo 06,E,,Até o Bimestre / 2015,RREO6OutrasTransferenciasCorrentes,Outras Transferências Correntes,762154888.01,Maranhão
2015,RREO,2,B,Governo do Estado do Maranhão,21,MA,6850884,RREO-Anexo 06,E,,Até o Bimestre / 2014,RREO6OutrasTransferenciasCorrentes,Outras Transferências Correntes,695431234.11,Maranhão
2015,RREO,2,B,Governo do Estado do Maranhão,21,MA,6850884,RREO-Anexo 06,E,,Até o Bimestre / 2014,RREO6TransferenciasDeCapital,Transferências de Capital,86025554.02,Maranhão
2015,RREO,2,B,Governo do Estado do Maranhão,21,MA,6850884,RREO-Anexo 06,E,,Até o Bimestre / 2014,RREO6OutrasTransferenciasDeCapital,Outras Transferências de Capital,86025554.02,Maranhão
2015,RREO,3,B,Governo do Estado do Maranhão,21,MA,6850884,RREO-Anexo 01,E,,Até o Bimestre (c),TransferenciasCorrentes,TRANSFERÊNCIAS CORRENTES,3453833198.85,Maranhão
2015,RREO,3,B,Governo do Estado do Maranhão,21,MA,6850884,RREO-Anexo 01,E,,Até o Bimestre (c),TransferenciasCorrentesIntergovernamentais,Transferências Intergovernamentais,3443537869.06,Maranhão
2015,RREO,3,B,Governo do Estado do Maranhão,21,MA,6850884,RREO-Anexo 01,E,,Até o Bimestre (c),TransferenciasCorrentesDeInstituicoesPrivadas,Transferências de Instituições Privadas,10295329.79,Maranhão
2015,RREO,3,B,Governo do Estado do Maranhão,21,MA,6850884,RREO-Anexo 01,E,,Até o Bimestre (c),TransferenciasDeCapital,TRANSFERÊNCIAS DE CAPITAL,20050798.88,Maranhão
2015,RREO,3,B,Governo do Estado do Maranhão,21,MA,6850884,RREO-Anexo 01,E,,Até o Bimestre (c),TransferenciasDeCapitalIntergovernamentais,Transferências Intergovernamentais,18807035.1,Maranhão
2015,RREO,3,B,Governo do Estado do Maranhão,21,MA,6850884,RREO-Anexo 01,E,,Até o Bimestre (c),TransferenciasDeCapitalDeInstituicoesPrivadas,Transferências de Instituições Privadas,1243763.78,Maranhão
2015,RREO,3,B,Governo do Estado do Maranhão,21,MA,6850884,RREO-Anexo 06,E,,Até o Bimestre / 2015,RREO6TransferenciasCorrentes,Transferências Correntes,3453833198.85,Maranhão
2015,RREO,3,B,Governo do Estado do Maranhão,21,MA,6850884,RREO-Anexo 06,E,,Até o Bimestre / 2014,RREO6TransferenciasCorrentes,Transferências Correntes,3337534453.99,Maranhão
2015,RREO,3,B,Governo do Estado do Maranhão,21,MA,6850884,RREO-Anexo 06,E,,Até o Bimestre / 2015,RREO6CotaParteDoFPE,Cota-Parte do FPE,2428513967.8,Maranhão
2015,RREO,3,B,Governo do Estado do Maranhão,21,MA,6850884,RREO-Anexo 06,E,,Até o Bimestre / 2014,RREO6CotaParteDoFPE,Cota-Parte do FPE,2254246121.09,Maranhão
2015,RREO,3,B,Governo do Estado do Maranhão,21,MA,6850884,RREO-Anexo 06,E,,Até o Bimestre / 2015,RREO6OutrasTransferenciasCorrentes,Outras Transferências Correntes,1025319231.05,Maranhão
2015,RREO,3,B,Governo do Estado do Maranhão,21,MA,6850884,RREO-Anexo 06,E,,Até o Bimestre / 2014,RREO6OutrasTransferenciasCorrentes,Outras Transferências Correntes,1083288332.9,Maranhão
2015,RREO,3,B,Governo do Estado do Maranhão,21,MA,6850884,RREO-Anexo 06,E,,Até o Bimestre / 2015,RREO6TransferenciasDeCapital,Transferências de Capital,20050798.88,Maranhão
2015,RREO,3,B,Governo do Estado do Maranhão,21,MA,6850884,RREO-Anexo 06,E,,Até o Bimestre / 2014,RREO6TransferenciasDeCapital,Transferências de Capital,94783766.73,Maranhão
2015,RREO,3,B,Governo do Estado do Maranhão,21,MA,6850884,RREO-Anexo 06,E,,Até o Bimestre / 2015,RREO6OutrasTransferenciasDeCapital,Outras Transferências de Capital,20050798.88,Maranhão
2015,RREO,3,B,Governo do Estado do Maranhão,21,MA,6850884,RREO-Anexo 06,E,,Até o Bimestre / 2014,RREO6OutrasTransferenciasDeCapital,Outras Transferências de Capital,94783766.73,Maranhão
2015,RREO,4,B,Governo do Estado do Maranhão,21,MA,6850884,RREO-Anexo 01,E,,Até o Bimestre (c),TransferenciasCorrentes,TRANSFERÊNCIAS CORRENTES,4327507707.58,Maranhão
2015,RREO,4,B,Governo do Estado do Maranhão,21,MA,6850884,RREO-Anexo 01,E,,Até o Bimestre (c),TransferenciasCorrentesIntergovernamentais,Transferências Intergovernamentais,4317064231.47,Maranhão
2015,RREO,4,B,Governo do Estado do Maranhão,21,MA,6850884,RREO-Anexo 01,E,,Até o Bimestre (c),TransferenciasCorrentesDeInstituicoesPrivadas,Transferências de Instituições Privadas,10443476.11,Maranhão
2015,RREO,4,B,Governo do Estado do Maranhão,21,MA,6850884,RREO-Anexo 01,E,,Até o Bimestre (c),TransferenciasDeCapital,TRANSFERÊNCIAS DE CAPITAL,38013861.97,Maranhão
2015,RREO,4,B,Governo do Estado do Maranhão,21,MA,6850884,RREO-Anexo 01,E,,Até o Bimestre (c),TransferenciasDeCapitalIntergovernamentais,Transferências Intergovernamentais,36434319.52,Maranhão
2015,RREO,4,B,Governo do Estado do Maranhão,21,MA,6850884,RREO-Anexo 01,E,,Até o Bimestre (c),TransferenciasDeCapitalDeInstituicoesPrivadas,Transferências de Instituições Privadas,1579542.45,Maranhão
2015,RREO,4,B,Governo do Estado do Maranhão,21,MA,6850884,RREO-Anexo 06,E,,Até o Bimestre / 2015,RREO6TransferenciasCorrentes,Transferências Correntes,4327507707.58,Maranhão
2015,RREO,4,B,Governo do Estado do Maranhão,21,MA,6850884,RREO-Anexo 06,E,,Até o Bimestre / 2014,RREO6TransferenciasCorrentes,Transferências Correntes,4220722460.23,Maranhão
2015,RREO,4,B,Governo do Estado do Maranhão,21,MA,6850884,RREO-Anexo 06,E,,Até o Bimestre / 2015,RREO6CotaParteDoFPE,Cota-Parte do FPE,3047445171.62,Maranhão
2015,RREO,4,B,Governo do Estado do Maranhão,21,MA,6850884,RREO-Anexo 06,E,,Até o Bimestre / 2014,RREO6CotaParteDoFPE,Cota-Parte do FPE,2860537858.98,Maranhão
2015,RREO,4,B,Governo do Estado do Maranhão,21,MA,6850884,RREO-Anexo 06,E,,Até o Bimestre / 2015,RREO6OutrasTransferenciasCorrentes,Outras Transferências Correntes,1280062535.96,Maranhão
2015,RREO,4,B,Governo do Estado do Maranhão,21,MA,6850884,RREO-Anexo 06,E,,Até o Bimestre / 2014,RREO6OutrasTransferenciasCorrentes,Outras Transferências Correntes,1360184601.25,Maranhão
2015,RREO,4,B,Governo do Estado do Maranhão,21,MA,6850884,RREO-Anexo 06,E,,Até o Bimestre / 2015,RREO6TransferenciasDeCapital,Transferências de Capital,38013861.97,Maranhão
2015,RREO,4,B,Governo do Estado do Maranhão,21,MA,6850884,RREO-Anexo 06,E,,Até o Bimestre / 2014,RREO6TransferenciasDeCapital,Transferências de Capital,116666224.92,Maranhão
2015,RREO,4,B,Governo do Estado do Maranhão,21,MA,6850884,RREO-Anexo 06,E,,Até o Bimestre / 2015,RREO6OutrasTransferenciasDeCapital,Outras Transferências de Capital,38013861.97,Maranhão
2015,RREO,4,B,Governo do Estado do Maranhão,21,MA,6850884,RREO-Anexo 06,E,,Até o Bimestre / 2014,RREO6OutrasTransferenciasDeCapital,Outras Transferências de Capital,116666224.92,Maranhão
2015,RREO,5,B,Governo do Estado do Maranhão,21,MA,6850884,RREO-Anexo 01,E,,Até o Bimestre (c),TransferenciasCorrentes,TRANSFERÊNCIAS CORRENTES,5190845499.96,Maranhão
2015,RREO,5,B,Governo do Estado do Maranhão,21,MA,6850884,RREO-Anexo 01,E,,Até o Bimestre (c),TransferenciasCorrentesIntergovernamentais,Transferências Intergovernamentais,5180000878.58,Maranhão
2015,RREO,5,B,Governo do Estado do Maranhão,21,MA,6850884,RREO-Anexo 01,E,,Até o Bimestre (c),TransferenciasCorrentesDeInstituicoesPrivadas,Transferências de Instituições Privadas,10844621.38,Maranhão
2015,RREO,5,B,Governo do Estado do Maranhão,21,MA,6850884,RREO-Anexo 01,E,,Até o Bimestre (c),TransferenciasDeCapital,TRANSFERÊNCIAS DE CAPITAL,42343240.92,Maranhão
2015,RREO,5,B,Governo do Estado do Maranhão,21,MA,6850884,RREO-Anexo 01,E,,Até o Bimestre (c),TransferenciasDeCapitalIntergovernamentais,Transferências Intergovernamentais,40635991.07,Maranhão
2015,RREO,5,B,Governo do Estado do Maranhão,21,MA,6850884,RREO-Anexo 01,E,,Até o Bimestre (c),TransferenciasDeCapitalDeInstituicoesPrivadas,Transferências de Instituições Privadas,1707249.85,Maranhão
2015,RREO,5,B,Governo do Estado do Maranhão,21,MA,6850884,RREO-Anexo 06,E,,Até o Bimestre / 2015,RREO6TransferenciasCorrentes,Transferências Correntes,5190845499.96,Maranhão
2015,RREO,5,B,Governo do Estado do Maranhão,21,MA,6850884,RREO-Anexo 06,E,,Até o Bimestre / 2014,RREO6TransferenciasCorrentes,Transferências Correntes,5048652429.07,Maranhão
2015,RREO,5,B,Governo do Estado do Maranhão,21,MA,6850884,RREO-Anexo 06,E,,Até o Bimestre / 2015,RREO6CotaParteDoFPE,Cota-Parte do FPE,3642215539.77,Maranhão
2015,RREO,5,B,Governo do Estado do Maranhão,21,MA,6850884,RREO-Anexo 06,E,,Até o Bimestre / 2014,RREO6CotaParteDoFPE,Cota-Parte do FPE,3427550426.34,Maranhão
2015,RREO,5,B,Governo do Estado do Maranhão,21,MA,6850884,RREO-Anexo 06,E,,Até o Bimestre / 2015,RREO6OutrasTransferenciasCorrentes,Outras Transferências Correntes,1548629960.19,Maranhão
2015,RREO,5,B,Governo do Estado do Maranhão,21,MA,6850884,RREO-Anexo 06,E,,Até o Bimestre / 2014,RREO6OutrasTransferenciasCorrentes,Outras Transferências Correntes,1621102002.73,Maranhão
2015,RREO,5,B,Governo do Estado do Maranhão,21,MA,6850884,RREO-Anexo 06,E,,Até o Bimestre / 2015,RREO6TransferenciasDeCapital,Transferências de Capital,42343240.92,Maranhão
2015,RREO,5,B,Governo do Estado do Maranhão,21,MA,6850884,RREO-Anexo 06,E,,Até o Bimestre / 2014,RREO6TransferenciasDeCapital,Transferências de Capital,124824403.64,Maranhão
2015,RREO,5,B,Governo do Estado do Maranhão,21,MA,6850884,RREO-Anexo 06,E,,Até o Bimestre / 2015,RREO6OutrasTransferenciasDeCapital,Outras Transferências de Capital,42343240.92,Maranhão
2015,RREO,5,B,Governo do Estado do Maranhão,21,MA,6850884,RREO-Anexo 06,E,,Até o Bimestre / 2014,RREO6OutrasTransferenciasDeCapital,Outras Transferências de Capital,124824403.64,Maranhão
2015,RREO,6,B,Governo do Estado do Maranhão,21,MA,6850884,RREO-Anexo 01,E,,Até o Bimestre (c),TransferenciasCorrentes,TRANSFERÊNCIAS CORRENTES,6246698232.24,Maranhão
2015,RREO,6,B,Governo do Estado do Maranhão,21,MA,6850884,RREO-Anexo 01,E,,Até o Bimestre (c),TransferenciasCorrentesIntergovernamentais,Transferências Intergovernamentais,6235103941.86,Maranhão
2015,RREO,6,B,Governo do Estado do Maranhão,21,MA,6850884,RREO-Anexo 01,E,,Até o Bimestre (c),TransferenciasCorrentesDeInstituicoesPrivadas,Transferências de Instituições Privadas,11594290.38,Maranhão
2015,RREO,6,B,Governo do Estado do Maranhão,21,MA,6850884,RREO-Anexo 01,E,,Até o Bimestre (c),TransferenciasDeCapital,TRANSFERÊNCIAS DE CAPITAL,23151269.19,Maranhão
2015,RREO,6,B,Governo do Estado do Maranhão,21,MA,6850884,RREO-Anexo 01,E,,Até o Bimestre (c),TransferenciasDeCapitalIntergovernamentais,Transferências Intergovernamentais,21118406.58,Maranhão
2015,RREO,6,B,Governo do Estado do Maranhão,21,MA,6850884,RREO-Anexo 01,E,,Até o Bimestre (c),TransferenciasDeCapitalDeInstituicoesPrivadas,Transferências de Instituições Privadas,2032862.61,Maranhão
2015,RREO,6,B,Governo do Estado do Maranhão,21,MA,6850884,RREO-Anexo 06,E,,Até o Bimestre / 2015,RREO6TransferenciasCorrentes,Transferências Correntes,6246698232.24,Maranhão
2015,RREO,6,B,Governo do Estado do Maranhão,21,MA,6850884,RREO-Anexo 06,E,,Até o Bimestre / 2014,RREO6TransferenciasCorrentes,Transferências Correntes,6075226181.01,Maranhão
2015,RREO,6,B,Governo do Estado do Maranhão,21,MA,6850884,RREO-Anexo 06,E,,Até o Bimestre / 2015,RREO6CotaParteDoFPE,Cota-Parte do FPE,4410731481.38,Maranhão
2015,RREO,6,B,Governo do Estado do Maranhão,21,MA,6850884,RREO-Anexo 06,E,,Até o Bimestre / 2014,RREO6CotaParteDoFPE,Cota-Parte do FPE,4192775050.06,Maranhão
2015,RREO,6,B,Governo do Estado do Maranhão,21,MA,6850884,RREO-Anexo 06,E,,Até o Bimestre / 2015,RREO6OutrasTransferenciasCorrentes,Outras Transferências Correntes,1835966750.86,Maranhão
2015,RREO,6,B,Governo do Estado do Maranhão,21,MA,6850884,RREO-Anexo 06,E,,Até o Bimestre / 2014,RREO6OutrasTransferenciasCorrentes,Outras Transferências Correntes,1882451130.95,Maranhão
2015,RREO,6,B,Governo do Estado do Maranhão,21,MA,6850884,RREO-Anexo 06,E,,Até o Bimestre / 2015,RREO6TransferenciasDeCapital,Transferências de Capital,23151269.19,Maranhão
2015,RREO,6,B,Governo do Estado do Maranhão,21,MA,6850884,RREO-Anexo 06,E,,Até o Bimestre / 2014,RREO6TransferenciasDeCapital,Transferências de Capital,111552847.27,Maranhão
2015,RREO,6,B,Governo do Estado do Maranhão,21,MA,6850884,RREO-Anexo 06,E,,Até o Bimestre / 2015,RREO6OutrasTransferenciasDeCapital,Outras Transferências de Capital,23151269.19,Maranhão
2015,RREO,6,B,Governo do Estado do Maranhão,21,MA,6850884,RREO-Anexo 06,E,,Até o Bimestre / 2014,RREO6OutrasTransferenciasDeCapital,Outras Transferências de Capital,111552847.27,Maranhão
2016,RREO,1,B,Governo do Estado do Maranhão,21,MA,6904241,RREO-Anexo 01,E,,Até o Bimestre (c),TransferenciasCorrentes,TRANSFERÊNCIAS CORRENTES,1264500178.21,Maranhão
2016,RREO,1,B,Governo do Estado do Maranhão,21,MA,6904241,RREO-Anexo 01,E,,Até o Bimestre (c),TransferenciasCorrentesIntergovernamentais,Transferências Intergovernamentais,1264450486.88,Maranhão
2016,RREO,1,B,Governo do Estado do Maranhão,21,MA,6904241,RREO-Anexo 01,E,,Até o Bimestre (c),TransferenciasCorrentesDeInstituicoesPrivadas,Transferências de Instituições Privadas,49691.33,Maranhão
2016,RREO,1,B,Governo do Estado do Maranhão,21,MA,6904241,RREO-Anexo 01,E,,Até o Bimestre (c),TransferenciasDeCapital,TRANSFERÊNCIAS DE CAPITAL,20128255.4,Maranhão
2016,RREO,1,B,Governo do Estado do Maranhão,21,MA,6904241,RREO-Anexo 01,E,,Até o Bimestre (c),TransferenciasDeCapitalIntergovernamentais,Transferências Intergovernamentais,20012308.96,Maranhão
2016,RREO,1,B,Governo do Estado do Maranhão,21,MA,6904241,RREO-Anexo 01,E,,Até o Bimestre (c),TransferenciasDeCapitalDeInstituicoesPrivadas,Transferências de Instituições Privadas,115946.44,Maranhão
2016,RREO,1,B,Governo do Estado do Maranhão,21,MA,6904241,RREO-Anexo 06,E,,Até o Bimestre / 2016,RREO6TransferenciasCorrentes,Transferências Correntes,1264500178.21,Maranhão
2016,RREO,1,B,Governo do Estado do Maranhão,21,MA,6904241,RREO-Anexo 06,E,,Até o Bimestre / 2015,RREO6TransferenciasCorrentes,Transferências Correntes,1241628768.59,Maranhão
2016,RREO,1,B,Governo do Estado do Maranhão,21,MA,6904241,RREO-Anexo 06,E,,Até o Bimestre / 2016,RREO6CotaParteDoFPE,Cota-Parte do FPE,881869255.32,Maranhão
2016,RREO,1,B,Governo do Estado do Maranhão,21,MA,6904241,RREO-Anexo 06,E,,Até o Bimestre / 2015,RREO6CotaParteDoFPE,Cota-Parte do FPE,906769429.13,Maranhão
2016,RREO,1,B,Governo do Estado do Maranhão,21,MA,6904241,RREO-Anexo 06,E,,Até o Bimestre / 2016,RREO6OutrasTransferenciasCorrentes,Outras Transferências Correntes,382630922.89,Maranhão
2016,RREO,1,B,Governo do Estado do Maranhão,21,MA,6904241,RREO-Anexo 06,E,,Até o Bimestre / 2015,RREO6OutrasTransferenciasCorrentes,Outras Transferências Correntes,334859339.46,Maranhão
2016,RREO,1,B,Governo do Estado do Maranhão,21,MA,6904241,RREO-Anexo 06,E,,Até o Bimestre / 2016,RREO6TransferenciasDeCapital,Transferências de Capital,20128255.4,Maranhão
2016,RREO,1,B,Governo do Estado do Maranhão,21,MA,6904241,RREO-Anexo 06,E,,Até o Bimestre / 2016,RREO6OutrasTransferenciasDeCapital,Outras Transferências de Capital,20128255.4,Maranhão
2016,RREO,1,B,Governo do Estado do Maranhão,21,MA,6904241,RREO-Anexo 06,E,,Despesas Empenhadas Até o Bimestre / 2016,RREO6TransferenciasConstitucionaisELegais,Transferências Constitucionais e Legais,301967510.66,Maranhão
2016,RREO,2,B,Governo do Estado do Maranhão,21,MA,6904241,RREO-Anexo 01,E,,Até o Bimestre (c),TransferenciasCorrentes,TRANSFERÊNCIAS CORRENTES,2206357588.08,Maranhão
2016,RREO,2,B,Governo do Estado do Maranhão,21,MA,6904241,RREO-Anexo 01,E,,Até o Bimestre (c),TransferenciasCorrentesIntergovernamentais,Transferências Intergovernamentais,2206054973.55,Maranhão
2016,RREO,2,B,Governo do Estado do Maranhão,21,MA,6904241,RREO-Anexo 01,E,,Até o Bimestre (c),TransferenciasCorrentesDeInstituicoesPrivadas,Transferências de Instituições Privadas,302614.53,Maranhão
2016,RREO,2,B,Governo do Estado do Maranhão,21,MA,6904241,RREO-Anexo 01,E,,Até o Bimestre (c),TransferenciasDeCapital,TRANSFERÊNCIAS DE CAPITAL,34387403.34,Maranhão
2016,RREO,2,B,Governo do Estado do Maranhão,21,MA,6904241,RREO-Anexo 01,E,,Até o Bimestre (c),TransferenciasDeCapitalIntergovernamentais,Transferências Intergovernamentais,33706889.32,Maranhão
2016,RREO,2,B,Governo do Estado do Maranhão,21,MA,6904241,RREO-Anexo 01,E,,Até o Bimestre (c),TransferenciasDeCapitalDeInstituicoesPrivadas,Transferências de Instituições Privadas,680514.02,Maranhão
2016,RREO,2,B,Governo do Estado do Maranhão,21,MA,6904241,RREO-Anexo 06,E,,Até o Bimestre / 2016,RREO6TransferenciasCorrentes,Transferências Correntes,2206357588.08,Maranhão
2016,RREO,2,B,Governo do Estado do Maranhão,21,MA,6904241,RREO-Anexo 06,E,,Até o Bimestre / 2015,RREO6TransferenciasCorrentes,Transferências Correntes,2362617360.93,Maranhão
2016,RREO,2,B,Governo do Estado do Maranhão,21,MA,6904241,RREO-Anexo 06,E,,Até o Bimestre / 2016,RREO6CotaParteDoFPE,Cota-Parte do FPE,1533738422.26,Maranhão
2016,RREO,2,B,Governo do Estado do Maranhão,21,MA,6904241,RREO-Anexo 06,E,,Até o Bimestre / 2015,RREO6CotaParteDoFPE,Cota-Parte do FPE,1600462472.92,Maranhão
2016,RREO,2,B,Governo do Estado do Maranhão,21,MA,6904241,RREO-Anexo 06,E,,Até o Bimestre / 2016,RREO6OutrasTransferenciasCorrentes,Outras Transferências Correntes,672619165.82,Maranhão
2016,RREO,2,B,Governo do Estado do Maranhão,21,MA,6904241,RREO-Anexo 06,E,,Até o Bimestre / 2015,RREO6OutrasTransferenciasCorrentes,Outras Transferências Correntes,762154888.01,Maranhão
2016,RREO,2,B,Governo do Estado do Maranhão,21,MA,6904241,RREO-Anexo 06,E,,Até o Bimestre / 2016,RREO6TransferenciasDeCapital,Transferências de Capital,34387403.34,Maranhão
2016,RREO,2,B,Governo do Estado do Maranhão,21,MA,6904241,RREO-Anexo 06,E,,Até o Bimestre / 2016,RREO6OutrasTransferenciasDeCapital,Outras Transferências de Capital,34387403.34,Maranhão
2016,RREO,2,B,Governo do Estado do Maranhão,21,MA,6904241,RREO-Anexo 06,E,,Despesas Empenhadas Até o Bimestre / 2016,RREO6TransferenciasConstitucionaisELegais,Transferências Constitucionais e Legais,582500000.0,Maranhão
2016,RREO,3,B,Governo do Estado do Maranhão,21,MA,6904241,RREO-Anexo 01,E,,Até o Bimestre (c),TransferenciasCorrentes,TRANSFERÊNCIAS CORRENTES,3441774231.91,Maranhão
2016,RREO,3,B,Governo do Estado do Maranhão,21,MA,6904241,RREO-Anexo 01,E,,Até o Bimestre (c),TransferenciasCorrentesIntergovernamentais,Transferências Intergovernamentais,3441272498.3,Maranhão
2016,RREO,3,B,Governo do Estado do Maranhão,21,MA,6904241,RREO-Anexo 01,E,,Até o Bimestre (c),TransferenciasCorrentesDeInstituicoesPrivadas,Transferências de Instituições Privadas,501733.61,Maranhão
2016,RREO,3,B,Governo do Estado do Maranhão,21,MA,6904241,RREO-Anexo 01,E,,Até o Bimestre (c),TransferenciasDeCapital,TRANSFERÊNCIAS DE CAPITAL,35625411.06,Maranhão
2016,RREO,3,B,Governo do Estado do Maranhão,21,MA,6904241,RREO-Anexo 01,E,,Até o Bimestre (c),TransferenciasDeCapitalIntergovernamentais,Transferências Intergovernamentais,34690878.13,Maranhão
2016,RREO,3,B,Governo do Estado do Maranhão,21,MA,6904241,RREO-Anexo 01,E,,Até o Bimestre (c),TransferenciasDeCapitalDeInstituicoesPrivadas,Transferências de Instituições Privadas,934532.93,Maranhão
2016,RREO,3,B,Governo do Estado do Maranhão,21,MA,6904241,RREO-Anexo 06,E,,Até o Bimestre / 2016,RREO6TransferenciasCorrentes,Transferências Correntes,3441774231.91,Maranhão
2016,RREO,3,B,Governo do Estado do Maranhão,21,MA,6904241,RREO-Anexo 06,E,,Até o Bimestre / 2015,RREO6TransferenciasCorrentes,Transferências Correntes,3453833198.85,Maranhão
2016,RREO,3,B,Governo do Estado do Maranhão,21,MA,6904241,RREO-Anexo 06,E,,Até o Bimestre / 2016,RREO6CotaParteDoFPE,Cota-Parte do FPE,2393483151.7,Maranhão
2016,RREO,3,B,Governo do Estado do Maranhão,21,MA,6904241,RREO-Anexo 06,E,,Até o Bimestre / 2015,RREO6CotaParteDoFPE,Cota-Parte do FPE,2428513967.8,Maranhão
2016,RREO,3,B,Governo do Estado do Maranhão,21,MA,6904241,RREO-Anexo 06,E,,Até o Bimestre / 2016,RREO6OutrasTransferenciasCorrentes,Outras Transferências Correntes,1048291080.21,Maranhão
2016,RREO,3,B,Governo do Estado do Maranhão,21,MA,6904241,RREO-Anexo 06,E,,Até o Bimestre / 2015,RREO6OutrasTransferenciasCorrentes,Outras Transferências Correntes,1025319231.05,Maranhão
2016,RREO,3,B,Governo do Estado do Maranhão,21,MA,6904241,RREO-Anexo 06,E,,Até o Bimestre / 2016,RREO6TransferenciasDeCapital,Transferências de Capital,35625411.06,Maranhão
2016,RREO,3,B,Governo do Estado do Maranhão,21,MA,6904241,RREO-Anexo 06,E,,Até o Bimestre / 2015,RREO6TransferenciasDeCapital,Transferências de Capital,20050798.88,Maranhão
2016,RREO,3,B,Governo do Estado do Maranhão,21,MA,6904241,RREO-Anexo 06,E,,Até o Bimestre / 2016,RREO6OutrasTransferenciasDeCapital,Outras Transferências de Capital,35625411.06,Maranhão
2016,RREO,3,B,Governo do Estado do Maranhão,21,MA,6904241,RREO-Anexo 06,E,,Até o Bimestre / 2015,RREO6OutrasTransferenciasDeCapital,Outras Transferências de Capital,20050798.88,Maranhão
2016,RREO,3,B,Governo do Estado do Maranhão,21,MA,6904241,RREO-Anexo 06,E,,Despesas Empenhadas Até o Bimestre / 2016,RREO6TransferenciasConstitucionaisELegais,Transferências Constitucionais e Legais,801967510.66,Maranhão
2016,RREO,4,B,Governo do Estado do Maranhão,21,MA,6904241,RREO-Anexo 01,E,,Até o Bimestre (c),TransferenciasCorrentes,TRANSFERÊNCIAS CORRENTES,4401380633.27,Maranhão
2016,RREO,4,B,Governo do Estado do Maranhão,21,MA,6904241,RREO-Anexo 01,E,,Até o Bimestre (c),TransferenciasCorrentesIntergovernamentais,Transferências Intergovernamentais,4400510809.6,Maranhão
2016,RREO,4,B,Governo do Estado do Maranhão,21,MA,6904241,RREO-Anexo 01,E,,Até o Bimestre (c),TransferenciasCorrentesDeInstituicoesPrivadas,Transferências de Instituições Privadas,869823.67,Maranhão
2016,RREO,4,B,Governo do Estado do Maranhão,21,MA,6904241,RREO-Anexo 01,E,,Até o Bimestre (c),TransferenciasDeCapital,TRANSFERÊNCIAS DE CAPITAL,87671375.25,Maranhão
2016,RREO,4,B,Governo do Estado do Maranhão,21,MA,6904241,RREO-Anexo 01,E,,Até o Bimestre (c),TransferenciasDeCapitalIntergovernamentais,Transferências Intergovernamentais,86211354.88,Maranhão
2016,RREO,4,B,Governo do Estado do Maranhão,21,MA,6904241,RREO-Anexo 01,E,,Até o Bimestre (c),TransferenciasDeCapitalDeInstituicoesPrivadas,Transferências de Instituições Privadas,1460020.37,Maranhão
2016,RREO,4,B,Governo do Estado do Maranhão,21,MA,6904241,RREO-Anexo 06,E,,Até o Bimestre / 2016,RREO6TransferenciasCorrentes,Transferências Correntes,4401380633.27,Maranhão
2016,RREO,4,B,Governo do Estado do Maranhão,21,MA,6904241,RREO-Anexo 06,E,,Até o Bimestre / 2015,RREO6TransferenciasCorrentes,Transferências Correntes,4327507707.58,Maranhão
2016,RREO,4,B,Governo do Estado do Maranhão,21,MA,6904241,RREO-Anexo 06,E,,Até o Bimestre / 2016,RREO6CotaParteDoFPE,Cota-Parte do FPE,3025194459.05,Maranhão
2016,RREO,4,B,Governo do Estado do Maranhão,21,MA,6904241,RREO-Anexo 06,E,,Até o Bimestre / 2015,RREO6CotaParteDoFPE,Cota-Parte do FPE,3047445171.62,Maranhão
2016,RREO,4,B,Governo do Estado do Maranhão,21,MA,6904241,RREO-Anexo 06,E,,Até o Bimestre / 2016,RREO6OutrasTransferenciasCorrentes,Outras Transferências Correntes,1376186174.22,Maranhão
2016,RREO,4,B,Governo do Estado do Maranhão,21,MA,6904241,RREO-Anexo 06,E,,Até o Bimestre / 2015,RREO6OutrasTransferenciasCorrentes,Outras Transferências Correntes,1280062535.96,Maranhão
2016,RREO,4,B,Governo do Estado do Maranhão,21,MA,6904241,RREO-Anexo 06,E,,Até o Bimestre / 2016,RREO6TransferenciasDeCapital,Transferências de Capital,87671375.25,Maranhão
2016,RREO,4,B,Governo do Estado do Maranhão,21,MA,6904241,RREO-Anexo 06,E,,Até o Bimestre / 2015,RREO6TransferenciasDeCapital,Transferências de Capital,38013861.97,Maranhão
2016,RREO,4,B,Governo do Estado do Maranhão,21,MA,6904241,RREO-Anexo 06,E,,Até o Bimestre / 2016,RREO6OutrasTransferenciasDeCapital,Outras Transferências de Capital,87671375.25,Maranhão
2016,RREO,4,B,Governo do Estado do Maranhão,21,MA,6904241,RREO-Anexo 06,E,,Até o Bimestre / 2015,RREO6OutrasTransferenciasDeCapital,Outras Transferências de Capital,38013861.97,Maranhão
2016,RREO,4,B,Governo do Estado do Maranhão,21,MA,6904241,RREO-Anexo 06,E,,Despesas Empenhadas Até o Bimestre / 2016,RREO6TransferenciasConstitucionaisELegais,Transferências Constitucionais e Legais,1115867510.66,Maranhão
2016,RREO,5,B,Governo do Estado do Maranhão,21,MA,6904241,RREO-Anexo 01,E,,Até o Bimestre (c),TransferenciasCorrentes,TRANSFERÊNCIAS CORRENTES,5314730138.7,Maranhão
2016,RREO,5,B,Governo do Estado do Maranhão,21,MA,6904241,RREO-Anexo 01,E,,Até o Bimestre (c),TransferenciasCorrentesIntergovernamentais,Transferências Intergovernamentais,5313760937.64,Maranhão
2016,RREO,5,B,Governo do Estado do Maranhão,21,MA,6904241,RREO-Anexo 01,E,,Até o Bimestre (c),TransferenciasCorrentesDeInstituicoesPrivadas,Transferências de Instituições Privadas,969201.06,Maranhão
2016,RREO,5,B,Governo do Estado do Maranhão,21,MA,6904241,RREO-Anexo 01,E,,Até o Bimestre (c),TransferenciasDeCapital,TRANSFERÊNCIAS DE CAPITAL,97963558.11,Maranhão
2016,RREO,5,B,Governo do Estado do Maranhão,21,MA,6904241,RREO-Anexo 01,E,,Até o Bimestre (c),TransferenciasDeCapitalIntergovernamentais,Transferências Intergovernamentais,96275477.26,Maranhão
2016,RREO,5,B,Governo do Estado do Maranhão,21,MA,6904241,RREO-Anexo 01,E,,Até o Bimestre (c),TransferenciasDeCapitalDeInstituicoesPrivadas,Transferências de Instituições Privadas,1688080.85,Maranhão
2016,RREO,5,B,Governo do Estado do Maranhão,21,MA,6904241,RREO-Anexo 06,E,,Até o Bimestre / 2016,RREO6TransferenciasCorrentes,Transferências Correntes,5314730138.7,Maranhão
2016,RREO,5,B,Governo do Estado do Maranhão,21,MA,6904241,RREO-Anexo 06,E,,Até o Bimestre / 2015,RREO6TransferenciasCorrentes,Transferências Correntes,5190845499.96,Maranhão
2016,RREO,5,B,Governo do Estado do Maranhão,21,MA,6904241,RREO-Anexo 06,E,,Até o Bimestre / 2016,RREO6CotaParteDoFPE,Cota-Parte do FPE,3654111729.77,Maranhão
2016,RREO,5,B,Governo do Estado do Maranhão,21,MA,6904241,RREO-Anexo 06,E,,Até o Bimestre / 2015,RREO6CotaParteDoFPE,Cota-Parte do FPE,3642215539.77,Maranhão
2016,RREO,5,B,Governo do Estado do Maranhão,21,MA,6904241,RREO-Anexo 06,E,,Até o Bimestre / 2016,RREO6OutrasTransferenciasCorrentes,Outras Transferências Correntes,1660618408.93,Maranhão
2016,RREO,5,B,Governo do Estado do Maranhão,21,MA,6904241,RREO-Anexo 06,E,,Até o Bimestre / 2015,RREO6OutrasTransferenciasCorrentes,Outras Transferências Correntes,1548629960.19,Maranhão
2016,RREO,5,B,Governo do Estado do Maranhão,21,MA,6904241,RREO-Anexo 06,E,,Até o Bimestre / 2016,RREO6TransferenciasDeCapital,Transferências de Capital,97963558.11,Maranhão
2016,RREO,5,B,Governo do Estado do Maranhão,21,MA,6904241,RREO-Anexo 06,E,,Até o Bimestre / 2015,RREO6TransferenciasDeCapital,Transferências de Capital,42343240.92,Maranhão
2016,RREO,5,B,Governo do Estado do Maranhão,21,MA,6904241,RREO-Anexo 06,E,,Até o Bimestre / 2016,RREO6OutrasTransferenciasDeCapital,Outras Transferências de Capital,97963558.11,Maranhão
2016,RREO,5,B,Governo do Estado do Maranhão,21,MA,6904241,RREO-Anexo 06,E,,Até o Bimestre / 2015,RREO6OutrasTransferenciasDeCapital,Outras Transferências de Capital,42343240.92,Maranhão
2016,RREO,5,B,Governo do Estado do Maranhão,21,MA,6904241,RREO-Anexo 06,E,,Despesas Empenhadas Até o Bimestre / 2016,RREO6TransferenciasConstitucionaisELegais,Transferências Constitucionais e Legais,1365867510.66,Maranhão
2016,RREO,6,B,Governo do Estado do Maranhão,21,MA,6904241,RREO-Anexo 01,E,,Até o Bimestre (c),TransferenciasCorrentes,TRANSFERÊNCIAS CORRENTES,7243716809.82,Maranhão
2016,RREO,6,B,Governo do Estado do Maranhão,21,MA,6904241,RREO-Anexo 01,E,,Até o Bimestre (c),TransferenciasCorrentesIntergovernamentais,Transferências Intergovernamentais,7237676453.63,Maranhão
2016,RREO,6,B,Governo do Estado do Maranhão,21,MA,6904241,RREO-Anexo 01,E,,Até o Bimestre (c),TransferenciasCorrentesDeInstituicoesPrivadas,Transferências de Instituições Privadas,6040356.19,Maranhão
2016,RREO,6,B,Governo do Estado do Maranhão,21,MA,6904241,RREO-Anexo 01,E,,Até o Bimestre (c),TransferenciasDeCapital,TRANSFERÊNCIAS DE CAPITAL,94492363.41,Maranhão
2016,RREO,6,B,Governo do Estado do Maranhão,21,MA,6904241,RREO-Anexo 01,E,,Até o Bimestre (c),TransferenciasDeCapitalIntergovernamentais,Transferências Intergovernamentais,92610909.95,Maranhão
2016,RREO,6,B,Governo do Estado do Maranhão,21,MA,6904241,RREO-Anexo 01,E,,Até o Bimestre (c),TransferenciasDeCapitalDeInstituicoesPrivadas,Transferências de Instituições Privadas,1881453.46,Maranhão
2016,RREO,6,B,Governo do Estado do Maranhão,21,MA,6904241,RREO-Anexo 06,E,,Até o Bimestre / 2016,RREO6TransferenciasCorrentes,Transferências Correntes,7243716809.82,Maranhão
2016,RREO,6,B,Governo do Estado do Maranhão,21,MA,6904241,RREO-Anexo 06,E,,Até o Bimestre / 2015,RREO6TransferenciasCorrentes,Transferências Correntes,6246698232.24,Maranhão
2016,RREO,6,B,Governo do Estado do Maranhão,21,MA,6904241,RREO-Anexo 06,E,,Até o Bimestre / 2016,RREO6CotaParteDoFPE,Cota-Parte do FPE,5029231886.62,Maranhão
2016,RREO,6,B,Governo do Estado do Maranhão,21,MA,6904241,RREO-Anexo 06,E,,Até o Bimestre / 2015,RREO6CotaParteDoFPE,Cota-Parte do FPE,4410731481.38,Maranhão
2016,RREO,6,B,Governo do Estado do Maranhão,21,MA,6904241,RREO-Anexo 06,E,,Até o Bimestre / 2016,RREO6OutrasTransferenciasCorrentes,Outras Transferências Correntes,2214484923.2,Maranhão
2016,RREO,6,B,Governo do Estado do Maranhão,21,MA,6904241,RREO-Anexo 06,E,,Até o Bimestre / 2015,RREO6OutrasTransferenciasCorrentes,Outras Transferências Correntes,1835966750.86,Maranhão
2016,RREO,6,B,Governo do Estado do Maranhão,21,MA,6904241,RREO-Anexo 06,E,,Até o Bimestre / 2016,RREO6TransferenciasDeCapital,Transferências de Capital,94492363.41,Maranhão
2016,RREO,6,B,Governo do Estado do Maranhão,21,MA,6904241,RREO-Anexo 06,E,,Até o Bimestre / 2015,RREO6TransferenciasDeCapital,Transferências de Capital,23151269.19,Maranhão
2016,RREO,6,B,Governo do Estado do Maranhão,21,MA,6904241,RREO-Anexo 06,E,,Até o Bimestre / 2016,RREO6OutrasTransferenciasDeCapital,Outras Transferências de Capital,94492363.41,Maranhão
2016,RREO,6,B,Governo do Estado do Maranhão,21,MA,6904241,RREO-Anexo 06,E,,Até o Bimestre / 2015,RREO6OutrasTransferenciasDeCapital,Outras Transferências de Capital,23151269.19,Maranhão
2016,RREO,6,B,Governo do Estado do Maranhão,21,MA,6904241,RREO-Anexo 06,E,,Despesas Empenhadas Até o Bimestre / 2016,RREO6TransferenciasConstitucionaisELegais,Transferências Constitucionais e Legais,1631858990.17,Maranhão
2017,RREO,1,B,Governo do Estado do Maranhão,21,MA,6954036,RREO-Anexo 01,E,,Até o Bimestre (c),TransferenciasCorrentes,TRANSFERÊNCIAS CORRENTES,1407395772.87,Maranhão
2017,RREO,1,B,Governo do Estado do Maranhão,21,MA,6954036,RREO-Anexo 01,E,,Até o Bimestre (c),TransferenciasCorrentesIntergovernamentais,Transferências Intergovernamentais,1395113390.97,Maranhão
2017,RREO,1,B,Governo do Estado do Maranhão,21,MA,6954036,RREO-Anexo 01,E,,Até o Bimestre (c),TransferenciasCorrentesDeInstituicoesPrivadas,Transferências de Instituições Privadas,12282381.9,Maranhão
2017,RREO,1,B,Governo do Estado do Maranhão,21,MA,6954036,RREO-Anexo 01,E,,Até o Bimestre (c),TransferenciasDeCapital,TRANSFERÊNCIAS DE CAPITAL,2200414.92,Maranhão
2017,RREO,1,B,Governo do Estado do Maranhão,21,MA,6954036,RREO-Anexo 01,E,,Até o Bimestre (c),TransferenciasDeCapitalIntergovernamentais,Transferências Intergovernamentais,1952380.96,Maranhão
2017,RREO,1,B,Governo do Estado do Maranhão,21,MA,6954036,RREO-Anexo 01,E,,Até o Bimestre (c),TransferenciasDeCapitalDeInstituicoesPrivadas,Transferências de Instituições Privadas,248033.96,Maranhão
2017,RREO,1,B,Governo do Estado do Maranhão,21,MA,6954036,RREO-Anexo 06,E,,Até o Bimestre / 2017,RREO6TransferenciasCorrentes,Transferências Correntes,1407395772.87,Maranhão
2017,RREO,1,B,Governo do Estado do Maranhão,21,MA,6954036,RREO-Anexo 06,E,,Até o Bimestre / 2016,RREO6TransferenciasCorrentes,Transferências Correntes,1264500178.21,Maranhão
2017,RREO,1,B,Governo do Estado do Maranhão,21,MA,6954036,RREO-Anexo 06,E,,Até o Bimestre / 2017,RREO6CotaParteDoFPE,Cota-Parte do FPE,959035475.4,Maranhão
2017,RREO,1,B,Governo do Estado do Maranhão,21,MA,6954036,RREO-Anexo 06,E,,Até o Bimestre / 2016,RREO6CotaParteDoFPE,Cota-Parte do FPE,881869255.32,Maranhão
2017,RREO,1,B,Governo do Estado do Maranhão,21,MA,6954036,RREO-Anexo 06,E,,Até o Bimestre / 2017,RREO6OutrasTransferenciasCorrentes,Outras Transferências Correntes,448360297.47,Maranhão
2017,RREO,1,B,Governo do Estado do Maranhão,21,MA,6954036,RREO-Anexo 06,E,,Até o Bimestre / 2016,RREO6OutrasTransferenciasCorrentes,Outras Transferências Correntes,382630922.89,Maranhão
2017,RREO,1,B,Governo do Estado do Maranhão,21,MA,6954036,RREO-Anexo 06,E,,Até o Bimestre / 2017,RREO6TransferenciasDeCapital,Transferências de Capital,2200414.92,Maranhão
2017,RREO,1,B,Governo do Estado do Maranhão,21,MA,6954036,RREO-Anexo 06,E,,Até o Bimestre / 2016,RREO6TransferenciasDeCapital,Transferências de Capital,20128255.4,Maranhão
2017,RREO,1,B,Governo do Estado do Maranhão,21,MA,6954036,RREO-Anexo 06,E,,Até o Bimestre / 2017,RREO6OutrasTransferenciasDeCapital,Outras Transferências de Capital,2200414.92,Maranhão
2017,RREO,1,B,Governo do Estado do Maranhão,21,MA,6954036,RREO-Anexo 06,E,,Até o Bimestre / 2016,RREO6OutrasTransferenciasDeCapital,Outras Transferências de Capital,20128255.4,Maranhão
2017,RREO,2,B,Governo do Estado do Maranhão,21,MA,6954036,RREO-Anexo 01,E,,Até o Bimestre (c),TransferenciasCorrentes,TRANSFERÊNCIAS CORRENTES,2467544199.02,Maranhão
2017,RREO,2,B,Governo do Estado do Maranhão,21,MA,6954036,RREO-Anexo 01,E,,Até o Bimestre (c),TransferenciasCorrentesIntergovernamentais,Transferências Intergovernamentais,2449873152.02,Maranhão
2017,RREO,2,B,Governo do Estado do Maranhão,21,MA,6954036,RREO-Anexo 01,E,,Até o Bimestre (c),TransferenciasCorrentesDeInstituicoesPrivadas,Transferências de Instituições Privadas,17671047.0,Maranhão
2017,RREO,2,B,Governo do Estado do Maranhão,21,MA,6954036,RREO-Anexo 01,E,,Até o Bimestre (c),TransferenciasDeCapital,TRANSFERÊNCIAS DE CAPITAL,5019364.68,Maranhão
2017,RREO,2,B,Governo do Estado do Maranhão,21,MA,6954036,RREO-Anexo 01,E,,Até o Bimestre (c),TransferenciasDeCapitalIntergovernamentais,Transferências Intergovernamentais,4403499.98,Maranhão
2017,RREO,2,B,Governo do Estado do Maranhão,21,MA,6954036,RREO-Anexo 01,E,,Até o Bimestre (c),TransferenciasDeCapitalDeInstituicoesPrivadas,Transferências de Instituições Privadas,615864.7,Maranhão
2017,RREO,2,B,Governo do Estado do Maranhão,21,MA,6954036,RREO-Anexo 06,E,,Até o Bimestre / 2017,RREO6TransferenciasCorrentes,Transferências Correntes,2467544199.02,Maranhão
2017,RREO,2,B,Governo do Estado do Maranhão,21,MA,6954036,RREO-Anexo 06,E,,Até o Bimestre / 2016,RREO6TransferenciasCorrentes,Transferências Correntes,2206357588.08,Maranhão
2017,RREO,2,B,Governo do Estado do Maranhão,21,MA,6954036,RREO-Anexo 06,E,,Até o Bimestre / 2017,RREO6CotaParteDoFPE,Cota-Parte do FPE,1702441341.51,Maranhão
2017,RREO,2,B,Governo do Estado do Maranhão,21,MA,6954036,RREO-Anexo 06,E,,Até o Bimestre / 2016,RREO6CotaParteDoFPE,Cota-Parte do FPE,1533738422.26,Maranhão
2017,RREO,2,B,Governo do Estado do Maranhão,21,MA,6954036,RREO-Anexo 06,E,,Até o Bimestre / 2017,RREO6OutrasTransferenciasCorrentes,Outras Transferências Correntes,765102857.51,Maranhão
2017,RREO,2,B,Governo do Estado do Maranhão,21,MA,6954036,RREO-Anexo 06,E,,Até o Bimestre / 2016,RREO6OutrasTransferenciasCorrentes,Outras Transferências Correntes,672619165.82,Maranhão
2017,RREO,2,B,Governo do Estado do Maranhão,21,MA,6954036,RREO-Anexo 06,E,,Até o Bimestre / 2017,RREO6TransferenciasDeCapital,Transferências de Capital,5019314.68,Maranhão
2017,RREO,2,B,Governo do Estado do Maranhão,21,MA,6954036,RREO-Anexo 06,E,,Até o Bimestre / 2016,RREO6TransferenciasDeCapital,Transferências de Capital,34387403.34,Maranhão
2017,RREO,2,B,Governo do Estado do Maranhão,21,MA,6954036,RREO-Anexo 06,E,,Até o Bimestre / 2017,RREO6OutrasTransferenciasDeCapital,Outras Transferências de Capital,5019314.68,Maranhão
2017,RREO,2,B,Governo do Estado do Maranhão,21,MA,6954036,RREO-Anexo 06,E,,Até o Bimestre / 2016,RREO6OutrasTransferenciasDeCapital,Outras Transferências de Capital,34387403.34,Maranhão
2017,RREO,3,B,Governo do Estado do Maranhão,21,MA,6954036,RREO-Anexo 01,E,,Até o Bimestre (c),TransferenciasCorrentes,TRANSFERÊNCIAS CORRENTES,3671576878.96,Maranhão
2017,RREO,3,B,Governo do Estado do Maranhão,21,MA,6954036,RREO-Anexo 01,E,,Até o Bimestre (c),TransferenciasCorrentesIntergovernamentais,Transferências Intergovernamentais,3647595580.48,Maranhão
2017,RREO,3,B,Governo do Estado do Maranhão,21,MA,6954036,RREO-Anexo 01,E,,Até o Bimestre (c),TransferenciasCorrentesDeInstituicoesPrivadas,Transferências de Instituições Privadas,23981298.48,Maranhão
2017,RREO,3,B,Governo do Estado do Maranhão,21,MA,6954036,RREO-Anexo 01,E,,Até o Bimestre (c),TransferenciasDeCapital,TRANSFERÊNCIAS DE CAPITAL,5828999.67,Maranhão
2017,RREO,3,B,Governo do Estado do Maranhão,21,MA,6954036,RREO-Anexo 01,E,,Até o Bimestre (c),TransferenciasDeCapitalIntergovernamentais,Transferências Intergovernamentais,4871657.29,Maranhão
2017,RREO,3,B,Governo do Estado do Maranhão,21,MA,6954036,RREO-Anexo 01,E,,Até o Bimestre (c),TransferenciasDeCapitalDeInstituicoesPrivadas,Transferências de Instituições Privadas,957342.38,Maranhão
2017,RREO,3,B,Governo do Estado do Maranhão,21,MA,6954036,RREO-Anexo 06,E,,Até o Bimestre / 2017,RREO6TransferenciasCorrentes,Transferências Correntes,3671576878.96,Maranhão
2017,RREO,3,B,Governo do Estado do Maranhão,21,MA,6954036,RREO-Anexo 06,E,,Até o Bimestre / 2016,RREO6TransferenciasCorrentes,Transferências Correntes,3441774231.91,Maranhão
2017,RREO,3,B,Governo do Estado do Maranhão,21,MA,6954036,RREO-Anexo 06,E,,Até o Bimestre / 2017,RREO6CotaParteDoFPE,Cota-Parte do FPE,2587887490.12,Maranhão
2017,RREO,3,B,Governo do Estado do Maranhão,21,MA,6954036,RREO-Anexo 06,E,,Até o Bimestre / 2016,RREO6CotaParteDoFPE,Cota-Parte do FPE,2393483151.7,Maranhão
2017,RREO,3,B,Governo do Estado do Maranhão,21,MA,6954036,RREO-Anexo 06,E,,Até o Bimestre / 2017,RREO6OutrasTransferenciasCorrentes,Outras Transferências Correntes,1083689388.84,Maranhão
2017,RREO,3,B,Governo do Estado do Maranhão,21,MA,6954036,RREO-Anexo 06,E,,Até o Bimestre / 2016,RREO6OutrasTransferenciasCorrentes,Outras Transferências Correntes,1048291080.21,Maranhão
2017,RREO,3,B,Governo do Estado do Maranhão,21,MA,6954036,RREO-Anexo 06,E,,Até o Bimestre / 2017,RREO6TransferenciasDeCapital,Transferências de Capital,5828999.67,Maranhão
2017,RREO,3,B,Governo do Estado do Maranhão,21,MA,6954036,RREO-Anexo 06,E,,Até o Bimestre / 2016,RREO6TransferenciasDeCapital,Transferências de Capital,35625411.06,Maranhão
2017,RREO,3,B,Governo do Estado do Maranhão,21,MA,6954036,RREO-Anexo 06,E,,Até o Bimestre / 2017,RREO6OutrasTransferenciasDeCapital,Outras Transferências de Capital,5828999.67,Maranhão
2017,RREO,3,B,Governo do Estado do Maranhão,21,MA,6954036,RREO-Anexo 06,E,,Até o Bimestre / 2016,RREO6OutrasTransferenciasDeCapital,Outras Transferências de Capital,35625411.06,Maranhão
2017,RREO,4,B,Governo do Estado do Maranhão,21,MA,6954036,RREO-Anexo 01,E,,Até o Bimestre (c),TransferenciasCorrentes,TRANSFERÊNCIAS CORRENTES,4637580560.16,Maranhão
2017,RREO,4,B,Governo do Estado do Maranhão,21,MA,6954036,RREO-Anexo 01,E,,Até o Bimestre (c),TransferenciasCorrentesIntergovernamentais,Transferências Intergovernamentais,4591151675.87,Maranhão
2017,RREO,4,B,Governo do Estado do Maranhão,21,MA,6954036,RREO-Anexo 01,E,,Até o Bimestre (c),TransferenciasCorrentesDeInstituicoesPrivadas,Transferências de Instituições Privadas,46428884.29,Maranhão
2017,RREO,4,B,Governo do Estado do Maranhão,21,MA,6954036,RREO-Anexo 01,E,,Até o Bimestre (c),TransferenciasDeCapital,TRANSFERÊNCIAS DE CAPITAL,11630230.16,Maranhão
2017,RREO,4,B,Governo do Estado do Maranhão,21,MA,6954036,RREO-Anexo 01,E,,Até o Bimestre (c),TransferenciasDeCapitalIntergovernamentais,Transferências Intergovernamentais,10518263.13,Maranhão
2017,RREO,4,B,Governo do Estado do Maranhão,21,MA,6954036,RREO-Anexo 01,E,,Até o Bimestre (c),TransferenciasDeCapitalDeInstituicoesPrivadas,Transferências de Instituições Privadas,1111967.03,Maranhão
2017,RREO,4,B,Governo do Estado do Maranhão,21,MA,6954036,RREO-Anexo 06,E,,Até o Bimestre / 2017,RREO6TransferenciasCorrentes,Transferências Correntes,4637580560.16,Maranhão
2017,RREO,4,B,Governo do Estado do Maranhão,21,MA,6954036,RREO-Anexo 06,E,,Até o Bimestre / 2016,RREO6TransferenciasCorrentes,Transferências Correntes,4401380633.27,Maranhão
2017,RREO,4,B,Governo do Estado do Maranhão,21,MA,6954036,RREO-Anexo 06,E,,Até o Bimestre / 2017,RREO6CotaParteDoFPE,Cota-Parte do FPE,3286885490.01,Maranhão
2017,RREO,4,B,Governo do Estado do Maranhão,21,MA,6954036,RREO-Anexo 06,E,,Até o Bimestre / 2016,RREO6CotaParteDoFPE,Cota-Parte do FPE,3025194459.05,Maranhão
2017,RREO,4,B,Governo do Estado do Maranhão,21,MA,6954036,RREO-Anexo 06,E,,Até o Bimestre / 2017,RREO6OutrasTransferenciasCorrentes,Outras Transferências Correntes,1350695070.15,Maranhão
2017,RREO,4,B,Governo do Estado do Maranhão,21,MA,6954036,RREO-Anexo 06,E,,Até o Bimestre / 2016,RREO6OutrasTransferenciasCorrentes,Outras Transferências Correntes,1376186174.22,Maranhão
2017,RREO,4,B,Governo do Estado do Maranhão,21,MA,6954036,RREO-Anexo 06,E,,Até o Bimestre / 2017,RREO6TransferenciasDeCapital,Transferências de Capital,11630230.16,Maranhão
2017,RREO,4,B,Governo do Estado do Maranhão,21,MA,6954036,RREO-Anexo 06,E,,Até o Bimestre / 2016,RREO6TransferenciasDeCapital,Transferências de Capital,87671375.25,Maranhão
2017,RREO,4,B,Governo do Estado do Maranhão,21,MA,6954036,RREO-Anexo 06,E,,Até o Bimestre / 2017,RREO6OutrasTransferenciasDeCapital,Outras Transferências de Capital,11630230.16,Maranhão
2017,RREO,4,B,Governo do Estado do Maranhão,21,MA,6954036,RREO-Anexo 06,E,,Até o Bimestre / 2016,RREO6OutrasTransferenciasDeCapital,Outras Transferências de Capital,87671375.25,Maranhão
2017,RREO,5,B,Governo do Estado do Maranhão,21,MA,6954036,RREO-Anexo 01,E,,Até o Bimestre (c),TransferenciasCorrentes,TRANSFERÊNCIAS CORRENTES,5682346132.5,Maranhão
2017,RREO,5,B,Governo do Estado do Maranhão,21,MA,6954036,RREO-Anexo 01,E,,Até o Bimestre (c),TransferenciasCorrentesIntergovernamentais,Transferências Intergovernamentais,5597972852.69,Maranhão
2017,RREO,5,B,Governo do Estado do Maranhão,21,MA,6954036,RREO-Anexo 01,E,,Até o Bimestre (c),TransferenciasCorrentesDeInstituicoesPrivadas,Transferências de Instituições Privadas,48055971.45,Maranhão
2017,RREO,5,B,Governo do Estado do Maranhão,21,MA,6954036,RREO-Anexo 01,E,,Até o Bimestre (c),TransferenciasCorrentesDeConvenios,Transferências de Convênios,36317308.36,Maranhão
2017,RREO,5,B,Governo do Estado do Maranhão,21,MA,6954036,RREO-Anexo 01,E,,Até o Bimestre (c),TransferenciasDeCapital,TRANSFERÊNCIAS DE CAPITAL,13897050.15,Maranhão
2017,RREO,5,B,Governo do Estado do Maranhão,21,MA,6954036,RREO-Anexo 01,E,,Até o Bimestre (c),TransferenciasDeCapitalIntergovernamentais,Transferências Intergovernamentais,640392.12,Maranhão
2017,RREO,5,B,Governo do Estado do Maranhão,21,MA,6954036,RREO-Anexo 01,E,,Até o Bimestre (c),TransferenciasDeCapitalDeInstituicoesPrivadas,Transferências de Instituições Privadas,1436681.54,Maranhão
2017,RREO,5,B,Governo do Estado do Maranhão,21,MA,6954036,RREO-Anexo 01,E,,Até o Bimestre (c),TransferenciasDeCapitalDeConvenios,Transferências de Convênios,11819976.49,Maranhão
2017,RREO,5,B,Governo do Estado do Maranhão,21,MA,6954036,RREO-Anexo 06,E,,Até o Bimestre / 2017,RREO6TransferenciasCorrentes,Transferências Correntes,5682346132.5,Maranhão
2017,RREO,5,B,Governo do Estado do Maranhão,21,MA,6954036,RREO-Anexo 06,E,,Até o Bimestre / 2016,RREO6TransferenciasCorrentes,Transferências Correntes,5314730138.7,Maranhão
2017,RREO,5,B,Governo do Estado do Maranhão,21,MA,6954036,RREO-Anexo 06,E,,Até o Bimestre / 2017,RREO6CotaParteDoFPE,Cota-Parte do FPE,3951414780.88,Maranhão
2017,RREO,5,B,Governo do Estado do Maranhão,21,MA,6954036,RREO-Anexo 06,E,,Até o Bimestre / 2016,RREO6CotaParteDoFPE,Cota-Parte do FPE,3654111729.77,Maranhão
2017,RREO,5,B,Governo do Estado do Maranhão,21,MA,6954036,RREO-Anexo 06,E,,Até o Bimestre / 2017,RREO6OutrasTransferenciasCorrentes,Outras Transferências Correntes,1694614043.26,Maranhão
2017,RREO,5,B,Governo do Estado do Maranhão,21,MA,6954036,RREO-Anexo 06,E,,Até o Bimestre / 2016,RREO6OutrasTransferenciasCorrentes,Outras Transferências Correntes,1600253455.48,Maranhão
2017,RREO,5,B,Governo do Estado do Maranhão,21,MA,6954036,RREO-Anexo 06,E,,Até o Bimestre / 2017,RREO6TransferenciasDeCapital,Transferências de Capital,13897050.15,Maranhão
2017,RREO,5,B,Governo do Estado do Maranhão,21,MA,6954036,RREO-Anexo 06,E,,Até o Bimestre / 2016,RREO6TransferenciasDeCapital,Transferências de Capital,97963558.11,Maranhão
2017,RREO,5,B,Governo do Estado do Maranhão,21,MA,6954036,RREO-Anexo 06,E,,Até o Bimestre / 2017,RREO6OutrasTransferenciasDeCapital,Outras Transferências de Capital,2077073.66,Maranhão
2017,RREO,5,B,Governo do Estado do Maranhão,21,MA,6954036,RREO-Anexo 06,E,,Até o Bimestre / 2016,RREO6OutrasTransferenciasDeCapital,Outras Transferências de Capital,7953494.52,Maranhão
2017,RREO,5,B,Governo do Estado do Maranhão,21,MA,6954036,RREO-Anexo 06,E,,Despesas Empenhadas Até o Bimestre / 2017,RREO6TransferenciasConstitucionaisELegais,Transferências Constitucionais e Legais,1433932526.0,Maranhão
2017,RREO,5,B,Governo do Estado do Maranhão,21,MA,6954036,RREO-Anexo 06,E,,Despesas Empenhadas Até o Bimestre / 2016,RREO6TransferenciasConstitucionaisELegais,Transferências Constitucionais e Legais,1365867510.66,Maranhão
2017,RREO,5,B,Governo do Estado do Maranhão,21,MA,6954036,RREO-Anexo 06,E,,Despesas Liquidadas Até o Bimestre / 2017,RREO6TransferenciasConstitucionaisELegais,Transferências Constitucionais e Legais,1414019155.82,Maranhão
2017,RREO,5,B,Governo do Estado do Maranhão,21,MA,6954036,RREO-Anexo 06,E,,Despesas Liquidadas Até o Bimestre / 2016,RREO6TransferenciasConstitucionaisELegais,Transferências Constitucionais e Legais,1338673036.0,Maranhão
2017,RREO,6,B,Governo do Estado do Maranhão,21,MA,6954036,RREO-Anexo 01,E,Padrão,Até o Bimestre (c),TransferenciasCorrentes,TRANSFERÊNCIAS CORRENTES,6910809831.51,Maranhão
2017,RREO,6,B,Governo do Estado do Maranhão,21,MA,6954036,RREO-Anexo 01,E,Padrão,Até o Bimestre (c),TransferenciasCorrentesIntergovernamentais,Transferências Intergovernamentais,6818612043.81,Maranhão
2017,RREO,6,B,Governo do Estado do Maranhão,21,MA,6954036,RREO-Anexo 01,E,Padrão,Até o Bimestre (c),TransferenciasCorrentesDeInstituicoesPrivadas,Transferências de Instituições Privadas,50244355.1,Maranhão
2017,RREO,6,B,Governo do Estado do Maranhão,21,MA,6954036,RREO-Anexo 01,E,Padrão,Até o Bimestre (c),TransferenciasCorrentesDeConvenios,Transferências de Convênios,41953432.6,Maranhão
2017,RREO,6,B,Governo do Estado do Maranhão,21,MA,6954036,RREO-Anexo 01,E,Padrão,Até o Bimestre (c),TransferenciasDeCapital,TRANSFERÊNCIAS DE CAPITAL,20022423.06,Maranhão
2017,RREO,6,B,Governo do Estado do Maranhão,21,MA,6954036,RREO-Anexo 01,E,Padrão,Até o Bimestre (c),TransferenciasDeCapitalIntergovernamentais,Transferências Intergovernamentais,640392.12,Maranhão
2017,RREO,6,B,Governo do Estado do Maranhão,21,MA,6954036,RREO-Anexo 01,E,Padrão,Até o Bimestre (c),TransferenciasDeCapitalDeInstituicoesPrivadas,Transferências de Instituições Privadas,1631392.16,Maranhão
2017,RREO,6,B,Governo do Estado do Maranhão,21,MA,6954036,RREO-Anexo 01,E,Padrão,Até o Bimestre (c),TransferenciasDeCapitalDeConvenios,Transferências de Convênios,17750638.78,Maranhão
2017,RREO,6,B,Governo do Estado do Maranhão,21,MA,6954036,RREO-Anexo 06,E,Padrão,Até o Bimestre / 2017,RREO6TransferenciasCorrentes,Transferências Correntes,6910809831.51,Maranhão
2017,RREO,6,B,Governo do Estado do Maranhão,21,MA,6954036,RREO-Anexo 06,E,Padrão,Até o Bimestre / 2016,RREO6TransferenciasCorrentes,Transferências Correntes,7243716809.82,Maranhão
2017,RREO,6,B,Governo do Estado do Maranhão,21,MA,6954036,RREO-Anexo 06,E,Padrão,Até o Bimestre / 2017,RREO6CotaParteDoFPE,Cota-Parte do FPE,4801528741.61,Maranhão
2017,RREO,6,B,Governo do Estado do Maranhão,21,MA,6954036,RREO-Anexo 06,E,Padrão,Até o Bimestre / 2016,RREO6CotaParteDoFPE,Cota-Parte do FPE,5029231886.62,Maranhão
2017,RREO,6,B,Governo do Estado do Maranhão,21,MA,6954036,RREO-Anexo 06,E,Padrão,Até o Bimestre / 2017,RREO6OutrasTransferenciasCorrentes,Outras Transferências Correntes,2065225919.94,Maranhão
2017,RREO,6,B,Governo do Estado do Maranhão,21,MA,6954036,RREO-Anexo 06,E,Padrão,Até o Bimestre / 2016,RREO6OutrasTransferenciasCorrentes,Outras Transferências Correntes,2060344582.69,Maranhão
2017,RREO,6,B,Governo do Estado do Maranhão,21,MA,6954036,RREO-Anexo 06,E,Padrão,Até o Bimestre / 2017,RREO6TransferenciasDeCapital,Transferências de Capital,20022423.06,Maranhão
2017,RREO,6,B,Governo do Estado do Maranhão,21,MA,6954036,RREO-Anexo 06,E,Padrão,Até o Bimestre / 2016,RREO6TransferenciasDeCapital,Transferências de Capital,94492363.41,Maranhão
2017,RREO,6,B,Governo do Estado do Maranhão,21,MA,6954036,RREO-Anexo 06,E,Padrão,Até o Bimestre / 2017,RREO6OutrasTransferenciasDeCapital,Outras Transferências de Capital,2271784.28,Maranhão
2017,RREO,6,B,Governo do Estado do Maranhão,21,MA,6954036,RREO-Anexo 06,E,Padrão,Até o Bimestre / 2016,RREO6OutrasTransferenciasDeCapital,Outras Transferências de Capital,1881453.46,Maranhão
2017,RREO,6,B,Governo do Estado do Maranhão,21,MA,6954036,RREO-Anexo 06,E,Padrão,Despesas Empenhadas Até o Bimestre / 2017,RREO6TransferenciasConstitucionaisELegais,Transferências Constitucionais e Legais,1713593296.98,Maranhão
2017,RREO,6,B,Governo do Estado do Maranhão,21,MA,6954036,RREO-Anexo 06,E,Padrão,Despesas Empenhadas Até o Bimestre / 2016,RREO6TransferenciasConstitucionaisELegais,Transferências Constitucionais e Legais,1631858990.17,Maranhão
2017,RREO,6,B,Governo do Estado do Maranhão,21,MA,6954036,RREO-Anexo 06,E,Padrão,Despesas Liquidadas Até o Bimestre / 2017,RREO6TransferenciasConstitucionaisELegais,Transferências Constitucionais e Legais,1713593296.98,Maranhão
2017,RREO,6,B,Governo do Estado do Maranhão,21,MA,6954036,RREO-Anexo 06,E,Padrão,Despesas Liquidadas Até o Bimestre / 2016,RREO6TransferenciasConstitucionaisELegais,Transferências Constitucionais e Legais,1631858990.17,Maranhão
2018,RREO,1,B,Governo do Estado do Maranhão,21,MA,6954036,RREO-Anexo 01,E,Padrão,Até o Bimestre (c),TransferenciasCorrentes,TRANSFERÊNCIAS CORRENTES,1493227297.6,Maranhão
2018,RREO,1,B,Governo do Estado do Maranhão,21,MA,6954036,RREO-Anexo 01,E,Padrão,Até o Bimestre (c),TransferenciasCorrentesDaUniaoEDeSuasEntidades,Transferências da União e de suas Entidades,1490738375.43,Maranhão
2018,RREO,1,B,Governo do Estado do Maranhão,21,MA,6954036,RREO-Anexo 01,E,Padrão,Até o Bimestre (c),TransferenciasCorrentesDeInstituicoesPrivadas,Transferências de Instituições Privadas,2488922.17,Maranhão
2018,RREO,1,B,Governo do Estado do Maranhão,21,MA,6954036,RREO-Anexo 01,E,Padrão,Até o Bimestre (c),TransferenciasDeCapital,TRANSFERÊNCIAS DE CAPITAL,251516.47,Maranhão
2018,RREO,1,B,Governo do Estado do Maranhão,21,MA,6954036,RREO-Anexo 01,E,Padrão,Até o Bimestre (c),TransferenciasDeCapitalDeInstituicoesPrivadas,Transferências de Instituições Privadas,251516.47,Maranhão
2018,RREO,2,B,Governo do Estado do Maranhão,21,MA,6954036,RREO-Anexo 01,E,Padrão,Até o Bimestre (c),TransferenciasCorrentes,TRANSFERÊNCIAS CORRENTES,2585581723.84,Maranhão
2018,RREO,2,B,Governo do Estado do Maranhão,21,MA,6954036,RREO-Anexo 01,E,Padrão,Até o Bimestre (c),TransferenciasCorrentesDaUniaoEDeSuasEntidades,Transferências da União e de suas Entidades,2581169105.57,Maranhão
2018,RREO,2,B,Governo do Estado do Maranhão,21,MA,6954036,RREO-Anexo 01,E,Padrão,Até o Bimestre (c),TransferenciasCorrentesDeInstituicoesPrivadas,Transferências de Instituições Privadas,4412618.27,Maranhão
2018,RREO,2,B,Governo do Estado do Maranhão,21,MA,6954036,RREO-Anexo 01,E,Padrão,Até o Bimestre (c),TransferenciasDeCapital,TRANSFERÊNCIAS DE CAPITAL,488734.73,Maranhão
2018,RREO,2,B,Governo do Estado do Maranhão,21,MA,6954036,RREO-Anexo 01,E,Padrão,Até o Bimestre (c),TransferenciasDeCapitalDaUniaoEDeSuasEntidades,Transferências da União e de suas Entidades,2363.25,Maranhão
2018,RREO,2,B,Governo do Estado do Maranhão,21,MA,6954036,RREO-Anexo 01,E,Padrão,Até o Bimestre (c),TransferenciasDeCapitalDeInstituicoesPrivadas,Transferências de Instituições Privadas,486371.48,Maranhão
2018,RREO,3,B,Governo do Estado do Maranhão,21,MA,6954036,RREO-Anexo 01,E,Padrão,Até o Bimestre (c),TransferenciasCorrentes,TRANSFERÊNCIAS CORRENTES,3829845198.27,Maranhão
2018,RREO,3,B,Governo do Estado do Maranhão,21,MA,6954036,RREO-Anexo 01,E,Padrão,Até o Bimestre (c),TransferenciasCorrentesDaUniaoEDeSuasEntidades,Transferências da União e de suas Entidades,3825140612.71,Maranhão
2018,RREO,3,B,Governo do Estado do Maranhão,21,MA,6954036,RREO-Anexo 01,E,Padrão,Até o Bimestre (c),TransferenciasCorrentesDeInstituicoesPrivadas,Transferências de Instituições Privadas,4704585.56,Maranhão
2018,RREO,3,B,Governo do Estado do Maranhão,21,MA,6954036,RREO-Anexo 01,E,Padrão,Até o Bimestre (c),TransferenciasDeCapital,TRANSFERÊNCIAS DE CAPITAL,10304695.29,Maranhão
2018,RREO,3,B,Governo do Estado do Maranhão,21,MA,6954036,RREO-Anexo 01,E,Padrão,Até o Bimestre (c),TransferenciasDeCapitalDaUniaoEDeSuasEntidades,Transferências da União e de suas Entidades,9572797.35,Maranhão
2018,RREO,3,B,Governo do Estado do Maranhão,21,MA,6954036,RREO-Anexo 01,E,Padrão,Até o Bimestre (c),TransferenciasDeCapitalDeInstituicoesPrivadas,Transferências de Instituições Privadas,731897.94,Maranhão
2018,RREO,4,B,Governo do Estado do Maranhão,21,MA,6954036,RREO-Anexo 01,E,Padrão,Até o Bimestre (c),TransferenciasCorrentes,TRANSFERÊNCIAS CORRENTES,4904756175.72,Maranhão
2018,RREO,4,B,Governo do Estado do Maranhão,21,MA,6954036,RREO-Anexo 01,E,Padrão,Até o Bimestre (c),TransferenciasCorrentesDaUniaoEDeSuasEntidades,Transferências da União e de suas Entidades,4898833174.24,Maranhão
2018,RREO,4,B,Governo do Estado do Maranhão,21,MA,6954036,RREO-Anexo 01,E,Padrão,Até o Bimestre (c),TransferenciasCorrentesDeOutrasInstituicoesPublicas,Transferências de Outras Instituições Públicas,5923001.48,Maranhão
2018,RREO,4,B,Governo do Estado do Maranhão,21,MA,6954036,RREO-Anexo 01,E,Padrão,Até o Bimestre (c),TransferenciasDeCapital,TRANSFERÊNCIAS DE CAPITAL,11027262.74,Maranhão
2018,RREO,4,B,Governo do Estado do Maranhão,21,MA,6954036,RREO-Anexo 01,E,Padrão,Até o Bimestre (c),TransferenciasDeCapitalDaUniaoEDeSuasEntidades,Transferências da União e de suas Entidades,9872797.35,Maranhão
2018,RREO,4,B,Governo do Estado do Maranhão,21,MA,6954036,RREO-Anexo 01,E,Padrão,Até o Bimestre (c),TransferenciasDeCapitalDeInstituicoesPrivadas,Transferências de Instituições Privadas,1154465.39,Maranhão
2018,RREO,5,B,Governo do Estado do Maranhão,21,MA,6954036,RREO-Anexo 01,E,Padrão,Até o Bimestre (c),TransferenciasCorrentes,TRANSFERÊNCIAS CORRENTES,5936940389.26,Maranhão
2018,RREO,5,B,Governo do Estado do Maranhão,21,MA,6954036,RREO-Anexo 01,E,Padrão,Até o Bimestre (c),TransferenciasCorrentesDaUniaoEDeSuasEntidades,Transferências da União e de suas Entidades,5930819378.6,Maranhão
2018,RREO,5,B,Governo do Estado do Maranhão,21,MA,6954036,RREO-Anexo 01,E,Padrão,Até o Bimestre (c),TransferenciasCorrentesDeInstituicoesPrivadas,Transferências de Instituições Privadas,6121010.66,Maranhão
2018,RREO,5,B,Governo do Estado do Maranhão,21,MA,6954036,RREO-Anexo 01,E,Padrão,Até o Bimestre (c),TransferenciasDeCapital,TRANSFERÊNCIAS DE CAPITAL,11218521.23,Maranhão
2018,RREO,5,B,Governo do Estado do Maranhão,21,MA,6954036,RREO-Anexo 01,E,Padrão,Até o Bimestre (c),TransferenciasDeCapitalDaUniaoEDeSuasEntidades,Transferências da União e de suas Entidades,9889940.26,Maranhão
2018,RREO,5,B,Governo do Estado do Maranhão,21,MA,6954036,RREO-Anexo 01,E,Padrão,Até o Bimestre (c),TransferenciasDeCapitalDeInstituicoesPrivadas,Transferências de Instituições Privadas,1328580.97,Maranhão
2018,RREO,6,B,Governo do Estado do Maranhão,21,MA,6954036,RREO-Anexo 01,E,Padrão,Até o Bimestre (c),TransferenciasCorrentes,TRANSFERÊNCIAS CORRENTES,7310509540.02,Maranhão
2018,RREO,6,B,Governo do Estado do Maranhão,21,MA,6954036,RREO-Anexo 01,E,Padrão,Até o Bimestre (c),TransferenciasCorrentesDaUniaoEDeSuasEntidades,Transferências da União e de suas Entidades,7302064594.28,Maranhão
2018,RREO,6,B,Governo do Estado do Maranhão,21,MA,6954036,RREO-Anexo 01,E,Padrão,Até o Bimestre (c),TransferenciasCorrentesDeInstituicoesPrivadas,Transferências de Instituições Privadas,8411599.02,Maranhão
2018,RREO,6,B,Governo do Estado do Maranhão,21,MA,6954036,RREO-Anexo 01,E,Padrão,Até o Bimestre (c),TransferenciasCorrentesDePessoasFisicas,Transferências de Pessoas Físicas,33346.72,Maranhão
2018,RREO,6,B,Governo do Estado do Maranhão,21,MA,6954036,RREO-Anexo 01,E,Padrão,Até o Bimestre (c),TransferenciasDeCapital,TRANSFERÊNCIAS DE CAPITAL,14594641.52,Maranhão
2018,RREO,6,B,Governo do Estado do Maranhão,21,MA,6954036,RREO-Anexo 01,E,Padrão,Até o Bimestre (c),TransferenciasDeCapitalDaUniaoEDeSuasEntidades,Transferências da União e de suas Entidades,13058703.26,Maranhão
2018,RREO,6,B,Governo do Estado do Maranhão,21,MA,6954036,RREO-Anexo 01,E,Padrão,Até o Bimestre (c),TransferenciasDeCapitalDeInstituicoesPrivadas,Transferências de Instituições Privadas,1535938.26,Maranhão
2019,RREO,1,B,Governo do Estado do Maranhão,21,MA,7035055,RREO-Anexo 01,E,Padrão,Até o Bimestre (c),TransferenciasCorrentes,TRANSFERÊNCIAS CORRENTES,1172063539.6,Maranhão
2019,RREO,1,B,Governo do Estado do Maranhão,21,MA,7035055,RREO-Anexo 01,E,Padrão,Até o Bimestre (c),TransferenciasCorrentesDaUniaoEDeSuasEntidades,Transferências da União e de suas Entidades,1172063539.6,Maranhão
2019,RREO,2,B,Governo do Estado do Maranhão,21,MA,7035055,RREO-Anexo 01,E,Padrão,Até o Bimestre (c),TransferenciasCorrentes,TRANSFERÊNCIAS CORRENTES,2630569833.56,Maranhão
2019,RREO,2,B,Governo do Estado do Maranhão,21,MA,7035055,RREO-Anexo 01,E,Padrão,Até o Bimestre (c),TransferenciasCorrentesDaUniaoEDeSuasEntidades,Transferências da União e de suas Entidades,2419992104.26,Maranhão
2019,RREO,2,B,Governo do Estado do Maranhão,21,MA,7035055,RREO-Anexo 01,E,Padrão,Até o Bimestre (c),TransferenciasCorrentesDeInstituicoesPrivadas,Transferências de Instituições Privadas,2300159.03,Maranhão
2019,RREO,2,B,Governo do Estado do Maranhão,21,MA,7035055,RREO-Anexo 01,E,Padrão,Até o Bimestre (c),TransferenciasCorrentesDeOutrasInstituicoesPublicas,Transferências de Outras Instituições Públicas,208277570.27,Maranhão
2019,RREO,2,B,Governo do Estado do Maranhão,21,MA,7035055,RREO-Anexo 01,E,Padrão,Até o Bimestre (c),TransferenciasDeCapital,TRANSFERÊNCIAS DE CAPITAL,341791.93,Maranhão
2019,RREO,2,B,Governo do Estado do Maranhão,21,MA,7035055,RREO-Anexo 01,E,Padrão,Até o Bimestre (c),TransferenciasDeCapitalDosEstadosEDoDistritoFederalEDeSuasEntidades,Transferências dos Estados e do Distrito Federal e de suas Entidades,341791.93,Maranhão
2019,RREO,3,B,Governo do Estado do Maranhão,21,MA,7035055,RREO-Anexo 01,E,Padrão,Até o Bimestre (c),TransferenciasCorrentes,TRANSFERÊNCIAS CORRENTES,4072661230.8,Maranhão
2019,RREO,3,B,Governo do Estado do Maranhão,21,MA,7035055,RREO-Anexo 01,E,Padrão,Até o Bimestre (c),TransferenciasCorrentesDaUniaoEDeSuasEntidades,Transferências da União e de suas Entidades,3674920034.1,Maranhão
2019,RREO,3,B,Governo do Estado do Maranhão,21,MA,7035055,RREO-Anexo 01,E,Padrão,Até o Bimestre (c),TransferenciasCorrentesDeInstituicoesPrivadas,Transferências de Instituições Privadas,2731458.21,Maranhão
2019,RREO,3,B,Governo do Estado do Maranhão,21,MA,7035055,RREO-Anexo 01,E,Padrão,Até o Bimestre (c),TransferenciasCorrentesDeOutrasInstituicoesPublicas,Transferências de Outras Instituições Públicas,395009738.49,Maranhão
2019,RREO,3,B,Governo do Estado do Maranhão,21,MA,7035055,RREO-Anexo 01,E,Padrão,Até o Bimestre (c),TransferenciasDeCapital,TRANSFERÊNCIAS DE CAPITAL,7186702.31,Maranhão
2019,RREO,3,B,Governo do Estado do Maranhão,21,MA,7035055,RREO-Anexo 01,E,Padrão,Até o Bimestre (c),TransferenciasDeCapitalDaUniaoEDeSuasEntidades,Transferências da União e de suas Entidades,2501750.0,Maranhão
2019,RREO,3,B,Governo do Estado do Maranhão,21,MA,7035055,RREO-Anexo 01,E,Padrão,Até o Bimestre (c),TransferenciasdeCapitalDosMunicipiosEDeSuasEntidades,Transferências dos Municípios e de suas Entidades,4684952.31,Maranhão
2019,RREO,4,B,Governo do Estado do Maranhão,21,MA,7035055,RREO-Anexo 01,E,Padrão,Até o Bimestre (c),TransferenciasCorrentes,TRANSFERÊNCIAS CORRENTES,5193933994.38,Maranhão
2019,RREO,4,B,Governo do Estado do Maranhão,21,MA,7035055,RREO-Anexo 01,E,Padrão,Até o Bimestre (c),TransferenciasCorrentesDaUniaoEDeSuasEntidades,Transferências da União e de suas Entidades,4721574730.0,Maranhão
2019,RREO,4,B,Governo do Estado do Maranhão,21,MA,7035055,RREO-Anexo 01,E,Padrão,Até o Bimestre (c),TransferenciasCorrentesDeInstituicoesPrivadas,Transferências de Instituições Privadas,9432561.56,Maranhão
2019,RREO,4,B,Governo do Estado do Maranhão,21,MA,7035055,RREO-Anexo 01,E,Padrão,Até o Bimestre (c),TransferenciasCorrentesDeOutrasInstituicoesPublicas,Transferências de Outras Instituições Públicas,462926702.82,Maranhão
2019,RREO,4,B,Governo do Estado do Maranhão,21,MA,7035055,RREO-Anexo 01,E,Padrão,Até o Bimestre (c),TransferenciasDeCapital,TRANSFERÊNCIAS DE CAPITAL,7611082.13,Maranhão
2019,RREO,4,B,Governo do Estado do Maranhão,21,MA,7035055,RREO-Anexo 01,E,Padrão,Até o Bimestre (c),TransferenciasDeCapitalDaUniaoEDeSuasEntidades,Transferências da União e de suas Entidades,2501750.0,Maranhão
2019,RREO,4,B,Governo do Estado do Maranhão,21,MA,7035055,RREO-Anexo 01,E,Padrão,Até o Bimestre (c),TransferenciasdeCapitalDosMunicipiosEDeSuasEntidades,Transferências dos Municípios e de suas Entidades,5109332.13,Maranhão
2019,RREO,5,B,Governo do Estado do Maranhão,21,MA,7035055,RREO-Anexo 01,E,Padrão,Até o Bimestre (c),TransferenciasCorrentes,TRANSFERÊNCIAS CORRENTES,6259890470.89,Maranhão
2019,RREO,5,B,Governo do Estado do Maranhão,21,MA,7035055,RREO-Anexo 01,E,Padrão,Até o Bimestre (c),TransferenciasCorrentesDaUniaoEDeSuasEntidades,Transferências da União e de suas Entidades,5615370937.85,Maranhão
2019,RREO,5,B,Governo do Estado do Maranhão,21,MA,7035055,RREO-Anexo 01,E,Padrão,Até o Bimestre (c),TransferenciasCorrentesDeInstituicoesPrivadas,Transferências de Instituições Privadas,9758247.0,Maranhão
2019,RREO,5,B,Governo do Estado do Maranhão,21,MA,7035055,RREO-Anexo 01,E,Padrão,Até o Bimestre (c),TransferenciasCorrentesDeOutrasInstituicoesPublicas,Transferências de Outras Instituições Públicas,634761286.04,Maranhão
2019,RREO,5,B,Governo do Estado do Maranhão,21,MA,7035055,RREO-Anexo 01,E,Padrão,Até o Bimestre (c),TransferenciasDeCapital,TRANSFERÊNCIAS DE CAPITAL,7809389.07,Maranhão
2019,RREO,5,B,Governo do Estado do Maranhão,21,MA,7035055,RREO-Anexo 01,E,Padrão,Até o Bimestre (c),TransferenciasDeCapitalDaUniaoEDeSuasEntidades,Transferências da União e de suas Entidades,2501750.0,Maranhão
2019,RREO,5,B,Governo do Estado do Maranhão,21,MA,7035055,RREO-Anexo 01,E,Padrão,Até o Bimestre (c),TransferenciasdeCapitalDosMunicipiosEDeSuasEntidades,Transferências dos Municípios e de suas Entidades,5307639.07,Maranhão
2019,RREO,6,B,Governo do Estado do Maranhão,21,MA,7035055,RREO-Anexo 01,E,Padrão,Até o Bimestre (c),TransferenciasCorrentes,TRANSFERÊNCIAS CORRENTES,8066230617.76,Maranhão
2019,RREO,6,B,Governo do Estado do Maranhão,21,MA,7035055,RREO-Anexo 01,E,Padrão,Até o Bimestre (c),TransferenciasCorrentesDaUniaoEDeSuasEntidades,Transferências da União e de suas Entidades,7243532858.28,Maranhão
2019,RREO,6,B,Governo do Estado do Maranhão,21,MA,7035055,RREO-Anexo 01,E,Padrão,Até o Bimestre (c),TransferenciasCorrentesDeInstituicoesPrivadas,Transferências de Instituições Privadas,40196462.16,Maranhão
2019,RREO,6,B,Governo do Estado do Maranhão,21,MA,7035055,RREO-Anexo 01,E,Padrão,Até o Bimestre (c),TransferenciasCorrentesDeOutrasInstituicoesPublicas,Transferências de Outras Instituições Públicas,782501297.32,Maranhão
2019,RREO,6,B,Governo do Estado do Maranhão,21,MA,7035055,RREO-Anexo 01,E,Padrão,Até o Bimestre (c),TransferenciasDeCapital,TRANSFERÊNCIAS DE CAPITAL,8259066.6,Maranhão
2019,RREO,6,B,Governo do Estado do Maranhão,21,MA,7035055,RREO-Anexo 01,E,Padrão,Até o Bimestre (c),TransferenciasDeCapitalDaUniaoEDeSuasEntidades,Transferências da União e de suas Entidades,2751739.0,Maranhão
2019,RREO,6,B,Governo do Estado do Maranhão,21,MA,7035055,RREO-Anexo 01,E,Padrão,Até o Bimestre (c),TransferenciasdeCapitalDosMunicipiosEDeSuasEntidades,Transferências dos Municípios e de suas Entidades,5507327.6,Maranhão
2020,RREO,1,B,Governo do Estado do Maranhão,21,MA,7075181,RREO-Anexo 01,E,Padrão,Até o Bimestre (c),TransferenciasCorrentes,TRANSFERÊNCIAS CORRENTES,1721817146.72,Maranhão
2020,RREO,1,B,Governo do Estado do Maranhão,21,MA,7075181,RREO-Anexo 01,E,Padrão,Até o Bimestre (c),TransferenciasCorrentesDaUniaoEDeSuasEntidades,Transferências da União e de suas Entidades,1604782512.41,Maranhão
2020,RREO,1,B,Governo do Estado do Maranhão,21,MA,7075181,RREO-Anexo 01,E,Padrão,Até o Bimestre (c),TransferenciasCorrentesDeInstituicoesPrivadas,Transferências de Instituições Privadas,450522.28,Maranhão
2020,RREO,1,B,Governo do Estado do Maranhão,21,MA,7075181,RREO-Anexo 01,E,Padrão,Até o Bimestre (c),TransferenciasCorrentesDeOutrasInstituicoesPublicas,Transferências de Outras Instituições Públicas,116584112.03,Maranhão
2020,RREO,1,B,Governo do Estado do Maranhão,21,MA,7075181,RREO-Anexo 01,E,Padrão,Até o Bimestre (c),TransferenciasDeCapital,TRANSFERÊNCIAS DE CAPITAL,138540.82,Maranhão
2020,RREO,1,B,Governo do Estado do Maranhão,21,MA,7075181,RREO-Anexo 01,E,Padrão,Até o Bimestre (c),TransferenciasdeCapitalDosMunicipiosEDeSuasEntidades,Transferências dos Municípios e de suas Entidades,138540.82,Maranhão
2020,RREO,2,B,Governo do Estado do Maranhão,21,MA,7075181,RREO-Anexo 01,E,Padrão,Até o Bimestre (c),TransferenciasCorrentes,TRANSFERÊNCIAS CORRENTES,2939507956.71,Maranhão
2020,RREO,2,B,Governo do Estado do Maranhão,21,MA,7075181,RREO-Anexo 01,E,Padrão,Até o Bimestre (c),TransferenciasCorrentesDaUniaoEDeSuasEntidades,Transferências da União e de suas Entidades,2723797738.36,Maranhão
2020,RREO,2,B,Governo do Estado do Maranhão,21,MA,7075181,RREO-Anexo 01,E,Padrão,Até o Bimestre (c),TransferenciasCorrentesDeInstituicoesPrivadas,Transferências de Instituições Privadas,450522.28,Maranhão
2020,RREO,2,B,Governo do Estado do Maranhão,21,MA,7075181,RREO-Anexo 01,E,Padrão,Até o Bimestre (c),TransferenciasCorrentesDeOutrasInstituicoesPublicas,Transferências de Outras Instituições Públicas,215259696.07,Maranhão
2020,RREO,2,B,Governo do Estado do Maranhão,21,MA,7075181,RREO-Anexo 01,E,Padrão,Até o Bimestre (c),TransferenciasDeCapital,TRANSFERÊNCIAS DE CAPITAL,138540.82,Maranhão
2020,RREO,2,B,Governo do Estado do Maranhão,21,MA,7075181,RREO-Anexo 01,E,Padrão,Até o Bimestre (c),TransferenciasdeCapitalDosMunicipiosEDeSuasEntidades,Transferências dos Municípios e de suas Entidades,138540.82,Maranhão
2020,RREO,3,B,Governo do Estado do Maranhão,21,MA,7075181,RREO-Anexo 01,E,Padrão,Até o Bimestre (c),TransferenciasCorrentes,TRANSFERÊNCIAS CORRENTES,4505745226.21,Maranhão
2020,RREO,3,B,Governo do Estado do Maranhão,21,MA,7075181,RREO-Anexo 01,E,Padrão,Até o Bimestre (c),TransferenciasCorrentesDaUniaoEDeSuasEntidades,Transferências da União e de suas Entidades,4189354872.13,Maranhão
2020,RREO,3,B,Governo do Estado do Maranhão,21,MA,7075181,RREO-Anexo 01,E,Padrão,Até o Bimestre (c),TransferenciasCorrentesDeInstituicoesPrivadas,Transferências de Instituições Privadas,2151280.71,Maranhão
2020,RREO,3,B,Governo do Estado do Maranhão,21,MA,7075181,RREO-Anexo 01,E,Padrão,Até o Bimestre (c),TransferenciasCorrentesDeOutrasInstituicoesPublicas,Transferências de Outras Instituições Públicas,314239073.37,Maranhão
2020,RREO,3,B,Governo do Estado do Maranhão,21,MA,7075181,RREO-Anexo 01,E,Padrão,Até o Bimestre (c),TransferenciasDeCapital,TRANSFERÊNCIAS DE CAPITAL,422034.81,Maranhão
2020,RREO,3,B,Governo do Estado do Maranhão,21,MA,7075181,RREO-Anexo 01,E,Padrão,Até o Bimestre (c),TransferenciasdeCapitalDosMunicipiosEDeSuasEntidades,Transferências dos Municípios e de suas Entidades,422034.81,Maranhão
2020,RREO,4,B,Governo do Estado do Maranhão,21,MA,7075181,RREO-Anexo 01,E,Padrão,Até o Bimestre (c),TransferenciasCorrentes,TRANSFERÊNCIAS CORRENTES,6254432769.09,Maranhão
2020,RREO,4,B,Governo do Estado do Maranhão,21,MA,7075181,RREO-Anexo 01,E,Padrão,Até o Bimestre (c),TransferenciasCorrentesDaUniaoEDeSuasEntidades,Transferências da União e de suas Entidades,5786844918.48,Maranhão
2020,RREO,4,B,Governo do Estado do Maranhão,21,MA,7075181,RREO-Anexo 01,E,Padrão,Até o Bimestre (c),TransferenciasCorrentesDeInstituicoesPrivadas,Transferências de Instituições Privadas,2795888.2,Maranhão
2020,RREO,4,B,Governo do Estado do Maranhão,21,MA,7075181,RREO-Anexo 01,E,Padrão,Até o Bimestre (c),TransferenciasCorrentesDeOutrasInstituicoesPublicas,Transferências de Outras Instituições Públicas,464791962.41,Maranhão
2020,RREO,4,B,Governo do Estado do Maranhão,21,MA,7075181,RREO-Anexo 01,E,Padrão,Até o Bimestre (c),TransferenciasDeCapital,TRANSFERÊNCIAS DE CAPITAL,427741.37,Maranhão
2020,RREO,4,B,Governo do Estado do Maranhão,21,MA,7075181,RREO-Anexo 01,E,Padrão,Até o Bimestre (c),TransferenciasdeCapitalDosMunicipiosEDeSuasEntidades,Transferências dos Municípios e de suas Entidades,427741.37,Maranhão
2020,RREO,5,B,Governo do Estado do Maranhão,21,MA,7075181,RREO-Anexo 01,E,Padrão,Até o Bimestre (c),TransferenciasCorrentes,TRANSFERÊNCIAS CORRENTES,7742762254.92,Maranhão
2020,RREO,5,B,Governo do Estado do Maranhão,21,MA,7075181,RREO-Anexo 01,E,Padrão,Até o Bimestre (c),TransferenciasCorrentesDaUniaoEDeSuasEntidades,Transferências da União e de suas Entidades,7161197694.69,Maranhão
2020,RREO,5,B,Governo do Estado do Maranhão,21,MA,7075181,RREO-Anexo 01,E,Padrão,Até o Bimestre (c),TransferenciasCorrentesDosMunicipiosEDeSuasEntidades,Transferências dos Municípios e de suas Entidades,177549.92,Maranhão
2020,RREO,5,B,Governo do Estado do Maranhão,21,MA,7075181,RREO-Anexo 01,E,Padrão,Até o Bimestre (c),TransferenciasCorrentesDeInstituicoesPrivadas,Transferências de Instituições Privadas,3420070.72,Maranhão
2020,RREO,5,B,Governo do Estado do Maranhão,21,MA,7075181,RREO-Anexo 01,E,Padrão,Até o Bimestre (c),TransferenciasCorrentesDeOutrasInstituicoesPublicas,Transferências de Outras Instituições Públicas,577966939.59,Maranhão
2020,RREO,5,B,Governo do Estado do Maranhão,21,MA,7075181,RREO-Anexo 01,E,Padrão,Até o Bimestre (c),TransferenciasDeCapital,TRANSFERÊNCIAS DE CAPITAL,64381909.79,Maranhão
2020,RREO,5,B,Governo do Estado do Maranhão,21,MA,7075181,RREO-Anexo 01,E,Padrão,Até o Bimestre (c),TransferenciasDeCapitalDaUniaoEDeSuasEntidades,Transferências da União e de suas Entidades,63549894.97,Maranhão
2020,RREO,5,B,Governo do Estado do Maranhão,21,MA,7075181,RREO-Anexo 01,E,Padrão,Até o Bimestre (c),TransferenciasDeCapitalDeInstituicoesPrivadas,Transferências de Instituições Privadas,832014.82,Maranhão
2020,RREO,6,B,Governo do Estado do Maranhão,21,MA,7075181,RREO-Anexo 01,E,Padrão,Até o Bimestre (c),TransferenciasCorrentes,TRANSFERÊNCIAS CORRENTES,9313202601.43,Maranhão
2020,RREO,6,B,Governo do Estado do Maranhão,21,MA,7075181,RREO-Anexo 01,E,Padrão,Até o Bimestre (c),TransferenciasCorrentesDaUniaoEDeSuasEntidades,Transferências da União e de suas Entidades,8577783293.36,Maranhão
2020,RREO,6,B,Governo do Estado do Maranhão,21,MA,7075181,RREO-Anexo 01,E,Padrão,Até o Bimestre (c),TransferenciasCorrentesDosMunicipiosEDeSuasEntidades,Transferências dos Municípios e de suas Entidades,177549.92,Maranhão
2020,RREO,6,B,Governo do Estado do Maranhão,21,MA,7075181,RREO-Anexo 01,E,Padrão,Até o Bimestre (c),TransferenciasCorrentesDeInstituicoesPrivadas,Transferências de Instituições Privadas,12877724.11,Maranhão
2020,RREO,6,B,Governo do Estado do Maranhão,21,MA,7075181,RREO-Anexo 01,E,Padrão,Até o Bimestre (c),TransferenciasCorrentesDeOutrasInstituicoesPublicas,Transferências de Outras Instituições Públicas,722364034.04,Maranhão
2020,RREO,6,B,Governo do Estado do Maranhão,21,MA,7075181,RREO-Anexo 01,E,Padrão,Até o Bimestre (c),TransferenciasDeCapital,TRANSFERÊNCIAS DE CAPITAL,8919750.5,Maranhão
2020,RREO,6,B,Governo do Estado do Maranhão,21,MA,7075181,RREO-Anexo 01,E,Padrão,Até o Bimestre (c),TransferenciasDeCapitalDaUniaoEDeSuasEntidades,Transferências da União e de suas Entidades,7895895.57,Maranhão
2020,RREO,6,B,Governo do Estado do Maranhão,21,MA,7075181,RREO-Anexo 01,E,Padrão,Até o Bimestre (c),TransferenciasDeCapitalDeInstituicoesPrivadas,Transferências de Instituições Privadas,1023854.93,Maranhão
2021,RREO,1,B,Governo do Estado do Maranhão,21,MA,7114598,RREO-Anexo 01,E,Padrão,Até o Bimestre (c),TransferenciasCorrentes,TRANSFERÊNCIAS CORRENTES,1738861562.13,Maranhão
2021,RREO,1,B,Governo do Estado do Maranhão,21,MA,7114598,RREO-Anexo 01,E,Padrão,Até o Bimestre (c),TransferenciasCorrentesDaUniaoEDeSuasEntidades,Transferências da União e de suas Entidades,1656497589.82,Maranhão
2021,RREO,1,B,Governo do Estado do Maranhão,21,MA,7114598,RREO-Anexo 01,E,Padrão,Até o Bimestre (c),TransferenciasCorrentesDeInstituicoesPrivadas,Transferências de Instituições Privadas,933173.65,Maranhão
2021,RREO,1,B,Governo do Estado do Maranhão,21,MA,7114598,RREO-Anexo 01,E,Padrão,Até o Bimestre (c),TransferenciasCorrentesDeOutrasInstituicoesPublicas,Transferências de Outras Instituições Públicas,81430798.66,Maranhão
2021,RREO,1,B,Governo do Estado do Maranhão,21,MA,7114598,RREO-Anexo 01,E,Padrão,Até o Bimestre (c),TransferenciasDeCapital,TRANSFERÊNCIAS DE CAPITAL,109230.39,Maranhão
2021,RREO,1,B,Governo do Estado do Maranhão,21,MA,7114598,RREO-Anexo 01,E,Padrão,Até o Bimestre (c),TransferenciasDeCapitalDeInstituicoesPrivadas,Transferências de Instituições Privadas,109230.39,Maranhão
2021,RREO,2,B,Governo do Estado do Maranhão,21,MA,7114598,RREO-Anexo 01,E,Padrão,Até o Bimestre (c),TransferenciasCorrentes,TRANSFERÊNCIAS CORRENTES,3374093761.63,Maranhão
2021,RREO,2,B,Governo do Estado do Maranhão,21,MA,7114598,RREO-Anexo 01,E,Padrão,Até o Bimestre (c),TransferenciasCorrentesDaUniaoEDeSuasEntidades,Transferências da União e de suas Entidades,3057151244.15,Maranhão
2021,RREO,2,B,Governo do Estado do Maranhão,21,MA,7114598,RREO-Anexo 01,E,Padrão,Até o Bimestre (c),TransferenciasCorrentesDeInstituicoesPrivadas,Transferências de Instituições Privadas,1447500.48,Maranhão
2021,RREO,2,B,Governo do Estado do Maranhão,21,MA,7114598,RREO-Anexo 01,E,Padrão,Até o Bimestre (c),TransferenciasCorrentesDeOutrasInstituicoesPublicas,Transferências de Outras Instituições Públicas,315495017.0,Maranhão
2021,RREO,2,B,Governo do Estado do Maranhão,21,MA,7114598,RREO-Anexo 01,E,Padrão,Até o Bimestre (c),TransferenciasDeCapital,TRANSFERÊNCIAS DE CAPITAL,260106.68,Maranhão
2021,RREO,2,B,Governo do Estado do Maranhão,21,MA,7114598,RREO-Anexo 01,E,Padrão,Até o Bimestre (c),TransferenciasDeCapitalDeInstituicoesPrivadas,Transferências de Instituições Privadas,260106.68,Maranhão
2021,RREO,3,B,Governo do Estado do Maranhão,21,MA,7114598,RREO-Anexo 01,E,Padrão,Até o Bimestre (c),TransferenciasCorrentes,TRANSFERÊNCIAS CORRENTES,5020675242.68,Maranhão
2021,RREO,3,B,Governo do Estado do Maranhão,21,MA,7114598,RREO-Anexo 01,E,Padrão,Até o Bimestre (c),TransferenciasCorrentesDaUniaoEDeSuasEntidades,Transferências da União e de suas Entidades,4543295493.56,Maranhão
2021,RREO,3,B,Governo do Estado do Maranhão,21,MA,7114598,RREO-Anexo 01,E,Padrão,Até o Bimestre (c),TransferenciasCorrentesDeInstituicoesPrivadas,Transferências de Instituições Privadas,1912358.0,Maranhão
2021,RREO,3,B,Governo do Estado do Maranhão,21,MA,7114598,RREO-Anexo 01,E,Padrão,Até o Bimestre (c),TransferenciasCorrentesDeOutrasInstituicoesPublicas,Transferências de Outras Instituições Públicas,475467391.12,Maranhão
2021,RREO,3,B,Governo do Estado do Maranhão,21,MA,7114598,RREO-Anexo 01,E,Padrão,Até o Bimestre (c),TransferenciasDeCapital,TRANSFERÊNCIAS DE CAPITAL,59065488.52,Maranhão
2021,RREO,3,B,Governo do Estado do Maranhão,21,MA,7114598,RREO-Anexo 01,E,Padrão,Até o Bimestre (c),TransferenciasDeCapitalDaUniaoEDeSuasEntidades,Transferências da União e de suas Entidades,58611935.81,Maranhão
2021,RREO,3,B,Governo do Estado do Maranhão,21,MA,7114598,RREO-Anexo 01,E,Padrão,Até o Bimestre (c),TransferenciasDeCapitalDeInstituicoesPrivadas,Transferências de Instituições Privadas,453552.71,Maranhão
2021,RREO,4,B,Governo do Estado do Maranhão,21,MA,7114598,RREO-Anexo 01,E,Padrão,Até o Bimestre (c),TransferenciasCorrentes,TRANSFERÊNCIAS CORRENTES,6556845897.31,Maranhão
2021,RREO,4,B,Governo do Estado do Maranhão,21,MA,7114598,RREO-Anexo 01,E,Padrão,Até o Bimestre (c),TransferenciasCorrentesDaUniaoEDeSuasEntidades,Transferências da União e de suas Entidades,5906778906.52,Maranhão
2021,RREO,4,B,Governo do Estado do Maranhão,21,MA,7114598,RREO-Anexo 01,E,Padrão,Até o Bimestre (c),TransferenciasCorrentesDeInstituicoesPrivadas,Transferências de Instituições Privadas,4480741.06,Maranhão
2021,RREO,4,B,Governo do Estado do Maranhão,21,MA,7114598,RREO-Anexo 01,E,Padrão,Até o Bimestre (c),TransferenciasCorrentesDeOutrasInstituicoesPublicas,Transferências de Outras Instituições Públicas,645586249.73,Maranhão
2021,RREO,4,B,Governo do Estado do Maranhão,21,MA,7114598,RREO-Anexo 01,E,Padrão,Até o Bimestre (c),TransferenciasDeCapital,TRANSFERÊNCIAS DE CAPITAL,59269754.53,Maranhão
2021,RREO,4,B,Governo do Estado do Maranhão,21,MA,7114598,RREO-Anexo 01,E,Padrão,Até o Bimestre (c),TransferenciasDeCapitalDaUniaoEDeSuasEntidades,Transferências da União e de suas Entidades,58611935.81,Maranhão
2021,RREO,4,B,Governo do Estado do Maranhão,21,MA,7114598,RREO-Anexo 01,E,Padrão,Até o Bimestre (c),TransferenciasDeCapitalDeInstituicoesPrivadas,Transferências de Instituições Privadas,657818.72,Maranhão
2021,RREO,5,B,Governo do Estado do Maranhão,21,MA,7114598,RREO-Anexo 01,E,Padrão,Até o Bimestre (c),TransferenciasCorrentes,TRANSFERÊNCIAS CORRENTES,8057254340.08,Maranhão
2021,RREO,5,B,Governo do Estado do Maranhão,21,MA,7114598,RREO-Anexo 01,E,Padrão,Até o Bimestre (c),TransferenciasCorrentesDaUniaoEDeSuasEntidades,Transferências da União e de suas Entidades,7252969288.96,Maranhão
2021,RREO,5,B,Governo do Estado do Maranhão,21,MA,7114598,RREO-Anexo 01,E,Padrão,Até o Bimestre (c),TransferenciasCorrentesDeInstituicoesPrivadas,Transferências de Instituições Privadas,5881897.86,Maranhão
2021,RREO,5,B,Governo do Estado do Maranhão,21,MA,7114598,RREO-Anexo 01,E,Padrão,Até o Bimestre (c),TransferenciasCorrentesDeOutrasInstituicoesPublicas,Transferências de Outras Instituições Públicas,798403153.26,Maranhão
2021,RREO,5,B,Governo do Estado do Maranhão,21,MA,7114598,RREO-Anexo 01,E,Padrão,Até o Bimestre (c),TransferenciasDeCapital,TRANSFERÊNCIAS DE CAPITAL,59717722.82,Maranhão
2021,RREO,5,B,Governo do Estado do Maranhão,21,MA,7114598,RREO-Anexo 01,E,Padrão,Até o Bimestre (c),TransferenciasDeCapitalDaUniaoEDeSuasEntidades,Transferências da União e de suas Entidades,58861935.81,Maranhão
2021,RREO,5,B,Governo do Estado do Maranhão,21,MA,7114598,RREO-Anexo 01,E,Padrão,Até o Bimestre (c),TransferenciasDeCapitalDeInstituicoesPrivadas,Transferências de Instituições Privadas,855787.01,Maranhão
2021,RREO,6,B,Governo do Estado do Maranhão,21,MA,7114598,RREO-Anexo 01,E,Padrão,Até o Bimestre (c),TransferenciasCorrentes,TRANSFERÊNCIAS CORRENTES,10038680510.5,Maranhão
2021,RREO,6,B,Governo do Estado do Maranhão,21,MA,7114598,RREO-Anexo 01,E,Padrão,Até o Bimestre (c),TransferenciasCorrentesDaUniaoEDeSuasEntidades,Transferências da União e de suas Entidades,9014817290.62,Maranhão
2021,RREO,6,B,Governo do Estado do Maranhão,21,MA,7114598,RREO-Anexo 01,E,Padrão,Até o Bimestre (c),TransferenciasCorrentesDeInstituicoesPrivadas,Transferências de Instituições Privadas,11924167.6,Maranhão
2021,RREO,6,B,Governo do Estado do Maranhão,21,MA,7114598,RREO-Anexo 01,E,Padrão,Até o Bimestre (c),TransferenciasCorrentesDeOutrasInstituicoesPublicas,Transferências de Outras Instituições Públicas,1011939052.28,Maranhão
2021,RREO,6,B,Governo do Estado do Maranhão,21,MA,7114598,RREO-Anexo 01,E,Padrão,Até o Bimestre (c),TransferenciasDeCapital,TRANSFERÊNCIAS DE CAPITAL,9485076.34,Maranhão
2021,RREO,6,B,Governo do Estado do Maranhão,21,MA,7114598,RREO-Anexo 01,E,Padrão,Até o Bimestre (c),TransferenciasDeCapitalDaUniaoEDeSuasEntidades,Transferências da União e de suas Entidades,8353115.25,Maranhão
2021,RREO,6,B,Governo do Estado do Maranhão,21,MA,7114598,RREO-Anexo 01,E,Padrão,Até o Bimestre (c),TransferenciasDeCapitalDeInstituicoesPrivadas,Transferências de Instituições Privadas,1131961.09,Maranhão
2022,RREO,1,B,Governo do Estado do Maranhão,21,MA,7153262,RREO-Anexo 01,E,Padrão,Até o Bimestre (c),TransferenciasCorrentes,TRANSFERÊNCIAS CORRENTES,2274168346.67,Maranhão
2022,RREO,1,B,Governo do Estado do Maranhão,21,MA,7153262,RREO-Anexo 01,E,Padrão,Até o Bimestre (c),TransferenciasCorrentesDaUniaoEDeSuasEntidades,Transferências da União e de suas Entidades,2065639603.94,Maranhão
2022,RREO,1,B,Governo do Estado do Maranhão,21,MA,7153262,RREO-Anexo 01,E,Padrão,Até o Bimestre (c),TransferenciasCorrentesDosEstadosEDoDistritoFederalEDeSuasEntidades,Transferências dos Estados e do Distrito Federal e de suas Entidades,287321.52,Maranhão
2022,RREO,1,B,Governo do Estado do Maranhão,21,MA,7153262,RREO-Anexo 01,E,Padrão,Até o Bimestre (c),TransferenciasCorrentesDeInstituicoesPrivadas,Transferências de Instituições Privadas,567792.33,Maranhão
2022,RREO,1,B,Governo do Estado do Maranhão,21,MA,7153262,RREO-Anexo 01,E,Padrão,Até o Bimestre (c),TransferenciasCorrentesDeOutrasInstituicoesPublicas,Transferências de Outras Instituições Públicas,207673628.88,Maranhão
2022,RREO,2,B,Governo do Estado do Maranhão,21,MA,7153262,RREO-Anexo 01,E,Padrão,Até o Bimestre (c),TransferenciasCorrentes,TRANSFERÊNCIAS CORRENTES,4048264081.66,Maranhão
2022,RREO,2,B,Governo do Estado do Maranhão,21,MA,7153262,RREO-Anexo 01,E,Padrão,Até o Bimestre (c),TransferenciasCorrentesDaUniaoEDeSuasEntidades,Transferências da União e de suas Entidades,3649510897.86,Maranhão
2022,RREO,2,B,Governo do Estado do Maranhão,21,MA,7153262,RREO-Anexo 01,E,Padrão,Até o Bimestre (c),TransferenciasCorrentesDosEstadosEDoDistritoFederalEDeSuasEntidades,Transferências dos Estados e do Distrito Federal e de suas Entidades,308241.78,Maranhão
2022,RREO,2,B,Governo do Estado do Maranhão,21,MA,7153262,RREO-Anexo 01,E,Padrão,Até o Bimestre (c),TransferenciasCorrentesDeInstituicoesPrivadas,Transferências de Instituições Privadas,1356426.77,Maranhão
2022,RREO,2,B,Governo do Estado do Maranhão,21,MA,7153262,RREO-Anexo 01,E,Padrão,Até o Bimestre (c),TransferenciasCorrentesDeOutrasInstituicoesPublicas,Transferências de Outras Instituições Públicas,397088515.25,Maranhão
2022,RREO,2,B,Governo do Estado do Maranhão,21,MA,7153262,RREO-Anexo 01,E,Padrão,Até o Bimestre (c),TransferenciasDeCapital,TRANSFERÊNCIAS DE CAPITAL,624016.99,Maranhão
2022,RREO,2,B,Governo do Estado do Maranhão,21,MA,7153262,RREO-Anexo 01,E,Padrão,Até o Bimestre (c),TransferenciasDeCapitalDaUniaoEDeSuasEntidades,Transferências da União e de suas Entidades,374906.57,Maranhão
2022,RREO,2,B,Governo do Estado do Maranhão,21,MA,7153262,RREO-Anexo 01,E,Padrão,Até o Bimestre (c),TransferenciasDeCapitalDeInstituicoesPrivadas,Transferências de Instituições Privadas,249110.42,Maranhão
2022,RREO,3,B,Governo do Estado do Maranhão,21,MA,7153262,RREO-Anexo 01,E,Padrão,Até o Bimestre (c),TransferenciasCorrentes,TRANSFERÊNCIAS CORRENTES,6218977959.75,Maranhão
2022,RREO,3,B,Governo do Estado do Maranhão,21,MA,7153262,RREO-Anexo 01,E,Padrão,Até o Bimestre (c),TransferenciasCorrentesDaUniaoEDeSuasEntidades,Transferências da União e de suas Entidades,5615706442.29,Maranhão
2022,RREO,3,B,Governo do Estado do Maranhão,21,MA,7153262,RREO-Anexo 01,E,Padrão,Até o Bimestre (c),TransferenciasCorrentesDosEstadosEDoDistritoFederalEDeSuasEntidades,Transferências dos Estados e do Distrito Federal e de suas Entidades,308241.78,Maranhão
2022,RREO,3,B,Governo do Estado do Maranhão,21,MA,7153262,RREO-Anexo 01,E,Padrão,Até o Bimestre (c),TransferenciasCorrentesDeInstituicoesPrivadas,Transferências de Instituições Privadas,1764655.97,Maranhão
2022,RREO,3,B,Governo do Estado do Maranhão,21,MA,7153262,RREO-Anexo 01,E,Padrão,Até o Bimestre (c),TransferenciasCorrentesDeOutrasInstituicoesPublicas,Transferências de Outras Instituições Públicas,601196128.05,Maranhão
2022,RREO,3,B,Governo do Estado do Maranhão,21,MA,7153262,RREO-Anexo 01,E,Padrão,Até o Bimestre (c),OutrasTransferenciasCorrentes,Outras Transferências,2491.66,Maranhão
2022,RREO,3,B,Governo do Estado do Maranhão,21,MA,7153262,RREO-Anexo 01,E,Padrão,Até o Bimestre (c),TransferenciasDeCapital,TRANSFERÊNCIAS DE CAPITAL,1403021.59,Maranhão
2022,RREO,3,B,Governo do Estado do Maranhão,21,MA,7153262,RREO-Anexo 01,E,Padrão,Até o Bimestre (c),TransferenciasDeCapitalDaUniaoEDeSuasEntidades,Transferências da União e de suas Entidades,851106.69,Maranhão
2022,RREO,3,B,Governo do Estado do Maranhão,21,MA,7153262,RREO-Anexo 01,E,Padrão,Até o Bimestre (c),TransferenciasDeCapitalDeInstituicoesPrivadas,Transferências de Instituições Privadas,551914.9,Maranhão
2022,RREO,4,B,Governo do Estado do Maranhão,21,MA,7153262,RREO-Anexo 01,E,Padrão,Até o Bimestre (c),TransferenciasCorrentes,TRANSFERÊNCIAS CORRENTES,7973453168.52,Maranhão
2022,RREO,4,B,Governo do Estado do Maranhão,21,MA,7153262,RREO-Anexo 01,E,Padrão,Até o Bimestre (c),TransferenciasCorrentesDaUniaoEDeSuasEntidades,Transferências da União e de suas Entidades,7191238224.86,Maranhão
2022,RREO,4,B,Governo do Estado do Maranhão,21,MA,7153262,RREO-Anexo 01,E,Padrão,Até o Bimestre (c),TransferenciasCorrentesDosEstadosEDoDistritoFederalEDeSuasEntidades,Transferências dos Estados e do Distrito Federal e de suas Entidades,308241.78,Maranhão
2022,RREO,4,B,Governo do Estado do Maranhão,21,MA,7153262,RREO-Anexo 01,E,Padrão,Até o Bimestre (c),TransferenciasCorrentesDeInstituicoesPrivadas,Transferências de Instituições Privadas,2165083.18,Maranhão
2022,RREO,4,B,Governo do Estado do Maranhão,21,MA,7153262,RREO-Anexo 01,E,Padrão,Até o Bimestre (c),TransferenciasCorrentesDeOutrasInstituicoesPublicas,Transferências de Outras Instituições Públicas,779738524.38,Maranhão
2022,RREO,4,B,Governo do Estado do Maranhão,21,MA,7153262,RREO-Anexo 01,E,Padrão,Até o Bimestre (c),OutrasTransferenciasCorrentes,Outras Transferências,3094.32,Maranhão
2022,RREO,4,B,Governo do Estado do Maranhão,21,MA,7153262,RREO-Anexo 01,E,Padrão,Até o Bimestre (c),TransferenciasDeCapital,TRANSFERÊNCIAS DE CAPITAL,3353748.21,Maranhão
2022,RREO,4,B,Governo do Estado do Maranhão,21,MA,7153262,RREO-Anexo 01,E,Padrão,Até o Bimestre (c),TransferenciasDeCapitalDaUniaoEDeSuasEntidades,Transferências da União e de suas Entidades,2614810.07,Maranhão
2022,RREO,4,B,Governo do Estado do Maranhão,21,MA,7153262,RREO-Anexo 01,E,Padrão,Até o Bimestre (c),TransferenciasDeCapitalDeInstituicoesPrivadas,Transferências de Instituições Privadas,738938.14,Maranhão
2022,RREO,5,B,Governo do Estado do Maranhão,21,MA,7153262,RREO-Anexo 01,E,Padrão,Até o Bimestre (c),TransferenciasCorrentes,TRANSFERÊNCIAS CORRENTES,9815150677.49,Maranhão
2022,RREO,5,B,Governo do Estado do Maranhão,21,MA,7153262,RREO-Anexo 01,E,Padrão,Até o Bimestre (c),TransferenciasCorrentesDaUniaoEDeSuasEntidades,Transferências da União e de suas Entidades,8820299220.84,Maranhão
2022,RREO,5,B,Governo do Estado do Maranhão,21,MA,7153262,RREO-Anexo 01,E,Padrão,Até o Bimestre (c),TransferenciasCorrentesDosEstadosEDoDistritoFederalEDeSuasEntidades,Transferências dos Estados e do Distrito Federal e de suas Entidades,308241.78,Maranhão
2022,RREO,5,B,Governo do Estado do Maranhão,21,MA,7153262,RREO-Anexo 01,E,Padrão,Até o Bimestre (c),TransferenciasCorrentesDeInstituicoesPrivadas,Transferências de Instituições Privadas,2557277.41,Maranhão
2022,RREO,5,B,Governo do Estado do Maranhão,21,MA,7153262,RREO-Anexo 01,E,Padrão,Até o Bimestre (c),TransferenciasCorrentesDeOutrasInstituicoesPublicas,Transferências de Outras Instituições Públicas,991733220.67,Maranhão
2022,RREO,5,B,Governo do Estado do Maranhão,21,MA,7153262,RREO-Anexo 01,E,Padrão,Até o Bimestre (c),TransferenciasCorrentesDoExterior,Transferências do Exterior,248155.81,Maranhão
2022,RREO,5,B,Governo do Estado do Maranhão,21,MA,7153262,RREO-Anexo 01,E,Padrão,Até o Bimestre (c),OutrasTransferenciasCorrentes,Outras Transferências,4560.98,Maranhão
2022,RREO,5,B,Governo do Estado do Maranhão,21,MA,7153262,RREO-Anexo 01,E,Padrão,Até o Bimestre (c),TransferenciasDeCapital,TRANSFERÊNCIAS DE CAPITAL,5768336.51,Maranhão
2022,RREO,5,B,Governo do Estado do Maranhão,21,MA,7153262,RREO-Anexo 01,E,Padrão,Até o Bimestre (c),TransferenciasDeCapitalDaUniaoEDeSuasEntidades,Transferências da União e de suas Entidades,3886410.07,Maranhão
2022,RREO,5,B,Governo do Estado do Maranhão,21,MA,7153262,RREO-Anexo 01,E,Padrão,Até o Bimestre (c),TransferenciasDeCapitalDeInstituicoesPrivadas,Transferências de Instituições Privadas,960153.84,Maranhão
2022,RREO,5,B,Governo do Estado do Maranhão,21,MA,7153262,RREO-Anexo 01,E,Padrão,Até o Bimestre (c),TransferenciasDeCapitalDoExterior,Transferências do Exterior,921772.6,Maranhão
2022,RREO,6,B,Governo do Estado do Maranhão,21,MA,7153262,RREO-Anexo 01,E,Padrão,Até o Bimestre (c),TransferenciasCorrentes,TRANSFERÊNCIAS CORRENTES,12034321532.0,Maranhão
2022,RREO,6,B,Governo do Estado do Maranhão,21,MA,7153262,RREO-Anexo 01,E,Padrão,Até o Bimestre (c),TransferenciasCorrentesDaUniaoEDeSuasEntidades,Transferências da União e de suas Entidades,10833622288.9,Maranhão
2022,RREO,6,B,Governo do Estado do Maranhão,21,MA,7153262,RREO-Anexo 01,E,Padrão,Até o Bimestre (c),TransferenciasCorrentesDosEstadosEDoDistritoFederalEDeSuasEntidades,Transferências dos Estados e do Distrito Federal e de suas Entidades,308241.78,Maranhão
2022,RREO,6,B,Governo do Estado do Maranhão,21,MA,7153262,RREO-Anexo 01,E,Padrão,Até o Bimestre (c),TransferenciasCorrentesDeInstituicoesPrivadas,Transferências de Instituições Privadas,3730519.65,Maranhão
2022,RREO,6,B,Governo do Estado do Maranhão,21,MA,7153262,RREO-Anexo 01,E,Padrão,Até o Bimestre (c),TransferenciasCorrentesDeOutrasInstituicoesPublicas,Transferências de Outras Instituições Públicas,1196406926.98,Maranhão
2022,RREO,6,B,Governo do Estado do Maranhão,21,MA,7153262,RREO-Anexo 01,E,Padrão,Até o Bimestre (c),TransferenciasCorrentesDoExterior,Transferências do Exterior,248155.81,Maranhão
2022,RREO,6,B,Governo do Estado do Maranhão,21,MA,7153262,RREO-Anexo 01,E,Padrão,Até o Bimestre (c),OutrasTransferenciasCorrentes,Outras Transferências,5398.88,Maranhão
2022,RREO,6,B,Governo do Estado do Maranhão,21,MA,7153262,RREO-Anexo 01,E,Padrão,Até o Bimestre (c),TransferenciasDeCapital,TRANSFERÊNCIAS DE CAPITAL,7601232.65,Maranhão
2022,RREO,6,B,Governo do Estado do Maranhão,21,MA,7153262,RREO-Anexo 01,E,Padrão,Até o Bimestre (c),TransferenciasDeCapitalDaUniaoEDeSuasEntidades,Transferências da União e de suas Entidades,4956639.87,Maranhão
2022,RREO,6,B,Governo do Estado do Maranhão,21,MA,7153262,RREO-Anexo 01,E,Padrão,Até o Bimestre (c),TransferenciasDeCapitalDeInstituicoesPrivadas,Transferências de Instituições Privadas,1722820.18,Maranhão
2022,RREO,6,B,Governo do Estado do Maranhão,21,MA,7153262,RREO-Anexo 01,E,Padrão,Até o Bimestre (c),TransferenciasDeCapitalDoExterior,Transferências do Exterior,921772.6,Maranhão
2023,RREO,1,B,Governo do Estado do Maranhão,21,MA,7153262,RREO-Anexo 01,E,Padrão,Até o Bimestre (c),TransferenciasCorrentes,TRANSFERÊNCIAS CORRENTES,2427635356.42,Maranhão
2023,RREO,1,B,Governo do Estado do Maranhão,21,MA,7153262,RREO-Anexo 01,E,Padrão,Até o Bimestre (c),TransferenciasCorrentesDaUniaoEDeSuasEntidades,Transferências da União e de suas Entidades,2215795866.91,Maranhão
2023,RREO,1,B,Governo do Estado do Maranhão,21,MA,7153262,RREO-Anexo 01,E,Padrão,Até o Bimestre (c),TransferenciasCorrentesDosEstadosEDoDistritoFederalEDeSuasEntidades,Transferências dos Estados e do Distrito Federal e de suas Entidades,240788.18,Maranhão
2023,RREO,1,B,Governo do Estado do Maranhão,21,MA,7153262,RREO-Anexo 01,E,Padrão,Até o Bimestre (c),TransferenciasCorrentesDeInstituicoesPrivadas,Transferências de Instituições Privadas,1739973.55,Maranhão
2023,RREO,1,B,Governo do Estado do Maranhão,21,MA,7153262,RREO-Anexo 01,E,Padrão,Até o Bimestre (c),TransferenciasCorrentesDeOutrasInstituicoesPublicas,Transferências de Outras Instituições Públicas,209858727.78,Maranhão
2023,RREO,1,B,Governo do Estado do Maranhão,21,MA,7153262,RREO-Anexo 01,E,Padrão,Até o Bimestre (c),TransferenciasDeCapital,TRANSFERÊNCIAS DE CAPITAL,4457264.87,Maranhão
2023,RREO,1,B,Governo do Estado do Maranhão,21,MA,7153262,RREO-Anexo 01,E,Padrão,Até o Bimestre (c),TransferenciasDeCapitalDaUniaoEDeSuasEntidades,Transferências da União e de suas Entidades,4457264.87,Maranhão
2023,RREO,2,B,Governo do Estado do Maranhão,21,MA,7153262,RREO-Anexo 01,E,Padrão,Até o Bimestre (c),TransferenciasCorrentes,TRANSFERÊNCIAS CORRENTES,4278447530.02,Maranhão
2023,RREO,2,B,Governo do Estado do Maranhão,21,MA,7153262,RREO-Anexo 01,E,Padrão,Até o Bimestre (c),TransferenciasCorrentesDaUniaoEDeSuasEntidades,Transferências da União e de suas Entidades,3869571229.85,Maranhão
2023,RREO,2,B,Governo do Estado do Maranhão,21,MA,7153262,RREO-Anexo 01,E,Padrão,Até o Bimestre (c),TransferenciasCorrentesDosEstadosEDoDistritoFederalEDeSuasEntidades,Transferências dos Estados e do Distrito Federal e de suas Entidades,996965.34,Maranhão
2023,RREO,2,B,Governo do Estado do Maranhão,21,MA,7153262,RREO-Anexo 01,E,Padrão,Até o Bimestre (c),TransferenciasCorrentesDeInstituicoesPrivadas,Transferências de Instituições Privadas,6457580.88,Maranhão
2023,RREO,2,B,Governo do Estado do Maranhão,21,MA,7153262,RREO-Anexo 01,E,Padrão,Até o Bimestre (c),TransferenciasCorrentesDeOutrasInstituicoesPublicas,Transferências de Outras Instituições Públicas,401420652.0,Maranhão
2023,RREO,2,B,Governo do Estado do Maranhão,21,MA,7153262,RREO-Anexo 01,E,Padrão,Até o Bimestre (c),OutrasTransferenciasCorrentes,Outras Transferências,1101.95,Maranhão
2023,RREO,2,B,Governo do Estado do Maranhão,21,MA,7153262,RREO-Anexo 01,E,Padrão,Até o Bimestre (c),TransferenciasDeCapital,TRANSFERÊNCIAS DE CAPITAL,5455973.5,Maranhão
2023,RREO,2,B,Governo do Estado do Maranhão,21,MA,7153262,RREO-Anexo 01,E,Padrão,Até o Bimestre (c),TransferenciasDeCapitalDaUniaoEDeSuasEntidades,Transferências da União e de suas Entidades,5016223.55,Maranhão
2023,RREO,2,B,Governo do Estado do Maranhão,21,MA,7153262,RREO-Anexo 01,E,Padrão,Até o Bimestre (c),TransferenciasDeCapitalDeInstituicoesPrivadas,Transferências de Instituições Privadas,439749.95,Maranhão
2023,RREO,3,B,Governo do Estado do Maranhão,21,MA,7153262,RREO-Anexo 01,E,Padrão,Até o Bimestre (c),TransferenciasCorrentes,TRANSFERÊNCIAS CORRENTES,6379852294.16,Maranhão
2023,RREO,3,B,Governo do Estado do Maranhão,21,MA,7153262,RREO-Anexo 01,E,Padrão,Até o Bimestre (c),TransferenciasCorrentesDaUniaoEDeSuasEntidades,Transferências da União e de suas Entidades,5758848196.83,Maranhão
2023,RREO,3,B,Governo do Estado do Maranhão,21,MA,7153262,RREO-Anexo 01,E,Padrão,Até o Bimestre (c),TransferenciasCorrentesDosEstadosEDoDistritoFederalEDeSuasEntidades,Transferências dos Estados e do Distrito Federal e de suas Entidades,1564301.91,Maranhão
2023,RREO,3,B,Governo do Estado do Maranhão,21,MA,7153262,RREO-Anexo 01,E,Padrão,Até o Bimestre (c),TransferenciasCorrentesDeInstituicoesPrivadas,Transferências de Instituições Privadas,8783879.6,Maranhão
2023,RREO,3,B,Governo do Estado do Maranhão,21,MA,7153262,RREO-Anexo 01,E,Padrão,Até o Bimestre (c),TransferenciasCorrentesDeOutrasInstituicoesPublicas,Transferências de Outras Instituições Públicas,610654813.87,Maranhão
2023,RREO,3,B,Governo do Estado do Maranhão,21,MA,7153262,RREO-Anexo 01,E,Padrão,Até o Bimestre (c),OutrasTransferenciasCorrentes,Outras Transferências,1101.95,Maranhão
2023,RREO,3,B,Governo do Estado do Maranhão,21,MA,7153262,RREO-Anexo 01,E,Padrão,Até o Bimestre (c),TransferenciasDeCapital,TRANSFERÊNCIAS DE CAPITAL,9507539.16,Maranhão
2023,RREO,3,B,Governo do Estado do Maranhão,21,MA,7153262,RREO-Anexo 01,E,Padrão,Até o Bimestre (c),TransferenciasDeCapitalDaUniaoEDeSuasEntidades,Transferências da União e de suas Entidades,8833455.55,Maranhão
2023,RREO,3,B,Governo do Estado do Maranhão,21,MA,7153262,RREO-Anexo 01,E,Padrão,Até o Bimestre (c),TransferenciasDeCapitalDeInstituicoesPrivadas,Transferências de Instituições Privadas,674083.61,Maranhão
2023,RREO,4,B,Governo do Estado do Maranhão,21,MA,7153262,RREO-Anexo 01,E,Padrão,Até o Bimestre (c),TransferenciasCorrentes,TRANSFERÊNCIAS CORRENTES,8465963796.25,Maranhão
2023,RREO,4,B,Governo do Estado do Maranhão,21,MA,7153262,RREO-Anexo 01,E,Padrão,Até o Bimestre (c),TransferenciasCorrentesDaUniaoEDeSuasEntidades,Transferências da União e de suas Entidades,7659431263.94,Maranhão
2023,RREO,4,B,Governo do Estado do Maranhão,21,MA,7153262,RREO-Anexo 01,E,Padrão,Até o Bimestre (c),TransferenciasCorrentesDosEstadosEDoDistritoFederalEDeSuasEntidades,Transferências dos Estados e do Distrito Federal e de suas Entidades,2152585.93,Maranhão
2023,RREO,4,B,Governo do Estado do Maranhão,21,MA,7153262,RREO-Anexo 01,E,Padrão,Até o Bimestre (c),TransferenciasCorrentesDeInstituicoesPrivadas,Transferências de Instituições Privadas,13775296.55,Maranhão
2023,RREO,4,B,Governo do Estado do Maranhão,21,MA,7153262,RREO-Anexo 01,E,Padrão,Até o Bimestre (c),TransferenciasCorrentesDeOutrasInstituicoesPublicas,Transferências de Outras Instituições Públicas,790603547.88,Maranhão
2023,RREO,4,B,Governo do Estado do Maranhão,21,MA,7153262,RREO-Anexo 01,E,Padrão,Até o Bimestre (c),OutrasTransferenciasCorrentes,Outras Transferências,1101.95,Maranhão
2023,RREO,4,B,Governo do Estado do Maranhão,21,MA,7153262,RREO-Anexo 01,E,Padrão,Até o Bimestre (c),TransferenciasDeCapital,TRANSFERÊNCIAS DE CAPITAL,11522393.42,Maranhão
2023,RREO,4,B,Governo do Estado do Maranhão,21,MA,7153262,RREO-Anexo 01,E,Padrão,Até o Bimestre (c),TransferenciasDeCapitalDaUniaoEDeSuasEntidades,Transferências da União e de suas Entidades,10620845.7,Maranhão
2023,RREO,4,B,Governo do Estado do Maranhão,21,MA,7153262,RREO-Anexo 01,E,Padrão,Até o Bimestre (c),TransferenciasDeCapitalDeInstituicoesPrivadas,Transferências de Instituições Privadas,901547.72,Maranhão
2023,RREO,5,B,Governo do Estado do Maranhão,21,MA,7153262,RREO-Anexo 01,E,Padrão,Até o Bimestre (c),TransferenciasCorrentes,TRANSFERÊNCIAS CORRENTES,10360458184.48,Maranhão
2023,RREO,5,B,Governo do Estado do Maranhão,21,MA,7153262,RREO-Anexo 01,E,Padrão,Até o Bimestre (c),TransferenciasCorrentesDaUniaoEDeSuasEntidades,Transferências da União e de suas Entidades,9367434434.04,Maranhão
2023,RREO,5,B,Governo do Estado do Maranhão,21,MA,7153262,RREO-Anexo 01,E,Padrão,Até o Bimestre (c),TransferenciasCorrentesDosEstadosEDoDistritoFederalEDeSuasEntidades,Transferências dos Estados e do Distrito Federal e de suas Entidades,5120011.24,Maranhão
2023,RREO,5,B,Governo do Estado do Maranhão,21,MA,7153262,RREO-Anexo 01,E,Padrão,Até o Bimestre (c),TransferenciasCorrentesDeInstituicoesPrivadas,Transferências de Instituições Privadas,14705197.33,Maranhão
2023,RREO,5,B,Governo do Estado do Maranhão,21,MA,7153262,RREO-Anexo 01,E,Padrão,Até o Bimestre (c),TransferenciasCorrentesDeOutrasInstituicoesPublicas,Transferências de Outras Instituições Públicas,973197439.92,Maranhão
2023,RREO,5,B,Governo do Estado do Maranhão,21,MA,7153262,RREO-Anexo 01,E,Padrão,Até o Bimestre (c),OutrasTransferenciasCorrentes,Outras Transferências,1101.95,Maranhão
2023,RREO,5,B,Governo do Estado do Maranhão,21,MA,7153262,RREO-Anexo 01,E,Padrão,Até o Bimestre (c),TransferenciasDeCapital,TRANSFERÊNCIAS DE CAPITAL,27289153.99,Maranhão
2023,RREO,5,B,Governo do Estado do Maranhão,21,MA,7153262,RREO-Anexo 01,E,Padrão,Até o Bimestre (c),TransferenciasDeCapitalDaUniaoEDeSuasEntidades,Transferências da União e de suas Entidades,26121488.7,Maranhão
2023,RREO,5,B,Governo do Estado do Maranhão,21,MA,7153262,RREO-Anexo 01,E,Padrão,Até o Bimestre (c),TransferenciasDeCapitalDeInstituicoesPrivadas,Transferências de Instituições Privadas,1167665.29,Maranhão
2023,RREO,6,B,Governo do Estado do Maranhão,21,MA,7153262,RREO-Anexo 01,E,Padrão,Até o Bimestre (c),TransferenciasCorrentes,TRANSFERÊNCIAS CORRENTES,13049773003.61,Maranhão
2023,RREO,6,B,Governo do Estado do Maranhão,21,MA,7153262,RREO-Anexo 01,E,Padrão,Até o Bimestre (c),TransferenciasCorrentesDaUniaoEDeSuasEntidades,Transferências da União e de suas Entidades,11823666288.15,Maranhão
2023,RREO,6,B,Governo do Estado do Maranhão,21,MA,7153262,RREO-Anexo 01,E,Padrão,Até o Bimestre (c),TransferenciasCorrentesDosEstadosEDoDistritoFederalEDeSuasEntidades,Transferências dos Estados e do Distrito Federal e de suas Entidades,6871463.52,Maranhão
2023,RREO,6,B,Governo do Estado do Maranhão,21,MA,7153262,RREO-Anexo 01,E,Padrão,Até o Bimestre (c),TransferenciasCorrentesDosMunicipiosEDeSuasEntidades,Transferências dos Municípios e de suas Entidades,400000.0,Maranhão
2023,RREO,6,B,Governo do Estado do Maranhão,21,MA,7153262,RREO-Anexo 01,E,Padrão,Até o Bimestre (c),TransferenciasCorrentesDeInstituicoesPrivadas,Transferências de Instituições Privadas,18845055.88,Maranhão
2023,RREO,6,B,Governo do Estado do Maranhão,21,MA,7153262,RREO-Anexo 01,E,Padrão,Até o Bimestre (c),TransferenciasCorrentesDeOutrasInstituicoesPublicas,Transferências de Outras Instituições Públicas,1196869213.89,Maranhão
2023,RREO,6,B,Governo do Estado do Maranhão,21,MA,7153262,RREO-Anexo 01,E,Padrão,Até o Bimestre (c),TransferenciasCorrentesDoExterior,Transferências do Exterior,3119880.22,Maranhão
2023,RREO,6,B,Governo do Estado do Maranhão,21,MA,7153262,RREO-Anexo 01,E,Padrão,Até o Bimestre (c),OutrasTransferenciasCorrentes,Outras Transferências,1101.95,Maranhão
2023,RREO,6,B,Governo do Estado do Maranhão,21,MA,7153262,RREO-Anexo 01,E,Padrão,Até o Bimestre (c),TransferenciasDeCapital,TRANSFERÊNCIAS DE CAPITAL,31418514.81,Maranhão
2023,RREO,6,B,Governo do Estado do Maranhão,21,MA,7153262,RREO-Anexo 01,E,Padrão,Até o Bimestre (c),TransferenciasDeCapitalDaUniaoEDeSuasEntidades,Transferências da União e de suas Entidades,29734179.8,Maranhão
2023,RREO,6,B,Governo do Estado do Maranhão,21,MA,7153262,RREO-Anexo 01,E,Padrão,Até o Bimestre (c),TransferenciasDeCapitalDeInstituicoesPrivadas,Transferências de Instituições Privadas,1420335.01,Maranhão
2023,RREO,6,B,Governo do Estado do Maranhão,21,MA,7153262,RREO-Anexo 01,E,Padrão,Até o Bimestre (c),TransferenciasDeCapitalDeOutrasInstituicoesPublicas,Transferências de Outras Instituições Públicas,264000.0,Maranhão
2024,RREO,1,B,Governo do Estado do Maranhão,21,MA,6800605,RREO-Anexo 01,E,Padrão,Até o Bimestre (c),TransferenciasCorrentes,TRANSFERÊNCIAS CORRENTES,2966617479.51,Maranhão
2024,RREO,1,B,Governo do Estado do Maranhão,21,MA,6800605,RREO-Anexo 01,E,Padrão,Até o Bimestre (c),TransferenciasCorrentesDaUniaoEDeSuasEntidades,Transferências da União e de suas Entidades,2712553388.6,Maranhão
2024,RREO,1,B,Governo do Estado do Maranhão,21,MA,6800605,RREO-Anexo 01,E,Padrão,Até o Bimestre (c),TransferenciasCorrentesDosEstadosEDoDistritoFederalEDeSuasEntidades,Transferências dos Estados e do Distrito Federal e de suas Entidades,165083.7,Maranhão
2024,RREO,1,B,Governo do Estado do Maranhão,21,MA,6800605,RREO-Anexo 01,E,Padrão,Até o Bimestre (c),TransferenciasCorrentesDeInstituicoesPrivadas,Transferências de Instituições Privadas,583998.03,Maranhão
2024,RREO,1,B,Governo do Estado do Maranhão,21,MA,6800605,RREO-Anexo 01,E,Padrão,Até o Bimestre (c),TransferenciasCorrentesDeOutrasInstituicoesPublicas,Transferências de Outras Instituições Públicas,251179101.96,Maranhão
2024,RREO,1,B,Governo do Estado do Maranhão,21,MA,6800605,RREO-Anexo 01,E,Padrão,Até o Bimestre (c),TransferenciasCorrentesDoExterior,Transferências do Exterior,2135907.22,Maranhão
2024,RREO,1,B,Governo do Estado do Maranhão,21,MA,6800605,RREO-Anexo 01,E,Padrão,Até o Bimestre (c),TransferenciasDeCapital,TRANSFERÊNCIAS DE CAPITAL,703773.89,Maranhão
2024,RREO,1,B,Governo do Estado do Maranhão,21,MA,6800605,RREO-Anexo 01,E,Padrão,Até o Bimestre (c),TransferenciasDeCapitalDeInstituicoesPrivadas,Transferências de Instituições Privadas,270171.11,Maranhão
2024,RREO,1,B,Governo do Estado do Maranhão,21,MA,6800605,RREO-Anexo 01,E,Padrão,Até o Bimestre (c),TransferenciasDeCapitalDoExterior,Transferências do Exterior,433602.78,Maranhão
2024,RREO,2,B,Governo do Estado do Maranhão,21,MA,6800605,RREO-Anexo 01,E,Padrão,Até o Bimestre (c),TransferenciasCorrentes,TRANSFERÊNCIAS CORRENTES,6970636481.4,Maranhão
2024,RREO,2,B,Governo do Estado do Maranhão,21,MA,6800605,RREO-Anexo 01,E,Padrão,Até o Bimestre (c),TransferenciasCorrentesDaUniaoEDeSuasEntidades,Transferências da União e de suas Entidades,6477318613.37,Maranhão
2024,RREO,2,B,Governo do Estado do Maranhão,21,MA,6800605,RREO-Anexo 01,E,Padrão,Até o Bimestre (c),TransferenciasCorrentesDosEstadosEDoDistritoFederalEDeSuasEntidades,Transferências dos Estados e do Distrito Federal e de suas Entidades,330167.4,Maranhão
2024,RREO,2,B,Governo do Estado do Maranhão,21,MA,6800605,RREO-Anexo 01,E,Padrão,Até o Bimestre (c),TransferenciasCorrentesDeInstituicoesPrivadas,Transferências de Instituições Privadas,1543341.67,Maranhão
2024,RREO,2,B,Governo do Estado do Maranhão,21,MA,6800605,RREO-Anexo 01,E,Padrão,Até o Bimestre (c),TransferenciasCorrentesDeOutrasInstituicoesPublicas,Transferências de Outras Instituições Públicas,489308451.74,Maranhão
2024,RREO,2,B,Governo do Estado do Maranhão,21,MA,6800605,RREO-Anexo 01,E,Padrão,Até o Bimestre (c),TransferenciasCorrentesDoExterior,Transferências do Exterior,2135907.22,Maranhão
2024,RREO,2,B,Governo do Estado do Maranhão,21,MA,6800605,RREO-Anexo 01,E,Padrão,Até o Bimestre (c),TransferenciasDeCapital,TRANSFERÊNCIAS DE CAPITAL,1872635.64,Maranhão
2024,RREO,2,B,Governo do Estado do Maranhão,21,MA,6800605,RREO-Anexo 01,E,Padrão,Até o Bimestre (c),TransferenciasDeCapitalDaUniaoEDeSuasEntidades,Transferências da União e de suas Entidades,892954.39,Maranhão
2024,RREO,2,B,Governo do Estado do Maranhão,21,MA,6800605,RREO-Anexo 01,E,Padrão,Até o Bimestre (c),TransferenciasDeCapitalDeInstituicoesPrivadas,Transferências de Instituições Privadas,546078.47,Maranhão
2024,RREO,2,B,Governo do Estado do Maranhão,21,MA,6800605,RREO-Anexo 01,E,Padrão,Até o Bimestre (c),TransferenciasDeCapitalDoExterior,Transferências do Exterior,433602.78,Maranhão
2024,RREO,3,B,Governo do Estado do Maranhão,21,MA,6800605,RREO-Anexo 01,E,Padrão,Até o Bimestre (c),TransferenciasCorrentes,TRANSFERÊNCIAS CORRENTES,9692603661.61,Maranhão
2024,RREO,3,B,Governo do Estado do Maranhão,21,MA,6800605,RREO-Anexo 01,E,Padrão,Até o Bimestre (c),TransferenciasCorrentesDaUniaoEDeSuasEntidades,Transferências da União e de suas Entidades,8939974050.42,Maranhão
2024,RREO,3,B,Governo do Estado do Maranhão,21,MA,6800605,RREO-Anexo 01,E,Padrão,Até o Bimestre (c),TransferenciasCorrentesDosEstadosEDoDistritoFederalEDeSuasEntidades,Transferências dos Estados e do Distrito Federal e de suas Entidades,2582210.34,Maranhão
2024,RREO,3,B,Governo do Estado do Maranhão,21,MA,6800605,RREO-Anexo 01,E,Padrão,Até o Bimestre (c),TransferenciasCorrentesDeInstituicoesPrivadas,Transferências de Instituições Privadas,9858537.83,Maranhão
2024,RREO,3,B,Governo do Estado do Maranhão,21,MA,6800605,RREO-Anexo 01,E,Padrão,Até o Bimestre (c),TransferenciasCorrentesDeOutrasInstituicoesPublicas,Transferências de Outras Instituições Públicas,738052955.8,Maranhão
2024,RREO,3,B,Governo do Estado do Maranhão,21,MA,6800605,RREO-Anexo 01,E,Padrão,Até o Bimestre (c),TransferenciasCorrentesDoExterior,Transferências do Exterior,2135907.22,Maranhão
2024,RREO,3,B,Governo do Estado do Maranhão,21,MA,6800605,RREO-Anexo 01,E,Padrão,Até o Bimestre (c),TransferenciasDeCapital,TRANSFERÊNCIAS DE CAPITAL,2214769.78,Maranhão
2024,RREO,3,B,Governo do Estado do Maranhão,21,MA,6800605,RREO-Anexo 01,E,Padrão,Até o Bimestre (c),TransferenciasDeCapitalDaUniaoEDeSuasEntidades,Transferências da União e de suas Entidades,1075474.39,Maranhão
2024,RREO,3,B,Governo do Estado do Maranhão,21,MA,6800605,RREO-Anexo 01,E,Padrão,Até o Bimestre (c),TransferenciasDeCapitalDeInstituicoesPrivadas,Transferências de Instituições Privadas,705692.61,Maranhão
2024,RREO,3,B,Governo do Estado do Maranhão,21,MA,6800605,RREO-Anexo 01,E,Padrão,Até o Bimestre (c),TransferenciasDeCapitalDoExterior,Transferências do Exterior,433602.78,Maranhão
2024,RREO,4,B,Governo do Estado do Maranhão,21,MA,6800605,RREO-Anexo 01,E,Padrão,Até o Bimestre (c),TransferenciasCorrentes,TRANSFERÊNCIAS CORRENTES,12064290171.02,Maranhão
2024,RREO,4,B,Governo do Estado do Maranhão,21,MA,6800605,RREO-Anexo 01,E,Padrão,Até o Bimestre (c),TransferenciasCorrentesDaUniaoEDeSuasEntidades,Transferências da União e de suas Entidades,11084589419.76,Maranhão
2024,RREO,4,B,Governo do Estado do Maranhão,21,MA,6800605,RREO-Anexo 01,E,Padrão,Até o Bimestre (c),TransferenciasCorrentesDosEstadosEDoDistritoFederalEDeSuasEntidades,Transferências dos Estados e do Distrito Federal e de suas Entidades,2875551.44,Maranhão
2024,RREO,4,B,Governo do Estado do Maranhão,21,MA,6800605,RREO-Anexo 01,E,Padrão,Até o Bimestre (c),TransferenciasCorrentesDosMunicipiosEDeSuasEntidades,Transferências dos Municípios e de suas Entidades,294479.63,Maranhão
2024,RREO,4,B,Governo do Estado do Maranhão,21,MA,6800605,RREO-Anexo 01,E,Padrão,Até o Bimestre (c),TransferenciasCorrentesDeInstituicoesPrivadas,Transferências de Instituições Privadas,11510852.99,Maranhão
2024,RREO,4,B,Governo do Estado do Maranhão,21,MA,6800605,RREO-Anexo 01,E,Padrão,Até o Bimestre (c),TransferenciasCorrentesDeOutrasInstituicoesPublicas,Transferências de Outras Instituições Públicas,962883959.98,Maranhão
2024,RREO,4,B,Governo do Estado do Maranhão,21,MA,6800605,RREO-Anexo 01,E,Padrão,Até o Bimestre (c),TransferenciasCorrentesDoExterior,Transferências do Exterior,2135907.22,Maranhão
2024,RREO,4,B,Governo do Estado do Maranhão,21,MA,6800605,RREO-Anexo 01,E,Padrão,Até o Bimestre (c),TransferenciasDeCapital,TRANSFERÊNCIAS DE CAPITAL,22418924.58,Maranhão
2024,RREO,4,B,Governo do Estado do Maranhão,21,MA,6800605,RREO-Anexo 01,E,Padrão,Até o Bimestre (c),TransferenciasDeCapitalDaUniaoEDeSuasEntidades,Transferências da União e de suas Entidades,20804182.74,Maranhão
2024,RREO,4,B,Governo do Estado do Maranhão,21,MA,6800605,RREO-Anexo 01,E,Padrão,Até o Bimestre (c),TransferenciasDeCapitalDeInstituicoesPrivadas,Transferências de Instituições Privadas,1181139.06,Maranhão
2024,RREO,4,B,Governo do Estado do Maranhão,21,MA,6800605,RREO-Anexo 01,E,Padrão,Até o Bimestre (c),TransferenciasDeCapitalDoExterior,Transferências do Exterior,433602.78,Maranhão
2024,RREO,5,B,Governo do Estado do Maranhão,21,MA,6800605,RREO-Anexo 01,E,Padrão,Até o Bimestre (c),TransferenciasCorrentes,TRANSFERÊNCIAS CORRENTES,14191993720.68,Maranhão
2024,RREO,5,B,Governo do Estado do Maranhão,21,MA,6800605,RREO-Anexo 01,E,Padrão,Até o Bimestre (c),TransferenciasCorrentesDaUniaoEDeSuasEntidades,Transferências da União e de suas Entidades,12989451339.17,Maranhão
2024,RREO,5,B,Governo do Estado do Maranhão,21,MA,6800605,RREO-Anexo 01,E,Padrão,Até o Bimestre (c),TransferenciasCorrentesDosEstadosEDoDistritoFederalEDeSuasEntidades,Transferências dos Estados e do Distrito Federal e de suas Entidades,4220119.95,Maranhão
2024,RREO,5,B,Governo do Estado do Maranhão,21,MA,6800605,RREO-Anexo 01,E,Padrão,Até o Bimestre (c),TransferenciasCorrentesDosMunicipiosEDeSuasEntidades,Transferências dos Municípios e de suas Entidades,294479.63,Maranhão
2024,RREO,5,B,Governo do Estado do Maranhão,21,MA,6800605,RREO-Anexo 01,E,Padrão,Até o Bimestre (c),TransferenciasCorrentesDeInstituicoesPrivadas,Transferências de Instituições Privadas,13974896.03,Maranhão
2024,RREO,5,B,Governo do Estado do Maranhão,21,MA,6800605,RREO-Anexo 01,E,Padrão,Até o Bimestre (c),TransferenciasCorrentesDeOutrasInstituicoesPublicas,Transferências de Outras Instituições Públicas,1181916978.68,Maranhão
2024,RREO,5,B,Governo do Estado do Maranhão,21,MA,6800605,RREO-Anexo 01,E,Padrão,Até o Bimestre (c),TransferenciasCorrentesDoExterior,Transferências do Exterior,2135907.22,Maranhão
2024,RREO,5,B,Governo do Estado do Maranhão,21,MA,6800605,RREO-Anexo 01,E,Padrão,Até o Bimestre (c),TransferenciasDeCapital,TRANSFERÊNCIAS DE CAPITAL,27392471.03,Maranhão
2024,RREO,5,B,Governo do Estado do Maranhão,21,MA,6800605,RREO-Anexo 01,E,Padrão,Até o Bimestre (c),TransferenciasDeCapitalDaUniaoEDeSuasEntidades,Transferências da União e de suas Entidades,20806423.73,Maranhão
2024,RREO,5,B,Governo do Estado do Maranhão,21,MA,6800605,RREO-Anexo 01,E,Padrão,Até o Bimestre (c),TransferenciasDeCapitalDeInstituicoesPrivadas,Transferências de Instituições Privadas,6152444.52,Maranhão
2024,RREO,5,B,Governo do Estado do Maranhão,21,MA,6800605,RREO-Anexo 01,E,Padrão,Até o Bimestre (c),TransferenciasDeCapitalDoExterior,Transferências do Exterior,433602.78,Maranhão
2024,RREO,6,B,Governo do Estado do Maranhão,21,MA,6800605,RREO-Anexo 01,E,Padrão,Até o Bimestre (c),TransferenciasCorrentes,TRANSFERÊNCIAS CORRENTES,17648129635.38,Maranhão
2024,RREO,6,B,Governo do Estado do Maranhão,21,MA,6800605,RREO-Anexo 01,E,Padrão,Até o Bimestre (c),TransferenciasCorrentesDaUniaoEDeSuasEntidades,Transferências da União e de suas Entidades,16046758354.81,Maranhão
2024,RREO,6,B,Governo do Estado do Maranhão,21,MA,6800605,RREO-Anexo 01,E,Padrão,Até o Bimestre (c),TransferenciasCorrentesDosEstadosEDoDistritoFederalEDeSuasEntidades,Transferências dos Estados e do Distrito Federal e de suas Entidades,14484205.83,Maranhão
2024,RREO,6,B,Governo do Estado do Maranhão,21,MA,6800605,RREO-Anexo 01,E,Padrão,Até o Bimestre (c),TransferenciasCorrentesDosMunicipiosEDeSuasEntidades,Transferências dos Municípios e de suas Entidades,294479.63,Maranhão
2024,RREO,6,B,Governo do Estado do Maranhão,21,MA,6800605,RREO-Anexo 01,E,Padrão,Até o Bimestre (c),TransferenciasCorrentesDeInstituicoesPrivadas,Transferências de Instituições Privadas,116891746.84,Maranhão
2024,RREO,6,B,Governo do Estado do Maranhão,21,MA,6800605,RREO-Anexo 01,E,Padrão,Até o Bimestre (c),TransferenciasCorrentesDeOutrasInstituicoesPublicas,Transferências de Outras Instituições Públicas,1458545700.98,Maranhão
2024,RREO,6,B,Governo do Estado do Maranhão,21,MA,6800605,RREO-Anexo 01,E,Padrão,Até o Bimestre (c),TransferenciasCorrentesDoExterior,Transferências do Exterior,11155147.29,Maranhão
2024,RREO,6,B,Governo do Estado do Maranhão,21,MA,6800605,RREO-Anexo 01,E,Padrão,Até o Bimestre (c),TransferenciasDeCapital,TRANSFERÊNCIAS DE CAPITAL,451722164.3,Maranhão
2024,RREO,6,B,Governo do Estado do Maranhão,21,MA,6800605,RREO-Anexo 01,E,Padrão,Até o Bimestre (c),TransferenciasDeCapitalDaUniaoEDeSuasEntidades,Transferências da União e de suas Entidades,41295123.95,Maranhão
2024,RREO,6,B,Governo do Estado do Maranhão,21,MA,6800605,RREO-Anexo 01,E,Padrão,Até o Bimestre (c),TransferenciasDeCapitalDeInstituicoesPrivadas,Transferências de Instituições Privadas,406500036.17,Maranhão
2024,RREO,6,B,Governo do Estado do Maranhão,21,MA,6800605,RREO-Anexo 01,E,Padrão,Até o Bimestre (c),TransferenciasDeCapitalDoExterior,Transferências do Exterior,3927004.18,Maranhão
2025,RREO,1,B,Governo do Estado do Maranhão,21,MA,6800605,RREO-Anexo 01,E,Padrão,Até o Bimestre (c),TransferenciasCorrentes,TRANSFERÊNCIAS CORRENTES,3137620966.63,Maranhão
2025,RREO,1,B,Governo do Estado do Maranhão,21,MA,6800605,RREO-Anexo 01,E,Padrão,Até o Bimestre (c),TransferenciasCorrentesDaUniaoEDeSuasEntidades,Transferências da União e de suas Entidades,2789939185.91,Maranhão
2025,RREO,1,B,Governo do Estado do Maranhão,21,MA,6800605,RREO-Anexo 01,E,Padrão,Até o Bimestre (c),TransferenciasCorrentesDosEstadosEDoDistritoFederalEDeSuasEntidades,Transferências dos Estados e do Distrito Federal e de suas Entidades,1871035.33,Maranhão
2025,RREO,1,B,Governo do Estado do Maranhão,21,MA,6800605,RREO-Anexo 01,E,Padrão,Até o Bimestre (c),TransferenciasCorrentesDeInstituicoesPrivadas,Transferências de Instituições Privadas,31528348.11,Maranhão
2025,RREO,1,B,Governo do Estado do Maranhão,21,MA,6800605,RREO-Anexo 01,E,Padrão,Até o Bimestre (c),TransferenciasCorrentesDeOutrasInstituicoesPublicas,Transferências de Outras Instituições Públicas,314282397.28,Maranhão
2025,RREO,1,B,Governo do Estado do Maranhão,21,MA,6800605,RREO-Anexo 01,E,Padrão,Até o Bimestre (c),TransferenciasDeCapital,TRANSFERÊNCIAS DE CAPITAL,419304.85,Maranhão
2025,RREO,1,B,Governo do Estado do Maranhão,21,MA,6800605,RREO-Anexo 01,E,Padrão,Até o Bimestre (c),TransferenciasDeCapitalDaUniaoEDeSuasEntidades,Transferências da União e de suas Entidades,75960.0,Maranhão
2025,RREO,1,B,Governo do Estado do Maranhão,21,MA,6800605,RREO-Anexo 01,E,Padrão,Até o Bimestre (c),TransferenciasDeCapitalDeInstituicoesPrivadas,Transferências de Instituições Privadas,343344.85,Maranhão
2025,RREO,2,B,Governo do Estado do Maranhão,21,MA,6800605,RREO-Anexo 01,E,Padrão,Até o Bimestre (c),TransferenciasCorrentes,TRANSFERÊNCIAS CORRENTES,5543849777.27,Maranhão
2025,RREO,2,B,Governo do Estado do Maranhão,21,MA,6800605,RREO-Anexo 01,E,Padrão,Até o Bimestre (c),TransferenciasCorrentesDaUniaoEDeSuasEntidades,Transferências da União e de suas Entidades,4934096946.67,Maranhão
2025,RREO,2,B,Governo do Estado do Maranhão,21,MA,6800605,RREO-Anexo 01,E,Padrão,Até o Bimestre (c),TransferenciasCorrentesDosEstadosEDoDistritoFederalEDeSuasEntidades,Transferências dos Estados e do Distrito Federal e de suas Entidades,4180084.34,Maranhão
2025,RREO,2,B,Governo do Estado do Maranhão,21,MA,6800605,RREO-Anexo 01,E,Padrão,Até o Bimestre (c),TransferenciasCorrentesDeInstituicoesPrivadas,Transferências de Instituições Privadas,32658055.51,Maranhão
2025,RREO,2,B,Governo do Estado do Maranhão,21,MA,6800605,RREO-Anexo 01,E,Padrão,Até o Bimestre (c),TransferenciasCorrentesDeOutrasInstituicoesPublicas,Transferências de Outras Instituições Públicas,572914690.75,Maranhão
2025,RREO,2,B,Governo do Estado do Maranhão,21,MA,6800605,RREO-Anexo 01,E,Padrão,Até o Bimestre (c),TransferenciasDeCapital,TRANSFERÊNCIAS DE CAPITAL,24043338.41,Maranhão
2025,RREO,2,B,Governo do Estado do Maranhão,21,MA,6800605,RREO-Anexo 01,E,Padrão,Até o Bimestre (c),TransferenciasDeCapitalDaUniaoEDeSuasEntidades,Transferências da União e de suas Entidades,23346274.63,Maranhão
2025,RREO,2,B,Governo do Estado do Maranhão,21,MA,6800605,RREO-Anexo 01,E,Padrão,Até o Bimestre (c),TransferenciasDeCapitalDeInstituicoesPrivadas,Transferências de Instituições Privadas,697063.78,Maranhão
2025,RREO,3,B,Governo do Estado do Maranhão,21,MA,6800605,RREO-Anexo 01,E,Padrão,Até o Bimestre (c),TransferenciasCorrentes,TRANSFERÊNCIAS CORRENTES,8581743469.27,Maranhão
2025,RREO,3,B,Governo do Estado do Maranhão,21,MA,6800605,RREO-Anexo 01,E,Padrão,Até o Bimestre (c),TransferenciasCorrentesDaUniaoEDeSuasEntidades,Transferências da União e de suas Entidades,7648727877.31,Maranhão
2025,RREO,3,B,Governo do Estado do Maranhão,21,MA,6800605,RREO-Anexo 01,E,Padrão,Até o Bimestre (c),TransferenciasCorrentesDosEstadosEDoDistritoFederalEDeSuasEntidades,Transferências dos Estados e do Distrito Federal e de suas Entidades,4989016.51,Maranhão
2025,RREO,3,B,Governo do Estado do Maranhão,21,MA,6800605,RREO-Anexo 01,E,Padrão,Até o Bimestre (c),TransferenciasCorrentesDeInstituicoesPrivadas,Transferências de Instituições Privadas,9291720.64,Maranhão
2025,RREO,3,B,Governo do Estado do Maranhão,21,MA,6800605,RREO-Anexo 01,E,Padrão,Até o Bimestre (c),TransferenciasCorrentesDeOutrasInstituicoesPublicas,Transferências de Outras Instituições Públicas,918734854.81,Maranhão
2025,RREO,3,B,Governo do Estado do Maranhão,21,MA,6800605,RREO-Anexo 01,E,Padrão,Até o Bimestre (c),TransferenciasDeCapital,TRANSFERÊNCIAS DE CAPITAL,23346274.63,Maranhão
2025,RREO,3,B,Governo do Estado do Maranhão,21,MA,6800605,RREO-Anexo 01,E,Padrão,Até o Bimestre (c),TransferenciasDeCapitalDaUniaoEDeSuasEntidades,Transferências da União e de suas Entidades,23346274.63,Maranhão
2025,RREO,4,B,Governo do Estado do Maranhão,21,MA,6800605,RREO-Anexo 01,E,Padrão,Até o Bimestre (c),TransferenciasCorrentes,TRANSFERÊNCIAS CORRENTES,12469082302.2,Maranhão
2025,RREO,4,B,Governo do Estado do Maranhão,21,MA,6800605,RREO-Anexo 01,E,Padrão,Até o Bimestre (c),TransferenciasCorrentesDaUniaoEDeSuasEntidades,Transferências da União e de suas Entidades,11264746046.63,Maranhão
2025,RREO,4,B,Governo do Estado do Maranhão,21,MA,6800605,RREO-Anexo 01,E,Padrão,Até o Bimestre (c),TransferenciasCorrentesDosEstadosEDoDistritoFederalEDeSuasEntidades,Transferências dos Estados e do Distrito Federal e de suas Entidades,5183498.04,Maranhão
2025,RREO,4,B,Governo do Estado do Maranhão,21,MA,6800605,RREO-Anexo 01,E,Padrão,Até o Bimestre (c),TransferenciasCorrentesDeInstituicoesPrivadas,Transferências de Instituições Privadas,10679278.09,Maranhão
2025,RREO,4,B,Governo do Estado do Maranhão,21,MA,6800605,RREO-Anexo 01,E,Padrão,Até o Bimestre (c),TransferenciasCorrentesDeOutrasInstituicoesPublicas,Transferências de Outras Instituições Públicas,1188473479.44,Maranhão
2025,RREO,4,B,Governo do Estado do Maranhão,21,MA,6800605,RREO-Anexo 01,E,Padrão,Até o Bimestre (c),TransferenciasDeCapital,TRANSFERÊNCIAS DE CAPITAL,42931490.08,Maranhão
2025,RREO,4,B,Governo do Estado do Maranhão,21,MA,6800605,RREO-Anexo 01,E,Padrão,Até o Bimestre (c),TransferenciasDeCapitalDaUniaoEDeSuasEntidades,Transferências da União e de suas Entidades,20775140.08,Maranhão
2025,RREO,4,B,Governo do Estado do Maranhão,21,MA,6800605,RREO-Anexo 01,E,Padrão,Até o Bimestre (c),TransferenciasDeCapitalDeInstituicoesPrivadas,Transferências de Instituições Privadas,22156350.0,Maranhão
2025,RREO,5,B,Governo do Estado do Maranhão,21,MA,6800605,RREO-Anexo 01,E,Padrão,Até o Bimestre (c),TransferenciasCorrentes,TRANSFERÊNCIAS CORRENTES,14771072401.54,Maranhão
2025,RREO,5,B,Governo do Estado do Maranhão,21,MA,6800605,RREO-Anexo 01,E,Padrão,Até o Bimestre (c),TransferenciasCorrentesDaUniaoEDeSuasEntidades,Transferências da União e de suas Entidades,13298269104.49,Maranhão
2025,RREO,5,B,Governo do Estado do Maranhão,21,MA,6800605,RREO-Anexo 01,E,Padrão,Até o Bimestre (c),TransferenciasCorrentesDosEstadosEDoDistritoFederalEDeSuasEntidades,Transferências dos Estados e do Distrito Federal e de suas Entidades,5287787.72,Maranhão
2025,RREO,5,B,Governo do Estado do Maranhão,21,MA,6800605,RREO-Anexo 01,E,Padrão,Até o Bimestre (c),TransferenciasCorrentesDeInstituicoesPrivadas,Transferências de Instituições Privadas,11292020.76,Maranhão
2025,RREO,5,B,Governo do Estado do Maranhão,21,MA,6800605,RREO-Anexo 01,E,Padrão,Até o Bimestre (c),TransferenciasCorrentesDeOutrasInstituicoesPublicas,Transferências de Outras Instituições Públicas,1456223488.57,Maranhão
2025,RREO,5,B,Governo do Estado do Maranhão,21,MA,6800605,RREO-Anexo 01,E,Padrão,Até o Bimestre (c),TransferenciasDeCapital,TRANSFERÊNCIAS DE CAPITAL,59490072.99,Maranhão
2025,RREO,5,B,Governo do Estado do Maranhão,21,MA,6800605,RREO-Anexo 01,E,Padrão,Até o Bimestre (c),TransferenciasDeCapitalDaUniaoEDeSuasEntidades,Transferências da União e de suas Entidades,35892544.07,Maranhão
2025,RREO,5,B,Governo do Estado do Maranhão,21,MA,6800605,RREO-Anexo 01,E,Padrão,Até o Bimestre (c),TransferenciasDeCapitalDeInstituicoesPrivadas,Transferências de Instituições Privadas,22156350.0,Maranhão
2025,RREO,5,B,Governo do Estado do Maranhão,21,MA,6800605,RREO-Anexo 01,E,Padrão,Até o Bimestre (c),TransferenciasDeCapitalDeOutrasInstituicoesPublicas,Transferências de Outras Instituições Públicas,1441178.92,Maranhão
2025,RREO,6,B,Governo do Estado do Maranhão,21,MA,6800605,RREO-Anexo 01,E,Padrão,Até o Bimestre (c),TransferenciasCorrentes,TRANSFERÊNCIAS CORRENTES,18339067374.36,Maranhão
2025,RREO,6,B,Governo do Estado do Maranhão,21,MA,6800605,RREO-Anexo 01,E,Padrão,Até o Bimestre (c),TransferenciasCorrentesDaUniaoEDeSuasEntidades,Transferências da União e de suas Entidades,16545475005.35,Maranhão
2025,RREO,6,B,Governo do Estado do Maranhão,21,MA,6800605,RREO-Anexo 01,E,Padrão,Até o Bimestre (c),TransferenciasCorrentesDosEstadosEDoDistritoFederalEDeSuasEntidades,Transferências dos Estados e do Distrito Federal e de suas Entidades,5386895.9,Maranhão
2025,RREO,6,B,Governo do Estado do Maranhão,21,MA,6800605,RREO-Anexo 01,E,Padrão,Até o Bimestre (c),TransferenciasCorrentesDeInstituicoesPrivadas,Transferências de Instituições Privadas,12531190.76,Maranhão
2025,RREO,6,B,Governo do Estado do Maranhão,21,MA,6800605,RREO-Anexo 01,E,Padrão,Até o Bimestre (c),TransferenciasCorrentesDeOutrasInstituicoesPublicas,Transferências de Outras Instituições Públicas,1775674282.35,Maranhão
2025,RREO,6,B,Governo do Estado do Maranhão,21,MA,6800605,RREO-Anexo 01,E,Padrão,Até o Bimestre (c),TransferenciasDeCapital,TRANSFERÊNCIAS DE CAPITAL,76070585.53,Maranhão
2025,RREO,6,B,Governo do Estado do Maranhão,21,MA,6800605,RREO-Anexo 01,E,Padrão,Até o Bimestre (c),TransferenciasDeCapitalDaUniaoEDeSuasEntidades,Transferências da União e de suas Entidades,52226135.33,Maranhão
2025,RREO,6,B,Governo do Estado do Maranhão,21,MA,6800605,RREO-Anexo 01,E,Padrão,Até o Bimestre (c),TransferenciasDeCapitalDeInstituicoesPrivadas,Transferências de Instituições Privadas,22156350.0,Maranhão
2025,RREO,6,B,Governo do Estado do Maranhão,21,MA,6800605,RREO-Anexo 01,E,Padrão,Até o Bimestre (c),TransferenciasDeCapitalDeOutrasInstituicoesPublicas,Transferências de Outras Instituições Públicas,1688100.2,Maranhão
