exercicio,periodo,uf,anexo,cod_conta,conta,coluna,valor,populacao,uf_nome
2015,1,SE,RGF-Anexo 01,DespesaComPessoalBruta,DESPESA BRUTA COM PESSOAL (I),LIQUIDADAS (a),4064084113.04,2219574,Sergipe
2015,1,SE,RGF-Anexo 01,DespesaComPessoalAtivoBruta,Pessoal Ativo,LIQUIDADAS (a),2527594320.19,2219574,Sergipe
2015,1,SE,RGF-Anexo 01,DespesaComPessoalInativoEPensionistasBruta,Pessoal Inativo e Pensionistas,LIQUIDADAS (a),1535032592.17,2219574,Sergipe
2015,1,SE,RGF-Anexo 01,DespesaComPessoalLiquida,DESPESA LÍQUIDA COM PESSOAL (III) = (I - II),LIQUIDADAS (a),2896266965.55,2219574,Sergipe
2015,1,SE,RGF-Anexo 01,ReceitaCorrenteLiquidaLimiteLegal,RECEITA CORRENTE LIQUIDA - RCL (IV),Valor,6038199971.54,2219574,Sergipe
2015,1,SE,RGF-Anexo 01,DespesaComPessoalTotal,DESPESA TOTAL COM PESSOAL - DTP (V) = (III a + III b),Valor,2896266965.55,2219574,Sergipe
2015,1,SE,RGF-Anexo 01,DespesaComPessoalTotal,DESPESA TOTAL COM PESSOAL - DTP (V) = (III a + III b),% sobre a RCL,47.97,2219574,Sergipe
2015,1,SE,RGF-Anexo 02,DividaConsolidada,DÍVIDA CONSOLIDADA - DC (I),SALDO DO EXERCÍCIO ANTERIOR,4061413692.17,2219574,Sergipe
2015,1,SE,RGF-Anexo 02,DividaConsolidada,DÍVIDA CONSOLIDADA - DC (I),Até o 1º Quadrimestre,4491826899.5,2219574,Sergipe
2015,1,SE,RGF-Anexo 02,DividaContratual,Dívida Contratual,SALDO DO EXERCÍCIO ANTERIOR,2842838525.45,2219574,Sergipe
2015,1,SE,RGF-Anexo 02,DividaContratual,Dívida Contratual,Até o 1º Quadrimestre,2748857858.15,2219574,Sergipe
2015,1,SE,RGF-Anexo 02,DividaConsolidadaLiquida,DÍVIDA CONSOLIDADA LÍQUIDA (DCL) (III) = (I - II),SALDO DO EXERCÍCIO ANTERIOR,3493393079.67,2219574,Sergipe
2015,1,SE,RGF-Anexo 02,DividaConsolidadaLiquida,DÍVIDA CONSOLIDADA LÍQUIDA (DCL) (III) = (I - II),Até o 1º Quadrimestre,3270330619.32,2219574,Sergipe
2015,2,SE,RGF-Anexo 01,DespesaComPessoalBruta,DESPESA BRUTA COM PESSOAL (I),LIQUIDADAS (a),4068534002.7,2219574,Sergipe
2015,2,SE,RGF-Anexo 01,DespesaComPessoalAtivoBruta,Pessoal Ativo,LIQUIDADAS (a),2506818958.86,2219574,Sergipe
2015,2,SE,RGF-Anexo 01,DespesaComPessoalInativoEPensionistasBruta,Pessoal Inativo e Pensionistas,LIQUIDADAS (a),1560012261.37,2219574,Sergipe
2015,2,SE,RGF-Anexo 01,DespesaComPessoalLiquida,DESPESA LÍQUIDA COM PESSOAL (III) = (I - II),LIQUIDADAS (a),2939734081.55,2219574,Sergipe
2015,2,SE,RGF-Anexo 01,ReceitaCorrenteLiquidaLimiteLegal,RECEITA CORRENTE LIQUIDA - RCL (IV),Valor,6169963674.49,2219574,Sergipe
2015,2,SE,RGF-Anexo 01,DespesaComPessoalTotal,DESPESA TOTAL COM PESSOAL - DTP (V) = (III a + III b),Valor,2939734081.55,2219574,Sergipe
2015,2,SE,RGF-Anexo 01,DespesaComPessoalTotal,DESPESA TOTAL COM PESSOAL - DTP (V) = (III a + III b),% sobre a RCL,47.65,2219574,Sergipe
2015,2,SE,RGF-Anexo 02,DividaConsolidada,DÍVIDA CONSOLIDADA - DC (I),SALDO DO EXERCÍCIO ANTERIOR,3968530952.39,2219574,Sergipe
2015,2,SE,RGF-Anexo 02,DividaConsolidada,DÍVIDA CONSOLIDADA - DC (I),Até o 1º Quadrimestre,4491826899.5,2219574,Sergipe
2015,2,SE,RGF-Anexo 02,DividaConsolidada,DÍVIDA CONSOLIDADA - DC (I),Até o 2º Quadrimestre,4395038535.12,2219574,Sergipe
2015,2,SE,RGF-Anexo 02,DividaContratual,Dívida Contratual,SALDO DO EXERCÍCIO ANTERIOR,2842838525.45,2219574,Sergipe
2015,2,SE,RGF-Anexo 02,DividaContratual,Dívida Contratual,Até o 1º Quadrimestre,2748857858.15,2219574,Sergipe
2015,2,SE,RGF-Anexo 02,DividaContratual,Dívida Contratual,Até o 2º Quadrimestre,2758784512.03,2219574,Sergipe
2015,2,SE,RGF-Anexo 02,DividaConsolidadaLiquida,DÍVIDA CONSOLIDADA LÍQUIDA (DCL) (III) = (I - II),SALDO DO EXERCÍCIO ANTERIOR,3397689042.95,2219574,Sergipe
2015,2,SE,RGF-Anexo 02,DividaConsolidadaLiquida,DÍVIDA CONSOLIDADA LÍQUIDA (DCL) (III) = (I - II),Até o 1º Quadrimestre,3270330619.32,2219574,Sergipe
2015,2,SE,RGF-Anexo 02,DividaConsolidadaLiquida,DÍVIDA CONSOLIDADA LÍQUIDA (DCL) (III) = (I - II),Até o 2º Quadrimestre,3396670367.95,2219574,Sergipe
2015,3,SE,RGF-Anexo 01,DespesaComPessoalBruta,DESPESA BRUTA COM PESSOAL (I),LIQUIDADAS (a),4067136440.04,2219574,Sergipe
2015,3,SE,RGF-Anexo 01,DespesaComPessoalAtivoBruta,Pessoal Ativo,LIQUIDADAS (a),2477774080.63,2219574,Sergipe
2015,3,SE,RGF-Anexo 01,DespesaComPessoalInativoEPensionistasBruta,Pessoal Inativo e Pensionistas,LIQUIDADAS (a),1587581222.99,2219574,Sergipe
2015,3,SE,RGF-Anexo 01,DespesaComPessoalLiquida,DESPESA LÍQUIDA COM PESSOAL (III) = (I - II),LIQUIDADAS (a),3037924179.5,2219574,Sergipe
2015,3,SE,RGF-Anexo 01,ReceitaCorrenteLiquidaLimiteLegal,RECEITA CORRENTE LIQUIDA - RCL (IV),Valor,6353339374.91,2219574,Sergipe
2015,3,SE,RGF-Anexo 01,DespesaComPessoalTotal,DESPESA TOTAL COM PESSOAL - DTP (V) = (III a + III b),Valor,3037924179.5,2219574,Sergipe
2015,3,SE,RGF-Anexo 01,DespesaComPessoalTotal,DESPESA TOTAL COM PESSOAL - DTP (V) = (III a + III b),% sobre a RCL,47.82,2219574,Sergipe
2015,3,SE,RGF-Anexo 02,DividaConsolidada,DÍVIDA CONSOLIDADA - DC (I),SALDO DO EXERCÍCIO ANTERIOR,3968530952.39,2219574,Sergipe
2015,3,SE,RGF-Anexo 02,DividaConsolidada,DÍVIDA CONSOLIDADA - DC (I),Até o 1º Quadrimestre,4494232833.58,2219574,Sergipe
2015,3,SE,RGF-Anexo 02,DividaConsolidada,DÍVIDA CONSOLIDADA - DC (I),Até o 2º Quadrimestre,4395038535.12,2219574,Sergipe
2015,3,SE,RGF-Anexo 02,DividaConsolidada,DÍVIDA CONSOLIDADA - DC (I),Até o 3º Quadrimestre,4842102139.4,2219574,Sergipe
2015,3,SE,RGF-Anexo 02,DividaContratual,Dívida Contratual,SALDO DO EXERCÍCIO ANTERIOR,2842838525.45,2219574,Sergipe
2015,3,SE,RGF-Anexo 02,DividaContratual,Dívida Contratual,Até o 1º Quadrimestre,2748857858.15,2219574,Sergipe
2015,3,SE,RGF-Anexo 02,DividaContratual,Dívida Contratual,Até o 2º Quadrimestre,2758784512.03,2219574,Sergipe
2015,3,SE,RGF-Anexo 02,DividaContratual,Dívida Contratual,Até o 3º Quadrimestre,3093928942.37,2219574,Sergipe
2015,3,SE,RGF-Anexo 02,DividaConsolidadaLiquida,DÍVIDA CONSOLIDADA LÍQUIDA (DCL) (III) = (I - II),SALDO DO EXERCÍCIO ANTERIOR,3397689042.95,2219574,Sergipe
2015,3,SE,RGF-Anexo 02,DividaConsolidadaLiquida,DÍVIDA CONSOLIDADA LÍQUIDA (DCL) (III) = (I - II),Até o 1º Quadrimestre,3269818741.62,2219574,Sergipe
2015,3,SE,RGF-Anexo 02,DividaConsolidadaLiquida,DÍVIDA CONSOLIDADA LÍQUIDA (DCL) (III) = (I - II),Até o 2º Quadrimestre,3396670367.95,2219574,Sergipe
2015,3,SE,RGF-Anexo 02,DividaConsolidadaLiquida,DÍVIDA CONSOLIDADA LÍQUIDA (DCL) (III) = (I - II),Até o 3º Quadrimestre,4385703603.8,2219574,Sergipe
2016,1,SE,RGF-Anexo 01,DespesaComPessoalBruta,DESPESA BRUTA COM PESSOAL (I),"DESPESAS LIQUIDADAS 
(a)",4089238213.54,2242937,Sergipe
2016,1,SE,RGF-Anexo 01,DespesaComPessoalAtivoBruta,Pessoal Ativo,"DESPESAS LIQUIDADAS 
(a)",2459194480.46,2242937,Sergipe
2016,1,SE,RGF-Anexo 01,DespesaComPessoalInativoEPensionistasBruta,Pessoal Inativo e Pensionistas,"DESPESAS LIQUIDADAS 
(a)",1628256259.95,2242937,Sergipe
2016,1,SE,RGF-Anexo 01,DespesaComPessoalLiquida,DESPESA LÍQUIDA COM PESSOAL (III) = (I - II),"DESPESAS LIQUIDADAS 
(a)",2907154236.31,2242937,Sergipe
2016,1,SE,RGF-Anexo 01,ReceitaCorrenteLiquidaLimiteLegal,RECEITA CORRENTE LIQUIDA - RCL (IV),Valor,6297705692.82,2242937,Sergipe
2016,1,SE,RGF-Anexo 01,DespesaComPessoalTotal,DESPESA TOTAL COM PESSOAL - DTP (V) = (III a + III b),Valor,2907154236.31,2242937,Sergipe
2016,1,SE,RGF-Anexo 01,DespesaComPessoalTotal,DESPESA TOTAL COM PESSOAL - DTP (V) = (III a + III b),% sobre a RCL,46.16,2242937,Sergipe
2016,1,SE,RGF-Anexo 02,DividaConsolidada,DÍVIDA CONSOLIDADA - DC (I),SALDO DO EXERCÍCIO ANTERIOR,4842102139.4,2242937,Sergipe
2016,1,SE,RGF-Anexo 02,DividaConsolidada,DÍVIDA CONSOLIDADA - DC (I),Até o 1º Quadrimestre,4963959666.54,2242937,Sergipe
2016,1,SE,RGF-Anexo 02,DividaContratual,Dívida Contratual,SALDO DO EXERCÍCIO ANTERIOR,3142073615.95,2242937,Sergipe
2016,1,SE,RGF-Anexo 02,DividaContratual,Dívida Contratual,Até o 1º Quadrimestre,3030854457.91,2242937,Sergipe
2016,1,SE,RGF-Anexo 02,DividaConsolidadaLiquida,DÍVIDA CONSOLIDADA LÍQUIDA (DCL) (III) = (I - II),SALDO DO EXERCÍCIO ANTERIOR,4385703603.8,2242937,Sergipe
2016,1,SE,RGF-Anexo 02,DividaConsolidadaLiquida,DÍVIDA CONSOLIDADA LÍQUIDA (DCL) (III) = (I - II),Até o 1º Quadrimestre,4071691937.88,2242937,Sergipe
2016,2,SE,RGF-Anexo 01,DespesaComPessoalBruta,DESPESA BRUTA COM PESSOAL (I),"DESPESAS LIQUIDADAS 
(a)",4162278681.52,2242937,Sergipe
2016,2,SE,RGF-Anexo 01,DespesaComPessoalAtivoBruta,Pessoal Ativo,"DESPESAS LIQUIDADAS 
(a)",2479216733.06,2242937,Sergipe
2016,2,SE,RGF-Anexo 01,DespesaComPessoalInativoEPensionistasBruta,Pessoal Inativo e Pensionistas,"DESPESAS LIQUIDADAS 
(a)",1681022788.89,2242937,Sergipe
2016,2,SE,RGF-Anexo 01,DespesaComPessoalLiquida,DESPESA LÍQUIDA COM PESSOAL (III) = (I - II),"DESPESAS LIQUIDADAS 
(a)",3027874397.44,2242937,Sergipe
2016,2,SE,RGF-Anexo 01,ReceitaCorrenteLiquidaLimiteLegal,RECEITA CORRENTE LIQUIDA - RCL (IV),Valor,6425581278.32,2242937,Sergipe
2016,2,SE,RGF-Anexo 01,DespesaComPessoalTotal,DESPESA TOTAL COM PESSOAL - DTP (V) = (III a + III b),Valor,3027874397.44,2242937,Sergipe
2016,2,SE,RGF-Anexo 01,DespesaComPessoalTotal,DESPESA TOTAL COM PESSOAL - DTP (V) = (III a + III b),% sobre a RCL,47.12,2242937,Sergipe
2016,2,SE,RGF-Anexo 02,DividaConsolidada,DÍVIDA CONSOLIDADA - DC (I),SALDO DO EXERCÍCIO ANTERIOR,4842102139.4,2242937,Sergipe
2016,2,SE,RGF-Anexo 02,DividaConsolidada,DÍVIDA CONSOLIDADA - DC (I),Até o 1º Quadrimestre,4942912133.5,2242937,Sergipe
2016,2,SE,RGF-Anexo 02,DividaConsolidada,DÍVIDA CONSOLIDADA - DC (I),Até o 2º Quadrimestre,5116575930.65,2242937,Sergipe
2016,2,SE,RGF-Anexo 02,DividaContratual,Dívida Contratual,SALDO DO EXERCÍCIO ANTERIOR,3142073615.95,2242937,Sergipe
2016,2,SE,RGF-Anexo 02,DividaContratual,Dívida Contratual,Até o 1º Quadrimestre,3030854457.91,2242937,Sergipe
2016,2,SE,RGF-Anexo 02,DividaContratual,Dívida Contratual,Até o 2º Quadrimestre,3002173443.02,2242937,Sergipe
2016,2,SE,RGF-Anexo 02,DividaConsolidadaLiquida,DÍVIDA CONSOLIDADA LÍQUIDA (DCL) (III) = (I - II),SALDO DO EXERCÍCIO ANTERIOR,4385705755.15,2242937,Sergipe
2016,2,SE,RGF-Anexo 02,DividaConsolidadaLiquida,DÍVIDA CONSOLIDADA LÍQUIDA (DCL) (III) = (I - II),Até o 1º Quadrimestre,4050644404.84,2242937,Sergipe
2016,2,SE,RGF-Anexo 02,DividaConsolidadaLiquida,DÍVIDA CONSOLIDADA LÍQUIDA (DCL) (III) = (I - II),Até o 2º Quadrimestre,4184691111.83,2242937,Sergipe
2016,3,SE,RGF-Anexo 01,DespesaComPessoalBruta,DESPESA BRUTA COM PESSOAL (I),"DESPESAS LIQUIDADAS 
(a)",4156137717.48,2242937,Sergipe
2016,3,SE,RGF-Anexo 01,DespesaComPessoalAtivoBruta,Pessoal Ativo,"DESPESAS LIQUIDADAS 
(a)",2521159447.58,2242937,Sergipe
2016,3,SE,RGF-Anexo 01,DespesaComPessoalInativoEPensionistasBruta,Pessoal Inativo e Pensionistas,"DESPESAS LIQUIDADAS 
(a)",1633277462.15,2242937,Sergipe
2016,3,SE,RGF-Anexo 01,DespesaComPessoalLiquida,DESPESA LÍQUIDA COM PESSOAL (III) = (I - II),"DESPESAS LIQUIDADAS 
(a)",3204407820.94,2242937,Sergipe
2016,3,SE,RGF-Anexo 01,ReceitaCorrenteLiquidaLimiteLegal,RECEITA CORRENTE LIQUIDA - RCL (IV),Valor,6787495872.54,2242937,Sergipe
2016,3,SE,RGF-Anexo 01,DespesaComPessoalTotal,DESPESA TOTAL COM PESSOAL - DTP (V) = (III a + III b),Valor,3204407820.94,2242937,Sergipe
2016,3,SE,RGF-Anexo 01,DespesaComPessoalTotal,DESPESA TOTAL COM PESSOAL - DTP (V) = (III a + III b),% sobre a RCL,47.21,2242937,Sergipe
2016,3,SE,RGF-Anexo 02,DividaConsolidada,DÍVIDA CONSOLIDADA - DC (I),SALDO DO EXERCÍCIO ANTERIOR,4842102139.4,2242937,Sergipe
2016,3,SE,RGF-Anexo 02,DividaConsolidada,DÍVIDA CONSOLIDADA - DC (I),Até o 1º Quadrimestre,4942912133.5,2242937,Sergipe
2016,3,SE,RGF-Anexo 02,DividaConsolidada,DÍVIDA CONSOLIDADA - DC (I),Até o 2º Quadrimestre,5116575930.65,2242937,Sergipe
2016,3,SE,RGF-Anexo 02,DividaConsolidada,DÍVIDA CONSOLIDADA - DC (I),Até o 3º Quadrimestre,4665572020.04,2242937,Sergipe
2016,3,SE,RGF-Anexo 02,DividaContratual,Dívida Contratual,SALDO DO EXERCÍCIO ANTERIOR,3142073615.95,2242937,Sergipe
2016,3,SE,RGF-Anexo 02,DividaContratual,Dívida Contratual,Até o 1º Quadrimestre,3030854457.91,2242937,Sergipe
2016,3,SE,RGF-Anexo 02,DividaContratual,Dívida Contratual,Até o 2º Quadrimestre,3002173443.02,2242937,Sergipe
2016,3,SE,RGF-Anexo 02,DividaContratual,Dívida Contratual,Até o 3º Quadrimestre,2983486969.55,2242937,Sergipe
2016,3,SE,RGF-Anexo 02,DividaConsolidadaLiquida,DÍVIDA CONSOLIDADA LÍQUIDA (DCL) (III) = (I - II),SALDO DO EXERCÍCIO ANTERIOR,4385705755.15,2242937,Sergipe
2016,3,SE,RGF-Anexo 02,DividaConsolidadaLiquida,DÍVIDA CONSOLIDADA LÍQUIDA (DCL) (III) = (I - II),Até o 1º Quadrimestre,4050644404.84,2242937,Sergipe
2016,3,SE,RGF-Anexo 02,DividaConsolidadaLiquida,DÍVIDA CONSOLIDADA LÍQUIDA (DCL) (III) = (I - II),Até o 2º Quadrimestre,4184691111.83,2242937,Sergipe
2016,3,SE,RGF-Anexo 02,DividaConsolidadaLiquida,DÍVIDA CONSOLIDADA LÍQUIDA (DCL) (III) = (I - II),Até o 3º Quadrimestre,4101940899.04,2242937,Sergipe
2017,1,SE,RGF-Anexo 01,DespesaComPessoalBruta,DESPESA BRUTA COM PESSOAL (I),"DESPESAS LIQUIDADAS 
(a)",4374266763.55,2265779,Sergipe
2017,1,SE,RGF-Anexo 01,DespesaComPessoalAtivoBruta,Pessoal Ativo,"DESPESAS LIQUIDADAS 
(a)",2711169020.03,2265779,Sergipe
2017,1,SE,RGF-Anexo 01,DespesaComPessoalInativoEPensionistasBruta,Pessoal Inativo e Pensionistas,"DESPESAS LIQUIDADAS 
(a)",1661745006.98,2265779,Sergipe
2017,1,SE,RGF-Anexo 01,DespesaComPessoalLiquida,DESPESA LÍQUIDA COM PESSOAL (III) = (I - II),"DESPESAS LIQUIDADAS 
(a)",3319751042.13,2265779,Sergipe
2017,1,SE,RGF-Anexo 01,ReceitaCorrenteLiquidaLimiteLegal,RECEITA CORRENTE LIQUIDA - RCL (IV),Valor,7051244914.57,2265779,Sergipe
2017,1,SE,RGF-Anexo 01,ReceitaCorrenteLiquidaLimiteLegal,RECEITA CORRENTE LIQUIDA - RCL (IV),% sobre a RCL Ajustada,100.0,2265779,Sergipe
2017,1,SE,RGF-Anexo 01,DespesaComPessoalTotal,DESPESA TOTAL COM PESSOAL - DTP (VII) = (IIIa + IIIb),Valor,3319751042.13,2265779,Sergipe
2017,1,SE,RGF-Anexo 01,DespesaComPessoalTotal,DESPESA TOTAL COM PESSOAL - DTP (VII) = (IIIa + IIIb),% sobre a RCL Ajustada,47.08,2265779,Sergipe
2017,1,SE,RGF-Anexo 02,DividaConsolidada,DÍVIDA CONSOLIDADA - DC (I),SALDO DO EXERCÍCIO ANTERIOR,4665572020.04,2265779,Sergipe
2017,1,SE,RGF-Anexo 02,DividaConsolidada,DÍVIDA CONSOLIDADA - DC (I),Até o 1º Quadrimestre,5095554400.64,2265779,Sergipe
2017,1,SE,RGF-Anexo 02,DividaContratual,Dívida Contratual,SALDO DO EXERCÍCIO ANTERIOR,2983486969.55,2265779,Sergipe
2017,1,SE,RGF-Anexo 02,DividaContratual,Dívida Contratual,Até o 1º Quadrimestre,2945387194.21,2265779,Sergipe
2017,1,SE,RGF-Anexo 02,DividaConsolidadaLiquida,DÍVIDA CONSOLIDADA LÍQUIDA (DCL) (III) = (I - II),SALDO DO EXERCÍCIO ANTERIOR,4101940899.04,2265779,Sergipe
2017,1,SE,RGF-Anexo 02,DividaConsolidadaLiquida,DÍVIDA CONSOLIDADA LÍQUIDA (DCL) (III) = (I - II),Até o 1º Quadrimestre,3900751952.28,2265779,Sergipe
2017,2,SE,RGF-Anexo 01,DespesaComPessoalBruta,DESPESA BRUTA COM PESSOAL (I),"DESPESAS LIQUIDADAS 
(a)",4477008543.66,2265779,Sergipe
2017,2,SE,RGF-Anexo 01,DespesaComPessoalAtivoBruta,Pessoal Ativo,"DESPESAS LIQUIDADAS 
(a)",2778448538.43,2265779,Sergipe
2017,2,SE,RGF-Anexo 01,DespesaComPessoalInativoEPensionistasBruta,Pessoal Inativo e Pensionistas,"DESPESAS LIQUIDADAS 
(a)",1698081065.41,2265779,Sergipe
2017,2,SE,RGF-Anexo 01,DespesaComPessoalLiquida,DESPESA LÍQUIDA COM PESSOAL (III) = (I - II),"DESPESAS LIQUIDADAS 
(a)",3350203194.58,2265779,Sergipe
2017,2,SE,RGF-Anexo 01,ReceitaCorrenteLiquidaLimiteLegal,RECEITA CORRENTE LIQUIDA - RCL (IV),Valor,7142869216.59,2265779,Sergipe
2017,2,SE,RGF-Anexo 01,ReceitaCorrenteLiquidaLimiteLegal,RECEITA CORRENTE LIQUIDA - RCL (IV),% sobre a RCL Ajustada,100.0,2265779,Sergipe
2017,2,SE,RGF-Anexo 01,DespesaComPessoalTotal,DESPESA TOTAL COM PESSOAL - DTP (VII) = (IIIa + IIIb),Valor,3350203194.58,2265779,Sergipe
2017,2,SE,RGF-Anexo 01,DespesaComPessoalTotal,DESPESA TOTAL COM PESSOAL - DTP (VII) = (IIIa + IIIb),% sobre a RCL Ajustada,46.9,2265779,Sergipe
2017,2,SE,RGF-Anexo 02,DividaConsolidada,DÍVIDA CONSOLIDADA - DC (I),SALDO DO EXERCÍCIO ANTERIOR,4665572020.04,2265779,Sergipe
2017,2,SE,RGF-Anexo 02,DividaConsolidada,DÍVIDA CONSOLIDADA - DC (I),Até o 1º Quadrimestre,5095554400.64,2265779,Sergipe
2017,2,SE,RGF-Anexo 02,DividaConsolidada,DÍVIDA CONSOLIDADA - DC (I),Até o 2º Quadrimestre,5326782103.97,2265779,Sergipe
2017,2,SE,RGF-Anexo 02,DividaContratual,Dívida Contratual,SALDO DO EXERCÍCIO ANTERIOR,2983486969.55,2265779,Sergipe
2017,2,SE,RGF-Anexo 02,DividaContratual,Dívida Contratual,Até o 1º Quadrimestre,2945456480.35,2265779,Sergipe
2017,2,SE,RGF-Anexo 02,DividaContratual,Dívida Contratual,Até o 2º Quadrimestre,2966883624.99,2265779,Sergipe
2017,2,SE,RGF-Anexo 02,DividaConsolidadaLiquida,DÍVIDA CONSOLIDADA LÍQUIDA (DCL) (III) = (I - II),SALDO DO EXERCÍCIO ANTERIOR,4101940899.04,2265779,Sergipe
2017,2,SE,RGF-Anexo 02,DividaConsolidadaLiquida,DÍVIDA CONSOLIDADA LÍQUIDA (DCL) (III) = (I - II),Até o 1º Quadrimestre,3900751952.28,2265779,Sergipe
2017,2,SE,RGF-Anexo 02,DividaConsolidadaLiquida,DÍVIDA CONSOLIDADA LÍQUIDA (DCL) (III) = (I - II),Até o 2º Quadrimestre,4065658125.65,2265779,Sergipe
2017,3,SE,RGF-Anexo 01,DespesaComPessoalBruta,DESPESA BRUTA COM PESSOAL (I),"DESPESAS LIQUIDADAS 
(a)",4714971765.29,2265779,Sergipe
2017,3,SE,RGF-Anexo 01,DespesaComPessoalAtivoBruta,Pessoal Ativo,"DESPESAS LIQUIDADAS 
(a)",2846278536.08,2265779,Sergipe
2017,3,SE,RGF-Anexo 01,DespesaComPessoalInativoEPensionistasBruta,Pessoal Inativo e Pensionistas,"DESPESAS LIQUIDADAS 
(a)",1868693229.21,2265779,Sergipe
2017,3,SE,RGF-Anexo 01,DespesaComPessoalLiquida,DESPESA LÍQUIDA COM PESSOAL (III) = (I - II),"DESPESAS LIQUIDADAS 
(a)",3280534669.23,2265779,Sergipe
2017,3,SE,RGF-Anexo 01,ReceitaCorrenteLiquidaLimiteLegal,RECEITA CORRENTE LIQUIDA - RCL (IV),Valor,6885059829.86,2265779,Sergipe
2017,3,SE,RGF-Anexo 01,ReceitaCorrenteLiquidaLimiteLegal,RECEITA CORRENTE LIQUIDA - RCL (IV),% sobre a RCL Ajustada,100.0,2265779,Sergipe
2017,3,SE,RGF-Anexo 01,DespesaComPessoalTotal,DESPESA TOTAL COM PESSOAL - DTP (VII) = (IIIa + IIIb),Valor,3280534669.23,2265779,Sergipe
2017,3,SE,RGF-Anexo 01,DespesaComPessoalTotal,DESPESA TOTAL COM PESSOAL - DTP (VII) = (IIIa + IIIb),% sobre a RCL Ajustada,47.65,2265779,Sergipe
2017,3,SE,RGF-Anexo 02,DividaConsolidada,DÍVIDA CONSOLIDADA - DC (I),SALDO DO EXERCÍCIO ANTERIOR,4665572020.04,2265779,Sergipe
2017,3,SE,RGF-Anexo 02,DividaConsolidada,DÍVIDA CONSOLIDADA - DC (I),Até o 1º Quadrimestre,5095554400.64,2265779,Sergipe
2017,3,SE,RGF-Anexo 02,DividaConsolidada,DÍVIDA CONSOLIDADA - DC (I),Até o 2º Quadrimestre,5326782103.97,2265779,Sergipe
2017,3,SE,RGF-Anexo 02,DividaConsolidada,DÍVIDA CONSOLIDADA - DC (I),Até o 3º Quadrimestre,4853258854.59,2265779,Sergipe
2017,3,SE,RGF-Anexo 02,DividaContratual,Dívida Contratual,SALDO DO EXERCÍCIO ANTERIOR,2983486969.55,2265779,Sergipe
2017,3,SE,RGF-Anexo 02,DividaContratual,Dívida Contratual,Até o 1º Quadrimestre,2945456480.35,2265779,Sergipe
2017,3,SE,RGF-Anexo 02,DividaContratual,Dívida Contratual,Até o 2º Quadrimestre,2966883624.99,2265779,Sergipe
2017,3,SE,RGF-Anexo 02,DividaContratual,Dívida Contratual,Até o 3º Quadrimestre,2931880116.54,2265779,Sergipe
2017,3,SE,RGF-Anexo 02,DividaConsolidadaLiquida,DÍVIDA CONSOLIDADA LÍQUIDA (DCL) (III) = (I - II),SALDO DO EXERCÍCIO ANTERIOR,4101940899.04,2265779,Sergipe
2017,3,SE,RGF-Anexo 02,DividaConsolidadaLiquida,DÍVIDA CONSOLIDADA LÍQUIDA (DCL) (III) = (I - II),Até o 1º Quadrimestre,3900751952.28,2265779,Sergipe
2017,3,SE,RGF-Anexo 02,DividaConsolidadaLiquida,DÍVIDA CONSOLIDADA LÍQUIDA (DCL) (III) = (I - II),Até o 2º Quadrimestre,4065658125.65,2265779,Sergipe
2017,3,SE,RGF-Anexo 02,DividaConsolidadaLiquida,DÍVIDA CONSOLIDADA LÍQUIDA (DCL) (III) = (I - II),Até o 3º Quadrimestre,3992519479.47,2265779,Sergipe
2018,1,SE,RGF-Anexo 01,DespesaComPessoalBruta,DESPESA BRUTA COM PESSOAL (I),TOTAL (ÚLTIMOS 12 MESES) (a),4636650810.08,2265779,Sergipe
2018,1,SE,RGF-Anexo 01,DespesaComPessoalAtivoBruta,Pessoal Ativo,TOTAL (ÚLTIMOS 12 MESES) (a),2730363633.19,2265779,Sergipe
2018,1,SE,RGF-Anexo 01,DespesaComPessoalInativoEPensionistasBruta,Pessoal Inativo e Pensionistas,TOTAL (ÚLTIMOS 12 MESES) (a),1906287176.89,2265779,Sergipe
2018,1,SE,RGF-Anexo 01,DespesaComPessoalLiquida,DESPESA LÍQUIDA COM PESSOAL (III) = (I - II),TOTAL (ÚLTIMOS 12 MESES) (a),3282413097.86,2265779,Sergipe
2018,1,SE,RGF-Anexo 01,ReceitaCorrenteLiquidaLimiteLegal,RECEITA CORRENTE LIQUIDA - RCL (IV),Valor,6989231059.41,2265779,Sergipe
2018,1,SE,RGF-Anexo 01,DespesaComPessoalTotal,DESPESA TOTAL COM PESSOAL - DTP (VII) = (IIIa + IIIb),Valor,3282413097.86,2265779,Sergipe
2018,1,SE,RGF-Anexo 01,DespesaComPessoalTotal,DESPESA TOTAL COM PESSOAL - DTP (VII) = (IIIa + IIIb),% sobre a RCL Ajustada,46.96,2265779,Sergipe
2018,1,SE,RGF-Anexo 02,DividaConsolidada,DÍVIDA CONSOLIDADA - DC (I),SALDO DO EXERCÍCIO ANTERIOR,4853258854.59,2265779,Sergipe
2018,1,SE,RGF-Anexo 02,DividaConsolidada,DÍVIDA CONSOLIDADA - DC (I),Até o 1º Quadrimestre,5485943818.03,2265779,Sergipe
2018,1,SE,RGF-Anexo 02,DividaContratual,Dívida Contratual,SALDO DO EXERCÍCIO ANTERIOR,2931880116.54,2265779,Sergipe
2018,1,SE,RGF-Anexo 02,DividaContratual,Dívida Contratual,Até o 1º Quadrimestre,2991894788.23,2265779,Sergipe
2018,1,SE,RGF-Anexo 02,DividaConsolidadaLiquida,DÍVIDA CONSOLIDADA LÍQUIDA (DCL) (III) = (I - II),SALDO DO EXERCÍCIO ANTERIOR,3992519479.47,2265779,Sergipe
2018,1,SE,RGF-Anexo 02,DividaConsolidadaLiquida,DÍVIDA CONSOLIDADA LÍQUIDA (DCL) (III) = (I - II),Até o 1º Quadrimestre,3944594536.86,2265779,Sergipe
2018,2,SE,RGF-Anexo 01,DespesaComPessoalBruta,DESPESA BRUTA COM PESSOAL (I),TOTAL (ÚLTIMOS 12 MESES) (a),4664706408.48,2265779,Sergipe
2018,2,SE,RGF-Anexo 01,DespesaComPessoalAtivoBruta,Pessoal Ativo,TOTAL (ÚLTIMOS 12 MESES) (a),2732886959.72,2265779,Sergipe
2018,2,SE,RGF-Anexo 01,DespesaComPessoalInativoEPensionistasBruta,Pessoal Inativo e Pensionistas,TOTAL (ÚLTIMOS 12 MESES) (a),1931819448.76,2265779,Sergipe
2018,2,SE,RGF-Anexo 01,DespesaComPessoalLiquida,DESPESA LÍQUIDA COM PESSOAL (III) = (I - II),TOTAL (ÚLTIMOS 12 MESES) (a),3361847984.22,2265779,Sergipe
2018,2,SE,RGF-Anexo 01,ReceitaCorrenteLiquidaLimiteLegal,RECEITA CORRENTE LIQUIDA - RCL (IV),Valor,7138904404.14,2265779,Sergipe
2018,2,SE,RGF-Anexo 01,DespesaComPessoalTotal,DESPESA TOTAL COM PESSOAL - DTP (VII) = (IIIa + IIIb),Valor,3361847984.22,2265779,Sergipe
2018,2,SE,RGF-Anexo 01,DespesaComPessoalTotal,DESPESA TOTAL COM PESSOAL - DTP (VII) = (IIIa + IIIb),% sobre a RCL Ajustada,47.09,2265779,Sergipe
2018,2,SE,RGF-Anexo 02,DividaConsolidada,DÍVIDA CONSOLIDADA - DC (I),SALDO DO EXERCÍCIO ANTERIOR,4853258854.59,2265779,Sergipe
2018,2,SE,RGF-Anexo 02,DividaConsolidada,DÍVIDA CONSOLIDADA - DC (I),Até o 1º Quadrimestre,5486132817.97,2265779,Sergipe
2018,2,SE,RGF-Anexo 02,DividaConsolidada,DÍVIDA CONSOLIDADA - DC (I),Até o 2º Quadrimestre,5812556401.46,2265779,Sergipe
2018,2,SE,RGF-Anexo 02,DividaContratual,Dívida Contratual,SALDO DO EXERCÍCIO ANTERIOR,2931880116.54,2265779,Sergipe
2018,2,SE,RGF-Anexo 02,DividaContratual,Dívida Contratual,Até o 1º Quadrimestre,2991894788.23,2265779,Sergipe
2018,2,SE,RGF-Anexo 02,DividaContratual,Dívida Contratual,Até o 2º Quadrimestre,3138931254.33,2265779,Sergipe
2018,2,SE,RGF-Anexo 02,DividaConsolidadaLiquida,DÍVIDA CONSOLIDADA LÍQUIDA (DCL) (III) = (I - II),SALDO DO EXERCÍCIO ANTERIOR,3992519479.47,2265779,Sergipe
2018,2,SE,RGF-Anexo 02,DividaConsolidadaLiquida,DÍVIDA CONSOLIDADA LÍQUIDA (DCL) (III) = (I - II),Até o 1º Quadrimestre,3944594536.86,2265779,Sergipe
2018,2,SE,RGF-Anexo 02,DividaConsolidadaLiquida,DÍVIDA CONSOLIDADA LÍQUIDA (DCL) (III) = (I - II),Até o 2º Quadrimestre,4255691302.82,2265779,Sergipe
2018,3,SE,RGF-Anexo 01,DespesaComPessoalBruta,DESPESA BRUTA COM PESSOAL (I),TOTAL (ÚLTIMOS 12 MESES) (a),4700766195.05,2265779,Sergipe
2018,3,SE,RGF-Anexo 01,DespesaComPessoalAtivoBruta,Pessoal Ativo,TOTAL (ÚLTIMOS 12 MESES) (a),2814320049.94,2265779,Sergipe
2018,3,SE,RGF-Anexo 01,DespesaComPessoalInativoEPensionistasBruta,Pessoal Inativo e Pensionistas,TOTAL (ÚLTIMOS 12 MESES) (a),1886446145.11,2265779,Sergipe
2018,3,SE,RGF-Anexo 01,DespesaComPessoalLiquida,DESPESA LÍQUIDA COM PESSOAL (III) = (I - II),TOTAL (ÚLTIMOS 12 MESES) (a),3503139931.54,2265779,Sergipe
2018,3,SE,RGF-Anexo 01,ReceitaCorrenteLiquidaLimiteLegal,RECEITA CORRENTE LIQUIDA - RCL (IV),Valor,7371485136.67,2265779,Sergipe
2018,3,SE,RGF-Anexo 01,DespesaComPessoalTotal,DESPESA TOTAL COM PESSOAL - DTP (VII) = (IIIa + IIIb),Valor,3503139931.54,2265779,Sergipe
2018,3,SE,RGF-Anexo 01,DespesaComPessoalTotal,DESPESA TOTAL COM PESSOAL - DTP (VII) = (IIIa + IIIb),% sobre a RCL Ajustada,47.52,2265779,Sergipe
2018,3,SE,RGF-Anexo 02,DividaConsolidada,DÍVIDA CONSOLIDADA - DC (I),SALDO DO EXERCÍCIO ANTERIOR,4853258854.59,2265779,Sergipe
2018,3,SE,RGF-Anexo 02,DividaConsolidada,DÍVIDA CONSOLIDADA - DC (I),Até o 1º Quadrimestre,5486585079.74,2265779,Sergipe
2018,3,SE,RGF-Anexo 02,DividaConsolidada,DÍVIDA CONSOLIDADA - DC (I),Até o 2º Quadrimestre,5813008663.23,2265779,Sergipe
2018,3,SE,RGF-Anexo 02,DividaConsolidada,DÍVIDA CONSOLIDADA - DC (I),Até o 3º Quadrimestre,4508572935.2,2265779,Sergipe
2018,3,SE,RGF-Anexo 02,DividaContratual,Dívida Contratual,SALDO DO EXERCÍCIO ANTERIOR,2931880116.54,2265779,Sergipe
2018,3,SE,RGF-Anexo 02,DividaContratual,Dívida Contratual,Até o 1º Quadrimestre,2991894788.23,2265779,Sergipe
2018,3,SE,RGF-Anexo 02,DividaContratual,Dívida Contratual,Até o 2º Quadrimestre,3138931254.33,2265779,Sergipe
2018,3,SE,RGF-Anexo 02,DividaContratual,Dívida Contratual,Até o 3º Quadrimestre,3113463171.62,2265779,Sergipe
2018,3,SE,RGF-Anexo 02,DividaConsolidadaLiquida,DÍVIDA CONSOLIDADA LÍQUIDA (DCL) (III) = (I - II),SALDO DO EXERCÍCIO ANTERIOR,3992519479.47,2265779,Sergipe
2018,3,SE,RGF-Anexo 02,DividaConsolidadaLiquida,DÍVIDA CONSOLIDADA LÍQUIDA (DCL) (III) = (I - II),Até o 1º Quadrimestre,3945046798.63,2265779,Sergipe
2018,3,SE,RGF-Anexo 02,DividaConsolidadaLiquida,DÍVIDA CONSOLIDADA LÍQUIDA (DCL) (III) = (I - II),Até o 2º Quadrimestre,4256143564.59,2265779,Sergipe
2018,3,SE,RGF-Anexo 02,DividaConsolidadaLiquida,DÍVIDA CONSOLIDADA LÍQUIDA (DCL) (III) = (I - II),Até o 3º Quadrimestre,3400013691.54,2265779,Sergipe
2019,1,SE,RGF-Anexo 01,DespesaComPessoalBruta,DESPESA BRUTA COM PESSOAL (I),<MR-11>,369344856.65,2278308,Sergipe
2019,1,SE,RGF-Anexo 01,DespesaComPessoalBruta,DESPESA BRUTA COM PESSOAL (I),<MR-10>,363384799.21,2278308,Sergipe
2019,1,SE,RGF-Anexo 01,DespesaComPessoalBruta,DESPESA BRUTA COM PESSOAL (I),<MR-9>,371913666.86,2278308,Sergipe
2019,1,SE,RGF-Anexo 01,DespesaComPessoalBruta,DESPESA BRUTA COM PESSOAL (I),<MR-8>,380871923.57,2278308,Sergipe
2019,1,SE,RGF-Anexo 01,DespesaComPessoalBruta,DESPESA BRUTA COM PESSOAL (I),<MR-7>,390609895.14,2278308,Sergipe
2019,1,SE,RGF-Anexo 01,DespesaComPessoalBruta,DESPESA BRUTA COM PESSOAL (I),<MR-6>,437940655.29,2278308,Sergipe
2019,1,SE,RGF-Anexo 01,DespesaComPessoalBruta,DESPESA BRUTA COM PESSOAL (I),<MR-5>,369507756.5,2278308,Sergipe
2019,1,SE,RGF-Anexo 01,DespesaComPessoalBruta,DESPESA BRUTA COM PESSOAL (I),<MR-4>,572443261.01,2278308,Sergipe
2019,1,SE,RGF-Anexo 01,DespesaComPessoalBruta,DESPESA BRUTA COM PESSOAL (I),<MR-3>,513048631.68,2278308,Sergipe
2019,1,SE,RGF-Anexo 01,DespesaComPessoalBruta,DESPESA BRUTA COM PESSOAL (I),<MR-2>,415057415.97,2278308,Sergipe
2019,1,SE,RGF-Anexo 01,DespesaComPessoalBruta,DESPESA BRUTA COM PESSOAL (I),<MR-1>,392270234.13,2278308,Sergipe
2019,1,SE,RGF-Anexo 01,DespesaComPessoalBruta,DESPESA BRUTA COM PESSOAL (I),<MR>,395553444.84,2278308,Sergipe
2019,1,SE,RGF-Anexo 01,DespesaComPessoalBruta,DESPESA BRUTA COM PESSOAL (I),TOTAL (ÚLTIMOS 12 MESES) (a),4971946540.85,2278308,Sergipe
2019,1,SE,RGF-Anexo 01,DespesaComPessoalAtivoBruta,Pessoal Ativo,<MR-11>,210996686.1,2278308,Sergipe
2019,1,SE,RGF-Anexo 01,DespesaComPessoalAtivoBruta,Pessoal Ativo,<MR-10>,206531740.86,2278308,Sergipe
2019,1,SE,RGF-Anexo 01,DespesaComPessoalAtivoBruta,Pessoal Ativo,<MR-9>,223905594.29,2278308,Sergipe
2019,1,SE,RGF-Anexo 01,DespesaComPessoalAtivoBruta,Pessoal Ativo,<MR-8>,227772337.62,2278308,Sergipe
2019,1,SE,RGF-Anexo 01,DespesaComPessoalAtivoBruta,Pessoal Ativo,<MR-7>,237151698.39,2278308,Sergipe
2019,1,SE,RGF-Anexo 01,DespesaComPessoalAtivoBruta,Pessoal Ativo,<MR-6>,249529452.33,2278308,Sergipe
2019,1,SE,RGF-Anexo 01,DespesaComPessoalAtivoBruta,Pessoal Ativo,<MR-5>,209380630.47,2278308,Sergipe
2019,1,SE,RGF-Anexo 01,DespesaComPessoalAtivoBruta,Pessoal Ativo,<MR-4>,414879207.09,2278308,Sergipe
2019,1,SE,RGF-Anexo 01,DespesaComPessoalAtivoBruta,Pessoal Ativo,<MR-3>,347966581.72,2278308,Sergipe
2019,1,SE,RGF-Anexo 01,DespesaComPessoalAtivoBruta,Pessoal Ativo,<MR-2>,229506201.92,2278308,Sergipe
2019,1,SE,RGF-Anexo 01,DespesaComPessoalAtivoBruta,Pessoal Ativo,<MR-1>,218440733.64,2278308,Sergipe
2019,1,SE,RGF-Anexo 01,DespesaComPessoalAtivoBruta,Pessoal Ativo,<MR>,224106998.76,2278308,Sergipe
2019,1,SE,RGF-Anexo 01,DespesaComPessoalAtivoBruta,Pessoal Ativo,TOTAL (ÚLTIMOS 12 MESES) (a),3000167863.19,2278308,Sergipe
2019,1,SE,RGF-Anexo 01,DespesaComPessoalInativoEPensionistasBruta,Pessoal Inativo e Pensionistas,<MR-11>,158348170.55,2278308,Sergipe
2019,1,SE,RGF-Anexo 01,DespesaComPessoalInativoEPensionistasBruta,Pessoal Inativo e Pensionistas,<MR-10>,156853058.35,2278308,Sergipe
2019,1,SE,RGF-Anexo 01,DespesaComPessoalInativoEPensionistasBruta,Pessoal Inativo e Pensionistas,<MR-9>,148008072.57,2278308,Sergipe
2019,1,SE,RGF-Anexo 01,DespesaComPessoalInativoEPensionistasBruta,Pessoal Inativo e Pensionistas,<MR-8>,153099585.95,2278308,Sergipe
2019,1,SE,RGF-Anexo 01,DespesaComPessoalInativoEPensionistasBruta,Pessoal Inativo e Pensionistas,<MR-7>,153458196.75,2278308,Sergipe
2019,1,SE,RGF-Anexo 01,DespesaComPessoalInativoEPensionistasBruta,Pessoal Inativo e Pensionistas,<MR-6>,188411202.96,2278308,Sergipe
2019,1,SE,RGF-Anexo 01,DespesaComPessoalInativoEPensionistasBruta,Pessoal Inativo e Pensionistas,<MR-5>,160127126.03,2278308,Sergipe
2019,1,SE,RGF-Anexo 01,DespesaComPessoalInativoEPensionistasBruta,Pessoal Inativo e Pensionistas,<MR-4>,157564053.92,2278308,Sergipe
2019,1,SE,RGF-Anexo 01,DespesaComPessoalInativoEPensionistasBruta,Pessoal Inativo e Pensionistas,<MR-3>,165082049.96,2278308,Sergipe
2019,1,SE,RGF-Anexo 01,DespesaComPessoalInativoEPensionistasBruta,Pessoal Inativo e Pensionistas,<MR-2>,185551214.05,2278308,Sergipe
2019,1,SE,RGF-Anexo 01,DespesaComPessoalInativoEPensionistasBruta,Pessoal Inativo e Pensionistas,<MR-1>,173829500.49,2278308,Sergipe
2019,1,SE,RGF-Anexo 01,DespesaComPessoalInativoEPensionistasBruta,Pessoal Inativo e Pensionistas,<MR>,171446446.08,2278308,Sergipe
2019,1,SE,RGF-Anexo 01,DespesaComPessoalInativoEPensionistasBruta,Pessoal Inativo e Pensionistas,TOTAL (ÚLTIMOS 12 MESES) (a),1971778677.66,2278308,Sergipe
2019,1,SE,RGF-Anexo 01,DespesaComPessoalLiquida,DESPESA LÍQUIDA COM PESSOAL (III) = (I - II),<MR-11>,368407190.55,2278308,Sergipe
2019,1,SE,RGF-Anexo 01,DespesaComPessoalLiquida,DESPESA LÍQUIDA COM PESSOAL (III) = (I - II),<MR-10>,280905560.27,2278308,Sergipe
2019,1,SE,RGF-Anexo 01,DespesaComPessoalLiquida,DESPESA LÍQUIDA COM PESSOAL (III) = (I - II),<MR-9>,370238734.18,2278308,Sergipe
2019,1,SE,RGF-Anexo 01,DespesaComPessoalLiquida,DESPESA LÍQUIDA COM PESSOAL (III) = (I - II),<MR-8>,246774707.85,2278308,Sergipe
2019,1,SE,RGF-Anexo 01,DespesaComPessoalLiquida,DESPESA LÍQUIDA COM PESSOAL (III) = (I - II),<MR-7>,389614710.22,2278308,Sergipe
2019,1,SE,RGF-Anexo 01,DespesaComPessoalLiquida,DESPESA LÍQUIDA COM PESSOAL (III) = (I - II),<MR-6>,176031305.93,2278308,Sergipe
2019,1,SE,RGF-Anexo 01,DespesaComPessoalLiquida,DESPESA LÍQUIDA COM PESSOAL (III) = (I - II),<MR-5>,368434785.37,2278308,Sergipe
2019,1,SE,RGF-Anexo 01,DespesaComPessoalLiquida,DESPESA LÍQUIDA COM PESSOAL (III) = (I - II),<MR-4>,329715429.5,2278308,Sergipe
2019,1,SE,RGF-Anexo 01,DespesaComPessoalLiquida,DESPESA LÍQUIDA COM PESSOAL (III) = (I - II),<MR-3>,383302616.72,2278308,Sergipe
2019,1,SE,RGF-Anexo 01,DespesaComPessoalLiquida,DESPESA LÍQUIDA COM PESSOAL (III) = (I - II),<MR-2>,71811908.52,2278308,Sergipe
2019,1,SE,RGF-Anexo 01,DespesaComPessoalLiquida,DESPESA LÍQUIDA COM PESSOAL (III) = (I - II),<MR-1>,390280490.86,2278308,Sergipe
2019,1,SE,RGF-Anexo 01,DespesaComPessoalLiquida,DESPESA LÍQUIDA COM PESSOAL (III) = (I - II),<MR>,252479235.48,2278308,Sergipe
2019,1,SE,RGF-Anexo 01,DespesaComPessoalLiquida,DESPESA LÍQUIDA COM PESSOAL (III) = (I - II),TOTAL (ÚLTIMOS 12 MESES) (a),3627996675.45,2278308,Sergipe
2019,1,SE,RGF-Anexo 01,ReceitaCorrenteLiquidaLimiteLegal,RECEITA CORRENTE LIQUIDA - RCL (IV),Valor,7514365874.77,2278308,Sergipe
2019,1,SE,RGF-Anexo 01,DespesaComPessoalTotal,DESPESA TOTAL COM PESSOAL - DTP (VII) = (IIIa + IIIb),Valor,3627996675.45,2278308,Sergipe
2019,1,SE,RGF-Anexo 01,DespesaComPessoalTotal,DESPESA TOTAL COM PESSOAL - DTP (VII) = (IIIa + IIIb),% sobre a RCL Ajustada,48.28,2278308,Sergipe
2019,1,SE,RGF-Anexo 02,DividaConsolidada,DÍVIDA CONSOLIDADA - DC (I),SALDO DO EXERCÍCIO ANTERIOR,4508572935.2,2278308,Sergipe
2019,1,SE,RGF-Anexo 02,DividaConsolidada,DÍVIDA CONSOLIDADA - DC (I),Até o 1º Quadrimestre,4984256482.74,2278308,Sergipe
2019,1,SE,RGF-Anexo 02,DividaContratual,Dívida Contratual,SALDO DO EXERCÍCIO ANTERIOR,3113463171.62,2278308,Sergipe
2019,1,SE,RGF-Anexo 02,DividaContratual,Dívida Contratual,Até o 1º Quadrimestre,3086702906.37,2278308,Sergipe
2019,1,SE,RGF-Anexo 02,DividaConsolidadaLiquida,DÍVIDA CONSOLIDADA LÍQUIDA (DCL) (III) = (I - II),SALDO DO EXERCÍCIO ANTERIOR,3400013691.54,2278308,Sergipe
2019,1,SE,RGF-Anexo 02,DividaConsolidadaLiquida,DÍVIDA CONSOLIDADA LÍQUIDA (DCL) (III) = (I - II),Até o 1º Quadrimestre,3383502728.01,2278308,Sergipe
2019,2,SE,RGF-Anexo 01,DespesaComPessoalBruta,DESPESA BRUTA COM PESSOAL (I),<MR-11>,390609895.14,2278308,Sergipe
2019,2,SE,RGF-Anexo 01,DespesaComPessoalBruta,DESPESA BRUTA COM PESSOAL (I),<MR-10>,437940655.29,2278308,Sergipe
2019,2,SE,RGF-Anexo 01,DespesaComPessoalBruta,DESPESA BRUTA COM PESSOAL (I),<MR-9>,369507756.5,2278308,Sergipe
2019,2,SE,RGF-Anexo 01,DespesaComPessoalBruta,DESPESA BRUTA COM PESSOAL (I),<MR-8>,572443261.01,2278308,Sergipe
2019,2,SE,RGF-Anexo 01,DespesaComPessoalBruta,DESPESA BRUTA COM PESSOAL (I),<MR-7>,513048631.68,2278308,Sergipe
2019,2,SE,RGF-Anexo 01,DespesaComPessoalBruta,DESPESA BRUTA COM PESSOAL (I),<MR-6>,415057415.97,2278308,Sergipe
2019,2,SE,RGF-Anexo 01,DespesaComPessoalBruta,DESPESA BRUTA COM PESSOAL (I),<MR-5>,392270234.13,2278308,Sergipe
2019,2,SE,RGF-Anexo 01,DespesaComPessoalBruta,DESPESA BRUTA COM PESSOAL (I),<MR-4>,395553444.84,2278308,Sergipe
2019,2,SE,RGF-Anexo 01,DespesaComPessoalBruta,DESPESA BRUTA COM PESSOAL (I),<MR-3>,391240565.7,2278308,Sergipe
2019,2,SE,RGF-Anexo 01,DespesaComPessoalBruta,DESPESA BRUTA COM PESSOAL (I),<MR-2>,422405324.0,2278308,Sergipe
2019,2,SE,RGF-Anexo 01,DespesaComPessoalBruta,DESPESA BRUTA COM PESSOAL (I),<MR-1>,395209633.38,2278308,Sergipe
2019,2,SE,RGF-Anexo 01,DespesaComPessoalBruta,DESPESA BRUTA COM PESSOAL (I),<MR>,400776561.42,2278308,Sergipe
2019,2,SE,RGF-Anexo 01,DespesaComPessoalBruta,DESPESA BRUTA COM PESSOAL (I),TOTAL (ÚLTIMOS 12 MESES) (a),5096063379.06,2278308,Sergipe
2019,2,SE,RGF-Anexo 01,DespesaComPessoalAtivoBruta,Pessoal Ativo,<MR-11>,237151698.39,2278308,Sergipe
2019,2,SE,RGF-Anexo 01,DespesaComPessoalAtivoBruta,Pessoal Ativo,<MR-10>,249529452.33,2278308,Sergipe
2019,2,SE,RGF-Anexo 01,DespesaComPessoalAtivoBruta,Pessoal Ativo,<MR-9>,209380630.47,2278308,Sergipe
2019,2,SE,RGF-Anexo 01,DespesaComPessoalAtivoBruta,Pessoal Ativo,<MR-8>,414879207.09,2278308,Sergipe
2019,2,SE,RGF-Anexo 01,DespesaComPessoalAtivoBruta,Pessoal Ativo,<MR-7>,347966581.72,2278308,Sergipe
2019,2,SE,RGF-Anexo 01,DespesaComPessoalAtivoBruta,Pessoal Ativo,<MR-6>,229506201.92,2278308,Sergipe
2019,2,SE,RGF-Anexo 01,DespesaComPessoalAtivoBruta,Pessoal Ativo,<MR-5>,218440733.64,2278308,Sergipe
2019,2,SE,RGF-Anexo 01,DespesaComPessoalAtivoBruta,Pessoal Ativo,<MR-4>,224106998.76,2278308,Sergipe
2019,2,SE,RGF-Anexo 01,DespesaComPessoalAtivoBruta,Pessoal Ativo,<MR-3>,219124226.72,2278308,Sergipe
2019,2,SE,RGF-Anexo 01,DespesaComPessoalAtivoBruta,Pessoal Ativo,<MR-2>,249778314.98,2278308,Sergipe
2019,2,SE,RGF-Anexo 01,DespesaComPessoalAtivoBruta,Pessoal Ativo,<MR-1>,222375017.37,2278308,Sergipe
2019,2,SE,RGF-Anexo 01,DespesaComPessoalAtivoBruta,Pessoal Ativo,<MR>,226993051.87,2278308,Sergipe
2019,2,SE,RGF-Anexo 01,DespesaComPessoalAtivoBruta,Pessoal Ativo,TOTAL (ÚLTIMOS 12 MESES) (a),3049232115.26,2278308,Sergipe
2019,2,SE,RGF-Anexo 01,DespesaComPessoalInativoEPensionistasBruta,Pessoal Inativo e Pensionistas,<MR-11>,153458196.75,2278308,Sergipe
2019,2,SE,RGF-Anexo 01,DespesaComPessoalInativoEPensionistasBruta,Pessoal Inativo e Pensionistas,<MR-10>,188411202.96,2278308,Sergipe
2019,2,SE,RGF-Anexo 01,DespesaComPessoalInativoEPensionistasBruta,Pessoal Inativo e Pensionistas,<MR-9>,160127126.03,2278308,Sergipe
2019,2,SE,RGF-Anexo 01,DespesaComPessoalInativoEPensionistasBruta,Pessoal Inativo e Pensionistas,<MR-8>,157564053.92,2278308,Sergipe
2019,2,SE,RGF-Anexo 01,DespesaComPessoalInativoEPensionistasBruta,Pessoal Inativo e Pensionistas,<MR-7>,165082049.96,2278308,Sergipe
2019,2,SE,RGF-Anexo 01,DespesaComPessoalInativoEPensionistasBruta,Pessoal Inativo e Pensionistas,<MR-6>,185551214.05,2278308,Sergipe
2019,2,SE,RGF-Anexo 01,DespesaComPessoalInativoEPensionistasBruta,Pessoal Inativo e Pensionistas,<MR-5>,173829500.49,2278308,Sergipe
2019,2,SE,RGF-Anexo 01,DespesaComPessoalInativoEPensionistasBruta,Pessoal Inativo e Pensionistas,<MR-4>,171446446.08,2278308,Sergipe
2019,2,SE,RGF-Anexo 01,DespesaComPessoalInativoEPensionistasBruta,Pessoal Inativo e Pensionistas,<MR-3>,172116338.98,2278308,Sergipe
2019,2,SE,RGF-Anexo 01,DespesaComPessoalInativoEPensionistasBruta,Pessoal Inativo e Pensionistas,<MR-2>,172627009.02,2278308,Sergipe
2019,2,SE,RGF-Anexo 01,DespesaComPessoalInativoEPensionistasBruta,Pessoal Inativo e Pensionistas,<MR-1>,172834616.01,2278308,Sergipe
2019,2,SE,RGF-Anexo 01,DespesaComPessoalInativoEPensionistasBruta,Pessoal Inativo e Pensionistas,<MR>,173783509.55,2278308,Sergipe
2019,2,SE,RGF-Anexo 01,DespesaComPessoalInativoEPensionistasBruta,Pessoal Inativo e Pensionistas,TOTAL (ÚLTIMOS 12 MESES) (a),2046831263.8,2278308,Sergipe
2019,2,SE,RGF-Anexo 01,DespesaComPessoalLiquida,DESPESA LÍQUIDA COM PESSOAL (III) = (I - II),<MR-11>,389614710.22,2278308,Sergipe
2019,2,SE,RGF-Anexo 01,DespesaComPessoalLiquida,DESPESA LÍQUIDA COM PESSOAL (III) = (I - II),<MR-10>,175127320.37,2278308,Sergipe
2019,2,SE,RGF-Anexo 01,DespesaComPessoalLiquida,DESPESA LÍQUIDA COM PESSOAL (III) = (I - II),<MR-9>,368434785.37,2278308,Sergipe
2019,2,SE,RGF-Anexo 01,DespesaComPessoalLiquida,DESPESA LÍQUIDA COM PESSOAL (III) = (I - II),<MR-8>,328561581.26,2278308,Sergipe
2019,2,SE,RGF-Anexo 01,DespesaComPessoalLiquida,DESPESA LÍQUIDA COM PESSOAL (III) = (I - II),<MR-7>,383302616.72,2278308,Sergipe
2019,2,SE,RGF-Anexo 01,DespesaComPessoalLiquida,DESPESA LÍQUIDA COM PESSOAL (III) = (I - II),<MR-6>,72120789.81,2278308,Sergipe
2019,2,SE,RGF-Anexo 01,DespesaComPessoalLiquida,DESPESA LÍQUIDA COM PESSOAL (III) = (I - II),<MR-5>,390280490.86,2278308,Sergipe
2019,2,SE,RGF-Anexo 01,DespesaComPessoalLiquida,DESPESA LÍQUIDA COM PESSOAL (III) = (I - II),<MR-4>,252483802.89,2278308,Sergipe
2019,2,SE,RGF-Anexo 01,DespesaComPessoalLiquida,DESPESA LÍQUIDA COM PESSOAL (III) = (I - II),<MR-3>,389635339.42,2278308,Sergipe
2019,2,SE,RGF-Anexo 01,DespesaComPessoalLiquida,DESPESA LÍQUIDA COM PESSOAL (III) = (I - II),<MR-2>,271142918.39,2278308,Sergipe
2019,2,SE,RGF-Anexo 01,DespesaComPessoalLiquida,DESPESA LÍQUIDA COM PESSOAL (III) = (I - II),<MR-1>,393691963.43,2278308,Sergipe
2019,2,SE,RGF-Anexo 01,DespesaComPessoalLiquida,DESPESA LÍQUIDA COM PESSOAL (III) = (I - II),<MR>,230401078.95,2278308,Sergipe
2019,2,SE,RGF-Anexo 01,DespesaComPessoalLiquida,DESPESA LÍQUIDA COM PESSOAL (III) = (I - II),TOTAL (ÚLTIMOS 12 MESES) (a),3644797397.69,2278308,Sergipe
2019,2,SE,RGF-Anexo 01,ReceitaCorrenteLiquidaLimiteLegal,RECEITA CORRENTE LIQUIDA - RCL (IV),Valor,7725781278.82,2278308,Sergipe
2019,2,SE,RGF-Anexo 01,DespesaComPessoalTotal,DESPESA TOTAL COM PESSOAL - DTP (VII) = (IIIa + IIIb),Valor,3644797397.69,2278308,Sergipe
2019,2,SE,RGF-Anexo 01,DespesaComPessoalTotal,DESPESA TOTAL COM PESSOAL - DTP (VII) = (IIIa + IIIb),% sobre a RCL Ajustada,47.18,2278308,Sergipe
2019,2,SE,RGF-Anexo 02,DividaConsolidada,DÍVIDA CONSOLIDADA - DC (I),SALDO DO EXERCÍCIO ANTERIOR,4508572935.2,2278308,Sergipe
2019,2,SE,RGF-Anexo 02,DividaConsolidada,DÍVIDA CONSOLIDADA - DC (I),Até o 1º Quadrimestre,4984256482.74,2278308,Sergipe
2019,2,SE,RGF-Anexo 02,DividaConsolidada,DÍVIDA CONSOLIDADA - DC (I),Até o 2º Quadrimestre,5012647074.08,2278308,Sergipe
2019,2,SE,RGF-Anexo 02,DividaContratual,Dívida Contratual,SALDO DO EXERCÍCIO ANTERIOR,3113463171.62,2278308,Sergipe
2019,2,SE,RGF-Anexo 02,DividaContratual,Dívida Contratual,Até o 1º Quadrimestre,3086702906.37,2278308,Sergipe
2019,2,SE,RGF-Anexo 02,DividaContratual,Dívida Contratual,Até o 2º Quadrimestre,3110229178.89,2278308,Sergipe
2019,2,SE,RGF-Anexo 02,DividaConsolidadaLiquida,DÍVIDA CONSOLIDADA LÍQUIDA (DCL) (III) = (I - II),SALDO DO EXERCÍCIO ANTERIOR,3400013691.54,2278308,Sergipe
2019,2,SE,RGF-Anexo 02,DividaConsolidadaLiquida,DÍVIDA CONSOLIDADA LÍQUIDA (DCL) (III) = (I - II),Até o 1º Quadrimestre,3383502728.01,2278308,Sergipe
2019,2,SE,RGF-Anexo 02,DividaConsolidadaLiquida,DÍVIDA CONSOLIDADA LÍQUIDA (DCL) (III) = (I - II),Até o 2º Quadrimestre,3194637346.35,2278308,Sergipe
2019,3,SE,RGF-Anexo 01,DespesaComPessoalBruta,DESPESA BRUTA COM PESSOAL (I),<MR-11>,513048631.68,2278308,Sergipe
2019,3,SE,RGF-Anexo 01,DespesaComPessoalBruta,DESPESA BRUTA COM PESSOAL (I),<MR-10>,415057415.97,2278308,Sergipe
2019,3,SE,RGF-Anexo 01,DespesaComPessoalBruta,DESPESA BRUTA COM PESSOAL (I),<MR-9>,392270234.13,2278308,Sergipe
2019,3,SE,RGF-Anexo 01,DespesaComPessoalBruta,DESPESA BRUTA COM PESSOAL (I),<MR-8>,395553444.84,2278308,Sergipe
2019,3,SE,RGF-Anexo 01,DespesaComPessoalBruta,DESPESA BRUTA COM PESSOAL (I),<MR-7>,391240565.7,2278308,Sergipe
2019,3,SE,RGF-Anexo 01,DespesaComPessoalBruta,DESPESA BRUTA COM PESSOAL (I),<MR-6>,422405324.0,2278308,Sergipe
2019,3,SE,RGF-Anexo 01,DespesaComPessoalBruta,DESPESA BRUTA COM PESSOAL (I),<MR-5>,395209633.38,2278308,Sergipe
2019,3,SE,RGF-Anexo 01,DespesaComPessoalBruta,DESPESA BRUTA COM PESSOAL (I),<MR-4>,400776561.42,2278308,Sergipe
2019,3,SE,RGF-Anexo 01,DespesaComPessoalBruta,DESPESA BRUTA COM PESSOAL (I),<MR-3>,392056639.02,2278308,Sergipe
2019,3,SE,RGF-Anexo 01,DespesaComPessoalBruta,DESPESA BRUTA COM PESSOAL (I),<MR-2>,403407032.06,2278308,Sergipe
2019,3,SE,RGF-Anexo 01,DespesaComPessoalBruta,DESPESA BRUTA COM PESSOAL (I),<MR-1>,383485576.14,2278308,Sergipe
2019,3,SE,RGF-Anexo 01,DespesaComPessoalBruta,DESPESA BRUTA COM PESSOAL (I),<MR>,725577133.48,2278308,Sergipe
2019,3,SE,RGF-Anexo 01,DespesaComPessoalBruta,DESPESA BRUTA COM PESSOAL (I),TOTAL (ÚLTIMOS 12 MESES) (a),5230088191.82,2278308,Sergipe
2019,3,SE,RGF-Anexo 01,DespesaComPessoalBruta,DESPESA BRUTA COM PESSOAL (I),INSCRITAS EM RESTOS A PAGAR NÃO PROCESSADOS (b),265686.75,2278308,Sergipe
2019,3,SE,RGF-Anexo 01,DespesaComPessoalAtivoBruta,Pessoal Ativo,<MR-11>,347966581.72,2278308,Sergipe
2019,3,SE,RGF-Anexo 01,DespesaComPessoalAtivoBruta,Pessoal Ativo,<MR-10>,229506201.92,2278308,Sergipe
2019,3,SE,RGF-Anexo 01,DespesaComPessoalAtivoBruta,Pessoal Ativo,<MR-9>,218440733.64,2278308,Sergipe
2019,3,SE,RGF-Anexo 01,DespesaComPessoalAtivoBruta,Pessoal Ativo,<MR-8>,224106998.76,2278308,Sergipe
2019,3,SE,RGF-Anexo 01,DespesaComPessoalAtivoBruta,Pessoal Ativo,<MR-7>,219124226.72,2278308,Sergipe
2019,3,SE,RGF-Anexo 01,DespesaComPessoalAtivoBruta,Pessoal Ativo,<MR-6>,249778314.98,2278308,Sergipe
2019,3,SE,RGF-Anexo 01,DespesaComPessoalAtivoBruta,Pessoal Ativo,<MR-5>,222375017.37,2278308,Sergipe
2019,3,SE,RGF-Anexo 01,DespesaComPessoalAtivoBruta,Pessoal Ativo,<MR-4>,226993051.87,2278308,Sergipe
2019,3,SE,RGF-Anexo 01,DespesaComPessoalAtivoBruta,Pessoal Ativo,<MR-3>,217381469.55,2278308,Sergipe
2019,3,SE,RGF-Anexo 01,DespesaComPessoalAtivoBruta,Pessoal Ativo,<MR-2>,225284608.83,2278308,Sergipe
2019,3,SE,RGF-Anexo 01,DespesaComPessoalAtivoBruta,Pessoal Ativo,<MR-1>,204823783.08,2278308,Sergipe
2019,3,SE,RGF-Anexo 01,DespesaComPessoalAtivoBruta,Pessoal Ativo,<MR>,394097783.9,2278308,Sergipe
2019,3,SE,RGF-Anexo 01,DespesaComPessoalAtivoBruta,Pessoal Ativo,TOTAL (ÚLTIMOS 12 MESES) (a),2979878772.34,2278308,Sergipe
2019,3,SE,RGF-Anexo 01,DespesaComPessoalAtivoBruta,Pessoal Ativo,INSCRITAS EM RESTOS A PAGAR NÃO PROCESSADOS (b),265686.75,2278308,Sergipe
2019,3,SE,RGF-Anexo 01,DespesaComPessoalInativoEPensionistasBruta,Pessoal Inativo e Pensionistas,<MR-11>,165082049.96,2278308,Sergipe
2019,3,SE,RGF-Anexo 01,DespesaComPessoalInativoEPensionistasBruta,Pessoal Inativo e Pensionistas,<MR-10>,185551214.05,2278308,Sergipe
2019,3,SE,RGF-Anexo 01,DespesaComPessoalInativoEPensionistasBruta,Pessoal Inativo e Pensionistas,<MR-9>,173829500.49,2278308,Sergipe
2019,3,SE,RGF-Anexo 01,DespesaComPessoalInativoEPensionistasBruta,Pessoal Inativo e Pensionistas,<MR-8>,171446446.08,2278308,Sergipe
2019,3,SE,RGF-Anexo 01,DespesaComPessoalInativoEPensionistasBruta,Pessoal Inativo e Pensionistas,<MR-7>,172116338.98,2278308,Sergipe
2019,3,SE,RGF-Anexo 01,DespesaComPessoalInativoEPensionistasBruta,Pessoal Inativo e Pensionistas,<MR-6>,172627009.02,2278308,Sergipe
2019,3,SE,RGF-Anexo 01,DespesaComPessoalInativoEPensionistasBruta,Pessoal Inativo e Pensionistas,<MR-5>,172834616.01,2278308,Sergipe
2019,3,SE,RGF-Anexo 01,DespesaComPessoalInativoEPensionistasBruta,Pessoal Inativo e Pensionistas,<MR-4>,173783509.55,2278308,Sergipe
2019,3,SE,RGF-Anexo 01,DespesaComPessoalInativoEPensionistasBruta,Pessoal Inativo e Pensionistas,<MR-3>,174675169.47,2278308,Sergipe
2019,3,SE,RGF-Anexo 01,DespesaComPessoalInativoEPensionistasBruta,Pessoal Inativo e Pensionistas,<MR-2>,178122423.23,2278308,Sergipe
2019,3,SE,RGF-Anexo 01,DespesaComPessoalInativoEPensionistasBruta,Pessoal Inativo e Pensionistas,<MR-1>,178661793.06,2278308,Sergipe
2019,3,SE,RGF-Anexo 01,DespesaComPessoalInativoEPensionistasBruta,Pessoal Inativo e Pensionistas,<MR>,331479349.58,2278308,Sergipe
2019,3,SE,RGF-Anexo 01,DespesaComPessoalInativoEPensionistasBruta,Pessoal Inativo e Pensionistas,TOTAL (ÚLTIMOS 12 MESES) (a),2250209419.48,2278308,Sergipe
2019,3,SE,RGF-Anexo 01,DespesaComPessoalLiquida,DESPESA LÍQUIDA COM PESSOAL (III) = (I - II),<MR-11>,383302616.72,2278308,Sergipe
2019,3,SE,RGF-Anexo 01,DespesaComPessoalLiquida,DESPESA LÍQUIDA COM PESSOAL (III) = (I - II),<MR-10>,72120789.81,2278308,Sergipe
2019,3,SE,RGF-Anexo 01,DespesaComPessoalLiquida,DESPESA LÍQUIDA COM PESSOAL (III) = (I - II),<MR-9>,390280490.86,2278308,Sergipe
2019,3,SE,RGF-Anexo 01,DespesaComPessoalLiquida,DESPESA LÍQUIDA COM PESSOAL (III) = (I - II),<MR-8>,252483802.89,2278308,Sergipe
2019,3,SE,RGF-Anexo 01,DespesaComPessoalLiquida,DESPESA LÍQUIDA COM PESSOAL (III) = (I - II),<MR-7>,388811082.07,2278308,Sergipe
2019,3,SE,RGF-Anexo 01,DespesaComPessoalLiquida,DESPESA LÍQUIDA COM PESSOAL (III) = (I - II),<MR-6>,241456438.94,2278308,Sergipe
2019,3,SE,RGF-Anexo 01,DespesaComPessoalLiquida,DESPESA LÍQUIDA COM PESSOAL (III) = (I - II),<MR-5>,393011366.15,2278308,Sergipe
2019,3,SE,RGF-Anexo 01,DespesaComPessoalLiquida,DESPESA LÍQUIDA COM PESSOAL (III) = (I - II),<MR-4>,224402966.95,2278308,Sergipe
2019,3,SE,RGF-Anexo 01,DespesaComPessoalLiquida,DESPESA LÍQUIDA COM PESSOAL (III) = (I - II),<MR-3>,389285531.78,2278308,Sergipe
2019,3,SE,RGF-Anexo 01,DespesaComPessoalLiquida,DESPESA LÍQUIDA COM PESSOAL (III) = (I - II),<MR-2>,224693641.16,2278308,Sergipe
2019,3,SE,RGF-Anexo 01,DespesaComPessoalLiquida,DESPESA LÍQUIDA COM PESSOAL (III) = (I - II),<MR-1>,380659738.43,2278308,Sergipe
2019,3,SE,RGF-Anexo 01,DespesaComPessoalLiquida,DESPESA LÍQUIDA COM PESSOAL (III) = (I - II),<MR>,431850688.51,2278308,Sergipe
2019,3,SE,RGF-Anexo 01,DespesaComPessoalLiquida,DESPESA LÍQUIDA COM PESSOAL (III) = (I - II),TOTAL (ÚLTIMOS 12 MESES) (a),3772359154.27,2278308,Sergipe
2019,3,SE,RGF-Anexo 01,DespesaComPessoalLiquida,DESPESA LÍQUIDA COM PESSOAL (III) = (I - II),INSCRITAS EM RESTOS A PAGAR NÃO PROCESSADOS (b),265686.75,2278308,Sergipe
2019,3,SE,RGF-Anexo 01,ReceitaCorrenteLiquidaLimiteLegal,RECEITA CORRENTE LIQUIDA - RCL (IV),Valor,8053614115.0,2278308,Sergipe
2019,3,SE,RGF-Anexo 01,DespesaComPessoalTotal,DESPESA TOTAL COM PESSOAL - DTP (VII) = (IIIa + IIIb),Valor,3772624841.02,2278308,Sergipe
2019,3,SE,RGF-Anexo 01,DespesaComPessoalTotal,DESPESA TOTAL COM PESSOAL - DTP (VII) = (IIIa + IIIb),% sobre a RCL Ajustada,46.84,2278308,Sergipe
2019,3,SE,RGF-Anexo 02,DividaConsolidada,DÍVIDA CONSOLIDADA - DC (I),SALDO DO EXERCÍCIO ANTERIOR,4508572935.2,2278308,Sergipe
2019,3,SE,RGF-Anexo 02,DividaConsolidada,DÍVIDA CONSOLIDADA - DC (I),Até o 1º Quadrimestre,4984256482.74,2278308,Sergipe
2019,3,SE,RGF-Anexo 02,DividaConsolidada,DÍVIDA CONSOLIDADA - DC (I),Até o 2º Quadrimestre,5021619721.34,2278308,Sergipe
2019,3,SE,RGF-Anexo 02,DividaConsolidada,DÍVIDA CONSOLIDADA - DC (I),Até o 3º Quadrimestre,4867202795.35,2278308,Sergipe
2019,3,SE,RGF-Anexo 02,DividaContratual,Dívida Contratual,SALDO DO EXERCÍCIO ANTERIOR,3113463171.62,2278308,Sergipe
2019,3,SE,RGF-Anexo 02,DividaContratual,Dívida Contratual,Até o 1º Quadrimestre,3086702906.37,2278308,Sergipe
2019,3,SE,RGF-Anexo 02,DividaContratual,Dívida Contratual,Até o 2º Quadrimestre,3119201826.15,2278308,Sergipe
2019,3,SE,RGF-Anexo 02,DividaContratual,Dívida Contratual,Até o 3º Quadrimestre,3128491869.81,2278308,Sergipe
2019,3,SE,RGF-Anexo 02,DividaConsolidadaLiquida,DÍVIDA CONSOLIDADA LÍQUIDA (DCL) (III) = (I - II),SALDO DO EXERCÍCIO ANTERIOR,3400013691.54,2278308,Sergipe
2019,3,SE,RGF-Anexo 02,DividaConsolidadaLiquida,DÍVIDA CONSOLIDADA LÍQUIDA (DCL) (III) = (I - II),Até o 1º Quadrimestre,3383502728.01,2278308,Sergipe
2019,3,SE,RGF-Anexo 02,DividaConsolidadaLiquida,DÍVIDA CONSOLIDADA LÍQUIDA (DCL) (III) = (I - II),Até o 2º Quadrimestre,3203609993.61,2278308,Sergipe
2019,3,SE,RGF-Anexo 02,DividaConsolidadaLiquida,DÍVIDA CONSOLIDADA LÍQUIDA (DCL) (III) = (I - II),Até o 3º Quadrimestre,3695263444.12,2278308,Sergipe
2020,1,SE,RGF-Anexo 01,DespesaComPessoalBruta,DESPESA BRUTA COM PESSOAL (I),<MR-11>,391240565.7,2298696,Sergipe
2020,1,SE,RGF-Anexo 01,DespesaComPessoalBruta,DESPESA BRUTA COM PESSOAL (I),<MR-10>,422405324.0,2298696,Sergipe
2020,1,SE,RGF-Anexo 01,DespesaComPessoalBruta,DESPESA BRUTA COM PESSOAL (I),<MR-9>,395209633.38,2298696,Sergipe
2020,1,SE,RGF-Anexo 01,DespesaComPessoalBruta,DESPESA BRUTA COM PESSOAL (I),<MR-8>,400776561.42,2298696,Sergipe
2020,1,SE,RGF-Anexo 01,DespesaComPessoalBruta,DESPESA BRUTA COM PESSOAL (I),<MR-7>,392056639.02,2298696,Sergipe
2020,1,SE,RGF-Anexo 01,DespesaComPessoalBruta,DESPESA BRUTA COM PESSOAL (I),<MR-6>,403407032.06,2298696,Sergipe
2020,1,SE,RGF-Anexo 01,DespesaComPessoalBruta,DESPESA BRUTA COM PESSOAL (I),<MR-5>,383485576.14,2298696,Sergipe
2020,1,SE,RGF-Anexo 01,DespesaComPessoalBruta,DESPESA BRUTA COM PESSOAL (I),<MR-4>,725577133.48,2298696,Sergipe
2020,1,SE,RGF-Anexo 01,DespesaComPessoalBruta,DESPESA BRUTA COM PESSOAL (I),<MR-3>,354837798.41,2298696,Sergipe
2020,1,SE,RGF-Anexo 01,DespesaComPessoalBruta,DESPESA BRUTA COM PESSOAL (I),<MR-2>,412976984.11,2298696,Sergipe
2020,1,SE,RGF-Anexo 01,DespesaComPessoalBruta,DESPESA BRUTA COM PESSOAL (I),<MR-1>,394556830.62,2298696,Sergipe
2020,1,SE,RGF-Anexo 01,DespesaComPessoalBruta,DESPESA BRUTA COM PESSOAL (I),<MR>,385239766.25,2298696,Sergipe
2020,1,SE,RGF-Anexo 01,DespesaComPessoalBruta,DESPESA BRUTA COM PESSOAL (I),TOTAL (ÚLTIMOS 12 MESES) (a),5061769844.59,2298696,Sergipe
2020,1,SE,RGF-Anexo 01,DespesaComPessoalBruta,DESPESA BRUTA COM PESSOAL (I),INSCRITAS EM RESTOS A PAGAR NÃO PROCESSADOS (b),265686.75,2298696,Sergipe
2020,1,SE,RGF-Anexo 01,DespesaComPessoalAtivoBruta,Pessoal Ativo,<MR-11>,219124226.72,2298696,Sergipe
2020,1,SE,RGF-Anexo 01,DespesaComPessoalAtivoBruta,Pessoal Ativo,<MR-10>,249778314.98,2298696,Sergipe
2020,1,SE,RGF-Anexo 01,DespesaComPessoalAtivoBruta,Pessoal Ativo,<MR-9>,222375017.37,2298696,Sergipe
2020,1,SE,RGF-Anexo 01,DespesaComPessoalAtivoBruta,Pessoal Ativo,<MR-8>,226993051.87,2298696,Sergipe
2020,1,SE,RGF-Anexo 01,DespesaComPessoalAtivoBruta,Pessoal Ativo,<MR-7>,217381469.55,2298696,Sergipe
2020,1,SE,RGF-Anexo 01,DespesaComPessoalAtivoBruta,Pessoal Ativo,<MR-6>,225284608.83,2298696,Sergipe
2020,1,SE,RGF-Anexo 01,DespesaComPessoalAtivoBruta,Pessoal Ativo,<MR-5>,204823783.08,2298696,Sergipe
2020,1,SE,RGF-Anexo 01,DespesaComPessoalAtivoBruta,Pessoal Ativo,<MR-4>,394097783.9,2298696,Sergipe
2020,1,SE,RGF-Anexo 01,DespesaComPessoalAtivoBruta,Pessoal Ativo,<MR-3>,208922279.51,2298696,Sergipe
2020,1,SE,RGF-Anexo 01,DespesaComPessoalAtivoBruta,Pessoal Ativo,<MR-2>,192529444.85,2298696,Sergipe
2020,1,SE,RGF-Anexo 01,DespesaComPessoalAtivoBruta,Pessoal Ativo,<MR-1>,209575007.55,2298696,Sergipe
2020,1,SE,RGF-Anexo 01,DespesaComPessoalAtivoBruta,Pessoal Ativo,<MR>,189636590.95,2298696,Sergipe
2020,1,SE,RGF-Anexo 01,DespesaComPessoalAtivoBruta,Pessoal Ativo,TOTAL (ÚLTIMOS 12 MESES) (a),2760521579.16,2298696,Sergipe
2020,1,SE,RGF-Anexo 01,DespesaComPessoalAtivoBruta,Pessoal Ativo,INSCRITAS EM RESTOS A PAGAR NÃO PROCESSADOS (b),265686.75,2298696,Sergipe
2020,1,SE,RGF-Anexo 01,DespesaComPessoalInativoEPensionistasBruta,Pessoal Inativo e Pensionistas,<MR-11>,172116338.98,2298696,Sergipe
2020,1,SE,RGF-Anexo 01,DespesaComPessoalInativoEPensionistasBruta,Pessoal Inativo e Pensionistas,<MR-10>,172627009.02,2298696,Sergipe
2020,1,SE,RGF-Anexo 01,DespesaComPessoalInativoEPensionistasBruta,Pessoal Inativo e Pensionistas,<MR-9>,172834616.01,2298696,Sergipe
2020,1,SE,RGF-Anexo 01,DespesaComPessoalInativoEPensionistasBruta,Pessoal Inativo e Pensionistas,<MR-8>,173783509.55,2298696,Sergipe
2020,1,SE,RGF-Anexo 01,DespesaComPessoalInativoEPensionistasBruta,Pessoal Inativo e Pensionistas,<MR-7>,174675169.47,2298696,Sergipe
2020,1,SE,RGF-Anexo 01,DespesaComPessoalInativoEPensionistasBruta,Pessoal Inativo e Pensionistas,<MR-6>,178122423.23,2298696,Sergipe
2020,1,SE,RGF-Anexo 01,DespesaComPessoalInativoEPensionistasBruta,Pessoal Inativo e Pensionistas,<MR-5>,178661793.06,2298696,Sergipe
2020,1,SE,RGF-Anexo 01,DespesaComPessoalInativoEPensionistasBruta,Pessoal Inativo e Pensionistas,<MR-4>,331479349.58,2298696,Sergipe
2020,1,SE,RGF-Anexo 01,DespesaComPessoalInativoEPensionistasBruta,Pessoal Inativo e Pensionistas,<MR-3>,145915518.9,2298696,Sergipe
2020,1,SE,RGF-Anexo 01,DespesaComPessoalInativoEPensionistasBruta,Pessoal Inativo e Pensionistas,<MR-2>,220447539.26,2298696,Sergipe
2020,1,SE,RGF-Anexo 01,DespesaComPessoalInativoEPensionistasBruta,Pessoal Inativo e Pensionistas,<MR-1>,184981823.07,2298696,Sergipe
2020,1,SE,RGF-Anexo 01,DespesaComPessoalInativoEPensionistasBruta,Pessoal Inativo e Pensionistas,<MR>,195603175.3,2298696,Sergipe
2020,1,SE,RGF-Anexo 01,DespesaComPessoalInativoEPensionistasBruta,Pessoal Inativo e Pensionistas,TOTAL (ÚLTIMOS 12 MESES) (a),2301248265.43,2298696,Sergipe
2020,1,SE,RGF-Anexo 01,DespesaComPessoalLiquida,DESPESA LÍQUIDA COM PESSOAL (III) = (I - II),<MR-11>,320093867.29,2298696,Sergipe
2020,1,SE,RGF-Anexo 01,DespesaComPessoalLiquida,DESPESA LÍQUIDA COM PESSOAL (III) = (I - II),<MR-10>,310173653.72,2298696,Sergipe
2020,1,SE,RGF-Anexo 01,DespesaComPessoalLiquida,DESPESA LÍQUIDA COM PESSOAL (III) = (I - II),<MR-9>,364301801.89,2298696,Sergipe
2020,1,SE,RGF-Anexo 01,DespesaComPessoalLiquida,DESPESA LÍQUIDA COM PESSOAL (III) = (I - II),<MR-8>,253112531.21,2298696,Sergipe
2020,1,SE,RGF-Anexo 01,DespesaComPessoalLiquida,DESPESA LÍQUIDA COM PESSOAL (III) = (I - II),<MR-7>,315023294.47,2298696,Sergipe
2020,1,SE,RGF-Anexo 01,DespesaComPessoalLiquida,DESPESA LÍQUIDA COM PESSOAL (III) = (I - II),<MR-6>,298955878.47,2298696,Sergipe
2020,1,SE,RGF-Anexo 01,DespesaComPessoalLiquida,DESPESA LÍQUIDA COM PESSOAL (III) = (I - II),<MR-5>,260533378.11,2298696,Sergipe
2020,1,SE,RGF-Anexo 01,DespesaComPessoalLiquida,DESPESA LÍQUIDA COM PESSOAL (III) = (I - II),<MR-4>,551977048.83,2298696,Sergipe
2020,1,SE,RGF-Anexo 01,DespesaComPessoalLiquida,DESPESA LÍQUIDA COM PESSOAL (III) = (I - II),<MR-3>,304600141.88,2298696,Sergipe
2020,1,SE,RGF-Anexo 01,DespesaComPessoalLiquida,DESPESA LÍQUIDA COM PESSOAL (III) = (I - II),<MR-2>,285181544.53,2298696,Sergipe
2020,1,SE,RGF-Anexo 01,DespesaComPessoalLiquida,DESPESA LÍQUIDA COM PESSOAL (III) = (I - II),<MR-1>,328108229.02,2298696,Sergipe
2020,1,SE,RGF-Anexo 01,DespesaComPessoalLiquida,DESPESA LÍQUIDA COM PESSOAL (III) = (I - II),<MR>,311157051.66,2298696,Sergipe
2020,1,SE,RGF-Anexo 01,DespesaComPessoalLiquida,DESPESA LÍQUIDA COM PESSOAL (III) = (I - II),TOTAL (ÚLTIMOS 12 MESES) (a),3903218421.08,2298696,Sergipe
2020,1,SE,RGF-Anexo 01,DespesaComPessoalLiquida,DESPESA LÍQUIDA COM PESSOAL (III) = (I - II),INSCRITAS EM RESTOS A PAGAR NÃO PROCESSADOS (b),265686.75,2298696,Sergipe
2020,1,SE,RGF-Anexo 01,ReceitaCorrenteLiquidaLimiteLegal,RECEITA CORRENTE LIQUIDA - RCL (IV),Valor,8094482241.95,2298696,Sergipe
2020,1,SE,RGF-Anexo 01,DespesaComPessoalTotal,DESPESA TOTAL COM PESSOAL - DTP (VIII) = (IIIa + IIIb),Valor,3903484107.83,2298696,Sergipe
2020,1,SE,RGF-Anexo 01,DespesaComPessoalTotal,DESPESA TOTAL COM PESSOAL - DTP (VIII) = (IIIa + IIIb),% sobre a RCL Ajustada,48.22,2298696,Sergipe
2020,1,SE,RGF-Anexo 02,DividaConsolidada,DÍVIDA CONSOLIDADA - DC (I),SALDO DO EXERCÍCIO ANTERIOR,4867202795.35,2298696,Sergipe
2020,1,SE,RGF-Anexo 02,DividaConsolidada,DÍVIDA CONSOLIDADA - DC (I),Até o 1º Quadrimestre,5377446731.49,2298696,Sergipe
2020,1,SE,RGF-Anexo 02,DividaContratual,Dívida Contratual,SALDO DO EXERCÍCIO ANTERIOR,3128491869.81,2298696,Sergipe
2020,1,SE,RGF-Anexo 02,DividaContratual,Dívida Contratual,Até o 1º Quadrimestre,3400703788.77,2298696,Sergipe
2020,1,SE,RGF-Anexo 02,DividaConsolidadaLiquida,DÍVIDA CONSOLIDADA LÍQUIDA (DCL) (III) = (I - II),SALDO DO EXERCÍCIO ANTERIOR,3695263444.12,2298696,Sergipe
2020,1,SE,RGF-Anexo 02,DividaConsolidadaLiquida,DÍVIDA CONSOLIDADA LÍQUIDA (DCL) (III) = (I - II),Até o 1º Quadrimestre,3838105892.84,2298696,Sergipe
2020,2,SE,RGF-Anexo 01,DespesaComPessoalBruta,DESPESA BRUTA COM PESSOAL (I),<MR-11>,392056639.02,2298696,Sergipe
2020,2,SE,RGF-Anexo 01,DespesaComPessoalBruta,DESPESA BRUTA COM PESSOAL (I),<MR-10>,403407032.06,2298696,Sergipe
2020,2,SE,RGF-Anexo 01,DespesaComPessoalBruta,DESPESA BRUTA COM PESSOAL (I),<MR-9>,383485576.14,2298696,Sergipe
2020,2,SE,RGF-Anexo 01,DespesaComPessoalBruta,DESPESA BRUTA COM PESSOAL (I),<MR-8>,725577133.48,2298696,Sergipe
2020,2,SE,RGF-Anexo 01,DespesaComPessoalBruta,DESPESA BRUTA COM PESSOAL (I),<MR-7>,354837798.41,2298696,Sergipe
2020,2,SE,RGF-Anexo 01,DespesaComPessoalBruta,DESPESA BRUTA COM PESSOAL (I),<MR-6>,412976984.11,2298696,Sergipe
2020,2,SE,RGF-Anexo 01,DespesaComPessoalBruta,DESPESA BRUTA COM PESSOAL (I),<MR-5>,394556830.62,2298696,Sergipe
2020,2,SE,RGF-Anexo 01,DespesaComPessoalBruta,DESPESA BRUTA COM PESSOAL (I),<MR-4>,385239766.25,2298696,Sergipe
2020,2,SE,RGF-Anexo 01,DespesaComPessoalBruta,DESPESA BRUTA COM PESSOAL (I),<MR-3>,399555037.48,2298696,Sergipe
2020,2,SE,RGF-Anexo 01,DespesaComPessoalBruta,DESPESA BRUTA COM PESSOAL (I),<MR-2>,394690542.42,2298696,Sergipe
2020,2,SE,RGF-Anexo 01,DespesaComPessoalBruta,DESPESA BRUTA COM PESSOAL (I),<MR-1>,396157633.24,2298696,Sergipe
2020,2,SE,RGF-Anexo 01,DespesaComPessoalBruta,DESPESA BRUTA COM PESSOAL (I),<MR>,516567581.15,2298696,Sergipe
2020,2,SE,RGF-Anexo 01,DespesaComPessoalBruta,DESPESA BRUTA COM PESSOAL (I),TOTAL (ÚLTIMOS 12 MESES) (a),5159108554.38,2298696,Sergipe
2020,2,SE,RGF-Anexo 01,DespesaComPessoalBruta,DESPESA BRUTA COM PESSOAL (I),INSCRITAS EM RESTOS A PAGAR NÃO PROCESSADOS (b),265686.75,2298696,Sergipe
2020,2,SE,RGF-Anexo 01,DespesaComPessoalAtivoBruta,Pessoal Ativo,<MR-11>,217381469.55,2298696,Sergipe
2020,2,SE,RGF-Anexo 01,DespesaComPessoalAtivoBruta,Pessoal Ativo,<MR-10>,225284608.83,2298696,Sergipe
2020,2,SE,RGF-Anexo 01,DespesaComPessoalAtivoBruta,Pessoal Ativo,<MR-9>,204823783.08,2298696,Sergipe
2020,2,SE,RGF-Anexo 01,DespesaComPessoalAtivoBruta,Pessoal Ativo,<MR-8>,394097783.9,2298696,Sergipe
2020,2,SE,RGF-Anexo 01,DespesaComPessoalAtivoBruta,Pessoal Ativo,<MR-7>,208922279.51,2298696,Sergipe
2020,2,SE,RGF-Anexo 01,DespesaComPessoalAtivoBruta,Pessoal Ativo,<MR-6>,192529444.85,2298696,Sergipe
2020,2,SE,RGF-Anexo 01,DespesaComPessoalAtivoBruta,Pessoal Ativo,<MR-5>,209575007.55,2298696,Sergipe
2020,2,SE,RGF-Anexo 01,DespesaComPessoalAtivoBruta,Pessoal Ativo,<MR-4>,189636590.95,2298696,Sergipe
2020,2,SE,RGF-Anexo 01,DespesaComPessoalAtivoBruta,Pessoal Ativo,<MR-3>,205024347.32,2298696,Sergipe
2020,2,SE,RGF-Anexo 01,DespesaComPessoalAtivoBruta,Pessoal Ativo,<MR-2>,197092937.32,2298696,Sergipe
2020,2,SE,RGF-Anexo 01,DespesaComPessoalAtivoBruta,Pessoal Ativo,<MR-1>,200092170.01,2298696,Sergipe
2020,2,SE,RGF-Anexo 01,DespesaComPessoalAtivoBruta,Pessoal Ativo,<MR>,320435923.84,2298696,Sergipe
2020,2,SE,RGF-Anexo 01,DespesaComPessoalAtivoBruta,Pessoal Ativo,TOTAL (ÚLTIMOS 12 MESES) (a),2764896346.71,2298696,Sergipe
2020,2,SE,RGF-Anexo 01,DespesaComPessoalAtivoBruta,Pessoal Ativo,INSCRITAS EM RESTOS A PAGAR NÃO PROCESSADOS (b),265686.75,2298696,Sergipe
2020,2,SE,RGF-Anexo 01,DespesaComPessoalInativoEPensionistasBruta,Pessoal Inativo e Pensionistas,<MR-11>,174675169.47,2298696,Sergipe
2020,2,SE,RGF-Anexo 01,DespesaComPessoalInativoEPensionistasBruta,Pessoal Inativo e Pensionistas,<MR-10>,178122423.23,2298696,Sergipe
2020,2,SE,RGF-Anexo 01,DespesaComPessoalInativoEPensionistasBruta,Pessoal Inativo e Pensionistas,<MR-9>,178661793.06,2298696,Sergipe
2020,2,SE,RGF-Anexo 01,DespesaComPessoalInativoEPensionistasBruta,Pessoal Inativo e Pensionistas,<MR-8>,331479349.58,2298696,Sergipe
2020,2,SE,RGF-Anexo 01,DespesaComPessoalInativoEPensionistasBruta,Pessoal Inativo e Pensionistas,<MR-7>,145915518.9,2298696,Sergipe
2020,2,SE,RGF-Anexo 01,DespesaComPessoalInativoEPensionistasBruta,Pessoal Inativo e Pensionistas,<MR-6>,220447539.26,2298696,Sergipe
2020,2,SE,RGF-Anexo 01,DespesaComPessoalInativoEPensionistasBruta,Pessoal Inativo e Pensionistas,<MR-5>,184981823.07,2298696,Sergipe
2020,2,SE,RGF-Anexo 01,DespesaComPessoalInativoEPensionistasBruta,Pessoal Inativo e Pensionistas,<MR-4>,195603175.3,2298696,Sergipe
2020,2,SE,RGF-Anexo 01,DespesaComPessoalInativoEPensionistasBruta,Pessoal Inativo e Pensionistas,<MR-3>,194530690.16,2298696,Sergipe
2020,2,SE,RGF-Anexo 01,DespesaComPessoalInativoEPensionistasBruta,Pessoal Inativo e Pensionistas,<MR-2>,197597605.1,2298696,Sergipe
2020,2,SE,RGF-Anexo 01,DespesaComPessoalInativoEPensionistasBruta,Pessoal Inativo e Pensionistas,<MR-1>,196065463.23,2298696,Sergipe
2020,2,SE,RGF-Anexo 01,DespesaComPessoalInativoEPensionistasBruta,Pessoal Inativo e Pensionistas,<MR>,196131657.31,2298696,Sergipe
2020,2,SE,RGF-Anexo 01,DespesaComPessoalInativoEPensionistasBruta,Pessoal Inativo e Pensionistas,TOTAL (ÚLTIMOS 12 MESES) (a),2394212207.67,2298696,Sergipe
2020,2,SE,RGF-Anexo 01,DespesaComPessoalLiquida,DESPESA LÍQUIDA COM PESSOAL (III) = (I - II),<MR-11>,315023294.47,2298696,Sergipe
2020,2,SE,RGF-Anexo 01,DespesaComPessoalLiquida,DESPESA LÍQUIDA COM PESSOAL (III) = (I - II),<MR-10>,298955878.47,2298696,Sergipe
2020,2,SE,RGF-Anexo 01,DespesaComPessoalLiquida,DESPESA LÍQUIDA COM PESSOAL (III) = (I - II),<MR-9>,260533378.11,2298696,Sergipe
2020,2,SE,RGF-Anexo 01,DespesaComPessoalLiquida,DESPESA LÍQUIDA COM PESSOAL (III) = (I - II),<MR-8>,551977048.83,2298696,Sergipe
2020,2,SE,RGF-Anexo 01,DespesaComPessoalLiquida,DESPESA LÍQUIDA COM PESSOAL (III) = (I - II),<MR-7>,304600141.88,2298696,Sergipe
2020,2,SE,RGF-Anexo 01,DespesaComPessoalLiquida,DESPESA LÍQUIDA COM PESSOAL (III) = (I - II),<MR-6>,285181544.53,2298696,Sergipe
2020,2,SE,RGF-Anexo 01,DespesaComPessoalLiquida,DESPESA LÍQUIDA COM PESSOAL (III) = (I - II),<MR-5>,328108229.02,2298696,Sergipe
2020,2,SE,RGF-Anexo 01,DespesaComPessoalLiquida,DESPESA LÍQUIDA COM PESSOAL (III) = (I - II),<MR-4>,311157051.66,2298696,Sergipe
2020,2,SE,RGF-Anexo 01,DespesaComPessoalLiquida,DESPESA LÍQUIDA COM PESSOAL (III) = (I - II),<MR-3>,314706837.02,2298696,Sergipe
2020,2,SE,RGF-Anexo 01,DespesaComPessoalLiquida,DESPESA LÍQUIDA COM PESSOAL (III) = (I - II),<MR-2>,315370694.13,2298696,Sergipe
2020,2,SE,RGF-Anexo 01,DespesaComPessoalLiquida,DESPESA LÍQUIDA COM PESSOAL (III) = (I - II),<MR-1>,326700947.6,2298696,Sergipe
2020,2,SE,RGF-Anexo 01,DespesaComPessoalLiquida,DESPESA LÍQUIDA COM PESSOAL (III) = (I - II),<MR>,442866689.2,2298696,Sergipe
2020,2,SE,RGF-Anexo 01,DespesaComPessoalLiquida,DESPESA LÍQUIDA COM PESSOAL (III) = (I - II),TOTAL (ÚLTIMOS 12 MESES) (a),4055181734.92,2298696,Sergipe
2020,2,SE,RGF-Anexo 01,DespesaComPessoalLiquida,DESPESA LÍQUIDA COM PESSOAL (III) = (I - II),INSCRITAS EM RESTOS A PAGAR NÃO PROCESSADOS (b),265686.75,2298696,Sergipe
2020,2,SE,RGF-Anexo 01,ReceitaCorrenteLiquidaLimiteLegal,RECEITA CORRENTE LIQUIDA - RCL (IV),Valor,8451863195.39,2298696,Sergipe
2020,2,SE,RGF-Anexo 01,DespesaComPessoalTotal,DESPESA TOTAL COM PESSOAL - DTP (VIII) = (IIIa + IIIb),Valor,4055447421.67,2298696,Sergipe
2020,2,SE,RGF-Anexo 01,DespesaComPessoalTotal,DESPESA TOTAL COM PESSOAL - DTP (VIII) = (IIIa + IIIb),% sobre a RCL Ajustada,48.27,2298696,Sergipe
2020,2,SE,RGF-Anexo 02,DividaConsolidada,DÍVIDA CONSOLIDADA - DC (I),SALDO DO EXERCÍCIO ANTERIOR,4867202795.35,2298696,Sergipe
2020,2,SE,RGF-Anexo 02,DividaConsolidada,DÍVIDA CONSOLIDADA - DC (I),Até o 1º Quadrimestre,5369679524.38,2298696,Sergipe
2020,2,SE,RGF-Anexo 02,DividaConsolidada,DÍVIDA CONSOLIDADA - DC (I),Até o 2º Quadrimestre,5272315598.55,2298696,Sergipe
2020,2,SE,RGF-Anexo 02,DividaContratual,Dívida Contratual,SALDO DO EXERCÍCIO ANTERIOR,3128491869.81,2298696,Sergipe
2020,2,SE,RGF-Anexo 02,DividaContratual,Dívida Contratual,Até o 1º Quadrimestre,3400703788.77,2298696,Sergipe
2020,2,SE,RGF-Anexo 02,DividaContratual,Dívida Contratual,Até o 2º Quadrimestre,3397753879.93,2298696,Sergipe
2020,2,SE,RGF-Anexo 02,DividaConsolidadaLiquida,DÍVIDA CONSOLIDADA LÍQUIDA (DCL) (III) = (I - II),SALDO DO EXERCÍCIO ANTERIOR,3695263444.12,2298696,Sergipe
2020,2,SE,RGF-Anexo 02,DividaConsolidadaLiquida,DÍVIDA CONSOLIDADA LÍQUIDA (DCL) (III) = (I - II),Até o 1º Quadrimestre,3830338685.73,2298696,Sergipe
2020,2,SE,RGF-Anexo 02,DividaConsolidadaLiquida,DÍVIDA CONSOLIDADA LÍQUIDA (DCL) (III) = (I - II),Até o 2º Quadrimestre,3418540306.16,2298696,Sergipe
2020,3,SE,RGF-Anexo 01,DespesaComPessoalBruta,DESPESA BRUTA COM PESSOAL (I),<MR-11>,354837798.41,2298696,Sergipe
2020,3,SE,RGF-Anexo 01,DespesaComPessoalBruta,DESPESA BRUTA COM PESSOAL (I),<MR-10>,412976984.11,2298696,Sergipe
2020,3,SE,RGF-Anexo 01,DespesaComPessoalBruta,DESPESA BRUTA COM PESSOAL (I),<MR-9>,394556830.62,2298696,Sergipe
2020,3,SE,RGF-Anexo 01,DespesaComPessoalBruta,DESPESA BRUTA COM PESSOAL (I),<MR-8>,385239766.25,2298696,Sergipe
2020,3,SE,RGF-Anexo 01,DespesaComPessoalBruta,DESPESA BRUTA COM PESSOAL (I),<MR-7>,399555037.48,2298696,Sergipe
2020,3,SE,RGF-Anexo 01,DespesaComPessoalBruta,DESPESA BRUTA COM PESSOAL (I),<MR-6>,394690542.42,2298696,Sergipe
2020,3,SE,RGF-Anexo 01,DespesaComPessoalBruta,DESPESA BRUTA COM PESSOAL (I),<MR-5>,396157633.24,2298696,Sergipe
2020,3,SE,RGF-Anexo 01,DespesaComPessoalBruta,DESPESA BRUTA COM PESSOAL (I),<MR-4>,516567581.15,2298696,Sergipe
2020,3,SE,RGF-Anexo 01,DespesaComPessoalBruta,DESPESA BRUTA COM PESSOAL (I),<MR-3>,432514514.09,2298696,Sergipe
2020,3,SE,RGF-Anexo 01,DespesaComPessoalBruta,DESPESA BRUTA COM PESSOAL (I),<MR-2>,531880573.76,2298696,Sergipe
2020,3,SE,RGF-Anexo 01,DespesaComPessoalBruta,DESPESA BRUTA COM PESSOAL (I),<MR-1>,541638364.81,2298696,Sergipe
2020,3,SE,RGF-Anexo 01,DespesaComPessoalBruta,DESPESA BRUTA COM PESSOAL (I),<MR>,620458231.42,2298696,Sergipe
2020,3,SE,RGF-Anexo 01,DespesaComPessoalBruta,DESPESA BRUTA COM PESSOAL (I),TOTAL (ÚLTIMOS 12 MESES) (a),5381073857.76,2298696,Sergipe
2020,3,SE,RGF-Anexo 01,DespesaComPessoalBruta,DESPESA BRUTA COM PESSOAL (I),INSCRITAS EM RESTOS A PAGAR NÃO PROCESSADOS (b),552065.5,2298696,Sergipe
2020,3,SE,RGF-Anexo 01,DespesaComPessoalAtivoBruta,Pessoal Ativo,<MR-11>,208922279.51,2298696,Sergipe
2020,3,SE,RGF-Anexo 01,DespesaComPessoalAtivoBruta,Pessoal Ativo,<MR-10>,192529444.85,2298696,Sergipe
2020,3,SE,RGF-Anexo 01,DespesaComPessoalAtivoBruta,Pessoal Ativo,<MR-9>,209575007.55,2298696,Sergipe
2020,3,SE,RGF-Anexo 01,DespesaComPessoalAtivoBruta,Pessoal Ativo,<MR-8>,189636590.95,2298696,Sergipe
2020,3,SE,RGF-Anexo 01,DespesaComPessoalAtivoBruta,Pessoal Ativo,<MR-7>,205024347.32,2298696,Sergipe
2020,3,SE,RGF-Anexo 01,DespesaComPessoalAtivoBruta,Pessoal Ativo,<MR-6>,197092937.32,2298696,Sergipe
2020,3,SE,RGF-Anexo 01,DespesaComPessoalAtivoBruta,Pessoal Ativo,<MR-5>,200092170.01,2298696,Sergipe
2020,3,SE,RGF-Anexo 01,DespesaComPessoalAtivoBruta,Pessoal Ativo,<MR-4>,320435923.84,2298696,Sergipe
2020,3,SE,RGF-Anexo 01,DespesaComPessoalAtivoBruta,Pessoal Ativo,<MR-3>,232344378.55,2298696,Sergipe
2020,3,SE,RGF-Anexo 01,DespesaComPessoalAtivoBruta,Pessoal Ativo,<MR-2>,331347892.06,2298696,Sergipe
2020,3,SE,RGF-Anexo 01,DespesaComPessoalAtivoBruta,Pessoal Ativo,<MR-1>,342392892.44,2298696,Sergipe
2020,3,SE,RGF-Anexo 01,DespesaComPessoalAtivoBruta,Pessoal Ativo,<MR>,381768157.14,2298696,Sergipe
2020,3,SE,RGF-Anexo 01,DespesaComPessoalAtivoBruta,Pessoal Ativo,TOTAL (ÚLTIMOS 12 MESES) (a),3011162021.54,2298696,Sergipe
2020,3,SE,RGF-Anexo 01,DespesaComPessoalAtivoBruta,Pessoal Ativo,INSCRITAS EM RESTOS A PAGAR NÃO PROCESSADOS (b),552065.5,2298696,Sergipe
2020,3,SE,RGF-Anexo 01,DespesaComPessoalInativoEPensionistasBruta,Pessoal Inativo e Pensionistas,<MR-11>,145915518.9,2298696,Sergipe
2020,3,SE,RGF-Anexo 01,DespesaComPessoalInativoEPensionistasBruta,Pessoal Inativo e Pensionistas,<MR-10>,220447539.26,2298696,Sergipe
2020,3,SE,RGF-Anexo 01,DespesaComPessoalInativoEPensionistasBruta,Pessoal Inativo e Pensionistas,<MR-9>,184981823.07,2298696,Sergipe
2020,3,SE,RGF-Anexo 01,DespesaComPessoalInativoEPensionistasBruta,Pessoal Inativo e Pensionistas,<MR-8>,195603175.3,2298696,Sergipe
2020,3,SE,RGF-Anexo 01,DespesaComPessoalInativoEPensionistasBruta,Pessoal Inativo e Pensionistas,<MR-7>,194530690.16,2298696,Sergipe
2020,3,SE,RGF-Anexo 01,DespesaComPessoalInativoEPensionistasBruta,Pessoal Inativo e Pensionistas,<MR-6>,197597605.1,2298696,Sergipe
2020,3,SE,RGF-Anexo 01,DespesaComPessoalInativoEPensionistasBruta,Pessoal Inativo e Pensionistas,<MR-5>,196065463.23,2298696,Sergipe
2020,3,SE,RGF-Anexo 01,DespesaComPessoalInativoEPensionistasBruta,Pessoal Inativo e Pensionistas,<MR-4>,196131657.31,2298696,Sergipe
2020,3,SE,RGF-Anexo 01,DespesaComPessoalInativoEPensionistasBruta,Pessoal Inativo e Pensionistas,<MR-3>,200170135.54,2298696,Sergipe
2020,3,SE,RGF-Anexo 01,DespesaComPessoalInativoEPensionistasBruta,Pessoal Inativo e Pensionistas,<MR-2>,200532681.7,2298696,Sergipe
2020,3,SE,RGF-Anexo 01,DespesaComPessoalInativoEPensionistasBruta,Pessoal Inativo e Pensionistas,<MR-1>,199245472.37,2298696,Sergipe
2020,3,SE,RGF-Anexo 01,DespesaComPessoalInativoEPensionistasBruta,Pessoal Inativo e Pensionistas,<MR>,238690074.28,2298696,Sergipe
2020,3,SE,RGF-Anexo 01,DespesaComPessoalInativoEPensionistasBruta,Pessoal Inativo e Pensionistas,TOTAL (ÚLTIMOS 12 MESES) (a),2369911836.22,2298696,Sergipe
2020,3,SE,RGF-Anexo 01,DespesaComPessoalLiquida,DESPESA LÍQUIDA COM PESSOAL (III) = (I - II),<MR-11>,304600141.88,2298696,Sergipe
2020,3,SE,RGF-Anexo 01,DespesaComPessoalLiquida,DESPESA LÍQUIDA COM PESSOAL (III) = (I - II),<MR-10>,285181544.53,2298696,Sergipe
2020,3,SE,RGF-Anexo 01,DespesaComPessoalLiquida,DESPESA LÍQUIDA COM PESSOAL (III) = (I - II),<MR-9>,328108229.02,2298696,Sergipe
2020,3,SE,RGF-Anexo 01,DespesaComPessoalLiquida,DESPESA LÍQUIDA COM PESSOAL (III) = (I - II),<MR-8>,311157051.66,2298696,Sergipe
2020,3,SE,RGF-Anexo 01,DespesaComPessoalLiquida,DESPESA LÍQUIDA COM PESSOAL (III) = (I - II),<MR-7>,314706837.02,2298696,Sergipe
2020,3,SE,RGF-Anexo 01,DespesaComPessoalLiquida,DESPESA LÍQUIDA COM PESSOAL (III) = (I - II),<MR-6>,315370694.13,2298696,Sergipe
2020,3,SE,RGF-Anexo 01,DespesaComPessoalLiquida,DESPESA LÍQUIDA COM PESSOAL (III) = (I - II),<MR-5>,353086322.09,2298696,Sergipe
2020,3,SE,RGF-Anexo 01,DespesaComPessoalLiquida,DESPESA LÍQUIDA COM PESSOAL (III) = (I - II),<MR-4>,476448074.91,2298696,Sergipe
2020,3,SE,RGF-Anexo 01,DespesaComPessoalLiquida,DESPESA LÍQUIDA COM PESSOAL (III) = (I - II),<MR-3>,255396604.85,2298696,Sergipe
2020,3,SE,RGF-Anexo 01,DespesaComPessoalLiquida,DESPESA LÍQUIDA COM PESSOAL (III) = (I - II),<MR-2>,399133098.9,2298696,Sergipe
2020,3,SE,RGF-Anexo 01,DespesaComPessoalLiquida,DESPESA LÍQUIDA COM PESSOAL (III) = (I - II),<MR-1>,301897259.67,2298696,Sergipe
2020,3,SE,RGF-Anexo 01,DespesaComPessoalLiquida,DESPESA LÍQUIDA COM PESSOAL (III) = (I - II),<MR>,434176601.55,2298696,Sergipe
2020,3,SE,RGF-Anexo 01,DespesaComPessoalLiquida,DESPESA LÍQUIDA COM PESSOAL (III) = (I - II),TOTAL (ÚLTIMOS 12 MESES) (a),4079262460.21,2298696,Sergipe
2020,3,SE,RGF-Anexo 01,DespesaComPessoalLiquida,DESPESA LÍQUIDA COM PESSOAL (III) = (I - II),INSCRITAS EM RESTOS A PAGAR NÃO PROCESSADOS (b),510360.46,2298696,Sergipe
2020,3,SE,RGF-Anexo 01,ReceitaCorrenteLiquidaLimiteLegal,RECEITA CORRENTE LIQUIDA - RCL (IV),Valor,8724606234.62,2298696,Sergipe
2020,3,SE,RGF-Anexo 01,DespesaComPessoalTotal,DESPESA TOTAL COM PESSOAL - DTP (VIII) = (IIIa + IIIb),Valor,4079772820.67,2298696,Sergipe
2020,3,SE,RGF-Anexo 01,DespesaComPessoalTotal,DESPESA TOTAL COM PESSOAL - DTP (VIII) = (IIIa + IIIb),% sobre a RCL Ajustada,47.38,2298696,Sergipe
2020,3,SE,RGF-Anexo 02,DividaConsolidada,DÍVIDA CONSOLIDADA - DC (I),SALDO DO EXERCÍCIO ANTERIOR,4867202795.35,2298696,Sergipe
2020,3,SE,RGF-Anexo 02,DividaConsolidada,DÍVIDA CONSOLIDADA - DC (I),Até o 1º Quadrimestre,5369679524.38,2298696,Sergipe
2020,3,SE,RGF-Anexo 02,DividaConsolidada,DÍVIDA CONSOLIDADA - DC (I),Até o 2º Quadrimestre,5272315598.55,2298696,Sergipe
2020,3,SE,RGF-Anexo 02,DividaConsolidada,DÍVIDA CONSOLIDADA - DC (I),Até o 3º Quadrimestre,4597012280.33,2298696,Sergipe
2020,3,SE,RGF-Anexo 02,DividaContratual,Dívida Contratual,SALDO DO EXERCÍCIO ANTERIOR,3128491869.81,2298696,Sergipe
2020,3,SE,RGF-Anexo 02,DividaContratual,Dívida Contratual,Até o 1º Quadrimestre,3400703788.77,2298696,Sergipe
2020,3,SE,RGF-Anexo 02,DividaContratual,Dívida Contratual,Até o 2º Quadrimestre,3397753879.93,2298696,Sergipe
2020,3,SE,RGF-Anexo 02,DividaContratual,Dívida Contratual,Até o 3º Quadrimestre,3296194729.54,2298696,Sergipe
2020,3,SE,RGF-Anexo 02,DividaConsolidadaLiquida,DÍVIDA CONSOLIDADA LÍQUIDA (DCL) (III) = (I - II),SALDO DO EXERCÍCIO ANTERIOR,3695263444.12,2298696,Sergipe
2020,3,SE,RGF-Anexo 02,DividaConsolidadaLiquida,DÍVIDA CONSOLIDADA LÍQUIDA (DCL) (III) = (I - II),Até o 1º Quadrimestre,3830338685.73,2298696,Sergipe
2020,3,SE,RGF-Anexo 02,DividaConsolidadaLiquida,DÍVIDA CONSOLIDADA LÍQUIDA (DCL) (III) = (I - II),Até o 2º Quadrimestre,3418540306.16,2298696,Sergipe
2020,3,SE,RGF-Anexo 02,DividaConsolidadaLiquida,DÍVIDA CONSOLIDADA LÍQUIDA (DCL) (III) = (I - II),Até o 3º Quadrimestre,3364371947.53,2298696,Sergipe
2021,1,SE,RGF-Anexo 01,DespesaComPessoalBruta,DESPESA BRUTA COM PESSOAL (I),<MR-11>,399555037.48,2318822,Sergipe
2021,1,SE,RGF-Anexo 01,DespesaComPessoalBruta,DESPESA BRUTA COM PESSOAL (I),<MR-10>,394690542.42,2318822,Sergipe
2021,1,SE,RGF-Anexo 01,DespesaComPessoalBruta,DESPESA BRUTA COM PESSOAL (I),<MR-9>,396157633.24,2318822,Sergipe
2021,1,SE,RGF-Anexo 01,DespesaComPessoalBruta,DESPESA BRUTA COM PESSOAL (I),<MR-8>,516567581.15,2318822,Sergipe
2021,1,SE,RGF-Anexo 01,DespesaComPessoalBruta,DESPESA BRUTA COM PESSOAL (I),<MR-7>,432514514.09,2318822,Sergipe
2021,1,SE,RGF-Anexo 01,DespesaComPessoalBruta,DESPESA BRUTA COM PESSOAL (I),<MR-6>,531880573.76,2318822,Sergipe
2021,1,SE,RGF-Anexo 01,DespesaComPessoalBruta,DESPESA BRUTA COM PESSOAL (I),<MR-5>,541638364.81,2318822,Sergipe
2021,1,SE,RGF-Anexo 01,DespesaComPessoalBruta,DESPESA BRUTA COM PESSOAL (I),<MR-4>,620458231.42,2318822,Sergipe
2021,1,SE,RGF-Anexo 01,DespesaComPessoalBruta,DESPESA BRUTA COM PESSOAL (I),<MR-3>,500831822.83,2318822,Sergipe
2021,1,SE,RGF-Anexo 01,DespesaComPessoalBruta,DESPESA BRUTA COM PESSOAL (I),<MR-2>,489589681.44,2318822,Sergipe
2021,1,SE,RGF-Anexo 01,DespesaComPessoalBruta,DESPESA BRUTA COM PESSOAL (I),<MR-1>,519402704.57,2318822,Sergipe
2021,1,SE,RGF-Anexo 01,DespesaComPessoalBruta,DESPESA BRUTA COM PESSOAL (I),<MR>,438816919.17,2318822,Sergipe
2021,1,SE,RGF-Anexo 01,DespesaComPessoalBruta,DESPESA BRUTA COM PESSOAL (I),TOTAL (ÚLTIMOS 12 MESES) (a),5782103606.38,2318822,Sergipe
2021,1,SE,RGF-Anexo 01,DespesaComPessoalBruta,DESPESA BRUTA COM PESSOAL (I),INSCRITAS EM RESTOS A PAGAR NÃO PROCESSADOS (b),552065.5,2318822,Sergipe
2021,1,SE,RGF-Anexo 01,DespesaComPessoalAtivoBruta,Pessoal Ativo,<MR-11>,205024347.32,2318822,Sergipe
2021,1,SE,RGF-Anexo 01,DespesaComPessoalAtivoBruta,Pessoal Ativo,<MR-10>,197092937.32,2318822,Sergipe
2021,1,SE,RGF-Anexo 01,DespesaComPessoalAtivoBruta,Pessoal Ativo,<MR-9>,200092170.01,2318822,Sergipe
2021,1,SE,RGF-Anexo 01,DespesaComPessoalAtivoBruta,Pessoal Ativo,<MR-8>,320435923.84,2318822,Sergipe
2021,1,SE,RGF-Anexo 01,DespesaComPessoalAtivoBruta,Pessoal Ativo,<MR-7>,232344378.55,2318822,Sergipe
2021,1,SE,RGF-Anexo 01,DespesaComPessoalAtivoBruta,Pessoal Ativo,<MR-6>,331347892.06,2318822,Sergipe
2021,1,SE,RGF-Anexo 01,DespesaComPessoalAtivoBruta,Pessoal Ativo,<MR-5>,342392892.44,2318822,Sergipe
2021,1,SE,RGF-Anexo 01,DespesaComPessoalAtivoBruta,Pessoal Ativo,<MR-4>,381768157.14,2318822,Sergipe
2021,1,SE,RGF-Anexo 01,DespesaComPessoalAtivoBruta,Pessoal Ativo,<MR-3>,310985435.23,2318822,Sergipe
2021,1,SE,RGF-Anexo 01,DespesaComPessoalAtivoBruta,Pessoal Ativo,<MR-2>,293979305.78,2318822,Sergipe
2021,1,SE,RGF-Anexo 01,DespesaComPessoalAtivoBruta,Pessoal Ativo,<MR-1>,318488291.39,2318822,Sergipe
2021,1,SE,RGF-Anexo 01,DespesaComPessoalAtivoBruta,Pessoal Ativo,<MR>,242428060.37,2318822,Sergipe
2021,1,SE,RGF-Anexo 01,DespesaComPessoalAtivoBruta,Pessoal Ativo,TOTAL (ÚLTIMOS 12 MESES) (a),3376379791.45,2318822,Sergipe
2021,1,SE,RGF-Anexo 01,DespesaComPessoalAtivoBruta,Pessoal Ativo,INSCRITAS EM RESTOS A PAGAR NÃO PROCESSADOS (b),552065.5,2318822,Sergipe
2021,1,SE,RGF-Anexo 01,DespesaComPessoalInativoEPensionistasBruta,Pessoal Inativo e Pensionistas,<MR-11>,194530690.16,2318822,Sergipe
2021,1,SE,RGF-Anexo 01,DespesaComPessoalInativoEPensionistasBruta,Pessoal Inativo e Pensionistas,<MR-10>,197597605.1,2318822,Sergipe
2021,1,SE,RGF-Anexo 01,DespesaComPessoalInativoEPensionistasBruta,Pessoal Inativo e Pensionistas,<MR-9>,196065463.23,2318822,Sergipe
2021,1,SE,RGF-Anexo 01,DespesaComPessoalInativoEPensionistasBruta,Pessoal Inativo e Pensionistas,<MR-8>,196131657.31,2318822,Sergipe
2021,1,SE,RGF-Anexo 01,DespesaComPessoalInativoEPensionistasBruta,Pessoal Inativo e Pensionistas,<MR-7>,200170135.54,2318822,Sergipe
2021,1,SE,RGF-Anexo 01,DespesaComPessoalInativoEPensionistasBruta,Pessoal Inativo e Pensionistas,<MR-6>,200532681.7,2318822,Sergipe
2021,1,SE,RGF-Anexo 01,DespesaComPessoalInativoEPensionistasBruta,Pessoal Inativo e Pensionistas,<MR-5>,199245472.37,2318822,Sergipe
2021,1,SE,RGF-Anexo 01,DespesaComPessoalInativoEPensionistasBruta,Pessoal Inativo e Pensionistas,<MR-4>,238690074.28,2318822,Sergipe
2021,1,SE,RGF-Anexo 01,DespesaComPessoalInativoEPensionistasBruta,Pessoal Inativo e Pensionistas,<MR-3>,189846387.6,2318822,Sergipe
2021,1,SE,RGF-Anexo 01,DespesaComPessoalInativoEPensionistasBruta,Pessoal Inativo e Pensionistas,<MR-2>,195610375.66,2318822,Sergipe
2021,1,SE,RGF-Anexo 01,DespesaComPessoalInativoEPensionistasBruta,Pessoal Inativo e Pensionistas,<MR-1>,200914413.18,2318822,Sergipe
2021,1,SE,RGF-Anexo 01,DespesaComPessoalInativoEPensionistasBruta,Pessoal Inativo e Pensionistas,<MR>,196388858.8,2318822,Sergipe
2021,1,SE,RGF-Anexo 01,DespesaComPessoalInativoEPensionistasBruta,Pessoal Inativo e Pensionistas,TOTAL (ÚLTIMOS 12 MESES) (a),2405723814.93,2318822,Sergipe
2021,1,SE,RGF-Anexo 01,DespesaComPessoalLiquida,DESPESA LÍQUIDA COM PESSOAL (III) = (I - II),<MR-11>,314706837.02,2318822,Sergipe
2021,1,SE,RGF-Anexo 01,DespesaComPessoalLiquida,DESPESA LÍQUIDA COM PESSOAL (III) = (I - II),<MR-10>,315370694.13,2318822,Sergipe
2021,1,SE,RGF-Anexo 01,DespesaComPessoalLiquida,DESPESA LÍQUIDA COM PESSOAL (III) = (I - II),<MR-9>,353086322.09,2318822,Sergipe
2021,1,SE,RGF-Anexo 01,DespesaComPessoalLiquida,DESPESA LÍQUIDA COM PESSOAL (III) = (I - II),<MR-8>,476448074.91,2318822,Sergipe
2021,1,SE,RGF-Anexo 01,DespesaComPessoalLiquida,DESPESA LÍQUIDA COM PESSOAL (III) = (I - II),<MR-7>,255396604.85,2318822,Sergipe
2021,1,SE,RGF-Anexo 01,DespesaComPessoalLiquida,DESPESA LÍQUIDA COM PESSOAL (III) = (I - II),<MR-6>,399133098.9,2318822,Sergipe
2021,1,SE,RGF-Anexo 01,DespesaComPessoalLiquida,DESPESA LÍQUIDA COM PESSOAL (III) = (I - II),<MR-5>,301897259.67,2318822,Sergipe
2021,1,SE,RGF-Anexo 01,DespesaComPessoalLiquida,DESPESA LÍQUIDA COM PESSOAL (III) = (I - II),<MR-4>,434176601.55,2318822,Sergipe
2021,1,SE,RGF-Anexo 01,DespesaComPessoalLiquida,DESPESA LÍQUIDA COM PESSOAL (III) = (I - II),<MR-3>,274472101.21,2318822,Sergipe
2021,1,SE,RGF-Anexo 01,DespesaComPessoalLiquida,DESPESA LÍQUIDA COM PESSOAL (III) = (I - II),<MR-2>,298484960.43,2318822,Sergipe
2021,1,SE,RGF-Anexo 01,DespesaComPessoalLiquida,DESPESA LÍQUIDA COM PESSOAL (III) = (I - II),<MR-1>,359814363.05,2318822,Sergipe
2021,1,SE,RGF-Anexo 01,DespesaComPessoalLiquida,DESPESA LÍQUIDA COM PESSOAL (III) = (I - II),<MR>,317545589.02,2318822,Sergipe
2021,1,SE,RGF-Anexo 01,DespesaComPessoalLiquida,DESPESA LÍQUIDA COM PESSOAL (III) = (I - II),TOTAL (ÚLTIMOS 12 MESES) (a),4100532506.83,2318822,Sergipe
2021,1,SE,RGF-Anexo 01,DespesaComPessoalLiquida,DESPESA LÍQUIDA COM PESSOAL (III) = (I - II),INSCRITAS EM RESTOS A PAGAR NÃO PROCESSADOS (b),510360.46,2318822,Sergipe
2021,1,SE,RGF-Anexo 01,ReceitaCorrenteLiquidaLimiteLegal,RECEITA CORRENTE LIQUIDA - RCL (IV),Valor,9163756081.82,2318822,Sergipe
2021,1,SE,RGF-Anexo 01,DespesaComPessoalTotal,DESPESA TOTAL COM PESSOAL - DTP (VIII) = (IIIa + IIIb),Valor,4101042867.29,2318822,Sergipe
2021,1,SE,RGF-Anexo 01,DespesaComPessoalTotal,DESPESA TOTAL COM PESSOAL - DTP (VIII) = (IIIa + IIIb),% sobre a RCL Ajustada,45.31,2318822,Sergipe
2021,1,SE,RGF-Anexo 02,DividaConsolidada,DÍVIDA CONSOLIDADA - DC (I),SALDO DO EXERCÍCIO ANTERIOR,4597012280.33,2318822,Sergipe
2021,1,SE,RGF-Anexo 02,DividaConsolidada,DÍVIDA CONSOLIDADA - DC (I),Até o 1º Quadrimestre,4629375714.43,2318822,Sergipe
2021,1,SE,RGF-Anexo 02,DividaContratual,Dívida Contratual,SALDO DO EXERCÍCIO ANTERIOR,3296194729.54,2318822,Sergipe
2021,1,SE,RGF-Anexo 02,DividaContratual,Dívida Contratual,Até o 1º Quadrimestre,3325263303.34,2318822,Sergipe
2021,1,SE,RGF-Anexo 02,DividaConsolidadaLiquida,DÍVIDA CONSOLIDADA LÍQUIDA (DCL) (III) = (I - II),SALDO DO EXERCÍCIO ANTERIOR,3364371947.53,2318822,Sergipe
2021,1,SE,RGF-Anexo 02,DividaConsolidadaLiquida,DÍVIDA CONSOLIDADA LÍQUIDA (DCL) (III) = (I - II),Até o 1º Quadrimestre,2957874823.68,2318822,Sergipe
2021,2,SE,RGF-Anexo 01,DespesaComPessoalBruta,DESPESA BRUTA COM PESSOAL (I),<MR-11>,436984194.31,2318822,Sergipe
2021,2,SE,RGF-Anexo 01,DespesaComPessoalBruta,DESPESA BRUTA COM PESSOAL (I),<MR-10>,537028056.21,2318822,Sergipe
2021,2,SE,RGF-Anexo 01,DespesaComPessoalBruta,DESPESA BRUTA COM PESSOAL (I),<MR-9>,546965861.82,2318822,Sergipe
2021,2,SE,RGF-Anexo 01,DespesaComPessoalBruta,DESPESA BRUTA COM PESSOAL (I),<MR-8>,627749089.4,2318822,Sergipe
2021,2,SE,RGF-Anexo 01,DespesaComPessoalBruta,DESPESA BRUTA COM PESSOAL (I),<MR-7>,483542783.75,2318822,Sergipe
2021,2,SE,RGF-Anexo 01,DespesaComPessoalBruta,DESPESA BRUTA COM PESSOAL (I),<MR-6>,472338604.57,2318822,Sergipe
2021,2,SE,RGF-Anexo 01,DespesaComPessoalBruta,DESPESA BRUTA COM PESSOAL (I),<MR-5>,501926433.89,2318822,Sergipe
2021,2,SE,RGF-Anexo 01,DespesaComPessoalBruta,DESPESA BRUTA COM PESSOAL (I),<MR-4>,421375319.74,2318822,Sergipe
2021,2,SE,RGF-Anexo 01,DespesaComPessoalBruta,DESPESA BRUTA COM PESSOAL (I),<MR-3>,420087015.76,2318822,Sergipe
2021,2,SE,RGF-Anexo 01,DespesaComPessoalBruta,DESPESA BRUTA COM PESSOAL (I),<MR-2>,426140916.04,2318822,Sergipe
2021,2,SE,RGF-Anexo 01,DespesaComPessoalBruta,DESPESA BRUTA COM PESSOAL (I),<MR-1>,425069356.65,2318822,Sergipe
2021,2,SE,RGF-Anexo 01,DespesaComPessoalBruta,DESPESA BRUTA COM PESSOAL (I),<MR>,432249037.59,2318822,Sergipe
2021,2,SE,RGF-Anexo 01,DespesaComPessoalBruta,DESPESA BRUTA COM PESSOAL (I),TOTAL (ÚLTIMOS 12 MESES) (a),5731456669.73,2318822,Sergipe
2021,2,SE,RGF-Anexo 01,DespesaComPessoalBruta,DESPESA BRUTA COM PESSOAL (I),INSCRITAS EM RESTOS A PAGAR NÃO PROCESSADOS (b),552065.5,2318822,Sergipe
2021,2,SE,RGF-Anexo 01,DespesaComPessoalAtivoBruta,Pessoal Ativo,<MR-11>,236814058.77,2318822,Sergipe
2021,2,SE,RGF-Anexo 01,DespesaComPessoalAtivoBruta,Pessoal Ativo,<MR-10>,336495374.51,2318822,Sergipe
2021,2,SE,RGF-Anexo 01,DespesaComPessoalAtivoBruta,Pessoal Ativo,<MR-9>,347720389.45,2318822,Sergipe
2021,2,SE,RGF-Anexo 01,DespesaComPessoalAtivoBruta,Pessoal Ativo,<MR-8>,389059015.12,2318822,Sergipe
2021,2,SE,RGF-Anexo 01,DespesaComPessoalAtivoBruta,Pessoal Ativo,<MR-7>,315364795.68,2318822,Sergipe
2021,2,SE,RGF-Anexo 01,DespesaComPessoalAtivoBruta,Pessoal Ativo,<MR-6>,298493997.04,2318822,Sergipe
2021,2,SE,RGF-Anexo 01,DespesaComPessoalAtivoBruta,Pessoal Ativo,<MR-5>,322862933.76,2318822,Sergipe
2021,2,SE,RGF-Anexo 01,DespesaComPessoalAtivoBruta,Pessoal Ativo,<MR-4>,246895826.26,2318822,Sergipe
2021,2,SE,RGF-Anexo 01,DespesaComPessoalAtivoBruta,Pessoal Ativo,<MR-3>,245459061.55,2318822,Sergipe
2021,2,SE,RGF-Anexo 01,DespesaComPessoalAtivoBruta,Pessoal Ativo,<MR-2>,251319429.71,2318822,Sergipe
2021,2,SE,RGF-Anexo 01,DespesaComPessoalAtivoBruta,Pessoal Ativo,<MR-1>,250422051.57,2318822,Sergipe
2021,2,SE,RGF-Anexo 01,DespesaComPessoalAtivoBruta,Pessoal Ativo,<MR>,256559089.55,2318822,Sergipe
2021,2,SE,RGF-Anexo 01,DespesaComPessoalAtivoBruta,Pessoal Ativo,TOTAL (ÚLTIMOS 12 MESES) (a),3497466022.97,2318822,Sergipe
2021,2,SE,RGF-Anexo 01,DespesaComPessoalAtivoBruta,Pessoal Ativo,INSCRITAS EM RESTOS A PAGAR NÃO PROCESSADOS (b),552065.5,2318822,Sergipe
2021,2,SE,RGF-Anexo 01,DespesaComPessoalInativoEPensionistasBruta,Pessoal Inativo e Pensionistas,<MR-11>,200170135.54,2318822,Sergipe
2021,2,SE,RGF-Anexo 01,DespesaComPessoalInativoEPensionistasBruta,Pessoal Inativo e Pensionistas,<MR-10>,200532681.7,2318822,Sergipe
2021,2,SE,RGF-Anexo 01,DespesaComPessoalInativoEPensionistasBruta,Pessoal Inativo e Pensionistas,<MR-9>,199245472.37,2318822,Sergipe
2021,2,SE,RGF-Anexo 01,DespesaComPessoalInativoEPensionistasBruta,Pessoal Inativo e Pensionistas,<MR-8>,238690074.28,2318822,Sergipe
2021,2,SE,RGF-Anexo 01,DespesaComPessoalInativoEPensionistasBruta,Pessoal Inativo e Pensionistas,<MR-7>,168177988.07,2318822,Sergipe
2021,2,SE,RGF-Anexo 01,DespesaComPessoalInativoEPensionistasBruta,Pessoal Inativo e Pensionistas,<MR-6>,173844607.53,2318822,Sergipe
2021,2,SE,RGF-Anexo 01,DespesaComPessoalInativoEPensionistasBruta,Pessoal Inativo e Pensionistas,<MR-5>,179063500.13,2318822,Sergipe
2021,2,SE,RGF-Anexo 01,DespesaComPessoalInativoEPensionistasBruta,Pessoal Inativo e Pensionistas,<MR-4>,174479493.48,2318822,Sergipe
2021,2,SE,RGF-Anexo 01,DespesaComPessoalInativoEPensionistasBruta,Pessoal Inativo e Pensionistas,<MR-3>,174627954.21,2318822,Sergipe
2021,2,SE,RGF-Anexo 01,DespesaComPessoalInativoEPensionistasBruta,Pessoal Inativo e Pensionistas,<MR-2>,174821486.33,2318822,Sergipe
2021,2,SE,RGF-Anexo 01,DespesaComPessoalInativoEPensionistasBruta,Pessoal Inativo e Pensionistas,<MR-1>,174647305.08,2318822,Sergipe
2021,2,SE,RGF-Anexo 01,DespesaComPessoalInativoEPensionistasBruta,Pessoal Inativo e Pensionistas,<MR>,175689948.04,2318822,Sergipe
2021,2,SE,RGF-Anexo 01,DespesaComPessoalInativoEPensionistasBruta,Pessoal Inativo e Pensionistas,TOTAL (ÚLTIMOS 12 MESES) (a),2233990646.76,2318822,Sergipe
2021,2,SE,RGF-Anexo 01,DespesaComPessoalLiquida,DESPESA LÍQUIDA COM PESSOAL (III) = (I - II),<MR-11>,259744364.81,2318822,Sergipe
2021,2,SE,RGF-Anexo 01,DespesaComPessoalLiquida,DESPESA LÍQUIDA COM PESSOAL (III) = (I - II),<MR-10>,404280581.35,2318822,Sergipe
2021,2,SE,RGF-Anexo 01,DespesaComPessoalLiquida,DESPESA LÍQUIDA COM PESSOAL (III) = (I - II),<MR-9>,307224756.68,2318822,Sergipe
2021,2,SE,RGF-Anexo 01,DespesaComPessoalLiquida,DESPESA LÍQUIDA COM PESSOAL (III) = (I - II),<MR-8>,441467459.53,2318822,Sergipe
2021,2,SE,RGF-Anexo 01,DespesaComPessoalLiquida,DESPESA LÍQUIDA COM PESSOAL (III) = (I - II),<MR-7>,390358979.62,2318822,Sergipe
2021,2,SE,RGF-Anexo 01,DespesaComPessoalLiquida,DESPESA LÍQUIDA COM PESSOAL (III) = (I - II),<MR-6>,367811649.35,2318822,Sergipe
2021,2,SE,RGF-Anexo 01,DespesaComPessoalLiquida,DESPESA LÍQUIDA COM PESSOAL (III) = (I - II),<MR-5>,362309106.99,2318822,Sergipe
2021,2,SE,RGF-Anexo 01,DespesaComPessoalLiquida,DESPESA LÍQUIDA COM PESSOAL (III) = (I - II),<MR-4>,318602443.15,2318822,Sergipe
2021,2,SE,RGF-Anexo 01,DespesaComPessoalLiquida,DESPESA LÍQUIDA COM PESSOAL (III) = (I - II),<MR-3>,312335689.0,2318822,Sergipe
2021,2,SE,RGF-Anexo 01,DespesaComPessoalLiquida,DESPESA LÍQUIDA COM PESSOAL (III) = (I - II),<MR-2>,325927148.94,2318822,Sergipe
2021,2,SE,RGF-Anexo 01,DespesaComPessoalLiquida,DESPESA LÍQUIDA COM PESSOAL (III) = (I - II),<MR-1>,291343926.14,2318822,Sergipe
2021,2,SE,RGF-Anexo 01,DespesaComPessoalLiquida,DESPESA LÍQUIDA COM PESSOAL (III) = (I - II),<MR>,331863265.08,2318822,Sergipe
2021,2,SE,RGF-Anexo 01,DespesaComPessoalLiquida,DESPESA LÍQUIDA COM PESSOAL (III) = (I - II),TOTAL (ÚLTIMOS 12 MESES) (a),4113269370.64,2318822,Sergipe
2021,2,SE,RGF-Anexo 01,DespesaComPessoalLiquida,DESPESA LÍQUIDA COM PESSOAL (III) = (I - II),INSCRITAS EM RESTOS A PAGAR NÃO PROCESSADOS (b),510360.46,2318822,Sergipe
2021,2,SE,RGF-Anexo 01,ReceitaCorrenteLiquidaLimiteLegal,RECEITA CORRENTE LIQUIDA - RCL (IV),Valor,9392069842.93,2318822,Sergipe
2021,2,SE,RGF-Anexo 01,DespesaComPessoalTotal,DESPESA TOTAL COM PESSOAL - DTP (VIII) = (IIIa + IIIb),Valor,4113779731.1,2318822,Sergipe
2021,2,SE,RGF-Anexo 01,DespesaComPessoalTotal,DESPESA TOTAL COM PESSOAL - DTP (VIII) = (IIIa + IIIb),% sobre a RCL Ajustada,44.26,2318822,Sergipe
2021,2,SE,RGF-Anexo 02,DividaConsolidada,DÍVIDA CONSOLIDADA - DC (I),SALDO DO EXERCÍCIO ANTERIOR,4597012280.33,2318822,Sergipe
2021,2,SE,RGF-Anexo 02,DividaConsolidada,DÍVIDA CONSOLIDADA - DC (I),Até o 1º Quadrimestre,4629375714.43,2318822,Sergipe
2021,2,SE,RGF-Anexo 02,DividaConsolidada,DÍVIDA CONSOLIDADA - DC (I),Até o 2º Quadrimestre,4550108790.16,2318822,Sergipe
2021,2,SE,RGF-Anexo 02,DividaContratual,Dívida Contratual,SALDO DO EXERCÍCIO ANTERIOR,3296194729.54,2318822,Sergipe
2021,2,SE,RGF-Anexo 02,DividaContratual,Dívida Contratual,Até o 1º Quadrimestre,3325263303.34,2318822,Sergipe
2021,2,SE,RGF-Anexo 02,DividaContratual,Dívida Contratual,Até o 2º Quadrimestre,3242492622.74,2318822,Sergipe
2021,2,SE,RGF-Anexo 02,DividaConsolidadaLiquida,DÍVIDA CONSOLIDADA LÍQUIDA (DCL) (III) = (I - II),SALDO DO EXERCÍCIO ANTERIOR,3364371947.53,2318822,Sergipe
2021,2,SE,RGF-Anexo 02,DividaConsolidadaLiquida,DÍVIDA CONSOLIDADA LÍQUIDA (DCL) (III) = (I - II),Até o 1º Quadrimestre,2957874823.68,2318822,Sergipe
2021,2,SE,RGF-Anexo 02,DividaConsolidadaLiquida,DÍVIDA CONSOLIDADA LÍQUIDA (DCL) (III) = (I - II),Até o 2º Quadrimestre,2587410800.57,2318822,Sergipe
2021,3,SE,RGF-Anexo 01,DespesaComPessoalBruta,DESPESA BRUTA COM PESSOAL (I),<MR-11>,483542783.75,2318822,Sergipe
2021,3,SE,RGF-Anexo 01,DespesaComPessoalBruta,DESPESA BRUTA COM PESSOAL (I),<MR-10>,472338604.57,2318822,Sergipe
2021,3,SE,RGF-Anexo 01,DespesaComPessoalBruta,DESPESA BRUTA COM PESSOAL (I),<MR-9>,501926433.89,2318822,Sergipe
2021,3,SE,RGF-Anexo 01,DespesaComPessoalBruta,DESPESA BRUTA COM PESSOAL (I),<MR-8>,421375319.74,2318822,Sergipe
2021,3,SE,RGF-Anexo 01,DespesaComPessoalBruta,DESPESA BRUTA COM PESSOAL (I),<MR-7>,420087015.76,2318822,Sergipe
2021,3,SE,RGF-Anexo 01,DespesaComPessoalBruta,DESPESA BRUTA COM PESSOAL (I),<MR-6>,426140916.04,2318822,Sergipe
2021,3,SE,RGF-Anexo 01,DespesaComPessoalBruta,DESPESA BRUTA COM PESSOAL (I),<MR-5>,425069356.65,2318822,Sergipe
2021,3,SE,RGF-Anexo 01,DespesaComPessoalBruta,DESPESA BRUTA COM PESSOAL (I),<MR-4>,432267889.09,2318822,Sergipe
2021,3,SE,RGF-Anexo 01,DespesaComPessoalBruta,DESPESA BRUTA COM PESSOAL (I),<MR-3>,442918605.74,2318822,Sergipe
2021,3,SE,RGF-Anexo 01,DespesaComPessoalBruta,DESPESA BRUTA COM PESSOAL (I),<MR-2>,434496955.93,2318822,Sergipe
2021,3,SE,RGF-Anexo 01,DespesaComPessoalBruta,DESPESA BRUTA COM PESSOAL (I),<MR-1>,664527978.5,2318822,Sergipe
2021,3,SE,RGF-Anexo 01,DespesaComPessoalBruta,DESPESA BRUTA COM PESSOAL (I),<MR>,409204415.0,2318822,Sergipe
2021,3,SE,RGF-Anexo 01,DespesaComPessoalBruta,DESPESA BRUTA COM PESSOAL (I),TOTAL (ÚLTIMOS 12 MESES) (a),5533896274.66,2318822,Sergipe
2021,3,SE,RGF-Anexo 01,DespesaComPessoalBruta,DESPESA BRUTA COM PESSOAL (I),INSCRITAS EM RESTOS A PAGAR NÃO PROCESSADOS (b),2566648.02,2318822,Sergipe
2021,3,SE,RGF-Anexo 01,DespesaComPessoalAtivoBruta,Pessoal Ativo,<MR-11>,315364795.68,2318822,Sergipe
2021,3,SE,RGF-Anexo 01,DespesaComPessoalAtivoBruta,Pessoal Ativo,<MR-10>,298493997.04,2318822,Sergipe
2021,3,SE,RGF-Anexo 01,DespesaComPessoalAtivoBruta,Pessoal Ativo,<MR-9>,322862933.76,2318822,Sergipe
2021,3,SE,RGF-Anexo 01,DespesaComPessoalAtivoBruta,Pessoal Ativo,<MR-8>,246895826.26,2318822,Sergipe
2021,3,SE,RGF-Anexo 01,DespesaComPessoalAtivoBruta,Pessoal Ativo,<MR-7>,245459061.55,2318822,Sergipe
2021,3,SE,RGF-Anexo 01,DespesaComPessoalAtivoBruta,Pessoal Ativo,<MR-6>,251319429.71,2318822,Sergipe
2021,3,SE,RGF-Anexo 01,DespesaComPessoalAtivoBruta,Pessoal Ativo,<MR-5>,250422051.57,2318822,Sergipe
2021,3,SE,RGF-Anexo 01,DespesaComPessoalAtivoBruta,Pessoal Ativo,<MR-4>,256559089.55,2318822,Sergipe
2021,3,SE,RGF-Anexo 01,DespesaComPessoalAtivoBruta,Pessoal Ativo,<MR-3>,266534426.24,2318822,Sergipe
2021,3,SE,RGF-Anexo 01,DespesaComPessoalAtivoBruta,Pessoal Ativo,<MR-2>,258584269.72,2318822,Sergipe
2021,3,SE,RGF-Anexo 01,DespesaComPessoalAtivoBruta,Pessoal Ativo,<MR-1>,426065136.56,2318822,Sergipe
2021,3,SE,RGF-Anexo 01,DespesaComPessoalAtivoBruta,Pessoal Ativo,<MR>,257472876.94,2318822,Sergipe
2021,3,SE,RGF-Anexo 01,DespesaComPessoalAtivoBruta,Pessoal Ativo,TOTAL (ÚLTIMOS 12 MESES) (a),3396033894.58,2318822,Sergipe
2021,3,SE,RGF-Anexo 01,DespesaComPessoalAtivoBruta,Pessoal Ativo,INSCRITAS EM RESTOS A PAGAR NÃO PROCESSADOS (b),2566648.02,2318822,Sergipe
2021,3,SE,RGF-Anexo 01,DespesaComPessoalInativoEPensionistasBruta,Pessoal Inativo e Pensionistas,<MR-11>,168177988.07,2318822,Sergipe
2021,3,SE,RGF-Anexo 01,DespesaComPessoalInativoEPensionistasBruta,Pessoal Inativo e Pensionistas,<MR-10>,173844607.53,2318822,Sergipe
2021,3,SE,RGF-Anexo 01,DespesaComPessoalInativoEPensionistasBruta,Pessoal Inativo e Pensionistas,<MR-9>,179063500.13,2318822,Sergipe
2021,3,SE,RGF-Anexo 01,DespesaComPessoalInativoEPensionistasBruta,Pessoal Inativo e Pensionistas,<MR-8>,174479493.48,2318822,Sergipe
2021,3,SE,RGF-Anexo 01,DespesaComPessoalInativoEPensionistasBruta,Pessoal Inativo e Pensionistas,<MR-7>,174627954.21,2318822,Sergipe
2021,3,SE,RGF-Anexo 01,DespesaComPessoalInativoEPensionistasBruta,Pessoal Inativo e Pensionistas,<MR-6>,174821486.33,2318822,Sergipe
2021,3,SE,RGF-Anexo 01,DespesaComPessoalInativoEPensionistasBruta,Pessoal Inativo e Pensionistas,<MR-5>,174647305.08,2318822,Sergipe
2021,3,SE,RGF-Anexo 01,DespesaComPessoalInativoEPensionistasBruta,Pessoal Inativo e Pensionistas,<MR-4>,175708799.54,2318822,Sergipe
2021,3,SE,RGF-Anexo 01,DespesaComPessoalInativoEPensionistasBruta,Pessoal Inativo e Pensionistas,<MR-3>,176384179.5,2318822,Sergipe
2021,3,SE,RGF-Anexo 01,DespesaComPessoalInativoEPensionistasBruta,Pessoal Inativo e Pensionistas,<MR-2>,175912686.21,2318822,Sergipe
2021,3,SE,RGF-Anexo 01,DespesaComPessoalInativoEPensionistasBruta,Pessoal Inativo e Pensionistas,<MR-1>,238462841.94,2318822,Sergipe
2021,3,SE,RGF-Anexo 01,DespesaComPessoalInativoEPensionistasBruta,Pessoal Inativo e Pensionistas,<MR>,151731538.06,2318822,Sergipe
2021,3,SE,RGF-Anexo 01,DespesaComPessoalInativoEPensionistasBruta,Pessoal Inativo e Pensionistas,TOTAL (ÚLTIMOS 12 MESES) (a),2137862380.08,2318822,Sergipe
2021,3,SE,RGF-Anexo 01,DespesaComPessoalLiquida,DESPESA LÍQUIDA COM PESSOAL (III) = (I - II),<MR-11>,390358979.62,2318822,Sergipe
2021,3,SE,RGF-Anexo 01,DespesaComPessoalLiquida,DESPESA LÍQUIDA COM PESSOAL (III) = (I - II),<MR-10>,367811649.35,2318822,Sergipe
2021,3,SE,RGF-Anexo 01,DespesaComPessoalLiquida,DESPESA LÍQUIDA COM PESSOAL (III) = (I - II),<MR-9>,362309106.99,2318822,Sergipe
2021,3,SE,RGF-Anexo 01,DespesaComPessoalLiquida,DESPESA LÍQUIDA COM PESSOAL (III) = (I - II),<MR-8>,318602443.15,2318822,Sergipe
2021,3,SE,RGF-Anexo 01,DespesaComPessoalLiquida,DESPESA LÍQUIDA COM PESSOAL (III) = (I - II),<MR-7>,312335689.0,2318822,Sergipe
2021,3,SE,RGF-Anexo 01,DespesaComPessoalLiquida,DESPESA LÍQUIDA COM PESSOAL (III) = (I - II),<MR-6>,325927148.94,2318822,Sergipe
2021,3,SE,RGF-Anexo 01,DespesaComPessoalLiquida,DESPESA LÍQUIDA COM PESSOAL (III) = (I - II),<MR-5>,291343926.14,2318822,Sergipe
2021,3,SE,RGF-Anexo 01,DespesaComPessoalLiquida,DESPESA LÍQUIDA COM PESSOAL (III) = (I - II),<MR-4>,330685288.38,2318822,Sergipe
2021,3,SE,RGF-Anexo 01,DespesaComPessoalLiquida,DESPESA LÍQUIDA COM PESSOAL (III) = (I - II),<MR-3>,327611799.1,2318822,Sergipe
2021,3,SE,RGF-Anexo 01,DespesaComPessoalLiquida,DESPESA LÍQUIDA COM PESSOAL (III) = (I - II),<MR-2>,328523453.55,2318822,Sergipe
2021,3,SE,RGF-Anexo 01,DespesaComPessoalLiquida,DESPESA LÍQUIDA COM PESSOAL (III) = (I - II),<MR-1>,643944813.43,2318822,Sergipe
2021,3,SE,RGF-Anexo 01,DespesaComPessoalLiquida,DESPESA LÍQUIDA COM PESSOAL (III) = (I - II),<MR>,305030271.81,2318822,Sergipe
2021,3,SE,RGF-Anexo 01,DespesaComPessoalLiquida,DESPESA LÍQUIDA COM PESSOAL (III) = (I - II),TOTAL (ÚLTIMOS 12 MESES) (a),4304484569.46,2318822,Sergipe
2021,3,SE,RGF-Anexo 01,DespesaComPessoalLiquida,DESPESA LÍQUIDA COM PESSOAL (III) = (I - II),INSCRITAS EM RESTOS A PAGAR NÃO PROCESSADOS (b),2542137.56,2318822,Sergipe
2021,3,SE,RGF-Anexo 01,ReceitaCorrenteLiquidaLimiteLegal,RECEITA CORRENTE LIQUIDA - RCL (IV),Valor,9674448310.22,2318822,Sergipe
2021,3,SE,RGF-Anexo 01,DespesaComPessoalTotal,DESPESA TOTAL COM PESSOAL - DTP (VIII) = (IIIa + IIIb),Valor,4307026707.02,2318822,Sergipe
2021,3,SE,RGF-Anexo 01,DespesaComPessoalTotal,DESPESA TOTAL COM PESSOAL - DTP (VIII) = (IIIa + IIIb),% sobre a RCL Ajustada,44.81,2318822,Sergipe
2021,3,SE,RGF-Anexo 02,DividaConsolidada,DÍVIDA CONSOLIDADA - DC (I),SALDO DO EXERCÍCIO ANTERIOR,4597012280.33,2318822,Sergipe
2021,3,SE,RGF-Anexo 02,DividaConsolidada,DÍVIDA CONSOLIDADA - DC (I),Até o 1º Quadrimestre,4629375714.43,2318822,Sergipe
2021,3,SE,RGF-Anexo 02,DividaConsolidada,DÍVIDA CONSOLIDADA - DC (I),Até o 2º Quadrimestre,4550108790.16,2318822,Sergipe
2021,3,SE,RGF-Anexo 02,DividaConsolidada,DÍVIDA CONSOLIDADA - DC (I),Até o 3º Quadrimestre,4695762275.12,2318822,Sergipe
2021,3,SE,RGF-Anexo 02,DividaContratual,Dívida Contratual,SALDO DO EXERCÍCIO ANTERIOR,3296194729.54,2318822,Sergipe
2021,3,SE,RGF-Anexo 02,DividaContratual,Dívida Contratual,Até o 1º Quadrimestre,3325263303.34,2318822,Sergipe
2021,3,SE,RGF-Anexo 02,DividaContratual,Dívida Contratual,Até o 2º Quadrimestre,3242492622.74,2318822,Sergipe
2021,3,SE,RGF-Anexo 02,DividaContratual,Dívida Contratual,Até o 3º Quadrimestre,3303681346.5,2318822,Sergipe
2021,3,SE,RGF-Anexo 02,DividaConsolidadaLiquida,DÍVIDA CONSOLIDADA LÍQUIDA (DCL) (III) = (I - II),SALDO DO EXERCÍCIO ANTERIOR,3364371947.53,2318822,Sergipe
2021,3,SE,RGF-Anexo 02,DividaConsolidadaLiquida,DÍVIDA CONSOLIDADA LÍQUIDA (DCL) (III) = (I - II),Até o 1º Quadrimestre,2957874823.68,2318822,Sergipe
2021,3,SE,RGF-Anexo 02,DividaConsolidadaLiquida,DÍVIDA CONSOLIDADA LÍQUIDA (DCL) (III) = (I - II),Até o 2º Quadrimestre,2587410800.57,2318822,Sergipe
2021,3,SE,RGF-Anexo 02,DividaConsolidadaLiquida,DÍVIDA CONSOLIDADA LÍQUIDA (DCL) (III) = (I - II),Até o 3º Quadrimestre,2843275395.19,2318822,Sergipe
2022,1,SE,RGF-Anexo 01,DespesaComPessoalBruta,DESPESA BRUTA COM PESSOAL (I),<MR-11>,420087015.76,2338474,Sergipe
2022,1,SE,RGF-Anexo 01,DespesaComPessoalBruta,DESPESA BRUTA COM PESSOAL (I),<MR-10>,426140916.04,2338474,Sergipe
2022,1,SE,RGF-Anexo 01,DespesaComPessoalBruta,DESPESA BRUTA COM PESSOAL (I),<MR-9>,425069356.65,2338474,Sergipe
2022,1,SE,RGF-Anexo 01,DespesaComPessoalBruta,DESPESA BRUTA COM PESSOAL (I),<MR-8>,432267889.09,2338474,Sergipe
2022,1,SE,RGF-Anexo 01,DespesaComPessoalBruta,DESPESA BRUTA COM PESSOAL (I),<MR-7>,442918605.74,2338474,Sergipe
2022,1,SE,RGF-Anexo 01,DespesaComPessoalBruta,DESPESA BRUTA COM PESSOAL (I),<MR-6>,434496955.93,2338474,Sergipe
2022,1,SE,RGF-Anexo 01,DespesaComPessoalBruta,DESPESA BRUTA COM PESSOAL (I),<MR-5>,664527978.5,2338474,Sergipe
2022,1,SE,RGF-Anexo 01,DespesaComPessoalBruta,DESPESA BRUTA COM PESSOAL (I),<MR-4>,409204415.0,2338474,Sergipe
2022,1,SE,RGF-Anexo 01,DespesaComPessoalBruta,DESPESA BRUTA COM PESSOAL (I),<MR-3>,431113722.6,2338474,Sergipe
2022,1,SE,RGF-Anexo 01,DespesaComPessoalBruta,DESPESA BRUTA COM PESSOAL (I),<MR-2>,430022702.69,2338474,Sergipe
2022,1,SE,RGF-Anexo 01,DespesaComPessoalBruta,DESPESA BRUTA COM PESSOAL (I),<MR-1>,432224151.31,2338474,Sergipe
2022,1,SE,RGF-Anexo 01,DespesaComPessoalBruta,DESPESA BRUTA COM PESSOAL (I),<MR>,530213193.21,2338474,Sergipe
2022,1,SE,RGF-Anexo 01,DespesaComPessoalBruta,DESPESA BRUTA COM PESSOAL (I),TOTAL (ÚLTIMOS 12 MESES) (a),5478286902.52,2338474,Sergipe
2022,1,SE,RGF-Anexo 01,DespesaComPessoalBruta,DESPESA BRUTA COM PESSOAL (I),INSCRITAS EM RESTOS A PAGAR NÃO PROCESSADOS (b),2566648.02,2338474,Sergipe
2022,1,SE,RGF-Anexo 01,DespesaComPessoalAtivoBruta,Pessoal Ativo,<MR-11>,245459061.55,2338474,Sergipe
2022,1,SE,RGF-Anexo 01,DespesaComPessoalAtivoBruta,Pessoal Ativo,<MR-10>,251319429.71,2338474,Sergipe
2022,1,SE,RGF-Anexo 01,DespesaComPessoalAtivoBruta,Pessoal Ativo,<MR-9>,250422051.57,2338474,Sergipe
2022,1,SE,RGF-Anexo 01,DespesaComPessoalAtivoBruta,Pessoal Ativo,<MR-8>,256559089.55,2338474,Sergipe
2022,1,SE,RGF-Anexo 01,DespesaComPessoalAtivoBruta,Pessoal Ativo,<MR-7>,266534426.24,2338474,Sergipe
2022,1,SE,RGF-Anexo 01,DespesaComPessoalAtivoBruta,Pessoal Ativo,<MR-6>,258584269.72,2338474,Sergipe
2022,1,SE,RGF-Anexo 01,DespesaComPessoalAtivoBruta,Pessoal Ativo,<MR-5>,426065136.56,2338474,Sergipe
2022,1,SE,RGF-Anexo 01,DespesaComPessoalAtivoBruta,Pessoal Ativo,<MR-4>,257472876.94,2338474,Sergipe
2022,1,SE,RGF-Anexo 01,DespesaComPessoalAtivoBruta,Pessoal Ativo,<MR-3>,259851230.53,2338474,Sergipe
2022,1,SE,RGF-Anexo 01,DespesaComPessoalAtivoBruta,Pessoal Ativo,<MR-2>,255559815.51,2338474,Sergipe
2022,1,SE,RGF-Anexo 01,DespesaComPessoalAtivoBruta,Pessoal Ativo,<MR-1>,259185061.09,2338474,Sergipe
2022,1,SE,RGF-Anexo 01,DespesaComPessoalAtivoBruta,Pessoal Ativo,<MR>,325310914.53,2338474,Sergipe
2022,1,SE,RGF-Anexo 01,DespesaComPessoalAtivoBruta,Pessoal Ativo,TOTAL (ÚLTIMOS 12 MESES) (a),3312323363.5,2338474,Sergipe
2022,1,SE,RGF-Anexo 01,DespesaComPessoalAtivoBruta,Pessoal Ativo,INSCRITAS EM RESTOS A PAGAR NÃO PROCESSADOS (b),2566648.02,2338474,Sergipe
2022,1,SE,RGF-Anexo 01,DespesaComPessoalInativoEPensionistasBruta,Pessoal Inativo e Pensionistas,<MR-11>,174627954.21,2338474,Sergipe
2022,1,SE,RGF-Anexo 01,DespesaComPessoalInativoEPensionistasBruta,Pessoal Inativo e Pensionistas,<MR-10>,174821486.33,2338474,Sergipe
2022,1,SE,RGF-Anexo 01,DespesaComPessoalInativoEPensionistasBruta,Pessoal Inativo e Pensionistas,<MR-9>,174647305.08,2338474,Sergipe
2022,1,SE,RGF-Anexo 01,DespesaComPessoalInativoEPensionistasBruta,Pessoal Inativo e Pensionistas,<MR-8>,175708799.54,2338474,Sergipe
2022,1,SE,RGF-Anexo 01,DespesaComPessoalInativoEPensionistasBruta,Pessoal Inativo e Pensionistas,<MR-7>,176384179.5,2338474,Sergipe
2022,1,SE,RGF-Anexo 01,DespesaComPessoalInativoEPensionistasBruta,Pessoal Inativo e Pensionistas,<MR-6>,175912686.21,2338474,Sergipe
2022,1,SE,RGF-Anexo 01,DespesaComPessoalInativoEPensionistasBruta,Pessoal Inativo e Pensionistas,<MR-5>,238462841.94,2338474,Sergipe
2022,1,SE,RGF-Anexo 01,DespesaComPessoalInativoEPensionistasBruta,Pessoal Inativo e Pensionistas,<MR-4>,151731538.06,2338474,Sergipe
2022,1,SE,RGF-Anexo 01,DespesaComPessoalInativoEPensionistasBruta,Pessoal Inativo e Pensionistas,<MR-3>,171262492.07,2338474,Sergipe
2022,1,SE,RGF-Anexo 01,DespesaComPessoalInativoEPensionistasBruta,Pessoal Inativo e Pensionistas,<MR-2>,174462887.18,2338474,Sergipe
2022,1,SE,RGF-Anexo 01,DespesaComPessoalInativoEPensionistasBruta,Pessoal Inativo e Pensionistas,<MR-1>,173039090.22,2338474,Sergipe
2022,1,SE,RGF-Anexo 01,DespesaComPessoalInativoEPensionistasBruta,Pessoal Inativo e Pensionistas,<MR>,204902278.68,2338474,Sergipe
2022,1,SE,RGF-Anexo 01,DespesaComPessoalInativoEPensionistasBruta,Pessoal Inativo e Pensionistas,TOTAL (ÚLTIMOS 12 MESES) (a),2165963539.02,2338474,Sergipe
2022,1,SE,RGF-Anexo 01,DespesaComPessoalLiquida,DESPESA LÍQUIDA COM PESSOAL (III) = (I - II),<MR-11>,312335689.0,2338474,Sergipe
2022,1,SE,RGF-Anexo 01,DespesaComPessoalLiquida,DESPESA LÍQUIDA COM PESSOAL (III) = (I - II),<MR-10>,325927148.94,2338474,Sergipe
2022,1,SE,RGF-Anexo 01,DespesaComPessoalLiquida,DESPESA LÍQUIDA COM PESSOAL (III) = (I - II),<MR-9>,291343926.14,2338474,Sergipe
2022,1,SE,RGF-Anexo 01,DespesaComPessoalLiquida,DESPESA LÍQUIDA COM PESSOAL (III) = (I - II),<MR-8>,330685288.38,2338474,Sergipe
2022,1,SE,RGF-Anexo 01,DespesaComPessoalLiquida,DESPESA LÍQUIDA COM PESSOAL (III) = (I - II),<MR-7>,327611799.1,2338474,Sergipe
2022,1,SE,RGF-Anexo 01,DespesaComPessoalLiquida,DESPESA LÍQUIDA COM PESSOAL (III) = (I - II),<MR-6>,328523453.55,2338474,Sergipe
2022,1,SE,RGF-Anexo 01,DespesaComPessoalLiquida,DESPESA LÍQUIDA COM PESSOAL (III) = (I - II),<MR-5>,643944813.43,2338474,Sergipe
2022,1,SE,RGF-Anexo 01,DespesaComPessoalLiquida,DESPESA LÍQUIDA COM PESSOAL (III) = (I - II),<MR-4>,305030271.81,2338474,Sergipe
2022,1,SE,RGF-Anexo 01,DespesaComPessoalLiquida,DESPESA LÍQUIDA COM PESSOAL (III) = (I - II),<MR-3>,322269481.15,2338474,Sergipe
2022,1,SE,RGF-Anexo 01,DespesaComPessoalLiquida,DESPESA LÍQUIDA COM PESSOAL (III) = (I - II),<MR-2>,335566590.4,2338474,Sergipe
2022,1,SE,RGF-Anexo 01,DespesaComPessoalLiquida,DESPESA LÍQUIDA COM PESSOAL (III) = (I - II),<MR-1>,339568290.28,2338474,Sergipe
2022,1,SE,RGF-Anexo 01,DespesaComPessoalLiquida,DESPESA LÍQUIDA COM PESSOAL (III) = (I - II),<MR>,417123756.54,2338474,Sergipe
2022,1,SE,RGF-Anexo 01,DespesaComPessoalLiquida,DESPESA LÍQUIDA COM PESSOAL (III) = (I - II),TOTAL (ÚLTIMOS 12 MESES) (a),4279930508.72,2338474,Sergipe
2022,1,SE,RGF-Anexo 01,DespesaComPessoalLiquida,DESPESA LÍQUIDA COM PESSOAL (III) = (I - II),INSCRITAS EM RESTOS A PAGAR NÃO PROCESSADOS (b),2542137.56,2338474,Sergipe
2022,1,SE,RGF-Anexo 01,ReceitaCorrenteLiquidaLimiteLegal,RECEITA CORRENTE LIQUIDA - RCL (IV),Valor,10278182077.16,2338474,Sergipe
2022,1,SE,RGF-Anexo 01,DespesaComPessoalTotal,DESPESA TOTAL COM PESSOAL - DTP (VIII) = (IIIa + IIIb),Valor,4282472646.28,2338474,Sergipe
2022,1,SE,RGF-Anexo 01,DespesaComPessoalTotal,DESPESA TOTAL COM PESSOAL - DTP (VIII) = (IIIa + IIIb),% sobre a RCL Ajustada,41.93,2338474,Sergipe
2022,1,SE,RGF-Anexo 02,DividaConsolidada,DÍVIDA CONSOLIDADA - DC (I),SALDO DO EXERCÍCIO ANTERIOR,4695762275.12,2338474,Sergipe
2022,1,SE,RGF-Anexo 02,DividaConsolidada,DÍVIDA CONSOLIDADA - DC (I),Até o 1º Quadrimestre,4565015023.13,2338474,Sergipe
2022,1,SE,RGF-Anexo 02,DividaContratual,Dívida Contratual,SALDO DO EXERCÍCIO ANTERIOR,3303681346.5,2338474,Sergipe
2022,1,SE,RGF-Anexo 02,DividaContratual,Dívida Contratual,Até o 1º Quadrimestre,3161492283.29,2338474,Sergipe
2022,1,SE,RGF-Anexo 02,DividaConsolidadaLiquida,DÍVIDA CONSOLIDADA LÍQUIDA (DCL) (III) = (I - II),SALDO DO EXERCÍCIO ANTERIOR,3113052809.6,2338474,Sergipe
2022,1,SE,RGF-Anexo 02,DividaConsolidadaLiquida,DÍVIDA CONSOLIDADA LÍQUIDA (DCL) (III) = (I - II),Até o 1º Quadrimestre,2375399140.12,2338474,Sergipe
2022,2,SE,RGF-Anexo 01,DespesaComPessoalBruta,DESPESA BRUTA COM PESSOAL (I),<MR-11>,442918605.74,2338474,Sergipe
2022,2,SE,RGF-Anexo 01,DespesaComPessoalBruta,DESPESA BRUTA COM PESSOAL (I),<MR-10>,434496955.93,2338474,Sergipe
2022,2,SE,RGF-Anexo 01,DespesaComPessoalBruta,DESPESA BRUTA COM PESSOAL (I),<MR-9>,664527978.5,2338474,Sergipe
2022,2,SE,RGF-Anexo 01,DespesaComPessoalBruta,DESPESA BRUTA COM PESSOAL (I),<MR-8>,409204415.0,2338474,Sergipe
2022,2,SE,RGF-Anexo 01,DespesaComPessoalBruta,DESPESA BRUTA COM PESSOAL (I),<MR-7>,431113722.6,2338474,Sergipe
2022,2,SE,RGF-Anexo 01,DespesaComPessoalBruta,DESPESA BRUTA COM PESSOAL (I),<MR-6>,430022702.69,2338474,Sergipe
2022,2,SE,RGF-Anexo 01,DespesaComPessoalBruta,DESPESA BRUTA COM PESSOAL (I),<MR-5>,432224151.31,2338474,Sergipe
2022,2,SE,RGF-Anexo 01,DespesaComPessoalBruta,DESPESA BRUTA COM PESSOAL (I),<MR-4>,530213193.21,2338474,Sergipe
2022,2,SE,RGF-Anexo 01,DespesaComPessoalBruta,DESPESA BRUTA COM PESSOAL (I),<MR-3>,494875202.65,2338474,Sergipe
2022,2,SE,RGF-Anexo 01,DespesaComPessoalBruta,DESPESA BRUTA COM PESSOAL (I),<MR-2>,485414246.76,2338474,Sergipe
2022,2,SE,RGF-Anexo 01,DespesaComPessoalBruta,DESPESA BRUTA COM PESSOAL (I),<MR-1>,522992913.2,2338474,Sergipe
2022,2,SE,RGF-Anexo 01,DespesaComPessoalBruta,DESPESA BRUTA COM PESSOAL (I),<MR>,482013693.53,2338474,Sergipe
2022,2,SE,RGF-Anexo 01,DespesaComPessoalBruta,DESPESA BRUTA COM PESSOAL (I),TOTAL (ÚLTIMOS 12 MESES) (a),5760017781.12,2338474,Sergipe
2022,2,SE,RGF-Anexo 01,DespesaComPessoalBruta,DESPESA BRUTA COM PESSOAL (I),INSCRITAS EM RESTOS A PAGAR NÃO PROCESSADOS (b),2566648.02,2338474,Sergipe
2022,2,SE,RGF-Anexo 01,DespesaComPessoalAtivoBruta,Pessoal Ativo,<MR-11>,266534426.24,2338474,Sergipe
2022,2,SE,RGF-Anexo 01,DespesaComPessoalAtivoBruta,Pessoal Ativo,<MR-10>,258584269.72,2338474,Sergipe
2022,2,SE,RGF-Anexo 01,DespesaComPessoalAtivoBruta,Pessoal Ativo,<MR-9>,426065136.56,2338474,Sergipe
2022,2,SE,RGF-Anexo 01,DespesaComPessoalAtivoBruta,Pessoal Ativo,<MR-8>,257472876.94,2338474,Sergipe
2022,2,SE,RGF-Anexo 01,DespesaComPessoalAtivoBruta,Pessoal Ativo,<MR-7>,259851230.53,2338474,Sergipe
2022,2,SE,RGF-Anexo 01,DespesaComPessoalAtivoBruta,Pessoal Ativo,<MR-6>,255559815.51,2338474,Sergipe
2022,2,SE,RGF-Anexo 01,DespesaComPessoalAtivoBruta,Pessoal Ativo,<MR-5>,259185061.09,2338474,Sergipe
2022,2,SE,RGF-Anexo 01,DespesaComPessoalAtivoBruta,Pessoal Ativo,<MR-4>,325310914.53,2338474,Sergipe
2022,2,SE,RGF-Anexo 01,DespesaComPessoalAtivoBruta,Pessoal Ativo,<MR-3>,305532575.3,2338474,Sergipe
2022,2,SE,RGF-Anexo 01,DespesaComPessoalAtivoBruta,Pessoal Ativo,<MR-2>,295713648.29,2338474,Sergipe
2022,2,SE,RGF-Anexo 01,DespesaComPessoalAtivoBruta,Pessoal Ativo,<MR-1>,332377532.02,2338474,Sergipe
2022,2,SE,RGF-Anexo 01,DespesaComPessoalAtivoBruta,Pessoal Ativo,<MR>,291373912.97,2338474,Sergipe
2022,2,SE,RGF-Anexo 01,DespesaComPessoalAtivoBruta,Pessoal Ativo,TOTAL (ÚLTIMOS 12 MESES) (a),3533561399.7,2338474,Sergipe
2022,2,SE,RGF-Anexo 01,DespesaComPessoalAtivoBruta,Pessoal Ativo,INSCRITAS EM RESTOS A PAGAR NÃO PROCESSADOS (b),2566648.02,2338474,Sergipe
2022,2,SE,RGF-Anexo 01,DespesaComPessoalInativoEPensionistasBruta,Pessoal Inativo e Pensionistas,<MR-11>,176384179.5,2338474,Sergipe
2022,2,SE,RGF-Anexo 01,DespesaComPessoalInativoEPensionistasBruta,Pessoal Inativo e Pensionistas,<MR-10>,175912686.21,2338474,Sergipe
2022,2,SE,RGF-Anexo 01,DespesaComPessoalInativoEPensionistasBruta,Pessoal Inativo e Pensionistas,<MR-9>,238462841.94,2338474,Sergipe
2022,2,SE,RGF-Anexo 01,DespesaComPessoalInativoEPensionistasBruta,Pessoal Inativo e Pensionistas,<MR-8>,151731538.06,2338474,Sergipe
2022,2,SE,RGF-Anexo 01,DespesaComPessoalInativoEPensionistasBruta,Pessoal Inativo e Pensionistas,<MR-7>,171262492.07,2338474,Sergipe
2022,2,SE,RGF-Anexo 01,DespesaComPessoalInativoEPensionistasBruta,Pessoal Inativo e Pensionistas,<MR-6>,174462887.18,2338474,Sergipe
2022,2,SE,RGF-Anexo 01,DespesaComPessoalInativoEPensionistasBruta,Pessoal Inativo e Pensionistas,<MR-5>,173039090.22,2338474,Sergipe
2022,2,SE,RGF-Anexo 01,DespesaComPessoalInativoEPensionistasBruta,Pessoal Inativo e Pensionistas,<MR-4>,204902278.68,2338474,Sergipe
2022,2,SE,RGF-Anexo 01,DespesaComPessoalInativoEPensionistasBruta,Pessoal Inativo e Pensionistas,<MR-3>,189342627.35,2338474,Sergipe
2022,2,SE,RGF-Anexo 01,DespesaComPessoalInativoEPensionistasBruta,Pessoal Inativo e Pensionistas,<MR-2>,189700598.47,2338474,Sergipe
2022,2,SE,RGF-Anexo 01,DespesaComPessoalInativoEPensionistasBruta,Pessoal Inativo e Pensionistas,<MR-1>,190615381.18,2338474,Sergipe
2022,2,SE,RGF-Anexo 01,DespesaComPessoalInativoEPensionistasBruta,Pessoal Inativo e Pensionistas,<MR>,190639780.56,2338474,Sergipe
2022,2,SE,RGF-Anexo 01,DespesaComPessoalInativoEPensionistasBruta,Pessoal Inativo e Pensionistas,TOTAL (ÚLTIMOS 12 MESES) (a),2226456381.42,2338474,Sergipe
2022,2,SE,RGF-Anexo 01,DespesaComPessoalLiquida,DESPESA LÍQUIDA COM PESSOAL (III) = (I - II),<MR-11>,327611799.1,2338474,Sergipe
2022,2,SE,RGF-Anexo 01,DespesaComPessoalLiquida,DESPESA LÍQUIDA COM PESSOAL (III) = (I - II),<MR-10>,328523453.55,2338474,Sergipe
2022,2,SE,RGF-Anexo 01,DespesaComPessoalLiquida,DESPESA LÍQUIDA COM PESSOAL (III) = (I - II),<MR-9>,643944813.43,2338474,Sergipe
2022,2,SE,RGF-Anexo 01,DespesaComPessoalLiquida,DESPESA LÍQUIDA COM PESSOAL (III) = (I - II),<MR-8>,305030271.81,2338474,Sergipe
2022,2,SE,RGF-Anexo 01,DespesaComPessoalLiquida,DESPESA LÍQUIDA COM PESSOAL (III) = (I - II),<MR-7>,322269481.15,2338474,Sergipe
2022,2,SE,RGF-Anexo 01,DespesaComPessoalLiquida,DESPESA LÍQUIDA COM PESSOAL (III) = (I - II),<MR-6>,335566590.4,2338474,Sergipe
2022,2,SE,RGF-Anexo 01,DespesaComPessoalLiquida,DESPESA LÍQUIDA COM PESSOAL (III) = (I - II),<MR-5>,339457362.16,2338474,Sergipe
2022,2,SE,RGF-Anexo 01,DespesaComPessoalLiquida,DESPESA LÍQUIDA COM PESSOAL (III) = (I - II),<MR-4>,416160923.78,2338474,Sergipe
2022,2,SE,RGF-Anexo 01,DespesaComPessoalLiquida,DESPESA LÍQUIDA COM PESSOAL (III) = (I - II),<MR-3>,374152070.06,2338474,Sergipe
2022,2,SE,RGF-Anexo 01,DespesaComPessoalLiquida,DESPESA LÍQUIDA COM PESSOAL (III) = (I - II),<MR-2>,386039810.74,2338474,Sergipe
2022,2,SE,RGF-Anexo 01,DespesaComPessoalLiquida,DESPESA LÍQUIDA COM PESSOAL (III) = (I - II),<MR-1>,436538697.2,2338474,Sergipe
2022,2,SE,RGF-Anexo 01,DespesaComPessoalLiquida,DESPESA LÍQUIDA COM PESSOAL (III) = (I - II),<MR>,414562873.32,2338474,Sergipe
2022,2,SE,RGF-Anexo 01,DespesaComPessoalLiquida,DESPESA LÍQUIDA COM PESSOAL (III) = (I - II),TOTAL (ÚLTIMOS 12 MESES) (a),4629858146.7,2338474,Sergipe
2022,2,SE,RGF-Anexo 01,DespesaComPessoalLiquida,DESPESA LÍQUIDA COM PESSOAL (III) = (I - II),INSCRITAS EM RESTOS A PAGAR NÃO PROCESSADOS (b),2542137.56,2338474,Sergipe
2022,2,SE,RGF-Anexo 01,ReceitaCorrenteLiquidaLimiteLegal,RECEITA CORRENTE LIQUIDA - RCL (IV),Valor,10994574271.61,2338474,Sergipe
2022,2,SE,RGF-Anexo 01,DespesaComPessoalTotal,DESPESA TOTAL COM PESSOAL - DTP (VIII) = (IIIa + IIIb),Valor,4632400284.26,2338474,Sergipe
2022,2,SE,RGF-Anexo 01,DespesaComPessoalTotal,DESPESA TOTAL COM PESSOAL - DTP (VIII) = (IIIa + IIIb),% sobre a RCL Ajustada,42.26,2338474,Sergipe
2022,2,SE,RGF-Anexo 02,DividaConsolidada,DÍVIDA CONSOLIDADA - DC (I),SALDO DO EXERCÍCIO ANTERIOR,4695762275.12,2338474,Sergipe
2022,2,SE,RGF-Anexo 02,DividaConsolidada,DÍVIDA CONSOLIDADA - DC (I),Até o 1º Quadrimestre,4565015023.13,2338474,Sergipe
2022,2,SE,RGF-Anexo 02,DividaConsolidada,DÍVIDA CONSOLIDADA - DC (I),Até o 2º Quadrimestre,4599316090.2,2338474,Sergipe
2022,2,SE,RGF-Anexo 02,DividaContratual,Dívida Contratual,SALDO DO EXERCÍCIO ANTERIOR,3303681346.5,2338474,Sergipe
2022,2,SE,RGF-Anexo 02,DividaContratual,Dívida Contratual,Até o 1º Quadrimestre,3161492283.29,2338474,Sergipe
2022,2,SE,RGF-Anexo 02,DividaContratual,Dívida Contratual,Até o 2º Quadrimestre,3215607047.71,2338474,Sergipe
2022,2,SE,RGF-Anexo 02,DividaConsolidadaLiquida,DÍVIDA CONSOLIDADA LÍQUIDA (DCL) (III) = (I - II),SALDO DO EXERCÍCIO ANTERIOR,3113052809.6,2338474,Sergipe
2022,2,SE,RGF-Anexo 02,DividaConsolidadaLiquida,DÍVIDA CONSOLIDADA LÍQUIDA (DCL) (III) = (I - II),Até o 1º Quadrimestre,2375399140.12,2338474,Sergipe
2022,2,SE,RGF-Anexo 02,DividaConsolidadaLiquida,DÍVIDA CONSOLIDADA LÍQUIDA (DCL) (III) = (I - II),Até o 2º Quadrimestre,2390252314.0,2338474,Sergipe
2022,3,SE,RGF-Anexo 01,DespesaComPessoalBruta,DESPESA BRUTA COM PESSOAL (I),<MR-11>,431113722.6,2338474,Sergipe
2022,3,SE,RGF-Anexo 01,DespesaComPessoalBruta,DESPESA BRUTA COM PESSOAL (I),<MR-10>,430022702.69,2338474,Sergipe
2022,3,SE,RGF-Anexo 01,DespesaComPessoalBruta,DESPESA BRUTA COM PESSOAL (I),<MR-9>,432224151.31,2338474,Sergipe
2022,3,SE,RGF-Anexo 01,DespesaComPessoalBruta,DESPESA BRUTA COM PESSOAL (I),<MR-8>,530213193.21,2338474,Sergipe
2022,3,SE,RGF-Anexo 01,DespesaComPessoalBruta,DESPESA BRUTA COM PESSOAL (I),<MR-7>,494875202.65,2338474,Sergipe
2022,3,SE,RGF-Anexo 01,DespesaComPessoalBruta,DESPESA BRUTA COM PESSOAL (I),<MR-6>,485246312.08,2338474,Sergipe
2022,3,SE,RGF-Anexo 01,DespesaComPessoalBruta,DESPESA BRUTA COM PESSOAL (I),<MR-5>,522992913.2,2338474,Sergipe
2022,3,SE,RGF-Anexo 01,DespesaComPessoalBruta,DESPESA BRUTA COM PESSOAL (I),<MR-4>,482013693.53,2338474,Sergipe
2022,3,SE,RGF-Anexo 01,DespesaComPessoalBruta,DESPESA BRUTA COM PESSOAL (I),<MR-3>,556291596.63,2338474,Sergipe
2022,3,SE,RGF-Anexo 01,DespesaComPessoalBruta,DESPESA BRUTA COM PESSOAL (I),<MR-2>,551648173.67,2338474,Sergipe
2022,3,SE,RGF-Anexo 01,DespesaComPessoalBruta,DESPESA BRUTA COM PESSOAL (I),<MR-1>,705707268.88,2338474,Sergipe
2022,3,SE,RGF-Anexo 01,DespesaComPessoalBruta,DESPESA BRUTA COM PESSOAL (I),<MR>,550068097.68,2338474,Sergipe
2022,3,SE,RGF-Anexo 01,DespesaComPessoalBruta,DESPESA BRUTA COM PESSOAL (I),TOTAL (ÚLTIMOS 12 MESES) (a),6172417028.13,2338474,Sergipe
2022,3,SE,RGF-Anexo 01,DespesaComPessoalBruta,DESPESA BRUTA COM PESSOAL (I),INSCRITAS EM RESTOS A PAGAR NÃO PROCESSADOS (b),14142860.32,2338474,Sergipe
2022,3,SE,RGF-Anexo 01,DespesaComPessoalAtivoBruta,Pessoal Ativo,<MR-11>,259851230.53,2338474,Sergipe
2022,3,SE,RGF-Anexo 01,DespesaComPessoalAtivoBruta,Pessoal Ativo,<MR-10>,255559815.51,2338474,Sergipe
2022,3,SE,RGF-Anexo 01,DespesaComPessoalAtivoBruta,Pessoal Ativo,<MR-9>,259185061.09,2338474,Sergipe
2022,3,SE,RGF-Anexo 01,DespesaComPessoalAtivoBruta,Pessoal Ativo,<MR-8>,325310914.53,2338474,Sergipe
2022,3,SE,RGF-Anexo 01,DespesaComPessoalAtivoBruta,Pessoal Ativo,<MR-7>,305532575.3,2338474,Sergipe
2022,3,SE,RGF-Anexo 01,DespesaComPessoalAtivoBruta,Pessoal Ativo,<MR-6>,295713648.29,2338474,Sergipe
2022,3,SE,RGF-Anexo 01,DespesaComPessoalAtivoBruta,Pessoal Ativo,<MR-5>,332377532.02,2338474,Sergipe
2022,3,SE,RGF-Anexo 01,DespesaComPessoalAtivoBruta,Pessoal Ativo,<MR-4>,291373912.97,2338474,Sergipe
2022,3,SE,RGF-Anexo 01,DespesaComPessoalAtivoBruta,Pessoal Ativo,<MR-3>,365826255.43,2338474,Sergipe
2022,3,SE,RGF-Anexo 01,DespesaComPessoalAtivoBruta,Pessoal Ativo,<MR-2>,361239862.7,2338474,Sergipe
2022,3,SE,RGF-Anexo 01,DespesaComPessoalAtivoBruta,Pessoal Ativo,<MR-1>,462010173.16,2338474,Sergipe
2022,3,SE,RGF-Anexo 01,DespesaComPessoalAtivoBruta,Pessoal Ativo,<MR>,303348072.19,2338474,Sergipe
2022,3,SE,RGF-Anexo 01,DespesaComPessoalAtivoBruta,Pessoal Ativo,TOTAL (ÚLTIMOS 12 MESES) (a),3817329053.72,2338474,Sergipe
2022,3,SE,RGF-Anexo 01,DespesaComPessoalAtivoBruta,Pessoal Ativo,INSCRITAS EM RESTOS A PAGAR NÃO PROCESSADOS (b),14142860.32,2338474,Sergipe
2022,3,SE,RGF-Anexo 01,DespesaComPessoalInativoEPensionistasBruta,Pessoal Inativo e Pensionistas,<MR-11>,171262492.07,2338474,Sergipe
2022,3,SE,RGF-Anexo 01,DespesaComPessoalInativoEPensionistasBruta,Pessoal Inativo e Pensionistas,<MR-10>,174462887.18,2338474,Sergipe
2022,3,SE,RGF-Anexo 01,DespesaComPessoalInativoEPensionistasBruta,Pessoal Inativo e Pensionistas,<MR-9>,173039090.22,2338474,Sergipe
2022,3,SE,RGF-Anexo 01,DespesaComPessoalInativoEPensionistasBruta,Pessoal Inativo e Pensionistas,<MR-8>,204902278.68,2338474,Sergipe
2022,3,SE,RGF-Anexo 01,DespesaComPessoalInativoEPensionistasBruta,Pessoal Inativo e Pensionistas,<MR-7>,189342627.35,2338474,Sergipe
2022,3,SE,RGF-Anexo 01,DespesaComPessoalInativoEPensionistasBruta,Pessoal Inativo e Pensionistas,<MR-6>,189532663.79,2338474,Sergipe
2022,3,SE,RGF-Anexo 01,DespesaComPessoalInativoEPensionistasBruta,Pessoal Inativo e Pensionistas,<MR-5>,190615381.18,2338474,Sergipe
2022,3,SE,RGF-Anexo 01,DespesaComPessoalInativoEPensionistasBruta,Pessoal Inativo e Pensionistas,<MR-4>,190639780.56,2338474,Sergipe
2022,3,SE,RGF-Anexo 01,DespesaComPessoalInativoEPensionistasBruta,Pessoal Inativo e Pensionistas,<MR-3>,190465341.2,2338474,Sergipe
2022,3,SE,RGF-Anexo 01,DespesaComPessoalInativoEPensionistasBruta,Pessoal Inativo e Pensionistas,<MR-2>,190408310.97,2338474,Sergipe
2022,3,SE,RGF-Anexo 01,DespesaComPessoalInativoEPensionistasBruta,Pessoal Inativo e Pensionistas,<MR-1>,243697095.72,2338474,Sergipe
2022,3,SE,RGF-Anexo 01,DespesaComPessoalInativoEPensionistasBruta,Pessoal Inativo e Pensionistas,<MR>,246720025.49,2338474,Sergipe
2022,3,SE,RGF-Anexo 01,DespesaComPessoalInativoEPensionistasBruta,Pessoal Inativo e Pensionistas,TOTAL (ÚLTIMOS 12 MESES) (a),2355087974.41,2338474,Sergipe
2022,3,SE,RGF-Anexo 01,DespesaComPessoalLiquida,DESPESA LÍQUIDA COM PESSOAL (III) = (I - II),<MR-11>,322079016.32,2338474,Sergipe
2022,3,SE,RGF-Anexo 01,DespesaComPessoalLiquida,DESPESA LÍQUIDA COM PESSOAL (III) = (I - II),<MR-10>,334754429.71,2338474,Sergipe
2022,3,SE,RGF-Anexo 01,DespesaComPessoalLiquida,DESPESA LÍQUIDA COM PESSOAL (III) = (I - II),<MR-9>,338325634.38,2338474,Sergipe
2022,3,SE,RGF-Anexo 01,DespesaComPessoalLiquida,DESPESA LÍQUIDA COM PESSOAL (III) = (I - II),<MR-8>,416737201.78,2338474,Sergipe
2022,3,SE,RGF-Anexo 01,DespesaComPessoalLiquida,DESPESA LÍQUIDA COM PESSOAL (III) = (I - II),<MR-7>,374134960.42,2338474,Sergipe
2022,3,SE,RGF-Anexo 01,DespesaComPessoalLiquida,DESPESA LÍQUIDA COM PESSOAL (III) = (I - II),<MR-6>,385308914.2,2338474,Sergipe
2022,3,SE,RGF-Anexo 01,DespesaComPessoalLiquida,DESPESA LÍQUIDA COM PESSOAL (III) = (I - II),<MR-5>,436377893.17,2338474,Sergipe
2022,3,SE,RGF-Anexo 01,DespesaComPessoalLiquida,DESPESA LÍQUIDA COM PESSOAL (III) = (I - II),<MR-4>,414721324.49,2338474,Sergipe
2022,3,SE,RGF-Anexo 01,DespesaComPessoalLiquida,DESPESA LÍQUIDA COM PESSOAL (III) = (I - II),<MR-3>,474466509.48,2338474,Sergipe
2022,3,SE,RGF-Anexo 01,DespesaComPessoalLiquida,DESPESA LÍQUIDA COM PESSOAL (III) = (I - II),<MR-2>,446366984.84,2338474,Sergipe
2022,3,SE,RGF-Anexo 01,DespesaComPessoalLiquida,DESPESA LÍQUIDA COM PESSOAL (III) = (I - II),<MR-1>,550211318.47,2338474,Sergipe
2022,3,SE,RGF-Anexo 01,DespesaComPessoalLiquida,DESPESA LÍQUIDA COM PESSOAL (III) = (I - II),<MR>,456836981.8,2338474,Sergipe
2022,3,SE,RGF-Anexo 01,DespesaComPessoalLiquida,DESPESA LÍQUIDA COM PESSOAL (III) = (I - II),TOTAL (ÚLTIMOS 12 MESES) (a),4950321169.06,2338474,Sergipe
2022,3,SE,RGF-Anexo 01,DespesaComPessoalLiquida,DESPESA LÍQUIDA COM PESSOAL (III) = (I - II),INSCRITAS EM RESTOS A PAGAR NÃO PROCESSADOS (b),7023362.15,2338474,Sergipe
2022,3,SE,RGF-Anexo 01,ReceitaCorrenteLiquidaLimiteLegal,RECEITA CORRENTE LIQUIDA - RCL (IV),Valor,11296095375.56,2338474,Sergipe
2022,3,SE,RGF-Anexo 01,DespesaComPessoalTotal,DESPESA TOTAL COM PESSOAL - DTP (VIII) = (IIIa + IIIb),Valor,4957344531.21,2338474,Sergipe
2022,3,SE,RGF-Anexo 01,DespesaComPessoalTotal,DESPESA TOTAL COM PESSOAL - DTP (VIII) = (IIIa + IIIb),% sobre a RCL Ajustada,44.0,2338474,Sergipe
2022,3,SE,RGF-Anexo 02,DividaConsolidada,DÍVIDA CONSOLIDADA - DC (I),SALDO DO EXERCÍCIO ANTERIOR,4695762275.12,2338474,Sergipe
2022,3,SE,RGF-Anexo 02,DividaConsolidada,DÍVIDA CONSOLIDADA - DC (I),Até o 1º Quadrimestre,4565015023.13,2338474,Sergipe
2022,3,SE,RGF-Anexo 02,DividaConsolidada,DÍVIDA CONSOLIDADA - DC (I),Até o 2º Quadrimestre,4599316090.2,2338474,Sergipe
2022,3,SE,RGF-Anexo 02,DividaConsolidada,DÍVIDA CONSOLIDADA - DC (I),Até o 3º Quadrimestre,4874338138.52,2338474,Sergipe
2022,3,SE,RGF-Anexo 02,DividaContratual,Dívida Contratual,SALDO DO EXERCÍCIO ANTERIOR,3303681346.5,2338474,Sergipe
2022,3,SE,RGF-Anexo 02,DividaContratual,Dívida Contratual,Até o 1º Quadrimestre,3161492283.29,2338474,Sergipe
2022,3,SE,RGF-Anexo 02,DividaContratual,Dívida Contratual,Até o 2º Quadrimestre,3215607047.71,2338474,Sergipe
2022,3,SE,RGF-Anexo 02,DividaContratual,Dívida Contratual,Até o 3º Quadrimestre,3439470089.12,2338474,Sergipe
2022,3,SE,RGF-Anexo 02,DividaConsolidadaLiquida,DÍVIDA CONSOLIDADA LÍQUIDA (DCL) (III) = (I - II),SALDO DO EXERCÍCIO ANTERIOR,3113052809.6,2338474,Sergipe
2022,3,SE,RGF-Anexo 02,DividaConsolidadaLiquida,DÍVIDA CONSOLIDADA LÍQUIDA (DCL) (III) = (I - II),Até o 1º Quadrimestre,2375399140.12,2338474,Sergipe
2022,3,SE,RGF-Anexo 02,DividaConsolidadaLiquida,DÍVIDA CONSOLIDADA LÍQUIDA (DCL) (III) = (I - II),Até o 2º Quadrimestre,2390252314.0,2338474,Sergipe
2022,3,SE,RGF-Anexo 02,DividaConsolidadaLiquida,DÍVIDA CONSOLIDADA LÍQUIDA (DCL) (III) = (I - II),Até o 3º Quadrimestre,3543671294.86,2338474,Sergipe
2023,1,SE,RGF-Anexo 01,DespesaComPessoalBruta,DESPESA BRUTA COM PESSOAL (I),<MR-11>,494875202.65,2338474,Sergipe
2023,1,SE,RGF-Anexo 01,DespesaComPessoalBruta,DESPESA BRUTA COM PESSOAL (I),<MR-10>,485246312.08,2338474,Sergipe
2023,1,SE,RGF-Anexo 01,DespesaComPessoalBruta,DESPESA BRUTA COM PESSOAL (I),<MR-9>,522992913.2,2338474,Sergipe
2023,1,SE,RGF-Anexo 01,DespesaComPessoalBruta,DESPESA BRUTA COM PESSOAL (I),<MR-8>,482013693.53,2338474,Sergipe
2023,1,SE,RGF-Anexo 01,DespesaComPessoalBruta,DESPESA BRUTA COM PESSOAL (I),<MR-7>,556291596.63,2338474,Sergipe
2023,1,SE,RGF-Anexo 01,DespesaComPessoalBruta,DESPESA BRUTA COM PESSOAL (I),<MR-6>,551648173.67,2338474,Sergipe
2023,1,SE,RGF-Anexo 01,DespesaComPessoalBruta,DESPESA BRUTA COM PESSOAL (I),<MR-5>,705707268.88,2338474,Sergipe
2023,1,SE,RGF-Anexo 01,DespesaComPessoalBruta,DESPESA BRUTA COM PESSOAL (I),<MR-4>,550068097.68,2338474,Sergipe
2023,1,SE,RGF-Anexo 01,DespesaComPessoalBruta,DESPESA BRUTA COM PESSOAL (I),<MR-3>,475860722.12,2338474,Sergipe
2023,1,SE,RGF-Anexo 01,DespesaComPessoalBruta,DESPESA BRUTA COM PESSOAL (I),<MR-2>,474450138.5,2338474,Sergipe
2023,1,SE,RGF-Anexo 01,DespesaComPessoalBruta,DESPESA BRUTA COM PESSOAL (I),<MR-1>,471244862.39,2338474,Sergipe
2023,1,SE,RGF-Anexo 01,DespesaComPessoalBruta,DESPESA BRUTA COM PESSOAL (I),<MR>,486268273.08,2338474,Sergipe
2023,1,SE,RGF-Anexo 01,DespesaComPessoalBruta,DESPESA BRUTA COM PESSOAL (I),TOTAL (ÚLTIMOS 12 MESES) (a),6256667254.41,2338474,Sergipe
2023,1,SE,RGF-Anexo 01,DespesaComPessoalBruta,DESPESA BRUTA COM PESSOAL (I),INSCRITAS EM RESTOS A PAGAR NÃO PROCESSADOS (b),13733887.17,2338474,Sergipe
2023,1,SE,RGF-Anexo 01,DespesaComPessoalAtivoBruta,Pessoal Ativo,<MR-11>,305532575.3,2338474,Sergipe
2023,1,SE,RGF-Anexo 01,DespesaComPessoalAtivoBruta,Pessoal Ativo,<MR-10>,295713648.29,2338474,Sergipe
2023,1,SE,RGF-Anexo 01,DespesaComPessoalAtivoBruta,Pessoal Ativo,<MR-9>,332377532.02,2338474,Sergipe
2023,1,SE,RGF-Anexo 01,DespesaComPessoalAtivoBruta,Pessoal Ativo,<MR-8>,291373912.97,2338474,Sergipe
2023,1,SE,RGF-Anexo 01,DespesaComPessoalAtivoBruta,Pessoal Ativo,<MR-7>,365826255.43,2338474,Sergipe
2023,1,SE,RGF-Anexo 01,DespesaComPessoalAtivoBruta,Pessoal Ativo,<MR-6>,361239862.7,2338474,Sergipe
2023,1,SE,RGF-Anexo 01,DespesaComPessoalAtivoBruta,Pessoal Ativo,<MR-5>,462010173.16,2338474,Sergipe
2023,1,SE,RGF-Anexo 01,DespesaComPessoalAtivoBruta,Pessoal Ativo,<MR-4>,303348072.19,2338474,Sergipe
2023,1,SE,RGF-Anexo 01,DespesaComPessoalAtivoBruta,Pessoal Ativo,<MR-3>,285836351.58,2338474,Sergipe
2023,1,SE,RGF-Anexo 01,DespesaComPessoalAtivoBruta,Pessoal Ativo,<MR-2>,284835879.8,2338474,Sergipe
2023,1,SE,RGF-Anexo 01,DespesaComPessoalAtivoBruta,Pessoal Ativo,<MR-1>,280783343.21,2338474,Sergipe
2023,1,SE,RGF-Anexo 01,DespesaComPessoalAtivoBruta,Pessoal Ativo,<MR>,295282254.04,2338474,Sergipe
2023,1,SE,RGF-Anexo 01,DespesaComPessoalAtivoBruta,Pessoal Ativo,TOTAL (ÚLTIMOS 12 MESES) (a),3864159860.69,2338474,Sergipe
2023,1,SE,RGF-Anexo 01,DespesaComPessoalAtivoBruta,Pessoal Ativo,INSCRITAS EM RESTOS A PAGAR NÃO PROCESSADOS (b),13733887.17,2338474,Sergipe
2023,1,SE,RGF-Anexo 01,DespesaComPessoalInativoEPensionistasBruta,Pessoal Inativo e Pensionistas,<MR-11>,189342627.35,2338474,Sergipe
2023,1,SE,RGF-Anexo 01,DespesaComPessoalInativoEPensionistasBruta,Pessoal Inativo e Pensionistas,<MR-10>,189532663.79,2338474,Sergipe
2023,1,SE,RGF-Anexo 01,DespesaComPessoalInativoEPensionistasBruta,Pessoal Inativo e Pensionistas,<MR-9>,190615381.18,2338474,Sergipe
2023,1,SE,RGF-Anexo 01,DespesaComPessoalInativoEPensionistasBruta,Pessoal Inativo e Pensionistas,<MR-8>,190639780.56,2338474,Sergipe
2023,1,SE,RGF-Anexo 01,DespesaComPessoalInativoEPensionistasBruta,Pessoal Inativo e Pensionistas,<MR-7>,190465341.2,2338474,Sergipe
2023,1,SE,RGF-Anexo 01,DespesaComPessoalInativoEPensionistasBruta,Pessoal Inativo e Pensionistas,<MR-6>,190408310.97,2338474,Sergipe
2023,1,SE,RGF-Anexo 01,DespesaComPessoalInativoEPensionistasBruta,Pessoal Inativo e Pensionistas,<MR-5>,243697095.72,2338474,Sergipe
2023,1,SE,RGF-Anexo 01,DespesaComPessoalInativoEPensionistasBruta,Pessoal Inativo e Pensionistas,<MR-4>,246720025.49,2338474,Sergipe
2023,1,SE,RGF-Anexo 01,DespesaComPessoalInativoEPensionistasBruta,Pessoal Inativo e Pensionistas,<MR-3>,190024370.54,2338474,Sergipe
2023,1,SE,RGF-Anexo 01,DespesaComPessoalInativoEPensionistasBruta,Pessoal Inativo e Pensionistas,<MR-2>,189614258.7,2338474,Sergipe
2023,1,SE,RGF-Anexo 01,DespesaComPessoalInativoEPensionistasBruta,Pessoal Inativo e Pensionistas,<MR-1>,190461519.18,2338474,Sergipe
2023,1,SE,RGF-Anexo 01,DespesaComPessoalInativoEPensionistasBruta,Pessoal Inativo e Pensionistas,<MR>,190986019.04,2338474,Sergipe
2023,1,SE,RGF-Anexo 01,DespesaComPessoalInativoEPensionistasBruta,Pessoal Inativo e Pensionistas,TOTAL (ÚLTIMOS 12 MESES) (a),2392507393.72,2338474,Sergipe
2023,1,SE,RGF-Anexo 01,DespesaComPessoalLiquida,DESPESA LÍQUIDA COM PESSOAL (III) = (I - II),<MR-11>,374134960.42,2338474,Sergipe
2023,1,SE,RGF-Anexo 01,DespesaComPessoalLiquida,DESPESA LÍQUIDA COM PESSOAL (III) = (I - II),<MR-10>,385308914.2,2338474,Sergipe
2023,1,SE,RGF-Anexo 01,DespesaComPessoalLiquida,DESPESA LÍQUIDA COM PESSOAL (III) = (I - II),<MR-9>,436377893.17,2338474,Sergipe
2023,1,SE,RGF-Anexo 01,DespesaComPessoalLiquida,DESPESA LÍQUIDA COM PESSOAL (III) = (I - II),<MR-8>,414721324.49,2338474,Sergipe
2023,1,SE,RGF-Anexo 01,DespesaComPessoalLiquida,DESPESA LÍQUIDA COM PESSOAL (III) = (I - II),<MR-7>,474466509.48,2338474,Sergipe
2023,1,SE,RGF-Anexo 01,DespesaComPessoalLiquida,DESPESA LÍQUIDA COM PESSOAL (III) = (I - II),<MR-6>,446366984.84,2338474,Sergipe
2023,1,SE,RGF-Anexo 01,DespesaComPessoalLiquida,DESPESA LÍQUIDA COM PESSOAL (III) = (I - II),<MR-5>,550211318.47,2338474,Sergipe
2023,1,SE,RGF-Anexo 01,DespesaComPessoalLiquida,DESPESA LÍQUIDA COM PESSOAL (III) = (I - II),<MR-4>,456836981.8,2338474,Sergipe
2023,1,SE,RGF-Anexo 01,DespesaComPessoalLiquida,DESPESA LÍQUIDA COM PESSOAL (III) = (I - II),<MR-3>,428802120.2,2338474,Sergipe
2023,1,SE,RGF-Anexo 01,DespesaComPessoalLiquida,DESPESA LÍQUIDA COM PESSOAL (III) = (I - II),<MR-2>,407790567.32,2338474,Sergipe
2023,1,SE,RGF-Anexo 01,DespesaComPessoalLiquida,DESPESA LÍQUIDA COM PESSOAL (III) = (I - II),<MR-1>,395845784.55,2338474,Sergipe
2023,1,SE,RGF-Anexo 01,DespesaComPessoalLiquida,DESPESA LÍQUIDA COM PESSOAL (III) = (I - II),<MR>,416692253.03,2338474,Sergipe
2023,1,SE,RGF-Anexo 01,DespesaComPessoalLiquida,DESPESA LÍQUIDA COM PESSOAL (III) = (I - II),TOTAL (ÚLTIMOS 12 MESES) (a),5187555611.97,2338474,Sergipe
2023,1,SE,RGF-Anexo 01,DespesaComPessoalLiquida,DESPESA LÍQUIDA COM PESSOAL (III) = (I - II),INSCRITAS EM RESTOS A PAGAR NÃO PROCESSADOS (b),13328733.36,2338474,Sergipe
2023,1,SE,RGF-Anexo 01,ReceitaCorrenteLiquidaLimiteLegal,RECEITA CORRENTE LIQUIDA - RCL (IV),Valor,11633012504.87,2338474,Sergipe
2023,1,SE,RGF-Anexo 01,DespesaComPessoalTotal,DESPESA TOTAL COM PESSOAL - DTP (VIII) = (IIIa + IIIb),Valor,5200884345.33,2338474,Sergipe
2023,1,SE,RGF-Anexo 01,DespesaComPessoalTotal,DESPESA TOTAL COM PESSOAL - DTP (VIII) = (IIIa + IIIb),% sobre a RCL Ajustada,44.82,2338474,Sergipe
2023,1,SE,RGF-Anexo 02,DividaConsolidada,DÍVIDA CONSOLIDADA - DC (I),SALDO DO EXERCÍCIO ANTERIOR,4874338138.52,2338474,Sergipe
2023,1,SE,RGF-Anexo 02,DividaConsolidada,DÍVIDA CONSOLIDADA - DC (I),Até o 1º Quadrimestre,4860529749.99,2338474,Sergipe
2023,1,SE,RGF-Anexo 02,DividaContratual,Dívida Contratual,SALDO DO EXERCÍCIO ANTERIOR,3439470089.12,2338474,Sergipe
2023,1,SE,RGF-Anexo 02,DividaContratual,Dívida Contratual,Até o 1º Quadrimestre,3430319723.93,2338474,Sergipe
2023,1,SE,RGF-Anexo 02,DividaConsolidadaLiquida,DÍVIDA CONSOLIDADA LÍQUIDA (DCL) (III) = (I - II),SALDO DO EXERCÍCIO ANTERIOR,3543671294.86,2338474,Sergipe
2023,1,SE,RGF-Anexo 02,DividaConsolidadaLiquida,DÍVIDA CONSOLIDADA LÍQUIDA (DCL) (III) = (I - II),Até o 1º Quadrimestre,2742281899.89,2338474,Sergipe
2023,2,SE,RGF-Anexo 01,DespesaComPessoalBruta,DESPESA BRUTA COM PESSOAL (I),<MR-11>,556291596.63,2338474,Sergipe
2023,2,SE,RGF-Anexo 01,DespesaComPessoalBruta,DESPESA BRUTA COM PESSOAL (I),<MR-10>,551648173.67,2338474,Sergipe
2023,2,SE,RGF-Anexo 01,DespesaComPessoalBruta,DESPESA BRUTA COM PESSOAL (I),<MR-9>,705707268.88,2338474,Sergipe
2023,2,SE,RGF-Anexo 01,DespesaComPessoalBruta,DESPESA BRUTA COM PESSOAL (I),<MR-8>,550068097.68,2338474,Sergipe
2023,2,SE,RGF-Anexo 01,DespesaComPessoalBruta,DESPESA BRUTA COM PESSOAL (I),<MR-7>,475860722.12,2338474,Sergipe
2023,2,SE,RGF-Anexo 01,DespesaComPessoalBruta,DESPESA BRUTA COM PESSOAL (I),<MR-6>,474450138.5,2338474,Sergipe
2023,2,SE,RGF-Anexo 01,DespesaComPessoalBruta,DESPESA BRUTA COM PESSOAL (I),<MR-5>,471244862.39,2338474,Sergipe
2023,2,SE,RGF-Anexo 01,DespesaComPessoalBruta,DESPESA BRUTA COM PESSOAL (I),<MR-4>,486268273.08,2338474,Sergipe
2023,2,SE,RGF-Anexo 01,DespesaComPessoalBruta,DESPESA BRUTA COM PESSOAL (I),<MR-3>,506320128.86,2338474,Sergipe
2023,2,SE,RGF-Anexo 01,DespesaComPessoalBruta,DESPESA BRUTA COM PESSOAL (I),<MR-2>,486149872.68,2338474,Sergipe
2023,2,SE,RGF-Anexo 01,DespesaComPessoalBruta,DESPESA BRUTA COM PESSOAL (I),<MR-1>,517711034.04,2338474,Sergipe
2023,2,SE,RGF-Anexo 01,DespesaComPessoalBruta,DESPESA BRUTA COM PESSOAL (I),<MR>,501482761.88,2338474,Sergipe
2023,2,SE,RGF-Anexo 01,DespesaComPessoalBruta,DESPESA BRUTA COM PESSOAL (I),TOTAL (ÚLTIMOS 12 MESES) (a),6283202930.41,2338474,Sergipe
2023,2,SE,RGF-Anexo 01,DespesaComPessoalBruta,DESPESA BRUTA COM PESSOAL (I),INSCRITAS EM RESTOS A PAGAR NÃO PROCESSADOS (b),13733887.17,2338474,Sergipe
2023,2,SE,RGF-Anexo 01,DespesaComPessoalAtivoBruta,Pessoal Ativo,<MR-11>,365826255.43,2338474,Sergipe
2023,2,SE,RGF-Anexo 01,DespesaComPessoalAtivoBruta,Pessoal Ativo,<MR-10>,361239862.7,2338474,Sergipe
2023,2,SE,RGF-Anexo 01,DespesaComPessoalAtivoBruta,Pessoal Ativo,<MR-9>,462010173.16,2338474,Sergipe
2023,2,SE,RGF-Anexo 01,DespesaComPessoalAtivoBruta,Pessoal Ativo,<MR-8>,303348072.19,2338474,Sergipe
2023,2,SE,RGF-Anexo 01,DespesaComPessoalAtivoBruta,Pessoal Ativo,<MR-7>,285836351.58,2338474,Sergipe
2023,2,SE,RGF-Anexo 01,DespesaComPessoalAtivoBruta,Pessoal Ativo,<MR-6>,284835879.8,2338474,Sergipe
2023,2,SE,RGF-Anexo 01,DespesaComPessoalAtivoBruta,Pessoal Ativo,<MR-5>,280783343.21,2338474,Sergipe
2023,2,SE,RGF-Anexo 01,DespesaComPessoalAtivoBruta,Pessoal Ativo,<MR-4>,295282254.04,2338474,Sergipe
2023,2,SE,RGF-Anexo 01,DespesaComPessoalAtivoBruta,Pessoal Ativo,<MR-3>,310556412.39,2338474,Sergipe
2023,2,SE,RGF-Anexo 01,DespesaComPessoalAtivoBruta,Pessoal Ativo,<MR-2>,287280249.14,2338474,Sergipe
2023,2,SE,RGF-Anexo 01,DespesaComPessoalAtivoBruta,Pessoal Ativo,<MR-1>,319137052.12,2338474,Sergipe
2023,2,SE,RGF-Anexo 01,DespesaComPessoalAtivoBruta,Pessoal Ativo,<MR>,302448895.57,2338474,Sergipe
2023,2,SE,RGF-Anexo 01,DespesaComPessoalAtivoBruta,Pessoal Ativo,TOTAL (ÚLTIMOS 12 MESES) (a),3858584801.33,2338474,Sergipe
2023,2,SE,RGF-Anexo 01,DespesaComPessoalAtivoBruta,Pessoal Ativo,INSCRITAS EM RESTOS A PAGAR NÃO PROCESSADOS (b),13733887.17,2338474,Sergipe
2023,2,SE,RGF-Anexo 01,DespesaComPessoalInativoEPensionistasBruta,Pessoal Inativo e Pensionistas,<MR-11>,190465341.2,2338474,Sergipe
2023,2,SE,RGF-Anexo 01,DespesaComPessoalInativoEPensionistasBruta,Pessoal Inativo e Pensionistas,<MR-10>,190408310.97,2338474,Sergipe
2023,2,SE,RGF-Anexo 01,DespesaComPessoalInativoEPensionistasBruta,Pessoal Inativo e Pensionistas,<MR-9>,243697095.72,2338474,Sergipe
2023,2,SE,RGF-Anexo 01,DespesaComPessoalInativoEPensionistasBruta,Pessoal Inativo e Pensionistas,<MR-8>,246720025.49,2338474,Sergipe
2023,2,SE,RGF-Anexo 01,DespesaComPessoalInativoEPensionistasBruta,Pessoal Inativo e Pensionistas,<MR-7>,190024370.54,2338474,Sergipe
2023,2,SE,RGF-Anexo 01,DespesaComPessoalInativoEPensionistasBruta,Pessoal Inativo e Pensionistas,<MR-6>,189614258.7,2338474,Sergipe
2023,2,SE,RGF-Anexo 01,DespesaComPessoalInativoEPensionistasBruta,Pessoal Inativo e Pensionistas,<MR-5>,190461519.18,2338474,Sergipe
2023,2,SE,RGF-Anexo 01,DespesaComPessoalInativoEPensionistasBruta,Pessoal Inativo e Pensionistas,<MR-4>,190986019.04,2338474,Sergipe
2023,2,SE,RGF-Anexo 01,DespesaComPessoalInativoEPensionistasBruta,Pessoal Inativo e Pensionistas,<MR-3>,195763716.47,2338474,Sergipe
2023,2,SE,RGF-Anexo 01,DespesaComPessoalInativoEPensionistasBruta,Pessoal Inativo e Pensionistas,<MR-2>,198869623.54,2338474,Sergipe
2023,2,SE,RGF-Anexo 01,DespesaComPessoalInativoEPensionistasBruta,Pessoal Inativo e Pensionistas,<MR-1>,198573981.92,2338474,Sergipe
2023,2,SE,RGF-Anexo 01,DespesaComPessoalInativoEPensionistasBruta,Pessoal Inativo e Pensionistas,<MR>,199033866.31,2338474,Sergipe
2023,2,SE,RGF-Anexo 01,DespesaComPessoalInativoEPensionistasBruta,Pessoal Inativo e Pensionistas,TOTAL (ÚLTIMOS 12 MESES) (a),2424618129.08,2338474,Sergipe
2023,2,SE,RGF-Anexo 01,DespesaComPessoalLiquida,DESPESA LÍQUIDA COM PESSOAL (III) = (I - II),<MR-11>,474466509.48,2338474,Sergipe
2023,2,SE,RGF-Anexo 01,DespesaComPessoalLiquida,DESPESA LÍQUIDA COM PESSOAL (III) = (I - II),<MR-10>,446366984.84,2338474,Sergipe
2023,2,SE,RGF-Anexo 01,DespesaComPessoalLiquida,DESPESA LÍQUIDA COM PESSOAL (III) = (I - II),<MR-9>,550211318.47,2338474,Sergipe
2023,2,SE,RGF-Anexo 01,DespesaComPessoalLiquida,DESPESA LÍQUIDA COM PESSOAL (III) = (I - II),<MR-8>,456836981.8,2338474,Sergipe
2023,2,SE,RGF-Anexo 01,DespesaComPessoalLiquida,DESPESA LÍQUIDA COM PESSOAL (III) = (I - II),<MR-7>,428802120.2,2338474,Sergipe
2023,2,SE,RGF-Anexo 01,DespesaComPessoalLiquida,DESPESA LÍQUIDA COM PESSOAL (III) = (I - II),<MR-6>,407790567.32,2338474,Sergipe
2023,2,SE,RGF-Anexo 01,DespesaComPessoalLiquida,DESPESA LÍQUIDA COM PESSOAL (III) = (I - II),<MR-5>,395845784.55,2338474,Sergipe
2023,2,SE,RGF-Anexo 01,DespesaComPessoalLiquida,DESPESA LÍQUIDA COM PESSOAL (III) = (I - II),<MR-4>,416692253.03,2338474,Sergipe
2023,2,SE,RGF-Anexo 01,DespesaComPessoalLiquida,DESPESA LÍQUIDA COM PESSOAL (III) = (I - II),<MR-3>,448243845.79,2338474,Sergipe
2023,2,SE,RGF-Anexo 01,DespesaComPessoalLiquida,DESPESA LÍQUIDA COM PESSOAL (III) = (I - II),<MR-2>,430691750.21,2338474,Sergipe
2023,2,SE,RGF-Anexo 01,DespesaComPessoalLiquida,DESPESA LÍQUIDA COM PESSOAL (III) = (I - II),<MR-1>,451752784.08,2338474,Sergipe
2023,2,SE,RGF-Anexo 01,DespesaComPessoalLiquida,DESPESA LÍQUIDA COM PESSOAL (III) = (I - II),<MR>,430902504.11,2338474,Sergipe
2023,2,SE,RGF-Anexo 01,DespesaComPessoalLiquida,DESPESA LÍQUIDA COM PESSOAL (III) = (I - II),TOTAL (ÚLTIMOS 12 MESES) (a),5338603403.88,2338474,Sergipe
2023,2,SE,RGF-Anexo 01,DespesaComPessoalLiquida,DESPESA LÍQUIDA COM PESSOAL (III) = (I - II),INSCRITAS EM RESTOS A PAGAR NÃO PROCESSADOS (b),13328733.36,2338474,Sergipe
2023,2,SE,RGF-Anexo 01,ReceitaCorrenteLiquidaLimiteLegal,RECEITA CORRENTE LIQUIDA - RCL (IV),Valor,11769826386.16,2338474,Sergipe
2023,2,SE,RGF-Anexo 01,DespesaComPessoalTotal,DESPESA TOTAL COM PESSOAL - DTP (VIII) = (IIIa + IIIb),Valor,5351932137.24,2338474,Sergipe
2023,2,SE,RGF-Anexo 01,DespesaComPessoalTotal,DESPESA TOTAL COM PESSOAL - DTP (VIII) = (IIIa + IIIb),% sobre a RCL Ajustada,45.49,2338474,Sergipe
2023,2,SE,RGF-Anexo 02,DividaConsolidada,DÍVIDA CONSOLIDADA - DC (I),SALDO DO EXERCÍCIO ANTERIOR,4874338138.52,2338474,Sergipe
2023,2,SE,RGF-Anexo 02,DividaConsolidada,DÍVIDA CONSOLIDADA - DC (I),Até o 1º Quadrimestre,4860529749.99,2338474,Sergipe
2023,2,SE,RGF-Anexo 02,DividaConsolidada,DÍVIDA CONSOLIDADA - DC (I),Até o 2º Quadrimestre,4898693382.83,2338474,Sergipe
2023,2,SE,RGF-Anexo 02,DividaContratual,Dívida Contratual,SALDO DO EXERCÍCIO ANTERIOR,3439470089.12,2338474,Sergipe
2023,2,SE,RGF-Anexo 02,DividaContratual,Dívida Contratual,Até o 1º Quadrimestre,3430319723.93,2338474,Sergipe
2023,2,SE,RGF-Anexo 02,DividaContratual,Dívida Contratual,Até o 2º Quadrimestre,3465677766.71,2338474,Sergipe
2023,2,SE,RGF-Anexo 02,DividaConsolidadaLiquida,DÍVIDA CONSOLIDADA LÍQUIDA (DCL) (III) = (I - II),SALDO DO EXERCÍCIO ANTERIOR,3543671294.86,2338474,Sergipe
2023,2,SE,RGF-Anexo 02,DividaConsolidadaLiquida,DÍVIDA CONSOLIDADA LÍQUIDA (DCL) (III) = (I - II),Até o 1º Quadrimestre,2742281899.89,2338474,Sergipe
2023,2,SE,RGF-Anexo 02,DividaConsolidadaLiquida,DÍVIDA CONSOLIDADA LÍQUIDA (DCL) (III) = (I - II),Até o 2º Quadrimestre,2588306174.96,2338474,Sergipe
2023,3,SE,RGF-Anexo 01,DespesaComPessoalBruta,DESPESA BRUTA COM PESSOAL (I),<MR-11>,475860722.12,2338474,Sergipe
2023,3,SE,RGF-Anexo 01,DespesaComPessoalBruta,DESPESA BRUTA COM PESSOAL (I),<MR-10>,474450138.5,2338474,Sergipe
2023,3,SE,RGF-Anexo 01,DespesaComPessoalBruta,DESPESA BRUTA COM PESSOAL (I),<MR-9>,471244862.39,2338474,Sergipe
2023,3,SE,RGF-Anexo 01,DespesaComPessoalBruta,DESPESA BRUTA COM PESSOAL (I),<MR-8>,486268273.08,2338474,Sergipe
2023,3,SE,RGF-Anexo 01,DespesaComPessoalBruta,DESPESA BRUTA COM PESSOAL (I),<MR-7>,506320128.86,2338474,Sergipe
2023,3,SE,RGF-Anexo 01,DespesaComPessoalBruta,DESPESA BRUTA COM PESSOAL (I),<MR-6>,486149872.68,2338474,Sergipe
2023,3,SE,RGF-Anexo 01,DespesaComPessoalBruta,DESPESA BRUTA COM PESSOAL (I),<MR-5>,517711034.04,2338474,Sergipe
2023,3,SE,RGF-Anexo 01,DespesaComPessoalBruta,DESPESA BRUTA COM PESSOAL (I),<MR-4>,501482761.88,2338474,Sergipe
2023,3,SE,RGF-Anexo 01,DespesaComPessoalBruta,DESPESA BRUTA COM PESSOAL (I),<MR-3>,515238828.21,2338474,Sergipe
2023,3,SE,RGF-Anexo 01,DespesaComPessoalBruta,DESPESA BRUTA COM PESSOAL (I),<MR-2>,513880832.75,2338474,Sergipe
2023,3,SE,RGF-Anexo 01,DespesaComPessoalBruta,DESPESA BRUTA COM PESSOAL (I),<MR-1>,835842696.79,2338474,Sergipe
2023,3,SE,RGF-Anexo 01,DespesaComPessoalBruta,DESPESA BRUTA COM PESSOAL (I),<MR>,571253062.57,2338474,Sergipe
2023,3,SE,RGF-Anexo 01,DespesaComPessoalBruta,DESPESA BRUTA COM PESSOAL (I),TOTAL (ÚLTIMOS 12 MESES) (a),6355703213.87,2338474,Sergipe
2023,3,SE,RGF-Anexo 01,DespesaComPessoalBruta,DESPESA BRUTA COM PESSOAL (I),INSCRITAS EM RESTOS A PAGAR NÃO PROCESSADOS (b),1522986.36,2338474,Sergipe
2023,3,SE,RGF-Anexo 01,DespesaComPessoalAtivoBruta,Pessoal Ativo,<MR-11>,285836351.58,2338474,Sergipe
2023,3,SE,RGF-Anexo 01,DespesaComPessoalAtivoBruta,Pessoal Ativo,<MR-10>,284835879.8,2338474,Sergipe
2023,3,SE,RGF-Anexo 01,DespesaComPessoalAtivoBruta,Pessoal Ativo,<MR-9>,280783343.21,2338474,Sergipe
2023,3,SE,RGF-Anexo 01,DespesaComPessoalAtivoBruta,Pessoal Ativo,<MR-8>,295282254.04,2338474,Sergipe
2023,3,SE,RGF-Anexo 01,DespesaComPessoalAtivoBruta,Pessoal Ativo,<MR-7>,310556412.39,2338474,Sergipe
2023,3,SE,RGF-Anexo 01,DespesaComPessoalAtivoBruta,Pessoal Ativo,<MR-6>,287280249.14,2338474,Sergipe
2023,3,SE,RGF-Anexo 01,DespesaComPessoalAtivoBruta,Pessoal Ativo,<MR-5>,319137052.12,2338474,Sergipe
2023,3,SE,RGF-Anexo 01,DespesaComPessoalAtivoBruta,Pessoal Ativo,<MR-4>,302448895.57,2338474,Sergipe
2023,3,SE,RGF-Anexo 01,DespesaComPessoalAtivoBruta,Pessoal Ativo,<MR-3>,316371592.93,2338474,Sergipe
2023,3,SE,RGF-Anexo 01,DespesaComPessoalAtivoBruta,Pessoal Ativo,<MR-2>,312817001.92,2338474,Sergipe
2023,3,SE,RGF-Anexo 01,DespesaComPessoalAtivoBruta,Pessoal Ativo,<MR-1>,515306522.96,2338474,Sergipe
2023,3,SE,RGF-Anexo 01,DespesaComPessoalAtivoBruta,Pessoal Ativo,<MR>,377099805.83,2338474,Sergipe
2023,3,SE,RGF-Anexo 01,DespesaComPessoalAtivoBruta,Pessoal Ativo,TOTAL (ÚLTIMOS 12 MESES) (a),3887755361.49,2338474,Sergipe
2023,3,SE,RGF-Anexo 01,DespesaComPessoalAtivoBruta,Pessoal Ativo,INSCRITAS EM RESTOS A PAGAR NÃO PROCESSADOS (b),1522986.36,2338474,Sergipe
2023,3,SE,RGF-Anexo 01,DespesaComPessoalInativoEPensionistasBruta,Pessoal Inativo e Pensionistas,<MR-11>,190024370.54,2338474,Sergipe
2023,3,SE,RGF-Anexo 01,DespesaComPessoalInativoEPensionistasBruta,Pessoal Inativo e Pensionistas,<MR-10>,189614258.7,2338474,Sergipe
2023,3,SE,RGF-Anexo 01,DespesaComPessoalInativoEPensionistasBruta,Pessoal Inativo e Pensionistas,<MR-9>,190461519.18,2338474,Sergipe
2023,3,SE,RGF-Anexo 01,DespesaComPessoalInativoEPensionistasBruta,Pessoal Inativo e Pensionistas,<MR-8>,190986019.04,2338474,Sergipe
2023,3,SE,RGF-Anexo 01,DespesaComPessoalInativoEPensionistasBruta,Pessoal Inativo e Pensionistas,<MR-7>,195763716.47,2338474,Sergipe
2023,3,SE,RGF-Anexo 01,DespesaComPessoalInativoEPensionistasBruta,Pessoal Inativo e Pensionistas,<MR-6>,198869623.54,2338474,Sergipe
2023,3,SE,RGF-Anexo 01,DespesaComPessoalInativoEPensionistasBruta,Pessoal Inativo e Pensionistas,<MR-5>,198573981.92,2338474,Sergipe
2023,3,SE,RGF-Anexo 01,DespesaComPessoalInativoEPensionistasBruta,Pessoal Inativo e Pensionistas,<MR-4>,199033866.31,2338474,Sergipe
2023,3,SE,RGF-Anexo 01,DespesaComPessoalInativoEPensionistasBruta,Pessoal Inativo e Pensionistas,<MR-3>,198867235.28,2338474,Sergipe
2023,3,SE,RGF-Anexo 01,DespesaComPessoalInativoEPensionistasBruta,Pessoal Inativo e Pensionistas,<MR-2>,201063830.83,2338474,Sergipe
2023,3,SE,RGF-Anexo 01,DespesaComPessoalInativoEPensionistasBruta,Pessoal Inativo e Pensionistas,<MR-1>,320536173.83,2338474,Sergipe
2023,3,SE,RGF-Anexo 01,DespesaComPessoalInativoEPensionistasBruta,Pessoal Inativo e Pensionistas,<MR>,194153256.74,2338474,Sergipe
2023,3,SE,RGF-Anexo 01,DespesaComPessoalInativoEPensionistasBruta,Pessoal Inativo e Pensionistas,TOTAL (ÚLTIMOS 12 MESES) (a),2467947852.38,2338474,Sergipe
2023,3,SE,RGF-Anexo 01,DespesaComPessoalLiquida,DESPESA LÍQUIDA COM PESSOAL (III) = (I - II),<MR-11>,428802120.2,2338474,Sergipe
2023,3,SE,RGF-Anexo 01,DespesaComPessoalLiquida,DESPESA LÍQUIDA COM PESSOAL (III) = (I - II),<MR-10>,407790567.32,2338474,Sergipe
2023,3,SE,RGF-Anexo 01,DespesaComPessoalLiquida,DESPESA LÍQUIDA COM PESSOAL (III) = (I - II),<MR-9>,395845784.55,2338474,Sergipe
2023,3,SE,RGF-Anexo 01,DespesaComPessoalLiquida,DESPESA LÍQUIDA COM PESSOAL (III) = (I - II),<MR-8>,416692253.03,2338474,Sergipe
2023,3,SE,RGF-Anexo 01,DespesaComPessoalLiquida,DESPESA LÍQUIDA COM PESSOAL (III) = (I - II),<MR-7>,448243845.79,2338474,Sergipe
2023,3,SE,RGF-Anexo 01,DespesaComPessoalLiquida,DESPESA LÍQUIDA COM PESSOAL (III) = (I - II),<MR-6>,430691750.21,2338474,Sergipe
2023,3,SE,RGF-Anexo 01,DespesaComPessoalLiquida,DESPESA LÍQUIDA COM PESSOAL (III) = (I - II),<MR-5>,451752784.08,2338474,Sergipe
2023,3,SE,RGF-Anexo 01,DespesaComPessoalLiquida,DESPESA LÍQUIDA COM PESSOAL (III) = (I - II),<MR-4>,430902504.11,2338474,Sergipe
2023,3,SE,RGF-Anexo 01,DespesaComPessoalLiquida,DESPESA LÍQUIDA COM PESSOAL (III) = (I - II),<MR-3>,474059352.97,2338474,Sergipe
2023,3,SE,RGF-Anexo 01,DespesaComPessoalLiquida,DESPESA LÍQUIDA COM PESSOAL (III) = (I - II),<MR-2>,428914703.46,2338474,Sergipe
2023,3,SE,RGF-Anexo 01,DespesaComPessoalLiquida,DESPESA LÍQUIDA COM PESSOAL (III) = (I - II),<MR-1>,740611170.34,2338474,Sergipe
2023,3,SE,RGF-Anexo 01,DespesaComPessoalLiquida,DESPESA LÍQUIDA COM PESSOAL (III) = (I - II),<MR>,438485895.15,2338474,Sergipe
2023,3,SE,RGF-Anexo 01,DespesaComPessoalLiquida,DESPESA LÍQUIDA COM PESSOAL (III) = (I - II),TOTAL (ÚLTIMOS 12 MESES) (a),5492792731.21,2338474,Sergipe
2023,3,SE,RGF-Anexo 01,DespesaComPessoalLiquida,DESPESA LÍQUIDA COM PESSOAL (III) = (I - II),INSCRITAS EM RESTOS A PAGAR NÃO PROCESSADOS (b),1508305.58,2338474,Sergipe
2023,3,SE,RGF-Anexo 01,ReceitaCorrenteLiquidaLimiteLegal,RECEITA CORRENTE LIQUIDA - RCL (IV),Valor,12629587874.94,2338474,Sergipe
2023,3,SE,RGF-Anexo 01,DespesaComPessoalTotal,DESPESA TOTAL COM PESSOAL - DTP (VIII) = (IIIa + IIIb),Valor,5494301036.79,2338474,Sergipe
2023,3,SE,RGF-Anexo 01,DespesaComPessoalTotal,DESPESA TOTAL COM PESSOAL - DTP (VIII) = (IIIa + IIIb),% sobre a RCL Ajustada,43.76,2338474,Sergipe
2023,3,SE,RGF-Anexo 02,DividaConsolidada,DÍVIDA CONSOLIDADA - DC (I),SALDO DO EXERCÍCIO ANTERIOR,4874338138.52,2338474,Sergipe
2023,3,SE,RGF-Anexo 02,DividaConsolidada,DÍVIDA CONSOLIDADA - DC (I),Até o 1º Quadrimestre,4860529749.99,2338474,Sergipe
2023,3,SE,RGF-Anexo 02,DividaConsolidada,DÍVIDA CONSOLIDADA - DC (I),Até o 2º Quadrimestre,4898693382.83,2338474,Sergipe
2023,3,SE,RGF-Anexo 02,DividaConsolidada,DÍVIDA CONSOLIDADA - DC (I),Até o 3º Quadrimestre,4987142159.18,2338474,Sergipe
2023,3,SE,RGF-Anexo 02,DividaContratual,Dívida Contratual,SALDO DO EXERCÍCIO ANTERIOR,3439470089.12,2338474,Sergipe
2023,3,SE,RGF-Anexo 02,DividaContratual,Dívida Contratual,Até o 1º Quadrimestre,3430319723.93,2338474,Sergipe
2023,3,SE,RGF-Anexo 02,DividaContratual,Dívida Contratual,Até o 2º Quadrimestre,3465677766.71,2338474,Sergipe
2023,3,SE,RGF-Anexo 02,DividaContratual,Dívida Contratual,Até o 3º Quadrimestre,3498681668.1,2338474,Sergipe
2023,3,SE,RGF-Anexo 02,DividaConsolidadaLiquida,DÍVIDA CONSOLIDADA LÍQUIDA (DCL) (III) = (I - II),SALDO DO EXERCÍCIO ANTERIOR,3543671294.86,2338474,Sergipe
2023,3,SE,RGF-Anexo 02,DividaConsolidadaLiquida,DÍVIDA CONSOLIDADA LÍQUIDA (DCL) (III) = (I - II),Até o 1º Quadrimestre,2742281899.89,2338474,Sergipe
2023,3,SE,RGF-Anexo 02,DividaConsolidadaLiquida,DÍVIDA CONSOLIDADA LÍQUIDA (DCL) (III) = (I - II),Até o 2º Quadrimestre,2588306174.96,2338474,Sergipe
2023,3,SE,RGF-Anexo 02,DividaConsolidadaLiquida,DÍVIDA CONSOLIDADA LÍQUIDA (DCL) (III) = (I - II),Até o 3º Quadrimestre,2884664295.48,2338474,Sergipe
2024,1,SE,RGF-Anexo 01,DespesaComPessoalBruta,DESPESA BRUTA COM PESSOAL (I),<MR-11>,506320128.86,2211868,Sergipe
2024,1,SE,RGF-Anexo 01,DespesaComPessoalBruta,DESPESA BRUTA COM PESSOAL (I),<MR-10>,486149872.68,2211868,Sergipe
2024,1,SE,RGF-Anexo 01,DespesaComPessoalBruta,DESPESA BRUTA COM PESSOAL (I),<MR-9>,517711034.04,2211868,Sergipe
2024,1,SE,RGF-Anexo 01,DespesaComPessoalBruta,DESPESA BRUTA COM PESSOAL (I),<MR-8>,501482761.88,2211868,Sergipe
2024,1,SE,RGF-Anexo 01,DespesaComPessoalBruta,DESPESA BRUTA COM PESSOAL (I),<MR-7>,515238828.21,2211868,Sergipe
2024,1,SE,RGF-Anexo 01,DespesaComPessoalBruta,DESPESA BRUTA COM PESSOAL (I),<MR-6>,513880832.75,2211868,Sergipe
2024,1,SE,RGF-Anexo 01,DespesaComPessoalBruta,DESPESA BRUTA COM PESSOAL (I),<MR-5>,835842696.79,2211868,Sergipe
2024,1,SE,RGF-Anexo 01,DespesaComPessoalBruta,DESPESA BRUTA COM PESSOAL (I),<MR-4>,571253062.57,2211868,Sergipe
2024,1,SE,RGF-Anexo 01,DespesaComPessoalBruta,DESPESA BRUTA COM PESSOAL (I),<MR-3>,557711492.25,2211868,Sergipe
2024,1,SE,RGF-Anexo 01,DespesaComPessoalBruta,DESPESA BRUTA COM PESSOAL (I),<MR-2>,560447193.38,2211868,Sergipe
2024,1,SE,RGF-Anexo 01,DespesaComPessoalBruta,DESPESA BRUTA COM PESSOAL (I),<MR-1>,519765421.35,2211868,Sergipe
2024,1,SE,RGF-Anexo 01,DespesaComPessoalBruta,DESPESA BRUTA COM PESSOAL (I),<MR>,538078496.41,2211868,Sergipe
2024,1,SE,RGF-Anexo 01,DespesaComPessoalBruta,DESPESA BRUTA COM PESSOAL (I),TOTAL (ÚLTIMOS 12 MESES) (a),6623881821.17,2211868,Sergipe
2024,1,SE,RGF-Anexo 01,DespesaComPessoalBruta,DESPESA BRUTA COM PESSOAL (I),INSCRITAS EM RESTOS A PAGAR NÃO PROCESSADOS (b),1522986.36,2211868,Sergipe
2024,1,SE,RGF-Anexo 01,DespesaComPessoalAtivoBruta,Pessoal Ativo,<MR-11>,310556412.39,2211868,Sergipe
2024,1,SE,RGF-Anexo 01,DespesaComPessoalAtivoBruta,Pessoal Ativo,<MR-10>,287280249.14,2211868,Sergipe
2024,1,SE,RGF-Anexo 01,DespesaComPessoalAtivoBruta,Pessoal Ativo,<MR-9>,319137052.12,2211868,Sergipe
2024,1,SE,RGF-Anexo 01,DespesaComPessoalAtivoBruta,Pessoal Ativo,<MR-8>,302448895.57,2211868,Sergipe
2024,1,SE,RGF-Anexo 01,DespesaComPessoalAtivoBruta,Pessoal Ativo,<MR-7>,316371592.93,2211868,Sergipe
2024,1,SE,RGF-Anexo 01,DespesaComPessoalAtivoBruta,Pessoal Ativo,<MR-6>,312817001.92,2211868,Sergipe
2024,1,SE,RGF-Anexo 01,DespesaComPessoalAtivoBruta,Pessoal Ativo,<MR-5>,515306522.96,2211868,Sergipe
2024,1,SE,RGF-Anexo 01,DespesaComPessoalAtivoBruta,Pessoal Ativo,<MR-4>,377099805.83,2211868,Sergipe
2024,1,SE,RGF-Anexo 01,DespesaComPessoalAtivoBruta,Pessoal Ativo,<MR-3>,350005790.36,2211868,Sergipe
2024,1,SE,RGF-Anexo 01,DespesaComPessoalAtivoBruta,Pessoal Ativo,<MR-2>,352915968.63,2211868,Sergipe
2024,1,SE,RGF-Anexo 01,DespesaComPessoalAtivoBruta,Pessoal Ativo,<MR-1>,311989540.49,2211868,Sergipe
2024,1,SE,RGF-Anexo 01,DespesaComPessoalAtivoBruta,Pessoal Ativo,<MR>,329494249.32,2211868,Sergipe
2024,1,SE,RGF-Anexo 01,DespesaComPessoalAtivoBruta,Pessoal Ativo,TOTAL (ÚLTIMOS 12 MESES) (a),4085423081.66,2211868,Sergipe
2024,1,SE,RGF-Anexo 01,DespesaComPessoalAtivoBruta,Pessoal Ativo,INSCRITAS EM RESTOS A PAGAR NÃO PROCESSADOS (b),1522986.36,2211868,Sergipe
2024,1,SE,RGF-Anexo 01,DespesaComPessoalInativoEPensionistasBruta,Pessoal Inativo e Pensionistas,<MR-11>,195763716.47,2211868,Sergipe
2024,1,SE,RGF-Anexo 01,DespesaComPessoalInativoEPensionistasBruta,Pessoal Inativo e Pensionistas,<MR-10>,198869623.54,2211868,Sergipe
2024,1,SE,RGF-Anexo 01,DespesaComPessoalInativoEPensionistasBruta,Pessoal Inativo e Pensionistas,<MR-9>,198573981.92,2211868,Sergipe
2024,1,SE,RGF-Anexo 01,DespesaComPessoalInativoEPensionistasBruta,Pessoal Inativo e Pensionistas,<MR-8>,199033866.31,2211868,Sergipe
2024,1,SE,RGF-Anexo 01,DespesaComPessoalInativoEPensionistasBruta,Pessoal Inativo e Pensionistas,<MR-7>,198867235.28,2211868,Sergipe
2024,1,SE,RGF-Anexo 01,DespesaComPessoalInativoEPensionistasBruta,Pessoal Inativo e Pensionistas,<MR-6>,201063830.83,2211868,Sergipe
2024,1,SE,RGF-Anexo 01,DespesaComPessoalInativoEPensionistasBruta,Pessoal Inativo e Pensionistas,<MR-5>,320536173.83,2211868,Sergipe
2024,1,SE,RGF-Anexo 01,DespesaComPessoalInativoEPensionistasBruta,Pessoal Inativo e Pensionistas,<MR-4>,194153256.74,2211868,Sergipe
2024,1,SE,RGF-Anexo 01,DespesaComPessoalInativoEPensionistasBruta,Pessoal Inativo e Pensionistas,<MR-3>,207705701.89,2211868,Sergipe
2024,1,SE,RGF-Anexo 01,DespesaComPessoalInativoEPensionistasBruta,Pessoal Inativo e Pensionistas,<MR-2>,207531224.75,2211868,Sergipe
2024,1,SE,RGF-Anexo 01,DespesaComPessoalInativoEPensionistasBruta,Pessoal Inativo e Pensionistas,<MR-1>,207775880.86,2211868,Sergipe
2024,1,SE,RGF-Anexo 01,DespesaComPessoalInativoEPensionistasBruta,Pessoal Inativo e Pensionistas,<MR>,208584247.09,2211868,Sergipe
2024,1,SE,RGF-Anexo 01,DespesaComPessoalInativoEPensionistasBruta,Pessoal Inativo e Pensionistas,TOTAL (ÚLTIMOS 12 MESES) (a),2538458739.51,2211868,Sergipe
2024,1,SE,RGF-Anexo 01,DespesaComPessoalLiquida,DESPESA LÍQUIDA COM PESSOAL (III) = (I - II),<MR-11>,448243845.79,2211868,Sergipe
2024,1,SE,RGF-Anexo 01,DespesaComPessoalLiquida,DESPESA LÍQUIDA COM PESSOAL (III) = (I - II),<MR-10>,430691750.21,2211868,Sergipe
2024,1,SE,RGF-Anexo 01,DespesaComPessoalLiquida,DESPESA LÍQUIDA COM PESSOAL (III) = (I - II),<MR-9>,451752784.08,2211868,Sergipe
2024,1,SE,RGF-Anexo 01,DespesaComPessoalLiquida,DESPESA LÍQUIDA COM PESSOAL (III) = (I - II),<MR-8>,430902504.11,2211868,Sergipe
2024,1,SE,RGF-Anexo 01,DespesaComPessoalLiquida,DESPESA LÍQUIDA COM PESSOAL (III) = (I - II),<MR-7>,474059352.97,2211868,Sergipe
2024,1,SE,RGF-Anexo 01,DespesaComPessoalLiquida,DESPESA LÍQUIDA COM PESSOAL (III) = (I - II),<MR-6>,428914703.46,2211868,Sergipe
2024,1,SE,RGF-Anexo 01,DespesaComPessoalLiquida,DESPESA LÍQUIDA COM PESSOAL (III) = (I - II),<MR-5>,740611170.34,2211868,Sergipe
2024,1,SE,RGF-Anexo 01,DespesaComPessoalLiquida,DESPESA LÍQUIDA COM PESSOAL (III) = (I - II),<MR-4>,438485895.15,2211868,Sergipe
2024,1,SE,RGF-Anexo 01,DespesaComPessoalLiquida,DESPESA LÍQUIDA COM PESSOAL (III) = (I - II),<MR-3>,534205109.18,2211868,Sergipe
2024,1,SE,RGF-Anexo 01,DespesaComPessoalLiquida,DESPESA LÍQUIDA COM PESSOAL (III) = (I - II),<MR-2>,466255567.9,2211868,Sergipe
2024,1,SE,RGF-Anexo 01,DespesaComPessoalLiquida,DESPESA LÍQUIDA COM PESSOAL (III) = (I - II),<MR-1>,404249342.47,2211868,Sergipe
2024,1,SE,RGF-Anexo 01,DespesaComPessoalLiquida,DESPESA LÍQUIDA COM PESSOAL (III) = (I - II),<MR>,503884942.01,2211868,Sergipe
2024,1,SE,RGF-Anexo 01,DespesaComPessoalLiquida,DESPESA LÍQUIDA COM PESSOAL (III) = (I - II),TOTAL (ÚLTIMOS 12 MESES) (a),5752256967.67,2211868,Sergipe
2024,1,SE,RGF-Anexo 01,DespesaComPessoalLiquida,DESPESA LÍQUIDA COM PESSOAL (III) = (I - II),INSCRITAS EM RESTOS A PAGAR NÃO PROCESSADOS (b),1518304.75,2211868,Sergipe
2024,1,SE,RGF-Anexo 01,ReceitaCorrenteLiquidaLimiteLegal,RECEITA CORRENTE LIQUIDA - RCL (IV),Valor,13303781214.17,2211868,Sergipe
2024,1,SE,RGF-Anexo 01,DespesaComPessoalTotal,DESPESA TOTAL COM PESSOAL - DTP (VI) = (IIIa + IIIb),Valor,5753775272.42,2211868,Sergipe
2024,1,SE,RGF-Anexo 01,DespesaComPessoalTotal,DESPESA TOTAL COM PESSOAL - DTP (VI) = (IIIa + IIIb),% sobre a RCL Ajustada,43.59,2211868,Sergipe
2024,1,SE,RGF-Anexo 02,DividaConsolidada,DÍVIDA CONSOLIDADA - DC (I),SALDO DO EXERCÍCIO ANTERIOR,4987142159.18,2211868,Sergipe
2024,1,SE,RGF-Anexo 02,DividaConsolidada,DÍVIDA CONSOLIDADA - DC (I),Até o 1º Quadrimestre,5051314613.71,2211868,Sergipe
2024,1,SE,RGF-Anexo 02,DividaContratual,Dívida Contratual,SALDO DO EXERCÍCIO ANTERIOR,3498681668.1,2211868,Sergipe
2024,1,SE,RGF-Anexo 02,DividaContratual,Dívida Contratual,Até o 1º Quadrimestre,3563208818.39,2211868,Sergipe
2024,1,SE,RGF-Anexo 02,DividaConsolidadaLiquida,DÍVIDA CONSOLIDADA LÍQUIDA (DCL) (III) = (I - II),SALDO DO EXERCÍCIO ANTERIOR,2884664295.48,2211868,Sergipe
2024,1,SE,RGF-Anexo 02,DividaConsolidadaLiquida,DÍVIDA CONSOLIDADA LÍQUIDA (DCL) (III) = (I - II),Até o 1º Quadrimestre,1975249404.12,2211868,Sergipe
2024,2,SE,RGF-Anexo 01,DespesaComPessoalBruta,DESPESA BRUTA COM PESSOAL (I),<MR-11>,515238828.21,2211868,Sergipe
2024,2,SE,RGF-Anexo 01,DespesaComPessoalBruta,DESPESA BRUTA COM PESSOAL (I),<MR-10>,513880832.75,2211868,Sergipe
2024,2,SE,RGF-Anexo 01,DespesaComPessoalBruta,DESPESA BRUTA COM PESSOAL (I),<MR-9>,835842696.79,2211868,Sergipe
2024,2,SE,RGF-Anexo 01,DespesaComPessoalBruta,DESPESA BRUTA COM PESSOAL (I),<MR-8>,571253062.57,2211868,Sergipe
2024,2,SE,RGF-Anexo 01,DespesaComPessoalBruta,DESPESA BRUTA COM PESSOAL (I),<MR-7>,557711492.25,2211868,Sergipe
2024,2,SE,RGF-Anexo 01,DespesaComPessoalBruta,DESPESA BRUTA COM PESSOAL (I),<MR-6>,560447193.38,2211868,Sergipe
2024,2,SE,RGF-Anexo 01,DespesaComPessoalBruta,DESPESA BRUTA COM PESSOAL (I),<MR-5>,519765421.35,2211868,Sergipe
2024,2,SE,RGF-Anexo 01,DespesaComPessoalBruta,DESPESA BRUTA COM PESSOAL (I),<MR-4>,538078496.41,2211868,Sergipe
2024,2,SE,RGF-Anexo 01,DespesaComPessoalBruta,DESPESA BRUTA COM PESSOAL (I),<MR-3>,542330165.04,2211868,Sergipe
2024,2,SE,RGF-Anexo 01,DespesaComPessoalBruta,DESPESA BRUTA COM PESSOAL (I),<MR-2>,556263542.56,2211868,Sergipe
2024,2,SE,RGF-Anexo 01,DespesaComPessoalBruta,DESPESA BRUTA COM PESSOAL (I),<MR-1>,552055375.91,2211868,Sergipe
2024,2,SE,RGF-Anexo 01,DespesaComPessoalBruta,DESPESA BRUTA COM PESSOAL (I),<MR>,579943014.44,2211868,Sergipe
2024,2,SE,RGF-Anexo 01,DespesaComPessoalBruta,DESPESA BRUTA COM PESSOAL (I),TOTAL (ÚLTIMOS 12 MESES) (a),6842810121.66,2211868,Sergipe
2024,2,SE,RGF-Anexo 01,DespesaComPessoalBruta,DESPESA BRUTA COM PESSOAL (I),INSCRITAS EM RESTOS A PAGAR NÃO PROCESSADOS (b),1522986.36,2211868,Sergipe
2024,2,SE,RGF-Anexo 01,DespesaComPessoalAtivoBruta,Pessoal Ativo,<MR-11>,316371592.93,2211868,Sergipe
2024,2,SE,RGF-Anexo 01,DespesaComPessoalAtivoBruta,Pessoal Ativo,<MR-10>,312817001.92,2211868,Sergipe
2024,2,SE,RGF-Anexo 01,DespesaComPessoalAtivoBruta,Pessoal Ativo,<MR-9>,515306522.96,2211868,Sergipe
2024,2,SE,RGF-Anexo 01,DespesaComPessoalAtivoBruta,Pessoal Ativo,<MR-8>,377099805.83,2211868,Sergipe
2024,2,SE,RGF-Anexo 01,DespesaComPessoalAtivoBruta,Pessoal Ativo,<MR-7>,350005790.36,2211868,Sergipe
2024,2,SE,RGF-Anexo 01,DespesaComPessoalAtivoBruta,Pessoal Ativo,<MR-6>,352915968.63,2211868,Sergipe
2024,2,SE,RGF-Anexo 01,DespesaComPessoalAtivoBruta,Pessoal Ativo,<MR-5>,311989540.49,2211868,Sergipe
2024,2,SE,RGF-Anexo 01,DespesaComPessoalAtivoBruta,Pessoal Ativo,<MR-4>,329494249.32,2211868,Sergipe
2024,2,SE,RGF-Anexo 01,DespesaComPessoalAtivoBruta,Pessoal Ativo,<MR-3>,330434455.75,2211868,Sergipe
2024,2,SE,RGF-Anexo 01,DespesaComPessoalAtivoBruta,Pessoal Ativo,<MR-2>,344022717.67,2211868,Sergipe
2024,2,SE,RGF-Anexo 01,DespesaComPessoalAtivoBruta,Pessoal Ativo,<MR-1>,334989196.27,2211868,Sergipe
2024,2,SE,RGF-Anexo 01,DespesaComPessoalAtivoBruta,Pessoal Ativo,<MR>,362884878.57,2211868,Sergipe
2024,2,SE,RGF-Anexo 01,DespesaComPessoalAtivoBruta,Pessoal Ativo,TOTAL (ÚLTIMOS 12 MESES) (a),4238331720.7,2211868,Sergipe
2024,2,SE,RGF-Anexo 01,DespesaComPessoalAtivoBruta,Pessoal Ativo,INSCRITAS EM RESTOS A PAGAR NÃO PROCESSADOS (b),1522986.36,2211868,Sergipe
2024,2,SE,RGF-Anexo 01,DespesaComPessoalInativoEPensionistasBruta,Pessoal Inativo e Pensionistas,<MR-11>,198867235.28,2211868,Sergipe
2024,2,SE,RGF-Anexo 01,DespesaComPessoalInativoEPensionistasBruta,Pessoal Inativo e Pensionistas,<MR-10>,201063830.83,2211868,Sergipe
2024,2,SE,RGF-Anexo 01,DespesaComPessoalInativoEPensionistasBruta,Pessoal Inativo e Pensionistas,<MR-9>,320536173.83,2211868,Sergipe
2024,2,SE,RGF-Anexo 01,DespesaComPessoalInativoEPensionistasBruta,Pessoal Inativo e Pensionistas,<MR-8>,194153256.74,2211868,Sergipe
2024,2,SE,RGF-Anexo 01,DespesaComPessoalInativoEPensionistasBruta,Pessoal Inativo e Pensionistas,<MR-7>,207705701.89,2211868,Sergipe
2024,2,SE,RGF-Anexo 01,DespesaComPessoalInativoEPensionistasBruta,Pessoal Inativo e Pensionistas,<MR-6>,207531224.75,2211868,Sergipe
2024,2,SE,RGF-Anexo 01,DespesaComPessoalInativoEPensionistasBruta,Pessoal Inativo e Pensionistas,<MR-5>,207775880.86,2211868,Sergipe
2024,2,SE,RGF-Anexo 01,DespesaComPessoalInativoEPensionistasBruta,Pessoal Inativo e Pensionistas,<MR-4>,208584247.09,2211868,Sergipe
2024,2,SE,RGF-Anexo 01,DespesaComPessoalInativoEPensionistasBruta,Pessoal Inativo e Pensionistas,<MR-3>,211895709.29,2211868,Sergipe
2024,2,SE,RGF-Anexo 01,DespesaComPessoalInativoEPensionistasBruta,Pessoal Inativo e Pensionistas,<MR-2>,212240824.89,2211868,Sergipe
2024,2,SE,RGF-Anexo 01,DespesaComPessoalInativoEPensionistasBruta,Pessoal Inativo e Pensionistas,<MR-1>,217066179.64,2211868,Sergipe
2024,2,SE,RGF-Anexo 01,DespesaComPessoalInativoEPensionistasBruta,Pessoal Inativo e Pensionistas,<MR>,217058135.87,2211868,Sergipe
2024,2,SE,RGF-Anexo 01,DespesaComPessoalInativoEPensionistasBruta,Pessoal Inativo e Pensionistas,TOTAL (ÚLTIMOS 12 MESES) (a),2604478400.96,2211868,Sergipe
2024,2,SE,RGF-Anexo 01,DespesaComPessoalLiquida,DESPESA LÍQUIDA COM PESSOAL (III) = (I - II),<MR-11>,474059352.97,2211868,Sergipe
2024,2,SE,RGF-Anexo 01,DespesaComPessoalLiquida,DESPESA LÍQUIDA COM PESSOAL (III) = (I - II),<MR-10>,428914703.46,2211868,Sergipe
2024,2,SE,RGF-Anexo 01,DespesaComPessoalLiquida,DESPESA LÍQUIDA COM PESSOAL (III) = (I - II),<MR-9>,740611170.34,2211868,Sergipe
2024,2,SE,RGF-Anexo 01,DespesaComPessoalLiquida,DESPESA LÍQUIDA COM PESSOAL (III) = (I - II),<MR-8>,438485895.15,2211868,Sergipe
2024,2,SE,RGF-Anexo 01,DespesaComPessoalLiquida,DESPESA LÍQUIDA COM PESSOAL (III) = (I - II),<MR-7>,534205109.18,2211868,Sergipe
2024,2,SE,RGF-Anexo 01,DespesaComPessoalLiquida,DESPESA LÍQUIDA COM PESSOAL (III) = (I - II),<MR-6>,466255567.9,2211868,Sergipe
2024,2,SE,RGF-Anexo 01,DespesaComPessoalLiquida,DESPESA LÍQUIDA COM PESSOAL (III) = (I - II),<MR-5>,404249342.47,2211868,Sergipe
2024,2,SE,RGF-Anexo 01,DespesaComPessoalLiquida,DESPESA LÍQUIDA COM PESSOAL (III) = (I - II),<MR-4>,503884942.01,2211868,Sergipe
2024,2,SE,RGF-Anexo 01,DespesaComPessoalLiquida,DESPESA LÍQUIDA COM PESSOAL (III) = (I - II),<MR-3>,484994307.04,2211868,Sergipe
2024,2,SE,RGF-Anexo 01,DespesaComPessoalLiquida,DESPESA LÍQUIDA COM PESSOAL (III) = (I - II),<MR-2>,475696830.04,2211868,Sergipe
2024,2,SE,RGF-Anexo 01,DespesaComPessoalLiquida,DESPESA LÍQUIDA COM PESSOAL (III) = (I - II),<MR-1>,477566203.58,2211868,Sergipe
2024,2,SE,RGF-Anexo 01,DespesaComPessoalLiquida,DESPESA LÍQUIDA COM PESSOAL (III) = (I - II),<MR>,509771048.07,2211868,Sergipe
2024,2,SE,RGF-Anexo 01,DespesaComPessoalLiquida,DESPESA LÍQUIDA COM PESSOAL (III) = (I - II),TOTAL (ÚLTIMOS 12 MESES) (a),5938694472.21,2211868,Sergipe
2024,2,SE,RGF-Anexo 01,DespesaComPessoalLiquida,DESPESA LÍQUIDA COM PESSOAL (III) = (I - II),INSCRITAS EM RESTOS A PAGAR NÃO PROCESSADOS (b),1518304.75,2211868,Sergipe
2024,2,SE,RGF-Anexo 01,ReceitaCorrenteLiquidaLimiteLegal,RECEITA CORRENTE LIQUIDA - RCL (IV),Valor,13859773031.23,2211868,Sergipe
2024,2,SE,RGF-Anexo 01,DespesaComPessoalTotal,DESPESA TOTAL COM PESSOAL - DTP (VI) = (IIIa + IIIb),Valor,5940212776.96,2211868,Sergipe
2024,2,SE,RGF-Anexo 01,DespesaComPessoalTotal,DESPESA TOTAL COM PESSOAL - DTP (VI) = (IIIa + IIIb),% sobre a RCL Ajustada,43.31,2211868,Sergipe
2024,2,SE,RGF-Anexo 02,DividaConsolidada,DÍVIDA CONSOLIDADA - DC (I),SALDO DO EXERCÍCIO ANTERIOR,4987142159.18,2211868,Sergipe
2024,2,SE,RGF-Anexo 02,DividaConsolidada,DÍVIDA CONSOLIDADA - DC (I),Até o 1º Quadrimestre,5051314613.71,2211868,Sergipe
2024,2,SE,RGF-Anexo 02,DividaConsolidada,DÍVIDA CONSOLIDADA - DC (I),Até o 2º Quadrimestre,5107009433.25,2211868,Sergipe
2024,2,SE,RGF-Anexo 02,DividaContratual,Dívida Contratual,SALDO DO EXERCÍCIO ANTERIOR,3498681668.1,2211868,Sergipe
2024,2,SE,RGF-Anexo 02,DividaContratual,Dívida Contratual,Até o 1º Quadrimestre,3563208818.39,2211868,Sergipe
2024,2,SE,RGF-Anexo 02,DividaContratual,Dívida Contratual,Até o 2º Quadrimestre,3619343597.58,2211868,Sergipe
2024,2,SE,RGF-Anexo 02,DividaConsolidadaLiquida,DÍVIDA CONSOLIDADA LÍQUIDA (DCL) (III) = (I - II),SALDO DO EXERCÍCIO ANTERIOR,2884664295.48,2211868,Sergipe
2024,2,SE,RGF-Anexo 02,DividaConsolidadaLiquida,DÍVIDA CONSOLIDADA LÍQUIDA (DCL) (III) = (I - II),Até o 1º Quadrimestre,1975249404.12,2211868,Sergipe
2024,2,SE,RGF-Anexo 02,DividaConsolidadaLiquida,DÍVIDA CONSOLIDADA LÍQUIDA (DCL) (III) = (I - II),Até o 2º Quadrimestre,2005967892.42,2211868,Sergipe
2024,3,SE,RGF-Anexo 01,DespesaComPessoalBruta,DESPESA BRUTA COM PESSOAL (I),<MR-11>,557711492.25,2211868,Sergipe
2024,3,SE,RGF-Anexo 01,DespesaComPessoalBruta,DESPESA BRUTA COM PESSOAL (I),<MR-10>,560447193.38,2211868,Sergipe
2024,3,SE,RGF-Anexo 01,DespesaComPessoalBruta,DESPESA BRUTA COM PESSOAL (I),<MR-9>,519765421.35,2211868,Sergipe
2024,3,SE,RGF-Anexo 01,DespesaComPessoalBruta,DESPESA BRUTA COM PESSOAL (I),<MR-8>,538078496.41,2211868,Sergipe
2024,3,SE,RGF-Anexo 01,DespesaComPessoalBruta,DESPESA BRUTA COM PESSOAL (I),<MR-7>,542330165.04,2211868,Sergipe
2024,3,SE,RGF-Anexo 01,DespesaComPessoalBruta,DESPESA BRUTA COM PESSOAL (I),<MR-6>,556263542.56,2211868,Sergipe
2024,3,SE,RGF-Anexo 01,DespesaComPessoalBruta,DESPESA BRUTA COM PESSOAL (I),<MR-5>,552055375.91,2211868,Sergipe
2024,3,SE,RGF-Anexo 01,DespesaComPessoalBruta,DESPESA BRUTA COM PESSOAL (I),<MR-4>,579943014.44,2211868,Sergipe
2024,3,SE,RGF-Anexo 01,DespesaComPessoalBruta,DESPESA BRUTA COM PESSOAL (I),<MR-3>,577215051.56,2211868,Sergipe
2024,3,SE,RGF-Anexo 01,DespesaComPessoalBruta,DESPESA BRUTA COM PESSOAL (I),<MR-2>,624142099.28,2211868,Sergipe
2024,3,SE,RGF-Anexo 01,DespesaComPessoalBruta,DESPESA BRUTA COM PESSOAL (I),<MR-1>,562052369.46,2211868,Sergipe
2024,3,SE,RGF-Anexo 01,DespesaComPessoalBruta,DESPESA BRUTA COM PESSOAL (I),<MR>,939736876.62,2211868,Sergipe
2024,3,SE,RGF-Anexo 01,DespesaComPessoalBruta,DESPESA BRUTA COM PESSOAL (I),TOTAL (ÚLTIMOS 12 MESES) (a),7109741098.26,2211868,Sergipe
2024,3,SE,RGF-Anexo 01,DespesaComPessoalBruta,DESPESA BRUTA COM PESSOAL (I),INSCRITAS EM RESTOS A PAGAR NÃO PROCESSADOS (b),1591885.26,2211868,Sergipe
2024,3,SE,RGF-Anexo 01,DespesaComPessoalAtivoBruta,Pessoal Ativo,<MR-11>,350005790.36,2211868,Sergipe
2024,3,SE,RGF-Anexo 01,DespesaComPessoalAtivoBruta,Pessoal Ativo,<MR-10>,352915968.63,2211868,Sergipe
2024,3,SE,RGF-Anexo 01,DespesaComPessoalAtivoBruta,Pessoal Ativo,<MR-9>,311989540.49,2211868,Sergipe
2024,3,SE,RGF-Anexo 01,DespesaComPessoalAtivoBruta,Pessoal Ativo,<MR-8>,329494249.32,2211868,Sergipe
2024,3,SE,RGF-Anexo 01,DespesaComPessoalAtivoBruta,Pessoal Ativo,<MR-7>,330434455.75,2211868,Sergipe
2024,3,SE,RGF-Anexo 01,DespesaComPessoalAtivoBruta,Pessoal Ativo,<MR-6>,344022717.67,2211868,Sergipe
2024,3,SE,RGF-Anexo 01,DespesaComPessoalAtivoBruta,Pessoal Ativo,<MR-5>,334989196.27,2211868,Sergipe
2024,3,SE,RGF-Anexo 01,DespesaComPessoalAtivoBruta,Pessoal Ativo,<MR-4>,362884878.57,2211868,Sergipe
2024,3,SE,RGF-Anexo 01,DespesaComPessoalAtivoBruta,Pessoal Ativo,<MR-3>,360583918.52,2211868,Sergipe
2024,3,SE,RGF-Anexo 01,DespesaComPessoalAtivoBruta,Pessoal Ativo,<MR-2>,406688169.18,2211868,Sergipe
2024,3,SE,RGF-Anexo 01,DespesaComPessoalAtivoBruta,Pessoal Ativo,<MR-1>,344671605.17,2211868,Sergipe
2024,3,SE,RGF-Anexo 01,DespesaComPessoalAtivoBruta,Pessoal Ativo,<MR>,597952301.28,2211868,Sergipe
2024,3,SE,RGF-Anexo 01,DespesaComPessoalAtivoBruta,Pessoal Ativo,TOTAL (ÚLTIMOS 12 MESES) (a),4426632791.21,2211868,Sergipe
2024,3,SE,RGF-Anexo 01,DespesaComPessoalAtivoBruta,Pessoal Ativo,INSCRITAS EM RESTOS A PAGAR NÃO PROCESSADOS (b),1591885.26,2211868,Sergipe
2024,3,SE,RGF-Anexo 01,DespesaComPessoalInativoEPensionistasBruta,Pessoal Inativo e Pensionistas,<MR-11>,207705701.89,2211868,Sergipe
2024,3,SE,RGF-Anexo 01,DespesaComPessoalInativoEPensionistasBruta,Pessoal Inativo e Pensionistas,<MR-10>,207531224.75,2211868,Sergipe
2024,3,SE,RGF-Anexo 01,DespesaComPessoalInativoEPensionistasBruta,Pessoal Inativo e Pensionistas,<MR-9>,207775880.86,2211868,Sergipe
2024,3,SE,RGF-Anexo 01,DespesaComPessoalInativoEPensionistasBruta,Pessoal Inativo e Pensionistas,<MR-8>,208584247.09,2211868,Sergipe
2024,3,SE,RGF-Anexo 01,DespesaComPessoalInativoEPensionistasBruta,Pessoal Inativo e Pensionistas,<MR-7>,211895709.29,2211868,Sergipe
2024,3,SE,RGF-Anexo 01,DespesaComPessoalInativoEPensionistasBruta,Pessoal Inativo e Pensionistas,<MR-6>,212240824.89,2211868,Sergipe
2024,3,SE,RGF-Anexo 01,DespesaComPessoalInativoEPensionistasBruta,Pessoal Inativo e Pensionistas,<MR-5>,217066179.64,2211868,Sergipe
2024,3,SE,RGF-Anexo 01,DespesaComPessoalInativoEPensionistasBruta,Pessoal Inativo e Pensionistas,<MR-4>,217058135.87,2211868,Sergipe
2024,3,SE,RGF-Anexo 01,DespesaComPessoalInativoEPensionistasBruta,Pessoal Inativo e Pensionistas,<MR-3>,216631133.04,2211868,Sergipe
2024,3,SE,RGF-Anexo 01,DespesaComPessoalInativoEPensionistasBruta,Pessoal Inativo e Pensionistas,<MR-2>,217453930.1,2211868,Sergipe
2024,3,SE,RGF-Anexo 01,DespesaComPessoalInativoEPensionistasBruta,Pessoal Inativo e Pensionistas,<MR-1>,217380764.29,2211868,Sergipe
2024,3,SE,RGF-Anexo 01,DespesaComPessoalInativoEPensionistasBruta,Pessoal Inativo e Pensionistas,<MR>,341784575.34,2211868,Sergipe
2024,3,SE,RGF-Anexo 01,DespesaComPessoalInativoEPensionistasBruta,Pessoal Inativo e Pensionistas,TOTAL (ÚLTIMOS 12 MESES) (a),2683108307.05,2211868,Sergipe
2024,3,SE,RGF-Anexo 01,DespesaComPessoalLiquida,DESPESA LÍQUIDA COM PESSOAL (III) = (I - II),<MR-11>,534205109.18,2211868,Sergipe
2024,3,SE,RGF-Anexo 01,DespesaComPessoalLiquida,DESPESA LÍQUIDA COM PESSOAL (III) = (I - II),<MR-10>,466255567.9,2211868,Sergipe
2024,3,SE,RGF-Anexo 01,DespesaComPessoalLiquida,DESPESA LÍQUIDA COM PESSOAL (III) = (I - II),<MR-9>,404249342.47,2211868,Sergipe
2024,3,SE,RGF-Anexo 01,DespesaComPessoalLiquida,DESPESA LÍQUIDA COM PESSOAL (III) = (I - II),<MR-8>,503884942.01,2211868,Sergipe
2024,3,SE,RGF-Anexo 01,DespesaComPessoalLiquida,DESPESA LÍQUIDA COM PESSOAL (III) = (I - II),<MR-7>,484994307.04,2211868,Sergipe
2024,3,SE,RGF-Anexo 01,DespesaComPessoalLiquida,DESPESA LÍQUIDA COM PESSOAL (III) = (I - II),<MR-6>,475696830.04,2211868,Sergipe
2024,3,SE,RGF-Anexo 01,DespesaComPessoalLiquida,DESPESA LÍQUIDA COM PESSOAL (III) = (I - II),<MR-5>,477566203.58,2211868,Sergipe
2024,3,SE,RGF-Anexo 01,DespesaComPessoalLiquida,DESPESA LÍQUIDA COM PESSOAL (III) = (I - II),<MR-4>,509771048.07,2211868,Sergipe
2024,3,SE,RGF-Anexo 01,DespesaComPessoalLiquida,DESPESA LÍQUIDA COM PESSOAL (III) = (I - II),<MR-3>,498730497.93,2211868,Sergipe
2024,3,SE,RGF-Anexo 01,DespesaComPessoalLiquida,DESPESA LÍQUIDA COM PESSOAL (III) = (I - II),<MR-2>,493868895.6,2211868,Sergipe
2024,3,SE,RGF-Anexo 01,DespesaComPessoalLiquida,DESPESA LÍQUIDA COM PESSOAL (III) = (I - II),<MR-1>,484418793.18,2211868,Sergipe
2024,3,SE,RGF-Anexo 01,DespesaComPessoalLiquida,DESPESA LÍQUIDA COM PESSOAL (III) = (I - II),<MR>,788870463.93,2211868,Sergipe
2024,3,SE,RGF-Anexo 01,DespesaComPessoalLiquida,DESPESA LÍQUIDA COM PESSOAL (III) = (I - II),TOTAL (ÚLTIMOS 12 MESES) (a),6122512000.93,2211868,Sergipe
2024,3,SE,RGF-Anexo 01,DespesaComPessoalLiquida,DESPESA LÍQUIDA COM PESSOAL (III) = (I - II),INSCRITAS EM RESTOS A PAGAR NÃO PROCESSADOS (b),1516435.16,2211868,Sergipe
2024,3,SE,RGF-Anexo 01,ReceitaCorrenteLiquidaLimiteLegal,RECEITA CORRENTE LIQUIDA - RCL (IV),Valor,15308466568.23,2211868,Sergipe
2024,3,SE,RGF-Anexo 01,DespesaComPessoalTotal,DESPESA TOTAL COM PESSOAL - DTP (VI) = (IIIa + IIIb),Valor,6124028436.09,2211868,Sergipe
2024,3,SE,RGF-Anexo 01,DespesaComPessoalTotal,DESPESA TOTAL COM PESSOAL - DTP (VI) = (IIIa + IIIb),% sobre a RCL Ajustada,40.37,2211868,Sergipe
2024,3,SE,RGF-Anexo 02,DividaConsolidada,DÍVIDA CONSOLIDADA - DC (I),SALDO DO EXERCÍCIO ANTERIOR,4987142159.18,2211868,Sergipe
2024,3,SE,RGF-Anexo 02,DividaConsolidada,DÍVIDA CONSOLIDADA - DC (I),Até o 1º Quadrimestre,5051314613.71,2211868,Sergipe
2024,3,SE,RGF-Anexo 02,DividaConsolidada,DÍVIDA CONSOLIDADA - DC (I),Até o 2º Quadrimestre,5107009433.25,2211868,Sergipe
2024,3,SE,RGF-Anexo 02,DividaConsolidada,DÍVIDA CONSOLIDADA - DC (I),Até o 3º Quadrimestre,5289302653.36,2211868,Sergipe
2024,3,SE,RGF-Anexo 02,DividaContratual,Dívida Contratual,SALDO DO EXERCÍCIO ANTERIOR,3498681668.1,2211868,Sergipe
2024,3,SE,RGF-Anexo 02,DividaContratual,Dívida Contratual,Até o 1º Quadrimestre,3563208818.39,2211868,Sergipe
2024,3,SE,RGF-Anexo 02,DividaContratual,Dívida Contratual,Até o 2º Quadrimestre,3619343597.58,2211868,Sergipe
2024,3,SE,RGF-Anexo 02,DividaContratual,Dívida Contratual,Até o 3º Quadrimestre,3752942651.15,2211868,Sergipe
2024,3,SE,RGF-Anexo 02,DividaConsolidadaLiquida,DÍVIDA CONSOLIDADA LÍQUIDA (DCL) (III) = (I - II),SALDO DO EXERCÍCIO ANTERIOR,2884664295.48,2211868,Sergipe
2024,3,SE,RGF-Anexo 02,DividaConsolidadaLiquida,DÍVIDA CONSOLIDADA LÍQUIDA (DCL) (III) = (I - II),Até o 1º Quadrimestre,1975249404.12,2211868,Sergipe
2024,3,SE,RGF-Anexo 02,DividaConsolidadaLiquida,DÍVIDA CONSOLIDADA LÍQUIDA (DCL) (III) = (I - II),Até o 2º Quadrimestre,2005967892.42,2211868,Sergipe
2024,3,SE,RGF-Anexo 02,DividaConsolidadaLiquida,DÍVIDA CONSOLIDADA LÍQUIDA (DCL) (III) = (I - II),Até o 3º Quadrimestre,1764039149.17,2211868,Sergipe
2025,1,SE,RGF-Anexo 01,DespesaComPessoalBruta,DESPESA BRUTA COM PESSOAL (I),<MR-11>,542330165.04,2211868,Sergipe
2025,1,SE,RGF-Anexo 01,DespesaComPessoalBruta,DESPESA BRUTA COM PESSOAL (I),<MR-10>,556263542.56,2211868,Sergipe
2025,1,SE,RGF-Anexo 01,DespesaComPessoalBruta,DESPESA BRUTA COM PESSOAL (I),<MR-9>,552055375.91,2211868,Sergipe
2025,1,SE,RGF-Anexo 01,DespesaComPessoalBruta,DESPESA BRUTA COM PESSOAL (I),<MR-8>,579943014.44,2211868,Sergipe
2025,1,SE,RGF-Anexo 01,DespesaComPessoalBruta,DESPESA BRUTA COM PESSOAL (I),<MR-7>,577215051.56,2211868,Sergipe
2025,1,SE,RGF-Anexo 01,DespesaComPessoalBruta,DESPESA BRUTA COM PESSOAL (I),<MR-6>,624142099.28,2211868,Sergipe
2025,1,SE,RGF-Anexo 01,DespesaComPessoalBruta,DESPESA BRUTA COM PESSOAL (I),<MR-5>,562052369.46,2211868,Sergipe
2025,1,SE,RGF-Anexo 01,DespesaComPessoalBruta,DESPESA BRUTA COM PESSOAL (I),<MR-4>,939736876.62,2211868,Sergipe
2025,1,SE,RGF-Anexo 01,DespesaComPessoalBruta,DESPESA BRUTA COM PESSOAL (I),<MR-3>,602883822.14,2211868,Sergipe
2025,1,SE,RGF-Anexo 01,DespesaComPessoalBruta,DESPESA BRUTA COM PESSOAL (I),<MR-2>,586860591.81,2211868,Sergipe
2025,1,SE,RGF-Anexo 01,DespesaComPessoalBruta,DESPESA BRUTA COM PESSOAL (I),<MR-1>,596263227.21,2211868,Sergipe
2025,1,SE,RGF-Anexo 01,DespesaComPessoalBruta,DESPESA BRUTA COM PESSOAL (I),<MR>,600629153.91,2211868,Sergipe
2025,1,SE,RGF-Anexo 01,DespesaComPessoalBruta,DESPESA BRUTA COM PESSOAL (I),TOTAL (ÚLTIMOS 12 MESES) (a),7320375289.94,2211868,Sergipe
2025,1,SE,RGF-Anexo 01,DespesaComPessoalBruta,DESPESA BRUTA COM PESSOAL (I),INSCRITAS EM RESTOS A PAGAR NÃO PROCESSADOS (b),1591885.26,2211868,Sergipe
2025,1,SE,RGF-Anexo 01,DespesaComPessoalAtivoBruta,Pessoal Ativo,<MR-11>,330434455.75,2211868,Sergipe
2025,1,SE,RGF-Anexo 01,DespesaComPessoalAtivoBruta,Pessoal Ativo,<MR-10>,344022717.67,2211868,Sergipe
2025,1,SE,RGF-Anexo 01,DespesaComPessoalAtivoBruta,Pessoal Ativo,<MR-9>,334989196.27,2211868,Sergipe
2025,1,SE,RGF-Anexo 01,DespesaComPessoalAtivoBruta,Pessoal Ativo,<MR-8>,362884878.57,2211868,Sergipe
2025,1,SE,RGF-Anexo 01,DespesaComPessoalAtivoBruta,Pessoal Ativo,<MR-7>,360583918.52,2211868,Sergipe
2025,1,SE,RGF-Anexo 01,DespesaComPessoalAtivoBruta,Pessoal Ativo,<MR-6>,406688169.18,2211868,Sergipe
2025,1,SE,RGF-Anexo 01,DespesaComPessoalAtivoBruta,Pessoal Ativo,<MR-5>,344671605.17,2211868,Sergipe
2025,1,SE,RGF-Anexo 01,DespesaComPessoalAtivoBruta,Pessoal Ativo,<MR-4>,597952301.28,2211868,Sergipe
2025,1,SE,RGF-Anexo 01,DespesaComPessoalAtivoBruta,Pessoal Ativo,<MR-3>,379478791.04,2211868,Sergipe
2025,1,SE,RGF-Anexo 01,DespesaComPessoalAtivoBruta,Pessoal Ativo,<MR-2>,364217897.27,2211868,Sergipe
2025,1,SE,RGF-Anexo 01,DespesaComPessoalAtivoBruta,Pessoal Ativo,<MR-1>,372931143.25,2211868,Sergipe
2025,1,SE,RGF-Anexo 01,DespesaComPessoalAtivoBruta,Pessoal Ativo,<MR>,376655242.38,2211868,Sergipe
2025,1,SE,RGF-Anexo 01,DespesaComPessoalAtivoBruta,Pessoal Ativo,TOTAL (ÚLTIMOS 12 MESES) (a),4575510316.35,2211868,Sergipe
2025,1,SE,RGF-Anexo 01,DespesaComPessoalAtivoBruta,Pessoal Ativo,INSCRITAS EM RESTOS A PAGAR NÃO PROCESSADOS (b),1591885.26,2211868,Sergipe
2025,1,SE,RGF-Anexo 01,DespesaComPessoalInativoEPensionistasBruta,Pessoal Inativo e Pensionistas,<MR-11>,211895709.29,2211868,Sergipe
2025,1,SE,RGF-Anexo 01,DespesaComPessoalInativoEPensionistasBruta,Pessoal Inativo e Pensionistas,<MR-10>,212240824.89,2211868,Sergipe
2025,1,SE,RGF-Anexo 01,DespesaComPessoalInativoEPensionistasBruta,Pessoal Inativo e Pensionistas,<MR-9>,217066179.64,2211868,Sergipe
2025,1,SE,RGF-Anexo 01,DespesaComPessoalInativoEPensionistasBruta,Pessoal Inativo e Pensionistas,<MR-8>,217058135.87,2211868,Sergipe
2025,1,SE,RGF-Anexo 01,DespesaComPessoalInativoEPensionistasBruta,Pessoal Inativo e Pensionistas,<MR-7>,216631133.04,2211868,Sergipe
2025,1,SE,RGF-Anexo 01,DespesaComPessoalInativoEPensionistasBruta,Pessoal Inativo e Pensionistas,<MR-6>,217453930.1,2211868,Sergipe
2025,1,SE,RGF-Anexo 01,DespesaComPessoalInativoEPensionistasBruta,Pessoal Inativo e Pensionistas,<MR-5>,217380764.29,2211868,Sergipe
2025,1,SE,RGF-Anexo 01,DespesaComPessoalInativoEPensionistasBruta,Pessoal Inativo e Pensionistas,<MR-4>,341784575.34,2211868,Sergipe
2025,1,SE,RGF-Anexo 01,DespesaComPessoalInativoEPensionistasBruta,Pessoal Inativo e Pensionistas,<MR-3>,223405031.1,2211868,Sergipe
2025,1,SE,RGF-Anexo 01,DespesaComPessoalInativoEPensionistasBruta,Pessoal Inativo e Pensionistas,<MR-2>,222642694.54,2211868,Sergipe
2025,1,SE,RGF-Anexo 01,DespesaComPessoalInativoEPensionistasBruta,Pessoal Inativo e Pensionistas,<MR-1>,223332083.96,2211868,Sergipe
2025,1,SE,RGF-Anexo 01,DespesaComPessoalInativoEPensionistasBruta,Pessoal Inativo e Pensionistas,<MR>,223973911.53,2211868,Sergipe
2025,1,SE,RGF-Anexo 01,DespesaComPessoalInativoEPensionistasBruta,Pessoal Inativo e Pensionistas,TOTAL (ÚLTIMOS 12 MESES) (a),2744864973.59,2211868,Sergipe
2025,1,SE,RGF-Anexo 01,DespesaComPessoalLiquida,DESPESA LÍQUIDA COM PESSOAL (III) = (I - II),<MR-11>,484994307.04,2211868,Sergipe
2025,1,SE,RGF-Anexo 01,DespesaComPessoalLiquida,DESPESA LÍQUIDA COM PESSOAL (III) = (I - II),<MR-10>,475696830.04,2211868,Sergipe
2025,1,SE,RGF-Anexo 01,DespesaComPessoalLiquida,DESPESA LÍQUIDA COM PESSOAL (III) = (I - II),<MR-9>,477566203.58,2211868,Sergipe
2025,1,SE,RGF-Anexo 01,DespesaComPessoalLiquida,DESPESA LÍQUIDA COM PESSOAL (III) = (I - II),<MR-8>,509771048.07,2211868,Sergipe
2025,1,SE,RGF-Anexo 01,DespesaComPessoalLiquida,DESPESA LÍQUIDA COM PESSOAL (III) = (I - II),<MR-7>,498730497.93,2211868,Sergipe
2025,1,SE,RGF-Anexo 01,DespesaComPessoalLiquida,DESPESA LÍQUIDA COM PESSOAL (III) = (I - II),<MR-6>,493868895.6,2211868,Sergipe
2025,1,SE,RGF-Anexo 01,DespesaComPessoalLiquida,DESPESA LÍQUIDA COM PESSOAL (III) = (I - II),<MR-5>,484418793.18,2211868,Sergipe
2025,1,SE,RGF-Anexo 01,DespesaComPessoalLiquida,DESPESA LÍQUIDA COM PESSOAL (III) = (I - II),<MR-4>,788870463.93,2211868,Sergipe
2025,1,SE,RGF-Anexo 01,DespesaComPessoalLiquida,DESPESA LÍQUIDA COM PESSOAL (III) = (I - II),<MR-3>,547608937.75,2211868,Sergipe
2025,1,SE,RGF-Anexo 01,DespesaComPessoalLiquida,DESPESA LÍQUIDA COM PESSOAL (III) = (I - II),<MR-2>,497076355.6,2211868,Sergipe
2025,1,SE,RGF-Anexo 01,DespesaComPessoalLiquida,DESPESA LÍQUIDA COM PESSOAL (III) = (I - II),<MR-1>,517835831.78,2211868,Sergipe
2025,1,SE,RGF-Anexo 01,DespesaComPessoalLiquida,DESPESA LÍQUIDA COM PESSOAL (III) = (I - II),<MR>,521409616.14,2211868,Sergipe
2025,1,SE,RGF-Anexo 01,DespesaComPessoalLiquida,DESPESA LÍQUIDA COM PESSOAL (III) = (I - II),TOTAL (ÚLTIMOS 12 MESES) (a),6297847780.64,2211868,Sergipe
2025,1,SE,RGF-Anexo 01,DespesaComPessoalLiquida,DESPESA LÍQUIDA COM PESSOAL (III) = (I - II),INSCRITAS EM RESTOS A PAGAR NÃO PROCESSADOS (b),1570962.41,2211868,Sergipe
2025,1,SE,RGF-Anexo 01,ReceitaCorrenteLiquidaLimiteLegal,RECEITA CORRENTE LIQUIDA - RCL (IV),Valor,15938920048.45,2211868,Sergipe
2025,1,SE,RGF-Anexo 01,DespesaComPessoalTotal,DESPESA TOTAL COM PESSOAL - DTP (VI) = (IIIa + IIIb),Valor,6299418743.05,2211868,Sergipe
2025,1,SE,RGF-Anexo 01,DespesaComPessoalTotal,DESPESA TOTAL COM PESSOAL - DTP (VI) = (IIIa + IIIb),% sobre a RCL Ajustada,39.84,2211868,Sergipe
2025,1,SE,RGF-Anexo 02,DividaConsolidada,DÍVIDA CONSOLIDADA - DC (I),SALDO DO EXERCÍCIO ANTERIOR,5289302653.36,2211868,Sergipe
2025,1,SE,RGF-Anexo 02,DividaConsolidada,DÍVIDA CONSOLIDADA - DC (I),Até o 1º Quadrimestre,5408905400.04,2211868,Sergipe
2025,1,SE,RGF-Anexo 02,DividaContratual,Dívida Contratual,SALDO DO EXERCÍCIO ANTERIOR,3752942651.15,2211868,Sergipe
2025,1,SE,RGF-Anexo 02,DividaContratual,Dívida Contratual,Até o 1º Quadrimestre,4002953953.67,2211868,Sergipe
2025,1,SE,RGF-Anexo 02,DividaConsolidadaLiquida,DÍVIDA CONSOLIDADA LÍQUIDA (DCL) (III) = (I - II),SALDO DO EXERCÍCIO ANTERIOR,1764039149.17,2211868,Sergipe
2025,1,SE,RGF-Anexo 02,DividaConsolidadaLiquida,DÍVIDA CONSOLIDADA LÍQUIDA (DCL) (III) = (I - II),Até o 1º Quadrimestre,721566368.13,2211868,Sergipe
2025,2,SE,RGF-Anexo 01,DespesaComPessoalBruta,DESPESA BRUTA COM PESSOAL (I),<MR-11>,577215051.56,2211868,Sergipe
2025,2,SE,RGF-Anexo 01,DespesaComPessoalBruta,DESPESA BRUTA COM PESSOAL (I),<MR-10>,624142099.28,2211868,Sergipe
2025,2,SE,RGF-Anexo 01,DespesaComPessoalBruta,DESPESA BRUTA COM PESSOAL (I),<MR-9>,562052369.46,2211868,Sergipe
2025,2,SE,RGF-Anexo 01,DespesaComPessoalBruta,DESPESA BRUTA COM PESSOAL (I),<MR-8>,939736876.62,2211868,Sergipe
2025,2,SE,RGF-Anexo 01,DespesaComPessoalBruta,DESPESA BRUTA COM PESSOAL (I),<MR-7>,602883822.14,2211868,Sergipe
2025,2,SE,RGF-Anexo 01,DespesaComPessoalBruta,DESPESA BRUTA COM PESSOAL (I),<MR-6>,586860591.81,2211868,Sergipe
2025,2,SE,RGF-Anexo 01,DespesaComPessoalBruta,DESPESA BRUTA COM PESSOAL (I),<MR-5>,596263227.21,2211868,Sergipe
2025,2,SE,RGF-Anexo 01,DespesaComPessoalBruta,DESPESA BRUTA COM PESSOAL (I),<MR-4>,600629153.91,2211868,Sergipe
2025,2,SE,RGF-Anexo 01,DespesaComPessoalBruta,DESPESA BRUTA COM PESSOAL (I),<MR-3>,593673452.87,2211868,Sergipe
2025,2,SE,RGF-Anexo 01,DespesaComPessoalBruta,DESPESA BRUTA COM PESSOAL (I),<MR-2>,613651123.19,2211868,Sergipe
2025,2,SE,RGF-Anexo 01,DespesaComPessoalBruta,DESPESA BRUTA COM PESSOAL (I),<MR-1>,613988712.06,2211868,Sergipe
2025,2,SE,RGF-Anexo 01,DespesaComPessoalBruta,DESPESA BRUTA COM PESSOAL (I),<MR>,622333138.6,2211868,Sergipe
2025,2,SE,RGF-Anexo 01,DespesaComPessoalBruta,DESPESA BRUTA COM PESSOAL (I),TOTAL (ÚLTIMOS 12 MESES) (a),7533429618.71,2211868,Sergipe
2025,2,SE,RGF-Anexo 01,DespesaComPessoalBruta,DESPESA BRUTA COM PESSOAL (I),INSCRITAS EM RESTOS A PAGAR NÃO PROCESSADOS (b),1591885.26,2211868,Sergipe
2025,2,SE,RGF-Anexo 01,DespesaComPessoalAtivoBruta,Pessoal Ativo,<MR-11>,360583918.52,2211868,Sergipe
2025,2,SE,RGF-Anexo 01,DespesaComPessoalAtivoBruta,Pessoal Ativo,<MR-10>,406688169.18,2211868,Sergipe
2025,2,SE,RGF-Anexo 01,DespesaComPessoalAtivoBruta,Pessoal Ativo,<MR-9>,344671605.17,2211868,Sergipe
2025,2,SE,RGF-Anexo 01,DespesaComPessoalAtivoBruta,Pessoal Ativo,<MR-8>,597952301.28,2211868,Sergipe
2025,2,SE,RGF-Anexo 01,DespesaComPessoalAtivoBruta,Pessoal Ativo,<MR-7>,379478791.04,2211868,Sergipe
2025,2,SE,RGF-Anexo 01,DespesaComPessoalAtivoBruta,Pessoal Ativo,<MR-6>,364217897.27,2211868,Sergipe
2025,2,SE,RGF-Anexo 01,DespesaComPessoalAtivoBruta,Pessoal Ativo,<MR-5>,372931143.25,2211868,Sergipe
2025,2,SE,RGF-Anexo 01,DespesaComPessoalAtivoBruta,Pessoal Ativo,<MR-4>,376655242.38,2211868,Sergipe
2025,2,SE,RGF-Anexo 01,DespesaComPessoalAtivoBruta,Pessoal Ativo,<MR-3>,369205406.82,2211868,Sergipe
2025,2,SE,RGF-Anexo 01,DespesaComPessoalAtivoBruta,Pessoal Ativo,<MR-2>,388213664.86,2211868,Sergipe
2025,2,SE,RGF-Anexo 01,DespesaComPessoalAtivoBruta,Pessoal Ativo,<MR-1>,387260185.73,2211868,Sergipe
2025,2,SE,RGF-Anexo 01,DespesaComPessoalAtivoBruta,Pessoal Ativo,<MR>,388837848.65,2211868,Sergipe
2025,2,SE,RGF-Anexo 01,DespesaComPessoalAtivoBruta,Pessoal Ativo,TOTAL (ÚLTIMOS 12 MESES) (a),4736696174.15,2211868,Sergipe
2025,2,SE,RGF-Anexo 01,DespesaComPessoalAtivoBruta,Pessoal Ativo,INSCRITAS EM RESTOS A PAGAR NÃO PROCESSADOS (b),1591885.26,2211868,Sergipe
2025,2,SE,RGF-Anexo 01,DespesaComPessoalInativoEPensionistasBruta,Pessoal Inativo e Pensionistas,<MR-11>,216631133.04,2211868,Sergipe
2025,2,SE,RGF-Anexo 01,DespesaComPessoalInativoEPensionistasBruta,Pessoal Inativo e Pensionistas,<MR-10>,217453930.1,2211868,Sergipe
2025,2,SE,RGF-Anexo 01,DespesaComPessoalInativoEPensionistasBruta,Pessoal Inativo e Pensionistas,<MR-9>,217380764.29,2211868,Sergipe
2025,2,SE,RGF-Anexo 01,DespesaComPessoalInativoEPensionistasBruta,Pessoal Inativo e Pensionistas,<MR-8>,341784575.34,2211868,Sergipe
2025,2,SE,RGF-Anexo 01,DespesaComPessoalInativoEPensionistasBruta,Pessoal Inativo e Pensionistas,<MR-7>,223405031.1,2211868,Sergipe
2025,2,SE,RGF-Anexo 01,DespesaComPessoalInativoEPensionistasBruta,Pessoal Inativo e Pensionistas,<MR-6>,222642694.54,2211868,Sergipe
2025,2,SE,RGF-Anexo 01,DespesaComPessoalInativoEPensionistasBruta,Pessoal Inativo e Pensionistas,<MR-5>,223332083.96,2211868,Sergipe
2025,2,SE,RGF-Anexo 01,DespesaComPessoalInativoEPensionistasBruta,Pessoal Inativo e Pensionistas,<MR-4>,223973911.53,2211868,Sergipe
2025,2,SE,RGF-Anexo 01,DespesaComPessoalInativoEPensionistasBruta,Pessoal Inativo e Pensionistas,<MR-3>,224468046.05,2211868,Sergipe
2025,2,SE,RGF-Anexo 01,DespesaComPessoalInativoEPensionistasBruta,Pessoal Inativo e Pensionistas,<MR-2>,225437458.33,2211868,Sergipe
2025,2,SE,RGF-Anexo 01,DespesaComPessoalInativoEPensionistasBruta,Pessoal Inativo e Pensionistas,<MR-1>,226728526.33,2211868,Sergipe
2025,2,SE,RGF-Anexo 01,DespesaComPessoalInativoEPensionistasBruta,Pessoal Inativo e Pensionistas,<MR>,233495289.95,2211868,Sergipe
2025,2,SE,RGF-Anexo 01,DespesaComPessoalInativoEPensionistasBruta,Pessoal Inativo e Pensionistas,TOTAL (ÚLTIMOS 12 MESES) (a),2796733444.56,2211868,Sergipe
2025,2,SE,RGF-Anexo 01,DespesaComPessoalLiquida,DESPESA LÍQUIDA COM PESSOAL (III) = (I - II),<MR-11>,498730497.93,2211868,Sergipe
2025,2,SE,RGF-Anexo 01,DespesaComPessoalLiquida,DESPESA LÍQUIDA COM PESSOAL (III) = (I - II),<MR-10>,493868895.6,2211868,Sergipe
2025,2,SE,RGF-Anexo 01,DespesaComPessoalLiquida,DESPESA LÍQUIDA COM PESSOAL (III) = (I - II),<MR-9>,484418793.18,2211868,Sergipe
2025,2,SE,RGF-Anexo 01,DespesaComPessoalLiquida,DESPESA LÍQUIDA COM PESSOAL (III) = (I - II),<MR-8>,788870463.93,2211868,Sergipe
2025,2,SE,RGF-Anexo 01,DespesaComPessoalLiquida,DESPESA LÍQUIDA COM PESSOAL (III) = (I - II),<MR-7>,547608937.75,2211868,Sergipe
2025,2,SE,RGF-Anexo 01,DespesaComPessoalLiquida,DESPESA LÍQUIDA COM PESSOAL (III) = (I - II),<MR-6>,497076355.6,2211868,Sergipe
2025,2,SE,RGF-Anexo 01,DespesaComPessoalLiquida,DESPESA LÍQUIDA COM PESSOAL (III) = (I - II),<MR-5>,517835831.78,2211868,Sergipe
2025,2,SE,RGF-Anexo 01,DespesaComPessoalLiquida,DESPESA LÍQUIDA COM PESSOAL (III) = (I - II),<MR-4>,521409616.14,2211868,Sergipe
2025,2,SE,RGF-Anexo 01,DespesaComPessoalLiquida,DESPESA LÍQUIDA COM PESSOAL (III) = (I - II),<MR-3>,516469296.41,2211868,Sergipe
2025,2,SE,RGF-Anexo 01,DespesaComPessoalLiquida,DESPESA LÍQUIDA COM PESSOAL (III) = (I - II),<MR-2>,534245161.45,2211868,Sergipe
2025,2,SE,RGF-Anexo 01,DespesaComPessoalLiquida,DESPESA LÍQUIDA COM PESSOAL (III) = (I - II),<MR-1>,536505031.72,2211868,Sergipe
2025,2,SE,RGF-Anexo 01,DespesaComPessoalLiquida,DESPESA LÍQUIDA COM PESSOAL (III) = (I - II),<MR>,535731300.97,2211868,Sergipe
2025,2,SE,RGF-Anexo 01,DespesaComPessoalLiquida,DESPESA LÍQUIDA COM PESSOAL (III) = (I - II),TOTAL (ÚLTIMOS 12 MESES) (a),6472770182.46,2211868,Sergipe
2025,2,SE,RGF-Anexo 01,DespesaComPessoalLiquida,DESPESA LÍQUIDA COM PESSOAL (III) = (I - II),INSCRITAS EM RESTOS A PAGAR NÃO PROCESSADOS (b),1570962.41,2211868,Sergipe
2025,2,SE,RGF-Anexo 01,ReceitaCorrenteLiquidaLimiteLegal,RECEITA CORRENTE LIQUIDA - RCL (IV),Valor,16911154637.19,2211868,Sergipe
2025,2,SE,RGF-Anexo 01,DespesaComPessoalTotal,DESPESA TOTAL COM PESSOAL - DTP (VI) = (IIIa + IIIb),Valor,6474341144.87,2211868,Sergipe
2025,2,SE,RGF-Anexo 01,DespesaComPessoalTotal,DESPESA TOTAL COM PESSOAL - DTP (VI) = (IIIa + IIIb),% sobre a RCL Ajustada,38.49,2211868,Sergipe
2025,2,SE,RGF-Anexo 02,DividaConsolidada,DÍVIDA CONSOLIDADA - DC (I),SALDO DO EXERCÍCIO ANTERIOR,5289302653.36,2211868,Sergipe
2025,2,SE,RGF-Anexo 02,DividaConsolidada,DÍVIDA CONSOLIDADA - DC (I),Até o 1º Quadrimestre,5408905400.04,2211868,Sergipe
2025,2,SE,RGF-Anexo 02,DividaConsolidada,DÍVIDA CONSOLIDADA - DC (I),Até o 2º Quadrimestre,5273784137.35,2211868,Sergipe
2025,2,SE,RGF-Anexo 02,DividaContratual,Dívida Contratual,SALDO DO EXERCÍCIO ANTERIOR,3752942651.15,2211868,Sergipe
2025,2,SE,RGF-Anexo 02,DividaContratual,Dívida Contratual,Até o 1º Quadrimestre,4002953953.67,2211868,Sergipe
2025,2,SE,RGF-Anexo 02,DividaContratual,Dívida Contratual,Até o 2º Quadrimestre,3737424135.14,2211868,Sergipe
2025,2,SE,RGF-Anexo 02,DividaConsolidadaLiquida,DÍVIDA CONSOLIDADA LÍQUIDA (DCL) (III) = (I - II),SALDO DO EXERCÍCIO ANTERIOR,1764039149.17,2211868,Sergipe
2025,2,SE,RGF-Anexo 02,DividaConsolidadaLiquida,DÍVIDA CONSOLIDADA LÍQUIDA (DCL) (III) = (I - II),Até o 1º Quadrimestre,721566368.13,2211868,Sergipe
2025,2,SE,RGF-Anexo 02,DividaConsolidadaLiquida,DÍVIDA CONSOLIDADA LÍQUIDA (DCL) (III) = (I - II),Até o 2º Quadrimestre,308042873.63,2211868,Sergipe
2025,3,SE,RGF-Anexo 01,DespesaComPessoalBruta,DESPESA BRUTA COM PESSOAL (I),<MR-11>,602883822.14,2211868,Sergipe
2025,3,SE,RGF-Anexo 01,DespesaComPessoalBruta,DESPESA BRUTA COM PESSOAL (I),<MR-10>,586860591.81,2211868,Sergipe
2025,3,SE,RGF-Anexo 01,DespesaComPessoalBruta,DESPESA BRUTA COM PESSOAL (I),<MR-9>,596263227.21,2211868,Sergipe
2025,3,SE,RGF-Anexo 01,DespesaComPessoalBruta,DESPESA BRUTA COM PESSOAL (I),<MR-8>,600629153.91,2211868,Sergipe
2025,3,SE,RGF-Anexo 01,DespesaComPessoalBruta,DESPESA BRUTA COM PESSOAL (I),<MR-7>,593673452.87,2211868,Sergipe
2025,3,SE,RGF-Anexo 01,DespesaComPessoalBruta,DESPESA BRUTA COM PESSOAL (I),<MR-6>,613651123.19,2211868,Sergipe
2025,3,SE,RGF-Anexo 01,DespesaComPessoalBruta,DESPESA BRUTA COM PESSOAL (I),<MR-5>,613988712.06,2211868,Sergipe
2025,3,SE,RGF-Anexo 01,DespesaComPessoalBruta,DESPESA BRUTA COM PESSOAL (I),<MR-4>,622333138.6,2211868,Sergipe
2025,3,SE,RGF-Anexo 01,DespesaComPessoalBruta,DESPESA BRUTA COM PESSOAL (I),<MR-3>,622159341.37,2211868,Sergipe
2025,3,SE,RGF-Anexo 01,DespesaComPessoalBruta,DESPESA BRUTA COM PESSOAL (I),<MR-2>,634345347.41,2211868,Sergipe
2025,3,SE,RGF-Anexo 01,DespesaComPessoalBruta,DESPESA BRUTA COM PESSOAL (I),<MR-1>,642505916.02,2211868,Sergipe
2025,3,SE,RGF-Anexo 01,DespesaComPessoalBruta,DESPESA BRUTA COM PESSOAL (I),<MR>,1286237297.26,2211868,Sergipe
2025,3,SE,RGF-Anexo 01,DespesaComPessoalBruta,DESPESA BRUTA COM PESSOAL (I),TOTAL (ÚLTIMOS 12 MESES) (a),8015531123.85,2211868,Sergipe
2025,3,SE,RGF-Anexo 01,DespesaComPessoalBruta,DESPESA BRUTA COM PESSOAL (I),INSCRITAS EM RESTOS A PAGAR NÃO PROCESSADOS (b),8298808.37,2211868,Sergipe
2025,3,SE,RGF-Anexo 01,DespesaComPessoalAtivoBruta,Pessoal Ativo,<MR-11>,379478791.04,2211868,Sergipe
2025,3,SE,RGF-Anexo 01,DespesaComPessoalAtivoBruta,Pessoal Ativo,<MR-10>,364217897.27,2211868,Sergipe
2025,3,SE,RGF-Anexo 01,DespesaComPessoalAtivoBruta,Pessoal Ativo,<MR-9>,372931143.25,2211868,Sergipe
2025,3,SE,RGF-Anexo 01,DespesaComPessoalAtivoBruta,Pessoal Ativo,<MR-8>,376655242.38,2211868,Sergipe
2025,3,SE,RGF-Anexo 01,DespesaComPessoalAtivoBruta,Pessoal Ativo,<MR-7>,369205406.82,2211868,Sergipe
2025,3,SE,RGF-Anexo 01,DespesaComPessoalAtivoBruta,Pessoal Ativo,<MR-6>,388213664.86,2211868,Sergipe
2025,3,SE,RGF-Anexo 01,DespesaComPessoalAtivoBruta,Pessoal Ativo,<MR-5>,387260185.73,2211868,Sergipe
2025,3,SE,RGF-Anexo 01,DespesaComPessoalAtivoBruta,Pessoal Ativo,<MR-4>,388837848.65,2211868,Sergipe
2025,3,SE,RGF-Anexo 01,DespesaComPessoalAtivoBruta,Pessoal Ativo,<MR-3>,388962130.29,2211868,Sergipe
2025,3,SE,RGF-Anexo 01,DespesaComPessoalAtivoBruta,Pessoal Ativo,<MR-2>,400317002.39,2211868,Sergipe
2025,3,SE,RGF-Anexo 01,DespesaComPessoalAtivoBruta,Pessoal Ativo,<MR-1>,408228232.82,2211868,Sergipe
2025,3,SE,RGF-Anexo 01,DespesaComPessoalAtivoBruta,Pessoal Ativo,<MR>,918232297.5,2211868,Sergipe
2025,3,SE,RGF-Anexo 01,DespesaComPessoalAtivoBruta,Pessoal Ativo,TOTAL (ÚLTIMOS 12 MESES) (a),5142539843.0,2211868,Sergipe
2025,3,SE,RGF-Anexo 01,DespesaComPessoalAtivoBruta,Pessoal Ativo,INSCRITAS EM RESTOS A PAGAR NÃO PROCESSADOS (b),8296882.89,2211868,Sergipe
2025,3,SE,RGF-Anexo 01,DespesaComPessoalInativoEPensionistasBruta,Pessoal Inativo e Pensionistas,<MR-11>,223405031.1,2211868,Sergipe
2025,3,SE,RGF-Anexo 01,DespesaComPessoalInativoEPensionistasBruta,Pessoal Inativo e Pensionistas,<MR-10>,222642694.54,2211868,Sergipe
2025,3,SE,RGF-Anexo 01,DespesaComPessoalInativoEPensionistasBruta,Pessoal Inativo e Pensionistas,<MR-9>,223332083.96,2211868,Sergipe
2025,3,SE,RGF-Anexo 01,DespesaComPessoalInativoEPensionistasBruta,Pessoal Inativo e Pensionistas,<MR-8>,223973911.53,2211868,Sergipe
2025,3,SE,RGF-Anexo 01,DespesaComPessoalInativoEPensionistasBruta,Pessoal Inativo e Pensionistas,<MR-7>,224468046.05,2211868,Sergipe
2025,3,SE,RGF-Anexo 01,DespesaComPessoalInativoEPensionistasBruta,Pessoal Inativo e Pensionistas,<MR-6>,225437458.33,2211868,Sergipe
2025,3,SE,RGF-Anexo 01,DespesaComPessoalInativoEPensionistasBruta,Pessoal Inativo e Pensionistas,<MR-5>,226728526.33,2211868,Sergipe
2025,3,SE,RGF-Anexo 01,DespesaComPessoalInativoEPensionistasBruta,Pessoal Inativo e Pensionistas,<MR-4>,233495289.95,2211868,Sergipe
2025,3,SE,RGF-Anexo 01,DespesaComPessoalInativoEPensionistasBruta,Pessoal Inativo e Pensionistas,<MR-3>,233197211.08,2211868,Sergipe
2025,3,SE,RGF-Anexo 01,DespesaComPessoalInativoEPensionistasBruta,Pessoal Inativo e Pensionistas,<MR-2>,234028345.02,2211868,Sergipe
2025,3,SE,RGF-Anexo 01,DespesaComPessoalInativoEPensionistasBruta,Pessoal Inativo e Pensionistas,<MR-1>,234277683.2,2211868,Sergipe
2025,3,SE,RGF-Anexo 01,DespesaComPessoalInativoEPensionistasBruta,Pessoal Inativo e Pensionistas,<MR>,368004999.76,2211868,Sergipe
2025,3,SE,RGF-Anexo 01,DespesaComPessoalInativoEPensionistasBruta,Pessoal Inativo e Pensionistas,TOTAL (ÚLTIMOS 12 MESES) (a),2872991280.85,2211868,Sergipe
2025,3,SE,RGF-Anexo 01,DespesaComPessoalInativoEPensionistasBruta,Pessoal Inativo e Pensionistas,INSCRITAS EM RESTOS A PAGAR NÃO PROCESSADOS (b),1925.48,2211868,Sergipe
2025,3,SE,RGF-Anexo 01,DespesaComPessoalLiquida,DESPESA LÍQUIDA COM PESSOAL (III) = (I - II),<MR-11>,547608937.75,2211868,Sergipe
2025,3,SE,RGF-Anexo 01,DespesaComPessoalLiquida,DESPESA LÍQUIDA COM PESSOAL (III) = (I - II),<MR-10>,497076355.6,2211868,Sergipe
2025,3,SE,RGF-Anexo 01,DespesaComPessoalLiquida,DESPESA LÍQUIDA COM PESSOAL (III) = (I - II),<MR-9>,517835831.78,2211868,Sergipe
2025,3,SE,RGF-Anexo 01,DespesaComPessoalLiquida,DESPESA LÍQUIDA COM PESSOAL (III) = (I - II),<MR-8>,521409616.14,2211868,Sergipe
2025,3,SE,RGF-Anexo 01,DespesaComPessoalLiquida,DESPESA LÍQUIDA COM PESSOAL (III) = (I - II),<MR-7>,516469296.41,2211868,Sergipe
2025,3,SE,RGF-Anexo 01,DespesaComPessoalLiquida,DESPESA LÍQUIDA COM PESSOAL (III) = (I - II),<MR-6>,534245161.45,2211868,Sergipe
2025,3,SE,RGF-Anexo 01,DespesaComPessoalLiquida,DESPESA LÍQUIDA COM PESSOAL (III) = (I - II),<MR-5>,536505031.72,2211868,Sergipe
2025,3,SE,RGF-Anexo 01,DespesaComPessoalLiquida,DESPESA LÍQUIDA COM PESSOAL (III) = (I - II),<MR-4>,535731300.97,2211868,Sergipe
2025,3,SE,RGF-Anexo 01,DespesaComPessoalLiquida,DESPESA LÍQUIDA COM PESSOAL (III) = (I - II),<MR-3>,539869205.7,2211868,Sergipe
2025,3,SE,RGF-Anexo 01,DespesaComPessoalLiquida,DESPESA LÍQUIDA COM PESSOAL (III) = (I - II),<MR-2>,552468794.15,2211868,Sergipe
2025,3,SE,RGF-Anexo 01,DespesaComPessoalLiquida,DESPESA LÍQUIDA COM PESSOAL (III) = (I - II),<MR-1>,594849825.48,2211868,Sergipe
2025,3,SE,RGF-Anexo 01,DespesaComPessoalLiquida,DESPESA LÍQUIDA COM PESSOAL (III) = (I - II),<MR>,857208635.28,2211868,Sergipe
2025,3,SE,RGF-Anexo 01,DespesaComPessoalLiquida,DESPESA LÍQUIDA COM PESSOAL (III) = (I - II),TOTAL (ÚLTIMOS 12 MESES) (a),6751277992.43,2211868,Sergipe
2025,3,SE,RGF-Anexo 01,DespesaComPessoalLiquida,DESPESA LÍQUIDA COM PESSOAL (III) = (I - II),INSCRITAS EM RESTOS A PAGAR NÃO PROCESSADOS (b),7949744.96,2211868,Sergipe
2025,3,SE,RGF-Anexo 01,ReceitaCorrenteLiquidaLimiteLegal,RECEITA CORRENTE LIQUIDA - RCL (IV),Valor,16487993056.83,2211868,Sergipe
2025,3,SE,RGF-Anexo 01,DespesaComPessoalTotal,DESPESA TOTAL COM PESSOAL - DTP (VI) = (IIIa + IIIb),Valor,6759227737.39,2211868,Sergipe
2025,3,SE,RGF-Anexo 01,DespesaComPessoalTotal,DESPESA TOTAL COM PESSOAL - DTP (VI) = (IIIa + IIIb),% sobre a RCL Ajustada,41.23,2211868,Sergipe
2025,3,SE,RGF-Anexo 02,DividaConsolidada,DÍVIDA CONSOLIDADA - DC (I),SALDO DO EXERCÍCIO ANTERIOR,5289302653.36,2211868,Sergipe
2025,3,SE,RGF-Anexo 02,DividaConsolidada,DÍVIDA CONSOLIDADA - DC (I),Até o 1º Quadrimestre,5408905400.04,2211868,Sergipe
2025,3,SE,RGF-Anexo 02,DividaConsolidada,DÍVIDA CONSOLIDADA - DC (I),Até o 2º Quadrimestre,5273784137.35,2211868,Sergipe
2025,3,SE,RGF-Anexo 02,DividaConsolidada,DÍVIDA CONSOLIDADA - DC (I),Até o 3º Quadrimestre,4498646346.28,2211868,Sergipe
2025,3,SE,RGF-Anexo 02,DividaContratual,Dívida Contratual,SALDO DO EXERCÍCIO ANTERIOR,3752942651.15,2211868,Sergipe
2025,3,SE,RGF-Anexo 02,DividaContratual,Dívida Contratual,Até o 1º Quadrimestre,4002953953.67,2211868,Sergipe
2025,3,SE,RGF-Anexo 02,DividaContratual,Dívida Contratual,Até o 2º Quadrimestre,3737424135.14,2211868,Sergipe
2025,3,SE,RGF-Anexo 02,DividaContratual,Dívida Contratual,Até o 3º Quadrimestre,3830710416.66,2211868,Sergipe
2025,3,SE,RGF-Anexo 02,DividaConsolidadaLiquida,DÍVIDA CONSOLIDADA LÍQUIDA (DCL) (III) = (I - II),SALDO DO EXERCÍCIO ANTERIOR,1764039149.17,2211868,Sergipe
2025,3,SE,RGF-Anexo 02,DividaConsolidadaLiquida,DÍVIDA CONSOLIDADA LÍQUIDA (DCL) (III) = (I - II),Até o 1º Quadrimestre,721566368.13,2211868,Sergipe
2025,3,SE,RGF-Anexo 02,DividaConsolidadaLiquida,DÍVIDA CONSOLIDADA LÍQUIDA (DCL) (III) = (I - II),Até o 2º Quadrimestre,308042873.63,2211868,Sergipe
2025,3,SE,RGF-Anexo 02,DividaConsolidadaLiquida,DÍVIDA CONSOLIDADA LÍQUIDA (DCL) (III) = (I - II),Até o 3º Quadrimestre,1159844920.89,2211868,Sergipe
