cod_ibge,regiao_codigo,regiao_nome,ano,mes,valor
2300101,01,Cariri,2015,1,559162.605
2301604,01,Cariri,2015,1,290786.515
2301901,01,Cariri,2015,1,597276.905
2302503,01,Cariri,2015,1,352619.595
2303204,01,Cariri,2015,1,670819.87
2304202,01,Cariri,2015,1,474900.295
2307106,01,Cariri,2015,1,519109.005
2307205,01,Cariri,2015,1,26803.3
2307304,01,Cariri,2015,1,2393082.885
2308302,01,Cariri,2015,1,260749.525
2310605,01,Cariri,2015,1,101122.935
2311108,01,Cariri,2015,1,51145.3
2314003,01,Cariri,2015,1,473261.075
2300309,02,Centro Sul,2015,1,433509.72
2303600,02,Centro Sul,2015,1,429493.185
2303808,02,Centro Sul,2015,1,488636.255
2305407,02,Centro Sul,2015,1,562556.145
2305506,02,Centro Sul,2015,1,1678077.74
2311355,02,Centro Sul,2015,1,367581.915
2311900,02,Centro Sul,2015,1,2118.425
2301000,03,Grande Fortaleza,2015,1,1141625.815
2303501,03,Grande Fortaleza,2015,1,938983.19
2303709,03,Grande Fortaleza,2015,1,7746821.345
2303956,03,Grande Fortaleza,2015,1,317374.5
2304285,03,Grande Fortaleza,2015,1,640072.88
2304400,03,Grande Fortaleza,2015,1,13290275.28
2304954,03,Grande Fortaleza,2015,1,195350.34
2305233,03,Grande Fortaleza,2015,1,1616578.595
2306256,03,Grande Fortaleza,2015,1,884567.145
2307650,03,Grande Fortaleza,2015,1,3573170.3
2307700,03,Grande Fortaleza,2015,1,1435277.575
2309607,03,Grande Fortaleza,2015,1,532361.035
2310209,03,Grande Fortaleza,2015,1,35892.37
2310852,03,Grande Fortaleza,2015,1,176518.18
2312601,03,Grande Fortaleza,2015,1,52155.55
2313500,03,Grande Fortaleza,2015,1,838815.425
2301109,04,Litoral Leste,2015,1,329010.425
2302206,04,Litoral Leste,2015,1,406341.69
2304459,04,Litoral Leste,2015,1,103754.61
2305357,04,Litoral Leste,2015,1,99941.175
2306207,04,Litoral Leste,2015,1,74876.68
2307007,04,Litoral Leste,2015,1,463673.18
2300200,05,Litoral Norte,2015,1,201290.71
2302057,05,Litoral Norte,2015,1,203008.91
2302305,05,Litoral Norte,2015,1,1345100.065
2303907,05,Litoral Norte,2015,1,21060.61
2304251,05,Litoral Norte,2015,1,785080.205
2304707,05,Litoral Norte,2015,1,2237859.205
2306553,05,Litoral Norte,2015,1,582592.595
2307254,05,Litoral Norte,2015,1,510606.55
2307809,05,Litoral Norte,2015,1,477698.16
2307908,05,Litoral Norte,2015,1,446569.755
2308906,05,Litoral Norte,2015,1,333279.375
2300754,06,Litoral Oeste / Vale do Curu,2015,1,814414.3
2300903,06,Litoral Oeste / Vale do Curu,2015,1,230240.305
2306108,06,Litoral Oeste / Vale do Curu,2015,1,178541.24
2306306,06,Litoral Oeste / Vale do Curu,2015,1,11043.01
2306405,06,Litoral Oeste / Vale do Curu,2015,1,6278712.23
2308377,06,Litoral Oeste / Vale do Curu,2015,1,5250.0
2310704,06,Litoral Oeste / Vale do Curu,2015,1,1023341.74
2313351,06,Litoral Oeste / Vale do Curu,2015,1,407254.44
2313807,06,Litoral Oeste / Vale do Curu,2015,1,10460.34
2300150,07,Maciço do Baturité,2015,1,91052.36
2301208,07,Maciço do Baturité,2015,1,826579.08
2301406,07,Maciço do Baturité,2015,1,63349.425
2302909,07,Maciço do Baturité,2015,1,161760.145
2309102,07,Maciço do Baturité,2015,1,56165.04
2309458,07,Maciço do Baturité,2015,1,359935.86
2309805,07,Maciço do Baturité,2015,1,13797.785
2310100,07,Maciço do Baturité,2015,1,24782.69
2311603,07,Maciço do Baturité,2015,1,170619.4
2304236,08,Serra da Ibiapaba,2015,1,64252.98
2305001,08,Serra da Ibiapaba,2015,1,363846.705
2305308,08,Serra da Ibiapaba,2015,1,1377925.705
2313401,08,Serra da Ibiapaba,2015,1,757728.125
2313609,08,Serra da Ibiapaba,2015,1,2177620.335
2301851,09,Sertão Central,2015,1,967363.695
2303931,09,Sertão Central,2015,1,563967.57
2304269,09,Sertão Central,2015,1,332489.07
2305332,09,Sertão Central,2015,1,89275.58
2308351,09,Sertão Central,2015,1,374574.68
2308500,09,Sertão Central,2015,1,547524.59
2310902,09,Sertão Central,2015,1,496236.96
2311306,09,Sertão Central,2015,1,339886.715
2311405,09,Sertão Central,2015,1,3204105.325
2312700,09,Sertão Central,2015,1,52426.46
2313005,09,Sertão Central,2015,1,408830.6
2302800,10,Sertão de Canindé,2015,1,730758.86
2307635,10,Sertão de Canindé,2015,1,2499.5
2310407,10,Sertão de Canindé,2015,1,87250.0
2304004,11,Sertão de Sobral,2015,1,154254.315
2304509,11,Sertão de Sobral,2015,1,3141.5
2304905,11,Sertão de Sobral,2015,1,237278.585
2308005,11,Sertão de Sobral,2015,1,130093.585
2308807,11,Sertão de Sobral,2015,1,249091.185
2312007,11,Sertão de Sobral,2015,1,656753.86
2312908,11,Sertão de Sobral,2015,1,3003713.33
2304103,12,Sertão dos Crateús,2015,1,920114.63
2305902,12,Sertão dos Crateús,2015,1,350680.34
2309300,12,Sertão dos Crateús,2015,1,340430.655
2309409,12,Sertão dos Crateús,2015,1,733840.08
2312205,12,Sertão dos Crateús,2015,1,393900.61
2300408,13,Sertão dos Inhamuns,2015,1,127765.61
2300705,14,Vale do Jaguaribe,2015,1,1366564.83
2306009,14,Vale do Jaguaribe,2015,1,559877.43
2306801,14,Vale do Jaguaribe,2015,1,20830.0
2306900,14,Vale do Jaguaribe,2015,1,1114656.065
2307601,14,Vale do Jaguaribe,2015,1,230098.285
2308708,14,Vale do Jaguaribe,2015,1,125238.325
2311231,14,Vale do Jaguaribe,2015,1,368552.645
2311801,14,Vale do Jaguaribe,2015,1,1883776.09
2312502,14,Vale do Jaguaribe,2015,1,333574.47
2313104,14,Vale do Jaguaribe,2015,1,10239.635
2300101,01,Cariri,2015,2,559162.605
2301604,01,Cariri,2015,2,290786.515
2301901,01,Cariri,2015,2,597276.905
2302503,01,Cariri,2015,2,352619.595
2303204,01,Cariri,2015,2,670819.87
2304202,01,Cariri,2015,2,474900.295
2307106,01,Cariri,2015,2,519109.005
2307205,01,Cariri,2015,2,26803.3
2307304,01,Cariri,2015,2,2393082.885
2308302,01,Cariri,2015,2,260749.525
2310605,01,Cariri,2015,2,101122.935
2311108,01,Cariri,2015,2,51145.3
2314003,01,Cariri,2015,2,473261.075
2300309,02,Centro Sul,2015,2,433509.72
2303600,02,Centro Sul,2015,2,429493.185
2303808,02,Centro Sul,2015,2,488636.255
2305407,02,Centro Sul,2015,2,562556.145
2305506,02,Centro Sul,2015,2,1678077.74
2311355,02,Centro Sul,2015,2,367581.915
2311900,02,Centro Sul,2015,2,2118.425
2301000,03,Grande Fortaleza,2015,2,1141625.815
2303501,03,Grande Fortaleza,2015,2,938983.19
2303709,03,Grande Fortaleza,2015,2,7746821.345
2303956,03,Grande Fortaleza,2015,2,317374.5
2304285,03,Grande Fortaleza,2015,2,640072.88
2304400,03,Grande Fortaleza,2015,2,13290275.28
2304954,03,Grande Fortaleza,2015,2,195350.34
2305233,03,Grande Fortaleza,2015,2,1616578.595
2306256,03,Grande Fortaleza,2015,2,884567.145
2307650,03,Grande Fortaleza,2015,2,3573170.3
2307700,03,Grande Fortaleza,2015,2,1435277.575
2309607,03,Grande Fortaleza,2015,2,532361.035
2310209,03,Grande Fortaleza,2015,2,35892.37
2310852,03,Grande Fortaleza,2015,2,176518.18
2312601,03,Grande Fortaleza,2015,2,52155.55
2313500,03,Grande Fortaleza,2015,2,838815.425
2301109,04,Litoral Leste,2015,2,329010.425
2302206,04,Litoral Leste,2015,2,406341.69
2304459,04,Litoral Leste,2015,2,103754.61
2305357,04,Litoral Leste,2015,2,99941.175
2306207,04,Litoral Leste,2015,2,74876.68
2307007,04,Litoral Leste,2015,2,463673.18
2300200,05,Litoral Norte,2015,2,201290.71
2302057,05,Litoral Norte,2015,2,203008.91
2302305,05,Litoral Norte,2015,2,1345100.065
2303907,05,Litoral Norte,2015,2,21060.61
2304251,05,Litoral Norte,2015,2,785080.205
2304707,05,Litoral Norte,2015,2,2237859.205
2306553,05,Litoral Norte,2015,2,582592.595
2307254,05,Litoral Norte,2015,2,510606.55
2307809,05,Litoral Norte,2015,2,477698.16
2307908,05,Litoral Norte,2015,2,446569.755
2308906,05,Litoral Norte,2015,2,333279.375
2300754,06,Litoral Oeste / Vale do Curu,2015,2,814414.3
2300903,06,Litoral Oeste / Vale do Curu,2015,2,230240.305
2306108,06,Litoral Oeste / Vale do Curu,2015,2,178541.24
2306306,06,Litoral Oeste / Vale do Curu,2015,2,11043.01
2306405,06,Litoral Oeste / Vale do Curu,2015,2,6278712.23
2308377,06,Litoral Oeste / Vale do Curu,2015,2,5250.0
2310704,06,Litoral Oeste / Vale do Curu,2015,2,1023341.74
2313351,06,Litoral Oeste / Vale do Curu,2015,2,407254.44
2313807,06,Litoral Oeste / Vale do Curu,2015,2,10460.34
2300150,07,Maciço do Baturité,2015,2,91052.36
2301208,07,Maciço do Baturité,2015,2,826579.08
2301406,07,Maciço do Baturité,2015,2,63349.425
2302909,07,Maciço do Baturité,2015,2,161760.145
2309102,07,Maciço do Baturité,2015,2,56165.04
2309458,07,Maciço do Baturité,2015,2,359935.86
2309805,07,Maciço do Baturité,2015,2,13797.785
2310100,07,Maciço do Baturité,2015,2,24782.69
2311603,07,Maciço do Baturité,2015,2,170619.4
2304236,08,Serra da Ibiapaba,2015,2,64252.98
2305001,08,Serra da Ibiapaba,2015,2,363846.705
2305308,08,Serra da Ibiapaba,2015,2,1377925.705
2313401,08,Serra da Ibiapaba,2015,2,757728.125
2313609,08,Serra da Ibiapaba,2015,2,2177620.335
2301851,09,Sertão Central,2015,2,967363.695
2303931,09,Sertão Central,2015,2,563967.57
2304269,09,Sertão Central,2015,2,332489.07
2305332,09,Sertão Central,2015,2,89275.58
2308351,09,Sertão Central,2015,2,374574.68
2308500,09,Sertão Central,2015,2,547524.59
2310902,09,Sertão Central,2015,2,496236.96
2311306,09,Sertão Central,2015,2,339886.715
2311405,09,Sertão Central,2015,2,3204105.325
2312700,09,Sertão Central,2015,2,52426.46
2313005,09,Sertão Central,2015,2,408830.6
2302800,10,Sertão de Canindé,2015,2,730758.86
2307635,10,Sertão de Canindé,2015,2,2499.5
2310407,10,Sertão de Canindé,2015,2,87250.0
2304004,11,Sertão de Sobral,2015,2,154254.315
2304509,11,Sertão de Sobral,2015,2,3141.5
2304905,11,Sertão de Sobral,2015,2,237278.585
2308005,11,Sertão de Sobral,2015,2,130093.585
2308807,11,Sertão de Sobral,2015,2,249091.185
2312007,11,Sertão de Sobral,2015,2,656753.86
2312908,11,Sertão de Sobral,2015,2,3003713.33
2304103,12,Sertão dos Crateús,2015,2,920114.63
2305902,12,Sertão dos Crateús,2015,2,350680.34
2309300,12,Sertão dos Crateús,2015,2,340430.655
2309409,12,Sertão dos Crateús,2015,2,733840.08
2312205,12,Sertão dos Crateús,2015,2,393900.61
2300408,13,Sertão dos Inhamuns,2015,2,127765.61
2300705,14,Vale do Jaguaribe,2015,2,1366564.83
2306009,14,Vale do Jaguaribe,2015,2,559877.43
2306801,14,Vale do Jaguaribe,2015,2,20830.0
2306900,14,Vale do Jaguaribe,2015,2,1114656.065
2307601,14,Vale do Jaguaribe,2015,2,230098.285
2308708,14,Vale do Jaguaribe,2015,2,125238.325
2311231,14,Vale do Jaguaribe,2015,2,368552.645
2311801,14,Vale do Jaguaribe,2015,2,1883776.09
2312502,14,Vale do Jaguaribe,2015,2,333574.47
2313104,14,Vale do Jaguaribe,2015,2,10239.635
2300101,01,Cariri,2015,3,6372.0
2301604,01,Cariri,2015,3,331843.87
2301901,01,Cariri,2015,3,749861.185
2302503,01,Cariri,2015,3,128727.25
2303204,01,Cariri,2015,3,140409.21499999997
2304202,01,Cariri,2015,3,1573034.58
2307106,01,Cariri,2015,3,267830.135
2307205,01,Cariri,2015,3,180620.6
2307304,01,Cariri,2015,3,2010706.2000000002
2307502,01,Cariri,2015,3,293791.17
2308302,01,Cariri,2015,3,70000.55500000002
2310605,01,Cariri,2015,3,11555.01000000001
2311108,01,Cariri,2015,3,58635.89
2314003,01,Cariri,2015,3,315867.37499999994
2300309,02,Centro Sul,2015,3,414606.93000000005
2303600,02,Centro Sul,2015,3,90912.95500000002
2303808,02,Centro Sul,2015,3,269951.42000000004
2305407,02,Centro Sul,2015,3,290348.87
2305506,02,Centro Sul,2015,3,569515.345
2311355,02,Centro Sul,2015,3,481947.47500000003
2311900,02,Centro Sul,2015,3,36760.34
2301000,03,Grande Fortaleza,2015,3,582584.2950000002
2303501,03,Grande Fortaleza,2015,3,800120.6100000001
2303709,03,Grande Fortaleza,2015,3,8427514.035
2303956,03,Grande Fortaleza,2015,3,260852.92500000005
2304285,03,Grande Fortaleza,2015,3,1401260.6549999998
2304400,03,Grande Fortaleza,2015,3,69445926.565
2304954,03,Grande Fortaleza,2015,3,203518.05500000002
2305233,03,Grande Fortaleza,2015,3,2270348.5
2306256,03,Grande Fortaleza,2015,3,550305.435
2307650,03,Grande Fortaleza,2015,3,3170381.3100000005
2307700,03,Grande Fortaleza,2015,3,1693155.615
2309607,03,Grande Fortaleza,2015,3,369646.48
2310209,03,Grande Fortaleza,2015,3,78039.60999999999
2310852,03,Grande Fortaleza,2015,3,25933.0
2312601,03,Grande Fortaleza,2015,3,29123.304999999993
2313500,03,Grande Fortaleza,2015,3,351370.55499999993
2301109,04,Litoral Leste,2015,3,881577.0149999999
2302206,04,Litoral Leste,2015,3,418326.73000000004
2304459,04,Litoral Leste,2015,3,17058.600000000006
2305357,04,Litoral Leste,2015,3,528656.885
2306207,04,Litoral Leste,2015,3,58237.860000000015
2307007,04,Litoral Leste,2015,3,637582.47
2300200,05,Litoral Norte,2015,3,246685.82499999998
2302057,05,Litoral Norte,2015,3,91611.05000000002
2302305,05,Litoral Norte,2015,3,918909.1299999999
2303907,05,Litoral Norte,2015,3,108933.17
2304251,05,Litoral Norte,2015,3,524160.3450000001
2304707,05,Litoral Norte,2015,3,970115.915
2306553,05,Litoral Norte,2015,3,273681.92000000004
2307254,05,Litoral Norte,2015,3,346154.08
2307908,05,Litoral Norte,2015,3,227683.68499999994
2308906,05,Litoral Norte,2015,3,129155.13
2300754,06,Litoral Oeste / Vale do Curu,2015,3,1044596.81
2300903,06,Litoral Oeste / Vale do Curu,2015,3,446883.50999999995
2306108,06,Litoral Oeste / Vale do Curu,2015,3,468762.79000000004
2306306,06,Litoral Oeste / Vale do Curu,2015,3,1664715.71
2306405,06,Litoral Oeste / Vale do Curu,2015,3,2696616.3599999994
2308377,06,Litoral Oeste / Vale do Curu,2015,3,3187.0
2310704,06,Litoral Oeste / Vale do Curu,2015,3,412890.3400000001
2313351,06,Litoral Oeste / Vale do Curu,2015,3,432307.555
2313757,06,Litoral Oeste / Vale do Curu,2015,3,483189.52
2313807,06,Litoral Oeste / Vale do Curu,2015,3,1470.5
2300150,07,Maciço do Baturité,2015,3,150658.985
2301208,07,Maciço do Baturité,2015,3,461257.8650000001
2301406,07,Maciço do Baturité,2015,3,49710.67
2302107,07,Maciço do Baturité,2015,3,19379.24
2302909,07,Maciço do Baturité,2015,3,301757.32999999996
2309102,07,Maciço do Baturité,2015,3,20398.665
2309458,07,Maciço do Baturité,2015,3,114177.125
2309805,07,Maciço do Baturité,2015,3,173565.875
2310100,07,Maciço do Baturité,2015,3,57860.899999999994
2311603,07,Maciço do Baturité,2015,3,202660.03
2304236,08,Serra da Ibiapaba,2015,3,191183.75999999998
2305001,08,Serra da Ibiapaba,2015,3,138970.57999999996
2305308,08,Serra da Ibiapaba,2015,3,594146.5149999999
2313401,08,Serra da Ibiapaba,2015,3,487039.9550000001
2313609,08,Serra da Ibiapaba,2015,3,246475.10999999987
2301851,09,Sertão Central,2015,3,34363.390000000014
2303931,09,Sertão Central,2015,3,263926.81000000006
2304269,09,Sertão Central,2015,3,467411.74499999994
2305332,09,Sertão Central,2015,3,52122.22499999999
2308351,09,Sertão Central,2015,3,299676.59
2308500,09,Sertão Central,2015,3,700955.0850000001
2310902,09,Sertão Central,2015,3,139922.71500000003
2311306,09,Sertão Central,2015,3,1096482.845
2312700,09,Sertão Central,2015,3,36966.204999999994
2313005,09,Sertão Central,2015,3,2682.9500000000116
2302800,10,Sertão de Canindé,2015,3,28288.045000000042
2303006,10,Sertão de Canindé,2015,3,201984.195
2307635,10,Sertão de Canindé,2015,3,5279.0
2310407,10,Sertão de Canindé,2015,3,118825.43
2304004,11,Sertão de Sobral,2015,3,1006999.3500000001
2304509,11,Sertão de Sobral,2015,3,65526.899999999994
2304905,11,Sertão de Sobral,2015,3,166365.645
2308005,11,Sertão de Sobral,2015,3,344612.68
2308807,11,Sertão de Sobral,2015,3,44216.97000000003
2312007,11,Sertão de Sobral,2015,3,294438.16500000004
2312908,11,Sertão de Sobral,2015,3,1668429.3499999996
2304103,12,Sertão dos Crateús,2015,3,413718.2300000001
2309300,12,Sertão dos Crateús,2015,3,112274.805
2309409,12,Sertão dos Crateús,2015,3,235375.21500000008
2312205,12,Sertão dos Crateús,2015,3,403658.43000000005
2300408,13,Sertão dos Inhamuns,2015,3,524627.465
2300705,14,Vale do Jaguaribe,2015,3,859753.065
2306009,14,Vale do Jaguaribe,2015,3,332911.255
2306801,14,Vale do Jaguaribe,2015,3,101634.94
2306900,14,Vale do Jaguaribe,2015,3,547265.815
2307601,14,Vale do Jaguaribe,2015,3,1227047.07
2308708,14,Vale do Jaguaribe,2015,3,544474.2100000001
2311231,14,Vale do Jaguaribe,2015,3,436173.12
2311801,14,Vale do Jaguaribe,2015,3,1064486.735
2312502,14,Vale do Jaguaribe,2015,3,16930.73000000004
2313104,14,Vale do Jaguaribe,2015,3,97629.70000000001
2300101,01,Cariri,2015,4,6372.0
2301604,01,Cariri,2015,4,331843.87
2301901,01,Cariri,2015,4,749861.185
2302503,01,Cariri,2015,4,128727.25
2303204,01,Cariri,2015,4,140409.21499999997
2304202,01,Cariri,2015,4,1573034.58
2307106,01,Cariri,2015,4,267830.135
2307205,01,Cariri,2015,4,180620.6
2307304,01,Cariri,2015,4,2010706.2000000002
2307502,01,Cariri,2015,4,293791.17
2308302,01,Cariri,2015,4,70000.55500000002
2310605,01,Cariri,2015,4,11555.01000000001
2311108,01,Cariri,2015,4,58635.89
2314003,01,Cariri,2015,4,315867.37499999994
2300309,02,Centro Sul,2015,4,414606.93000000005
2303600,02,Centro Sul,2015,4,90912.95500000002
2303808,02,Centro Sul,2015,4,269951.42000000004
2305407,02,Centro Sul,2015,4,290348.87
2305506,02,Centro Sul,2015,4,569515.345
2311355,02,Centro Sul,2015,4,481947.47500000003
2311900,02,Centro Sul,2015,4,36760.34
2301000,03,Grande Fortaleza,2015,4,582584.2950000002
2303501,03,Grande Fortaleza,2015,4,800120.6100000001
2303709,03,Grande Fortaleza,2015,4,8427514.035
2303956,03,Grande Fortaleza,2015,4,260852.92500000005
2304285,03,Grande Fortaleza,2015,4,1401260.6549999998
2304400,03,Grande Fortaleza,2015,4,69445926.565
2304954,03,Grande Fortaleza,2015,4,203518.05500000002
2305233,03,Grande Fortaleza,2015,4,2270348.5
2306256,03,Grande Fortaleza,2015,4,550305.435
2307650,03,Grande Fortaleza,2015,4,3170381.3100000005
2307700,03,Grande Fortaleza,2015,4,1693155.615
2309607,03,Grande Fortaleza,2015,4,369646.48
2310209,03,Grande Fortaleza,2015,4,78039.60999999999
2310852,03,Grande Fortaleza,2015,4,25933.0
2312601,03,Grande Fortaleza,2015,4,29123.304999999993
2313500,03,Grande Fortaleza,2015,4,351370.55499999993
2301109,04,Litoral Leste,2015,4,881577.0149999999
2302206,04,Litoral Leste,2015,4,418326.73000000004
2304459,04,Litoral Leste,2015,4,17058.600000000006
2305357,04,Litoral Leste,2015,4,528656.885
2306207,04,Litoral Leste,2015,4,58237.860000000015
2307007,04,Litoral Leste,2015,4,637582.47
2300200,05,Litoral Norte,2015,4,246685.82499999998
2302057,05,Litoral Norte,2015,4,91611.05000000002
2302305,05,Litoral Norte,2015,4,918909.1299999999
2303907,05,Litoral Norte,2015,4,108933.17
2304251,05,Litoral Norte,2015,4,524160.3450000001
2304707,05,Litoral Norte,2015,4,970115.915
2306553,05,Litoral Norte,2015,4,273681.92000000004
2307254,05,Litoral Norte,2015,4,346154.08
2307908,05,Litoral Norte,2015,4,227683.68499999994
2308906,05,Litoral Norte,2015,4,129155.13
2300754,06,Litoral Oeste / Vale do Curu,2015,4,1044596.81
2300903,06,Litoral Oeste / Vale do Curu,2015,4,446883.50999999995
2306108,06,Litoral Oeste / Vale do Curu,2015,4,468762.79000000004
2306306,06,Litoral Oeste / Vale do Curu,2015,4,1664715.71
2306405,06,Litoral Oeste / Vale do Curu,2015,4,2696616.3599999994
2308377,06,Litoral Oeste / Vale do Curu,2015,4,3187.0
2310704,06,Litoral Oeste / Vale do Curu,2015,4,412890.3400000001
2313351,06,Litoral Oeste / Vale do Curu,2015,4,432307.555
2313757,06,Litoral Oeste / Vale do Curu,2015,4,483189.52
2313807,06,Litoral Oeste / Vale do Curu,2015,4,1470.5
2300150,07,Maciço do Baturité,2015,4,150658.985
2301208,07,Maciço do Baturité,2015,4,461257.8650000001
2301406,07,Maciço do Baturité,2015,4,49710.67
2302107,07,Maciço do Baturité,2015,4,19379.24
2302909,07,Maciço do Baturité,2015,4,301757.32999999996
2309102,07,Maciço do Baturité,2015,4,20398.665
2309458,07,Maciço do Baturité,2015,4,114177.125
2309805,07,Maciço do Baturité,2015,4,173565.875
2310100,07,Maciço do Baturité,2015,4,57860.899999999994
2311603,07,Maciço do Baturité,2015,4,202660.03
2304236,08,Serra da Ibiapaba,2015,4,191183.75999999998
2305001,08,Serra da Ibiapaba,2015,4,138970.57999999996
2305308,08,Serra da Ibiapaba,2015,4,594146.5149999999
2313401,08,Serra da Ibiapaba,2015,4,487039.9550000001
2313609,08,Serra da Ibiapaba,2015,4,246475.10999999987
2301851,09,Sertão Central,2015,4,34363.390000000014
2303931,09,Sertão Central,2015,4,263926.81000000006
2304269,09,Sertão Central,2015,4,467411.74499999994
2305332,09,Sertão Central,2015,4,52122.22499999999
2308351,09,Sertão Central,2015,4,299676.59
2308500,09,Sertão Central,2015,4,700955.0850000001
2310902,09,Sertão Central,2015,4,139922.71500000003
2311306,09,Sertão Central,2015,4,1096482.845
2312700,09,Sertão Central,2015,4,36966.204999999994
2313005,09,Sertão Central,2015,4,2682.9500000000116
2302800,10,Sertão de Canindé,2015,4,28288.045000000042
2303006,10,Sertão de Canindé,2015,4,201984.195
2307635,10,Sertão de Canindé,2015,4,5279.0
2310407,10,Sertão de Canindé,2015,4,118825.43
2304004,11,Sertão de Sobral,2015,4,1006999.3500000001
2304509,11,Sertão de Sobral,2015,4,65526.899999999994
2304905,11,Sertão de Sobral,2015,4,166365.645
2308005,11,Sertão de Sobral,2015,4,344612.68
2308807,11,Sertão de Sobral,2015,4,44216.97000000003
2312007,11,Sertão de Sobral,2015,4,294438.16500000004
2312908,11,Sertão de Sobral,2015,4,1668429.3499999996
2304103,12,Sertão dos Crateús,2015,4,413718.2300000001
2309300,12,Sertão dos Crateús,2015,4,112274.805
2309409,12,Sertão dos Crateús,2015,4,235375.21500000008
2312205,12,Sertão dos Crateús,2015,4,403658.43000000005
2300408,13,Sertão dos Inhamuns,2015,4,524627.465
2300705,14,Vale do Jaguaribe,2015,4,859753.065
2306009,14,Vale do Jaguaribe,2015,4,332911.255
2306801,14,Vale do Jaguaribe,2015,4,101634.94
2306900,14,Vale do Jaguaribe,2015,4,547265.815
2307601,14,Vale do Jaguaribe,2015,4,1227047.07
2308708,14,Vale do Jaguaribe,2015,4,544474.2100000001
2311231,14,Vale do Jaguaribe,2015,4,436173.12
2311801,14,Vale do Jaguaribe,2015,4,1064486.735
2312502,14,Vale do Jaguaribe,2015,4,16930.73000000004
2313104,14,Vale do Jaguaribe,2015,4,97629.70000000001
2300101,01,Cariri,2015,5,403789.39
2301604,01,Cariri,2015,5,463710.47
2301901,01,Cariri,2015,5,1061628.5199999998
2302503,01,Cariri,2015,5,2912996.825
2303204,01,Cariri,2015,5,1319044.31
2304202,01,Cariri,2015,5,1787205.045
2307106,01,Cariri,2015,5,284918.1349999999
2307205,01,Cariri,2015,5,166463.31999999998
2307304,01,Cariri,2015,5,3481805.12
2307502,01,Cariri,2015,5,290940.2
2308302,01,Cariri,2015,5,323928.90499999997
2310605,01,Cariri,2015,5,170628.58999999997
2311108,01,Cariri,2015,5,2174910.8850000002
2314003,01,Cariri,2015,5,490138.74
2300309,02,Centro Sul,2015,5,461256.91000000003
2303600,02,Centro Sul,2015,5,149721.60499999998
2303808,02,Centro Sul,2015,5,157220.71999999997
2305506,02,Centro Sul,2015,5,961928.1350000002
2311355,02,Centro Sul,2015,5,371276.67499999993
2311900,02,Centro Sul,2015,5,142711.21500000003
2301000,03,Grande Fortaleza,2015,5,999558.9850000001
2303501,03,Grande Fortaleza,2015,5,1950946.86
2303709,03,Grande Fortaleza,2015,5,7289973.374999998
2303956,03,Grande Fortaleza,2015,5,316774.67499999993
2304285,03,Grande Fortaleza,2015,5,170759.7649999999
2304400,03,Grande Fortaleza,2015,5,53138421.125
2304954,03,Grande Fortaleza,2015,5,61178.56
2305233,03,Grande Fortaleza,2015,5,2143371.1599999997
2306256,03,Grande Fortaleza,2015,5,447808.20499999984
2307650,03,Grande Fortaleza,2015,5,7740739.499999999
2307700,03,Grande Fortaleza,2015,5,2053685.3599999999
2309607,03,Grande Fortaleza,2015,5,799677.0599999999
2310209,03,Grande Fortaleza,2015,5,171232.27000000002
2310852,03,Grande Fortaleza,2015,5,182071.385
2312601,03,Grande Fortaleza,2015,5,1319108.325
2313500,03,Grande Fortaleza,2015,5,858124.565
2301109,04,Litoral Leste,2015,5,526233.45
2302206,04,Litoral Leste,2015,5,570176.6849999999
2304459,04,Litoral Leste,2015,5,100291.78499999999
2305357,04,Litoral Leste,2015,5,700248.4299999999
2306207,04,Litoral Leste,2015,5,135326.02
2307007,04,Litoral Leste,2015,5,392197.03500000015
2300200,05,Litoral Norte,2015,5,205622.15499999997
2302305,05,Litoral Norte,2015,5,115475.31000000006
2303907,05,Litoral Norte,2015,5,258294.655
2304251,05,Litoral Norte,2015,5,264384.4199999999
2304707,05,Litoral Norte,2015,5,2523190.25
2306553,05,Litoral Norte,2015,5,249681.8450000001
2307254,05,Litoral Norte,2015,5,562402.0399999999
2307809,05,Litoral Norte,2015,5,1145482.03
2307908,05,Litoral Norte,2015,5,326210.7150000001
2308906,05,Litoral Norte,2015,5,872851.9500000001
2300754,06,Litoral Oeste / Vale do Curu,2015,5,610294.2550000001
2300903,06,Litoral Oeste / Vale do Curu,2015,5,94182.14500000002
2306108,06,Litoral Oeste / Vale do Curu,2015,5,635810.0800000001
2306405,06,Litoral Oeste / Vale do Curu,2015,5,2912593.7349999994
2308377,06,Litoral Oeste / Vale do Curu,2015,5,602764.27
2310704,06,Litoral Oeste / Vale do Curu,2015,5,96106.58499999996
2313351,06,Litoral Oeste / Vale do Curu,2015,5,769189.735
2313757,06,Litoral Oeste / Vale do Curu,2015,5,193565.55499999993
2313807,06,Litoral Oeste / Vale do Curu,2015,5,51871.595
2300150,07,Maciço do Baturité,2015,5,131746.88499999998
2301208,07,Maciço do Baturité,2015,5,71591.18999999994
2301406,07,Maciço do Baturité,2015,5,37687.86499999999
2302107,07,Maciço do Baturité,2015,5,70373.26
2302909,07,Maciço do Baturité,2015,5,270775.245
2306504,07,Maciço do Baturité,2015,5,402718.775
2309102,07,Maciço do Baturité,2015,5,1114831.68
2309458,07,Maciço do Baturité,2015,5,136017.02000000002
2309805,07,Maciço do Baturité,2015,5,106653.775
2310100,07,Maciço do Baturité,2015,5,77818.495
2311603,07,Maciço do Baturité,2015,5,315485.815
2304236,08,Serra da Ibiapaba,2015,5,294449.485
2305001,08,Serra da Ibiapaba,2015,5,543163.325
2305308,08,Serra da Ibiapaba,2015,5,443693.32000000007
2313401,08,Serra da Ibiapaba,2015,5,2453754.8449999997
2313609,08,Serra da Ibiapaba,2015,5,1743116.4300000002
2301851,09,Sertão Central,2015,5,203961.72999999998
2303931,09,Sertão Central,2015,5,570734.9800000001
2304269,09,Sertão Central,2015,5,318867.27
2305332,09,Sertão Central,2015,5,225949.565
2308351,09,Sertão Central,2015,5,152912.59999999998
2308500,09,Sertão Central,2015,5,662213.47
2310902,09,Sertão Central,2015,5,439537.115
2311306,09,Sertão Central,2015,5,11629.899999999907
2312700,09,Sertão Central,2015,5,199843.47000000003
2313005,09,Sertão Central,2015,5,96224.875
2302800,10,Sertão de Canindé,2015,5,0.0
2303006,10,Sertão de Canindé,2015,5,144382.45500000002
2307635,10,Sertão de Canindé,2015,5,2966.3600000000006
2310407,10,Sertão de Canindé,2015,5,108663.77500000002
2304004,11,Sertão de Sobral,2015,5,2041404.8199999998
2304509,11,Sertão de Sobral,2015,5,162141.4
2304905,11,Sertão de Sobral,2015,5,73659.29000000004
2308005,11,Sertão de Sobral,2015,5,365184.20999999996
2308807,11,Sertão de Sobral,2015,5,638668.62
2312007,11,Sertão de Sobral,2015,5,212686.57999999996
2312908,11,Sertão de Sobral,2015,5,2514521.7300000004
2304103,12,Sertão dos Crateús,2015,5,1155951.735
2305902,12,Sertão dos Crateús,2015,5,521236.97000000003
2309300,12,Sertão dos Crateús,2015,5,368868.165
2309409,12,Sertão dos Crateús,2015,5,231086.19000000006
2312205,12,Sertão dos Crateús,2015,5,608750.655
2300408,13,Sertão dos Inhamuns,2015,5,0.0
2300705,14,Vale do Jaguaribe,2015,5,921112.0249999999
2306009,14,Vale do Jaguaribe,2015,5,668151.4849999999
2306801,14,Vale do Jaguaribe,2015,5,73555.94
2306900,14,Vale do Jaguaribe,2015,5,1563866.5300000003
2307601,14,Vale do Jaguaribe,2015,5,84146.59000000008
2308708,14,Vale do Jaguaribe,2015,5,486423.82999999996
2311231,14,Vale do Jaguaribe,2015,5,378893.67000000004
2311801,14,Vale do Jaguaribe,2015,5,949774.5
2312502,14,Vale do Jaguaribe,2015,5,188435.84000000003
2313104,14,Vale do Jaguaribe,2015,5,49583.89999999998
2300101,01,Cariri,2015,6,403789.39
2301604,01,Cariri,2015,6,463710.47
2301901,01,Cariri,2015,6,1061628.5199999998
2302503,01,Cariri,2015,6,2912996.825
2303204,01,Cariri,2015,6,1319044.31
2304202,01,Cariri,2015,6,1787205.045
2307106,01,Cariri,2015,6,284918.1349999999
2307205,01,Cariri,2015,6,166463.31999999998
2307304,01,Cariri,2015,6,3481805.12
2307502,01,Cariri,2015,6,290940.2
2308302,01,Cariri,2015,6,323928.90499999997
2310605,01,Cariri,2015,6,170628.58999999997
2311108,01,Cariri,2015,6,2174910.8850000002
2314003,01,Cariri,2015,6,490138.74
2300309,02,Centro Sul,2015,6,461256.91000000003
2303600,02,Centro Sul,2015,6,149721.60499999998
2303808,02,Centro Sul,2015,6,157220.71999999997
2305506,02,Centro Sul,2015,6,961928.1350000002
2311355,02,Centro Sul,2015,6,371276.67499999993
2311900,02,Centro Sul,2015,6,142711.21500000003
2301000,03,Grande Fortaleza,2015,6,999558.9850000001
2303501,03,Grande Fortaleza,2015,6,1950946.86
2303709,03,Grande Fortaleza,2015,6,7289973.374999998
2303956,03,Grande Fortaleza,2015,6,316774.67499999993
2304285,03,Grande Fortaleza,2015,6,170759.7649999999
2304400,03,Grande Fortaleza,2015,6,53138421.125
2304954,03,Grande Fortaleza,2015,6,61178.56
2305233,03,Grande Fortaleza,2015,6,2143371.1599999997
2306256,03,Grande Fortaleza,2015,6,447808.20499999984
2307650,03,Grande Fortaleza,2015,6,7740739.499999999
2307700,03,Grande Fortaleza,2015,6,2053685.3599999999
2309607,03,Grande Fortaleza,2015,6,799677.0599999999
2310209,03,Grande Fortaleza,2015,6,171232.27000000002
2310852,03,Grande Fortaleza,2015,6,182071.385
2312601,03,Grande Fortaleza,2015,6,1319108.325
2313500,03,Grande Fortaleza,2015,6,858124.565
2301109,04,Litoral Leste,2015,6,526233.45
2302206,04,Litoral Leste,2015,6,570176.6849999999
2304459,04,Litoral Leste,2015,6,100291.78499999999
2305357,04,Litoral Leste,2015,6,700248.4299999999
2306207,04,Litoral Leste,2015,6,135326.02
2307007,04,Litoral Leste,2015,6,392197.03500000015
2300200,05,Litoral Norte,2015,6,205622.15499999997
2302305,05,Litoral Norte,2015,6,115475.31000000006
2303907,05,Litoral Norte,2015,6,258294.655
2304251,05,Litoral Norte,2015,6,264384.4199999999
2304707,05,Litoral Norte,2015,6,2523190.25
2306553,05,Litoral Norte,2015,6,249681.8450000001
2307254,05,Litoral Norte,2015,6,562402.0399999999
2307809,05,Litoral Norte,2015,6,1145482.03
2307908,05,Litoral Norte,2015,6,326210.7150000001
2308906,05,Litoral Norte,2015,6,872851.9500000001
2300754,06,Litoral Oeste / Vale do Curu,2015,6,610294.2550000001
2300903,06,Litoral Oeste / Vale do Curu,2015,6,94182.14500000002
2306108,06,Litoral Oeste / Vale do Curu,2015,6,635810.0800000001
2306405,06,Litoral Oeste / Vale do Curu,2015,6,2912593.7349999994
2308377,06,Litoral Oeste / Vale do Curu,2015,6,602764.27
2310704,06,Litoral Oeste / Vale do Curu,2015,6,96106.58499999996
2313351,06,Litoral Oeste / Vale do Curu,2015,6,769189.735
2313757,06,Litoral Oeste / Vale do Curu,2015,6,193565.55499999993
2313807,06,Litoral Oeste / Vale do Curu,2015,6,51871.595
2300150,07,Maciço do Baturité,2015,6,131746.88499999998
2301208,07,Maciço do Baturité,2015,6,71591.18999999994
2301406,07,Maciço do Baturité,2015,6,37687.86499999999
2302107,07,Maciço do Baturité,2015,6,70373.26
2302909,07,Maciço do Baturité,2015,6,270775.245
2306504,07,Maciço do Baturité,2015,6,402718.775
2309102,07,Maciço do Baturité,2015,6,1114831.68
2309458,07,Maciço do Baturité,2015,6,136017.02000000002
2309805,07,Maciço do Baturité,2015,6,106653.775
2310100,07,Maciço do Baturité,2015,6,77818.495
2311603,07,Maciço do Baturité,2015,6,315485.815
2304236,08,Serra da Ibiapaba,2015,6,294449.485
2305001,08,Serra da Ibiapaba,2015,6,543163.325
2305308,08,Serra da Ibiapaba,2015,6,443693.32000000007
2313401,08,Serra da Ibiapaba,2015,6,2453754.8449999997
2313609,08,Serra da Ibiapaba,2015,6,1743116.4300000002
2301851,09,Sertão Central,2015,6,203961.72999999998
2303931,09,Sertão Central,2015,6,570734.9800000001
2304269,09,Sertão Central,2015,6,318867.27
2305332,09,Sertão Central,2015,6,225949.565
2308351,09,Sertão Central,2015,6,152912.59999999998
2308500,09,Sertão Central,2015,6,662213.47
2310902,09,Sertão Central,2015,6,439537.115
2311306,09,Sertão Central,2015,6,11629.899999999907
2312700,09,Sertão Central,2015,6,199843.47000000003
2313005,09,Sertão Central,2015,6,96224.875
2302800,10,Sertão de Canindé,2015,6,0.0
2303006,10,Sertão de Canindé,2015,6,144382.45500000002
2307635,10,Sertão de Canindé,2015,6,2966.3600000000006
2310407,10,Sertão de Canindé,2015,6,108663.77500000002
2304004,11,Sertão de Sobral,2015,6,2041404.8199999998
2304509,11,Sertão de Sobral,2015,6,162141.4
2304905,11,Sertão de Sobral,2015,6,73659.29000000004
2308005,11,Sertão de Sobral,2015,6,365184.20999999996
2308807,11,Sertão de Sobral,2015,6,638668.62
2312007,11,Sertão de Sobral,2015,6,212686.57999999996
2312908,11,Sertão de Sobral,2015,6,2514521.7300000004
2304103,12,Sertão dos Crateús,2015,6,1155951.735
2305902,12,Sertão dos Crateús,2015,6,521236.97000000003
2309300,12,Sertão dos Crateús,2015,6,368868.165
2309409,12,Sertão dos Crateús,2015,6,231086.19000000006
2312205,12,Sertão dos Crateús,2015,6,608750.655
2300408,13,Sertão dos Inhamuns,2015,6,0.0
2300705,14,Vale do Jaguaribe,2015,6,921112.0249999999
2306009,14,Vale do Jaguaribe,2015,6,668151.4849999999
2306801,14,Vale do Jaguaribe,2015,6,73555.94
2306900,14,Vale do Jaguaribe,2015,6,1563866.5300000003
2307601,14,Vale do Jaguaribe,2015,6,84146.59000000008
2308708,14,Vale do Jaguaribe,2015,6,486423.82999999996
2311231,14,Vale do Jaguaribe,2015,6,378893.67000000004
2311801,14,Vale do Jaguaribe,2015,6,949774.5
2312502,14,Vale do Jaguaribe,2015,6,188435.84000000003
2313104,14,Vale do Jaguaribe,2015,6,49583.89999999998
2300101,01,Cariri,2015,7,50230.359999999986
2301604,01,Cariri,2015,7,140585.29000000004
2301901,01,Cariri,2015,7,624828.5249999999
2302503,01,Cariri,2015,7,1674726.3449999997
2303204,01,Cariri,2015,7,724704.7949999999
2304202,01,Cariri,2015,7,11147644.84
2307106,01,Cariri,2015,7,1303437.2000000002
2307205,01,Cariri,2015,7,6724.515000000014
2307304,01,Cariri,2015,7,1845337.0549999997
2307502,01,Cariri,2015,7,300907.79000000004
2308302,01,Cariri,2015,7,156227.65000000002
2310605,01,Cariri,2015,7,48955.80000000005
2311108,01,Cariri,2015,7,0.0
2314003,01,Cariri,2015,7,244418.06499999994
2300309,02,Centro Sul,2015,7,482823.59999999986
2303600,02,Centro Sul,2015,7,569676.3450000001
2303808,02,Centro Sul,2015,7,150852.30000000005
2305407,02,Centro Sul,2015,7,1383650.4649999999
2305506,02,Centro Sul,2015,7,1544481.4049999998
2311355,02,Centro Sul,2015,7,199105.13000000012
2311900,02,Centro Sul,2015,7,64282.919999999984
2301000,03,Grande Fortaleza,2015,7,306556.875
2303501,03,Grande Fortaleza,2015,7,44652.23999999976
2303709,03,Grande Fortaleza,2015,7,6358841.07
2303956,03,Grande Fortaleza,2015,7,597415.2899999999
2304285,03,Grande Fortaleza,2015,7,430692.1150000002
2304400,03,Grande Fortaleza,2015,7,27248392.669999987
2304954,03,Grande Fortaleza,2015,7,38586.534999999974
2305233,03,Grande Fortaleza,2015,7,1500386.7400000002
2306256,03,Grande Fortaleza,2015,7,178754.34000000008
2307650,03,Grande Fortaleza,2015,7,3471580.7750000022
2307700,03,Grande Fortaleza,2015,7,1222992.165
2309607,03,Grande Fortaleza,2015,7,429226.7100000002
2310209,03,Grande Fortaleza,2015,7,73904.18
2310852,03,Grande Fortaleza,2015,7,165231.75999999995
2312601,03,Grande Fortaleza,2015,7,309933.17500000005
2313500,03,Grande Fortaleza,2015,7,785689.2000000002
2301109,04,Litoral Leste,2015,7,260184.79000000004
2302206,04,Litoral Leste,2015,7,1049086.4500000002
2304459,04,Litoral Leste,2015,7,131457.84500000003
2305357,04,Litoral Leste,2015,7,736043.74
2306207,04,Litoral Leste,2015,7,46762.41499999998
2307007,04,Litoral Leste,2015,7,237464.70499999984
2300200,05,Litoral Norte,2015,7,999.5
2302305,05,Litoral Norte,2015,7,868943.375
2303907,05,Litoral Norte,2015,7,223682.79499999998
2304251,05,Litoral Norte,2015,7,377707.4199999999
2304707,05,Litoral Norte,2015,7,377828.38999999966
2306553,05,Litoral Norte,2015,7,670031.855
2307254,05,Litoral Norte,2015,7,393599.095
2307809,05,Litoral Norte,2015,7,399622.93500000006
2307908,05,Litoral Norte,2015,7,114772.71500000008
2308906,05,Litoral Norte,2015,7,178882.15999999992
2300754,06,Litoral Oeste / Vale do Curu,2015,7,576628.7199999997
2300903,06,Litoral Oeste / Vale do Curu,2015,7,37601.22000000009
2306108,06,Litoral Oeste / Vale do Curu,2015,7,366089.0349999999
2306405,06,Litoral Oeste / Vale do Curu,2015,7,2268383.5
2308377,06,Litoral Oeste / Vale do Curu,2015,7,148319.68999999994
2310704,06,Litoral Oeste / Vale do Curu,2015,7,264790.17999999993
2313351,06,Litoral Oeste / Vale do Curu,2015,7,359952.7050000001
2313757,06,Litoral Oeste / Vale do Curu,2015,7,59090.625
2313807,06,Litoral Oeste / Vale do Curu,2015,7,148805.365
2300150,07,Maciço do Baturité,2015,7,201273.365
2301208,07,Maciço do Baturité,2015,7,261632.30000000005
2301406,07,Maciço do Baturité,2015,7,163971.96
2302107,07,Maciço do Baturité,2015,7,38511.645000000004
2302909,07,Maciço do Baturité,2015,7,289014.655
2306504,07,Maciço do Baturité,2015,7,209613.09999999998
2309102,07,Maciço do Baturité,2015,7,356720.115
2309458,07,Maciço do Baturité,2015,7,80853.55000000005
2309805,07,Maciço do Baturité,2015,7,2525.8250000000116
2310100,07,Maciço do Baturité,2015,7,8040.270000000019
2311603,07,Maciço do Baturité,2015,7,327179.23
2305308,08,Serra da Ibiapaba,2015,7,651827.8900000001
2313401,08,Serra da Ibiapaba,2015,7,674754.7650000006
2313609,08,Serra da Ibiapaba,2015,7,1060010.1550000003
2301851,09,Sertão Central,2015,7,355756.5050000001
2303931,09,Sertão Central,2015,7,49658.60999999987
2304269,09,Sertão Central,2015,7,89829.67999999993
2305332,09,Sertão Central,2015,7,43944.02500000002
2308351,09,Sertão Central,2015,7,176379.56500000006
2308500,09,Sertão Central,2015,7,753424.06
2310902,09,Sertão Central,2015,7,542087.825
2311306,09,Sertão Central,2015,7,140612.4850000001
2311405,09,Sertão Central,2015,7,6135789.714999999
2312700,09,Sertão Central,2015,7,284270.765
2313005,09,Sertão Central,2015,7,190096.51499999996
2302800,10,Sertão de Canindé,2015,7,84103.06999999995
2307635,10,Sertão de Canindé,2015,7,180135.54499999998
2304004,11,Sertão de Sobral,2015,7,194667.55500000017
2304509,11,Sertão de Sobral,2015,7,150806.315
2304905,11,Sertão de Sobral,2015,7,183059.21999999997
2308005,11,Sertão de Sobral,2015,7,1286987.63
2308807,11,Sertão de Sobral,2015,7,58564.939999999944
2312007,11,Sertão de Sobral,2015,7,369622.80000000005
2312908,11,Sertão de Sobral,2015,7,1707581.8499999996
2304103,12,Sertão dos Crateús,2015,7,475957.2999999998
2305902,12,Sertão dos Crateús,2015,7,73626.30499999993
2309300,12,Sertão dos Crateús,2015,7,104770.98499999999
2309409,12,Sertão dos Crateús,2015,7,317350.20999999996
2312205,12,Sertão dos Crateús,2015,7,235289.61999999988
2300408,13,Sertão dos Inhamuns,2015,7,1162029.9649999999
2300705,14,Vale do Jaguaribe,2015,7,230153.89500000002
2306009,14,Vale do Jaguaribe,2015,7,282332.39000000013
2306801,14,Vale do Jaguaribe,2015,7,229069.91499999998
2306900,14,Vale do Jaguaribe,2015,7,1088913.7199999997
2307601,14,Vale do Jaguaribe,2015,7,439751.78
2308708,14,Vale do Jaguaribe,2015,7,541236.7649999999
2311231,14,Vale do Jaguaribe,2015,7,565858.02
2311801,14,Vale do Jaguaribe,2015,7,823696.1949999994
2312502,14,Vale do Jaguaribe,2015,7,138913.13
2313104,14,Vale do Jaguaribe,2015,7,1197971.19
2300101,01,Cariri,2015,8,50230.359999999986
2301604,01,Cariri,2015,8,140585.29000000004
2301901,01,Cariri,2015,8,624828.5249999999
2302503,01,Cariri,2015,8,1674726.3449999997
2303204,01,Cariri,2015,8,724704.7949999999
2304202,01,Cariri,2015,8,11147644.84
2307106,01,Cariri,2015,8,1303437.2000000002
2307205,01,Cariri,2015,8,6724.515000000014
2307304,01,Cariri,2015,8,1845337.0549999997
2307502,01,Cariri,2015,8,300907.79000000004
2308302,01,Cariri,2015,8,156227.65000000002
2310605,01,Cariri,2015,8,48955.80000000005
2311108,01,Cariri,2015,8,0.0
2314003,01,Cariri,2015,8,244418.06499999994
2300309,02,Centro Sul,2015,8,482823.59999999986
2303600,02,Centro Sul,2015,8,569676.3450000001
2303808,02,Centro Sul,2015,8,150852.30000000005
2305407,02,Centro Sul,2015,8,1383650.4649999999
2305506,02,Centro Sul,2015,8,1544481.4049999998
2311355,02,Centro Sul,2015,8,199105.13000000012
2311900,02,Centro Sul,2015,8,64282.919999999984
2301000,03,Grande Fortaleza,2015,8,306556.875
2303501,03,Grande Fortaleza,2015,8,44652.23999999976
2303709,03,Grande Fortaleza,2015,8,6358841.07
2303956,03,Grande Fortaleza,2015,8,597415.2899999999
2304285,03,Grande Fortaleza,2015,8,430692.1150000002
2304400,03,Grande Fortaleza,2015,8,27248392.669999987
2304954,03,Grande Fortaleza,2015,8,38586.534999999974
2305233,03,Grande Fortaleza,2015,8,1500386.7400000002
2306256,03,Grande Fortaleza,2015,8,178754.34000000008
2307650,03,Grande Fortaleza,2015,8,3471580.7750000022
2307700,03,Grande Fortaleza,2015,8,1222992.165
2309607,03,Grande Fortaleza,2015,8,429226.7100000002
2310209,03,Grande Fortaleza,2015,8,73904.18
2310852,03,Grande Fortaleza,2015,8,165231.75999999995
2312601,03,Grande Fortaleza,2015,8,309933.17500000005
2313500,03,Grande Fortaleza,2015,8,785689.2000000002
2301109,04,Litoral Leste,2015,8,260184.79000000004
2302206,04,Litoral Leste,2015,8,1049086.4500000002
2304459,04,Litoral Leste,2015,8,131457.84500000003
2305357,04,Litoral Leste,2015,8,736043.74
2306207,04,Litoral Leste,2015,8,46762.41499999998
2307007,04,Litoral Leste,2015,8,237464.70499999984
2300200,05,Litoral Norte,2015,8,999.5
2302305,05,Litoral Norte,2015,8,868943.375
2303907,05,Litoral Norte,2015,8,223682.79499999998
2304251,05,Litoral Norte,2015,8,377707.4199999999
2304707,05,Litoral Norte,2015,8,377828.38999999966
2306553,05,Litoral Norte,2015,8,670031.855
2307254,05,Litoral Norte,2015,8,393599.095
2307809,05,Litoral Norte,2015,8,399622.93500000006
2307908,05,Litoral Norte,2015,8,114772.71500000008
2308906,05,Litoral Norte,2015,8,178882.15999999992
2300754,06,Litoral Oeste / Vale do Curu,2015,8,576628.7199999997
2300903,06,Litoral Oeste / Vale do Curu,2015,8,37601.22000000009
2306108,06,Litoral Oeste / Vale do Curu,2015,8,366089.0349999999
2306405,06,Litoral Oeste / Vale do Curu,2015,8,2268383.5
2308377,06,Litoral Oeste / Vale do Curu,2015,8,148319.68999999994
2310704,06,Litoral Oeste / Vale do Curu,2015,8,264790.17999999993
2313351,06,Litoral Oeste / Vale do Curu,2015,8,359952.7050000001
2313757,06,Litoral Oeste / Vale do Curu,2015,8,59090.625
2313807,06,Litoral Oeste / Vale do Curu,2015,8,148805.365
2300150,07,Maciço do Baturité,2015,8,201273.365
2301208,07,Maciço do Baturité,2015,8,261632.30000000005
2301406,07,Maciço do Baturité,2015,8,163971.96
2302107,07,Maciço do Baturité,2015,8,38511.645000000004
2302909,07,Maciço do Baturité,2015,8,289014.655
2306504,07,Maciço do Baturité,2015,8,209613.09999999998
2309102,07,Maciço do Baturité,2015,8,356720.115
2309458,07,Maciço do Baturité,2015,8,80853.55000000005
2309805,07,Maciço do Baturité,2015,8,2525.8250000000116
2310100,07,Maciço do Baturité,2015,8,8040.270000000019
2311603,07,Maciço do Baturité,2015,8,327179.23
2305308,08,Serra da Ibiapaba,2015,8,651827.8900000001
2313401,08,Serra da Ibiapaba,2015,8,674754.7650000006
2313609,08,Serra da Ibiapaba,2015,8,1060010.1550000003
2301851,09,Sertão Central,2015,8,355756.5050000001
2303931,09,Sertão Central,2015,8,49658.60999999987
2304269,09,Sertão Central,2015,8,89829.67999999993
2305332,09,Sertão Central,2015,8,43944.02500000002
2308351,09,Sertão Central,2015,8,176379.56500000006
2308500,09,Sertão Central,2015,8,753424.06
2310902,09,Sertão Central,2015,8,542087.825
2311306,09,Sertão Central,2015,8,140612.4850000001
2311405,09,Sertão Central,2015,8,6135789.714999999
2312700,09,Sertão Central,2015,8,284270.765
2313005,09,Sertão Central,2015,8,190096.51499999996
2302800,10,Sertão de Canindé,2015,8,84103.06999999995
2307635,10,Sertão de Canindé,2015,8,180135.54499999998
2304004,11,Sertão de Sobral,2015,8,194667.55500000017
2304509,11,Sertão de Sobral,2015,8,150806.315
2304905,11,Sertão de Sobral,2015,8,183059.21999999997
2308005,11,Sertão de Sobral,2015,8,1286987.63
2308807,11,Sertão de Sobral,2015,8,58564.939999999944
2312007,11,Sertão de Sobral,2015,8,369622.80000000005
2312908,11,Sertão de Sobral,2015,8,1707581.8499999996
2304103,12,Sertão dos Crateús,2015,8,475957.2999999998
2305902,12,Sertão dos Crateús,2015,8,73626.30499999993
2309300,12,Sertão dos Crateús,2015,8,104770.98499999999
2309409,12,Sertão dos Crateús,2015,8,317350.20999999996
2312205,12,Sertão dos Crateús,2015,8,235289.61999999988
2300408,13,Sertão dos Inhamuns,2015,8,1162029.9649999999
2300705,14,Vale do Jaguaribe,2015,8,230153.89500000002
2306009,14,Vale do Jaguaribe,2015,8,282332.39000000013
2306801,14,Vale do Jaguaribe,2015,8,229069.91499999998
2306900,14,Vale do Jaguaribe,2015,8,1088913.7199999997
2307601,14,Vale do Jaguaribe,2015,8,439751.78
2308708,14,Vale do Jaguaribe,2015,8,541236.7649999999
2311231,14,Vale do Jaguaribe,2015,8,565858.02
2311801,14,Vale do Jaguaribe,2015,8,823696.1949999994
2312502,14,Vale do Jaguaribe,2015,8,138913.13
2313104,14,Vale do Jaguaribe,2015,8,1197971.19
2300101,01,Cariri,2015,9,114263.32499999995
2301604,01,Cariri,2015,9,1183239.0
2301901,01,Cariri,2015,9,506295.9000000004
2302503,01,Cariri,2015,9,398978.45999999996
2303204,01,Cariri,2015,9,293514.8300000001
2304202,01,Cariri,2015,9,1061709.3900000006
2307106,01,Cariri,2015,9,116809.125
2307205,01,Cariri,2015,9,20413.5
2307304,01,Cariri,2015,9,2053292.1850000005
2307502,01,Cariri,2015,9,331485.05500000005
2308302,01,Cariri,2015,9,971815.1299999999
2310605,01,Cariri,2015,9,48575.880000000005
2311108,01,Cariri,2015,9,455038.69499999983
2314003,01,Cariri,2015,9,389922.30000000005
2300309,02,Centro Sul,2015,9,387634.7100000002
2303600,02,Centro Sul,2015,9,308869.56999999983
2303808,02,Centro Sul,2015,9,397456.66500000004
2305407,02,Centro Sul,2015,9,286649.05500000017
2305506,02,Centro Sul,2015,9,1377771.21
2311355,02,Centro Sul,2015,9,83153.45999999996
2311900,02,Centro Sul,2015,9,55714.475000000006
2301000,03,Grande Fortaleza,2015,9,20966.119999999646
2303501,03,Grande Fortaleza,2015,9,68357.21500000032
2303709,03,Grande Fortaleza,2015,9,5407956.800000001
2303956,03,Grande Fortaleza,2015,9,134053.18500000006
2304285,03,Grande Fortaleza,2015,9,543727.7349999999
2304400,03,Grande Fortaleza,2015,9,25693170.950000018
2304954,03,Grande Fortaleza,2015,9,60274.310000000056
2306256,03,Grande Fortaleza,2015,9,521279.23499999987
2307650,03,Grande Fortaleza,2015,9,1151825.7249999978
2307700,03,Grande Fortaleza,2015,9,0.0
2309607,03,Grande Fortaleza,2015,9,588168.2799999998
2310209,03,Grande Fortaleza,2015,9,213499.65499999997
2310852,03,Grande Fortaleza,2015,9,240205.69500000007
2312601,03,Grande Fortaleza,2015,9,245.0
2313500,03,Grande Fortaleza,2015,9,684352.895
2301109,04,Litoral Leste,2015,9,1067557.535
2302206,04,Litoral Leste,2015,9,672992.7199999997
2304459,04,Litoral Leste,2015,9,174093.72000000003
2305357,04,Litoral Leste,2015,9,181730.1000000001
2306207,04,Litoral Leste,2015,9,82865.51000000001
2307007,04,Litoral Leste,2015,9,424896.9400000002
2300200,05,Litoral Norte,2015,9,305475.91500000004
2302305,05,Litoral Norte,2015,9,25308.49500000011
2303907,05,Litoral Norte,2015,9,97732.71499999997
2304251,05,Litoral Norte,2015,9,262097.52000000025
2304707,05,Litoral Norte,2015,9,2065316.2250000006
2306553,05,Litoral Norte,2015,9,717961.9799999997
2307254,05,Litoral Norte,2015,9,73169.23999999999
2307809,05,Litoral Norte,2015,9,512052.18999999994
2307908,05,Litoral Norte,2015,9,161895.15999999992
2308906,05,Litoral Norte,2015,9,340492.905
2300903,06,Litoral Oeste / Vale do Curu,2015,9,75702.625
2306108,06,Litoral Oeste / Vale do Curu,2015,9,172428.21500000008
2306405,06,Litoral Oeste / Vale do Curu,2015,9,598681.745000001
2308377,06,Litoral Oeste / Vale do Curu,2015,9,26502.130000000005
2310704,06,Litoral Oeste / Vale do Curu,2015,9,698444.2350000001
2313351,06,Litoral Oeste / Vale do Curu,2015,9,288330.1200000001
2313757,06,Litoral Oeste / Vale do Curu,2015,9,235954.18500000006
2313807,06,Litoral Oeste / Vale do Curu,2015,9,70429.71500000003
2300150,07,Maciço do Baturité,2015,9,95603.91000000003
2301208,07,Maciço do Baturité,2015,9,1110112.2850000001
2301406,07,Maciço do Baturité,2015,9,190402.11000000004
2302107,07,Maciço do Baturité,2015,9,6697.999999999985
2302909,07,Maciço do Baturité,2015,9,79282.39500000002
2306504,07,Maciço do Baturité,2015,9,51340.369999999995
2309102,07,Maciço do Baturité,2015,9,160319.865
2309458,07,Maciço do Baturité,2015,9,1829.4949999999953
2309805,07,Maciço do Baturité,2015,9,1704.4249999999884
2310100,07,Maciço do Baturité,2015,9,357.5
2311603,07,Maciço do Baturité,2015,9,0.0
2304236,08,Serra da Ibiapaba,2015,9,980435.9
2305308,08,Serra da Ibiapaba,2015,9,14612.884999999776
2313401,08,Serra da Ibiapaba,2015,9,840409.0549999997
2313609,08,Serra da Ibiapaba,2015,9,87132.14999999944
2301851,09,Sertão Central,2015,9,143431.25
2303931,09,Sertão Central,2015,9,203670.84000000008
2304269,09,Sertão Central,2015,9,145641.39500000002
2305332,09,Sertão Central,2015,9,43571.64499999996
2308351,09,Sertão Central,2015,9,476339.08999999985
2308500,09,Sertão Central,2015,9,364857.27
2310902,09,Sertão Central,2015,9,347888.93999999994
2311306,09,Sertão Central,2015,9,35735.67500000005
2311405,09,Sertão Central,2015,9,937918.4700000007
2312700,09,Sertão Central,2015,9,288127.20499999996
2313005,09,Sertão Central,2015,9,162392.69000000006
2302800,10,Sertão de Canindé,2015,9,353358.8500000001
2307635,10,Sertão de Canindé,2015,9,202283.43999999997
2310407,10,Sertão de Canindé,2015,9,108375.82500000001
2304004,11,Sertão de Sobral,2015,9,195844.43999999994
2304509,11,Sertão de Sobral,2015,9,1226.5
2304905,11,Sertão de Sobral,2015,9,62375.19999999995
2308005,11,Sertão de Sobral,2015,9,1019526.6299999999
2308807,11,Sertão de Sobral,2015,9,2767.5
2312007,11,Sertão de Sobral,2015,9,0.0
2312908,11,Sertão de Sobral,2015,9,1463414.9800000004
2304103,12,Sertão dos Crateús,2015,9,805051.645
2305902,12,Sertão dos Crateús,2015,9,17269.5
2309300,12,Sertão dos Crateús,2015,9,20250.0
2309409,12,Sertão dos Crateús,2015,9,1464375.1899999997
2312205,12,Sertão dos Crateús,2015,9,117490.89500000002
2300408,13,Sertão dos Inhamuns,2015,9,318137.53
2300705,14,Vale do Jaguaribe,2015,9,939585.5699999998
2306009,14,Vale do Jaguaribe,2015,9,279718.58499999996
2306801,14,Vale do Jaguaribe,2015,9,3667.0
2306900,14,Vale do Jaguaribe,2015,9,1315256.8049999997
2307601,14,Vale do Jaguaribe,2015,9,115945.92999999993
2308708,14,Vale do Jaguaribe,2015,9,245457.8450000002
2311231,14,Vale do Jaguaribe,2015,9,805867.2450000001
2311801,14,Vale do Jaguaribe,2015,9,788732.375
2312502,14,Vale do Jaguaribe,2015,9,100022.93999999994
2313104,14,Vale do Jaguaribe,2015,9,86582.08499999996
2300101,01,Cariri,2015,10,114263.32499999995
2301604,01,Cariri,2015,10,1183239.0
2301901,01,Cariri,2015,10,506295.9000000004
2302503,01,Cariri,2015,10,398978.45999999996
2303204,01,Cariri,2015,10,293514.8300000001
2304202,01,Cariri,2015,10,1061709.3900000006
2307106,01,Cariri,2015,10,116809.125
2307205,01,Cariri,2015,10,20413.5
2307304,01,Cariri,2015,10,2053292.1850000005
2307502,01,Cariri,2015,10,331485.05500000005
2308302,01,Cariri,2015,10,971815.1299999999
2310605,01,Cariri,2015,10,48575.880000000005
2311108,01,Cariri,2015,10,455038.69499999983
2314003,01,Cariri,2015,10,389922.30000000005
2300309,02,Centro Sul,2015,10,387634.7100000002
2303600,02,Centro Sul,2015,10,308869.56999999983
2303808,02,Centro Sul,2015,10,397456.66500000004
2305407,02,Centro Sul,2015,10,286649.05500000017
2305506,02,Centro Sul,2015,10,1377771.21
2311355,02,Centro Sul,2015,10,83153.45999999996
2311900,02,Centro Sul,2015,10,55714.475000000006
2301000,03,Grande Fortaleza,2015,10,20966.119999999646
2303501,03,Grande Fortaleza,2015,10,68357.21500000032
2303709,03,Grande Fortaleza,2015,10,5407956.800000001
2303956,03,Grande Fortaleza,2015,10,134053.18500000006
2304285,03,Grande Fortaleza,2015,10,543727.7349999999
2304400,03,Grande Fortaleza,2015,10,25693170.950000018
2304954,03,Grande Fortaleza,2015,10,60274.310000000056
2306256,03,Grande Fortaleza,2015,10,521279.23499999987
2307650,03,Grande Fortaleza,2015,10,1151825.7249999978
2307700,03,Grande Fortaleza,2015,10,0.0
2309607,03,Grande Fortaleza,2015,10,588168.2799999998
2310209,03,Grande Fortaleza,2015,10,213499.65499999997
2310852,03,Grande Fortaleza,2015,10,240205.69500000007
2312601,03,Grande Fortaleza,2015,10,245.0
2313500,03,Grande Fortaleza,2015,10,684352.895
2301109,04,Litoral Leste,2015,10,1067557.535
2302206,04,Litoral Leste,2015,10,672992.7199999997
2304459,04,Litoral Leste,2015,10,174093.72000000003
2305357,04,Litoral Leste,2015,10,181730.1000000001
2306207,04,Litoral Leste,2015,10,82865.51000000001
2307007,04,Litoral Leste,2015,10,424896.9400000002
2300200,05,Litoral Norte,2015,10,305475.91500000004
2302305,05,Litoral Norte,2015,10,25308.49500000011
2303907,05,Litoral Norte,2015,10,97732.71499999997
2304251,05,Litoral Norte,2015,10,262097.52000000025
2304707,05,Litoral Norte,2015,10,2065316.2250000006
2306553,05,Litoral Norte,2015,10,717961.9799999997
2307254,05,Litoral Norte,2015,10,73169.23999999999
2307809,05,Litoral Norte,2015,10,512052.18999999994
2307908,05,Litoral Norte,2015,10,161895.15999999992
2308906,05,Litoral Norte,2015,10,340492.905
2300903,06,Litoral Oeste / Vale do Curu,2015,10,75702.625
2306108,06,Litoral Oeste / Vale do Curu,2015,10,172428.21500000008
2306405,06,Litoral Oeste / Vale do Curu,2015,10,598681.745000001
2308377,06,Litoral Oeste / Vale do Curu,2015,10,26502.130000000005
2310704,06,Litoral Oeste / Vale do Curu,2015,10,698444.2350000001
2313351,06,Litoral Oeste / Vale do Curu,2015,10,288330.1200000001
2313757,06,Litoral Oeste / Vale do Curu,2015,10,235954.18500000006
2313807,06,Litoral Oeste / Vale do Curu,2015,10,70429.71500000003
2300150,07,Maciço do Baturité,2015,10,95603.91000000003
2301208,07,Maciço do Baturité,2015,10,1110112.2850000001
2301406,07,Maciço do Baturité,2015,10,190402.11000000004
2302107,07,Maciço do Baturité,2015,10,6697.999999999985
2302909,07,Maciço do Baturité,2015,10,79282.39500000002
2306504,07,Maciço do Baturité,2015,10,51340.369999999995
2309102,07,Maciço do Baturité,2015,10,160319.865
2309458,07,Maciço do Baturité,2015,10,1829.4949999999953
2309805,07,Maciço do Baturité,2015,10,1704.4249999999884
2310100,07,Maciço do Baturité,2015,10,357.5
2311603,07,Maciço do Baturité,2015,10,0.0
2304236,08,Serra da Ibiapaba,2015,10,980435.9
2305308,08,Serra da Ibiapaba,2015,10,14612.884999999776
2313401,08,Serra da Ibiapaba,2015,10,840409.0549999997
2313609,08,Serra da Ibiapaba,2015,10,87132.14999999944
2301851,09,Sertão Central,2015,10,143431.25
2303931,09,Sertão Central,2015,10,203670.84000000008
2304269,09,Sertão Central,2015,10,145641.39500000002
2305332,09,Sertão Central,2015,10,43571.64499999996
2308351,09,Sertão Central,2015,10,476339.08999999985
2308500,09,Sertão Central,2015,10,364857.27
2310902,09,Sertão Central,2015,10,347888.93999999994
2311306,09,Sertão Central,2015,10,35735.67500000005
2311405,09,Sertão Central,2015,10,937918.4700000007
2312700,09,Sertão Central,2015,10,288127.20499999996
2313005,09,Sertão Central,2015,10,162392.69000000006
2302800,10,Sertão de Canindé,2015,10,353358.8500000001
2307635,10,Sertão de Canindé,2015,10,202283.43999999997
2310407,10,Sertão de Canindé,2015,10,108375.82500000001
2304004,11,Sertão de Sobral,2015,10,195844.43999999994
2304509,11,Sertão de Sobral,2015,10,1226.5
2304905,11,Sertão de Sobral,2015,10,62375.19999999995
2308005,11,Sertão de Sobral,2015,10,1019526.6299999999
2308807,11,Sertão de Sobral,2015,10,2767.5
2312007,11,Sertão de Sobral,2015,10,0.0
2312908,11,Sertão de Sobral,2015,10,1463414.9800000004
2304103,12,Sertão dos Crateús,2015,10,805051.645
2305902,12,Sertão dos Crateús,2015,10,17269.5
2309300,12,Sertão dos Crateús,2015,10,20250.0
2309409,12,Sertão dos Crateús,2015,10,1464375.1899999997
2312205,12,Sertão dos Crateús,2015,10,117490.89500000002
2300408,13,Sertão dos Inhamuns,2015,10,318137.53
2300705,14,Vale do Jaguaribe,2015,10,939585.5699999998
2306009,14,Vale do Jaguaribe,2015,10,279718.58499999996
2306801,14,Vale do Jaguaribe,2015,10,3667.0
2306900,14,Vale do Jaguaribe,2015,10,1315256.8049999997
2307601,14,Vale do Jaguaribe,2015,10,115945.92999999993
2308708,14,Vale do Jaguaribe,2015,10,245457.8450000002
2311231,14,Vale do Jaguaribe,2015,10,805867.2450000001
2311801,14,Vale do Jaguaribe,2015,10,788732.375
2312502,14,Vale do Jaguaribe,2015,10,100022.93999999994
2313104,14,Vale do Jaguaribe,2015,10,86582.08499999996
2300101,01,Cariri,2015,11,42243.25500000012
2301604,01,Cariri,2015,11,39388.63499999978
2302503,01,Cariri,2015,11,480930.9400000004
2303204,01,Cariri,2015,11,0.0
2304202,01,Cariri,2015,11,0.0
2307106,01,Cariri,2015,11,127938.875
2307205,01,Cariri,2015,11,60468.890000000014
2307304,01,Cariri,2015,11,2172547.375
2307502,01,Cariri,2015,11,915216.6399999999
2308302,01,Cariri,2015,11,0.0
2310605,01,Cariri,2015,11,4441.25
2311108,01,Cariri,2015,11,441420.1749999998
2314003,01,Cariri,2015,11,333119.1599999999
2300309,02,Centro Sul,2015,11,330883.06499999994
2303600,02,Centro Sul,2015,11,0.0
2303808,02,Centro Sul,2015,11,424899.49
2305407,02,Centro Sul,2015,11,258337.06999999983
2305506,02,Centro Sul,2015,11,1679262.875
2311355,02,Centro Sul,2015,11,136447.55499999993
2311900,02,Centro Sul,2015,11,3199.375
2301000,03,Grande Fortaleza,2015,11,372680.625
2303501,03,Grande Fortaleza,2015,11,0.0
2303709,03,Grande Fortaleza,2015,11,4340364.104999997
2303956,03,Grande Fortaleza,2015,11,246282.32499999995
2304285,03,Grande Fortaleza,2015,11,14819.419999999925
2304400,03,Grande Fortaleza,2015,11,78588736.34
2304954,03,Grande Fortaleza,2015,11,23732.125
2305233,03,Grande Fortaleza,2015,11,5265416.079999999
2306256,03,Grande Fortaleza,2015,11,321950.6950000003
2307650,03,Grande Fortaleza,2015,11,0.0
2307700,03,Grande Fortaleza,2015,11,0.0
2309607,03,Grande Fortaleza,2015,11,530386.31
2310209,03,Grande Fortaleza,2015,11,613775.2850000001
2310852,03,Grande Fortaleza,2015,11,338783.8899999999
2312601,03,Grande Fortaleza,2015,11,31015.320000000065
2313500,03,Grande Fortaleza,2015,11,1921753.3749999995
2301109,04,Litoral Leste,2015,11,435896.2750000004
2302206,04,Litoral Leste,2015,11,461880.4199999999
2304459,04,Litoral Leste,2015,11,413690.1
2305357,04,Litoral Leste,2015,11,1396290.7349999999
2306207,04,Litoral Leste,2015,11,116069.03000000003
2307007,04,Litoral Leste,2015,11,517149.7749999999
2300200,05,Litoral Norte,2015,11,845079.6499999999
2302305,05,Litoral Norte,2015,11,159359.3999999999
2303907,05,Litoral Norte,2015,11,198276.07500000007
2304251,05,Litoral Norte,2015,11,635415.3249999997
2304707,05,Litoral Norte,2015,11,0.0
2306553,05,Litoral Norte,2015,11,191085.86500000022
2307254,05,Litoral Norte,2015,11,384219.73500000034
2307809,05,Litoral Norte,2015,11,258469.20500000007
2307908,05,Litoral Norte,2015,11,141359.26
2308906,05,Litoral Norte,2015,11,187876.74499999988
2300754,06,Litoral Oeste / Vale do Curu,2015,11,1374873.21
2300903,06,Litoral Oeste / Vale do Curu,2015,11,251178.515
2306108,06,Litoral Oeste / Vale do Curu,2015,11,312791.2550000001
2306405,06,Litoral Oeste / Vale do Curu,2015,11,0.0
2308377,06,Litoral Oeste / Vale do Curu,2015,11,27248.590000000084
2310704,06,Litoral Oeste / Vale do Curu,2015,11,0.0
2313351,06,Litoral Oeste / Vale do Curu,2015,11,215005.06499999994
2313757,06,Litoral Oeste / Vale do Curu,2015,11,135909.32000000007
2313807,06,Litoral Oeste / Vale do Curu,2015,11,194392.89999999997
2300150,07,Maciço do Baturité,2015,11,157539.57999999996
2301406,07,Maciço do Baturité,2015,11,53298.83499999996
2302107,07,Maciço do Baturité,2015,11,223354.38999999998
2302909,07,Maciço do Baturité,2015,11,218122.45500000007
2306504,07,Maciço do Baturité,2015,11,175443.625
2309102,07,Maciço do Baturité,2015,11,0.0
2309458,07,Maciço do Baturité,2015,11,130447.41499999992
2310100,07,Maciço do Baturité,2015,11,23385.454999999987
2311603,07,Maciço do Baturité,2015,11,142290.85499999998
2305308,08,Serra da Ibiapaba,2015,11,30218.80000000028
2313401,08,Serra da Ibiapaba,2015,11,1159781.33
2313609,08,Serra da Ibiapaba,2015,11,0.0
2314102,08,Serra da Ibiapaba,2015,11,7599402.2
2301851,09,Sertão Central,2015,11,0.0
2303931,09,Sertão Central,2015,11,0.0
2304269,09,Sertão Central,2015,11,254560.7000000002
2305332,09,Sertão Central,2015,11,129916.11500000005
2308351,09,Sertão Central,2015,11,110364.42500000005
2308500,09,Sertão Central,2015,11,609174.75
2310902,09,Sertão Central,2015,11,442639.79000000027
2311306,09,Sertão Central,2015,11,0.0
2311405,09,Sertão Central,2015,11,0.0
2312700,09,Sertão Central,2015,11,607228.3900000001
2302800,10,Sertão de Canindé,2015,11,178039.79999999993
2303006,10,Sertão de Canindé,2015,11,480747.27
2307635,10,Sertão de Canindé,2015,11,303013.4600000001
2310407,10,Sertão de Canindé,2015,11,36875.47499999998
2304004,11,Sertão de Sobral,2015,11,77844.62999999989
2304509,11,Sertão de Sobral,2015,11,389518.64
2304905,11,Sertão de Sobral,2015,11,32488.985000000102
2308005,11,Sertão de Sobral,2015,11,1427323.7550000004
2308807,11,Sertão de Sobral,2015,11,10381.5
2312007,11,Sertão de Sobral,2015,11,0.0
2312908,11,Sertão de Sobral,2015,11,1423634.6999999993
2304103,12,Sertão dos Crateús,2015,11,753274.7000000002
2305902,12,Sertão dos Crateús,2015,11,26864.859999999986
2309300,12,Sertão dos Crateús,2015,11,687886.8550000001
2309409,12,Sertão dos Crateús,2015,11,1010348.7650000001
2312205,12,Sertão dos Crateús,2015,11,1065142.795
2300408,13,Sertão dos Inhamuns,2015,11,11475.800000000047
2300705,14,Vale do Jaguaribe,2015,11,867838.1850000005
2306009,14,Vale do Jaguaribe,2015,11,58229.0
2306801,14,Vale do Jaguaribe,2015,11,0.0
2306900,14,Vale do Jaguaribe,2015,11,720900.2400000002
2307601,14,Vale do Jaguaribe,2015,11,920930.99
2308708,14,Vale do Jaguaribe,2015,11,343974.75
2311231,14,Vale do Jaguaribe,2015,11,369164.31999999983
2311801,14,Vale do Jaguaribe,2015,11,0.0
2312502,14,Vale do Jaguaribe,2015,11,0.0
2313104,14,Vale do Jaguaribe,2015,11,578310.28
2300101,01,Cariri,2015,12,42243.25500000012
2301604,01,Cariri,2015,12,39388.63499999978
2302503,01,Cariri,2015,12,480930.9400000004
2303204,01,Cariri,2015,12,0.0
2304202,01,Cariri,2015,12,0.0
2307106,01,Cariri,2015,12,127938.875
2307205,01,Cariri,2015,12,60468.890000000014
2307304,01,Cariri,2015,12,2172547.375
2307502,01,Cariri,2015,12,915216.6399999999
2308302,01,Cariri,2015,12,0.0
2310605,01,Cariri,2015,12,4441.25
2311108,01,Cariri,2015,12,441420.1749999998
2314003,01,Cariri,2015,12,333119.1599999999
2300309,02,Centro Sul,2015,12,330883.06499999994
2303600,02,Centro Sul,2015,12,0.0
2303808,02,Centro Sul,2015,12,424899.49
2305407,02,Centro Sul,2015,12,258337.06999999983
2305506,02,Centro Sul,2015,12,1679262.875
2311355,02,Centro Sul,2015,12,136447.55499999993
2311900,02,Centro Sul,2015,12,3199.375
2301000,03,Grande Fortaleza,2015,12,372680.625
2303501,03,Grande Fortaleza,2015,12,0.0
2303709,03,Grande Fortaleza,2015,12,4340364.104999997
2303956,03,Grande Fortaleza,2015,12,246282.32499999995
2304285,03,Grande Fortaleza,2015,12,14819.419999999925
2304400,03,Grande Fortaleza,2015,12,78588736.34
2304954,03,Grande Fortaleza,2015,12,23732.125
2305233,03,Grande Fortaleza,2015,12,5265416.079999999
2306256,03,Grande Fortaleza,2015,12,321950.6950000003
2307650,03,Grande Fortaleza,2015,12,0.0
2307700,03,Grande Fortaleza,2015,12,0.0
2309607,03,Grande Fortaleza,2015,12,530386.31
2310209,03,Grande Fortaleza,2015,12,613775.2850000001
2310852,03,Grande Fortaleza,2015,12,338783.8899999999
2312601,03,Grande Fortaleza,2015,12,31015.320000000065
2313500,03,Grande Fortaleza,2015,12,1921753.3749999995
2301109,04,Litoral Leste,2015,12,435896.2750000004
2302206,04,Litoral Leste,2015,12,461880.4199999999
2304459,04,Litoral Leste,2015,12,413690.1
2305357,04,Litoral Leste,2015,12,1396290.7349999999
2306207,04,Litoral Leste,2015,12,116069.03000000003
2307007,04,Litoral Leste,2015,12,517149.7749999999
2300200,05,Litoral Norte,2015,12,845079.6499999999
2302305,05,Litoral Norte,2015,12,159359.3999999999
2303907,05,Litoral Norte,2015,12,198276.07500000007
2304251,05,Litoral Norte,2015,12,635415.3249999997
2304707,05,Litoral Norte,2015,12,0.0
2306553,05,Litoral Norte,2015,12,191085.86500000022
2307254,05,Litoral Norte,2015,12,384219.73500000034
2307809,05,Litoral Norte,2015,12,258469.20500000007
2307908,05,Litoral Norte,2015,12,141359.26
2308906,05,Litoral Norte,2015,12,187876.74499999988
2300754,06,Litoral Oeste / Vale do Curu,2015,12,1374873.21
2300903,06,Litoral Oeste / Vale do Curu,2015,12,251178.515
2306108,06,Litoral Oeste / Vale do Curu,2015,12,312791.2550000001
2306405,06,Litoral Oeste / Vale do Curu,2015,12,0.0
2308377,06,Litoral Oeste / Vale do Curu,2015,12,27248.590000000084
2310704,06,Litoral Oeste / Vale do Curu,2015,12,0.0
2313351,06,Litoral Oeste / Vale do Curu,2015,12,215005.06499999994
2313757,06,Litoral Oeste / Vale do Curu,2015,12,135909.32000000007
2313807,06,Litoral Oeste / Vale do Curu,2015,12,194392.89999999997
2300150,07,Maciço do Baturité,2015,12,157539.57999999996
2301406,07,Maciço do Baturité,2015,12,53298.83499999996
2302107,07,Maciço do Baturité,2015,12,223354.38999999998
2302909,07,Maciço do Baturité,2015,12,218122.45500000007
2306504,07,Maciço do Baturité,2015,12,175443.625
2309102,07,Maciço do Baturité,2015,12,0.0
2309458,07,Maciço do Baturité,2015,12,130447.41499999992
2310100,07,Maciço do Baturité,2015,12,23385.454999999987
2311603,07,Maciço do Baturité,2015,12,142290.85499999998
2305308,08,Serra da Ibiapaba,2015,12,30218.80000000028
2313401,08,Serra da Ibiapaba,2015,12,1159781.33
2313609,08,Serra da Ibiapaba,2015,12,0.0
2314102,08,Serra da Ibiapaba,2015,12,7599402.2
2301851,09,Sertão Central,2015,12,0.0
2303931,09,Sertão Central,2015,12,0.0
2304269,09,Sertão Central,2015,12,254560.7000000002
2305332,09,Sertão Central,2015,12,129916.11500000005
2308351,09,Sertão Central,2015,12,110364.42500000005
2308500,09,Sertão Central,2015,12,609174.75
2310902,09,Sertão Central,2015,12,442639.79000000027
2311306,09,Sertão Central,2015,12,0.0
2311405,09,Sertão Central,2015,12,0.0
2312700,09,Sertão Central,2015,12,607228.3900000001
2302800,10,Sertão de Canindé,2015,12,178039.79999999993
2303006,10,Sertão de Canindé,2015,12,480747.27
2307635,10,Sertão de Canindé,2015,12,303013.4600000001
2310407,10,Sertão de Canindé,2015,12,36875.47499999998
2304004,11,Sertão de Sobral,2015,12,77844.62999999989
2304509,11,Sertão de Sobral,2015,12,389518.64
2304905,11,Sertão de Sobral,2015,12,32488.985000000102
2308005,11,Sertão de Sobral,2015,12,1427323.7550000004
2308807,11,Sertão de Sobral,2015,12,10381.5
2312007,11,Sertão de Sobral,2015,12,0.0
2312908,11,Sertão de Sobral,2015,12,1423634.6999999993
2304103,12,Sertão dos Crateús,2015,12,753274.7000000002
2305902,12,Sertão dos Crateús,2015,12,26864.859999999986
2309300,12,Sertão dos Crateús,2015,12,687886.8550000001
2309409,12,Sertão dos Crateús,2015,12,1010348.7650000001
2312205,12,Sertão dos Crateús,2015,12,1065142.795
2300408,13,Sertão dos Inhamuns,2015,12,11475.800000000047
2300705,14,Vale do Jaguaribe,2015,12,867838.1850000005
2306009,14,Vale do Jaguaribe,2015,12,58229.0
2306801,14,Vale do Jaguaribe,2015,12,0.0
2306900,14,Vale do Jaguaribe,2015,12,720900.2400000002
2307601,14,Vale do Jaguaribe,2015,12,920930.99
2308708,14,Vale do Jaguaribe,2015,12,343974.75
2311231,14,Vale do Jaguaribe,2015,12,369164.31999999983
2311801,14,Vale do Jaguaribe,2015,12,0.0
2312502,14,Vale do Jaguaribe,2015,12,0.0
2313104,14,Vale do Jaguaribe,2015,12,578310.28
2300101,01,Cariri,2016,1,56242.03
2301307,01,Cariri,2016,1,243483.035
2301604,01,Cariri,2016,1,50000.0
2301901,01,Cariri,2016,1,450500.39
2302008,01,Cariri,2016,1,50605.095
2302503,01,Cariri,2016,1,441583.305
2303204,01,Cariri,2016,1,563902.615
2304202,01,Cariri,2016,1,100112.875
2307106,01,Cariri,2016,1,320744.645
2307205,01,Cariri,2016,1,2655.6
2307304,01,Cariri,2016,1,4164235.795
2307502,01,Cariri,2016,1,216386.68
2308104,01,Cariri,2016,1,1679941.17
2308302,01,Cariri,2016,1,442420.97
2309201,01,Cariri,2016,1,11265.475
2310605,01,Cariri,2016,1,44240.51
2311207,01,Cariri,2016,1,107395.615
2311959,01,Cariri,2016,1,279191.925
2312106,01,Cariri,2016,1,24166.38
2313252,01,Cariri,2016,1,249316.235
2314003,01,Cariri,2016,1,171504.265
2301802,02,Centro Sul,2016,1,94229.145
2303600,02,Centro Sul,2016,1,688863.805
2303808,02,Centro Sul,2016,1,204959.275
2305407,02,Centro Sul,2016,1,387329.815
2305506,02,Centro Sul,2016,1,425682.565
2311355,02,Centro Sul,2016,1,293501.17
2311900,02,Centro Sul,2016,1,2802.6
2301000,03,Grande Fortaleza,2016,1,1280649.365
2303501,03,Grande Fortaleza,2016,1,1073487.7
2303709,03,Grande Fortaleza,2016,1,2707670.115
2303956,03,Grande Fortaleza,2016,1,89972.085
2304285,03,Grande Fortaleza,2016,1,3541144.64
2304400,03,Grande Fortaleza,2016,1,19070594.17
2304954,03,Grande Fortaleza,2016,1,45673.63
2305233,03,Grande Fortaleza,2016,1,2286410.965
2306256,03,Grande Fortaleza,2016,1,350995.085
2307650,03,Grande Fortaleza,2016,1,8531147.175
2307700,03,Grande Fortaleza,2016,1,2391774.905
2309607,03,Grande Fortaleza,2016,1,1045117.575
2310209,03,Grande Fortaleza,2016,1,403841.265
2310258,03,Grande Fortaleza,2016,1,351958.275
2310852,03,Grande Fortaleza,2016,1,229387.49
2312601,03,Grande Fortaleza,2016,1,1152.45
2313500,03,Grande Fortaleza,2016,1,873972.65
2301109,04,Litoral Leste,2016,1,339821.09
2302206,04,Litoral Leste,2016,1,874411.04
2304459,04,Litoral Leste,2016,1,197141.525
2305357,04,Litoral Leste,2016,1,932448.06
2306207,04,Litoral Leste,2016,1,12141.1
2307007,04,Litoral Leste,2016,1,410827.905
2300200,05,Litoral Norte,2016,1,935923.465
2302305,05,Litoral Norte,2016,1,204834.24
2303907,05,Litoral Norte,2016,1,49806.76
2304251,05,Litoral Norte,2016,1,445586.635
2304707,05,Litoral Norte,2016,1,3813707.355
2306553,05,Litoral Norte,2016,1,592584.655
2307254,05,Litoral Norte,2016,1,66223.81
2307809,05,Litoral Norte,2016,1,440365.71
2307908,05,Litoral Norte,2016,1,325208.885
2308906,05,Litoral Norte,2016,1,180765.435
2300754,06,Litoral Oeste / Vale do Curu,2016,1,831109.415
2300903,06,Litoral Oeste / Vale do Curu,2016,1,480250.73
2304608,06,Litoral Oeste / Vale do Curu,2016,1,21876.0
2306108,06,Litoral Oeste / Vale do Curu,2016,1,316296.405
2306405,06,Litoral Oeste / Vale do Curu,2016,1,801404.04
2308377,06,Litoral Oeste / Vale do Curu,2016,1,699970.125
2310704,06,Litoral Oeste / Vale do Curu,2016,1,579036.295
2313351,06,Litoral Oeste / Vale do Curu,2016,1,363760.4
2313757,06,Litoral Oeste / Vale do Curu,2016,1,170320.755
2313807,06,Litoral Oeste / Vale do Curu,2016,1,24231.42
2300150,07,Maciço do Baturité,2016,1,149021.94
2301208,07,Maciço do Baturité,2016,1,463836.42
2301406,07,Maciço do Baturité,2016,1,27849.06
2302107,07,Maciço do Baturité,2016,1,391075.025
2302909,07,Maciço do Baturité,2016,1,530436.81
2306504,07,Maciço do Baturité,2016,1,101726.01
2309102,07,Maciço do Baturité,2016,1,82515.04
2309458,07,Maciço do Baturité,2016,1,15537.76
2309805,07,Maciço do Baturité,2016,1,88425.64
2310100,07,Maciço do Baturité,2016,1,1300.0
2311603,07,Maciço do Baturité,2016,1,74765.915
2304236,08,Serra da Ibiapaba,2016,1,527284.455
2305308,08,Serra da Ibiapaba,2016,1,257954.595
2313401,08,Serra da Ibiapaba,2016,1,1203404.875
2313609,08,Serra da Ibiapaba,2016,1,1957257.375
2314102,08,Serra da Ibiapaba,2016,1,1856185.545
2301851,09,Sertão Central,2016,1,89568.885
2303931,09,Sertão Central,2016,1,58170.61
2304269,09,Sertão Central,2016,1,224072.1
2305332,09,Sertão Central,2016,1,10207.99
2308351,09,Sertão Central,2016,1,56770.695
2308500,09,Sertão Central,2016,1,197470.495
2310902,09,Sertão Central,2016,1,416440.9
2311306,09,Sertão Central,2016,1,49133.335
2311405,09,Sertão Central,2016,1,3992075.145
2312700,09,Sertão Central,2016,1,356108.17
2302800,10,Sertão de Canindé,2016,1,340801.005
2303006,10,Sertão de Canindé,2016,1,128500.225
2307635,10,Sertão de Canindé,2016,1,247179.395
2310407,10,Sertão de Canindé,2016,1,70000.0
2304004,11,Sertão de Sobral,2016,1,202816.895
2304509,11,Sertão de Sobral,2016,1,768306.25
2304657,11,Sertão de Sobral,2016,1,972435.65
2304905,11,Sertão de Sobral,2016,1,590873.49
2308807,11,Sertão de Sobral,2016,1,899.5
2312007,11,Sertão de Sobral,2016,1,919151.315
2312908,11,Sertão de Sobral,2016,1,1395008.28
2304103,12,Sertão dos Crateús,2016,1,660831.225
2305902,12,Sertão dos Crateús,2016,1,764306.88
2309300,12,Sertão dos Crateús,2016,1,1199.0
2309409,12,Sertão dos Crateús,2016,1,402193.765
2312205,12,Sertão dos Crateús,2016,1,105083.77
2300408,13,Sertão dos Inhamuns,2016,1,41105.715
2300705,14,Vale do Jaguaribe,2016,1,2003887.71
2306009,14,Vale do Jaguaribe,2016,1,486213.695
2306801,14,Vale do Jaguaribe,2016,1,150806.68
2306900,14,Vale do Jaguaribe,2016,1,1446107.08
2307601,14,Vale do Jaguaribe,2016,1,443687.735
2308708,14,Vale do Jaguaribe,2016,1,243636.13
2310803,14,Vale do Jaguaribe,2016,1,97220.825
2311231,14,Vale do Jaguaribe,2016,1,70808.485
2311801,14,Vale do Jaguaribe,2016,1,580724.575
2312502,14,Vale do Jaguaribe,2016,1,43955.7
2313104,14,Vale do Jaguaribe,2016,1,1009974.765
2300101,01,Cariri,2016,2,56242.03
2301307,01,Cariri,2016,2,243483.035
2301604,01,Cariri,2016,2,50000.0
2301901,01,Cariri,2016,2,450500.39
2302008,01,Cariri,2016,2,50605.095
2302503,01,Cariri,2016,2,441583.305
2303204,01,Cariri,2016,2,563902.615
2304202,01,Cariri,2016,2,100112.875
2307106,01,Cariri,2016,2,320744.645
2307205,01,Cariri,2016,2,2655.6
2307304,01,Cariri,2016,2,4164235.795
2307502,01,Cariri,2016,2,216386.68
2308104,01,Cariri,2016,2,1679941.17
2308302,01,Cariri,2016,2,442420.97
2309201,01,Cariri,2016,2,11265.475
2310605,01,Cariri,2016,2,44240.51
2311207,01,Cariri,2016,2,107395.615
2311959,01,Cariri,2016,2,279191.925
2312106,01,Cariri,2016,2,24166.38
2313252,01,Cariri,2016,2,249316.235
2314003,01,Cariri,2016,2,171504.265
2301802,02,Centro Sul,2016,2,94229.145
2303600,02,Centro Sul,2016,2,688863.805
2303808,02,Centro Sul,2016,2,204959.275
2305407,02,Centro Sul,2016,2,387329.815
2305506,02,Centro Sul,2016,2,425682.565
2311355,02,Centro Sul,2016,2,293501.17
2311900,02,Centro Sul,2016,2,2802.6
2301000,03,Grande Fortaleza,2016,2,1280649.365
2303501,03,Grande Fortaleza,2016,2,1073487.7
2303709,03,Grande Fortaleza,2016,2,2707670.115
2303956,03,Grande Fortaleza,2016,2,89972.085
2304285,03,Grande Fortaleza,2016,2,3541144.64
2304400,03,Grande Fortaleza,2016,2,19070594.17
2304954,03,Grande Fortaleza,2016,2,45673.63
2305233,03,Grande Fortaleza,2016,2,2286410.965
2306256,03,Grande Fortaleza,2016,2,350995.085
2307650,03,Grande Fortaleza,2016,2,8531147.175
2307700,03,Grande Fortaleza,2016,2,2391774.905
2309607,03,Grande Fortaleza,2016,2,1045117.575
2310209,03,Grande Fortaleza,2016,2,403841.265
2310258,03,Grande Fortaleza,2016,2,351958.275
2310852,03,Grande Fortaleza,2016,2,229387.49
2312601,03,Grande Fortaleza,2016,2,1152.45
2313500,03,Grande Fortaleza,2016,2,873972.65
2301109,04,Litoral Leste,2016,2,339821.09
2302206,04,Litoral Leste,2016,2,874411.04
2304459,04,Litoral Leste,2016,2,197141.525
2305357,04,Litoral Leste,2016,2,932448.06
2306207,04,Litoral Leste,2016,2,12141.1
2307007,04,Litoral Leste,2016,2,410827.905
2300200,05,Litoral Norte,2016,2,935923.465
2302305,05,Litoral Norte,2016,2,204834.24
2303907,05,Litoral Norte,2016,2,49806.76
2304251,05,Litoral Norte,2016,2,445586.635
2304707,05,Litoral Norte,2016,2,3813707.355
2306553,05,Litoral Norte,2016,2,592584.655
2307254,05,Litoral Norte,2016,2,66223.81
2307809,05,Litoral Norte,2016,2,440365.71
2307908,05,Litoral Norte,2016,2,325208.885
2308906,05,Litoral Norte,2016,2,180765.435
2300754,06,Litoral Oeste / Vale do Curu,2016,2,831109.415
2300903,06,Litoral Oeste / Vale do Curu,2016,2,480250.73
2304608,06,Litoral Oeste / Vale do Curu,2016,2,21876.0
2306108,06,Litoral Oeste / Vale do Curu,2016,2,316296.405
2306405,06,Litoral Oeste / Vale do Curu,2016,2,801404.04
2308377,06,Litoral Oeste / Vale do Curu,2016,2,699970.125
2310704,06,Litoral Oeste / Vale do Curu,2016,2,579036.295
2313351,06,Litoral Oeste / Vale do Curu,2016,2,363760.4
2313757,06,Litoral Oeste / Vale do Curu,2016,2,170320.755
2313807,06,Litoral Oeste / Vale do Curu,2016,2,24231.42
2300150,07,Maciço do Baturité,2016,2,149021.94
2301208,07,Maciço do Baturité,2016,2,463836.42
2301406,07,Maciço do Baturité,2016,2,27849.06
2302107,07,Maciço do Baturité,2016,2,391075.025
2302909,07,Maciço do Baturité,2016,2,530436.81
2306504,07,Maciço do Baturité,2016,2,101726.01
2309102,07,Maciço do Baturité,2016,2,82515.04
2309458,07,Maciço do Baturité,2016,2,15537.76
2309805,07,Maciço do Baturité,2016,2,88425.64
2310100,07,Maciço do Baturité,2016,2,1300.0
2311603,07,Maciço do Baturité,2016,2,74765.915
2304236,08,Serra da Ibiapaba,2016,2,527284.455
2305308,08,Serra da Ibiapaba,2016,2,257954.595
2313401,08,Serra da Ibiapaba,2016,2,1203404.875
2313609,08,Serra da Ibiapaba,2016,2,1957257.375
2314102,08,Serra da Ibiapaba,2016,2,1856185.545
2301851,09,Sertão Central,2016,2,89568.885
2303931,09,Sertão Central,2016,2,58170.61
2304269,09,Sertão Central,2016,2,224072.1
2305332,09,Sertão Central,2016,2,10207.99
2308351,09,Sertão Central,2016,2,56770.695
2308500,09,Sertão Central,2016,2,197470.495
2310902,09,Sertão Central,2016,2,416440.9
2311306,09,Sertão Central,2016,2,49133.335
2311405,09,Sertão Central,2016,2,3992075.145
2312700,09,Sertão Central,2016,2,356108.17
2302800,10,Sertão de Canindé,2016,2,340801.005
2303006,10,Sertão de Canindé,2016,2,128500.225
2307635,10,Sertão de Canindé,2016,2,247179.395
2310407,10,Sertão de Canindé,2016,2,70000.0
2304004,11,Sertão de Sobral,2016,2,202816.895
2304509,11,Sertão de Sobral,2016,2,768306.25
2304657,11,Sertão de Sobral,2016,2,972435.65
2304905,11,Sertão de Sobral,2016,2,590873.49
2308807,11,Sertão de Sobral,2016,2,899.5
2312007,11,Sertão de Sobral,2016,2,919151.315
2312908,11,Sertão de Sobral,2016,2,1395008.28
2304103,12,Sertão dos Crateús,2016,2,660831.225
2305902,12,Sertão dos Crateús,2016,2,764306.88
2309300,12,Sertão dos Crateús,2016,2,1199.0
2309409,12,Sertão dos Crateús,2016,2,402193.765
2312205,12,Sertão dos Crateús,2016,2,105083.77
2300408,13,Sertão dos Inhamuns,2016,2,41105.715
2300705,14,Vale do Jaguaribe,2016,2,2003887.71
2306009,14,Vale do Jaguaribe,2016,2,486213.695
2306801,14,Vale do Jaguaribe,2016,2,150806.68
2306900,14,Vale do Jaguaribe,2016,2,1446107.08
2307601,14,Vale do Jaguaribe,2016,2,443687.735
2308708,14,Vale do Jaguaribe,2016,2,243636.13
2310803,14,Vale do Jaguaribe,2016,2,97220.825
2311231,14,Vale do Jaguaribe,2016,2,70808.485
2311801,14,Vale do Jaguaribe,2016,2,580724.575
2312502,14,Vale do Jaguaribe,2016,2,43955.7
2313104,14,Vale do Jaguaribe,2016,2,1009974.765
2300101,01,Cariri,2016,3,9106.5
2301307,01,Cariri,2016,3,539193.1599999999
2301604,01,Cariri,2016,3,189898.545
2301901,01,Cariri,2016,3,259718.69999999995
2302008,01,Cariri,2016,3,67338.03
2302503,01,Cariri,2016,3,1002115.0700000001
2303204,01,Cariri,2016,3,515107.98
2307106,01,Cariri,2016,3,330495.475
2307205,01,Cariri,2016,3,666025.0750000001
2307304,01,Cariri,2016,3,5129482.105
2307502,01,Cariri,2016,3,52078.17999999999
2308104,01,Cariri,2016,3,1121895.0100000002
2308302,01,Cariri,2016,3,672731.095
2309201,01,Cariri,2016,3,123236.57999999999
2310605,01,Cariri,2016,3,59229.924999999996
2311108,01,Cariri,2016,3,155872.595
2311207,01,Cariri,2016,3,143500.58000000002
2311959,01,Cariri,2016,3,492848.25500000006
2312106,01,Cariri,2016,3,241218.21499999997
2313252,01,Cariri,2016,3,9722.0
2314003,01,Cariri,2016,3,52666.69999999998
2300309,02,Centro Sul,2016,3,378965.71
2301802,02,Centro Sul,2016,3,106313.36
2303600,02,Centro Sul,2016,3,89369.07999999996
2303808,02,Centro Sul,2016,3,306584.66000000003
2305407,02,Centro Sul,2016,3,529458.645
2305506,02,Centro Sul,2016,3,1390502.09
2311355,02,Centro Sul,2016,3,452076.1400000001
2311900,02,Centro Sul,2016,3,48356.99
2301000,03,Grande Fortaleza,2016,3,2313005.255
2303501,03,Grande Fortaleza,2016,3,586513.825
2303709,03,Grande Fortaleza,2016,3,2219571.8
2303956,03,Grande Fortaleza,2016,3,169418.54499999998
2304285,03,Grande Fortaleza,2016,3,448389.6799999997
2304400,03,Grande Fortaleza,2016,3,64016403.269999996
2304954,03,Grande Fortaleza,2016,3,130528.45999999999
2305233,03,Grande Fortaleza,2016,3,1738852.7150000003
2306256,03,Grande Fortaleza,2016,3,1360006.74
2307650,03,Grande Fortaleza,2016,3,3940667.5249999985
2307700,03,Grande Fortaleza,2016,3,995960.5650000004
2309607,03,Grande Fortaleza,2016,3,719794.1700000002
2310209,03,Grande Fortaleza,2016,3,369757.28
2310258,03,Grande Fortaleza,2016,3,147340.51499999996
2310852,03,Grande Fortaleza,2016,3,436010.44500000007
2312601,03,Grande Fortaleza,2016,3,22825.399999999998
2313500,03,Grande Fortaleza,2016,3,619576.5850000001
2301109,04,Litoral Leste,2016,3,1200422.0799999998
2302206,04,Litoral Leste,2016,3,338019.17999999993
2304459,04,Litoral Leste,2016,3,254170.36000000002
2305357,04,Litoral Leste,2016,3,2823093.855
2306207,04,Litoral Leste,2016,3,10344.734999999999
2307007,04,Litoral Leste,2016,3,334014.55499999993
2300200,05,Litoral Norte,2016,3,37089.91500000004
2302305,05,Litoral Norte,2016,3,446928.17500000005
2303907,05,Litoral Norte,2016,3,390788.89999999997
2304251,05,Litoral Norte,2016,3,188750.30000000005
2304707,05,Litoral Norte,2016,3,1398721.0950000002
2306553,05,Litoral Norte,2016,3,540218.435
2307254,05,Litoral Norte,2016,3,78084.995
2307809,05,Litoral Norte,2016,3,368832.92
2307908,05,Litoral Norte,2016,3,30203.315000000002
2308906,05,Litoral Norte,2016,3,332481.805
2300754,06,Litoral Oeste / Vale do Curu,2016,3,1094332.115
2300903,06,Litoral Oeste / Vale do Curu,2016,3,114716.40500000003
2304608,06,Litoral Oeste / Vale do Curu,2016,3,1511.3549999999996
2306108,06,Litoral Oeste / Vale do Curu,2016,3,230036.25
2306405,06,Litoral Oeste / Vale do Curu,2016,3,4308508.29
2308377,06,Litoral Oeste / Vale do Curu,2016,3,2441.5
2310704,06,Litoral Oeste / Vale do Curu,2016,3,301357.45499999996
2313351,06,Litoral Oeste / Vale do Curu,2016,3,164987.06999999995
2313757,06,Litoral Oeste / Vale do Curu,2016,3,218963.66499999998
2313807,06,Litoral Oeste / Vale do Curu,2016,3,59407.880000000005
2300150,07,Maciço do Baturité,2016,3,154604.52000000002
2301208,07,Maciço do Baturité,2016,3,29279.015000000014
2301406,07,Maciço do Baturité,2016,3,553925.315
2302107,07,Maciço do Baturité,2016,3,164273.68999999994
2302909,07,Maciço do Baturité,2016,3,176037.83999999997
2306504,07,Maciço do Baturité,2016,3,17960.24500000001
2309102,07,Maciço do Baturité,2016,3,3131.25
2309458,07,Maciço do Baturité,2016,3,36781.695
2309805,07,Maciço do Baturité,2016,3,5094.0
2310100,07,Maciço do Baturité,2016,3,2629.85
2311603,07,Maciço do Baturité,2016,3,7863.260000000009
2304236,08,Serra da Ibiapaba,2016,3,442243.495
2305308,08,Serra da Ibiapaba,2016,3,271167.22
2313401,08,Serra da Ibiapaba,2016,3,702503.26
2313609,08,Serra da Ibiapaba,2016,3,1303469.9049999998
2314102,08,Serra da Ibiapaba,2016,3,1452096.085
2301851,09,Sertão Central,2016,3,305800.455
2303931,09,Sertão Central,2016,3,15657.285000000003
2304269,09,Sertão Central,2016,3,17852.294999999984
2305332,09,Sertão Central,2016,3,1314.1499999999996
2308351,09,Sertão Central,2016,3,274018.11
2308500,09,Sertão Central,2016,3,376812.54500000004
2310902,09,Sertão Central,2016,3,200659.31499999994
2311306,09,Sertão Central,2016,3,346350.69
2311405,09,Sertão Central,2016,3,4281763.234999999
2312700,09,Sertão Central,2016,3,597535.9199999999
2302800,10,Sertão de Canindé,2016,3,1362499.77
2303006,10,Sertão de Canindé,2016,3,313062.385
2307635,10,Sertão de Canindé,2016,3,114877.41
2310407,10,Sertão de Canindé,2016,3,4139.5
2304004,11,Sertão de Sobral,2016,3,551949.665
2304509,11,Sertão de Sobral,2016,3,106359.95999999996
2304657,11,Sertão de Sobral,2016,3,0.0
2304905,11,Sertão de Sobral,2016,3,103149.745
2308807,11,Sertão de Sobral,2016,3,2260.0
2312007,11,Sertão de Sobral,2016,3,1009738.155
2312908,11,Sertão de Sobral,2016,3,1598682.2449999999
2304103,12,Sertão dos Crateús,2016,3,705170.65
2305902,12,Sertão dos Crateús,2016,3,649241.8150000001
2309300,12,Sertão dos Crateús,2016,3,4206.195
2309409,12,Sertão dos Crateús,2016,3,66514.16999999998
2312205,12,Sertão dos Crateús,2016,3,80141.145
2300408,13,Sertão dos Inhamuns,2016,3,138789.475
2300705,14,Vale do Jaguaribe,2016,3,702947.565
2306009,14,Vale do Jaguaribe,2016,3,641861.4849999999
2306801,14,Vale do Jaguaribe,2016,3,1805.0
2306900,14,Vale do Jaguaribe,2016,3,1683320.5549999997
2307601,14,Vale do Jaguaribe,2016,3,1204099.75
2308708,14,Vale do Jaguaribe,2016,3,243594.02000000002
2310803,14,Vale do Jaguaribe,2016,3,130942.74
2311231,14,Vale do Jaguaribe,2016,3,54064.649999999994
2311801,14,Vale do Jaguaribe,2016,3,982328.02
2312502,14,Vale do Jaguaribe,2016,3,61431.06
2313104,14,Vale do Jaguaribe,2016,3,306879.87
2300101,01,Cariri,2016,4,9106.5
2301307,01,Cariri,2016,4,539193.1599999999
2301604,01,Cariri,2016,4,189898.545
2301901,01,Cariri,2016,4,259718.69999999995
2302008,01,Cariri,2016,4,67338.03
2302503,01,Cariri,2016,4,1002115.0700000001
2303204,01,Cariri,2016,4,515107.98
2307106,01,Cariri,2016,4,330495.475
2307205,01,Cariri,2016,4,666025.0750000001
2307304,01,Cariri,2016,4,5129482.105
2307502,01,Cariri,2016,4,52078.17999999999
2308104,01,Cariri,2016,4,1121895.0100000002
2308302,01,Cariri,2016,4,672731.095
2309201,01,Cariri,2016,4,123236.57999999999
2310605,01,Cariri,2016,4,59229.924999999996
2311108,01,Cariri,2016,4,155872.595
2311207,01,Cariri,2016,4,143500.58000000002
2311959,01,Cariri,2016,4,492848.25500000006
2312106,01,Cariri,2016,4,241218.21499999997
2313252,01,Cariri,2016,4,9722.0
2314003,01,Cariri,2016,4,52666.69999999998
2300309,02,Centro Sul,2016,4,378965.71
2301802,02,Centro Sul,2016,4,106313.36
2303600,02,Centro Sul,2016,4,89369.07999999996
2303808,02,Centro Sul,2016,4,306584.66000000003
2305407,02,Centro Sul,2016,4,529458.645
2305506,02,Centro Sul,2016,4,1390502.09
2311355,02,Centro Sul,2016,4,452076.1400000001
2311900,02,Centro Sul,2016,4,48356.99
2301000,03,Grande Fortaleza,2016,4,2313005.255
2303501,03,Grande Fortaleza,2016,4,586513.825
2303709,03,Grande Fortaleza,2016,4,2219571.8
2303956,03,Grande Fortaleza,2016,4,169418.54499999998
2304285,03,Grande Fortaleza,2016,4,448389.6799999997
2304400,03,Grande Fortaleza,2016,4,64016403.269999996
2304954,03,Grande Fortaleza,2016,4,130528.45999999999
2305233,03,Grande Fortaleza,2016,4,1738852.7150000003
2306256,03,Grande Fortaleza,2016,4,1360006.74
2307650,03,Grande Fortaleza,2016,4,3940667.5249999985
2307700,03,Grande Fortaleza,2016,4,995960.5650000004
2309607,03,Grande Fortaleza,2016,4,719794.1700000002
2310209,03,Grande Fortaleza,2016,4,369757.28
2310258,03,Grande Fortaleza,2016,4,147340.51499999996
2310852,03,Grande Fortaleza,2016,4,436010.44500000007
2312601,03,Grande Fortaleza,2016,4,22825.399999999998
2313500,03,Grande Fortaleza,2016,4,619576.5850000001
2301109,04,Litoral Leste,2016,4,1200422.0799999998
2302206,04,Litoral Leste,2016,4,338019.17999999993
2304459,04,Litoral Leste,2016,4,254170.36000000002
2305357,04,Litoral Leste,2016,4,2823093.855
2306207,04,Litoral Leste,2016,4,10344.734999999999
2307007,04,Litoral Leste,2016,4,334014.55499999993
2300200,05,Litoral Norte,2016,4,37089.91500000004
2302305,05,Litoral Norte,2016,4,446928.17500000005
2303907,05,Litoral Norte,2016,4,390788.89999999997
2304251,05,Litoral Norte,2016,4,188750.30000000005
2304707,05,Litoral Norte,2016,4,1398721.0950000002
2306553,05,Litoral Norte,2016,4,540218.435
2307254,05,Litoral Norte,2016,4,78084.995
2307809,05,Litoral Norte,2016,4,368832.92
2307908,05,Litoral Norte,2016,4,30203.315000000002
2308906,05,Litoral Norte,2016,4,332481.805
2300754,06,Litoral Oeste / Vale do Curu,2016,4,1094332.115
2300903,06,Litoral Oeste / Vale do Curu,2016,4,114716.40500000003
2304608,06,Litoral Oeste / Vale do Curu,2016,4,1511.3549999999996
2306108,06,Litoral Oeste / Vale do Curu,2016,4,230036.25
2306405,06,Litoral Oeste / Vale do Curu,2016,4,4308508.29
2308377,06,Litoral Oeste / Vale do Curu,2016,4,2441.5
2310704,06,Litoral Oeste / Vale do Curu,2016,4,301357.45499999996
2313351,06,Litoral Oeste / Vale do Curu,2016,4,164987.06999999995
2313757,06,Litoral Oeste / Vale do Curu,2016,4,218963.66499999998
2313807,06,Litoral Oeste / Vale do Curu,2016,4,59407.880000000005
2300150,07,Maciço do Baturité,2016,4,154604.52000000002
2301208,07,Maciço do Baturité,2016,4,29279.015000000014
2301406,07,Maciço do Baturité,2016,4,553925.315
2302107,07,Maciço do Baturité,2016,4,164273.68999999994
2302909,07,Maciço do Baturité,2016,4,176037.83999999997
2306504,07,Maciço do Baturité,2016,4,17960.24500000001
2309102,07,Maciço do Baturité,2016,4,3131.25
2309458,07,Maciço do Baturité,2016,4,36781.695
2309805,07,Maciço do Baturité,2016,4,5094.0
2310100,07,Maciço do Baturité,2016,4,2629.85
2311603,07,Maciço do Baturité,2016,4,7863.260000000009
2304236,08,Serra da Ibiapaba,2016,4,442243.495
2305308,08,Serra da Ibiapaba,2016,4,271167.22
2313401,08,Serra da Ibiapaba,2016,4,702503.26
2313609,08,Serra da Ibiapaba,2016,4,1303469.9049999998
2314102,08,Serra da Ibiapaba,2016,4,1452096.085
2301851,09,Sertão Central,2016,4,305800.455
2303931,09,Sertão Central,2016,4,15657.285000000003
2304269,09,Sertão Central,2016,4,17852.294999999984
2305332,09,Sertão Central,2016,4,1314.1499999999996
2308351,09,Sertão Central,2016,4,274018.11
2308500,09,Sertão Central,2016,4,376812.54500000004
2310902,09,Sertão Central,2016,4,200659.31499999994
2311306,09,Sertão Central,2016,4,346350.69
2311405,09,Sertão Central,2016,4,4281763.234999999
2312700,09,Sertão Central,2016,4,597535.9199999999
2302800,10,Sertão de Canindé,2016,4,1362499.77
2303006,10,Sertão de Canindé,2016,4,313062.385
2307635,10,Sertão de Canindé,2016,4,114877.41
2310407,10,Sertão de Canindé,2016,4,4139.5
2304004,11,Sertão de Sobral,2016,4,551949.665
2304509,11,Sertão de Sobral,2016,4,106359.95999999996
2304657,11,Sertão de Sobral,2016,4,0.0
2304905,11,Sertão de Sobral,2016,4,103149.745
2308807,11,Sertão de Sobral,2016,4,2260.0
2312007,11,Sertão de Sobral,2016,4,1009738.155
2312908,11,Sertão de Sobral,2016,4,1598682.2449999999
2304103,12,Sertão dos Crateús,2016,4,705170.65
2305902,12,Sertão dos Crateús,2016,4,649241.8150000001
2309300,12,Sertão dos Crateús,2016,4,4206.195
2309409,12,Sertão dos Crateús,2016,4,66514.16999999998
2312205,12,Sertão dos Crateús,2016,4,80141.145
2300408,13,Sertão dos Inhamuns,2016,4,138789.475
2300705,14,Vale do Jaguaribe,2016,4,702947.565
2306009,14,Vale do Jaguaribe,2016,4,641861.4849999999
2306801,14,Vale do Jaguaribe,2016,4,1805.0
2306900,14,Vale do Jaguaribe,2016,4,1683320.5549999997
2307601,14,Vale do Jaguaribe,2016,4,1204099.75
2308708,14,Vale do Jaguaribe,2016,4,243594.02000000002
2310803,14,Vale do Jaguaribe,2016,4,130942.74
2311231,14,Vale do Jaguaribe,2016,4,54064.649999999994
2311801,14,Vale do Jaguaribe,2016,4,982328.02
2312502,14,Vale do Jaguaribe,2016,4,61431.06
2313104,14,Vale do Jaguaribe,2016,4,306879.87
2300101,01,Cariri,2016,5,1018953.125
2301604,01,Cariri,2016,5,279231.1
2302008,01,Cariri,2016,5,87536.70000000001
2302503,01,Cariri,2016,5,935188.4750000001
2303204,01,Cariri,2016,5,1014088.1699999999
2304202,01,Cariri,2016,5,1592925.29
2307106,01,Cariri,2016,5,442551.42000000004
2307205,01,Cariri,2016,5,340737.5199999999
2307304,01,Cariri,2016,5,7296068.6850000005
2307502,01,Cariri,2016,5,181597.86
2308104,01,Cariri,2016,5,435063.91500000004
2308302,01,Cariri,2016,5,334214.2450000001
2309201,01,Cariri,2016,5,182936.20500000002
2310605,01,Cariri,2016,5,376384.975
2311108,01,Cariri,2016,5,414756.56500000006
2311207,01,Cariri,2016,5,44182.42499999999
2311959,01,Cariri,2016,5,344219.3849999999
2312106,01,Cariri,2016,5,94578.24000000005
2313252,01,Cariri,2016,5,87227.66500000004
2314003,01,Cariri,2016,5,175232.19000000003
2300309,02,Centro Sul,2016,5,577498.165
2301802,02,Centro Sul,2016,5,41166.389999999985
2303600,02,Centro Sul,2016,5,157563.58999999997
2303808,02,Centro Sul,2016,5,237090.19
2305407,02,Centro Sul,2016,5,489567.29000000004
2305506,02,Centro Sul,2016,5,1701313.885
2311355,02,Centro Sul,2016,5,496262.1199999999
2311900,02,Centro Sul,2016,5,517965.78500000003
2301000,03,Grande Fortaleza,2016,5,2841563.08
2303501,03,Grande Fortaleza,2016,5,727815.0
2303709,03,Grande Fortaleza,2016,5,2317614.62
2303956,03,Grande Fortaleza,2016,5,104825.15999999997
2304285,03,Grande Fortaleza,2016,5,362077.5350000006
2304400,03,Grande Fortaleza,2016,5,62563404.21000001
2304954,03,Grande Fortaleza,2016,5,643192.0950000001
2305233,03,Grande Fortaleza,2016,5,3052520.3850000002
2306256,03,Grande Fortaleza,2016,5,1450678.5799999998
2307700,03,Grande Fortaleza,2016,5,680450.9049999998
2309607,03,Grande Fortaleza,2016,5,973484.605
2310209,03,Grande Fortaleza,2016,5,264787.745
2310258,03,Grande Fortaleza,2016,5,233638.33000000002
2310852,03,Grande Fortaleza,2016,5,684670.0249999999
2312601,03,Grande Fortaleza,2016,5,189557.54499999998
2313500,03,Grande Fortaleza,2016,5,961007.0700000001
2301109,04,Litoral Leste,2016,5,183.11000000010245
2302206,04,Litoral Leste,2016,5,787905.385
2304459,04,Litoral Leste,2016,5,990489.72
2305357,04,Litoral Leste,2016,5,43225.06999999983
2306207,04,Litoral Leste,2016,5,64317.00000000001
2307007,04,Litoral Leste,2016,5,257312.365
2300200,05,Litoral Norte,2016,5,3883656.12
2302305,05,Litoral Norte,2016,5,1053636.3599999999
2303907,05,Litoral Norte,2016,5,196695.56
2304251,05,Litoral Norte,2016,5,456898.44999999995
2304707,05,Litoral Norte,2016,5,4631189.78
2306553,05,Litoral Norte,2016,5,1318681.2949999997
2307254,05,Litoral Norte,2016,5,885187.47
2307809,05,Litoral Norte,2016,5,372121.03500000003
2307908,05,Litoral Norte,2016,5,319553.69
2308906,05,Litoral Norte,2016,5,724776.9850000001
2300754,06,Litoral Oeste / Vale do Curu,2016,5,1185314.9149999998
2300903,06,Litoral Oeste / Vale do Curu,2016,5,332231.79500000004
2304608,06,Litoral Oeste / Vale do Curu,2016,5,414416.495
2306108,06,Litoral Oeste / Vale do Curu,2016,5,40489.83499999996
2306405,06,Litoral Oeste / Vale do Curu,2016,5,901546.7800000003
2308377,06,Litoral Oeste / Vale do Curu,2016,5,34790.119999999995
2310704,06,Litoral Oeste / Vale do Curu,2016,5,690517.5349999999
2313351,06,Litoral Oeste / Vale do Curu,2016,5,44762.715000000084
2313757,06,Litoral Oeste / Vale do Curu,2016,5,97167.95500000002
2313807,06,Litoral Oeste / Vale do Curu,2016,5,92822.45
2300150,07,Maciço do Baturité,2016,5,122046.14999999997
2301208,07,Maciço do Baturité,2016,5,201015.49000000005
2301406,07,Maciço do Baturité,2016,5,96486.06999999995
2302107,07,Maciço do Baturité,2016,5,13456.310000000056
2302909,07,Maciço do Baturité,2016,5,353583.78500000003
2306504,07,Maciço do Baturité,2016,5,224145.21000000002
2309102,07,Maciço do Baturité,2016,5,9628.88500000001
2309458,07,Maciço do Baturité,2016,5,121343.37999999999
2310100,07,Maciço do Baturité,2016,5,1500.0000000000005
2311603,07,Maciço do Baturité,2016,5,90887.365
2304236,08,Serra da Ibiapaba,2016,5,436182.79000000004
2305308,08,Serra da Ibiapaba,2016,5,261607.93000000005
2313401,08,Serra da Ibiapaba,2016,5,1723433.925
2313609,08,Serra da Ibiapaba,2016,5,146987.91500000004
2314102,08,Serra da Ibiapaba,2016,5,2443363.63
2301851,09,Sertão Central,2016,5,94411.70999999996
2303931,09,Sertão Central,2016,5,336175.615
2304269,09,Sertão Central,2016,5,6849.580000000016
2305332,09,Sertão Central,2016,5,798.4500000000007
2308351,09,Sertão Central,2016,5,438626.16
2308500,09,Sertão Central,2016,5,603168.27
2310902,09,Sertão Central,2016,5,65294.515000000014
2311306,09,Sertão Central,2016,5,160378.74
2311405,09,Sertão Central,2016,5,854836.2849999992
2312700,09,Sertão Central,2016,5,234809.8550000001
2302800,10,Sertão de Canindé,2016,5,731866.355
2303006,10,Sertão de Canindé,2016,5,324800.88
2307635,10,Sertão de Canindé,2016,5,224063.98500000004
2304004,11,Sertão de Sobral,2016,5,880759.825
2304509,11,Sertão de Sobral,2016,5,56329.98999999999
2304657,11,Sertão de Sobral,2016,5,267355.67499999993
2304905,11,Sertão de Sobral,2016,5,330166.72
2308807,11,Sertão de Sobral,2016,5,121703.435
2312007,11,Sertão de Sobral,2016,5,237000.89500000025
2312908,11,Sertão de Sobral,2016,5,2311577.82
2304103,12,Sertão dos Crateús,2016,5,633916.2150000001
2305902,12,Sertão dos Crateús,2016,5,1419161.7899999998
2309300,12,Sertão dos Crateús,2016,5,23849.71
2309409,12,Sertão dos Crateús,2016,5,114973.18
2300408,13,Sertão dos Inhamuns,2016,5,207929.115
2300705,14,Vale do Jaguaribe,2016,5,766658.5900000003
2306009,14,Vale do Jaguaribe,2016,5,153950.94999999995
2306801,14,Vale do Jaguaribe,2016,5,3825.0
2306900,14,Vale do Jaguaribe,2016,5,1465957.67
2307601,14,Vale do Jaguaribe,2016,5,863461.7550000001
2308708,14,Vale do Jaguaribe,2016,5,105720.07999999996
2310803,14,Vale do Jaguaribe,2016,5,59541.32500000001
2311231,14,Vale do Jaguaribe,2016,5,245625.61
2311801,14,Vale do Jaguaribe,2016,5,1310051.72
2312502,14,Vale do Jaguaribe,2016,5,296614.52999999997
2313104,14,Vale do Jaguaribe,2016,5,95245.84499999997
2300101,01,Cariri,2016,6,1018953.125
2301604,01,Cariri,2016,6,279231.1
2302008,01,Cariri,2016,6,87536.70000000001
2302503,01,Cariri,2016,6,935188.4750000001
2303204,01,Cariri,2016,6,1014088.1699999999
2304202,01,Cariri,2016,6,1592925.29
2307106,01,Cariri,2016,6,442551.42000000004
2307205,01,Cariri,2016,6,340737.5199999999
2307304,01,Cariri,2016,6,7296068.6850000005
2307502,01,Cariri,2016,6,181597.86
2308104,01,Cariri,2016,6,435063.91500000004
2308302,01,Cariri,2016,6,334214.2450000001
2309201,01,Cariri,2016,6,182936.20500000002
2310605,01,Cariri,2016,6,376384.975
2311108,01,Cariri,2016,6,414756.56500000006
2311207,01,Cariri,2016,6,44182.42499999999
2311959,01,Cariri,2016,6,344219.3849999999
2312106,01,Cariri,2016,6,94578.24000000005
2313252,01,Cariri,2016,6,87227.66500000004
2314003,01,Cariri,2016,6,175232.19000000003
2300309,02,Centro Sul,2016,6,577498.165
2301802,02,Centro Sul,2016,6,41166.389999999985
2303600,02,Centro Sul,2016,6,157563.58999999997
2303808,02,Centro Sul,2016,6,237090.19
2305407,02,Centro Sul,2016,6,489567.29000000004
2305506,02,Centro Sul,2016,6,1701313.885
2311355,02,Centro Sul,2016,6,496262.1199999999
2311900,02,Centro Sul,2016,6,517965.78500000003
2301000,03,Grande Fortaleza,2016,6,2841563.08
2303501,03,Grande Fortaleza,2016,6,727815.0
2303709,03,Grande Fortaleza,2016,6,2317614.62
2303956,03,Grande Fortaleza,2016,6,104825.15999999997
2304285,03,Grande Fortaleza,2016,6,362077.5350000006
2304400,03,Grande Fortaleza,2016,6,62563404.21000001
2304954,03,Grande Fortaleza,2016,6,643192.0950000001
2305233,03,Grande Fortaleza,2016,6,3052520.3850000002
2306256,03,Grande Fortaleza,2016,6,1450678.5799999998
2307700,03,Grande Fortaleza,2016,6,680450.9049999998
2309607,03,Grande Fortaleza,2016,6,973484.605
2310209,03,Grande Fortaleza,2016,6,264787.745
2310258,03,Grande Fortaleza,2016,6,233638.33000000002
2310852,03,Grande Fortaleza,2016,6,684670.0249999999
2312601,03,Grande Fortaleza,2016,6,189557.54499999998
2313500,03,Grande Fortaleza,2016,6,961007.0700000001
2301109,04,Litoral Leste,2016,6,183.11000000010245
2302206,04,Litoral Leste,2016,6,787905.385
2304459,04,Litoral Leste,2016,6,990489.72
2305357,04,Litoral Leste,2016,6,43225.06999999983
2306207,04,Litoral Leste,2016,6,64317.00000000001
2307007,04,Litoral Leste,2016,6,257312.365
2300200,05,Litoral Norte,2016,6,3883656.12
2302305,05,Litoral Norte,2016,6,1053636.3599999999
2303907,05,Litoral Norte,2016,6,196695.56
2304251,05,Litoral Norte,2016,6,456898.44999999995
2304707,05,Litoral Norte,2016,6,4631189.78
2306553,05,Litoral Norte,2016,6,1318681.2949999997
2307254,05,Litoral Norte,2016,6,885187.47
2307809,05,Litoral Norte,2016,6,372121.03500000003
2307908,05,Litoral Norte,2016,6,319553.69
2308906,05,Litoral Norte,2016,6,724776.9850000001
2300754,06,Litoral Oeste / Vale do Curu,2016,6,1185314.9149999998
2300903,06,Litoral Oeste / Vale do Curu,2016,6,332231.79500000004
2304608,06,Litoral Oeste / Vale do Curu,2016,6,414416.495
2306108,06,Litoral Oeste / Vale do Curu,2016,6,40489.83499999996
2306405,06,Litoral Oeste / Vale do Curu,2016,6,901546.7800000003
2308377,06,Litoral Oeste / Vale do Curu,2016,6,34790.119999999995
2310704,06,Litoral Oeste / Vale do Curu,2016,6,690517.5349999999
2313351,06,Litoral Oeste / Vale do Curu,2016,6,44762.715000000084
2313757,06,Litoral Oeste / Vale do Curu,2016,6,97167.95500000002
2313807,06,Litoral Oeste / Vale do Curu,2016,6,92822.45
2300150,07,Maciço do Baturité,2016,6,122046.14999999997
2301208,07,Maciço do Baturité,2016,6,201015.49000000005
2301406,07,Maciço do Baturité,2016,6,96486.06999999995
2302107,07,Maciço do Baturité,2016,6,13456.310000000056
2302909,07,Maciço do Baturité,2016,6,353583.78500000003
2306504,07,Maciço do Baturité,2016,6,224145.21000000002
2309102,07,Maciço do Baturité,2016,6,9628.88500000001
2309458,07,Maciço do Baturité,2016,6,121343.37999999999
2310100,07,Maciço do Baturité,2016,6,1500.0000000000005
2311603,07,Maciço do Baturité,2016,6,90887.365
2304236,08,Serra da Ibiapaba,2016,6,436182.79000000004
2305308,08,Serra da Ibiapaba,2016,6,261607.93000000005
2313401,08,Serra da Ibiapaba,2016,6,1723433.925
2313609,08,Serra da Ibiapaba,2016,6,146987.91500000004
2314102,08,Serra da Ibiapaba,2016,6,2443363.63
2301851,09,Sertão Central,2016,6,94411.70999999996
2303931,09,Sertão Central,2016,6,336175.615
2304269,09,Sertão Central,2016,6,6849.580000000016
2305332,09,Sertão Central,2016,6,798.4500000000007
2308351,09,Sertão Central,2016,6,438626.16
2308500,09,Sertão Central,2016,6,603168.27
2310902,09,Sertão Central,2016,6,65294.515000000014
2311306,09,Sertão Central,2016,6,160378.74
2311405,09,Sertão Central,2016,6,854836.2849999992
2312700,09,Sertão Central,2016,6,234809.8550000001
2302800,10,Sertão de Canindé,2016,6,731866.355
2303006,10,Sertão de Canindé,2016,6,324800.88
2307635,10,Sertão de Canindé,2016,6,224063.98500000004
2304004,11,Sertão de Sobral,2016,6,880759.825
2304509,11,Sertão de Sobral,2016,6,56329.98999999999
2304657,11,Sertão de Sobral,2016,6,267355.67499999993
2304905,11,Sertão de Sobral,2016,6,330166.72
2308807,11,Sertão de Sobral,2016,6,121703.435
2312007,11,Sertão de Sobral,2016,6,237000.89500000025
2312908,11,Sertão de Sobral,2016,6,2311577.82
2304103,12,Sertão dos Crateús,2016,6,633916.2150000001
2305902,12,Sertão dos Crateús,2016,6,1419161.7899999998
2309300,12,Sertão dos Crateús,2016,6,23849.71
2309409,12,Sertão dos Crateús,2016,6,114973.18
2300408,13,Sertão dos Inhamuns,2016,6,207929.115
2300705,14,Vale do Jaguaribe,2016,6,766658.5900000003
2306009,14,Vale do Jaguaribe,2016,6,153950.94999999995
2306801,14,Vale do Jaguaribe,2016,6,3825.0
2306900,14,Vale do Jaguaribe,2016,6,1465957.67
2307601,14,Vale do Jaguaribe,2016,6,863461.7550000001
2308708,14,Vale do Jaguaribe,2016,6,105720.07999999996
2310803,14,Vale do Jaguaribe,2016,6,59541.32500000001
2311231,14,Vale do Jaguaribe,2016,6,245625.61
2311801,14,Vale do Jaguaribe,2016,6,1310051.72
2312502,14,Vale do Jaguaribe,2016,6,296614.52999999997
2313104,14,Vale do Jaguaribe,2016,6,95245.84499999997
2300101,01,Cariri,2016,7,1740236.8099999998
2301604,01,Cariri,2016,7,84132.37
2302008,01,Cariri,2016,7,114498.97499999998
2302503,01,Cariri,2016,7,678202.8500000001
2303204,01,Cariri,2016,7,151044.1050000002
2304202,01,Cariri,2016,7,273685.43999999994
2307106,01,Cariri,2016,7,451168.07000000007
2307205,01,Cariri,2016,7,33605.625
2307304,01,Cariri,2016,7,5672508.140000001
2307502,01,Cariri,2016,7,428733.7150000001
2308104,01,Cariri,2016,7,447184.8049999997
2308302,01,Cariri,2016,7,65491.09499999997
2309201,01,Cariri,2016,7,244247.56499999994
2310605,01,Cariri,2016,7,296500.8900000001
2311108,01,Cariri,2016,7,668858.6449999999
2311207,01,Cariri,2016,7,176542.79499999998
2311959,01,Cariri,2016,7,341782.66500000004
2313252,01,Cariri,2016,7,199733.635
2314003,01,Cariri,2016,7,208490.375
2300309,02,Centro Sul,2016,7,637974.4199999999
2301802,02,Centro Sul,2016,7,0.0
2303600,02,Centro Sul,2016,7,690541.775
2303808,02,Centro Sul,2016,7,117716.37
2305407,02,Centro Sul,2016,7,416486.82499999995
2305506,02,Centro Sul,2016,7,2213930.245
2311355,02,Centro Sul,2016,7,393858.82499999995
2311900,02,Centro Sul,2016,7,9189.375
2301000,03,Grande Fortaleza,2016,7,2108962.6000000006
2303501,03,Grande Fortaleza,2016,7,450088.81499999994
2303709,03,Grande Fortaleza,2016,7,1286230.9749999996
2303956,03,Grande Fortaleza,2016,7,145967.14500000002
2304285,03,Grande Fortaleza,2016,7,1633992.63
2304400,03,Grande Fortaleza,2016,7,45275614.28
2304954,03,Grande Fortaleza,2016,7,258694.58999999985
2305233,03,Grande Fortaleza,2016,7,2296143.8649999993
2306256,03,Grande Fortaleza,2016,7,3579320.5450000004
2307650,03,Grande Fortaleza,2016,7,6333017.484999999
2307700,03,Grande Fortaleza,2016,7,628631.2199999997
2309607,03,Grande Fortaleza,2016,7,243682.44999999972
2310209,03,Grande Fortaleza,2016,7,543927.895
2310258,03,Grande Fortaleza,2016,7,655328.6549999999
2310852,03,Grande Fortaleza,2016,7,291568.39000000013
2312601,03,Grande Fortaleza,2016,7,6594.700000000012
2313500,03,Grande Fortaleza,2016,7,702395.7549999999
2301109,04,Litoral Leste,2016,7,1341479.035
2302206,04,Litoral Leste,2016,7,213522.64000000013
2304459,04,Litoral Leste,2016,7,1369647.62
2305357,04,Litoral Leste,2016,7,1281252.27
2306207,04,Litoral Leste,2016,7,5676.954999999987
2307007,04,Litoral Leste,2016,7,726146.625
2300200,05,Litoral Norte,2016,7,275798.6799999997
2302305,05,Litoral Norte,2016,7,283359.9950000001
2303907,05,Litoral Norte,2016,7,266082.88
2304251,05,Litoral Norte,2016,7,584940.0800000001
2304707,05,Litoral Norte,2016,7,784194.9649999999
2306553,05,Litoral Norte,2016,7,684991.2100000004
2307254,05,Litoral Norte,2016,7,271169.30999999994
2307809,05,Litoral Norte,2016,7,184579.54000000004
2307908,05,Litoral Norte,2016,7,224664.31499999994
2308906,05,Litoral Norte,2016,7,244191.66999999993
2300754,06,Litoral Oeste / Vale do Curu,2016,7,378745.18999999994
2300903,06,Litoral Oeste / Vale do Curu,2016,7,29044.505000000005
2304608,06,Litoral Oeste / Vale do Curu,2016,7,100.0
2306108,06,Litoral Oeste / Vale do Curu,2016,7,638607.4850000001
2306405,06,Litoral Oeste / Vale do Curu,2016,7,2168367.8999999994
2308377,06,Litoral Oeste / Vale do Curu,2016,7,54034.58999999997
2310704,06,Litoral Oeste / Vale do Curu,2016,7,156965.28000000003
2313351,06,Litoral Oeste / Vale do Curu,2016,7,284993.1499999999
2313757,06,Litoral Oeste / Vale do Curu,2016,7,78026.56999999995
2313807,06,Litoral Oeste / Vale do Curu,2016,7,28009.015000000014
2300150,07,Maciço do Baturité,2016,7,112724.11499999999
2301208,07,Maciço do Baturité,2016,7,867489.49
2301406,07,Maciço do Baturité,2016,7,69648.47000000009
2302107,07,Maciço do Baturité,2016,7,86132.375
2302909,07,Maciço do Baturité,2016,7,46333.59499999997
2306504,07,Maciço do Baturité,2016,7,296324.705
2309102,07,Maciço do Baturité,2016,7,2370.0
2309458,07,Maciço do Baturité,2016,7,29047.100000000006
2310100,07,Maciço do Baturité,2016,7,290.0
2311603,07,Maciço do Baturité,2016,7,0.0
2304236,08,Serra da Ibiapaba,2016,7,364127.865
2305308,08,Serra da Ibiapaba,2016,7,603054.8450000001
2313401,08,Serra da Ibiapaba,2016,7,1651538.4200000004
2313609,08,Serra da Ibiapaba,2016,7,367010.51500000013
2314102,08,Serra da Ibiapaba,2016,7,880580.1200000001
2301851,09,Sertão Central,2016,7,236732.055
2303931,09,Sertão Central,2016,7,196958.27000000002
2304269,09,Sertão Central,2016,7,379804.87
2305332,09,Sertão Central,2016,7,0.0
2308351,09,Sertão Central,2016,7,335648.03500000003
2308500,09,Sertão Central,2016,7,361465.5349999999
2310902,09,Sertão Central,2016,7,674467.875
2311306,09,Sertão Central,2016,7,185971.05499999993
2311405,09,Sertão Central,2016,7,1820851.2250000015
2312700,09,Sertão Central,2016,7,696990.5899999999
2302800,10,Sertão de Canindé,2016,7,564881.3500000001
2303006,10,Sertão de Canindé,2016,7,350384.7649999999
2307635,10,Sertão de Canindé,2016,7,120847.72499999998
2304004,11,Sertão de Sobral,2016,7,374843.2549999999
2304509,11,Sertão de Sobral,2016,7,795169.105
2304657,11,Sertão de Sobral,2016,7,379037.8800000001
2304905,11,Sertão de Sobral,2016,7,402116.8550000001
2308807,11,Sertão de Sobral,2016,7,1700.0
2312007,11,Sertão de Sobral,2016,7,703877.605
2312908,11,Sertão de Sobral,2016,7,2293273.6400000006
2304103,12,Sertão dos Crateús,2016,7,1056266.26
2305902,12,Sertão dos Crateús,2016,7,70789.28500000015
2309409,12,Sertão dos Crateús,2016,7,161527.87
2300408,13,Sertão dos Inhamuns,2016,7,85169.68
2300705,14,Vale do Jaguaribe,2016,7,105932.3999999999
2306009,14,Vale do Jaguaribe,2016,7,605262.25
2306801,14,Vale do Jaguaribe,2016,7,65000.0
2306900,14,Vale do Jaguaribe,2016,7,630106.6900000004
2307601,14,Vale do Jaguaribe,2016,7,623521.5549999997
2308708,14,Vale do Jaguaribe,2016,7,228229.625
2310803,14,Vale do Jaguaribe,2016,7,72042.5
2311231,14,Vale do Jaguaribe,2016,7,615045.16
2311801,14,Vale do Jaguaribe,2016,7,1262732.5
2312502,14,Vale do Jaguaribe,2016,7,259709.32
2313104,14,Vale do Jaguaribe,2016,7,388687.355
2300101,01,Cariri,2016,8,1740236.8099999998
2301604,01,Cariri,2016,8,84132.37
2302008,01,Cariri,2016,8,114498.97499999998
2302503,01,Cariri,2016,8,678202.8500000001
2303204,01,Cariri,2016,8,151044.1050000002
2304202,01,Cariri,2016,8,273685.43999999994
2307106,01,Cariri,2016,8,451168.07000000007
2307205,01,Cariri,2016,8,33605.625
2307304,01,Cariri,2016,8,5672508.140000001
2307502,01,Cariri,2016,8,428733.7150000001
2308104,01,Cariri,2016,8,447184.8049999997
2308302,01,Cariri,2016,8,65491.09499999997
2309201,01,Cariri,2016,8,244247.56499999994
2310605,01,Cariri,2016,8,296500.8900000001
2311108,01,Cariri,2016,8,668858.6449999999
2311207,01,Cariri,2016,8,176542.79499999998
2311959,01,Cariri,2016,8,341782.66500000004
2313252,01,Cariri,2016,8,199733.635
2314003,01,Cariri,2016,8,208490.375
2300309,02,Centro Sul,2016,8,637974.4199999999
2301802,02,Centro Sul,2016,8,0.0
2303600,02,Centro Sul,2016,8,690541.775
2303808,02,Centro Sul,2016,8,117716.37
2305407,02,Centro Sul,2016,8,416486.82499999995
2305506,02,Centro Sul,2016,8,2213930.245
2311355,02,Centro Sul,2016,8,393858.82499999995
2311900,02,Centro Sul,2016,8,9189.375
2301000,03,Grande Fortaleza,2016,8,2108962.6000000006
2303501,03,Grande Fortaleza,2016,8,450088.81499999994
2303709,03,Grande Fortaleza,2016,8,1286230.9749999996
2303956,03,Grande Fortaleza,2016,8,145967.14500000002
2304285,03,Grande Fortaleza,2016,8,1633992.63
2304400,03,Grande Fortaleza,2016,8,45275614.28
2304954,03,Grande Fortaleza,2016,8,258694.58999999985
2305233,03,Grande Fortaleza,2016,8,2296143.8649999993
2306256,03,Grande Fortaleza,2016,8,3579320.5450000004
2307650,03,Grande Fortaleza,2016,8,6333017.484999999
2307700,03,Grande Fortaleza,2016,8,628631.2199999997
2309607,03,Grande Fortaleza,2016,8,243682.44999999972
2310209,03,Grande Fortaleza,2016,8,543927.895
2310258,03,Grande Fortaleza,2016,8,655328.6549999999
2310852,03,Grande Fortaleza,2016,8,291568.39000000013
2312601,03,Grande Fortaleza,2016,8,6594.700000000012
2313500,03,Grande Fortaleza,2016,8,702395.7549999999
2301109,04,Litoral Leste,2016,8,1341479.035
2302206,04,Litoral Leste,2016,8,213522.64000000013
2304459,04,Litoral Leste,2016,8,1369647.62
2305357,04,Litoral Leste,2016,8,1281252.27
2306207,04,Litoral Leste,2016,8,5676.954999999987
2307007,04,Litoral Leste,2016,8,726146.625
2300200,05,Litoral Norte,2016,8,275798.6799999997
2302305,05,Litoral Norte,2016,8,283359.9950000001
2303907,05,Litoral Norte,2016,8,266082.88
2304251,05,Litoral Norte,2016,8,584940.0800000001
2304707,05,Litoral Norte,2016,8,784194.9649999999
2306553,05,Litoral Norte,2016,8,684991.2100000004
2307254,05,Litoral Norte,2016,8,271169.30999999994
2307809,05,Litoral Norte,2016,8,184579.54000000004
2307908,05,Litoral Norte,2016,8,224664.31499999994
2308906,05,Litoral Norte,2016,8,244191.66999999993
2300754,06,Litoral Oeste / Vale do Curu,2016,8,378745.18999999994
2300903,06,Litoral Oeste / Vale do Curu,2016,8,29044.505000000005
2304608,06,Litoral Oeste / Vale do Curu,2016,8,100.0
2306108,06,Litoral Oeste / Vale do Curu,2016,8,638607.4850000001
2306405,06,Litoral Oeste / Vale do Curu,2016,8,2168367.8999999994
2308377,06,Litoral Oeste / Vale do Curu,2016,8,54034.58999999997
2310704,06,Litoral Oeste / Vale do Curu,2016,8,156965.28000000003
2313351,06,Litoral Oeste / Vale do Curu,2016,8,284993.1499999999
2313757,06,Litoral Oeste / Vale do Curu,2016,8,78026.56999999995
2313807,06,Litoral Oeste / Vale do Curu,2016,8,28009.015000000014
2300150,07,Maciço do Baturité,2016,8,112724.11499999999
2301208,07,Maciço do Baturité,2016,8,867489.49
2301406,07,Maciço do Baturité,2016,8,69648.47000000009
2302107,07,Maciço do Baturité,2016,8,86132.375
2302909,07,Maciço do Baturité,2016,8,46333.59499999997
2306504,07,Maciço do Baturité,2016,8,296324.705
2309102,07,Maciço do Baturité,2016,8,2370.0
2309458,07,Maciço do Baturité,2016,8,29047.100000000006
2310100,07,Maciço do Baturité,2016,8,290.0
2311603,07,Maciço do Baturité,2016,8,0.0
2304236,08,Serra da Ibiapaba,2016,8,364127.865
2305308,08,Serra da Ibiapaba,2016,8,603054.8450000001
2313401,08,Serra da Ibiapaba,2016,8,1651538.4200000004
2313609,08,Serra da Ibiapaba,2016,8,367010.51500000013
2314102,08,Serra da Ibiapaba,2016,8,880580.1200000001
2301851,09,Sertão Central,2016,8,236732.055
2303931,09,Sertão Central,2016,8,196958.27000000002
2304269,09,Sertão Central,2016,8,379804.87
2305332,09,Sertão Central,2016,8,0.0
2308351,09,Sertão Central,2016,8,335648.03500000003
2308500,09,Sertão Central,2016,8,361465.5349999999
2310902,09,Sertão Central,2016,8,674467.875
2311306,09,Sertão Central,2016,8,185971.05499999993
2311405,09,Sertão Central,2016,8,1820851.2250000015
2312700,09,Sertão Central,2016,8,696990.5899999999
2302800,10,Sertão de Canindé,2016,8,564881.3500000001
2303006,10,Sertão de Canindé,2016,8,350384.7649999999
2307635,10,Sertão de Canindé,2016,8,120847.72499999998
2304004,11,Sertão de Sobral,2016,8,374843.2549999999
2304509,11,Sertão de Sobral,2016,8,795169.105
2304657,11,Sertão de Sobral,2016,8,379037.8800000001
2304905,11,Sertão de Sobral,2016,8,402116.8550000001
2308807,11,Sertão de Sobral,2016,8,1700.0
2312007,11,Sertão de Sobral,2016,8,703877.605
2312908,11,Sertão de Sobral,2016,8,2293273.6400000006
2304103,12,Sertão dos Crateús,2016,8,1056266.26
2305902,12,Sertão dos Crateús,2016,8,70789.28500000015
2309409,12,Sertão dos Crateús,2016,8,161527.87
2300408,13,Sertão dos Inhamuns,2016,8,85169.68
2300705,14,Vale do Jaguaribe,2016,8,105932.3999999999
2306009,14,Vale do Jaguaribe,2016,8,605262.25
2306801,14,Vale do Jaguaribe,2016,8,65000.0
2306900,14,Vale do Jaguaribe,2016,8,630106.6900000004
2307601,14,Vale do Jaguaribe,2016,8,623521.5549999997
2308708,14,Vale do Jaguaribe,2016,8,228229.625
2310803,14,Vale do Jaguaribe,2016,8,72042.5
2311231,14,Vale do Jaguaribe,2016,8,615045.16
2311801,14,Vale do Jaguaribe,2016,8,1262732.5
2312502,14,Vale do Jaguaribe,2016,8,259709.32
2313104,14,Vale do Jaguaribe,2016,8,388687.355
2300101,01,Cariri,2016,9,321138.90500000026
2301604,01,Cariri,2016,9,184134.52500000002
2302008,01,Cariri,2016,9,119516.10999999999
2302503,01,Cariri,2016,9,1547077.3949999996
2303204,01,Cariri,2016,9,19821.21999999974
2304202,01,Cariri,2016,9,141867.3700000001
2307106,01,Cariri,2016,9,0.0
2307205,01,Cariri,2016,9,0.0
2307304,01,Cariri,2016,9,2719687.9049999975
2307502,01,Cariri,2016,9,180272.8799999999
2308104,01,Cariri,2016,9,1636133.7349999999
2308302,01,Cariri,2016,9,163522.07000000007
2309201,01,Cariri,2016,9,36373.0
2310605,01,Cariri,2016,9,1000.0
2311108,01,Cariri,2016,9,193873.05000000005
2311207,01,Cariri,2016,9,2190.2000000000116
2311959,01,Cariri,2016,9,2492.4950000001118
2313252,01,Cariri,2016,9,104931.11499999999
2314003,01,Cariri,2016,9,41912.244999999995
2300309,02,Centro Sul,2016,9,436028.125
2301802,02,Centro Sul,2016,9,0.0
2303600,02,Centro Sul,2016,9,409601.7949999999
2303808,02,Centro Sul,2016,9,139113.32499999995
2305407,02,Centro Sul,2016,9,331395.9349999998
2305506,02,Centro Sul,2016,9,2284903.9799999995
2311355,02,Centro Sul,2016,9,112539.49500000011
2311900,02,Centro Sul,2016,9,3697.2399999999907
2301000,03,Grande Fortaleza,2016,9,732868.6349999998
2303501,03,Grande Fortaleza,2016,9,0.0
2303709,03,Grande Fortaleza,2016,9,4165923.0950000007
2303956,03,Grande Fortaleza,2016,9,64022.22000000003
2304285,03,Grande Fortaleza,2016,9,37613.104999999516
2304400,03,Grande Fortaleza,2016,9,38254447.57499999
2304954,03,Grande Fortaleza,2016,9,285165.79500000016
2305233,03,Grande Fortaleza,2016,9,2053999.4299999997
2306256,03,Grande Fortaleza,2016,9,2436198.714999999
2307650,03,Grande Fortaleza,2016,9,0.0
2307700,03,Grande Fortaleza,2016,9,505371.28000000026
2309607,03,Grande Fortaleza,2016,9,120541.20999999996
2310209,03,Grande Fortaleza,2016,9,239918.8899999999
2310258,03,Grande Fortaleza,2016,9,283649.8600000001
2310852,03,Grande Fortaleza,2016,9,309886.76
2312601,03,Grande Fortaleza,2016,9,320.8500000000058
2313500,03,Grande Fortaleza,2016,9,138206.5049999999
2301109,04,Litoral Leste,2016,9,294076.3700000001
2302206,04,Litoral Leste,2016,9,451543.4950000001
2304459,04,Litoral Leste,2016,9,729636.9449999998
2305357,04,Litoral Leste,2016,9,1344894.415
2306207,04,Litoral Leste,2016,9,5004.005000000005
2307007,04,Litoral Leste,2016,9,197074.03500000015
2300200,05,Litoral Norte,2016,9,72498.36500000022
2302305,05,Litoral Norte,2016,9,15060.754999999888
2304707,05,Litoral Norte,2016,9,0.0
2306553,05,Litoral Norte,2016,9,324142.0349999997
2307254,05,Litoral Norte,2016,9,931611.3999999999
2307809,05,Litoral Norte,2016,9,295608.77
2308906,05,Litoral Norte,2016,9,213482.14500000002
2300754,06,Litoral Oeste / Vale do Curu,2016,9,596038.5100000002
2300903,06,Litoral Oeste / Vale do Curu,2016,9,135042.09999999986
2304608,06,Litoral Oeste / Vale do Curu,2016,9,18201.119999999995
2306108,06,Litoral Oeste / Vale do Curu,2016,9,448147.80499999993
2306405,06,Litoral Oeste / Vale do Curu,2016,9,1053594.0899999999
2308377,06,Litoral Oeste / Vale do Curu,2016,9,302004.92500000005
2310704,06,Litoral Oeste / Vale do Curu,2016,9,281155.5050000001
2313351,06,Litoral Oeste / Vale do Curu,2016,9,222475.78500000015
2313757,06,Litoral Oeste / Vale do Curu,2016,9,73699.16000000003
2313807,06,Litoral Oeste / Vale do Curu,2016,9,26420.0
2300150,07,Maciço do Baturité,2016,9,153712.67500000005
2301208,07,Maciço do Baturité,2016,9,170132.70500000007
2301406,07,Maciço do Baturité,2016,9,47451.169999999925
2302107,07,Maciço do Baturité,2016,9,0.0
2302909,07,Maciço do Baturité,2016,9,320842.81499999994
2309102,07,Maciço do Baturité,2016,9,0.0
2309458,07,Maciço do Baturité,2016,9,105026.84500000003
2310100,07,Maciço do Baturité,2016,9,5373.879999999999
2311603,07,Maciço do Baturité,2016,9,0.0
2304236,08,Serra da Ibiapaba,2016,9,111272.78499999992
2305308,08,Serra da Ibiapaba,2016,9,0.0
2313401,08,Serra da Ibiapaba,2016,9,1065561.8699999992
2314102,08,Serra da Ibiapaba,2016,9,437509.3100000005
2301851,09,Sertão Central,2016,9,152614.35499999998
2304269,09,Sertão Central,2016,9,348145.68000000005
2305332,09,Sertão Central,2016,9,107193.985
2308351,09,Sertão Central,2016,9,188585.68999999994
2308500,09,Sertão Central,2016,9,177488.9850000001
2310902,09,Sertão Central,2016,9,226309.92999999993
2311306,09,Sertão Central,2016,9,29403.115000000107
2311405,09,Sertão Central,2016,9,308548.6150000002
2312700,09,Sertão Central,2016,9,147878.03500000015
2302800,10,Sertão de Canindé,2016,9,175888.86500000022
2303006,10,Sertão de Canindé,2016,9,108972.0850000002
2304004,11,Sertão de Sobral,2016,9,1499.0
2304509,11,Sertão de Sobral,2016,9,221430.39000000013
2304905,11,Sertão de Sobral,2016,9,374412.72499999986
2308807,11,Sertão de Sobral,2016,9,805.0
2312908,11,Sertão de Sobral,2016,9,1935419.624999999
2304103,12,Sertão dos Crateús,2016,9,253581.6000000001
2305902,12,Sertão dos Crateús,2016,9,28082.21499999985
2309300,12,Sertão dos Crateús,2016,9,616460.1699999999
2309409,12,Sertão dos Crateús,2016,9,29902.26000000001
2300408,13,Sertão dos Inhamuns,2016,9,124406.15000000002
2300705,14,Vale do Jaguaribe,2016,9,112643.46499999985
2306009,14,Vale do Jaguaribe,2016,9,183965.64000000013
2306801,14,Vale do Jaguaribe,2016,9,0.0
2306900,14,Vale do Jaguaribe,2016,9,1372460.3600000003
2307601,14,Vale do Jaguaribe,2016,9,0.0
2308708,14,Vale do Jaguaribe,2016,9,214200.25
2310803,14,Vale do Jaguaribe,2016,9,27401.640000000014
2311231,14,Vale do Jaguaribe,2016,9,1049624.54
2311801,14,Vale do Jaguaribe,2016,9,403074.6549999998
2312502,14,Vale do Jaguaribe,2016,9,186613.43000000005
2313104,14,Vale do Jaguaribe,2016,9,246341.65000000014
2300101,01,Cariri,2016,10,321138.90500000026
2301604,01,Cariri,2016,10,184134.52500000002
2302008,01,Cariri,2016,10,119516.10999999999
2302503,01,Cariri,2016,10,1547077.3949999996
2303204,01,Cariri,2016,10,19821.21999999974
2304202,01,Cariri,2016,10,141867.3700000001
2307106,01,Cariri,2016,10,0.0
2307205,01,Cariri,2016,10,0.0
2307304,01,Cariri,2016,10,2719687.9049999975
2307502,01,Cariri,2016,10,180272.8799999999
2308104,01,Cariri,2016,10,1636133.7349999999
2308302,01,Cariri,2016,10,163522.07000000007
2309201,01,Cariri,2016,10,36373.0
2310605,01,Cariri,2016,10,1000.0
2311108,01,Cariri,2016,10,193873.05000000005
2311207,01,Cariri,2016,10,2190.2000000000116
2311959,01,Cariri,2016,10,2492.4950000001118
2313252,01,Cariri,2016,10,104931.11499999999
2314003,01,Cariri,2016,10,41912.244999999995
2300309,02,Centro Sul,2016,10,436028.125
2301802,02,Centro Sul,2016,10,0.0
2303600,02,Centro Sul,2016,10,409601.7949999999
2303808,02,Centro Sul,2016,10,139113.32499999995
2305407,02,Centro Sul,2016,10,331395.9349999998
2305506,02,Centro Sul,2016,10,2284903.9799999995
2311355,02,Centro Sul,2016,10,112539.49500000011
2311900,02,Centro Sul,2016,10,3697.2399999999907
2301000,03,Grande Fortaleza,2016,10,732868.6349999998
2303501,03,Grande Fortaleza,2016,10,0.0
2303709,03,Grande Fortaleza,2016,10,4165923.0950000007
2303956,03,Grande Fortaleza,2016,10,64022.22000000003
2304285,03,Grande Fortaleza,2016,10,37613.104999999516
2304400,03,Grande Fortaleza,2016,10,38254447.57499999
2304954,03,Grande Fortaleza,2016,10,285165.79500000016
2305233,03,Grande Fortaleza,2016,10,2053999.4299999997
2306256,03,Grande Fortaleza,2016,10,2436198.714999999
2307650,03,Grande Fortaleza,2016,10,0.0
2307700,03,Grande Fortaleza,2016,10,505371.28000000026
2309607,03,Grande Fortaleza,2016,10,120541.20999999996
2310209,03,Grande Fortaleza,2016,10,239918.8899999999
2310258,03,Grande Fortaleza,2016,10,283649.8600000001
2310852,03,Grande Fortaleza,2016,10,309886.76
2312601,03,Grande Fortaleza,2016,10,320.8500000000058
2313500,03,Grande Fortaleza,2016,10,138206.5049999999
2301109,04,Litoral Leste,2016,10,294076.3700000001
2302206,04,Litoral Leste,2016,10,451543.4950000001
2304459,04,Litoral Leste,2016,10,729636.9449999998
2305357,04,Litoral Leste,2016,10,1344894.415
2306207,04,Litoral Leste,2016,10,5004.005000000005
2307007,04,Litoral Leste,2016,10,197074.03500000015
2300200,05,Litoral Norte,2016,10,72498.36500000022
2302305,05,Litoral Norte,2016,10,15060.754999999888
2304707,05,Litoral Norte,2016,10,0.0
2306553,05,Litoral Norte,2016,10,324142.0349999997
2307254,05,Litoral Norte,2016,10,931611.3999999999
2307809,05,Litoral Norte,2016,10,295608.77
2308906,05,Litoral Norte,2016,10,213482.14500000002
2300754,06,Litoral Oeste / Vale do Curu,2016,10,596038.5100000002
2300903,06,Litoral Oeste / Vale do Curu,2016,10,135042.09999999986
2304608,06,Litoral Oeste / Vale do Curu,2016,10,18201.119999999995
2306108,06,Litoral Oeste / Vale do Curu,2016,10,448147.80499999993
2306405,06,Litoral Oeste / Vale do Curu,2016,10,1053594.0899999999
2308377,06,Litoral Oeste / Vale do Curu,2016,10,302004.92500000005
2310704,06,Litoral Oeste / Vale do Curu,2016,10,281155.5050000001
2313351,06,Litoral Oeste / Vale do Curu,2016,10,222475.78500000015
2313757,06,Litoral Oeste / Vale do Curu,2016,10,73699.16000000003
2313807,06,Litoral Oeste / Vale do Curu,2016,10,26420.0
2300150,07,Maciço do Baturité,2016,10,153712.67500000005
2301208,07,Maciço do Baturité,2016,10,170132.70500000007
2301406,07,Maciço do Baturité,2016,10,47451.169999999925
2302107,07,Maciço do Baturité,2016,10,0.0
2302909,07,Maciço do Baturité,2016,10,320842.81499999994
2309102,07,Maciço do Baturité,2016,10,0.0
2309458,07,Maciço do Baturité,2016,10,105026.84500000003
2310100,07,Maciço do Baturité,2016,10,5373.879999999999
2311603,07,Maciço do Baturité,2016,10,0.0
2304236,08,Serra da Ibiapaba,2016,10,111272.78499999992
2305308,08,Serra da Ibiapaba,2016,10,0.0
2313401,08,Serra da Ibiapaba,2016,10,1065561.8699999992
2314102,08,Serra da Ibiapaba,2016,10,437509.3100000005
2301851,09,Sertão Central,2016,10,152614.35499999998
2304269,09,Sertão Central,2016,10,348145.68000000005
2305332,09,Sertão Central,2016,10,107193.985
2308351,09,Sertão Central,2016,10,188585.68999999994
2308500,09,Sertão Central,2016,10,177488.9850000001
2310902,09,Sertão Central,2016,10,226309.92999999993
2311306,09,Sertão Central,2016,10,29403.115000000107
2311405,09,Sertão Central,2016,10,308548.6150000002
2312700,09,Sertão Central,2016,10,147878.03500000015
2302800,10,Sertão de Canindé,2016,10,175888.86500000022
2303006,10,Sertão de Canindé,2016,10,108972.0850000002
2304004,11,Sertão de Sobral,2016,10,1499.0
2304509,11,Sertão de Sobral,2016,10,221430.39000000013
2304905,11,Sertão de Sobral,2016,10,374412.72499999986
2308807,11,Sertão de Sobral,2016,10,805.0
2312908,11,Sertão de Sobral,2016,10,1935419.624999999
2304103,12,Sertão dos Crateús,2016,10,253581.6000000001
2305902,12,Sertão dos Crateús,2016,10,28082.21499999985
2309300,12,Sertão dos Crateús,2016,10,616460.1699999999
2309409,12,Sertão dos Crateús,2016,10,29902.26000000001
2300408,13,Sertão dos Inhamuns,2016,10,124406.15000000002
2300705,14,Vale do Jaguaribe,2016,10,112643.46499999985
2306009,14,Vale do Jaguaribe,2016,10,183965.64000000013
2306801,14,Vale do Jaguaribe,2016,10,0.0
2306900,14,Vale do Jaguaribe,2016,10,1372460.3600000003
2307601,14,Vale do Jaguaribe,2016,10,0.0
2308708,14,Vale do Jaguaribe,2016,10,214200.25
2310803,14,Vale do Jaguaribe,2016,10,27401.640000000014
2311231,14,Vale do Jaguaribe,2016,10,1049624.54
2311801,14,Vale do Jaguaribe,2016,10,403074.6549999998
2312502,14,Vale do Jaguaribe,2016,10,186613.43000000005
2313104,14,Vale do Jaguaribe,2016,10,246341.65000000014
2301901,01,Cariri,2016,11,1961696.895
2302008,01,Cariri,2016,11,118574.66999999998
2302503,01,Cariri,2016,11,1374015.58
2307205,01,Cariri,2016,11,34113.33500000008
2307304,01,Cariri,2016,11,543019.1449999996
2308104,01,Cariri,2016,11,126680.25499999989
2308302,01,Cariri,2016,11,356025.35999999987
2309201,01,Cariri,2016,11,85349.91000000003
2310605,01,Cariri,2016,11,131546.37
2311108,01,Cariri,2016,11,1277344.42
2311207,01,Cariri,2016,11,743932.6399999999
2311959,01,Cariri,2016,11,0.0
2313252,01,Cariri,2016,11,228885.07499999995
2314003,01,Cariri,2016,11,145357.83499999996
2301802,02,Centro Sul,2016,11,323864.095
2303600,02,Centro Sul,2016,11,378839.2250000001
2303808,02,Centro Sul,2016,11,359380.485
2305407,02,Centro Sul,2016,11,33070.060000000056
2305506,02,Centro Sul,2016,11,6000850.97
2311355,02,Centro Sul,2016,11,0.0
2311900,02,Centro Sul,2016,11,22901.51000000001
2301000,03,Grande Fortaleza,2016,11,1565543.9849999994
2303709,03,Grande Fortaleza,2016,11,2302696.3550000004
2303956,03,Grande Fortaleza,2016,11,0.0
2304285,03,Grande Fortaleza,2016,11,0.0
2304400,03,Grande Fortaleza,2016,11,9223068.450000018
2304954,03,Grande Fortaleza,2016,11,22611.559999999823
2305233,03,Grande Fortaleza,2016,11,2630183.415000001
2306256,03,Grande Fortaleza,2016,11,1206469.625
2307650,03,Grande Fortaleza,2016,11,969127.9799999986
2307700,03,Grande Fortaleza,2016,11,0.0
2309607,03,Grande Fortaleza,2016,11,225629.67500000028
2310209,03,Grande Fortaleza,2016,11,699848.2300000002
2310258,03,Grande Fortaleza,2016,11,262663.23
2310852,03,Grande Fortaleza,2016,11,0.0
2312601,03,Grande Fortaleza,2016,11,0.0
2313500,03,Grande Fortaleza,2016,11,0.0
2301109,04,Litoral Leste,2016,11,0.0
2302206,04,Litoral Leste,2016,11,235190.28999999957
2304459,04,Litoral Leste,2016,11,449066.3450000002
2305357,04,Litoral Leste,2016,11,661723.8700000001
2306207,04,Litoral Leste,2016,11,140234.235
2300200,05,Litoral Norte,2016,11,151860.16999999993
2302602,05,Litoral Norte,2016,11,7911642.735
2304707,05,Litoral Norte,2016,11,971317.21
2306553,05,Litoral Norte,2016,11,1019353.9249999998
2307254,05,Litoral Norte,2016,11,378281.4250000003
2307809,05,Litoral Norte,2016,11,701283.2549999999
2308906,05,Litoral Norte,2016,11,945288.48
2300754,06,Litoral Oeste / Vale do Curu,2016,11,1466782.355
2300903,06,Litoral Oeste / Vale do Curu,2016,11,539712.9000000001
2306108,06,Litoral Oeste / Vale do Curu,2016,11,893405.3899999999
2306405,06,Litoral Oeste / Vale do Curu,2016,11,0.0
2310704,06,Litoral Oeste / Vale do Curu,2016,11,187982.67500000005
2313351,06,Litoral Oeste / Vale do Curu,2016,11,514407.95499999984
2313807,06,Litoral Oeste / Vale do Curu,2016,11,8597.529999999999
2300150,07,Maciço do Baturité,2016,11,21185.025000000023
2301208,07,Maciço do Baturité,2016,11,51564.37999999989
2301406,07,Maciço do Baturité,2016,11,49150.215000000084
2302107,07,Maciço do Baturité,2016,11,109254.46499999997
2302909,07,Maciço do Baturité,2016,11,48793.51000000001
2309102,07,Maciço do Baturité,2016,11,0.0
2309458,07,Maciço do Baturité,2016,11,19022.0
2310100,07,Maciço do Baturité,2016,11,70414.85
2311603,07,Maciço do Baturité,2016,11,0.0
2304236,08,Serra da Ibiapaba,2016,11,782312.1900000002
2305001,08,Serra da Ibiapaba,2016,11,3158152.165
2305308,08,Serra da Ibiapaba,2016,11,0.0
2313401,08,Serra da Ibiapaba,2016,11,941173.125
2313609,08,Serra da Ibiapaba,2016,11,868947.3300000001
2314102,08,Serra da Ibiapaba,2016,11,1885576.2049999991
2301851,09,Sertão Central,2016,11,623090.0900000001
2303931,09,Sertão Central,2016,11,259884.45999999996
2304269,09,Sertão Central,2016,11,15579.319999999949
2305332,09,Sertão Central,2016,11,0.0
2308351,09,Sertão Central,2016,11,379402.4550000001
2308500,09,Sertão Central,2016,11,642870.71
2310902,09,Sertão Central,2016,11,419941.14000000013
2311306,09,Sertão Central,2016,11,250178.7649999999
2311405,09,Sertão Central,2016,11,1461721.1949999984
2307635,10,Sertão de Canindé,2016,11,0.0
2304509,11,Sertão de Sobral,2016,11,39504.25
2308807,11,Sertão de Sobral,2016,11,56831.065
2312908,11,Sertão de Sobral,2016,11,2286298.905000001
2304103,12,Sertão dos Crateús,2016,11,458890.0449999999
2305902,12,Sertão dos Crateús,2016,11,400040.83499999996
2309300,12,Sertão dos Crateús,2016,11,0.0
2309409,12,Sertão dos Crateús,2016,11,128290.88
2300705,14,Vale do Jaguaribe,2016,11,1445779.06
2306009,14,Vale do Jaguaribe,2016,11,591997.9649999999
2306801,14,Vale do Jaguaribe,2016,11,0.0
2306900,14,Vale do Jaguaribe,2016,11,334952.4249999998
2307601,14,Vale do Jaguaribe,2016,11,0.0
2308708,14,Vale do Jaguaribe,2016,11,394199.53
2311231,14,Vale do Jaguaribe,2016,11,821243.76
2311801,14,Vale do Jaguaribe,2016,11,0.0
2312502,14,Vale do Jaguaribe,2016,11,2039.5
2313104,14,Vale do Jaguaribe,2016,11,0.0
2301901,01,Cariri,2016,12,1961696.895
2302008,01,Cariri,2016,12,118574.66999999998
2302503,01,Cariri,2016,12,1374015.58
2307205,01,Cariri,2016,12,34113.33500000008
2307304,01,Cariri,2016,12,543019.1449999996
2308104,01,Cariri,2016,12,126680.25499999989
2308302,01,Cariri,2016,12,356025.35999999987
2309201,01,Cariri,2016,12,85349.91000000003
2310605,01,Cariri,2016,12,131546.37
2311108,01,Cariri,2016,12,1277344.42
2311207,01,Cariri,2016,12,743932.6399999999
2311959,01,Cariri,2016,12,0.0
2313252,01,Cariri,2016,12,228885.07499999995
2314003,01,Cariri,2016,12,145357.83499999996
2301802,02,Centro Sul,2016,12,323864.095
2303600,02,Centro Sul,2016,12,378839.2250000001
2303808,02,Centro Sul,2016,12,359380.485
2305407,02,Centro Sul,2016,12,33070.060000000056
2305506,02,Centro Sul,2016,12,6000850.97
2311355,02,Centro Sul,2016,12,0.0
2311900,02,Centro Sul,2016,12,22901.51000000001
2301000,03,Grande Fortaleza,2016,12,1565543.9849999994
2303709,03,Grande Fortaleza,2016,12,2302696.3550000004
2303956,03,Grande Fortaleza,2016,12,0.0
2304285,03,Grande Fortaleza,2016,12,0.0
2304400,03,Grande Fortaleza,2016,12,9223068.450000018
2304954,03,Grande Fortaleza,2016,12,22611.559999999823
2305233,03,Grande Fortaleza,2016,12,2630183.415000001
2306256,03,Grande Fortaleza,2016,12,1206469.625
2307650,03,Grande Fortaleza,2016,12,969127.9799999986
2307700,03,Grande Fortaleza,2016,12,0.0
2309607,03,Grande Fortaleza,2016,12,225629.67500000028
2310209,03,Grande Fortaleza,2016,12,699848.2300000002
2310258,03,Grande Fortaleza,2016,12,262663.23
2310852,03,Grande Fortaleza,2016,12,0.0
2312601,03,Grande Fortaleza,2016,12,0.0
2313500,03,Grande Fortaleza,2016,12,0.0
2301109,04,Litoral Leste,2016,12,0.0
2302206,04,Litoral Leste,2016,12,235190.28999999957
2304459,04,Litoral Leste,2016,12,449066.3450000002
2305357,04,Litoral Leste,2016,12,661723.8700000001
2306207,04,Litoral Leste,2016,12,140234.235
2300200,05,Litoral Norte,2016,12,151860.16999999993
2302602,05,Litoral Norte,2016,12,7911642.735
2304707,05,Litoral Norte,2016,12,971317.21
2306553,05,Litoral Norte,2016,12,1019353.9249999998
2307254,05,Litoral Norte,2016,12,378281.4250000003
2307809,05,Litoral Norte,2016,12,701283.2549999999
2308906,05,Litoral Norte,2016,12,945288.48
2300754,06,Litoral Oeste / Vale do Curu,2016,12,1466782.355
2300903,06,Litoral Oeste / Vale do Curu,2016,12,539712.9000000001
2306108,06,Litoral Oeste / Vale do Curu,2016,12,893405.3899999999
2306405,06,Litoral Oeste / Vale do Curu,2016,12,0.0
2310704,06,Litoral Oeste / Vale do Curu,2016,12,187982.67500000005
2313351,06,Litoral Oeste / Vale do Curu,2016,12,514407.95499999984
2313807,06,Litoral Oeste / Vale do Curu,2016,12,8597.529999999999
2300150,07,Maciço do Baturité,2016,12,21185.025000000023
2301208,07,Maciço do Baturité,2016,12,51564.37999999989
2301406,07,Maciço do Baturité,2016,12,49150.215000000084
2302107,07,Maciço do Baturité,2016,12,109254.46499999997
2302909,07,Maciço do Baturité,2016,12,48793.51000000001
2309102,07,Maciço do Baturité,2016,12,0.0
2309458,07,Maciço do Baturité,2016,12,19022.0
2310100,07,Maciço do Baturité,2016,12,70414.85
2311603,07,Maciço do Baturité,2016,12,0.0
2304236,08,Serra da Ibiapaba,2016,12,782312.1900000002
2305001,08,Serra da Ibiapaba,2016,12,3158152.165
2305308,08,Serra da Ibiapaba,2016,12,0.0
2313401,08,Serra da Ibiapaba,2016,12,941173.125
2313609,08,Serra da Ibiapaba,2016,12,868947.3300000001
2314102,08,Serra da Ibiapaba,2016,12,1885576.2049999991
2301851,09,Sertão Central,2016,12,623090.0900000001
2303931,09,Sertão Central,2016,12,259884.45999999996
2304269,09,Sertão Central,2016,12,15579.319999999949
2305332,09,Sertão Central,2016,12,0.0
2308351,09,Sertão Central,2016,12,379402.4550000001
2308500,09,Sertão Central,2016,12,642870.71
2310902,09,Sertão Central,2016,12,419941.14000000013
2311306,09,Sertão Central,2016,12,250178.7649999999
2311405,09,Sertão Central,2016,12,1461721.1949999984
2307635,10,Sertão de Canindé,2016,12,0.0
2304509,11,Sertão de Sobral,2016,12,39504.25
2308807,11,Sertão de Sobral,2016,12,56831.065
2312908,11,Sertão de Sobral,2016,12,2286298.905000001
2304103,12,Sertão dos Crateús,2016,12,458890.0449999999
2305902,12,Sertão dos Crateús,2016,12,400040.83499999996
2309300,12,Sertão dos Crateús,2016,12,0.0
2309409,12,Sertão dos Crateús,2016,12,128290.88
2300705,14,Vale do Jaguaribe,2016,12,1445779.06
2306009,14,Vale do Jaguaribe,2016,12,591997.9649999999
2306801,14,Vale do Jaguaribe,2016,12,0.0
2306900,14,Vale do Jaguaribe,2016,12,334952.4249999998
2307601,14,Vale do Jaguaribe,2016,12,0.0
2308708,14,Vale do Jaguaribe,2016,12,394199.53
2311231,14,Vale do Jaguaribe,2016,12,821243.76
2311801,14,Vale do Jaguaribe,2016,12,0.0
2312502,14,Vale do Jaguaribe,2016,12,2039.5
2313104,14,Vale do Jaguaribe,2016,12,0.0
2301604,01,Cariri,2017,1,43460.55
2301901,01,Cariri,2017,1,75514.335
2302503,01,Cariri,2017,1,4570.0
2304806,01,Cariri,2017,1,12756.355
2307304,01,Cariri,2017,1,694207.26
2307502,01,Cariri,2017,1,3900.0
2308104,01,Cariri,2017,1,170793.95
2308302,01,Cariri,2017,1,64688.09
2308401,01,Cariri,2017,1,223719.42
2309201,01,Cariri,2017,1,102247.59
2311207,01,Cariri,2017,1,804.45
2311959,01,Cariri,2017,1,221321.16
2313252,01,Cariri,2017,1,49799.585
2314003,01,Cariri,2017,1,74.95
2300309,02,Centro Sul,2017,1,61775.375
2301802,02,Centro Sul,2017,1,13927.42
2303600,02,Centro Sul,2017,1,630729.995
2303808,02,Centro Sul,2017,1,69035.895
2305506,02,Centro Sul,2017,1,5130669.315
2307403,02,Centro Sul,2017,1,567128.545
2311355,02,Centro Sul,2017,1,402801.965
2311900,02,Centro Sul,2017,1,6628.465
2313708,02,Centro Sul,2017,1,22713.79
2303709,03,Grande Fortaleza,2017,1,739360.04
2303956,03,Grande Fortaleza,2017,1,25257.105
2304285,03,Grande Fortaleza,2017,1,558893.275
2304400,03,Grande Fortaleza,2017,1,70701649.855
2304954,03,Grande Fortaleza,2017,1,8535.5
2305233,03,Grande Fortaleza,2017,1,655195.615
2306256,03,Grande Fortaleza,2017,1,523301.685
2307650,03,Grande Fortaleza,2017,1,7455003.38
2307700,03,Grande Fortaleza,2017,1,420785.1
2309607,03,Grande Fortaleza,2017,1,16304.08
2309706,03,Grande Fortaleza,2017,1,7168.0
2310852,03,Grande Fortaleza,2017,1,730429.705
2312601,03,Grande Fortaleza,2017,1,3300.0
2313500,03,Grande Fortaleza,2017,1,175000.0
2301109,04,Litoral Leste,2017,1,66937.51
2302206,04,Litoral Leste,2017,1,2850.0
2304459,04,Litoral Leste,2017,1,65722.885
2305357,04,Litoral Leste,2017,1,996654.07
2306207,04,Litoral Leste,2017,1,440.0
2300200,05,Litoral Norte,2017,1,122350.0
2302305,05,Litoral Norte,2017,1,50615.675
2303907,05,Litoral Norte,2017,1,2499.8
2304251,05,Litoral Norte,2017,1,1249.995
2304707,05,Litoral Norte,2017,1,2325501.38
2306553,05,Litoral Norte,2017,1,337425.17
2307254,05,Litoral Norte,2017,1,91998.77
2307809,05,Litoral Norte,2017,1,115105.0
2307908,05,Litoral Norte,2017,1,5560.0
2308906,05,Litoral Norte,2017,1,34319.61
2300754,06,Litoral Oeste / Vale do Curu,2017,1,1002772.32
2300903,06,Litoral Oeste / Vale do Curu,2017,1,601645.26
2306108,06,Litoral Oeste / Vale do Curu,2017,1,31948.31
2306405,06,Litoral Oeste / Vale do Curu,2017,1,126657.35
2310704,06,Litoral Oeste / Vale do Curu,2017,1,150609.575
2313351,06,Litoral Oeste / Vale do Curu,2017,1,261091.73
2313559,06,Litoral Oeste / Vale do Curu,2017,1,1750.0
2313757,06,Litoral Oeste / Vale do Curu,2017,1,145848.695
2313807,06,Litoral Oeste / Vale do Curu,2017,1,7867.09
2300150,07,Maciço do Baturité,2017,1,23914.375
2301208,07,Maciço do Baturité,2017,1,392477.96
2301406,07,Maciço do Baturité,2017,1,13922.945
2301950,07,Maciço do Baturité,2017,1,28937.75
2302107,07,Maciço do Baturité,2017,1,6988.5
2302909,07,Maciço do Baturité,2017,1,15555.09
2305100,07,Maciço do Baturité,2017,1,3487.65
2306504,07,Maciço do Baturité,2017,1,3948.0
2309102,07,Maciço do Baturité,2017,1,60750.0
2309458,07,Maciço do Baturité,2017,1,124510.0
2310100,07,Maciço do Baturité,2017,1,428.975
2313401,08,Serra da Ibiapaba,2017,1,289319.5
2313609,08,Serra da Ibiapaba,2017,1,94.0
2314102,08,Serra da Ibiapaba,2017,1,230210.0
2303931,09,Sertão Central,2017,1,7274.5
2304269,09,Sertão Central,2017,1,50132.2
2305332,09,Sertão Central,2017,1,129.95
2308351,09,Sertão Central,2017,1,5997.5
2308500,09,Sertão Central,2017,1,372560.81
2310506,09,Sertão Central,2017,1,60390.825
2310902,09,Sertão Central,2017,1,340843.255
2311405,09,Sertão Central,2017,1,1493.3
2313005,09,Sertão Central,2017,1,344366.465
2302404,10,Sertão de Canindé,2017,1,55355.13
2303006,10,Sertão de Canindé,2017,1,139061.14
2304004,11,Sertão de Sobral,2017,1,8736.475
2304509,11,Sertão de Sobral,2017,1,8749.69
2308807,11,Sertão de Sobral,2017,1,3803.95
2310951,11,Sertão de Sobral,2017,1,636035.965
2312007,11,Sertão de Sobral,2017,1,115105.0
2312809,11,Sertão de Sobral,2017,1,14368.44
2312908,11,Sertão de Sobral,2017,1,221575.645
2304103,12,Sertão dos Crateús,2017,1,301473.995
2305605,12,Sertão dos Crateús,2017,1,32456.7
2305902,12,Sertão dos Crateús,2017,1,283462.025
2309300,12,Sertão dos Crateús,2017,1,395275.7
2309409,12,Sertão dos Crateús,2017,1,345446.305
2311009,12,Sertão dos Crateús,2017,1,33789.09
2312205,12,Sertão dos Crateús,2017,1,99410.365
2313302,13,Sertão dos Inhamuns,2017,1,84640.73
2300705,14,Vale do Jaguaribe,2017,1,10180.63
2306009,14,Vale do Jaguaribe,2017,1,532029.97
2306702,14,Vale do Jaguaribe,2017,1,3055.0
2306801,14,Vale do Jaguaribe,2017,1,86312.25
2306900,14,Vale do Jaguaribe,2017,1,658861.7
2307601,14,Vale do Jaguaribe,2017,1,1899.0
2308708,14,Vale do Jaguaribe,2017,1,61026.605
2310803,14,Vale do Jaguaribe,2017,1,33750.0
2311231,14,Vale do Jaguaribe,2017,1,386524.075
2311801,14,Vale do Jaguaribe,2017,1,196792.665
2312502,14,Vale do Jaguaribe,2017,1,74109.055
2313104,14,Vale do Jaguaribe,2017,1,2448.0
2301604,01,Cariri,2017,2,43460.55
2301901,01,Cariri,2017,2,75514.335
2302503,01,Cariri,2017,2,4570.0
2304806,01,Cariri,2017,2,12756.355
2307304,01,Cariri,2017,2,694207.26
2307502,01,Cariri,2017,2,3900.0
2308104,01,Cariri,2017,2,170793.95
2308302,01,Cariri,2017,2,64688.09
2308401,01,Cariri,2017,2,223719.42
2309201,01,Cariri,2017,2,102247.59
2311207,01,Cariri,2017,2,804.45
2311959,01,Cariri,2017,2,221321.16
2313252,01,Cariri,2017,2,49799.585
2314003,01,Cariri,2017,2,74.95
2300309,02,Centro Sul,2017,2,61775.375
2301802,02,Centro Sul,2017,2,13927.42
2303600,02,Centro Sul,2017,2,630729.995
2303808,02,Centro Sul,2017,2,69035.895
2305506,02,Centro Sul,2017,2,5130669.315
2307403,02,Centro Sul,2017,2,567128.545
2311355,02,Centro Sul,2017,2,402801.965
2311900,02,Centro Sul,2017,2,6628.465
2313708,02,Centro Sul,2017,2,22713.79
2303709,03,Grande Fortaleza,2017,2,739360.04
2303956,03,Grande Fortaleza,2017,2,25257.105
2304285,03,Grande Fortaleza,2017,2,558893.275
2304400,03,Grande Fortaleza,2017,2,70701649.855
2304954,03,Grande Fortaleza,2017,2,8535.5
2305233,03,Grande Fortaleza,2017,2,655195.615
2306256,03,Grande Fortaleza,2017,2,523301.685
2307650,03,Grande Fortaleza,2017,2,7455003.38
2307700,03,Grande Fortaleza,2017,2,420785.1
2309607,03,Grande Fortaleza,2017,2,16304.08
2309706,03,Grande Fortaleza,2017,2,7168.0
2310852,03,Grande Fortaleza,2017,2,730429.705
2312601,03,Grande Fortaleza,2017,2,3300.0
2313500,03,Grande Fortaleza,2017,2,175000.0
2301109,04,Litoral Leste,2017,2,66937.51
2302206,04,Litoral Leste,2017,2,2850.0
2304459,04,Litoral Leste,2017,2,65722.885
2305357,04,Litoral Leste,2017,2,996654.07
2306207,04,Litoral Leste,2017,2,440.0
2300200,05,Litoral Norte,2017,2,122350.0
2302305,05,Litoral Norte,2017,2,50615.675
2303907,05,Litoral Norte,2017,2,2499.8
2304251,05,Litoral Norte,2017,2,1249.995
2304707,05,Litoral Norte,2017,2,2325501.38
2306553,05,Litoral Norte,2017,2,337425.17
2307254,05,Litoral Norte,2017,2,91998.77
2307809,05,Litoral Norte,2017,2,115105.0
2307908,05,Litoral Norte,2017,2,5560.0
2308906,05,Litoral Norte,2017,2,34319.61
2300754,06,Litoral Oeste / Vale do Curu,2017,2,1002772.32
2300903,06,Litoral Oeste / Vale do Curu,2017,2,601645.26
2306108,06,Litoral Oeste / Vale do Curu,2017,2,31948.31
2306405,06,Litoral Oeste / Vale do Curu,2017,2,126657.35
2310704,06,Litoral Oeste / Vale do Curu,2017,2,150609.575
2313351,06,Litoral Oeste / Vale do Curu,2017,2,261091.73
2313559,06,Litoral Oeste / Vale do Curu,2017,2,1750.0
2313757,06,Litoral Oeste / Vale do Curu,2017,2,145848.695
2313807,06,Litoral Oeste / Vale do Curu,2017,2,7867.09
2300150,07,Maciço do Baturité,2017,2,23914.375
2301208,07,Maciço do Baturité,2017,2,392477.96
2301406,07,Maciço do Baturité,2017,2,13922.945
2301950,07,Maciço do Baturité,2017,2,28937.75
2302107,07,Maciço do Baturité,2017,2,6988.5
2302909,07,Maciço do Baturité,2017,2,15555.09
2305100,07,Maciço do Baturité,2017,2,3487.65
2306504,07,Maciço do Baturité,2017,2,3948.0
2309102,07,Maciço do Baturité,2017,2,60750.0
2309458,07,Maciço do Baturité,2017,2,124510.0
2310100,07,Maciço do Baturité,2017,2,428.975
2313401,08,Serra da Ibiapaba,2017,2,289319.5
2313609,08,Serra da Ibiapaba,2017,2,94.0
2314102,08,Serra da Ibiapaba,2017,2,230210.0
2303931,09,Sertão Central,2017,2,7274.5
2304269,09,Sertão Central,2017,2,50132.2
2305332,09,Sertão Central,2017,2,129.95
2308351,09,Sertão Central,2017,2,5997.5
2308500,09,Sertão Central,2017,2,372560.81
2310506,09,Sertão Central,2017,2,60390.825
2310902,09,Sertão Central,2017,2,340843.255
2311405,09,Sertão Central,2017,2,1493.3
2313005,09,Sertão Central,2017,2,344366.465
2302404,10,Sertão de Canindé,2017,2,55355.13
2303006,10,Sertão de Canindé,2017,2,139061.14
2304004,11,Sertão de Sobral,2017,2,8736.475
2304509,11,Sertão de Sobral,2017,2,8749.69
2308807,11,Sertão de Sobral,2017,2,3803.95
2310951,11,Sertão de Sobral,2017,2,636035.965
2312007,11,Sertão de Sobral,2017,2,115105.0
2312809,11,Sertão de Sobral,2017,2,14368.44
2312908,11,Sertão de Sobral,2017,2,221575.645
2304103,12,Sertão dos Crateús,2017,2,301473.995
2305605,12,Sertão dos Crateús,2017,2,32456.7
2305902,12,Sertão dos Crateús,2017,2,283462.025
2309300,12,Sertão dos Crateús,2017,2,395275.7
2309409,12,Sertão dos Crateús,2017,2,345446.305
2311009,12,Sertão dos Crateús,2017,2,33789.09
2312205,12,Sertão dos Crateús,2017,2,99410.365
2313302,13,Sertão dos Inhamuns,2017,2,84640.73
2300705,14,Vale do Jaguaribe,2017,2,10180.63
2306009,14,Vale do Jaguaribe,2017,2,532029.97
2306702,14,Vale do Jaguaribe,2017,2,3055.0
2306801,14,Vale do Jaguaribe,2017,2,86312.25
2306900,14,Vale do Jaguaribe,2017,2,658861.7
2307601,14,Vale do Jaguaribe,2017,2,1899.0
2308708,14,Vale do Jaguaribe,2017,2,61026.605
2310803,14,Vale do Jaguaribe,2017,2,33750.0
2311231,14,Vale do Jaguaribe,2017,2,386524.075
2311801,14,Vale do Jaguaribe,2017,2,196792.665
2312502,14,Vale do Jaguaribe,2017,2,74109.055
2313104,14,Vale do Jaguaribe,2017,2,2448.0
2301604,01,Cariri,2017,3,0.0
2301901,01,Cariri,2017,3,202056.19999999995
2302503,01,Cariri,2017,3,688911.265
2304806,01,Cariri,2017,3,980.210000000001
2307205,01,Cariri,2017,3,58697.435
2307304,01,Cariri,2017,3,1853291.925
2307502,01,Cariri,2017,3,535140.93
2308104,01,Cariri,2017,3,153359.89
2308302,01,Cariri,2017,3,125030.91
2308401,01,Cariri,2017,3,470434.93499999994
2309201,01,Cariri,2017,3,191422.38999999998
2310605,01,Cariri,2017,3,182209.275
2311108,01,Cariri,2017,3,20286.5
2311207,01,Cariri,2017,3,201312.705
2311959,01,Cariri,2017,3,247966.49999999997
2313252,01,Cariri,2017,3,153425.795
2314003,01,Cariri,2017,3,221307.335
2300309,02,Centro Sul,2017,3,148634.59
2301802,02,Centro Sul,2017,3,38229.0
2303600,02,Centro Sul,2017,3,158374.36
2303808,02,Centro Sul,2017,3,123380.515
2305407,02,Centro Sul,2017,3,86910.57
2305506,02,Centro Sul,2017,3,1165288.045
2305704,02,Centro Sul,2017,3,2590.0
2307403,02,Centro Sul,2017,3,261391.31499999994
2311355,02,Centro Sul,2017,3,229761.62999999995
2311900,02,Centro Sul,2017,3,0.0
2313708,02,Centro Sul,2017,3,10660.595000000001
2301000,03,Grande Fortaleza,2017,3,306877.1
2303709,03,Grande Fortaleza,2017,3,1040296.075
2303956,03,Grande Fortaleza,2017,3,168926.44
2304285,03,Grande Fortaleza,2017,3,230086.89500000002
2304400,03,Grande Fortaleza,2017,3,18077877.045
2304954,03,Grande Fortaleza,2017,3,30218.305
2305233,03,Grande Fortaleza,2017,3,1307261.585
2306256,03,Grande Fortaleza,2017,3,351870.73000000004
2307650,03,Grande Fortaleza,2017,3,2417462.420000001
2307700,03,Grande Fortaleza,2017,3,1047293.7700000001
2309607,03,Grande Fortaleza,2017,3,263168.0
2309706,03,Grande Fortaleza,2017,3,152748.8
2310209,03,Grande Fortaleza,2017,3,72015.6
2310258,03,Grande Fortaleza,2017,3,124264.9
2310852,03,Grande Fortaleza,2017,3,7099.570000000065
2312403,03,Grande Fortaleza,2017,3,28520.0
2312601,03,Grande Fortaleza,2017,3,7961.25
2313500,03,Grande Fortaleza,2017,3,200385.89500000002
2301109,04,Litoral Leste,2017,3,177493.03500000003
2302206,04,Litoral Leste,2017,3,138855.0
2304459,04,Litoral Leste,2017,3,65432.970000000016
2305357,04,Litoral Leste,2017,3,1702105.21
2306207,04,Litoral Leste,2017,3,38660.95
2300200,05,Litoral Norte,2017,3,83659.54999999999
2302305,05,Litoral Norte,2017,3,320595.395
2303907,05,Litoral Norte,2017,3,0.0
2304251,05,Litoral Norte,2017,3,428787.705
2304707,05,Litoral Norte,2017,3,866500.665
2306553,05,Litoral Norte,2017,3,410173.09500000003
2307254,05,Litoral Norte,2017,3,659752.955
2307809,05,Litoral Norte,2017,3,21064.0
2307908,05,Litoral Norte,2017,3,55465.76
2308906,05,Litoral Norte,2017,3,327670.15
2300754,06,Litoral Oeste / Vale do Curu,2017,3,403606.89500000014
2300903,06,Litoral Oeste / Vale do Curu,2017,3,0.0
2306108,06,Litoral Oeste / Vale do Curu,2017,3,245423.28000000003
2306306,06,Litoral Oeste / Vale do Curu,2017,3,216671.8
2306405,06,Litoral Oeste / Vale do Curu,2017,3,511606.45000000007
2310704,06,Litoral Oeste / Vale do Curu,2017,3,202449.865
2313351,06,Litoral Oeste / Vale do Curu,2017,3,147571.22
2313559,06,Litoral Oeste / Vale do Curu,2017,3,50560.005
2313757,06,Litoral Oeste / Vale do Curu,2017,3,28560.410000000003
2313807,06,Litoral Oeste / Vale do Curu,2017,3,3619.0
2300150,07,Maciço do Baturité,2017,3,0.0
2301208,07,Maciço do Baturité,2017,3,651186.9199999999
2301406,07,Maciço do Baturité,2017,3,125139.035
2301950,07,Maciço do Baturité,2017,3,121050.0
2302107,07,Maciço do Baturité,2017,3,59703.244999999995
2302909,07,Maciço do Baturité,2017,3,58706.36
2305100,07,Maciço do Baturité,2017,3,184183.855
2306504,07,Maciço do Baturité,2017,3,1588.4499999999998
2309102,07,Maciço do Baturité,2017,3,549830.06
2309458,07,Maciço do Baturité,2017,3,35645.30499999999
2310100,07,Maciço do Baturité,2017,3,9545.5
2311603,07,Maciço do Baturité,2017,3,3184.515
2303402,08,Serra da Ibiapaba,2017,3,8213.5
2305001,08,Serra da Ibiapaba,2017,3,155973.425
2313401,08,Serra da Ibiapaba,2017,3,585487.605
2313609,08,Serra da Ibiapaba,2017,3,137541.525
2314102,08,Serra da Ibiapaba,2017,3,14706.950000000012
2303931,09,Sertão Central,2017,3,465.0
2304269,09,Sertão Central,2017,3,227287.40999999997
2305332,09,Sertão Central,2017,3,29752.719999999998
2308351,09,Sertão Central,2017,3,114642.765
2308500,09,Sertão Central,2017,3,558367.3600000001
2310506,09,Sertão Central,2017,3,75205.76
2310902,09,Sertão Central,2017,3,418026.895
2312700,09,Sertão Central,2017,3,113241.69
2313005,09,Sertão Central,2017,3,635602.0549999999
2302404,10,Sertão de Canindé,2017,3,115611.0
2303006,10,Sertão de Canindé,2017,3,178265.02999999997
2300507,11,Sertão de Sobral,2017,3,28328.5
2304004,11,Sertão de Sobral,2017,3,48651.445
2304509,11,Sertão de Sobral,2017,3,594314.92
2308807,11,Sertão de Sobral,2017,3,13364.899999999998
2310951,11,Sertão de Sobral,2017,3,556808.795
2312007,11,Sertão de Sobral,2017,3,299384.95
2312809,11,Sertão de Sobral,2017,3,0.0
2312908,11,Sertão de Sobral,2017,3,2099350.25
2304103,12,Sertão dos Crateús,2017,3,448284.765
2305605,12,Sertão dos Crateús,2017,3,3894.9999999999964
2305902,12,Sertão dos Crateús,2017,3,128583.29999999999
2309300,12,Sertão dos Crateús,2017,3,208578.22500000003
2309409,12,Sertão dos Crateús,2017,3,128689.79999999999
2311009,12,Sertão dos Crateús,2017,3,123833.445
2312205,12,Sertão dos Crateús,2017,3,669491.45
2313302,13,Sertão dos Inhamuns,2017,3,184088.53000000003
2300705,14,Vale do Jaguaribe,2017,3,569499.26
2306009,14,Vale do Jaguaribe,2017,3,166565.36
2306702,14,Vale do Jaguaribe,2017,3,160443.86
2306801,14,Vale do Jaguaribe,2017,3,86139.755
2306900,14,Vale do Jaguaribe,2017,3,488870.26500000013
2307601,14,Vale do Jaguaribe,2017,3,137336.915
2308708,14,Vale do Jaguaribe,2017,3,287938.03500000003
2310803,14,Vale do Jaguaribe,2017,3,100579.20000000001
2311231,14,Vale do Jaguaribe,2017,3,0.0
2311801,14,Vale do Jaguaribe,2017,3,451469.1699999999
2312502,14,Vale do Jaguaribe,2017,3,153190.305
2313104,14,Vale do Jaguaribe,2017,3,291879.79
2301604,01,Cariri,2017,4,0.0
2301901,01,Cariri,2017,4,202056.19999999995
2302503,01,Cariri,2017,4,688911.265
2304806,01,Cariri,2017,4,980.210000000001
2307205,01,Cariri,2017,4,58697.435
2307304,01,Cariri,2017,4,1853291.925
2307502,01,Cariri,2017,4,535140.93
2308104,01,Cariri,2017,4,153359.89
2308302,01,Cariri,2017,4,125030.91
2308401,01,Cariri,2017,4,470434.93499999994
2309201,01,Cariri,2017,4,191422.38999999998
2310605,01,Cariri,2017,4,182209.275
2311108,01,Cariri,2017,4,20286.5
2311207,01,Cariri,2017,4,201312.705
2311959,01,Cariri,2017,4,247966.49999999997
2313252,01,Cariri,2017,4,153425.795
2314003,01,Cariri,2017,4,221307.335
2300309,02,Centro Sul,2017,4,148634.59
2301802,02,Centro Sul,2017,4,38229.0
2303600,02,Centro Sul,2017,4,158374.36
2303808,02,Centro Sul,2017,4,123380.515
2305407,02,Centro Sul,2017,4,86910.57
2305506,02,Centro Sul,2017,4,1165288.045
2305704,02,Centro Sul,2017,4,2590.0
2307403,02,Centro Sul,2017,4,261391.31499999994
2311355,02,Centro Sul,2017,4,229761.62999999995
2311900,02,Centro Sul,2017,4,0.0
2313708,02,Centro Sul,2017,4,10660.595000000001
2301000,03,Grande Fortaleza,2017,4,306877.1
2303709,03,Grande Fortaleza,2017,4,1040296.075
2303956,03,Grande Fortaleza,2017,4,168926.44
2304285,03,Grande Fortaleza,2017,4,230086.89500000002
2304400,03,Grande Fortaleza,2017,4,18077877.045
2304954,03,Grande Fortaleza,2017,4,30218.305
2305233,03,Grande Fortaleza,2017,4,1307261.585
2306256,03,Grande Fortaleza,2017,4,351870.73000000004
2307650,03,Grande Fortaleza,2017,4,2417462.420000001
2307700,03,Grande Fortaleza,2017,4,1047293.7700000001
2309607,03,Grande Fortaleza,2017,4,263168.0
2309706,03,Grande Fortaleza,2017,4,152748.8
2310209,03,Grande Fortaleza,2017,4,72015.6
2310258,03,Grande Fortaleza,2017,4,124264.9
2310852,03,Grande Fortaleza,2017,4,7099.570000000065
2312403,03,Grande Fortaleza,2017,4,28520.0
2312601,03,Grande Fortaleza,2017,4,7961.25
2313500,03,Grande Fortaleza,2017,4,200385.89500000002
2301109,04,Litoral Leste,2017,4,177493.03500000003
2302206,04,Litoral Leste,2017,4,138855.0
2304459,04,Litoral Leste,2017,4,65432.970000000016
2305357,04,Litoral Leste,2017,4,1702105.21
2306207,04,Litoral Leste,2017,4,38660.95
2300200,05,Litoral Norte,2017,4,83659.54999999999
2302305,05,Litoral Norte,2017,4,320595.395
2303907,05,Litoral Norte,2017,4,0.0
2304251,05,Litoral Norte,2017,4,428787.705
2304707,05,Litoral Norte,2017,4,866500.665
2306553,05,Litoral Norte,2017,4,410173.09500000003
2307254,05,Litoral Norte,2017,4,659752.955
2307809,05,Litoral Norte,2017,4,21064.0
2307908,05,Litoral Norte,2017,4,55465.76
2308906,05,Litoral Norte,2017,4,327670.15
2300754,06,Litoral Oeste / Vale do Curu,2017,4,403606.89500000014
2300903,06,Litoral Oeste / Vale do Curu,2017,4,0.0
2306108,06,Litoral Oeste / Vale do Curu,2017,4,245423.28000000003
2306306,06,Litoral Oeste / Vale do Curu,2017,4,216671.8
2306405,06,Litoral Oeste / Vale do Curu,2017,4,511606.45000000007
2310704,06,Litoral Oeste / Vale do Curu,2017,4,202449.865
2313351,06,Litoral Oeste / Vale do Curu,2017,4,147571.22
2313559,06,Litoral Oeste / Vale do Curu,2017,4,50560.005
2313757,06,Litoral Oeste / Vale do Curu,2017,4,28560.410000000003
2313807,06,Litoral Oeste / Vale do Curu,2017,4,3619.0
2300150,07,Maciço do Baturité,2017,4,0.0
2301208,07,Maciço do Baturité,2017,4,651186.9199999999
2301406,07,Maciço do Baturité,2017,4,125139.035
2301950,07,Maciço do Baturité,2017,4,121050.0
2302107,07,Maciço do Baturité,2017,4,59703.244999999995
2302909,07,Maciço do Baturité,2017,4,58706.36
2305100,07,Maciço do Baturité,2017,4,184183.855
2306504,07,Maciço do Baturité,2017,4,1588.4499999999998
2309102,07,Maciço do Baturité,2017,4,549830.06
2309458,07,Maciço do Baturité,2017,4,35645.30499999999
2310100,07,Maciço do Baturité,2017,4,9545.5
2311603,07,Maciço do Baturité,2017,4,3184.515
2303402,08,Serra da Ibiapaba,2017,4,8213.5
2305001,08,Serra da Ibiapaba,2017,4,155973.425
2313401,08,Serra da Ibiapaba,2017,4,585487.605
2313609,08,Serra da Ibiapaba,2017,4,137541.525
2314102,08,Serra da Ibiapaba,2017,4,14706.950000000012
2303931,09,Sertão Central,2017,4,465.0
2304269,09,Sertão Central,2017,4,227287.40999999997
2305332,09,Sertão Central,2017,4,29752.719999999998
2308351,09,Sertão Central,2017,4,114642.765
2308500,09,Sertão Central,2017,4,558367.3600000001
2310506,09,Sertão Central,2017,4,75205.76
2310902,09,Sertão Central,2017,4,418026.895
2312700,09,Sertão Central,2017,4,113241.69
2313005,09,Sertão Central,2017,4,635602.0549999999
2302404,10,Sertão de Canindé,2017,4,115611.0
2303006,10,Sertão de Canindé,2017,4,178265.02999999997
2300507,11,Sertão de Sobral,2017,4,28328.5
2304004,11,Sertão de Sobral,2017,4,48651.445
2304509,11,Sertão de Sobral,2017,4,594314.92
2308807,11,Sertão de Sobral,2017,4,13364.899999999998
2310951,11,Sertão de Sobral,2017,4,556808.795
2312007,11,Sertão de Sobral,2017,4,299384.95
2312809,11,Sertão de Sobral,2017,4,0.0
2312908,11,Sertão de Sobral,2017,4,2099350.25
2304103,12,Sertão dos Crateús,2017,4,448284.765
2305605,12,Sertão dos Crateús,2017,4,3894.9999999999964
2305902,12,Sertão dos Crateús,2017,4,128583.29999999999
2309300,12,Sertão dos Crateús,2017,4,208578.22500000003
2309409,12,Sertão dos Crateús,2017,4,128689.79999999999
2311009,12,Sertão dos Crateús,2017,4,123833.445
2312205,12,Sertão dos Crateús,2017,4,669491.45
2313302,13,Sertão dos Inhamuns,2017,4,184088.53000000003
2300705,14,Vale do Jaguaribe,2017,4,569499.26
2306009,14,Vale do Jaguaribe,2017,4,166565.36
2306702,14,Vale do Jaguaribe,2017,4,160443.86
2306801,14,Vale do Jaguaribe,2017,4,86139.755
2306900,14,Vale do Jaguaribe,2017,4,488870.26500000013
2307601,14,Vale do Jaguaribe,2017,4,137336.915
2308708,14,Vale do Jaguaribe,2017,4,287938.03500000003
2310803,14,Vale do Jaguaribe,2017,4,100579.20000000001
2311231,14,Vale do Jaguaribe,2017,4,0.0
2311801,14,Vale do Jaguaribe,2017,4,451469.1699999999
2312502,14,Vale do Jaguaribe,2017,4,153190.305
2313104,14,Vale do Jaguaribe,2017,4,291879.79
2300101,01,Cariri,2017,5,394737.72
2301307,01,Cariri,2017,5,1179924.635
2301604,01,Cariri,2017,5,107255.47
2301901,01,Cariri,2017,5,445542.71
2302008,01,Cariri,2017,5,213283.38
2302503,01,Cariri,2017,5,1495447.98
2303204,01,Cariri,2017,5,305735.56
2304806,01,Cariri,2017,5,235839.13999999998
2307106,01,Cariri,2017,5,119908.95
2307205,01,Cariri,2017,5,345343.665
2307304,01,Cariri,2017,5,2875441.4949999996
2307502,01,Cariri,2017,5,330.0
2308104,01,Cariri,2017,5,140746.21499999997
2308302,01,Cariri,2017,5,42431.774999999994
2308401,01,Cariri,2017,5,0.0
2309201,01,Cariri,2017,5,729524.175
2310605,01,Cariri,2017,5,59149.0
2311108,01,Cariri,2017,5,173130.045
2311207,01,Cariri,2017,5,417218.48
2311959,01,Cariri,2017,5,248785.90999999997
2312106,01,Cariri,2017,5,144411.505
2313252,01,Cariri,2017,5,205608.505
2314003,01,Cariri,2017,5,107827.68000000002
2300309,02,Centro Sul,2017,5,548476.755
2301802,02,Centro Sul,2017,5,15099.5
2303600,02,Centro Sul,2017,5,111445.56500000006
2303808,02,Centro Sul,2017,5,588035.37
2305407,02,Centro Sul,2017,5,176802.43
2305506,02,Centro Sul,2017,5,406937.6049999995
2305704,02,Centro Sul,2017,5,12953.585
2307403,02,Centro Sul,2017,5,263053.82999999996
2311355,02,Centro Sul,2017,5,74214.86499999999
2311900,02,Centro Sul,2017,5,0.0
2313708,02,Centro Sul,2017,5,52409.32
2301000,03,Grande Fortaleza,2017,5,300602.28
2303709,03,Grande Fortaleza,2017,5,1607021.0050000001
2303956,03,Grande Fortaleza,2017,5,339803.595
2304285,03,Grande Fortaleza,2017,5,79537.755
2304400,03,Grande Fortaleza,2017,5,22028440.015
2304954,03,Grande Fortaleza,2017,5,68668.5
2305233,03,Grande Fortaleza,2017,5,966405.7900000003
2306256,03,Grande Fortaleza,2017,5,643492.45
2307650,03,Grande Fortaleza,2017,5,4060481.209999999
2307700,03,Grande Fortaleza,2017,5,367996.6649999998
2309607,03,Grande Fortaleza,2017,5,495797.62499999994
2309706,03,Grande Fortaleza,2017,5,565112.78
2310209,03,Grande Fortaleza,2017,5,52170.0
2310258,03,Grande Fortaleza,2017,5,23044.420000000013
2310852,03,Grande Fortaleza,2017,5,9920.0
2312403,03,Grande Fortaleza,2017,5,6425.0
2312601,03,Grande Fortaleza,2017,5,18944.69
2313500,03,Grande Fortaleza,2017,5,536336.04
2301109,04,Litoral Leste,2017,5,55370.755000000034
2302206,04,Litoral Leste,2017,5,8697.309999999998
2304459,04,Litoral Leste,2017,5,423730.17000000004
2305357,04,Litoral Leste,2017,5,1466634.7350000003
2306207,04,Litoral Leste,2017,5,49256.95
2300200,05,Litoral Norte,2017,5,254969.89500000002
2302305,05,Litoral Norte,2017,5,144390.33999999997
2303907,05,Litoral Norte,2017,5,245859.92500000002
2304251,05,Litoral Norte,2017,5,38171.26999999996
2304707,05,Litoral Norte,2017,5,474769.15500000026
2306553,05,Litoral Norte,2017,5,825019.0850000001
2307254,05,Litoral Norte,2017,5,408286.29500000004
2307809,05,Litoral Norte,2017,5,27390.95000000001
2307908,05,Litoral Norte,2017,5,15838.919999999991
2308906,05,Litoral Norte,2017,5,826402.605
2300754,06,Litoral Oeste / Vale do Curu,2017,5,473073.8999999999
2300903,06,Litoral Oeste / Vale do Curu,2017,5,0.0
2306108,06,Litoral Oeste / Vale do Curu,2017,5,334703.8549999999
2306306,06,Litoral Oeste / Vale do Curu,2017,5,295428.745
2306405,06,Litoral Oeste / Vale do Curu,2017,5,1799270.2550000001
2310704,06,Litoral Oeste / Vale do Curu,2017,5,164557.74
2313351,06,Litoral Oeste / Vale do Curu,2017,5,130875.21500000003
2313559,06,Litoral Oeste / Vale do Curu,2017,5,339228.01
2313757,06,Litoral Oeste / Vale do Curu,2017,5,189983.975
2313807,06,Litoral Oeste / Vale do Curu,2017,5,425490.725
2300150,07,Maciço do Baturité,2017,5,145862.36
2301208,07,Maciço do Baturité,2017,5,499190.005
2301406,07,Maciço do Baturité,2017,5,126346.035
2301950,07,Maciço do Baturité,2017,5,125337.71500000003
2302107,07,Maciço do Baturité,2017,5,38015.39
2302909,07,Maciço do Baturité,2017,5,169404.66999999998
2305100,07,Maciço do Baturité,2017,5,26458.36499999999
2306504,07,Maciço do Baturité,2017,5,245.0
2309102,07,Maciço do Baturité,2017,5,376042.7599999999
2309458,07,Maciço do Baturité,2017,5,92413.47
2310100,07,Maciço do Baturité,2017,5,14481.72
2311603,07,Maciço do Baturité,2017,5,19586.55
2303402,08,Serra da Ibiapaba,2017,5,113076.295
2305001,08,Serra da Ibiapaba,2017,5,274002.10500000004
2313401,08,Serra da Ibiapaba,2017,5,668156.56
2313609,08,Serra da Ibiapaba,2017,5,80856.95000000001
2314102,08,Serra da Ibiapaba,2017,5,309405.85500000004
2303931,09,Sertão Central,2017,5,78634.83
2304269,09,Sertão Central,2017,5,235284.06
2305332,09,Sertão Central,2017,5,40644.600000000006
2308351,09,Sertão Central,2017,5,57409.765
2308500,09,Sertão Central,2017,5,326128.6
2310506,09,Sertão Central,2017,5,412098.51
2310902,09,Sertão Central,2017,5,423773.485
2312700,09,Sertão Central,2017,5,98371.32
2313005,09,Sertão Central,2017,5,875606.135
2302404,10,Sertão de Canindé,2017,5,16579.454999999987
2302800,10,Sertão de Canindé,2017,5,495030.13
2303006,10,Sertão de Canindé,2017,5,104737.07500000001
2307635,10,Sertão de Canindé,2017,5,315150.01
2304004,11,Sertão de Sobral,2017,5,209381.60000000003
2304509,11,Sertão de Sobral,2017,5,447828.82500000007
2308807,11,Sertão de Sobral,2017,5,5784.200000000001
2310951,11,Sertão de Sobral,2017,5,7676.0
2312007,11,Sertão de Sobral,2017,5,63613.42499999999
2312809,11,Sertão de Sobral,2017,5,24749.47
2312908,11,Sertão de Sobral,2017,5,3508856.4549999996
2304103,12,Sertão dos Crateús,2017,5,84517.79500000004
2305605,12,Sertão dos Crateús,2017,5,325.0
2305902,12,Sertão dos Crateús,2017,5,511580.02999999997
2309300,12,Sertão dos Crateús,2017,5,20067.084999999963
2309409,12,Sertão dos Crateús,2017,5,484996.45999999996
2311009,12,Sertão dos Crateús,2017,5,255895.645
2312205,12,Sertão dos Crateús,2017,5,347780.355
2300408,13,Sertão dos Inhamuns,2017,5,275567.6
2313302,13,Sertão dos Inhamuns,2017,5,179066.55
2300705,14,Vale do Jaguaribe,2017,5,13610.280000000028
2306009,14,Vale do Jaguaribe,2017,5,306781.905
2306702,14,Vale do Jaguaribe,2017,5,228771.95
2306801,14,Vale do Jaguaribe,2017,5,240001.37
2306900,14,Vale do Jaguaribe,2017,5,703082.21
2307601,14,Vale do Jaguaribe,2017,5,61392.69999999998
2308708,14,Vale do Jaguaribe,2017,5,248690.04500000004
2310803,14,Vale do Jaguaribe,2017,5,322782.535
2311231,14,Vale do Jaguaribe,2017,5,308629.91500000004
2311801,14,Vale do Jaguaribe,2017,5,510221.39000000013
2312502,14,Vale do Jaguaribe,2017,5,7596.0
2313104,14,Vale do Jaguaribe,2017,5,342875.06
2300101,01,Cariri,2017,6,394737.72
2301307,01,Cariri,2017,6,1179924.635
2301604,01,Cariri,2017,6,107255.47
2301901,01,Cariri,2017,6,445542.71
2302008,01,Cariri,2017,6,213283.38
2302503,01,Cariri,2017,6,1495447.98
2303204,01,Cariri,2017,6,305735.56
2304806,01,Cariri,2017,6,235839.13999999998
2307106,01,Cariri,2017,6,119908.95
2307205,01,Cariri,2017,6,345343.665
2307304,01,Cariri,2017,6,2875441.4949999996
2307502,01,Cariri,2017,6,330.0
2308104,01,Cariri,2017,6,140746.21499999997
2308302,01,Cariri,2017,6,42431.774999999994
2308401,01,Cariri,2017,6,0.0
2309201,01,Cariri,2017,6,729524.175
2310605,01,Cariri,2017,6,59149.0
2311108,01,Cariri,2017,6,173130.045
2311207,01,Cariri,2017,6,417218.48
2311959,01,Cariri,2017,6,248785.90999999997
2312106,01,Cariri,2017,6,144411.505
2313252,01,Cariri,2017,6,205608.505
2314003,01,Cariri,2017,6,107827.68000000002
2300309,02,Centro Sul,2017,6,548476.755
2301802,02,Centro Sul,2017,6,15099.5
2303600,02,Centro Sul,2017,6,111445.56500000006
2303808,02,Centro Sul,2017,6,588035.37
2305407,02,Centro Sul,2017,6,176802.43
2305506,02,Centro Sul,2017,6,406937.6049999995
2305704,02,Centro Sul,2017,6,12953.585
2307403,02,Centro Sul,2017,6,263053.82999999996
2311355,02,Centro Sul,2017,6,74214.86499999999
2311900,02,Centro Sul,2017,6,0.0
2313708,02,Centro Sul,2017,6,52409.32
2301000,03,Grande Fortaleza,2017,6,300602.28
2303709,03,Grande Fortaleza,2017,6,1607021.0050000001
2303956,03,Grande Fortaleza,2017,6,339803.595
2304285,03,Grande Fortaleza,2017,6,79537.755
2304400,03,Grande Fortaleza,2017,6,22028440.015
2304954,03,Grande Fortaleza,2017,6,68668.5
2305233,03,Grande Fortaleza,2017,6,966405.7900000003
2306256,03,Grande Fortaleza,2017,6,643492.45
2307650,03,Grande Fortaleza,2017,6,4060481.209999999
2307700,03,Grande Fortaleza,2017,6,367996.6649999998
2309607,03,Grande Fortaleza,2017,6,495797.62499999994
2309706,03,Grande Fortaleza,2017,6,565112.78
2310209,03,Grande Fortaleza,2017,6,52170.0
2310258,03,Grande Fortaleza,2017,6,23044.420000000013
2310852,03,Grande Fortaleza,2017,6,9920.0
2312403,03,Grande Fortaleza,2017,6,6425.0
2312601,03,Grande Fortaleza,2017,6,18944.69
2313500,03,Grande Fortaleza,2017,6,536336.04
2301109,04,Litoral Leste,2017,6,55370.755000000034
2302206,04,Litoral Leste,2017,6,8697.309999999998
2304459,04,Litoral Leste,2017,6,423730.17000000004
2305357,04,Litoral Leste,2017,6,1466634.7350000003
2306207,04,Litoral Leste,2017,6,49256.95
2300200,05,Litoral Norte,2017,6,254969.89500000002
2302305,05,Litoral Norte,2017,6,144390.33999999997
2303907,05,Litoral Norte,2017,6,245859.92500000002
2304251,05,Litoral Norte,2017,6,38171.26999999996
2304707,05,Litoral Norte,2017,6,474769.15500000026
2306553,05,Litoral Norte,2017,6,825019.0850000001
2307254,05,Litoral Norte,2017,6,408286.29500000004
2307809,05,Litoral Norte,2017,6,27390.95000000001
2307908,05,Litoral Norte,2017,6,15838.919999999991
2308906,05,Litoral Norte,2017,6,826402.605
2300754,06,Litoral Oeste / Vale do Curu,2017,6,473073.8999999999
2300903,06,Litoral Oeste / Vale do Curu,2017,6,0.0
2306108,06,Litoral Oeste / Vale do Curu,2017,6,334703.8549999999
2306306,06,Litoral Oeste / Vale do Curu,2017,6,295428.745
2306405,06,Litoral Oeste / Vale do Curu,2017,6,1799270.2550000001
2310704,06,Litoral Oeste / Vale do Curu,2017,6,164557.74
2313351,06,Litoral Oeste / Vale do Curu,2017,6,130875.21500000003
2313559,06,Litoral Oeste / Vale do Curu,2017,6,339228.01
2313757,06,Litoral Oeste / Vale do Curu,2017,6,189983.975
2313807,06,Litoral Oeste / Vale do Curu,2017,6,425490.725
2300150,07,Maciço do Baturité,2017,6,145862.36
2301208,07,Maciço do Baturité,2017,6,499190.005
2301406,07,Maciço do Baturité,2017,6,126346.035
2301950,07,Maciço do Baturité,2017,6,125337.71500000003
2302107,07,Maciço do Baturité,2017,6,38015.39
2302909,07,Maciço do Baturité,2017,6,169404.66999999998
2305100,07,Maciço do Baturité,2017,6,26458.36499999999
2306504,07,Maciço do Baturité,2017,6,245.0
2309102,07,Maciço do Baturité,2017,6,376042.7599999999
2309458,07,Maciço do Baturité,2017,6,92413.47
2310100,07,Maciço do Baturité,2017,6,14481.72
2311603,07,Maciço do Baturité,2017,6,19586.55
2303402,08,Serra da Ibiapaba,2017,6,113076.295
2305001,08,Serra da Ibiapaba,2017,6,274002.10500000004
2313401,08,Serra da Ibiapaba,2017,6,668156.56
2313609,08,Serra da Ibiapaba,2017,6,80856.95000000001
2314102,08,Serra da Ibiapaba,2017,6,309405.85500000004
2303931,09,Sertão Central,2017,6,78634.83
2304269,09,Sertão Central,2017,6,235284.06
2305332,09,Sertão Central,2017,6,40644.600000000006
2308351,09,Sertão Central,2017,6,57409.765
2308500,09,Sertão Central,2017,6,326128.6
2310506,09,Sertão Central,2017,6,412098.51
2310902,09,Sertão Central,2017,6,423773.485
2312700,09,Sertão Central,2017,6,98371.32
2313005,09,Sertão Central,2017,6,875606.135
2302404,10,Sertão de Canindé,2017,6,16579.454999999987
2302800,10,Sertão de Canindé,2017,6,495030.13
2303006,10,Sertão de Canindé,2017,6,104737.07500000001
2307635,10,Sertão de Canindé,2017,6,315150.01
2304004,11,Sertão de Sobral,2017,6,209381.60000000003
2304509,11,Sertão de Sobral,2017,6,447828.82500000007
2308807,11,Sertão de Sobral,2017,6,5784.200000000001
2310951,11,Sertão de Sobral,2017,6,7676.0
2312007,11,Sertão de Sobral,2017,6,63613.42499999999
2312809,11,Sertão de Sobral,2017,6,24749.47
2312908,11,Sertão de Sobral,2017,6,3508856.4549999996
2304103,12,Sertão dos Crateús,2017,6,84517.79500000004
2305605,12,Sertão dos Crateús,2017,6,325.0
2305902,12,Sertão dos Crateús,2017,6,511580.02999999997
2309300,12,Sertão dos Crateús,2017,6,20067.084999999963
2309409,12,Sertão dos Crateús,2017,6,484996.45999999996
2311009,12,Sertão dos Crateús,2017,6,255895.645
2312205,12,Sertão dos Crateús,2017,6,347780.355
2300408,13,Sertão dos Inhamuns,2017,6,275567.6
2313302,13,Sertão dos Inhamuns,2017,6,179066.55
2300705,14,Vale do Jaguaribe,2017,6,13610.280000000028
2306009,14,Vale do Jaguaribe,2017,6,306781.905
2306702,14,Vale do Jaguaribe,2017,6,228771.95
2306801,14,Vale do Jaguaribe,2017,6,240001.37
2306900,14,Vale do Jaguaribe,2017,6,703082.21
2307601,14,Vale do Jaguaribe,2017,6,61392.69999999998
2308708,14,Vale do Jaguaribe,2017,6,248690.04500000004
2310803,14,Vale do Jaguaribe,2017,6,322782.535
2311231,14,Vale do Jaguaribe,2017,6,308629.91500000004
2311801,14,Vale do Jaguaribe,2017,6,510221.39000000013
2312502,14,Vale do Jaguaribe,2017,6,7596.0
2313104,14,Vale do Jaguaribe,2017,6,342875.06
2300606,01,Cariri,2017,7,338583.53
2301307,01,Cariri,2017,7,313805.16500000004
2301604,01,Cariri,2017,7,112115.78
2301901,01,Cariri,2017,7,558192.35
2302008,01,Cariri,2017,7,66906.69
2302503,01,Cariri,2017,7,254938.96999999974
2303204,01,Cariri,2017,7,51449.85499999998
2304806,01,Cariri,2017,7,40910.225000000006
2307106,01,Cariri,2017,7,160362.37
2307205,01,Cariri,2017,7,216152.77500000002
2307304,01,Cariri,2017,7,3864489.620000001
2307502,01,Cariri,2017,7,7554.5
2308104,01,Cariri,2017,7,316047.295
2308302,01,Cariri,2017,7,191636.73
2308401,01,Cariri,2017,7,299966.72
2309201,01,Cariri,2017,7,690339.7249999999
2310605,01,Cariri,2017,7,113569.55000000002
2311108,01,Cariri,2017,7,932105.2599999999
2311207,01,Cariri,2017,7,770095.085
2311959,01,Cariri,2017,7,555085.4800000001
2312106,01,Cariri,2017,7,347568.385
2313252,01,Cariri,2017,7,104216.29999999999
2314003,01,Cariri,2017,7,354801.79
2300309,02,Centro Sul,2017,7,288214.91000000003
2301802,02,Centro Sul,2017,7,67543.78499999999
2303600,02,Centro Sul,2017,7,930452.985
2303808,02,Centro Sul,2017,7,295057.6299999999
2305407,02,Centro Sul,2017,7,280430.56999999995
2305506,02,Centro Sul,2017,7,518424.1450000005
2305704,02,Centro Sul,2017,7,2800.0
2307403,02,Centro Sul,2017,7,132207.95999999996
2311355,02,Centro Sul,2017,7,159464.78500000003
2311900,02,Centro Sul,2017,7,160607.12
2313708,02,Centro Sul,2017,7,117521.59499999999
2301000,03,Grande Fortaleza,2017,7,550515.775
2303501,03,Grande Fortaleza,2017,7,3098747.915
2303709,03,Grande Fortaleza,2017,7,5645646.2
2303956,03,Grande Fortaleza,2017,7,403494.80499999993
2304285,03,Grande Fortaleza,2017,7,334671.9949999999
2304400,03,Grande Fortaleza,2017,7,25987100.96499999
2304954,03,Grande Fortaleza,2017,7,504762.47000000003
2305233,03,Grande Fortaleza,2017,7,795837.1649999996
2306256,03,Grande Fortaleza,2017,7,388188.9850000001
2307650,03,Grande Fortaleza,2017,7,5989537.915000001
2307700,03,Grande Fortaleza,2017,7,143955.18000000017
2309607,03,Grande Fortaleza,2017,7,785847.5650000001
2309706,03,Grande Fortaleza,2017,7,553423.11
2310209,03,Grande Fortaleza,2017,7,135434.115
2310258,03,Grande Fortaleza,2017,7,32100.88499999998
2310852,03,Grande Fortaleza,2017,7,763009.0850000001
2312403,03,Grande Fortaleza,2017,7,0.0
2312601,03,Grande Fortaleza,2017,7,1973.3500000000022
2313500,03,Grande Fortaleza,2017,7,873256.3049999999
2301109,04,Litoral Leste,2017,7,99276.39999999997
2302206,04,Litoral Leste,2017,7,0.0
2304459,04,Litoral Leste,2017,7,77359.13500000001
2305357,04,Litoral Leste,2017,7,1157868.3349999995
2306207,04,Litoral Leste,2017,7,53900.29000000001
2307007,04,Litoral Leste,2017,7,534097.71
2300200,05,Litoral Norte,2017,7,256700.695
2302305,05,Litoral Norte,2017,7,74696.39000000007
2303907,05,Litoral Norte,2017,7,34121.285
2304251,05,Litoral Norte,2017,7,523244.81000000006
2304707,05,Litoral Norte,2017,7,344640.8299999996
2306553,05,Litoral Norte,2017,7,1176003.205
2307254,05,Litoral Norte,2017,7,132851.45999999996
2307809,05,Litoral Norte,2017,7,223293.14999999997
2307908,05,Litoral Norte,2017,7,101472.62500000003
2308906,05,Litoral Norte,2017,7,99298.97999999998
2300754,06,Litoral Oeste / Vale do Curu,2017,7,784624.3699999999
2300903,06,Litoral Oeste / Vale do Curu,2017,7,7424.635000000009
2306108,06,Litoral Oeste / Vale do Curu,2017,7,353410.8500000001
2306306,06,Litoral Oeste / Vale do Curu,2017,7,227283.2
2306405,06,Litoral Oeste / Vale do Curu,2017,7,2130731.3299999996
2308377,06,Litoral Oeste / Vale do Curu,2017,7,481362.6
2310704,06,Litoral Oeste / Vale do Curu,2017,7,327607.2
2313351,06,Litoral Oeste / Vale do Curu,2017,7,186049.30499999993
2313559,06,Litoral Oeste / Vale do Curu,2017,7,15531.969999999972
2313757,06,Litoral Oeste / Vale do Curu,2017,7,171534.695
2313807,06,Litoral Oeste / Vale do Curu,2017,7,140294.27999999997
2300150,07,Maciço do Baturité,2017,7,231945.48000000004
2301208,07,Maciço do Baturité,2017,7,32243.300000000047
2301406,07,Maciço do Baturité,2017,7,103026.23999999999
2301950,07,Maciço do Baturité,2017,7,0.0
2302107,07,Maciço do Baturité,2017,7,20323.98000000001
2302909,07,Maciço do Baturité,2017,7,63783.77000000002
2305100,07,Maciço do Baturité,2017,7,44194.435
2306504,07,Maciço do Baturité,2017,7,10034.849999999999
2309102,07,Maciço do Baturité,2017,7,240426.985
2309458,07,Maciço do Baturité,2017,7,41636.34
2310100,07,Maciço do Baturité,2017,7,128357.215
2311603,07,Maciço do Baturité,2017,7,5424.93
2303402,08,Serra da Ibiapaba,2017,7,94747.7
2304236,08,Serra da Ibiapaba,2017,7,799209.57
2305001,08,Serra da Ibiapaba,2017,7,456795.405
2313401,08,Serra da Ibiapaba,2017,7,743885.3700000001
2313609,08,Serra da Ibiapaba,2017,7,226527.525
2314102,08,Serra da Ibiapaba,2017,7,240.0
2303931,09,Sertão Central,2017,7,69957.52999999998
2304269,09,Sertão Central,2017,7,133512.21500000003
2305332,09,Sertão Central,2017,7,172238.83500000002
2308351,09,Sertão Central,2017,7,49970.79999999999
2308500,09,Sertão Central,2017,7,522242.07499999995
2310506,09,Sertão Central,2017,7,908507.6500000001
2310902,09,Sertão Central,2017,7,384731.3699999999
2312700,09,Sertão Central,2017,7,97149.94
2313005,09,Sertão Central,2017,7,849534.4149999998
2302404,10,Sertão de Canindé,2017,7,369151.98
2302800,10,Sertão de Canindé,2017,7,42933.40000000002
2303006,10,Sertão de Canindé,2017,7,280464.83499999996
2307635,10,Sertão de Canindé,2017,7,0.0
2310407,10,Sertão de Canindé,2017,7,1524.255
2300507,11,Sertão de Sobral,2017,7,334494.035
2304004,11,Sertão de Sobral,2017,7,279307.70499999996
2304509,11,Sertão de Sobral,2017,7,339330.22499999986
2308807,11,Sertão de Sobral,2017,7,76752.23999999999
2310951,11,Sertão de Sobral,2017,7,547108.5900000001
2312007,11,Sertão de Sobral,2017,7,69942.36499999999
2312809,11,Sertão de Sobral,2017,7,67708.19499999999
2312908,11,Sertão de Sobral,2017,7,3882605.295
2304103,12,Sertão dos Crateús,2017,7,243231.96499999997
2305605,12,Sertão dos Crateús,2017,7,507065.33
2305902,12,Sertão dos Crateús,2017,7,421913.895
2309300,12,Sertão dos Crateús,2017,7,351625.30499999993
2309409,12,Sertão dos Crateús,2017,7,660152.8700000001
2311009,12,Sertão dos Crateús,2017,7,225703.71500000003
2312205,12,Sertão dos Crateús,2017,7,0.0
2300408,13,Sertão dos Inhamuns,2017,7,101652.15000000002
2313302,13,Sertão dos Inhamuns,2017,7,383122.67
2300705,14,Vale do Jaguaribe,2017,7,642729.195
2306009,14,Vale do Jaguaribe,2017,7,287945.4
2306702,14,Vale do Jaguaribe,2017,7,267571.67
2306801,14,Vale do Jaguaribe,2017,7,39471.794999999984
2306900,14,Vale do Jaguaribe,2017,7,1175103.095
2307601,14,Vale do Jaguaribe,2017,7,185625.21500000003
2308708,14,Vale do Jaguaribe,2017,7,506617.0
2310803,14,Vale do Jaguaribe,2017,7,705271.305
2311231,14,Vale do Jaguaribe,2017,7,58427.07999999996
2311801,14,Vale do Jaguaribe,2017,7,1477325.02
2312502,14,Vale do Jaguaribe,2017,7,59100.600000000035
2313104,14,Vale do Jaguaribe,2017,7,10156.405000000028
2300606,01,Cariri,2017,8,338583.53
2301307,01,Cariri,2017,8,313805.16500000004
2301604,01,Cariri,2017,8,112115.78
2301901,01,Cariri,2017,8,558192.35
2302008,01,Cariri,2017,8,66906.69
2302503,01,Cariri,2017,8,254938.96999999974
2303204,01,Cariri,2017,8,51449.85499999998
2304806,01,Cariri,2017,8,40910.225000000006
2307106,01,Cariri,2017,8,160362.37
2307205,01,Cariri,2017,8,216152.77500000002
2307304,01,Cariri,2017,8,3864489.620000001
2307502,01,Cariri,2017,8,7554.5
2308104,01,Cariri,2017,8,316047.295
2308302,01,Cariri,2017,8,191636.73
2308401,01,Cariri,2017,8,299966.72
2309201,01,Cariri,2017,8,690339.7249999999
2310605,01,Cariri,2017,8,113569.55000000002
2311108,01,Cariri,2017,8,932105.2599999999
2311207,01,Cariri,2017,8,770095.085
2311959,01,Cariri,2017,8,555085.4800000001
2312106,01,Cariri,2017,8,347568.385
2313252,01,Cariri,2017,8,104216.29999999999
2314003,01,Cariri,2017,8,354801.79
2300309,02,Centro Sul,2017,8,288214.91000000003
2301802,02,Centro Sul,2017,8,67543.78499999999
2303600,02,Centro Sul,2017,8,930452.985
2303808,02,Centro Sul,2017,8,295057.6299999999
2305407,02,Centro Sul,2017,8,280430.56999999995
2305506,02,Centro Sul,2017,8,518424.1450000005
2305704,02,Centro Sul,2017,8,2800.0
2307403,02,Centro Sul,2017,8,132207.95999999996
2311355,02,Centro Sul,2017,8,159464.78500000003
2311900,02,Centro Sul,2017,8,160607.12
2313708,02,Centro Sul,2017,8,117521.59499999999
2301000,03,Grande Fortaleza,2017,8,550515.775
2303501,03,Grande Fortaleza,2017,8,3098747.915
2303709,03,Grande Fortaleza,2017,8,5645646.2
2303956,03,Grande Fortaleza,2017,8,403494.80499999993
2304285,03,Grande Fortaleza,2017,8,334671.9949999999
2304400,03,Grande Fortaleza,2017,8,25987100.96499999
2304954,03,Grande Fortaleza,2017,8,504762.47000000003
2305233,03,Grande Fortaleza,2017,8,795837.1649999996
2306256,03,Grande Fortaleza,2017,8,388188.9850000001
2307650,03,Grande Fortaleza,2017,8,5989537.915000001
2307700,03,Grande Fortaleza,2017,8,143955.18000000017
2309607,03,Grande Fortaleza,2017,8,785847.5650000001
2309706,03,Grande Fortaleza,2017,8,553423.11
2310209,03,Grande Fortaleza,2017,8,135434.115
2310258,03,Grande Fortaleza,2017,8,32100.88499999998
2310852,03,Grande Fortaleza,2017,8,763009.0850000001
2312403,03,Grande Fortaleza,2017,8,0.0
2312601,03,Grande Fortaleza,2017,8,1973.3500000000022
2313500,03,Grande Fortaleza,2017,8,873256.3049999999
2301109,04,Litoral Leste,2017,8,99276.39999999997
2302206,04,Litoral Leste,2017,8,0.0
2304459,04,Litoral Leste,2017,8,77359.13500000001
2305357,04,Litoral Leste,2017,8,1157868.3349999995
2306207,04,Litoral Leste,2017,8,53900.29000000001
2307007,04,Litoral Leste,2017,8,534097.71
2300200,05,Litoral Norte,2017,8,256700.695
2302305,05,Litoral Norte,2017,8,74696.39000000007
2303907,05,Litoral Norte,2017,8,34121.285
2304251,05,Litoral Norte,2017,8,523244.81000000006
2304707,05,Litoral Norte,2017,8,344640.8299999996
2306553,05,Litoral Norte,2017,8,1176003.205
2307254,05,Litoral Norte,2017,8,132851.45999999996
2307809,05,Litoral Norte,2017,8,223293.14999999997
2307908,05,Litoral Norte,2017,8,101472.62500000003
2308906,05,Litoral Norte,2017,8,99298.97999999998
2300754,06,Litoral Oeste / Vale do Curu,2017,8,784624.3699999999
2300903,06,Litoral Oeste / Vale do Curu,2017,8,7424.635000000009
2306108,06,Litoral Oeste / Vale do Curu,2017,8,353410.8500000001
2306306,06,Litoral Oeste / Vale do Curu,2017,8,227283.2
2306405,06,Litoral Oeste / Vale do Curu,2017,8,2130731.3299999996
2308377,06,Litoral Oeste / Vale do Curu,2017,8,481362.6
2310704,06,Litoral Oeste / Vale do Curu,2017,8,327607.2
2313351,06,Litoral Oeste / Vale do Curu,2017,8,186049.30499999993
2313559,06,Litoral Oeste / Vale do Curu,2017,8,15531.969999999972
2313757,06,Litoral Oeste / Vale do Curu,2017,8,171534.695
2313807,06,Litoral Oeste / Vale do Curu,2017,8,140294.27999999997
2300150,07,Maciço do Baturité,2017,8,231945.48000000004
2301208,07,Maciço do Baturité,2017,8,32243.300000000047
2301406,07,Maciço do Baturité,2017,8,103026.23999999999
2301950,07,Maciço do Baturité,2017,8,0.0
2302107,07,Maciço do Baturité,2017,8,20323.98000000001
2302909,07,Maciço do Baturité,2017,8,63783.77000000002
2305100,07,Maciço do Baturité,2017,8,44194.435
2306504,07,Maciço do Baturité,2017,8,10034.849999999999
2309102,07,Maciço do Baturité,2017,8,240426.985
2309458,07,Maciço do Baturité,2017,8,41636.34
2310100,07,Maciço do Baturité,2017,8,128357.215
2311603,07,Maciço do Baturité,2017,8,5424.93
2303402,08,Serra da Ibiapaba,2017,8,94747.7
2304236,08,Serra da Ibiapaba,2017,8,799209.57
2305001,08,Serra da Ibiapaba,2017,8,456795.405
2313401,08,Serra da Ibiapaba,2017,8,743885.3700000001
2313609,08,Serra da Ibiapaba,2017,8,226527.525
2314102,08,Serra da Ibiapaba,2017,8,240.0
2303931,09,Sertão Central,2017,8,69957.52999999998
2304269,09,Sertão Central,2017,8,133512.21500000003
2305332,09,Sertão Central,2017,8,172238.83500000002
2308351,09,Sertão Central,2017,8,49970.79999999999
2308500,09,Sertão Central,2017,8,522242.07499999995
2310506,09,Sertão Central,2017,8,908507.6500000001
2310902,09,Sertão Central,2017,8,384731.3699999999
2312700,09,Sertão Central,2017,8,97149.94
2313005,09,Sertão Central,2017,8,849534.4149999998
2302404,10,Sertão de Canindé,2017,8,369151.98
2302800,10,Sertão de Canindé,2017,8,42933.40000000002
2303006,10,Sertão de Canindé,2017,8,280464.83499999996
2307635,10,Sertão de Canindé,2017,8,0.0
2310407,10,Sertão de Canindé,2017,8,1524.255
2300507,11,Sertão de Sobral,2017,8,334494.035
2304004,11,Sertão de Sobral,2017,8,279307.70499999996
2304509,11,Sertão de Sobral,2017,8,339330.22499999986
2308807,11,Sertão de Sobral,2017,8,76752.23999999999
2310951,11,Sertão de Sobral,2017,8,547108.5900000001
2312007,11,Sertão de Sobral,2017,8,69942.36499999999
2312809,11,Sertão de Sobral,2017,8,67708.19499999999
2312908,11,Sertão de Sobral,2017,8,3882605.295
2304103,12,Sertão dos Crateús,2017,8,243231.96499999997
2305605,12,Sertão dos Crateús,2017,8,507065.33
2305902,12,Sertão dos Crateús,2017,8,421913.895
2309300,12,Sertão dos Crateús,2017,8,351625.30499999993
2309409,12,Sertão dos Crateús,2017,8,660152.8700000001
2311009,12,Sertão dos Crateús,2017,8,225703.71500000003
2312205,12,Sertão dos Crateús,2017,8,0.0
2300408,13,Sertão dos Inhamuns,2017,8,101652.15000000002
2313302,13,Sertão dos Inhamuns,2017,8,383122.67
2300705,14,Vale do Jaguaribe,2017,8,642729.195
2306009,14,Vale do Jaguaribe,2017,8,287945.4
2306702,14,Vale do Jaguaribe,2017,8,267571.67
2306801,14,Vale do Jaguaribe,2017,8,39471.794999999984
2306900,14,Vale do Jaguaribe,2017,8,1175103.095
2307601,14,Vale do Jaguaribe,2017,8,185625.21500000003
2308708,14,Vale do Jaguaribe,2017,8,506617.0
2310803,14,Vale do Jaguaribe,2017,8,705271.305
2311231,14,Vale do Jaguaribe,2017,8,58427.07999999996
2311801,14,Vale do Jaguaribe,2017,8,1477325.02
2312502,14,Vale do Jaguaribe,2017,8,59100.600000000035
2313104,14,Vale do Jaguaribe,2017,8,10156.405000000028
2300101,01,Cariri,2017,9,246722.88
2300606,01,Cariri,2017,9,27115.41499999998
2301307,01,Cariri,2017,9,244632.95999999996
2301604,01,Cariri,2017,9,437733.0
2301901,01,Cariri,2017,9,307643.69500000007
2302503,01,Cariri,2017,9,805070.0350000001
2303204,01,Cariri,2017,9,17758.035000000033
2304202,01,Cariri,2017,9,1618858.265
2304806,01,Cariri,2017,9,109409.10999999999
2307106,01,Cariri,2017,9,101727.22999999998
2307205,01,Cariri,2017,9,4290.689999999944
2307304,01,Cariri,2017,9,3503768.625
2307502,01,Cariri,2017,9,54807.09999999998
2308104,01,Cariri,2017,9,38094.96499999997
2308302,01,Cariri,2017,9,129663.35999999999
2308401,01,Cariri,2017,9,115824.48999999999
2309201,01,Cariri,2017,9,571213.065
2310605,01,Cariri,2017,9,10899.330000000016
2311108,01,Cariri,2017,9,104504.9750000001
2311207,01,Cariri,2017,9,428460.845
2311959,01,Cariri,2017,9,7492.829999999842
2312106,01,Cariri,2017,9,290983.225
2313252,01,Cariri,2017,9,122400.00000000006
2314003,01,Cariri,2017,9,193775.12
2300309,02,Centro Sul,2017,9,301318.1549999999
2301802,02,Centro Sul,2017,9,687417.9800000001
2303600,02,Centro Sul,2017,9,850969.5050000001
2303808,02,Centro Sul,2017,9,44670.61499999999
2305407,02,Centro Sul,2017,9,379691.1100000001
2305506,02,Centro Sul,2017,9,0.0
2305704,02,Centro Sul,2017,9,7061.25
2307403,02,Centro Sul,2017,9,369259.77500000014
2311355,02,Centro Sul,2017,9,192556.31999999995
2311900,02,Centro Sul,2017,9,0.0
2313708,02,Centro Sul,2017,9,20896.165000000008
2301000,03,Grande Fortaleza,2017,9,114252.90500000003
2303501,03,Grande Fortaleza,2017,9,296497.60999999987
2303709,03,Grande Fortaleza,2017,9,4024325.8949999996
2303956,03,Grande Fortaleza,2017,9,237979.995
2304285,03,Grande Fortaleza,2017,9,336953.24
2304400,03,Grande Fortaleza,2017,9,26071760.345
2304954,03,Grande Fortaleza,2017,9,798723.5299999999
2305233,03,Grande Fortaleza,2017,9,1244286.2500000005
2306256,03,Grande Fortaleza,2017,9,410855.1749999998
2307650,03,Grande Fortaleza,2017,9,1652576.0299999975
2307700,03,Grande Fortaleza,2017,9,816450.51
2309607,03,Grande Fortaleza,2017,9,154586.97999999998
2309706,03,Grande Fortaleza,2017,9,1307733.8050000002
2310209,03,Grande Fortaleza,2017,9,237604.50000000003
2310258,03,Grande Fortaleza,2017,9,85599.725
2310852,03,Grande Fortaleza,2017,9,193560.125
2312403,03,Grande Fortaleza,2017,9,0.0
2312601,03,Grande Fortaleza,2017,9,95362.975
2313500,03,Grande Fortaleza,2017,9,530330.115
2301109,04,Litoral Leste,2017,9,527778.7349999999
2304459,04,Litoral Leste,2017,9,17745.584999999963
2305357,04,Litoral Leste,2017,9,232020.39500000048
2306207,04,Litoral Leste,2017,9,31329.95000000001
2300200,05,Litoral Norte,2017,9,117267.57499999995
2302305,05,Litoral Norte,2017,9,38794.68499999994
2303907,05,Litoral Norte,2017,9,365645.81999999995
2304707,05,Litoral Norte,2017,9,893790.9250000003
2306553,05,Litoral Norte,2017,9,624630.21
2307254,05,Litoral Norte,2017,9,153926.4950000001
2307809,05,Litoral Norte,2017,9,679256.1150000001
2307908,05,Litoral Norte,2017,9,169845.65499999994
2308906,05,Litoral Norte,2017,9,292630.39000000013
2300754,06,Litoral Oeste / Vale do Curu,2017,9,652796.435
2300903,06,Litoral Oeste / Vale do Curu,2017,9,117357.30999999994
2304608,06,Litoral Oeste / Vale do Curu,2017,9,62943.92
2306108,06,Litoral Oeste / Vale do Curu,2017,9,334731.745
2306306,06,Litoral Oeste / Vale do Curu,2017,9,162150.21499999997
2306405,06,Litoral Oeste / Vale do Curu,2017,9,0.0
2310704,06,Litoral Oeste / Vale do Curu,2017,9,461272.9049999999
2313351,06,Litoral Oeste / Vale do Curu,2017,9,470884.7050000001
2313559,06,Litoral Oeste / Vale do Curu,2017,9,3758.0
2313757,06,Litoral Oeste / Vale do Curu,2017,9,45788.0
2313807,06,Litoral Oeste / Vale do Curu,2017,9,0.0
2300150,07,Maciço do Baturité,2017,9,8834.36499999999
2301208,07,Maciço do Baturité,2017,9,55159.304999999935
2301406,07,Maciço do Baturité,2017,9,38910.94500000001
2301950,07,Maciço do Baturité,2017,9,99733.63
2302107,07,Maciço do Baturité,2017,9,46749.97499999999
2302909,07,Maciço do Baturité,2017,9,169743.865
2305100,07,Maciço do Baturité,2017,9,1000.0
2306504,07,Maciço do Baturité,2017,9,22100.000000000004
2309102,07,Maciço do Baturité,2017,9,0.0
2309458,07,Maciço do Baturité,2017,9,291309.75
2310100,07,Maciço do Baturité,2017,9,26409.179999999993
2311603,07,Maciço do Baturité,2017,9,0.0
2303402,08,Serra da Ibiapaba,2017,9,166115.16000000003
2304236,08,Serra da Ibiapaba,2017,9,583490.14
2305001,08,Serra da Ibiapaba,2017,9,788713.835
2313401,08,Serra da Ibiapaba,2017,9,717010.8049999997
2313609,08,Serra da Ibiapaba,2017,9,62503.56
2314102,08,Serra da Ibiapaba,2017,9,692759.35
2303931,09,Sertão Central,2017,9,2621.6900000000023
2304269,09,Sertão Central,2017,9,232804.68499999994
2305332,09,Sertão Central,2017,9,36672.22
2308351,09,Sertão Central,2017,9,108533.23000000001
2308500,09,Sertão Central,2017,9,475305.5850000002
2310506,09,Sertão Central,2017,9,373242.1299999999
2310902,09,Sertão Central,2017,9,273271.135
2311405,09,Sertão Central,2017,9,4280108.555000001
2312700,09,Sertão Central,2017,9,111936.25
2313005,09,Sertão Central,2017,9,568287.6950000003
2302404,10,Sertão de Canindé,2017,9,510478.18000000017
2302800,10,Sertão de Canindé,2017,9,257331.96999999997
2303006,10,Sertão de Canindé,2017,9,192001.30500000005
2307635,10,Sertão de Canindé,2017,9,62101.784999999974
2300507,11,Sertão de Sobral,2017,9,118266.01500000001
2304004,11,Sertão de Sobral,2017,9,119849.84499999997
2304509,11,Sertão de Sobral,2017,9,0.0
2308807,11,Sertão de Sobral,2017,9,43815.3
2310951,11,Sertão de Sobral,2017,9,142410.77000000002
2312007,11,Sertão de Sobral,2017,9,247171.375
2312809,11,Sertão de Sobral,2017,9,48785.53999999999
2312908,11,Sertão de Sobral,2017,9,2971221.2350000013
2304103,12,Sertão dos Crateús,2017,9,74987.7749999999
2305605,12,Sertão dos Crateús,2017,9,252636.58999999997
2305902,12,Sertão dos Crateús,2017,9,73780.95999999996
2309300,12,Sertão dos Crateús,2017,9,180875.05000000005
2309409,12,Sertão dos Crateús,2017,9,317151.72
2311009,12,Sertão dos Crateús,2017,9,244424.99
2312205,12,Sertão dos Crateús,2017,9,0.0
2300408,13,Sertão dos Inhamuns,2017,9,100331.185
2313302,13,Sertão dos Inhamuns,2017,9,219564.43500000006
2300705,14,Vale do Jaguaribe,2017,9,166982.19999999995
2306009,14,Vale do Jaguaribe,2017,9,547531.01
2306702,14,Vale do Jaguaribe,2017,9,32432.68000000005
2306801,14,Vale do Jaguaribe,2017,9,0.0
2306900,14,Vale do Jaguaribe,2017,9,745363.3399999999
2307601,14,Vale do Jaguaribe,2017,9,387541.88499999995
2308708,14,Vale do Jaguaribe,2017,9,55157.169999999925
2310803,14,Vale do Jaguaribe,2017,9,147659.53000000003
2311231,14,Vale do Jaguaribe,2017,9,819986.5000000001
2311801,14,Vale do Jaguaribe,2017,9,672912.3049999997
2312502,14,Vale do Jaguaribe,2017,9,749.5
2313104,14,Vale do Jaguaribe,2017,9,243115.34499999997
2300101,01,Cariri,2017,10,246722.88
2300606,01,Cariri,2017,10,27115.41499999998
2301307,01,Cariri,2017,10,244632.95999999996
2301604,01,Cariri,2017,10,437733.0
2301901,01,Cariri,2017,10,307643.69500000007
2302503,01,Cariri,2017,10,805070.0350000001
2303204,01,Cariri,2017,10,17758.035000000033
2304202,01,Cariri,2017,10,1618858.265
2304806,01,Cariri,2017,10,109409.10999999999
2307106,01,Cariri,2017,10,101727.22999999998
2307205,01,Cariri,2017,10,4290.689999999944
2307304,01,Cariri,2017,10,3503768.625
2307502,01,Cariri,2017,10,54807.09999999998
2308104,01,Cariri,2017,10,38094.96499999997
2308302,01,Cariri,2017,10,129663.35999999999
2308401,01,Cariri,2017,10,115824.48999999999
2309201,01,Cariri,2017,10,571213.065
2310605,01,Cariri,2017,10,10899.330000000016
2311108,01,Cariri,2017,10,104504.9750000001
2311207,01,Cariri,2017,10,428460.845
2311959,01,Cariri,2017,10,7492.829999999842
2312106,01,Cariri,2017,10,290983.225
2313252,01,Cariri,2017,10,122400.00000000006
2314003,01,Cariri,2017,10,193775.12
2300309,02,Centro Sul,2017,10,301318.1549999999
2301802,02,Centro Sul,2017,10,687417.9800000001
2303600,02,Centro Sul,2017,10,850969.5050000001
2303808,02,Centro Sul,2017,10,44670.61499999999
2305407,02,Centro Sul,2017,10,379691.1100000001
2305506,02,Centro Sul,2017,10,0.0
2305704,02,Centro Sul,2017,10,7061.25
2307403,02,Centro Sul,2017,10,369259.77500000014
2311355,02,Centro Sul,2017,10,192556.31999999995
2311900,02,Centro Sul,2017,10,0.0
2313708,02,Centro Sul,2017,10,20896.165000000008
2301000,03,Grande Fortaleza,2017,10,114252.90500000003
2303501,03,Grande Fortaleza,2017,10,296497.60999999987
2303709,03,Grande Fortaleza,2017,10,4024325.8949999996
2303956,03,Grande Fortaleza,2017,10,237979.995
2304285,03,Grande Fortaleza,2017,10,336953.24
2304400,03,Grande Fortaleza,2017,10,26071760.345
2304954,03,Grande Fortaleza,2017,10,798723.5299999999
2305233,03,Grande Fortaleza,2017,10,1244286.2500000005
2306256,03,Grande Fortaleza,2017,10,410855.1749999998
2307650,03,Grande Fortaleza,2017,10,1652576.0299999975
2307700,03,Grande Fortaleza,2017,10,816450.51
2309607,03,Grande Fortaleza,2017,10,154586.97999999998
2309706,03,Grande Fortaleza,2017,10,1307733.8050000002
2310209,03,Grande Fortaleza,2017,10,237604.50000000003
2310258,03,Grande Fortaleza,2017,10,85599.725
2310852,03,Grande Fortaleza,2017,10,193560.125
2312403,03,Grande Fortaleza,2017,10,0.0
2312601,03,Grande Fortaleza,2017,10,95362.975
2313500,03,Grande Fortaleza,2017,10,530330.115
2301109,04,Litoral Leste,2017,10,527778.7349999999
2304459,04,Litoral Leste,2017,10,17745.584999999963
2305357,04,Litoral Leste,2017,10,232020.39500000048
2306207,04,Litoral Leste,2017,10,31329.95000000001
2300200,05,Litoral Norte,2017,10,117267.57499999995
2302305,05,Litoral Norte,2017,10,38794.68499999994
2303907,05,Litoral Norte,2017,10,365645.81999999995
2304707,05,Litoral Norte,2017,10,893790.9250000003
2306553,05,Litoral Norte,2017,10,624630.21
2307254,05,Litoral Norte,2017,10,153926.4950000001
2307809,05,Litoral Norte,2017,10,679256.1150000001
2307908,05,Litoral Norte,2017,10,169845.65499999994
2308906,05,Litoral Norte,2017,10,292630.39000000013
2300754,06,Litoral Oeste / Vale do Curu,2017,10,652796.435
2300903,06,Litoral Oeste / Vale do Curu,2017,10,117357.30999999994
2304608,06,Litoral Oeste / Vale do Curu,2017,10,62943.92
2306108,06,Litoral Oeste / Vale do Curu,2017,10,334731.745
2306306,06,Litoral Oeste / Vale do Curu,2017,10,162150.21499999997
2306405,06,Litoral Oeste / Vale do Curu,2017,10,0.0
2310704,06,Litoral Oeste / Vale do Curu,2017,10,461272.9049999999
2313351,06,Litoral Oeste / Vale do Curu,2017,10,470884.7050000001
2313559,06,Litoral Oeste / Vale do Curu,2017,10,3758.0
2313757,06,Litoral Oeste / Vale do Curu,2017,10,45788.0
2313807,06,Litoral Oeste / Vale do Curu,2017,10,0.0
2300150,07,Maciço do Baturité,2017,10,8834.36499999999
2301208,07,Maciço do Baturité,2017,10,55159.304999999935
2301406,07,Maciço do Baturité,2017,10,38910.94500000001
2301950,07,Maciço do Baturité,2017,10,99733.63
2302107,07,Maciço do Baturité,2017,10,46749.97499999999
2302909,07,Maciço do Baturité,2017,10,169743.865
2305100,07,Maciço do Baturité,2017,10,1000.0
2306504,07,Maciço do Baturité,2017,10,22100.000000000004
2309102,07,Maciço do Baturité,2017,10,0.0
2309458,07,Maciço do Baturité,2017,10,291309.75
2310100,07,Maciço do Baturité,2017,10,26409.179999999993
2311603,07,Maciço do Baturité,2017,10,0.0
2303402,08,Serra da Ibiapaba,2017,10,166115.16000000003
2304236,08,Serra da Ibiapaba,2017,10,583490.14
2305001,08,Serra da Ibiapaba,2017,10,788713.835
2313401,08,Serra da Ibiapaba,2017,10,717010.8049999997
2313609,08,Serra da Ibiapaba,2017,10,62503.56
2314102,08,Serra da Ibiapaba,2017,10,692759.35
2303931,09,Sertão Central,2017,10,2621.6900000000023
2304269,09,Sertão Central,2017,10,232804.68499999994
2305332,09,Sertão Central,2017,10,36672.22
2308351,09,Sertão Central,2017,10,108533.23000000001
2308500,09,Sertão Central,2017,10,475305.5850000002
2310506,09,Sertão Central,2017,10,373242.1299999999
2310902,09,Sertão Central,2017,10,273271.135
2311405,09,Sertão Central,2017,10,4280108.555000001
2312700,09,Sertão Central,2017,10,111936.25
2313005,09,Sertão Central,2017,10,568287.6950000003
2302404,10,Sertão de Canindé,2017,10,510478.18000000017
2302800,10,Sertão de Canindé,2017,10,257331.96999999997
2303006,10,Sertão de Canindé,2017,10,192001.30500000005
2307635,10,Sertão de Canindé,2017,10,62101.784999999974
2300507,11,Sertão de Sobral,2017,10,118266.01500000001
2304004,11,Sertão de Sobral,2017,10,119849.84499999997
2304509,11,Sertão de Sobral,2017,10,0.0
2308807,11,Sertão de Sobral,2017,10,43815.3
2310951,11,Sertão de Sobral,2017,10,142410.77000000002
2312007,11,Sertão de Sobral,2017,10,247171.375
2312809,11,Sertão de Sobral,2017,10,48785.53999999999
2312908,11,Sertão de Sobral,2017,10,2971221.2350000013
2304103,12,Sertão dos Crateús,2017,10,74987.7749999999
2305605,12,Sertão dos Crateús,2017,10,252636.58999999997
2305902,12,Sertão dos Crateús,2017,10,73780.95999999996
2309300,12,Sertão dos Crateús,2017,10,180875.05000000005
2309409,12,Sertão dos Crateús,2017,10,317151.72
2311009,12,Sertão dos Crateús,2017,10,244424.99
2312205,12,Sertão dos Crateús,2017,10,0.0
2300408,13,Sertão dos Inhamuns,2017,10,100331.185
2313302,13,Sertão dos Inhamuns,2017,10,219564.43500000006
2300705,14,Vale do Jaguaribe,2017,10,166982.19999999995
2306009,14,Vale do Jaguaribe,2017,10,547531.01
2306702,14,Vale do Jaguaribe,2017,10,32432.68000000005
2306801,14,Vale do Jaguaribe,2017,10,0.0
2306900,14,Vale do Jaguaribe,2017,10,745363.3399999999
2307601,14,Vale do Jaguaribe,2017,10,387541.88499999995
2308708,14,Vale do Jaguaribe,2017,10,55157.169999999925
2310803,14,Vale do Jaguaribe,2017,10,147659.53000000003
2311231,14,Vale do Jaguaribe,2017,10,819986.5000000001
2311801,14,Vale do Jaguaribe,2017,10,672912.3049999997
2312502,14,Vale do Jaguaribe,2017,10,749.5
2313104,14,Vale do Jaguaribe,2017,10,243115.34499999997
2300101,01,Cariri,2017,11,0.0
2300606,01,Cariri,2017,11,297942.74000000005
2301307,01,Cariri,2017,11,693988.45
2301604,01,Cariri,2017,11,52203.10499999998
2301901,01,Cariri,2017,11,18802.205000000075
2302503,01,Cariri,2017,11,260142.91999999993
2303204,01,Cariri,2017,11,0.0
2304202,01,Cariri,2017,11,307786.9800000002
2304806,01,Cariri,2017,11,98477.16500000004
2307106,01,Cariri,2017,11,65571.64500000002
2307205,01,Cariri,2017,11,123141.07000000007
2307304,01,Cariri,2017,11,8331793.805
2307502,01,Cariri,2017,11,135765.22499999998
2308104,01,Cariri,2017,11,281264.69500000007
2308302,01,Cariri,2017,11,45363.09499999997
2308401,01,Cariri,2017,11,44026.13500000001
2309201,01,Cariri,2017,11,77404.80000000028
2310605,01,Cariri,2017,11,0.0
2311108,01,Cariri,2017,11,361824.32000000007
2311207,01,Cariri,2017,11,639245.1299999999
2311959,01,Cariri,2017,11,225491.53500000015
2312106,01,Cariri,2017,11,0.0
2313252,01,Cariri,2017,11,1599.5
2314003,01,Cariri,2017,11,410970.105
2300309,02,Centro Sul,2017,11,151064.82000000007
2301802,02,Centro Sul,2017,11,183754.16499999992
2303600,02,Centro Sul,2017,11,155768.0
2303808,02,Centro Sul,2017,11,466241.5050000001
2305407,02,Centro Sul,2017,11,326905.54500000004
2305506,02,Centro Sul,2017,11,0.0
2305704,02,Centro Sul,2017,11,72383.26000000001
2307403,02,Centro Sul,2017,11,0.0
2311900,02,Centro Sul,2017,11,438168.57500000007
2313708,02,Centro Sul,2017,11,3052.735000000015
2301000,03,Grande Fortaleza,2017,11,1387820.495
2303501,03,Grande Fortaleza,2017,11,0.0
2303709,03,Grande Fortaleza,2017,11,2401762.8450000007
2303956,03,Grande Fortaleza,2017,11,486553.81499999994
2304285,03,Grande Fortaleza,2017,11,504742.29000000004
2304400,03,Grande Fortaleza,2017,11,34143249.69
2304954,03,Grande Fortaleza,2017,11,473998.41000000015
2305233,03,Grande Fortaleza,2017,11,665574.3999999994
2306256,03,Grande Fortaleza,2017,11,785743.1800000002
2307650,03,Grande Fortaleza,2017,11,0.0
2307700,03,Grande Fortaleza,2017,11,0.0
2309607,03,Grande Fortaleza,2017,11,481609.6699999999
2309706,03,Grande Fortaleza,2017,11,1273341.645
2310209,03,Grande Fortaleza,2017,11,88942.41499999998
2310258,03,Grande Fortaleza,2017,11,391670.195
2310852,03,Grande Fortaleza,2017,11,147338.04499999993
2312403,03,Grande Fortaleza,2017,11,0.0
2312601,03,Grande Fortaleza,2017,11,170360.41999999998
2313500,03,Grande Fortaleza,2017,11,186552.83000000007
2301109,04,Litoral Leste,2017,11,2216413.085
2302206,04,Litoral Leste,2017,11,194583.3
2304459,04,Litoral Leste,2017,11,329974.69499999995
2305357,04,Litoral Leste,2017,11,600993.9850000003
2306207,04,Litoral Leste,2017,11,194094.53999999998
2300200,05,Litoral Norte,2017,11,68794.09999999998
2302305,05,Litoral Norte,2017,11,99567.495
2303907,05,Litoral Norte,2017,11,19761.920000000042
2304251,05,Litoral Norte,2017,11,793249.6299999999
2304707,05,Litoral Norte,2017,11,0.0
2306553,05,Litoral Norte,2017,11,944870.4650000003
2307254,05,Litoral Norte,2017,11,178947.43999999994
2307809,05,Litoral Norte,2017,11,16848723.9
2307908,05,Litoral Norte,2017,11,238127.78000000003
2308906,05,Litoral Norte,2017,11,249418.57999999984
2300754,06,Litoral Oeste / Vale do Curu,2017,11,1044959.2599999998
2300903,06,Litoral Oeste / Vale do Curu,2017,11,209906.59000000008
2304608,06,Litoral Oeste / Vale do Curu,2017,11,337041.68
2306108,06,Litoral Oeste / Vale do Curu,2017,11,476672.07499999995
2306306,06,Litoral Oeste / Vale do Curu,2017,11,361385.68500000006
2306405,06,Litoral Oeste / Vale do Curu,2017,11,1541868.4
2310704,06,Litoral Oeste / Vale do Curu,2017,11,564983.98
2313351,06,Litoral Oeste / Vale do Curu,2017,11,522507.1599999999
2313559,06,Litoral Oeste / Vale do Curu,2017,11,39159.20000000001
2313757,06,Litoral Oeste / Vale do Curu,2017,11,139192.015
2313807,06,Litoral Oeste / Vale do Curu,2017,11,30472.244999999995
2300150,07,Maciço do Baturité,2017,11,104386.695
2301208,07,Maciço do Baturité,2017,11,123102.68999999994
2301406,07,Maciço do Baturité,2017,11,123827.65499999997
2301950,07,Maciço do Baturité,2017,11,399404.665
2302107,07,Maciço do Baturité,2017,11,97023.85500000001
2302909,07,Maciço do Baturité,2017,11,217969.885
2305100,07,Maciço do Baturité,2017,11,90396.82500000001
2306504,07,Maciço do Baturité,2017,11,364152.94
2309102,07,Maciço do Baturité,2017,11,0.0
2309458,07,Maciço do Baturité,2017,11,161995.58999999997
2310100,07,Maciço do Baturité,2017,11,74331.66500000001
2311603,07,Maciço do Baturité,2017,11,196006.295
2303402,08,Serra da Ibiapaba,2017,11,62990.125
2305001,08,Serra da Ibiapaba,2017,11,2253474.875
2313401,08,Serra da Ibiapaba,2017,11,1051745.855
2313609,08,Serra da Ibiapaba,2017,11,79519.02499999997
2314102,08,Serra da Ibiapaba,2017,11,1208866.9999999998
2303931,09,Sertão Central,2017,11,253752.875
2304269,09,Sertão Central,2017,11,27914.820000000065
2305332,09,Sertão Central,2017,11,58133.390000000014
2308351,09,Sertão Central,2017,11,399824.04
2308500,09,Sertão Central,2017,11,700580.0699999998
2310506,09,Sertão Central,2017,11,826496.98
2310902,09,Sertão Central,2017,11,190185.06500000018
2311405,09,Sertão Central,2017,11,2072218.5699999994
2312700,09,Sertão Central,2017,11,213109.435
2313005,09,Sertão Central,2017,11,462143.7799999998
2302404,10,Sertão de Canindé,2017,11,0.0
2302800,10,Sertão de Canindé,2017,11,443173.53
2303006,10,Sertão de Canindé,2017,11,493902.24
2307635,10,Sertão de Canindé,2017,11,46956.10500000004
2310407,10,Sertão de Canindé,2017,11,89437.95999999999
2300507,11,Sertão de Sobral,2017,11,77481.31
2304004,11,Sertão de Sobral,2017,11,258575.39
2304509,11,Sertão de Sobral,2017,11,817686.635
2308807,11,Sertão de Sobral,2017,11,595758.9
2309904,11,Sertão de Sobral,2017,11,136482.465
2310951,11,Sertão de Sobral,2017,11,0.0
2312007,11,Sertão de Sobral,2017,11,49273.859999999986
2312809,11,Sertão de Sobral,2017,11,0.0
2312908,11,Sertão de Sobral,2017,11,3959459.119999999
2304103,12,Sertão dos Crateús,2017,11,224286.52500000014
2305605,12,Sertão dos Crateús,2017,11,112000.14500000002
2305902,12,Sertão dos Crateús,2017,11,271760.56000000006
2309300,12,Sertão dos Crateús,2017,11,0.0
2309409,12,Sertão dos Crateús,2017,11,225592.99
2311009,12,Sertão dos Crateús,2017,11,375898.99
2312205,12,Sertão dos Crateús,2017,11,0.0
2300408,13,Sertão dos Inhamuns,2017,11,180012.08000000002
2313302,13,Sertão dos Inhamuns,2017,11,803661.8699999999
2300705,14,Vale do Jaguaribe,2017,11,402319.4650000001
2306009,14,Vale do Jaguaribe,2017,11,958053.6949999998
2306702,14,Vale do Jaguaribe,2017,11,30652.42499999993
2306801,14,Vale do Jaguaribe,2017,11,0.0
2306900,14,Vale do Jaguaribe,2017,11,659073.3350000004
2307601,14,Vale do Jaguaribe,2017,11,499804.69499999995
2308708,14,Vale do Jaguaribe,2017,11,12623.755000000121
2310803,14,Vale do Jaguaribe,2017,11,253229.10499999998
2311231,14,Vale do Jaguaribe,2017,11,561379.115
2311801,14,Vale do Jaguaribe,2017,11,451015.0750000002
2312502,14,Vale do Jaguaribe,2017,11,0.0
2313104,14,Vale do Jaguaribe,2017,11,279653.13
2300101,01,Cariri,2017,12,0.0
2300606,01,Cariri,2017,12,297942.74000000005
2301307,01,Cariri,2017,12,693988.45
2301604,01,Cariri,2017,12,52203.10499999998
2301901,01,Cariri,2017,12,18802.205000000075
2302503,01,Cariri,2017,12,260142.91999999993
2303204,01,Cariri,2017,12,0.0
2304202,01,Cariri,2017,12,307786.9800000002
2304806,01,Cariri,2017,12,98477.16500000004
2307106,01,Cariri,2017,12,65571.64500000002
2307205,01,Cariri,2017,12,123141.07000000007
2307304,01,Cariri,2017,12,8331793.805
2307502,01,Cariri,2017,12,135765.22499999998
2308104,01,Cariri,2017,12,281264.69500000007
2308302,01,Cariri,2017,12,45363.09499999997
2308401,01,Cariri,2017,12,44026.13500000001
2309201,01,Cariri,2017,12,77404.80000000028
2310605,01,Cariri,2017,12,0.0
2311108,01,Cariri,2017,12,361824.32000000007
2311207,01,Cariri,2017,12,639245.1299999999
2311959,01,Cariri,2017,12,225491.53500000015
2312106,01,Cariri,2017,12,0.0
2313252,01,Cariri,2017,12,1599.5
2314003,01,Cariri,2017,12,410970.105
2300309,02,Centro Sul,2017,12,151064.82000000007
2301802,02,Centro Sul,2017,12,183754.16499999992
2303600,02,Centro Sul,2017,12,155768.0
2303808,02,Centro Sul,2017,12,466241.5050000001
2305407,02,Centro Sul,2017,12,326905.54500000004
2305506,02,Centro Sul,2017,12,0.0
2305704,02,Centro Sul,2017,12,72383.26000000001
2307403,02,Centro Sul,2017,12,0.0
2311900,02,Centro Sul,2017,12,438168.57500000007
2313708,02,Centro Sul,2017,12,3052.735000000015
2301000,03,Grande Fortaleza,2017,12,1387820.495
2303501,03,Grande Fortaleza,2017,12,0.0
2303709,03,Grande Fortaleza,2017,12,2401762.8450000007
2303956,03,Grande Fortaleza,2017,12,486553.81499999994
2304285,03,Grande Fortaleza,2017,12,504742.29000000004
2304400,03,Grande Fortaleza,2017,12,34143249.69
2304954,03,Grande Fortaleza,2017,12,473998.41000000015
2305233,03,Grande Fortaleza,2017,12,665574.3999999994
2306256,03,Grande Fortaleza,2017,12,785743.1800000002
2307650,03,Grande Fortaleza,2017,12,0.0
2307700,03,Grande Fortaleza,2017,12,0.0
2309607,03,Grande Fortaleza,2017,12,481609.6699999999
2309706,03,Grande Fortaleza,2017,12,1273341.645
2310209,03,Grande Fortaleza,2017,12,88942.41499999998
2310258,03,Grande Fortaleza,2017,12,391670.195
2310852,03,Grande Fortaleza,2017,12,147338.04499999993
2312403,03,Grande Fortaleza,2017,12,0.0
2312601,03,Grande Fortaleza,2017,12,170360.41999999998
2313500,03,Grande Fortaleza,2017,12,186552.83000000007
2301109,04,Litoral Leste,2017,12,2216413.085
2302206,04,Litoral Leste,2017,12,194583.3
2304459,04,Litoral Leste,2017,12,329974.69499999995
2305357,04,Litoral Leste,2017,12,600993.9850000003
2306207,04,Litoral Leste,2017,12,194094.53999999998
2300200,05,Litoral Norte,2017,12,68794.09999999998
2302305,05,Litoral Norte,2017,12,99567.495
2303907,05,Litoral Norte,2017,12,19761.920000000042
2304251,05,Litoral Norte,2017,12,793249.6299999999
2304707,05,Litoral Norte,2017,12,0.0
2306553,05,Litoral Norte,2017,12,944870.4650000003
2307254,05,Litoral Norte,2017,12,178947.43999999994
2307809,05,Litoral Norte,2017,12,16848723.9
2307908,05,Litoral Norte,2017,12,238127.78000000003
2308906,05,Litoral Norte,2017,12,249418.57999999984
2300754,06,Litoral Oeste / Vale do Curu,2017,12,1044959.2599999998
2300903,06,Litoral Oeste / Vale do Curu,2017,12,209906.59000000008
2304608,06,Litoral Oeste / Vale do Curu,2017,12,337041.68
2306108,06,Litoral Oeste / Vale do Curu,2017,12,476672.07499999995
2306306,06,Litoral Oeste / Vale do Curu,2017,12,361385.68500000006
2306405,06,Litoral Oeste / Vale do Curu,2017,12,1541868.4
2310704,06,Litoral Oeste / Vale do Curu,2017,12,564983.98
2313351,06,Litoral Oeste / Vale do Curu,2017,12,522507.1599999999
2313559,06,Litoral Oeste / Vale do Curu,2017,12,39159.20000000001
2313757,06,Litoral Oeste / Vale do Curu,2017,12,139192.015
2313807,06,Litoral Oeste / Vale do Curu,2017,12,30472.244999999995
2300150,07,Maciço do Baturité,2017,12,104386.695
2301208,07,Maciço do Baturité,2017,12,123102.68999999994
2301406,07,Maciço do Baturité,2017,12,123827.65499999997
2301950,07,Maciço do Baturité,2017,12,399404.665
2302107,07,Maciço do Baturité,2017,12,97023.85500000001
2302909,07,Maciço do Baturité,2017,12,217969.885
2305100,07,Maciço do Baturité,2017,12,90396.82500000001
2306504,07,Maciço do Baturité,2017,12,364152.94
2309102,07,Maciço do Baturité,2017,12,0.0
2309458,07,Maciço do Baturité,2017,12,161995.58999999997
2310100,07,Maciço do Baturité,2017,12,74331.66500000001
2311603,07,Maciço do Baturité,2017,12,196006.295
2303402,08,Serra da Ibiapaba,2017,12,62990.125
2305001,08,Serra da Ibiapaba,2017,12,2253474.875
2313401,08,Serra da Ibiapaba,2017,12,1051745.855
2313609,08,Serra da Ibiapaba,2017,12,79519.02499999997
2314102,08,Serra da Ibiapaba,2017,12,1208866.9999999998
2303931,09,Sertão Central,2017,12,253752.875
2304269,09,Sertão Central,2017,12,27914.820000000065
2305332,09,Sertão Central,2017,12,58133.390000000014
2308351,09,Sertão Central,2017,12,399824.04
2308500,09,Sertão Central,2017,12,700580.0699999998
2310506,09,Sertão Central,2017,12,826496.98
2310902,09,Sertão Central,2017,12,190185.06500000018
2311405,09,Sertão Central,2017,12,2072218.5699999994
2312700,09,Sertão Central,2017,12,213109.435
2313005,09,Sertão Central,2017,12,462143.7799999998
2302404,10,Sertão de Canindé,2017,12,0.0
2302800,10,Sertão de Canindé,2017,12,443173.53
2303006,10,Sertão de Canindé,2017,12,493902.24
2307635,10,Sertão de Canindé,2017,12,46956.10500000004
2310407,10,Sertão de Canindé,2017,12,89437.95999999999
2300507,11,Sertão de Sobral,2017,12,77481.31
2304004,11,Sertão de Sobral,2017,12,258575.39
2304509,11,Sertão de Sobral,2017,12,817686.635
2308807,11,Sertão de Sobral,2017,12,595758.9
2309904,11,Sertão de Sobral,2017,12,136482.465
2310951,11,Sertão de Sobral,2017,12,0.0
2312007,11,Sertão de Sobral,2017,12,49273.859999999986
2312809,11,Sertão de Sobral,2017,12,0.0
2312908,11,Sertão de Sobral,2017,12,3959459.119999999
2304103,12,Sertão dos Crateús,2017,12,224286.52500000014
2305605,12,Sertão dos Crateús,2017,12,112000.14500000002
2305902,12,Sertão dos Crateús,2017,12,271760.56000000006
2309300,12,Sertão dos Crateús,2017,12,0.0
2309409,12,Sertão dos Crateús,2017,12,225592.99
2311009,12,Sertão dos Crateús,2017,12,375898.99
2312205,12,Sertão dos Crateús,2017,12,0.0
2300408,13,Sertão dos Inhamuns,2017,12,180012.08000000002
2313302,13,Sertão dos Inhamuns,2017,12,803661.8699999999
2300705,14,Vale do Jaguaribe,2017,12,402319.4650000001
2306009,14,Vale do Jaguaribe,2017,12,958053.6949999998
2306702,14,Vale do Jaguaribe,2017,12,30652.42499999993
2306801,14,Vale do Jaguaribe,2017,12,0.0
2306900,14,Vale do Jaguaribe,2017,12,659073.3350000004
2307601,14,Vale do Jaguaribe,2017,12,499804.69499999995
2308708,14,Vale do Jaguaribe,2017,12,12623.755000000121
2310803,14,Vale do Jaguaribe,2017,12,253229.10499999998
2311231,14,Vale do Jaguaribe,2017,12,561379.115
2311801,14,Vale do Jaguaribe,2017,12,451015.0750000002
2312502,14,Vale do Jaguaribe,2017,12,0.0
2313104,14,Vale do Jaguaribe,2017,12,279653.13
2300101,01,Cariri,2018,1,30526.42
2300606,01,Cariri,2018,1,24852.32
2300804,01,Cariri,2018,1,61590.305
2301307,01,Cariri,2018,1,420960.055
2301604,01,Cariri,2018,1,216023.66
2301901,01,Cariri,2018,1,502008.68
2302008,01,Cariri,2018,1,74165.285
2302503,01,Cariri,2018,1,3942.5
2302701,01,Cariri,2018,1,288642.325
2303204,01,Cariri,2018,1,209347.69
2304202,01,Cariri,2018,1,327023.14
2304806,01,Cariri,2018,1,184218.09
2307106,01,Cariri,2018,1,235777.32
2307205,01,Cariri,2018,1,365.0
2307304,01,Cariri,2018,1,1917212.825
2307502,01,Cariri,2018,1,12332.545
2308104,01,Cariri,2018,1,480423.45
2308302,01,Cariri,2018,1,98048.65
2308401,01,Cariri,2018,1,1631427.87
2310605,01,Cariri,2018,1,1349.5
2311108,01,Cariri,2018,1,23722.74
2311959,01,Cariri,2018,1,1930.0
2314003,01,Cariri,2018,1,400510.72
2300309,02,Centro Sul,2018,1,416187.615
2301802,02,Centro Sul,2018,1,79512.17
2303600,02,Centro Sul,2018,1,867474.77
2303808,02,Centro Sul,2018,1,42486.26
2305407,02,Centro Sul,2018,1,141360.065
2305506,02,Centro Sul,2018,1,145930.6
2305704,02,Centro Sul,2018,1,34800.0
2307403,02,Centro Sul,2018,1,230757.835
2311355,02,Centro Sul,2018,1,107084.215
2311900,02,Centro Sul,2018,1,30926.4
2313708,02,Centro Sul,2018,1,7235.835
2301000,03,Grande Fortaleza,2018,1,1567331.0
2303501,03,Grande Fortaleza,2018,1,343081.465
2303709,03,Grande Fortaleza,2018,1,3678893.86
2303956,03,Grande Fortaleza,2018,1,1257773.61
2304285,03,Grande Fortaleza,2018,1,1257448.555
2304400,03,Grande Fortaleza,2018,1,28448670.535
2304954,03,Grande Fortaleza,2018,1,1590264.105
2305233,03,Grande Fortaleza,2018,1,970120.285
2306256,03,Grande Fortaleza,2018,1,269130.44
2307650,03,Grande Fortaleza,2018,1,9110622.03
2307700,03,Grande Fortaleza,2018,1,1031386.9
2309607,03,Grande Fortaleza,2018,1,226141.69
2309706,03,Grande Fortaleza,2018,1,2386825.105
2310209,03,Grande Fortaleza,2018,1,265192.45
2310258,03,Grande Fortaleza,2018,1,250529.975
2310852,03,Grande Fortaleza,2018,1,464378.545
2313500,03,Grande Fortaleza,2018,1,730946.55
2301109,04,Litoral Leste,2018,1,1094597.62
2302206,04,Litoral Leste,2018,1,110374.81
2304459,04,Litoral Leste,2018,1,152375.045
2305357,04,Litoral Leste,2018,1,112332.27
2306207,04,Litoral Leste,2018,1,40379.07
2307007,04,Litoral Leste,2018,1,54425.54
2300200,05,Litoral Norte,2018,1,98796.39
2302057,05,Litoral Norte,2018,1,304720.57
2302602,05,Litoral Norte,2018,1,3531317.925
2303907,05,Litoral Norte,2018,1,12966.065
2304251,05,Litoral Norte,2018,1,13323.0
2304707,05,Litoral Norte,2018,1,780909.29
2306553,05,Litoral Norte,2018,1,239040.98
2307254,05,Litoral Norte,2018,1,372899.825
2307908,05,Litoral Norte,2018,1,308836.68
2308906,05,Litoral Norte,2018,1,298589.745
2313906,05,Litoral Norte,2018,1,340614.645
2300754,06,Litoral Oeste / Vale do Curu,2018,1,496473.41
2300903,06,Litoral Oeste / Vale do Curu,2018,1,271176.265
2304608,06,Litoral Oeste / Vale do Curu,2018,1,3878.5
2306108,06,Litoral Oeste / Vale do Curu,2018,1,260004.33
2306306,06,Litoral Oeste / Vale do Curu,2018,1,143068.065
2306405,06,Litoral Oeste / Vale do Curu,2018,1,793998.985
2308377,06,Litoral Oeste / Vale do Curu,2018,1,7291.33
2310704,06,Litoral Oeste / Vale do Curu,2018,1,368456.865
2313351,06,Litoral Oeste / Vale do Curu,2018,1,584998.005
2313559,06,Litoral Oeste / Vale do Curu,2018,1,322.5
2313757,06,Litoral Oeste / Vale do Curu,2018,1,39881.285
2313807,06,Litoral Oeste / Vale do Curu,2018,1,160039.445
2300150,07,Maciço do Baturité,2018,1,78116.38
2301208,07,Maciço do Baturité,2018,1,338636.55
2301406,07,Maciço do Baturité,2018,1,96984.835
2302107,07,Maciço do Baturité,2018,1,57602.945
2302909,07,Maciço do Baturité,2018,1,33648.975
2305100,07,Maciço do Baturité,2018,1,102151.01
2306504,07,Maciço do Baturité,2018,1,4152.0
2309102,07,Maciço do Baturité,2018,1,189425.0
2309458,07,Maciço do Baturité,2018,1,266571.97
2309805,07,Maciço do Baturité,2018,1,285546.09
2310100,07,Maciço do Baturité,2018,1,37450.92
2311603,07,Maciço do Baturité,2018,1,9958.89
2303402,08,Serra da Ibiapaba,2018,1,46074.055
2304236,08,Serra da Ibiapaba,2018,1,332665.125
2305001,08,Serra da Ibiapaba,2018,1,220791.355
2305803,08,Serra da Ibiapaba,2018,1,759908.65
2312304,08,Serra da Ibiapaba,2018,1,1002115.91
2313401,08,Serra da Ibiapaba,2018,1,777861.795
2313609,08,Serra da Ibiapaba,2018,1,120025.93
2314102,08,Serra da Ibiapaba,2018,1,119248.9
2301851,09,Sertão Central,2018,1,343972.95
2303931,09,Sertão Central,2018,1,2286.785
2304269,09,Sertão Central,2018,1,95750.255
2305266,09,Sertão Central,2018,1,63037.56
2305332,09,Sertão Central,2018,1,36883.055
2308500,09,Sertão Central,2018,1,1289865.47
2310902,09,Sertão Central,2018,1,405102.75
2311306,09,Sertão Central,2018,1,599549.73
2311405,09,Sertão Central,2018,1,1637384.435
2312700,09,Sertão Central,2018,1,158952.0
2313005,09,Sertão Central,2018,1,153893.265
2302404,10,Sertão de Canindé,2018,1,111877.755
2302800,10,Sertão de Canindé,2018,1,247066.825
2303006,10,Sertão de Canindé,2018,1,25843.565
2307635,10,Sertão de Canindé,2018,1,166785.33
2310407,10,Sertão de Canindé,2018,1,174926.565
2300507,11,Sertão de Sobral,2018,1,270.465
2303105,11,Sertão de Sobral,2018,1,1459158.64
2304004,11,Sertão de Sobral,2018,1,411635.03
2304509,11,Sertão de Sobral,2018,1,325778.66
2304657,11,Sertão de Sobral,2018,1,1132839.165
2308203,11,Sertão de Sobral,2018,1,233388.78
2308807,11,Sertão de Sobral,2018,1,14921.495
2310951,11,Sertão de Sobral,2018,1,295004.105
2311702,11,Sertão de Sobral,2018,1,548081.835
2312007,11,Sertão de Sobral,2018,1,405715.295
2312908,11,Sertão de Sobral,2018,1,3555308.915
2303659,12,Sertão dos Crateús,2018,1,55955.74
2304103,12,Sertão dos Crateús,2018,1,1019459.255
2305209,12,Sertão dos Crateús,2018,1,4876.675
2305605,12,Sertão dos Crateús,2018,1,221513.68
2305902,12,Sertão dos Crateús,2018,1,357549.77
2308609,12,Sertão dos Crateús,2018,1,311095.24
2309300,12,Sertão dos Crateús,2018,1,213259.375
2309409,12,Sertão dos Crateús,2018,1,704936.965
2311009,12,Sertão dos Crateús,2018,1,114566.535
2312205,12,Sertão dos Crateús,2018,1,225517.935
2300408,13,Sertão dos Inhamuns,2018,1,191456.735
2301505,13,Sertão dos Inhamuns,2018,1,799.5
2311264,13,Sertão dos Inhamuns,2018,1,102860.705
2313302,13,Sertão dos Inhamuns,2018,1,2810461.155
2300705,14,Vale do Jaguaribe,2018,1,174724.985
2304277,14,Vale do Jaguaribe,2018,1,23284.605
2306009,14,Vale do Jaguaribe,2018,1,835747.16
2306702,14,Vale do Jaguaribe,2018,1,27993.325
2306801,14,Vale do Jaguaribe,2018,1,38514.685
2307601,14,Vale do Jaguaribe,2018,1,178615.165
2308708,14,Vale do Jaguaribe,2018,1,305777.395
2310001,14,Vale do Jaguaribe,2018,1,29204.335
2311231,14,Vale do Jaguaribe,2018,1,78970.495
2311801,14,Vale do Jaguaribe,2018,1,1188891.935
2313104,14,Vale do Jaguaribe,2018,1,58024.72
2300101,01,Cariri,2018,2,30526.42
2300606,01,Cariri,2018,2,24852.32
2300804,01,Cariri,2018,2,61590.305
2301307,01,Cariri,2018,2,420960.055
2301604,01,Cariri,2018,2,216023.66
2301901,01,Cariri,2018,2,502008.68
2302008,01,Cariri,2018,2,74165.285
2302503,01,Cariri,2018,2,3942.5
2302701,01,Cariri,2018,2,288642.325
2303204,01,Cariri,2018,2,209347.69
2304202,01,Cariri,2018,2,327023.14
2304806,01,Cariri,2018,2,184218.09
2307106,01,Cariri,2018,2,235777.32
2307205,01,Cariri,2018,2,365.0
2307304,01,Cariri,2018,2,1917212.825
2307502,01,Cariri,2018,2,12332.545
2308104,01,Cariri,2018,2,480423.45
2308302,01,Cariri,2018,2,98048.65
2308401,01,Cariri,2018,2,1631427.87
2310605,01,Cariri,2018,2,1349.5
2311108,01,Cariri,2018,2,23722.74
2311959,01,Cariri,2018,2,1930.0
2314003,01,Cariri,2018,2,400510.72
2300309,02,Centro Sul,2018,2,416187.615
2301802,02,Centro Sul,2018,2,79512.17
2303600,02,Centro Sul,2018,2,867474.77
2303808,02,Centro Sul,2018,2,42486.26
2305407,02,Centro Sul,2018,2,141360.065
2305506,02,Centro Sul,2018,2,145930.6
2305704,02,Centro Sul,2018,2,34800.0
2307403,02,Centro Sul,2018,2,230757.835
2311355,02,Centro Sul,2018,2,107084.215
2311900,02,Centro Sul,2018,2,30926.4
2313708,02,Centro Sul,2018,2,7235.835
2301000,03,Grande Fortaleza,2018,2,1567331.0
2303501,03,Grande Fortaleza,2018,2,343081.465
2303709,03,Grande Fortaleza,2018,2,3678893.86
2303956,03,Grande Fortaleza,2018,2,1257773.61
2304285,03,Grande Fortaleza,2018,2,1257448.555
2304400,03,Grande Fortaleza,2018,2,28448670.535
2304954,03,Grande Fortaleza,2018,2,1590264.105
2305233,03,Grande Fortaleza,2018,2,970120.285
2306256,03,Grande Fortaleza,2018,2,269130.44
2307650,03,Grande Fortaleza,2018,2,9110622.03
2307700,03,Grande Fortaleza,2018,2,1031386.9
2309607,03,Grande Fortaleza,2018,2,226141.69
2309706,03,Grande Fortaleza,2018,2,2386825.105
2310209,03,Grande Fortaleza,2018,2,265192.45
2310258,03,Grande Fortaleza,2018,2,250529.975
2310852,03,Grande Fortaleza,2018,2,464378.545
2313500,03,Grande Fortaleza,2018,2,730946.55
2301109,04,Litoral Leste,2018,2,1094597.62
2302206,04,Litoral Leste,2018,2,110374.81
2304459,04,Litoral Leste,2018,2,152375.045
2305357,04,Litoral Leste,2018,2,112332.27
2306207,04,Litoral Leste,2018,2,40379.07
2307007,04,Litoral Leste,2018,2,54425.54
2300200,05,Litoral Norte,2018,2,98796.39
2302057,05,Litoral Norte,2018,2,304720.57
2302602,05,Litoral Norte,2018,2,3531317.925
2303907,05,Litoral Norte,2018,2,12966.065
2304251,05,Litoral Norte,2018,2,13323.0
2304707,05,Litoral Norte,2018,2,780909.29
2306553,05,Litoral Norte,2018,2,239040.98
2307254,05,Litoral Norte,2018,2,372899.825
2307908,05,Litoral Norte,2018,2,308836.68
2308906,05,Litoral Norte,2018,2,298589.745
2313906,05,Litoral Norte,2018,2,340614.645
2300754,06,Litoral Oeste / Vale do Curu,2018,2,496473.41
2300903,06,Litoral Oeste / Vale do Curu,2018,2,271176.265
2304608,06,Litoral Oeste / Vale do Curu,2018,2,3878.5
2306108,06,Litoral Oeste / Vale do Curu,2018,2,260004.33
2306306,06,Litoral Oeste / Vale do Curu,2018,2,143068.065
2306405,06,Litoral Oeste / Vale do Curu,2018,2,793998.985
2308377,06,Litoral Oeste / Vale do Curu,2018,2,7291.33
2310704,06,Litoral Oeste / Vale do Curu,2018,2,368456.865
2313351,06,Litoral Oeste / Vale do Curu,2018,2,584998.005
2313559,06,Litoral Oeste / Vale do Curu,2018,2,322.5
2313757,06,Litoral Oeste / Vale do Curu,2018,2,39881.285
2313807,06,Litoral Oeste / Vale do Curu,2018,2,160039.445
2300150,07,Maciço do Baturité,2018,2,78116.38
2301208,07,Maciço do Baturité,2018,2,338636.55
2301406,07,Maciço do Baturité,2018,2,96984.835
2302107,07,Maciço do Baturité,2018,2,57602.945
2302909,07,Maciço do Baturité,2018,2,33648.975
2305100,07,Maciço do Baturité,2018,2,102151.01
2306504,07,Maciço do Baturité,2018,2,4152.0
2309102,07,Maciço do Baturité,2018,2,189425.0
2309458,07,Maciço do Baturité,2018,2,266571.97
2309805,07,Maciço do Baturité,2018,2,285546.09
2310100,07,Maciço do Baturité,2018,2,37450.92
2311603,07,Maciço do Baturité,2018,2,9958.89
2303402,08,Serra da Ibiapaba,2018,2,46074.055
2304236,08,Serra da Ibiapaba,2018,2,332665.125
2305001,08,Serra da Ibiapaba,2018,2,220791.355
2305803,08,Serra da Ibiapaba,2018,2,759908.65
2312304,08,Serra da Ibiapaba,2018,2,1002115.91
2313401,08,Serra da Ibiapaba,2018,2,777861.795
2313609,08,Serra da Ibiapaba,2018,2,120025.93
2314102,08,Serra da Ibiapaba,2018,2,119248.9
2301851,09,Sertão Central,2018,2,343972.95
2303931,09,Sertão Central,2018,2,2286.785
2304269,09,Sertão Central,2018,2,95750.255
2305266,09,Sertão Central,2018,2,63037.56
2305332,09,Sertão Central,2018,2,36883.055
2308500,09,Sertão Central,2018,2,1289865.47
2310902,09,Sertão Central,2018,2,405102.75
2311306,09,Sertão Central,2018,2,599549.73
2311405,09,Sertão Central,2018,2,1637384.435
2312700,09,Sertão Central,2018,2,158952.0
2313005,09,Sertão Central,2018,2,153893.265
2302404,10,Sertão de Canindé,2018,2,111877.755
2302800,10,Sertão de Canindé,2018,2,247066.825
2303006,10,Sertão de Canindé,2018,2,25843.565
2307635,10,Sertão de Canindé,2018,2,166785.33
2310407,10,Sertão de Canindé,2018,2,174926.565
2300507,11,Sertão de Sobral,2018,2,270.465
2303105,11,Sertão de Sobral,2018,2,1459158.64
2304004,11,Sertão de Sobral,2018,2,411635.03
2304509,11,Sertão de Sobral,2018,2,325778.66
2304657,11,Sertão de Sobral,2018,2,1132839.165
2308203,11,Sertão de Sobral,2018,2,233388.78
2308807,11,Sertão de Sobral,2018,2,14921.495
2310951,11,Sertão de Sobral,2018,2,295004.105
2311702,11,Sertão de Sobral,2018,2,548081.835
2312007,11,Sertão de Sobral,2018,2,405715.295
2312908,11,Sertão de Sobral,2018,2,3555308.915
2303659,12,Sertão dos Crateús,2018,2,55955.74
2304103,12,Sertão dos Crateús,2018,2,1019459.255
2305209,12,Sertão dos Crateús,2018,2,4876.675
2305605,12,Sertão dos Crateús,2018,2,221513.68
2305902,12,Sertão dos Crateús,2018,2,357549.77
2308609,12,Sertão dos Crateús,2018,2,311095.24
2309300,12,Sertão dos Crateús,2018,2,213259.375
2309409,12,Sertão dos Crateús,2018,2,704936.965
2311009,12,Sertão dos Crateús,2018,2,114566.535
2312205,12,Sertão dos Crateús,2018,2,225517.935
2300408,13,Sertão dos Inhamuns,2018,2,191456.735
2301505,13,Sertão dos Inhamuns,2018,2,799.5
2311264,13,Sertão dos Inhamuns,2018,2,102860.705
2313302,13,Sertão dos Inhamuns,2018,2,2810461.155
2300705,14,Vale do Jaguaribe,2018,2,174724.985
2304277,14,Vale do Jaguaribe,2018,2,23284.605
2306009,14,Vale do Jaguaribe,2018,2,835747.16
2306702,14,Vale do Jaguaribe,2018,2,27993.325
2306801,14,Vale do Jaguaribe,2018,2,38514.685
2307601,14,Vale do Jaguaribe,2018,2,178615.165
2308708,14,Vale do Jaguaribe,2018,2,305777.395
2310001,14,Vale do Jaguaribe,2018,2,29204.335
2311231,14,Vale do Jaguaribe,2018,2,78970.495
2311801,14,Vale do Jaguaribe,2018,2,1188891.935
2313104,14,Vale do Jaguaribe,2018,2,58024.72
2300101,01,Cariri,2018,3,18549.870000000003
2300606,01,Cariri,2018,3,7875.0
2300804,01,Cariri,2018,3,124953.16
2301307,01,Cariri,2018,3,690914.0050000001
2301604,01,Cariri,2018,3,345130.1649999999
2301901,01,Cariri,2018,3,751051.45
2302008,01,Cariri,2018,3,21422.625
2302503,01,Cariri,2018,3,101249.815
2302701,01,Cariri,2018,3,203635.19
2303204,01,Cariri,2018,3,224471.96000000002
2304202,01,Cariri,2018,3,1049353.0899999999
2304806,01,Cariri,2018,3,4309.985000000015
2307106,01,Cariri,2018,3,90623.32
2307205,01,Cariri,2018,3,75348.825
2307304,01,Cariri,2018,3,2712149.2199999997
2307502,01,Cariri,2018,3,2007943.27
2308104,01,Cariri,2018,3,241100.70500000002
2308302,01,Cariri,2018,3,70626.695
2308401,01,Cariri,2018,3,1502697.3849999998
2310605,01,Cariri,2018,3,0.0
2311108,01,Cariri,2018,3,2254.5
2311959,01,Cariri,2018,3,158673.995
2312106,01,Cariri,2018,3,49416.235
2313252,01,Cariri,2018,3,49777.235
2314003,01,Cariri,2018,3,1425923.62
2300309,02,Centro Sul,2018,3,319305.81000000006
2301802,02,Centro Sul,2018,3,8069.0
2303600,02,Centro Sul,2018,3,261610.33499999996
2303808,02,Centro Sul,2018,3,228889.865
2305407,02,Centro Sul,2018,3,267959.755
2305506,02,Centro Sul,2018,3,418886.85
2305704,02,Centro Sul,2018,3,10201.985
2307403,02,Centro Sul,2018,3,269406.645
2311355,02,Centro Sul,2018,3,206131.50999999998
2311900,02,Centro Sul,2018,3,44634.795000000006
2313708,02,Centro Sul,2018,3,0.0
2301000,03,Grande Fortaleza,2018,3,1146325.4249999998
2303501,03,Grande Fortaleza,2018,3,295535.64499999996
2303709,03,Grande Fortaleza,2018,3,1814547.605
2303956,03,Grande Fortaleza,2018,3,276484.7649999999
2304285,03,Grande Fortaleza,2018,3,376984.83499999996
2304400,03,Grande Fortaleza,2018,3,40419234.04000001
2304954,03,Grande Fortaleza,2018,3,323100.19500000007
2305233,03,Grande Fortaleza,2018,3,991891.8549999999
2306256,03,Grande Fortaleza,2018,3,244514.59999999998
2307650,03,Grande Fortaleza,2018,3,5467613.34
2307700,03,Grande Fortaleza,2018,3,923851.7599999999
2309607,03,Grande Fortaleza,2018,3,1004158.7950000002
2309706,03,Grande Fortaleza,2018,3,1505498.4449999998
2310209,03,Grande Fortaleza,2018,3,826416.3700000001
2310258,03,Grande Fortaleza,2018,3,334740.25
2310852,03,Grande Fortaleza,2018,3,124606.99500000005
2312403,03,Grande Fortaleza,2018,3,3896.0
2313500,03,Grande Fortaleza,2018,3,436811.98
2301109,04,Litoral Leste,2018,3,4543015.675
2302206,04,Litoral Leste,2018,3,145930.2
2304459,04,Litoral Leste,2018,3,276206.73
2305357,04,Litoral Leste,2018,3,146486.745
2306207,04,Litoral Leste,2018,3,111841.29999999999
2307007,04,Litoral Leste,2018,3,70173.13500000001
2300200,05,Litoral Norte,2018,3,119397.735
2302057,05,Litoral Norte,2018,3,439767.335
2302305,05,Litoral Norte,2018,3,23172.485
2302602,05,Litoral Norte,2018,3,4776329.15
2303907,05,Litoral Norte,2018,3,27657.699999999997
2304251,05,Litoral Norte,2018,3,348508.53
2304707,05,Litoral Norte,2018,3,1406332.895
2306553,05,Litoral Norte,2018,3,596921.115
2307254,05,Litoral Norte,2018,3,1548096.905
2307908,05,Litoral Norte,2018,3,159612.71000000002
2308906,05,Litoral Norte,2018,3,141972.68
2313906,05,Litoral Norte,2018,3,79766.51000000001
2300754,06,Litoral Oeste / Vale do Curu,2018,3,308715.09500000003
2300903,06,Litoral Oeste / Vale do Curu,2018,3,245563.96999999997
2304608,06,Litoral Oeste / Vale do Curu,2018,3,236017.375
2306108,06,Litoral Oeste / Vale do Curu,2018,3,555731.43
2306306,06,Litoral Oeste / Vale do Curu,2018,3,223946.315
2306405,06,Litoral Oeste / Vale do Curu,2018,3,571426.8850000001
2308377,06,Litoral Oeste / Vale do Curu,2018,3,331901.08999999997
2310704,06,Litoral Oeste / Vale do Curu,2018,3,665823.6
2313351,06,Litoral Oeste / Vale do Curu,2018,3,570205.5199999999
2313559,06,Litoral Oeste / Vale do Curu,2018,3,144344.175
2313757,06,Litoral Oeste / Vale do Curu,2018,3,397393.49
2313807,06,Litoral Oeste / Vale do Curu,2018,3,259341.90999999997
2300150,07,Maciço do Baturité,2018,3,13020.174999999988
2301208,07,Maciço do Baturité,2018,3,456544.71
2301406,07,Maciço do Baturité,2018,3,213690.38999999996
2302107,07,Maciço do Baturité,2018,3,136606.38499999998
2302909,07,Maciço do Baturité,2018,3,145242.77
2305100,07,Maciço do Baturité,2018,3,12348.050000000003
2306504,07,Maciço do Baturité,2018,3,128366.04000000001
2309102,07,Maciço do Baturité,2018,3,112837.5
2309458,07,Maciço do Baturité,2018,3,295127.18000000005
2309805,07,Maciço do Baturité,2018,3,36449.57499999995
2310100,07,Maciço do Baturité,2018,3,10666.5
2311603,07,Maciço do Baturité,2018,3,1190.0
2303402,08,Serra da Ibiapaba,2018,3,448567.525
2304236,08,Serra da Ibiapaba,2018,3,444625.44999999995
2305001,08,Serra da Ibiapaba,2018,3,1296870.815
2305803,08,Serra da Ibiapaba,2018,3,229852.19499999995
2312304,08,Serra da Ibiapaba,2018,3,481706.86
2313401,08,Serra da Ibiapaba,2018,3,869511.32
2313609,08,Serra da Ibiapaba,2018,3,1233585.465
2314102,08,Serra da Ibiapaba,2018,3,742791.07
2301851,09,Sertão Central,2018,3,176298.865
2303931,09,Sertão Central,2018,3,130210.055
2304269,09,Sertão Central,2018,3,140477.125
2305266,09,Sertão Central,2018,3,61728.96000000001
2305332,09,Sertão Central,2018,3,2907.5
2308500,09,Sertão Central,2018,3,1059164.535
2310902,09,Sertão Central,2018,3,347184.16000000003
2311306,09,Sertão Central,2018,3,231560.89
2311405,09,Sertão Central,2018,3,2812977.345
2312700,09,Sertão Central,2018,3,133888.82
2313005,09,Sertão Central,2018,3,765346.495
2302404,10,Sertão de Canindé,2018,3,117800.305
2302800,10,Sertão de Canindé,2018,3,229734.375
2303006,10,Sertão de Canindé,2018,3,129193.215
2307635,10,Sertão de Canindé,2018,3,166431.895
2310407,10,Sertão de Canindé,2018,3,22021.454999999987
2300507,11,Sertão de Sobral,2018,3,76175.38
2303105,11,Sertão de Sobral,2018,3,287141.74
2304004,11,Sertão de Sobral,2018,3,767635.4749999999
2304509,11,Sertão de Sobral,2018,3,201541.66999999998
2304657,11,Sertão de Sobral,2018,3,123611.53000000003
2308203,11,Sertão de Sobral,2018,3,36223.92000000001
2308807,11,Sertão de Sobral,2018,3,5463.499999999998
2309904,11,Sertão de Sobral,2018,3,6237.9
2310951,11,Sertão de Sobral,2018,3,394308.485
2311702,11,Sertão de Sobral,2018,3,78678.16000000003
2312007,11,Sertão de Sobral,2018,3,159566.43
2312908,11,Sertão de Sobral,2018,3,4551434.41
2303659,12,Sertão dos Crateús,2018,3,0.0
2304103,12,Sertão dos Crateús,2018,3,675608.9400000001
2305209,12,Sertão dos Crateús,2018,3,268892.325
2305605,12,Sertão dos Crateús,2018,3,4110.0
2305902,12,Sertão dos Crateús,2018,3,394976.75
2308609,12,Sertão dos Crateús,2018,3,45174.90500000003
2309300,12,Sertão dos Crateús,2018,3,447995.42000000004
2309409,12,Sertão dos Crateús,2018,3,208798.90000000002
2311009,12,Sertão dos Crateús,2018,3,137743.285
2312205,12,Sertão dos Crateús,2018,3,95007.44
2300408,13,Sertão dos Inhamuns,2018,3,282472.965
2301505,13,Sertão dos Inhamuns,2018,3,128735.32
2311264,13,Sertão dos Inhamuns,2018,3,101379.26
2313302,13,Sertão dos Inhamuns,2018,3,337839.7050000001
2300705,14,Vale do Jaguaribe,2018,3,174112.34000000003
2304277,14,Vale do Jaguaribe,2018,3,15646.45
2306009,14,Vale do Jaguaribe,2018,3,1180148.5750000002
2306702,14,Vale do Jaguaribe,2018,3,610571.9800000001
2306801,14,Vale do Jaguaribe,2018,3,304717.27
2307601,14,Vale do Jaguaribe,2018,3,345855.82499999995
2308708,14,Vale do Jaguaribe,2018,3,515308.74
2310001,14,Vale do Jaguaribe,2018,3,60175.030000000006
2311231,14,Vale do Jaguaribe,2018,3,225131.10499999998
2311801,14,Vale do Jaguaribe,2018,3,959629.9499999997
2312502,14,Vale do Jaguaribe,2018,3,4439.625
2313104,14,Vale do Jaguaribe,2018,3,110951.535
2300101,01,Cariri,2018,4,18549.870000000003
2300606,01,Cariri,2018,4,7875.0
2300804,01,Cariri,2018,4,124953.16
2301307,01,Cariri,2018,4,690914.0050000001
2301604,01,Cariri,2018,4,345130.1649999999
2301901,01,Cariri,2018,4,751051.45
2302008,01,Cariri,2018,4,21422.625
2302503,01,Cariri,2018,4,101249.815
2302701,01,Cariri,2018,4,203635.19
2303204,01,Cariri,2018,4,224471.96000000002
2304202,01,Cariri,2018,4,1049353.0899999999
2304806,01,Cariri,2018,4,4309.985000000015
2307106,01,Cariri,2018,4,90623.32
2307205,01,Cariri,2018,4,75348.825
2307304,01,Cariri,2018,4,2712149.2199999997
2307502,01,Cariri,2018,4,2007943.27
2308104,01,Cariri,2018,4,241100.70500000002
2308302,01,Cariri,2018,4,70626.695
2308401,01,Cariri,2018,4,1502697.3849999998
2310605,01,Cariri,2018,4,0.0
2311108,01,Cariri,2018,4,2254.5
2311959,01,Cariri,2018,4,158673.995
2312106,01,Cariri,2018,4,49416.235
2313252,01,Cariri,2018,4,49777.235
2314003,01,Cariri,2018,4,1425923.62
2300309,02,Centro Sul,2018,4,319305.81000000006
2301802,02,Centro Sul,2018,4,8069.0
2303600,02,Centro Sul,2018,4,261610.33499999996
2303808,02,Centro Sul,2018,4,228889.865
2305407,02,Centro Sul,2018,4,267959.755
2305506,02,Centro Sul,2018,4,418886.85
2305704,02,Centro Sul,2018,4,10201.985
2307403,02,Centro Sul,2018,4,269406.645
2311355,02,Centro Sul,2018,4,206131.50999999998
2311900,02,Centro Sul,2018,4,44634.795000000006
2313708,02,Centro Sul,2018,4,0.0
2301000,03,Grande Fortaleza,2018,4,1146325.4249999998
2303501,03,Grande Fortaleza,2018,4,295535.64499999996
2303709,03,Grande Fortaleza,2018,4,1814547.605
2303956,03,Grande Fortaleza,2018,4,276484.7649999999
2304285,03,Grande Fortaleza,2018,4,376984.83499999996
2304400,03,Grande Fortaleza,2018,4,40419234.04000001
2304954,03,Grande Fortaleza,2018,4,323100.19500000007
2305233,03,Grande Fortaleza,2018,4,991891.8549999999
2306256,03,Grande Fortaleza,2018,4,244514.59999999998
2307650,03,Grande Fortaleza,2018,4,5467613.34
2307700,03,Grande Fortaleza,2018,4,923851.7599999999
2309607,03,Grande Fortaleza,2018,4,1004158.7950000002
2309706,03,Grande Fortaleza,2018,4,1505498.4449999998
2310209,03,Grande Fortaleza,2018,4,826416.3700000001
2310258,03,Grande Fortaleza,2018,4,334740.25
2310852,03,Grande Fortaleza,2018,4,124606.99500000005
2312403,03,Grande Fortaleza,2018,4,3896.0
2313500,03,Grande Fortaleza,2018,4,436811.98
2301109,04,Litoral Leste,2018,4,4543015.675
2302206,04,Litoral Leste,2018,4,145930.2
2304459,04,Litoral Leste,2018,4,276206.73
2305357,04,Litoral Leste,2018,4,146486.745
2306207,04,Litoral Leste,2018,4,111841.29999999999
2307007,04,Litoral Leste,2018,4,70173.13500000001
2300200,05,Litoral Norte,2018,4,119397.735
2302057,05,Litoral Norte,2018,4,439767.335
2302305,05,Litoral Norte,2018,4,23172.485
2302602,05,Litoral Norte,2018,4,4776329.15
2303907,05,Litoral Norte,2018,4,27657.699999999997
2304251,05,Litoral Norte,2018,4,348508.53
2304707,05,Litoral Norte,2018,4,1406332.895
2306553,05,Litoral Norte,2018,4,596921.115
2307254,05,Litoral Norte,2018,4,1548096.905
2307908,05,Litoral Norte,2018,4,159612.71000000002
2308906,05,Litoral Norte,2018,4,141972.68
2313906,05,Litoral Norte,2018,4,79766.51000000001
2300754,06,Litoral Oeste / Vale do Curu,2018,4,308715.09500000003
2300903,06,Litoral Oeste / Vale do Curu,2018,4,245563.96999999997
2304608,06,Litoral Oeste / Vale do Curu,2018,4,236017.375
2306108,06,Litoral Oeste / Vale do Curu,2018,4,555731.43
2306306,06,Litoral Oeste / Vale do Curu,2018,4,223946.315
2306405,06,Litoral Oeste / Vale do Curu,2018,4,571426.8850000001
2308377,06,Litoral Oeste / Vale do Curu,2018,4,331901.08999999997
2310704,06,Litoral Oeste / Vale do Curu,2018,4,665823.6
2313351,06,Litoral Oeste / Vale do Curu,2018,4,570205.5199999999
2313559,06,Litoral Oeste / Vale do Curu,2018,4,144344.175
2313757,06,Litoral Oeste / Vale do Curu,2018,4,397393.49
2313807,06,Litoral Oeste / Vale do Curu,2018,4,259341.90999999997
2300150,07,Maciço do Baturité,2018,4,13020.174999999988
2301208,07,Maciço do Baturité,2018,4,456544.71
2301406,07,Maciço do Baturité,2018,4,213690.38999999996
2302107,07,Maciço do Baturité,2018,4,136606.38499999998
2302909,07,Maciço do Baturité,2018,4,145242.77
2305100,07,Maciço do Baturité,2018,4,12348.050000000003
2306504,07,Maciço do Baturité,2018,4,128366.04000000001
2309102,07,Maciço do Baturité,2018,4,112837.5
2309458,07,Maciço do Baturité,2018,4,295127.18000000005
2309805,07,Maciço do Baturité,2018,4,36449.57499999995
2310100,07,Maciço do Baturité,2018,4,10666.5
2311603,07,Maciço do Baturité,2018,4,1190.0
2303402,08,Serra da Ibiapaba,2018,4,448567.525
2304236,08,Serra da Ibiapaba,2018,4,444625.44999999995
2305001,08,Serra da Ibiapaba,2018,4,1296870.815
2305803,08,Serra da Ibiapaba,2018,4,229852.19499999995
2312304,08,Serra da Ibiapaba,2018,4,481706.86
2313401,08,Serra da Ibiapaba,2018,4,869511.32
2313609,08,Serra da Ibiapaba,2018,4,1233585.465
2314102,08,Serra da Ibiapaba,2018,4,742791.07
2301851,09,Sertão Central,2018,4,176298.865
2303931,09,Sertão Central,2018,4,130210.055
2304269,09,Sertão Central,2018,4,140477.125
2305266,09,Sertão Central,2018,4,61728.96000000001
2305332,09,Sertão Central,2018,4,2907.5
2308500,09,Sertão Central,2018,4,1059164.535
2310902,09,Sertão Central,2018,4,347184.16000000003
2311306,09,Sertão Central,2018,4,231560.89
2311405,09,Sertão Central,2018,4,2812977.345
2312700,09,Sertão Central,2018,4,133888.82
2313005,09,Sertão Central,2018,4,765346.495
2302404,10,Sertão de Canindé,2018,4,117800.305
2302800,10,Sertão de Canindé,2018,4,229734.375
2303006,10,Sertão de Canindé,2018,4,129193.215
2307635,10,Sertão de Canindé,2018,4,166431.895
2310407,10,Sertão de Canindé,2018,4,22021.454999999987
2300507,11,Sertão de Sobral,2018,4,76175.38
2303105,11,Sertão de Sobral,2018,4,287141.74
2304004,11,Sertão de Sobral,2018,4,767635.4749999999
2304509,11,Sertão de Sobral,2018,4,201541.66999999998
2304657,11,Sertão de Sobral,2018,4,123611.53000000003
2308203,11,Sertão de Sobral,2018,4,36223.92000000001
2308807,11,Sertão de Sobral,2018,4,5463.499999999998
2309904,11,Sertão de Sobral,2018,4,6237.9
2310951,11,Sertão de Sobral,2018,4,394308.485
2311702,11,Sertão de Sobral,2018,4,78678.16000000003
2312007,11,Sertão de Sobral,2018,4,159566.43
2312908,11,Sertão de Sobral,2018,4,4551434.41
2303659,12,Sertão dos Crateús,2018,4,0.0
2304103,12,Sertão dos Crateús,2018,4,675608.9400000001
2305209,12,Sertão dos Crateús,2018,4,268892.325
2305605,12,Sertão dos Crateús,2018,4,4110.0
2305902,12,Sertão dos Crateús,2018,4,394976.75
2308609,12,Sertão dos Crateús,2018,4,45174.90500000003
2309300,12,Sertão dos Crateús,2018,4,447995.42000000004
2309409,12,Sertão dos Crateús,2018,4,208798.90000000002
2311009,12,Sertão dos Crateús,2018,4,137743.285
2312205,12,Sertão dos Crateús,2018,4,95007.44
2300408,13,Sertão dos Inhamuns,2018,4,282472.965
2301505,13,Sertão dos Inhamuns,2018,4,128735.32
2311264,13,Sertão dos Inhamuns,2018,4,101379.26
2313302,13,Sertão dos Inhamuns,2018,4,337839.7050000001
2300705,14,Vale do Jaguaribe,2018,4,174112.34000000003
2304277,14,Vale do Jaguaribe,2018,4,15646.45
2306009,14,Vale do Jaguaribe,2018,4,1180148.5750000002
2306702,14,Vale do Jaguaribe,2018,4,610571.9800000001
2306801,14,Vale do Jaguaribe,2018,4,304717.27
2307601,14,Vale do Jaguaribe,2018,4,345855.82499999995
2308708,14,Vale do Jaguaribe,2018,4,515308.74
2310001,14,Vale do Jaguaribe,2018,4,60175.030000000006
2311231,14,Vale do Jaguaribe,2018,4,225131.10499999998
2311801,14,Vale do Jaguaribe,2018,4,959629.9499999997
2312502,14,Vale do Jaguaribe,2018,4,4439.625
2313104,14,Vale do Jaguaribe,2018,4,110951.535
2300101,01,Cariri,2018,5,178515.37
2300606,01,Cariri,2018,5,114003.34
2300804,01,Cariri,2018,5,2203.5
2301307,01,Cariri,2018,5,775519.8399999999
2301604,01,Cariri,2018,5,52201.7350000001
2301901,01,Cariri,2018,5,631748.4450000001
2302008,01,Cariri,2018,5,40750.66
2302503,01,Cariri,2018,5,4657525.699999999
2302701,01,Cariri,2018,5,2466109.9899999998
2303204,01,Cariri,2018,5,909083.755
2304202,01,Cariri,2018,5,681969.0050000001
2304806,01,Cariri,2018,5,250231.805
2307106,01,Cariri,2018,5,256063.375
2307205,01,Cariri,2018,5,284661.52499999997
2307304,01,Cariri,2018,5,2637251.615
2307502,01,Cariri,2018,5,4242081.359999999
2308104,01,Cariri,2018,5,468019.31000000006
2308302,01,Cariri,2018,5,267839.93000000005
2308401,01,Cariri,2018,5,1497483.7199999997
2310605,01,Cariri,2018,5,0.0
2311108,01,Cariri,2018,5,1386133.275
2311959,01,Cariri,2018,5,307587.955
2312106,01,Cariri,2018,5,2608.5
2313252,01,Cariri,2018,5,52888.425
2314003,01,Cariri,2018,5,521248.19999999995
2300309,02,Centro Sul,2018,5,631481.8699999999
2301802,02,Centro Sul,2018,5,305888.685
2303600,02,Centro Sul,2018,5,484796.66500000004
2303808,02,Centro Sul,2018,5,534013.75
2305407,02,Centro Sul,2018,5,181861.21500000003
2305506,02,Centro Sul,2018,5,1560834.3750000002
2305704,02,Centro Sul,2018,5,54612.8
2307403,02,Centro Sul,2018,5,667363.7150000001
2311355,02,Centro Sul,2018,5,159506.54000000004
2311900,02,Centro Sul,2018,5,43559.31499999999
2313708,02,Centro Sul,2018,5,0.0
2301000,03,Grande Fortaleza,2018,5,869394.73
2303501,03,Grande Fortaleza,2018,5,209684.78000000003
2303709,03,Grande Fortaleza,2018,5,3519466.99
2303956,03,Grande Fortaleza,2018,5,767868.3849999998
2304285,03,Grande Fortaleza,2018,5,230391.1000000001
2304400,03,Grande Fortaleza,2018,5,40069132.8
2304954,03,Grande Fortaleza,2018,5,181580.0149999999
2305233,03,Grande Fortaleza,2018,5,328945.92999999993
2306256,03,Grande Fortaleza,2018,5,240973.72500000003
2307650,03,Grande Fortaleza,2018,5,6181160.8100000005
2307700,03,Grande Fortaleza,2018,5,2212853.2800000003
2309607,03,Grande Fortaleza,2018,5,650609.4549999998
2309706,03,Grande Fortaleza,2018,5,1138131.2199999997
2310209,03,Grande Fortaleza,2018,5,362432.865
2310258,03,Grande Fortaleza,2018,5,363757.93000000005
2310852,03,Grande Fortaleza,2018,5,130200.06999999995
2312403,03,Grande Fortaleza,2018,5,5334.0
2312601,03,Grande Fortaleza,2018,5,1460.0
2313500,03,Grande Fortaleza,2018,5,648528.78
2301109,04,Litoral Leste,2018,5,2967028.9700000007
2302206,04,Litoral Leste,2018,5,128228.94
2304459,04,Litoral Leste,2018,5,609431.38
2305357,04,Litoral Leste,2018,5,543719.64
2306207,04,Litoral Leste,2018,5,604944.47
2307007,04,Litoral Leste,2018,5,7648.759999999995
2300200,05,Litoral Norte,2018,5,272805.665
2302057,05,Litoral Norte,2018,5,128284.06999999995
2302305,05,Litoral Norte,2018,5,48801.95
2302602,05,Litoral Norte,2018,5,4632830.419999999
2303907,05,Litoral Norte,2018,5,0.0
2304251,05,Litoral Norte,2018,5,468138.70499999996
2304707,05,Litoral Norte,2018,5,1207323.73
2306553,05,Litoral Norte,2018,5,1165201.7550000001
2307254,05,Litoral Norte,2018,5,2074814.6400000001
2307908,05,Litoral Norte,2018,5,17357.339999999967
2308906,05,Litoral Norte,2018,5,188329.21500000003
2313906,05,Litoral Norte,2018,5,307171.69999999995
2300754,06,Litoral Oeste / Vale do Curu,2018,5,448549.3350000001
2300903,06,Litoral Oeste / Vale do Curu,2018,5,25328.300000000047
2304608,06,Litoral Oeste / Vale do Curu,2018,5,121607.68
2306108,06,Litoral Oeste / Vale do Curu,2018,5,742348.2949999999
2306306,06,Litoral Oeste / Vale do Curu,2018,5,356017.42500000005
2306405,06,Litoral Oeste / Vale do Curu,2018,5,1933617.81
2308377,06,Litoral Oeste / Vale do Curu,2018,5,103343.48999999999
2310704,06,Litoral Oeste / Vale do Curu,2018,5,999280.4149999999
2313351,06,Litoral Oeste / Vale do Curu,2018,5,358313.9650000001
2313559,06,Litoral Oeste / Vale do Curu,2018,5,177971.29000000004
2313757,06,Litoral Oeste / Vale do Curu,2018,5,995330.205
2313807,06,Litoral Oeste / Vale do Curu,2018,5,463980.42500000005
2300150,07,Maciço do Baturité,2018,5,121829.92500000002
2301208,07,Maciço do Baturité,2018,5,329956.875
2301406,07,Maciço do Baturité,2018,5,21755.70000000001
2302107,07,Maciço do Baturité,2018,5,245025.23
2302909,07,Maciço do Baturité,2018,5,176900.71500000003
2305100,07,Maciço do Baturité,2018,5,18719.399999999994
2306504,07,Maciço do Baturité,2018,5,228942.095
2309102,07,Maciço do Baturité,2018,5,46362.66499999998
2309458,07,Maciço do Baturité,2018,5,181638.53000000003
2309805,07,Maciço do Baturité,2018,5,102731.90500000003
2310100,07,Maciço do Baturité,2018,5,196994.96000000002
2311603,07,Maciço do Baturité,2018,5,259413.54499999998
2303402,08,Serra da Ibiapaba,2018,5,345408.85000000003
2304236,08,Serra da Ibiapaba,2018,5,533679.125
2305001,08,Serra da Ibiapaba,2018,5,900559.2549999999
2305803,08,Serra da Ibiapaba,2018,5,539361.48
2312304,08,Serra da Ibiapaba,2018,5,404637.73499999987
2313401,08,Serra da Ibiapaba,2018,5,384296.7450000001
2313609,08,Serra da Ibiapaba,2018,5,87715.75
2314102,08,Serra da Ibiapaba,2018,5,1369866.5050000001
2301851,09,Sertão Central,2018,5,145228.08500000002
2303931,09,Sertão Central,2018,5,110650.0
2304269,09,Sertão Central,2018,5,63635.31
2305266,09,Sertão Central,2018,5,41711.115000000005
2305332,09,Sertão Central,2018,5,1199293.56
2308500,09,Sertão Central,2018,5,1294288.245
2310902,09,Sertão Central,2018,5,263585.06999999995
2311306,09,Sertão Central,2018,5,659993.8949999999
2311405,09,Sertão Central,2018,5,1103897.0350000001
2312700,09,Sertão Central,2018,5,398885.34
2313005,09,Sertão Central,2018,5,594502.3999999999
2302404,10,Sertão de Canindé,2018,5,922388.6099999999
2302800,10,Sertão de Canindé,2018,5,195852.51999999996
2303006,10,Sertão de Canindé,2018,5,43500.07999999999
2307635,10,Sertão de Canindé,2018,5,237843.46999999997
2310407,10,Sertão de Canindé,2018,5,28698.99000000002
2300507,11,Sertão de Sobral,2018,5,161414.735
2303105,11,Sertão de Sobral,2018,5,1320159.92
2304004,11,Sertão de Sobral,2018,5,426011.2350000001
2304509,11,Sertão de Sobral,2018,5,271345.5850000001
2304657,11,Sertão de Sobral,2018,5,2137008.0700000003
2308203,11,Sertão de Sobral,2018,5,320524.35500000004
2308807,11,Sertão de Sobral,2018,5,1134878.105
2309904,11,Sertão de Sobral,2018,5,67958.48000000001
2310951,11,Sertão de Sobral,2018,5,289158.14
2311702,11,Sertão de Sobral,2018,5,644558.3150000001
2312007,11,Sertão de Sobral,2018,5,233595.27500000002
2312908,11,Sertão de Sobral,2018,5,5479508.575
2303659,12,Sertão dos Crateús,2018,5,0.0
2304103,12,Sertão dos Crateús,2018,5,417938.82499999995
2305209,12,Sertão dos Crateús,2018,5,239121.65999999997
2305605,12,Sertão dos Crateús,2018,5,62151.44
2305902,12,Sertão dos Crateús,2018,5,417482.97
2308609,12,Sertão dos Crateús,2018,5,106711.51499999996
2309300,12,Sertão dos Crateús,2018,5,88356.73999999999
2309409,12,Sertão dos Crateús,2018,5,992412.825
2311009,12,Sertão dos Crateús,2018,5,66715.625
2312205,12,Sertão dos Crateús,2018,5,311656.995
2300408,13,Sertão dos Inhamuns,2018,5,179521.48500000004
2301505,13,Sertão dos Inhamuns,2018,5,421195.39999999997
2311264,13,Sertão dos Inhamuns,2018,5,451701.4
2313302,13,Sertão dos Inhamuns,2018,5,1822502.7399999998
2300705,14,Vale do Jaguaribe,2018,5,584061.24
2304277,14,Vale do Jaguaribe,2018,5,82150.0
2306009,14,Vale do Jaguaribe,2018,5,343483.3600000001
2306702,14,Vale do Jaguaribe,2018,5,430523.255
2306801,14,Vale do Jaguaribe,2018,5,160030.0
2307601,14,Vale do Jaguaribe,2018,5,754311.6950000001
2308708,14,Vale do Jaguaribe,2018,5,1298581.2750000001
2310001,14,Vale do Jaguaribe,2018,5,89378.175
2311231,14,Vale do Jaguaribe,2018,5,263272.625
2311801,14,Vale do Jaguaribe,2018,5,791835.2850000001
2312502,14,Vale do Jaguaribe,2018,5,24626.715
2313104,14,Vale do Jaguaribe,2018,5,192722.90999999997
2300101,01,Cariri,2018,6,178515.37
2300606,01,Cariri,2018,6,114003.34
2300804,01,Cariri,2018,6,2203.5
2301307,01,Cariri,2018,6,775519.8399999999
2301604,01,Cariri,2018,6,52201.7350000001
2301901,01,Cariri,2018,6,631748.4450000001
2302008,01,Cariri,2018,6,40750.66
2302503,01,Cariri,2018,6,4657525.699999999
2302701,01,Cariri,2018,6,2466109.9899999998
2303204,01,Cariri,2018,6,909083.755
2304202,01,Cariri,2018,6,681969.0050000001
2304806,01,Cariri,2018,6,250231.805
2307106,01,Cariri,2018,6,256063.375
2307205,01,Cariri,2018,6,284661.52499999997
2307304,01,Cariri,2018,6,2637251.615
2307502,01,Cariri,2018,6,4242081.359999999
2308104,01,Cariri,2018,6,468019.31000000006
2308302,01,Cariri,2018,6,267839.93000000005
2308401,01,Cariri,2018,6,1497483.7199999997
2310605,01,Cariri,2018,6,0.0
2311108,01,Cariri,2018,6,1386133.275
2311959,01,Cariri,2018,6,307587.955
2312106,01,Cariri,2018,6,2608.5
2313252,01,Cariri,2018,6,52888.425
2314003,01,Cariri,2018,6,521248.19999999995
2300309,02,Centro Sul,2018,6,631481.8699999999
2301802,02,Centro Sul,2018,6,305888.685
2303600,02,Centro Sul,2018,6,484796.66500000004
2303808,02,Centro Sul,2018,6,534013.75
2305407,02,Centro Sul,2018,6,181861.21500000003
2305506,02,Centro Sul,2018,6,1560834.3750000002
2305704,02,Centro Sul,2018,6,54612.8
2307403,02,Centro Sul,2018,6,667363.7150000001
2311355,02,Centro Sul,2018,6,159506.54000000004
2311900,02,Centro Sul,2018,6,43559.31499999999
2313708,02,Centro Sul,2018,6,0.0
2301000,03,Grande Fortaleza,2018,6,869394.73
2303501,03,Grande Fortaleza,2018,6,209684.78000000003
2303709,03,Grande Fortaleza,2018,6,3519466.99
2303956,03,Grande Fortaleza,2018,6,767868.3849999998
2304285,03,Grande Fortaleza,2018,6,230391.1000000001
2304400,03,Grande Fortaleza,2018,6,40069132.8
2304954,03,Grande Fortaleza,2018,6,181580.0149999999
2305233,03,Grande Fortaleza,2018,6,328945.92999999993
2306256,03,Grande Fortaleza,2018,6,240973.72500000003
2307650,03,Grande Fortaleza,2018,6,6181160.8100000005
2307700,03,Grande Fortaleza,2018,6,2212853.2800000003
2309607,03,Grande Fortaleza,2018,6,650609.4549999998
2309706,03,Grande Fortaleza,2018,6,1138131.2199999997
2310209,03,Grande Fortaleza,2018,6,362432.865
2310258,03,Grande Fortaleza,2018,6,363757.93000000005
2310852,03,Grande Fortaleza,2018,6,130200.06999999995
2312403,03,Grande Fortaleza,2018,6,5334.0
2312601,03,Grande Fortaleza,2018,6,1460.0
2313500,03,Grande Fortaleza,2018,6,648528.78
2301109,04,Litoral Leste,2018,6,2967028.9700000007
2302206,04,Litoral Leste,2018,6,128228.94
2304459,04,Litoral Leste,2018,6,609431.38
2305357,04,Litoral Leste,2018,6,543719.64
2306207,04,Litoral Leste,2018,6,604944.47
2307007,04,Litoral Leste,2018,6,7648.759999999995
2300200,05,Litoral Norte,2018,6,272805.665
2302057,05,Litoral Norte,2018,6,128284.06999999995
2302305,05,Litoral Norte,2018,6,48801.95
2302602,05,Litoral Norte,2018,6,4632830.419999999
2303907,05,Litoral Norte,2018,6,0.0
2304251,05,Litoral Norte,2018,6,468138.70499999996
2304707,05,Litoral Norte,2018,6,1207323.73
2306553,05,Litoral Norte,2018,6,1165201.7550000001
2307254,05,Litoral Norte,2018,6,2074814.6400000001
2307908,05,Litoral Norte,2018,6,17357.339999999967
2308906,05,Litoral Norte,2018,6,188329.21500000003
2313906,05,Litoral Norte,2018,6,307171.69999999995
2300754,06,Litoral Oeste / Vale do Curu,2018,6,448549.3350000001
2300903,06,Litoral Oeste / Vale do Curu,2018,6,25328.300000000047
2304608,06,Litoral Oeste / Vale do Curu,2018,6,121607.68
2306108,06,Litoral Oeste / Vale do Curu,2018,6,742348.2949999999
2306306,06,Litoral Oeste / Vale do Curu,2018,6,356017.42500000005
2306405,06,Litoral Oeste / Vale do Curu,2018,6,1933617.81
2308377,06,Litoral Oeste / Vale do Curu,2018,6,103343.48999999999
2310704,06,Litoral Oeste / Vale do Curu,2018,6,999280.4149999999
2313351,06,Litoral Oeste / Vale do Curu,2018,6,358313.9650000001
2313559,06,Litoral Oeste / Vale do Curu,2018,6,177971.29000000004
2313757,06,Litoral Oeste / Vale do Curu,2018,6,995330.205
2313807,06,Litoral Oeste / Vale do Curu,2018,6,463980.42500000005
2300150,07,Maciço do Baturité,2018,6,121829.92500000002
2301208,07,Maciço do Baturité,2018,6,329956.875
2301406,07,Maciço do Baturité,2018,6,21755.70000000001
2302107,07,Maciço do Baturité,2018,6,245025.23
2302909,07,Maciço do Baturité,2018,6,176900.71500000003
2305100,07,Maciço do Baturité,2018,6,18719.399999999994
2306504,07,Maciço do Baturité,2018,6,228942.095
2309102,07,Maciço do Baturité,2018,6,46362.66499999998
2309458,07,Maciço do Baturité,2018,6,181638.53000000003
2309805,07,Maciço do Baturité,2018,6,102731.90500000003
2310100,07,Maciço do Baturité,2018,6,196994.96000000002
2311603,07,Maciço do Baturité,2018,6,259413.54499999998
2303402,08,Serra da Ibiapaba,2018,6,345408.85000000003
2304236,08,Serra da Ibiapaba,2018,6,533679.125
2305001,08,Serra da Ibiapaba,2018,6,900559.2549999999
2305803,08,Serra da Ibiapaba,2018,6,539361.48
2312304,08,Serra da Ibiapaba,2018,6,404637.73499999987
2313401,08,Serra da Ibiapaba,2018,6,384296.7450000001
2313609,08,Serra da Ibiapaba,2018,6,87715.75
2314102,08,Serra da Ibiapaba,2018,6,1369866.5050000001
2301851,09,Sertão Central,2018,6,145228.08500000002
2303931,09,Sertão Central,2018,6,110650.0
2304269,09,Sertão Central,2018,6,63635.31
2305266,09,Sertão Central,2018,6,41711.115000000005
2305332,09,Sertão Central,2018,6,1199293.56
2308500,09,Sertão Central,2018,6,1294288.245
2310902,09,Sertão Central,2018,6,263585.06999999995
2311306,09,Sertão Central,2018,6,659993.8949999999
2311405,09,Sertão Central,2018,6,1103897.0350000001
2312700,09,Sertão Central,2018,6,398885.34
2313005,09,Sertão Central,2018,6,594502.3999999999
2302404,10,Sertão de Canindé,2018,6,922388.6099999999
2302800,10,Sertão de Canindé,2018,6,195852.51999999996
2303006,10,Sertão de Canindé,2018,6,43500.07999999999
2307635,10,Sertão de Canindé,2018,6,237843.46999999997
2310407,10,Sertão de Canindé,2018,6,28698.99000000002
2300507,11,Sertão de Sobral,2018,6,161414.735
2303105,11,Sertão de Sobral,2018,6,1320159.92
2304004,11,Sertão de Sobral,2018,6,426011.2350000001
2304509,11,Sertão de Sobral,2018,6,271345.5850000001
2304657,11,Sertão de Sobral,2018,6,2137008.0700000003
2308203,11,Sertão de Sobral,2018,6,320524.35500000004
2308807,11,Sertão de Sobral,2018,6,1134878.105
2309904,11,Sertão de Sobral,2018,6,67958.48000000001
2310951,11,Sertão de Sobral,2018,6,289158.14
2311702,11,Sertão de Sobral,2018,6,644558.3150000001
2312007,11,Sertão de Sobral,2018,6,233595.27500000002
2312908,11,Sertão de Sobral,2018,6,5479508.575
2303659,12,Sertão dos Crateús,2018,6,0.0
2304103,12,Sertão dos Crateús,2018,6,417938.82499999995
2305209,12,Sertão dos Crateús,2018,6,239121.65999999997
2305605,12,Sertão dos Crateús,2018,6,62151.44
2305902,12,Sertão dos Crateús,2018,6,417482.97
2308609,12,Sertão dos Crateús,2018,6,106711.51499999996
2309300,12,Sertão dos Crateús,2018,6,88356.73999999999
2309409,12,Sertão dos Crateús,2018,6,992412.825
2311009,12,Sertão dos Crateús,2018,6,66715.625
2312205,12,Sertão dos Crateús,2018,6,311656.995
2300408,13,Sertão dos Inhamuns,2018,6,179521.48500000004
2301505,13,Sertão dos Inhamuns,2018,6,421195.39999999997
2311264,13,Sertão dos Inhamuns,2018,6,451701.4
2313302,13,Sertão dos Inhamuns,2018,6,1822502.7399999998
2300705,14,Vale do Jaguaribe,2018,6,584061.24
2304277,14,Vale do Jaguaribe,2018,6,82150.0
2306009,14,Vale do Jaguaribe,2018,6,343483.3600000001
2306702,14,Vale do Jaguaribe,2018,6,430523.255
2306801,14,Vale do Jaguaribe,2018,6,160030.0
2307601,14,Vale do Jaguaribe,2018,6,754311.6950000001
2308708,14,Vale do Jaguaribe,2018,6,1298581.2750000001
2310001,14,Vale do Jaguaribe,2018,6,89378.175
2311231,14,Vale do Jaguaribe,2018,6,263272.625
2311801,14,Vale do Jaguaribe,2018,6,791835.2850000001
2312502,14,Vale do Jaguaribe,2018,6,24626.715
2313104,14,Vale do Jaguaribe,2018,6,192722.90999999997
2300101,01,Cariri,2018,7,125587.76499999998
2300606,01,Cariri,2018,7,225753.15
2300804,01,Cariri,2018,7,59364.619999999995
2301307,01,Cariri,2018,7,1252002.1
2301604,01,Cariri,2018,7,460107.365
2301901,01,Cariri,2018,7,1346729.655
2302008,01,Cariri,2018,7,90591.72
2302503,01,Cariri,2018,7,21487.84500000067
2302701,01,Cariri,2018,7,1084211.0300000003
2303204,01,Cariri,2018,7,411280.9949999999
2304202,01,Cariri,2018,7,1957546.1899999997
2304806,01,Cariri,2018,7,432521.48
2307106,01,Cariri,2018,7,91233.03000000003
2307205,01,Cariri,2018,7,12767.930000000051
2307304,01,Cariri,2018,7,4289468.970000001
2307502,01,Cariri,2018,7,3373188.4799999995
2308104,01,Cariri,2018,7,439079.27
2308302,01,Cariri,2018,7,147090.505
2308401,01,Cariri,2018,7,0.0
2310605,01,Cariri,2018,7,493625.955
2311108,01,Cariri,2018,7,213421.64500000002
2311959,01,Cariri,2018,7,609342.4650000001
2312106,01,Cariri,2018,7,2665.8499999999985
2313252,01,Cariri,2018,7,6296.4100000000035
2314003,01,Cariri,2018,7,270566.8849999998
2300309,02,Centro Sul,2018,7,817804.6550000003
2301802,02,Centro Sul,2018,7,544905.0650000001
2303600,02,Centro Sul,2018,7,513001.1000000001
2303808,02,Centro Sul,2018,7,307782.7749999999
2305407,02,Centro Sul,2018,7,701157.235
2305506,02,Centro Sul,2018,7,745808.375
2305704,02,Centro Sul,2018,7,224533.725
2307403,02,Centro Sul,2018,7,345126.98499999987
2311355,02,Centro Sul,2018,7,274454.78
2311900,02,Centro Sul,2018,7,451352.82999999996
2313708,02,Centro Sul,2018,7,6276.3
2301000,03,Grande Fortaleza,2018,7,3617592.47
2303501,03,Grande Fortaleza,2018,7,1249919.23
2303709,03,Grande Fortaleza,2018,7,1493360.1500000004
2303956,03,Grande Fortaleza,2018,7,816770.5700000003
2304285,03,Grande Fortaleza,2018,7,622463.6100000001
2304400,03,Grande Fortaleza,2018,7,44734794.215
2304954,03,Grande Fortaleza,2018,7,335199.9750000001
2305233,03,Grande Fortaleza,2018,7,602617.5150000001
2306256,03,Grande Fortaleza,2018,7,486662.5399999999
2307650,03,Grande Fortaleza,2018,7,5112051.699999999
2307700,03,Grande Fortaleza,2018,7,0.0
2309607,03,Grande Fortaleza,2018,7,1364997.04
2309706,03,Grande Fortaleza,2018,7,716076.0100000007
2310209,03,Grande Fortaleza,2018,7,622134.435
2310258,03,Grande Fortaleza,2018,7,471742.885
2310852,03,Grande Fortaleza,2018,7,63241.33499999996
2312403,03,Grande Fortaleza,2018,7,8894.0
2312601,03,Grande Fortaleza,2018,7,0.0
2313500,03,Grande Fortaleza,2018,7,343419.71499999985
2301109,04,Litoral Leste,2018,7,3402159.4749999996
2302206,04,Litoral Leste,2018,7,28263.17499999999
2304459,04,Litoral Leste,2018,7,1388617.8949999998
2305357,04,Litoral Leste,2018,7,413001.08499999996
2306207,04,Litoral Leste,2018,7,71219.56500000006
2307007,04,Litoral Leste,2018,7,13728.575000000012
2300200,05,Litoral Norte,2018,7,859587.94
2302057,05,Litoral Norte,2018,7,138809.09499999997
2302305,05,Litoral Norte,2018,7,400578.165
2302602,05,Litoral Norte,2018,7,3415571.3850000016
2303907,05,Litoral Norte,2018,7,109858.37999999999
2304251,05,Litoral Norte,2018,7,133872.15500000003
2304707,05,Litoral Norte,2018,7,1114643.995
2306553,05,Litoral Norte,2018,7,1607971.2650000001
2307254,05,Litoral Norte,2018,7,398694.4799999995
2307908,05,Litoral Norte,2018,7,221363.06500000006
2308906,05,Litoral Norte,2018,7,1326275.2149999999
2313906,05,Litoral Norte,2018,7,106555.63
2300754,06,Litoral Oeste / Vale do Curu,2018,7,194167.67999999993
2300903,06,Litoral Oeste / Vale do Curu,2018,7,478652.57499999995
2304608,06,Litoral Oeste / Vale do Curu,2018,7,8412.5
2306108,06,Litoral Oeste / Vale do Curu,2018,7,913210.0549999999
2306306,06,Litoral Oeste / Vale do Curu,2018,7,515713.4149999999
2306405,06,Litoral Oeste / Vale do Curu,2018,7,1335733.6149999998
2308377,06,Litoral Oeste / Vale do Curu,2018,7,381401.05
2310704,06,Litoral Oeste / Vale do Curu,2018,7,793642.3900000001
2313351,06,Litoral Oeste / Vale do Curu,2018,7,847199.0250000001
2313559,06,Litoral Oeste / Vale do Curu,2018,7,9184.724999999977
2313757,06,Litoral Oeste / Vale do Curu,2018,7,0.0
2313807,06,Litoral Oeste / Vale do Curu,2018,7,369118.405
2300150,07,Maciço do Baturité,2018,7,232634.795
2301208,07,Maciço do Baturité,2018,7,602099.1100000001
2301406,07,Maciço do Baturité,2018,7,134052.33500000002
2302107,07,Maciço do Baturité,2018,7,347472.325
2302909,07,Maciço do Baturité,2018,7,101552.53999999998
2305100,07,Maciço do Baturité,2018,7,216854.35
2306504,07,Maciço do Baturité,2018,7,387792.235
2309102,07,Maciço do Baturité,2018,7,112205.54500000004
2309458,07,Maciço do Baturité,2018,7,499615.2699999999
2309805,07,Maciço do Baturité,2018,7,389584.60500000004
2310100,07,Maciço do Baturité,2018,7,177590.21000000002
2311603,07,Maciço do Baturité,2018,7,473237.51499999996
2303402,08,Serra da Ibiapaba,2018,7,380685.44000000006
2304236,08,Serra da Ibiapaba,2018,7,456782.385
2305001,08,Serra da Ibiapaba,2018,7,730948.2150000003
2305803,08,Serra da Ibiapaba,2018,7,1095694.0650000002
2312304,08,Serra da Ibiapaba,2018,7,1539963.5750000002
2313401,08,Serra da Ibiapaba,2018,7,252537.65999999992
2313609,08,Serra da Ibiapaba,2018,7,342892.5349999999
2314102,08,Serra da Ibiapaba,2018,7,964148.1999999997
2301851,09,Sertão Central,2018,7,201624.07999999996
2303931,09,Sertão Central,2018,7,114263.00000000003
2304269,09,Sertão Central,2018,7,731013.425
2305266,09,Sertão Central,2018,7,46181.98999999999
2305332,09,Sertão Central,2018,7,52815.1100000001
2308500,09,Sertão Central,2018,7,1795007.3499999996
2310902,09,Sertão Central,2018,7,337507.23
2311306,09,Sertão Central,2018,7,298258.3500000001
2311405,09,Sertão Central,2018,7,1262335.2249999996
2312700,09,Sertão Central,2018,7,336177.35
2313005,09,Sertão Central,2018,7,1130191.7550000001
2302404,10,Sertão de Canindé,2018,7,938248.665
2302800,10,Sertão de Canindé,2018,7,234551.79000000004
2303006,10,Sertão de Canindé,2018,7,162507.85000000003
2307635,10,Sertão de Canindé,2018,7,900657.7600000001
2310407,10,Sertão de Canindé,2018,7,23255.5
2300507,11,Sertão de Sobral,2018,7,263886.135
2303105,11,Sertão de Sobral,2018,7,976138.2350000003
2304004,11,Sertão de Sobral,2018,7,962637.01
2304509,11,Sertão de Sobral,2018,7,0.0
2304657,11,Sertão de Sobral,2018,7,0.0
2308203,11,Sertão de Sobral,2018,7,275397.56999999995
2308807,11,Sertão de Sobral,2018,7,172133.42999999993
2309904,11,Sertão de Sobral,2018,7,168905.715
2310951,11,Sertão de Sobral,2018,7,542287.5150000001
2311702,11,Sertão de Sobral,2018,7,427494.5249999999
2312007,11,Sertão de Sobral,2018,7,79913.34999999998
2312908,11,Sertão de Sobral,2018,7,7993692.804999998
2303659,12,Sertão dos Crateús,2018,7,75550.0
2304103,12,Sertão dos Crateús,2018,7,391392.75
2305209,12,Sertão dos Crateús,2018,7,309305.035
2305605,12,Sertão dos Crateús,2018,7,37679.67999999999
2305902,12,Sertão dos Crateús,2018,7,190611.91500000004
2308609,12,Sertão dos Crateús,2018,7,137167.39500000008
2309300,12,Sertão dos Crateús,2018,7,196777.625
2309409,12,Sertão dos Crateús,2018,7,1083851.85
2311009,12,Sertão dos Crateús,2018,7,156289.02000000002
2312205,12,Sertão dos Crateús,2018,7,216689.39500000002
2300408,13,Sertão dos Inhamuns,2018,7,196945.83999999997
2301505,13,Sertão dos Inhamuns,2018,7,360443.495
2311264,13,Sertão dos Inhamuns,2018,7,254996.495
2313302,13,Sertão dos Inhamuns,2018,7,1800703.0350000001
2300705,14,Vale do Jaguaribe,2018,7,270318.44999999995
2304277,14,Vale do Jaguaribe,2018,7,391031.875
2306009,14,Vale do Jaguaribe,2018,7,642915.7899999996
2306702,14,Vale do Jaguaribe,2018,7,585552.365
2306801,14,Vale do Jaguaribe,2018,7,351172.75499999995
2307601,14,Vale do Jaguaribe,2018,7,657323.8999999999
2308708,14,Vale do Jaguaribe,2018,7,740467.935
2310001,14,Vale do Jaguaribe,2018,7,479.94999999998254
2311231,14,Vale do Jaguaribe,2018,7,1250115.565
2311801,14,Vale do Jaguaribe,2018,7,1213961.19
2312502,14,Vale do Jaguaribe,2018,7,291740.665
2313104,14,Vale do Jaguaribe,2018,7,424994.51000000007
2300101,01,Cariri,2018,8,125587.76499999998
2300606,01,Cariri,2018,8,225753.15
2300804,01,Cariri,2018,8,59364.619999999995
2301307,01,Cariri,2018,8,1252002.1
2301604,01,Cariri,2018,8,460107.365
2301901,01,Cariri,2018,8,1346729.655
2302008,01,Cariri,2018,8,90591.72
2302503,01,Cariri,2018,8,21487.84500000067
2302701,01,Cariri,2018,8,1084211.0300000003
2303204,01,Cariri,2018,8,411280.9949999999
2304202,01,Cariri,2018,8,1957546.1899999997
2304806,01,Cariri,2018,8,432521.48
2307106,01,Cariri,2018,8,91233.03000000003
2307205,01,Cariri,2018,8,12767.930000000051
2307304,01,Cariri,2018,8,4289468.970000001
2307502,01,Cariri,2018,8,3373188.4799999995
2308104,01,Cariri,2018,8,439079.27
2308302,01,Cariri,2018,8,147090.505
2308401,01,Cariri,2018,8,0.0
2310605,01,Cariri,2018,8,493625.955
2311108,01,Cariri,2018,8,213421.64500000002
2311959,01,Cariri,2018,8,609342.4650000001
2312106,01,Cariri,2018,8,2665.8499999999985
2313252,01,Cariri,2018,8,6296.4100000000035
2314003,01,Cariri,2018,8,270566.8849999998
2300309,02,Centro Sul,2018,8,817804.6550000003
2301802,02,Centro Sul,2018,8,544905.0650000001
2303600,02,Centro Sul,2018,8,513001.1000000001
2303808,02,Centro Sul,2018,8,307782.7749999999
2305407,02,Centro Sul,2018,8,701157.235
2305506,02,Centro Sul,2018,8,745808.375
2305704,02,Centro Sul,2018,8,224533.725
2307403,02,Centro Sul,2018,8,345126.98499999987
2311355,02,Centro Sul,2018,8,274454.78
2311900,02,Centro Sul,2018,8,451352.82999999996
2313708,02,Centro Sul,2018,8,6276.3
2301000,03,Grande Fortaleza,2018,8,3617592.47
2303501,03,Grande Fortaleza,2018,8,1249919.23
2303709,03,Grande Fortaleza,2018,8,1493360.1500000004
2303956,03,Grande Fortaleza,2018,8,816770.5700000003
2304285,03,Grande Fortaleza,2018,8,622463.6100000001
2304400,03,Grande Fortaleza,2018,8,44734794.215
2304954,03,Grande Fortaleza,2018,8,335199.9750000001
2305233,03,Grande Fortaleza,2018,8,602617.5150000001
2306256,03,Grande Fortaleza,2018,8,486662.5399999999
2307650,03,Grande Fortaleza,2018,8,5112051.699999999
2307700,03,Grande Fortaleza,2018,8,0.0
2309607,03,Grande Fortaleza,2018,8,1364997.04
2309706,03,Grande Fortaleza,2018,8,716076.0100000007
2310209,03,Grande Fortaleza,2018,8,622134.435
2310258,03,Grande Fortaleza,2018,8,471742.885
2310852,03,Grande Fortaleza,2018,8,63241.33499999996
2312403,03,Grande Fortaleza,2018,8,8894.0
2312601,03,Grande Fortaleza,2018,8,0.0
2313500,03,Grande Fortaleza,2018,8,343419.71499999985
2301109,04,Litoral Leste,2018,8,3402159.4749999996
2302206,04,Litoral Leste,2018,8,28263.17499999999
2304459,04,Litoral Leste,2018,8,1388617.8949999998
2305357,04,Litoral Leste,2018,8,413001.08499999996
2306207,04,Litoral Leste,2018,8,71219.56500000006
2307007,04,Litoral Leste,2018,8,13728.575000000012
2300200,05,Litoral Norte,2018,8,859587.94
2302057,05,Litoral Norte,2018,8,138809.09499999997
2302305,05,Litoral Norte,2018,8,400578.165
2302602,05,Litoral Norte,2018,8,3415571.3850000016
2303907,05,Litoral Norte,2018,8,109858.37999999999
2304251,05,Litoral Norte,2018,8,133872.15500000003
2304707,05,Litoral Norte,2018,8,1114643.995
2306553,05,Litoral Norte,2018,8,1607971.2650000001
2307254,05,Litoral Norte,2018,8,398694.4799999995
2307908,05,Litoral Norte,2018,8,221363.06500000006
2308906,05,Litoral Norte,2018,8,1326275.2149999999
2313906,05,Litoral Norte,2018,8,106555.63
2300754,06,Litoral Oeste / Vale do Curu,2018,8,194167.67999999993
2300903,06,Litoral Oeste / Vale do Curu,2018,8,478652.57499999995
2304608,06,Litoral Oeste / Vale do Curu,2018,8,8412.5
2306108,06,Litoral Oeste / Vale do Curu,2018,8,913210.0549999999
2306306,06,Litoral Oeste / Vale do Curu,2018,8,515713.4149999999
2306405,06,Litoral Oeste / Vale do Curu,2018,8,1335733.6149999998
2308377,06,Litoral Oeste / Vale do Curu,2018,8,381401.05
2310704,06,Litoral Oeste / Vale do Curu,2018,8,793642.3900000001
2313351,06,Litoral Oeste / Vale do Curu,2018,8,847199.0250000001
2313559,06,Litoral Oeste / Vale do Curu,2018,8,9184.724999999977
2313757,06,Litoral Oeste / Vale do Curu,2018,8,0.0
2313807,06,Litoral Oeste / Vale do Curu,2018,8,369118.405
2300150,07,Maciço do Baturité,2018,8,232634.795
2301208,07,Maciço do Baturité,2018,8,602099.1100000001
2301406,07,Maciço do Baturité,2018,8,134052.33500000002
2302107,07,Maciço do Baturité,2018,8,347472.325
2302909,07,Maciço do Baturité,2018,8,101552.53999999998
2305100,07,Maciço do Baturité,2018,8,216854.35
2306504,07,Maciço do Baturité,2018,8,387792.235
2309102,07,Maciço do Baturité,2018,8,112205.54500000004
2309458,07,Maciço do Baturité,2018,8,499615.2699999999
2309805,07,Maciço do Baturité,2018,8,389584.60500000004
2310100,07,Maciço do Baturité,2018,8,177590.21000000002
2311603,07,Maciço do Baturité,2018,8,473237.51499999996
2303402,08,Serra da Ibiapaba,2018,8,380685.44000000006
2304236,08,Serra da Ibiapaba,2018,8,456782.385
2305001,08,Serra da Ibiapaba,2018,8,730948.2150000003
2305803,08,Serra da Ibiapaba,2018,8,1095694.0650000002
2312304,08,Serra da Ibiapaba,2018,8,1539963.5750000002
2313401,08,Serra da Ibiapaba,2018,8,252537.65999999992
2313609,08,Serra da Ibiapaba,2018,8,342892.5349999999
2314102,08,Serra da Ibiapaba,2018,8,964148.1999999997
2301851,09,Sertão Central,2018,8,201624.07999999996
2303931,09,Sertão Central,2018,8,114263.00000000003
2304269,09,Sertão Central,2018,8,731013.425
2305266,09,Sertão Central,2018,8,46181.98999999999
2305332,09,Sertão Central,2018,8,52815.1100000001
2308500,09,Sertão Central,2018,8,1795007.3499999996
2310902,09,Sertão Central,2018,8,337507.23
2311306,09,Sertão Central,2018,8,298258.3500000001
2311405,09,Sertão Central,2018,8,1262335.2249999996
2312700,09,Sertão Central,2018,8,336177.35
2313005,09,Sertão Central,2018,8,1130191.7550000001
2302404,10,Sertão de Canindé,2018,8,938248.665
2302800,10,Sertão de Canindé,2018,8,234551.79000000004
2303006,10,Sertão de Canindé,2018,8,162507.85000000003
2307635,10,Sertão de Canindé,2018,8,900657.7600000001
2310407,10,Sertão de Canindé,2018,8,23255.5
2300507,11,Sertão de Sobral,2018,8,263886.135
2303105,11,Sertão de Sobral,2018,8,976138.2350000003
2304004,11,Sertão de Sobral,2018,8,962637.01
2304509,11,Sertão de Sobral,2018,8,0.0
2304657,11,Sertão de Sobral,2018,8,0.0
2308203,11,Sertão de Sobral,2018,8,275397.56999999995
2308807,11,Sertão de Sobral,2018,8,172133.42999999993
2309904,11,Sertão de Sobral,2018,8,168905.715
2310951,11,Sertão de Sobral,2018,8,542287.5150000001
2311702,11,Sertão de Sobral,2018,8,427494.5249999999
2312007,11,Sertão de Sobral,2018,8,79913.34999999998
2312908,11,Sertão de Sobral,2018,8,7993692.804999998
2303659,12,Sertão dos Crateús,2018,8,75550.0
2304103,12,Sertão dos Crateús,2018,8,391392.75
2305209,12,Sertão dos Crateús,2018,8,309305.035
2305605,12,Sertão dos Crateús,2018,8,37679.67999999999
2305902,12,Sertão dos Crateús,2018,8,190611.91500000004
2308609,12,Sertão dos Crateús,2018,8,137167.39500000008
2309300,12,Sertão dos Crateús,2018,8,196777.625
2309409,12,Sertão dos Crateús,2018,8,1083851.85
2311009,12,Sertão dos Crateús,2018,8,156289.02000000002
2312205,12,Sertão dos Crateús,2018,8,216689.39500000002
2300408,13,Sertão dos Inhamuns,2018,8,196945.83999999997
2301505,13,Sertão dos Inhamuns,2018,8,360443.495
2311264,13,Sertão dos Inhamuns,2018,8,254996.495
2313302,13,Sertão dos Inhamuns,2018,8,1800703.0350000001
2300705,14,Vale do Jaguaribe,2018,8,270318.44999999995
2304277,14,Vale do Jaguaribe,2018,8,391031.875
2306009,14,Vale do Jaguaribe,2018,8,642915.7899999996
2306702,14,Vale do Jaguaribe,2018,8,585552.365
2306801,14,Vale do Jaguaribe,2018,8,351172.75499999995
2307601,14,Vale do Jaguaribe,2018,8,657323.8999999999
2308708,14,Vale do Jaguaribe,2018,8,740467.935
2310001,14,Vale do Jaguaribe,2018,8,479.94999999998254
2311231,14,Vale do Jaguaribe,2018,8,1250115.565
2311801,14,Vale do Jaguaribe,2018,8,1213961.19
2312502,14,Vale do Jaguaribe,2018,8,291740.665
2313104,14,Vale do Jaguaribe,2018,8,424994.51000000007
2300101,01,Cariri,2018,9,28562.265000000014
2300606,01,Cariri,2018,9,156203.14999999997
2300804,01,Cariri,2018,9,86713.19999999998
2301307,01,Cariri,2018,9,138888.10499999998
2301604,01,Cariri,2018,9,169625.3799999999
2301901,01,Cariri,2018,9,679180.0249999999
2302008,01,Cariri,2018,9,138881.18999999997
2302503,01,Cariri,2018,9,80000.0
2302701,01,Cariri,2018,9,0.0
2303204,01,Cariri,2018,9,318736.3250000002
2304202,01,Cariri,2018,9,2962093.955
2304806,01,Cariri,2018,9,55185.03500000003
2307106,01,Cariri,2018,9,442678.64
2307205,01,Cariri,2018,9,84021.06999999995
2307304,01,Cariri,2018,9,1454780.6799999997
2307502,01,Cariri,2018,9,1619645.5600000005
2308104,01,Cariri,2018,9,101000.0
2308302,01,Cariri,2018,9,196555.40500000003
2308401,01,Cariri,2018,9,0.0
2310605,01,Cariri,2018,9,0.0
2311108,01,Cariri,2018,9,1852290.615
2311959,01,Cariri,2018,9,242820.51
2312106,01,Cariri,2018,9,0.0
2313252,01,Cariri,2018,9,44010.03999999998
2314003,01,Cariri,2018,9,1047821.4100000001
2300309,02,Centro Sul,2018,9,938691.5599999996
2301802,02,Centro Sul,2018,9,471403.81500000006
2303600,02,Centro Sul,2018,9,48835.060000000056
2303808,02,Centro Sul,2018,9,362634.2100000002
2305407,02,Centro Sul,2018,9,422198.80000000005
2305506,02,Centro Sul,2018,9,683321.3199999998
2305704,02,Centro Sul,2018,9,446628.515
2307403,02,Centro Sul,2018,9,431876.2550000001
2311355,02,Centro Sul,2018,9,265203.47
2311900,02,Centro Sul,2018,9,166923.99
2313708,02,Centro Sul,2018,9,106983.23000000001
2301000,03,Grande Fortaleza,2018,9,1077758.4800000004
2303501,03,Grande Fortaleza,2018,9,166707.2799999998
2303709,03,Grande Fortaleza,2018,9,2028618.6050000004
2303956,03,Grande Fortaleza,2018,9,788913.1000000001
2304285,03,Grande Fortaleza,2018,9,167470.70999999996
2304400,03,Grande Fortaleza,2018,9,24961098.03999999
2304954,03,Grande Fortaleza,2018,9,215847.85499999998
2305233,03,Grande Fortaleza,2018,9,400971.6699999999
2306256,03,Grande Fortaleza,2018,9,532969.02
2307650,03,Grande Fortaleza,2018,9,2438684.170000002
2307700,03,Grande Fortaleza,2018,9,676389.79
2309607,03,Grande Fortaleza,2018,9,312614.8250000002
2309706,03,Grande Fortaleza,2018,9,143712.79499999993
2310209,03,Grande Fortaleza,2018,9,910207.1000000001
2310258,03,Grande Fortaleza,2018,9,397445.41500000004
2310852,03,Grande Fortaleza,2018,9,185236.6000000001
2312403,03,Grande Fortaleza,2018,9,35517.86
2312601,03,Grande Fortaleza,2018,9,84230.88
2313500,03,Grande Fortaleza,2018,9,968384.9849999999
2301109,04,Litoral Leste,2018,9,1594596.9699999988
2302206,04,Litoral Leste,2018,9,199618.79000000004
2304459,04,Litoral Leste,2018,9,323976.7200000002
2305357,04,Litoral Leste,2018,9,702505.72
2306207,04,Litoral Leste,2018,9,58721.294999999925
2307007,04,Litoral Leste,2018,9,121462.83499999996
2300200,05,Litoral Norte,2018,9,33978.72999999998
2302057,05,Litoral Norte,2018,9,0.0
2302305,05,Litoral Norte,2018,9,66051.08999999997
2302602,05,Litoral Norte,2018,9,1582907.6099999975
2303907,05,Litoral Norte,2018,9,0.0
2304251,05,Litoral Norte,2018,9,405497.44000000006
2304707,05,Litoral Norte,2018,9,117788.28500000015
2306553,05,Litoral Norte,2018,9,1362350.9900000002
2307254,05,Litoral Norte,2018,9,10418.020000000484
2307908,05,Litoral Norte,2018,9,174472.5
2308906,05,Litoral Norte,2018,9,734633.375
2313906,05,Litoral Norte,2018,9,131013.625
2300754,06,Litoral Oeste / Vale do Curu,2018,9,64512.659999999916
2300903,06,Litoral Oeste / Vale do Curu,2018,9,187936.25000000012
2304608,06,Litoral Oeste / Vale do Curu,2018,9,0.0
2306108,06,Litoral Oeste / Vale do Curu,2018,9,561279.855
2306306,06,Litoral Oeste / Vale do Curu,2018,9,576546.825
2306405,06,Litoral Oeste / Vale do Curu,2018,9,305662.6150000002
2308377,06,Litoral Oeste / Vale do Curu,2018,9,1299007.045
2310704,06,Litoral Oeste / Vale do Curu,2018,9,806109.9649999999
2313351,06,Litoral Oeste / Vale do Curu,2018,9,1239119.0499999998
2313559,06,Litoral Oeste / Vale do Curu,2018,9,223765.83500000002
2313757,06,Litoral Oeste / Vale do Curu,2018,9,476099.68999999994
2313807,06,Litoral Oeste / Vale do Curu,2018,9,255679.365
2300150,07,Maciço do Baturité,2018,9,38451.185
2301208,07,Maciço do Baturité,2018,9,445047.145
2301406,07,Maciço do Baturité,2018,9,65309.21499999997
2302107,07,Maciço do Baturité,2018,9,162508.985
2302909,07,Maciço do Baturité,2018,9,61962.73999999999
2305100,07,Maciço do Baturité,2018,9,0.0
2306504,07,Maciço do Baturité,2018,9,215624.44499999995
2309102,07,Maciço do Baturité,2018,9,130683.04999999999
2309458,07,Maciço do Baturité,2018,9,202131.41500000004
2309805,07,Maciço do Baturité,2018,9,40425.255000000005
2310100,07,Maciço do Baturité,2018,9,321148.14499999996
2311603,07,Maciço do Baturité,2018,9,496798.92000000016
2303402,08,Serra da Ibiapaba,2018,9,145284.33999999985
2304236,08,Serra da Ibiapaba,2018,9,215111.15500000003
2305001,08,Serra da Ibiapaba,2018,9,2400091.5849999995
2305803,08,Serra da Ibiapaba,2018,9,380457.43500000006
2312304,08,Serra da Ibiapaba,2018,9,736107.0249999999
2313401,08,Serra da Ibiapaba,2018,9,304037.52
2313609,08,Serra da Ibiapaba,2018,9,52002.89500000002
2314102,08,Serra da Ibiapaba,2018,9,2925259.1950000003
2301851,09,Sertão Central,2018,9,189666.115
2303931,09,Sertão Central,2018,9,53219.0
2304269,09,Sertão Central,2018,9,236123.58499999996
2305266,09,Sertão Central,2018,9,144503.29499999998
2305332,09,Sertão Central,2018,9,0.0
2308500,09,Sertão Central,2018,9,1023805.8150000004
2310902,09,Sertão Central,2018,9,118080.29499999993
2311306,09,Sertão Central,2018,9,491411.6649999998
2311405,09,Sertão Central,2018,9,405571.0549999997
2312700,09,Sertão Central,2018,9,1033903.0800000001
2313005,09,Sertão Central,2018,9,1933675.3499999996
2302404,10,Sertão de Canindé,2018,9,147880.375
2302800,10,Sertão de Canindé,2018,9,92933.31499999994
2303006,10,Sertão de Canindé,2018,9,86420.76499999996
2307635,10,Sertão de Canindé,2018,9,336265.56499999994
2310407,10,Sertão de Canindé,2018,9,56356.630000000005
2300507,11,Sertão de Sobral,2018,9,38307.38499999995
2303105,11,Sertão de Sobral,2018,9,52742.33999999985
2304004,11,Sertão de Sobral,2018,9,175424.89000000013
2304509,11,Sertão de Sobral,2018,9,19311.08500000008
2304657,11,Sertão de Sobral,2018,9,0.0
2308203,11,Sertão de Sobral,2018,9,610968.3300000001
2308807,11,Sertão de Sobral,2018,9,56001.79000000004
2309904,11,Sertão de Sobral,2018,9,191541.94999999998
2310951,11,Sertão de Sobral,2018,9,358015.1699999999
2311702,11,Sertão de Sobral,2018,9,1059256.7600000002
2312007,11,Sertão de Sobral,2018,9,5841.25
2312908,11,Sertão de Sobral,2018,9,1137309.7850000001
2303659,12,Sertão dos Crateús,2018,9,40916.01000000001
2304103,12,Sertão dos Crateús,2018,9,105234.03500000015
2305209,12,Sertão dos Crateús,2018,9,151292.2200000001
2305605,12,Sertão dos Crateús,2018,9,134519.925
2305902,12,Sertão dos Crateús,2018,9,47046.35999999987
2308609,12,Sertão dos Crateús,2018,9,43547.984999999986
2309300,12,Sertão dos Crateús,2018,9,19051.27000000002
2309409,12,Sertão dos Crateús,2018,9,671618.1699999999
2311009,12,Sertão dos Crateús,2018,9,406663.61499999993
2312205,12,Sertão dos Crateús,2018,9,448162.5399999999
2300408,13,Sertão dos Inhamuns,2018,9,172889.74
2301505,13,Sertão dos Inhamuns,2018,9,200401.56500000006
2311264,13,Sertão dos Inhamuns,2018,9,939521.1549999999
2313302,13,Sertão dos Inhamuns,2018,9,88678.86000000034
2300705,14,Vale do Jaguaribe,2018,9,80388.25
2304277,14,Vale do Jaguaribe,2018,9,42153.32000000001
2306009,14,Vale do Jaguaribe,2018,9,1505708.7999999998
2306702,14,Vale do Jaguaribe,2018,9,714496.905
2306801,14,Vale do Jaguaribe,2018,9,49267.25
2307601,14,Vale do Jaguaribe,2018,9,237572.0
2308708,14,Vale do Jaguaribe,2018,9,885585.9099999997
2310001,14,Vale do Jaguaribe,2018,9,6949.5
2311231,14,Vale do Jaguaribe,2018,9,531080.2650000001
2311801,14,Vale do Jaguaribe,2018,9,1696762.9899999998
2312502,14,Vale do Jaguaribe,2018,9,55690.435
2313104,14,Vale do Jaguaribe,2018,9,310773.85999999987
2300101,01,Cariri,2018,10,28562.265000000014
2300606,01,Cariri,2018,10,156203.14999999997
2300804,01,Cariri,2018,10,86713.19999999998
2301307,01,Cariri,2018,10,138888.10499999998
2301604,01,Cariri,2018,10,169625.3799999999
2301901,01,Cariri,2018,10,679180.0249999999
2302008,01,Cariri,2018,10,138881.18999999997
2302503,01,Cariri,2018,10,80000.0
2302701,01,Cariri,2018,10,0.0
2303204,01,Cariri,2018,10,318736.3250000002
2304202,01,Cariri,2018,10,2962093.955
2304806,01,Cariri,2018,10,55185.03500000003
2307106,01,Cariri,2018,10,442678.64
2307205,01,Cariri,2018,10,84021.06999999995
2307304,01,Cariri,2018,10,1454780.6799999997
2307502,01,Cariri,2018,10,1619645.5600000005
2308104,01,Cariri,2018,10,101000.0
2308302,01,Cariri,2018,10,196555.40500000003
2308401,01,Cariri,2018,10,0.0
2310605,01,Cariri,2018,10,0.0
2311108,01,Cariri,2018,10,1852290.615
2311959,01,Cariri,2018,10,242820.51
2312106,01,Cariri,2018,10,0.0
2313252,01,Cariri,2018,10,44010.03999999998
2314003,01,Cariri,2018,10,1047821.4100000001
2300309,02,Centro Sul,2018,10,938691.5599999996
2301802,02,Centro Sul,2018,10,471403.81500000006
2303600,02,Centro Sul,2018,10,48835.060000000056
2303808,02,Centro Sul,2018,10,362634.2100000002
2305407,02,Centro Sul,2018,10,422198.80000000005
2305506,02,Centro Sul,2018,10,683321.3199999998
2305704,02,Centro Sul,2018,10,446628.515
2307403,02,Centro Sul,2018,10,431876.2550000001
2311355,02,Centro Sul,2018,10,265203.47
2311900,02,Centro Sul,2018,10,166923.99
2313708,02,Centro Sul,2018,10,106983.23000000001
2301000,03,Grande Fortaleza,2018,10,1077758.4800000004
2303501,03,Grande Fortaleza,2018,10,166707.2799999998
2303709,03,Grande Fortaleza,2018,10,2028618.6050000004
2303956,03,Grande Fortaleza,2018,10,788913.1000000001
2304285,03,Grande Fortaleza,2018,10,167470.70999999996
2304400,03,Grande Fortaleza,2018,10,24961098.03999999
2304954,03,Grande Fortaleza,2018,10,215847.85499999998
2305233,03,Grande Fortaleza,2018,10,400971.6699999999
2306256,03,Grande Fortaleza,2018,10,532969.02
2307650,03,Grande Fortaleza,2018,10,2438684.170000002
2307700,03,Grande Fortaleza,2018,10,676389.79
2309607,03,Grande Fortaleza,2018,10,312614.8250000002
2309706,03,Grande Fortaleza,2018,10,143712.79499999993
2310209,03,Grande Fortaleza,2018,10,910207.1000000001
2310258,03,Grande Fortaleza,2018,10,397445.41500000004
2310852,03,Grande Fortaleza,2018,10,185236.6000000001
2312403,03,Grande Fortaleza,2018,10,35517.86
2312601,03,Grande Fortaleza,2018,10,84230.88
2313500,03,Grande Fortaleza,2018,10,968384.9849999999
2301109,04,Litoral Leste,2018,10,1594596.9699999988
2302206,04,Litoral Leste,2018,10,199618.79000000004
2304459,04,Litoral Leste,2018,10,323976.7200000002
2305357,04,Litoral Leste,2018,10,702505.72
2306207,04,Litoral Leste,2018,10,58721.294999999925
2307007,04,Litoral Leste,2018,10,121462.83499999996
2300200,05,Litoral Norte,2018,10,33978.72999999998
2302057,05,Litoral Norte,2018,10,0.0
2302305,05,Litoral Norte,2018,10,66051.08999999997
2302602,05,Litoral Norte,2018,10,1582907.6099999975
2303907,05,Litoral Norte,2018,10,0.0
2304251,05,Litoral Norte,2018,10,405497.44000000006
2304707,05,Litoral Norte,2018,10,117788.28500000015
2306553,05,Litoral Norte,2018,10,1362350.9900000002
2307254,05,Litoral Norte,2018,10,10418.020000000484
2307908,05,Litoral Norte,2018,10,174472.5
2308906,05,Litoral Norte,2018,10,734633.375
2313906,05,Litoral Norte,2018,10,131013.625
2300754,06,Litoral Oeste / Vale do Curu,2018,10,64512.659999999916
2300903,06,Litoral Oeste / Vale do Curu,2018,10,187936.25000000012
2304608,06,Litoral Oeste / Vale do Curu,2018,10,0.0
2306108,06,Litoral Oeste / Vale do Curu,2018,10,561279.855
2306306,06,Litoral Oeste / Vale do Curu,2018,10,576546.825
2306405,06,Litoral Oeste / Vale do Curu,2018,10,305662.6150000002
2308377,06,Litoral Oeste / Vale do Curu,2018,10,1299007.045
2310704,06,Litoral Oeste / Vale do Curu,2018,10,806109.9649999999
2313351,06,Litoral Oeste / Vale do Curu,2018,10,1239119.0499999998
2313559,06,Litoral Oeste / Vale do Curu,2018,10,223765.83500000002
2313757,06,Litoral Oeste / Vale do Curu,2018,10,476099.68999999994
2313807,06,Litoral Oeste / Vale do Curu,2018,10,255679.365
2300150,07,Maciço do Baturité,2018,10,38451.185
2301208,07,Maciço do Baturité,2018,10,445047.145
2301406,07,Maciço do Baturité,2018,10,65309.21499999997
2302107,07,Maciço do Baturité,2018,10,162508.985
2302909,07,Maciço do Baturité,2018,10,61962.73999999999
2305100,07,Maciço do Baturité,2018,10,0.0
2306504,07,Maciço do Baturité,2018,10,215624.44499999995
2309102,07,Maciço do Baturité,2018,10,130683.04999999999
2309458,07,Maciço do Baturité,2018,10,202131.41500000004
2309805,07,Maciço do Baturité,2018,10,40425.255000000005
2310100,07,Maciço do Baturité,2018,10,321148.14499999996
2311603,07,Maciço do Baturité,2018,10,496798.92000000016
2303402,08,Serra da Ibiapaba,2018,10,145284.33999999985
2304236,08,Serra da Ibiapaba,2018,10,215111.15500000003
2305001,08,Serra da Ibiapaba,2018,10,2400091.5849999995
2305803,08,Serra da Ibiapaba,2018,10,380457.43500000006
2312304,08,Serra da Ibiapaba,2018,10,736107.0249999999
2313401,08,Serra da Ibiapaba,2018,10,304037.52
2313609,08,Serra da Ibiapaba,2018,10,52002.89500000002
2314102,08,Serra da Ibiapaba,2018,10,2925259.1950000003
2301851,09,Sertão Central,2018,10,189666.115
2303931,09,Sertão Central,2018,10,53219.0
2304269,09,Sertão Central,2018,10,236123.58499999996
2305266,09,Sertão Central,2018,10,144503.29499999998
2305332,09,Sertão Central,2018,10,0.0
2308500,09,Sertão Central,2018,10,1023805.8150000004
2310902,09,Sertão Central,2018,10,118080.29499999993
2311306,09,Sertão Central,2018,10,491411.6649999998
2311405,09,Sertão Central,2018,10,405571.0549999997
2312700,09,Sertão Central,2018,10,1033903.0800000001
2313005,09,Sertão Central,2018,10,1933675.3499999996
2302404,10,Sertão de Canindé,2018,10,147880.375
2302800,10,Sertão de Canindé,2018,10,92933.31499999994
2303006,10,Sertão de Canindé,2018,10,86420.76499999996
2307635,10,Sertão de Canindé,2018,10,336265.56499999994
2310407,10,Sertão de Canindé,2018,10,56356.630000000005
2300507,11,Sertão de Sobral,2018,10,38307.38499999995
2303105,11,Sertão de Sobral,2018,10,52742.33999999985
2304004,11,Sertão de Sobral,2018,10,175424.89000000013
2304509,11,Sertão de Sobral,2018,10,19311.08500000008
2304657,11,Sertão de Sobral,2018,10,0.0
2308203,11,Sertão de Sobral,2018,10,610968.3300000001
2308807,11,Sertão de Sobral,2018,10,56001.79000000004
2309904,11,Sertão de Sobral,2018,10,191541.94999999998
2310951,11,Sertão de Sobral,2018,10,358015.1699999999
2311702,11,Sertão de Sobral,2018,10,1059256.7600000002
2312007,11,Sertão de Sobral,2018,10,5841.25
2312908,11,Sertão de Sobral,2018,10,1137309.7850000001
2303659,12,Sertão dos Crateús,2018,10,40916.01000000001
2304103,12,Sertão dos Crateús,2018,10,105234.03500000015
2305209,12,Sertão dos Crateús,2018,10,151292.2200000001
2305605,12,Sertão dos Crateús,2018,10,134519.925
2305902,12,Sertão dos Crateús,2018,10,47046.35999999987
2308609,12,Sertão dos Crateús,2018,10,43547.984999999986
2309300,12,Sertão dos Crateús,2018,10,19051.27000000002
2309409,12,Sertão dos Crateús,2018,10,671618.1699999999
2311009,12,Sertão dos Crateús,2018,10,406663.61499999993
2312205,12,Sertão dos Crateús,2018,10,448162.5399999999
2300408,13,Sertão dos Inhamuns,2018,10,172889.74
2301505,13,Sertão dos Inhamuns,2018,10,200401.56500000006
2311264,13,Sertão dos Inhamuns,2018,10,939521.1549999999
2313302,13,Sertão dos Inhamuns,2018,10,88678.86000000034
2300705,14,Vale do Jaguaribe,2018,10,80388.25
2304277,14,Vale do Jaguaribe,2018,10,42153.32000000001
2306009,14,Vale do Jaguaribe,2018,10,1505708.7999999998
2306702,14,Vale do Jaguaribe,2018,10,714496.905
2306801,14,Vale do Jaguaribe,2018,10,49267.25
2307601,14,Vale do Jaguaribe,2018,10,237572.0
2308708,14,Vale do Jaguaribe,2018,10,885585.9099999997
2310001,14,Vale do Jaguaribe,2018,10,6949.5
2311231,14,Vale do Jaguaribe,2018,10,531080.2650000001
2311801,14,Vale do Jaguaribe,2018,10,1696762.9899999998
2312502,14,Vale do Jaguaribe,2018,10,55690.435
2313104,14,Vale do Jaguaribe,2018,10,310773.85999999987
2300101,01,Cariri,2018,11,312954.955
2300606,01,Cariri,2018,11,106940.0
2300804,01,Cariri,2018,11,72527.98000000004
2301307,01,Cariri,2018,11,1537284.5000000005
2301604,01,Cariri,2018,11,53522.060000000056
2301901,01,Cariri,2018,11,1057192.3449999997
2302008,01,Cariri,2018,11,261818.74
2302503,01,Cariri,2018,11,0.0
2302701,01,Cariri,2018,11,0.0
2303204,01,Cariri,2018,11,491454.2949999999
2304202,01,Cariri,2018,11,932556.9450000003
2304806,01,Cariri,2018,11,209531.20999999996
2307106,01,Cariri,2018,11,192994.58999999985
2307205,01,Cariri,2018,11,29570.320000000007
2307304,01,Cariri,2018,11,2213125.58
2307502,01,Cariri,2018,11,1757461.0
2308104,01,Cariri,2018,11,143590.03499999992
2308302,01,Cariri,2018,11,168235.82999999996
2308401,01,Cariri,2018,11,357333.9750000001
2310605,01,Cariri,2018,11,133880.53499999997
2311108,01,Cariri,2018,11,236251.39000000013
2311959,01,Cariri,2018,11,517172.54000000004
2312106,01,Cariri,2018,11,262999.51
2313252,01,Cariri,2018,11,69637.42000000001
2314003,01,Cariri,2018,11,1317287.8099999996
2300309,02,Centro Sul,2018,11,267866.5650000004
2301802,02,Centro Sul,2018,11,121898.7799999998
2303600,02,Centro Sul,2018,11,287367.98
2303808,02,Centro Sul,2018,11,328034.97499999986
2305407,02,Centro Sul,2018,11,1893880.7
2305506,02,Centro Sul,2018,11,1390805.8199999998
2305704,02,Centro Sul,2018,11,266525.17999999993
2307403,02,Centro Sul,2018,11,38955.72999999998
2311355,02,Centro Sul,2018,11,141270.55999999994
2311900,02,Centro Sul,2018,11,111553.58500000008
2313708,02,Centro Sul,2018,11,15604.615000000005
2301000,03,Grande Fortaleza,2018,11,3462264.0250000004
2303501,03,Grande Fortaleza,2018,11,0.0
2303709,03,Grande Fortaleza,2018,11,0.0
2303956,03,Grande Fortaleza,2018,11,396292.2149999994
2304285,03,Grande Fortaleza,2018,11,0.0
2304400,03,Grande Fortaleza,2018,11,28972754.110000014
2304954,03,Grande Fortaleza,2018,11,21746.24500000011
2305233,03,Grande Fortaleza,2018,11,809978.605
2306256,03,Grande Fortaleza,2018,11,282522.105
2307650,03,Grande Fortaleza,2018,11,0.0
2307700,03,Grande Fortaleza,2018,11,0.0
2309607,03,Grande Fortaleza,2018,11,0.0
2309706,03,Grande Fortaleza,2018,11,0.0
2310209,03,Grande Fortaleza,2018,11,434423.1999999997
2310258,03,Grande Fortaleza,2018,11,448214.25
2310852,03,Grande Fortaleza,2018,11,256545.3949999999
2312403,03,Grande Fortaleza,2018,11,15345.319999999992
2312601,03,Grande Fortaleza,2018,11,145214.82
2313500,03,Grande Fortaleza,2018,11,2275212.45
2301109,04,Litoral Leste,2018,11,0.0
2302206,04,Litoral Leste,2018,11,52852.02000000002
2304459,04,Litoral Leste,2018,11,602303.9300000002
2305357,04,Litoral Leste,2018,11,822003.6499999999
2306207,04,Litoral Leste,2018,11,0.0
2307007,04,Litoral Leste,2018,11,362911.44500000007
2300200,05,Litoral Norte,2018,11,2891159.0
2302057,05,Litoral Norte,2018,11,42823.70499999996
2302305,05,Litoral Norte,2018,11,141437.5
2302602,05,Litoral Norte,2018,11,3770031.740000002
2303907,05,Litoral Norte,2018,11,0.0
2304251,05,Litoral Norte,2018,11,210096.98499999987
2304707,05,Litoral Norte,2018,11,783861.5049999999
2306553,05,Litoral Norte,2018,11,1829295.5999999996
2307254,05,Litoral Norte,2018,11,0.0
2307908,05,Litoral Norte,2018,11,75824.23499999999
2308906,05,Litoral Norte,2018,11,0.0
2313906,05,Litoral Norte,2018,11,18600.795000000042
2300754,06,Litoral Oeste / Vale do Curu,2018,11,540761.4100000001
2300903,06,Litoral Oeste / Vale do Curu,2018,11,277202.19999999995
2304608,06,Litoral Oeste / Vale do Curu,2018,11,0.0
2306108,06,Litoral Oeste / Vale do Curu,2018,11,569546.395
2306306,06,Litoral Oeste / Vale do Curu,2018,11,243822.6200000001
2306405,06,Litoral Oeste / Vale do Curu,2018,11,1223530.625
2308377,06,Litoral Oeste / Vale do Curu,2018,11,824666.1750000003
2310704,06,Litoral Oeste / Vale do Curu,2018,11,639897.315
2313351,06,Litoral Oeste / Vale do Curu,2018,11,661606.7100000004
2313559,06,Litoral Oeste / Vale do Curu,2018,11,131510.745
2313757,06,Litoral Oeste / Vale do Curu,2018,11,0.0
2313807,06,Litoral Oeste / Vale do Curu,2018,11,811009.0599999998
2300150,07,Maciço do Baturité,2018,11,96456.34000000003
2301208,07,Maciço do Baturité,2018,11,224319.19999999972
2301406,07,Maciço do Baturité,2018,11,281007.68500000006
2302107,07,Maciço do Baturité,2018,11,199154.14
2302909,07,Maciço do Baturité,2018,11,88642.08999999997
2305100,07,Maciço do Baturité,2018,11,110043.14000000001
2306504,07,Maciço do Baturité,2018,11,196034.91000000015
2309102,07,Maciço do Baturité,2018,11,0.0
2309458,07,Maciço do Baturité,2018,11,399209.0449999999
2309805,07,Maciço do Baturité,2018,11,157187.5299999999
2310100,07,Maciço do Baturité,2018,11,217241.70000000007
2311603,07,Maciço do Baturité,2018,11,563945.0599999998
2303402,08,Serra da Ibiapaba,2018,11,71758.68999999994
2304236,08,Serra da Ibiapaba,2018,11,0.0
2305001,08,Serra da Ibiapaba,2018,11,1915513.04
2305803,08,Serra da Ibiapaba,2018,11,2229447.5149999997
2312304,08,Serra da Ibiapaba,2018,11,0.0
2313401,08,Serra da Ibiapaba,2018,11,675589.9300000002
2313609,08,Serra da Ibiapaba,2018,11,607490.78
2314102,08,Serra da Ibiapaba,2018,11,869250.1550000003
2301851,09,Sertão Central,2018,11,407009.49
2303931,09,Sertão Central,2018,11,13913.839999999967
2304269,09,Sertão Central,2018,11,681545.5250000001
2305266,09,Sertão Central,2018,11,68767.75
2305332,09,Sertão Central,2018,11,364475.44499999983
2308500,09,Sertão Central,2018,11,471305.64499999955
2310902,09,Sertão Central,2018,11,940434.0750000002
2311306,09,Sertão Central,2018,11,0.0
2311405,09,Sertão Central,2018,11,0.0
2312700,09,Sertão Central,2018,11,705184.2899999998
2313005,09,Sertão Central,2018,11,1638158.4250000007
2302404,10,Sertão de Canindé,2018,11,0.0
2302800,10,Sertão de Canindé,2018,11,521322.77500000014
2303006,10,Sertão de Canindé,2018,11,257768.09499999997
2307635,10,Sertão de Canindé,2018,11,165280.01
2310407,10,Sertão de Canindé,2018,11,8307.429999999993
2300507,11,Sertão de Sobral,2018,11,274368.41000000003
2303105,11,Sertão de Sobral,2018,11,0.0
2304004,11,Sertão de Sobral,2018,11,419335.0349999997
2304509,11,Sertão de Sobral,2018,11,78866.52999999991
2304657,11,Sertão de Sobral,2018,11,0.0
2308203,11,Sertão de Sobral,2018,11,1408500.225
2308807,11,Sertão de Sobral,2018,11,163425.96499999985
2309904,11,Sertão de Sobral,2018,11,199247.66499999998
2310951,11,Sertão de Sobral,2018,11,311179.3799999999
2311702,11,Sertão de Sobral,2018,11,298642.98499999987
2312007,11,Sertão de Sobral,2018,11,0.0
2312908,11,Sertão de Sobral,2018,11,2321549.955000002
2303659,12,Sertão dos Crateús,2018,11,95532.85499999998
2304103,12,Sertão dos Crateús,2018,11,26890.85999999987
2305209,12,Sertão dos Crateús,2018,11,0.0
2305605,12,Sertão dos Crateús,2018,11,245760.96999999997
2305902,12,Sertão dos Crateús,2018,11,222900.2100000002
2308609,12,Sertão dos Crateús,2018,11,134878.46499999997
2309300,12,Sertão dos Crateús,2018,11,95557.15499999991
2309409,12,Sertão dos Crateús,2018,11,499836.7000000002
2311009,12,Sertão dos Crateús,2018,11,107307.44500000007
2312205,12,Sertão dos Crateús,2018,11,121063.7250000001
2300408,13,Sertão dos Inhamuns,2018,11,268095.83999999997
2301505,13,Sertão dos Inhamuns,2018,11,0.0
2311264,13,Sertão dos Inhamuns,2018,11,167605.375
2313302,13,Sertão dos Inhamuns,2018,11,0.0
2300705,14,Vale do Jaguaribe,2018,11,272536.43000000017
2304277,14,Vale do Jaguaribe,2018,11,203409.39
2306009,14,Vale do Jaguaribe,2018,11,929740.79
2306702,14,Vale do Jaguaribe,2018,11,1933832.8049999997
2306801,14,Vale do Jaguaribe,2018,11,135130.90500000003
2307601,14,Vale do Jaguaribe,2018,11,778001.7349999999
2308708,14,Vale do Jaguaribe,2018,11,934542.6500000004
2310001,14,Vale do Jaguaribe,2018,11,28591.195000000007
2311231,14,Vale do Jaguaribe,2018,11,1252896.5899999999
2311801,14,Vale do Jaguaribe,2018,11,398556.3100000005
2312502,14,Vale do Jaguaribe,2018,11,185200.45
2313104,14,Vale do Jaguaribe,2018,11,2350784.67
2300101,01,Cariri,2018,12,312954.955
2300606,01,Cariri,2018,12,106940.0
2300804,01,Cariri,2018,12,72527.98000000004
2301307,01,Cariri,2018,12,1537284.5000000005
2301604,01,Cariri,2018,12,53522.060000000056
2301901,01,Cariri,2018,12,1057192.3449999997
2302008,01,Cariri,2018,12,261818.74
2302503,01,Cariri,2018,12,0.0
2302701,01,Cariri,2018,12,0.0
2303204,01,Cariri,2018,12,491454.2949999999
2304202,01,Cariri,2018,12,932556.9450000003
2304806,01,Cariri,2018,12,209531.20999999996
2307106,01,Cariri,2018,12,192994.58999999985
2307205,01,Cariri,2018,12,29570.320000000007
2307304,01,Cariri,2018,12,2213125.58
2307502,01,Cariri,2018,12,1757461.0
2308104,01,Cariri,2018,12,143590.03499999992
2308302,01,Cariri,2018,12,168235.82999999996
2308401,01,Cariri,2018,12,357333.9750000001
2310605,01,Cariri,2018,12,133880.53499999997
2311108,01,Cariri,2018,12,236251.39000000013
2311959,01,Cariri,2018,12,517172.54000000004
2312106,01,Cariri,2018,12,262999.51
2313252,01,Cariri,2018,12,69637.42000000001
2314003,01,Cariri,2018,12,1317287.8099999996
2300309,02,Centro Sul,2018,12,267866.5650000004
2301802,02,Centro Sul,2018,12,121898.7799999998
2303600,02,Centro Sul,2018,12,287367.98
2303808,02,Centro Sul,2018,12,328034.97499999986
2305407,02,Centro Sul,2018,12,1893880.7
2305506,02,Centro Sul,2018,12,1390805.8199999998
2305704,02,Centro Sul,2018,12,266525.17999999993
2307403,02,Centro Sul,2018,12,38955.72999999998
2311355,02,Centro Sul,2018,12,141270.55999999994
2311900,02,Centro Sul,2018,12,111553.58500000008
2313708,02,Centro Sul,2018,12,15604.615000000005
2301000,03,Grande Fortaleza,2018,12,3462264.0250000004
2303501,03,Grande Fortaleza,2018,12,0.0
2303709,03,Grande Fortaleza,2018,12,0.0
2303956,03,Grande Fortaleza,2018,12,396292.2149999994
2304285,03,Grande Fortaleza,2018,12,0.0
2304400,03,Grande Fortaleza,2018,12,28972754.110000014
2304954,03,Grande Fortaleza,2018,12,21746.24500000011
2305233,03,Grande Fortaleza,2018,12,809978.605
2306256,03,Grande Fortaleza,2018,12,282522.105
2307650,03,Grande Fortaleza,2018,12,0.0
2307700,03,Grande Fortaleza,2018,12,0.0
2309607,03,Grande Fortaleza,2018,12,0.0
2309706,03,Grande Fortaleza,2018,12,0.0
2310209,03,Grande Fortaleza,2018,12,434423.1999999997
2310258,03,Grande Fortaleza,2018,12,448214.25
2310852,03,Grande Fortaleza,2018,12,256545.3949999999
2312403,03,Grande Fortaleza,2018,12,15345.319999999992
2312601,03,Grande Fortaleza,2018,12,145214.82
2313500,03,Grande Fortaleza,2018,12,2275212.45
2301109,04,Litoral Leste,2018,12,0.0
2302206,04,Litoral Leste,2018,12,52852.02000000002
2304459,04,Litoral Leste,2018,12,602303.9300000002
2305357,04,Litoral Leste,2018,12,822003.6499999999
2306207,04,Litoral Leste,2018,12,0.0
2307007,04,Litoral Leste,2018,12,362911.44500000007
2300200,05,Litoral Norte,2018,12,2891159.0
2302057,05,Litoral Norte,2018,12,42823.70499999996
2302305,05,Litoral Norte,2018,12,141437.5
2302602,05,Litoral Norte,2018,12,3770031.740000002
2303907,05,Litoral Norte,2018,12,0.0
2304251,05,Litoral Norte,2018,12,210096.98499999987
2304707,05,Litoral Norte,2018,12,783861.5049999999
2306553,05,Litoral Norte,2018,12,1829295.5999999996
2307254,05,Litoral Norte,2018,12,0.0
2307908,05,Litoral Norte,2018,12,75824.23499999999
2308906,05,Litoral Norte,2018,12,0.0
2313906,05,Litoral Norte,2018,12,18600.795000000042
2300754,06,Litoral Oeste / Vale do Curu,2018,12,540761.4100000001
2300903,06,Litoral Oeste / Vale do Curu,2018,12,277202.19999999995
2304608,06,Litoral Oeste / Vale do Curu,2018,12,0.0
2306108,06,Litoral Oeste / Vale do Curu,2018,12,569546.395
2306306,06,Litoral Oeste / Vale do Curu,2018,12,243822.6200000001
2306405,06,Litoral Oeste / Vale do Curu,2018,12,1223530.625
2308377,06,Litoral Oeste / Vale do Curu,2018,12,824666.1750000003
2310704,06,Litoral Oeste / Vale do Curu,2018,12,639897.315
2313351,06,Litoral Oeste / Vale do Curu,2018,12,661606.7100000004
2313559,06,Litoral Oeste / Vale do Curu,2018,12,131510.745
2313757,06,Litoral Oeste / Vale do Curu,2018,12,0.0
2313807,06,Litoral Oeste / Vale do Curu,2018,12,811009.0599999998
2300150,07,Maciço do Baturité,2018,12,96456.34000000003
2301208,07,Maciço do Baturité,2018,12,224319.19999999972
2301406,07,Maciço do Baturité,2018,12,281007.68500000006
2302107,07,Maciço do Baturité,2018,12,199154.14
2302909,07,Maciço do Baturité,2018,12,88642.08999999997
2305100,07,Maciço do Baturité,2018,12,110043.14000000001
2306504,07,Maciço do Baturité,2018,12,196034.91000000015
2309102,07,Maciço do Baturité,2018,12,0.0
2309458,07,Maciço do Baturité,2018,12,399209.0449999999
2309805,07,Maciço do Baturité,2018,12,157187.5299999999
2310100,07,Maciço do Baturité,2018,12,217241.70000000007
2311603,07,Maciço do Baturité,2018,12,563945.0599999998
2303402,08,Serra da Ibiapaba,2018,12,71758.68999999994
2304236,08,Serra da Ibiapaba,2018,12,0.0
2305001,08,Serra da Ibiapaba,2018,12,1915513.04
2305803,08,Serra da Ibiapaba,2018,12,2229447.5149999997
2312304,08,Serra da Ibiapaba,2018,12,0.0
2313401,08,Serra da Ibiapaba,2018,12,675589.9300000002
2313609,08,Serra da Ibiapaba,2018,12,607490.78
2314102,08,Serra da Ibiapaba,2018,12,869250.1550000003
2301851,09,Sertão Central,2018,12,407009.49
2303931,09,Sertão Central,2018,12,13913.839999999967
2304269,09,Sertão Central,2018,12,681545.5250000001
2305266,09,Sertão Central,2018,12,68767.75
2305332,09,Sertão Central,2018,12,364475.44499999983
2308500,09,Sertão Central,2018,12,471305.64499999955
2310902,09,Sertão Central,2018,12,940434.0750000002
2311306,09,Sertão Central,2018,12,0.0
2311405,09,Sertão Central,2018,12,0.0
2312700,09,Sertão Central,2018,12,705184.2899999998
2313005,09,Sertão Central,2018,12,1638158.4250000007
2302404,10,Sertão de Canindé,2018,12,0.0
2302800,10,Sertão de Canindé,2018,12,521322.77500000014
2303006,10,Sertão de Canindé,2018,12,257768.09499999997
2307635,10,Sertão de Canindé,2018,12,165280.01
2310407,10,Sertão de Canindé,2018,12,8307.429999999993
2300507,11,Sertão de Sobral,2018,12,274368.41000000003
2303105,11,Sertão de Sobral,2018,12,0.0
2304004,11,Sertão de Sobral,2018,12,419335.0349999997
2304509,11,Sertão de Sobral,2018,12,78866.52999999991
2304657,11,Sertão de Sobral,2018,12,0.0
2308203,11,Sertão de Sobral,2018,12,1408500.225
2308807,11,Sertão de Sobral,2018,12,163425.96499999985
2309904,11,Sertão de Sobral,2018,12,199247.66499999998
2310951,11,Sertão de Sobral,2018,12,311179.3799999999
2311702,11,Sertão de Sobral,2018,12,298642.98499999987
2312007,11,Sertão de Sobral,2018,12,0.0
2312908,11,Sertão de Sobral,2018,12,2321549.955000002
2303659,12,Sertão dos Crateús,2018,12,95532.85499999998
2304103,12,Sertão dos Crateús,2018,12,26890.85999999987
2305209,12,Sertão dos Crateús,2018,12,0.0
2305605,12,Sertão dos Crateús,2018,12,245760.96999999997
2305902,12,Sertão dos Crateús,2018,12,222900.2100000002
2308609,12,Sertão dos Crateús,2018,12,134878.46499999997
2309300,12,Sertão dos Crateús,2018,12,95557.15499999991
2309409,12,Sertão dos Crateús,2018,12,499836.7000000002
2311009,12,Sertão dos Crateús,2018,12,107307.44500000007
2312205,12,Sertão dos Crateús,2018,12,121063.7250000001
2300408,13,Sertão dos Inhamuns,2018,12,268095.83999999997
2301505,13,Sertão dos Inhamuns,2018,12,0.0
2311264,13,Sertão dos Inhamuns,2018,12,167605.375
2313302,13,Sertão dos Inhamuns,2018,12,0.0
2300705,14,Vale do Jaguaribe,2018,12,272536.43000000017
2304277,14,Vale do Jaguaribe,2018,12,203409.39
2306009,14,Vale do Jaguaribe,2018,12,929740.79
2306702,14,Vale do Jaguaribe,2018,12,1933832.8049999997
2306801,14,Vale do Jaguaribe,2018,12,135130.90500000003
2307601,14,Vale do Jaguaribe,2018,12,778001.7349999999
2308708,14,Vale do Jaguaribe,2018,12,934542.6500000004
2310001,14,Vale do Jaguaribe,2018,12,28591.195000000007
2311231,14,Vale do Jaguaribe,2018,12,1252896.5899999999
2311801,14,Vale do Jaguaribe,2018,12,398556.3100000005
2312502,14,Vale do Jaguaribe,2018,12,185200.45
2313104,14,Vale do Jaguaribe,2018,12,2350784.67
2300101,01,Cariri,2019,1,121391.185
2301307,01,Cariri,2019,1,1252164.4
2301604,01,Cariri,2019,1,167749.62
2301901,01,Cariri,2019,1,266626.44
2302008,01,Cariri,2019,1,109351.635
2302503,01,Cariri,2019,1,23224.81
2302701,01,Cariri,2019,1,524871.975
2304202,01,Cariri,2019,1,2478366.66
2304301,01,Cariri,2019,1,265950.86
2304806,01,Cariri,2019,1,71098.495
2307106,01,Cariri,2019,1,124711.05
2307205,01,Cariri,2019,1,4050.0
2307304,01,Cariri,2019,1,2281266.225
2307502,01,Cariri,2019,1,2187326.195
2308104,01,Cariri,2019,1,37065.0
2308302,01,Cariri,2019,1,163495.365
2308401,01,Cariri,2019,1,4682633.015
2311108,01,Cariri,2019,1,225503.75
2311207,01,Cariri,2019,1,443277.255
2312106,01,Cariri,2019,1,3659.5
2313252,01,Cariri,2019,1,83540.035
2314003,01,Cariri,2019,1,625169.61
2300309,02,Centro Sul,2019,1,354174.16
2303600,02,Centro Sul,2019,1,444593.11
2303808,02,Centro Sul,2019,1,24316.955
2305407,02,Centro Sul,2019,1,547825.32
2305506,02,Centro Sul,2019,1,475249.64
2305704,02,Centro Sul,2019,1,508608.585
2307403,02,Centro Sul,2019,1,809381.645
2311355,02,Centro Sul,2019,1,89264.95
2311900,02,Centro Sul,2019,1,210595.15
2313708,02,Centro Sul,2019,1,3963.5
2301000,03,Grande Fortaleza,2019,1,4006785.81
2303501,03,Grande Fortaleza,2019,1,600703.76
2303709,03,Grande Fortaleza,2019,1,824146.12
2303956,03,Grande Fortaleza,2019,1,1453807.375
2304285,03,Grande Fortaleza,2019,1,1003278.585
2304400,03,Grande Fortaleza,2019,1,54967904.105
2304954,03,Grande Fortaleza,2019,1,242883.2
2305233,03,Grande Fortaleza,2019,1,832525.04
2306256,03,Grande Fortaleza,2019,1,532340.985
2307650,03,Grande Fortaleza,2019,1,9886157.305
2307700,03,Grande Fortaleza,2019,1,1471658.87
2309607,03,Grande Fortaleza,2019,1,2568174.16
2309706,03,Grande Fortaleza,2019,1,1403592.32
2310209,03,Grande Fortaleza,2019,1,128979.565
2310258,03,Grande Fortaleza,2019,1,539137.345
2310852,03,Grande Fortaleza,2019,1,69040.81
2312403,03,Grande Fortaleza,2019,1,3047872.0
2312601,03,Grande Fortaleza,2019,1,427379.165
2313500,03,Grande Fortaleza,2019,1,484481.21
2301109,04,Litoral Leste,2019,1,9059182.195
2304459,04,Litoral Leste,2019,1,36677.7
2305357,04,Litoral Leste,2019,1,865675.9
2306207,04,Litoral Leste,2019,1,46428.35
2307007,04,Litoral Leste,2019,1,116518.415
2300200,05,Litoral Norte,2019,1,339148.6
2302057,05,Litoral Norte,2019,1,225515.015
2302305,05,Litoral Norte,2019,1,463203.225
2302602,05,Litoral Norte,2019,1,1879995.17
2303907,05,Litoral Norte,2019,1,2199.9
2304251,05,Litoral Norte,2019,1,500658.425
2304707,05,Litoral Norte,2019,1,774592.635
2306553,05,Litoral Norte,2019,1,809307.555
2307254,05,Litoral Norte,2019,1,681996.625
2307908,05,Litoral Norte,2019,1,89918.045
2308906,05,Litoral Norte,2019,1,1226004.84
2313906,05,Litoral Norte,2019,1,1486883.725
2300754,06,Litoral Oeste / Vale do Curu,2019,1,650217.875
2300903,06,Litoral Oeste / Vale do Curu,2019,1,402802.62
2306108,06,Litoral Oeste / Vale do Curu,2019,1,1581704.72
2306306,06,Litoral Oeste / Vale do Curu,2019,1,357430.83
2306405,06,Litoral Oeste / Vale do Curu,2019,1,3553555.19
2308377,06,Litoral Oeste / Vale do Curu,2019,1,335097.325
2310704,06,Litoral Oeste / Vale do Curu,2019,1,632644.08
2313351,06,Litoral Oeste / Vale do Curu,2019,1,209455.13
2313559,06,Litoral Oeste / Vale do Curu,2019,1,259524.43
2313757,06,Litoral Oeste / Vale do Curu,2019,1,441342.475
2313807,06,Litoral Oeste / Vale do Curu,2019,1,1056861.385
2300150,07,Maciço do Baturité,2019,1,118597.03
2301208,07,Maciço do Baturité,2019,1,210185.82
2301406,07,Maciço do Baturité,2019,1,87933.92
2302107,07,Maciço do Baturité,2019,1,73889.27
2305100,07,Maciço do Baturité,2019,1,23742.89
2306504,07,Maciço do Baturité,2019,1,124362.89
2309102,07,Maciço do Baturité,2019,1,47972.415
2309458,07,Maciço do Baturité,2019,1,296949.35
2309805,07,Maciço do Baturité,2019,1,25543.7
2310100,07,Maciço do Baturité,2019,1,204906.04
2311603,07,Maciço do Baturité,2019,1,151640.725
2303402,08,Serra da Ibiapaba,2019,1,86977.0
2304236,08,Serra da Ibiapaba,2019,1,120561.675
2305001,08,Serra da Ibiapaba,2019,1,616497.86
2305308,08,Serra da Ibiapaba,2019,1,112332.555
2305803,08,Serra da Ibiapaba,2019,1,877251.25
2312304,08,Serra da Ibiapaba,2019,1,1059218.28
2313401,08,Serra da Ibiapaba,2019,1,707988.285
2313609,08,Serra da Ibiapaba,2019,1,177062.67
2314102,08,Serra da Ibiapaba,2019,1,608787.42
2301851,09,Sertão Central,2019,1,154921.01
2303931,09,Sertão Central,2019,1,121715.55
2304269,09,Sertão Central,2019,1,351956.86
2305266,09,Sertão Central,2019,1,1445429.595
2305332,09,Sertão Central,2019,1,85438.24
2308500,09,Sertão Central,2019,1,851948.8
2310902,09,Sertão Central,2019,1,553012.07
2311306,09,Sertão Central,2019,1,102141.465
2311405,09,Sertão Central,2019,1,2266665.04
2312700,09,Sertão Central,2019,1,1314939.635
2313005,09,Sertão Central,2019,1,805730.545
2302404,10,Sertão de Canindé,2019,1,22265.64
2302800,10,Sertão de Canindé,2019,1,229454.03
2303006,10,Sertão de Canindé,2019,1,44726.4
2307635,10,Sertão de Canindé,2019,1,110652.22
2310407,10,Sertão de Canindé,2019,1,124840.75
2300507,11,Sertão de Sobral,2019,1,184856.64
2303105,11,Sertão de Sobral,2019,1,1019174.345
2304004,11,Sertão de Sobral,2019,1,425776.205
2304350,11,Sertão de Sobral,2019,1,176239.685
2304509,11,Sertão de Sobral,2019,1,540624.625
2304657,11,Sertão de Sobral,2019,1,281906.06
2304905,11,Sertão de Sobral,2019,1,139074.47
2308005,11,Sertão de Sobral,2019,1,506697.545
2308203,11,Sertão de Sobral,2019,1,407145.13
2309904,11,Sertão de Sobral,2019,1,229839.465
2310951,11,Sertão de Sobral,2019,1,1017253.03
2311702,11,Sertão de Sobral,2019,1,458997.105
2312007,11,Sertão de Sobral,2019,1,420521.87
2312809,11,Sertão de Sobral,2019,1,182638.05
2312908,11,Sertão de Sobral,2019,1,10569302.81
2313955,11,Sertão de Sobral,2019,1,497955.545
2303659,12,Sertão dos Crateús,2019,1,1680.15
2305209,12,Sertão dos Crateús,2019,1,151490.11
2305605,12,Sertão dos Crateús,2019,1,458315.065
2305902,12,Sertão dos Crateús,2019,1,283666.57
2308609,12,Sertão dos Crateús,2019,1,22310.02
2309300,12,Sertão dos Crateús,2019,1,193064.58
2309409,12,Sertão dos Crateús,2019,1,263620.065
2312205,12,Sertão dos Crateús,2019,1,97086.79
2300408,13,Sertão dos Inhamuns,2019,1,216171.005
2313302,13,Sertão dos Inhamuns,2019,1,1451214.27
2300705,14,Vale do Jaguaribe,2019,1,345348.01
2304277,14,Vale do Jaguaribe,2019,1,163560.925
2306009,14,Vale do Jaguaribe,2019,1,492891.895
2306702,14,Vale do Jaguaribe,2019,1,638715.64
2306801,14,Vale do Jaguaribe,2019,1,343434.23
2307601,14,Vale do Jaguaribe,2019,1,1324364.83
2308708,14,Vale do Jaguaribe,2019,1,460505.54
2310001,14,Vale do Jaguaribe,2019,1,127321.805
2311231,14,Vale do Jaguaribe,2019,1,608138.57
2311801,14,Vale do Jaguaribe,2019,1,1130078.815
2312502,14,Vale do Jaguaribe,2019,1,244981.07
2313104,14,Vale do Jaguaribe,2019,1,12363.84
2300101,01,Cariri,2019,2,121391.185
2301307,01,Cariri,2019,2,1252164.4
2301604,01,Cariri,2019,2,167749.62
2301901,01,Cariri,2019,2,266626.44
2302008,01,Cariri,2019,2,109351.635
2302503,01,Cariri,2019,2,23224.81
2302701,01,Cariri,2019,2,524871.975
2304202,01,Cariri,2019,2,2478366.66
2304301,01,Cariri,2019,2,265950.86
2304806,01,Cariri,2019,2,71098.495
2307106,01,Cariri,2019,2,124711.05
2307205,01,Cariri,2019,2,4050.0
2307304,01,Cariri,2019,2,2281266.225
2307502,01,Cariri,2019,2,2187326.195
2308104,01,Cariri,2019,2,37065.0
2308302,01,Cariri,2019,2,163495.365
2308401,01,Cariri,2019,2,4682633.015
2311108,01,Cariri,2019,2,225503.75
2311207,01,Cariri,2019,2,443277.255
2312106,01,Cariri,2019,2,3659.5
2313252,01,Cariri,2019,2,83540.035
2314003,01,Cariri,2019,2,625169.61
2300309,02,Centro Sul,2019,2,354174.16
2303600,02,Centro Sul,2019,2,444593.11
2303808,02,Centro Sul,2019,2,24316.955
2305407,02,Centro Sul,2019,2,547825.32
2305506,02,Centro Sul,2019,2,475249.64
2305704,02,Centro Sul,2019,2,508608.585
2307403,02,Centro Sul,2019,2,809381.645
2311355,02,Centro Sul,2019,2,89264.95
2311900,02,Centro Sul,2019,2,210595.15
2313708,02,Centro Sul,2019,2,3963.5
2301000,03,Grande Fortaleza,2019,2,4006785.81
2303501,03,Grande Fortaleza,2019,2,600703.76
2303709,03,Grande Fortaleza,2019,2,824146.12
2303956,03,Grande Fortaleza,2019,2,1453807.375
2304285,03,Grande Fortaleza,2019,2,1003278.585
2304400,03,Grande Fortaleza,2019,2,54967904.105
2304954,03,Grande Fortaleza,2019,2,242883.2
2305233,03,Grande Fortaleza,2019,2,832525.04
2306256,03,Grande Fortaleza,2019,2,532340.985
2307650,03,Grande Fortaleza,2019,2,9886157.305
2307700,03,Grande Fortaleza,2019,2,1471658.87
2309607,03,Grande Fortaleza,2019,2,2568174.16
2309706,03,Grande Fortaleza,2019,2,1403592.32
2310209,03,Grande Fortaleza,2019,2,128979.565
2310258,03,Grande Fortaleza,2019,2,539137.345
2310852,03,Grande Fortaleza,2019,2,69040.81
2312403,03,Grande Fortaleza,2019,2,3047872.0
2312601,03,Grande Fortaleza,2019,2,427379.165
2313500,03,Grande Fortaleza,2019,2,484481.21
2301109,04,Litoral Leste,2019,2,9059182.195
2304459,04,Litoral Leste,2019,2,36677.7
2305357,04,Litoral Leste,2019,2,865675.9
2306207,04,Litoral Leste,2019,2,46428.35
2307007,04,Litoral Leste,2019,2,116518.415
2300200,05,Litoral Norte,2019,2,339148.6
2302057,05,Litoral Norte,2019,2,225515.015
2302305,05,Litoral Norte,2019,2,463203.225
2302602,05,Litoral Norte,2019,2,1879995.17
2303907,05,Litoral Norte,2019,2,2199.9
2304251,05,Litoral Norte,2019,2,500658.425
2304707,05,Litoral Norte,2019,2,774592.635
2306553,05,Litoral Norte,2019,2,809307.555
2307254,05,Litoral Norte,2019,2,681996.625
2307908,05,Litoral Norte,2019,2,89918.045
2308906,05,Litoral Norte,2019,2,1226004.84
2313906,05,Litoral Norte,2019,2,1486883.725
2300754,06,Litoral Oeste / Vale do Curu,2019,2,650217.875
2300903,06,Litoral Oeste / Vale do Curu,2019,2,402802.62
2306108,06,Litoral Oeste / Vale do Curu,2019,2,1581704.72
2306306,06,Litoral Oeste / Vale do Curu,2019,2,357430.83
2306405,06,Litoral Oeste / Vale do Curu,2019,2,3553555.19
2308377,06,Litoral Oeste / Vale do Curu,2019,2,335097.325
2310704,06,Litoral Oeste / Vale do Curu,2019,2,632644.08
2313351,06,Litoral Oeste / Vale do Curu,2019,2,209455.13
2313559,06,Litoral Oeste / Vale do Curu,2019,2,259524.43
2313757,06,Litoral Oeste / Vale do Curu,2019,2,441342.475
2313807,06,Litoral Oeste / Vale do Curu,2019,2,1056861.385
2300150,07,Maciço do Baturité,2019,2,118597.03
2301208,07,Maciço do Baturité,2019,2,210185.82
2301406,07,Maciço do Baturité,2019,2,87933.92
2302107,07,Maciço do Baturité,2019,2,73889.27
2305100,07,Maciço do Baturité,2019,2,23742.89
2306504,07,Maciço do Baturité,2019,2,124362.89
2309102,07,Maciço do Baturité,2019,2,47972.415
2309458,07,Maciço do Baturité,2019,2,296949.35
2309805,07,Maciço do Baturité,2019,2,25543.7
2310100,07,Maciço do Baturité,2019,2,204906.04
2311603,07,Maciço do Baturité,2019,2,151640.725
2303402,08,Serra da Ibiapaba,2019,2,86977.0
2304236,08,Serra da Ibiapaba,2019,2,120561.675
2305001,08,Serra da Ibiapaba,2019,2,616497.86
2305308,08,Serra da Ibiapaba,2019,2,112332.555
2305803,08,Serra da Ibiapaba,2019,2,877251.25
2312304,08,Serra da Ibiapaba,2019,2,1059218.28
2313401,08,Serra da Ibiapaba,2019,2,707988.285
2313609,08,Serra da Ibiapaba,2019,2,177062.67
2314102,08,Serra da Ibiapaba,2019,2,608787.42
2301851,09,Sertão Central,2019,2,154921.01
2303931,09,Sertão Central,2019,2,121715.55
2304269,09,Sertão Central,2019,2,351956.86
2305266,09,Sertão Central,2019,2,1445429.595
2305332,09,Sertão Central,2019,2,85438.24
2308500,09,Sertão Central,2019,2,851948.8
2310902,09,Sertão Central,2019,2,553012.07
2311306,09,Sertão Central,2019,2,102141.465
2311405,09,Sertão Central,2019,2,2266665.04
2312700,09,Sertão Central,2019,2,1314939.635
2313005,09,Sertão Central,2019,2,805730.545
2302404,10,Sertão de Canindé,2019,2,22265.64
2302800,10,Sertão de Canindé,2019,2,229454.03
2303006,10,Sertão de Canindé,2019,2,44726.4
2307635,10,Sertão de Canindé,2019,2,110652.22
2310407,10,Sertão de Canindé,2019,2,124840.75
2300507,11,Sertão de Sobral,2019,2,184856.64
2303105,11,Sertão de Sobral,2019,2,1019174.345
2304004,11,Sertão de Sobral,2019,2,425776.205
2304350,11,Sertão de Sobral,2019,2,176239.685
2304509,11,Sertão de Sobral,2019,2,540624.625
2304657,11,Sertão de Sobral,2019,2,281906.06
2304905,11,Sertão de Sobral,2019,2,139074.47
2308005,11,Sertão de Sobral,2019,2,506697.545
2308203,11,Sertão de Sobral,2019,2,407145.13
2309904,11,Sertão de Sobral,2019,2,229839.465
2310951,11,Sertão de Sobral,2019,2,1017253.03
2311702,11,Sertão de Sobral,2019,2,458997.105
2312007,11,Sertão de Sobral,2019,2,420521.87
2312809,11,Sertão de Sobral,2019,2,182638.05
2312908,11,Sertão de Sobral,2019,2,10569302.81
2313955,11,Sertão de Sobral,2019,2,497955.545
2303659,12,Sertão dos Crateús,2019,2,1680.15
2305209,12,Sertão dos Crateús,2019,2,151490.11
2305605,12,Sertão dos Crateús,2019,2,458315.065
2305902,12,Sertão dos Crateús,2019,2,283666.57
2308609,12,Sertão dos Crateús,2019,2,22310.02
2309300,12,Sertão dos Crateús,2019,2,193064.58
2309409,12,Sertão dos Crateús,2019,2,263620.065
2312205,12,Sertão dos Crateús,2019,2,97086.79
2300408,13,Sertão dos Inhamuns,2019,2,216171.005
2313302,13,Sertão dos Inhamuns,2019,2,1451214.27
2300705,14,Vale do Jaguaribe,2019,2,345348.01
2304277,14,Vale do Jaguaribe,2019,2,163560.925
2306009,14,Vale do Jaguaribe,2019,2,492891.895
2306702,14,Vale do Jaguaribe,2019,2,638715.64
2306801,14,Vale do Jaguaribe,2019,2,343434.23
2307601,14,Vale do Jaguaribe,2019,2,1324364.83
2308708,14,Vale do Jaguaribe,2019,2,460505.54
2310001,14,Vale do Jaguaribe,2019,2,127321.805
2311231,14,Vale do Jaguaribe,2019,2,608138.57
2311801,14,Vale do Jaguaribe,2019,2,1130078.815
2312502,14,Vale do Jaguaribe,2019,2,244981.07
2313104,14,Vale do Jaguaribe,2019,2,12363.84
2300101,01,Cariri,2019,3,248651.425
2301307,01,Cariri,2019,3,733939.865
2301604,01,Cariri,2019,3,129753.16000000003
2301901,01,Cariri,2019,3,1048398.9950000001
2302008,01,Cariri,2019,3,33152.270000000004
2302503,01,Cariri,2019,3,188957.6
2302701,01,Cariri,2019,3,995482.3750000001
2304202,01,Cariri,2019,3,4378910.455
2304301,01,Cariri,2019,3,189228.235
2304806,01,Cariri,2019,3,142906.53
2307106,01,Cariri,2019,3,247734.255
2307205,01,Cariri,2019,3,183380.34
2307304,01,Cariri,2019,3,3775581.7550000004
2307502,01,Cariri,2019,3,1041846.4550000001
2308104,01,Cariri,2019,3,230558.46000000002
2308302,01,Cariri,2019,3,11686.0
2308401,01,Cariri,2019,3,638117.5350000001
2310605,01,Cariri,2019,3,52803.225
2311108,01,Cariri,2019,3,12294.045000000013
2311207,01,Cariri,2019,3,305926.68499999994
2312106,01,Cariri,2019,3,109303.4
2313252,01,Cariri,2019,3,60937.76999999999
2314003,01,Cariri,2019,3,805723.495
2300309,02,Centro Sul,2019,3,186636.83000000002
2303600,02,Centro Sul,2019,3,608766.7999999999
2303808,02,Centro Sul,2019,3,32051.42
2305407,02,Centro Sul,2019,3,1333638.12
2305506,02,Centro Sul,2019,3,200143.39
2305704,02,Centro Sul,2019,3,154281.49999999994
2307403,02,Centro Sul,2019,3,161822.52500000002
2311355,02,Centro Sul,2019,3,256108.305
2311900,02,Centro Sul,2019,3,68994.66500000001
2313708,02,Centro Sul,2019,3,16815.495
2301000,03,Grande Fortaleza,2019,3,2338423.0500000003
2303501,03,Grande Fortaleza,2019,3,484067.0449999999
2303709,03,Grande Fortaleza,2019,3,963292.0099999999
2303956,03,Grande Fortaleza,2019,3,335272.55499999993
2304285,03,Grande Fortaleza,2019,3,736246.565
2304400,03,Grande Fortaleza,2019,3,38553586.470000006
2304954,03,Grande Fortaleza,2019,3,217049.33499999996
2305233,03,Grande Fortaleza,2019,3,1225745.935
2306256,03,Grande Fortaleza,2019,3,560077.2300000001
2307650,03,Grande Fortaleza,2019,3,2273757.9350000005
2307700,03,Grande Fortaleza,2019,3,749328.6799999997
2309607,03,Grande Fortaleza,2019,3,481080.2999999998
2309706,03,Grande Fortaleza,2019,3,1065071.175
2310209,03,Grande Fortaleza,2019,3,161169.93
2310258,03,Grande Fortaleza,2019,3,123666.18000000005
2310852,03,Grande Fortaleza,2019,3,268340.37
2312403,03,Grande Fortaleza,2019,3,2102678.9699999997
2312601,03,Grande Fortaleza,2019,3,28348.11500000005
2313500,03,Grande Fortaleza,2019,3,664168.8900000001
2301109,04,Litoral Leste,2019,3,2860251.465
2302206,04,Litoral Leste,2019,3,3492.3
2304459,04,Litoral Leste,2019,3,69889.71
2305357,04,Litoral Leste,2019,3,690464.63
2306207,04,Litoral Leste,2019,3,168483.0
2307007,04,Litoral Leste,2019,3,441777.035
2300200,05,Litoral Norte,2019,3,33164.40500000003
2302057,05,Litoral Norte,2019,3,61234.015000000014
2302305,05,Litoral Norte,2019,3,55416.5
2302602,05,Litoral Norte,2019,3,2048982.9700000002
2303907,05,Litoral Norte,2019,3,7551.6849999999995
2304251,05,Litoral Norte,2019,3,418503.73000000004
2304707,05,Litoral Norte,2019,3,1037232.5549999999
2306553,05,Litoral Norte,2019,3,1734974.6149999998
2307254,05,Litoral Norte,2019,3,915350.56
2307908,05,Litoral Norte,2019,3,60470.854999999996
2308906,05,Litoral Norte,2019,3,169155.47999999998
2313906,05,Litoral Norte,2019,3,82547.48999999999
2300754,06,Litoral Oeste / Vale do Curu,2019,3,181552.92000000004
2300903,06,Litoral Oeste / Vale do Curu,2019,3,411910.41000000003
2304608,06,Litoral Oeste / Vale do Curu,2019,3,210391.35
2306108,06,Litoral Oeste / Vale do Curu,2019,3,655956.0349999999
2306306,06,Litoral Oeste / Vale do Curu,2019,3,139610.76999999996
2306405,06,Litoral Oeste / Vale do Curu,2019,3,1051908.4200000004
2308377,06,Litoral Oeste / Vale do Curu,2019,3,486732.05
2310704,06,Litoral Oeste / Vale do Curu,2019,3,346989.29000000004
2313351,06,Litoral Oeste / Vale do Curu,2019,3,318061.31999999995
2313559,06,Litoral Oeste / Vale do Curu,2019,3,662650.655
2313757,06,Litoral Oeste / Vale do Curu,2019,3,296369.22
2313807,06,Litoral Oeste / Vale do Curu,2019,3,149518.26
2300150,07,Maciço do Baturité,2019,3,156425.84
2301208,07,Maciço do Baturité,2019,3,251415.88
2301406,07,Maciço do Baturité,2019,3,53206.09000000001
2302107,07,Maciço do Baturité,2019,3,60972.09999999999
2302909,07,Maciço do Baturité,2019,3,514864.98
2305100,07,Maciço do Baturité,2019,3,48420.0
2306504,07,Maciço do Baturité,2019,3,90414.84999999999
2309102,07,Maciço do Baturité,2019,3,103266.655
2309458,07,Maciço do Baturité,2019,3,84216.64500000002
2309805,07,Maciço do Baturité,2019,3,91929.075
2310100,07,Maciço do Baturité,2019,3,1591.1999999999825
2311603,07,Maciço do Baturité,2019,3,221153.355
2303402,08,Serra da Ibiapaba,2019,3,106115.185
2304236,08,Serra da Ibiapaba,2019,3,87336.04
2305001,08,Serra da Ibiapaba,2019,3,1005357.5000000001
2305308,08,Serra da Ibiapaba,2019,3,294391.42
2305803,08,Serra da Ibiapaba,2019,3,445363.31000000006
2312304,08,Serra da Ibiapaba,2019,3,885039.1799999999
2313401,08,Serra da Ibiapaba,2019,3,623603.285
2313609,08,Serra da Ibiapaba,2019,3,2372247.98
2314102,08,Serra da Ibiapaba,2019,3,135072.89
2301851,09,Sertão Central,2019,3,145276.59499999997
2303931,09,Sertão Central,2019,3,28991.985
2304269,09,Sertão Central,2019,3,540547.5650000001
2305266,09,Sertão Central,2019,3,237110.42500000005
2305332,09,Sertão Central,2019,3,734.5
2308500,09,Sertão Central,2019,3,349551.70499999984
2310902,09,Sertão Central,2019,3,457537.94000000006
2311306,09,Sertão Central,2019,3,229613.12999999998
2311405,09,Sertão Central,2019,3,183412.95999999996
2312700,09,Sertão Central,2019,3,999101.4549999998
2313005,09,Sertão Central,2019,3,296625.2699999999
2302404,10,Sertão de Canindé,2019,3,88397.07
2302800,10,Sertão de Canindé,2019,3,705973.35
2303006,10,Sertão de Canindé,2019,3,41854.700000000004
2307635,10,Sertão de Canindé,2019,3,340464.765
2310407,10,Sertão de Canindé,2019,3,155028.02000000002
2300507,11,Sertão de Sobral,2019,3,142052.46499999997
2303105,11,Sertão de Sobral,2019,3,1167003.3699999999
2304004,11,Sertão de Sobral,2019,3,88629.82500000001
2304350,11,Sertão de Sobral,2019,3,333968.335
2304509,11,Sertão de Sobral,2019,3,389757.16000000003
2304657,11,Sertão de Sobral,2019,3,516535.705
2304905,11,Sertão de Sobral,2019,3,42583.48000000001
2308005,11,Sertão de Sobral,2019,3,272454.085
2308203,11,Sertão de Sobral,2019,3,319745.33999999997
2309904,11,Sertão de Sobral,2019,3,710629.0650000001
2310951,11,Sertão de Sobral,2019,3,388342.5
2311702,11,Sertão de Sobral,2019,3,403126.115
2312007,11,Sertão de Sobral,2019,3,258674.96999999997
2312809,11,Sertão de Sobral,2019,3,14955.279999999999
2312908,11,Sertão de Sobral,2019,3,6056567.709999999
2313955,11,Sertão de Sobral,2019,3,444450.63500000007
2303659,12,Sertão dos Crateús,2019,3,1598.1
2304103,12,Sertão dos Crateús,2019,3,1101551.695
2305209,12,Sertão dos Crateús,2019,3,49552.880000000005
2305605,12,Sertão dos Crateús,2019,3,1700.969999999972
2305902,12,Sertão dos Crateús,2019,3,92416.83999999997
2308609,12,Sertão dos Crateús,2019,3,92349.05
2309300,12,Sertão dos Crateús,2019,3,312825.55000000005
2309409,12,Sertão dos Crateús,2019,3,101755.01000000001
2312205,12,Sertão dos Crateús,2019,3,195148.96000000002
2300408,13,Sertão dos Inhamuns,2019,3,140521.97999999998
2313302,13,Sertão dos Inhamuns,2019,3,551880.585
2300705,14,Vale do Jaguaribe,2019,3,72672.02000000002
2304277,14,Vale do Jaguaribe,2019,3,1240.0
2306009,14,Vale do Jaguaribe,2019,3,710339.2749999999
2306702,14,Vale do Jaguaribe,2019,3,44628.5
2306801,14,Vale do Jaguaribe,2019,3,21181.735000000044
2307601,14,Vale do Jaguaribe,2019,3,1250611.565
2308708,14,Vale do Jaguaribe,2019,3,1323822.56
2310001,14,Vale do Jaguaribe,2019,3,95048.225
2311231,14,Vale do Jaguaribe,2019,3,311485.7250000001
2311801,14,Vale do Jaguaribe,2019,3,984053.8650000002
2312502,14,Vale do Jaguaribe,2019,3,264177.455
2313104,14,Vale do Jaguaribe,2019,3,1112720.7999999998
2300101,01,Cariri,2019,4,248651.425
2301307,01,Cariri,2019,4,733939.865
2301604,01,Cariri,2019,4,129753.16000000003
2301901,01,Cariri,2019,4,1048398.9950000001
2302008,01,Cariri,2019,4,33152.270000000004
2302503,01,Cariri,2019,4,188957.6
2302701,01,Cariri,2019,4,995482.3750000001
2304202,01,Cariri,2019,4,4378910.455
2304301,01,Cariri,2019,4,189228.235
2304806,01,Cariri,2019,4,142906.53
2307106,01,Cariri,2019,4,247734.255
2307205,01,Cariri,2019,4,183380.34
2307304,01,Cariri,2019,4,3775581.7550000004
2307502,01,Cariri,2019,4,1041846.4550000001
2308104,01,Cariri,2019,4,230558.46000000002
2308302,01,Cariri,2019,4,11686.0
2308401,01,Cariri,2019,4,638117.5350000001
2310605,01,Cariri,2019,4,52803.225
2311108,01,Cariri,2019,4,12294.045000000013
2311207,01,Cariri,2019,4,305926.68499999994
2312106,01,Cariri,2019,4,109303.4
2313252,01,Cariri,2019,4,60937.76999999999
2314003,01,Cariri,2019,4,805723.495
2300309,02,Centro Sul,2019,4,186636.83000000002
2303600,02,Centro Sul,2019,4,608766.7999999999
2303808,02,Centro Sul,2019,4,32051.42
2305407,02,Centro Sul,2019,4,1333638.12
2305506,02,Centro Sul,2019,4,200143.39
2305704,02,Centro Sul,2019,4,154281.49999999994
2307403,02,Centro Sul,2019,4,161822.52500000002
2311355,02,Centro Sul,2019,4,256108.305
2311900,02,Centro Sul,2019,4,68994.66500000001
2313708,02,Centro Sul,2019,4,16815.495
2301000,03,Grande Fortaleza,2019,4,2338423.0500000003
2303501,03,Grande Fortaleza,2019,4,484067.0449999999
2303709,03,Grande Fortaleza,2019,4,963292.0099999999
2303956,03,Grande Fortaleza,2019,4,335272.55499999993
2304285,03,Grande Fortaleza,2019,4,736246.565
2304400,03,Grande Fortaleza,2019,4,38553586.470000006
2304954,03,Grande Fortaleza,2019,4,217049.33499999996
2305233,03,Grande Fortaleza,2019,4,1225745.935
2306256,03,Grande Fortaleza,2019,4,560077.2300000001
2307650,03,Grande Fortaleza,2019,4,2273757.9350000005
2307700,03,Grande Fortaleza,2019,4,749328.6799999997
2309607,03,Grande Fortaleza,2019,4,481080.2999999998
2309706,03,Grande Fortaleza,2019,4,1065071.175
2310209,03,Grande Fortaleza,2019,4,161169.93
2310258,03,Grande Fortaleza,2019,4,123666.18000000005
2310852,03,Grande Fortaleza,2019,4,268340.37
2312403,03,Grande Fortaleza,2019,4,2102678.9699999997
2312601,03,Grande Fortaleza,2019,4,28348.11500000005
2313500,03,Grande Fortaleza,2019,4,664168.8900000001
2301109,04,Litoral Leste,2019,4,2860251.465
2302206,04,Litoral Leste,2019,4,3492.3
2304459,04,Litoral Leste,2019,4,69889.71
2305357,04,Litoral Leste,2019,4,690464.63
2306207,04,Litoral Leste,2019,4,168483.0
2307007,04,Litoral Leste,2019,4,441777.035
2300200,05,Litoral Norte,2019,4,33164.40500000003
2302057,05,Litoral Norte,2019,4,61234.015000000014
2302305,05,Litoral Norte,2019,4,55416.5
2302602,05,Litoral Norte,2019,4,2048982.9700000002
2303907,05,Litoral Norte,2019,4,7551.6849999999995
2304251,05,Litoral Norte,2019,4,418503.73000000004
2304707,05,Litoral Norte,2019,4,1037232.5549999999
2306553,05,Litoral Norte,2019,4,1734974.6149999998
2307254,05,Litoral Norte,2019,4,915350.56
2307908,05,Litoral Norte,2019,4,60470.854999999996
2308906,05,Litoral Norte,2019,4,169155.47999999998
2313906,05,Litoral Norte,2019,4,82547.48999999999
2300754,06,Litoral Oeste / Vale do Curu,2019,4,181552.92000000004
2300903,06,Litoral Oeste / Vale do Curu,2019,4,411910.41000000003
2304608,06,Litoral Oeste / Vale do Curu,2019,4,210391.35
2306108,06,Litoral Oeste / Vale do Curu,2019,4,655956.0349999999
2306306,06,Litoral Oeste / Vale do Curu,2019,4,139610.76999999996
2306405,06,Litoral Oeste / Vale do Curu,2019,4,1051908.4200000004
2308377,06,Litoral Oeste / Vale do Curu,2019,4,486732.05
2310704,06,Litoral Oeste / Vale do Curu,2019,4,346989.29000000004
2313351,06,Litoral Oeste / Vale do Curu,2019,4,318061.31999999995
2313559,06,Litoral Oeste / Vale do Curu,2019,4,662650.655
2313757,06,Litoral Oeste / Vale do Curu,2019,4,296369.22
2313807,06,Litoral Oeste / Vale do Curu,2019,4,149518.26
2300150,07,Maciço do Baturité,2019,4,156425.84
2301208,07,Maciço do Baturité,2019,4,251415.88
2301406,07,Maciço do Baturité,2019,4,53206.09000000001
2302107,07,Maciço do Baturité,2019,4,60972.09999999999
2302909,07,Maciço do Baturité,2019,4,514864.98
2305100,07,Maciço do Baturité,2019,4,48420.0
2306504,07,Maciço do Baturité,2019,4,90414.84999999999
2309102,07,Maciço do Baturité,2019,4,103266.655
2309458,07,Maciço do Baturité,2019,4,84216.64500000002
2309805,07,Maciço do Baturité,2019,4,91929.075
2310100,07,Maciço do Baturité,2019,4,1591.1999999999825
2311603,07,Maciço do Baturité,2019,4,221153.355
2303402,08,Serra da Ibiapaba,2019,4,106115.185
2304236,08,Serra da Ibiapaba,2019,4,87336.04
2305001,08,Serra da Ibiapaba,2019,4,1005357.5000000001
2305308,08,Serra da Ibiapaba,2019,4,294391.42
2305803,08,Serra da Ibiapaba,2019,4,445363.31000000006
2312304,08,Serra da Ibiapaba,2019,4,885039.1799999999
2313401,08,Serra da Ibiapaba,2019,4,623603.285
2313609,08,Serra da Ibiapaba,2019,4,2372247.98
2314102,08,Serra da Ibiapaba,2019,4,135072.89
2301851,09,Sertão Central,2019,4,145276.59499999997
2303931,09,Sertão Central,2019,4,28991.985
2304269,09,Sertão Central,2019,4,540547.5650000001
2305266,09,Sertão Central,2019,4,237110.42500000005
2305332,09,Sertão Central,2019,4,734.5
2308500,09,Sertão Central,2019,4,349551.70499999984
2310902,09,Sertão Central,2019,4,457537.94000000006
2311306,09,Sertão Central,2019,4,229613.12999999998
2311405,09,Sertão Central,2019,4,183412.95999999996
2312700,09,Sertão Central,2019,4,999101.4549999998
2313005,09,Sertão Central,2019,4,296625.2699999999
2302404,10,Sertão de Canindé,2019,4,88397.07
2302800,10,Sertão de Canindé,2019,4,705973.35
2303006,10,Sertão de Canindé,2019,4,41854.700000000004
2307635,10,Sertão de Canindé,2019,4,340464.765
2310407,10,Sertão de Canindé,2019,4,155028.02000000002
2300507,11,Sertão de Sobral,2019,4,142052.46499999997
2303105,11,Sertão de Sobral,2019,4,1167003.3699999999
2304004,11,Sertão de Sobral,2019,4,88629.82500000001
2304350,11,Sertão de Sobral,2019,4,333968.335
2304509,11,Sertão de Sobral,2019,4,389757.16000000003
2304657,11,Sertão de Sobral,2019,4,516535.705
2304905,11,Sertão de Sobral,2019,4,42583.48000000001
2308005,11,Sertão de Sobral,2019,4,272454.085
2308203,11,Sertão de Sobral,2019,4,319745.33999999997
2309904,11,Sertão de Sobral,2019,4,710629.0650000001
2310951,11,Sertão de Sobral,2019,4,388342.5
2311702,11,Sertão de Sobral,2019,4,403126.115
2312007,11,Sertão de Sobral,2019,4,258674.96999999997
2312809,11,Sertão de Sobral,2019,4,14955.279999999999
2312908,11,Sertão de Sobral,2019,4,6056567.709999999
2313955,11,Sertão de Sobral,2019,4,444450.63500000007
2303659,12,Sertão dos Crateús,2019,4,1598.1
2304103,12,Sertão dos Crateús,2019,4,1101551.695
2305209,12,Sertão dos Crateús,2019,4,49552.880000000005
2305605,12,Sertão dos Crateús,2019,4,1700.969999999972
2305902,12,Sertão dos Crateús,2019,4,92416.83999999997
2308609,12,Sertão dos Crateús,2019,4,92349.05
2309300,12,Sertão dos Crateús,2019,4,312825.55000000005
2309409,12,Sertão dos Crateús,2019,4,101755.01000000001
2312205,12,Sertão dos Crateús,2019,4,195148.96000000002
2300408,13,Sertão dos Inhamuns,2019,4,140521.97999999998
2313302,13,Sertão dos Inhamuns,2019,4,551880.585
2300705,14,Vale do Jaguaribe,2019,4,72672.02000000002
2304277,14,Vale do Jaguaribe,2019,4,1240.0
2306009,14,Vale do Jaguaribe,2019,4,710339.2749999999
2306702,14,Vale do Jaguaribe,2019,4,44628.5
2306801,14,Vale do Jaguaribe,2019,4,21181.735000000044
2307601,14,Vale do Jaguaribe,2019,4,1250611.565
2308708,14,Vale do Jaguaribe,2019,4,1323822.56
2310001,14,Vale do Jaguaribe,2019,4,95048.225
2311231,14,Vale do Jaguaribe,2019,4,311485.7250000001
2311801,14,Vale do Jaguaribe,2019,4,984053.8650000002
2312502,14,Vale do Jaguaribe,2019,4,264177.455
2313104,14,Vale do Jaguaribe,2019,4,1112720.7999999998
2300101,01,Cariri,2019,5,185104.62
2301307,01,Cariri,2019,5,762075.4099999999
2301604,01,Cariri,2019,5,79164.20499999996
2301901,01,Cariri,2019,5,115246.46999999997
2302008,01,Cariri,2019,5,34473.035
2302503,01,Cariri,2019,5,52030.264999999985
2302701,01,Cariri,2019,5,366915.21499999985
2304202,01,Cariri,2019,5,2499706.5199999996
2304301,01,Cariri,2019,5,801461.3049999999
2304806,01,Cariri,2019,5,290014.82999999996
2307106,01,Cariri,2019,5,230614.25500000006
2307205,01,Cariri,2019,5,275559.875
2307304,01,Cariri,2019,5,2028932.0549999997
2307502,01,Cariri,2019,5,1211385.145
2308104,01,Cariri,2019,5,20177.11499999999
2308302,01,Cariri,2019,5,66486.77000000002
2308401,01,Cariri,2019,5,407277.41500000004
2310605,01,Cariri,2019,5,221220.775
2311108,01,Cariri,2019,5,484944.82999999996
2311207,01,Cariri,2019,5,219422.90000000002
2312106,01,Cariri,2019,5,157995.63499999998
2313252,01,Cariri,2019,5,149974.52000000002
2314003,01,Cariri,2019,5,833475.5800000001
2300309,02,Centro Sul,2019,5,592017.26
2303600,02,Centro Sul,2019,5,634.75
2303808,02,Centro Sul,2019,5,235412.39500000002
2305407,02,Centro Sul,2019,5,549838.1699999999
2305506,02,Centro Sul,2019,5,466984.635
2305704,02,Centro Sul,2019,5,89590.3500000001
2307403,02,Centro Sul,2019,5,504917.58499999985
2311355,02,Centro Sul,2019,5,208341.55000000005
2311900,02,Centro Sul,2019,5,527851.5049999999
2313708,02,Centro Sul,2019,5,34981.0
2301000,03,Grande Fortaleza,2019,5,2324077.915
2303501,03,Grande Fortaleza,2019,5,93175.81500000018
2303709,03,Grande Fortaleza,2019,5,480246.7050000001
2303956,03,Grande Fortaleza,2019,5,296697.25
2304285,03,Grande Fortaleza,2019,5,172584.79500000016
2304400,03,Grande Fortaleza,2019,5,56226421.03500001
2304954,03,Grande Fortaleza,2019,5,651851.1200000001
2305233,03,Grande Fortaleza,2019,5,916165.8449999997
2306256,03,Grande Fortaleza,2019,5,298046.22
2307650,03,Grande Fortaleza,2019,5,2828496.039999999
2307700,03,Grande Fortaleza,2019,5,457376.77
2309607,03,Grande Fortaleza,2019,5,1868644.0549999997
2309706,03,Grande Fortaleza,2019,5,395809.8700000001
2310209,03,Grande Fortaleza,2019,5,84557.37
2310258,03,Grande Fortaleza,2019,5,579698.765
2310852,03,Grande Fortaleza,2019,5,246989.38999999996
2312403,03,Grande Fortaleza,2019,5,2655407.045000001
2312601,03,Grande Fortaleza,2019,5,56782.189999999944
2313500,03,Grande Fortaleza,2019,5,191975.0399999998
2301109,04,Litoral Leste,2019,5,379734.55999999866
2302206,04,Litoral Leste,2019,5,261915.885
2304459,04,Litoral Leste,2019,5,1959229.645
2305357,04,Litoral Leste,2019,5,845467.7699999998
2306207,04,Litoral Leste,2019,5,48714.99999999997
2307007,04,Litoral Leste,2019,5,317169.525
2300200,05,Litoral Norte,2019,5,296313.94999999995
2302057,05,Litoral Norte,2019,5,126931.03499999997
2302305,05,Litoral Norte,2019,5,439287.81500000006
2302602,05,Litoral Norte,2019,5,1470424.7849999997
2303907,05,Litoral Norte,2019,5,108231.04500000001
2304251,05,Litoral Norte,2019,5,254034.865
2304707,05,Litoral Norte,2019,5,268372.76
2306553,05,Litoral Norte,2019,5,2647907.08
2307254,05,Litoral Norte,2019,5,931421.0550000002
2307908,05,Litoral Norte,2019,5,54629.47
2308906,05,Litoral Norte,2019,5,409684.31999999983
2313906,05,Litoral Norte,2019,5,49377.51000000001
2300754,06,Litoral Oeste / Vale do Curu,2019,5,381009.64
2300903,06,Litoral Oeste / Vale do Curu,2019,5,234573.44500000007
2304608,06,Litoral Oeste / Vale do Curu,2019,5,450.0
2306108,06,Litoral Oeste / Vale do Curu,2019,5,8406431.805
2306306,06,Litoral Oeste / Vale do Curu,2019,5,41145.57500000007
2306405,06,Litoral Oeste / Vale do Curu,2019,5,1164287.3649999993
2308377,06,Litoral Oeste / Vale do Curu,2019,5,126226.76500000001
2310704,06,Litoral Oeste / Vale do Curu,2019,5,190486.7200000001
2313351,06,Litoral Oeste / Vale do Curu,2019,5,527023.9750000001
2313559,06,Litoral Oeste / Vale do Curu,2019,5,404655.64000000013
2313757,06,Litoral Oeste / Vale do Curu,2019,5,432168.85
2313807,06,Litoral Oeste / Vale do Curu,2019,5,142081.45500000007
2300150,07,Maciço do Baturité,2019,5,287020.865
2301208,07,Maciço do Baturité,2019,5,492968.48500000004
2301406,07,Maciço do Baturité,2019,5,151808.14
2302107,07,Maciço do Baturité,2019,5,214508.615
2302909,07,Maciço do Baturité,2019,5,13639.300000000047
2305100,07,Maciço do Baturité,2019,5,109775.955
2306504,07,Maciço do Baturité,2019,5,32285.0
2309102,07,Maciço do Baturité,2019,5,149739.38
2309458,07,Maciço do Baturité,2019,5,140558.95500000002
2309805,07,Maciço do Baturité,2019,5,0.0
2310100,07,Maciço do Baturité,2019,5,113860.77500000002
2311603,07,Maciço do Baturité,2019,5,318401.88499999995
2303402,08,Serra da Ibiapaba,2019,5,205107.86
2304236,08,Serra da Ibiapaba,2019,5,101272.65
2305001,08,Serra da Ibiapaba,2019,5,798867.675
2305308,08,Serra da Ibiapaba,2019,5,386614.755
2305803,08,Serra da Ibiapaba,2019,5,313102.52
2312304,08,Serra da Ibiapaba,2019,5,583031.3999999999
2313401,08,Serra da Ibiapaba,2019,5,1462423.365
2313609,08,Serra da Ibiapaba,2019,5,685025.2600000002
2314102,08,Serra da Ibiapaba,2019,5,219290.8899999999
2301851,09,Sertão Central,2019,5,221055.26
2303931,09,Sertão Central,2019,5,153739.4
2304269,09,Sertão Central,2019,5,179721.79499999993
2305266,09,Sertão Central,2019,5,3120.994999999879
2305332,09,Sertão Central,2019,5,514979.12
2308500,09,Sertão Central,2019,5,404074.93000000017
2310902,09,Sertão Central,2019,5,285377.07499999995
2311306,09,Sertão Central,2019,5,339775.94500000007
2311405,09,Sertão Central,2019,5,1682895.2000000002
2312700,09,Sertão Central,2019,5,582860.6800000002
2313005,09,Sertão Central,2019,5,137883.60499999998
2302404,10,Sertão de Canindé,2019,5,216324.065
2302800,10,Sertão de Canindé,2019,5,355545.07500000007
2303006,10,Sertão de Canindé,2019,5,113261.94999999998
2307635,10,Sertão de Canindé,2019,5,130338.22499999998
2310407,10,Sertão de Canindé,2019,5,128245.45999999996
2300507,11,Sertão de Sobral,2019,5,48181.16000000003
2303105,11,Sertão de Sobral,2019,5,1247740.56
2304004,11,Sertão de Sobral,2019,5,458505.475
2304350,11,Sertão de Sobral,2019,5,188521.44999999995
2304509,11,Sertão de Sobral,2019,5,46904.75
2304657,11,Sertão de Sobral,2019,5,461340.4
2304905,11,Sertão de Sobral,2019,5,297045.76
2308005,11,Sertão de Sobral,2019,5,349675.2499999999
2308203,11,Sertão de Sobral,2019,5,6719.300000000047
2309904,11,Sertão de Sobral,2019,5,274096.1699999999
2310951,11,Sertão de Sobral,2019,5,377736.66500000004
2311702,11,Sertão de Sobral,2019,5,551395.895
2312007,11,Sertão de Sobral,2019,5,34294.19000000006
2312809,11,Sertão de Sobral,2019,5,2453.375
2312908,11,Sertão de Sobral,2019,5,4449975.914999999
2313955,11,Sertão de Sobral,2019,5,681588.6549999999
2303659,12,Sertão dos Crateús,2019,5,3017.5
2304103,12,Sertão dos Crateús,2019,5,913624.125
2305209,12,Sertão dos Crateús,2019,5,23930.095
2305605,12,Sertão dos Crateús,2019,5,1471.350000000035
2305902,12,Sertão dos Crateús,2019,5,25833.400000000023
2308609,12,Sertão dos Crateús,2019,5,170176.55
2309300,12,Sertão dos Crateús,2019,5,208080.92000000004
2309409,12,Sertão dos Crateús,2019,5,604135.375
2312205,12,Sertão dos Crateús,2019,5,307656.33999999997
2300408,13,Sertão dos Inhamuns,2019,5,119852.62
2313302,13,Sertão dos Inhamuns,2019,5,483010.56499999994
2300705,14,Vale do Jaguaribe,2019,5,5800.0
2304277,14,Vale do Jaguaribe,2019,5,76333.05000000002
2306009,14,Vale do Jaguaribe,2019,5,421295.15000000014
2306702,14,Vale do Jaguaribe,2019,5,614437.035
2306801,14,Vale do Jaguaribe,2019,5,90810.435
2307601,14,Vale do Jaguaribe,2019,5,665221.56
2308708,14,Vale do Jaguaribe,2019,5,659469.1400000001
2310001,14,Vale do Jaguaribe,2019,5,28997.410000000003
2311231,14,Vale do Jaguaribe,2019,5,672907.785
2311801,14,Vale do Jaguaribe,2019,5,1106390.295
2312502,14,Vale do Jaguaribe,2019,5,135877.19999999995
2313104,14,Vale do Jaguaribe,2019,5,72148.52500000014
2300101,01,Cariri,2019,6,185104.62
2301307,01,Cariri,2019,6,762075.4099999999
2301604,01,Cariri,2019,6,79164.20499999996
2301901,01,Cariri,2019,6,115246.46999999997
2302008,01,Cariri,2019,6,34473.035
2302503,01,Cariri,2019,6,52030.264999999985
2302701,01,Cariri,2019,6,366915.21499999985
2304202,01,Cariri,2019,6,2499706.5199999996
2304301,01,Cariri,2019,6,801461.3049999999
2304806,01,Cariri,2019,6,290014.82999999996
2307106,01,Cariri,2019,6,230614.25500000006
2307205,01,Cariri,2019,6,275559.875
2307304,01,Cariri,2019,6,2028932.0549999997
2307502,01,Cariri,2019,6,1211385.145
2308104,01,Cariri,2019,6,20177.11499999999
2308302,01,Cariri,2019,6,66486.77000000002
2308401,01,Cariri,2019,6,407277.41500000004
2310605,01,Cariri,2019,6,221220.775
2311108,01,Cariri,2019,6,484944.82999999996
2311207,01,Cariri,2019,6,219422.90000000002
2312106,01,Cariri,2019,6,157995.63499999998
2313252,01,Cariri,2019,6,149974.52000000002
2314003,01,Cariri,2019,6,833475.5800000001
2300309,02,Centro Sul,2019,6,592017.26
2303600,02,Centro Sul,2019,6,634.75
2303808,02,Centro Sul,2019,6,235412.39500000002
2305407,02,Centro Sul,2019,6,549838.1699999999
2305506,02,Centro Sul,2019,6,466984.635
2305704,02,Centro Sul,2019,6,89590.3500000001
2307403,02,Centro Sul,2019,6,504917.58499999985
2311355,02,Centro Sul,2019,6,208341.55000000005
2311900,02,Centro Sul,2019,6,527851.5049999999
2313708,02,Centro Sul,2019,6,34981.0
2301000,03,Grande Fortaleza,2019,6,2324077.915
2303501,03,Grande Fortaleza,2019,6,93175.81500000018
2303709,03,Grande Fortaleza,2019,6,480246.7050000001
2303956,03,Grande Fortaleza,2019,6,296697.25
2304285,03,Grande Fortaleza,2019,6,172584.79500000016
2304400,03,Grande Fortaleza,2019,6,56226421.03500001
2304954,03,Grande Fortaleza,2019,6,651851.1200000001
2305233,03,Grande Fortaleza,2019,6,916165.8449999997
2306256,03,Grande Fortaleza,2019,6,298046.22
2307650,03,Grande Fortaleza,2019,6,2828496.039999999
2307700,03,Grande Fortaleza,2019,6,457376.77
2309607,03,Grande Fortaleza,2019,6,1868644.0549999997
2309706,03,Grande Fortaleza,2019,6,395809.8700000001
2310209,03,Grande Fortaleza,2019,6,84557.37
2310258,03,Grande Fortaleza,2019,6,579698.765
2310852,03,Grande Fortaleza,2019,6,246989.38999999996
2312403,03,Grande Fortaleza,2019,6,2655407.045000001
2312601,03,Grande Fortaleza,2019,6,56782.189999999944
2313500,03,Grande Fortaleza,2019,6,191975.0399999998
2301109,04,Litoral Leste,2019,6,379734.55999999866
2302206,04,Litoral Leste,2019,6,261915.885
2304459,04,Litoral Leste,2019,6,1959229.645
2305357,04,Litoral Leste,2019,6,845467.7699999998
2306207,04,Litoral Leste,2019,6,48714.99999999997
2307007,04,Litoral Leste,2019,6,317169.525
2300200,05,Litoral Norte,2019,6,296313.94999999995
2302057,05,Litoral Norte,2019,6,126931.03499999997
2302305,05,Litoral Norte,2019,6,439287.81500000006
2302602,05,Litoral Norte,2019,6,1470424.7849999997
2303907,05,Litoral Norte,2019,6,108231.04500000001
2304251,05,Litoral Norte,2019,6,254034.865
2304707,05,Litoral Norte,2019,6,268372.76
2306553,05,Litoral Norte,2019,6,2647907.08
2307254,05,Litoral Norte,2019,6,931421.0550000002
2307908,05,Litoral Norte,2019,6,54629.47
2308906,05,Litoral Norte,2019,6,409684.31999999983
2313906,05,Litoral Norte,2019,6,49377.51000000001
2300754,06,Litoral Oeste / Vale do Curu,2019,6,381009.64
2300903,06,Litoral Oeste / Vale do Curu,2019,6,234573.44500000007
2304608,06,Litoral Oeste / Vale do Curu,2019,6,450.0
2306108,06,Litoral Oeste / Vale do Curu,2019,6,8406431.805
2306306,06,Litoral Oeste / Vale do Curu,2019,6,41145.57500000007
2306405,06,Litoral Oeste / Vale do Curu,2019,6,1164287.3649999993
2308377,06,Litoral Oeste / Vale do Curu,2019,6,126226.76500000001
2310704,06,Litoral Oeste / Vale do Curu,2019,6,190486.7200000001
2313351,06,Litoral Oeste / Vale do Curu,2019,6,527023.9750000001
2313559,06,Litoral Oeste / Vale do Curu,2019,6,404655.64000000013
2313757,06,Litoral Oeste / Vale do Curu,2019,6,432168.85
2313807,06,Litoral Oeste / Vale do Curu,2019,6,142081.45500000007
2300150,07,Maciço do Baturité,2019,6,287020.865
2301208,07,Maciço do Baturité,2019,6,492968.48500000004
2301406,07,Maciço do Baturité,2019,6,151808.14
2302107,07,Maciço do Baturité,2019,6,214508.615
2302909,07,Maciço do Baturité,2019,6,13639.300000000047
2305100,07,Maciço do Baturité,2019,6,109775.955
2306504,07,Maciço do Baturité,2019,6,32285.0
2309102,07,Maciço do Baturité,2019,6,149739.38
2309458,07,Maciço do Baturité,2019,6,140558.95500000002
2309805,07,Maciço do Baturité,2019,6,0.0
2310100,07,Maciço do Baturité,2019,6,113860.77500000002
2311603,07,Maciço do Baturité,2019,6,318401.88499999995
2303402,08,Serra da Ibiapaba,2019,6,205107.86
2304236,08,Serra da Ibiapaba,2019,6,101272.65
2305001,08,Serra da Ibiapaba,2019,6,798867.675
2305308,08,Serra da Ibiapaba,2019,6,386614.755
2305803,08,Serra da Ibiapaba,2019,6,313102.52
2312304,08,Serra da Ibiapaba,2019,6,583031.3999999999
2313401,08,Serra da Ibiapaba,2019,6,1462423.365
2313609,08,Serra da Ibiapaba,2019,6,685025.2600000002
2314102,08,Serra da Ibiapaba,2019,6,219290.8899999999
2301851,09,Sertão Central,2019,6,221055.26
2303931,09,Sertão Central,2019,6,153739.4
2304269,09,Sertão Central,2019,6,179721.79499999993
2305266,09,Sertão Central,2019,6,3120.994999999879
2305332,09,Sertão Central,2019,6,514979.12
2308500,09,Sertão Central,2019,6,404074.93000000017
2310902,09,Sertão Central,2019,6,285377.07499999995
2311306,09,Sertão Central,2019,6,339775.94500000007
2311405,09,Sertão Central,2019,6,1682895.2000000002
2312700,09,Sertão Central,2019,6,582860.6800000002
2313005,09,Sertão Central,2019,6,137883.60499999998
2302404,10,Sertão de Canindé,2019,6,216324.065
2302800,10,Sertão de Canindé,2019,6,355545.07500000007
2303006,10,Sertão de Canindé,2019,6,113261.94999999998
2307635,10,Sertão de Canindé,2019,6,130338.22499999998
2310407,10,Sertão de Canindé,2019,6,128245.45999999996
2300507,11,Sertão de Sobral,2019,6,48181.16000000003
2303105,11,Sertão de Sobral,2019,6,1247740.56
2304004,11,Sertão de Sobral,2019,6,458505.475
2304350,11,Sertão de Sobral,2019,6,188521.44999999995
2304509,11,Sertão de Sobral,2019,6,46904.75
2304657,11,Sertão de Sobral,2019,6,461340.4
2304905,11,Sertão de Sobral,2019,6,297045.76
2308005,11,Sertão de Sobral,2019,6,349675.2499999999
2308203,11,Sertão de Sobral,2019,6,6719.300000000047
2309904,11,Sertão de Sobral,2019,6,274096.1699999999
2310951,11,Sertão de Sobral,2019,6,377736.66500000004
2311702,11,Sertão de Sobral,2019,6,551395.895
2312007,11,Sertão de Sobral,2019,6,34294.19000000006
2312809,11,Sertão de Sobral,2019,6,2453.375
2312908,11,Sertão de Sobral,2019,6,4449975.914999999
2313955,11,Sertão de Sobral,2019,6,681588.6549999999
2303659,12,Sertão dos Crateús,2019,6,3017.5
2304103,12,Sertão dos Crateús,2019,6,913624.125
2305209,12,Sertão dos Crateús,2019,6,23930.095
2305605,12,Sertão dos Crateús,2019,6,1471.350000000035
2305902,12,Sertão dos Crateús,2019,6,25833.400000000023
2308609,12,Sertão dos Crateús,2019,6,170176.55
2309300,12,Sertão dos Crateús,2019,6,208080.92000000004
2309409,12,Sertão dos Crateús,2019,6,604135.375
2312205,12,Sertão dos Crateús,2019,6,307656.33999999997
2300408,13,Sertão dos Inhamuns,2019,6,119852.62
2313302,13,Sertão dos Inhamuns,2019,6,483010.56499999994
2300705,14,Vale do Jaguaribe,2019,6,5800.0
2304277,14,Vale do Jaguaribe,2019,6,76333.05000000002
2306009,14,Vale do Jaguaribe,2019,6,421295.15000000014
2306702,14,Vale do Jaguaribe,2019,6,614437.035
2306801,14,Vale do Jaguaribe,2019,6,90810.435
2307601,14,Vale do Jaguaribe,2019,6,665221.56
2308708,14,Vale do Jaguaribe,2019,6,659469.1400000001
2310001,14,Vale do Jaguaribe,2019,6,28997.410000000003
2311231,14,Vale do Jaguaribe,2019,6,672907.785
2311801,14,Vale do Jaguaribe,2019,6,1106390.295
2312502,14,Vale do Jaguaribe,2019,6,135877.19999999995
2313104,14,Vale do Jaguaribe,2019,6,72148.52500000014
2300101,01,Cariri,2019,7,100483.41500000004
2301307,01,Cariri,2019,7,526218.6600000001
2301604,01,Cariri,2019,7,60701.375
2301901,01,Cariri,2019,7,328263.45999999996
2302008,01,Cariri,2019,7,46739.20499999999
2302503,01,Cariri,2019,7,664665.31
2302701,01,Cariri,2019,7,287980.93500000006
2304202,01,Cariri,2019,7,2503629.835000001
2304301,01,Cariri,2019,7,292137.31000000006
2304806,01,Cariri,2019,7,137857.765
2307106,01,Cariri,2019,7,317252.115
2307205,01,Cariri,2019,7,58266.35499999998
2307304,01,Cariri,2019,7,4433509.0
2307502,01,Cariri,2019,7,596314.2050000001
2308104,01,Cariri,2019,7,175049.52999999997
2308302,01,Cariri,2019,7,72981.995
2308401,01,Cariri,2019,7,383477.7700000005
2310605,01,Cariri,2019,7,16993.45000000001
2311108,01,Cariri,2019,7,348655.5249999999
2311207,01,Cariri,2019,7,344828.80999999994
2312106,01,Cariri,2019,7,187475.28000000003
2313252,01,Cariri,2019,7,61246.399999999965
2314003,01,Cariri,2019,7,833661.9300000002
2300309,02,Centro Sul,2019,7,1442553.6800000002
2303600,02,Centro Sul,2019,7,251788.875
2303808,02,Centro Sul,2019,7,545422.33
2305407,02,Centro Sul,2019,7,803628.8999999999
2305506,02,Centro Sul,2019,7,289663.22
2305704,02,Centro Sul,2019,7,41400.66499999992
2307403,02,Centro Sul,2019,7,215216.95500000007
2311355,02,Centro Sul,2019,7,468659.46499999997
2311900,02,Centro Sul,2019,7,320770.80500000005
2313708,02,Centro Sul,2019,7,35314.24999999999
2301000,03,Grande Fortaleza,2019,7,2227424.58
2303501,03,Grande Fortaleza,2019,7,236436.61999999988
2303709,03,Grande Fortaleza,2019,7,18722898.974999998
2303956,03,Grande Fortaleza,2019,7,468918.05499999993
2304285,03,Grande Fortaleza,2019,7,880553.0549999999
2304400,03,Grande Fortaleza,2019,7,36737829.98999998
2304954,03,Grande Fortaleza,2019,7,221827.49499999988
2305233,03,Grande Fortaleza,2019,7,908637.4100000001
2306256,03,Grande Fortaleza,2019,7,465389.865
2307650,03,Grande Fortaleza,2019,7,2891641.76
2307700,03,Grande Fortaleza,2019,7,1406217.705
2309607,03,Grande Fortaleza,2019,7,204707.78000000026
2309706,03,Grande Fortaleza,2019,7,51531.35499999998
2310209,03,Grande Fortaleza,2019,7,294443.485
2310258,03,Grande Fortaleza,2019,7,529051.7849999999
2310852,03,Grande Fortaleza,2019,7,140496.04500000004
2312403,03,Grande Fortaleza,2019,7,7931612.16
2312601,03,Grande Fortaleza,2019,7,285260.73
2313500,03,Grande Fortaleza,2019,7,1001914.4299999999
2301109,04,Litoral Leste,2019,7,396697.0850000009
2302206,04,Litoral Leste,2019,7,115948.0
2304459,04,Litoral Leste,2019,7,473799.54000000027
2305357,04,Litoral Leste,2019,7,717518.6350000002
2306207,04,Litoral Leste,2019,7,168295.0
2307007,04,Litoral Leste,2019,7,730769.255
2300200,05,Litoral Norte,2019,7,391731.8350000001
2302057,05,Litoral Norte,2019,7,103243.46999999997
2302305,05,Litoral Norte,2019,7,437387.2649999999
2302602,05,Litoral Norte,2019,7,1493568.6400000006
2303907,05,Litoral Norte,2019,7,86639.23499999999
2304251,05,Litoral Norte,2019,7,469021.4650000001
2304707,05,Litoral Norte,2019,7,726297.9000000001
2306553,05,Litoral Norte,2019,7,1930856.5499999998
2307254,05,Litoral Norte,2019,7,1203016.9449999998
2307908,05,Litoral Norte,2019,7,77289.96000000002
2308906,05,Litoral Norte,2019,7,1061812.2550000001
2313906,05,Litoral Norte,2019,7,835904.915
2300754,06,Litoral Oeste / Vale do Curu,2019,7,468332.85999999987
2300903,06,Litoral Oeste / Vale do Curu,2019,7,68304.42499999981
2304608,06,Litoral Oeste / Vale do Curu,2019,7,13505.0
2306108,06,Litoral Oeste / Vale do Curu,2019,7,550557.5700000003
2306306,06,Litoral Oeste / Vale do Curu,2019,7,1712337.26
2306405,06,Litoral Oeste / Vale do Curu,2019,7,3885844.125
2308377,06,Litoral Oeste / Vale do Curu,2019,7,148501.83500000008
2310704,06,Litoral Oeste / Vale do Curu,2019,7,559153.4449999998
2313351,06,Litoral Oeste / Vale do Curu,2019,7,523938.23
2313559,06,Litoral Oeste / Vale do Curu,2019,7,82997.09499999997
2313757,06,Litoral Oeste / Vale do Curu,2019,7,213084.66500000004
2313807,06,Litoral Oeste / Vale do Curu,2019,7,382052.42999999993
2300150,07,Maciço do Baturité,2019,7,177852.36
2301208,07,Maciço do Baturité,2019,7,260983.7649999999
2301406,07,Maciço do Baturité,2019,7,230338.625
2302107,07,Maciço do Baturité,2019,7,147303.18
2302909,07,Maciço do Baturité,2019,7,0.0
2305100,07,Maciço do Baturité,2019,7,1879.3500000000058
2306504,07,Maciço do Baturité,2019,7,245390.28500000003
2309102,07,Maciço do Baturité,2019,7,122040.84999999998
2309458,07,Maciço do Baturité,2019,7,231660.23000000004
2309805,07,Maciço do Baturité,2019,7,13844.725000000006
2310100,07,Maciço do Baturité,2019,7,11868.875
2311603,07,Maciço do Baturité,2019,7,953484.705
2303402,08,Serra da Ibiapaba,2019,7,429282.18
2304236,08,Serra da Ibiapaba,2019,7,252822.82999999996
2305001,08,Serra da Ibiapaba,2019,7,846107.7649999997
2305308,08,Serra da Ibiapaba,2019,7,379194.3999999999
2305803,08,Serra da Ibiapaba,2019,7,715392.9199999999
2312304,08,Serra da Ibiapaba,2019,7,1859893.3700000006
2313401,08,Serra da Ibiapaba,2019,7,1470203.6700000004
2313609,08,Serra da Ibiapaba,2019,7,893943.6099999999
2314102,08,Serra da Ibiapaba,2019,7,1208123.3550000002
2301851,09,Sertão Central,2019,7,289863.62
2303931,09,Sertão Central,2019,7,110159.19
2304269,09,Sertão Central,2019,7,230904.80499999993
2305266,09,Sertão Central,2019,7,54795.375
2305332,09,Sertão Central,2019,7,673858.9249999999
2308500,09,Sertão Central,2019,7,354467.79000000004
2310902,09,Sertão Central,2019,7,346863.32000000007
2311306,09,Sertão Central,2019,7,374089.94999999995
2311405,09,Sertão Central,2019,7,1538225.8499999996
2312700,09,Sertão Central,2019,7,522225.79000000004
2313005,09,Sertão Central,2019,7,876463.9050000003
2302404,10,Sertão de Canindé,2019,7,685482.585
2302800,10,Sertão de Canindé,2019,7,321138.53
2303006,10,Sertão de Canindé,2019,7,114270.60999999999
2307635,10,Sertão de Canindé,2019,7,334355.865
2310407,10,Sertão de Canindé,2019,7,345566.845
2300507,11,Sertão de Sobral,2019,7,147796.53499999997
2303105,11,Sertão de Sobral,2019,7,1042340.1300000004
2304004,11,Sertão de Sobral,2019,7,381063.33999999997
2304350,11,Sertão de Sobral,2019,7,545201.7750000001
2304509,11,Sertão de Sobral,2019,7,267347.18499999994
2304657,11,Sertão de Sobral,2019,7,410888.72
2304905,11,Sertão de Sobral,2019,7,68637.50499999995
2308005,11,Sertão de Sobral,2019,7,517665.9600000002
2308203,11,Sertão de Sobral,2019,7,109058.03500000003
2309904,11,Sertão de Sobral,2019,7,59687.580000000075
2310951,11,Sertão de Sobral,2019,7,358251.2649999999
2311702,11,Sertão de Sobral,2019,7,261453.51
2312007,11,Sertão de Sobral,2019,7,110262.21499999997
2312809,11,Sertão de Sobral,2019,7,71720.41
2312908,11,Sertão de Sobral,2019,7,3959380.4800000004
2313955,11,Sertão de Sobral,2019,7,519751.08499999996
2303659,12,Sertão dos Crateús,2019,7,37580.875
2304103,12,Sertão dos Crateús,2019,7,493083.24999999977
2305209,12,Sertão dos Crateús,2019,7,168690.88000000003
2305605,12,Sertão dos Crateús,2019,7,5964.834999999963
2305902,12,Sertão dos Crateús,2019,7,25421.880000000005
2308609,12,Sertão dos Crateús,2019,7,128769.95000000001
2309300,12,Sertão dos Crateús,2019,7,291144.45999999996
2309409,12,Sertão dos Crateús,2019,7,243267.115
2312205,12,Sertão dos Crateús,2019,7,614680.005
2300408,13,Sertão dos Inhamuns,2019,7,91972.88500000001
2313302,13,Sertão dos Inhamuns,2019,7,1584263.605
2300705,14,Vale do Jaguaribe,2019,7,200595.04499999993
2306009,14,Vale do Jaguaribe,2019,7,788143.5999999999
2306702,14,Vale do Jaguaribe,2019,7,879717.4450000001
2306801,14,Vale do Jaguaribe,2019,7,128922.83999999997
2307601,14,Vale do Jaguaribe,2019,7,992038.7850000001
2308708,14,Vale do Jaguaribe,2019,7,899543.46
2310001,14,Vale do Jaguaribe,2019,7,8250.764999999985
2311231,14,Vale do Jaguaribe,2019,7,601318.9449999998
2311801,14,Vale do Jaguaribe,2019,7,1775059.0299999998
2312502,14,Vale do Jaguaribe,2019,7,131895.27000000002
2313104,14,Vale do Jaguaribe,2019,7,285817.47499999986
2300101,01,Cariri,2019,8,100483.41500000004
2301307,01,Cariri,2019,8,526218.6600000001
2301604,01,Cariri,2019,8,60701.375
2301901,01,Cariri,2019,8,328263.45999999996
2302008,01,Cariri,2019,8,46739.20499999999
2302503,01,Cariri,2019,8,664665.31
2302701,01,Cariri,2019,8,287980.93500000006
2304202,01,Cariri,2019,8,2503629.835000001
2304301,01,Cariri,2019,8,292137.31000000006
2304806,01,Cariri,2019,8,137857.765
2307106,01,Cariri,2019,8,317252.115
2307205,01,Cariri,2019,8,58266.35499999998
2307304,01,Cariri,2019,8,4433509.0
2307502,01,Cariri,2019,8,596314.2050000001
2308104,01,Cariri,2019,8,175049.52999999997
2308302,01,Cariri,2019,8,72981.995
2308401,01,Cariri,2019,8,383477.7700000005
2310605,01,Cariri,2019,8,16993.45000000001
2311108,01,Cariri,2019,8,348655.5249999999
2311207,01,Cariri,2019,8,344828.80999999994
2312106,01,Cariri,2019,8,187475.28000000003
2313252,01,Cariri,2019,8,61246.399999999965
2314003,01,Cariri,2019,8,833661.9300000002
2300309,02,Centro Sul,2019,8,1442553.6800000002
2303600,02,Centro Sul,2019,8,251788.875
2303808,02,Centro Sul,2019,8,545422.33
2305407,02,Centro Sul,2019,8,803628.8999999999
2305506,02,Centro Sul,2019,8,289663.22
2305704,02,Centro Sul,2019,8,41400.66499999992
2307403,02,Centro Sul,2019,8,215216.95500000007
2311355,02,Centro Sul,2019,8,468659.46499999997
2311900,02,Centro Sul,2019,8,320770.80500000005
2313708,02,Centro Sul,2019,8,35314.24999999999
2301000,03,Grande Fortaleza,2019,8,2227424.58
2303501,03,Grande Fortaleza,2019,8,236436.61999999988
2303709,03,Grande Fortaleza,2019,8,18722898.974999998
2303956,03,Grande Fortaleza,2019,8,468918.05499999993
2304285,03,Grande Fortaleza,2019,8,880553.0549999999
2304400,03,Grande Fortaleza,2019,8,36737829.98999998
2304954,03,Grande Fortaleza,2019,8,221827.49499999988
2305233,03,Grande Fortaleza,2019,8,908637.4100000001
2306256,03,Grande Fortaleza,2019,8,465389.865
2307650,03,Grande Fortaleza,2019,8,2891641.76
2307700,03,Grande Fortaleza,2019,8,1406217.705
2309607,03,Grande Fortaleza,2019,8,204707.78000000026
2309706,03,Grande Fortaleza,2019,8,51531.35499999998
2310209,03,Grande Fortaleza,2019,8,294443.485
2310258,03,Grande Fortaleza,2019,8,529051.7849999999
2310852,03,Grande Fortaleza,2019,8,140496.04500000004
2312403,03,Grande Fortaleza,2019,8,7931612.16
2312601,03,Grande Fortaleza,2019,8,285260.73
2313500,03,Grande Fortaleza,2019,8,1001914.4299999999
2301109,04,Litoral Leste,2019,8,396697.0850000009
2302206,04,Litoral Leste,2019,8,115948.0
2304459,04,Litoral Leste,2019,8,473799.54000000027
2305357,04,Litoral Leste,2019,8,717518.6350000002
2306207,04,Litoral Leste,2019,8,168295.0
2307007,04,Litoral Leste,2019,8,730769.255
2300200,05,Litoral Norte,2019,8,391731.8350000001
2302057,05,Litoral Norte,2019,8,103243.46999999997
2302305,05,Litoral Norte,2019,8,437387.2649999999
2302602,05,Litoral Norte,2019,8,1493568.6400000006
2303907,05,Litoral Norte,2019,8,86639.23499999999
2304251,05,Litoral Norte,2019,8,469021.4650000001
2304707,05,Litoral Norte,2019,8,726297.9000000001
2306553,05,Litoral Norte,2019,8,1930856.5499999998
2307254,05,Litoral Norte,2019,8,1203016.9449999998
2307908,05,Litoral Norte,2019,8,77289.96000000002
2308906,05,Litoral Norte,2019,8,1061812.2550000001
2313906,05,Litoral Norte,2019,8,835904.915
2300754,06,Litoral Oeste / Vale do Curu,2019,8,468332.85999999987
2300903,06,Litoral Oeste / Vale do Curu,2019,8,68304.42499999981
2304608,06,Litoral Oeste / Vale do Curu,2019,8,13505.0
2306108,06,Litoral Oeste / Vale do Curu,2019,8,550557.5700000003
2306306,06,Litoral Oeste / Vale do Curu,2019,8,1712337.26
2306405,06,Litoral Oeste / Vale do Curu,2019,8,3885844.125
2308377,06,Litoral Oeste / Vale do Curu,2019,8,148501.83500000008
2310704,06,Litoral Oeste / Vale do Curu,2019,8,559153.4449999998
2313351,06,Litoral Oeste / Vale do Curu,2019,8,523938.23
2313559,06,Litoral Oeste / Vale do Curu,2019,8,82997.09499999997
2313757,06,Litoral Oeste / Vale do Curu,2019,8,213084.66500000004
2313807,06,Litoral Oeste / Vale do Curu,2019,8,382052.42999999993
2300150,07,Maciço do Baturité,2019,8,177852.36
2301208,07,Maciço do Baturité,2019,8,260983.7649999999
2301406,07,Maciço do Baturité,2019,8,230338.625
2302107,07,Maciço do Baturité,2019,8,147303.18
2302909,07,Maciço do Baturité,2019,8,0.0
2305100,07,Maciço do Baturité,2019,8,1879.3500000000058
2306504,07,Maciço do Baturité,2019,8,245390.28500000003
2309102,07,Maciço do Baturité,2019,8,122040.84999999998
2309458,07,Maciço do Baturité,2019,8,231660.23000000004
2309805,07,Maciço do Baturité,2019,8,13844.725000000006
2310100,07,Maciço do Baturité,2019,8,11868.875
2311603,07,Maciço do Baturité,2019,8,953484.705
2303402,08,Serra da Ibiapaba,2019,8,429282.18
2304236,08,Serra da Ibiapaba,2019,8,252822.82999999996
2305001,08,Serra da Ibiapaba,2019,8,846107.7649999997
2305308,08,Serra da Ibiapaba,2019,8,379194.3999999999
2305803,08,Serra da Ibiapaba,2019,8,715392.9199999999
2312304,08,Serra da Ibiapaba,2019,8,1859893.3700000006
2313401,08,Serra da Ibiapaba,2019,8,1470203.6700000004
2313609,08,Serra da Ibiapaba,2019,8,893943.6099999999
2314102,08,Serra da Ibiapaba,2019,8,1208123.3550000002
2301851,09,Sertão Central,2019,8,289863.62
2303931,09,Sertão Central,2019,8,110159.19
2304269,09,Sertão Central,2019,8,230904.80499999993
2305266,09,Sertão Central,2019,8,54795.375
2305332,09,Sertão Central,2019,8,673858.9249999999
2308500,09,Sertão Central,2019,8,354467.79000000004
2310902,09,Sertão Central,2019,8,346863.32000000007
2311306,09,Sertão Central,2019,8,374089.94999999995
2311405,09,Sertão Central,2019,8,1538225.8499999996
2312700,09,Sertão Central,2019,8,522225.79000000004
2313005,09,Sertão Central,2019,8,876463.9050000003
2302404,10,Sertão de Canindé,2019,8,685482.585
2302800,10,Sertão de Canindé,2019,8,321138.53
2303006,10,Sertão de Canindé,2019,8,114270.60999999999
2307635,10,Sertão de Canindé,2019,8,334355.865
2310407,10,Sertão de Canindé,2019,8,345566.845
2300507,11,Sertão de Sobral,2019,8,147796.53499999997
2303105,11,Sertão de Sobral,2019,8,1042340.1300000004
2304004,11,Sertão de Sobral,2019,8,381063.33999999997
2304350,11,Sertão de Sobral,2019,8,545201.7750000001
2304509,11,Sertão de Sobral,2019,8,267347.18499999994
2304657,11,Sertão de Sobral,2019,8,410888.72
2304905,11,Sertão de Sobral,2019,8,68637.50499999995
2308005,11,Sertão de Sobral,2019,8,517665.9600000002
2308203,11,Sertão de Sobral,2019,8,109058.03500000003
2309904,11,Sertão de Sobral,2019,8,59687.580000000075
2310951,11,Sertão de Sobral,2019,8,358251.2649999999
2311702,11,Sertão de Sobral,2019,8,261453.51
2312007,11,Sertão de Sobral,2019,8,110262.21499999997
2312809,11,Sertão de Sobral,2019,8,71720.41
2312908,11,Sertão de Sobral,2019,8,3959380.4800000004
2313955,11,Sertão de Sobral,2019,8,519751.08499999996
2303659,12,Sertão dos Crateús,2019,8,37580.875
2304103,12,Sertão dos Crateús,2019,8,493083.24999999977
2305209,12,Sertão dos Crateús,2019,8,168690.88000000003
2305605,12,Sertão dos Crateús,2019,8,5964.834999999963
2305902,12,Sertão dos Crateús,2019,8,25421.880000000005
2308609,12,Sertão dos Crateús,2019,8,128769.95000000001
2309300,12,Sertão dos Crateús,2019,8,291144.45999999996
2309409,12,Sertão dos Crateús,2019,8,243267.115
2312205,12,Sertão dos Crateús,2019,8,614680.005
2300408,13,Sertão dos Inhamuns,2019,8,91972.88500000001
2313302,13,Sertão dos Inhamuns,2019,8,1584263.605
2300705,14,Vale do Jaguaribe,2019,8,200595.04499999993
2306009,14,Vale do Jaguaribe,2019,8,788143.5999999999
2306702,14,Vale do Jaguaribe,2019,8,879717.4450000001
2306801,14,Vale do Jaguaribe,2019,8,128922.83999999997
2307601,14,Vale do Jaguaribe,2019,8,992038.7850000001
2308708,14,Vale do Jaguaribe,2019,8,899543.46
2310001,14,Vale do Jaguaribe,2019,8,8250.764999999985
2311231,14,Vale do Jaguaribe,2019,8,601318.9449999998
2311801,14,Vale do Jaguaribe,2019,8,1775059.0299999998
2312502,14,Vale do Jaguaribe,2019,8,131895.27000000002
2313104,14,Vale do Jaguaribe,2019,8,285817.47499999986
2300101,01,Cariri,2019,9,180622.04000000004
2301307,01,Cariri,2019,9,104650.53000000026
2301604,01,Cariri,2019,9,291210.03
2301901,01,Cariri,2019,9,975603.3800000001
2302008,01,Cariri,2019,9,70357.06000000003
2302503,01,Cariri,2019,9,53603.59499999997
2302701,01,Cariri,2019,9,0.0
2304202,01,Cariri,2019,9,2872467.01
2304301,01,Cariri,2019,9,277643.655
2304806,01,Cariri,2019,9,208875.615
2307106,01,Cariri,2019,9,540979.5799999998
2307205,01,Cariri,2019,9,30688.315000000002
2307304,01,Cariri,2019,9,3534934.295
2307502,01,Cariri,2019,9,591217.4649999999
2308104,01,Cariri,2019,9,303094.4550000001
2308302,01,Cariri,2019,9,83372.59999999998
2308401,01,Cariri,2019,9,423068.27499999944
2310605,01,Cariri,2019,9,93015.46999999997
2311108,01,Cariri,2019,9,19248.73999999999
2311207,01,Cariri,2019,9,124197.88500000001
2312106,01,Cariri,2019,9,208317.565
2313252,01,Cariri,2019,9,62596.91500000004
2314003,01,Cariri,2019,9,206254.00999999978
2300309,02,Centro Sul,2019,9,307413.105
2303600,02,Centro Sul,2019,9,155045.31500000018
2303808,02,Centro Sul,2019,9,185389.74
2305407,02,Centro Sul,2019,9,656003.6800000002
2305506,02,Centro Sul,2019,9,654794.6199999999
2305704,02,Centro Sul,2019,9,7785.9550000000745
2307403,02,Centro Sul,2019,9,221643.76
2311355,02,Centro Sul,2019,9,121281.90500000003
2311900,02,Centro Sul,2019,9,99992.90500000003
2313708,02,Centro Sul,2019,9,2370.0
2301000,03,Grande Fortaleza,2019,9,4860155.389999999
2303501,03,Grande Fortaleza,2019,9,196587.15999999992
2303709,03,Grande Fortaleza,2019,9,7296369.335000001
2303956,03,Grande Fortaleza,2019,9,170201.6950000003
2304285,03,Grande Fortaleza,2019,9,2158123.5149999997
2304400,03,Grande Fortaleza,2019,9,45519139.56
2304954,03,Grande Fortaleza,2019,9,304133.8400000001
2305233,03,Grande Fortaleza,2019,9,739132.0349999997
2306256,03,Grande Fortaleza,2019,9,358147.9149999998
2307650,03,Grande Fortaleza,2019,9,1133432.4849999994
2307700,03,Grande Fortaleza,2019,9,430078.855
2309607,03,Grande Fortaleza,2019,9,421011.7050000001
2309706,03,Grande Fortaleza,2019,9,430908.06999999983
2310209,03,Grande Fortaleza,2019,9,588699.705
2310258,03,Grande Fortaleza,2019,9,578164.22
2310852,03,Grande Fortaleza,2019,9,127830.45999999996
2312403,03,Grande Fortaleza,2019,9,4555572.84
2312601,03,Grande Fortaleza,2019,9,219392.65000000002
2313500,03,Grande Fortaleza,2019,9,295950.1950000003
2301109,04,Litoral Leste,2019,9,0.0
2302206,04,Litoral Leste,2019,9,98319.63500000001
2304459,04,Litoral Leste,2019,9,626288.1149999998
2305357,04,Litoral Leste,2019,9,389812.7549999999
2306207,04,Litoral Leste,2019,9,65225.99000000005
2307007,04,Litoral Leste,2019,9,915924.8599999999
2300200,05,Litoral Norte,2019,9,291038.3899999999
2302057,05,Litoral Norte,2019,9,143393.46000000002
2302305,05,Litoral Norte,2019,9,92227.83000000007
2302602,05,Litoral Norte,2019,9,909007.5449999999
2303907,05,Litoral Norte,2019,9,252365.01
2304251,05,Litoral Norte,2019,9,354650.7649999999
2304707,05,Litoral Norte,2019,9,372995.855
2306553,05,Litoral Norte,2019,9,1258137.0700000003
2307254,05,Litoral Norte,2019,9,725274.0500000003
2307908,05,Litoral Norte,2019,9,184337.77999999997
2308906,05,Litoral Norte,2019,9,309214.4950000001
2313906,05,Litoral Norte,2019,9,0.0
2300754,06,Litoral Oeste / Vale do Curu,2019,9,84560.36499999999
2300903,06,Litoral Oeste / Vale do Curu,2019,9,1797.8850000000093
2304608,06,Litoral Oeste / Vale do Curu,2019,9,0.0
2306108,06,Litoral Oeste / Vale do Curu,2019,9,970853.3449999988
2306306,06,Litoral Oeste / Vale do Curu,2019,9,43638.955000000075
2306405,06,Litoral Oeste / Vale do Curu,2019,9,2479198.2750000004
2308377,06,Litoral Oeste / Vale do Curu,2019,9,96143.19999999995
2310704,06,Litoral Oeste / Vale do Curu,2019,9,1284608.49
2313351,06,Litoral Oeste / Vale do Curu,2019,9,189506.15500000003
2313559,06,Litoral Oeste / Vale do Curu,2019,9,255454.365
2313757,06,Litoral Oeste / Vale do Curu,2019,9,6364.0
2313807,06,Litoral Oeste / Vale do Curu,2019,9,213601.82499999995
2300150,07,Maciço do Baturité,2019,9,92420.16000000003
2301208,07,Maciço do Baturité,2019,9,55330.86499999999
2301406,07,Maciço do Baturité,2019,9,486646.93499999994
2302107,07,Maciço do Baturité,2019,9,175065.65499999997
2302909,07,Maciço do Baturité,2019,9,395678.00000000006
2305100,07,Maciço do Baturité,2019,9,2387.0
2306504,07,Maciço do Baturité,2019,9,50980.0
2309102,07,Maciço do Baturité,2019,9,163687.13999999996
2309458,07,Maciço do Baturité,2019,9,255257.29999999993
2309805,07,Maciço do Baturité,2019,9,38864.285
2310100,07,Maciço do Baturité,2019,9,140284.015
2311603,07,Maciço do Baturité,2019,9,598300.1800000002
2303402,08,Serra da Ibiapaba,2019,9,241005.735
2304236,08,Serra da Ibiapaba,2019,9,44923.15500000003
2305001,08,Serra da Ibiapaba,2019,9,498676.53500000015
2305308,08,Serra da Ibiapaba,2019,9,555802.26
2305803,08,Serra da Ibiapaba,2019,9,3136585.37
2312304,08,Serra da Ibiapaba,2019,9,1100513.1399999997
2313401,08,Serra da Ibiapaba,2019,9,590696.8549999995
2313609,08,Serra da Ibiapaba,2019,9,528523.9899999998
2314102,08,Serra da Ibiapaba,2019,9,1168409.8399999999
2301851,09,Sertão Central,2019,9,256530.38
2303931,09,Sertão Central,2019,9,61545.03999999998
2304269,09,Sertão Central,2019,9,142238.03500000015
2305266,09,Sertão Central,2019,9,3895.4600000001956
2305332,09,Sertão Central,2019,9,53297.205000000075
2308500,09,Sertão Central,2019,9,672613.3799999999
2310902,09,Sertão Central,2019,9,1040255.47
2311306,09,Sertão Central,2019,9,63440.24500000011
2311405,09,Sertão Central,2019,9,430549.5499999998
2312700,09,Sertão Central,2019,9,144855.23499999987
2313005,09,Sertão Central,2019,9,468621.6599999997
2302404,10,Sertão de Canindé,2019,9,171072.57500000007
2302800,10,Sertão de Canindé,2019,9,393670.98
2303006,10,Sertão de Canindé,2019,9,7544.380000000005
2307635,10,Sertão de Canindé,2019,9,102075.26000000001
2310407,10,Sertão de Canindé,2019,9,31173.790000000037
2300507,11,Sertão de Sobral,2019,9,49035.59500000003
2303105,11,Sertão de Sobral,2019,9,1467341.5699999994
2304004,11,Sertão de Sobral,2019,9,109532.7250000001
2304350,11,Sertão de Sobral,2019,9,35216.25
2304509,11,Sertão de Sobral,2019,9,110087.76500000013
2304657,11,Sertão de Sobral,2019,9,162221.625
2304905,11,Sertão de Sobral,2019,9,109005.72000000009
2308005,11,Sertão de Sobral,2019,9,281663.75
2308203,11,Sertão de Sobral,2019,9,2543.399999999907
2309904,11,Sertão de Sobral,2019,9,0.0
2310951,11,Sertão de Sobral,2019,9,707500.44
2311702,11,Sertão de Sobral,2019,9,497812.6150000002
2312007,11,Sertão de Sobral,2019,9,70820.43000000005
2312809,11,Sertão de Sobral,2019,9,8810.375
2312908,11,Sertão de Sobral,2019,9,8895182.814999998
2313955,11,Sertão de Sobral,2019,9,390951.58499999996
2303659,12,Sertão dos Crateús,2019,9,101404.095
2304103,12,Sertão dos Crateús,2019,9,503254.75500000035
2305209,12,Sertão dos Crateús,2019,9,264719.185
2305605,12,Sertão dos Crateús,2019,9,37693.42500000005
2305902,12,Sertão dos Crateús,2019,9,20554.640000000014
2308609,12,Sertão dos Crateús,2019,9,84170.41999999998
2309300,12,Sertão dos Crateús,2019,9,373689.8500000001
2309409,12,Sertão dos Crateús,2019,9,213310.125
2312205,12,Sertão dos Crateús,2019,9,417735.9950000001
2300408,13,Sertão dos Inhamuns,2019,9,177641.125
2313302,13,Sertão dos Inhamuns,2019,9,291983.01500000013
2300705,14,Vale do Jaguaribe,2019,9,461595.8600000001
2306009,14,Vale do Jaguaribe,2019,9,788662.02
2306702,14,Vale do Jaguaribe,2019,9,0.0
2306801,14,Vale do Jaguaribe,2019,9,236649.06500000006
2307601,14,Vale do Jaguaribe,2019,9,362349.0
2308708,14,Vale do Jaguaribe,2019,9,1059733.6899999995
2310001,14,Vale do Jaguaribe,2019,9,13632.50000000003
2311231,14,Vale do Jaguaribe,2019,9,404529.4199999999
2311801,14,Vale do Jaguaribe,2019,9,1118295.0250000004
2312502,14,Vale do Jaguaribe,2019,9,169757.385
2313104,14,Vale do Jaguaribe,2019,9,259617.5
2300101,01,Cariri,2019,10,180622.04000000004
2301307,01,Cariri,2019,10,104650.53000000026
2301604,01,Cariri,2019,10,291210.03
2301901,01,Cariri,2019,10,975603.3800000001
2302008,01,Cariri,2019,10,70357.06000000003
2302503,01,Cariri,2019,10,53603.59499999997
2302701,01,Cariri,2019,10,0.0
2304202,01,Cariri,2019,10,2872467.01
2304301,01,Cariri,2019,10,277643.655
2304806,01,Cariri,2019,10,208875.615
2307106,01,Cariri,2019,10,540979.5799999998
2307205,01,Cariri,2019,10,30688.315000000002
2307304,01,Cariri,2019,10,3534934.295
2307502,01,Cariri,2019,10,591217.4649999999
2308104,01,Cariri,2019,10,303094.4550000001
2308302,01,Cariri,2019,10,83372.59999999998
2308401,01,Cariri,2019,10,423068.27499999944
2310605,01,Cariri,2019,10,93015.46999999997
2311108,01,Cariri,2019,10,19248.73999999999
2311207,01,Cariri,2019,10,124197.88500000001
2312106,01,Cariri,2019,10,208317.565
2313252,01,Cariri,2019,10,62596.91500000004
2314003,01,Cariri,2019,10,206254.00999999978
2300309,02,Centro Sul,2019,10,307413.105
2303600,02,Centro Sul,2019,10,155045.31500000018
2303808,02,Centro Sul,2019,10,185389.74
2305407,02,Centro Sul,2019,10,656003.6800000002
2305506,02,Centro Sul,2019,10,654794.6199999999
2305704,02,Centro Sul,2019,10,7785.9550000000745
2307403,02,Centro Sul,2019,10,221643.76
2311355,02,Centro Sul,2019,10,121281.90500000003
2311900,02,Centro Sul,2019,10,99992.90500000003
2313708,02,Centro Sul,2019,10,2370.0
2301000,03,Grande Fortaleza,2019,10,4860155.389999999
2303501,03,Grande Fortaleza,2019,10,196587.15999999992
2303709,03,Grande Fortaleza,2019,10,7296369.335000001
2303956,03,Grande Fortaleza,2019,10,170201.6950000003
2304285,03,Grande Fortaleza,2019,10,2158123.5149999997
2304400,03,Grande Fortaleza,2019,10,45519139.56
2304954,03,Grande Fortaleza,2019,10,304133.8400000001
2305233,03,Grande Fortaleza,2019,10,739132.0349999997
2306256,03,Grande Fortaleza,2019,10,358147.9149999998
2307650,03,Grande Fortaleza,2019,10,1133432.4849999994
2307700,03,Grande Fortaleza,2019,10,430078.855
2309607,03,Grande Fortaleza,2019,10,421011.7050000001
2309706,03,Grande Fortaleza,2019,10,430908.06999999983
2310209,03,Grande Fortaleza,2019,10,588699.705
2310258,03,Grande Fortaleza,2019,10,578164.22
2310852,03,Grande Fortaleza,2019,10,127830.45999999996
2312403,03,Grande Fortaleza,2019,10,4555572.84
2312601,03,Grande Fortaleza,2019,10,219392.65000000002
2313500,03,Grande Fortaleza,2019,10,295950.1950000003
2301109,04,Litoral Leste,2019,10,0.0
2302206,04,Litoral Leste,2019,10,98319.63500000001
2304459,04,Litoral Leste,2019,10,626288.1149999998
2305357,04,Litoral Leste,2019,10,389812.7549999999
2306207,04,Litoral Leste,2019,10,65225.99000000005
2307007,04,Litoral Leste,2019,10,915924.8599999999
2300200,05,Litoral Norte,2019,10,291038.3899999999
2302057,05,Litoral Norte,2019,10,143393.46000000002
2302305,05,Litoral Norte,2019,10,92227.83000000007
2302602,05,Litoral Norte,2019,10,909007.5449999999
2303907,05,Litoral Norte,2019,10,252365.01
2304251,05,Litoral Norte,2019,10,354650.7649999999
2304707,05,Litoral Norte,2019,10,372995.855
2306553,05,Litoral Norte,2019,10,1258137.0700000003
2307254,05,Litoral Norte,2019,10,725274.0500000003
2307908,05,Litoral Norte,2019,10,184337.77999999997
2308906,05,Litoral Norte,2019,10,309214.4950000001
2313906,05,Litoral Norte,2019,10,0.0
2300754,06,Litoral Oeste / Vale do Curu,2019,10,84560.36499999999
2300903,06,Litoral Oeste / Vale do Curu,2019,10,1797.8850000000093
2304608,06,Litoral Oeste / Vale do Curu,2019,10,0.0
2306108,06,Litoral Oeste / Vale do Curu,2019,10,970853.3449999988
2306306,06,Litoral Oeste / Vale do Curu,2019,10,43638.955000000075
2306405,06,Litoral Oeste / Vale do Curu,2019,10,2479198.2750000004
2308377,06,Litoral Oeste / Vale do Curu,2019,10,96143.19999999995
2310704,06,Litoral Oeste / Vale do Curu,2019,10,1284608.49
2313351,06,Litoral Oeste / Vale do Curu,2019,10,189506.15500000003
2313559,06,Litoral Oeste / Vale do Curu,2019,10,255454.365
2313757,06,Litoral Oeste / Vale do Curu,2019,10,6364.0
2313807,06,Litoral Oeste / Vale do Curu,2019,10,213601.82499999995
2300150,07,Maciço do Baturité,2019,10,92420.16000000003
2301208,07,Maciço do Baturité,2019,10,55330.86499999999
2301406,07,Maciço do Baturité,2019,10,486646.93499999994
2302107,07,Maciço do Baturité,2019,10,175065.65499999997
2302909,07,Maciço do Baturité,2019,10,395678.00000000006
2305100,07,Maciço do Baturité,2019,10,2387.0
2306504,07,Maciço do Baturité,2019,10,50980.0
2309102,07,Maciço do Baturité,2019,10,163687.13999999996
2309458,07,Maciço do Baturité,2019,10,255257.29999999993
2309805,07,Maciço do Baturité,2019,10,38864.285
2310100,07,Maciço do Baturité,2019,10,140284.015
2311603,07,Maciço do Baturité,2019,10,598300.1800000002
2303402,08,Serra da Ibiapaba,2019,10,241005.735
2304236,08,Serra da Ibiapaba,2019,10,44923.15500000003
2305001,08,Serra da Ibiapaba,2019,10,498676.53500000015
2305308,08,Serra da Ibiapaba,2019,10,555802.26
2305803,08,Serra da Ibiapaba,2019,10,3136585.37
2312304,08,Serra da Ibiapaba,2019,10,1100513.1399999997
2313401,08,Serra da Ibiapaba,2019,10,590696.8549999995
2313609,08,Serra da Ibiapaba,2019,10,528523.9899999998
2314102,08,Serra da Ibiapaba,2019,10,1168409.8399999999
2301851,09,Sertão Central,2019,10,256530.38
2303931,09,Sertão Central,2019,10,61545.03999999998
2304269,09,Sertão Central,2019,10,142238.03500000015
2305266,09,Sertão Central,2019,10,3895.4600000001956
2305332,09,Sertão Central,2019,10,53297.205000000075
2308500,09,Sertão Central,2019,10,672613.3799999999
2310902,09,Sertão Central,2019,10,1040255.47
2311306,09,Sertão Central,2019,10,63440.24500000011
2311405,09,Sertão Central,2019,10,430549.5499999998
2312700,09,Sertão Central,2019,10,144855.23499999987
2313005,09,Sertão Central,2019,10,468621.6599999997
2302404,10,Sertão de Canindé,2019,10,171072.57500000007
2302800,10,Sertão de Canindé,2019,10,393670.98
2303006,10,Sertão de Canindé,2019,10,7544.380000000005
2307635,10,Sertão de Canindé,2019,10,102075.26000000001
2310407,10,Sertão de Canindé,2019,10,31173.790000000037
2300507,11,Sertão de Sobral,2019,10,49035.59500000003
2303105,11,Sertão de Sobral,2019,10,1467341.5699999994
2304004,11,Sertão de Sobral,2019,10,109532.7250000001
2304350,11,Sertão de Sobral,2019,10,35216.25
2304509,11,Sertão de Sobral,2019,10,110087.76500000013
2304657,11,Sertão de Sobral,2019,10,162221.625
2304905,11,Sertão de Sobral,2019,10,109005.72000000009
2308005,11,Sertão de Sobral,2019,10,281663.75
2308203,11,Sertão de Sobral,2019,10,2543.399999999907
2309904,11,Sertão de Sobral,2019,10,0.0
2310951,11,Sertão de Sobral,2019,10,707500.44
2311702,11,Sertão de Sobral,2019,10,497812.6150000002
2312007,11,Sertão de Sobral,2019,10,70820.43000000005
2312809,11,Sertão de Sobral,2019,10,8810.375
2312908,11,Sertão de Sobral,2019,10,8895182.814999998
2313955,11,Sertão de Sobral,2019,10,390951.58499999996
2303659,12,Sertão dos Crateús,2019,10,101404.095
2304103,12,Sertão dos Crateús,2019,10,503254.75500000035
2305209,12,Sertão dos Crateús,2019,10,264719.185
2305605,12,Sertão dos Crateús,2019,10,37693.42500000005
2305902,12,Sertão dos Crateús,2019,10,20554.640000000014
2308609,12,Sertão dos Crateús,2019,10,84170.41999999998
2309300,12,Sertão dos Crateús,2019,10,373689.8500000001
2309409,12,Sertão dos Crateús,2019,10,213310.125
2312205,12,Sertão dos Crateús,2019,10,417735.9950000001
2300408,13,Sertão dos Inhamuns,2019,10,177641.125
2313302,13,Sertão dos Inhamuns,2019,10,291983.01500000013
2300705,14,Vale do Jaguaribe,2019,10,461595.8600000001
2306009,14,Vale do Jaguaribe,2019,10,788662.02
2306702,14,Vale do Jaguaribe,2019,10,0.0
2306801,14,Vale do Jaguaribe,2019,10,236649.06500000006
2307601,14,Vale do Jaguaribe,2019,10,362349.0
2308708,14,Vale do Jaguaribe,2019,10,1059733.6899999995
2310001,14,Vale do Jaguaribe,2019,10,13632.50000000003
2311231,14,Vale do Jaguaribe,2019,10,404529.4199999999
2311801,14,Vale do Jaguaribe,2019,10,1118295.0250000004
2312502,14,Vale do Jaguaribe,2019,10,169757.385
2313104,14,Vale do Jaguaribe,2019,10,259617.5
2300101,01,Cariri,2019,11,29069.42499999993
2301307,01,Cariri,2019,11,733297.3399999999
2301604,01,Cariri,2019,11,12545.0
2301901,01,Cariri,2019,11,70301.60499999998
2302008,01,Cariri,2019,11,67945.29499999998
2302503,01,Cariri,2019,11,14671.480000000098
2302701,01,Cariri,2019,11,266917.5
2304202,01,Cariri,2019,11,0.0
2304301,01,Cariri,2019,11,139101.71500000008
2304806,01,Cariri,2019,11,208153.33999999997
2307106,01,Cariri,2019,11,243769.94500000007
2307205,01,Cariri,2019,11,76277.19499999995
2307304,01,Cariri,2019,11,768010.0900000017
2307502,01,Cariri,2019,11,670240.5300000003
2308104,01,Cariri,2019,11,437031.0249999999
2308302,01,Cariri,2019,11,506359.525
2308401,01,Cariri,2019,11,3195629.365
2310605,01,Cariri,2019,11,10301.340000000026
2311108,01,Cariri,2019,11,64201.01500000013
2311207,01,Cariri,2019,11,313357.79000000004
2312106,01,Cariri,2019,11,39577.66000000003
2313252,01,Cariri,2019,11,59674.58999999997
2314003,01,Cariri,2019,11,443446.1499999999
2300309,02,Centro Sul,2019,11,362312.9049999998
2303600,02,Centro Sul,2019,11,236712.865
2303808,02,Centro Sul,2019,11,742053.18
2305407,02,Centro Sul,2019,11,1820178.0500000003
2305506,02,Centro Sul,2019,11,518108.98500000034
2305704,02,Centro Sul,2019,11,29202.169999999925
2307403,02,Centro Sul,2019,11,1303765.41
2311355,02,Centro Sul,2019,11,0.0
2311900,02,Centro Sul,2019,11,186870.67999999993
2313708,02,Centro Sul,2019,11,4071.5250000000087
2301000,03,Grande Fortaleza,2019,11,4412870.220000001
2303501,03,Grande Fortaleza,2019,11,609799.2050000001
2303709,03,Grande Fortaleza,2019,11,3039895.920000002
2303956,03,Grande Fortaleza,2019,11,307655.56499999994
2304285,03,Grande Fortaleza,2019,11,1573230.58
2304400,03,Grande Fortaleza,2019,11,123846990.595
2304954,03,Grande Fortaleza,2019,11,179434.19999999995
2305233,03,Grande Fortaleza,2019,11,1905420.625
2306256,03,Grande Fortaleza,2019,11,39444.63500000024
2307650,03,Grande Fortaleza,2019,11,0.0
2307700,03,Grande Fortaleza,2019,11,424806.7000000002
2309607,03,Grande Fortaleza,2019,11,424624.79000000004
2309706,03,Grande Fortaleza,2019,11,1039819.5099999998
2310209,03,Grande Fortaleza,2019,11,490857.55500000017
2310258,03,Grande Fortaleza,2019,11,0.0
2310852,03,Grande Fortaleza,2019,11,98613.245
2312403,03,Grande Fortaleza,2019,11,2054002.0199999996
2312601,03,Grande Fortaleza,2019,11,0.0
2313500,03,Grande Fortaleza,2019,11,627559.1699999999
2301109,04,Litoral Leste,2019,11,2351176.6399999987
2302206,04,Litoral Leste,2019,11,50480.50999999995
2304459,04,Litoral Leste,2019,11,484287.5
2305357,04,Litoral Leste,2019,11,770799.7200000002
2306207,04,Litoral Leste,2019,11,149179.11999999994
2307007,04,Litoral Leste,2019,11,865696.2250000001
2300200,05,Litoral Norte,2019,11,331590.76500000013
2302057,05,Litoral Norte,2019,11,53570.34999999998
2302305,05,Litoral Norte,2019,11,128695.37999999989
2302602,05,Litoral Norte,2019,11,0.0
2303907,05,Litoral Norte,2019,11,0.0
2304251,05,Litoral Norte,2019,11,312625.51500000013
2304707,05,Litoral Norte,2019,11,641440.54
2306553,05,Litoral Norte,2019,11,1871452.5100000007
2307254,05,Litoral Norte,2019,11,573306.2999999998
2307908,05,Litoral Norte,2019,11,233865.52000000002
2308906,05,Litoral Norte,2019,11,291722.86499999976
2313906,05,Litoral Norte,2019,11,0.0
2300754,06,Litoral Oeste / Vale do Curu,2019,11,180483.7000000002
2300903,06,Litoral Oeste / Vale do Curu,2019,11,31560.89500000002
2304608,06,Litoral Oeste / Vale do Curu,2019,11,160350.24999999997
2306108,06,Litoral Oeste / Vale do Curu,2019,11,737867.0500000007
2306306,06,Litoral Oeste / Vale do Curu,2019,11,2900639.275
2306405,06,Litoral Oeste / Vale do Curu,2019,11,692019.3699999992
2308377,06,Litoral Oeste / Vale do Curu,2019,11,616465.125
2310704,06,Litoral Oeste / Vale do Curu,2019,11,406877.9450000003
2313351,06,Litoral Oeste / Vale do Curu,2019,11,680735.1699999999
2313559,06,Litoral Oeste / Vale do Curu,2019,11,0.0
2313757,06,Litoral Oeste / Vale do Curu,2019,11,0.0
2313807,06,Litoral Oeste / Vale do Curu,2019,11,51746.814999999944
2300150,07,Maciço do Baturité,2019,11,174027.20999999996
2301208,07,Maciço do Baturité,2019,11,0.0
2301406,07,Maciço do Baturité,2019,11,359679.02
2302107,07,Maciço do Baturité,2019,11,157700.1100000001
2302909,07,Maciço do Baturité,2019,11,49541.71999999997
2305100,07,Maciço do Baturité,2019,11,175702.375
2306504,07,Maciço do Baturité,2019,11,764795.2000000001
2309102,07,Maciço do Baturité,2019,11,235255.15500000003
2309458,07,Maciço do Baturité,2019,11,136993.44999999995
2309805,07,Maciço do Baturité,2019,11,48294.85500000001
2310100,07,Maciço do Baturité,2019,11,83298.0
2311603,07,Maciço do Baturité,2019,11,325561.64000000013
2303402,08,Serra da Ibiapaba,2019,11,262547.02500000014
2304236,08,Serra da Ibiapaba,2019,11,162187.28500000003
2305001,08,Serra da Ibiapaba,2019,11,1805831.3200000003
2305308,08,Serra da Ibiapaba,2019,11,202612.2450000001
2305803,08,Serra da Ibiapaba,2019,11,0.0
2312304,08,Serra da Ibiapaba,2019,11,1681010.0949999997
2313401,08,Serra da Ibiapaba,2019,11,0.0
2313609,08,Serra da Ibiapaba,2019,11,0.0
2314102,08,Serra da Ibiapaba,2019,11,1486681.0950000002
2301851,09,Sertão Central,2019,11,213607.30000000005
2303931,09,Sertão Central,2019,11,0.0
2304269,09,Sertão Central,2019,11,1851337.6999999997
2305266,09,Sertão Central,2019,11,0.0
2305332,09,Sertão Central,2019,11,0.0
2308500,09,Sertão Central,2019,11,1502434.3650000002
2310902,09,Sertão Central,2019,11,204222.33000000007
2311306,09,Sertão Central,2019,11,170733.94499999983
2311405,09,Sertão Central,2019,11,0.0
2312700,09,Sertão Central,2019,11,1184736.335
2313005,09,Sertão Central,2019,11,493021.98
2302404,10,Sertão de Canindé,2019,11,817855.53
2302800,10,Sertão de Canindé,2019,11,144833.95499999984
2303006,10,Sertão de Canindé,2019,11,243810.65499999997
2307635,10,Sertão de Canindé,2019,11,306395.51
2310407,10,Sertão de Canindé,2019,11,38873.11499999999
2300507,11,Sertão de Sobral,2019,11,93573.39500000002
2303105,11,Sertão de Sobral,2019,11,40106.72500000056
2304004,11,Sertão de Sobral,2019,11,829191.7649999999
2304350,11,Sertão de Sobral,2019,11,186279.60999999987
2304509,11,Sertão de Sobral,2019,11,69889.75
2304657,11,Sertão de Sobral,2019,11,349496.99999999977
2304905,11,Sertão de Sobral,2019,11,410091.845
2308005,11,Sertão de Sobral,2019,11,0.0
2308203,11,Sertão de Sobral,2019,11,421553.9
2309904,11,Sertão de Sobral,2019,11,215948.68999999994
2310951,11,Sertão de Sobral,2019,11,184453.71500000032
2311702,11,Sertão de Sobral,2019,11,188291.25
2312007,11,Sertão de Sobral,2019,11,31270.519999999902
2312809,11,Sertão de Sobral,2019,11,0.0
2312908,11,Sertão de Sobral,2019,11,1592100.1600000039
2313955,11,Sertão de Sobral,2019,11,575051.0950000002
2303659,12,Sertão dos Crateús,2019,11,54397.32500000001
2304103,12,Sertão dos Crateús,2019,11,604106.2849999997
2305209,12,Sertão dos Crateús,2019,11,38946.70499999996
2305605,12,Sertão dos Crateús,2019,11,621653.165
2305902,12,Sertão dos Crateús,2019,11,589326.6399999999
2308609,12,Sertão dos Crateús,2019,11,291235.02
2309300,12,Sertão dos Crateús,2019,11,374463.98
2309409,12,Sertão dos Crateús,2019,11,467811.5
2312205,12,Sertão dos Crateús,2019,11,368290.47499999986
2300408,13,Sertão dos Inhamuns,2019,11,330514.26
2313302,13,Sertão dos Inhamuns,2019,11,295884.0549999997
2300705,14,Vale do Jaguaribe,2019,11,49249.625
2304277,14,Vale do Jaguaribe,2019,11,21765.49000000002
2306009,14,Vale do Jaguaribe,2019,11,475318.5049999999
2306702,14,Vale do Jaguaribe,2019,11,1771455.5699999998
2306801,14,Vale do Jaguaribe,2019,11,0.0
2307601,14,Vale do Jaguaribe,2019,11,1952446.9399999995
2308708,14,Vale do Jaguaribe,2019,11,1816312.2750000004
2310001,14,Vale do Jaguaribe,2019,11,35401.79999999999
2311231,14,Vale do Jaguaribe,2019,11,1048888.565
2311801,14,Vale do Jaguaribe,2019,11,1399186.8949999996
2312502,14,Vale do Jaguaribe,2019,11,84814.44999999995
2313104,14,Vale do Jaguaribe,2019,11,355751.39500000025
2300101,01,Cariri,2019,12,29069.42499999993
2301307,01,Cariri,2019,12,733297.3399999999
2301604,01,Cariri,2019,12,12545.0
2301901,01,Cariri,2019,12,70301.60499999998
2302008,01,Cariri,2019,12,67945.29499999998
2302503,01,Cariri,2019,12,14671.480000000098
2302701,01,Cariri,2019,12,266917.5
2304202,01,Cariri,2019,12,0.0
2304301,01,Cariri,2019,12,139101.71500000008
2304806,01,Cariri,2019,12,208153.33999999997
2307106,01,Cariri,2019,12,243769.94500000007
2307205,01,Cariri,2019,12,76277.19499999995
2307304,01,Cariri,2019,12,768010.0900000017
2307502,01,Cariri,2019,12,670240.5300000003
2308104,01,Cariri,2019,12,437031.0249999999
2308302,01,Cariri,2019,12,506359.525
2308401,01,Cariri,2019,12,3195629.365
2310605,01,Cariri,2019,12,10301.340000000026
2311108,01,Cariri,2019,12,64201.01500000013
2311207,01,Cariri,2019,12,313357.79000000004
2312106,01,Cariri,2019,12,39577.66000000003
2313252,01,Cariri,2019,12,59674.58999999997
2314003,01,Cariri,2019,12,443446.1499999999
2300309,02,Centro Sul,2019,12,362312.9049999998
2303600,02,Centro Sul,2019,12,236712.865
2303808,02,Centro Sul,2019,12,742053.18
2305407,02,Centro Sul,2019,12,1820178.0500000003
2305506,02,Centro Sul,2019,12,518108.98500000034
2305704,02,Centro Sul,2019,12,29202.169999999925
2307403,02,Centro Sul,2019,12,1303765.41
2311355,02,Centro Sul,2019,12,0.0
2311900,02,Centro Sul,2019,12,186870.67999999993
2313708,02,Centro Sul,2019,12,4071.5250000000087
2301000,03,Grande Fortaleza,2019,12,4412870.220000001
2303501,03,Grande Fortaleza,2019,12,609799.2050000001
2303709,03,Grande Fortaleza,2019,12,3039895.920000002
2303956,03,Grande Fortaleza,2019,12,307655.56499999994
2304285,03,Grande Fortaleza,2019,12,1573230.58
2304400,03,Grande Fortaleza,2019,12,123846990.595
2304954,03,Grande Fortaleza,2019,12,179434.19999999995
2305233,03,Grande Fortaleza,2019,12,1905420.625
2306256,03,Grande Fortaleza,2019,12,39444.63500000024
2307650,03,Grande Fortaleza,2019,12,0.0
2307700,03,Grande Fortaleza,2019,12,424806.7000000002
2309607,03,Grande Fortaleza,2019,12,424624.79000000004
2309706,03,Grande Fortaleza,2019,12,1039819.5099999998
2310209,03,Grande Fortaleza,2019,12,490857.55500000017
2310258,03,Grande Fortaleza,2019,12,0.0
2310852,03,Grande Fortaleza,2019,12,98613.245
2312403,03,Grande Fortaleza,2019,12,2054002.0199999996
2312601,03,Grande Fortaleza,2019,12,0.0
2313500,03,Grande Fortaleza,2019,12,627559.1699999999
2301109,04,Litoral Leste,2019,12,2351176.6399999987
2302206,04,Litoral Leste,2019,12,50480.50999999995
2304459,04,Litoral Leste,2019,12,484287.5
2305357,04,Litoral Leste,2019,12,770799.7200000002
2306207,04,Litoral Leste,2019,12,149179.11999999994
2307007,04,Litoral Leste,2019,12,865696.2250000001
2300200,05,Litoral Norte,2019,12,331590.76500000013
2302057,05,Litoral Norte,2019,12,53570.34999999998
2302305,05,Litoral Norte,2019,12,128695.37999999989
2302602,05,Litoral Norte,2019,12,0.0
2303907,05,Litoral Norte,2019,12,0.0
2304251,05,Litoral Norte,2019,12,312625.51500000013
2304707,05,Litoral Norte,2019,12,641440.54
2306553,05,Litoral Norte,2019,12,1871452.5100000007
2307254,05,Litoral Norte,2019,12,573306.2999999998
2307908,05,Litoral Norte,2019,12,233865.52000000002
2308906,05,Litoral Norte,2019,12,291722.86499999976
2313906,05,Litoral Norte,2019,12,0.0
2300754,06,Litoral Oeste / Vale do Curu,2019,12,180483.7000000002
2300903,06,Litoral Oeste / Vale do Curu,2019,12,31560.89500000002
2304608,06,Litoral Oeste / Vale do Curu,2019,12,160350.24999999997
2306108,06,Litoral Oeste / Vale do Curu,2019,12,737867.0500000007
2306306,06,Litoral Oeste / Vale do Curu,2019,12,2900639.275
2306405,06,Litoral Oeste / Vale do Curu,2019,12,692019.3699999992
2308377,06,Litoral Oeste / Vale do Curu,2019,12,616465.125
2310704,06,Litoral Oeste / Vale do Curu,2019,12,406877.9450000003
2313351,06,Litoral Oeste / Vale do Curu,2019,12,680735.1699999999
2313559,06,Litoral Oeste / Vale do Curu,2019,12,0.0
2313757,06,Litoral Oeste / Vale do Curu,2019,12,0.0
2313807,06,Litoral Oeste / Vale do Curu,2019,12,51746.814999999944
2300150,07,Maciço do Baturité,2019,12,174027.20999999996
2301208,07,Maciço do Baturité,2019,12,0.0
2301406,07,Maciço do Baturité,2019,12,359679.02
2302107,07,Maciço do Baturité,2019,12,157700.1100000001
2302909,07,Maciço do Baturité,2019,12,49541.71999999997
2305100,07,Maciço do Baturité,2019,12,175702.375
2306504,07,Maciço do Baturité,2019,12,764795.2000000001
2309102,07,Maciço do Baturité,2019,12,235255.15500000003
2309458,07,Maciço do Baturité,2019,12,136993.44999999995
2309805,07,Maciço do Baturité,2019,12,48294.85500000001
2310100,07,Maciço do Baturité,2019,12,83298.0
2311603,07,Maciço do Baturité,2019,12,325561.64000000013
2303402,08,Serra da Ibiapaba,2019,12,262547.02500000014
2304236,08,Serra da Ibiapaba,2019,12,162187.28500000003
2305001,08,Serra da Ibiapaba,2019,12,1805831.3200000003
2305308,08,Serra da Ibiapaba,2019,12,202612.2450000001
2305803,08,Serra da Ibiapaba,2019,12,0.0
2312304,08,Serra da Ibiapaba,2019,12,1681010.0949999997
2313401,08,Serra da Ibiapaba,2019,12,0.0
2313609,08,Serra da Ibiapaba,2019,12,0.0
2314102,08,Serra da Ibiapaba,2019,12,1486681.0950000002
2301851,09,Sertão Central,2019,12,213607.30000000005
2303931,09,Sertão Central,2019,12,0.0
2304269,09,Sertão Central,2019,12,1851337.6999999997
2305266,09,Sertão Central,2019,12,0.0
2305332,09,Sertão Central,2019,12,0.0
2308500,09,Sertão Central,2019,12,1502434.3650000002
2310902,09,Sertão Central,2019,12,204222.33000000007
2311306,09,Sertão Central,2019,12,170733.94499999983
2311405,09,Sertão Central,2019,12,0.0
2312700,09,Sertão Central,2019,12,1184736.335
2313005,09,Sertão Central,2019,12,493021.98
2302404,10,Sertão de Canindé,2019,12,817855.53
2302800,10,Sertão de Canindé,2019,12,144833.95499999984
2303006,10,Sertão de Canindé,2019,12,243810.65499999997
2307635,10,Sertão de Canindé,2019,12,306395.51
2310407,10,Sertão de Canindé,2019,12,38873.11499999999
2300507,11,Sertão de Sobral,2019,12,93573.39500000002
2303105,11,Sertão de Sobral,2019,12,40106.72500000056
2304004,11,Sertão de Sobral,2019,12,829191.7649999999
2304350,11,Sertão de Sobral,2019,12,186279.60999999987
2304509,11,Sertão de Sobral,2019,12,69889.75
2304657,11,Sertão de Sobral,2019,12,349496.99999999977
2304905,11,Sertão de Sobral,2019,12,410091.845
2308005,11,Sertão de Sobral,2019,12,0.0
2308203,11,Sertão de Sobral,2019,12,421553.9
2309904,11,Sertão de Sobral,2019,12,215948.68999999994
2310951,11,Sertão de Sobral,2019,12,184453.71500000032
2311702,11,Sertão de Sobral,2019,12,188291.25
2312007,11,Sertão de Sobral,2019,12,31270.519999999902
2312809,11,Sertão de Sobral,2019,12,0.0
2312908,11,Sertão de Sobral,2019,12,1592100.1600000039
2313955,11,Sertão de Sobral,2019,12,575051.0950000002
2303659,12,Sertão dos Crateús,2019,12,54397.32500000001
2304103,12,Sertão dos Crateús,2019,12,604106.2849999997
2305209,12,Sertão dos Crateús,2019,12,38946.70499999996
2305605,12,Sertão dos Crateús,2019,12,621653.165
2305902,12,Sertão dos Crateús,2019,12,589326.6399999999
2308609,12,Sertão dos Crateús,2019,12,291235.02
2309300,12,Sertão dos Crateús,2019,12,374463.98
2309409,12,Sertão dos Crateús,2019,12,467811.5
2312205,12,Sertão dos Crateús,2019,12,368290.47499999986
2300408,13,Sertão dos Inhamuns,2019,12,330514.26
2313302,13,Sertão dos Inhamuns,2019,12,295884.0549999997
2300705,14,Vale do Jaguaribe,2019,12,49249.625
2304277,14,Vale do Jaguaribe,2019,12,21765.49000000002
2306009,14,Vale do Jaguaribe,2019,12,475318.5049999999
2306702,14,Vale do Jaguaribe,2019,12,1771455.5699999998
2306801,14,Vale do Jaguaribe,2019,12,0.0
2307601,14,Vale do Jaguaribe,2019,12,1952446.9399999995
2308708,14,Vale do Jaguaribe,2019,12,1816312.2750000004
2310001,14,Vale do Jaguaribe,2019,12,35401.79999999999
2311231,14,Vale do Jaguaribe,2019,12,1048888.565
2311801,14,Vale do Jaguaribe,2019,12,1399186.8949999996
2312502,14,Vale do Jaguaribe,2019,12,84814.44999999995
2313104,14,Vale do Jaguaribe,2019,12,355751.39500000025
2300101,01,Cariri,2020,1,104431.895
2301307,01,Cariri,2020,1,720170.06
2301604,01,Cariri,2020,1,382991.85
2301703,01,Cariri,2020,1,330668.56
2301901,01,Cariri,2020,1,150437.525
2302008,01,Cariri,2020,1,267507.355
2302503,01,Cariri,2020,1,72701.35
2302701,01,Cariri,2020,1,593348.68
2303204,01,Cariri,2020,1,632606.27
2304202,01,Cariri,2020,1,4668437.605
2304301,01,Cariri,2020,1,1572905.995
2304806,01,Cariri,2020,1,62911.27
2307106,01,Cariri,2020,1,76461.7
2307205,01,Cariri,2020,1,17207.795
2307304,01,Cariri,2020,1,3526560.485
2307502,01,Cariri,2020,1,506693.265
2308104,01,Cariri,2020,1,418980.35
2308302,01,Cariri,2020,1,60776.08
2308401,01,Cariri,2020,1,1244841.93
2309201,01,Cariri,2020,1,114902.98
2310605,01,Cariri,2020,1,45625.095
2311108,01,Cariri,2020,1,408651.455
2311959,01,Cariri,2020,1,207659.145
2312106,01,Cariri,2020,1,82734.12
2313252,01,Cariri,2020,1,34240.525
2314003,01,Cariri,2020,1,215932.78
2300309,02,Centro Sul,2020,1,658047.455
2301802,02,Centro Sul,2020,1,99300.505
2303600,02,Centro Sul,2020,1,553538.835
2303808,02,Centro Sul,2020,1,52550.145
2305407,02,Centro Sul,2020,1,911451.9
2305506,02,Centro Sul,2020,1,465586.245
2305704,02,Centro Sul,2020,1,22125.39
2307403,02,Centro Sul,2020,1,38712.88
2311355,02,Centro Sul,2020,1,97630.825
2311900,02,Centro Sul,2020,1,92949.0
2313708,02,Centro Sul,2020,1,15998.0
2301000,03,Grande Fortaleza,2020,1,2902613.995
2303501,03,Grande Fortaleza,2020,1,2269199.16
2303709,03,Grande Fortaleza,2020,1,32920199.35
2303956,03,Grande Fortaleza,2020,1,310005.175
2304285,03,Grande Fortaleza,2020,1,2845959.565
2304400,03,Grande Fortaleza,2020,1,93711173.885
2304954,03,Grande Fortaleza,2020,1,343075.995
2305233,03,Grande Fortaleza,2020,1,3070760.56
2306256,03,Grande Fortaleza,2020,1,148692.595
2307650,03,Grande Fortaleza,2020,1,7656935.66
2307700,03,Grande Fortaleza,2020,1,2536933.46
2309607,03,Grande Fortaleza,2020,1,454833.43
2309706,03,Grande Fortaleza,2020,1,2125000.0
2310209,03,Grande Fortaleza,2020,1,356676.165
2310258,03,Grande Fortaleza,2020,1,780312.985
2310852,03,Grande Fortaleza,2020,1,116393.2
2312403,03,Grande Fortaleza,2020,1,895953.53
2312601,03,Grande Fortaleza,2020,1,127058.35
2313500,03,Grande Fortaleza,2020,1,1603111.37
2301109,04,Litoral Leste,2020,1,19051266.54
2302206,04,Litoral Leste,2020,1,194503.04
2304459,04,Litoral Leste,2020,1,644077.02
2305357,04,Litoral Leste,2020,1,611784.735
2306207,04,Litoral Leste,2020,1,547764.12
2307007,04,Litoral Leste,2020,1,670611.165
2300200,05,Litoral Norte,2020,1,1475163.58
2302057,05,Litoral Norte,2020,1,105781.28
2302305,05,Litoral Norte,2020,1,34693.66
2302602,05,Litoral Norte,2020,1,342469.67
2303907,05,Litoral Norte,2020,1,270723.425
2304251,05,Litoral Norte,2020,1,269380.155
2304707,05,Litoral Norte,2020,1,276959.205
2306553,05,Litoral Norte,2020,1,2445919.13
2307254,05,Litoral Norte,2020,1,870639.885
2307908,05,Litoral Norte,2020,1,116042.18
2308906,05,Litoral Norte,2020,1,1177553.27
2313906,05,Litoral Norte,2020,1,1050679.25
2300754,06,Litoral Oeste / Vale do Curu,2020,1,415572.79
2304608,06,Litoral Oeste / Vale do Curu,2020,1,11556.715
2306108,06,Litoral Oeste / Vale do Curu,2020,1,465167.875
2306306,06,Litoral Oeste / Vale do Curu,2020,1,2628190.53
2306405,06,Litoral Oeste / Vale do Curu,2020,1,2282065.745
2308377,06,Litoral Oeste / Vale do Curu,2020,1,347914.675
2310704,06,Litoral Oeste / Vale do Curu,2020,1,543040.025
2313351,06,Litoral Oeste / Vale do Curu,2020,1,371318.54
2313559,06,Litoral Oeste / Vale do Curu,2020,1,837372.47
2313757,06,Litoral Oeste / Vale do Curu,2020,1,268515.88
2313807,06,Litoral Oeste / Vale do Curu,2020,1,131653.74
2300150,07,Maciço do Baturité,2020,1,404700.785
2301208,07,Maciço do Baturité,2020,1,147920.095
2301406,07,Maciço do Baturité,2020,1,487738.27
2302107,07,Maciço do Baturité,2020,1,141618.295
2302909,07,Maciço do Baturité,2020,1,39660.535
2305100,07,Maciço do Baturité,2020,1,206217.425
2306504,07,Maciço do Baturité,2020,1,127350.675
2309102,07,Maciço do Baturité,2020,1,253779.765
2309458,07,Maciço do Baturité,2020,1,142616.385
2309805,07,Maciço do Baturité,2020,1,14535.315
2310100,07,Maciço do Baturité,2020,1,71472.13
2303402,08,Serra da Ibiapaba,2020,1,258637.08
2304236,08,Serra da Ibiapaba,2020,1,130736.19
2305001,08,Serra da Ibiapaba,2020,1,885127.79
2305803,08,Serra da Ibiapaba,2020,1,375674.195
2312304,08,Serra da Ibiapaba,2020,1,725533.725
2313401,08,Serra da Ibiapaba,2020,1,70948.595
2313609,08,Serra da Ibiapaba,2020,1,783861.96
2314102,08,Serra da Ibiapaba,2020,1,414815.415
2301851,09,Sertão Central,2020,1,217933.49
2303931,09,Sertão Central,2020,1,197693.64
2304269,09,Sertão Central,2020,1,155051.97
2305266,09,Sertão Central,2020,1,43115.87
2305332,09,Sertão Central,2020,1,4083176.91
2308500,09,Sertão Central,2020,1,1372162.305
2310506,09,Sertão Central,2020,1,193962.92
2310902,09,Sertão Central,2020,1,190247.765
2311306,09,Sertão Central,2020,1,522686.535
2311405,09,Sertão Central,2020,1,2148340.695
2312700,09,Sertão Central,2020,1,92155.05
2313005,09,Sertão Central,2020,1,1101594.58
2302404,10,Sertão de Canindé,2020,1,455169.675
2302800,10,Sertão de Canindé,2020,1,439765.02
2303006,10,Sertão de Canindé,2020,1,75821.0
2306603,10,Sertão de Canindé,2020,1,601113.845
2307635,10,Sertão de Canindé,2020,1,218200.915
2310407,10,Sertão de Canindé,2020,1,123671.39
2303105,11,Sertão de Sobral,2020,1,158673.53
2304004,11,Sertão de Sobral,2020,1,255968.02
2304509,11,Sertão de Sobral,2020,1,640301.75
2304657,11,Sertão de Sobral,2020,1,683400.265
2308005,11,Sertão de Sobral,2020,1,1009781.37
2309904,11,Sertão de Sobral,2020,1,290685.455
2311702,11,Sertão de Sobral,2020,1,569880.775
2312007,11,Sertão de Sobral,2020,1,173434.16
2312809,11,Sertão de Sobral,2020,1,4793.0
2312908,11,Sertão de Sobral,2020,1,11751069.8
2303659,12,Sertão dos Crateús,2020,1,264311.925
2304103,12,Sertão dos Crateús,2020,1,656357.5
2305209,12,Sertão dos Crateús,2020,1,35725.025
2305605,12,Sertão dos Crateús,2020,1,79694.375
2305902,12,Sertão dos Crateús,2020,1,18649.5
2308609,12,Sertão dos Crateús,2020,1,680122.1
2309300,12,Sertão dos Crateús,2020,1,218330.27
2309409,12,Sertão dos Crateús,2020,1,510317.51
2312205,12,Sertão dos Crateús,2020,1,205688.07
2300408,13,Sertão dos Inhamuns,2020,1,27381.22
2313302,13,Sertão dos Inhamuns,2020,1,559770.965
2300705,14,Vale do Jaguaribe,2020,1,22963.605
2304277,14,Vale do Jaguaribe,2020,1,168526.13
2306009,14,Vale do Jaguaribe,2020,1,320136.02
2306702,14,Vale do Jaguaribe,2020,1,597441.125
2306801,14,Vale do Jaguaribe,2020,1,251342.55
2307601,14,Vale do Jaguaribe,2020,1,1310013.65
2308708,14,Vale do Jaguaribe,2020,1,456745.375
2310001,14,Vale do Jaguaribe,2020,1,1151.5
2311231,14,Vale do Jaguaribe,2020,1,253189.3
2311504,14,Vale do Jaguaribe,2020,1,119172.96
2311801,14,Vale do Jaguaribe,2020,1,1896919.405
2312502,14,Vale do Jaguaribe,2020,1,192393.885
2313104,14,Vale do Jaguaribe,2020,1,399501.895
2300101,01,Cariri,2020,2,104431.895
2301307,01,Cariri,2020,2,720170.06
2301604,01,Cariri,2020,2,382991.85
2301703,01,Cariri,2020,2,330668.56
2301901,01,Cariri,2020,2,150437.525
2302008,01,Cariri,2020,2,267507.355
2302503,01,Cariri,2020,2,72701.35
2302701,01,Cariri,2020,2,593348.68
2303204,01,Cariri,2020,2,632606.27
2304202,01,Cariri,2020,2,4668437.605
2304301,01,Cariri,2020,2,1572905.995
2304806,01,Cariri,2020,2,62911.27
2307106,01,Cariri,2020,2,76461.7
2307205,01,Cariri,2020,2,17207.795
2307304,01,Cariri,2020,2,3526560.485
2307502,01,Cariri,2020,2,506693.265
2308104,01,Cariri,2020,2,418980.35
2308302,01,Cariri,2020,2,60776.08
2308401,01,Cariri,2020,2,1244841.93
2309201,01,Cariri,2020,2,114902.98
2310605,01,Cariri,2020,2,45625.095
2311108,01,Cariri,2020,2,408651.455
2311959,01,Cariri,2020,2,207659.145
2312106,01,Cariri,2020,2,82734.12
2313252,01,Cariri,2020,2,34240.525
2314003,01,Cariri,2020,2,215932.78
2300309,02,Centro Sul,2020,2,658047.455
2301802,02,Centro Sul,2020,2,99300.505
2303600,02,Centro Sul,2020,2,553538.835
2303808,02,Centro Sul,2020,2,52550.145
2305407,02,Centro Sul,2020,2,911451.9
2305506,02,Centro Sul,2020,2,465586.245
2305704,02,Centro Sul,2020,2,22125.39
2307403,02,Centro Sul,2020,2,38712.88
2311355,02,Centro Sul,2020,2,97630.825
2311900,02,Centro Sul,2020,2,92949.0
2313708,02,Centro Sul,2020,2,15998.0
2301000,03,Grande Fortaleza,2020,2,2902613.995
2303501,03,Grande Fortaleza,2020,2,2269199.16
2303709,03,Grande Fortaleza,2020,2,32920199.35
2303956,03,Grande Fortaleza,2020,2,310005.175
2304285,03,Grande Fortaleza,2020,2,2845959.565
2304400,03,Grande Fortaleza,2020,2,93711173.885
2304954,03,Grande Fortaleza,2020,2,343075.995
2305233,03,Grande Fortaleza,2020,2,3070760.56
2306256,03,Grande Fortaleza,2020,2,148692.595
2307650,03,Grande Fortaleza,2020,2,7656935.66
2307700,03,Grande Fortaleza,2020,2,2536933.46
2309607,03,Grande Fortaleza,2020,2,454833.43
2309706,03,Grande Fortaleza,2020,2,2125000.0
2310209,03,Grande Fortaleza,2020,2,356676.165
2310258,03,Grande Fortaleza,2020,2,780312.985
2310852,03,Grande Fortaleza,2020,2,116393.2
2312403,03,Grande Fortaleza,2020,2,895953.53
2312601,03,Grande Fortaleza,2020,2,127058.35
2313500,03,Grande Fortaleza,2020,2,1603111.37
2301109,04,Litoral Leste,2020,2,19051266.54
2302206,04,Litoral Leste,2020,2,194503.04
2304459,04,Litoral Leste,2020,2,644077.02
2305357,04,Litoral Leste,2020,2,611784.735
2306207,04,Litoral Leste,2020,2,547764.12
2307007,04,Litoral Leste,2020,2,670611.165
2300200,05,Litoral Norte,2020,2,1475163.58
2302057,05,Litoral Norte,2020,2,105781.28
2302305,05,Litoral Norte,2020,2,34693.66
2302602,05,Litoral Norte,2020,2,342469.67
2303907,05,Litoral Norte,2020,2,270723.425
2304251,05,Litoral Norte,2020,2,269380.155
2304707,05,Litoral Norte,2020,2,276959.205
2306553,05,Litoral Norte,2020,2,2445919.13
2307254,05,Litoral Norte,2020,2,870639.885
2307908,05,Litoral Norte,2020,2,116042.18
2308906,05,Litoral Norte,2020,2,1177553.27
2313906,05,Litoral Norte,2020,2,1050679.25
2300754,06,Litoral Oeste / Vale do Curu,2020,2,415572.79
2304608,06,Litoral Oeste / Vale do Curu,2020,2,11556.715
2306108,06,Litoral Oeste / Vale do Curu,2020,2,465167.875
2306306,06,Litoral Oeste / Vale do Curu,2020,2,2628190.53
2306405,06,Litoral Oeste / Vale do Curu,2020,2,2282065.745
2308377,06,Litoral Oeste / Vale do Curu,2020,2,347914.675
2310704,06,Litoral Oeste / Vale do Curu,2020,2,543040.025
2313351,06,Litoral Oeste / Vale do Curu,2020,2,371318.54
2313559,06,Litoral Oeste / Vale do Curu,2020,2,837372.47
2313757,06,Litoral Oeste / Vale do Curu,2020,2,268515.88
2313807,06,Litoral Oeste / Vale do Curu,2020,2,131653.74
2300150,07,Maciço do Baturité,2020,2,404700.785
2301208,07,Maciço do Baturité,2020,2,147920.095
2301406,07,Maciço do Baturité,2020,2,487738.27
2302107,07,Maciço do Baturité,2020,2,141618.295
2302909,07,Maciço do Baturité,2020,2,39660.535
2305100,07,Maciço do Baturité,2020,2,206217.425
2306504,07,Maciço do Baturité,2020,2,127350.675
2309102,07,Maciço do Baturité,2020,2,253779.765
2309458,07,Maciço do Baturité,2020,2,142616.385
2309805,07,Maciço do Baturité,2020,2,14535.315
2310100,07,Maciço do Baturité,2020,2,71472.13
2303402,08,Serra da Ibiapaba,2020,2,258637.08
2304236,08,Serra da Ibiapaba,2020,2,130736.19
2305001,08,Serra da Ibiapaba,2020,2,885127.79
2305803,08,Serra da Ibiapaba,2020,2,375674.195
2312304,08,Serra da Ibiapaba,2020,2,725533.725
2313401,08,Serra da Ibiapaba,2020,2,70948.595
2313609,08,Serra da Ibiapaba,2020,2,783861.96
2314102,08,Serra da Ibiapaba,2020,2,414815.415
2301851,09,Sertão Central,2020,2,217933.49
2303931,09,Sertão Central,2020,2,197693.64
2304269,09,Sertão Central,2020,2,155051.97
2305266,09,Sertão Central,2020,2,43115.87
2305332,09,Sertão Central,2020,2,4083176.91
2308500,09,Sertão Central,2020,2,1372162.305
2310506,09,Sertão Central,2020,2,193962.92
2310902,09,Sertão Central,2020,2,190247.765
2311306,09,Sertão Central,2020,2,522686.535
2311405,09,Sertão Central,2020,2,2148340.695
2312700,09,Sertão Central,2020,2,92155.05
2313005,09,Sertão Central,2020,2,1101594.58
2302404,10,Sertão de Canindé,2020,2,455169.675
2302800,10,Sertão de Canindé,2020,2,439765.02
2303006,10,Sertão de Canindé,2020,2,75821.0
2306603,10,Sertão de Canindé,2020,2,601113.845
2307635,10,Sertão de Canindé,2020,2,218200.915
2310407,10,Sertão de Canindé,2020,2,123671.39
2303105,11,Sertão de Sobral,2020,2,158673.53
2304004,11,Sertão de Sobral,2020,2,255968.02
2304509,11,Sertão de Sobral,2020,2,640301.75
2304657,11,Sertão de Sobral,2020,2,683400.265
2308005,11,Sertão de Sobral,2020,2,1009781.37
2309904,11,Sertão de Sobral,2020,2,290685.455
2311702,11,Sertão de Sobral,2020,2,569880.775
2312007,11,Sertão de Sobral,2020,2,173434.16
2312809,11,Sertão de Sobral,2020,2,4793.0
2312908,11,Sertão de Sobral,2020,2,11751069.8
2303659,12,Sertão dos Crateús,2020,2,264311.925
2304103,12,Sertão dos Crateús,2020,2,656357.5
2305209,12,Sertão dos Crateús,2020,2,35725.025
2305605,12,Sertão dos Crateús,2020,2,79694.375
2305902,12,Sertão dos Crateús,2020,2,18649.5
2308609,12,Sertão dos Crateús,2020,2,680122.1
2309300,12,Sertão dos Crateús,2020,2,218330.27
2309409,12,Sertão dos Crateús,2020,2,510317.51
2312205,12,Sertão dos Crateús,2020,2,205688.07
2300408,13,Sertão dos Inhamuns,2020,2,27381.22
2313302,13,Sertão dos Inhamuns,2020,2,559770.965
2300705,14,Vale do Jaguaribe,2020,2,22963.605
2304277,14,Vale do Jaguaribe,2020,2,168526.13
2306009,14,Vale do Jaguaribe,2020,2,320136.02
2306702,14,Vale do Jaguaribe,2020,2,597441.125
2306801,14,Vale do Jaguaribe,2020,2,251342.55
2307601,14,Vale do Jaguaribe,2020,2,1310013.65
2308708,14,Vale do Jaguaribe,2020,2,456745.375
2310001,14,Vale do Jaguaribe,2020,2,1151.5
2311231,14,Vale do Jaguaribe,2020,2,253189.3
2311504,14,Vale do Jaguaribe,2020,2,119172.96
2311801,14,Vale do Jaguaribe,2020,2,1896919.405
2312502,14,Vale do Jaguaribe,2020,2,192393.885
2313104,14,Vale do Jaguaribe,2020,2,399501.895
2300101,01,Cariri,2020,3,129662.73
2301307,01,Cariri,2020,3,701111.99
2301604,01,Cariri,2020,3,52794.26000000001
2301703,01,Cariri,2020,3,186166.45500000002
2301901,01,Cariri,2020,3,644522.99
2302008,01,Cariri,2020,3,103713.16500000004
2302503,01,Cariri,2020,3,2178836.315
2302701,01,Cariri,2020,3,237347.2699999999
2303204,01,Cariri,2020,3,344404.26
2304202,01,Cariri,2020,3,1881240.1349999998
2304301,01,Cariri,2020,3,259041.20499999984
2304806,01,Cariri,2020,3,456114.915
2307106,01,Cariri,2020,3,302561.825
2307205,01,Cariri,2020,3,336177.28500000003
2307304,01,Cariri,2020,3,12234904.275
2307502,01,Cariri,2020,3,404352.68499999994
2308104,01,Cariri,2020,3,432215.79500000004
2308302,01,Cariri,2020,3,128606.67
2308401,01,Cariri,2020,3,605044.8200000001
2309201,01,Cariri,2020,3,434709.07500000007
2310605,01,Cariri,2020,3,489.90000000000146
2311108,01,Cariri,2020,3,158854.11499999993
2311959,01,Cariri,2020,3,174575.585
2312106,01,Cariri,2020,3,48541.0
2313252,01,Cariri,2020,3,84564.73999999999
2314003,01,Cariri,2020,3,213518.23
2300309,02,Centro Sul,2020,3,483018.07999999996
2301802,02,Centro Sul,2020,3,185665.56
2303600,02,Centro Sul,2020,3,535051.75
2303808,02,Centro Sul,2020,3,54991.185000000005
2305407,02,Centro Sul,2020,3,905839.1649999999
2305506,02,Centro Sul,2020,3,393985.43000000005
2305704,02,Centro Sul,2020,3,10651.21
2307403,02,Centro Sul,2020,3,458924.75
2311355,02,Centro Sul,2020,3,214440.14499999996
2311900,02,Centro Sul,2020,3,49405.475000000006
2313708,02,Centro Sul,2020,3,4750.0
2301000,03,Grande Fortaleza,2020,3,1891538.3449999997
2303501,03,Grande Fortaleza,2020,3,0.0
2303709,03,Grande Fortaleza,2020,3,23161718.134999998
2303956,03,Grande Fortaleza,2020,3,307984.58
2304285,03,Grande Fortaleza,2020,3,3153567.68
2304400,03,Grande Fortaleza,2020,3,110470687.205
2304954,03,Grande Fortaleza,2020,3,28381.67499999999
2305233,03,Grande Fortaleza,2020,3,1178917.3000000003
2306256,03,Grande Fortaleza,2020,3,221830.22
2307650,03,Grande Fortaleza,2020,3,2696118.6950000003
2307700,03,Grande Fortaleza,2020,3,1051202.475
2309607,03,Grande Fortaleza,2020,3,1714899.99
2309706,03,Grande Fortaleza,2020,3,2147287.3150000004
2310209,03,Grande Fortaleza,2020,3,270067.5150000001
2310258,03,Grande Fortaleza,2020,3,503090.05500000005
2310852,03,Grande Fortaleza,2020,3,132881.79499999998
2312403,03,Grande Fortaleza,2020,3,8883587.495000001
2312601,03,Grande Fortaleza,2020,3,99506.72999999998
2313500,03,Grande Fortaleza,2020,3,461861.1499999999
2301109,04,Litoral Leste,2020,3,975176.7899999991
2302206,04,Litoral Leste,2020,3,135567.08
2304459,04,Litoral Leste,2020,3,426600.01
2305357,04,Litoral Leste,2020,3,1165784.745
2306207,04,Litoral Leste,2020,3,161643.875
2307007,04,Litoral Leste,2020,3,454385.33499999996
2300200,05,Litoral Norte,2020,3,1751361.9849999999
2302057,05,Litoral Norte,2020,3,49162.98000000001
2302305,05,Litoral Norte,2020,3,141524.68
2302602,05,Litoral Norte,2020,3,439593.18
2303907,05,Litoral Norte,2020,3,24317.725000000035
2304251,05,Litoral Norte,2020,3,475939.70499999996
2304707,05,Litoral Norte,2020,3,561834.22
2306553,05,Litoral Norte,2020,3,2298453.1500000004
2307254,05,Litoral Norte,2020,3,451141.155
2307908,05,Litoral Norte,2020,3,141141.18
2308906,05,Litoral Norte,2020,3,68118.17500000005
2313906,05,Litoral Norte,2020,3,411407.7549999999
2300754,06,Litoral Oeste / Vale do Curu,2020,3,2414980.03
2300903,06,Litoral Oeste / Vale do Curu,2020,3,2665.0
2304608,06,Litoral Oeste / Vale do Curu,2020,3,6792.25
2306108,06,Litoral Oeste / Vale do Curu,2020,3,931434.2250000001
2306306,06,Litoral Oeste / Vale do Curu,2020,3,867976.0
2306405,06,Litoral Oeste / Vale do Curu,2020,3,2215064.165
2308377,06,Litoral Oeste / Vale do Curu,2020,3,57464.955000000016
2310704,06,Litoral Oeste / Vale do Curu,2020,3,90041.51000000001
2313351,06,Litoral Oeste / Vale do Curu,2020,3,591948.9099999999
2313559,06,Litoral Oeste / Vale do Curu,2020,3,136224.06000000006
2313757,06,Litoral Oeste / Vale do Curu,2020,3,114700.0
2313807,06,Litoral Oeste / Vale do Curu,2020,3,88242.62
2300150,07,Maciço do Baturité,2020,3,273458.33
2301208,07,Maciço do Baturité,2020,3,169071.99500000002
2301406,07,Maciço do Baturité,2020,3,28187.85499999998
2302107,07,Maciço do Baturité,2020,3,232100.38999999998
2302909,07,Maciço do Baturité,2020,3,7126.514999999999
2305100,07,Maciço do Baturité,2020,3,854821.1499999999
2306504,07,Maciço do Baturité,2020,3,150622.265
2309102,07,Maciço do Baturité,2020,3,294412.365
2309458,07,Maciço do Baturité,2020,3,170788.79499999998
2309805,07,Maciço do Baturité,2020,3,87425.84
2310100,07,Maciço do Baturité,2020,3,46920.0
2303402,08,Serra da Ibiapaba,2020,3,319742.79500000004
2304236,08,Serra da Ibiapaba,2020,3,50417.524999999994
2305001,08,Serra da Ibiapaba,2020,3,572399.7649999999
2305803,08,Serra da Ibiapaba,2020,3,385022.3
2312304,08,Serra da Ibiapaba,2020,3,652483.525
2313401,08,Serra da Ibiapaba,2020,3,463589.775
2313609,08,Serra da Ibiapaba,2020,3,760206.7750000001
2314102,08,Serra da Ibiapaba,2020,3,513921.21
2301851,09,Sertão Central,2020,3,293502.92
2303931,09,Sertão Central,2020,3,265985.96499999997
2304269,09,Sertão Central,2020,3,96139.565
2305266,09,Sertão Central,2020,3,125294.505
2305332,09,Sertão Central,2020,3,371329.7949999999
2308500,09,Sertão Central,2020,3,622961.7750000001
2310506,09,Sertão Central,2020,3,148583.81999999998
2310902,09,Sertão Central,2020,3,321615.29
2311306,09,Sertão Central,2020,3,458676.3950000001
2311405,09,Sertão Central,2020,3,2990821.5450000004
2312700,09,Sertão Central,2020,3,79453.65000000001
2313005,09,Sertão Central,2020,3,1211432.94
2302404,10,Sertão de Canindé,2020,3,439955.82
2302800,10,Sertão de Canindé,2020,3,417538.19499999995
2303006,10,Sertão de Canindé,2020,3,28851.535000000003
2306603,10,Sertão de Canindé,2020,3,321951.01
2307635,10,Sertão de Canindé,2020,3,212527.92500000002
2310407,10,Sertão de Canindé,2020,3,116542.86
2303105,11,Sertão de Sobral,2020,3,2115885.56
2304004,11,Sertão de Sobral,2020,3,311074.135
2304509,11,Sertão de Sobral,2020,3,468792.395
2304657,11,Sertão de Sobral,2020,3,328246.42000000004
2308005,11,Sertão de Sobral,2020,3,233882.755
2309904,11,Sertão de Sobral,2020,3,114822.04999999999
2311702,11,Sertão de Sobral,2020,3,657431.2200000001
2312007,11,Sertão de Sobral,2020,3,470788.57499999995
2312809,11,Sertão de Sobral,2020,3,2266.5649999999996
2312908,11,Sertão de Sobral,2020,3,5863023.23
2303659,12,Sertão dos Crateús,2020,3,133778.07
2304103,12,Sertão dos Crateús,2020,3,720022.385
2305209,12,Sertão dos Crateús,2020,3,190658.30000000002
2305605,12,Sertão dos Crateús,2020,3,135495.355
2305902,12,Sertão dos Crateús,2020,3,53673.375
2308609,12,Sertão dos Crateús,2020,3,166800.265
2309300,12,Sertão dos Crateús,2020,3,763655.4249999999
2309409,12,Sertão dos Crateús,2020,3,684030.27
2312205,12,Sertão dos Crateús,2020,3,278990.12
2300408,13,Sertão dos Inhamuns,2020,3,322293.83999999997
2313302,13,Sertão dos Inhamuns,2020,3,473609.81500000006
2300705,14,Vale do Jaguaribe,2020,3,181222.56
2304277,14,Vale do Jaguaribe,2020,3,10808.75
2306009,14,Vale do Jaguaribe,2020,3,553654.165
2306702,14,Vale do Jaguaribe,2020,3,1169667.425
2306801,14,Vale do Jaguaribe,2020,3,493573.84500000003
2307601,14,Vale do Jaguaribe,2020,3,706406.0
2308708,14,Vale do Jaguaribe,2020,3,2124720.995
2310001,14,Vale do Jaguaribe,2020,3,2865.5
2311231,14,Vale do Jaguaribe,2020,3,298484.565
2311504,14,Vale do Jaguaribe,2020,3,256348.3
2311801,14,Vale do Jaguaribe,2020,3,1057828.2249999999
2312502,14,Vale do Jaguaribe,2020,3,33954.345
2313104,14,Vale do Jaguaribe,2020,3,360352.245
2300101,01,Cariri,2020,4,129662.73
2301307,01,Cariri,2020,4,701111.99
2301604,01,Cariri,2020,4,52794.26000000001
2301703,01,Cariri,2020,4,186166.45500000002
2301901,01,Cariri,2020,4,644522.99
2302008,01,Cariri,2020,4,103713.16500000004
2302503,01,Cariri,2020,4,2178836.315
2302701,01,Cariri,2020,4,237347.2699999999
2303204,01,Cariri,2020,4,344404.26
2304202,01,Cariri,2020,4,1881240.1349999998
2304301,01,Cariri,2020,4,259041.20499999984
2304806,01,Cariri,2020,4,456114.915
2307106,01,Cariri,2020,4,302561.825
2307205,01,Cariri,2020,4,336177.28500000003
2307304,01,Cariri,2020,4,12234904.275
2307502,01,Cariri,2020,4,404352.68499999994
2308104,01,Cariri,2020,4,432215.79500000004
2308302,01,Cariri,2020,4,128606.67
2308401,01,Cariri,2020,4,605044.8200000001
2309201,01,Cariri,2020,4,434709.07500000007
2310605,01,Cariri,2020,4,489.90000000000146
2311108,01,Cariri,2020,4,158854.11499999993
2311959,01,Cariri,2020,4,174575.585
2312106,01,Cariri,2020,4,48541.0
2313252,01,Cariri,2020,4,84564.73999999999
2314003,01,Cariri,2020,4,213518.23
2300309,02,Centro Sul,2020,4,483018.07999999996
2301802,02,Centro Sul,2020,4,185665.56
2303600,02,Centro Sul,2020,4,535051.75
2303808,02,Centro Sul,2020,4,54991.185000000005
2305407,02,Centro Sul,2020,4,905839.1649999999
2305506,02,Centro Sul,2020,4,393985.43000000005
2305704,02,Centro Sul,2020,4,10651.21
2307403,02,Centro Sul,2020,4,458924.75
2311355,02,Centro Sul,2020,4,214440.14499999996
2311900,02,Centro Sul,2020,4,49405.475000000006
2313708,02,Centro Sul,2020,4,4750.0
2301000,03,Grande Fortaleza,2020,4,1891538.3449999997
2303501,03,Grande Fortaleza,2020,4,0.0
2303709,03,Grande Fortaleza,2020,4,23161718.134999998
2303956,03,Grande Fortaleza,2020,4,307984.58
2304285,03,Grande Fortaleza,2020,4,3153567.68
2304400,03,Grande Fortaleza,2020,4,110470687.205
2304954,03,Grande Fortaleza,2020,4,28381.67499999999
2305233,03,Grande Fortaleza,2020,4,1178917.3000000003
2306256,03,Grande Fortaleza,2020,4,221830.22
2307650,03,Grande Fortaleza,2020,4,2696118.6950000003
2307700,03,Grande Fortaleza,2020,4,1051202.475
2309607,03,Grande Fortaleza,2020,4,1714899.99
2309706,03,Grande Fortaleza,2020,4,2147287.3150000004
2310209,03,Grande Fortaleza,2020,4,270067.5150000001
2310258,03,Grande Fortaleza,2020,4,503090.05500000005
2310852,03,Grande Fortaleza,2020,4,132881.79499999998
2312403,03,Grande Fortaleza,2020,4,8883587.495000001
2312601,03,Grande Fortaleza,2020,4,99506.72999999998
2313500,03,Grande Fortaleza,2020,4,461861.1499999999
2301109,04,Litoral Leste,2020,4,975176.7899999991
2302206,04,Litoral Leste,2020,4,135567.08
2304459,04,Litoral Leste,2020,4,426600.01
2305357,04,Litoral Leste,2020,4,1165784.745
2306207,04,Litoral Leste,2020,4,161643.875
2307007,04,Litoral Leste,2020,4,454385.33499999996
2300200,05,Litoral Norte,2020,4,1751361.9849999999
2302057,05,Litoral Norte,2020,4,49162.98000000001
2302305,05,Litoral Norte,2020,4,141524.68
2302602,05,Litoral Norte,2020,4,439593.18
2303907,05,Litoral Norte,2020,4,24317.725000000035
2304251,05,Litoral Norte,2020,4,475939.70499999996
2304707,05,Litoral Norte,2020,4,561834.22
2306553,05,Litoral Norte,2020,4,2298453.1500000004
2307254,05,Litoral Norte,2020,4,451141.155
2307908,05,Litoral Norte,2020,4,141141.18
2308906,05,Litoral Norte,2020,4,68118.17500000005
2313906,05,Litoral Norte,2020,4,411407.7549999999
2300754,06,Litoral Oeste / Vale do Curu,2020,4,2414980.03
2300903,06,Litoral Oeste / Vale do Curu,2020,4,2665.0
2304608,06,Litoral Oeste / Vale do Curu,2020,4,6792.25
2306108,06,Litoral Oeste / Vale do Curu,2020,4,931434.2250000001
2306306,06,Litoral Oeste / Vale do Curu,2020,4,867976.0
2306405,06,Litoral Oeste / Vale do Curu,2020,4,2215064.165
2308377,06,Litoral Oeste / Vale do Curu,2020,4,57464.955000000016
2310704,06,Litoral Oeste / Vale do Curu,2020,4,90041.51000000001
2313351,06,Litoral Oeste / Vale do Curu,2020,4,591948.9099999999
2313559,06,Litoral Oeste / Vale do Curu,2020,4,136224.06000000006
2313757,06,Litoral Oeste / Vale do Curu,2020,4,114700.0
2313807,06,Litoral Oeste / Vale do Curu,2020,4,88242.62
2300150,07,Maciço do Baturité,2020,4,273458.33
2301208,07,Maciço do Baturité,2020,4,169071.99500000002
2301406,07,Maciço do Baturité,2020,4,28187.85499999998
2302107,07,Maciço do Baturité,2020,4,232100.38999999998
2302909,07,Maciço do Baturité,2020,4,7126.514999999999
2305100,07,Maciço do Baturité,2020,4,854821.1499999999
2306504,07,Maciço do Baturité,2020,4,150622.265
2309102,07,Maciço do Baturité,2020,4,294412.365
2309458,07,Maciço do Baturité,2020,4,170788.79499999998
2309805,07,Maciço do Baturité,2020,4,87425.84
2310100,07,Maciço do Baturité,2020,4,46920.0
2303402,08,Serra da Ibiapaba,2020,4,319742.79500000004
2304236,08,Serra da Ibiapaba,2020,4,50417.524999999994
2305001,08,Serra da Ibiapaba,2020,4,572399.7649999999
2305803,08,Serra da Ibiapaba,2020,4,385022.3
2312304,08,Serra da Ibiapaba,2020,4,652483.525
2313401,08,Serra da Ibiapaba,2020,4,463589.775
2313609,08,Serra da Ibiapaba,2020,4,760206.7750000001
2314102,08,Serra da Ibiapaba,2020,4,513921.21
2301851,09,Sertão Central,2020,4,293502.92
2303931,09,Sertão Central,2020,4,265985.96499999997
2304269,09,Sertão Central,2020,4,96139.565
2305266,09,Sertão Central,2020,4,125294.505
2305332,09,Sertão Central,2020,4,371329.7949999999
2308500,09,Sertão Central,2020,4,622961.7750000001
2310506,09,Sertão Central,2020,4,148583.81999999998
2310902,09,Sertão Central,2020,4,321615.29
2311306,09,Sertão Central,2020,4,458676.3950000001
2311405,09,Sertão Central,2020,4,2990821.5450000004
2312700,09,Sertão Central,2020,4,79453.65000000001
2313005,09,Sertão Central,2020,4,1211432.94
2302404,10,Sertão de Canindé,2020,4,439955.82
2302800,10,Sertão de Canindé,2020,4,417538.19499999995
2303006,10,Sertão de Canindé,2020,4,28851.535000000003
2306603,10,Sertão de Canindé,2020,4,321951.01
2307635,10,Sertão de Canindé,2020,4,212527.92500000002
2310407,10,Sertão de Canindé,2020,4,116542.86
2303105,11,Sertão de Sobral,2020,4,2115885.56
2304004,11,Sertão de Sobral,2020,4,311074.135
2304509,11,Sertão de Sobral,2020,4,468792.395
2304657,11,Sertão de Sobral,2020,4,328246.42000000004
2308005,11,Sertão de Sobral,2020,4,233882.755
2309904,11,Sertão de Sobral,2020,4,114822.04999999999
2311702,11,Sertão de Sobral,2020,4,657431.2200000001
2312007,11,Sertão de Sobral,2020,4,470788.57499999995
2312809,11,Sertão de Sobral,2020,4,2266.5649999999996
2312908,11,Sertão de Sobral,2020,4,5863023.23
2303659,12,Sertão dos Crateús,2020,4,133778.07
2304103,12,Sertão dos Crateús,2020,4,720022.385
2305209,12,Sertão dos Crateús,2020,4,190658.30000000002
2305605,12,Sertão dos Crateús,2020,4,135495.355
2305902,12,Sertão dos Crateús,2020,4,53673.375
2308609,12,Sertão dos Crateús,2020,4,166800.265
2309300,12,Sertão dos Crateús,2020,4,763655.4249999999
2309409,12,Sertão dos Crateús,2020,4,684030.27
2312205,12,Sertão dos Crateús,2020,4,278990.12
2300408,13,Sertão dos Inhamuns,2020,4,322293.83999999997
2313302,13,Sertão dos Inhamuns,2020,4,473609.81500000006
2300705,14,Vale do Jaguaribe,2020,4,181222.56
2304277,14,Vale do Jaguaribe,2020,4,10808.75
2306009,14,Vale do Jaguaribe,2020,4,553654.165
2306702,14,Vale do Jaguaribe,2020,4,1169667.425
2306801,14,Vale do Jaguaribe,2020,4,493573.84500000003
2307601,14,Vale do Jaguaribe,2020,4,706406.0
2308708,14,Vale do Jaguaribe,2020,4,2124720.995
2310001,14,Vale do Jaguaribe,2020,4,2865.5
2311231,14,Vale do Jaguaribe,2020,4,298484.565
2311504,14,Vale do Jaguaribe,2020,4,256348.3
2311801,14,Vale do Jaguaribe,2020,4,1057828.2249999999
2312502,14,Vale do Jaguaribe,2020,4,33954.345
2313104,14,Vale do Jaguaribe,2020,4,360352.245
2300101,01,Cariri,2020,5,114584.34499999997
2301307,01,Cariri,2020,5,625380.46
2301604,01,Cariri,2020,5,57424.63500000001
2301703,01,Cariri,2020,5,69155.57499999995
2301901,01,Cariri,2020,5,1466549.685
2302008,01,Cariri,2020,5,128947.57999999996
2302503,01,Cariri,2020,5,842216.4500000002
2302701,01,Cariri,2020,5,245201.2350000001
2303204,01,Cariri,2020,5,502618.81000000006
2304202,01,Cariri,2020,5,3164789.885
2304301,01,Cariri,2020,5,345737.4600000002
2304806,01,Cariri,2020,5,201104.61000000004
2307106,01,Cariri,2020,5,203472.76
2307205,01,Cariri,2020,5,229701.425
2307304,01,Cariri,2020,5,3553513.1450000014
2307502,01,Cariri,2020,5,555734.51
2308104,01,Cariri,2020,5,408539.2150000001
2308302,01,Cariri,2020,5,231699.41999999998
2308401,01,Cariri,2020,5,866470.4300000002
2309201,01,Cariri,2020,5,158248.06499999994
2310605,01,Cariri,2020,5,4261.0
2311108,01,Cariri,2020,5,1074685.205
2311959,01,Cariri,2020,5,202195.83499999996
2312106,01,Cariri,2020,5,91855.905
2313252,01,Cariri,2020,5,29921.25499999999
2314003,01,Cariri,2020,5,216177.91000000003
2300309,02,Centro Sul,2020,5,432007.855
2301802,02,Centro Sul,2020,5,91720.04499999998
2303600,02,Centro Sul,2020,5,745349.9850000001
2303808,02,Centro Sul,2020,5,195857.16499999998
2305407,02,Centro Sul,2020,5,1480720.6750000003
2305506,02,Centro Sul,2020,5,893169.075
2305704,02,Centro Sul,2020,5,23721.0
2307403,02,Centro Sul,2020,5,733362.11
2311355,02,Centro Sul,2020,5,121348.52500000002
2311900,02,Centro Sul,2020,5,443437.98
2313708,02,Centro Sul,2020,5,3488.0
2301000,03,Grande Fortaleza,2020,5,1769138.295
2303501,03,Grande Fortaleza,2020,5,677771.0300000003
2303709,03,Grande Fortaleza,2020,5,8324588.189999998
2303956,03,Grande Fortaleza,2020,5,273705.56999999995
2304285,03,Grande Fortaleza,2020,5,318600.0
2304400,03,Grande Fortaleza,2020,5,49276810.025000006
2304954,03,Grande Fortaleza,2020,5,231499.07
2305233,03,Grande Fortaleza,2020,5,1435968.0349999992
2306256,03,Grande Fortaleza,2020,5,713692.1100000001
2307650,03,Grande Fortaleza,2020,5,4259472.395
2307700,03,Grande Fortaleza,2020,5,1725020.4499999997
2309607,03,Grande Fortaleza,2020,5,626206.0550000002
2309706,03,Grande Fortaleza,2020,5,740532.2399999993
2310209,03,Grande Fortaleza,2020,5,665359.7199999999
2310258,03,Grande Fortaleza,2020,5,693930.2849999999
2310852,03,Grande Fortaleza,2020,5,53312.044999999984
2312403,03,Grande Fortaleza,2020,5,4967445.129999999
2312601,03,Grande Fortaleza,2020,5,174508.20000000004
2313500,03,Grande Fortaleza,2020,5,661080.2349999999
2301109,04,Litoral Leste,2020,5,11051104.975000001
2302206,04,Litoral Leste,2020,5,128377.78000000003
2304459,04,Litoral Leste,2020,5,166449.97999999998
2305357,04,Litoral Leste,2020,5,1400498.705
2306207,04,Litoral Leste,2020,5,184618.485
2307007,04,Litoral Leste,2020,5,766178.03
2300200,05,Litoral Norte,2020,5,1891280.9099999997
2302057,05,Litoral Norte,2020,5,103788.215
2302305,05,Litoral Norte,2020,5,544382.765
2302602,05,Litoral Norte,2020,5,4439805.665
2303907,05,Litoral Norte,2020,5,20941.25
2304251,05,Litoral Norte,2020,5,447458.58999999997
2304707,05,Litoral Norte,2020,5,1282806.2899999998
2306553,05,Litoral Norte,2020,5,1852843.4749999996
2307254,05,Litoral Norte,2020,5,1533615.9049999998
2307908,05,Litoral Norte,2020,5,251238.015
2308906,05,Litoral Norte,2020,5,346334.22499999986
2313906,05,Litoral Norte,2020,5,401173.69500000007
2300754,06,Litoral Oeste / Vale do Curu,2020,5,646327.065
2300903,06,Litoral Oeste / Vale do Curu,2020,5,481019.395
2304608,06,Litoral Oeste / Vale do Curu,2020,5,342043.64499999996
2306108,06,Litoral Oeste / Vale do Curu,2020,5,341950.82999999984
2306306,06,Litoral Oeste / Vale do Curu,2020,5,1488274.8599999999
2306405,06,Litoral Oeste / Vale do Curu,2020,5,1238761.2749999994
2308377,06,Litoral Oeste / Vale do Curu,2020,5,197175.03500000003
2310704,06,Litoral Oeste / Vale do Curu,2020,5,217542.5299999999
2313351,06,Litoral Oeste / Vale do Curu,2020,5,976230.4850000001
2313559,06,Litoral Oeste / Vale do Curu,2020,5,453215.83499999996
2313757,06,Litoral Oeste / Vale do Curu,2020,5,117680.0
2313807,06,Litoral Oeste / Vale do Curu,2020,5,188224.63
2300150,07,Maciço do Baturité,2020,5,199963.21499999997
2301208,07,Maciço do Baturité,2020,5,79290.33999999997
2301406,07,Maciço do Baturité,2020,5,388692.64
2302107,07,Maciço do Baturité,2020,5,140578.505
2302909,07,Maciço do Baturité,2020,5,164543.53499999997
2305100,07,Maciço do Baturité,2020,5,33342.29000000004
2306504,07,Maciço do Baturité,2020,5,62341.27000000002
2309102,07,Maciço do Baturité,2020,5,151183.54500000004
2309458,07,Maciço do Baturité,2020,5,199704.765
2309805,07,Maciço do Baturité,2020,5,248517.24000000002
2310100,07,Maciço do Baturité,2020,5,180383.425
2303402,08,Serra da Ibiapaba,2020,5,191151.90000000002
2304236,08,Serra da Ibiapaba,2020,5,327094.45999999996
2305001,08,Serra da Ibiapaba,2020,5,847602.575
2305803,08,Serra da Ibiapaba,2020,5,874159.34
2312304,08,Serra da Ibiapaba,2020,5,308611.30000000005
2313401,08,Serra da Ibiapaba,2020,5,974042.6
2313609,08,Serra da Ibiapaba,2020,5,1229503.3749999998
2314102,08,Serra da Ibiapaba,2020,5,2456696.195
2301851,09,Sertão Central,2020,5,311083.23500000004
2303931,09,Sertão Central,2020,5,117762.51500000001
2304269,09,Sertão Central,2020,5,371635.1649999999
2305266,09,Sertão Central,2020,5,232239.44
2305332,09,Sertão Central,2020,5,727980.9550000001
2308500,09,Sertão Central,2020,5,1119753.85
2310506,09,Sertão Central,2020,5,195592.755
2310902,09,Sertão Central,2020,5,192389.39999999997
2311306,09,Sertão Central,2020,5,408927.06500000006
2311405,09,Sertão Central,2020,5,658865.9449999994
2312700,09,Sertão Central,2020,5,413951.315
2313005,09,Sertão Central,2020,5,1977925.6649999996
2302404,10,Sertão de Canindé,2020,5,182323.7300000001
2302800,10,Sertão de Canindé,2020,5,483378.1050000001
2303006,10,Sertão de Canindé,2020,5,20421.83
2306603,10,Sertão de Canindé,2020,5,371859.5
2307635,10,Sertão de Canindé,2020,5,300391.0999999999
2310407,10,Sertão de Canindé,2020,5,15326.0
2303105,11,Sertão de Sobral,2020,5,646968.52
2304004,11,Sertão de Sobral,2020,5,581426.935
2304509,11,Sertão de Sobral,2020,5,120248.38500000001
2304657,11,Sertão de Sobral,2020,5,17478.44499999995
2308005,11,Sertão de Sobral,2020,5,425697.2949999999
2309904,11,Sertão de Sobral,2020,5,15392.344999999972
2311702,11,Sertão de Sobral,2020,5,280379.355
2312007,11,Sertão de Sobral,2020,5,806224.3949999999
2312809,11,Sertão de Sobral,2020,5,292.5
2312908,11,Sertão de Sobral,2020,5,8311569.015000001
2303659,12,Sertão dos Crateús,2020,5,217238.16500000004
2304103,12,Sertão dos Crateús,2020,5,535886.7849999999
2305209,12,Sertão dos Crateús,2020,5,563185.79
2305605,12,Sertão dos Crateús,2020,5,348964.22
2305902,12,Sertão dos Crateús,2020,5,1108791.465
2308609,12,Sertão dos Crateús,2020,5,261903.96500000008
2309300,12,Sertão dos Crateús,2020,5,984207.59
2309409,12,Sertão dos Crateús,2020,5,669058.7849999999
2312205,12,Sertão dos Crateús,2020,5,370187.71
2300408,13,Sertão dos Inhamuns,2020,5,421261.35500000004
2313302,13,Sertão dos Inhamuns,2020,5,393478.7549999999
2300705,14,Vale do Jaguaribe,2020,5,351406.5
2304277,14,Vale do Jaguaribe,2020,5,27732.600000000006
2306009,14,Vale do Jaguaribe,2020,5,548854.345
2306702,14,Vale do Jaguaribe,2020,5,667287.595
2306801,14,Vale do Jaguaribe,2020,5,713838.9949999999
2307601,14,Vale do Jaguaribe,2020,5,522248.53500000015
2308708,14,Vale do Jaguaribe,2020,5,1395282.2349999999
2310001,14,Vale do Jaguaribe,2020,5,3207.0
2311231,14,Vale do Jaguaribe,2020,5,563313.2949999999
2311504,14,Vale do Jaguaribe,2020,5,173199.41500000004
2311801,14,Vale do Jaguaribe,2020,5,1041679.5449999999
2312502,14,Vale do Jaguaribe,2020,5,49277.51999999999
2313104,14,Vale do Jaguaribe,2020,5,667148.36
2300101,01,Cariri,2020,6,114584.34499999997
2301307,01,Cariri,2020,6,625380.46
2301604,01,Cariri,2020,6,57424.63500000001
2301703,01,Cariri,2020,6,69155.57499999995
2301901,01,Cariri,2020,6,1466549.685
2302008,01,Cariri,2020,6,128947.57999999996
2302503,01,Cariri,2020,6,842216.4500000002
2302701,01,Cariri,2020,6,245201.2350000001
2303204,01,Cariri,2020,6,502618.81000000006
2304202,01,Cariri,2020,6,3164789.885
2304301,01,Cariri,2020,6,345737.4600000002
2304806,01,Cariri,2020,6,201104.61000000004
2307106,01,Cariri,2020,6,203472.76
2307205,01,Cariri,2020,6,229701.425
2307304,01,Cariri,2020,6,3553513.1450000014
2307502,01,Cariri,2020,6,555734.51
2308104,01,Cariri,2020,6,408539.2150000001
2308302,01,Cariri,2020,6,231699.41999999998
2308401,01,Cariri,2020,6,866470.4300000002
2309201,01,Cariri,2020,6,158248.06499999994
2310605,01,Cariri,2020,6,4261.0
2311108,01,Cariri,2020,6,1074685.205
2311959,01,Cariri,2020,6,202195.83499999996
2312106,01,Cariri,2020,6,91855.905
2313252,01,Cariri,2020,6,29921.25499999999
2314003,01,Cariri,2020,6,216177.91000000003
2300309,02,Centro Sul,2020,6,432007.855
2301802,02,Centro Sul,2020,6,91720.04499999998
2303600,02,Centro Sul,2020,6,745349.9850000001
2303808,02,Centro Sul,2020,6,195857.16499999998
2305407,02,Centro Sul,2020,6,1480720.6750000003
2305506,02,Centro Sul,2020,6,893169.075
2305704,02,Centro Sul,2020,6,23721.0
2307403,02,Centro Sul,2020,6,733362.11
2311355,02,Centro Sul,2020,6,121348.52500000002
2311900,02,Centro Sul,2020,6,443437.98
2313708,02,Centro Sul,2020,6,3488.0
2301000,03,Grande Fortaleza,2020,6,1769138.295
2303501,03,Grande Fortaleza,2020,6,677771.0300000003
2303709,03,Grande Fortaleza,2020,6,8324588.189999998
2303956,03,Grande Fortaleza,2020,6,273705.56999999995
2304285,03,Grande Fortaleza,2020,6,318600.0
2304400,03,Grande Fortaleza,2020,6,49276810.025000006
2304954,03,Grande Fortaleza,2020,6,231499.07
2305233,03,Grande Fortaleza,2020,6,1435968.0349999992
2306256,03,Grande Fortaleza,2020,6,713692.1100000001
2307650,03,Grande Fortaleza,2020,6,4259472.395
2307700,03,Grande Fortaleza,2020,6,1725020.4499999997
2309607,03,Grande Fortaleza,2020,6,626206.0550000002
2309706,03,Grande Fortaleza,2020,6,740532.2399999993
2310209,03,Grande Fortaleza,2020,6,665359.7199999999
2310258,03,Grande Fortaleza,2020,6,693930.2849999999
2310852,03,Grande Fortaleza,2020,6,53312.044999999984
2312403,03,Grande Fortaleza,2020,6,4967445.129999999
2312601,03,Grande Fortaleza,2020,6,174508.20000000004
2313500,03,Grande Fortaleza,2020,6,661080.2349999999
2301109,04,Litoral Leste,2020,6,11051104.975000001
2302206,04,Litoral Leste,2020,6,128377.78000000003
2304459,04,Litoral Leste,2020,6,166449.97999999998
2305357,04,Litoral Leste,2020,6,1400498.705
2306207,04,Litoral Leste,2020,6,184618.485
2307007,04,Litoral Leste,2020,6,766178.03
2300200,05,Litoral Norte,2020,6,1891280.9099999997
2302057,05,Litoral Norte,2020,6,103788.215
2302305,05,Litoral Norte,2020,6,544382.765
2302602,05,Litoral Norte,2020,6,4439805.665
2303907,05,Litoral Norte,2020,6,20941.25
2304251,05,Litoral Norte,2020,6,447458.58999999997
2304707,05,Litoral Norte,2020,6,1282806.2899999998
2306553,05,Litoral Norte,2020,6,1852843.4749999996
2307254,05,Litoral Norte,2020,6,1533615.9049999998
2307908,05,Litoral Norte,2020,6,251238.015
2308906,05,Litoral Norte,2020,6,346334.22499999986
2313906,05,Litoral Norte,2020,6,401173.69500000007
2300754,06,Litoral Oeste / Vale do Curu,2020,6,646327.065
2300903,06,Litoral Oeste / Vale do Curu,2020,6,481019.395
2304608,06,Litoral Oeste / Vale do Curu,2020,6,342043.64499999996
2306108,06,Litoral Oeste / Vale do Curu,2020,6,341950.82999999984
2306306,06,Litoral Oeste / Vale do Curu,2020,6,1488274.8599999999
2306405,06,Litoral Oeste / Vale do Curu,2020,6,1238761.2749999994
2308377,06,Litoral Oeste / Vale do Curu,2020,6,197175.03500000003
2310704,06,Litoral Oeste / Vale do Curu,2020,6,217542.5299999999
2313351,06,Litoral Oeste / Vale do Curu,2020,6,976230.4850000001
2313559,06,Litoral Oeste / Vale do Curu,2020,6,453215.83499999996
2313757,06,Litoral Oeste / Vale do Curu,2020,6,117680.0
2313807,06,Litoral Oeste / Vale do Curu,2020,6,188224.63
2300150,07,Maciço do Baturité,2020,6,199963.21499999997
2301208,07,Maciço do Baturité,2020,6,79290.33999999997
2301406,07,Maciço do Baturité,2020,6,388692.64
2302107,07,Maciço do Baturité,2020,6,140578.505
2302909,07,Maciço do Baturité,2020,6,164543.53499999997
2305100,07,Maciço do Baturité,2020,6,33342.29000000004
2306504,07,Maciço do Baturité,2020,6,62341.27000000002
2309102,07,Maciço do Baturité,2020,6,151183.54500000004
2309458,07,Maciço do Baturité,2020,6,199704.765
2309805,07,Maciço do Baturité,2020,6,248517.24000000002
2310100,07,Maciço do Baturité,2020,6,180383.425
2303402,08,Serra da Ibiapaba,2020,6,191151.90000000002
2304236,08,Serra da Ibiapaba,2020,6,327094.45999999996
2305001,08,Serra da Ibiapaba,2020,6,847602.575
2305803,08,Serra da Ibiapaba,2020,6,874159.34
2312304,08,Serra da Ibiapaba,2020,6,308611.30000000005
2313401,08,Serra da Ibiapaba,2020,6,974042.6
2313609,08,Serra da Ibiapaba,2020,6,1229503.3749999998
2314102,08,Serra da Ibiapaba,2020,6,2456696.195
2301851,09,Sertão Central,2020,6,311083.23500000004
2303931,09,Sertão Central,2020,6,117762.51500000001
2304269,09,Sertão Central,2020,6,371635.1649999999
2305266,09,Sertão Central,2020,6,232239.44
2305332,09,Sertão Central,2020,6,727980.9550000001
2308500,09,Sertão Central,2020,6,1119753.85
2310506,09,Sertão Central,2020,6,195592.755
2310902,09,Sertão Central,2020,6,192389.39999999997
2311306,09,Sertão Central,2020,6,408927.06500000006
2311405,09,Sertão Central,2020,6,658865.9449999994
2312700,09,Sertão Central,2020,6,413951.315
2313005,09,Sertão Central,2020,6,1977925.6649999996
2302404,10,Sertão de Canindé,2020,6,182323.7300000001
2302800,10,Sertão de Canindé,2020,6,483378.1050000001
2303006,10,Sertão de Canindé,2020,6,20421.83
2306603,10,Sertão de Canindé,2020,6,371859.5
2307635,10,Sertão de Canindé,2020,6,300391.0999999999
2310407,10,Sertão de Canindé,2020,6,15326.0
2303105,11,Sertão de Sobral,2020,6,646968.52
2304004,11,Sertão de Sobral,2020,6,581426.935
2304509,11,Sertão de Sobral,2020,6,120248.38500000001
2304657,11,Sertão de Sobral,2020,6,17478.44499999995
2308005,11,Sertão de Sobral,2020,6,425697.2949999999
2309904,11,Sertão de Sobral,2020,6,15392.344999999972
2311702,11,Sertão de Sobral,2020,6,280379.355
2312007,11,Sertão de Sobral,2020,6,806224.3949999999
2312809,11,Sertão de Sobral,2020,6,292.5
2312908,11,Sertão de Sobral,2020,6,8311569.015000001
2303659,12,Sertão dos Crateús,2020,6,217238.16500000004
2304103,12,Sertão dos Crateús,2020,6,535886.7849999999
2305209,12,Sertão dos Crateús,2020,6,563185.79
2305605,12,Sertão dos Crateús,2020,6,348964.22
2305902,12,Sertão dos Crateús,2020,6,1108791.465
2308609,12,Sertão dos Crateús,2020,6,261903.96500000008
2309300,12,Sertão dos Crateús,2020,6,984207.59
2309409,12,Sertão dos Crateús,2020,6,669058.7849999999
2312205,12,Sertão dos Crateús,2020,6,370187.71
2300408,13,Sertão dos Inhamuns,2020,6,421261.35500000004
2313302,13,Sertão dos Inhamuns,2020,6,393478.7549999999
2300705,14,Vale do Jaguaribe,2020,6,351406.5
2304277,14,Vale do Jaguaribe,2020,6,27732.600000000006
2306009,14,Vale do Jaguaribe,2020,6,548854.345
2306702,14,Vale do Jaguaribe,2020,6,667287.595
2306801,14,Vale do Jaguaribe,2020,6,713838.9949999999
2307601,14,Vale do Jaguaribe,2020,6,522248.53500000015
2308708,14,Vale do Jaguaribe,2020,6,1395282.2349999999
2310001,14,Vale do Jaguaribe,2020,6,3207.0
2311231,14,Vale do Jaguaribe,2020,6,563313.2949999999
2311504,14,Vale do Jaguaribe,2020,6,173199.41500000004
2311801,14,Vale do Jaguaribe,2020,6,1041679.5449999999
2312502,14,Vale do Jaguaribe,2020,6,49277.51999999999
2313104,14,Vale do Jaguaribe,2020,6,667148.36
2300101,01,Cariri,2020,7,167301.05000000005
2301307,01,Cariri,2020,7,357416.44999999995
2301604,01,Cariri,2020,7,492823.56000000006
2301703,01,Cariri,2020,7,319509.12
2301901,01,Cariri,2020,7,956759.1749999998
2302008,01,Cariri,2020,7,341262.76
2302503,01,Cariri,2020,7,124531.19999999972
2302701,01,Cariri,2020,7,382668.07999999984
2303204,01,Cariri,2020,7,576773.0899999999
2304202,01,Cariri,2020,7,2706614.625
2304301,01,Cariri,2020,7,847297.8300000001
2304806,01,Cariri,2020,7,3296.5
2307106,01,Cariri,2020,7,226452.07499999995
2307205,01,Cariri,2020,7,609755.2499999999
2307304,01,Cariri,2020,7,3116195.209999997
2307502,01,Cariri,2020,7,747010.9550000001
2308104,01,Cariri,2020,7,532791.6749999998
2308302,01,Cariri,2020,7,621218.1200000001
2308401,01,Cariri,2020,7,2237881.3000000003
2309201,01,Cariri,2020,7,400324.05999999994
2310605,01,Cariri,2020,7,428357.22000000003
2311108,01,Cariri,2020,7,2595453.025
2311959,01,Cariri,2020,7,504629.20999999996
2312106,01,Cariri,2020,7,217424.00999999998
2313252,01,Cariri,2020,7,37027.70000000001
2314003,01,Cariri,2020,7,1323340.815
2300309,02,Centro Sul,2020,7,400316.8500000001
2301802,02,Centro Sul,2020,7,74160.63
2303600,02,Centro Sul,2020,7,598208.2449999999
2303808,02,Centro Sul,2020,7,190572.325
2305407,02,Centro Sul,2020,7,1844901.9849999994
2305506,02,Centro Sul,2020,7,1265212.75
2305704,02,Centro Sul,2020,7,90252.565
2307403,02,Centro Sul,2020,7,309628.895
2311355,02,Centro Sul,2020,7,158697.94999999995
2311900,02,Centro Sul,2020,7,79220.63
2313708,02,Centro Sul,2020,7,4167.5
2301000,03,Grande Fortaleza,2020,7,1565815.1050000004
2303501,03,Grande Fortaleza,2020,7,940004.0800000001
2303709,03,Grande Fortaleza,2020,7,13991919.480000004
2303956,03,Grande Fortaleza,2020,7,352049.6000000001
2304285,03,Grande Fortaleza,2020,7,1355341.0149999997
2304400,03,Grande Fortaleza,2020,7,50634567.78499997
2304954,03,Grande Fortaleza,2020,7,228556.72999999998
2305233,03,Grande Fortaleza,2020,7,512453.3650000002
2306256,03,Grande Fortaleza,2020,7,378634.08999999985
2307650,03,Grande Fortaleza,2020,7,2453260.8649999984
2307700,03,Grande Fortaleza,2020,7,2984346.4400000004
2309607,03,Grande Fortaleza,2020,7,1927364.9599999995
2309706,03,Grande Fortaleza,2020,7,1602255.6100000003
2310209,03,Grande Fortaleza,2020,7,538317.31
2310258,03,Grande Fortaleza,2020,7,1133133.2550000001
2310852,03,Grande Fortaleza,2020,7,170623.39
2312403,03,Grande Fortaleza,2020,7,6775298.775
2312601,03,Grande Fortaleza,2020,7,265701.87
2313500,03,Grande Fortaleza,2020,7,859626.395
2301109,04,Litoral Leste,2020,7,6729083.6499999985
2302206,04,Litoral Leste,2020,7,297941.5399999999
2304459,04,Litoral Leste,2020,7,671306.6199999999
2305357,04,Litoral Leste,2020,7,1570427.7150000003
2306207,04,Litoral Leste,2020,7,91574.42500000005
2307007,04,Litoral Leste,2020,7,422125.30499999993
2300200,05,Litoral Norte,2020,7,553197.2250000006
2302057,05,Litoral Norte,2020,7,161578.31999999998
2302305,05,Litoral Norte,2020,7,43409.06500000006
2302602,05,Litoral Norte,2020,7,6527069.87
2303907,05,Litoral Norte,2020,7,216934.41499999992
2304251,05,Litoral Norte,2020,7,675507.0549999999
2304707,05,Litoral Norte,2020,7,877557.685
2306553,05,Litoral Norte,2020,7,4138795.9300000006
2307254,05,Litoral Norte,2020,7,1368840.8700000006
2307908,05,Litoral Norte,2020,7,44690.60499999998
2308906,05,Litoral Norte,2020,7,159542.5
2313906,05,Litoral Norte,2020,7,1212644.7449999999
2300754,06,Litoral Oeste / Vale do Curu,2020,7,994331.6450000005
2300903,06,Litoral Oeste / Vale do Curu,2020,7,55987.07499999995
2304608,06,Litoral Oeste / Vale do Curu,2020,7,2280.9000000000233
2306108,06,Litoral Oeste / Vale do Curu,2020,7,366886.9650000001
2306306,06,Litoral Oeste / Vale do Curu,2020,7,1148147.5600000005
2306405,06,Litoral Oeste / Vale do Curu,2020,7,5527147.055000001
2308377,06,Litoral Oeste / Vale do Curu,2020,7,74127.80999999994
2310704,06,Litoral Oeste / Vale do Curu,2020,7,635645.44
2313351,06,Litoral Oeste / Vale do Curu,2020,7,687337.7450000001
2313559,06,Litoral Oeste / Vale do Curu,2020,7,211596.04499999993
2313757,06,Litoral Oeste / Vale do Curu,2020,7,362681.55500000005
2313807,06,Litoral Oeste / Vale do Curu,2020,7,358657.125
2300150,07,Maciço do Baturité,2020,7,25333.480000000098
2301208,07,Maciço do Baturité,2020,7,724497.6300000001
2301406,07,Maciço do Baturité,2020,7,351967.2499999999
2302107,07,Maciço do Baturité,2020,7,485449.36500000005
2302909,07,Maciço do Baturité,2020,7,246400.48
2305100,07,Maciço do Baturité,2020,7,575666.71
2306504,07,Maciço do Baturité,2020,7,173727.47499999998
2309102,07,Maciço do Baturité,2020,7,226272.6499999999
2309458,07,Maciço do Baturité,2020,7,678589.77
2309805,07,Maciço do Baturité,2020,7,116762.72499999998
2310100,07,Maciço do Baturité,2020,7,337908.815
2303402,08,Serra da Ibiapaba,2020,7,229332.255
2304236,08,Serra da Ibiapaba,2020,7,546614.585
2305001,08,Serra da Ibiapaba,2020,7,766580.4550000001
2305803,08,Serra da Ibiapaba,2020,7,1752792.9449999998
2312304,08,Serra da Ibiapaba,2020,7,1082340.01
2313401,08,Serra da Ibiapaba,2020,7,2387696.24
2313609,08,Serra da Ibiapaba,2020,7,1337186.5550000002
2314102,08,Serra da Ibiapaba,2020,7,2180864.53
2301851,09,Sertão Central,2020,7,285637.32499999995
2303931,09,Sertão Central,2020,7,149417.995
2304269,09,Sertão Central,2020,7,288210.885
2305266,09,Sertão Central,2020,7,4293.549999999988
2305332,09,Sertão Central,2020,7,366826.02499999944
2308500,09,Sertão Central,2020,7,1062507.3399999999
2310506,09,Sertão Central,2020,7,335126.79000000004
2310902,09,Sertão Central,2020,7,300047.3550000001
2311306,09,Sertão Central,2020,7,533298.625
2311405,09,Sertão Central,2020,7,840004.6050000004
2312700,09,Sertão Central,2020,7,531563.1149999999
2313005,09,Sertão Central,2020,7,1439265.4250000007
2302404,10,Sertão de Canindé,2020,7,1520235.7199999997
2302800,10,Sertão de Canindé,2020,7,1427326.1049999997
2303006,10,Sertão de Canindé,2020,7,49313.075
2306603,10,Sertão de Canindé,2020,7,1277717.9249999998
2307635,10,Sertão de Canindé,2020,7,390097.7250000001
2310407,10,Sertão de Canindé,2020,7,21603.284999999974
2303105,11,Sertão de Sobral,2020,7,1471632.435
2304004,11,Sertão de Sobral,2020,7,846861.4949999999
2304509,11,Sertão de Sobral,2020,7,83719.24499999988
2304657,11,Sertão de Sobral,2020,7,84795.495
2308005,11,Sertão de Sobral,2020,7,384425.2450000001
2309904,11,Sertão de Sobral,2020,7,168300.60499999998
2311702,11,Sertão de Sobral,2020,7,408087.6499999999
2312007,11,Sertão de Sobral,2020,7,65839.02500000014
2312809,11,Sertão de Sobral,2020,7,3752.555000000001
2312908,11,Sertão de Sobral,2020,7,10920878.894999996
2303659,12,Sertão dos Crateús,2020,7,74322.125
2304103,12,Sertão dos Crateús,2020,7,3703145.4000000004
2305209,12,Sertão dos Crateús,2020,7,400290.80499999993
2305605,12,Sertão dos Crateús,2020,7,125486.02000000002
2305902,12,Sertão dos Crateús,2020,7,12166.61499999999
2308609,12,Sertão dos Crateús,2020,7,559823.4749999999
2309300,12,Sertão dos Crateús,2020,7,1927198.89
2309409,12,Sertão dos Crateús,2020,7,583809.1750000003
2312205,12,Sertão dos Crateús,2020,7,1098019.4300000002
2300408,13,Sertão dos Inhamuns,2020,7,19528.734999999986
2313302,13,Sertão dos Inhamuns,2020,7,1483466.2300000002
2300705,14,Vale do Jaguaribe,2020,7,1006070.425
2304277,14,Vale do Jaguaribe,2020,7,24057.160000000003
2306009,14,Vale do Jaguaribe,2020,7,706702.8400000001
2306702,14,Vale do Jaguaribe,2020,7,1785083.725
2306801,14,Vale do Jaguaribe,2020,7,658474.4350000003
2307601,14,Vale do Jaguaribe,2020,7,470047.6499999999
2308708,14,Vale do Jaguaribe,2020,7,1161967.8299999996
2310001,14,Vale do Jaguaribe,2020,7,46630.045
2311231,14,Vale do Jaguaribe,2020,7,836968.27
2311504,14,Vale do Jaguaribe,2020,7,287163.98
2311801,14,Vale do Jaguaribe,2020,7,2309472.45
2312502,14,Vale do Jaguaribe,2020,7,726473.675
2313104,14,Vale do Jaguaribe,2020,7,629844.0900000001
2300101,01,Cariri,2020,8,167301.05000000005
2301307,01,Cariri,2020,8,357416.44999999995
2301604,01,Cariri,2020,8,492823.56000000006
2301703,01,Cariri,2020,8,319509.12
2301901,01,Cariri,2020,8,956759.1749999998
2302008,01,Cariri,2020,8,341262.76
2302503,01,Cariri,2020,8,124531.19999999972
2302701,01,Cariri,2020,8,382668.07999999984
2303204,01,Cariri,2020,8,576773.0899999999
2304202,01,Cariri,2020,8,2706614.625
2304301,01,Cariri,2020,8,847297.8300000001
2304806,01,Cariri,2020,8,3296.5
2307106,01,Cariri,2020,8,226452.07499999995
2307205,01,Cariri,2020,8,609755.2499999999
2307304,01,Cariri,2020,8,3116195.209999997
2307502,01,Cariri,2020,8,747010.9550000001
2308104,01,Cariri,2020,8,532791.6749999998
2308302,01,Cariri,2020,8,621218.1200000001
2308401,01,Cariri,2020,8,2237881.3000000003
2309201,01,Cariri,2020,8,400324.05999999994
2310605,01,Cariri,2020,8,428357.22000000003
2311108,01,Cariri,2020,8,2595453.025
2311959,01,Cariri,2020,8,504629.20999999996
2312106,01,Cariri,2020,8,217424.00999999998
2313252,01,Cariri,2020,8,37027.70000000001
2314003,01,Cariri,2020,8,1323340.815
2300309,02,Centro Sul,2020,8,400316.8500000001
2301802,02,Centro Sul,2020,8,74160.63
2303600,02,Centro Sul,2020,8,598208.2449999999
2303808,02,Centro Sul,2020,8,190572.325
2305407,02,Centro Sul,2020,8,1844901.9849999994
2305506,02,Centro Sul,2020,8,1265212.75
2305704,02,Centro Sul,2020,8,90252.565
2307403,02,Centro Sul,2020,8,309628.895
2311355,02,Centro Sul,2020,8,158697.94999999995
2311900,02,Centro Sul,2020,8,79220.63
2313708,02,Centro Sul,2020,8,4167.5
2301000,03,Grande Fortaleza,2020,8,1565815.1050000004
2303501,03,Grande Fortaleza,2020,8,940004.0800000001
2303709,03,Grande Fortaleza,2020,8,13991919.480000004
2303956,03,Grande Fortaleza,2020,8,352049.6000000001
2304285,03,Grande Fortaleza,2020,8,1355341.0149999997
2304400,03,Grande Fortaleza,2020,8,50634567.78499997
2304954,03,Grande Fortaleza,2020,8,228556.72999999998
2305233,03,Grande Fortaleza,2020,8,512453.3650000002
2306256,03,Grande Fortaleza,2020,8,378634.08999999985
2307650,03,Grande Fortaleza,2020,8,2453260.8649999984
2307700,03,Grande Fortaleza,2020,8,2984346.4400000004
2309607,03,Grande Fortaleza,2020,8,1927364.9599999995
2309706,03,Grande Fortaleza,2020,8,1602255.6100000003
2310209,03,Grande Fortaleza,2020,8,538317.31
2310258,03,Grande Fortaleza,2020,8,1133133.2550000001
2310852,03,Grande Fortaleza,2020,8,170623.39
2312403,03,Grande Fortaleza,2020,8,6775298.775
2312601,03,Grande Fortaleza,2020,8,265701.87
2313500,03,Grande Fortaleza,2020,8,859626.395
2301109,04,Litoral Leste,2020,8,6729083.6499999985
2302206,04,Litoral Leste,2020,8,297941.5399999999
2304459,04,Litoral Leste,2020,8,671306.6199999999
2305357,04,Litoral Leste,2020,8,1570427.7150000003
2306207,04,Litoral Leste,2020,8,91574.42500000005
2307007,04,Litoral Leste,2020,8,422125.30499999993
2300200,05,Litoral Norte,2020,8,553197.2250000006
2302057,05,Litoral Norte,2020,8,161578.31999999998
2302305,05,Litoral Norte,2020,8,43409.06500000006
2302602,05,Litoral Norte,2020,8,6527069.87
2303907,05,Litoral Norte,2020,8,216934.41499999992
2304251,05,Litoral Norte,2020,8,675507.0549999999
2304707,05,Litoral Norte,2020,8,877557.685
2306553,05,Litoral Norte,2020,8,4138795.9300000006
2307254,05,Litoral Norte,2020,8,1368840.8700000006
2307908,05,Litoral Norte,2020,8,44690.60499999998
2308906,05,Litoral Norte,2020,8,159542.5
2313906,05,Litoral Norte,2020,8,1212644.7449999999
2300754,06,Litoral Oeste / Vale do Curu,2020,8,994331.6450000005
2300903,06,Litoral Oeste / Vale do Curu,2020,8,55987.07499999995
2304608,06,Litoral Oeste / Vale do Curu,2020,8,2280.9000000000233
2306108,06,Litoral Oeste / Vale do Curu,2020,8,366886.9650000001
2306306,06,Litoral Oeste / Vale do Curu,2020,8,1148147.5600000005
2306405,06,Litoral Oeste / Vale do Curu,2020,8,5527147.055000001
2308377,06,Litoral Oeste / Vale do Curu,2020,8,74127.80999999994
2310704,06,Litoral Oeste / Vale do Curu,2020,8,635645.44
2313351,06,Litoral Oeste / Vale do Curu,2020,8,687337.7450000001
2313559,06,Litoral Oeste / Vale do Curu,2020,8,211596.04499999993
2313757,06,Litoral Oeste / Vale do Curu,2020,8,362681.55500000005
2313807,06,Litoral Oeste / Vale do Curu,2020,8,358657.125
2300150,07,Maciço do Baturité,2020,8,25333.480000000098
2301208,07,Maciço do Baturité,2020,8,724497.6300000001
2301406,07,Maciço do Baturité,2020,8,351967.2499999999
2302107,07,Maciço do Baturité,2020,8,485449.36500000005
2302909,07,Maciço do Baturité,2020,8,246400.48
2305100,07,Maciço do Baturité,2020,8,575666.71
2306504,07,Maciço do Baturité,2020,8,173727.47499999998
2309102,07,Maciço do Baturité,2020,8,226272.6499999999
2309458,07,Maciço do Baturité,2020,8,678589.77
2309805,07,Maciço do Baturité,2020,8,116762.72499999998
2310100,07,Maciço do Baturité,2020,8,337908.815
2303402,08,Serra da Ibiapaba,2020,8,229332.255
2304236,08,Serra da Ibiapaba,2020,8,546614.585
2305001,08,Serra da Ibiapaba,2020,8,766580.4550000001
2305803,08,Serra da Ibiapaba,2020,8,1752792.9449999998
2312304,08,Serra da Ibiapaba,2020,8,1082340.01
2313401,08,Serra da Ibiapaba,2020,8,2387696.24
2313609,08,Serra da Ibiapaba,2020,8,1337186.5550000002
2314102,08,Serra da Ibiapaba,2020,8,2180864.53
2301851,09,Sertão Central,2020,8,285637.32499999995
2303931,09,Sertão Central,2020,8,149417.995
2304269,09,Sertão Central,2020,8,288210.885
2305266,09,Sertão Central,2020,8,4293.549999999988
2305332,09,Sertão Central,2020,8,366826.02499999944
2308500,09,Sertão Central,2020,8,1062507.3399999999
2310506,09,Sertão Central,2020,8,335126.79000000004
2310902,09,Sertão Central,2020,8,300047.3550000001
2311306,09,Sertão Central,2020,8,533298.625
2311405,09,Sertão Central,2020,8,840004.6050000004
2312700,09,Sertão Central,2020,8,531563.1149999999
2313005,09,Sertão Central,2020,8,1439265.4250000007
2302404,10,Sertão de Canindé,2020,8,1520235.7199999997
2302800,10,Sertão de Canindé,2020,8,1427326.1049999997
2303006,10,Sertão de Canindé,2020,8,49313.075
2306603,10,Sertão de Canindé,2020,8,1277717.9249999998
2307635,10,Sertão de Canindé,2020,8,390097.7250000001
2310407,10,Sertão de Canindé,2020,8,21603.284999999974
2303105,11,Sertão de Sobral,2020,8,1471632.435
2304004,11,Sertão de Sobral,2020,8,846861.4949999999
2304509,11,Sertão de Sobral,2020,8,83719.24499999988
2304657,11,Sertão de Sobral,2020,8,84795.495
2308005,11,Sertão de Sobral,2020,8,384425.2450000001
2309904,11,Sertão de Sobral,2020,8,168300.60499999998
2311702,11,Sertão de Sobral,2020,8,408087.6499999999
2312007,11,Sertão de Sobral,2020,8,65839.02500000014
2312809,11,Sertão de Sobral,2020,8,3752.555000000001
2312908,11,Sertão de Sobral,2020,8,10920878.894999996
2303659,12,Sertão dos Crateús,2020,8,74322.125
2304103,12,Sertão dos Crateús,2020,8,3703145.4000000004
2305209,12,Sertão dos Crateús,2020,8,400290.80499999993
2305605,12,Sertão dos Crateús,2020,8,125486.02000000002
2305902,12,Sertão dos Crateús,2020,8,12166.61499999999
2308609,12,Sertão dos Crateús,2020,8,559823.4749999999
2309300,12,Sertão dos Crateús,2020,8,1927198.89
2309409,12,Sertão dos Crateús,2020,8,583809.1750000003
2312205,12,Sertão dos Crateús,2020,8,1098019.4300000002
2300408,13,Sertão dos Inhamuns,2020,8,19528.734999999986
2313302,13,Sertão dos Inhamuns,2020,8,1483466.2300000002
2300705,14,Vale do Jaguaribe,2020,8,1006070.425
2304277,14,Vale do Jaguaribe,2020,8,24057.160000000003
2306009,14,Vale do Jaguaribe,2020,8,706702.8400000001
2306702,14,Vale do Jaguaribe,2020,8,1785083.725
2306801,14,Vale do Jaguaribe,2020,8,658474.4350000003
2307601,14,Vale do Jaguaribe,2020,8,470047.6499999999
2308708,14,Vale do Jaguaribe,2020,8,1161967.8299999996
2310001,14,Vale do Jaguaribe,2020,8,46630.045
2311231,14,Vale do Jaguaribe,2020,8,836968.27
2311504,14,Vale do Jaguaribe,2020,8,287163.98
2311801,14,Vale do Jaguaribe,2020,8,2309472.45
2312502,14,Vale do Jaguaribe,2020,8,726473.675
2313104,14,Vale do Jaguaribe,2020,8,629844.0900000001
2300101,01,Cariri,2020,9,290573.23
2301307,01,Cariri,2020,9,537903.7250000001
2301604,01,Cariri,2020,9,345456.8649999999
2301703,01,Cariri,2020,9,497057.7050000001
2301901,01,Cariri,2020,9,1706050.08
2302008,01,Cariri,2020,9,132193.95999999996
2302503,01,Cariri,2020,9,706023.54
2302701,01,Cariri,2020,9,335581.27500000014
2303204,01,Cariri,2020,9,532065.3
2304202,01,Cariri,2020,9,6028869.98
2304301,01,Cariri,2020,9,340748.88999999966
2304806,01,Cariri,2020,9,146191.3949999999
2307106,01,Cariri,2020,9,486889.92499999993
2307205,01,Cariri,2020,9,227801.67000000016
2307304,01,Cariri,2020,9,1984626.8050000034
2307502,01,Cariri,2020,9,180506.09499999974
2308104,01,Cariri,2020,9,742008.22
2308302,01,Cariri,2020,9,239831.10999999987
2308401,01,Cariri,2020,9,508329.9749999996
2309201,01,Cariri,2020,9,177502.91000000015
2310605,01,Cariri,2020,9,4768.5
2311108,01,Cariri,2020,9,467667.48500000034
2311959,01,Cariri,2020,9,421618.01500000013
2312106,01,Cariri,2020,9,101834.23000000004
2313252,01,Cariri,2020,9,7987.0
2314003,01,Cariri,2020,9,5774.0
2300309,02,Centro Sul,2020,9,315844.94999999995
2301802,02,Centro Sul,2020,9,57413.15500000003
2303600,02,Centro Sul,2020,9,487496.4199999999
2303808,02,Centro Sul,2020,9,472978.3
2305407,02,Centro Sul,2020,9,1846831.1750000007
2305506,02,Centro Sul,2020,9,1052005.4849999999
2305704,02,Centro Sul,2020,9,90305.9
2307403,02,Centro Sul,2020,9,996488.7300000002
2311355,02,Centro Sul,2020,9,267116.43500000006
2311900,02,Centro Sul,2020,9,165960.40000000002
2313708,02,Centro Sul,2020,9,306.0
2301000,03,Grande Fortaleza,2020,9,1796749.6349999998
2303501,03,Grande Fortaleza,2020,9,939348.6949999994
2303709,03,Grande Fortaleza,2020,9,15636271.590000004
2303956,03,Grande Fortaleza,2020,9,451337.125
2304285,03,Grande Fortaleza,2020,9,1117357.5150000006
2304400,03,Grande Fortaleza,2020,9,80043892.38500005
2304954,03,Grande Fortaleza,2020,9,138316.66500000004
2305233,03,Grande Fortaleza,2020,9,391074.21499999985
2306256,03,Grande Fortaleza,2020,9,657548.4800000002
2307650,03,Grande Fortaleza,2020,9,5687441.395000003
2307700,03,Grande Fortaleza,2020,9,2079792.6849999996
2309607,03,Grande Fortaleza,2020,9,1280934.6700000009
2309706,03,Grande Fortaleza,2020,9,60418.854999999516
2310209,03,Grande Fortaleza,2020,9,311136.0800000001
2310258,03,Grande Fortaleza,2020,9,162151.6749999998
2310852,03,Grande Fortaleza,2020,9,282372.185
2312403,03,Grande Fortaleza,2020,9,4879449.664999999
2312601,03,Grande Fortaleza,2020,9,414779.64
2313500,03,Grande Fortaleza,2020,9,523124.7549999999
2301109,04,Litoral Leste,2020,9,0.0
2302206,04,Litoral Leste,2020,9,0.0
2304459,04,Litoral Leste,2020,9,692458.02
2305357,04,Litoral Leste,2020,9,2731024.4299999997
2306207,04,Litoral Leste,2020,9,114011.96500000008
2307007,04,Litoral Leste,2020,9,573691.6949999998
2300200,05,Litoral Norte,2020,9,874016.5300000003
2302057,05,Litoral Norte,2020,9,222474.78499999997
2302305,05,Litoral Norte,2020,9,450898.33499999985
2302602,05,Litoral Norte,2020,9,989428.620000001
2303907,05,Litoral Norte,2020,9,5267.550000000047
2304251,05,Litoral Norte,2020,9,1441939.245
2304707,05,Litoral Norte,2020,9,655903.3500000001
2306553,05,Litoral Norte,2020,9,2344039.4499999993
2307254,05,Litoral Norte,2020,9,210846.15499999933
2307908,05,Litoral Norte,2020,9,250807.19500000007
2308906,05,Litoral Norte,2020,9,1028576.0350000001
2313906,05,Litoral Norte,2020,9,0.0
2300754,06,Litoral Oeste / Vale do Curu,2020,9,1501908.3199999994
2300903,06,Litoral Oeste / Vale do Curu,2020,9,340814.28
2304608,06,Litoral Oeste / Vale do Curu,2020,9,21894.934999999998
2306108,06,Litoral Oeste / Vale do Curu,2020,9,512063.2999999998
2306306,06,Litoral Oeste / Vale do Curu,2020,9,1136716.0750000002
2306405,06,Litoral Oeste / Vale do Curu,2020,9,6828749.67
2308377,06,Litoral Oeste / Vale do Curu,2020,9,298347.28500000003
2310704,06,Litoral Oeste / Vale do Curu,2020,9,595278.9650000001
2313351,06,Litoral Oeste / Vale do Curu,2020,9,1583709.8000000003
2313559,06,Litoral Oeste / Vale do Curu,2020,9,0.0
2313757,06,Litoral Oeste / Vale do Curu,2020,9,281986.1399999999
2313807,06,Litoral Oeste / Vale do Curu,2020,9,541625.0449999999
2300150,07,Maciço do Baturité,2020,9,0.0
2301208,07,Maciço do Baturité,2020,9,578416.0349999999
2301406,07,Maciço do Baturité,2020,9,1148.9850000001024
2302107,07,Maciço do Baturité,2020,9,173989.23999999987
2302909,07,Maciço do Baturité,2020,9,175154.50999999995
2305100,07,Maciço do Baturité,2020,9,1409809.175
2306504,07,Maciço do Baturité,2020,9,742851.28
2309102,07,Maciço do Baturité,2020,9,325018.6300000001
2309458,07,Maciço do Baturité,2020,9,713784.0999999999
2309805,07,Maciço do Baturité,2020,9,718935.445
2310100,07,Maciço do Baturité,2020,9,154231.32499999995
2303402,08,Serra da Ibiapaba,2020,9,372925.57000000007
2304236,08,Serra da Ibiapaba,2020,9,380712.2150000001
2305001,08,Serra da Ibiapaba,2020,9,1538674.005
2305803,08,Serra da Ibiapaba,2020,9,1098431.2100000004
2312304,08,Serra da Ibiapaba,2020,9,1338823.8249999997
2313401,08,Serra da Ibiapaba,2020,9,1784531.87
2313609,08,Serra da Ibiapaba,2020,9,2003729.7249999996
2314102,08,Serra da Ibiapaba,2020,9,112521.98000000045
2301851,09,Sertão Central,2020,9,204343.8600000001
2303931,09,Sertão Central,2020,9,43637.320000000065
2304269,09,Sertão Central,2020,9,40668.560000000056
2305266,09,Sertão Central,2020,9,264287.32000000007
2305332,09,Sertão Central,2020,9,0.0
2308500,09,Sertão Central,2020,9,1893498.8699999996
2310506,09,Sertão Central,2020,9,267647.525
2310902,09,Sertão Central,2020,9,369956.47499999986
2311306,09,Sertão Central,2020,9,987602.3599999999
2311405,09,Sertão Central,2020,9,1002503.4749999996
2312700,09,Sertão Central,2020,9,696536.81
2313005,09,Sertão Central,2020,9,1248999.6749999998
2302404,10,Sertão de Canindé,2020,9,1026455.6750000003
2302800,10,Sertão de Canindé,2020,9,822330.6300000004
2303006,10,Sertão de Canindé,2020,9,185424.05
2306603,10,Sertão de Canindé,2020,9,1369503.29
2307635,10,Sertão de Canindé,2020,9,41640.064999999944
2310407,10,Sertão de Canindé,2020,9,63324.935
2303105,11,Sertão de Sobral,2020,9,245614.43500000052
2304004,11,Sertão de Sobral,2020,9,1614827.6749999998
2304509,11,Sertão de Sobral,2020,9,308563.6900000002
2304657,11,Sertão de Sobral,2020,9,151486.5149999999
2308005,11,Sertão de Sobral,2020,9,0.0
2309904,11,Sertão de Sobral,2020,9,426278.05500000005
2311702,11,Sertão de Sobral,2020,9,1145715.295
2312007,11,Sertão de Sobral,2020,9,440299.2449999999
2312809,11,Sertão de Sobral,2020,9,450.0
2312908,11,Sertão de Sobral,2020,9,10555607.415
2303659,12,Sertão dos Crateús,2020,9,253001.89
2304103,12,Sertão dos Crateús,2020,9,1432632.6449999996
2305209,12,Sertão dos Crateús,2020,9,134103.10499999998
2305605,12,Sertão dos Crateús,2020,9,337541.3400000001
2305902,12,Sertão dos Crateús,2020,9,0.0
2308609,12,Sertão dos Crateús,2020,9,377247.94500000007
2309300,12,Sertão dos Crateús,2020,9,2855408.45
2309409,12,Sertão dos Crateús,2020,9,822396.6349999998
2312205,12,Sertão dos Crateús,2020,9,1363162.27
2300408,13,Sertão dos Inhamuns,2020,9,205643.65000000002
2313302,13,Sertão dos Inhamuns,2020,9,0.0
2300705,14,Vale do Jaguaribe,2020,9,367517.7649999999
2304277,14,Vale do Jaguaribe,2020,9,78433.51000000001
2306009,14,Vale do Jaguaribe,2020,9,593365.5099999998
2306702,14,Vale do Jaguaribe,2020,9,0.0
2306801,14,Vale do Jaguaribe,2020,9,69339.36999999965
2307601,14,Vale do Jaguaribe,2020,9,1167558.625
2308708,14,Vale do Jaguaribe,2020,9,447999.4000000004
2310001,14,Vale do Jaguaribe,2020,9,82344.12500000001
2311231,14,Vale do Jaguaribe,2020,9,312282.6100000001
2311504,14,Vale do Jaguaribe,2020,9,450587.54000000004
2311801,14,Vale do Jaguaribe,2020,9,360197.4749999996
2312502,14,Vale do Jaguaribe,2020,9,174378.99
2313104,14,Vale do Jaguaribe,2020,9,641791.49
2300101,01,Cariri,2020,10,290573.23
2301307,01,Cariri,2020,10,537903.7250000001
2301604,01,Cariri,2020,10,345456.8649999999
2301703,01,Cariri,2020,10,497057.7050000001
2301901,01,Cariri,2020,10,1706050.08
2302008,01,Cariri,2020,10,132193.95999999996
2302503,01,Cariri,2020,10,706023.54
2302701,01,Cariri,2020,10,335581.27500000014
2303204,01,Cariri,2020,10,532065.3
2304202,01,Cariri,2020,10,6028869.98
2304301,01,Cariri,2020,10,340748.88999999966
2304806,01,Cariri,2020,10,146191.3949999999
2307106,01,Cariri,2020,10,486889.92499999993
2307205,01,Cariri,2020,10,227801.67000000016
2307304,01,Cariri,2020,10,1984626.8050000034
2307502,01,Cariri,2020,10,180506.09499999974
2308104,01,Cariri,2020,10,742008.22
2308302,01,Cariri,2020,10,239831.10999999987
2308401,01,Cariri,2020,10,508329.9749999996
2309201,01,Cariri,2020,10,177502.91000000015
2310605,01,Cariri,2020,10,4768.5
2311108,01,Cariri,2020,10,467667.48500000034
2311959,01,Cariri,2020,10,421618.01500000013
2312106,01,Cariri,2020,10,101834.23000000004
2313252,01,Cariri,2020,10,7987.0
2314003,01,Cariri,2020,10,5774.0
2300309,02,Centro Sul,2020,10,315844.94999999995
2301802,02,Centro Sul,2020,10,57413.15500000003
2303600,02,Centro Sul,2020,10,487496.4199999999
2303808,02,Centro Sul,2020,10,472978.3
2305407,02,Centro Sul,2020,10,1846831.1750000007
2305506,02,Centro Sul,2020,10,1052005.4849999999
2305704,02,Centro Sul,2020,10,90305.9
2307403,02,Centro Sul,2020,10,996488.7300000002
2311355,02,Centro Sul,2020,10,267116.43500000006
2311900,02,Centro Sul,2020,10,165960.40000000002
2313708,02,Centro Sul,2020,10,306.0
2301000,03,Grande Fortaleza,2020,10,1796749.6349999998
2303501,03,Grande Fortaleza,2020,10,939348.6949999994
2303709,03,Grande Fortaleza,2020,10,15636271.590000004
2303956,03,Grande Fortaleza,2020,10,451337.125
2304285,03,Grande Fortaleza,2020,10,1117357.5150000006
2304400,03,Grande Fortaleza,2020,10,80043892.38500005
2304954,03,Grande Fortaleza,2020,10,138316.66500000004
2305233,03,Grande Fortaleza,2020,10,391074.21499999985
2306256,03,Grande Fortaleza,2020,10,657548.4800000002
2307650,03,Grande Fortaleza,2020,10,5687441.395000003
2307700,03,Grande Fortaleza,2020,10,2079792.6849999996
2309607,03,Grande Fortaleza,2020,10,1280934.6700000009
2309706,03,Grande Fortaleza,2020,10,60418.854999999516
2310209,03,Grande Fortaleza,2020,10,311136.0800000001
2310258,03,Grande Fortaleza,2020,10,162151.6749999998
2310852,03,Grande Fortaleza,2020,10,282372.185
2312403,03,Grande Fortaleza,2020,10,4879449.664999999
2312601,03,Grande Fortaleza,2020,10,414779.64
2313500,03,Grande Fortaleza,2020,10,523124.7549999999
2301109,04,Litoral Leste,2020,10,0.0
2302206,04,Litoral Leste,2020,10,0.0
2304459,04,Litoral Leste,2020,10,692458.02
2305357,04,Litoral Leste,2020,10,2731024.4299999997
2306207,04,Litoral Leste,2020,10,114011.96500000008
2307007,04,Litoral Leste,2020,10,573691.6949999998
2300200,05,Litoral Norte,2020,10,874016.5300000003
2302057,05,Litoral Norte,2020,10,222474.78499999997
2302305,05,Litoral Norte,2020,10,450898.33499999985
2302602,05,Litoral Norte,2020,10,989428.620000001
2303907,05,Litoral Norte,2020,10,5267.550000000047
2304251,05,Litoral Norte,2020,10,1441939.245
2304707,05,Litoral Norte,2020,10,655903.3500000001
2306553,05,Litoral Norte,2020,10,2344039.4499999993
2307254,05,Litoral Norte,2020,10,210846.15499999933
2307908,05,Litoral Norte,2020,10,250807.19500000007
2308906,05,Litoral Norte,2020,10,1028576.0350000001
2313906,05,Litoral Norte,2020,10,0.0
2300754,06,Litoral Oeste / Vale do Curu,2020,10,1501908.3199999994
2300903,06,Litoral Oeste / Vale do Curu,2020,10,340814.28
2304608,06,Litoral Oeste / Vale do Curu,2020,10,21894.934999999998
2306108,06,Litoral Oeste / Vale do Curu,2020,10,512063.2999999998
2306306,06,Litoral Oeste / Vale do Curu,2020,10,1136716.0750000002
2306405,06,Litoral Oeste / Vale do Curu,2020,10,6828749.67
2308377,06,Litoral Oeste / Vale do Curu,2020,10,298347.28500000003
2310704,06,Litoral Oeste / Vale do Curu,2020,10,595278.9650000001
2313351,06,Litoral Oeste / Vale do Curu,2020,10,1583709.8000000003
2313559,06,Litoral Oeste / Vale do Curu,2020,10,0.0
2313757,06,Litoral Oeste / Vale do Curu,2020,10,281986.1399999999
2313807,06,Litoral Oeste / Vale do Curu,2020,10,541625.0449999999
2300150,07,Maciço do Baturité,2020,10,0.0
2301208,07,Maciço do Baturité,2020,10,578416.0349999999
2301406,07,Maciço do Baturité,2020,10,1148.9850000001024
2302107,07,Maciço do Baturité,2020,10,173989.23999999987
2302909,07,Maciço do Baturité,2020,10,175154.50999999995
2305100,07,Maciço do Baturité,2020,10,1409809.175
2306504,07,Maciço do Baturité,2020,10,742851.28
2309102,07,Maciço do Baturité,2020,10,325018.6300000001
2309458,07,Maciço do Baturité,2020,10,713784.0999999999
2309805,07,Maciço do Baturité,2020,10,718935.445
2310100,07,Maciço do Baturité,2020,10,154231.32499999995
2303402,08,Serra da Ibiapaba,2020,10,372925.57000000007
2304236,08,Serra da Ibiapaba,2020,10,380712.2150000001
2305001,08,Serra da Ibiapaba,2020,10,1538674.005
2305803,08,Serra da Ibiapaba,2020,10,1098431.2100000004
2312304,08,Serra da Ibiapaba,2020,10,1338823.8249999997
2313401,08,Serra da Ibiapaba,2020,10,1784531.87
2313609,08,Serra da Ibiapaba,2020,10,2003729.7249999996
2314102,08,Serra da Ibiapaba,2020,10,112521.98000000045
2301851,09,Sertão Central,2020,10,204343.8600000001
2303931,09,Sertão Central,2020,10,43637.320000000065
2304269,09,Sertão Central,2020,10,40668.560000000056
2305266,09,Sertão Central,2020,10,264287.32000000007
2305332,09,Sertão Central,2020,10,0.0
2308500,09,Sertão Central,2020,10,1893498.8699999996
2310506,09,Sertão Central,2020,10,267647.525
2310902,09,Sertão Central,2020,10,369956.47499999986
2311306,09,Sertão Central,2020,10,987602.3599999999
2311405,09,Sertão Central,2020,10,1002503.4749999996
2312700,09,Sertão Central,2020,10,696536.81
2313005,09,Sertão Central,2020,10,1248999.6749999998
2302404,10,Sertão de Canindé,2020,10,1026455.6750000003
2302800,10,Sertão de Canindé,2020,10,822330.6300000004
2303006,10,Sertão de Canindé,2020,10,185424.05
2306603,10,Sertão de Canindé,2020,10,1369503.29
2307635,10,Sertão de Canindé,2020,10,41640.064999999944
2310407,10,Sertão de Canindé,2020,10,63324.935
2303105,11,Sertão de Sobral,2020,10,245614.43500000052
2304004,11,Sertão de Sobral,2020,10,1614827.6749999998
2304509,11,Sertão de Sobral,2020,10,308563.6900000002
2304657,11,Sertão de Sobral,2020,10,151486.5149999999
2308005,11,Sertão de Sobral,2020,10,0.0
2309904,11,Sertão de Sobral,2020,10,426278.05500000005
2311702,11,Sertão de Sobral,2020,10,1145715.295
2312007,11,Sertão de Sobral,2020,10,440299.2449999999
2312809,11,Sertão de Sobral,2020,10,450.0
2312908,11,Sertão de Sobral,2020,10,10555607.415
2303659,12,Sertão dos Crateús,2020,10,253001.89
2304103,12,Sertão dos Crateús,2020,10,1432632.6449999996
2305209,12,Sertão dos Crateús,2020,10,134103.10499999998
2305605,12,Sertão dos Crateús,2020,10,337541.3400000001
2305902,12,Sertão dos Crateús,2020,10,0.0
2308609,12,Sertão dos Crateús,2020,10,377247.94500000007
2309300,12,Sertão dos Crateús,2020,10,2855408.45
2309409,12,Sertão dos Crateús,2020,10,822396.6349999998
2312205,12,Sertão dos Crateús,2020,10,1363162.27
2300408,13,Sertão dos Inhamuns,2020,10,205643.65000000002
2313302,13,Sertão dos Inhamuns,2020,10,0.0
2300705,14,Vale do Jaguaribe,2020,10,367517.7649999999
2304277,14,Vale do Jaguaribe,2020,10,78433.51000000001
2306009,14,Vale do Jaguaribe,2020,10,593365.5099999998
2306702,14,Vale do Jaguaribe,2020,10,0.0
2306801,14,Vale do Jaguaribe,2020,10,69339.36999999965
2307601,14,Vale do Jaguaribe,2020,10,1167558.625
2308708,14,Vale do Jaguaribe,2020,10,447999.4000000004
2310001,14,Vale do Jaguaribe,2020,10,82344.12500000001
2311231,14,Vale do Jaguaribe,2020,10,312282.6100000001
2311504,14,Vale do Jaguaribe,2020,10,450587.54000000004
2311801,14,Vale do Jaguaribe,2020,10,360197.4749999996
2312502,14,Vale do Jaguaribe,2020,10,174378.99
2313104,14,Vale do Jaguaribe,2020,10,641791.49
2300101,01,Cariri,2020,11,0.0
2301307,01,Cariri,2020,11,549027.7799999998
2301604,01,Cariri,2020,11,391902.65000000014
2301703,01,Cariri,2020,11,118237.59499999997
2301901,01,Cariri,2020,11,1007219.1449999996
2302008,01,Cariri,2020,11,170266.05500000005
2302503,01,Cariri,2020,11,0.0
2302701,01,Cariri,2020,11,553994.2799999998
2303204,01,Cariri,2020,11,325920.30500000017
2304202,01,Cariri,2020,11,931822.4349999987
2304301,01,Cariri,2020,11,0.0
2304806,01,Cariri,2020,11,469540.3300000001
2307106,01,Cariri,2020,11,488683.5800000001
2307205,01,Cariri,2020,11,37552.75
2307304,01,Cariri,2020,11,1782548.7399999984
2307502,01,Cariri,2020,11,17670.475000000093
2308104,01,Cariri,2020,11,354525.3000000003
2308302,01,Cariri,2020,11,297140.92500000005
2308401,01,Cariri,2020,11,824952.5149999997
2309201,01,Cariri,2020,11,0.0
2310605,01,Cariri,2020,11,0.0
2311108,01,Cariri,2020,11,103424.21999999974
2311959,01,Cariri,2020,11,130065.69999999995
2312106,01,Cariri,2020,11,205719.12
2313252,01,Cariri,2020,11,60092.185
2314003,01,Cariri,2020,11,1261809.89
2300309,02,Centro Sul,2020,11,132304.64500000002
2301802,02,Centro Sul,2020,11,73678.01000000001
2303600,02,Centro Sul,2020,11,232826.6000000001
2303808,02,Centro Sul,2020,11,583450.9349999999
2305407,02,Centro Sul,2020,11,934198.9949999992
2305506,02,Centro Sul,2020,11,1530881.02
2305704,02,Centro Sul,2020,11,12904.23999999999
2307403,02,Centro Sul,2020,11,561727.2249999996
2311355,02,Centro Sul,2020,11,255667.43000000005
2311900,02,Centro Sul,2020,11,0.0
2313708,02,Centro Sul,2020,11,3884.4749999999985
2301000,03,Grande Fortaleza,2020,11,2918519.635
2303501,03,Grande Fortaleza,2020,11,192779.2450000001
2303709,03,Grande Fortaleza,2020,11,11381669.61999999
2303956,03,Grande Fortaleza,2020,11,470859.6649999998
2304285,03,Grande Fortaleza,2020,11,0.0
2304400,03,Grande Fortaleza,2020,11,116893660.82499999
2304954,03,Grande Fortaleza,2020,11,25909.675000000047
2305233,03,Grande Fortaleza,2020,11,1570080.75
2306256,03,Grande Fortaleza,2020,11,1153003.6099999999
2307650,03,Grande Fortaleza,2020,11,0.0
2307700,03,Grande Fortaleza,2020,11,0.0
2309607,03,Grande Fortaleza,2020,11,270081.5099999998
2309706,03,Grande Fortaleza,2020,11,208124.7600000007
2310209,03,Grande Fortaleza,2020,11,287346.2250000001
2310258,03,Grande Fortaleza,2020,11,227001.3999999999
2310852,03,Grande Fortaleza,2020,11,536410.6599999999
2312403,03,Grande Fortaleza,2020,11,0.0
2312601,03,Grande Fortaleza,2020,11,303254.0349999999
2313500,03,Grande Fortaleza,2020,11,74084.07500000019
2301109,04,Litoral Leste,2020,11,0.0
2302206,04,Litoral Leste,2020,11,228515.71499999997
2304459,04,Litoral Leste,2020,11,339827.2549999999
2305357,04,Litoral Leste,2020,11,1400479.42
2306207,04,Litoral Leste,2020,11,277990.2649999999
2307007,04,Litoral Leste,2020,11,48572.10000000009
2300200,05,Litoral Norte,2020,11,2396737.119999999
2302057,05,Litoral Norte,2020,11,248760.3500000001
2302305,05,Litoral Norte,2020,11,614486.635
2302602,05,Litoral Norte,2020,11,4551611.319999998
2303907,05,Litoral Norte,2020,11,20652.329999999958
2304251,05,Litoral Norte,2020,11,1491840.8200000003
2304707,05,Litoral Norte,2020,11,699074.7800000003
2306553,05,Litoral Norte,2020,11,2606416.585000001
2307254,05,Litoral Norte,2020,11,53558.05500000063
2307908,05,Litoral Norte,2020,11,306820.31000000006
2308906,05,Litoral Norte,2020,11,577371.0
2313906,05,Litoral Norte,2020,11,420284.60999999987
2300754,06,Litoral Oeste / Vale do Curu,2020,11,1937349.3850000007
2300903,06,Litoral Oeste / Vale do Curu,2020,11,71079.05000000005
2304608,06,Litoral Oeste / Vale do Curu,2020,11,0.0
2306108,06,Litoral Oeste / Vale do Curu,2020,11,602931.73
2306306,06,Litoral Oeste / Vale do Curu,2020,11,2772720.619999999
2306405,06,Litoral Oeste / Vale do Curu,2020,11,4620400.469999999
2308377,06,Litoral Oeste / Vale do Curu,2020,11,190097.385
2310704,06,Litoral Oeste / Vale do Curu,2020,11,1021332.1199999999
2313351,06,Litoral Oeste / Vale do Curu,2020,11,1105364.625
2313559,06,Litoral Oeste / Vale do Curu,2020,11,0.0
2313757,06,Litoral Oeste / Vale do Curu,2020,11,165138.47999999998
2313807,06,Litoral Oeste / Vale do Curu,2020,11,318409.345
2300150,07,Maciço do Baturité,2020,11,115948.59999999998
2301208,07,Maciço do Baturité,2020,11,162064.21999999997
2301406,07,Maciço do Baturité,2020,11,408626.49
2302107,07,Maciço do Baturité,2020,11,382667.4400000002
2302909,07,Maciço do Baturité,2020,11,0.0
2305100,07,Maciço do Baturité,2020,11,0.0
2306504,07,Maciço do Baturité,2020,11,1310537.26
2309102,07,Maciço do Baturité,2020,11,209941.1399999999
2309458,07,Maciço do Baturité,2020,11,68045.57000000007
2309805,07,Maciço do Baturité,2020,11,467779.125
2310100,07,Maciço do Baturité,2020,11,23332.285000000033
2303402,08,Serra da Ibiapaba,2020,11,302323.0249999999
2304236,08,Serra da Ibiapaba,2020,11,607393.6099999999
2305001,08,Serra da Ibiapaba,2020,11,1099252.0650000004
2305803,08,Serra da Ibiapaba,2020,11,1573067.585
2312304,08,Serra da Ibiapaba,2020,11,672426.3799999999
2313401,08,Serra da Ibiapaba,2020,11,682504.1449999996
2313609,08,Serra da Ibiapaba,2020,11,0.0
2314102,08,Serra da Ibiapaba,2020,11,950088.1600000001
2301851,09,Sertão Central,2020,11,414560.03
2303931,09,Sertão Central,2020,11,115656.82999999996
2304269,09,Sertão Central,2020,11,499460.7250000001
2305266,09,Sertão Central,2020,11,103785.80999999994
2305332,09,Sertão Central,2020,11,0.0
2308500,09,Sertão Central,2020,11,4058635.035000001
2310506,09,Sertão Central,2020,11,0.0
2310902,09,Sertão Central,2020,11,272717.5
2311306,09,Sertão Central,2020,11,415585.7949999999
2311405,09,Sertão Central,2020,11,0.0
2312700,09,Sertão Central,2020,11,331164.2400000002
2313005,09,Sertão Central,2020,11,441735.0449999999
2302404,10,Sertão de Canindé,2020,11,1591995.7199999997
2302800,10,Sertão de Canindé,2020,11,587367.7599999998
2303006,10,Sertão de Canindé,2020,11,61823.56
2306603,10,Sertão de Canindé,2020,11,1781592.4300000002
2307635,10,Sertão de Canindé,2020,11,230882.20999999996
2310407,10,Sertão de Canindé,2020,11,99116.66000000003
2303105,11,Sertão de Sobral,2020,11,1155199.1549999993
2304004,11,Sertão de Sobral,2020,11,1020760.1050000004
2304509,11,Sertão de Sobral,2020,11,0.0
2304657,11,Sertão de Sobral,2020,11,682893.9400000002
2308005,11,Sertão de Sobral,2020,11,0.0
2309904,11,Sertão de Sobral,2020,11,521342.2649999999
2311702,11,Sertão de Sobral,2020,11,66859.04499999993
2312007,11,Sertão de Sobral,2020,11,38042.91500000004
2312809,11,Sertão de Sobral,2020,11,0.0
2312908,11,Sertão de Sobral,2020,11,3934761.2250000015
2303659,12,Sertão dos Crateús,2020,11,63923.21999999997
2304103,12,Sertão dos Crateús,2020,11,68630.29499999993
2305209,12,Sertão dos Crateús,2020,11,0.0
2305605,12,Sertão dos Crateús,2020,11,2590192.64
2305902,12,Sertão dos Crateús,2020,11,1099329.045
2308609,12,Sertão dos Crateús,2020,11,216241.91500000004
2309300,12,Sertão dos Crateús,2020,11,0.0
2309409,12,Sertão dos Crateús,2020,11,1039359.1150000002
2312205,12,Sertão dos Crateús,2020,11,558976.2599999998
2300408,13,Sertão dos Inhamuns,2020,11,260850.96499999985
2313302,13,Sertão dos Inhamuns,2020,11,657419.835
2300705,14,Vale do Jaguaribe,2020,11,389371.75
2304277,14,Vale do Jaguaribe,2020,11,6598.0
2306009,14,Vale do Jaguaribe,2020,11,689427.915
2306702,14,Vale do Jaguaribe,2020,11,0.0
2306801,14,Vale do Jaguaribe,2020,11,0.0
2307601,14,Vale do Jaguaribe,2020,11,1531547.505
2308708,14,Vale do Jaguaribe,2020,11,874985.2599999998
2310001,14,Vale do Jaguaribe,2020,11,268356.645
2311231,14,Vale do Jaguaribe,2020,11,1395932.7999999998
2311504,14,Vale do Jaguaribe,2020,11,1171816.59
2311801,14,Vale do Jaguaribe,2020,11,453269.1850000005
2312502,14,Vale do Jaguaribe,2020,11,230490.07499999995
2313104,14,Vale do Jaguaribe,2020,11,377120.53500000015
2300101,01,Cariri,2020,12,0.0
2301307,01,Cariri,2020,12,549027.7799999998
2301604,01,Cariri,2020,12,391902.65000000014
2301703,01,Cariri,2020,12,118237.59499999997
2301901,01,Cariri,2020,12,1007219.1449999996
2302008,01,Cariri,2020,12,170266.05500000005
2302503,01,Cariri,2020,12,0.0
2302701,01,Cariri,2020,12,553994.2799999998
2303204,01,Cariri,2020,12,325920.30500000017
2304202,01,Cariri,2020,12,931822.4349999987
2304301,01,Cariri,2020,12,0.0
2304806,01,Cariri,2020,12,469540.3300000001
2307106,01,Cariri,2020,12,488683.5800000001
2307205,01,Cariri,2020,12,37552.75
2307304,01,Cariri,2020,12,1782548.7399999984
2307502,01,Cariri,2020,12,17670.475000000093
2308104,01,Cariri,2020,12,354525.3000000003
2308302,01,Cariri,2020,12,297140.92500000005
2308401,01,Cariri,2020,12,824952.5149999997
2309201,01,Cariri,2020,12,0.0
2310605,01,Cariri,2020,12,0.0
2311108,01,Cariri,2020,12,103424.21999999974
2311959,01,Cariri,2020,12,130065.69999999995
2312106,01,Cariri,2020,12,205719.12
2313252,01,Cariri,2020,12,60092.185
2314003,01,Cariri,2020,12,1261809.89
2300309,02,Centro Sul,2020,12,132304.64500000002
2301802,02,Centro Sul,2020,12,73678.01000000001
2303600,02,Centro Sul,2020,12,232826.6000000001
2303808,02,Centro Sul,2020,12,583450.9349999999
2305407,02,Centro Sul,2020,12,934198.9949999992
2305506,02,Centro Sul,2020,12,1530881.02
2305704,02,Centro Sul,2020,12,12904.23999999999
2307403,02,Centro Sul,2020,12,561727.2249999996
2311355,02,Centro Sul,2020,12,255667.43000000005
2311900,02,Centro Sul,2020,12,0.0
2313708,02,Centro Sul,2020,12,3884.4749999999985
2301000,03,Grande Fortaleza,2020,12,2918519.635
2303501,03,Grande Fortaleza,2020,12,192779.2450000001
2303709,03,Grande Fortaleza,2020,12,11381669.61999999
2303956,03,Grande Fortaleza,2020,12,470859.6649999998
2304285,03,Grande Fortaleza,2020,12,0.0
2304400,03,Grande Fortaleza,2020,12,116893660.82499999
2304954,03,Grande Fortaleza,2020,12,25909.675000000047
2305233,03,Grande Fortaleza,2020,12,1570080.75
2306256,03,Grande Fortaleza,2020,12,1153003.6099999999
2307650,03,Grande Fortaleza,2020,12,0.0
2307700,03,Grande Fortaleza,2020,12,0.0
2309607,03,Grande Fortaleza,2020,12,270081.5099999998
2309706,03,Grande Fortaleza,2020,12,208124.7600000007
2310209,03,Grande Fortaleza,2020,12,287346.2250000001
2310258,03,Grande Fortaleza,2020,12,227001.3999999999
2310852,03,Grande Fortaleza,2020,12,536410.6599999999
2312403,03,Grande Fortaleza,2020,12,0.0
2312601,03,Grande Fortaleza,2020,12,303254.0349999999
2313500,03,Grande Fortaleza,2020,12,74084.07500000019
2301109,04,Litoral Leste,2020,12,0.0
2302206,04,Litoral Leste,2020,12,228515.71499999997
2304459,04,Litoral Leste,2020,12,339827.2549999999
2305357,04,Litoral Leste,2020,12,1400479.42
2306207,04,Litoral Leste,2020,12,277990.2649999999
2307007,04,Litoral Leste,2020,12,48572.10000000009
2300200,05,Litoral Norte,2020,12,2396737.119999999
2302057,05,Litoral Norte,2020,12,248760.3500000001
2302305,05,Litoral Norte,2020,12,614486.635
2302602,05,Litoral Norte,2020,12,4551611.319999998
2303907,05,Litoral Norte,2020,12,20652.329999999958
2304251,05,Litoral Norte,2020,12,1491840.8200000003
2304707,05,Litoral Norte,2020,12,699074.7800000003
2306553,05,Litoral Norte,2020,12,2606416.585000001
2307254,05,Litoral Norte,2020,12,53558.05500000063
2307908,05,Litoral Norte,2020,12,306820.31000000006
2308906,05,Litoral Norte,2020,12,577371.0
2313906,05,Litoral Norte,2020,12,420284.60999999987
2300754,06,Litoral Oeste / Vale do Curu,2020,12,1937349.3850000007
2300903,06,Litoral Oeste / Vale do Curu,2020,12,71079.05000000005
2304608,06,Litoral Oeste / Vale do Curu,2020,12,0.0
2306108,06,Litoral Oeste / Vale do Curu,2020,12,602931.73
2306306,06,Litoral Oeste / Vale do Curu,2020,12,2772720.619999999
2306405,06,Litoral Oeste / Vale do Curu,2020,12,4620400.469999999
2308377,06,Litoral Oeste / Vale do Curu,2020,12,190097.385
2310704,06,Litoral Oeste / Vale do Curu,2020,12,1021332.1199999999
2313351,06,Litoral Oeste / Vale do Curu,2020,12,1105364.625
2313559,06,Litoral Oeste / Vale do Curu,2020,12,0.0
2313757,06,Litoral Oeste / Vale do Curu,2020,12,165138.47999999998
2313807,06,Litoral Oeste / Vale do Curu,2020,12,318409.345
2300150,07,Maciço do Baturité,2020,12,115948.59999999998
2301208,07,Maciço do Baturité,2020,12,162064.21999999997
2301406,07,Maciço do Baturité,2020,12,408626.49
2302107,07,Maciço do Baturité,2020,12,382667.4400000002
2302909,07,Maciço do Baturité,2020,12,0.0
2305100,07,Maciço do Baturité,2020,12,0.0
2306504,07,Maciço do Baturité,2020,12,1310537.26
2309102,07,Maciço do Baturité,2020,12,209941.1399999999
2309458,07,Maciço do Baturité,2020,12,68045.57000000007
2309805,07,Maciço do Baturité,2020,12,467779.125
2310100,07,Maciço do Baturité,2020,12,23332.285000000033
2303402,08,Serra da Ibiapaba,2020,12,302323.0249999999
2304236,08,Serra da Ibiapaba,2020,12,607393.6099999999
2305001,08,Serra da Ibiapaba,2020,12,1099252.0650000004
2305803,08,Serra da Ibiapaba,2020,12,1573067.585
2312304,08,Serra da Ibiapaba,2020,12,672426.3799999999
2313401,08,Serra da Ibiapaba,2020,12,682504.1449999996
2313609,08,Serra da Ibiapaba,2020,12,0.0
2314102,08,Serra da Ibiapaba,2020,12,950088.1600000001
2301851,09,Sertão Central,2020,12,414560.03
2303931,09,Sertão Central,2020,12,115656.82999999996
2304269,09,Sertão Central,2020,12,499460.7250000001
2305266,09,Sertão Central,2020,12,103785.80999999994
2305332,09,Sertão Central,2020,12,0.0
2308500,09,Sertão Central,2020,12,4058635.035000001
2310506,09,Sertão Central,2020,12,0.0
2310902,09,Sertão Central,2020,12,272717.5
2311306,09,Sertão Central,2020,12,415585.7949999999
2311405,09,Sertão Central,2020,12,0.0
2312700,09,Sertão Central,2020,12,331164.2400000002
2313005,09,Sertão Central,2020,12,441735.0449999999
2302404,10,Sertão de Canindé,2020,12,1591995.7199999997
2302800,10,Sertão de Canindé,2020,12,587367.7599999998
2303006,10,Sertão de Canindé,2020,12,61823.56
2306603,10,Sertão de Canindé,2020,12,1781592.4300000002
2307635,10,Sertão de Canindé,2020,12,230882.20999999996
2310407,10,Sertão de Canindé,2020,12,99116.66000000003
2303105,11,Sertão de Sobral,2020,12,1155199.1549999993
2304004,11,Sertão de Sobral,2020,12,1020760.1050000004
2304509,11,Sertão de Sobral,2020,12,0.0
2304657,11,Sertão de Sobral,2020,12,682893.9400000002
2308005,11,Sertão de Sobral,2020,12,0.0
2309904,11,Sertão de Sobral,2020,12,521342.2649999999
2311702,11,Sertão de Sobral,2020,12,66859.04499999993
2312007,11,Sertão de Sobral,2020,12,38042.91500000004
2312809,11,Sertão de Sobral,2020,12,0.0
2312908,11,Sertão de Sobral,2020,12,3934761.2250000015
2303659,12,Sertão dos Crateús,2020,12,63923.21999999997
2304103,12,Sertão dos Crateús,2020,12,68630.29499999993
2305209,12,Sertão dos Crateús,2020,12,0.0
2305605,12,Sertão dos Crateús,2020,12,2590192.64
2305902,12,Sertão dos Crateús,2020,12,1099329.045
2308609,12,Sertão dos Crateús,2020,12,216241.91500000004
2309300,12,Sertão dos Crateús,2020,12,0.0
2309409,12,Sertão dos Crateús,2020,12,1039359.1150000002
2312205,12,Sertão dos Crateús,2020,12,558976.2599999998
2300408,13,Sertão dos Inhamuns,2020,12,260850.96499999985
2313302,13,Sertão dos Inhamuns,2020,12,657419.835
2300705,14,Vale do Jaguaribe,2020,12,389371.75
2304277,14,Vale do Jaguaribe,2020,12,6598.0
2306009,14,Vale do Jaguaribe,2020,12,689427.915
2306702,14,Vale do Jaguaribe,2020,12,0.0
2306801,14,Vale do Jaguaribe,2020,12,0.0
2307601,14,Vale do Jaguaribe,2020,12,1531547.505
2308708,14,Vale do Jaguaribe,2020,12,874985.2599999998
2310001,14,Vale do Jaguaribe,2020,12,268356.645
2311231,14,Vale do Jaguaribe,2020,12,1395932.7999999998
2311504,14,Vale do Jaguaribe,2020,12,1171816.59
2311801,14,Vale do Jaguaribe,2020,12,453269.1850000005
2312502,14,Vale do Jaguaribe,2020,12,230490.07499999995
2313104,14,Vale do Jaguaribe,2020,12,377120.53500000015
2300101,01,Cariri,2021,1,313107.85
2300606,01,Cariri,2021,1,187904.755
2300804,01,Cariri,2021,1,12645.0
2301307,01,Cariri,2021,1,46000.0
2301703,01,Cariri,2021,1,54586.125
2301901,01,Cariri,2021,1,97547.655
2302008,01,Cariri,2021,1,109856.475
2302503,01,Cariri,2021,1,48024.485
2302701,01,Cariri,2021,1,123459.12
2303204,01,Cariri,2021,1,171758.985
2304202,01,Cariri,2021,1,3752196.94
2304301,01,Cariri,2021,1,6725.715
2304806,01,Cariri,2021,1,12568.25
2307106,01,Cariri,2021,1,216918.01
2307205,01,Cariri,2021,1,4828.85
2307304,01,Cariri,2021,1,325650.835
2307502,01,Cariri,2021,1,1935.75
2308104,01,Cariri,2021,1,2200.74
2308302,01,Cariri,2021,1,136948.375
2308401,01,Cariri,2021,1,599603.635
2309201,01,Cariri,2021,1,547633.34
2310605,01,Cariri,2021,1,19878.72
2311108,01,Cariri,2021,1,83219.95
2311959,01,Cariri,2021,1,65978.92
2312106,01,Cariri,2021,1,1933.0
2313252,01,Cariri,2021,1,88611.69
2314003,01,Cariri,2021,1,450536.97
2300309,02,Centro Sul,2021,1,459940.035
2303600,02,Centro Sul,2021,1,14989.5
2303808,02,Centro Sul,2021,1,182316.395
2305407,02,Centro Sul,2021,1,1054661.085
2305506,02,Centro Sul,2021,1,647316.535
2305704,02,Centro Sul,2021,1,35305.775
2307403,02,Centro Sul,2021,1,310415.71
2311355,02,Centro Sul,2021,1,162008.995
2311900,02,Centro Sul,2021,1,4248.4
2313708,02,Centro Sul,2021,1,19469.275
2301000,03,Grande Fortaleza,2021,1,1061813.265
2303501,03,Grande Fortaleza,2021,1,498326.525
2303709,03,Grande Fortaleza,2021,1,25290775.985
2303956,03,Grande Fortaleza,2021,1,322704.045
2304285,03,Grande Fortaleza,2021,1,2369074.71
2304400,03,Grande Fortaleza,2021,1,66000960.72
2304954,03,Grande Fortaleza,2021,1,7494.5
2305233,03,Grande Fortaleza,2021,1,213257.155
2306256,03,Grande Fortaleza,2021,1,302507.965
2307650,03,Grande Fortaleza,2021,1,19120164.075
2307700,03,Grande Fortaleza,2021,1,110879.51
2309607,03,Grande Fortaleza,2021,1,2288062.69
2309706,03,Grande Fortaleza,2021,1,1618077.375
2310209,03,Grande Fortaleza,2021,1,684924.385
2310258,03,Grande Fortaleza,2021,1,19898.075
2310852,03,Grande Fortaleza,2021,1,355665.86
2312403,03,Grande Fortaleza,2021,1,1763862.88
2312601,03,Grande Fortaleza,2021,1,585716.155
2301109,04,Litoral Leste,2021,1,8605555.325
2302206,04,Litoral Leste,2021,1,5245.0
2304459,04,Litoral Leste,2021,1,6840.0
2305357,04,Litoral Leste,2021,1,2518152.135
2307007,04,Litoral Leste,2021,1,2242.0
2302057,05,Litoral Norte,2021,1,77001.74
2302305,05,Litoral Norte,2021,1,266418.03
2302602,05,Litoral Norte,2021,1,518445.59
2303907,05,Litoral Norte,2021,1,295282.805
2304251,05,Litoral Norte,2021,1,1163056.675
2304707,05,Litoral Norte,2021,1,998024.48
2306553,05,Litoral Norte,2021,1,3002416.39
2307254,05,Litoral Norte,2021,1,1668015.415
2307908,05,Litoral Norte,2021,1,104987.785
2308906,05,Litoral Norte,2021,1,119.5
2300754,06,Litoral Oeste / Vale do Curu,2021,1,746942.05
2300903,06,Litoral Oeste / Vale do Curu,2021,1,235.0
2304608,06,Litoral Oeste / Vale do Curu,2021,1,5765.35
2306108,06,Litoral Oeste / Vale do Curu,2021,1,547935.105
2306306,06,Litoral Oeste / Vale do Curu,2021,1,132846.245
2306405,06,Litoral Oeste / Vale do Curu,2021,1,911764.815
2308377,06,Litoral Oeste / Vale do Curu,2021,1,133232.56
2310704,06,Litoral Oeste / Vale do Curu,2021,1,914718.12
2313351,06,Litoral Oeste / Vale do Curu,2021,1,374246.135
2313757,06,Litoral Oeste / Vale do Curu,2021,1,254408.495
2313807,06,Litoral Oeste / Vale do Curu,2021,1,42319.22
2300150,07,Maciço do Baturité,2021,1,8632.0
2301208,07,Maciço do Baturité,2021,1,259573.43
2301406,07,Maciço do Baturité,2021,1,19557.9
2302909,07,Maciço do Baturité,2021,1,24867.905
2305100,07,Maciço do Baturité,2021,1,933413.91
2306504,07,Maciço do Baturité,2021,1,4774.8
2309102,07,Maciço do Baturité,2021,1,1059.5
2309458,07,Maciço do Baturité,2021,1,42711.34
2310100,07,Maciço do Baturité,2021,1,368160.57
2311603,07,Maciço do Baturité,2021,1,585120.605
2303402,08,Serra da Ibiapaba,2021,1,15532.85
2304236,08,Serra da Ibiapaba,2021,1,2350.0
2305001,08,Serra da Ibiapaba,2021,1,591741.895
2305308,08,Serra da Ibiapaba,2021,1,81650.945
2305803,08,Serra da Ibiapaba,2021,1,690813.1
2312304,08,Serra da Ibiapaba,2021,1,274171.06
2313401,08,Serra da Ibiapaba,2021,1,1692759.165
2313609,08,Serra da Ibiapaba,2021,1,7593.5
2314102,08,Serra da Ibiapaba,2021,1,402048.96
2301851,09,Sertão Central,2021,1,176455.185
2303931,09,Sertão Central,2021,1,143003.79
2304269,09,Sertão Central,2021,1,270229.225
2305332,09,Sertão Central,2021,1,170675.665
2308351,09,Sertão Central,2021,1,55551.78
2308500,09,Sertão Central,2021,1,34279.555
2310506,09,Sertão Central,2021,1,445638.55
2310902,09,Sertão Central,2021,1,420978.445
2311306,09,Sertão Central,2021,1,86826.715
2311405,09,Sertão Central,2021,1,1464643.545
2312700,09,Sertão Central,2021,1,468995.76
2313005,09,Sertão Central,2021,1,1583753.935
2302404,10,Sertão de Canindé,2021,1,91604.035
2302800,10,Sertão de Canindé,2021,1,542073.745
2303006,10,Sertão de Canindé,2021,1,24649.265
2306603,10,Sertão de Canindé,2021,1,804196.24
2307635,10,Sertão de Canindé,2021,1,67518.455
2300507,11,Sertão de Sobral,2021,1,155702.405
2303105,11,Sertão de Sobral,2021,1,199840.73
2304350,11,Sertão de Sobral,2021,1,89871.04
2304509,11,Sertão de Sobral,2021,1,345795.265
2304657,11,Sertão de Sobral,2021,1,1900.0
2304905,11,Sertão de Sobral,2021,1,74121.065
2308005,11,Sertão de Sobral,2021,1,25211.94
2308203,11,Sertão de Sobral,2021,1,7080.9
2309904,11,Sertão de Sobral,2021,1,155242.98
2310951,11,Sertão de Sobral,2021,1,326166.245
2311702,11,Sertão de Sobral,2021,1,13217.5
2312007,11,Sertão de Sobral,2021,1,1641.835
2312908,11,Sertão de Sobral,2021,1,14585898.97
2303659,12,Sertão dos Crateús,2021,1,77624.805
2304103,12,Sertão dos Crateús,2021,1,1854936.88
2305209,12,Sertão dos Crateús,2021,1,291225.435
2305902,12,Sertão dos Crateús,2021,1,22208.99
2308609,12,Sertão dos Crateús,2021,1,142226.79
2309300,12,Sertão dos Crateús,2021,1,1496142.925
2309409,12,Sertão dos Crateús,2021,1,43299.75
2312205,12,Sertão dos Crateús,2021,1,24737.185
2313203,12,Sertão dos Crateús,2021,1,29073.5
2300408,13,Sertão dos Inhamuns,2021,1,346315.8
2313302,13,Sertão dos Inhamuns,2021,1,1248500.0
2300705,14,Vale do Jaguaribe,2021,1,22489.08
2306009,14,Vale do Jaguaribe,2021,1,174966.5
2306702,14,Vale do Jaguaribe,2021,1,2191465.035
2306801,14,Vale do Jaguaribe,2021,1,230050.945
2307601,14,Vale do Jaguaribe,2021,1,507988.95
2308708,14,Vale do Jaguaribe,2021,1,628857.58
2310001,14,Vale do Jaguaribe,2021,1,6079.3
2311231,14,Vale do Jaguaribe,2021,1,2085.0
2311504,14,Vale do Jaguaribe,2021,1,257650.76
2311801,14,Vale do Jaguaribe,2021,1,54811.03
2312502,14,Vale do Jaguaribe,2021,1,40172.45
2313104,14,Vale do Jaguaribe,2021,1,732887.535
2300101,01,Cariri,2021,2,313107.85
2300606,01,Cariri,2021,2,187904.755
2300804,01,Cariri,2021,2,12645.0
2301307,01,Cariri,2021,2,46000.0
2301703,01,Cariri,2021,2,54586.125
2301901,01,Cariri,2021,2,97547.655
2302008,01,Cariri,2021,2,109856.475
2302503,01,Cariri,2021,2,48024.485
2302701,01,Cariri,2021,2,123459.12
2303204,01,Cariri,2021,2,171758.985
2304202,01,Cariri,2021,2,3752196.94
2304301,01,Cariri,2021,2,6725.715
2304806,01,Cariri,2021,2,12568.25
2307106,01,Cariri,2021,2,216918.01
2307205,01,Cariri,2021,2,4828.85
2307304,01,Cariri,2021,2,325650.835
2307502,01,Cariri,2021,2,1935.75
2308104,01,Cariri,2021,2,2200.74
2308302,01,Cariri,2021,2,136948.375
2308401,01,Cariri,2021,2,599603.635
2309201,01,Cariri,2021,2,547633.34
2310605,01,Cariri,2021,2,19878.72
2311108,01,Cariri,2021,2,83219.95
2311959,01,Cariri,2021,2,65978.92
2312106,01,Cariri,2021,2,1933.0
2313252,01,Cariri,2021,2,88611.69
2314003,01,Cariri,2021,2,450536.97
2300309,02,Centro Sul,2021,2,459940.035
2303600,02,Centro Sul,2021,2,14989.5
2303808,02,Centro Sul,2021,2,182316.395
2305407,02,Centro Sul,2021,2,1054661.085
2305506,02,Centro Sul,2021,2,647316.535
2305704,02,Centro Sul,2021,2,35305.775
2307403,02,Centro Sul,2021,2,310415.71
2311355,02,Centro Sul,2021,2,162008.995
2311900,02,Centro Sul,2021,2,4248.4
2313708,02,Centro Sul,2021,2,19469.275
2301000,03,Grande Fortaleza,2021,2,1061813.265
2303501,03,Grande Fortaleza,2021,2,498326.525
2303709,03,Grande Fortaleza,2021,2,25290775.985
2303956,03,Grande Fortaleza,2021,2,322704.045
2304285,03,Grande Fortaleza,2021,2,2369074.71
2304400,03,Grande Fortaleza,2021,2,66000960.72
2304954,03,Grande Fortaleza,2021,2,7494.5
2305233,03,Grande Fortaleza,2021,2,213257.155
2306256,03,Grande Fortaleza,2021,2,302507.965
2307650,03,Grande Fortaleza,2021,2,19120164.075
2307700,03,Grande Fortaleza,2021,2,110879.51
2309607,03,Grande Fortaleza,2021,2,2288062.69
2309706,03,Grande Fortaleza,2021,2,1618077.375
2310209,03,Grande Fortaleza,2021,2,684924.385
2310258,03,Grande Fortaleza,2021,2,19898.075
2310852,03,Grande Fortaleza,2021,2,355665.86
2312403,03,Grande Fortaleza,2021,2,1763862.88
2312601,03,Grande Fortaleza,2021,2,585716.155
2301109,04,Litoral Leste,2021,2,8605555.325
2302206,04,Litoral Leste,2021,2,5245.0
2304459,04,Litoral Leste,2021,2,6840.0
2305357,04,Litoral Leste,2021,2,2518152.135
2307007,04,Litoral Leste,2021,2,2242.0
2302057,05,Litoral Norte,2021,2,77001.74
2302305,05,Litoral Norte,2021,2,266418.03
2302602,05,Litoral Norte,2021,2,518445.59
2303907,05,Litoral Norte,2021,2,295282.805
2304251,05,Litoral Norte,2021,2,1163056.675
2304707,05,Litoral Norte,2021,2,998024.48
2306553,05,Litoral Norte,2021,2,3002416.39
2307254,05,Litoral Norte,2021,2,1668015.415
2307908,05,Litoral Norte,2021,2,104987.785
2308906,05,Litoral Norte,2021,2,119.5
2300754,06,Litoral Oeste / Vale do Curu,2021,2,746942.05
2300903,06,Litoral Oeste / Vale do Curu,2021,2,235.0
2304608,06,Litoral Oeste / Vale do Curu,2021,2,5765.35
2306108,06,Litoral Oeste / Vale do Curu,2021,2,547935.105
2306306,06,Litoral Oeste / Vale do Curu,2021,2,132846.245
2306405,06,Litoral Oeste / Vale do Curu,2021,2,911764.815
2308377,06,Litoral Oeste / Vale do Curu,2021,2,133232.56
2310704,06,Litoral Oeste / Vale do Curu,2021,2,914718.12
2313351,06,Litoral Oeste / Vale do Curu,2021,2,374246.135
2313757,06,Litoral Oeste / Vale do Curu,2021,2,254408.495
2313807,06,Litoral Oeste / Vale do Curu,2021,2,42319.22
2300150,07,Maciço do Baturité,2021,2,8632.0
2301208,07,Maciço do Baturité,2021,2,259573.43
2301406,07,Maciço do Baturité,2021,2,19557.9
2302909,07,Maciço do Baturité,2021,2,24867.905
2305100,07,Maciço do Baturité,2021,2,933413.91
2306504,07,Maciço do Baturité,2021,2,4774.8
2309102,07,Maciço do Baturité,2021,2,1059.5
2309458,07,Maciço do Baturité,2021,2,42711.34
2310100,07,Maciço do Baturité,2021,2,368160.57
2311603,07,Maciço do Baturité,2021,2,585120.605
2303402,08,Serra da Ibiapaba,2021,2,15532.85
2304236,08,Serra da Ibiapaba,2021,2,2350.0
2305001,08,Serra da Ibiapaba,2021,2,591741.895
2305308,08,Serra da Ibiapaba,2021,2,81650.945
2305803,08,Serra da Ibiapaba,2021,2,690813.1
2312304,08,Serra da Ibiapaba,2021,2,274171.06
2313401,08,Serra da Ibiapaba,2021,2,1692759.165
2313609,08,Serra da Ibiapaba,2021,2,7593.5
2314102,08,Serra da Ibiapaba,2021,2,402048.96
2301851,09,Sertão Central,2021,2,176455.185
2303931,09,Sertão Central,2021,2,143003.79
2304269,09,Sertão Central,2021,2,270229.225
2305332,09,Sertão Central,2021,2,170675.665
2308351,09,Sertão Central,2021,2,55551.78
2308500,09,Sertão Central,2021,2,34279.555
2310506,09,Sertão Central,2021,2,445638.55
2310902,09,Sertão Central,2021,2,420978.445
2311306,09,Sertão Central,2021,2,86826.715
2311405,09,Sertão Central,2021,2,1464643.545
2312700,09,Sertão Central,2021,2,468995.76
2313005,09,Sertão Central,2021,2,1583753.935
2302404,10,Sertão de Canindé,2021,2,91604.035
2302800,10,Sertão de Canindé,2021,2,542073.745
2303006,10,Sertão de Canindé,2021,2,24649.265
2306603,10,Sertão de Canindé,2021,2,804196.24
2307635,10,Sertão de Canindé,2021,2,67518.455
2300507,11,Sertão de Sobral,2021,2,155702.405
2303105,11,Sertão de Sobral,2021,2,199840.73
2304350,11,Sertão de Sobral,2021,2,89871.04
2304509,11,Sertão de Sobral,2021,2,345795.265
2304657,11,Sertão de Sobral,2021,2,1900.0
2304905,11,Sertão de Sobral,2021,2,74121.065
2308005,11,Sertão de Sobral,2021,2,25211.94
2308203,11,Sertão de Sobral,2021,2,7080.9
2309904,11,Sertão de Sobral,2021,2,155242.98
2310951,11,Sertão de Sobral,2021,2,326166.245
2311702,11,Sertão de Sobral,2021,2,13217.5
2312007,11,Sertão de Sobral,2021,2,1641.835
2312908,11,Sertão de Sobral,2021,2,14585898.97
2303659,12,Sertão dos Crateús,2021,2,77624.805
2304103,12,Sertão dos Crateús,2021,2,1854936.88
2305209,12,Sertão dos Crateús,2021,2,291225.435
2305902,12,Sertão dos Crateús,2021,2,22208.99
2308609,12,Sertão dos Crateús,2021,2,142226.79
2309300,12,Sertão dos Crateús,2021,2,1496142.925
2309409,12,Sertão dos Crateús,2021,2,43299.75
2312205,12,Sertão dos Crateús,2021,2,24737.185
2313203,12,Sertão dos Crateús,2021,2,29073.5
2300408,13,Sertão dos Inhamuns,2021,2,346315.8
2313302,13,Sertão dos Inhamuns,2021,2,1248500.0
2300705,14,Vale do Jaguaribe,2021,2,22489.08
2306009,14,Vale do Jaguaribe,2021,2,174966.5
2306702,14,Vale do Jaguaribe,2021,2,2191465.035
2306801,14,Vale do Jaguaribe,2021,2,230050.945
2307601,14,Vale do Jaguaribe,2021,2,507988.95
2308708,14,Vale do Jaguaribe,2021,2,628857.58
2310001,14,Vale do Jaguaribe,2021,2,6079.3
2311231,14,Vale do Jaguaribe,2021,2,2085.0
2311504,14,Vale do Jaguaribe,2021,2,257650.76
2311801,14,Vale do Jaguaribe,2021,2,54811.03
2312502,14,Vale do Jaguaribe,2021,2,40172.45
2313104,14,Vale do Jaguaribe,2021,2,732887.535
2300101,01,Cariri,2021,3,30502.0
2300606,01,Cariri,2021,3,158753.745
2300804,01,Cariri,2021,3,33562.095
2301307,01,Cariri,2021,3,152368.82
2301703,01,Cariri,2021,3,162998.395
2301901,01,Cariri,2021,3,99291.275
2302008,01,Cariri,2021,3,178825.41
2302503,01,Cariri,2021,3,353158.89
2302701,01,Cariri,2021,3,545761.335
2303204,01,Cariri,2021,3,262275.79000000004
2304202,01,Cariri,2021,3,2452721.6750000003
2304301,01,Cariri,2021,3,70464.75
2304806,01,Cariri,2021,3,7591.9000000000015
2307106,01,Cariri,2021,3,184454.16499999998
2307205,01,Cariri,2021,3,27677.684999999998
2307304,01,Cariri,2021,3,4030261.0549999997
2307502,01,Cariri,2021,3,40889.985
2308104,01,Cariri,2021,3,23486.25
2308302,01,Cariri,2021,3,65963.905
2308401,01,Cariri,2021,3,147280.45999999996
2309201,01,Cariri,2021,3,60498.125
2310605,01,Cariri,2021,3,45027.705
2311108,01,Cariri,2021,3,225671.59499999997
2311959,01,Cariri,2021,3,360489.87
2312106,01,Cariri,2021,3,106639.625
2313252,01,Cariri,2021,3,58284.859999999986
2314003,01,Cariri,2021,3,742818.2050000001
2300309,02,Centro Sul,2021,3,27267.015000000014
2303600,02,Centro Sul,2021,3,16187.5
2303808,02,Centro Sul,2021,3,19921.03
2305407,02,Centro Sul,2021,3,1571796.67
2305506,02,Centro Sul,2021,3,508823.41000000003
2305704,02,Centro Sul,2021,3,188743.975
2307403,02,Centro Sul,2021,3,733724.6099999999
2311355,02,Centro Sul,2021,3,250585.72999999998
2311900,02,Centro Sul,2021,3,76567.625
2313708,02,Centro Sul,2021,3,143995.98
2301000,03,Grande Fortaleza,2021,3,1400971.1650000003
2303501,03,Grande Fortaleza,2021,3,863366.485
2303709,03,Grande Fortaleza,2021,3,22115971.225
2303956,03,Grande Fortaleza,2021,3,226327.66999999998
2304285,03,Grande Fortaleza,2021,3,980462.2549999999
2304400,03,Grande Fortaleza,2021,3,82768112.39000002
2304954,03,Grande Fortaleza,2021,3,41845.685
2305233,03,Grande Fortaleza,2021,3,158879.00000000003
2306256,03,Grande Fortaleza,2021,3,132381.88999999996
2307650,03,Grande Fortaleza,2021,3,3975323.9700000025
2307700,03,Grande Fortaleza,2021,3,136472.68
2309607,03,Grande Fortaleza,2021,3,173924.66500000004
2309706,03,Grande Fortaleza,2021,3,379389.6000000001
2310209,03,Grande Fortaleza,2021,3,516690.99
2310258,03,Grande Fortaleza,2021,3,25772.889999999996
2310852,03,Grande Fortaleza,2021,3,276494.365
2312403,03,Grande Fortaleza,2021,3,3398194.8200000003
2312601,03,Grande Fortaleza,2021,3,93778.41999999993
2313500,03,Grande Fortaleza,2021,3,557891.115
2301109,04,Litoral Leste,2021,3,2291078.705
2302206,04,Litoral Leste,2021,3,217461.405
2304459,04,Litoral Leste,2021,3,665048.835
2305357,04,Litoral Leste,2021,3,1696946.5700000003
2306207,04,Litoral Leste,2021,3,60530.77
2307007,04,Litoral Leste,2021,3,14907.619999999999
2300200,05,Litoral Norte,2021,3,50381.545
2302057,05,Litoral Norte,2021,3,83845.09999999999
2302305,05,Litoral Norte,2021,3,177282.91499999998
2302602,05,Litoral Norte,2021,3,784759.9949999999
2303907,05,Litoral Norte,2021,3,23270.08500000002
2304251,05,Litoral Norte,2021,3,705372.605
2304707,05,Litoral Norte,2021,3,321322.32499999995
2306553,05,Litoral Norte,2021,3,3215991.515
2307254,05,Litoral Norte,2021,3,358372.41500000004
2307908,05,Litoral Norte,2021,3,314670.505
2308906,05,Litoral Norte,2021,3,0.0
2300754,06,Litoral Oeste / Vale do Curu,2021,3,554469.575
2300903,06,Litoral Oeste / Vale do Curu,2021,3,0.0
2304608,06,Litoral Oeste / Vale do Curu,2021,3,102719.65999999999
2306108,06,Litoral Oeste / Vale do Curu,2021,3,123545.65000000002
2306306,06,Litoral Oeste / Vale do Curu,2021,3,649798.145
2306405,06,Litoral Oeste / Vale do Curu,2021,3,802642.9200000002
2308377,06,Litoral Oeste / Vale do Curu,2021,3,316796.335
2310704,06,Litoral Oeste / Vale do Curu,2021,3,949060.4800000001
2313351,06,Litoral Oeste / Vale do Curu,2021,3,303250.18499999994
2313559,06,Litoral Oeste / Vale do Curu,2021,3,45059.235
2313757,06,Litoral Oeste / Vale do Curu,2021,3,209498.675
2313807,06,Litoral Oeste / Vale do Curu,2021,3,135474.725
2300150,07,Maciço do Baturité,2021,3,2357.5
2301208,07,Maciço do Baturité,2021,3,182327.54499999998
2301406,07,Maciço do Baturité,2021,3,59110.15499999999
2301950,07,Maciço do Baturité,2021,3,4065.0
2302909,07,Maciço do Baturité,2021,3,37929.020000000004
2305100,07,Maciço do Baturité,2021,3,423090.015
2306504,07,Maciço do Baturité,2021,3,430633.45
2309102,07,Maciço do Baturité,2021,3,12130.7
2309458,07,Maciço do Baturité,2021,3,304472.80500000005
2309805,07,Maciço do Baturité,2021,3,43089.815
2310100,07,Maciço do Baturité,2021,3,88262.83000000002
2311603,07,Maciço do Baturité,2021,3,443463.45000000007
2303402,08,Serra da Ibiapaba,2021,3,230959.41999999998
2304236,08,Serra da Ibiapaba,2021,3,0.0
2305001,08,Serra da Ibiapaba,2021,3,1136822.055
2305308,08,Serra da Ibiapaba,2021,3,54511.01999999999
2305803,08,Serra da Ibiapaba,2021,3,2502268.605
2312304,08,Serra da Ibiapaba,2021,3,814020.1199999999
2313401,08,Serra da Ibiapaba,2021,3,1752837.02
2313609,08,Serra da Ibiapaba,2021,3,190551.51
2314102,08,Serra da Ibiapaba,2021,3,450273.795
2301851,09,Sertão Central,2021,3,190578.485
2303931,09,Sertão Central,2021,3,254335.55999999997
2304269,09,Sertão Central,2021,3,5015.800000000047
2305266,09,Sertão Central,2021,3,2697.0
2305332,09,Sertão Central,2021,3,392608.635
2308351,09,Sertão Central,2021,3,232654.43000000002
2308500,09,Sertão Central,2021,3,147765.665
2310506,09,Sertão Central,2021,3,277762.465
2310902,09,Sertão Central,2021,3,178180.84500000003
2311306,09,Sertão Central,2021,3,182068.81999999998
2311405,09,Sertão Central,2021,3,341810.5050000001
2312700,09,Sertão Central,2021,3,346490.525
2313005,09,Sertão Central,2021,3,1101541.4449999998
2302404,10,Sertão de Canindé,2021,3,520696.22
2302800,10,Sertão de Canindé,2021,3,551280.18
2303006,10,Sertão de Canindé,2021,3,26038.265
2306603,10,Sertão de Canindé,2021,3,880141.99
2307635,10,Sertão de Canindé,2021,3,52430.175
2310407,10,Sertão de Canindé,2021,3,5293.6
2300507,11,Sertão de Sobral,2021,3,139381.18000000002
2303105,11,Sertão de Sobral,2021,3,490346.905
2304350,11,Sertão de Sobral,2021,3,339052.195
2304509,11,Sertão de Sobral,2021,3,361437.51
2304657,11,Sertão de Sobral,2021,3,13720.0
2304905,11,Sertão de Sobral,2021,3,96653.92499999999
2308005,11,Sertão de Sobral,2021,3,17151.000000000004
2308203,11,Sertão de Sobral,2021,3,50915.82
2309904,11,Sertão de Sobral,2021,3,5500.0
2310951,11,Sertão de Sobral,2021,3,351848.89
2311702,11,Sertão de Sobral,2021,3,70494.825
2312007,11,Sertão de Sobral,2021,3,89261.70499999999
2312908,11,Sertão de Sobral,2021,3,7846477.264999999
2303659,12,Sertão dos Crateús,2021,3,96750.6
2304103,12,Sertão dos Crateús,2021,3,161505.86500000022
2305209,12,Sertão dos Crateús,2021,3,417072.76999999996
2305902,12,Sertão dos Crateús,2021,3,7445.0
2308609,12,Sertão dos Crateús,2021,3,111207.56
2309300,12,Sertão dos Crateús,2021,3,469457.85999999987
2309409,12,Sertão dos Crateús,2021,3,208025.14
2312205,12,Sertão dos Crateús,2021,3,76229.425
2313203,12,Sertão dos Crateús,2021,3,100598.36
2300408,13,Sertão dos Inhamuns,2021,3,138129.375
2313302,13,Sertão dos Inhamuns,2021,3,91613.19999999995
2300705,14,Vale do Jaguaribe,2021,3,60840.185
2306009,14,Vale do Jaguaribe,2021,3,334084.495
2306702,14,Vale do Jaguaribe,2021,3,1140786.125
2306801,14,Vale do Jaguaribe,2021,3,207326.41499999998
2307601,14,Vale do Jaguaribe,2021,3,426356.13499999995
2308708,14,Vale do Jaguaribe,2021,3,238951.135
2310001,14,Vale do Jaguaribe,2021,3,41609.344999999994
2311231,14,Vale do Jaguaribe,2021,3,133603.77
2311504,14,Vale do Jaguaribe,2021,3,479059.05999999994
2311801,14,Vale do Jaguaribe,2021,3,88268.85
2312502,14,Vale do Jaguaribe,2021,3,177724.83000000002
2313104,14,Vale do Jaguaribe,2021,3,470245.82999999996
2300101,01,Cariri,2021,4,30502.0
2300606,01,Cariri,2021,4,158753.745
2300804,01,Cariri,2021,4,33562.095
2301307,01,Cariri,2021,4,152368.82
2301703,01,Cariri,2021,4,162998.395
2301901,01,Cariri,2021,4,99291.275
2302008,01,Cariri,2021,4,178825.41
2302503,01,Cariri,2021,4,353158.89
2302701,01,Cariri,2021,4,545761.335
2303204,01,Cariri,2021,4,262275.79000000004
2304202,01,Cariri,2021,4,2452721.6750000003
2304301,01,Cariri,2021,4,70464.75
2304806,01,Cariri,2021,4,7591.9000000000015
2307106,01,Cariri,2021,4,184454.16499999998
2307205,01,Cariri,2021,4,27677.684999999998
2307304,01,Cariri,2021,4,4030261.0549999997
2307502,01,Cariri,2021,4,40889.985
2308104,01,Cariri,2021,4,23486.25
2308302,01,Cariri,2021,4,65963.905
2308401,01,Cariri,2021,4,147280.45999999996
2309201,01,Cariri,2021,4,60498.125
2310605,01,Cariri,2021,4,45027.705
2311108,01,Cariri,2021,4,225671.59499999997
2311959,01,Cariri,2021,4,360489.87
2312106,01,Cariri,2021,4,106639.625
2313252,01,Cariri,2021,4,58284.859999999986
2314003,01,Cariri,2021,4,742818.2050000001
2300309,02,Centro Sul,2021,4,27267.015000000014
2303600,02,Centro Sul,2021,4,16187.5
2303808,02,Centro Sul,2021,4,19921.03
2305407,02,Centro Sul,2021,4,1571796.67
2305506,02,Centro Sul,2021,4,508823.41000000003
2305704,02,Centro Sul,2021,4,188743.975
2307403,02,Centro Sul,2021,4,733724.6099999999
2311355,02,Centro Sul,2021,4,250585.72999999998
2311900,02,Centro Sul,2021,4,76567.625
2313708,02,Centro Sul,2021,4,143995.98
2301000,03,Grande Fortaleza,2021,4,1400971.1650000003
2303501,03,Grande Fortaleza,2021,4,863366.485
2303709,03,Grande Fortaleza,2021,4,22115971.225
2303956,03,Grande Fortaleza,2021,4,226327.66999999998
2304285,03,Grande Fortaleza,2021,4,980462.2549999999
2304400,03,Grande Fortaleza,2021,4,82768112.39000002
2304954,03,Grande Fortaleza,2021,4,41845.685
2305233,03,Grande Fortaleza,2021,4,158879.00000000003
2306256,03,Grande Fortaleza,2021,4,132381.88999999996
2307650,03,Grande Fortaleza,2021,4,3975323.9700000025
2307700,03,Grande Fortaleza,2021,4,136472.68
2309607,03,Grande Fortaleza,2021,4,173924.66500000004
2309706,03,Grande Fortaleza,2021,4,379389.6000000001
2310209,03,Grande Fortaleza,2021,4,516690.99
2310258,03,Grande Fortaleza,2021,4,25772.889999999996
2310852,03,Grande Fortaleza,2021,4,276494.365
2312403,03,Grande Fortaleza,2021,4,3398194.8200000003
2312601,03,Grande Fortaleza,2021,4,93778.41999999993
2313500,03,Grande Fortaleza,2021,4,557891.115
2301109,04,Litoral Leste,2021,4,2291078.705
2302206,04,Litoral Leste,2021,4,217461.405
2304459,04,Litoral Leste,2021,4,665048.835
2305357,04,Litoral Leste,2021,4,1696946.5700000003
2306207,04,Litoral Leste,2021,4,60530.77
2307007,04,Litoral Leste,2021,4,14907.619999999999
2300200,05,Litoral Norte,2021,4,50381.545
2302057,05,Litoral Norte,2021,4,83845.09999999999
2302305,05,Litoral Norte,2021,4,177282.91499999998
2302602,05,Litoral Norte,2021,4,784759.9949999999
2303907,05,Litoral Norte,2021,4,23270.08500000002
2304251,05,Litoral Norte,2021,4,705372.605
2304707,05,Litoral Norte,2021,4,321322.32499999995
2306553,05,Litoral Norte,2021,4,3215991.515
2307254,05,Litoral Norte,2021,4,358372.41500000004
2307908,05,Litoral Norte,2021,4,314670.505
2308906,05,Litoral Norte,2021,4,0.0
2300754,06,Litoral Oeste / Vale do Curu,2021,4,554469.575
2300903,06,Litoral Oeste / Vale do Curu,2021,4,0.0
2304608,06,Litoral Oeste / Vale do Curu,2021,4,102719.65999999999
2306108,06,Litoral Oeste / Vale do Curu,2021,4,123545.65000000002
2306306,06,Litoral Oeste / Vale do Curu,2021,4,649798.145
2306405,06,Litoral Oeste / Vale do Curu,2021,4,802642.9200000002
2308377,06,Litoral Oeste / Vale do Curu,2021,4,316796.335
2310704,06,Litoral Oeste / Vale do Curu,2021,4,949060.4800000001
2313351,06,Litoral Oeste / Vale do Curu,2021,4,303250.18499999994
2313559,06,Litoral Oeste / Vale do Curu,2021,4,45059.235
2313757,06,Litoral Oeste / Vale do Curu,2021,4,209498.675
2313807,06,Litoral Oeste / Vale do Curu,2021,4,135474.725
2300150,07,Maciço do Baturité,2021,4,2357.5
2301208,07,Maciço do Baturité,2021,4,182327.54499999998
2301406,07,Maciço do Baturité,2021,4,59110.15499999999
2301950,07,Maciço do Baturité,2021,4,4065.0
2302909,07,Maciço do Baturité,2021,4,37929.020000000004
2305100,07,Maciço do Baturité,2021,4,423090.015
2306504,07,Maciço do Baturité,2021,4,430633.45
2309102,07,Maciço do Baturité,2021,4,12130.7
2309458,07,Maciço do Baturité,2021,4,304472.80500000005
2309805,07,Maciço do Baturité,2021,4,43089.815
2310100,07,Maciço do Baturité,2021,4,88262.83000000002
2311603,07,Maciço do Baturité,2021,4,443463.45000000007
2303402,08,Serra da Ibiapaba,2021,4,230959.41999999998
2304236,08,Serra da Ibiapaba,2021,4,0.0
2305001,08,Serra da Ibiapaba,2021,4,1136822.055
2305308,08,Serra da Ibiapaba,2021,4,54511.01999999999
2305803,08,Serra da Ibiapaba,2021,4,2502268.605
2312304,08,Serra da Ibiapaba,2021,4,814020.1199999999
2313401,08,Serra da Ibiapaba,2021,4,1752837.02
2313609,08,Serra da Ibiapaba,2021,4,190551.51
2314102,08,Serra da Ibiapaba,2021,4,450273.795
2301851,09,Sertão Central,2021,4,190578.485
2303931,09,Sertão Central,2021,4,254335.55999999997
2304269,09,Sertão Central,2021,4,5015.800000000047
2305266,09,Sertão Central,2021,4,2697.0
2305332,09,Sertão Central,2021,4,392608.635
2308351,09,Sertão Central,2021,4,232654.43000000002
2308500,09,Sertão Central,2021,4,147765.665
2310506,09,Sertão Central,2021,4,277762.465
2310902,09,Sertão Central,2021,4,178180.84500000003
2311306,09,Sertão Central,2021,4,182068.81999999998
2311405,09,Sertão Central,2021,4,341810.5050000001
2312700,09,Sertão Central,2021,4,346490.525
2313005,09,Sertão Central,2021,4,1101541.4449999998
2302404,10,Sertão de Canindé,2021,4,520696.22
2302800,10,Sertão de Canindé,2021,4,551280.18
2303006,10,Sertão de Canindé,2021,4,26038.265
2306603,10,Sertão de Canindé,2021,4,880141.99
2307635,10,Sertão de Canindé,2021,4,52430.175
2310407,10,Sertão de Canindé,2021,4,5293.6
2300507,11,Sertão de Sobral,2021,4,139381.18000000002
2303105,11,Sertão de Sobral,2021,4,490346.905
2304350,11,Sertão de Sobral,2021,4,339052.195
2304509,11,Sertão de Sobral,2021,4,361437.51
2304657,11,Sertão de Sobral,2021,4,13720.0
2304905,11,Sertão de Sobral,2021,4,96653.92499999999
2308005,11,Sertão de Sobral,2021,4,17151.000000000004
2308203,11,Sertão de Sobral,2021,4,50915.82
2309904,11,Sertão de Sobral,2021,4,5500.0
2310951,11,Sertão de Sobral,2021,4,351848.89
2311702,11,Sertão de Sobral,2021,4,70494.825
2312007,11,Sertão de Sobral,2021,4,89261.70499999999
2312908,11,Sertão de Sobral,2021,4,7846477.264999999
2303659,12,Sertão dos Crateús,2021,4,96750.6
2304103,12,Sertão dos Crateús,2021,4,161505.86500000022
2305209,12,Sertão dos Crateús,2021,4,417072.76999999996
2305902,12,Sertão dos Crateús,2021,4,7445.0
2308609,12,Sertão dos Crateús,2021,4,111207.56
2309300,12,Sertão dos Crateús,2021,4,469457.85999999987
2309409,12,Sertão dos Crateús,2021,4,208025.14
2312205,12,Sertão dos Crateús,2021,4,76229.425
2313203,12,Sertão dos Crateús,2021,4,100598.36
2300408,13,Sertão dos Inhamuns,2021,4,138129.375
2313302,13,Sertão dos Inhamuns,2021,4,91613.19999999995
2300705,14,Vale do Jaguaribe,2021,4,60840.185
2306009,14,Vale do Jaguaribe,2021,4,334084.495
2306702,14,Vale do Jaguaribe,2021,4,1140786.125
2306801,14,Vale do Jaguaribe,2021,4,207326.41499999998
2307601,14,Vale do Jaguaribe,2021,4,426356.13499999995
2308708,14,Vale do Jaguaribe,2021,4,238951.135
2310001,14,Vale do Jaguaribe,2021,4,41609.344999999994
2311231,14,Vale do Jaguaribe,2021,4,133603.77
2311504,14,Vale do Jaguaribe,2021,4,479059.05999999994
2311801,14,Vale do Jaguaribe,2021,4,88268.85
2312502,14,Vale do Jaguaribe,2021,4,177724.83000000002
2313104,14,Vale do Jaguaribe,2021,4,470245.82999999996
2300101,01,Cariri,2021,5,2174.5
2300606,01,Cariri,2021,5,313690.69499999995
2300804,01,Cariri,2021,5,11677.485
2301307,01,Cariri,2021,5,11002.5
2301703,01,Cariri,2021,5,131038.19000000003
2301901,01,Cariri,2021,5,265777.115
2302008,01,Cariri,2021,5,56141.41499999998
2302503,01,Cariri,2021,5,1274477.505
2302701,01,Cariri,2021,5,18615.405000000028
2303204,01,Cariri,2021,5,110431.14000000001
2304202,01,Cariri,2021,5,3458611.1999999993
2304301,01,Cariri,2021,5,188848.37500000003
2304806,01,Cariri,2021,5,350667.56
2307106,01,Cariri,2021,5,395709.49500000005
2307205,01,Cariri,2021,5,27369.2
2307304,01,Cariri,2021,5,7327299.315
2307502,01,Cariri,2021,5,253212.41500000004
2308104,01,Cariri,2021,5,95707.47
2308302,01,Cariri,2021,5,53598.08499999999
2308401,01,Cariri,2021,5,1358074.925
2309201,01,Cariri,2021,5,117603.47999999998
2310605,01,Cariri,2021,5,225993.32
2311108,01,Cariri,2021,5,311040.6400000001
2311959,01,Cariri,2021,5,708001.78
2312106,01,Cariri,2021,5,127919.07
2313252,01,Cariri,2021,5,108703.47
2314003,01,Cariri,2021,5,995471.3499999999
2300309,02,Centro Sul,2021,5,564760.74
2301802,02,Centro Sul,2021,5,108121.98
2303600,02,Centro Sul,2021,5,1750218.765
2303808,02,Centro Sul,2021,5,3765.0800000000163
2305407,02,Centro Sul,2021,5,612560.71
2305506,02,Centro Sul,2021,5,514494.22
2305704,02,Centro Sul,2021,5,205756.36
2307403,02,Centro Sul,2021,5,306026.39500000014
2311355,02,Centro Sul,2021,5,177969.45500000007
2311900,02,Centro Sul,2021,5,90908.595
2313708,02,Centro Sul,2021,5,6663.5
2301000,03,Grande Fortaleza,2021,5,1059344.935
2303501,03,Grande Fortaleza,2021,5,641284.855
2303709,03,Grande Fortaleza,2021,5,3824935.875
2303956,03,Grande Fortaleza,2021,5,94141.92500000005
2304285,03,Grande Fortaleza,2021,5,2580327.8950000005
2304400,03,Grande Fortaleza,2021,5,52578078.57499999
2304954,03,Grande Fortaleza,2021,5,267729.25
2305233,03,Grande Fortaleza,2021,5,1242595.66
2306256,03,Grande Fortaleza,2021,5,381510.19000000006
2307650,03,Grande Fortaleza,2021,5,2162941.3099999987
2307700,03,Grande Fortaleza,2021,5,148324.5
2309607,03,Grande Fortaleza,2021,5,273787.9950000001
2309706,03,Grande Fortaleza,2021,5,2602569.9999999995
2310209,03,Grande Fortaleza,2021,5,436464.6200000001
2310258,03,Grande Fortaleza,2021,5,76102.215
2310852,03,Grande Fortaleza,2021,5,23426.474999999977
2312403,03,Grande Fortaleza,2021,5,1026704.25
2312601,03,Grande Fortaleza,2021,5,254672.77500000002
2313500,03,Grande Fortaleza,2021,5,239412.005
2301109,04,Litoral Leste,2021,5,1193075.7200000007
2302206,04,Litoral Leste,2021,5,288334.88
2304459,04,Litoral Leste,2021,5,64635.60499999998
2305357,04,Litoral Leste,2021,5,1618975.5250000004
2306207,04,Litoral Leste,2021,5,33415.30000000001
2307007,04,Litoral Leste,2021,5,382926.89
2300200,05,Litoral Norte,2021,5,331616.9
2302057,05,Litoral Norte,2021,5,532071.9450000001
2302305,05,Litoral Norte,2021,5,376621.12999999995
2302602,05,Litoral Norte,2021,5,1091821.6400000001
2303907,05,Litoral Norte,2021,5,97130.98499999999
2304251,05,Litoral Norte,2021,5,539108.3099999998
2304707,05,Litoral Norte,2021,5,2112587.5300000003
2306553,05,Litoral Norte,2021,5,1967052.8999999994
2307254,05,Litoral Norte,2021,5,490300.31999999983
2307908,05,Litoral Norte,2021,5,234838.83000000002
2308906,05,Litoral Norte,2021,5,161091.79
2300754,06,Litoral Oeste / Vale do Curu,2021,5,990630.2949999999
2300903,06,Litoral Oeste / Vale do Curu,2021,5,9330.0
2304608,06,Litoral Oeste / Vale do Curu,2021,5,32392.055000000008
2306108,06,Litoral Oeste / Vale do Curu,2021,5,1578108.955
2306306,06,Litoral Oeste / Vale do Curu,2021,5,288709.3949999999
2306405,06,Litoral Oeste / Vale do Curu,2021,5,3624152.2199999997
2308377,06,Litoral Oeste / Vale do Curu,2021,5,302212.36
2310704,06,Litoral Oeste / Vale do Curu,2021,5,442766.4099999997
2313351,06,Litoral Oeste / Vale do Curu,2021,5,134419.92000000004
2313559,06,Litoral Oeste / Vale do Curu,2021,5,0.0
2313757,06,Litoral Oeste / Vale do Curu,2021,5,86883.84000000003
2313807,06,Litoral Oeste / Vale do Curu,2021,5,52856.10499999998
2300150,07,Maciço do Baturité,2021,5,10575.0
2301208,07,Maciço do Baturité,2021,5,193318.47999999998
2301406,07,Maciço do Baturité,2021,5,32207.90000000001
2301950,07,Maciço do Baturité,2021,5,242516.395
2302909,07,Maciço do Baturité,2021,5,16443.64
2305100,07,Maciço do Baturité,2021,5,0.0
2306504,07,Maciço do Baturité,2021,5,58223.505000000005
2309102,07,Maciço do Baturité,2021,5,61834.24500000001
2309458,07,Maciço do Baturité,2021,5,342162.99
2309805,07,Maciço do Baturité,2021,5,77961.175
2310100,07,Maciço do Baturité,2021,5,57939.359999999986
2311603,07,Maciço do Baturité,2021,5,219543.265
2303402,08,Serra da Ibiapaba,2021,5,412604.725
2304236,08,Serra da Ibiapaba,2021,5,1150780.07
2305001,08,Serra da Ibiapaba,2021,5,1527967.5250000001
2305308,08,Serra da Ibiapaba,2021,5,120593.04000000001
2305803,08,Serra da Ibiapaba,2021,5,1659916.0700000003
2312304,08,Serra da Ibiapaba,2021,5,760398.365
2313401,08,Serra da Ibiapaba,2021,5,289630.43999999994
2313609,08,Serra da Ibiapaba,2021,5,36325.0
2314102,08,Serra da Ibiapaba,2021,5,371933.1549999999
2301851,09,Sertão Central,2021,5,240969.24000000005
2303931,09,Sertão Central,2021,5,632622.8200000001
2304269,09,Sertão Central,2021,5,73409.44
2305266,09,Sertão Central,2021,5,7221.5
2305332,09,Sertão Central,2021,5,522375.72
2308351,09,Sertão Central,2021,5,105022.23999999999
2308500,09,Sertão Central,2021,5,314249.395
2310506,09,Sertão Central,2021,5,764392.745
2310902,09,Sertão Central,2021,5,241468.07999999996
2311306,09,Sertão Central,2021,5,115590.64500000002
2311405,09,Sertão Central,2021,5,359425.72499999986
2312700,09,Sertão Central,2021,5,479852.18499999994
2313005,09,Sertão Central,2021,5,1224436.98
2302404,10,Sertão de Canindé,2021,5,350093.405
2302800,10,Sertão de Canindé,2021,5,720353.145
2303006,10,Sertão de Canindé,2021,5,40294.75
2306603,10,Sertão de Canindé,2021,5,660207.335
2307635,10,Sertão de Canindé,2021,5,45114.17999999999
2310407,10,Sertão de Canindé,2021,5,875.0
2300507,11,Sertão de Sobral,2021,5,17194.72999999998
2303105,11,Sertão de Sobral,2021,5,368825.7849999999
2304350,11,Sertão de Sobral,2021,5,79579.38500000001
2304509,11,Sertão de Sobral,2021,5,455392.93000000005
2304657,11,Sertão de Sobral,2021,5,14262.259999999998
2304905,11,Sertão de Sobral,2021,5,256687.5
2308005,11,Sertão de Sobral,2021,5,30908.095
2308203,11,Sertão de Sobral,2021,5,137742.83
2309904,11,Sertão de Sobral,2021,5,0.0
2310951,11,Sertão de Sobral,2021,5,124377.77000000002
2311702,11,Sertão de Sobral,2021,5,103281.52
2312007,11,Sertão de Sobral,2021,5,76558.00000000001
2312908,11,Sertão de Sobral,2021,5,9214606.105
2303659,12,Sertão dos Crateús,2021,5,207940.43000000002
2304103,12,Sertão dos Crateús,2021,5,440963.16500000004
2305209,12,Sertão dos Crateús,2021,5,107012.45000000007
2305605,12,Sertão dos Crateús,2021,5,98769.995
2305902,12,Sertão dos Crateús,2021,5,115183.30999999998
2308609,12,Sertão dos Crateús,2021,5,57434.84
2309300,12,Sertão dos Crateús,2021,5,981591.8950000003
2309409,12,Sertão dos Crateús,2021,5,312766.93499999994
2312205,12,Sertão dos Crateús,2021,5,29280.160000000003
2313203,12,Sertão dos Crateús,2021,5,395933.43500000006
2300408,13,Sertão dos Inhamuns,2021,5,253398.13000000006
2313302,13,Sertão dos Inhamuns,2021,5,499200.29000000004
2300705,14,Vale do Jaguaribe,2021,5,678548.045
2306009,14,Vale do Jaguaribe,2021,5,117583.06500000006
2306702,14,Vale do Jaguaribe,2021,5,892066.6550000003
2306801,14,Vale do Jaguaribe,2021,5,112922.23499999999
2307601,14,Vale do Jaguaribe,2021,5,554164.97
2308708,14,Vale do Jaguaribe,2021,5,373260.0399999999
2310001,14,Vale do Jaguaribe,2021,5,6300.9200000000055
2311231,14,Vale do Jaguaribe,2021,5,106852.01500000001
2311504,14,Vale do Jaguaribe,2021,5,344058.80999999994
2311801,14,Vale do Jaguaribe,2021,5,776864.9
2312502,14,Vale do Jaguaribe,2021,5,137616.72
2313104,14,Vale do Jaguaribe,2021,5,418619.385
2300101,01,Cariri,2021,6,2174.5
2300606,01,Cariri,2021,6,313690.69499999995
2300804,01,Cariri,2021,6,11677.485
2301307,01,Cariri,2021,6,11002.5
2301703,01,Cariri,2021,6,131038.19000000003
2301901,01,Cariri,2021,6,265777.115
2302008,01,Cariri,2021,6,56141.41499999998
2302503,01,Cariri,2021,6,1274477.505
2302701,01,Cariri,2021,6,18615.405000000028
2303204,01,Cariri,2021,6,110431.14000000001
2304202,01,Cariri,2021,6,3458611.1999999993
2304301,01,Cariri,2021,6,188848.37500000003
2304806,01,Cariri,2021,6,350667.56
2307106,01,Cariri,2021,6,395709.49500000005
2307205,01,Cariri,2021,6,27369.2
2307304,01,Cariri,2021,6,7327299.315
2307502,01,Cariri,2021,6,253212.41500000004
2308104,01,Cariri,2021,6,95707.47
2308302,01,Cariri,2021,6,53598.08499999999
2308401,01,Cariri,2021,6,1358074.925
2309201,01,Cariri,2021,6,117603.47999999998
2310605,01,Cariri,2021,6,225993.32
2311108,01,Cariri,2021,6,311040.6400000001
2311959,01,Cariri,2021,6,708001.78
2312106,01,Cariri,2021,6,127919.07
2313252,01,Cariri,2021,6,108703.47
2314003,01,Cariri,2021,6,995471.3499999999
2300309,02,Centro Sul,2021,6,564760.74
2301802,02,Centro Sul,2021,6,108121.98
2303600,02,Centro Sul,2021,6,1750218.765
2303808,02,Centro Sul,2021,6,3765.0800000000163
2305407,02,Centro Sul,2021,6,612560.71
2305506,02,Centro Sul,2021,6,514494.22
2305704,02,Centro Sul,2021,6,205756.36
2307403,02,Centro Sul,2021,6,306026.39500000014
2311355,02,Centro Sul,2021,6,177969.45500000007
2311900,02,Centro Sul,2021,6,90908.595
2313708,02,Centro Sul,2021,6,6663.5
2301000,03,Grande Fortaleza,2021,6,1059344.935
2303501,03,Grande Fortaleza,2021,6,641284.855
2303709,03,Grande Fortaleza,2021,6,3824935.875
2303956,03,Grande Fortaleza,2021,6,94141.92500000005
2304285,03,Grande Fortaleza,2021,6,2580327.8950000005
2304400,03,Grande Fortaleza,2021,6,52578078.57499999
2304954,03,Grande Fortaleza,2021,6,267729.25
2305233,03,Grande Fortaleza,2021,6,1242595.66
2306256,03,Grande Fortaleza,2021,6,381510.19000000006
2307650,03,Grande Fortaleza,2021,6,2162941.3099999987
2307700,03,Grande Fortaleza,2021,6,148324.5
2309607,03,Grande Fortaleza,2021,6,273787.9950000001
2309706,03,Grande Fortaleza,2021,6,2602569.9999999995
2310209,03,Grande Fortaleza,2021,6,436464.6200000001
2310258,03,Grande Fortaleza,2021,6,76102.215
2310852,03,Grande Fortaleza,2021,6,23426.474999999977
2312403,03,Grande Fortaleza,2021,6,1026704.25
2312601,03,Grande Fortaleza,2021,6,254672.77500000002
2313500,03,Grande Fortaleza,2021,6,239412.005
2301109,04,Litoral Leste,2021,6,1193075.7200000007
2302206,04,Litoral Leste,2021,6,288334.88
2304459,04,Litoral Leste,2021,6,64635.60499999998
2305357,04,Litoral Leste,2021,6,1618975.5250000004
2306207,04,Litoral Leste,2021,6,33415.30000000001
2307007,04,Litoral Leste,2021,6,382926.89
2300200,05,Litoral Norte,2021,6,331616.9
2302057,05,Litoral Norte,2021,6,532071.9450000001
2302305,05,Litoral Norte,2021,6,376621.12999999995
2302602,05,Litoral Norte,2021,6,1091821.6400000001
2303907,05,Litoral Norte,2021,6,97130.98499999999
2304251,05,Litoral Norte,2021,6,539108.3099999998
2304707,05,Litoral Norte,2021,6,2112587.5300000003
2306553,05,Litoral Norte,2021,6,1967052.8999999994
2307254,05,Litoral Norte,2021,6,490300.31999999983
2307908,05,Litoral Norte,2021,6,234838.83000000002
2308906,05,Litoral Norte,2021,6,161091.79
2300754,06,Litoral Oeste / Vale do Curu,2021,6,990630.2949999999
2300903,06,Litoral Oeste / Vale do Curu,2021,6,9330.0
2304608,06,Litoral Oeste / Vale do Curu,2021,6,32392.055000000008
2306108,06,Litoral Oeste / Vale do Curu,2021,6,1578108.955
2306306,06,Litoral Oeste / Vale do Curu,2021,6,288709.3949999999
2306405,06,Litoral Oeste / Vale do Curu,2021,6,3624152.2199999997
2308377,06,Litoral Oeste / Vale do Curu,2021,6,302212.36
2310704,06,Litoral Oeste / Vale do Curu,2021,6,442766.4099999997
2313351,06,Litoral Oeste / Vale do Curu,2021,6,134419.92000000004
2313559,06,Litoral Oeste / Vale do Curu,2021,6,0.0
2313757,06,Litoral Oeste / Vale do Curu,2021,6,86883.84000000003
2313807,06,Litoral Oeste / Vale do Curu,2021,6,52856.10499999998
2300150,07,Maciço do Baturité,2021,6,10575.0
2301208,07,Maciço do Baturité,2021,6,193318.47999999998
2301406,07,Maciço do Baturité,2021,6,32207.90000000001
2301950,07,Maciço do Baturité,2021,6,242516.395
2302909,07,Maciço do Baturité,2021,6,16443.64
2305100,07,Maciço do Baturité,2021,6,0.0
2306504,07,Maciço do Baturité,2021,6,58223.505000000005
2309102,07,Maciço do Baturité,2021,6,61834.24500000001
2309458,07,Maciço do Baturité,2021,6,342162.99
2309805,07,Maciço do Baturité,2021,6,77961.175
2310100,07,Maciço do Baturité,2021,6,57939.359999999986
2311603,07,Maciço do Baturité,2021,6,219543.265
2303402,08,Serra da Ibiapaba,2021,6,412604.725
2304236,08,Serra da Ibiapaba,2021,6,1150780.07
2305001,08,Serra da Ibiapaba,2021,6,1527967.5250000001
2305308,08,Serra da Ibiapaba,2021,6,120593.04000000001
2305803,08,Serra da Ibiapaba,2021,6,1659916.0700000003
2312304,08,Serra da Ibiapaba,2021,6,760398.365
2313401,08,Serra da Ibiapaba,2021,6,289630.43999999994
2313609,08,Serra da Ibiapaba,2021,6,36325.0
2314102,08,Serra da Ibiapaba,2021,6,371933.1549999999
2301851,09,Sertão Central,2021,6,240969.24000000005
2303931,09,Sertão Central,2021,6,632622.8200000001
2304269,09,Sertão Central,2021,6,73409.44
2305266,09,Sertão Central,2021,6,7221.5
2305332,09,Sertão Central,2021,6,522375.72
2308351,09,Sertão Central,2021,6,105022.23999999999
2308500,09,Sertão Central,2021,6,314249.395
2310506,09,Sertão Central,2021,6,764392.745
2310902,09,Sertão Central,2021,6,241468.07999999996
2311306,09,Sertão Central,2021,6,115590.64500000002
2311405,09,Sertão Central,2021,6,359425.72499999986
2312700,09,Sertão Central,2021,6,479852.18499999994
2313005,09,Sertão Central,2021,6,1224436.98
2302404,10,Sertão de Canindé,2021,6,350093.405
2302800,10,Sertão de Canindé,2021,6,720353.145
2303006,10,Sertão de Canindé,2021,6,40294.75
2306603,10,Sertão de Canindé,2021,6,660207.335
2307635,10,Sertão de Canindé,2021,6,45114.17999999999
2310407,10,Sertão de Canindé,2021,6,875.0
2300507,11,Sertão de Sobral,2021,6,17194.72999999998
2303105,11,Sertão de Sobral,2021,6,368825.7849999999
2304350,11,Sertão de Sobral,2021,6,79579.38500000001
2304509,11,Sertão de Sobral,2021,6,455392.93000000005
2304657,11,Sertão de Sobral,2021,6,14262.259999999998
2304905,11,Sertão de Sobral,2021,6,256687.5
2308005,11,Sertão de Sobral,2021,6,30908.095
2308203,11,Sertão de Sobral,2021,6,137742.83
2309904,11,Sertão de Sobral,2021,6,0.0
2310951,11,Sertão de Sobral,2021,6,124377.77000000002
2311702,11,Sertão de Sobral,2021,6,103281.52
2312007,11,Sertão de Sobral,2021,6,76558.00000000001
2312908,11,Sertão de Sobral,2021,6,9214606.105
2303659,12,Sertão dos Crateús,2021,6,207940.43000000002
2304103,12,Sertão dos Crateús,2021,6,440963.16500000004
2305209,12,Sertão dos Crateús,2021,6,107012.45000000007
2305605,12,Sertão dos Crateús,2021,6,98769.995
2305902,12,Sertão dos Crateús,2021,6,115183.30999999998
2308609,12,Sertão dos Crateús,2021,6,57434.84
2309300,12,Sertão dos Crateús,2021,6,981591.8950000003
2309409,12,Sertão dos Crateús,2021,6,312766.93499999994
2312205,12,Sertão dos Crateús,2021,6,29280.160000000003
2313203,12,Sertão dos Crateús,2021,6,395933.43500000006
2300408,13,Sertão dos Inhamuns,2021,6,253398.13000000006
2313302,13,Sertão dos Inhamuns,2021,6,499200.29000000004
2300705,14,Vale do Jaguaribe,2021,6,678548.045
2306009,14,Vale do Jaguaribe,2021,6,117583.06500000006
2306702,14,Vale do Jaguaribe,2021,6,892066.6550000003
2306801,14,Vale do Jaguaribe,2021,6,112922.23499999999
2307601,14,Vale do Jaguaribe,2021,6,554164.97
2308708,14,Vale do Jaguaribe,2021,6,373260.0399999999
2310001,14,Vale do Jaguaribe,2021,6,6300.9200000000055
2311231,14,Vale do Jaguaribe,2021,6,106852.01500000001
2311504,14,Vale do Jaguaribe,2021,6,344058.80999999994
2311801,14,Vale do Jaguaribe,2021,6,776864.9
2312502,14,Vale do Jaguaribe,2021,6,137616.72
2313104,14,Vale do Jaguaribe,2021,6,418619.385
2300101,01,Cariri,2021,7,25880.36500000005
2300606,01,Cariri,2021,7,419777.45000000007
2300804,01,Cariri,2021,7,849.9499999999971
2301307,01,Cariri,2021,7,49686.149999999994
2301703,01,Cariri,2021,7,328633.91
2301901,01,Cariri,2021,7,512953.72500000003
2302008,01,Cariri,2021,7,221655.33500000002
2302503,01,Cariri,2021,7,1866522.6100000003
2302701,01,Cariri,2021,7,94505.61499999999
2303204,01,Cariri,2021,7,205286.01
2304202,01,Cariri,2021,7,4697499.895000001
2304301,01,Cariri,2021,7,448754.27999999997
2304806,01,Cariri,2021,7,257806.73999999993
2307106,01,Cariri,2021,7,279955.6249999999
2307205,01,Cariri,2021,7,516183.55500000005
2307304,01,Cariri,2021,7,11252422.270000001
2307502,01,Cariri,2021,7,207785.37
2308104,01,Cariri,2021,7,522700.52999999997
2308302,01,Cariri,2021,7,110229.005
2308401,01,Cariri,2021,7,156967.66999999993
2309201,01,Cariri,2021,7,399876.19000000006
2310605,01,Cariri,2021,7,81837.53000000003
2311108,01,Cariri,2021,7,538890.1399999999
2311959,01,Cariri,2021,7,165456.5
2312106,01,Cariri,2021,7,353019.51999999996
2313252,01,Cariri,2021,7,67804.75500000003
2314003,01,Cariri,2021,7,993659.6350000002
2300309,02,Centro Sul,2021,7,656285.0349999999
2301802,02,Centro Sul,2021,7,45656.8
2303600,02,Centro Sul,2021,7,2974.5
2303808,02,Centro Sul,2021,7,242299.09999999998
2305407,02,Centro Sul,2021,7,591682.94
2305506,02,Centro Sul,2021,7,805012.2000000002
2305704,02,Centro Sul,2021,7,58180.19500000001
2307403,02,Centro Sul,2021,7,353990.97499999986
2311355,02,Centro Sul,2021,7,257144.43499999994
2311900,02,Centro Sul,2021,7,50746.869999999995
2313708,02,Centro Sul,2021,7,0.0
2301000,03,Grande Fortaleza,2021,7,1035734.5899999999
2303501,03,Grande Fortaleza,2021,7,655752.155
2303709,03,Grande Fortaleza,2021,7,2165003.4450000003
2303956,03,Grande Fortaleza,2021,7,414581.43000000005
2304285,03,Grande Fortaleza,2021,7,2344865.955
2304400,03,Grande Fortaleza,2021,7,50122124.639999986
2304954,03,Grande Fortaleza,2021,7,34614.20000000001
2305233,03,Grande Fortaleza,2021,7,2039452.275
2306256,03,Grande Fortaleza,2021,7,842249.09
2307650,03,Grande Fortaleza,2021,7,12069064.470000003
2307700,03,Grande Fortaleza,2021,7,429542.915
2309607,03,Grande Fortaleza,2021,7,1313840.7199999997
2309706,03,Grande Fortaleza,2021,7,484420.30500000063
2310209,03,Grande Fortaleza,2021,7,824186.0899999999
2310258,03,Grande Fortaleza,2021,7,1283621.8800000001
2310852,03,Grande Fortaleza,2021,7,508026.895
2312403,03,Grande Fortaleza,2021,7,9564875.620000001
2312601,03,Grande Fortaleza,2021,7,236562.40000000002
2313500,03,Grande Fortaleza,2021,7,658085.7400000001
2301109,04,Litoral Leste,2021,7,1780176.3550000004
2302206,04,Litoral Leste,2021,7,77395.00500000006
2304459,04,Litoral Leste,2021,7,669363.69
2305357,04,Litoral Leste,2021,7,1378450.039999999
2306207,04,Litoral Leste,2021,7,11602.0
2307007,04,Litoral Leste,2021,7,318497.19499999995
2300200,05,Litoral Norte,2021,7,3982918.655
2302057,05,Litoral Norte,2021,7,268556.355
2302305,05,Litoral Norte,2021,7,129384.64500000002
2302602,05,Litoral Norte,2021,7,484015.6549999998
2303907,05,Litoral Norte,2021,7,358428.905
2304251,05,Litoral Norte,2021,7,310749.18000000017
2304707,05,Litoral Norte,2021,7,2625117.8950000005
2306553,05,Litoral Norte,2021,7,2028889.2349999994
2307254,05,Litoral Norte,2021,7,1073382.35
2307908,05,Litoral Norte,2021,7,512429.43499999994
2308906,05,Litoral Norte,2021,7,152719.19499999998
2300754,06,Litoral Oeste / Vale do Curu,2021,7,1317233.62
2300903,06,Litoral Oeste / Vale do Curu,2021,7,59995.0
2304608,06,Litoral Oeste / Vale do Curu,2021,7,82788.66
2306108,06,Litoral Oeste / Vale do Curu,2021,7,856211.3599999999
2306306,06,Litoral Oeste / Vale do Curu,2021,7,293916.18500000006
2306405,06,Litoral Oeste / Vale do Curu,2021,7,4643653.0
2308377,06,Litoral Oeste / Vale do Curu,2021,7,57806.05000000005
2310704,06,Litoral Oeste / Vale do Curu,2021,7,1231958.125
2313351,06,Litoral Oeste / Vale do Curu,2021,7,290254.69500000007
2313559,06,Litoral Oeste / Vale do Curu,2021,7,49214.125
2313757,06,Litoral Oeste / Vale do Curu,2021,7,123627.95999999996
2313807,06,Litoral Oeste / Vale do Curu,2021,7,198644.89
2300150,07,Maciço do Baturité,2021,7,0.0
2301208,07,Maciço do Baturité,2021,7,323570.24
2301406,07,Maciço do Baturité,2021,7,73874.085
2301950,07,Maciço do Baturité,2021,7,367643.33999999997
2302909,07,Maciço do Baturité,2021,7,284.5
2305100,07,Maciço do Baturité,2021,7,328413.4950000001
2306504,07,Maciço do Baturité,2021,7,50480.23999999999
2309102,07,Maciço do Baturité,2021,7,144244.77
2309458,07,Maciço do Baturité,2021,7,924321.9099999999
2309805,07,Maciço do Baturité,2021,7,30486.719999999987
2310100,07,Maciço do Baturité,2021,7,35890.77500000002
2311603,07,Maciço do Baturité,2021,7,433921.68999999994
2303402,08,Serra da Ibiapaba,2021,7,93276.32999999996
2304236,08,Serra da Ibiapaba,2021,7,215378.08999999985
2305001,08,Serra da Ibiapaba,2021,7,861031.9750000001
2305308,08,Serra da Ibiapaba,2021,7,26511.5
2305803,08,Serra da Ibiapaba,2021,7,2347745.2799999993
2312304,08,Serra da Ibiapaba,2021,7,1347649.5
2313401,08,Serra da Ibiapaba,2021,7,1493691.5250000004
2313609,08,Serra da Ibiapaba,2021,7,838663.125
2314102,08,Serra da Ibiapaba,2021,7,2055598.6250000002
2301851,09,Sertão Central,2021,7,718434.7599999999
2303931,09,Sertão Central,2021,7,277463.28500000003
2304269,09,Sertão Central,2021,7,104777.65499999997
2305266,09,Sertão Central,2021,7,170691.935
2305332,09,Sertão Central,2021,7,323051.24
2308351,09,Sertão Central,2021,7,165358.43
2308500,09,Sertão Central,2021,7,461215.395
2310506,09,Sertão Central,2021,7,68635.96999999997
2310902,09,Sertão Central,2021,7,330143.67499999993
2311306,09,Sertão Central,2021,7,308759.73000000004
2311405,09,Sertão Central,2021,7,781099.0950000002
2312700,09,Sertão Central,2021,7,525235.2949999999
2313005,09,Sertão Central,2021,7,955977.2500000005
2302404,10,Sertão de Canindé,2021,7,1239918.8699999996
2302800,10,Sertão de Canindé,2021,7,887666.6500000001
2303006,10,Sertão de Canindé,2021,7,26415.199999999997
2306603,10,Sertão de Canindé,2021,7,825107.335
2307635,10,Sertão de Canindé,2021,7,146726.3
2310407,10,Sertão de Canindé,2021,7,0.0
2300507,11,Sertão de Sobral,2021,7,335452.40499999997
2303105,11,Sertão de Sobral,2021,7,579253.095
2304350,11,Sertão de Sobral,2021,7,261248.97499999998
2304509,11,Sertão de Sobral,2021,7,559478.825
2304657,11,Sertão de Sobral,2021,7,111428.575
2304905,11,Sertão de Sobral,2021,7,177958.29500000004
2308005,11,Sertão de Sobral,2021,7,309807.0
2308203,11,Sertão de Sobral,2021,7,248358.005
2309904,11,Sertão de Sobral,2021,7,405782.26
2310951,11,Sertão de Sobral,2021,7,301337.6299999999
2311702,11,Sertão de Sobral,2021,7,124364.965
2312007,11,Sertão de Sobral,2021,7,71495.73999999999
2312908,11,Sertão de Sobral,2021,7,13148786.250000004
2303659,12,Sertão dos Crateús,2021,7,57395.19
2304103,12,Sertão dos Crateús,2021,7,434262.7749999999
2305209,12,Sertão dos Crateús,2021,7,149236.14500000002
2305605,12,Sertão dos Crateús,2021,7,159877.265
2305902,12,Sertão dos Crateús,2021,7,71901.27000000002
2308609,12,Sertão dos Crateús,2021,7,382400.90499999997
2309300,12,Sertão dos Crateús,2021,7,1701992.5100000002
2309409,12,Sertão dos Crateús,2021,7,577244.9850000001
2312205,12,Sertão dos Crateús,2021,7,307307.70499999996
2313203,12,Sertão dos Crateús,2021,7,62646.765000000014
2300408,13,Sertão dos Inhamuns,2021,7,636612.7299999999
2313302,13,Sertão dos Inhamuns,2021,7,818664.2150000001
2300705,14,Vale do Jaguaribe,2021,7,1153488.21
2306009,14,Vale do Jaguaribe,2021,7,194289.735
2306702,14,Vale do Jaguaribe,2021,7,1497338.5949999997
2306801,14,Vale do Jaguaribe,2021,7,73345.20000000007
2307601,14,Vale do Jaguaribe,2021,7,969728.675
2308708,14,Vale do Jaguaribe,2021,7,507810.4750000001
2310001,14,Vale do Jaguaribe,2021,7,3381.375
2311231,14,Vale do Jaguaribe,2021,7,7880.079999999987
2311504,14,Vale do Jaguaribe,2021,7,321720.06000000006
2311801,14,Vale do Jaguaribe,2021,7,461661.31499999994
2312502,14,Vale do Jaguaribe,2021,7,81458.375
2313104,14,Vale do Jaguaribe,2021,7,611765.7450000001
2300101,01,Cariri,2021,8,25880.36500000005
2300606,01,Cariri,2021,8,419777.45000000007
2300804,01,Cariri,2021,8,849.9499999999971
2301307,01,Cariri,2021,8,49686.149999999994
2301703,01,Cariri,2021,8,328633.91
2301901,01,Cariri,2021,8,512953.72500000003
2302008,01,Cariri,2021,8,221655.33500000002
2302503,01,Cariri,2021,8,1866522.6100000003
2302701,01,Cariri,2021,8,94505.61499999999
2303204,01,Cariri,2021,8,205286.01
2304202,01,Cariri,2021,8,4697499.895000001
2304301,01,Cariri,2021,8,448754.27999999997
2304806,01,Cariri,2021,8,257806.73999999993
2307106,01,Cariri,2021,8,279955.6249999999
2307205,01,Cariri,2021,8,516183.55500000005
2307304,01,Cariri,2021,8,11252422.270000001
2307502,01,Cariri,2021,8,207785.37
2308104,01,Cariri,2021,8,522700.52999999997
2308302,01,Cariri,2021,8,110229.005
2308401,01,Cariri,2021,8,156967.66999999993
2309201,01,Cariri,2021,8,399876.19000000006
2310605,01,Cariri,2021,8,81837.53000000003
2311108,01,Cariri,2021,8,538890.1399999999
2311959,01,Cariri,2021,8,165456.5
2312106,01,Cariri,2021,8,353019.51999999996
2313252,01,Cariri,2021,8,67804.75500000003
2314003,01,Cariri,2021,8,993659.6350000002
2300309,02,Centro Sul,2021,8,656285.0349999999
2301802,02,Centro Sul,2021,8,45656.8
2303600,02,Centro Sul,2021,8,2974.5
2303808,02,Centro Sul,2021,8,242299.09999999998
2305407,02,Centro Sul,2021,8,591682.94
2305506,02,Centro Sul,2021,8,805012.2000000002
2305704,02,Centro Sul,2021,8,58180.19500000001
2307403,02,Centro Sul,2021,8,353990.97499999986
2311355,02,Centro Sul,2021,8,257144.43499999994
2311900,02,Centro Sul,2021,8,50746.869999999995
2313708,02,Centro Sul,2021,8,0.0
2301000,03,Grande Fortaleza,2021,8,1035734.5899999999
2303501,03,Grande Fortaleza,2021,8,655752.155
2303709,03,Grande Fortaleza,2021,8,2165003.4450000003
2303956,03,Grande Fortaleza,2021,8,414581.43000000005
2304285,03,Grande Fortaleza,2021,8,2344865.955
2304400,03,Grande Fortaleza,2021,8,50122124.639999986
2304954,03,Grande Fortaleza,2021,8,34614.20000000001
2305233,03,Grande Fortaleza,2021,8,2039452.275
2306256,03,Grande Fortaleza,2021,8,842249.09
2307650,03,Grande Fortaleza,2021,8,12069064.470000003
2307700,03,Grande Fortaleza,2021,8,429542.915
2309607,03,Grande Fortaleza,2021,8,1313840.7199999997
2309706,03,Grande Fortaleza,2021,8,484420.30500000063
2310209,03,Grande Fortaleza,2021,8,824186.0899999999
2310258,03,Grande Fortaleza,2021,8,1283621.8800000001
2310852,03,Grande Fortaleza,2021,8,508026.895
2312403,03,Grande Fortaleza,2021,8,9564875.620000001
2312601,03,Grande Fortaleza,2021,8,236562.40000000002
2313500,03,Grande Fortaleza,2021,8,658085.7400000001
2301109,04,Litoral Leste,2021,8,1780176.3550000004
2302206,04,Litoral Leste,2021,8,77395.00500000006
2304459,04,Litoral Leste,2021,8,669363.69
2305357,04,Litoral Leste,2021,8,1378450.039999999
2306207,04,Litoral Leste,2021,8,11602.0
2307007,04,Litoral Leste,2021,8,318497.19499999995
2300200,05,Litoral Norte,2021,8,3982918.655
2302057,05,Litoral Norte,2021,8,268556.355
2302305,05,Litoral Norte,2021,8,129384.64500000002
2302602,05,Litoral Norte,2021,8,484015.6549999998
2303907,05,Litoral Norte,2021,8,358428.905
2304251,05,Litoral Norte,2021,8,310749.18000000017
2304707,05,Litoral Norte,2021,8,2625117.8950000005
2306553,05,Litoral Norte,2021,8,2028889.2349999994
2307254,05,Litoral Norte,2021,8,1073382.35
2307908,05,Litoral Norte,2021,8,512429.43499999994
2308906,05,Litoral Norte,2021,8,152719.19499999998
2300754,06,Litoral Oeste / Vale do Curu,2021,8,1317233.62
2300903,06,Litoral Oeste / Vale do Curu,2021,8,59995.0
2304608,06,Litoral Oeste / Vale do Curu,2021,8,82788.66
2306108,06,Litoral Oeste / Vale do Curu,2021,8,856211.3599999999
2306306,06,Litoral Oeste / Vale do Curu,2021,8,293916.18500000006
2306405,06,Litoral Oeste / Vale do Curu,2021,8,4643653.0
2308377,06,Litoral Oeste / Vale do Curu,2021,8,57806.05000000005
2310704,06,Litoral Oeste / Vale do Curu,2021,8,1231958.125
2313351,06,Litoral Oeste / Vale do Curu,2021,8,290254.69500000007
2313559,06,Litoral Oeste / Vale do Curu,2021,8,49214.125
2313757,06,Litoral Oeste / Vale do Curu,2021,8,123627.95999999996
2313807,06,Litoral Oeste / Vale do Curu,2021,8,198644.89
2300150,07,Maciço do Baturité,2021,8,0.0
2301208,07,Maciço do Baturité,2021,8,323570.24
2301406,07,Maciço do Baturité,2021,8,73874.085
2301950,07,Maciço do Baturité,2021,8,367643.33999999997
2302909,07,Maciço do Baturité,2021,8,284.5
2305100,07,Maciço do Baturité,2021,8,328413.4950000001
2306504,07,Maciço do Baturité,2021,8,50480.23999999999
2309102,07,Maciço do Baturité,2021,8,144244.77
2309458,07,Maciço do Baturité,2021,8,924321.9099999999
2309805,07,Maciço do Baturité,2021,8,30486.719999999987
2310100,07,Maciço do Baturité,2021,8,35890.77500000002
2311603,07,Maciço do Baturité,2021,8,433921.68999999994
2303402,08,Serra da Ibiapaba,2021,8,93276.32999999996
2304236,08,Serra da Ibiapaba,2021,8,215378.08999999985
2305001,08,Serra da Ibiapaba,2021,8,861031.9750000001
2305308,08,Serra da Ibiapaba,2021,8,26511.5
2305803,08,Serra da Ibiapaba,2021,8,2347745.2799999993
2312304,08,Serra da Ibiapaba,2021,8,1347649.5
2313401,08,Serra da Ibiapaba,2021,8,1493691.5250000004
2313609,08,Serra da Ibiapaba,2021,8,838663.125
2314102,08,Serra da Ibiapaba,2021,8,2055598.6250000002
2301851,09,Sertão Central,2021,8,718434.7599999999
2303931,09,Sertão Central,2021,8,277463.28500000003
2304269,09,Sertão Central,2021,8,104777.65499999997
2305266,09,Sertão Central,2021,8,170691.935
2305332,09,Sertão Central,2021,8,323051.24
2308351,09,Sertão Central,2021,8,165358.43
2308500,09,Sertão Central,2021,8,461215.395
2310506,09,Sertão Central,2021,8,68635.96999999997
2310902,09,Sertão Central,2021,8,330143.67499999993
2311306,09,Sertão Central,2021,8,308759.73000000004
2311405,09,Sertão Central,2021,8,781099.0950000002
2312700,09,Sertão Central,2021,8,525235.2949999999
2313005,09,Sertão Central,2021,8,955977.2500000005
2302404,10,Sertão de Canindé,2021,8,1239918.8699999996
2302800,10,Sertão de Canindé,2021,8,887666.6500000001
2303006,10,Sertão de Canindé,2021,8,26415.199999999997
2306603,10,Sertão de Canindé,2021,8,825107.335
2307635,10,Sertão de Canindé,2021,8,146726.3
2310407,10,Sertão de Canindé,2021,8,0.0
2300507,11,Sertão de Sobral,2021,8,335452.40499999997
2303105,11,Sertão de Sobral,2021,8,579253.095
2304350,11,Sertão de Sobral,2021,8,261248.97499999998
2304509,11,Sertão de Sobral,2021,8,559478.825
2304657,11,Sertão de Sobral,2021,8,111428.575
2304905,11,Sertão de Sobral,2021,8,177958.29500000004
2308005,11,Sertão de Sobral,2021,8,309807.0
2308203,11,Sertão de Sobral,2021,8,248358.005
2309904,11,Sertão de Sobral,2021,8,405782.26
2310951,11,Sertão de Sobral,2021,8,301337.6299999999
2311702,11,Sertão de Sobral,2021,8,124364.965
2312007,11,Sertão de Sobral,2021,8,71495.73999999999
2312908,11,Sertão de Sobral,2021,8,13148786.250000004
2303659,12,Sertão dos Crateús,2021,8,57395.19
2304103,12,Sertão dos Crateús,2021,8,434262.7749999999
2305209,12,Sertão dos Crateús,2021,8,149236.14500000002
2305605,12,Sertão dos Crateús,2021,8,159877.265
2305902,12,Sertão dos Crateús,2021,8,71901.27000000002
2308609,12,Sertão dos Crateús,2021,8,382400.90499999997
2309300,12,Sertão dos Crateús,2021,8,1701992.5100000002
2309409,12,Sertão dos Crateús,2021,8,577244.9850000001
2312205,12,Sertão dos Crateús,2021,8,307307.70499999996
2313203,12,Sertão dos Crateús,2021,8,62646.765000000014
2300408,13,Sertão dos Inhamuns,2021,8,636612.7299999999
2313302,13,Sertão dos Inhamuns,2021,8,818664.2150000001
2300705,14,Vale do Jaguaribe,2021,8,1153488.21
2306009,14,Vale do Jaguaribe,2021,8,194289.735
2306702,14,Vale do Jaguaribe,2021,8,1497338.5949999997
2306801,14,Vale do Jaguaribe,2021,8,73345.20000000007
2307601,14,Vale do Jaguaribe,2021,8,969728.675
2308708,14,Vale do Jaguaribe,2021,8,507810.4750000001
2310001,14,Vale do Jaguaribe,2021,8,3381.375
2311231,14,Vale do Jaguaribe,2021,8,7880.079999999987
2311504,14,Vale do Jaguaribe,2021,8,321720.06000000006
2311801,14,Vale do Jaguaribe,2021,8,461661.31499999994
2312502,14,Vale do Jaguaribe,2021,8,81458.375
2313104,14,Vale do Jaguaribe,2021,8,611765.7450000001
2300101,01,Cariri,2021,9,46453.08999999997
2300606,01,Cariri,2021,9,436823.31499999994
2300804,01,Cariri,2021,9,36147.05500000001
2301307,01,Cariri,2021,9,140716.51499999998
2301703,01,Cariri,2021,9,179286.71499999997
2301901,01,Cariri,2021,9,305976.10999999987
2302008,01,Cariri,2021,9,151452.21999999997
2302503,01,Cariri,2021,9,870947.0699999994
2302701,01,Cariri,2021,9,59091.91000000003
2303204,01,Cariri,2021,9,305544.2849999999
2304202,01,Cariri,2021,9,3760502.664999999
2304301,01,Cariri,2021,9,48970.07499999995
2304806,01,Cariri,2021,9,741254.9950000001
2307106,01,Cariri,2021,9,289386.22
2307205,01,Cariri,2021,9,52903.054999999935
2307304,01,Cariri,2021,9,3948343.2699999996
2307502,01,Cariri,2021,9,97664.03000000003
2308104,01,Cariri,2021,9,342488.6
2308302,01,Cariri,2021,9,39399.42999999999
2308401,01,Cariri,2021,9,203993.02000000002
2309201,01,Cariri,2021,9,483156.05000000005
2310605,01,Cariri,2021,9,20452.75
2311108,01,Cariri,2021,9,776957.2350000001
2311959,01,Cariri,2021,9,289670.27
2312106,01,Cariri,2021,9,79964.59500000009
2313252,01,Cariri,2021,9,157489.81999999995
2314003,01,Cariri,2021,9,1517457.3399999999
2300309,02,Centro Sul,2021,9,750516.26
2301802,02,Centro Sul,2021,9,2799.5
2303600,02,Centro Sul,2021,9,129248.38000000012
2303808,02,Centro Sul,2021,9,869522.2749999999
2305407,02,Centro Sul,2021,9,632274.56
2305506,02,Centro Sul,2021,9,563707.6299999999
2305704,02,Centro Sul,2021,9,324623.89499999996
2307403,02,Centro Sul,2021,9,346895.9850000001
2311355,02,Centro Sul,2021,9,454985.1000000001
2311900,02,Centro Sul,2021,9,91365.90000000002
2313708,02,Centro Sul,2021,9,40566.64499999999
2301000,03,Grande Fortaleza,2021,9,1716909.9450000003
2303501,03,Grande Fortaleza,2021,9,801598.895
2303709,03,Grande Fortaleza,2021,9,4948172.729999997
2303956,03,Grande Fortaleza,2021,9,390016.95499999984
2304285,03,Grande Fortaleza,2021,9,2877129.7649999997
2304400,03,Grande Fortaleza,2021,9,88995793.255
2304954,03,Grande Fortaleza,2021,9,189278.32999999996
2305233,03,Grande Fortaleza,2021,9,1591321.1000000006
2306256,03,Grande Fortaleza,2021,9,625003.5399999998
2307650,03,Grande Fortaleza,2021,9,3106026.7849999964
2307700,03,Grande Fortaleza,2021,9,231451.53000000003
2309607,03,Grande Fortaleza,2021,9,791287.8750000005
2309706,03,Grande Fortaleza,2021,9,2287686.215
2310209,03,Grande Fortaleza,2021,9,1210453.5150000001
2310258,03,Grande Fortaleza,2021,9,300374.49
2310852,03,Grande Fortaleza,2021,9,128977.9750000001
2312403,03,Grande Fortaleza,2021,9,348304.40499999933
2312601,03,Grande Fortaleza,2021,9,91195.44999999995
2313500,03,Grande Fortaleza,2021,9,676749.1499999997
2301109,04,Litoral Leste,2021,9,551037.3300000001
2302206,04,Litoral Leste,2021,9,0.0
2304459,04,Litoral Leste,2021,9,3408914.1050000004
2305357,04,Litoral Leste,2021,9,1932722.6100000013
2306207,04,Litoral Leste,2021,9,163220.07
2307007,04,Litoral Leste,2021,9,505948.80999999994
2300200,05,Litoral Norte,2021,9,1526490.495
2302057,05,Litoral Norte,2021,9,130430.21000000008
2302305,05,Litoral Norte,2021,9,0.0
2302602,05,Litoral Norte,2021,9,122431.45000000019
2303907,05,Litoral Norte,2021,9,244264.735
2304251,05,Litoral Norte,2021,9,1473106.935
2304707,05,Litoral Norte,2021,9,3076133.8049999997
2306553,05,Litoral Norte,2021,9,1719184.165000001
2307254,05,Litoral Norte,2021,9,1408723.7000000002
2307908,05,Litoral Norte,2021,9,215359.40500000003
2308906,05,Litoral Norte,2021,9,438098.52
2300754,06,Litoral Oeste / Vale do Curu,2021,9,1836227.12
2300903,06,Litoral Oeste / Vale do Curu,2021,9,116578.055
2304608,06,Litoral Oeste / Vale do Curu,2021,9,171221.345
2306108,06,Litoral Oeste / Vale do Curu,2021,9,1247839.4499999997
2306306,06,Litoral Oeste / Vale do Curu,2021,9,915840.6100000001
2306405,06,Litoral Oeste / Vale do Curu,2021,9,3547831.83
2308377,06,Litoral Oeste / Vale do Curu,2021,9,204496.55499999993
2310704,06,Litoral Oeste / Vale do Curu,2021,9,1585043.0250000004
2313351,06,Litoral Oeste / Vale do Curu,2021,9,847468.9299999999
2313559,06,Litoral Oeste / Vale do Curu,2021,9,29516.865000000005
2313757,06,Litoral Oeste / Vale do Curu,2021,9,331038.3300000001
2313807,06,Litoral Oeste / Vale do Curu,2021,9,647549.4100000001
2300150,07,Maciço do Baturité,2021,9,97770.89
2301208,07,Maciço do Baturité,2021,9,677282.3350000001
2301406,07,Maciço do Baturité,2021,9,221057.02
2301950,07,Maciço do Baturité,2021,9,240858.64
2302909,07,Maciço do Baturité,2021,9,78129.025
2305100,07,Maciço do Baturité,2021,9,101953.88500000001
2306504,07,Maciço do Baturité,2021,9,12133.030000000028
2309102,07,Maciço do Baturité,2021,9,158862.65
2309458,07,Maciço do Baturité,2021,9,334990.405
2309805,07,Maciço do Baturité,2021,9,9736.100000000006
2310100,07,Maciço do Baturité,2021,9,192021.10499999998
2311603,07,Maciço do Baturité,2021,9,451571.9149999998
2303402,08,Serra da Ibiapaba,2021,9,291990.74
2304236,08,Serra da Ibiapaba,2021,9,289255.5900000001
2305001,08,Serra da Ibiapaba,2021,9,1587719.5649999995
2305308,08,Serra da Ibiapaba,2021,9,500155.025
2305803,08,Serra da Ibiapaba,2021,9,2269721.17
2312304,08,Serra da Ibiapaba,2021,9,1740012.3049999997
2313401,08,Serra da Ibiapaba,2021,9,1797358.4749999996
2313609,08,Serra da Ibiapaba,2021,9,3341003.8950000005
2314102,08,Serra da Ibiapaba,2021,9,3336067.2349999994
2301851,09,Sertão Central,2021,9,183966.77500000014
2303931,09,Sertão Central,2021,9,117681.88500000001
2304269,09,Sertão Central,2021,9,231768.59499999997
2305266,09,Sertão Central,2021,9,59885.205000000016
2305332,09,Sertão Central,2021,9,436747.8300000001
2308351,09,Sertão Central,2021,9,396871.865
2308500,09,Sertão Central,2021,9,111090.10499999998
2310506,09,Sertão Central,2021,9,63677.14500000002
2310902,09,Sertão Central,2021,9,197523.99
2311306,09,Sertão Central,2021,9,467167.60499999986
2311405,09,Sertão Central,2021,9,1933011.2999999998
2312700,09,Sertão Central,2021,9,550630.6950000001
2313005,09,Sertão Central,2021,9,1604564.1999999993
2302404,10,Sertão de Canindé,2021,9,907973.79
2302800,10,Sertão de Canindé,2021,9,667417.875
2303006,10,Sertão de Canindé,2021,9,7321.400000000009
2306603,10,Sertão de Canindé,2021,9,1701947.7650000001
2307635,10,Sertão de Canindé,2021,9,126405.47500000003
2310407,10,Sertão de Canindé,2021,9,50960.0
2300507,11,Sertão de Sobral,2021,9,325786.895
2303105,11,Sertão de Sobral,2021,9,806997.385
2304350,11,Sertão de Sobral,2021,9,470388.52
2304509,11,Sertão de Sobral,2021,9,774249.4349999998
2304657,11,Sertão de Sobral,2021,9,519970.365
2304905,11,Sertão de Sobral,2021,9,329206.45999999996
2308005,11,Sertão de Sobral,2021,9,0.0
2308203,11,Sertão de Sobral,2021,9,62218.640000000014
2309904,11,Sertão de Sobral,2021,9,469569.80500000005
2310951,11,Sertão de Sobral,2021,9,292257.0800000001
2311702,11,Sertão de Sobral,2021,9,89835.85499999998
2312007,11,Sertão de Sobral,2021,9,106241.94499999998
2312908,11,Sertão de Sobral,2021,9,9534138.129999995
2303659,12,Sertão dos Crateús,2021,9,83817.98999999999
2304103,12,Sertão dos Crateús,2021,9,0.0
2305209,12,Sertão dos Crateús,2021,9,134206.02000000002
2305605,12,Sertão dos Crateús,2021,9,179082.12
2305902,12,Sertão dos Crateús,2021,9,532032.415
2308609,12,Sertão dos Crateús,2021,9,91379.89500000002
2309300,12,Sertão dos Crateús,2021,9,911535.7299999995
2309409,12,Sertão dos Crateús,2021,9,1440483.125
2312205,12,Sertão dos Crateús,2021,9,490936.625
2313203,12,Sertão dos Crateús,2021,9,1558653.025
2300408,13,Sertão dos Inhamuns,2021,9,216469.56000000006
2313302,13,Sertão dos Inhamuns,2021,9,149978.44499999983
2300705,14,Vale do Jaguaribe,2021,9,380790.355
2306009,14,Vale do Jaguaribe,2021,9,160680.6549999999
2306702,14,Vale do Jaguaribe,2021,9,0.0
2306801,14,Vale do Jaguaribe,2021,9,142641.94499999995
2307601,14,Vale do Jaguaribe,2021,9,703089.3850000002
2308708,14,Vale do Jaguaribe,2021,9,1508786.065
2310001,14,Vale do Jaguaribe,2021,9,61119.0
2311231,14,Vale do Jaguaribe,2021,9,139149.05
2311504,14,Vale do Jaguaribe,2021,9,326508.68999999994
2311801,14,Vale do Jaguaribe,2021,9,710179.8600000001
2312502,14,Vale do Jaguaribe,2021,9,68643.92499999999
2313104,14,Vale do Jaguaribe,2021,9,253775.00999999978
2300101,01,Cariri,2021,10,46453.08999999997
2300606,01,Cariri,2021,10,436823.31499999994
2300804,01,Cariri,2021,10,36147.05500000001
2301307,01,Cariri,2021,10,140716.51499999998
2301703,01,Cariri,2021,10,179286.71499999997
2301901,01,Cariri,2021,10,305976.10999999987
2302008,01,Cariri,2021,10,151452.21999999997
2302503,01,Cariri,2021,10,870947.0699999994
2302701,01,Cariri,2021,10,59091.91000000003
2303204,01,Cariri,2021,10,305544.2849999999
2304202,01,Cariri,2021,10,3760502.664999999
2304301,01,Cariri,2021,10,48970.07499999995
2304806,01,Cariri,2021,10,741254.9950000001
2307106,01,Cariri,2021,10,289386.22
2307205,01,Cariri,2021,10,52903.054999999935
2307304,01,Cariri,2021,10,3948343.2699999996
2307502,01,Cariri,2021,10,97664.03000000003
2308104,01,Cariri,2021,10,342488.6
2308302,01,Cariri,2021,10,39399.42999999999
2308401,01,Cariri,2021,10,203993.02000000002
2309201,01,Cariri,2021,10,483156.05000000005
2310605,01,Cariri,2021,10,20452.75
2311108,01,Cariri,2021,10,776957.2350000001
2311959,01,Cariri,2021,10,289670.27
2312106,01,Cariri,2021,10,79964.59500000009
2313252,01,Cariri,2021,10,157489.81999999995
2314003,01,Cariri,2021,10,1517457.3399999999
2300309,02,Centro Sul,2021,10,750516.26
2301802,02,Centro Sul,2021,10,2799.5
2303600,02,Centro Sul,2021,10,129248.38000000012
2303808,02,Centro Sul,2021,10,869522.2749999999
2305407,02,Centro Sul,2021,10,632274.56
2305506,02,Centro Sul,2021,10,563707.6299999999
2305704,02,Centro Sul,2021,10,324623.89499999996
2307403,02,Centro Sul,2021,10,346895.9850000001
2311355,02,Centro Sul,2021,10,454985.1000000001
2311900,02,Centro Sul,2021,10,91365.90000000002
2313708,02,Centro Sul,2021,10,40566.64499999999
2301000,03,Grande Fortaleza,2021,10,1716909.9450000003
2303501,03,Grande Fortaleza,2021,10,801598.895
2303709,03,Grande Fortaleza,2021,10,4948172.729999997
2303956,03,Grande Fortaleza,2021,10,390016.95499999984
2304285,03,Grande Fortaleza,2021,10,2877129.7649999997
2304400,03,Grande Fortaleza,2021,10,88995793.255
2304954,03,Grande Fortaleza,2021,10,189278.32999999996
2305233,03,Grande Fortaleza,2021,10,1591321.1000000006
2306256,03,Grande Fortaleza,2021,10,625003.5399999998
2307650,03,Grande Fortaleza,2021,10,3106026.7849999964
2307700,03,Grande Fortaleza,2021,10,231451.53000000003
2309607,03,Grande Fortaleza,2021,10,791287.8750000005
2309706,03,Grande Fortaleza,2021,10,2287686.215
2310209,03,Grande Fortaleza,2021,10,1210453.5150000001
2310258,03,Grande Fortaleza,2021,10,300374.49
2310852,03,Grande Fortaleza,2021,10,128977.9750000001
2312403,03,Grande Fortaleza,2021,10,348304.40499999933
2312601,03,Grande Fortaleza,2021,10,91195.44999999995
2313500,03,Grande Fortaleza,2021,10,676749.1499999997
2301109,04,Litoral Leste,2021,10,551037.3300000001
2302206,04,Litoral Leste,2021,10,0.0
2304459,04,Litoral Leste,2021,10,3408914.1050000004
2305357,04,Litoral Leste,2021,10,1932722.6100000013
2306207,04,Litoral Leste,2021,10,163220.07
2307007,04,Litoral Leste,2021,10,505948.80999999994
2300200,05,Litoral Norte,2021,10,1526490.495
2302057,05,Litoral Norte,2021,10,130430.21000000008
2302305,05,Litoral Norte,2021,10,0.0
2302602,05,Litoral Norte,2021,10,122431.45000000019
2303907,05,Litoral Norte,2021,10,244264.735
2304251,05,Litoral Norte,2021,10,1473106.935
2304707,05,Litoral Norte,2021,10,3076133.8049999997
2306553,05,Litoral Norte,2021,10,1719184.165000001
2307254,05,Litoral Norte,2021,10,1408723.7000000002
2307908,05,Litoral Norte,2021,10,215359.40500000003
2308906,05,Litoral Norte,2021,10,438098.52
2300754,06,Litoral Oeste / Vale do Curu,2021,10,1836227.12
2300903,06,Litoral Oeste / Vale do Curu,2021,10,116578.055
2304608,06,Litoral Oeste / Vale do Curu,2021,10,171221.345
2306108,06,Litoral Oeste / Vale do Curu,2021,10,1247839.4499999997
2306306,06,Litoral Oeste / Vale do Curu,2021,10,915840.6100000001
2306405,06,Litoral Oeste / Vale do Curu,2021,10,3547831.83
2308377,06,Litoral Oeste / Vale do Curu,2021,10,204496.55499999993
2310704,06,Litoral Oeste / Vale do Curu,2021,10,1585043.0250000004
2313351,06,Litoral Oeste / Vale do Curu,2021,10,847468.9299999999
2313559,06,Litoral Oeste / Vale do Curu,2021,10,29516.865000000005
2313757,06,Litoral Oeste / Vale do Curu,2021,10,331038.3300000001
2313807,06,Litoral Oeste / Vale do Curu,2021,10,647549.4100000001
2300150,07,Maciço do Baturité,2021,10,97770.89
2301208,07,Maciço do Baturité,2021,10,677282.3350000001
2301406,07,Maciço do Baturité,2021,10,221057.02
2301950,07,Maciço do Baturité,2021,10,240858.64
2302909,07,Maciço do Baturité,2021,10,78129.025
2305100,07,Maciço do Baturité,2021,10,101953.88500000001
2306504,07,Maciço do Baturité,2021,10,12133.030000000028
2309102,07,Maciço do Baturité,2021,10,158862.65
2309458,07,Maciço do Baturité,2021,10,334990.405
2309805,07,Maciço do Baturité,2021,10,9736.100000000006
2310100,07,Maciço do Baturité,2021,10,192021.10499999998
2311603,07,Maciço do Baturité,2021,10,451571.9149999998
2303402,08,Serra da Ibiapaba,2021,10,291990.74
2304236,08,Serra da Ibiapaba,2021,10,289255.5900000001
2305001,08,Serra da Ibiapaba,2021,10,1587719.5649999995
2305308,08,Serra da Ibiapaba,2021,10,500155.025
2305803,08,Serra da Ibiapaba,2021,10,2269721.17
2312304,08,Serra da Ibiapaba,2021,10,1740012.3049999997
2313401,08,Serra da Ibiapaba,2021,10,1797358.4749999996
2313609,08,Serra da Ibiapaba,2021,10,3341003.8950000005
2314102,08,Serra da Ibiapaba,2021,10,3336067.2349999994
2301851,09,Sertão Central,2021,10,183966.77500000014
2303931,09,Sertão Central,2021,10,117681.88500000001
2304269,09,Sertão Central,2021,10,231768.59499999997
2305266,09,Sertão Central,2021,10,59885.205000000016
2305332,09,Sertão Central,2021,10,436747.8300000001
2308351,09,Sertão Central,2021,10,396871.865
2308500,09,Sertão Central,2021,10,111090.10499999998
2310506,09,Sertão Central,2021,10,63677.14500000002
2310902,09,Sertão Central,2021,10,197523.99
2311306,09,Sertão Central,2021,10,467167.60499999986
2311405,09,Sertão Central,2021,10,1933011.2999999998
2312700,09,Sertão Central,2021,10,550630.6950000001
2313005,09,Sertão Central,2021,10,1604564.1999999993
2302404,10,Sertão de Canindé,2021,10,907973.79
2302800,10,Sertão de Canindé,2021,10,667417.875
2303006,10,Sertão de Canindé,2021,10,7321.400000000009
2306603,10,Sertão de Canindé,2021,10,1701947.7650000001
2307635,10,Sertão de Canindé,2021,10,126405.47500000003
2310407,10,Sertão de Canindé,2021,10,50960.0
2300507,11,Sertão de Sobral,2021,10,325786.895
2303105,11,Sertão de Sobral,2021,10,806997.385
2304350,11,Sertão de Sobral,2021,10,470388.52
2304509,11,Sertão de Sobral,2021,10,774249.4349999998
2304657,11,Sertão de Sobral,2021,10,519970.365
2304905,11,Sertão de Sobral,2021,10,329206.45999999996
2308005,11,Sertão de Sobral,2021,10,0.0
2308203,11,Sertão de Sobral,2021,10,62218.640000000014
2309904,11,Sertão de Sobral,2021,10,469569.80500000005
2310951,11,Sertão de Sobral,2021,10,292257.0800000001
2311702,11,Sertão de Sobral,2021,10,89835.85499999998
2312007,11,Sertão de Sobral,2021,10,106241.94499999998
2312908,11,Sertão de Sobral,2021,10,9534138.129999995
2303659,12,Sertão dos Crateús,2021,10,83817.98999999999
2304103,12,Sertão dos Crateús,2021,10,0.0
2305209,12,Sertão dos Crateús,2021,10,134206.02000000002
2305605,12,Sertão dos Crateús,2021,10,179082.12
2305902,12,Sertão dos Crateús,2021,10,532032.415
2308609,12,Sertão dos Crateús,2021,10,91379.89500000002
2309300,12,Sertão dos Crateús,2021,10,911535.7299999995
2309409,12,Sertão dos Crateús,2021,10,1440483.125
2312205,12,Sertão dos Crateús,2021,10,490936.625
2313203,12,Sertão dos Crateús,2021,10,1558653.025
2300408,13,Sertão dos Inhamuns,2021,10,216469.56000000006
2313302,13,Sertão dos Inhamuns,2021,10,149978.44499999983
2300705,14,Vale do Jaguaribe,2021,10,380790.355
2306009,14,Vale do Jaguaribe,2021,10,160680.6549999999
2306702,14,Vale do Jaguaribe,2021,10,0.0
2306801,14,Vale do Jaguaribe,2021,10,142641.94499999995
2307601,14,Vale do Jaguaribe,2021,10,703089.3850000002
2308708,14,Vale do Jaguaribe,2021,10,1508786.065
2310001,14,Vale do Jaguaribe,2021,10,61119.0
2311231,14,Vale do Jaguaribe,2021,10,139149.05
2311504,14,Vale do Jaguaribe,2021,10,326508.68999999994
2311801,14,Vale do Jaguaribe,2021,10,710179.8600000001
2312502,14,Vale do Jaguaribe,2021,10,68643.92499999999
2313104,14,Vale do Jaguaribe,2021,10,253775.00999999978
2300101,01,Cariri,2021,11,0.0
2300606,01,Cariri,2021,11,1156226.0899999999
2300804,01,Cariri,2021,11,26192.444999999992
2301307,01,Cariri,2021,11,32480.79999999999
2301703,01,Cariri,2021,11,1712064.625
2301901,01,Cariri,2021,11,668777.5350000001
2302008,01,Cariri,2021,11,7538.625
2302503,01,Cariri,2021,11,10962357.725000001
2302701,01,Cariri,2021,11,956593.5700000001
2303204,01,Cariri,2021,11,950961.685
2304202,01,Cariri,2021,11,0.0
2304301,01,Cariri,2021,11,1050455.4300000002
2304806,01,Cariri,2021,11,411433.6299999999
2307106,01,Cariri,2021,11,461590.03
2307205,01,Cariri,2021,11,177752.46500000008
2307304,01,Cariri,2021,11,3437196.6849999987
2307502,01,Cariri,2021,11,1952666.32
2308104,01,Cariri,2021,11,811039.6849999999
2308302,01,Cariri,2021,11,75598.01000000001
2308401,01,Cariri,2021,11,0.0
2309201,01,Cariri,2021,11,129784.5
2310605,01,Cariri,2021,11,0.0
2311108,01,Cariri,2021,11,1983185.545
2311959,01,Cariri,2021,11,1315.0
2312106,01,Cariri,2021,11,182626.8849999999
2313252,01,Cariri,2021,11,93536.26000000001
2314003,01,Cariri,2021,11,1509470.6100000003
2300309,02,Centro Sul,2021,11,946254.1600000001
2301802,02,Centro Sul,2021,11,1050.0
2303600,02,Centro Sul,2021,11,36214.625
2303808,02,Centro Sul,2021,11,1594357.52
2305407,02,Centro Sul,2021,11,1184254.7700000005
2305506,02,Centro Sul,2021,11,964853.8899999997
2305704,02,Centro Sul,2021,11,628199.8600000001
2307403,02,Centro Sul,2021,11,784371.2699999998
2311355,02,Centro Sul,2021,11,948699.1100000001
2311900,02,Centro Sul,2021,11,279692.70999999996
2313708,02,Centro Sul,2021,11,326537.66000000003
2301000,03,Grande Fortaleza,2021,11,2413512.3899999987
2303501,03,Grande Fortaleza,2021,11,4386263.45
2303709,03,Grande Fortaleza,2021,11,12191578.04500001
2303956,03,Grande Fortaleza,2021,11,1528818.44
2304285,03,Grande Fortaleza,2021,11,4816101.595000001
2304400,03,Grande Fortaleza,2021,11,128989892.81
2304954,03,Grande Fortaleza,2021,11,1689422.9250000003
2305233,03,Grande Fortaleza,2021,11,3901950.6049999995
2306256,03,Grande Fortaleza,2021,11,3926768.13
2307650,03,Grande Fortaleza,2021,11,54533.810000002384
2307700,03,Grande Fortaleza,2021,11,4821727.855
2309607,03,Grande Fortaleza,2021,11,295094.27499999944
2309706,03,Grande Fortaleza,2021,11,9143179.3
2310209,03,Grande Fortaleza,2021,11,812272.6499999999
2310258,03,Grande Fortaleza,2021,11,5676685.34
2310852,03,Grande Fortaleza,2021,11,1389161.5799999998
2312403,03,Grande Fortaleza,2021,11,3504483.8499999996
2312601,03,Grande Fortaleza,2021,11,409203.885
2313500,03,Grande Fortaleza,2021,11,3918518.0200000005
2301109,04,Litoral Leste,2021,11,6005132.42
2302206,04,Litoral Leste,2021,11,1157432.45
2304459,04,Litoral Leste,2021,11,397743.5099999998
2305357,04,Litoral Leste,2021,11,1960906.129999999
2306207,04,Litoral Leste,2021,11,42222.42499999999
2307007,04,Litoral Leste,2021,11,123736.69500000007
2300200,05,Litoral Norte,2021,11,2611631.8050000006
2302057,05,Litoral Norte,2021,11,57602.689999999944
2302305,05,Litoral Norte,2021,11,197825.67999999993
2302602,05,Litoral Norte,2021,11,1444917.8600000003
2303907,05,Litoral Norte,2021,11,42428.90000000002
2304251,05,Litoral Norte,2021,11,2286893.635
2304707,05,Litoral Norte,2021,11,4777551.635
2306553,05,Litoral Norte,2021,11,1426671.4900000002
2307254,05,Litoral Norte,2021,11,805522.9849999994
2307908,05,Litoral Norte,2021,11,121507.58499999996
2308906,05,Litoral Norte,2021,11,2111298.98
2300754,06,Litoral Oeste / Vale do Curu,2021,11,1576254.2599999998
2300903,06,Litoral Oeste / Vale do Curu,2021,11,70332.66500000001
2304608,06,Litoral Oeste / Vale do Curu,2021,11,117029.76000000001
2306108,06,Litoral Oeste / Vale do Curu,2021,11,1403818.375
2306306,06,Litoral Oeste / Vale do Curu,2021,11,1157895.5350000001
2306405,06,Litoral Oeste / Vale do Curu,2021,11,6715254.965
2308377,06,Litoral Oeste / Vale do Curu,2021,11,349844.56999999995
2310704,06,Litoral Oeste / Vale do Curu,2021,11,2751729.675
2313351,06,Litoral Oeste / Vale do Curu,2021,11,1668517.155
2313559,06,Litoral Oeste / Vale do Curu,2021,11,0.0
2313757,06,Litoral Oeste / Vale do Curu,2021,11,327392.45999999996
2313807,06,Litoral Oeste / Vale do Curu,2021,11,511176.4049999998
2300150,07,Maciço do Baturité,2021,11,245081.81
2301208,07,Maciço do Baturité,2021,11,1084259.305
2301406,07,Maciço do Baturité,2021,11,288944.87999999995
2301950,07,Maciço do Baturité,2021,11,448652.6299999999
2302909,07,Maciço do Baturité,2021,11,7638.440000000002
2305100,07,Maciço do Baturité,2021,11,0.0
2306504,07,Maciço do Baturité,2021,11,176403.28999999992
2309102,07,Maciço do Baturité,2021,11,551310.14
2309458,07,Maciço do Baturité,2021,11,83572.56000000006
2309805,07,Maciço do Baturité,2021,11,253230.81
2310100,07,Maciço do Baturité,2021,11,146919.32999999996
2311603,07,Maciço do Baturité,2021,11,1153213.9500000002
2303402,08,Serra da Ibiapaba,2021,11,339747.29500000016
2304236,08,Serra da Ibiapaba,2021,11,1108430.375
2305001,08,Serra da Ibiapaba,2021,11,1386747.2400000002
2305308,08,Serra da Ibiapaba,2021,11,182206.27500000002
2305803,08,Serra da Ibiapaba,2021,11,5279082.135
2312304,08,Serra da Ibiapaba,2021,11,1134692.745
2313401,08,Serra da Ibiapaba,2021,11,3736945.585000001
2313609,08,Serra da Ibiapaba,2021,11,1768340.6349999998
2314102,08,Serra da Ibiapaba,2021,11,0.0
2301851,09,Sertão Central,2021,11,769448.6049999997
2303931,09,Sertão Central,2021,11,44058.94999999995
2304269,09,Sertão Central,2021,11,12117.20000000007
2305266,09,Sertão Central,2021,11,394723.245
2305332,09,Sertão Central,2021,11,214036.15999999992
2308351,09,Sertão Central,2021,11,99236.88
2308500,09,Sertão Central,2021,11,839036.2050000001
2310506,09,Sertão Central,2021,11,868438.4700000002
2310902,09,Sertão Central,2021,11,317639.51500000013
2311306,09,Sertão Central,2021,11,807213.7350000001
2311405,09,Sertão Central,2021,11,4981999.355
2312700,09,Sertão Central,2021,11,425918.71499999985
2313005,09,Sertão Central,2021,11,2049431.21
2302404,10,Sertão de Canindé,2021,11,2187750.69
2302800,10,Sertão de Canindé,2021,11,1767521.3699999996
2303006,10,Sertão de Canindé,2021,11,45739.869999999995
2306603,10,Sertão de Canindé,2021,11,1256508.4799999995
2307635,10,Sertão de Canindé,2021,11,939040.6100000001
2310407,10,Sertão de Canindé,2021,11,9502.025000000001
2300507,11,Sertão de Sobral,2021,11,668652.615
2303105,11,Sertão de Sobral,2021,11,855580.4250000003
2304350,11,Sertão de Sobral,2021,11,672657.2649999999
2304509,11,Sertão de Sobral,2021,11,527108.0750000002
2304657,11,Sertão de Sobral,2021,11,957695.2050000001
2304905,11,Sertão de Sobral,2021,11,476314.5199999999
2308005,11,Sertão de Sobral,2021,11,297519.85000000003
2308203,11,Sertão de Sobral,2021,11,333539.27499999997
2309904,11,Sertão de Sobral,2021,11,512781.39
2310951,11,Sertão de Sobral,2021,11,412015.79000000004
2311702,11,Sertão de Sobral,2021,11,274700.11500000005
2312007,11,Sertão de Sobral,2021,11,548898.89
2312908,11,Sertão de Sobral,2021,11,3103657.6099999994
2303659,12,Sertão dos Crateús,2021,11,487444.04500000004
2304103,12,Sertão dos Crateús,2021,11,4919201.725
2305209,12,Sertão dos Crateús,2021,11,274660.04000000004
2305605,12,Sertão dos Crateús,2021,11,827684.0299999999
2305902,12,Sertão dos Crateús,2021,11,851722.9400000001
2308609,12,Sertão dos Crateús,2021,11,285675.92500000005
2309300,12,Sertão dos Crateús,2021,11,1572373.7599999998
2309409,12,Sertão dos Crateús,2021,11,630688.7199999997
2312205,12,Sertão dos Crateús,2021,11,592733.6250000001
2313203,12,Sertão dos Crateús,2021,11,1414921.12
2300408,13,Sertão dos Inhamuns,2021,11,18081.89000000013
2313302,13,Sertão dos Inhamuns,2021,11,785017.9100000001
2300705,14,Vale do Jaguaribe,2021,11,1225303.19
2306009,14,Vale do Jaguaribe,2021,11,870114.9450000001
2306702,14,Vale do Jaguaribe,2021,11,1741868.5950000007
2306801,14,Vale do Jaguaribe,2021,11,82586.57000000007
2307601,14,Vale do Jaguaribe,2021,11,6025145.24
2308708,14,Vale do Jaguaribe,2021,11,4524872.045
2310001,14,Vale do Jaguaribe,2021,11,173427.27500000002
2311231,14,Vale do Jaguaribe,2021,11,473620.66
2311504,14,Vale do Jaguaribe,2021,11,2112136.3600000003
2311801,14,Vale do Jaguaribe,2021,11,2995548.385
2312502,14,Vale do Jaguaribe,2021,11,265443.075
2313104,14,Vale do Jaguaribe,2021,11,1488579.98
2300101,01,Cariri,2021,12,0.0
2300606,01,Cariri,2021,12,1156226.0899999999
2300804,01,Cariri,2021,12,26192.444999999992
2301307,01,Cariri,2021,12,32480.79999999999
2301703,01,Cariri,2021,12,1712064.625
2301901,01,Cariri,2021,12,668777.5350000001
2302008,01,Cariri,2021,12,7538.625
2302503,01,Cariri,2021,12,10962357.725000001
2302701,01,Cariri,2021,12,956593.5700000001
2303204,01,Cariri,2021,12,950961.685
2304202,01,Cariri,2021,12,0.0
2304301,01,Cariri,2021,12,1050455.4300000002
2304806,01,Cariri,2021,12,411433.6299999999
2307106,01,Cariri,2021,12,461590.03
2307205,01,Cariri,2021,12,177752.46500000008
2307304,01,Cariri,2021,12,3437196.6849999987
2307502,01,Cariri,2021,12,1952666.32
2308104,01,Cariri,2021,12,811039.6849999999
2308302,01,Cariri,2021,12,75598.01000000001
2308401,01,Cariri,2021,12,0.0
2309201,01,Cariri,2021,12,129784.5
2310605,01,Cariri,2021,12,0.0
2311108,01,Cariri,2021,12,1983185.545
2311959,01,Cariri,2021,12,1315.0
2312106,01,Cariri,2021,12,182626.8849999999
2313252,01,Cariri,2021,12,93536.26000000001
2314003,01,Cariri,2021,12,1509470.6100000003
2300309,02,Centro Sul,2021,12,946254.1600000001
2301802,02,Centro Sul,2021,12,1050.0
2303600,02,Centro Sul,2021,12,36214.625
2303808,02,Centro Sul,2021,12,1594357.52
2305407,02,Centro Sul,2021,12,1184254.7700000005
2305506,02,Centro Sul,2021,12,964853.8899999997
2305704,02,Centro Sul,2021,12,628199.8600000001
2307403,02,Centro Sul,2021,12,784371.2699999998
2311355,02,Centro Sul,2021,12,948699.1100000001
2311900,02,Centro Sul,2021,12,279692.70999999996
2313708,02,Centro Sul,2021,12,326537.66000000003
2301000,03,Grande Fortaleza,2021,12,2413512.3899999987
2303501,03,Grande Fortaleza,2021,12,4386263.45
2303709,03,Grande Fortaleza,2021,12,12191578.04500001
2303956,03,Grande Fortaleza,2021,12,1528818.44
2304285,03,Grande Fortaleza,2021,12,4816101.595000001
2304400,03,Grande Fortaleza,2021,12,128989892.81
2304954,03,Grande Fortaleza,2021,12,1689422.9250000003
2305233,03,Grande Fortaleza,2021,12,3901950.6049999995
2306256,03,Grande Fortaleza,2021,12,3926768.13
2307650,03,Grande Fortaleza,2021,12,54533.810000002384
2307700,03,Grande Fortaleza,2021,12,4821727.855
2309607,03,Grande Fortaleza,2021,12,295094.27499999944
2309706,03,Grande Fortaleza,2021,12,9143179.3
2310209,03,Grande Fortaleza,2021,12,812272.6499999999
2310258,03,Grande Fortaleza,2021,12,5676685.34
2310852,03,Grande Fortaleza,2021,12,1389161.5799999998
2312403,03,Grande Fortaleza,2021,12,3504483.8499999996
2312601,03,Grande Fortaleza,2021,12,409203.885
2313500,03,Grande Fortaleza,2021,12,3918518.0200000005
2301109,04,Litoral Leste,2021,12,6005132.42
2302206,04,Litoral Leste,2021,12,1157432.45
2304459,04,Litoral Leste,2021,12,397743.5099999998
2305357,04,Litoral Leste,2021,12,1960906.129999999
2306207,04,Litoral Leste,2021,12,42222.42499999999
2307007,04,Litoral Leste,2021,12,123736.69500000007
2300200,05,Litoral Norte,2021,12,2611631.8050000006
2302057,05,Litoral Norte,2021,12,57602.689999999944
2302305,05,Litoral Norte,2021,12,197825.67999999993
2302602,05,Litoral Norte,2021,12,1444917.8600000003
2303907,05,Litoral Norte,2021,12,42428.90000000002
2304251,05,Litoral Norte,2021,12,2286893.635
2304707,05,Litoral Norte,2021,12,4777551.635
2306553,05,Litoral Norte,2021,12,1426671.4900000002
2307254,05,Litoral Norte,2021,12,805522.9849999994
2307908,05,Litoral Norte,2021,12,121507.58499999996
2308906,05,Litoral Norte,2021,12,2111298.98
2300754,06,Litoral Oeste / Vale do Curu,2021,12,1576254.2599999998
2300903,06,Litoral Oeste / Vale do Curu,2021,12,70332.66500000001
2304608,06,Litoral Oeste / Vale do Curu,2021,12,117029.76000000001
2306108,06,Litoral Oeste / Vale do Curu,2021,12,1403818.375
2306306,06,Litoral Oeste / Vale do Curu,2021,12,1157895.5350000001
2306405,06,Litoral Oeste / Vale do Curu,2021,12,6715254.965
2308377,06,Litoral Oeste / Vale do Curu,2021,12,349844.56999999995
2310704,06,Litoral Oeste / Vale do Curu,2021,12,2751729.675
2313351,06,Litoral Oeste / Vale do Curu,2021,12,1668517.155
2313559,06,Litoral Oeste / Vale do Curu,2021,12,0.0
2313757,06,Litoral Oeste / Vale do Curu,2021,12,327392.45999999996
2313807,06,Litoral Oeste / Vale do Curu,2021,12,511176.4049999998
2300150,07,Maciço do Baturité,2021,12,245081.81
2301208,07,Maciço do Baturité,2021,12,1084259.305
2301406,07,Maciço do Baturité,2021,12,288944.87999999995
2301950,07,Maciço do Baturité,2021,12,448652.6299999999
2302909,07,Maciço do Baturité,2021,12,7638.440000000002
2305100,07,Maciço do Baturité,2021,12,0.0
2306504,07,Maciço do Baturité,2021,12,176403.28999999992
2309102,07,Maciço do Baturité,2021,12,551310.14
2309458,07,Maciço do Baturité,2021,12,83572.56000000006
2309805,07,Maciço do Baturité,2021,12,253230.81
2310100,07,Maciço do Baturité,2021,12,146919.32999999996
2311603,07,Maciço do Baturité,2021,12,1153213.9500000002
2303402,08,Serra da Ibiapaba,2021,12,339747.29500000016
2304236,08,Serra da Ibiapaba,2021,12,1108430.375
2305001,08,Serra da Ibiapaba,2021,12,1386747.2400000002
2305308,08,Serra da Ibiapaba,2021,12,182206.27500000002
2305803,08,Serra da Ibiapaba,2021,12,5279082.135
2312304,08,Serra da Ibiapaba,2021,12,1134692.745
2313401,08,Serra da Ibiapaba,2021,12,3736945.585000001
2313609,08,Serra da Ibiapaba,2021,12,1768340.6349999998
2314102,08,Serra da Ibiapaba,2021,12,0.0
2301851,09,Sertão Central,2021,12,769448.6049999997
2303931,09,Sertão Central,2021,12,44058.94999999995
2304269,09,Sertão Central,2021,12,12117.20000000007
2305266,09,Sertão Central,2021,12,394723.245
2305332,09,Sertão Central,2021,12,214036.15999999992
2308351,09,Sertão Central,2021,12,99236.88
2308500,09,Sertão Central,2021,12,839036.2050000001
2310506,09,Sertão Central,2021,12,868438.4700000002
2310902,09,Sertão Central,2021,12,317639.51500000013
2311306,09,Sertão Central,2021,12,807213.7350000001
2311405,09,Sertão Central,2021,12,4981999.355
2312700,09,Sertão Central,2021,12,425918.71499999985
2313005,09,Sertão Central,2021,12,2049431.21
2302404,10,Sertão de Canindé,2021,12,2187750.69
2302800,10,Sertão de Canindé,2021,12,1767521.3699999996
2303006,10,Sertão de Canindé,2021,12,45739.869999999995
2306603,10,Sertão de Canindé,2021,12,1256508.4799999995
2307635,10,Sertão de Canindé,2021,12,939040.6100000001
2310407,10,Sertão de Canindé,2021,12,9502.025000000001
2300507,11,Sertão de Sobral,2021,12,668652.615
2303105,11,Sertão de Sobral,2021,12,855580.4250000003
2304350,11,Sertão de Sobral,2021,12,672657.2649999999
2304509,11,Sertão de Sobral,2021,12,527108.0750000002
2304657,11,Sertão de Sobral,2021,12,957695.2050000001
2304905,11,Sertão de Sobral,2021,12,476314.5199999999
2308005,11,Sertão de Sobral,2021,12,297519.85000000003
2308203,11,Sertão de Sobral,2021,12,333539.27499999997
2309904,11,Sertão de Sobral,2021,12,512781.39
2310951,11,Sertão de Sobral,2021,12,412015.79000000004
2311702,11,Sertão de Sobral,2021,12,274700.11500000005
2312007,11,Sertão de Sobral,2021,12,548898.89
2312908,11,Sertão de Sobral,2021,12,3103657.6099999994
2303659,12,Sertão dos Crateús,2021,12,487444.04500000004
2304103,12,Sertão dos Crateús,2021,12,4919201.725
2305209,12,Sertão dos Crateús,2021,12,274660.04000000004
2305605,12,Sertão dos Crateús,2021,12,827684.0299999999
2305902,12,Sertão dos Crateús,2021,12,851722.9400000001
2308609,12,Sertão dos Crateús,2021,12,285675.92500000005
2309300,12,Sertão dos Crateús,2021,12,1572373.7599999998
2309409,12,Sertão dos Crateús,2021,12,630688.7199999997
2312205,12,Sertão dos Crateús,2021,12,592733.6250000001
2313203,12,Sertão dos Crateús,2021,12,1414921.12
2300408,13,Sertão dos Inhamuns,2021,12,18081.89000000013
2313302,13,Sertão dos Inhamuns,2021,12,785017.9100000001
2300705,14,Vale do Jaguaribe,2021,12,1225303.19
2306009,14,Vale do Jaguaribe,2021,12,870114.9450000001
2306702,14,Vale do Jaguaribe,2021,12,1741868.5950000007
2306801,14,Vale do Jaguaribe,2021,12,82586.57000000007
2307601,14,Vale do Jaguaribe,2021,12,6025145.24
2308708,14,Vale do Jaguaribe,2021,12,4524872.045
2310001,14,Vale do Jaguaribe,2021,12,173427.27500000002
2311231,14,Vale do Jaguaribe,2021,12,473620.66
2311504,14,Vale do Jaguaribe,2021,12,2112136.3600000003
2311801,14,Vale do Jaguaribe,2021,12,2995548.385
2312502,14,Vale do Jaguaribe,2021,12,265443.075
2313104,14,Vale do Jaguaribe,2021,12,1488579.98
2300101,01,Cariri,2022,1,311526.455
2300606,01,Cariri,2022,1,251908.845
2300804,01,Cariri,2022,1,16096.945
2301307,01,Cariri,2022,1,396177.335
2301604,01,Cariri,2022,1,1172251.615
2301703,01,Cariri,2022,1,479054.415
2301901,01,Cariri,2022,1,1107860.25
2302008,01,Cariri,2022,1,32421.715
2302503,01,Cariri,2022,1,495325.88
2302701,01,Cariri,2022,1,259919.35
2303204,01,Cariri,2022,1,327667.35
2304202,01,Cariri,2022,1,5634464.055
2304301,01,Cariri,2022,1,636588.65
2304806,01,Cariri,2022,1,869167.56
2307106,01,Cariri,2022,1,725130.385
2307205,01,Cariri,2022,1,21289.08
2307304,01,Cariri,2022,1,4928036.84
2307502,01,Cariri,2022,1,465858.68
2308104,01,Cariri,2022,1,445219.965
2308302,01,Cariri,2022,1,50715.855
2308401,01,Cariri,2022,1,492769.34
2309201,01,Cariri,2022,1,192110.16
2310605,01,Cariri,2022,1,211790.005
2311108,01,Cariri,2022,1,1654102.185
2311207,01,Cariri,2022,1,122926.065
2311959,01,Cariri,2022,1,263972.275
2313252,01,Cariri,2022,1,377012.91
2314003,01,Cariri,2022,1,1099065.245
2300309,02,Centro Sul,2022,1,350229.025
2301802,02,Centro Sul,2022,1,288652.925
2303600,02,Centro Sul,2022,1,207084.2
2303808,02,Centro Sul,2022,1,128781.7
2305407,02,Centro Sul,2022,1,290957.5
2305506,02,Centro Sul,2022,1,1995108.95
2305704,02,Centro Sul,2022,1,447400.525
2307403,02,Centro Sul,2022,1,954733.64
2309508,02,Centro Sul,2022,1,376450.415
2311355,02,Centro Sul,2022,1,689321.945
2311900,02,Centro Sul,2022,1,146536.75
2313708,02,Centro Sul,2022,1,42873.4
2301000,03,Grande Fortaleza,2022,1,1639818.64
2303501,03,Grande Fortaleza,2022,1,837482.625
2303709,03,Grande Fortaleza,2022,1,9389755.66
2303956,03,Grande Fortaleza,2022,1,614760.665
2304285,03,Grande Fortaleza,2022,1,5292547.36
2304400,03,Grande Fortaleza,2022,1,9748272.1
2304954,03,Grande Fortaleza,2022,1,668642.27
2305233,03,Grande Fortaleza,2022,1,5538796.995
2306256,03,Grande Fortaleza,2022,1,514184.07
2307650,03,Grande Fortaleza,2022,1,33615694.16
2307700,03,Grande Fortaleza,2022,1,573485.64
2309607,03,Grande Fortaleza,2022,1,2167613.83
2309706,03,Grande Fortaleza,2022,1,2975285.105
2310209,03,Grande Fortaleza,2022,1,1147506.055
2310258,03,Grande Fortaleza,2022,1,565429.0
2310852,03,Grande Fortaleza,2022,1,190717.19
2312403,03,Grande Fortaleza,2022,1,4415197.785
2312601,03,Grande Fortaleza,2022,1,70889.81
2313500,03,Grande Fortaleza,2022,1,294497.925
2301109,04,Litoral Leste,2022,1,14224089.51
2302206,04,Litoral Leste,2022,1,208336.685
2304459,04,Litoral Leste,2022,1,456070.26
2305357,04,Litoral Leste,2022,1,2518521.48
2306207,04,Litoral Leste,2022,1,272840.87
2307007,04,Litoral Leste,2022,1,117057.17
2300200,05,Litoral Norte,2022,1,988132.675
2302057,05,Litoral Norte,2022,1,194252.525
2302305,05,Litoral Norte,2022,1,501345.29
2302602,05,Litoral Norte,2022,1,1833600.55
2303907,05,Litoral Norte,2022,1,179519.615
2304251,05,Litoral Norte,2022,1,1386736.42
2304707,05,Litoral Norte,2022,1,2969110.31
2306553,05,Litoral Norte,2022,1,2740912.775
2307254,05,Litoral Norte,2022,1,1811364.33
2307809,05,Litoral Norte,2022,1,889488.495
2307908,05,Litoral Norte,2022,1,275784.995
2308906,05,Litoral Norte,2022,1,389481.77
2300754,06,Litoral Oeste / Vale do Curu,2022,1,2151895.565
2300903,06,Litoral Oeste / Vale do Curu,2022,1,368674.83
2304608,06,Litoral Oeste / Vale do Curu,2022,1,168755.255
2306108,06,Litoral Oeste / Vale do Curu,2022,1,1513609.725
2306306,06,Litoral Oeste / Vale do Curu,2022,1,1747223.555
2306405,06,Litoral Oeste / Vale do Curu,2022,1,6074130.065
2308377,06,Litoral Oeste / Vale do Curu,2022,1,390308.84
2310704,06,Litoral Oeste / Vale do Curu,2022,1,2246088.97
2313351,06,Litoral Oeste / Vale do Curu,2022,1,1167632.59
2313559,06,Litoral Oeste / Vale do Curu,2022,1,6995.0
2313757,06,Litoral Oeste / Vale do Curu,2022,1,1019103.5
2313807,06,Litoral Oeste / Vale do Curu,2022,1,441230.89
2301208,07,Maciço do Baturité,2022,1,446327.465
2301406,07,Maciço do Baturité,2022,1,228856.49
2301950,07,Maciço do Baturité,2022,1,397488.15
2302909,07,Maciço do Baturité,2022,1,269161.95
2305100,07,Maciço do Baturité,2022,1,18154.99
2306504,07,Maciço do Baturité,2022,1,68141.67
2309102,07,Maciço do Baturité,2022,1,180193.37
2309458,07,Maciço do Baturité,2022,1,647875.725
2309805,07,Maciço do Baturité,2022,1,240605.7
2310100,07,Maciço do Baturité,2022,1,386750.865
2311603,07,Maciço do Baturité,2022,1,629293.08
2303402,08,Serra da Ibiapaba,2022,1,252270.0
2304236,08,Serra da Ibiapaba,2022,1,719543.02
2305001,08,Serra da Ibiapaba,2022,1,929126.25
2305308,08,Serra da Ibiapaba,2022,1,1639840.29
2305803,08,Serra da Ibiapaba,2022,1,2201669.135
2312304,08,Serra da Ibiapaba,2022,1,1887370.34
2313401,08,Serra da Ibiapaba,2022,1,1919111.32
2313609,08,Serra da Ibiapaba,2022,1,262683.14
2314102,08,Serra da Ibiapaba,2022,1,588896.64
2301851,09,Sertão Central,2022,1,215920.825
2303931,09,Sertão Central,2022,1,192384.48
2304269,09,Sertão Central,2022,1,357939.665
2305266,09,Sertão Central,2022,1,249380.71
2305332,09,Sertão Central,2022,1,657299.07
2308351,09,Sertão Central,2022,1,822749.31
2308500,09,Sertão Central,2022,1,760949.215
2310506,09,Sertão Central,2022,1,203145.28
2310902,09,Sertão Central,2022,1,281347.05
2311306,09,Sertão Central,2022,1,833510.14
2311405,09,Sertão Central,2022,1,1248817.83
2312700,09,Sertão Central,2022,1,1217468.59
2313005,09,Sertão Central,2022,1,67492.125
2302404,10,Sertão de Canindé,2022,1,1063573.795
2302800,10,Sertão de Canindé,2022,1,975791.34
2303006,10,Sertão de Canindé,2022,1,184457.555
2306603,10,Sertão de Canindé,2022,1,1466107.43
2307635,10,Sertão de Canindé,2022,1,259369.88
2310407,10,Sertão de Canindé,2022,1,41129.25
2300507,11,Sertão de Sobral,2022,1,38040.21
2304350,11,Sertão de Sobral,2022,1,503288.41
2304509,11,Sertão de Sobral,2022,1,254577.615
2304657,11,Sertão de Sobral,2022,1,121292.595
2304905,11,Sertão de Sobral,2022,1,187472.66
2308005,11,Sertão de Sobral,2022,1,453074.94
2308203,11,Sertão de Sobral,2022,1,302748.74
2309904,11,Sertão de Sobral,2022,1,230405.355
2310951,11,Sertão de Sobral,2022,1,371644.415
2312007,11,Sertão de Sobral,2022,1,31181.435
2312908,11,Sertão de Sobral,2022,1,10376901.945
2303659,12,Sertão dos Crateús,2022,1,101798.205
2304103,12,Sertão dos Crateús,2022,1,63047.805
2305209,12,Sertão dos Crateús,2022,1,366912.42
2305902,12,Sertão dos Crateús,2022,1,1145731.895
2308609,12,Sertão dos Crateús,2022,1,293839.68
2309300,12,Sertão dos Crateús,2022,1,4885880.47
2309409,12,Sertão dos Crateús,2022,1,1916666.325
2312205,12,Sertão dos Crateús,2022,1,1379283.16
2313203,12,Sertão dos Crateús,2022,1,1468414.155
2300408,13,Sertão dos Inhamuns,2022,1,485102.27
2313302,13,Sertão dos Inhamuns,2022,1,1813800.525
2300705,14,Vale do Jaguaribe,2022,1,1427887.53
2304277,14,Vale do Jaguaribe,2022,1,30102.5
2306009,14,Vale do Jaguaribe,2022,1,751968.47
2306702,14,Vale do Jaguaribe,2022,1,1559919.195
2306801,14,Vale do Jaguaribe,2022,1,984946.76
2307601,14,Vale do Jaguaribe,2022,1,2089568.755
2308708,14,Vale do Jaguaribe,2022,1,2136918.465
2310001,14,Vale do Jaguaribe,2022,1,97241.17
2311231,14,Vale do Jaguaribe,2022,1,316243.035
2311504,14,Vale do Jaguaribe,2022,1,19993.705
2311801,14,Vale do Jaguaribe,2022,1,561593.1
2312502,14,Vale do Jaguaribe,2022,1,255947.66
2313104,14,Vale do Jaguaribe,2022,1,680084.125
2300101,01,Cariri,2022,2,311526.455
2300606,01,Cariri,2022,2,251908.845
2300804,01,Cariri,2022,2,16096.945
2301307,01,Cariri,2022,2,396177.335
2301604,01,Cariri,2022,2,1172251.615
2301703,01,Cariri,2022,2,479054.415
2301901,01,Cariri,2022,2,1107860.25
2302008,01,Cariri,2022,2,32421.715
2302503,01,Cariri,2022,2,495325.88
2302701,01,Cariri,2022,2,259919.35
2303204,01,Cariri,2022,2,327667.35
2304202,01,Cariri,2022,2,5634464.055
2304301,01,Cariri,2022,2,636588.65
2304806,01,Cariri,2022,2,869167.56
2307106,01,Cariri,2022,2,725130.385
2307205,01,Cariri,2022,2,21289.08
2307304,01,Cariri,2022,2,4928036.84
2307502,01,Cariri,2022,2,465858.68
2308104,01,Cariri,2022,2,445219.965
2308302,01,Cariri,2022,2,50715.855
2308401,01,Cariri,2022,2,492769.34
2309201,01,Cariri,2022,2,192110.16
2310605,01,Cariri,2022,2,211790.005
2311108,01,Cariri,2022,2,1654102.185
2311207,01,Cariri,2022,2,122926.065
2311959,01,Cariri,2022,2,263972.275
2313252,01,Cariri,2022,2,377012.91
2314003,01,Cariri,2022,2,1099065.245
2300309,02,Centro Sul,2022,2,350229.025
2301802,02,Centro Sul,2022,2,288652.925
2303600,02,Centro Sul,2022,2,207084.2
2303808,02,Centro Sul,2022,2,128781.7
2305407,02,Centro Sul,2022,2,290957.5
2305506,02,Centro Sul,2022,2,1995108.95
2305704,02,Centro Sul,2022,2,447400.525
2307403,02,Centro Sul,2022,2,954733.64
2309508,02,Centro Sul,2022,2,376450.415
2311355,02,Centro Sul,2022,2,689321.945
2311900,02,Centro Sul,2022,2,146536.75
2313708,02,Centro Sul,2022,2,42873.4
2301000,03,Grande Fortaleza,2022,2,1639818.64
2303501,03,Grande Fortaleza,2022,2,837482.625
2303709,03,Grande Fortaleza,2022,2,9389755.66
2303956,03,Grande Fortaleza,2022,2,614760.665
2304285,03,Grande Fortaleza,2022,2,5292547.36
2304400,03,Grande Fortaleza,2022,2,9748272.1
2304954,03,Grande Fortaleza,2022,2,668642.27
2305233,03,Grande Fortaleza,2022,2,5538796.995
2306256,03,Grande Fortaleza,2022,2,514184.07
2307650,03,Grande Fortaleza,2022,2,33615694.16
2307700,03,Grande Fortaleza,2022,2,573485.64
2309607,03,Grande Fortaleza,2022,2,2167613.83
2309706,03,Grande Fortaleza,2022,2,2975285.105
2310209,03,Grande Fortaleza,2022,2,1147506.055
2310258,03,Grande Fortaleza,2022,2,565429.0
2310852,03,Grande Fortaleza,2022,2,190717.19
2312403,03,Grande Fortaleza,2022,2,4415197.785
2312601,03,Grande Fortaleza,2022,2,70889.81
2313500,03,Grande Fortaleza,2022,2,294497.925
2301109,04,Litoral Leste,2022,2,14224089.51
2302206,04,Litoral Leste,2022,2,208336.685
2304459,04,Litoral Leste,2022,2,456070.26
2305357,04,Litoral Leste,2022,2,2518521.48
2306207,04,Litoral Leste,2022,2,272840.87
2307007,04,Litoral Leste,2022,2,117057.17
2300200,05,Litoral Norte,2022,2,988132.675
2302057,05,Litoral Norte,2022,2,194252.525
2302305,05,Litoral Norte,2022,2,501345.29
2302602,05,Litoral Norte,2022,2,1833600.55
2303907,05,Litoral Norte,2022,2,179519.615
2304251,05,Litoral Norte,2022,2,1386736.42
2304707,05,Litoral Norte,2022,2,2969110.31
2306553,05,Litoral Norte,2022,2,2740912.775
2307254,05,Litoral Norte,2022,2,1811364.33
2307809,05,Litoral Norte,2022,2,889488.495
2307908,05,Litoral Norte,2022,2,275784.995
2308906,05,Litoral Norte,2022,2,389481.77
2300754,06,Litoral Oeste / Vale do Curu,2022,2,2151895.565
2300903,06,Litoral Oeste / Vale do Curu,2022,2,368674.83
2304608,06,Litoral Oeste / Vale do Curu,2022,2,168755.255
2306108,06,Litoral Oeste / Vale do Curu,2022,2,1513609.725
2306306,06,Litoral Oeste / Vale do Curu,2022,2,1747223.555
2306405,06,Litoral Oeste / Vale do Curu,2022,2,6074130.065
2308377,06,Litoral Oeste / Vale do Curu,2022,2,390308.84
2310704,06,Litoral Oeste / Vale do Curu,2022,2,2246088.97
2313351,06,Litoral Oeste / Vale do Curu,2022,2,1167632.59
2313559,06,Litoral Oeste / Vale do Curu,2022,2,6995.0
2313757,06,Litoral Oeste / Vale do Curu,2022,2,1019103.5
2313807,06,Litoral Oeste / Vale do Curu,2022,2,441230.89
2301208,07,Maciço do Baturité,2022,2,446327.465
2301406,07,Maciço do Baturité,2022,2,228856.49
2301950,07,Maciço do Baturité,2022,2,397488.15
2302909,07,Maciço do Baturité,2022,2,269161.95
2305100,07,Maciço do Baturité,2022,2,18154.99
2306504,07,Maciço do Baturité,2022,2,68141.67
2309102,07,Maciço do Baturité,2022,2,180193.37
2309458,07,Maciço do Baturité,2022,2,647875.725
2309805,07,Maciço do Baturité,2022,2,240605.7
2310100,07,Maciço do Baturité,2022,2,386750.865
2311603,07,Maciço do Baturité,2022,2,629293.08
2303402,08,Serra da Ibiapaba,2022,2,252270.0
2304236,08,Serra da Ibiapaba,2022,2,719543.02
2305001,08,Serra da Ibiapaba,2022,2,929126.25
2305308,08,Serra da Ibiapaba,2022,2,1639840.29
2305803,08,Serra da Ibiapaba,2022,2,2201669.135
2312304,08,Serra da Ibiapaba,2022,2,1887370.34
2313401,08,Serra da Ibiapaba,2022,2,1919111.32
2313609,08,Serra da Ibiapaba,2022,2,262683.14
2314102,08,Serra da Ibiapaba,2022,2,588896.64
2301851,09,Sertão Central,2022,2,215920.825
2303931,09,Sertão Central,2022,2,192384.48
2304269,09,Sertão Central,2022,2,357939.665
2305266,09,Sertão Central,2022,2,249380.71
2305332,09,Sertão Central,2022,2,657299.07
2308351,09,Sertão Central,2022,2,822749.31
2308500,09,Sertão Central,2022,2,760949.215
2310506,09,Sertão Central,2022,2,203145.28
2310902,09,Sertão Central,2022,2,281347.05
2311306,09,Sertão Central,2022,2,833510.14
2311405,09,Sertão Central,2022,2,1248817.83
2312700,09,Sertão Central,2022,2,1217468.59
2313005,09,Sertão Central,2022,2,67492.125
2302404,10,Sertão de Canindé,2022,2,1063573.795
2302800,10,Sertão de Canindé,2022,2,975791.34
2303006,10,Sertão de Canindé,2022,2,184457.555
2306603,10,Sertão de Canindé,2022,2,1466107.43
2307635,10,Sertão de Canindé,2022,2,259369.88
2310407,10,Sertão de Canindé,2022,2,41129.25
2300507,11,Sertão de Sobral,2022,2,38040.21
2304350,11,Sertão de Sobral,2022,2,503288.41
2304509,11,Sertão de Sobral,2022,2,254577.615
2304657,11,Sertão de Sobral,2022,2,121292.595
2304905,11,Sertão de Sobral,2022,2,187472.66
2308005,11,Sertão de Sobral,2022,2,453074.94
2308203,11,Sertão de Sobral,2022,2,302748.74
2309904,11,Sertão de Sobral,2022,2,230405.355
2310951,11,Sertão de Sobral,2022,2,371644.415
2312007,11,Sertão de Sobral,2022,2,31181.435
2312908,11,Sertão de Sobral,2022,2,10376901.945
2303659,12,Sertão dos Crateús,2022,2,101798.205
2304103,12,Sertão dos Crateús,2022,2,63047.805
2305209,12,Sertão dos Crateús,2022,2,366912.42
2305902,12,Sertão dos Crateús,2022,2,1145731.895
2308609,12,Sertão dos Crateús,2022,2,293839.68
2309300,12,Sertão dos Crateús,2022,2,4885880.47
2309409,12,Sertão dos Crateús,2022,2,1916666.325
2312205,12,Sertão dos Crateús,2022,2,1379283.16
2313203,12,Sertão dos Crateús,2022,2,1468414.155
2300408,13,Sertão dos Inhamuns,2022,2,485102.27
2313302,13,Sertão dos Inhamuns,2022,2,1813800.525
2300705,14,Vale do Jaguaribe,2022,2,1427887.53
2304277,14,Vale do Jaguaribe,2022,2,30102.5
2306009,14,Vale do Jaguaribe,2022,2,751968.47
2306702,14,Vale do Jaguaribe,2022,2,1559919.195
2306801,14,Vale do Jaguaribe,2022,2,984946.76
2307601,14,Vale do Jaguaribe,2022,2,2089568.755
2308708,14,Vale do Jaguaribe,2022,2,2136918.465
2310001,14,Vale do Jaguaribe,2022,2,97241.17
2311231,14,Vale do Jaguaribe,2022,2,316243.035
2311504,14,Vale do Jaguaribe,2022,2,19993.705
2311801,14,Vale do Jaguaribe,2022,2,561593.1
2312502,14,Vale do Jaguaribe,2022,2,255947.66
2313104,14,Vale do Jaguaribe,2022,2,680084.125
2300101,01,Cariri,2022,3,64782.859999999986
2300606,01,Cariri,2022,3,182532.49000000002
2300804,01,Cariri,2022,3,34515.055
2301307,01,Cariri,2022,3,254781.74999999994
2301604,01,Cariri,2022,3,942097.8800000001
2301703,01,Cariri,2022,3,629390.45
2301901,01,Cariri,2022,3,816730.2150000001
2302008,01,Cariri,2022,3,13161.999999999996
2302503,01,Cariri,2022,3,2862526.0
2302701,01,Cariri,2022,3,449192.265
2303204,01,Cariri,2022,3,212976.365
2304202,01,Cariri,2022,3,6030726.725
2304301,01,Cariri,2022,3,298899.30499999993
2304806,01,Cariri,2022,3,428757.17999999993
2307106,01,Cariri,2022,3,856601.8200000001
2307205,01,Cariri,2022,3,240273.14500000002
2307304,01,Cariri,2022,3,3191423.2199999997
2307502,01,Cariri,2022,3,591698.5350000001
2308104,01,Cariri,2022,3,193941.04499999998
2308302,01,Cariri,2022,3,24686.249999999993
2308401,01,Cariri,2022,3,89718.62499999994
2309201,01,Cariri,2022,3,399912.2799999999
2310605,01,Cariri,2022,3,160525.87
2311108,01,Cariri,2022,3,271326.7449999999
2311207,01,Cariri,2022,3,34572.715
2311959,01,Cariri,2022,3,358534.365
2313252,01,Cariri,2022,3,43138.35500000004
2314003,01,Cariri,2022,3,1511602.6549999998
2300309,02,Centro Sul,2022,3,991281.285
2301802,02,Centro Sul,2022,3,67717.945
2303600,02,Centro Sul,2022,3,96672.48999999999
2303808,02,Centro Sul,2022,3,806443.53
2305407,02,Centro Sul,2022,3,517897.05500000005
2305506,02,Centro Sul,2022,3,1323881.965
2305704,02,Centro Sul,2022,3,149963.255
2307403,02,Centro Sul,2022,3,550767.4999999999
2309508,02,Centro Sul,2022,3,1057308.7
2311355,02,Centro Sul,2022,3,869351.215
2311900,02,Centro Sul,2022,3,1095374.305
2313708,02,Centro Sul,2022,3,266322.01999999996
2301000,03,Grande Fortaleza,2022,3,7179221.325
2303501,03,Grande Fortaleza,2022,3,1012850.9099999999
2303709,03,Grande Fortaleza,2022,3,8160729.375
2303956,03,Grande Fortaleza,2022,3,745551.71
2304285,03,Grande Fortaleza,2022,3,5833941.239999999
2304400,03,Grande Fortaleza,2022,3,149898245.66
2304954,03,Grande Fortaleza,2022,3,1020159.6099999999
2305233,03,Grande Fortaleza,2022,3,2682890.3600000003
2306256,03,Grande Fortaleza,2022,3,1538893.145
2307650,03,Grande Fortaleza,2022,3,6373812.295000002
2307700,03,Grande Fortaleza,2022,3,306741.895
2309607,03,Grande Fortaleza,2022,3,3212780.465
2309706,03,Grande Fortaleza,2022,3,2085812.1800000002
2310209,03,Grande Fortaleza,2022,3,276073.76
2310258,03,Grande Fortaleza,2022,3,1950802.4649999999
2310852,03,Grande Fortaleza,2022,3,151400.89
2312403,03,Grande Fortaleza,2022,3,3010349.6550000003
2312601,03,Grande Fortaleza,2022,3,306234.28
2313500,03,Grande Fortaleza,2022,3,2070136.3150000002
2301109,04,Litoral Leste,2022,3,6786183.750000002
2302206,04,Litoral Leste,2022,3,734925.365
2304459,04,Litoral Leste,2022,3,593351.7549999999
2305357,04,Litoral Leste,2022,3,2947343.43
2306207,04,Litoral Leste,2022,3,43340.28999999998
2307007,04,Litoral Leste,2022,3,107973.84999999999
2300200,05,Litoral Norte,2022,3,2111382.76
2302057,05,Litoral Norte,2022,3,351984.4199999999
2302305,05,Litoral Norte,2022,3,228314.33500000002
2302602,05,Litoral Norte,2022,3,1170703.0599999998
2303907,05,Litoral Norte,2022,3,291977.07
2304251,05,Litoral Norte,2022,3,2473473.5500000003
2304707,05,Litoral Norte,2022,3,3716149.645
2306553,05,Litoral Norte,2022,3,2455845.935
2307254,05,Litoral Norte,2022,3,890146.645
2307809,05,Litoral Norte,2022,3,1125240.3399999999
2307908,05,Litoral Norte,2022,3,515746.18500000006
2308906,05,Litoral Norte,2022,3,498859.80999999994
2300754,06,Litoral Oeste / Vale do Curu,2022,3,1158407.1600000001
2300903,06,Litoral Oeste / Vale do Curu,2022,3,194365.565
2304608,06,Litoral Oeste / Vale do Curu,2022,3,313456.18
2306108,06,Litoral Oeste / Vale do Curu,2022,3,1075081.9849999999
2306306,06,Litoral Oeste / Vale do Curu,2022,3,209353.17000000016
2306405,06,Litoral Oeste / Vale do Curu,2022,3,4509490.595
2308377,06,Litoral Oeste / Vale do Curu,2022,3,340155.315
2310704,06,Litoral Oeste / Vale do Curu,2022,3,1252487.005
2313351,06,Litoral Oeste / Vale do Curu,2022,3,608181.2899999998
2313559,06,Litoral Oeste / Vale do Curu,2022,3,201947.5
2313757,06,Litoral Oeste / Vale do Curu,2022,3,655768.5249999999
2313807,06,Litoral Oeste / Vale do Curu,2022,3,250693.28000000003
2300150,07,Maciço do Baturité,2022,3,12693.125
2301208,07,Maciço do Baturité,2022,3,818908.1199999999
2301406,07,Maciço do Baturité,2022,3,271400.45
2301950,07,Maciço do Baturité,2022,3,254263.18999999994
2302909,07,Maciço do Baturité,2022,3,192272.365
2305100,07,Maciço do Baturité,2022,3,33609.83499999999
2306504,07,Maciço do Baturité,2022,3,87215.77500000001
2309102,07,Maciço do Baturité,2022,3,128291.72499999998
2309458,07,Maciço do Baturité,2022,3,237290.875
2309805,07,Maciço do Baturité,2022,3,305153.01499999996
2310100,07,Maciço do Baturité,2022,3,245817.69999999995
2311603,07,Maciço do Baturité,2022,3,966313.41
2303402,08,Serra da Ibiapaba,2022,3,591208.705
2304236,08,Serra da Ibiapaba,2022,3,404877.3799999999
2305001,08,Serra da Ibiapaba,2022,3,364816.7949999999
2305308,08,Serra da Ibiapaba,2022,3,322733.7649999999
2305803,08,Serra da Ibiapaba,2022,3,1682143.6100000003
2312304,08,Serra da Ibiapaba,2022,3,1089753.93
2313401,08,Serra da Ibiapaba,2022,3,691196.97
2313609,08,Serra da Ibiapaba,2022,3,439394.88
2314102,08,Serra da Ibiapaba,2022,3,56730.54000000004
2301851,09,Sertão Central,2022,3,210774.2
2303931,09,Sertão Central,2022,3,204666.38999999998
2304269,09,Sertão Central,2022,3,61255.40500000003
2305266,09,Sertão Central,2022,3,211238.80500000002
2305332,09,Sertão Central,2022,3,800245.1150000001
2308351,09,Sertão Central,2022,3,571820.2149999999
2308500,09,Sertão Central,2022,3,1006781.0650000001
2310506,09,Sertão Central,2022,3,138367.47
2310902,09,Sertão Central,2022,3,232596.95500000002
2311306,09,Sertão Central,2022,3,989069.6549999999
2311405,09,Sertão Central,2022,3,471537.81999999983
2312700,09,Sertão Central,2022,3,1797968.175
2313005,09,Sertão Central,2022,3,258381.64500000002
2302404,10,Sertão de Canindé,2022,3,956711.145
2302800,10,Sertão de Canindé,2022,3,1680333.44
2303006,10,Sertão de Canindé,2022,3,709885.49
2306603,10,Sertão de Canindé,2022,3,514918.145
2307635,10,Sertão de Canindé,2022,3,174402.25
2310407,10,Sertão de Canindé,2022,3,0.0
2300507,11,Sertão de Sobral,2022,3,0.0
2304350,11,Sertão de Sobral,2022,3,517505.0150000001
2304509,11,Sertão de Sobral,2022,3,510065.875
2304905,11,Sertão de Sobral,2022,3,200593.47
2308005,11,Sertão de Sobral,2022,3,797771.3050000002
2308203,11,Sertão de Sobral,2022,3,347179.975
2309904,11,Sertão de Sobral,2022,3,224137.17
2310951,11,Sertão de Sobral,2022,3,471342.60500000004
2311702,11,Sertão de Sobral,2022,3,474592.865
2312007,11,Sertão de Sobral,2022,3,280731.51
2312908,11,Sertão de Sobral,2022,3,9728091.379999999
2303659,12,Sertão dos Crateús,2022,3,66536.71
2304103,12,Sertão dos Crateús,2022,3,1030243.89
2305209,12,Sertão dos Crateús,2022,3,49014.69500000001
2305605,12,Sertão dos Crateús,2022,3,342515.105
2305902,12,Sertão dos Crateús,2022,3,1073339.81
2308609,12,Sertão dos Crateús,2022,3,83745.42499999999
2309300,12,Sertão dos Crateús,2022,3,2291099.87
2309409,12,Sertão dos Crateús,2022,3,642394.135
2312205,12,Sertão dos Crateús,2022,3,475440.6000000001
2313203,12,Sertão dos Crateús,2022,3,1410097.2100000002
2300408,13,Sertão dos Inhamuns,2022,3,40833.67499999993
2313302,13,Sertão dos Inhamuns,2022,3,3386158.2399999998
2300705,14,Vale do Jaguaribe,2022,3,662531.24
2304277,14,Vale do Jaguaribe,2022,3,343213.875
2306009,14,Vale do Jaguaribe,2022,3,474049.6300000001
2306702,14,Vale do Jaguaribe,2022,3,654171.3949999998
2306801,14,Vale do Jaguaribe,2022,3,103292.33499999996
2307601,14,Vale do Jaguaribe,2022,3,454126.6150000002
2308708,14,Vale do Jaguaribe,2022,3,1563594.355
2310001,14,Vale do Jaguaribe,2022,3,70055.00000000001
2311231,14,Vale do Jaguaribe,2022,3,498013.50000000006
2311504,14,Vale do Jaguaribe,2022,3,530308.0
2311801,14,Vale do Jaguaribe,2022,3,3419646.985
2312502,14,Vale do Jaguaribe,2022,3,7139.610000000015
2313104,14,Vale do Jaguaribe,2022,3,139860.53000000003
2300101,01,Cariri,2022,4,64782.859999999986
2300606,01,Cariri,2022,4,182532.49000000002
2300804,01,Cariri,2022,4,34515.055
2301307,01,Cariri,2022,4,254781.74999999994
2301604,01,Cariri,2022,4,942097.8800000001
2301703,01,Cariri,2022,4,629390.45
2301901,01,Cariri,2022,4,816730.2150000001
2302008,01,Cariri,2022,4,13161.999999999996
2302503,01,Cariri,2022,4,2862526.0
2302701,01,Cariri,2022,4,449192.265
2303204,01,Cariri,2022,4,212976.365
2304202,01,Cariri,2022,4,6030726.725
2304301,01,Cariri,2022,4,298899.30499999993
2304806,01,Cariri,2022,4,428757.17999999993
2307106,01,Cariri,2022,4,856601.8200000001
2307205,01,Cariri,2022,4,240273.14500000002
2307304,01,Cariri,2022,4,3191423.2199999997
2307502,01,Cariri,2022,4,591698.5350000001
2308104,01,Cariri,2022,4,193941.04499999998
2308302,01,Cariri,2022,4,24686.249999999993
2308401,01,Cariri,2022,4,89718.62499999994
2309201,01,Cariri,2022,4,399912.2799999999
2310605,01,Cariri,2022,4,160525.87
2311108,01,Cariri,2022,4,271326.7449999999
2311207,01,Cariri,2022,4,34572.715
2311959,01,Cariri,2022,4,358534.365
2313252,01,Cariri,2022,4,43138.35500000004
2314003,01,Cariri,2022,4,1511602.6549999998
2300309,02,Centro Sul,2022,4,991281.285
2301802,02,Centro Sul,2022,4,67717.945
2303600,02,Centro Sul,2022,4,96672.48999999999
2303808,02,Centro Sul,2022,4,806443.53
2305407,02,Centro Sul,2022,4,517897.05500000005
2305506,02,Centro Sul,2022,4,1323881.965
2305704,02,Centro Sul,2022,4,149963.255
2307403,02,Centro Sul,2022,4,550767.4999999999
2309508,02,Centro Sul,2022,4,1057308.7
2311355,02,Centro Sul,2022,4,869351.215
2311900,02,Centro Sul,2022,4,1095374.305
2313708,02,Centro Sul,2022,4,266322.01999999996
2301000,03,Grande Fortaleza,2022,4,7179221.325
2303501,03,Grande Fortaleza,2022,4,1012850.9099999999
2303709,03,Grande Fortaleza,2022,4,8160729.375
2303956,03,Grande Fortaleza,2022,4,745551.71
2304285,03,Grande Fortaleza,2022,4,5833941.239999999
2304400,03,Grande Fortaleza,2022,4,149898245.66
2304954,03,Grande Fortaleza,2022,4,1020159.6099999999
2305233,03,Grande Fortaleza,2022,4,2682890.3600000003
2306256,03,Grande Fortaleza,2022,4,1538893.145
2307650,03,Grande Fortaleza,2022,4,6373812.295000002
2307700,03,Grande Fortaleza,2022,4,306741.895
2309607,03,Grande Fortaleza,2022,4,3212780.465
2309706,03,Grande Fortaleza,2022,4,2085812.1800000002
2310209,03,Grande Fortaleza,2022,4,276073.76
2310258,03,Grande Fortaleza,2022,4,1950802.4649999999
2310852,03,Grande Fortaleza,2022,4,151400.89
2312403,03,Grande Fortaleza,2022,4,3010349.6550000003
2312601,03,Grande Fortaleza,2022,4,306234.28
2313500,03,Grande Fortaleza,2022,4,2070136.3150000002
2301109,04,Litoral Leste,2022,4,6786183.750000002
2302206,04,Litoral Leste,2022,4,734925.365
2304459,04,Litoral Leste,2022,4,593351.7549999999
2305357,04,Litoral Leste,2022,4,2947343.43
2306207,04,Litoral Leste,2022,4,43340.28999999998
2307007,04,Litoral Leste,2022,4,107973.84999999999
2300200,05,Litoral Norte,2022,4,2111382.76
2302057,05,Litoral Norte,2022,4,351984.4199999999
2302305,05,Litoral Norte,2022,4,228314.33500000002
2302602,05,Litoral Norte,2022,4,1170703.0599999998
2303907,05,Litoral Norte,2022,4,291977.07
2304251,05,Litoral Norte,2022,4,2473473.5500000003
2304707,05,Litoral Norte,2022,4,3716149.645
2306553,05,Litoral Norte,2022,4,2455845.935
2307254,05,Litoral Norte,2022,4,890146.645
2307809,05,Litoral Norte,2022,4,1125240.3399999999
2307908,05,Litoral Norte,2022,4,515746.18500000006
2308906,05,Litoral Norte,2022,4,498859.80999999994
2300754,06,Litoral Oeste / Vale do Curu,2022,4,1158407.1600000001
2300903,06,Litoral Oeste / Vale do Curu,2022,4,194365.565
2304608,06,Litoral Oeste / Vale do Curu,2022,4,313456.18
2306108,06,Litoral Oeste / Vale do Curu,2022,4,1075081.9849999999
2306306,06,Litoral Oeste / Vale do Curu,2022,4,209353.17000000016
2306405,06,Litoral Oeste / Vale do Curu,2022,4,4509490.595
2308377,06,Litoral Oeste / Vale do Curu,2022,4,340155.315
2310704,06,Litoral Oeste / Vale do Curu,2022,4,1252487.005
2313351,06,Litoral Oeste / Vale do Curu,2022,4,608181.2899999998
2313559,06,Litoral Oeste / Vale do Curu,2022,4,201947.5
2313757,06,Litoral Oeste / Vale do Curu,2022,4,655768.5249999999
2313807,06,Litoral Oeste / Vale do Curu,2022,4,250693.28000000003
2300150,07,Maciço do Baturité,2022,4,12693.125
2301208,07,Maciço do Baturité,2022,4,818908.1199999999
2301406,07,Maciço do Baturité,2022,4,271400.45
2301950,07,Maciço do Baturité,2022,4,254263.18999999994
2302909,07,Maciço do Baturité,2022,4,192272.365
2305100,07,Maciço do Baturité,2022,4,33609.83499999999
2306504,07,Maciço do Baturité,2022,4,87215.77500000001
2309102,07,Maciço do Baturité,2022,4,128291.72499999998
2309458,07,Maciço do Baturité,2022,4,237290.875
2309805,07,Maciço do Baturité,2022,4,305153.01499999996
2310100,07,Maciço do Baturité,2022,4,245817.69999999995
2311603,07,Maciço do Baturité,2022,4,966313.41
2303402,08,Serra da Ibiapaba,2022,4,591208.705
2304236,08,Serra da Ibiapaba,2022,4,404877.3799999999
2305001,08,Serra da Ibiapaba,2022,4,364816.7949999999
2305308,08,Serra da Ibiapaba,2022,4,322733.7649999999
2305803,08,Serra da Ibiapaba,2022,4,1682143.6100000003
2312304,08,Serra da Ibiapaba,2022,4,1089753.93
2313401,08,Serra da Ibiapaba,2022,4,691196.97
2313609,08,Serra da Ibiapaba,2022,4,439394.88
2314102,08,Serra da Ibiapaba,2022,4,56730.54000000004
2301851,09,Sertão Central,2022,4,210774.2
2303931,09,Sertão Central,2022,4,204666.38999999998
2304269,09,Sertão Central,2022,4,61255.40500000003
2305266,09,Sertão Central,2022,4,211238.80500000002
2305332,09,Sertão Central,2022,4,800245.1150000001
2308351,09,Sertão Central,2022,4,571820.2149999999
2308500,09,Sertão Central,2022,4,1006781.0650000001
2310506,09,Sertão Central,2022,4,138367.47
2310902,09,Sertão Central,2022,4,232596.95500000002
2311306,09,Sertão Central,2022,4,989069.6549999999
2311405,09,Sertão Central,2022,4,471537.81999999983
2312700,09,Sertão Central,2022,4,1797968.175
2313005,09,Sertão Central,2022,4,258381.64500000002
2302404,10,Sertão de Canindé,2022,4,956711.145
2302800,10,Sertão de Canindé,2022,4,1680333.44
2303006,10,Sertão de Canindé,2022,4,709885.49
2306603,10,Sertão de Canindé,2022,4,514918.145
2307635,10,Sertão de Canindé,2022,4,174402.25
2310407,10,Sertão de Canindé,2022,4,0.0
2300507,11,Sertão de Sobral,2022,4,0.0
2304350,11,Sertão de Sobral,2022,4,517505.0150000001
2304509,11,Sertão de Sobral,2022,4,510065.875
2304905,11,Sertão de Sobral,2022,4,200593.47
2308005,11,Sertão de Sobral,2022,4,797771.3050000002
2308203,11,Sertão de Sobral,2022,4,347179.975
2309904,11,Sertão de Sobral,2022,4,224137.17
2310951,11,Sertão de Sobral,2022,4,471342.60500000004
2311702,11,Sertão de Sobral,2022,4,474592.865
2312007,11,Sertão de Sobral,2022,4,280731.51
2312908,11,Sertão de Sobral,2022,4,9728091.379999999
2303659,12,Sertão dos Crateús,2022,4,66536.71
2304103,12,Sertão dos Crateús,2022,4,1030243.89
2305209,12,Sertão dos Crateús,2022,4,49014.69500000001
2305605,12,Sertão dos Crateús,2022,4,342515.105
2305902,12,Sertão dos Crateús,2022,4,1073339.81
2308609,12,Sertão dos Crateús,2022,4,83745.42499999999
2309300,12,Sertão dos Crateús,2022,4,2291099.87
2309409,12,Sertão dos Crateús,2022,4,642394.135
2312205,12,Sertão dos Crateús,2022,4,475440.6000000001
2313203,12,Sertão dos Crateús,2022,4,1410097.2100000002
2300408,13,Sertão dos Inhamuns,2022,4,40833.67499999993
2313302,13,Sertão dos Inhamuns,2022,4,3386158.2399999998
2300705,14,Vale do Jaguaribe,2022,4,662531.24
2304277,14,Vale do Jaguaribe,2022,4,343213.875
2306009,14,Vale do Jaguaribe,2022,4,474049.6300000001
2306702,14,Vale do Jaguaribe,2022,4,654171.3949999998
2306801,14,Vale do Jaguaribe,2022,4,103292.33499999996
2307601,14,Vale do Jaguaribe,2022,4,454126.6150000002
2308708,14,Vale do Jaguaribe,2022,4,1563594.355
2310001,14,Vale do Jaguaribe,2022,4,70055.00000000001
2311231,14,Vale do Jaguaribe,2022,4,498013.50000000006
2311504,14,Vale do Jaguaribe,2022,4,530308.0
2311801,14,Vale do Jaguaribe,2022,4,3419646.985
2312502,14,Vale do Jaguaribe,2022,4,7139.610000000015
2313104,14,Vale do Jaguaribe,2022,4,139860.53000000003
2300101,01,Cariri,2022,5,125165.72499999998
2300606,01,Cariri,2022,5,448297.12999999995
2300804,01,Cariri,2022,5,193278.335
2301307,01,Cariri,2022,5,269826.19000000006
2301604,01,Cariri,2022,5,3099197.8600000003
2301703,01,Cariri,2022,5,296934.01
2301901,01,Cariri,2022,5,977477.95
2302008,01,Cariri,2022,5,39418.505000000005
2302503,01,Cariri,2022,5,6711180.850000001
2302701,01,Cariri,2022,5,548987.1699999999
2303204,01,Cariri,2022,5,1077387.375
2304202,01,Cariri,2022,5,3190888.960000001
2304301,01,Cariri,2022,5,521559.40500000014
2304806,01,Cariri,2022,5,674671.5700000001
2307106,01,Cariri,2022,5,1358123.21
2307205,01,Cariri,2022,5,1136915.315
2307304,01,Cariri,2022,5,5218298.055000001
2307502,01,Cariri,2022,5,695521.6799999999
2308104,01,Cariri,2022,5,269851.57499999995
2308302,01,Cariri,2022,5,646811.6950000001
2308401,01,Cariri,2022,5,294032.69500000007
2309201,01,Cariri,2022,5,304250.2400000001
2310605,01,Cariri,2022,5,210937.71999999997
2311108,01,Cariri,2022,5,1530814.5799999998
2311207,01,Cariri,2022,5,399338.80499999993
2311959,01,Cariri,2022,5,614976.8099999999
2313252,01,Cariri,2022,5,105278.48999999999
2314003,01,Cariri,2022,5,1363359.7000000002
2300309,02,Centro Sul,2022,5,253620.60499999998
2301802,02,Centro Sul,2022,5,215319.17500000005
2303600,02,Centro Sul,2022,5,124232.0
2303808,02,Centro Sul,2022,5,79648.66500000004
2305407,02,Centro Sul,2022,5,686137.0199999999
2305506,02,Centro Sul,2022,5,1397138.4249999998
2305704,02,Centro Sul,2022,5,281041.72
2307403,02,Centro Sul,2022,5,1939402.01
2309508,02,Centro Sul,2022,5,127316.95500000007
2311355,02,Centro Sul,2022,5,595296.01
2311900,02,Centro Sul,2022,5,974635.1399999999
2313708,02,Centro Sul,2022,5,126799.935
2301000,03,Grande Fortaleza,2022,5,0.0
2303501,03,Grande Fortaleza,2022,5,525568.1950000001
2303709,03,Grande Fortaleza,2022,5,15740602.940000001
2303956,03,Grande Fortaleza,2022,5,1054142.545
2304285,03,Grande Fortaleza,2022,5,16939695.0
2304400,03,Grande Fortaleza,2022,5,53393945.655
2304954,03,Grande Fortaleza,2022,5,156072.26500000013
2305233,03,Grande Fortaleza,2022,5,12752585.815000001
2306256,03,Grande Fortaleza,2022,5,543294.8
2307650,03,Grande Fortaleza,2022,5,16994397.010000005
2307700,03,Grande Fortaleza,2022,5,280460.6549999999
2309607,03,Grande Fortaleza,2022,5,1682873.1600000001
2309706,03,Grande Fortaleza,2022,5,421474.6749999998
2310209,03,Grande Fortaleza,2022,5,589661.0350000001
2310258,03,Grande Fortaleza,2022,5,2226144.7750000004
2310852,03,Grande Fortaleza,2022,5,237531.57
2312403,03,Grande Fortaleza,2022,5,4460390.085
2312601,03,Grande Fortaleza,2022,5,159834.87999999995
2313500,03,Grande Fortaleza,2022,5,1386893.3699999996
2301109,04,Litoral Leste,2022,5,3413771.4049999975
2302206,04,Litoral Leste,2022,5,547292.74
2304459,04,Litoral Leste,2022,5,1176598.0250000001
2305357,04,Litoral Leste,2022,5,1082520.7699999996
2306207,04,Litoral Leste,2022,5,134413.80000000005
2307007,04,Litoral Leste,2022,5,121256.23000000001
2300200,05,Litoral Norte,2022,5,3217468.1
2302057,05,Litoral Norte,2022,5,211613.45500000007
2302305,05,Litoral Norte,2022,5,319448.03
2302602,05,Litoral Norte,2022,5,266980.01000000024
2303907,05,Litoral Norte,2022,5,171767.73000000004
2304251,05,Litoral Norte,2022,5,2159084.1299999994
2304707,05,Litoral Norte,2022,5,3197671.8049999997
2306553,05,Litoral Norte,2022,5,1987083.835
2307254,05,Litoral Norte,2022,5,973958.71
2307809,05,Litoral Norte,2022,5,2053102.255
2307908,05,Litoral Norte,2022,5,1147120.165
2308906,05,Litoral Norte,2022,5,464684.7400000001
2300754,06,Litoral Oeste / Vale do Curu,2022,5,2465882.98
2300903,06,Litoral Oeste / Vale do Curu,2022,5,645624.7050000001
2304608,06,Litoral Oeste / Vale do Curu,2022,5,285106.12500000006
2306108,06,Litoral Oeste / Vale do Curu,2022,5,2184138.6050000004
2306306,06,Litoral Oeste / Vale do Curu,2022,5,1063070.94
2306405,06,Litoral Oeste / Vale do Curu,2022,5,3104917.3249999993
2308377,06,Litoral Oeste / Vale do Curu,2022,5,512577.48499999987
2310704,06,Litoral Oeste / Vale do Curu,2022,5,1815073.3050000002
2313351,06,Litoral Oeste / Vale do Curu,2022,5,1024313.5150000001
2313559,06,Litoral Oeste / Vale do Curu,2022,5,274049.955
2313757,06,Litoral Oeste / Vale do Curu,2022,5,612644.9849999999
2313807,06,Litoral Oeste / Vale do Curu,2022,5,597974.8549999999
2300150,07,Maciço do Baturité,2022,5,189160.18
2301208,07,Maciço do Baturité,2022,5,505879.845
2301406,07,Maciço do Baturité,2022,5,137587.27999999997
2301950,07,Maciço do Baturité,2022,5,335388.63
2302909,07,Maciço do Baturité,2022,5,308240.805
2305100,07,Maciço do Baturité,2022,5,360688.74
2306504,07,Maciço do Baturité,2022,5,110850.03999999998
2309102,07,Maciço do Baturité,2022,5,363218.645
2309458,07,Maciço do Baturité,2022,5,440285.5299999999
2309805,07,Maciço do Baturité,2022,5,271464.18500000006
2310100,07,Maciço do Baturité,2022,5,50000.0
2311603,07,Maciço do Baturité,2022,5,470145.43999999994
2303402,08,Serra da Ibiapaba,2022,5,2538652.155
2304236,08,Serra da Ibiapaba,2022,5,795262.3450000002
2305001,08,Serra da Ibiapaba,2022,5,917377.46
2305308,08,Serra da Ibiapaba,2022,5,527514.9150000003
2305803,08,Serra da Ibiapaba,2022,5,1582534.455
2312304,08,Serra da Ibiapaba,2022,5,1982410.3800000004
2313401,08,Serra da Ibiapaba,2022,5,1838658.67
2313609,08,Serra da Ibiapaba,2022,5,1528647.2200000002
2314102,08,Serra da Ibiapaba,2022,5,206955.35499999998
2301851,09,Sertão Central,2022,5,533490.835
2303931,09,Sertão Central,2022,5,741082.715
2304269,09,Sertão Central,2022,5,190122.48000000004
2305266,09,Sertão Central,2022,5,108133.83999999997
2305332,09,Sertão Central,2022,5,1139047.3249999997
2308351,09,Sertão Central,2022,5,948055.3799999999
2308500,09,Sertão Central,2022,5,653831.5900000001
2310506,09,Sertão Central,2022,5,5150043.885
2310902,09,Sertão Central,2022,5,279366.6
2311306,09,Sertão Central,2022,5,838408.9199999999
2311405,09,Sertão Central,2022,5,784921.5300000003
2312700,09,Sertão Central,2022,5,599630.52
2313005,09,Sertão Central,2022,5,923213.1000000001
2302404,10,Sertão de Canindé,2022,5,3425831.7500000005
2302800,10,Sertão de Canindé,2022,5,2090498.8300000005
2303006,10,Sertão de Canindé,2022,5,531282.86
2306603,10,Sertão de Canindé,2022,5,2445242.67
2307635,10,Sertão de Canindé,2022,5,207263.20999999996
2310407,10,Sertão de Canindé,2022,5,52741.479999999996
2300507,11,Sertão de Sobral,2022,5,1204546.335
2304350,11,Sertão de Sobral,2022,5,837574.7349999999
2304509,11,Sertão de Sobral,2022,5,526567.47
2304657,11,Sertão de Sobral,2022,5,599069.55
2304905,11,Sertão de Sobral,2022,5,147870.05999999994
2308005,11,Sertão de Sobral,2022,5,367925.1549999998
2308203,11,Sertão de Sobral,2022,5,613674.725
2309904,11,Sertão de Sobral,2022,5,76455.56999999995
2310951,11,Sertão de Sobral,2022,5,257088.82000000007
2311702,11,Sertão de Sobral,2022,5,473616.77
2312007,11,Sertão de Sobral,2022,5,398492.58
2312908,11,Sertão de Sobral,2022,5,12802300.46
2303659,12,Sertão dos Crateús,2022,5,224633.03
2304103,12,Sertão dos Crateús,2022,5,2728369.295
2305209,12,Sertão dos Crateús,2022,5,623463.05
2305605,12,Sertão dos Crateús,2022,5,224935.33000000007
2305902,12,Sertão dos Crateús,2022,5,930807.815
2308609,12,Sertão dos Crateús,2022,5,280248.495
2309300,12,Sertão dos Crateús,2022,5,6534183.645
2309409,12,Sertão dos Crateús,2022,5,4140750.415
2312205,12,Sertão dos Crateús,2022,5,357397.99999999977
2313203,12,Sertão dos Crateús,2022,5,1853268.67
2300408,13,Sertão dos Inhamuns,2022,5,723128.9800000001
2313302,13,Sertão dos Inhamuns,2022,5,5333820.375000001
2300705,14,Vale do Jaguaribe,2022,5,1165143.875
2304277,14,Vale do Jaguaribe,2022,5,253713.28500000003
2306009,14,Vale do Jaguaribe,2022,5,572412.5499999998
2306702,14,Vale do Jaguaribe,2022,5,1561988.08
2306801,14,Vale do Jaguaribe,2022,5,592056.7550000001
2307601,14,Vale do Jaguaribe,2022,5,662701.3649999998
2308708,14,Vale do Jaguaribe,2022,5,1659600.5749999997
2310001,14,Vale do Jaguaribe,2022,5,62175.67499999999
2311231,14,Vale do Jaguaribe,2022,5,543542.6649999999
2311504,14,Vale do Jaguaribe,2022,5,678136.09
2311801,14,Vale do Jaguaribe,2022,5,0.0
2312502,14,Vale do Jaguaribe,2022,5,113117.68
2313104,14,Vale do Jaguaribe,2022,5,564013.0249999999
2300101,01,Cariri,2022,6,125165.72499999998
2300606,01,Cariri,2022,6,448297.12999999995
2300804,01,Cariri,2022,6,193278.335
2301307,01,Cariri,2022,6,269826.19000000006
2301604,01,Cariri,2022,6,3099197.8600000003
2301703,01,Cariri,2022,6,296934.01
2301901,01,Cariri,2022,6,977477.95
2302008,01,Cariri,2022,6,39418.505000000005
2302503,01,Cariri,2022,6,6711180.850000001
2302701,01,Cariri,2022,6,548987.1699999999
2303204,01,Cariri,2022,6,1077387.375
2304202,01,Cariri,2022,6,3190888.960000001
2304301,01,Cariri,2022,6,521559.40500000014
2304806,01,Cariri,2022,6,674671.5700000001
2307106,01,Cariri,2022,6,1358123.21
2307205,01,Cariri,2022,6,1136915.315
2307304,01,Cariri,2022,6,5218298.055000001
2307502,01,Cariri,2022,6,695521.6799999999
2308104,01,Cariri,2022,6,269851.57499999995
2308302,01,Cariri,2022,6,646811.6950000001
2308401,01,Cariri,2022,6,294032.69500000007
2309201,01,Cariri,2022,6,304250.2400000001
2310605,01,Cariri,2022,6,210937.71999999997
2311108,01,Cariri,2022,6,1530814.5799999998
2311207,01,Cariri,2022,6,399338.80499999993
2311959,01,Cariri,2022,6,614976.8099999999
2313252,01,Cariri,2022,6,105278.48999999999
2314003,01,Cariri,2022,6,1363359.7000000002
2300309,02,Centro Sul,2022,6,253620.60499999998
2301802,02,Centro Sul,2022,6,215319.17500000005
2303600,02,Centro Sul,2022,6,124232.0
2303808,02,Centro Sul,2022,6,79648.66500000004
2305407,02,Centro Sul,2022,6,686137.0199999999
2305506,02,Centro Sul,2022,6,1397138.4249999998
2305704,02,Centro Sul,2022,6,281041.72
2307403,02,Centro Sul,2022,6,1939402.01
2309508,02,Centro Sul,2022,6,127316.95500000007
2311355,02,Centro Sul,2022,6,595296.01
2311900,02,Centro Sul,2022,6,974635.1399999999
2313708,02,Centro Sul,2022,6,126799.935
2301000,03,Grande Fortaleza,2022,6,0.0
2303501,03,Grande Fortaleza,2022,6,525568.1950000001
2303709,03,Grande Fortaleza,2022,6,15740602.940000001
2303956,03,Grande Fortaleza,2022,6,1054142.545
2304285,03,Grande Fortaleza,2022,6,16939695.0
2304400,03,Grande Fortaleza,2022,6,53393945.655
2304954,03,Grande Fortaleza,2022,6,156072.26500000013
2305233,03,Grande Fortaleza,2022,6,12752585.815000001
2306256,03,Grande Fortaleza,2022,6,543294.8
2307650,03,Grande Fortaleza,2022,6,16994397.010000005
2307700,03,Grande Fortaleza,2022,6,280460.6549999999
2309607,03,Grande Fortaleza,2022,6,1682873.1600000001
2309706,03,Grande Fortaleza,2022,6,421474.6749999998
2310209,03,Grande Fortaleza,2022,6,589661.0350000001
2310258,03,Grande Fortaleza,2022,6,2226144.7750000004
2310852,03,Grande Fortaleza,2022,6,237531.57
2312403,03,Grande Fortaleza,2022,6,4460390.085
2312601,03,Grande Fortaleza,2022,6,159834.87999999995
2313500,03,Grande Fortaleza,2022,6,1386893.3699999996
2301109,04,Litoral Leste,2022,6,3413771.4049999975
2302206,04,Litoral Leste,2022,6,547292.74
2304459,04,Litoral Leste,2022,6,1176598.0250000001
2305357,04,Litoral Leste,2022,6,1082520.7699999996
2306207,04,Litoral Leste,2022,6,134413.80000000005
2307007,04,Litoral Leste,2022,6,121256.23000000001
2300200,05,Litoral Norte,2022,6,3217468.1
2302057,05,Litoral Norte,2022,6,211613.45500000007
2302305,05,Litoral Norte,2022,6,319448.03
2302602,05,Litoral Norte,2022,6,266980.01000000024
2303907,05,Litoral Norte,2022,6,171767.73000000004
2304251,05,Litoral Norte,2022,6,2159084.1299999994
2304707,05,Litoral Norte,2022,6,3197671.8049999997
2306553,05,Litoral Norte,2022,6,1987083.835
2307254,05,Litoral Norte,2022,6,973958.71
2307809,05,Litoral Norte,2022,6,2053102.255
2307908,05,Litoral Norte,2022,6,1147120.165
2308906,05,Litoral Norte,2022,6,464684.7400000001
2300754,06,Litoral Oeste / Vale do Curu,2022,6,2465882.98
2300903,06,Litoral Oeste / Vale do Curu,2022,6,645624.7050000001
2304608,06,Litoral Oeste / Vale do Curu,2022,6,285106.12500000006
2306108,06,Litoral Oeste / Vale do Curu,2022,6,2184138.6050000004
2306306,06,Litoral Oeste / Vale do Curu,2022,6,1063070.94
2306405,06,Litoral Oeste / Vale do Curu,2022,6,3104917.3249999993
2308377,06,Litoral Oeste / Vale do Curu,2022,6,512577.48499999987
2310704,06,Litoral Oeste / Vale do Curu,2022,6,1815073.3050000002
2313351,06,Litoral Oeste / Vale do Curu,2022,6,1024313.5150000001
2313559,06,Litoral Oeste / Vale do Curu,2022,6,274049.955
2313757,06,Litoral Oeste / Vale do Curu,2022,6,612644.9849999999
2313807,06,Litoral Oeste / Vale do Curu,2022,6,597974.8549999999
2300150,07,Maciço do Baturité,2022,6,189160.18
2301208,07,Maciço do Baturité,2022,6,505879.845
2301406,07,Maciço do Baturité,2022,6,137587.27999999997
2301950,07,Maciço do Baturité,2022,6,335388.63
2302909,07,Maciço do Baturité,2022,6,308240.805
2305100,07,Maciço do Baturité,2022,6,360688.74
2306504,07,Maciço do Baturité,2022,6,110850.03999999998
2309102,07,Maciço do Baturité,2022,6,363218.645
2309458,07,Maciço do Baturité,2022,6,440285.5299999999
2309805,07,Maciço do Baturité,2022,6,271464.18500000006
2310100,07,Maciço do Baturité,2022,6,50000.0
2311603,07,Maciço do Baturité,2022,6,470145.43999999994
2303402,08,Serra da Ibiapaba,2022,6,2538652.155
2304236,08,Serra da Ibiapaba,2022,6,795262.3450000002
2305001,08,Serra da Ibiapaba,2022,6,917377.46
2305308,08,Serra da Ibiapaba,2022,6,527514.9150000003
2305803,08,Serra da Ibiapaba,2022,6,1582534.455
2312304,08,Serra da Ibiapaba,2022,6,1982410.3800000004
2313401,08,Serra da Ibiapaba,2022,6,1838658.67
2313609,08,Serra da Ibiapaba,2022,6,1528647.2200000002
2314102,08,Serra da Ibiapaba,2022,6,206955.35499999998
2301851,09,Sertão Central,2022,6,533490.835
2303931,09,Sertão Central,2022,6,741082.715
2304269,09,Sertão Central,2022,6,190122.48000000004
2305266,09,Sertão Central,2022,6,108133.83999999997
2305332,09,Sertão Central,2022,6,1139047.3249999997
2308351,09,Sertão Central,2022,6,948055.3799999999
2308500,09,Sertão Central,2022,6,653831.5900000001
2310506,09,Sertão Central,2022,6,5150043.885
2310902,09,Sertão Central,2022,6,279366.6
2311306,09,Sertão Central,2022,6,838408.9199999999
2311405,09,Sertão Central,2022,6,784921.5300000003
2312700,09,Sertão Central,2022,6,599630.52
2313005,09,Sertão Central,2022,6,923213.1000000001
2302404,10,Sertão de Canindé,2022,6,3425831.7500000005
2302800,10,Sertão de Canindé,2022,6,2090498.8300000005
2303006,10,Sertão de Canindé,2022,6,531282.86
2306603,10,Sertão de Canindé,2022,6,2445242.67
2307635,10,Sertão de Canindé,2022,6,207263.20999999996
2310407,10,Sertão de Canindé,2022,6,52741.479999999996
2300507,11,Sertão de Sobral,2022,6,1204546.335
2304350,11,Sertão de Sobral,2022,6,837574.7349999999
2304509,11,Sertão de Sobral,2022,6,526567.47
2304657,11,Sertão de Sobral,2022,6,599069.55
2304905,11,Sertão de Sobral,2022,6,147870.05999999994
2308005,11,Sertão de Sobral,2022,6,367925.1549999998
2308203,11,Sertão de Sobral,2022,6,613674.725
2309904,11,Sertão de Sobral,2022,6,76455.56999999995
2310951,11,Sertão de Sobral,2022,6,257088.82000000007
2311702,11,Sertão de Sobral,2022,6,473616.77
2312007,11,Sertão de Sobral,2022,6,398492.58
2312908,11,Sertão de Sobral,2022,6,12802300.46
2303659,12,Sertão dos Crateús,2022,6,224633.03
2304103,12,Sertão dos Crateús,2022,6,2728369.295
2305209,12,Sertão dos Crateús,2022,6,623463.05
2305605,12,Sertão dos Crateús,2022,6,224935.33000000007
2305902,12,Sertão dos Crateús,2022,6,930807.815
2308609,12,Sertão dos Crateús,2022,6,280248.495
2309300,12,Sertão dos Crateús,2022,6,6534183.645
2309409,12,Sertão dos Crateús,2022,6,4140750.415
2312205,12,Sertão dos Crateús,2022,6,357397.99999999977
2313203,12,Sertão dos Crateús,2022,6,1853268.67
2300408,13,Sertão dos Inhamuns,2022,6,723128.9800000001
2313302,13,Sertão dos Inhamuns,2022,6,5333820.375000001
2300705,14,Vale do Jaguaribe,2022,6,1165143.875
2304277,14,Vale do Jaguaribe,2022,6,253713.28500000003
2306009,14,Vale do Jaguaribe,2022,6,572412.5499999998
2306702,14,Vale do Jaguaribe,2022,6,1561988.08
2306801,14,Vale do Jaguaribe,2022,6,592056.7550000001
2307601,14,Vale do Jaguaribe,2022,6,662701.3649999998
2308708,14,Vale do Jaguaribe,2022,6,1659600.5749999997
2310001,14,Vale do Jaguaribe,2022,6,62175.67499999999
2311231,14,Vale do Jaguaribe,2022,6,543542.6649999999
2311504,14,Vale do Jaguaribe,2022,6,678136.09
2311801,14,Vale do Jaguaribe,2022,6,0.0
2312502,14,Vale do Jaguaribe,2022,6,113117.68
2313104,14,Vale do Jaguaribe,2022,6,564013.0249999999
2300101,01,Cariri,2022,7,211545.39999999997
2300606,01,Cariri,2022,7,316006.5399999999
2300804,01,Cariri,2022,7,128918.38999999998
2301307,01,Cariri,2022,7,433129.8749999999
2301604,01,Cariri,2022,7,1909112.71
2301703,01,Cariri,2022,7,647575.675
2301901,01,Cariri,2022,7,5140528.88
2302008,01,Cariri,2022,7,364792.33499999996
2302503,01,Cariri,2022,7,4124279.8099999987
2302701,01,Cariri,2022,7,268896.26
2303204,01,Cariri,2022,7,287992.72
2304202,01,Cariri,2022,7,2737798.714999998
2304301,01,Cariri,2022,7,454945.45999999996
2304806,01,Cariri,2022,7,412790.3500000001
2307106,01,Cariri,2022,7,2092935.585
2307205,01,Cariri,2022,7,945678.3799999999
2307304,01,Cariri,2022,7,4965833.014999999
2307502,01,Cariri,2022,7,676971.9500000002
2308104,01,Cariri,2022,7,709949.06
2308302,01,Cariri,2022,7,1191415.67
2308401,01,Cariri,2022,7,356353.34499999986
2309201,01,Cariri,2022,7,301807.68499999994
2310605,01,Cariri,2022,7,62529.92000000004
2311108,01,Cariri,2022,7,1101473.6749999998
2311207,01,Cariri,2022,7,224651.0
2311959,01,Cariri,2022,7,491853.395
2313252,01,Cariri,2022,7,136861.30000000005
2314003,01,Cariri,2022,7,1502801.7949999995
2300309,02,Centro Sul,2022,7,767498.1349999998
2301802,02,Centro Sul,2022,7,49825.7699999999
2303600,02,Centro Sul,2022,7,469610.07
2303808,02,Centro Sul,2022,7,513093.125
2305407,02,Centro Sul,2022,7,2077417.8950000003
2305506,02,Centro Sul,2022,7,1413590.8150000004
2305704,02,Centro Sul,2022,7,554424.19
2307403,02,Centro Sul,2022,7,2146276.56
2309508,02,Centro Sul,2022,7,324534.98499999987
2311355,02,Centro Sul,2022,7,1459283.0750000002
2311900,02,Centro Sul,2022,7,687283.6550000003
2313708,02,Centro Sul,2022,7,139862.78000000003
2301000,03,Grande Fortaleza,2022,7,2899482.865
2303501,03,Grande Fortaleza,2022,7,3968480.145
2303709,03,Grande Fortaleza,2022,7,17466531.555
2303956,03,Grande Fortaleza,2022,7,1066647.21
2304285,03,Grande Fortaleza,2022,7,8002923.454999998
2304400,03,Grande Fortaleza,2022,7,73235912.84
2304954,03,Grande Fortaleza,2022,7,0.0
2305233,03,Grande Fortaleza,2022,7,3363305.3099999987
2306256,03,Grande Fortaleza,2022,7,603349.98
2307650,03,Grande Fortaleza,2022,7,9309315.149999999
2307700,03,Grande Fortaleza,2022,7,500221.08499999996
2309607,03,Grande Fortaleza,2022,7,5834969.17
2309706,03,Grande Fortaleza,2022,7,4345757.600000001
2310209,03,Grande Fortaleza,2022,7,801006.19
2310258,03,Grande Fortaleza,2022,7,1859207.54
2310852,03,Grande Fortaleza,2022,7,266332.29999999993
2312403,03,Grande Fortaleza,2022,7,2325018.115
2312601,03,Grande Fortaleza,2022,7,472705.8300000001
2313500,03,Grande Fortaleza,2022,7,3276137.44
2301109,04,Litoral Leste,2022,7,8688483.805
2302206,04,Litoral Leste,2022,7,757461.2599999998
2304459,04,Litoral Leste,2022,7,990291.3250000002
2305357,04,Litoral Leste,2022,7,1986589.3000000007
2306207,04,Litoral Leste,2022,7,389925.9849999999
2307007,04,Litoral Leste,2022,7,587607.505
2300200,05,Litoral Norte,2022,7,4309760.535
2302057,05,Litoral Norte,2022,7,457227.19000000006
2302305,05,Litoral Norte,2022,7,380730.145
2302602,05,Litoral Norte,2022,7,516838.1549999998
2303907,05,Litoral Norte,2022,7,258085.81999999995
2304251,05,Litoral Norte,2022,7,1905141.8650000002
2304707,05,Litoral Norte,2022,7,5224548.83
2306553,05,Litoral Norte,2022,7,1648456.4499999993
2307254,05,Litoral Norte,2022,7,287248.3500000001
2307809,05,Litoral Norte,2022,7,1881103.1000000006
2307908,05,Litoral Norte,2022,7,546660.6399999999
2308906,05,Litoral Norte,2022,7,271860.7849999999
2300754,06,Litoral Oeste / Vale do Curu,2022,7,1324054.7850000001
2300903,06,Litoral Oeste / Vale do Curu,2022,7,63939.33499999996
2304608,06,Litoral Oeste / Vale do Curu,2022,7,912093.2849999999
2306108,06,Litoral Oeste / Vale do Curu,2022,7,877051.54
2306306,06,Litoral Oeste / Vale do Curu,2022,7,368340.7250000001
2306405,06,Litoral Oeste / Vale do Curu,2022,7,2294373.535
2308377,06,Litoral Oeste / Vale do Curu,2022,7,529723.7350000001
2310704,06,Litoral Oeste / Vale do Curu,2022,7,1650342.5499999998
2313351,06,Litoral Oeste / Vale do Curu,2022,7,1317548.545
2313559,06,Litoral Oeste / Vale do Curu,2022,7,82652.38999999996
2313757,06,Litoral Oeste / Vale do Curu,2022,7,148394.2250000001
2313807,06,Litoral Oeste / Vale do Curu,2022,7,938062.6350000002
2300150,07,Maciço do Baturité,2022,7,58364.640000000014
2301208,07,Maciço do Baturité,2022,7,2628811.9700000007
2301406,07,Maciço do Baturité,2022,7,153256.84999999998
2301950,07,Maciço do Baturité,2022,7,741960.815
2302909,07,Maciço do Baturité,2022,7,192093.005
2305100,07,Maciço do Baturité,2022,7,169904.8
2306504,07,Maciço do Baturité,2022,7,332949.635
2309102,07,Maciço do Baturité,2022,7,149123.11
2309458,07,Maciço do Baturité,2022,7,343250.01
2309805,07,Maciço do Baturité,2022,7,705318.9799999999
2310100,07,Maciço do Baturité,2022,7,384261.625
2311603,07,Maciço do Baturité,2022,7,422210.25000000023
2303402,08,Serra da Ibiapaba,2022,7,188814.2200000002
2304236,08,Serra da Ibiapaba,2022,7,1087544.75
2305001,08,Serra da Ibiapaba,2022,7,824392.2749999999
2305308,08,Serra da Ibiapaba,2022,7,467003.46499999985
2305803,08,Serra da Ibiapaba,2022,7,928480.5549999997
2312304,08,Serra da Ibiapaba,2022,7,1619290.7849999992
2313401,08,Serra da Ibiapaba,2022,7,1447916.4649999999
2313609,08,Serra da Ibiapaba,2022,7,4090369.4349999996
2314102,08,Serra da Ibiapaba,2022,7,2494002.565
2301851,09,Sertão Central,2022,7,1069286.0
2303931,09,Sertão Central,2022,7,253214.08000000007
2304269,09,Sertão Central,2022,7,199177.33999999997
2305266,09,Sertão Central,2022,7,75956.53000000003
2305332,09,Sertão Central,2022,7,994152.0
2308351,09,Sertão Central,2022,7,498875.4700000002
2308500,09,Sertão Central,2022,7,419736.0549999997
2310506,09,Sertão Central,2022,7,2090294.1600000001
2310902,09,Sertão Central,2022,7,605365.405
2311306,09,Sertão Central,2022,7,112669.14000000013
2311405,09,Sertão Central,2022,7,622352.4699999997
2312700,09,Sertão Central,2022,7,693209.2299999995
2313005,09,Sertão Central,2022,7,296682.605
2302404,10,Sertão de Canindé,2022,7,2815537.0949999997
2302800,10,Sertão de Canindé,2022,7,4101169.4850000003
2303006,10,Sertão de Canindé,2022,7,551088.0
2306603,10,Sertão de Canindé,2022,7,845283.0499999998
2307635,10,Sertão de Canindé,2022,7,659927.6649999999
2310407,10,Sertão de Canindé,2022,7,144722.5
2300507,11,Sertão de Sobral,2022,7,554779.665
2304350,11,Sertão de Sobral,2022,7,448270.66500000027
2304509,11,Sertão de Sobral,2022,7,329590.8600000001
2304657,11,Sertão de Sobral,2022,7,453431.18500000006
2304905,11,Sertão de Sobral,2022,7,696117.45
2308005,11,Sertão de Sobral,2022,7,1411971.4300000002
2308203,11,Sertão de Sobral,2022,7,301879.01500000013
2309904,11,Sertão de Sobral,2022,7,866680.575
2310951,11,Sertão de Sobral,2022,7,357637.72
2311702,11,Sertão de Sobral,2022,7,804072.885
2312007,11,Sertão de Sobral,2022,7,152622.04499999993
2312908,11,Sertão de Sobral,2022,7,12786019.495000001
2303659,12,Sertão dos Crateús,2022,7,566165.0349999999
2304103,12,Sertão dos Crateús,2022,7,2311539.08
2305209,12,Sertão dos Crateús,2022,7,497820.18999999994
2305605,12,Sertão dos Crateús,2022,7,768038.8999999999
2305902,12,Sertão dos Crateús,2022,7,2147803.0900000003
2308609,12,Sertão dos Crateús,2022,7,237310.28000000003
2309300,12,Sertão dos Crateús,2022,7,4137139.530000001
2309409,12,Sertão dos Crateús,2022,7,6326644.279999999
2312205,12,Sertão dos Crateús,2022,7,772613.9950000001
2313203,12,Sertão dos Crateús,2022,7,1614873.295
2300408,13,Sertão dos Inhamuns,2022,7,221067.54499999993
2313302,13,Sertão dos Inhamuns,2022,7,7880698.634999998
2300705,14,Vale do Jaguaribe,2022,7,714466.0350000001
2304277,14,Vale do Jaguaribe,2022,7,9266.29999999993
2306009,14,Vale do Jaguaribe,2022,7,549756.335
2306702,14,Vale do Jaguaribe,2022,7,362109.375
2306801,14,Vale do Jaguaribe,2022,7,797047.4550000001
2307601,14,Vale do Jaguaribe,2022,7,340403.2949999999
2308708,14,Vale do Jaguaribe,2022,7,3165960.75
2310001,14,Vale do Jaguaribe,2022,7,305090.995
2311231,14,Vale do Jaguaribe,2022,7,641070.76
2311504,14,Vale do Jaguaribe,2022,7,702315.3
2311801,14,Vale do Jaguaribe,2022,7,1469794.9849999999
2312502,14,Vale do Jaguaribe,2022,7,282939.76999999996
2313104,14,Vale do Jaguaribe,2022,7,688160.0800000001
2300101,01,Cariri,2022,8,211545.39999999997
2300606,01,Cariri,2022,8,316006.5399999999
2300804,01,Cariri,2022,8,128918.38999999998
2301307,01,Cariri,2022,8,433129.8749999999
2301604,01,Cariri,2022,8,1909112.71
2301703,01,Cariri,2022,8,647575.675
2301901,01,Cariri,2022,8,5140528.88
2302008,01,Cariri,2022,8,364792.33499999996
2302503,01,Cariri,2022,8,4124279.8099999987
2302701,01,Cariri,2022,8,268896.26
2303204,01,Cariri,2022,8,287992.72
2304202,01,Cariri,2022,8,2737798.714999998
2304301,01,Cariri,2022,8,454945.45999999996
2304806,01,Cariri,2022,8,412790.3500000001
2307106,01,Cariri,2022,8,2092935.585
2307205,01,Cariri,2022,8,945678.3799999999
2307304,01,Cariri,2022,8,4965833.014999999
2307502,01,Cariri,2022,8,676971.9500000002
2308104,01,Cariri,2022,8,709949.06
2308302,01,Cariri,2022,8,1191415.67
2308401,01,Cariri,2022,8,356353.34499999986
2309201,01,Cariri,2022,8,301807.68499999994
2310605,01,Cariri,2022,8,62529.92000000004
2311108,01,Cariri,2022,8,1101473.6749999998
2311207,01,Cariri,2022,8,224651.0
2311959,01,Cariri,2022,8,491853.395
2313252,01,Cariri,2022,8,136861.30000000005
2314003,01,Cariri,2022,8,1502801.7949999995
2300309,02,Centro Sul,2022,8,767498.1349999998
2301802,02,Centro Sul,2022,8,49825.7699999999
2303600,02,Centro Sul,2022,8,469610.07
2303808,02,Centro Sul,2022,8,513093.125
2305407,02,Centro Sul,2022,8,2077417.8950000003
2305506,02,Centro Sul,2022,8,1413590.8150000004
2305704,02,Centro Sul,2022,8,554424.19
2307403,02,Centro Sul,2022,8,2146276.56
2309508,02,Centro Sul,2022,8,324534.98499999987
2311355,02,Centro Sul,2022,8,1459283.0750000002
2311900,02,Centro Sul,2022,8,687283.6550000003
2313708,02,Centro Sul,2022,8,139862.78000000003
2301000,03,Grande Fortaleza,2022,8,2899482.865
2303501,03,Grande Fortaleza,2022,8,3968480.145
2303709,03,Grande Fortaleza,2022,8,17466531.555
2303956,03,Grande Fortaleza,2022,8,1066647.21
2304285,03,Grande Fortaleza,2022,8,8002923.454999998
2304400,03,Grande Fortaleza,2022,8,73235912.84
2304954,03,Grande Fortaleza,2022,8,0.0
2305233,03,Grande Fortaleza,2022,8,3363305.3099999987
2306256,03,Grande Fortaleza,2022,8,603349.98
2307650,03,Grande Fortaleza,2022,8,9309315.149999999
2307700,03,Grande Fortaleza,2022,8,500221.08499999996
2309607,03,Grande Fortaleza,2022,8,5834969.17
2309706,03,Grande Fortaleza,2022,8,4345757.600000001
2310209,03,Grande Fortaleza,2022,8,801006.19
2310258,03,Grande Fortaleza,2022,8,1859207.54
2310852,03,Grande Fortaleza,2022,8,266332.29999999993
2312403,03,Grande Fortaleza,2022,8,2325018.115
2312601,03,Grande Fortaleza,2022,8,472705.8300000001
2313500,03,Grande Fortaleza,2022,8,3276137.44
2301109,04,Litoral Leste,2022,8,8688483.805
2302206,04,Litoral Leste,2022,8,757461.2599999998
2304459,04,Litoral Leste,2022,8,990291.3250000002
2305357,04,Litoral Leste,2022,8,1986589.3000000007
2306207,04,Litoral Leste,2022,8,389925.9849999999
2307007,04,Litoral Leste,2022,8,587607.505
2300200,05,Litoral Norte,2022,8,4309760.535
2302057,05,Litoral Norte,2022,8,457227.19000000006
2302305,05,Litoral Norte,2022,8,380730.145
2302602,05,Litoral Norte,2022,8,516838.1549999998
2303907,05,Litoral Norte,2022,8,258085.81999999995
2304251,05,Litoral Norte,2022,8,1905141.8650000002
2304707,05,Litoral Norte,2022,8,5224548.83
2306553,05,Litoral Norte,2022,8,1648456.4499999993
2307254,05,Litoral Norte,2022,8,287248.3500000001
2307809,05,Litoral Norte,2022,8,1881103.1000000006
2307908,05,Litoral Norte,2022,8,546660.6399999999
2308906,05,Litoral Norte,2022,8,271860.7849999999
2300754,06,Litoral Oeste / Vale do Curu,2022,8,1324054.7850000001
2300903,06,Litoral Oeste / Vale do Curu,2022,8,63939.33499999996
2304608,06,Litoral Oeste / Vale do Curu,2022,8,912093.2849999999
2306108,06,Litoral Oeste / Vale do Curu,2022,8,877051.54
2306306,06,Litoral Oeste / Vale do Curu,2022,8,368340.7250000001
2306405,06,Litoral Oeste / Vale do Curu,2022,8,2294373.535
2308377,06,Litoral Oeste / Vale do Curu,2022,8,529723.7350000001
2310704,06,Litoral Oeste / Vale do Curu,2022,8,1650342.5499999998
2313351,06,Litoral Oeste / Vale do Curu,2022,8,1317548.545
2313559,06,Litoral Oeste / Vale do Curu,2022,8,82652.38999999996
2313757,06,Litoral Oeste / Vale do Curu,2022,8,148394.2250000001
2313807,06,Litoral Oeste / Vale do Curu,2022,8,938062.6350000002
2300150,07,Maciço do Baturité,2022,8,58364.640000000014
2301208,07,Maciço do Baturité,2022,8,2628811.9700000007
2301406,07,Maciço do Baturité,2022,8,153256.84999999998
2301950,07,Maciço do Baturité,2022,8,741960.815
2302909,07,Maciço do Baturité,2022,8,192093.005
2305100,07,Maciço do Baturité,2022,8,169904.8
2306504,07,Maciço do Baturité,2022,8,332949.635
2309102,07,Maciço do Baturité,2022,8,149123.11
2309458,07,Maciço do Baturité,2022,8,343250.01
2309805,07,Maciço do Baturité,2022,8,705318.9799999999
2310100,07,Maciço do Baturité,2022,8,384261.625
2311603,07,Maciço do Baturité,2022,8,422210.25000000023
2303402,08,Serra da Ibiapaba,2022,8,188814.2200000002
2304236,08,Serra da Ibiapaba,2022,8,1087544.75
2305001,08,Serra da Ibiapaba,2022,8,824392.2749999999
2305308,08,Serra da Ibiapaba,2022,8,467003.46499999985
2305803,08,Serra da Ibiapaba,2022,8,928480.5549999997
2312304,08,Serra da Ibiapaba,2022,8,1619290.7849999992
2313401,08,Serra da Ibiapaba,2022,8,1447916.4649999999
2313609,08,Serra da Ibiapaba,2022,8,4090369.4349999996
2314102,08,Serra da Ibiapaba,2022,8,2494002.565
2301851,09,Sertão Central,2022,8,1069286.0
2303931,09,Sertão Central,2022,8,253214.08000000007
2304269,09,Sertão Central,2022,8,199177.33999999997
2305266,09,Sertão Central,2022,8,75956.53000000003
2305332,09,Sertão Central,2022,8,994152.0
2308351,09,Sertão Central,2022,8,498875.4700000002
2308500,09,Sertão Central,2022,8,419736.0549999997
2310506,09,Sertão Central,2022,8,2090294.1600000001
2310902,09,Sertão Central,2022,8,605365.405
2311306,09,Sertão Central,2022,8,112669.14000000013
2311405,09,Sertão Central,2022,8,622352.4699999997
2312700,09,Sertão Central,2022,8,693209.2299999995
2313005,09,Sertão Central,2022,8,296682.605
2302404,10,Sertão de Canindé,2022,8,2815537.0949999997
2302800,10,Sertão de Canindé,2022,8,4101169.4850000003
2303006,10,Sertão de Canindé,2022,8,551088.0
2306603,10,Sertão de Canindé,2022,8,845283.0499999998
2307635,10,Sertão de Canindé,2022,8,659927.6649999999
2310407,10,Sertão de Canindé,2022,8,144722.5
2300507,11,Sertão de Sobral,2022,8,554779.665
2304350,11,Sertão de Sobral,2022,8,448270.66500000027
2304509,11,Sertão de Sobral,2022,8,329590.8600000001
2304657,11,Sertão de Sobral,2022,8,453431.18500000006
2304905,11,Sertão de Sobral,2022,8,696117.45
2308005,11,Sertão de Sobral,2022,8,1411971.4300000002
2308203,11,Sertão de Sobral,2022,8,301879.01500000013
2309904,11,Sertão de Sobral,2022,8,866680.575
2310951,11,Sertão de Sobral,2022,8,357637.72
2311702,11,Sertão de Sobral,2022,8,804072.885
2312007,11,Sertão de Sobral,2022,8,152622.04499999993
2312908,11,Sertão de Sobral,2022,8,12786019.495000001
2303659,12,Sertão dos Crateús,2022,8,566165.0349999999
2304103,12,Sertão dos Crateús,2022,8,2311539.08
2305209,12,Sertão dos Crateús,2022,8,497820.18999999994
2305605,12,Sertão dos Crateús,2022,8,768038.8999999999
2305902,12,Sertão dos Crateús,2022,8,2147803.0900000003
2308609,12,Sertão dos Crateús,2022,8,237310.28000000003
2309300,12,Sertão dos Crateús,2022,8,4137139.530000001
2309409,12,Sertão dos Crateús,2022,8,6326644.279999999
2312205,12,Sertão dos Crateús,2022,8,772613.9950000001
2313203,12,Sertão dos Crateús,2022,8,1614873.295
2300408,13,Sertão dos Inhamuns,2022,8,221067.54499999993
2313302,13,Sertão dos Inhamuns,2022,8,7880698.634999998
2300705,14,Vale do Jaguaribe,2022,8,714466.0350000001
2304277,14,Vale do Jaguaribe,2022,8,9266.29999999993
2306009,14,Vale do Jaguaribe,2022,8,549756.335
2306702,14,Vale do Jaguaribe,2022,8,362109.375
2306801,14,Vale do Jaguaribe,2022,8,797047.4550000001
2307601,14,Vale do Jaguaribe,2022,8,340403.2949999999
2308708,14,Vale do Jaguaribe,2022,8,3165960.75
2310001,14,Vale do Jaguaribe,2022,8,305090.995
2311231,14,Vale do Jaguaribe,2022,8,641070.76
2311504,14,Vale do Jaguaribe,2022,8,702315.3
2311801,14,Vale do Jaguaribe,2022,8,1469794.9849999999
2312502,14,Vale do Jaguaribe,2022,8,282939.76999999996
2313104,14,Vale do Jaguaribe,2022,8,688160.0800000001
2300101,01,Cariri,2022,9,37832.40000000002
2300606,01,Cariri,2022,9,798294.26
2300804,01,Cariri,2022,9,238549.46000000008
2301307,01,Cariri,2022,9,216901.91000000015
2301604,01,Cariri,2022,9,1470598.5499999998
2301703,01,Cariri,2022,9,490352.58499999973
2301901,01,Cariri,2022,9,306584.6299999999
2302008,01,Cariri,2022,9,214140.00000000006
2302503,01,Cariri,2022,9,0.0
2302701,01,Cariri,2022,9,269342.7450000001
2303204,01,Cariri,2022,9,1078002.08
2304202,01,Cariri,2022,9,5191804.050000001
2304301,01,Cariri,2022,9,267276.1300000001
2304806,01,Cariri,2022,9,272937.45999999996
2307106,01,Cariri,2022,9,955013.625
2307205,01,Cariri,2022,9,448302.96499999985
2307304,01,Cariri,2022,9,8683100.21
2307502,01,Cariri,2022,9,164109.95999999996
2308104,01,Cariri,2022,9,653037.5049999999
2308302,01,Cariri,2022,9,485260.9099999999
2308401,01,Cariri,2022,9,87669.95000000019
2309201,01,Cariri,2022,9,560512.365
2310605,01,Cariri,2022,9,155832.70999999996
2311108,01,Cariri,2022,9,521843.92000000086
2311207,01,Cariri,2022,9,162500.0
2311959,01,Cariri,2022,9,15617.645000000019
2313252,01,Cariri,2022,9,351470.6399999999
2314003,01,Cariri,2022,9,1618914.3450000007
2300309,02,Centro Sul,2022,9,865599.5100000002
2301802,02,Centro Sul,2022,9,303512.4
2303600,02,Centro Sul,2022,9,159670.30000000005
2303808,02,Centro Sul,2022,9,12306.5
2305407,02,Centro Sul,2022,9,1456135.2200000002
2305506,02,Centro Sul,2022,9,1125013.5549999997
2305704,02,Centro Sul,2022,9,454954.30500000017
2307403,02,Centro Sul,2022,9,411772.7949999999
2309508,02,Centro Sul,2022,9,276032.4350000003
2311355,02,Centro Sul,2022,9,749973.5449999999
2311900,02,Centro Sul,2022,9,414773.9950000001
2313708,02,Centro Sul,2022,9,159750.93999999994
2301000,03,Grande Fortaleza,2022,9,1542652.625
2303501,03,Grande Fortaleza,2022,9,2719316.5700000003
2303709,03,Grande Fortaleza,2022,9,8445284.055
2303956,03,Grande Fortaleza,2022,9,1553752.1050000004
2304285,03,Grande Fortaleza,2022,9,2934791.469999999
2304400,03,Grande Fortaleza,2022,9,68009582.27499998
2304954,03,Grande Fortaleza,2022,9,794830.8700000001
2305233,03,Grande Fortaleza,2022,9,2045971.7300000004
2306256,03,Grande Fortaleza,2022,9,1359516.04
2307650,03,Grande Fortaleza,2022,9,14167045.359999992
2307700,03,Grande Fortaleza,2022,9,1345596.3000000003
2309607,03,Grande Fortaleza,2022,9,1348142.795
2309706,03,Grande Fortaleza,2022,9,226699.33499999903
2310209,03,Grande Fortaleza,2022,9,2402732.46
2310258,03,Grande Fortaleza,2022,9,1570742.4849999994
2310852,03,Grande Fortaleza,2022,9,877612.8800000001
2312403,03,Grande Fortaleza,2022,9,0.0
2312601,03,Grande Fortaleza,2022,9,245295.80000000005
2313500,03,Grande Fortaleza,2022,9,2899090.1399999997
2301109,04,Litoral Leste,2022,9,2213853.5249999985
2302206,04,Litoral Leste,2022,9,1747289.4650000003
2304459,04,Litoral Leste,2022,9,2224049.0949999997
2305357,04,Litoral Leste,2022,9,3064909.219999999
2306207,04,Litoral Leste,2022,9,326728.505
2307007,04,Litoral Leste,2022,9,533778.2300000001
2300200,05,Litoral Norte,2022,9,4180602.4499999993
2302057,05,Litoral Norte,2022,9,349475.1699999999
2302305,05,Litoral Norte,2022,9,159993.8799999999
2302602,05,Litoral Norte,2022,9,494744.81499999994
2303907,05,Litoral Norte,2022,9,62033.03000000003
2304251,05,Litoral Norte,2022,9,2004919.0999999996
2304707,05,Litoral Norte,2022,9,3312263.3049999997
2306553,05,Litoral Norte,2022,9,1110220.1800000016
2307254,05,Litoral Norte,2022,9,1955203.79
2307809,05,Litoral Norte,2022,9,3407701.9850000003
2307908,05,Litoral Norte,2022,9,373108.1499999999
2308906,05,Litoral Norte,2022,9,950028.4249999998
2300754,06,Litoral Oeste / Vale do Curu,2022,9,1147104.4649999999
2300903,06,Litoral Oeste / Vale do Curu,2022,9,0.0
2304608,06,Litoral Oeste / Vale do Curu,2022,9,231893.1000000001
2306108,06,Litoral Oeste / Vale do Curu,2022,9,1081156.3599999994
2306306,06,Litoral Oeste / Vale do Curu,2022,9,2996855.3400000003
2306405,06,Litoral Oeste / Vale do Curu,2022,9,3480624.594999999
2308377,06,Litoral Oeste / Vale do Curu,2022,9,304392.0449999999
2310704,06,Litoral Oeste / Vale do Curu,2022,9,1102907.8499999996
2313351,06,Litoral Oeste / Vale do Curu,2022,9,1036981.645
2313559,06,Litoral Oeste / Vale do Curu,2022,9,0.0
2313757,06,Litoral Oeste / Vale do Curu,2022,9,118389.89000000013
2313807,06,Litoral Oeste / Vale do Curu,2022,9,872971.6299999999
2300150,07,Maciço do Baturité,2022,9,257435.435
2301208,07,Maciço do Baturité,2022,9,844422.9399999995
2301406,07,Maciço do Baturité,2022,9,477728.40500000014
2301950,07,Maciço do Baturité,2022,9,470331.05499999993
2302909,07,Maciço do Baturité,2022,9,18000.704999999958
2305100,07,Maciço do Baturité,2022,9,143891.06500000006
2306504,07,Maciço do Baturité,2022,9,868287.8949999999
2309102,07,Maciço do Baturité,2022,9,545930.3350000001
2309458,07,Maciço do Baturité,2022,9,255840.19500000007
2309805,07,Maciço do Baturité,2022,9,955548.7749999999
2310100,07,Maciço do Baturité,2022,9,158758.22999999998
2311603,07,Maciço do Baturité,2022,9,535635.2849999997
2303402,08,Serra da Ibiapaba,2022,9,533715.8300000001
2304236,08,Serra da Ibiapaba,2022,9,300989.0449999999
2305001,08,Serra da Ibiapaba,2022,9,995654.1500000004
2305308,08,Serra da Ibiapaba,2022,9,803838.6149999998
2305803,08,Serra da Ibiapaba,2022,9,1283163.7199999997
2312304,08,Serra da Ibiapaba,2022,9,1894793.080000001
2313401,08,Serra da Ibiapaba,2022,9,1655816.5700000003
2313609,08,Serra da Ibiapaba,2022,9,4902506.845
2314102,08,Serra da Ibiapaba,2022,9,811555.52
2301851,09,Sertão Central,2022,9,491208.59999999986
2303931,09,Sertão Central,2022,9,104357.20999999996
2304269,09,Sertão Central,2022,9,216435.82499999995
2305266,09,Sertão Central,2022,9,395513.58999999997
2305332,09,Sertão Central,2022,9,1108306.2400000002
2308351,09,Sertão Central,2022,9,418257.5049999999
2308500,09,Sertão Central,2022,9,1057433.1500000004
2310506,09,Sertão Central,2022,9,2389267.460000001
2310902,09,Sertão Central,2022,9,584663.395
2311306,09,Sertão Central,2022,9,485468.71499999985
2311405,09,Sertão Central,2022,9,956116.02
2312700,09,Sertão Central,2022,9,1051757.7000000002
2313005,09,Sertão Central,2022,9,2198985.06
2302404,10,Sertão de Canindé,2022,9,3624371.9450000003
2302800,10,Sertão de Canindé,2022,9,2817919.9849999994
2303006,10,Sertão de Canindé,2022,9,560997.24
2306603,10,Sertão de Canindé,2022,9,2005151.9450000003
2307635,10,Sertão de Canindé,2022,9,513685.01500000013
2310407,10,Sertão de Canindé,2022,9,190926.98999999996
2300507,11,Sertão de Sobral,2022,9,136335.7350000001
2304350,11,Sertão de Sobral,2022,9,105224.71499999985
2304509,11,Sertão de Sobral,2022,9,686746.135
2304657,11,Sertão de Sobral,2022,9,452086.69499999983
2304905,11,Sertão de Sobral,2022,9,245477.80000000005
2308005,11,Sertão de Sobral,2022,9,2127479.42
2308203,11,Sertão de Sobral,2022,9,0.0
2309904,11,Sertão de Sobral,2022,9,760669.105
2310951,11,Sertão de Sobral,2022,9,276132.1599999999
2311702,11,Sertão de Sobral,2022,9,362991.81499999994
2312007,11,Sertão de Sobral,2022,9,1175570.755
2312908,11,Sertão de Sobral,2022,9,14199603.235
2303659,12,Sertão dos Crateús,2022,9,312614.3999999999
2304103,12,Sertão dos Crateús,2022,9,0.0
2305209,12,Sertão dos Crateús,2022,9,231650.80000000005
2305605,12,Sertão dos Crateús,2022,9,942548.7250000001
2305902,12,Sertão dos Crateús,2022,9,1898504.955
2308609,12,Sertão dos Crateús,2022,9,686038.1249999999
2309300,12,Sertão dos Crateús,2022,9,0.0
2309409,12,Sertão dos Crateús,2022,9,3009629.950000001
2312205,12,Sertão dos Crateús,2022,9,1342446.0300000003
2313203,12,Sertão dos Crateús,2022,9,1464353.8849999998
2300408,13,Sertão dos Inhamuns,2022,9,344581.1300000001
2313302,13,Sertão dos Inhamuns,2022,9,4887168.960000001
2300705,14,Vale do Jaguaribe,2022,9,1163214.4700000002
2304277,14,Vale do Jaguaribe,2022,9,565903.3200000001
2306009,14,Vale do Jaguaribe,2022,9,401703.9700000002
2306702,14,Vale do Jaguaribe,2022,9,796363.3899999997
2306801,14,Vale do Jaguaribe,2022,9,565809.395
2307601,14,Vale do Jaguaribe,2022,9,406450.93500000006
2308708,14,Vale do Jaguaribe,2022,9,2854480.9450000003
2310001,14,Vale do Jaguaribe,2022,9,94315.32500000007
2311231,14,Vale do Jaguaribe,2022,9,198629.375
2311504,14,Vale do Jaguaribe,2022,9,984734.4600000002
2311801,14,Vale do Jaguaribe,2022,9,2615462.21
2312502,14,Vale do Jaguaribe,2022,9,148180.17500000005
2313104,14,Vale do Jaguaribe,2022,9,1095023.3150000002
2300101,01,Cariri,2022,10,37832.40000000002
2300606,01,Cariri,2022,10,798294.26
2300804,01,Cariri,2022,10,238549.46000000008
2301307,01,Cariri,2022,10,216901.91000000015
2301604,01,Cariri,2022,10,1470598.5499999998
2301703,01,Cariri,2022,10,490352.58499999973
2301901,01,Cariri,2022,10,306584.6299999999
2302008,01,Cariri,2022,10,214140.00000000006
2302503,01,Cariri,2022,10,0.0
2302701,01,Cariri,2022,10,269342.7450000001
2303204,01,Cariri,2022,10,1078002.08
2304202,01,Cariri,2022,10,5191804.050000001
2304301,01,Cariri,2022,10,267276.1300000001
2304806,01,Cariri,2022,10,272937.45999999996
2307106,01,Cariri,2022,10,955013.625
2307205,01,Cariri,2022,10,448302.96499999985
2307304,01,Cariri,2022,10,8683100.21
2307502,01,Cariri,2022,10,164109.95999999996
2308104,01,Cariri,2022,10,653037.5049999999
2308302,01,Cariri,2022,10,485260.9099999999
2308401,01,Cariri,2022,10,87669.95000000019
2309201,01,Cariri,2022,10,560512.365
2310605,01,Cariri,2022,10,155832.70999999996
2311108,01,Cariri,2022,10,521843.92000000086
2311207,01,Cariri,2022,10,162500.0
2311959,01,Cariri,2022,10,15617.645000000019
2313252,01,Cariri,2022,10,351470.6399999999
2314003,01,Cariri,2022,10,1618914.3450000007
2300309,02,Centro Sul,2022,10,865599.5100000002
2301802,02,Centro Sul,2022,10,303512.4
2303600,02,Centro Sul,2022,10,159670.30000000005
2303808,02,Centro Sul,2022,10,12306.5
2305407,02,Centro Sul,2022,10,1456135.2200000002
2305506,02,Centro Sul,2022,10,1125013.5549999997
2305704,02,Centro Sul,2022,10,454954.30500000017
2307403,02,Centro Sul,2022,10,411772.7949999999
2309508,02,Centro Sul,2022,10,276032.4350000003
2311355,02,Centro Sul,2022,10,749973.5449999999
2311900,02,Centro Sul,2022,10,414773.9950000001
2313708,02,Centro Sul,2022,10,159750.93999999994
2301000,03,Grande Fortaleza,2022,10,1542652.625
2303501,03,Grande Fortaleza,2022,10,2719316.5700000003
2303709,03,Grande Fortaleza,2022,10,8445284.055
2303956,03,Grande Fortaleza,2022,10,1553752.1050000004
2304285,03,Grande Fortaleza,2022,10,2934791.469999999
2304400,03,Grande Fortaleza,2022,10,68009582.27499998
2304954,03,Grande Fortaleza,2022,10,794830.8700000001
2305233,03,Grande Fortaleza,2022,10,2045971.7300000004
2306256,03,Grande Fortaleza,2022,10,1359516.04
2307650,03,Grande Fortaleza,2022,10,14167045.359999992
2307700,03,Grande Fortaleza,2022,10,1345596.3000000003
2309607,03,Grande Fortaleza,2022,10,1348142.795
2309706,03,Grande Fortaleza,2022,10,226699.33499999903
2310209,03,Grande Fortaleza,2022,10,2402732.46
2310258,03,Grande Fortaleza,2022,10,1570742.4849999994
2310852,03,Grande Fortaleza,2022,10,877612.8800000001
2312403,03,Grande Fortaleza,2022,10,0.0
2312601,03,Grande Fortaleza,2022,10,245295.80000000005
2313500,03,Grande Fortaleza,2022,10,2899090.1399999997
2301109,04,Litoral Leste,2022,10,2213853.5249999985
2302206,04,Litoral Leste,2022,10,1747289.4650000003
2304459,04,Litoral Leste,2022,10,2224049.0949999997
2305357,04,Litoral Leste,2022,10,3064909.219999999
2306207,04,Litoral Leste,2022,10,326728.505
2307007,04,Litoral Leste,2022,10,533778.2300000001
2300200,05,Litoral Norte,2022,10,4180602.4499999993
2302057,05,Litoral Norte,2022,10,349475.1699999999
2302305,05,Litoral Norte,2022,10,159993.8799999999
2302602,05,Litoral Norte,2022,10,494744.81499999994
2303907,05,Litoral Norte,2022,10,62033.03000000003
2304251,05,Litoral Norte,2022,10,2004919.0999999996
2304707,05,Litoral Norte,2022,10,3312263.3049999997
2306553,05,Litoral Norte,2022,10,1110220.1800000016
2307254,05,Litoral Norte,2022,10,1955203.79
2307809,05,Litoral Norte,2022,10,3407701.9850000003
2307908,05,Litoral Norte,2022,10,373108.1499999999
2308906,05,Litoral Norte,2022,10,950028.4249999998
2300754,06,Litoral Oeste / Vale do Curu,2022,10,1147104.4649999999
2300903,06,Litoral Oeste / Vale do Curu,2022,10,0.0
2304608,06,Litoral Oeste / Vale do Curu,2022,10,231893.1000000001
2306108,06,Litoral Oeste / Vale do Curu,2022,10,1081156.3599999994
2306306,06,Litoral Oeste / Vale do Curu,2022,10,2996855.3400000003
2306405,06,Litoral Oeste / Vale do Curu,2022,10,3480624.594999999
2308377,06,Litoral Oeste / Vale do Curu,2022,10,304392.0449999999
2310704,06,Litoral Oeste / Vale do Curu,2022,10,1102907.8499999996
2313351,06,Litoral Oeste / Vale do Curu,2022,10,1036981.645
2313559,06,Litoral Oeste / Vale do Curu,2022,10,0.0
2313757,06,Litoral Oeste / Vale do Curu,2022,10,118389.89000000013
2313807,06,Litoral Oeste / Vale do Curu,2022,10,872971.6299999999
2300150,07,Maciço do Baturité,2022,10,257435.435
2301208,07,Maciço do Baturité,2022,10,844422.9399999995
2301406,07,Maciço do Baturité,2022,10,477728.40500000014
2301950,07,Maciço do Baturité,2022,10,470331.05499999993
2302909,07,Maciço do Baturité,2022,10,18000.704999999958
2305100,07,Maciço do Baturité,2022,10,143891.06500000006
2306504,07,Maciço do Baturité,2022,10,868287.8949999999
2309102,07,Maciço do Baturité,2022,10,545930.3350000001
2309458,07,Maciço do Baturité,2022,10,255840.19500000007
2309805,07,Maciço do Baturité,2022,10,955548.7749999999
2310100,07,Maciço do Baturité,2022,10,158758.22999999998
2311603,07,Maciço do Baturité,2022,10,535635.2849999997
2303402,08,Serra da Ibiapaba,2022,10,533715.8300000001
2304236,08,Serra da Ibiapaba,2022,10,300989.0449999999
2305001,08,Serra da Ibiapaba,2022,10,995654.1500000004
2305308,08,Serra da Ibiapaba,2022,10,803838.6149999998
2305803,08,Serra da Ibiapaba,2022,10,1283163.7199999997
2312304,08,Serra da Ibiapaba,2022,10,1894793.080000001
2313401,08,Serra da Ibiapaba,2022,10,1655816.5700000003
2313609,08,Serra da Ibiapaba,2022,10,4902506.845
2314102,08,Serra da Ibiapaba,2022,10,811555.52
2301851,09,Sertão Central,2022,10,491208.59999999986
2303931,09,Sertão Central,2022,10,104357.20999999996
2304269,09,Sertão Central,2022,10,216435.82499999995
2305266,09,Sertão Central,2022,10,395513.58999999997
2305332,09,Sertão Central,2022,10,1108306.2400000002
2308351,09,Sertão Central,2022,10,418257.5049999999
2308500,09,Sertão Central,2022,10,1057433.1500000004
2310506,09,Sertão Central,2022,10,2389267.460000001
2310902,09,Sertão Central,2022,10,584663.395
2311306,09,Sertão Central,2022,10,485468.71499999985
2311405,09,Sertão Central,2022,10,956116.02
2312700,09,Sertão Central,2022,10,1051757.7000000002
2313005,09,Sertão Central,2022,10,2198985.06
2302404,10,Sertão de Canindé,2022,10,3624371.9450000003
2302800,10,Sertão de Canindé,2022,10,2817919.9849999994
2303006,10,Sertão de Canindé,2022,10,560997.24
2306603,10,Sertão de Canindé,2022,10,2005151.9450000003
2307635,10,Sertão de Canindé,2022,10,513685.01500000013
2310407,10,Sertão de Canindé,2022,10,190926.98999999996
2300507,11,Sertão de Sobral,2022,10,136335.7350000001
2304350,11,Sertão de Sobral,2022,10,105224.71499999985
2304509,11,Sertão de Sobral,2022,10,686746.135
2304657,11,Sertão de Sobral,2022,10,452086.69499999983
2304905,11,Sertão de Sobral,2022,10,245477.80000000005
2308005,11,Sertão de Sobral,2022,10,2127479.42
2308203,11,Sertão de Sobral,2022,10,0.0
2309904,11,Sertão de Sobral,2022,10,760669.105
2310951,11,Sertão de Sobral,2022,10,276132.1599999999
2311702,11,Sertão de Sobral,2022,10,362991.81499999994
2312007,11,Sertão de Sobral,2022,10,1175570.755
2312908,11,Sertão de Sobral,2022,10,14199603.235
2303659,12,Sertão dos Crateús,2022,10,312614.3999999999
2304103,12,Sertão dos Crateús,2022,10,0.0
2305209,12,Sertão dos Crateús,2022,10,231650.80000000005
2305605,12,Sertão dos Crateús,2022,10,942548.7250000001
2305902,12,Sertão dos Crateús,2022,10,1898504.955
2308609,12,Sertão dos Crateús,2022,10,686038.1249999999
2309300,12,Sertão dos Crateús,2022,10,0.0
2309409,12,Sertão dos Crateús,2022,10,3009629.950000001
2312205,12,Sertão dos Crateús,2022,10,1342446.0300000003
2313203,12,Sertão dos Crateús,2022,10,1464353.8849999998
2300408,13,Sertão dos Inhamuns,2022,10,344581.1300000001
2313302,13,Sertão dos Inhamuns,2022,10,4887168.960000001
2300705,14,Vale do Jaguaribe,2022,10,1163214.4700000002
2304277,14,Vale do Jaguaribe,2022,10,565903.3200000001
2306009,14,Vale do Jaguaribe,2022,10,401703.9700000002
2306702,14,Vale do Jaguaribe,2022,10,796363.3899999997
2306801,14,Vale do Jaguaribe,2022,10,565809.395
2307601,14,Vale do Jaguaribe,2022,10,406450.93500000006
2308708,14,Vale do Jaguaribe,2022,10,2854480.9450000003
2310001,14,Vale do Jaguaribe,2022,10,94315.32500000007
2311231,14,Vale do Jaguaribe,2022,10,198629.375
2311504,14,Vale do Jaguaribe,2022,10,984734.4600000002
2311801,14,Vale do Jaguaribe,2022,10,2615462.21
2312502,14,Vale do Jaguaribe,2022,10,148180.17500000005
2313104,14,Vale do Jaguaribe,2022,10,1095023.3150000002
2300101,01,Cariri,2022,11,643870.775
2300606,01,Cariri,2022,11,1122705.515
2300804,01,Cariri,2022,11,264852.75
2301307,01,Cariri,2022,11,273173.0349999999
2301604,01,Cariri,2022,11,4113657.619999999
2301703,01,Cariri,2022,11,831222.415
2301901,01,Cariri,2022,11,0.0
2302008,01,Cariri,2022,11,914017.5599999999
2302503,01,Cariri,2022,11,13055460.995000001
2302701,01,Cariri,2022,11,267454.365
2303204,01,Cariri,2022,11,3599902.2600000002
2304202,01,Cariri,2022,11,3133098.405000001
2304301,01,Cariri,2022,11,1230548.46
2304806,01,Cariri,2022,11,789859.8700000001
2307106,01,Cariri,2022,11,1849698.88
2307205,01,Cariri,2022,11,686224.2050000001
2307304,01,Cariri,2022,11,5266435.510000002
2307502,01,Cariri,2022,11,1760379.0799999996
2308104,01,Cariri,2022,11,838462.0750000002
2308302,01,Cariri,2022,11,3451927.5149999997
2308401,01,Cariri,2022,11,377269.905
2309201,01,Cariri,2022,11,593716.2650000001
2310605,01,Cariri,2022,11,318757.54999999993
2311108,01,Cariri,2022,11,1206115.4949999992
2311207,01,Cariri,2022,11,0.0
2311959,01,Cariri,2022,11,251926.3500000001
2313252,01,Cariri,2022,11,0.0
2314003,01,Cariri,2022,11,789581.1600000001
2300309,02,Centro Sul,2022,11,0.0
2301802,02,Centro Sul,2022,11,141656.71499999997
2303600,02,Centro Sul,2022,11,157533.46999999997
2303808,02,Centro Sul,2022,11,178517.05000000005
2305407,02,Centro Sul,2022,11,2215816.5149999997
2305506,02,Centro Sul,2022,11,609145.0949999997
2305704,02,Centro Sul,2022,11,898376.0149999997
2307403,02,Centro Sul,2022,11,465949.9000000004
2309508,02,Centro Sul,2022,11,174737.875
2311355,02,Centro Sul,2022,11,45347.56500000041
2311900,02,Centro Sul,2022,11,1095885.7449999996
2313708,02,Centro Sul,2022,11,83531.51000000001
2301000,03,Grande Fortaleza,2022,11,2387734.245000001
2303501,03,Grande Fortaleza,2022,11,6197156.764999999
2303709,03,Grande Fortaleza,2022,11,12820350.134999998
2303956,03,Grande Fortaleza,2022,11,1857807.04
2304285,03,Grande Fortaleza,2022,11,0.0
2304400,03,Grande Fortaleza,2022,11,35914560.70500004
2304954,03,Grande Fortaleza,2022,11,2631063.795
2305233,03,Grande Fortaleza,2022,11,0.0
2306256,03,Grande Fortaleza,2022,11,1107754.6099999994
2307650,03,Grande Fortaleza,2022,11,0.0
2307700,03,Grande Fortaleza,2022,11,4097282.585
2309607,03,Grande Fortaleza,2022,11,0.0
2309706,03,Grande Fortaleza,2022,11,566250.5950000007
2310209,03,Grande Fortaleza,2022,11,778172.7050000001
2310258,03,Grande Fortaleza,2022,11,3207644.995
2310852,03,Grande Fortaleza,2022,11,2904628.1950000003
2312403,03,Grande Fortaleza,2022,11,0.0
2312601,03,Grande Fortaleza,2022,11,194035.71999999997
2313500,03,Grande Fortaleza,2022,11,992795.1900000013
2301109,04,Litoral Leste,2022,11,531599.9450000003
2302206,04,Litoral Leste,2022,11,3908406.735
2304459,04,Litoral Leste,2022,11,1511981.705
2305357,04,Litoral Leste,2022,11,4002473.030000001
2306207,04,Litoral Leste,2022,11,752795.625
2307007,04,Litoral Leste,2022,11,619424.3499999999
2300200,05,Litoral Norte,2022,11,1135542.2249999996
2302057,05,Litoral Norte,2022,11,9428.465000000084
2302305,05,Litoral Norte,2022,11,679007.5799999998
2302602,05,Litoral Norte,2022,11,0.0
2303907,05,Litoral Norte,2022,11,54075.16000000003
2304251,05,Litoral Norte,2022,11,1192558.33
2304707,05,Litoral Norte,2022,11,6620111.23
2306553,05,Litoral Norte,2022,11,1059298.4249999989
2307254,05,Litoral Norte,2022,11,0.0
2307809,05,Litoral Norte,2022,11,3763371.754999999
2307908,05,Litoral Norte,2022,11,282650.5500000003
2308906,05,Litoral Norte,2022,11,740522.2450000001
2300754,06,Litoral Oeste / Vale do Curu,2022,11,482332.8499999996
2300903,06,Litoral Oeste / Vale do Curu,2022,11,588763.1399999999
2304608,06,Litoral Oeste / Vale do Curu,2022,11,0.0
2306108,06,Litoral Oeste / Vale do Curu,2022,11,889942.3300000001
2306306,06,Litoral Oeste / Vale do Curu,2022,11,1066767.3449999997
2306405,06,Litoral Oeste / Vale do Curu,2022,11,5537272.48
2308377,06,Litoral Oeste / Vale do Curu,2022,11,591242.9849999999
2310704,06,Litoral Oeste / Vale do Curu,2022,11,3817283.1400000006
2313351,06,Litoral Oeste / Vale do Curu,2022,11,1289386.04
2313559,06,Litoral Oeste / Vale do Curu,2022,11,686341.6299999999
2313757,06,Litoral Oeste / Vale do Curu,2022,11,28514.575000000186
2313807,06,Litoral Oeste / Vale do Curu,2022,11,1316621.1049999995
2300150,07,Maciço do Baturité,2022,11,265123.46499999997
2301208,07,Maciço do Baturité,2022,11,1256248.8150000004
2301406,07,Maciço do Baturité,2022,11,1147177.3049999997
2301950,07,Maciço do Baturité,2022,11,2043807.8900000006
2302909,07,Maciço do Baturité,2022,11,335043.265
2305100,07,Maciço do Baturité,2022,11,212330.22499999998
2306504,07,Maciço do Baturité,2022,11,406323.91000000015
2309102,07,Maciço do Baturité,2022,11,515134.43500000006
2309458,07,Maciço do Baturité,2022,11,666174.6600000001
2309805,07,Maciço do Baturité,2022,11,551855.7150000003
2310100,07,Maciço do Baturité,2022,11,2203310.875
2311603,07,Maciço do Baturité,2022,11,806854.8000000003
2303402,08,Serra da Ibiapaba,2022,11,0.0
2304236,08,Serra da Ibiapaba,2022,11,1371444.0750000002
2305001,08,Serra da Ibiapaba,2022,11,3232588.6649999996
2305308,08,Serra da Ibiapaba,2022,11,1027208.7650000006
2305803,08,Serra da Ibiapaba,2022,11,190938.0100000007
2312304,08,Serra da Ibiapaba,2022,11,2909092.6549999993
2313401,08,Serra da Ibiapaba,2022,11,3480304.874999999
2313609,08,Serra da Ibiapaba,2022,11,1236660.7400000002
2314102,08,Serra da Ibiapaba,2022,11,3406553.6950000003
2301851,09,Sertão Central,2022,11,922026.6600000001
2303931,09,Sertão Central,2022,11,138882.8600000001
2304269,09,Sertão Central,2022,11,301038.7500000001
2305266,09,Sertão Central,2022,11,720908.975
2305332,09,Sertão Central,2022,11,2087705.5099999998
2308351,09,Sertão Central,2022,11,210806.28500000015
2308500,09,Sertão Central,2022,11,610850.8999999994
2310506,09,Sertão Central,2022,11,1256064.9099999983
2310902,09,Sertão Central,2022,11,134027.24999999977
2311306,09,Sertão Central,2022,11,616534.1950000003
2311405,09,Sertão Central,2022,11,1147413.0750000002
2312700,09,Sertão Central,2022,11,1268435.5300000003
2313005,09,Sertão Central,2022,11,1872729.4100000001
2302404,10,Sertão de Canindé,2022,11,2747333.879999999
2302800,10,Sertão de Canindé,2022,11,3723387.865
2303006,10,Sertão de Canindé,2022,11,1332191.245
2306603,10,Sertão de Canindé,2022,11,1081486.2599999998
2307635,10,Sertão de Canindé,2022,11,573144.3450000002
2310407,10,Sertão de Canindé,2022,11,342589.61
2300507,11,Sertão de Sobral,2022,11,292983.60499999975
2304350,11,Sertão de Sobral,2022,11,1489934.0350000001
2304509,11,Sertão de Sobral,2022,11,1166948.2650000001
2304657,11,Sertão de Sobral,2022,11,172736.97999999998
2304905,11,Sertão de Sobral,2022,11,674464.645
2308005,11,Sertão de Sobral,2022,11,447339.3849999998
2308203,11,Sertão de Sobral,2022,11,476949.7549999999
2309904,11,Sertão de Sobral,2022,11,46390.470000000205
2310951,11,Sertão de Sobral,2022,11,173309.135
2311702,11,Sertão de Sobral,2022,11,413464.91000000015
2312007,11,Sertão de Sobral,2022,11,2040411.76
2312908,11,Sertão de Sobral,2022,11,0.0
2303659,12,Sertão dos Crateús,2022,11,473836.78500000015
2304103,12,Sertão dos Crateús,2022,11,3811747.665
2305209,12,Sertão dos Crateús,2022,11,633999.4450000001
2305605,12,Sertão dos Crateús,2022,11,1373403.7799999998
2305902,12,Sertão dos Crateús,2022,11,1411898.749999999
2308609,12,Sertão dos Crateús,2022,11,178777.89000000013
2309300,12,Sertão dos Crateús,2022,11,1815851.375
2309409,12,Sertão dos Crateús,2022,11,2581494.6149999984
2312205,12,Sertão dos Crateús,2022,11,1218942.755
2313203,12,Sertão dos Crateús,2022,11,1678537.5600000005
2300408,13,Sertão dos Inhamuns,2022,11,173465.0399999998
2313302,13,Sertão dos Inhamuns,2022,11,7639348.6000000015
2300705,14,Vale do Jaguaribe,2022,11,1174809.085
2304277,14,Vale do Jaguaribe,2022,11,272072.81000000006
2306009,14,Vale do Jaguaribe,2022,11,500164.3049999997
2306702,14,Vale do Jaguaribe,2022,11,1015643.7200000007
2306801,14,Vale do Jaguaribe,2022,11,671393.7599999998
2307601,14,Vale do Jaguaribe,2022,11,208300.1000000001
2308708,14,Vale do Jaguaribe,2022,11,382193.80000000075
2310001,14,Vale do Jaguaribe,2022,11,0.0
2311231,14,Vale do Jaguaribe,2022,11,373578.68000000017
2311504,14,Vale do Jaguaribe,2022,11,581742.8599999999
2311801,14,Vale do Jaguaribe,2022,11,1205528.67
2312502,14,Vale do Jaguaribe,2022,11,117780.21499999997
2313104,14,Vale do Jaguaribe,2022,11,489527.0349999997
2300101,01,Cariri,2022,12,643870.775
2300606,01,Cariri,2022,12,1122705.515
2300804,01,Cariri,2022,12,264852.75
2301307,01,Cariri,2022,12,273173.0349999999
2301604,01,Cariri,2022,12,4113657.619999999
2301703,01,Cariri,2022,12,831222.415
2301901,01,Cariri,2022,12,0.0
2302008,01,Cariri,2022,12,914017.5599999999
2302503,01,Cariri,2022,12,13055460.995000001
2302701,01,Cariri,2022,12,267454.365
2303204,01,Cariri,2022,12,3599902.2600000002
2304202,01,Cariri,2022,12,3133098.405000001
2304301,01,Cariri,2022,12,1230548.46
2304806,01,Cariri,2022,12,789859.8700000001
2307106,01,Cariri,2022,12,1849698.88
2307205,01,Cariri,2022,12,686224.2050000001
2307304,01,Cariri,2022,12,5266435.510000002
2307502,01,Cariri,2022,12,1760379.0799999996
2308104,01,Cariri,2022,12,838462.0750000002
2308302,01,Cariri,2022,12,3451927.5149999997
2308401,01,Cariri,2022,12,377269.905
2309201,01,Cariri,2022,12,593716.2650000001
2310605,01,Cariri,2022,12,318757.54999999993
2311108,01,Cariri,2022,12,1206115.4949999992
2311207,01,Cariri,2022,12,0.0
2311959,01,Cariri,2022,12,251926.3500000001
2313252,01,Cariri,2022,12,0.0
2314003,01,Cariri,2022,12,789581.1600000001
2300309,02,Centro Sul,2022,12,0.0
2301802,02,Centro Sul,2022,12,141656.71499999997
2303600,02,Centro Sul,2022,12,157533.46999999997
2303808,02,Centro Sul,2022,12,178517.05000000005
2305407,02,Centro Sul,2022,12,2215816.5149999997
2305506,02,Centro Sul,2022,12,609145.0949999997
2305704,02,Centro Sul,2022,12,898376.0149999997
2307403,02,Centro Sul,2022,12,465949.9000000004
2309508,02,Centro Sul,2022,12,174737.875
2311355,02,Centro Sul,2022,12,45347.56500000041
2311900,02,Centro Sul,2022,12,1095885.7449999996
2313708,02,Centro Sul,2022,12,83531.51000000001
2301000,03,Grande Fortaleza,2022,12,2387734.245000001
2303501,03,Grande Fortaleza,2022,12,6197156.764999999
2303709,03,Grande Fortaleza,2022,12,12820350.134999998
2303956,03,Grande Fortaleza,2022,12,1857807.04
2304285,03,Grande Fortaleza,2022,12,0.0
2304400,03,Grande Fortaleza,2022,12,35914560.70500004
2304954,03,Grande Fortaleza,2022,12,2631063.795
2305233,03,Grande Fortaleza,2022,12,0.0
2306256,03,Grande Fortaleza,2022,12,1107754.6099999994
2307650,03,Grande Fortaleza,2022,12,0.0
2307700,03,Grande Fortaleza,2022,12,4097282.585
2309607,03,Grande Fortaleza,2022,12,0.0
2309706,03,Grande Fortaleza,2022,12,566250.5950000007
2310209,03,Grande Fortaleza,2022,12,778172.7050000001
2310258,03,Grande Fortaleza,2022,12,3207644.995
2310852,03,Grande Fortaleza,2022,12,2904628.1950000003
2312403,03,Grande Fortaleza,2022,12,0.0
2312601,03,Grande Fortaleza,2022,12,194035.71999999997
2313500,03,Grande Fortaleza,2022,12,992795.1900000013
2301109,04,Litoral Leste,2022,12,531599.9450000003
2302206,04,Litoral Leste,2022,12,3908406.735
2304459,04,Litoral Leste,2022,12,1511981.705
2305357,04,Litoral Leste,2022,12,4002473.030000001
2306207,04,Litoral Leste,2022,12,752795.625
2307007,04,Litoral Leste,2022,12,619424.3499999999
2300200,05,Litoral Norte,2022,12,1135542.2249999996
2302057,05,Litoral Norte,2022,12,9428.465000000084
2302305,05,Litoral Norte,2022,12,679007.5799999998
2302602,05,Litoral Norte,2022,12,0.0
2303907,05,Litoral Norte,2022,12,54075.16000000003
2304251,05,Litoral Norte,2022,12,1192558.33
2304707,05,Litoral Norte,2022,12,6620111.23
2306553,05,Litoral Norte,2022,12,1059298.4249999989
2307254,05,Litoral Norte,2022,12,0.0
2307809,05,Litoral Norte,2022,12,3763371.754999999
2307908,05,Litoral Norte,2022,12,282650.5500000003
2308906,05,Litoral Norte,2022,12,740522.2450000001
2300754,06,Litoral Oeste / Vale do Curu,2022,12,482332.8499999996
2300903,06,Litoral Oeste / Vale do Curu,2022,12,588763.1399999999
2304608,06,Litoral Oeste / Vale do Curu,2022,12,0.0
2306108,06,Litoral Oeste / Vale do Curu,2022,12,889942.3300000001
2306306,06,Litoral Oeste / Vale do Curu,2022,12,1066767.3449999997
2306405,06,Litoral Oeste / Vale do Curu,2022,12,5537272.48
2308377,06,Litoral Oeste / Vale do Curu,2022,12,591242.9849999999
2310704,06,Litoral Oeste / Vale do Curu,2022,12,3817283.1400000006
2313351,06,Litoral Oeste / Vale do Curu,2022,12,1289386.04
2313559,06,Litoral Oeste / Vale do Curu,2022,12,686341.6299999999
2313757,06,Litoral Oeste / Vale do Curu,2022,12,28514.575000000186
2313807,06,Litoral Oeste / Vale do Curu,2022,12,1316621.1049999995
2300150,07,Maciço do Baturité,2022,12,265123.46499999997
2301208,07,Maciço do Baturité,2022,12,1256248.8150000004
2301406,07,Maciço do Baturité,2022,12,1147177.3049999997
2301950,07,Maciço do Baturité,2022,12,2043807.8900000006
2302909,07,Maciço do Baturité,2022,12,335043.265
2305100,07,Maciço do Baturité,2022,12,212330.22499999998
2306504,07,Maciço do Baturité,2022,12,406323.91000000015
2309102,07,Maciço do Baturité,2022,12,515134.43500000006
2309458,07,Maciço do Baturité,2022,12,666174.6600000001
2309805,07,Maciço do Baturité,2022,12,551855.7150000003
2310100,07,Maciço do Baturité,2022,12,2203310.875
2311603,07,Maciço do Baturité,2022,12,806854.8000000003
2303402,08,Serra da Ibiapaba,2022,12,0.0
2304236,08,Serra da Ibiapaba,2022,12,1371444.0750000002
2305001,08,Serra da Ibiapaba,2022,12,3232588.6649999996
2305308,08,Serra da Ibiapaba,2022,12,1027208.7650000006
2305803,08,Serra da Ibiapaba,2022,12,190938.0100000007
2312304,08,Serra da Ibiapaba,2022,12,2909092.6549999993
2313401,08,Serra da Ibiapaba,2022,12,3480304.874999999
2313609,08,Serra da Ibiapaba,2022,12,1236660.7400000002
2314102,08,Serra da Ibiapaba,2022,12,3406553.6950000003
2301851,09,Sertão Central,2022,12,922026.6600000001
2303931,09,Sertão Central,2022,12,138882.8600000001
2304269,09,Sertão Central,2022,12,301038.7500000001
2305266,09,Sertão Central,2022,12,720908.975
2305332,09,Sertão Central,2022,12,2087705.5099999998
2308351,09,Sertão Central,2022,12,210806.28500000015
2308500,09,Sertão Central,2022,12,610850.8999999994
2310506,09,Sertão Central,2022,12,1256064.9099999983
2310902,09,Sertão Central,2022,12,134027.24999999977
2311306,09,Sertão Central,2022,12,616534.1950000003
2311405,09,Sertão Central,2022,12,1147413.0750000002
2312700,09,Sertão Central,2022,12,1268435.5300000003
2313005,09,Sertão Central,2022,12,1872729.4100000001
2302404,10,Sertão de Canindé,2022,12,2747333.879999999
2302800,10,Sertão de Canindé,2022,12,3723387.865
2303006,10,Sertão de Canindé,2022,12,1332191.245
2306603,10,Sertão de Canindé,2022,12,1081486.2599999998
2307635,10,Sertão de Canindé,2022,12,573144.3450000002
2310407,10,Sertão de Canindé,2022,12,342589.61
2300507,11,Sertão de Sobral,2022,12,292983.60499999975
2304350,11,Sertão de Sobral,2022,12,1489934.0350000001
2304509,11,Sertão de Sobral,2022,12,1166948.2650000001
2304657,11,Sertão de Sobral,2022,12,172736.97999999998
2304905,11,Sertão de Sobral,2022,12,674464.645
2308005,11,Sertão de Sobral,2022,12,447339.3849999998
2308203,11,Sertão de Sobral,2022,12,476949.7549999999
2309904,11,Sertão de Sobral,2022,12,46390.470000000205
2310951,11,Sertão de Sobral,2022,12,173309.135
2311702,11,Sertão de Sobral,2022,12,413464.91000000015
2312007,11,Sertão de Sobral,2022,12,2040411.76
2312908,11,Sertão de Sobral,2022,12,0.0
2303659,12,Sertão dos Crateús,2022,12,473836.78500000015
2304103,12,Sertão dos Crateús,2022,12,3811747.665
2305209,12,Sertão dos Crateús,2022,12,633999.4450000001
2305605,12,Sertão dos Crateús,2022,12,1373403.7799999998
2305902,12,Sertão dos Crateús,2022,12,1411898.749999999
2308609,12,Sertão dos Crateús,2022,12,178777.89000000013
2309300,12,Sertão dos Crateús,2022,12,1815851.375
2309409,12,Sertão dos Crateús,2022,12,2581494.6149999984
2312205,12,Sertão dos Crateús,2022,12,1218942.755
2313203,12,Sertão dos Crateús,2022,12,1678537.5600000005
2300408,13,Sertão dos Inhamuns,2022,12,173465.0399999998
2313302,13,Sertão dos Inhamuns,2022,12,7639348.6000000015
2300705,14,Vale do Jaguaribe,2022,12,1174809.085
2304277,14,Vale do Jaguaribe,2022,12,272072.81000000006
2306009,14,Vale do Jaguaribe,2022,12,500164.3049999997
2306702,14,Vale do Jaguaribe,2022,12,1015643.7200000007
2306801,14,Vale do Jaguaribe,2022,12,671393.7599999998
2307601,14,Vale do Jaguaribe,2022,12,208300.1000000001
2308708,14,Vale do Jaguaribe,2022,12,382193.80000000075
2310001,14,Vale do Jaguaribe,2022,12,0.0
2311231,14,Vale do Jaguaribe,2022,12,373578.68000000017
2311504,14,Vale do Jaguaribe,2022,12,581742.8599999999
2311801,14,Vale do Jaguaribe,2022,12,1205528.67
2312502,14,Vale do Jaguaribe,2022,12,117780.21499999997
2313104,14,Vale do Jaguaribe,2022,12,489527.0349999997
2300101,01,Cariri,2023,1,151933.155
2300606,01,Cariri,2023,1,846232.015
2300804,01,Cariri,2023,1,251507.38
2301307,01,Cariri,2023,1,113116.045
2301604,01,Cariri,2023,1,3783484.52
2301703,01,Cariri,2023,1,572760.9
2301901,01,Cariri,2023,1,1677016.555
2302008,01,Cariri,2023,1,308113.675
2302503,01,Cariri,2023,1,675222.9
2302701,01,Cariri,2023,1,217111.935
2303204,01,Cariri,2023,1,378590.285
2304202,01,Cariri,2023,1,5894982.14
2304301,01,Cariri,2023,1,1773514.315
2304806,01,Cariri,2023,1,572677.5
2307106,01,Cariri,2023,1,1753047.445
2307205,01,Cariri,2023,1,376671.57
2307304,01,Cariri,2023,1,10172399.265
2307502,01,Cariri,2023,1,565313.24
2308104,01,Cariri,2023,1,900102.15
2308302,01,Cariri,2023,1,198171.44
2308401,01,Cariri,2023,1,591315.39
2309201,01,Cariri,2023,1,310802.6
2310605,01,Cariri,2023,1,437597.53
2311108,01,Cariri,2023,1,911314.46
2311207,01,Cariri,2023,1,54739.5
2311959,01,Cariri,2023,1,227153.725
2313252,01,Cariri,2023,1,87636.81
2314003,01,Cariri,2023,1,3151709.135
2300309,02,Centro Sul,2023,1,335119.925
2301802,02,Centro Sul,2023,1,19237.885
2303600,02,Centro Sul,2023,1,379274.655
2303808,02,Centro Sul,2023,1,315965.84
2305407,02,Centro Sul,2023,1,1256606.77
2305506,02,Centro Sul,2023,1,574933.29
2305704,02,Centro Sul,2023,1,280545.6
2307403,02,Centro Sul,2023,1,1356538.09
2311355,02,Centro Sul,2023,1,1079287.895
2311900,02,Centro Sul,2023,1,209513.025
2313708,02,Centro Sul,2023,1,54325.055
2301000,03,Grande Fortaleza,2023,1,3406169.985
2303501,03,Grande Fortaleza,2023,1,3403474.455
2303709,03,Grande Fortaleza,2023,1,7467834.325
2303956,03,Grande Fortaleza,2023,1,1159021.185
2304285,03,Grande Fortaleza,2023,1,13374906.93
2304400,03,Grande Fortaleza,2023,1,108673918.075
2304954,03,Grande Fortaleza,2023,1,1228733.785
2305233,03,Grande Fortaleza,2023,1,13009327.85
2306256,03,Grande Fortaleza,2023,1,599313.37
2307650,03,Grande Fortaleza,2023,1,34556414.635
2307700,03,Grande Fortaleza,2023,1,2399140.245
2309607,03,Grande Fortaleza,2023,1,9688888.38
2309706,03,Grande Fortaleza,2023,1,1773090.045
2310209,03,Grande Fortaleza,2023,1,1772881.535
2310258,03,Grande Fortaleza,2023,1,3965186.275
2310852,03,Grande Fortaleza,2023,1,607229.95
2312403,03,Grande Fortaleza,2023,1,7577794.18
2312601,03,Grande Fortaleza,2023,1,269842.695
2313500,03,Grande Fortaleza,2023,1,1210676.175
2301109,04,Litoral Leste,2023,1,10640555.285
2302206,04,Litoral Leste,2023,1,1672707.975
2304459,04,Litoral Leste,2023,1,1092831.075
2305357,04,Litoral Leste,2023,1,1648458.975
2306207,04,Litoral Leste,2023,1,3239.0
2307007,04,Litoral Leste,2023,1,119541.6
2300200,05,Litoral Norte,2023,1,2107006.07
2302057,05,Litoral Norte,2023,1,135846.82
2302305,05,Litoral Norte,2023,1,246375.41
2302602,05,Litoral Norte,2023,1,669034.185
2303907,05,Litoral Norte,2023,1,845934.575
2304251,05,Litoral Norte,2023,1,1427857.58
2304707,05,Litoral Norte,2023,1,3937962.14
2306553,05,Litoral Norte,2023,1,1298683.64
2307254,05,Litoral Norte,2023,1,1536038.795
2307809,05,Litoral Norte,2023,1,1211072.88
2307908,05,Litoral Norte,2023,1,57753.67
2308906,05,Litoral Norte,2023,1,1203749.005
2300754,06,Litoral Oeste / Vale do Curu,2023,1,1158145.425
2300903,06,Litoral Oeste / Vale do Curu,2023,1,32546.31
2304608,06,Litoral Oeste / Vale do Curu,2023,1,467393.19
2306108,06,Litoral Oeste / Vale do Curu,2023,1,1220673.27
2306306,06,Litoral Oeste / Vale do Curu,2023,1,1955403.4
2306405,06,Litoral Oeste / Vale do Curu,2023,1,3748443.045
2308377,06,Litoral Oeste / Vale do Curu,2023,1,844800.39
2310704,06,Litoral Oeste / Vale do Curu,2023,1,757110.25
2313351,06,Litoral Oeste / Vale do Curu,2023,1,1942377.575
2313559,06,Litoral Oeste / Vale do Curu,2023,1,244307.25
2313757,06,Litoral Oeste / Vale do Curu,2023,1,331963.44
2313807,06,Litoral Oeste / Vale do Curu,2023,1,1311939.41
2300150,07,Maciço do Baturité,2023,1,1057414.085
2301208,07,Maciço do Baturité,2023,1,512822.525
2301406,07,Maciço do Baturité,2023,1,305165.82
2301950,07,Maciço do Baturité,2023,1,872067.82
2302909,07,Maciço do Baturité,2023,1,116718.98
2305100,07,Maciço do Baturité,2023,1,88197.51
2306504,07,Maciço do Baturité,2023,1,802893.215
2309102,07,Maciço do Baturité,2023,1,450856.685
2309458,07,Maciço do Baturité,2023,1,215756.2
2309805,07,Maciço do Baturité,2023,1,446793.905
2310100,07,Maciço do Baturité,2023,1,339282.1
2311603,07,Maciço do Baturité,2023,1,500225.66
2303402,08,Serra da Ibiapaba,2023,1,1493736.5
2304236,08,Serra da Ibiapaba,2023,1,1140736.525
2305001,08,Serra da Ibiapaba,2023,1,1773788.96
2305308,08,Serra da Ibiapaba,2023,1,232949.79
2305803,08,Serra da Ibiapaba,2023,1,689449.645
2312304,08,Serra da Ibiapaba,2023,1,1247733.105
2313401,08,Serra da Ibiapaba,2023,1,2564631.515
2313609,08,Serra da Ibiapaba,2023,1,396974.17
2301851,09,Sertão Central,2023,1,285343.32
2303931,09,Sertão Central,2023,1,632831.91
2304269,09,Sertão Central,2023,1,228554.355
2305266,09,Sertão Central,2023,1,31217.315
2305332,09,Sertão Central,2023,1,784447.75
2308351,09,Sertão Central,2023,1,1116934.085
2308500,09,Sertão Central,2023,1,626530.58
2310506,09,Sertão Central,2023,1,733880.77
2310902,09,Sertão Central,2023,1,291857.355
2311306,09,Sertão Central,2023,1,496776.675
2311405,09,Sertão Central,2023,1,4345316.785
2312700,09,Sertão Central,2023,1,1438589.395
2313005,09,Sertão Central,2023,1,610571.595
2302404,10,Sertão de Canindé,2023,1,1021061.665
2302800,10,Sertão de Canindé,2023,1,2738061.395
2303006,10,Sertão de Canindé,2023,1,77710.85
2306603,10,Sertão de Canindé,2023,1,745764.33
2307635,10,Sertão de Canindé,2023,1,2026614.85
2310407,10,Sertão de Canindé,2023,1,382969.505
2300507,11,Sertão de Sobral,2023,1,1323935.935
2304350,11,Sertão de Sobral,2023,1,1178920.38
2304509,11,Sertão de Sobral,2023,1,390974.435
2304657,11,Sertão de Sobral,2023,1,338341.05
2304905,11,Sertão de Sobral,2023,1,506067.655
2308005,11,Sertão de Sobral,2023,1,985672.32
2308203,11,Sertão de Sobral,2023,1,485346.825
2309904,11,Sertão de Sobral,2023,1,317462.28
2310951,11,Sertão de Sobral,2023,1,515725.93
2311702,11,Sertão de Sobral,2023,1,657312.28
2312007,11,Sertão de Sobral,2023,1,188701.48
2312908,11,Sertão de Sobral,2023,1,13880102.755
2303659,12,Sertão dos Crateús,2023,1,172460.34
2304103,12,Sertão dos Crateús,2023,1,526513.255
2305209,12,Sertão dos Crateús,2023,1,164720.095
2305605,12,Sertão dos Crateús,2023,1,1174057.065
2305902,12,Sertão dos Crateús,2023,1,411561.77
2308609,12,Sertão dos Crateús,2023,1,310503.515
2309300,12,Sertão dos Crateús,2023,1,3568579.605
2309409,12,Sertão dos Crateús,2023,1,1877452.485
2312205,12,Sertão dos Crateús,2023,1,92678.18
2313203,12,Sertão dos Crateús,2023,1,903835.215
2300408,13,Sertão dos Inhamuns,2023,1,306629.06
2313302,13,Sertão dos Inhamuns,2023,1,2056391.66
2300705,14,Vale do Jaguaribe,2023,1,597982.245
2304277,14,Vale do Jaguaribe,2023,1,395096.455
2306009,14,Vale do Jaguaribe,2023,1,195002.35
2306702,14,Vale do Jaguaribe,2023,1,2035776.96
2306801,14,Vale do Jaguaribe,2023,1,1250849.295
2307601,14,Vale do Jaguaribe,2023,1,308352.935
2308708,14,Vale do Jaguaribe,2023,1,1830390.215
2310001,14,Vale do Jaguaribe,2023,1,15590.465
2311231,14,Vale do Jaguaribe,2023,1,453058.22
2311504,14,Vale do Jaguaribe,2023,1,153450.74
2311801,14,Vale do Jaguaribe,2023,1,2533620.775
2313104,14,Vale do Jaguaribe,2023,1,632671.565
2300101,01,Cariri,2023,2,151933.155
2300606,01,Cariri,2023,2,846232.015
2300804,01,Cariri,2023,2,251507.38
2301307,01,Cariri,2023,2,113116.045
2301604,01,Cariri,2023,2,3783484.52
2301703,01,Cariri,2023,2,572760.9
2301901,01,Cariri,2023,2,1677016.555
2302008,01,Cariri,2023,2,308113.675
2302503,01,Cariri,2023,2,675222.9
2302701,01,Cariri,2023,2,217111.935
2303204,01,Cariri,2023,2,378590.285
2304202,01,Cariri,2023,2,5894982.14
2304301,01,Cariri,2023,2,1773514.315
2304806,01,Cariri,2023,2,572677.5
2307106,01,Cariri,2023,2,1753047.445
2307205,01,Cariri,2023,2,376671.57
2307304,01,Cariri,2023,2,10172399.265
2307502,01,Cariri,2023,2,565313.24
2308104,01,Cariri,2023,2,900102.15
2308302,01,Cariri,2023,2,198171.44
2308401,01,Cariri,2023,2,591315.39
2309201,01,Cariri,2023,2,310802.6
2310605,01,Cariri,2023,2,437597.53
2311108,01,Cariri,2023,2,911314.46
2311207,01,Cariri,2023,2,54739.5
2311959,01,Cariri,2023,2,227153.725
2313252,01,Cariri,2023,2,87636.81
2314003,01,Cariri,2023,2,3151709.135
2300309,02,Centro Sul,2023,2,335119.925
2301802,02,Centro Sul,2023,2,19237.885
2303600,02,Centro Sul,2023,2,379274.655
2303808,02,Centro Sul,2023,2,315965.84
2305407,02,Centro Sul,2023,2,1256606.77
2305506,02,Centro Sul,2023,2,574933.29
2305704,02,Centro Sul,2023,2,280545.6
2307403,02,Centro Sul,2023,2,1356538.09
2311355,02,Centro Sul,2023,2,1079287.895
2311900,02,Centro Sul,2023,2,209513.025
2313708,02,Centro Sul,2023,2,54325.055
2301000,03,Grande Fortaleza,2023,2,3406169.985
2303501,03,Grande Fortaleza,2023,2,3403474.455
2303709,03,Grande Fortaleza,2023,2,7467834.325
2303956,03,Grande Fortaleza,2023,2,1159021.185
2304285,03,Grande Fortaleza,2023,2,13374906.93
2304400,03,Grande Fortaleza,2023,2,108673918.075
2304954,03,Grande Fortaleza,2023,2,1228733.785
2305233,03,Grande Fortaleza,2023,2,13009327.85
2306256,03,Grande Fortaleza,2023,2,599313.37
2307650,03,Grande Fortaleza,2023,2,34556414.635
2307700,03,Grande Fortaleza,2023,2,2399140.245
2309607,03,Grande Fortaleza,2023,2,9688888.38
2309706,03,Grande Fortaleza,2023,2,1773090.045
2310209,03,Grande Fortaleza,2023,2,1772881.535
2310258,03,Grande Fortaleza,2023,2,3965186.275
2310852,03,Grande Fortaleza,2023,2,607229.95
2312403,03,Grande Fortaleza,2023,2,7577794.18
2312601,03,Grande Fortaleza,2023,2,269842.695
2313500,03,Grande Fortaleza,2023,2,1210676.175
2301109,04,Litoral Leste,2023,2,10640555.285
2302206,04,Litoral Leste,2023,2,1672707.975
2304459,04,Litoral Leste,2023,2,1092831.075
2305357,04,Litoral Leste,2023,2,1648458.975
2306207,04,Litoral Leste,2023,2,3239.0
2307007,04,Litoral Leste,2023,2,119541.6
2300200,05,Litoral Norte,2023,2,2107006.07
2302057,05,Litoral Norte,2023,2,135846.82
2302305,05,Litoral Norte,2023,2,246375.41
2302602,05,Litoral Norte,2023,2,669034.185
2303907,05,Litoral Norte,2023,2,845934.575
2304251,05,Litoral Norte,2023,2,1427857.58
2304707,05,Litoral Norte,2023,2,3937962.14
2306553,05,Litoral Norte,2023,2,1298683.64
2307254,05,Litoral Norte,2023,2,1536038.795
2307809,05,Litoral Norte,2023,2,1211072.88
2307908,05,Litoral Norte,2023,2,57753.67
2308906,05,Litoral Norte,2023,2,1203749.005
2300754,06,Litoral Oeste / Vale do Curu,2023,2,1158145.425
2300903,06,Litoral Oeste / Vale do Curu,2023,2,32546.31
2304608,06,Litoral Oeste / Vale do Curu,2023,2,467393.19
2306108,06,Litoral Oeste / Vale do Curu,2023,2,1220673.27
2306306,06,Litoral Oeste / Vale do Curu,2023,2,1955403.4
2306405,06,Litoral Oeste / Vale do Curu,2023,2,3748443.045
2308377,06,Litoral Oeste / Vale do Curu,2023,2,844800.39
2310704,06,Litoral Oeste / Vale do Curu,2023,2,757110.25
2313351,06,Litoral Oeste / Vale do Curu,2023,2,1942377.575
2313559,06,Litoral Oeste / Vale do Curu,2023,2,244307.25
2313757,06,Litoral Oeste / Vale do Curu,2023,2,331963.44
2313807,06,Litoral Oeste / Vale do Curu,2023,2,1311939.41
2300150,07,Maciço do Baturité,2023,2,1057414.085
2301208,07,Maciço do Baturité,2023,2,512822.525
2301406,07,Maciço do Baturité,2023,2,305165.82
2301950,07,Maciço do Baturité,2023,2,872067.82
2302909,07,Maciço do Baturité,2023,2,116718.98
2305100,07,Maciço do Baturité,2023,2,88197.51
2306504,07,Maciço do Baturité,2023,2,802893.215
2309102,07,Maciço do Baturité,2023,2,450856.685
2309458,07,Maciço do Baturité,2023,2,215756.2
2309805,07,Maciço do Baturité,2023,2,446793.905
2310100,07,Maciço do Baturité,2023,2,339282.1
2311603,07,Maciço do Baturité,2023,2,500225.66
2303402,08,Serra da Ibiapaba,2023,2,1493736.5
2304236,08,Serra da Ibiapaba,2023,2,1140736.525
2305001,08,Serra da Ibiapaba,2023,2,1773788.96
2305308,08,Serra da Ibiapaba,2023,2,232949.79
2305803,08,Serra da Ibiapaba,2023,2,689449.645
2312304,08,Serra da Ibiapaba,2023,2,1247733.105
2313401,08,Serra da Ibiapaba,2023,2,2564631.515
2313609,08,Serra da Ibiapaba,2023,2,396974.17
2301851,09,Sertão Central,2023,2,285343.32
2303931,09,Sertão Central,2023,2,632831.91
2304269,09,Sertão Central,2023,2,228554.355
2305266,09,Sertão Central,2023,2,31217.315
2305332,09,Sertão Central,2023,2,784447.75
2308351,09,Sertão Central,2023,2,1116934.085
2308500,09,Sertão Central,2023,2,626530.58
2310506,09,Sertão Central,2023,2,733880.77
2310902,09,Sertão Central,2023,2,291857.355
2311306,09,Sertão Central,2023,2,496776.675
2311405,09,Sertão Central,2023,2,4345316.785
2312700,09,Sertão Central,2023,2,1438589.395
2313005,09,Sertão Central,2023,2,610571.595
2302404,10,Sertão de Canindé,2023,2,1021061.665
2302800,10,Sertão de Canindé,2023,2,2738061.395
2303006,10,Sertão de Canindé,2023,2,77710.85
2306603,10,Sertão de Canindé,2023,2,745764.33
2307635,10,Sertão de Canindé,2023,2,2026614.85
2310407,10,Sertão de Canindé,2023,2,382969.505
2300507,11,Sertão de Sobral,2023,2,1323935.935
2304350,11,Sertão de Sobral,2023,2,1178920.38
2304509,11,Sertão de Sobral,2023,2,390974.435
2304657,11,Sertão de Sobral,2023,2,338341.05
2304905,11,Sertão de Sobral,2023,2,506067.655
2308005,11,Sertão de Sobral,2023,2,985672.32
2308203,11,Sertão de Sobral,2023,2,485346.825
2309904,11,Sertão de Sobral,2023,2,317462.28
2310951,11,Sertão de Sobral,2023,2,515725.93
2311702,11,Sertão de Sobral,2023,2,657312.28
2312007,11,Sertão de Sobral,2023,2,188701.48
2312908,11,Sertão de Sobral,2023,2,13880102.755
2303659,12,Sertão dos Crateús,2023,2,172460.34
2304103,12,Sertão dos Crateús,2023,2,526513.255
2305209,12,Sertão dos Crateús,2023,2,164720.095
2305605,12,Sertão dos Crateús,2023,2,1174057.065
2305902,12,Sertão dos Crateús,2023,2,411561.77
2308609,12,Sertão dos Crateús,2023,2,310503.515
2309300,12,Sertão dos Crateús,2023,2,3568579.605
2309409,12,Sertão dos Crateús,2023,2,1877452.485
2312205,12,Sertão dos Crateús,2023,2,92678.18
2313203,12,Sertão dos Crateús,2023,2,903835.215
2300408,13,Sertão dos Inhamuns,2023,2,306629.06
2313302,13,Sertão dos Inhamuns,2023,2,2056391.66
2300705,14,Vale do Jaguaribe,2023,2,597982.245
2304277,14,Vale do Jaguaribe,2023,2,395096.455
2306009,14,Vale do Jaguaribe,2023,2,195002.35
2306702,14,Vale do Jaguaribe,2023,2,2035776.96
2306801,14,Vale do Jaguaribe,2023,2,1250849.295
2307601,14,Vale do Jaguaribe,2023,2,308352.935
2308708,14,Vale do Jaguaribe,2023,2,1830390.215
2310001,14,Vale do Jaguaribe,2023,2,15590.465
2311231,14,Vale do Jaguaribe,2023,2,453058.22
2311504,14,Vale do Jaguaribe,2023,2,153450.74
2311801,14,Vale do Jaguaribe,2023,2,2533620.775
2313104,14,Vale do Jaguaribe,2023,2,632671.565
2300101,01,Cariri,2023,3,162003.00000000003
2300606,01,Cariri,2023,3,344953.56500000006
2300804,01,Cariri,2023,3,114862.16499999998
2301307,01,Cariri,2023,3,86659.675
2301604,01,Cariri,2023,3,1426098.0749999997
2301703,01,Cariri,2023,3,245354.31999999995
2301901,01,Cariri,2023,3,2379719.505
2302008,01,Cariri,2023,3,211093.805
2302503,01,Cariri,2023,3,1742156.955
2302701,01,Cariri,2023,3,454574.16
2303204,01,Cariri,2023,3,618093.04
2304202,01,Cariri,2023,3,5331908.235
2304301,01,Cariri,2023,3,277051.57499999995
2304806,01,Cariri,2023,3,67476.35999999999
2307106,01,Cariri,2023,3,1019972.4200000002
2307205,01,Cariri,2023,3,801523.135
2307304,01,Cariri,2023,3,5563153.074999999
2307502,01,Cariri,2023,3,521151.6000000001
2308104,01,Cariri,2023,3,830233.2599999999
2308302,01,Cariri,2023,3,624605.3049999999
2308401,01,Cariri,2023,3,334282.04000000004
2309201,01,Cariri,2023,3,353122.595
2310605,01,Cariri,2023,3,231306.42999999993
2311108,01,Cariri,2023,3,583844.9550000001
2311207,01,Cariri,2023,3,73234.5
2311959,01,Cariri,2023,3,268387.56999999995
2313252,01,Cariri,2023,3,182395.84500000003
2314003,01,Cariri,2023,3,1358006.3500000006
2300309,02,Centro Sul,2023,3,73941.45000000001
2301802,02,Centro Sul,2023,3,160705.36
2303600,02,Centro Sul,2023,3,241255.39
2303808,02,Centro Sul,2023,3,504090.93
2305407,02,Centro Sul,2023,3,1340751.3250000002
2305506,02,Centro Sul,2023,3,885081.8399999999
2305704,02,Centro Sul,2023,3,223323.60000000003
2307403,02,Centro Sul,2023,3,688669.7649999999
2311355,02,Centro Sul,2023,3,752368.1099999999
2311900,02,Centro Sul,2023,3,102086.69000000003
2313708,02,Centro Sul,2023,3,84441.0
2301000,03,Grande Fortaleza,2023,3,3907693.5500000003
2303501,03,Grande Fortaleza,2023,3,1670079.1949999994
2303709,03,Grande Fortaleza,2023,3,2935081.6849999996
2303956,03,Grande Fortaleza,2023,3,596078.7949999999
2304285,03,Grande Fortaleza,2023,3,2275942.335000001
2304400,03,Grande Fortaleza,2023,3,62912390.93999998
2304954,03,Grande Fortaleza,2023,3,906438.0250000001
2305233,03,Grande Fortaleza,2023,3,8630830.729999999
2306256,03,Grande Fortaleza,2023,3,1230168.4900000002
2307650,03,Grande Fortaleza,2023,3,19011274.910000004
2307700,03,Grande Fortaleza,2023,3,1958469.0499999998
2309607,03,Grande Fortaleza,2023,3,3683415.744999999
2309706,03,Grande Fortaleza,2023,3,1114285.545
2310209,03,Grande Fortaleza,2023,3,298048.365
2310258,03,Grande Fortaleza,2023,3,688628.5000000005
2310852,03,Grande Fortaleza,2023,3,1236294.7650000001
2312403,03,Grande Fortaleza,2023,3,4966336.895
2312601,03,Grande Fortaleza,2023,3,158278.36
2313500,03,Grande Fortaleza,2023,3,2143766.705
2301109,04,Litoral Leste,2023,3,557145.7200000007
2302206,04,Litoral Leste,2023,3,698669.085
2304459,04,Litoral Leste,2023,3,464314.81499999994
2305357,04,Litoral Leste,2023,3,1253888.0550000002
2306207,04,Litoral Leste,2023,3,311055.89
2307007,04,Litoral Leste,2023,3,570331.775
2300200,05,Litoral Norte,2023,3,1317162.79
2302057,05,Litoral Norte,2023,3,240277.39999999997
2302305,05,Litoral Norte,2023,3,343283.36
2302602,05,Litoral Norte,2023,3,1565897.165
2303907,05,Litoral Norte,2023,3,230929.93999999994
2304251,05,Litoral Norte,2023,3,1779046.3049999997
2304707,05,Litoral Norte,2023,3,3576276.6649999996
2306553,05,Litoral Norte,2023,3,2357827.4050000003
2307254,05,Litoral Norte,2023,3,131461.51
2307809,05,Litoral Norte,2023,3,2016031.8450000002
2307908,05,Litoral Norte,2023,3,624313.115
2308906,05,Litoral Norte,2023,3,675737.5900000001
2300754,06,Litoral Oeste / Vale do Curu,2023,3,950794.7099999997
2300903,06,Litoral Oeste / Vale do Curu,2023,3,300000.0
2304608,06,Litoral Oeste / Vale do Curu,2023,3,122085.09500000003
2306108,06,Litoral Oeste / Vale do Curu,2023,3,1026303.6200000001
2306306,06,Litoral Oeste / Vale do Curu,2023,3,1904895.9650000003
2306405,06,Litoral Oeste / Vale do Curu,2023,3,9111439.76
2308377,06,Litoral Oeste / Vale do Curu,2023,3,534458.65
2310704,06,Litoral Oeste / Vale do Curu,2023,3,995354.865
2313351,06,Litoral Oeste / Vale do Curu,2023,3,1475725.4200000002
2313559,06,Litoral Oeste / Vale do Curu,2023,3,210261.41499999998
2313757,06,Litoral Oeste / Vale do Curu,2023,3,105560.02500000002
2313807,06,Litoral Oeste / Vale do Curu,2023,3,809981.4550000003
2300150,07,Maciço do Baturité,2023,3,319918.365
2301208,07,Maciço do Baturité,2023,3,520503.0449999999
2301406,07,Maciço do Baturité,2023,3,259233.69
2301950,07,Maciço do Baturité,2023,3,420571.475
2302909,07,Maciço do Baturité,2023,3,3057.0
2305100,07,Maciço do Baturité,2023,3,214482.95
2306504,07,Maciço do Baturité,2023,3,153134.74
2309102,07,Maciço do Baturité,2023,3,56863.83500000002
2309458,07,Maciço do Baturité,2023,3,506217.685
2309805,07,Maciço do Baturité,2023,3,102256.55999999994
2310100,07,Maciço do Baturité,2023,3,268043.87
2311603,07,Maciço do Baturité,2023,3,241569.77000000008
2303402,08,Serra da Ibiapaba,2023,3,442188.8500000001
2304236,08,Serra da Ibiapaba,2023,3,457214.5950000002
2305001,08,Serra da Ibiapaba,2023,3,2188532.205
2305308,08,Serra da Ibiapaba,2023,3,344562.245
2305803,08,Serra da Ibiapaba,2023,3,1119274.1199999999
2312304,08,Serra da Ibiapaba,2023,3,1216708.5299999998
2313401,08,Serra da Ibiapaba,2023,3,3448390.0399999996
2313609,08,Serra da Ibiapaba,2023,3,377740.50000000006
2314102,08,Serra da Ibiapaba,2023,3,1480098.61
2301851,09,Sertão Central,2023,3,473452.15499999997
2303931,09,Sertão Central,2023,3,190992.84499999997
2304269,09,Sertão Central,2023,3,102549.29000000001
2305266,09,Sertão Central,2023,3,5499.000000000004
2305332,09,Sertão Central,2023,3,240486.865
2308351,09,Sertão Central,2023,3,74920.8600000001
2308500,09,Sertão Central,2023,3,1144371.9500000002
2310506,09,Sertão Central,2023,3,408233.83499999996
2310902,09,Sertão Central,2023,3,178950.75
2311306,09,Sertão Central,2023,3,685042.2
2311405,09,Sertão Central,2023,3,684101.3149999995
2312700,09,Sertão Central,2023,3,491064.7449999999
2313005,09,Sertão Central,2023,3,1820269.4749999999
2302404,10,Sertão de Canindé,2023,3,2508462.645
2302800,10,Sertão de Canindé,2023,3,2385740.2899999996
2303006,10,Sertão de Canindé,2023,3,102170.41999999998
2306603,10,Sertão de Canindé,2023,3,201309.14
2307635,10,Sertão de Canindé,2023,3,670568.7650000001
2310407,10,Sertão de Canindé,2023,3,643117.16
2300507,11,Sertão de Sobral,2023,3,809599.8500000001
2304350,11,Sertão de Sobral,2023,3,800561.4950000001
2304509,11,Sertão de Sobral,2023,3,856440.0249999999
2304657,11,Sertão de Sobral,2023,3,143213.375
2304905,11,Sertão de Sobral,2023,3,508286.74
2308005,11,Sertão de Sobral,2023,3,543547.045
2308203,11,Sertão de Sobral,2023,3,116196.84000000003
2309904,11,Sertão de Sobral,2023,3,289594.1699999999
2310951,11,Sertão de Sobral,2023,3,164560.88499999995
2311702,11,Sertão de Sobral,2023,3,256504.82999999996
2312007,11,Sertão de Sobral,2023,3,350749.32500000007
2312908,11,Sertão de Sobral,2023,3,14768390.495
2303659,12,Sertão dos Crateús,2023,3,214969.56500000003
2304103,12,Sertão dos Crateús,2023,3,1507686.12
2305209,12,Sertão dos Crateús,2023,3,77330.70000000001
2305605,12,Sertão dos Crateús,2023,3,799607.0900000001
2305902,12,Sertão dos Crateús,2023,3,380619.615
2308609,12,Sertão dos Crateús,2023,3,103739.64000000001
2309300,12,Sertão dos Crateús,2023,3,2178649.145
2309409,12,Sertão dos Crateús,2023,3,1141124.68
2312205,12,Sertão dos Crateús,2023,3,288296.405
2313203,12,Sertão dos Crateús,2023,3,680018.09
2300408,13,Sertão dos Inhamuns,2023,3,1477363.13
2313302,13,Sertão dos Inhamuns,2023,3,6485077.324999999
2300705,14,Vale do Jaguaribe,2023,3,815484.4400000001
2304277,14,Vale do Jaguaribe,2023,3,317378.31
2306009,14,Vale do Jaguaribe,2023,3,119632.26499999998
2306702,14,Vale do Jaguaribe,2023,3,361158.81999999983
2306801,14,Vale do Jaguaribe,2023,3,202309.41500000004
2307601,14,Vale do Jaguaribe,2023,3,411354.05
2308708,14,Vale do Jaguaribe,2023,3,689832.3800000001
2310001,14,Vale do Jaguaribe,2023,3,139183.815
2311231,14,Vale do Jaguaribe,2023,3,706192.835
2311504,14,Vale do Jaguaribe,2023,3,341220.96
2311801,14,Vale do Jaguaribe,2023,3,2305434.4550000005
2312502,14,Vale do Jaguaribe,2023,3,141426.17
2313104,14,Vale do Jaguaribe,2023,3,904779.53
2300101,01,Cariri,2023,4,162003.00000000003
2300606,01,Cariri,2023,4,344953.56500000006
2300804,01,Cariri,2023,4,114862.16499999998
2301307,01,Cariri,2023,4,86659.675
2301604,01,Cariri,2023,4,1426098.0749999997
2301703,01,Cariri,2023,4,245354.31999999995
2301901,01,Cariri,2023,4,2379719.505
2302008,01,Cariri,2023,4,211093.805
2302503,01,Cariri,2023,4,1742156.955
2302701,01,Cariri,2023,4,454574.16
2303204,01,Cariri,2023,4,618093.04
2304202,01,Cariri,2023,4,5331908.235
2304301,01,Cariri,2023,4,277051.57499999995
2304806,01,Cariri,2023,4,67476.35999999999
2307106,01,Cariri,2023,4,1019972.4200000002
2307205,01,Cariri,2023,4,801523.135
2307304,01,Cariri,2023,4,5563153.074999999
2307502,01,Cariri,2023,4,521151.6000000001
2308104,01,Cariri,2023,4,830233.2599999999
2308302,01,Cariri,2023,4,624605.3049999999
2308401,01,Cariri,2023,4,334282.04000000004
2309201,01,Cariri,2023,4,353122.595
2310605,01,Cariri,2023,4,231306.42999999993
2311108,01,Cariri,2023,4,583844.9550000001
2311207,01,Cariri,2023,4,73234.5
2311959,01,Cariri,2023,4,268387.56999999995
2313252,01,Cariri,2023,4,182395.84500000003
2314003,01,Cariri,2023,4,1358006.3500000006
2300309,02,Centro Sul,2023,4,73941.45000000001
2301802,02,Centro Sul,2023,4,160705.36
2303600,02,Centro Sul,2023,4,241255.39
2303808,02,Centro Sul,2023,4,504090.93
2305407,02,Centro Sul,2023,4,1340751.3250000002
2305506,02,Centro Sul,2023,4,885081.8399999999
2305704,02,Centro Sul,2023,4,223323.60000000003
2307403,02,Centro Sul,2023,4,688669.7649999999
2311355,02,Centro Sul,2023,4,752368.1099999999
2311900,02,Centro Sul,2023,4,102086.69000000003
2313708,02,Centro Sul,2023,4,84441.0
2301000,03,Grande Fortaleza,2023,4,3907693.5500000003
2303501,03,Grande Fortaleza,2023,4,1670079.1949999994
2303709,03,Grande Fortaleza,2023,4,2935081.6849999996
2303956,03,Grande Fortaleza,2023,4,596078.7949999999
2304285,03,Grande Fortaleza,2023,4,2275942.335000001
2304400,03,Grande Fortaleza,2023,4,62912390.93999998
2304954,03,Grande Fortaleza,2023,4,906438.0250000001
2305233,03,Grande Fortaleza,2023,4,8630830.729999999
2306256,03,Grande Fortaleza,2023,4,1230168.4900000002
2307650,03,Grande Fortaleza,2023,4,19011274.910000004
2307700,03,Grande Fortaleza,2023,4,1958469.0499999998
2309607,03,Grande Fortaleza,2023,4,3683415.744999999
2309706,03,Grande Fortaleza,2023,4,1114285.545
2310209,03,Grande Fortaleza,2023,4,298048.365
2310258,03,Grande Fortaleza,2023,4,688628.5000000005
2310852,03,Grande Fortaleza,2023,4,1236294.7650000001
2312403,03,Grande Fortaleza,2023,4,4966336.895
2312601,03,Grande Fortaleza,2023,4,158278.36
2313500,03,Grande Fortaleza,2023,4,2143766.705
2301109,04,Litoral Leste,2023,4,557145.7200000007
2302206,04,Litoral Leste,2023,4,698669.085
2304459,04,Litoral Leste,2023,4,464314.81499999994
2305357,04,Litoral Leste,2023,4,1253888.0550000002
2306207,04,Litoral Leste,2023,4,311055.89
2307007,04,Litoral Leste,2023,4,570331.775
2300200,05,Litoral Norte,2023,4,1317162.79
2302057,05,Litoral Norte,2023,4,240277.39999999997
2302305,05,Litoral Norte,2023,4,343283.36
2302602,05,Litoral Norte,2023,4,1565897.165
2303907,05,Litoral Norte,2023,4,230929.93999999994
2304251,05,Litoral Norte,2023,4,1779046.3049999997
2304707,05,Litoral Norte,2023,4,3576276.6649999996
2306553,05,Litoral Norte,2023,4,2357827.4050000003
2307254,05,Litoral Norte,2023,4,131461.51
2307809,05,Litoral Norte,2023,4,2016031.8450000002
2307908,05,Litoral Norte,2023,4,624313.115
2308906,05,Litoral Norte,2023,4,675737.5900000001
2300754,06,Litoral Oeste / Vale do Curu,2023,4,950794.7099999997
2300903,06,Litoral Oeste / Vale do Curu,2023,4,300000.0
2304608,06,Litoral Oeste / Vale do Curu,2023,4,122085.09500000003
2306108,06,Litoral Oeste / Vale do Curu,2023,4,1026303.6200000001
2306306,06,Litoral Oeste / Vale do Curu,2023,4,1904895.9650000003
2306405,06,Litoral Oeste / Vale do Curu,2023,4,9111439.76
2308377,06,Litoral Oeste / Vale do Curu,2023,4,534458.65
2310704,06,Litoral Oeste / Vale do Curu,2023,4,995354.865
2313351,06,Litoral Oeste / Vale do Curu,2023,4,1475725.4200000002
2313559,06,Litoral Oeste / Vale do Curu,2023,4,210261.41499999998
2313757,06,Litoral Oeste / Vale do Curu,2023,4,105560.02500000002
2313807,06,Litoral Oeste / Vale do Curu,2023,4,809981.4550000003
2300150,07,Maciço do Baturité,2023,4,319918.365
2301208,07,Maciço do Baturité,2023,4,520503.0449999999
2301406,07,Maciço do Baturité,2023,4,259233.69
2301950,07,Maciço do Baturité,2023,4,420571.475
2302909,07,Maciço do Baturité,2023,4,3057.0
2305100,07,Maciço do Baturité,2023,4,214482.95
2306504,07,Maciço do Baturité,2023,4,153134.74
2309102,07,Maciço do Baturité,2023,4,56863.83500000002
2309458,07,Maciço do Baturité,2023,4,506217.685
2309805,07,Maciço do Baturité,2023,4,102256.55999999994
2310100,07,Maciço do Baturité,2023,4,268043.87
2311603,07,Maciço do Baturité,2023,4,241569.77000000008
2303402,08,Serra da Ibiapaba,2023,4,442188.8500000001
2304236,08,Serra da Ibiapaba,2023,4,457214.5950000002
2305001,08,Serra da Ibiapaba,2023,4,2188532.205
2305308,08,Serra da Ibiapaba,2023,4,344562.245
2305803,08,Serra da Ibiapaba,2023,4,1119274.1199999999
2312304,08,Serra da Ibiapaba,2023,4,1216708.5299999998
2313401,08,Serra da Ibiapaba,2023,4,3448390.0399999996
2313609,08,Serra da Ibiapaba,2023,4,377740.50000000006
2314102,08,Serra da Ibiapaba,2023,4,1480098.61
2301851,09,Sertão Central,2023,4,473452.15499999997
2303931,09,Sertão Central,2023,4,190992.84499999997
2304269,09,Sertão Central,2023,4,102549.29000000001
2305266,09,Sertão Central,2023,4,5499.000000000004
2305332,09,Sertão Central,2023,4,240486.865
2308351,09,Sertão Central,2023,4,74920.8600000001
2308500,09,Sertão Central,2023,4,1144371.9500000002
2310506,09,Sertão Central,2023,4,408233.83499999996
2310902,09,Sertão Central,2023,4,178950.75
2311306,09,Sertão Central,2023,4,685042.2
2311405,09,Sertão Central,2023,4,684101.3149999995
2312700,09,Sertão Central,2023,4,491064.7449999999
2313005,09,Sertão Central,2023,4,1820269.4749999999
2302404,10,Sertão de Canindé,2023,4,2508462.645
2302800,10,Sertão de Canindé,2023,4,2385740.2899999996
2303006,10,Sertão de Canindé,2023,4,102170.41999999998
2306603,10,Sertão de Canindé,2023,4,201309.14
2307635,10,Sertão de Canindé,2023,4,670568.7650000001
2310407,10,Sertão de Canindé,2023,4,643117.16
2300507,11,Sertão de Sobral,2023,4,809599.8500000001
2304350,11,Sertão de Sobral,2023,4,800561.4950000001
2304509,11,Sertão de Sobral,2023,4,856440.0249999999
2304657,11,Sertão de Sobral,2023,4,143213.375
2304905,11,Sertão de Sobral,2023,4,508286.74
2308005,11,Sertão de Sobral,2023,4,543547.045
2308203,11,Sertão de Sobral,2023,4,116196.84000000003
2309904,11,Sertão de Sobral,2023,4,289594.1699999999
2310951,11,Sertão de Sobral,2023,4,164560.88499999995
2311702,11,Sertão de Sobral,2023,4,256504.82999999996
2312007,11,Sertão de Sobral,2023,4,350749.32500000007
2312908,11,Sertão de Sobral,2023,4,14768390.495
2303659,12,Sertão dos Crateús,2023,4,214969.56500000003
2304103,12,Sertão dos Crateús,2023,4,1507686.12
2305209,12,Sertão dos Crateús,2023,4,77330.70000000001
2305605,12,Sertão dos Crateús,2023,4,799607.0900000001
2305902,12,Sertão dos Crateús,2023,4,380619.615
2308609,12,Sertão dos Crateús,2023,4,103739.64000000001
2309300,12,Sertão dos Crateús,2023,4,2178649.145
2309409,12,Sertão dos Crateús,2023,4,1141124.68
2312205,12,Sertão dos Crateús,2023,4,288296.405
2313203,12,Sertão dos Crateús,2023,4,680018.09
2300408,13,Sertão dos Inhamuns,2023,4,1477363.13
2313302,13,Sertão dos Inhamuns,2023,4,6485077.324999999
2300705,14,Vale do Jaguaribe,2023,4,815484.4400000001
2304277,14,Vale do Jaguaribe,2023,4,317378.31
2306009,14,Vale do Jaguaribe,2023,4,119632.26499999998
2306702,14,Vale do Jaguaribe,2023,4,361158.81999999983
2306801,14,Vale do Jaguaribe,2023,4,202309.41500000004
2307601,14,Vale do Jaguaribe,2023,4,411354.05
2308708,14,Vale do Jaguaribe,2023,4,689832.3800000001
2310001,14,Vale do Jaguaribe,2023,4,139183.815
2311231,14,Vale do Jaguaribe,2023,4,706192.835
2311504,14,Vale do Jaguaribe,2023,4,341220.96
2311801,14,Vale do Jaguaribe,2023,4,2305434.4550000005
2312502,14,Vale do Jaguaribe,2023,4,141426.17
2313104,14,Vale do Jaguaribe,2023,4,904779.53
2300101,01,Cariri,2023,5,118708.84499999997
2300606,01,Cariri,2023,5,520188.0349999999
2300804,01,Cariri,2023,5,2893.0
2301307,01,Cariri,2023,5,517629.30500000005
2301604,01,Cariri,2023,5,3106182.91
2301703,01,Cariri,2023,5,171719.67500000005
2301901,01,Cariri,2023,5,1259497.9550000005
2302008,01,Cariri,2023,5,246107.58999999997
2302503,01,Cariri,2023,5,10913791.584999999
2302701,01,Cariri,2023,5,430000.905
2303204,01,Cariri,2023,5,1454999.695
2304202,01,Cariri,2023,5,3163160.455
2304301,01,Cariri,2023,5,733946.7700000003
2304806,01,Cariri,2023,5,401842.45999999996
2307106,01,Cariri,2023,5,1027252.6849999996
2307205,01,Cariri,2023,5,985245.7050000001
2307304,01,Cariri,2023,5,6836093.039999999
2307502,01,Cariri,2023,5,3013835.88
2308104,01,Cariri,2023,5,633855.6950000001
2308302,01,Cariri,2023,5,1154696.415
2308401,01,Cariri,2023,5,100446.59499999997
2309201,01,Cariri,2023,5,298653.95000000007
2310605,01,Cariri,2023,5,171466.2200000001
2311108,01,Cariri,2023,5,446725.23499999987
2311207,01,Cariri,2023,5,36350.0
2311959,01,Cariri,2023,5,375192.14499999996
2313252,01,Cariri,2023,5,26624.53999999998
2314003,01,Cariri,2023,5,2191018.455
2300309,02,Centro Sul,2023,5,13566.299999999988
2301802,02,Centro Sul,2023,5,210694.825
2303600,02,Centro Sul,2023,5,1931.469999999972
2303808,02,Centro Sul,2023,5,673400.72
2305407,02,Centro Sul,2023,5,1310383.1349999998
2305506,02,Centro Sul,2023,5,1826217.88
2305704,02,Centro Sul,2023,5,153181.29499999998
2307403,02,Centro Sul,2023,5,549178.2400000002
2311355,02,Centro Sul,2023,5,1367986.435
2311900,02,Centro Sul,2023,5,874727.145
2313708,02,Centro Sul,2023,5,274290.11
2301000,03,Grande Fortaleza,2023,5,3129045.9499999993
2303501,03,Grande Fortaleza,2023,5,2164457.05
2303709,03,Grande Fortaleza,2023,5,11482500.790000001
2303956,03,Grande Fortaleza,2023,5,1001192.125
2304285,03,Grande Fortaleza,2023,5,2402906.954999998
2304400,03,Grande Fortaleza,2023,5,87049286.07500002
2304954,03,Grande Fortaleza,2023,5,1828167.8900000001
2305233,03,Grande Fortaleza,2023,5,6077150.3450000025
2306256,03,Grande Fortaleza,2023,5,598265.7249999999
2307650,03,Grande Fortaleza,2023,5,12288970.784999996
2307700,03,Grande Fortaleza,2023,5,1734314.9350000005
2309607,03,Grande Fortaleza,2023,5,3430070.245000001
2309706,03,Grande Fortaleza,2023,5,1434595.2149999999
2310209,03,Grande Fortaleza,2023,5,597364.56
2310258,03,Grande Fortaleza,2023,5,1389764.1549999993
2310852,03,Grande Fortaleza,2023,5,639166.72
2312403,03,Grande Fortaleza,2023,5,236529.6000000015
2312601,03,Grande Fortaleza,2023,5,18111.205000000016
2313500,03,Grande Fortaleza,2023,5,1344610.125
2301109,04,Litoral Leste,2023,5,1268976.8849999998
2302206,04,Litoral Leste,2023,5,1220651.2999999998
2304459,04,Litoral Leste,2023,5,846798.3899999999
2305357,04,Litoral Leste,2023,5,1952932.4449999994
2306207,04,Litoral Leste,2023,5,1140167.29
2307007,04,Litoral Leste,2023,5,520469.91500000004
2300200,05,Litoral Norte,2023,5,6227353.045
2302057,05,Litoral Norte,2023,5,278659.32500000007
2302305,05,Litoral Norte,2023,5,1085942.8
2302602,05,Litoral Norte,2023,5,952327.4649999999
2303907,05,Litoral Norte,2023,5,183067.09000000008
2304251,05,Litoral Norte,2023,5,1970327.0
2304707,05,Litoral Norte,2023,5,865334.6150000002
2306553,05,Litoral Norte,2023,5,3210194.715
2307254,05,Litoral Norte,2023,5,962776.4749999999
2307809,05,Litoral Norte,2023,5,1784661.6649999996
2307908,05,Litoral Norte,2023,5,470265.97999999986
2308906,05,Litoral Norte,2023,5,217677.55499999993
2300754,06,Litoral Oeste / Vale do Curu,2023,5,905415.9900000002
2300903,06,Litoral Oeste / Vale do Curu,2023,5,701236.925
2304608,06,Litoral Oeste / Vale do Curu,2023,5,330860.30499999993
2306108,06,Litoral Oeste / Vale do Curu,2023,5,1222450.0699999998
2306306,06,Litoral Oeste / Vale do Curu,2023,5,2638860.79
2306405,06,Litoral Oeste / Vale do Curu,2023,5,7285639.789999999
2308377,06,Litoral Oeste / Vale do Curu,2023,5,66938.81499999994
2310704,06,Litoral Oeste / Vale do Curu,2023,5,1026927.5250000001
2313351,06,Litoral Oeste / Vale do Curu,2023,5,1512900.4850000003
2313559,06,Litoral Oeste / Vale do Curu,2023,5,122177.39500000008
2313757,06,Litoral Oeste / Vale do Curu,2023,5,140925.86499999993
2313807,06,Litoral Oeste / Vale do Curu,2023,5,826281.0299999998
2300150,07,Maciço do Baturité,2023,5,124850.01500000013
2301208,07,Maciço do Baturité,2023,5,287273.79000000015
2301406,07,Maciço do Baturité,2023,5,541990.02
2301950,07,Maciço do Baturité,2023,5,373898.405
2302909,07,Maciço do Baturité,2023,5,15746.525000000009
2305100,07,Maciço do Baturité,2023,5,285301.10000000003
2306504,07,Maciço do Baturité,2023,5,712653.3950000001
2309102,07,Maciço do Baturité,2023,5,89264.93999999994
2309458,07,Maciço do Baturité,2023,5,391223.3699999999
2309805,07,Maciço do Baturité,2023,5,76976.68000000005
2310100,07,Maciço do Baturité,2023,5,342190.04000000004
2311603,07,Maciço do Baturité,2023,5,290471.7749999999
2303402,08,Serra da Ibiapaba,2023,5,8414.0
2304236,08,Serra da Ibiapaba,2023,5,404588.32499999995
2305001,08,Serra da Ibiapaba,2023,5,1651067.6900000004
2305308,08,Serra da Ibiapaba,2023,5,483464.20499999996
2305803,08,Serra da Ibiapaba,2023,5,1442576.2300000002
2312304,08,Serra da Ibiapaba,2023,5,2547451.7650000006
2313401,08,Serra da Ibiapaba,2023,5,1469692.6550000003
2313609,08,Serra da Ibiapaba,2023,5,3212139.3200000003
2314102,08,Serra da Ibiapaba,2023,5,3238579.875
2301851,09,Sertão Central,2023,5,54555.875
2303931,09,Sertão Central,2023,5,13854.0
2304269,09,Sertão Central,2023,5,409070.20999999996
2305266,09,Sertão Central,2023,5,23267.845
2305332,09,Sertão Central,2023,5,471311.2150000001
2308351,09,Sertão Central,2023,5,432646.55499999993
2308500,09,Sertão Central,2023,5,730427.5250000001
2310506,09,Sertão Central,2023,5,1197821.165
2310902,09,Sertão Central,2023,5,2048832.54
2311306,09,Sertão Central,2023,5,1071424.005
2311405,09,Sertão Central,2023,5,164579.04499999993
2312700,09,Sertão Central,2023,5,626019.075
2313005,09,Sertão Central,2023,5,1658784.9300000002
2302404,10,Sertão de Canindé,2023,5,4299711.01
2302800,10,Sertão de Canindé,2023,5,3087044.205
2303006,10,Sertão de Canindé,2023,5,147956.68000000002
2306603,10,Sertão de Canindé,2023,5,2492949.04
2307635,10,Sertão de Canindé,2023,5,984490.1349999998
2310407,10,Sertão de Canindé,2023,5,250356.08499999996
2300507,11,Sertão de Sobral,2023,5,686901.52
2304350,11,Sertão de Sobral,2023,5,693572.02
2304509,11,Sertão de Sobral,2023,5,192872.89500000002
2304657,11,Sertão de Sobral,2023,5,62515.764999999956
2304905,11,Sertão de Sobral,2023,5,361859.95999999996
2308005,11,Sertão de Sobral,2023,5,1190577.7
2308203,11,Sertão de Sobral,2023,5,218120.33499999996
2309904,11,Sertão de Sobral,2023,5,750017.05
2310951,11,Sertão de Sobral,2023,5,479386.94999999995
2311702,11,Sertão de Sobral,2023,5,273102.265
2312007,11,Sertão de Sobral,2023,5,823881.1449999999
2312908,11,Sertão de Sobral,2023,5,15987727.034999996
2303659,12,Sertão dos Crateús,2023,5,123909.66999999998
2304103,12,Sertão dos Crateús,2023,5,2012592.98
2305209,12,Sertão dos Crateús,2023,5,294787.61
2305605,12,Sertão dos Crateús,2023,5,832362.8400000001
2305902,12,Sertão dos Crateús,2023,5,632352.425
2308609,12,Sertão dos Crateús,2023,5,126505.20999999996
2309300,12,Sertão dos Crateús,2023,5,6608400.66
2309409,12,Sertão dos Crateús,2023,5,4475074.745
2312205,12,Sertão dos Crateús,2023,5,661507.5
2313203,12,Sertão dos Crateús,2023,5,1133905.2100000002
2300408,13,Sertão dos Inhamuns,2023,5,342895.2050000001
2313302,13,Sertão dos Inhamuns,2023,5,12035434.650000002
2300705,14,Vale do Jaguaribe,2023,5,486737.57499999995
2304277,14,Vale do Jaguaribe,2023,5,588007.1050000001
2306009,14,Vale do Jaguaribe,2023,5,342584.92000000004
2306702,14,Vale do Jaguaribe,2023,5,2019576.935
2306801,14,Vale do Jaguaribe,2023,5,693018.8700000001
2307601,14,Vale do Jaguaribe,2023,5,322938.89
2308708,14,Vale do Jaguaribe,2023,5,855342.1349999998
2310001,14,Vale do Jaguaribe,2023,5,227292.55500000002
2311231,14,Vale do Jaguaribe,2023,5,530133.78
2311504,14,Vale do Jaguaribe,2023,5,468623.90499999997
2311801,14,Vale do Jaguaribe,2023,5,2585682.9399999995
2312502,14,Vale do Jaguaribe,2023,5,16922.53
2313104,14,Vale do Jaguaribe,2023,5,323344.375
2300101,01,Cariri,2023,6,118708.84499999997
2300606,01,Cariri,2023,6,520188.0349999999
2300804,01,Cariri,2023,6,2893.0
2301307,01,Cariri,2023,6,517629.30500000005
2301604,01,Cariri,2023,6,3106182.91
2301703,01,Cariri,2023,6,171719.67500000005
2301901,01,Cariri,2023,6,1259497.9550000005
2302008,01,Cariri,2023,6,246107.58999999997
2302503,01,Cariri,2023,6,10913791.584999999
2302701,01,Cariri,2023,6,430000.905
2303204,01,Cariri,2023,6,1454999.695
2304202,01,Cariri,2023,6,3163160.455
2304301,01,Cariri,2023,6,733946.7700000003
2304806,01,Cariri,2023,6,401842.45999999996
2307106,01,Cariri,2023,6,1027252.6849999996
2307205,01,Cariri,2023,6,985245.7050000001
2307304,01,Cariri,2023,6,6836093.039999999
2307502,01,Cariri,2023,6,3013835.88
2308104,01,Cariri,2023,6,633855.6950000001
2308302,01,Cariri,2023,6,1154696.415
2308401,01,Cariri,2023,6,100446.59499999997
2309201,01,Cariri,2023,6,298653.95000000007
2310605,01,Cariri,2023,6,171466.2200000001
2311108,01,Cariri,2023,6,446725.23499999987
2311207,01,Cariri,2023,6,36350.0
2311959,01,Cariri,2023,6,375192.14499999996
2313252,01,Cariri,2023,6,26624.53999999998
2314003,01,Cariri,2023,6,2191018.455
2300309,02,Centro Sul,2023,6,13566.299999999988
2301802,02,Centro Sul,2023,6,210694.825
2303600,02,Centro Sul,2023,6,1931.469999999972
2303808,02,Centro Sul,2023,6,673400.72
2305407,02,Centro Sul,2023,6,1310383.1349999998
2305506,02,Centro Sul,2023,6,1826217.88
2305704,02,Centro Sul,2023,6,153181.29499999998
2307403,02,Centro Sul,2023,6,549178.2400000002
2311355,02,Centro Sul,2023,6,1367986.435
2311900,02,Centro Sul,2023,6,874727.145
2313708,02,Centro Sul,2023,6,274290.11
2301000,03,Grande Fortaleza,2023,6,3129045.9499999993
2303501,03,Grande Fortaleza,2023,6,2164457.05
2303709,03,Grande Fortaleza,2023,6,11482500.790000001
2303956,03,Grande Fortaleza,2023,6,1001192.125
2304285,03,Grande Fortaleza,2023,6,2402906.954999998
2304400,03,Grande Fortaleza,2023,6,87049286.07500002
2304954,03,Grande Fortaleza,2023,6,1828167.8900000001
2305233,03,Grande Fortaleza,2023,6,6077150.3450000025
2306256,03,Grande Fortaleza,2023,6,598265.7249999999
2307650,03,Grande Fortaleza,2023,6,12288970.784999996
2307700,03,Grande Fortaleza,2023,6,1734314.9350000005
2309607,03,Grande Fortaleza,2023,6,3430070.245000001
2309706,03,Grande Fortaleza,2023,6,1434595.2149999999
2310209,03,Grande Fortaleza,2023,6,597364.56
2310258,03,Grande Fortaleza,2023,6,1389764.1549999993
2310852,03,Grande Fortaleza,2023,6,639166.72
2312403,03,Grande Fortaleza,2023,6,236529.6000000015
2312601,03,Grande Fortaleza,2023,6,18111.205000000016
2313500,03,Grande Fortaleza,2023,6,1344610.125
2301109,04,Litoral Leste,2023,6,1268976.8849999998
2302206,04,Litoral Leste,2023,6,1220651.2999999998
2304459,04,Litoral Leste,2023,6,846798.3899999999
2305357,04,Litoral Leste,2023,6,1952932.4449999994
2306207,04,Litoral Leste,2023,6,1140167.29
2307007,04,Litoral Leste,2023,6,520469.91500000004
2300200,05,Litoral Norte,2023,6,6227353.045
2302057,05,Litoral Norte,2023,6,278659.32500000007
2302305,05,Litoral Norte,2023,6,1085942.8
2302602,05,Litoral Norte,2023,6,952327.4649999999
2303907,05,Litoral Norte,2023,6,183067.09000000008
2304251,05,Litoral Norte,2023,6,1970327.0
2304707,05,Litoral Norte,2023,6,865334.6150000002
2306553,05,Litoral Norte,2023,6,3210194.715
2307254,05,Litoral Norte,2023,6,962776.4749999999
2307809,05,Litoral Norte,2023,6,1784661.6649999996
2307908,05,Litoral Norte,2023,6,470265.97999999986
2308906,05,Litoral Norte,2023,6,217677.55499999993
2300754,06,Litoral Oeste / Vale do Curu,2023,6,905415.9900000002
2300903,06,Litoral Oeste / Vale do Curu,2023,6,701236.925
2304608,06,Litoral Oeste / Vale do Curu,2023,6,330860.30499999993
2306108,06,Litoral Oeste / Vale do Curu,2023,6,1222450.0699999998
2306306,06,Litoral Oeste / Vale do Curu,2023,6,2638860.79
2306405,06,Litoral Oeste / Vale do Curu,2023,6,7285639.789999999
2308377,06,Litoral Oeste / Vale do Curu,2023,6,66938.81499999994
2310704,06,Litoral Oeste / Vale do Curu,2023,6,1026927.5250000001
2313351,06,Litoral Oeste / Vale do Curu,2023,6,1512900.4850000003
2313559,06,Litoral Oeste / Vale do Curu,2023,6,122177.39500000008
2313757,06,Litoral Oeste / Vale do Curu,2023,6,140925.86499999993
2313807,06,Litoral Oeste / Vale do Curu,2023,6,826281.0299999998
2300150,07,Maciço do Baturité,2023,6,124850.01500000013
2301208,07,Maciço do Baturité,2023,6,287273.79000000015
2301406,07,Maciço do Baturité,2023,6,541990.02
2301950,07,Maciço do Baturité,2023,6,373898.405
2302909,07,Maciço do Baturité,2023,6,15746.525000000009
2305100,07,Maciço do Baturité,2023,6,285301.10000000003
2306504,07,Maciço do Baturité,2023,6,712653.3950000001
2309102,07,Maciço do Baturité,2023,6,89264.93999999994
2309458,07,Maciço do Baturité,2023,6,391223.3699999999
2309805,07,Maciço do Baturité,2023,6,76976.68000000005
2310100,07,Maciço do Baturité,2023,6,342190.04000000004
2311603,07,Maciço do Baturité,2023,6,290471.7749999999
2303402,08,Serra da Ibiapaba,2023,6,8414.0
2304236,08,Serra da Ibiapaba,2023,6,404588.32499999995
2305001,08,Serra da Ibiapaba,2023,6,1651067.6900000004
2305308,08,Serra da Ibiapaba,2023,6,483464.20499999996
2305803,08,Serra da Ibiapaba,2023,6,1442576.2300000002
2312304,08,Serra da Ibiapaba,2023,6,2547451.7650000006
2313401,08,Serra da Ibiapaba,2023,6,1469692.6550000003
2313609,08,Serra da Ibiapaba,2023,6,3212139.3200000003
2314102,08,Serra da Ibiapaba,2023,6,3238579.875
2301851,09,Sertão Central,2023,6,54555.875
2303931,09,Sertão Central,2023,6,13854.0
2304269,09,Sertão Central,2023,6,409070.20999999996
2305266,09,Sertão Central,2023,6,23267.845
2305332,09,Sertão Central,2023,6,471311.2150000001
2308351,09,Sertão Central,2023,6,432646.55499999993
2308500,09,Sertão Central,2023,6,730427.5250000001
2310506,09,Sertão Central,2023,6,1197821.165
2310902,09,Sertão Central,2023,6,2048832.54
2311306,09,Sertão Central,2023,6,1071424.005
2311405,09,Sertão Central,2023,6,164579.04499999993
2312700,09,Sertão Central,2023,6,626019.075
2313005,09,Sertão Central,2023,6,1658784.9300000002
2302404,10,Sertão de Canindé,2023,6,4299711.01
2302800,10,Sertão de Canindé,2023,6,3087044.205
2303006,10,Sertão de Canindé,2023,6,147956.68000000002
2306603,10,Sertão de Canindé,2023,6,2492949.04
2307635,10,Sertão de Canindé,2023,6,984490.1349999998
2310407,10,Sertão de Canindé,2023,6,250356.08499999996
2300507,11,Sertão de Sobral,2023,6,686901.52
2304350,11,Sertão de Sobral,2023,6,693572.02
2304509,11,Sertão de Sobral,2023,6,192872.89500000002
2304657,11,Sertão de Sobral,2023,6,62515.764999999956
2304905,11,Sertão de Sobral,2023,6,361859.95999999996
2308005,11,Sertão de Sobral,2023,6,1190577.7
2308203,11,Sertão de Sobral,2023,6,218120.33499999996
2309904,11,Sertão de Sobral,2023,6,750017.05
2310951,11,Sertão de Sobral,2023,6,479386.94999999995
2311702,11,Sertão de Sobral,2023,6,273102.265
2312007,11,Sertão de Sobral,2023,6,823881.1449999999
2312908,11,Sertão de Sobral,2023,6,15987727.034999996
2303659,12,Sertão dos Crateús,2023,6,123909.66999999998
2304103,12,Sertão dos Crateús,2023,6,2012592.98
2305209,12,Sertão dos Crateús,2023,6,294787.61
2305605,12,Sertão dos Crateús,2023,6,832362.8400000001
2305902,12,Sertão dos Crateús,2023,6,632352.425
2308609,12,Sertão dos Crateús,2023,6,126505.20999999996
2309300,12,Sertão dos Crateús,2023,6,6608400.66
2309409,12,Sertão dos Crateús,2023,6,4475074.745
2312205,12,Sertão dos Crateús,2023,6,661507.5
2313203,12,Sertão dos Crateús,2023,6,1133905.2100000002
2300408,13,Sertão dos Inhamuns,2023,6,342895.2050000001
2313302,13,Sertão dos Inhamuns,2023,6,12035434.650000002
2300705,14,Vale do Jaguaribe,2023,6,486737.57499999995
2304277,14,Vale do Jaguaribe,2023,6,588007.1050000001
2306009,14,Vale do Jaguaribe,2023,6,342584.92000000004
2306702,14,Vale do Jaguaribe,2023,6,2019576.935
2306801,14,Vale do Jaguaribe,2023,6,693018.8700000001
2307601,14,Vale do Jaguaribe,2023,6,322938.89
2308708,14,Vale do Jaguaribe,2023,6,855342.1349999998
2310001,14,Vale do Jaguaribe,2023,6,227292.55500000002
2311231,14,Vale do Jaguaribe,2023,6,530133.78
2311504,14,Vale do Jaguaribe,2023,6,468623.90499999997
2311801,14,Vale do Jaguaribe,2023,6,2585682.9399999995
2312502,14,Vale do Jaguaribe,2023,6,16922.53
2313104,14,Vale do Jaguaribe,2023,6,323344.375
2300101,01,Cariri,2023,7,755639.24
2300606,01,Cariri,2023,7,613226.4349999998
2300804,01,Cariri,2023,7,249546.98000000004
2301307,01,Cariri,2023,7,484220.4149999999
2301604,01,Cariri,2023,7,3936003.500000001
2301703,01,Cariri,2023,7,489129.55000000005
2301901,01,Cariri,2023,7,0.0
2302008,01,Cariri,2023,7,155339.44500000007
2302503,01,Cariri,2023,7,1360981.0500000007
2302701,01,Cariri,2023,7,339277.91500000004
2303204,01,Cariri,2023,7,707923.355
2304202,01,Cariri,2023,7,4605833.479999999
2304301,01,Cariri,2023,7,1333071.2649999997
2304806,01,Cariri,2023,7,470454.7600000001
2307106,01,Cariri,2023,7,967827.2800000003
2307205,01,Cariri,2023,7,163100.63999999966
2307304,01,Cariri,2023,7,5962013.025000002
2307502,01,Cariri,2023,7,340094.98
2308104,01,Cariri,2023,7,1665044.54
2308302,01,Cariri,2023,7,841430.3750000002
2308401,01,Cariri,2023,7,553484.57
2309201,01,Cariri,2023,7,79611.96499999997
2310605,01,Cariri,2023,7,178532.85499999998
2311108,01,Cariri,2023,7,2105189.1750000003
2311207,01,Cariri,2023,7,94251.345
2311959,01,Cariri,2023,7,649994.645
2312106,01,Cariri,2023,7,14450.0
2313252,01,Cariri,2023,7,45078.26000000001
2314003,01,Cariri,2023,7,1113684.4549999991
2300309,02,Centro Sul,2023,7,219054.90499999997
2301802,02,Centro Sul,2023,7,188216.05
2303600,02,Centro Sul,2023,7,8040.0
2303808,02,Centro Sul,2023,7,351175.3600000001
2305407,02,Centro Sul,2023,7,2040330.645
2305506,02,Centro Sul,2023,7,3779644.4750000006
2305704,02,Centro Sul,2023,7,45007.76000000001
2307403,02,Centro Sul,2023,7,255813.97999999998
2311355,02,Centro Sul,2023,7,1853318.65
2311900,02,Centro Sul,2023,7,295682.7949999999
2313708,02,Centro Sul,2023,7,321249.50000000006
2301000,03,Grande Fortaleza,2023,7,2449329.1850000005
2303501,03,Grande Fortaleza,2023,7,4124422.7349999994
2303709,03,Grande Fortaleza,2023,7,6263224.254999999
2303956,03,Grande Fortaleza,2023,7,1758966.0150000001
2304285,03,Grande Fortaleza,2023,7,11917357.16
2304400,03,Grande Fortaleza,2023,7,118394959.89000002
2304954,03,Grande Fortaleza,2023,7,1000689.5300000003
2305233,03,Grande Fortaleza,2023,7,5545281.395
2306256,03,Grande Fortaleza,2023,7,1622351.0499999998
2307650,03,Grande Fortaleza,2023,7,24425321.394999996
2307700,03,Grande Fortaleza,2023,7,1209785.1899999995
2309607,03,Grande Fortaleza,2023,7,5549260.739999998
2309706,03,Grande Fortaleza,2023,7,1542362.2250000006
2310209,03,Grande Fortaleza,2023,7,947791.9649999999
2310258,03,Grande Fortaleza,2023,7,1230991.375
2310852,03,Grande Fortaleza,2023,7,833193.9950000001
2312403,03,Grande Fortaleza,2023,7,0.0
2312601,03,Grande Fortaleza,2023,7,53783.169999999984
2313500,03,Grande Fortaleza,2023,7,654640.7400000002
2301109,04,Litoral Leste,2023,7,1329867.1799999997
2302206,04,Litoral Leste,2023,7,877548.5100000002
2304459,04,Litoral Leste,2023,7,773078.0950000002
2305357,04,Litoral Leste,2023,7,1631892.455
2306207,04,Litoral Leste,2023,7,458099.67000000016
2307007,04,Litoral Leste,2023,7,353206.3799999999
2300200,05,Litoral Norte,2023,7,3900011.9750000015
2302057,05,Litoral Norte,2023,7,536106.88
2302305,05,Litoral Norte,2023,7,681556.5599999998
2302602,05,Litoral Norte,2023,7,886599.2749999999
2303907,05,Litoral Norte,2023,7,262206.41500000004
2304251,05,Litoral Norte,2023,7,1979380.4450000003
2304707,05,Litoral Norte,2023,7,3718555.0549999997
2306553,05,Litoral Norte,2023,7,2524029.755000001
2307254,05,Litoral Norte,2023,7,1109182.6900000004
2307809,05,Litoral Norte,2023,7,1662146.25
2307908,05,Litoral Norte,2023,7,723999.2350000001
2308906,05,Litoral Norte,2023,7,860234.3599999999
2300754,06,Litoral Oeste / Vale do Curu,2023,7,779664.25
2300903,06,Litoral Oeste / Vale do Curu,2023,7,285852.35
2304608,06,Litoral Oeste / Vale do Curu,2023,7,532798.9800000001
2306108,06,Litoral Oeste / Vale do Curu,2023,7,578029.7999999998
2306306,06,Litoral Oeste / Vale do Curu,2023,7,1627942.1899999995
2306405,06,Litoral Oeste / Vale do Curu,2023,7,1675453.1700000018
2308377,06,Litoral Oeste / Vale do Curu,2023,7,77913.65500000003
2310704,06,Litoral Oeste / Vale do Curu,2023,7,1299192.79
2313351,06,Litoral Oeste / Vale do Curu,2023,7,1167931.6949999994
2313559,06,Litoral Oeste / Vale do Curu,2023,7,244140.18999999994
2313757,06,Litoral Oeste / Vale do Curu,2023,7,54908.380000000005
2313807,06,Litoral Oeste / Vale do Curu,2023,7,892691.2000000002
2300150,07,Maciço do Baturité,2023,7,206604.21499999985
2301208,07,Maciço do Baturité,2023,7,468387.3099999998
2301406,07,Maciço do Baturité,2023,7,881241.115
2301950,07,Maciço do Baturité,2023,7,240127.16000000015
2302909,07,Maciço do Baturité,2023,7,304709.735
2305100,07,Maciço do Baturité,2023,7,113088.45999999996
2306504,07,Maciço do Baturité,2023,7,331614.1699999999
2309102,07,Maciço do Baturité,2023,7,173503.79000000004
2309458,07,Maciço do Baturité,2023,7,276499.0800000001
2309805,07,Maciço do Baturité,2023,7,787400.825
2310100,07,Maciço do Baturité,2023,7,157048.74499999988
2311603,07,Maciço do Baturité,2023,7,343382.65500000014
2303402,08,Serra da Ibiapaba,2023,7,349066.93500000006
2304236,08,Serra da Ibiapaba,2023,7,310715.74
2305001,08,Serra da Ibiapaba,2023,7,4831869.57
2305308,08,Serra da Ibiapaba,2023,7,45834.179999999935
2305803,08,Serra da Ibiapaba,2023,7,2033869.665
2312304,08,Serra da Ibiapaba,2023,7,2566623.63
2313401,08,Serra da Ibiapaba,2023,7,1064920.915
2313609,08,Serra da Ibiapaba,2023,7,528022.1549999993
2314102,08,Serra da Ibiapaba,2023,7,203916.51499999966
2301851,09,Sertão Central,2023,7,244682.95000000007
2303931,09,Sertão Central,2023,7,215165.42000000004
2304269,09,Sertão Central,2023,7,250421.45999999996
2305266,09,Sertão Central,2023,7,445360.475
2305332,09,Sertão Central,2023,7,1307064.275
2308351,09,Sertão Central,2023,7,713537.7650000001
2308500,09,Sertão Central,2023,7,971913.44
2310506,09,Sertão Central,2023,7,2836337.2550000004
2310902,09,Sertão Central,2023,7,602532.395
2311306,09,Sertão Central,2023,7,450430.43000000017
2311405,09,Sertão Central,2023,7,479517.9500000002
2312700,09,Sertão Central,2023,7,1047742.5550000002
2313005,09,Sertão Central,2023,7,1592808.1849999996
2302404,10,Sertão de Canindé,2023,7,5086982.455
2302800,10,Sertão de Canindé,2023,7,2182144.21
2303006,10,Sertão de Canindé,2023,7,239688.7
2306603,10,Sertão de Canindé,2023,7,1482253.4800000004
2307635,10,Sertão de Canindé,2023,7,1216291.17
2310407,10,Sertão de Canindé,2023,7,399232.0349999999
2300507,11,Sertão de Sobral,2023,7,451378.81000000006
2304350,11,Sertão de Sobral,2023,7,886511.04
2304509,11,Sertão de Sobral,2023,7,357700.405
2304657,11,Sertão de Sobral,2023,7,2850.0
2304905,11,Sertão de Sobral,2023,7,362551.51
2308005,11,Sertão de Sobral,2023,7,1467601.8250000002
2308203,11,Sertão de Sobral,2023,7,322137.54000000004
2309904,11,Sertão de Sobral,2023,7,418018.595
2310951,11,Sertão de Sobral,2023,7,525856.49
2311702,11,Sertão de Sobral,2023,7,312153.355
2312007,11,Sertão de Sobral,2023,7,952733.76
2312908,11,Sertão de Sobral,2023,7,11626953.204999998
2303659,12,Sertão dos Crateús,2023,7,261563.44
2304103,12,Sertão dos Crateús,2023,7,2887016.5349999997
2305209,12,Sertão dos Crateús,2023,7,142162.29499999993
2305605,12,Sertão dos Crateús,2023,7,427006.6999999997
2305902,12,Sertão dos Crateús,2023,7,1119449.88
2308609,12,Sertão dos Crateús,2023,7,714383.3899999999
2309300,12,Sertão dos Crateús,2023,7,4641011.585000001
2309409,12,Sertão dos Crateús,2023,7,5595972.4
2312205,12,Sertão dos Crateús,2023,7,363764.9999999999
2313203,12,Sertão dos Crateús,2023,7,994471.625
2300408,13,Sertão dos Inhamuns,2023,7,1068190.88
2313302,13,Sertão dos Inhamuns,2023,7,4888482.549999997
2300705,14,Vale do Jaguaribe,2023,7,617557.0450000002
2304277,14,Vale do Jaguaribe,2023,7,236591.71999999997
2306009,14,Vale do Jaguaribe,2023,7,839191.9249999999
2306702,14,Vale do Jaguaribe,2023,7,555906.6350000007
2306801,14,Vale do Jaguaribe,2023,7,807894.8799999999
2307601,14,Vale do Jaguaribe,2023,7,160775.1000000001
2308708,14,Vale do Jaguaribe,2023,7,290096.7400000002
2310001,14,Vale do Jaguaribe,2023,7,53220.889999999956
2311231,14,Vale do Jaguaribe,2023,7,267006.29000000004
2311504,14,Vale do Jaguaribe,2023,7,168260.19500000007
2311801,14,Vale do Jaguaribe,2023,7,3325475.51
2312502,14,Vale do Jaguaribe,2023,7,21039.22
2313104,14,Vale do Jaguaribe,2023,7,543814.8350000002
2300101,01,Cariri,2023,8,755639.24
2300606,01,Cariri,2023,8,613226.4349999998
2300804,01,Cariri,2023,8,249546.98000000004
2301307,01,Cariri,2023,8,484220.4149999999
2301604,01,Cariri,2023,8,3936003.500000001
2301703,01,Cariri,2023,8,489129.55000000005
2301901,01,Cariri,2023,8,0.0
2302008,01,Cariri,2023,8,155339.44500000007
2302503,01,Cariri,2023,8,1360981.0500000007
2302701,01,Cariri,2023,8,339277.91500000004
2303204,01,Cariri,2023,8,707923.355
2304202,01,Cariri,2023,8,4605833.479999999
2304301,01,Cariri,2023,8,1333071.2649999997
2304806,01,Cariri,2023,8,470454.7600000001
2307106,01,Cariri,2023,8,967827.2800000003
2307205,01,Cariri,2023,8,163100.63999999966
2307304,01,Cariri,2023,8,5962013.025000002
2307502,01,Cariri,2023,8,340094.98
2308104,01,Cariri,2023,8,1665044.54
2308302,01,Cariri,2023,8,841430.3750000002
2308401,01,Cariri,2023,8,553484.57
2309201,01,Cariri,2023,8,79611.96499999997
2310605,01,Cariri,2023,8,178532.85499999998
2311108,01,Cariri,2023,8,2105189.1750000003
2311207,01,Cariri,2023,8,94251.345
2311959,01,Cariri,2023,8,649994.645
2312106,01,Cariri,2023,8,14450.0
2313252,01,Cariri,2023,8,45078.26000000001
2314003,01,Cariri,2023,8,1113684.4549999991
2300309,02,Centro Sul,2023,8,219054.90499999997
2301802,02,Centro Sul,2023,8,188216.05
2303600,02,Centro Sul,2023,8,8040.0
2303808,02,Centro Sul,2023,8,351175.3600000001
2305407,02,Centro Sul,2023,8,2040330.645
2305506,02,Centro Sul,2023,8,3779644.4750000006
2305704,02,Centro Sul,2023,8,45007.76000000001
2307403,02,Centro Sul,2023,8,255813.97999999998
2311355,02,Centro Sul,2023,8,1853318.65
2311900,02,Centro Sul,2023,8,295682.7949999999
2313708,02,Centro Sul,2023,8,321249.50000000006
2301000,03,Grande Fortaleza,2023,8,2449329.1850000005
2303501,03,Grande Fortaleza,2023,8,4124422.7349999994
2303709,03,Grande Fortaleza,2023,8,6263224.254999999
2303956,03,Grande Fortaleza,2023,8,1758966.0150000001
2304285,03,Grande Fortaleza,2023,8,11917357.16
2304400,03,Grande Fortaleza,2023,8,118394959.89000002
2304954,03,Grande Fortaleza,2023,8,1000689.5300000003
2305233,03,Grande Fortaleza,2023,8,5545281.395
2306256,03,Grande Fortaleza,2023,8,1622351.0499999998
2307650,03,Grande Fortaleza,2023,8,24425321.394999996
2307700,03,Grande Fortaleza,2023,8,1209785.1899999995
2309607,03,Grande Fortaleza,2023,8,5549260.739999998
2309706,03,Grande Fortaleza,2023,8,1542362.2250000006
2310209,03,Grande Fortaleza,2023,8,947791.9649999999
2310258,03,Grande Fortaleza,2023,8,1230991.375
2310852,03,Grande Fortaleza,2023,8,833193.9950000001
2312403,03,Grande Fortaleza,2023,8,0.0
2312601,03,Grande Fortaleza,2023,8,53783.169999999984
2313500,03,Grande Fortaleza,2023,8,654640.7400000002
2301109,04,Litoral Leste,2023,8,1329867.1799999997
2302206,04,Litoral Leste,2023,8,877548.5100000002
2304459,04,Litoral Leste,2023,8,773078.0950000002
2305357,04,Litoral Leste,2023,8,1631892.455
2306207,04,Litoral Leste,2023,8,458099.67000000016
2307007,04,Litoral Leste,2023,8,353206.3799999999
2300200,05,Litoral Norte,2023,8,3900011.9750000015
2302057,05,Litoral Norte,2023,8,536106.88
2302305,05,Litoral Norte,2023,8,681556.5599999998
2302602,05,Litoral Norte,2023,8,886599.2749999999
2303907,05,Litoral Norte,2023,8,262206.41500000004
2304251,05,Litoral Norte,2023,8,1979380.4450000003
2304707,05,Litoral Norte,2023,8,3718555.0549999997
2306553,05,Litoral Norte,2023,8,2524029.755000001
2307254,05,Litoral Norte,2023,8,1109182.6900000004
2307809,05,Litoral Norte,2023,8,1662146.25
2307908,05,Litoral Norte,2023,8,723999.2350000001
2308906,05,Litoral Norte,2023,8,860234.3599999999
2300754,06,Litoral Oeste / Vale do Curu,2023,8,779664.25
2300903,06,Litoral Oeste / Vale do Curu,2023,8,285852.35
2304608,06,Litoral Oeste / Vale do Curu,2023,8,532798.9800000001
2306108,06,Litoral Oeste / Vale do Curu,2023,8,578029.7999999998
2306306,06,Litoral Oeste / Vale do Curu,2023,8,1627942.1899999995
2306405,06,Litoral Oeste / Vale do Curu,2023,8,1675453.1700000018
2308377,06,Litoral Oeste / Vale do Curu,2023,8,77913.65500000003
2310704,06,Litoral Oeste / Vale do Curu,2023,8,1299192.79
2313351,06,Litoral Oeste / Vale do Curu,2023,8,1167931.6949999994
2313559,06,Litoral Oeste / Vale do Curu,2023,8,244140.18999999994
2313757,06,Litoral Oeste / Vale do Curu,2023,8,54908.380000000005
2313807,06,Litoral Oeste / Vale do Curu,2023,8,892691.2000000002
2300150,07,Maciço do Baturité,2023,8,206604.21499999985
2301208,07,Maciço do Baturité,2023,8,468387.3099999998
2301406,07,Maciço do Baturité,2023,8,881241.115
2301950,07,Maciço do Baturité,2023,8,240127.16000000015
2302909,07,Maciço do Baturité,2023,8,304709.735
2305100,07,Maciço do Baturité,2023,8,113088.45999999996
2306504,07,Maciço do Baturité,2023,8,331614.1699999999
2309102,07,Maciço do Baturité,2023,8,173503.79000000004
2309458,07,Maciço do Baturité,2023,8,276499.0800000001
2309805,07,Maciço do Baturité,2023,8,787400.825
2310100,07,Maciço do Baturité,2023,8,157048.74499999988
2311603,07,Maciço do Baturité,2023,8,343382.65500000014
2303402,08,Serra da Ibiapaba,2023,8,349066.93500000006
2304236,08,Serra da Ibiapaba,2023,8,310715.74
2305001,08,Serra da Ibiapaba,2023,8,4831869.57
2305308,08,Serra da Ibiapaba,2023,8,45834.179999999935
2305803,08,Serra da Ibiapaba,2023,8,2033869.665
2312304,08,Serra da Ibiapaba,2023,8,2566623.63
2313401,08,Serra da Ibiapaba,2023,8,1064920.915
2313609,08,Serra da Ibiapaba,2023,8,528022.1549999993
2314102,08,Serra da Ibiapaba,2023,8,203916.51499999966
2301851,09,Sertão Central,2023,8,244682.95000000007
2303931,09,Sertão Central,2023,8,215165.42000000004
2304269,09,Sertão Central,2023,8,250421.45999999996
2305266,09,Sertão Central,2023,8,445360.475
2305332,09,Sertão Central,2023,8,1307064.275
2308351,09,Sertão Central,2023,8,713537.7650000001
2308500,09,Sertão Central,2023,8,971913.44
2310506,09,Sertão Central,2023,8,2836337.2550000004
2310902,09,Sertão Central,2023,8,602532.395
2311306,09,Sertão Central,2023,8,450430.43000000017
2311405,09,Sertão Central,2023,8,479517.9500000002
2312700,09,Sertão Central,2023,8,1047742.5550000002
2313005,09,Sertão Central,2023,8,1592808.1849999996
2302404,10,Sertão de Canindé,2023,8,5086982.455
2302800,10,Sertão de Canindé,2023,8,2182144.21
2303006,10,Sertão de Canindé,2023,8,239688.7
2306603,10,Sertão de Canindé,2023,8,1482253.4800000004
2307635,10,Sertão de Canindé,2023,8,1216291.17
2310407,10,Sertão de Canindé,2023,8,399232.0349999999
2300507,11,Sertão de Sobral,2023,8,451378.81000000006
2304350,11,Sertão de Sobral,2023,8,886511.04
2304509,11,Sertão de Sobral,2023,8,357700.405
2304657,11,Sertão de Sobral,2023,8,2850.0
2304905,11,Sertão de Sobral,2023,8,362551.51
2308005,11,Sertão de Sobral,2023,8,1467601.8250000002
2308203,11,Sertão de Sobral,2023,8,322137.54000000004
2309904,11,Sertão de Sobral,2023,8,418018.595
2310951,11,Sertão de Sobral,2023,8,525856.49
2311702,11,Sertão de Sobral,2023,8,312153.355
2312007,11,Sertão de Sobral,2023,8,952733.76
2312908,11,Sertão de Sobral,2023,8,11626953.204999998
2303659,12,Sertão dos Crateús,2023,8,261563.44
2304103,12,Sertão dos Crateús,2023,8,2887016.5349999997
2305209,12,Sertão dos Crateús,2023,8,142162.29499999993
2305605,12,Sertão dos Crateús,2023,8,427006.6999999997
2305902,12,Sertão dos Crateús,2023,8,1119449.88
2308609,12,Sertão dos Crateús,2023,8,714383.3899999999
2309300,12,Sertão dos Crateús,2023,8,4641011.585000001
2309409,12,Sertão dos Crateús,2023,8,5595972.4
2312205,12,Sertão dos Crateús,2023,8,363764.9999999999
2313203,12,Sertão dos Crateús,2023,8,994471.625
2300408,13,Sertão dos Inhamuns,2023,8,1068190.88
2313302,13,Sertão dos Inhamuns,2023,8,4888482.549999997
2300705,14,Vale do Jaguaribe,2023,8,617557.0450000002
2304277,14,Vale do Jaguaribe,2023,8,236591.71999999997
2306009,14,Vale do Jaguaribe,2023,8,839191.9249999999
2306702,14,Vale do Jaguaribe,2023,8,555906.6350000007
2306801,14,Vale do Jaguaribe,2023,8,807894.8799999999
2307601,14,Vale do Jaguaribe,2023,8,160775.1000000001
2308708,14,Vale do Jaguaribe,2023,8,290096.7400000002
2310001,14,Vale do Jaguaribe,2023,8,53220.889999999956
2311231,14,Vale do Jaguaribe,2023,8,267006.29000000004
2311504,14,Vale do Jaguaribe,2023,8,168260.19500000007
2311801,14,Vale do Jaguaribe,2023,8,3325475.51
2312502,14,Vale do Jaguaribe,2023,8,21039.22
2313104,14,Vale do Jaguaribe,2023,8,543814.8350000002
2300101,01,Cariri,2023,9,497902.69999999995
2300606,01,Cariri,2023,9,325621.4450000003
2300804,01,Cariri,2023,9,65735.29999999993
2301307,01,Cariri,2023,9,281245.8600000001
2301604,01,Cariri,2023,9,2046858.5749999993
2301703,01,Cariri,2023,9,554253.6799999999
2301901,01,Cariri,2023,9,793211.3150000004
2302008,01,Cariri,2023,9,69331.35999999999
2302503,01,Cariri,2023,9,1819647.789999999
2302701,01,Cariri,2023,9,233853.91500000004
2303204,01,Cariri,2023,9,1416380.25
2304202,01,Cariri,2023,9,0.0
2304301,01,Cariri,2023,9,628331.6500000004
2304806,01,Cariri,2023,9,612959.935
2307106,01,Cariri,2023,9,1028607.0250000004
2307205,01,Cariri,2023,9,0.0
2307304,01,Cariri,2023,9,6792391.064999998
2307502,01,Cariri,2023,9,232082.88499999978
2308104,01,Cariri,2023,9,1323209.3800000004
2308302,01,Cariri,2023,9,520568.6699999999
2308401,01,Cariri,2023,9,937178.3899999999
2309201,01,Cariri,2023,9,293456.30500000005
2310605,01,Cariri,2023,9,47032.31500000006
2311108,01,Cariri,2023,9,1145870.38
2311207,01,Cariri,2023,9,0.0
2311959,01,Cariri,2023,9,151732.615
2312106,01,Cariri,2023,9,0.0
2313252,01,Cariri,2023,9,125452.25
2314003,01,Cariri,2023,9,1192788.6150000002
2300309,02,Centro Sul,2023,9,68316.34000000008
2301802,02,Centro Sul,2023,9,119940.09999999998
2303600,02,Centro Sul,2023,9,20631.650000000023
2303808,02,Centro Sul,2023,9,286328.4249999998
2305407,02,Centro Sul,2023,9,1670846.5599999996
2305506,02,Centro Sul,2023,9,2973562.38
2305704,02,Centro Sul,2023,9,48586.45499999996
2307403,02,Centro Sul,2023,9,2180790.25
2311355,02,Centro Sul,2023,9,800610.2450000001
2311900,02,Centro Sul,2023,9,344958.625
2313708,02,Centro Sul,2023,9,348497.79000000004
2301000,03,Grande Fortaleza,2023,9,6428254.9
2303501,03,Grande Fortaleza,2023,9,3787438.7250000015
2303709,03,Grande Fortaleza,2023,9,8969589.479999997
2303956,03,Grande Fortaleza,2023,9,1233053.245
2304285,03,Grande Fortaleza,2023,9,269151.4900000021
2304400,03,Grande Fortaleza,2023,9,69754589.26499999
2304954,03,Grande Fortaleza,2023,9,1098608.3199999994
2305233,03,Grande Fortaleza,2023,9,7571470.780000001
2306256,03,Grande Fortaleza,2023,9,239826.28000000026
2307650,03,Grande Fortaleza,2023,9,26392218.810000002
2307700,03,Grande Fortaleza,2023,9,2400065.5199999996
2309607,03,Grande Fortaleza,2023,9,3888319.205000002
2309706,03,Grande Fortaleza,2023,9,1220177.1849999996
2310209,03,Grande Fortaleza,2023,9,392394.9250000003
2310258,03,Grande Fortaleza,2023,9,2649477.6050000004
2310852,03,Grande Fortaleza,2023,9,645759.8449999997
2312403,03,Grande Fortaleza,2023,9,4011628.99
2312601,03,Grande Fortaleza,2023,9,135180.8
2313500,03,Grande Fortaleza,2023,9,1909646.0300000003
2301109,04,Litoral Leste,2023,9,0.0
2302206,04,Litoral Leste,2023,9,1318300.3650000002
2304459,04,Litoral Leste,2023,9,496125.89000000013
2305357,04,Litoral Leste,2023,9,945092.2149999999
2306207,04,Litoral Leste,2023,9,543613.2849999997
2307007,04,Litoral Leste,2023,9,648101.2050000001
2300200,05,Litoral Norte,2023,9,4027152.6999999974
2302057,05,Litoral Norte,2023,9,377157.35999999987
2302305,05,Litoral Norte,2023,9,573636.6400000001
2302602,05,Litoral Norte,2023,9,0.0
2303907,05,Litoral Norte,2023,9,139319.94500000007
2304251,05,Litoral Norte,2023,9,1594529.2300000004
2304707,05,Litoral Norte,2023,9,2743418.6899999995
2306553,05,Litoral Norte,2023,9,3536664.455
2307254,05,Litoral Norte,2023,9,795943.6949999998
2307809,05,Litoral Norte,2023,9,2149773.1100000003
2307908,05,Litoral Norte,2023,9,326126.06000000006
2308906,05,Litoral Norte,2023,9,1051259.6950000003
2300754,06,Litoral Oeste / Vale do Curu,2023,9,592236.2350000003
2300903,06,Litoral Oeste / Vale do Curu,2023,9,56001.090000000084
2304608,06,Litoral Oeste / Vale do Curu,2023,9,167652.3899999999
2306108,06,Litoral Oeste / Vale do Curu,2023,9,1995676.3450000007
2306306,06,Litoral Oeste / Vale do Curu,2023,9,1093126.3199999994
2306405,06,Litoral Oeste / Vale do Curu,2023,9,7783280.969999999
2308377,06,Litoral Oeste / Vale do Curu,2023,9,127384.96500000008
2310704,06,Litoral Oeste / Vale do Curu,2023,9,1971739.6400000001
2313351,06,Litoral Oeste / Vale do Curu,2023,9,1429572.83
2313559,06,Litoral Oeste / Vale do Curu,2023,9,59727.30000000005
2313757,06,Litoral Oeste / Vale do Curu,2023,9,31958.0
2313807,06,Litoral Oeste / Vale do Curu,2023,9,443648.26500000013
2300150,07,Maciço do Baturité,2023,9,100178.78000000003
2301208,07,Maciço do Baturité,2023,9,391293.3200000003
2301406,07,Maciço do Baturité,2023,9,489512.81000000006
2301950,07,Maciço do Baturité,2023,9,339369.47499999986
2302909,07,Maciço do Baturité,2023,9,9319.465000000026
2305100,07,Maciço do Baturité,2023,9,224909.375
2306504,07,Maciço do Baturité,2023,9,575789.4899999998
2309102,07,Maciço do Baturité,2023,9,200959.20999999996
2309458,07,Maciço do Baturité,2023,9,305607.615
2309805,07,Maciço do Baturité,2023,9,15247.0
2310100,07,Maciço do Baturité,2023,9,5329.995000000112
2311603,07,Maciço do Baturité,2023,9,293292.81999999983
2303402,08,Serra da Ibiapaba,2023,9,412418.1349999998
2304236,08,Serra da Ibiapaba,2023,9,4615627.175000001
2305001,08,Serra da Ibiapaba,2023,9,4180607.965
2305308,08,Serra da Ibiapaba,2023,9,564758.1950000001
2305803,08,Serra da Ibiapaba,2023,9,1643712.7000000002
2312304,08,Serra da Ibiapaba,2023,9,2657626.7399999993
2313401,08,Serra da Ibiapaba,2023,9,4026620.744999999
2313609,08,Serra da Ibiapaba,2023,9,4901293.235000001
2314102,08,Serra da Ibiapaba,2023,9,731806.1150000002
2301851,09,Sertão Central,2023,9,596277.185
2303931,09,Sertão Central,2023,9,362462.2949999999
2304269,09,Sertão Central,2023,9,483674.66500000004
2305266,09,Sertão Central,2023,9,435622.61
2305332,09,Sertão Central,2023,9,2673948.1199999996
2308351,09,Sertão Central,2023,9,704007.585
2308500,09,Sertão Central,2023,9,1124684.6950000003
2310506,09,Sertão Central,2023,9,2710361.6499999994
2310902,09,Sertão Central,2023,9,534455.625
2311306,09,Sertão Central,2023,9,580137.9950000001
2311405,09,Sertão Central,2023,9,19032.72500000056
2312700,09,Sertão Central,2023,9,864321.1000000001
2313005,09,Sertão Central,2023,9,1633207.3000000007
2302404,10,Sertão de Canindé,2023,9,3966405.9749999996
2302800,10,Sertão de Canindé,2023,9,2789753.960000001
2303006,10,Sertão de Canindé,2023,9,251154.745
2306603,10,Sertão de Canindé,2023,9,749170.7949999999
2307635,10,Sertão de Canindé,2023,9,154187.50999999978
2310407,10,Sertão de Canindé,2023,9,53120.13000000012
2300507,11,Sertão de Sobral,2023,9,216502.53999999957
2304350,11,Sertão de Sobral,2023,9,1059126.7099999995
2304509,11,Sertão de Sobral,2023,9,937915.9299999999
2304657,11,Sertão de Sobral,2023,9,89199.1100000001
2304905,11,Sertão de Sobral,2023,9,472241.01
2308005,11,Sertão de Sobral,2023,9,1907442.3850000002
2308203,11,Sertão de Sobral,2023,9,126470.5149999999
2309904,11,Sertão de Sobral,2023,9,233617.40500000003
2310951,11,Sertão de Sobral,2023,9,87596.31500000018
2311702,11,Sertão de Sobral,2023,9,893206.8199999998
2312007,11,Sertão de Sobral,2023,9,566314.125
2312908,11,Sertão de Sobral,2023,9,11291180.88000001
2303659,12,Sertão dos Crateús,2023,9,89238.28000000003
2304103,12,Sertão dos Crateús,2023,9,773338.6950000003
2305209,12,Sertão dos Crateús,2023,9,487101.9950000001
2305605,12,Sertão dos Crateús,2023,9,599597.6350000002
2305902,12,Sertão dos Crateús,2023,9,1462096.2600000002
2308609,12,Sertão dos Crateús,2023,9,760934.925
2309300,12,Sertão dos Crateús,2023,9,4699916.879999999
2309409,12,Sertão dos Crateús,2023,9,2324678.414999999
2312205,12,Sertão dos Crateús,2023,9,422128.9950000001
2313203,12,Sertão dos Crateús,2023,9,1841803.31
2300408,13,Sertão dos Inhamuns,2023,9,261971.38500000024
2313302,13,Sertão dos Inhamuns,2023,9,6481481.830000002
2300705,14,Vale do Jaguaribe,2023,9,382972.73
2304277,14,Vale do Jaguaribe,2023,9,146576.0499999998
2306009,14,Vale do Jaguaribe,2023,9,624703.105
2306702,14,Vale do Jaguaribe,2023,9,0.0
2306801,14,Vale do Jaguaribe,2023,9,681547.5100000002
2307601,14,Vale do Jaguaribe,2023,9,114289.58999999985
2308708,14,Vale do Jaguaribe,2023,9,772099.5950000002
2310001,14,Vale do Jaguaribe,2023,9,126427.38500000001
2311231,14,Vale do Jaguaribe,2023,9,94352.04000000004
2311504,14,Vale do Jaguaribe,2023,9,137306.31000000006
2311801,14,Vale do Jaguaribe,2023,9,1738073.0549999997
2312502,14,Vale do Jaguaribe,2023,9,329174.31999999995
2313104,14,Vale do Jaguaribe,2023,9,1005440.8499999996
2300101,01,Cariri,2023,10,497902.69999999995
2300606,01,Cariri,2023,10,325621.4450000003
2300804,01,Cariri,2023,10,65735.29999999993
2301307,01,Cariri,2023,10,281245.8600000001
2301604,01,Cariri,2023,10,2046858.5749999993
2301703,01,Cariri,2023,10,554253.6799999999
2301901,01,Cariri,2023,10,793211.3150000004
2302008,01,Cariri,2023,10,69331.35999999999
2302503,01,Cariri,2023,10,1819647.789999999
2302701,01,Cariri,2023,10,233853.91500000004
2303204,01,Cariri,2023,10,1416380.25
2304202,01,Cariri,2023,10,0.0
2304301,01,Cariri,2023,10,628331.6500000004
2304806,01,Cariri,2023,10,612959.935
2307106,01,Cariri,2023,10,1028607.0250000004
2307205,01,Cariri,2023,10,0.0
2307304,01,Cariri,2023,10,6792391.064999998
2307502,01,Cariri,2023,10,232082.88499999978
2308104,01,Cariri,2023,10,1323209.3800000004
2308302,01,Cariri,2023,10,520568.6699999999
2308401,01,Cariri,2023,10,937178.3899999999
2309201,01,Cariri,2023,10,293456.30500000005
2310605,01,Cariri,2023,10,47032.31500000006
2311108,01,Cariri,2023,10,1145870.38
2311207,01,Cariri,2023,10,0.0
2311959,01,Cariri,2023,10,151732.615
2312106,01,Cariri,2023,10,0.0
2313252,01,Cariri,2023,10,125452.25
2314003,01,Cariri,2023,10,1192788.6150000002
2300309,02,Centro Sul,2023,10,68316.34000000008
2301802,02,Centro Sul,2023,10,119940.09999999998
2303600,02,Centro Sul,2023,10,20631.650000000023
2303808,02,Centro Sul,2023,10,286328.4249999998
2305407,02,Centro Sul,2023,10,1670846.5599999996
2305506,02,Centro Sul,2023,10,2973562.38
2305704,02,Centro Sul,2023,10,48586.45499999996
2307403,02,Centro Sul,2023,10,2180790.25
2311355,02,Centro Sul,2023,10,800610.2450000001
2311900,02,Centro Sul,2023,10,344958.625
2313708,02,Centro Sul,2023,10,348497.79000000004
2301000,03,Grande Fortaleza,2023,10,6428254.9
2303501,03,Grande Fortaleza,2023,10,3787438.7250000015
2303709,03,Grande Fortaleza,2023,10,8969589.479999997
2303956,03,Grande Fortaleza,2023,10,1233053.245
2304285,03,Grande Fortaleza,2023,10,269151.4900000021
2304400,03,Grande Fortaleza,2023,10,69754589.26499999
2304954,03,Grande Fortaleza,2023,10,1098608.3199999994
2305233,03,Grande Fortaleza,2023,10,7571470.780000001
2306256,03,Grande Fortaleza,2023,10,239826.28000000026
2307650,03,Grande Fortaleza,2023,10,26392218.810000002
2307700,03,Grande Fortaleza,2023,10,2400065.5199999996
2309607,03,Grande Fortaleza,2023,10,3888319.205000002
2309706,03,Grande Fortaleza,2023,10,1220177.1849999996
2310209,03,Grande Fortaleza,2023,10,392394.9250000003
2310258,03,Grande Fortaleza,2023,10,2649477.6050000004
2310852,03,Grande Fortaleza,2023,10,645759.8449999997
2312403,03,Grande Fortaleza,2023,10,4011628.99
2312601,03,Grande Fortaleza,2023,10,135180.8
2313500,03,Grande Fortaleza,2023,10,1909646.0300000003
2301109,04,Litoral Leste,2023,10,0.0
2302206,04,Litoral Leste,2023,10,1318300.3650000002
2304459,04,Litoral Leste,2023,10,496125.89000000013
2305357,04,Litoral Leste,2023,10,945092.2149999999
2306207,04,Litoral Leste,2023,10,543613.2849999997
2307007,04,Litoral Leste,2023,10,648101.2050000001
2300200,05,Litoral Norte,2023,10,4027152.6999999974
2302057,05,Litoral Norte,2023,10,377157.35999999987
2302305,05,Litoral Norte,2023,10,573636.6400000001
2302602,05,Litoral Norte,2023,10,0.0
2303907,05,Litoral Norte,2023,10,139319.94500000007
2304251,05,Litoral Norte,2023,10,1594529.2300000004
2304707,05,Litoral Norte,2023,10,2743418.6899999995
2306553,05,Litoral Norte,2023,10,3536664.455
2307254,05,Litoral Norte,2023,10,795943.6949999998
2307809,05,Litoral Norte,2023,10,2149773.1100000003
2307908,05,Litoral Norte,2023,10,326126.06000000006
2308906,05,Litoral Norte,2023,10,1051259.6950000003
2300754,06,Litoral Oeste / Vale do Curu,2023,10,592236.2350000003
2300903,06,Litoral Oeste / Vale do Curu,2023,10,56001.090000000084
2304608,06,Litoral Oeste / Vale do Curu,2023,10,167652.3899999999
2306108,06,Litoral Oeste / Vale do Curu,2023,10,1995676.3450000007
2306306,06,Litoral Oeste / Vale do Curu,2023,10,1093126.3199999994
2306405,06,Litoral Oeste / Vale do Curu,2023,10,7783280.969999999
2308377,06,Litoral Oeste / Vale do Curu,2023,10,127384.96500000008
2310704,06,Litoral Oeste / Vale do Curu,2023,10,1971739.6400000001
2313351,06,Litoral Oeste / Vale do Curu,2023,10,1429572.83
2313559,06,Litoral Oeste / Vale do Curu,2023,10,59727.30000000005
2313757,06,Litoral Oeste / Vale do Curu,2023,10,31958.0
2313807,06,Litoral Oeste / Vale do Curu,2023,10,443648.26500000013
2300150,07,Maciço do Baturité,2023,10,100178.78000000003
2301208,07,Maciço do Baturité,2023,10,391293.3200000003
2301406,07,Maciço do Baturité,2023,10,489512.81000000006
2301950,07,Maciço do Baturité,2023,10,339369.47499999986
2302909,07,Maciço do Baturité,2023,10,9319.465000000026
2305100,07,Maciço do Baturité,2023,10,224909.375
2306504,07,Maciço do Baturité,2023,10,575789.4899999998
2309102,07,Maciço do Baturité,2023,10,200959.20999999996
2309458,07,Maciço do Baturité,2023,10,305607.615
2309805,07,Maciço do Baturité,2023,10,15247.0
2310100,07,Maciço do Baturité,2023,10,5329.995000000112
2311603,07,Maciço do Baturité,2023,10,293292.81999999983
2303402,08,Serra da Ibiapaba,2023,10,412418.1349999998
2304236,08,Serra da Ibiapaba,2023,10,4615627.175000001
2305001,08,Serra da Ibiapaba,2023,10,4180607.965
2305308,08,Serra da Ibiapaba,2023,10,564758.1950000001
2305803,08,Serra da Ibiapaba,2023,10,1643712.7000000002
2312304,08,Serra da Ibiapaba,2023,10,2657626.7399999993
2313401,08,Serra da Ibiapaba,2023,10,4026620.744999999
2313609,08,Serra da Ibiapaba,2023,10,4901293.235000001
2314102,08,Serra da Ibiapaba,2023,10,731806.1150000002
2301851,09,Sertão Central,2023,10,596277.185
2303931,09,Sertão Central,2023,10,362462.2949999999
2304269,09,Sertão Central,2023,10,483674.66500000004
2305266,09,Sertão Central,2023,10,435622.61
2305332,09,Sertão Central,2023,10,2673948.1199999996
2308351,09,Sertão Central,2023,10,704007.585
2308500,09,Sertão Central,2023,10,1124684.6950000003
2310506,09,Sertão Central,2023,10,2710361.6499999994
2310902,09,Sertão Central,2023,10,534455.625
2311306,09,Sertão Central,2023,10,580137.9950000001
2311405,09,Sertão Central,2023,10,19032.72500000056
2312700,09,Sertão Central,2023,10,864321.1000000001
2313005,09,Sertão Central,2023,10,1633207.3000000007
2302404,10,Sertão de Canindé,2023,10,3966405.9749999996
2302800,10,Sertão de Canindé,2023,10,2789753.960000001
2303006,10,Sertão de Canindé,2023,10,251154.745
2306603,10,Sertão de Canindé,2023,10,749170.7949999999
2307635,10,Sertão de Canindé,2023,10,154187.50999999978
2310407,10,Sertão de Canindé,2023,10,53120.13000000012
2300507,11,Sertão de Sobral,2023,10,216502.53999999957
2304350,11,Sertão de Sobral,2023,10,1059126.7099999995
2304509,11,Sertão de Sobral,2023,10,937915.9299999999
2304657,11,Sertão de Sobral,2023,10,89199.1100000001
2304905,11,Sertão de Sobral,2023,10,472241.01
2308005,11,Sertão de Sobral,2023,10,1907442.3850000002
2308203,11,Sertão de Sobral,2023,10,126470.5149999999
2309904,11,Sertão de Sobral,2023,10,233617.40500000003
2310951,11,Sertão de Sobral,2023,10,87596.31500000018
2311702,11,Sertão de Sobral,2023,10,893206.8199999998
2312007,11,Sertão de Sobral,2023,10,566314.125
2312908,11,Sertão de Sobral,2023,10,11291180.88000001
2303659,12,Sertão dos Crateús,2023,10,89238.28000000003
2304103,12,Sertão dos Crateús,2023,10,773338.6950000003
2305209,12,Sertão dos Crateús,2023,10,487101.9950000001
2305605,12,Sertão dos Crateús,2023,10,599597.6350000002
2305902,12,Sertão dos Crateús,2023,10,1462096.2600000002
2308609,12,Sertão dos Crateús,2023,10,760934.925
2309300,12,Sertão dos Crateús,2023,10,4699916.879999999
2309409,12,Sertão dos Crateús,2023,10,2324678.414999999
2312205,12,Sertão dos Crateús,2023,10,422128.9950000001
2313203,12,Sertão dos Crateús,2023,10,1841803.31
2300408,13,Sertão dos Inhamuns,2023,10,261971.38500000024
2313302,13,Sertão dos Inhamuns,2023,10,6481481.830000002
2300705,14,Vale do Jaguaribe,2023,10,382972.73
2304277,14,Vale do Jaguaribe,2023,10,146576.0499999998
2306009,14,Vale do Jaguaribe,2023,10,624703.105
2306702,14,Vale do Jaguaribe,2023,10,0.0
2306801,14,Vale do Jaguaribe,2023,10,681547.5100000002
2307601,14,Vale do Jaguaribe,2023,10,114289.58999999985
2308708,14,Vale do Jaguaribe,2023,10,772099.5950000002
2310001,14,Vale do Jaguaribe,2023,10,126427.38500000001
2311231,14,Vale do Jaguaribe,2023,10,94352.04000000004
2311504,14,Vale do Jaguaribe,2023,10,137306.31000000006
2311801,14,Vale do Jaguaribe,2023,10,1738073.0549999997
2312502,14,Vale do Jaguaribe,2023,10,329174.31999999995
2313104,14,Vale do Jaguaribe,2023,10,1005440.8499999996
2300101,01,Cariri,2023,11,477056.81499999994
2300606,01,Cariri,2023,11,670132.355
2300804,01,Cariri,2023,11,119132.31500000006
2301307,01,Cariri,2023,11,728776.1049999997
2301604,01,Cariri,2023,11,3540302.42
2301703,01,Cariri,2023,11,303595.7549999999
2301901,01,Cariri,2023,11,2474845.1949999994
2302008,01,Cariri,2023,11,113090.01000000001
2302503,01,Cariri,2023,11,30552853.96
2302701,01,Cariri,2023,11,205499.10999999987
2303204,01,Cariri,2023,11,1048618.3049999997
2304202,01,Cariri,2023,11,3077580.0549999997
2304301,01,Cariri,2023,11,438888.40500000026
2304806,01,Cariri,2023,11,526527.0499999998
2307106,01,Cariri,2023,11,937153.1549999993
2307205,01,Cariri,2023,11,674693.375
2307304,01,Cariri,2023,11,0.0
2307502,01,Cariri,2023,11,1176073.2149999999
2308104,01,Cariri,2023,11,1254611.21
2308302,01,Cariri,2023,11,1266700.7400000002
2308401,01,Cariri,2023,11,817047.685
2309201,01,Cariri,2023,11,281719.6499999999
2310605,01,Cariri,2023,11,168348.4049999998
2311108,01,Cariri,2023,11,3178465.4299999997
2311207,01,Cariri,2023,11,165030.38499999998
2311959,01,Cariri,2023,11,175605.06499999994
2312106,01,Cariri,2023,11,0.0
2313252,01,Cariri,2023,11,169472.83500000002
2314003,01,Cariri,2023,11,2012324.6899999995
2300309,02,Centro Sul,2023,11,615024.42
2301802,02,Centro Sul,2023,11,74442.63500000001
2303600,02,Centro Sul,2023,11,193294.2799999999
2303808,02,Centro Sul,2023,11,916579.31
2305407,02,Centro Sul,2023,11,3059960.3150000004
2305506,02,Centro Sul,2023,11,2617191.75
2305704,02,Centro Sul,2023,11,421760.03500000015
2307403,02,Centro Sul,2023,11,1945528.1499999994
2311355,02,Centro Sul,2023,11,528227.6600000001
2311900,02,Centro Sul,2023,11,1035541.76
2313708,02,Centro Sul,2023,11,128080.95999999996
2301000,03,Grande Fortaleza,2023,11,7291844.384999998
2303501,03,Grande Fortaleza,2023,11,1291954.375
2303709,03,Grande Fortaleza,2023,11,15002019.425000004
2303956,03,Grande Fortaleza,2023,11,1039153.3949999996
2304285,03,Grande Fortaleza,2023,11,2567535.829999998
2304400,03,Grande Fortaleza,2023,11,81302607.42000002
2304954,03,Grande Fortaleza,2023,11,237673.1799999997
2305233,03,Grande Fortaleza,2023,11,439014.1150000021
2306256,03,Grande Fortaleza,2023,11,6058413.81
2307650,03,Grande Fortaleza,2023,11,0.0
2307700,03,Grande Fortaleza,2023,11,0.0
2309607,03,Grande Fortaleza,2023,11,0.0
2309706,03,Grande Fortaleza,2023,11,19218274.78
2310209,03,Grande Fortaleza,2023,11,0.0
2310258,03,Grande Fortaleza,2023,11,4227271.225
2310852,03,Grande Fortaleza,2023,11,556752.8900000001
2312403,03,Grande Fortaleza,2023,11,4856893.715
2312601,03,Grande Fortaleza,2023,11,122098.35499999998
2313500,03,Grande Fortaleza,2023,11,1411573.6749999989
2301109,04,Litoral Leste,2023,11,0.0
2302206,04,Litoral Leste,2023,11,785256.1099999994
2304459,04,Litoral Leste,2023,11,860336.48
2305357,04,Litoral Leste,2023,11,646289.790000001
2306207,04,Litoral Leste,2023,11,51692.485000000335
2307007,04,Litoral Leste,2023,11,1059721.88
2300200,05,Litoral Norte,2023,11,5106879.015000001
2302057,05,Litoral Norte,2023,11,309169.3250000002
2302305,05,Litoral Norte,2023,11,484420.2050000001
2302602,05,Litoral Norte,2023,11,598396.9099999997
2303907,05,Litoral Norte,2023,11,234461.5049999999
2304251,05,Litoral Norte,2023,11,1303799.0250000004
2304707,05,Litoral Norte,2023,11,9519969.880000003
2306553,05,Litoral Norte,2023,11,3060379.7799999993
2307254,05,Litoral Norte,2023,11,10536121.760000002
2307809,05,Litoral Norte,2023,11,2741361.0600000005
2307908,05,Litoral Norte,2023,11,85627.70999999996
2308906,05,Litoral Norte,2023,11,1058605.7750000004
2300754,06,Litoral Oeste / Vale do Curu,2023,11,832088.1299999999
2300903,06,Litoral Oeste / Vale do Curu,2023,11,0.0
2304608,06,Litoral Oeste / Vale do Curu,2023,11,617033.3300000001
2306108,06,Litoral Oeste / Vale do Curu,2023,11,108977.57499999925
2306306,06,Litoral Oeste / Vale do Curu,2023,11,1830029.3600000013
2306405,06,Litoral Oeste / Vale do Curu,2023,11,0.0
2308377,06,Litoral Oeste / Vale do Curu,2023,11,282856.85999999987
2310704,06,Litoral Oeste / Vale do Curu,2023,11,823551.0699999994
2313351,06,Litoral Oeste / Vale do Curu,2023,11,884476.2150000008
2313559,06,Litoral Oeste / Vale do Curu,2023,11,51861.45999999996
2313757,06,Litoral Oeste / Vale do Curu,2023,11,160756.27000000002
2313807,06,Litoral Oeste / Vale do Curu,2023,11,2036091.6549999993
2300150,07,Maciço do Baturité,2023,11,0.0
2301208,07,Maciço do Baturité,2023,11,1181290.1099999999
2301406,07,Maciço do Baturité,2023,11,701067.4449999998
2301950,07,Maciço do Baturité,2023,11,287903.91500000004
2302909,07,Maciço do Baturité,2023,11,629382.53
2305100,07,Maciço do Baturité,2023,11,447693.615
2306504,07,Maciço do Baturité,2023,11,279272.41500000004
2309102,07,Maciço do Baturité,2023,11,837265.0700000001
2309458,07,Maciço do Baturité,2023,11,394796.355
2309805,07,Maciço do Baturité,2023,11,341077.2949999999
2310100,07,Maciço do Baturité,2023,11,1364.1099999998696
2311603,07,Maciço do Baturité,2023,11,262530.27500000014
2303402,08,Serra da Ibiapaba,2023,11,0.0
2304236,08,Serra da Ibiapaba,2023,11,0.0
2305001,08,Serra da Ibiapaba,2023,11,5064877.509999998
2305308,08,Serra da Ibiapaba,2023,11,488302.3949999998
2305803,08,Serra da Ibiapaba,2023,11,1452989.0599999996
2312304,08,Serra da Ibiapaba,2023,11,2245031.125
2313401,08,Serra da Ibiapaba,2023,11,3464615.1050000004
2313609,08,Serra da Ibiapaba,2023,11,4044344.3949999996
2314102,08,Serra da Ibiapaba,2023,11,1112540.2850000001
2301851,09,Sertão Central,2023,11,1349947.89
2303931,09,Sertão Central,2023,11,293103.0449999999
2304269,09,Sertão Central,2023,11,1100981.46
2305266,09,Sertão Central,2023,11,610208.92
2305332,09,Sertão Central,2023,11,630188.3200000003
2308351,09,Sertão Central,2023,11,535617.7949999999
2308500,09,Sertão Central,2023,11,667659.8149999995
2310506,09,Sertão Central,2023,11,3853025.8999999994
2310902,09,Sertão Central,2023,11,776336.0700000003
2311306,09,Sertão Central,2023,11,1207963.3450000002
2311405,09,Sertão Central,2023,11,0.0
2312700,09,Sertão Central,2023,11,5761965.675
2313005,09,Sertão Central,2023,11,2062028.6949999994
2302404,10,Sertão de Canindé,2023,11,12700297.32
2302800,10,Sertão de Canindé,2023,11,1116694.6449999996
2303006,10,Sertão de Canindé,2023,11,1146205.055
2306603,10,Sertão de Canindé,2023,11,1990314.1449999996
2307635,10,Sertão de Canindé,2023,11,131440.20500000007
2310407,10,Sertão de Canindé,2023,11,40322.830000000075
2300507,11,Sertão de Sobral,2023,11,241329.63500000024
2304350,11,Sertão de Sobral,2023,11,596442.6050000004
2304509,11,Sertão de Sobral,2023,11,297885.8500000001
2304657,11,Sertão de Sobral,2023,11,664013.925
2304905,11,Sertão de Sobral,2023,11,280141.9500000002
2308005,11,Sertão de Sobral,2023,11,2188530.659999999
2308203,11,Sertão de Sobral,2023,11,742356.3600000001
2309904,11,Sertão de Sobral,2023,11,144075.29000000004
2310951,11,Sertão de Sobral,2023,11,5400929.385
2311702,11,Sertão de Sobral,2023,11,6967024.364999999
2312007,11,Sertão de Sobral,2023,11,3675715.1900000004
2312908,11,Sertão de Sobral,2023,11,5011302.075000003
2303659,12,Sertão dos Crateús,2023,11,0.0
2304103,12,Sertão dos Crateús,2023,11,5286996.995
2305209,12,Sertão dos Crateús,2023,11,1089205.4999999998
2305605,12,Sertão dos Crateús,2023,11,554969.7149999999
2305902,12,Sertão dos Crateús,2023,11,1048013.9100000001
2308609,12,Sertão dos Crateús,2023,11,1200540.41
2309300,12,Sertão dos Crateús,2023,11,0.0
2309409,12,Sertão dos Crateús,2023,11,6605470.700000001
2312205,12,Sertão dos Crateús,2023,11,945100.9249999998
2313203,12,Sertão dos Crateús,2023,11,1892767.2149999999
2300408,13,Sertão dos Inhamuns,2023,11,455705.43500000006
2313302,13,Sertão dos Inhamuns,2023,11,4392987.6499999985
2300705,14,Vale do Jaguaribe,2023,11,390456.81000000006
2304277,14,Vale do Jaguaribe,2023,11,697860.1599999999
2306009,14,Vale do Jaguaribe,2023,11,567224.375
2306702,14,Vale do Jaguaribe,2023,11,2617292.1450000005
2306801,14,Vale do Jaguaribe,2023,11,55806.435000000056
2307601,14,Vale do Jaguaribe,2023,11,594048.9450000001
2308708,14,Vale do Jaguaribe,2023,11,715338.2299999995
2310001,14,Vale do Jaguaribe,2023,11,504628.42499999993
2311231,14,Vale do Jaguaribe,2023,11,609637.6400000001
2311504,14,Vale do Jaguaribe,2023,11,734327.065
2311801,14,Vale do Jaguaribe,2023,11,462442.8650000002
2312502,14,Vale do Jaguaribe,2023,11,82259.29500000004
2313104,14,Vale do Jaguaribe,2023,11,1337291.8800000004
2300101,01,Cariri,2023,12,477056.81499999994
2300606,01,Cariri,2023,12,670132.355
2300804,01,Cariri,2023,12,119132.31500000006
2301307,01,Cariri,2023,12,728776.1049999997
2301604,01,Cariri,2023,12,3540302.42
2301703,01,Cariri,2023,12,303595.7549999999
2301901,01,Cariri,2023,12,2474845.1949999994
2302008,01,Cariri,2023,12,113090.01000000001
2302503,01,Cariri,2023,12,30552853.96
2302701,01,Cariri,2023,12,205499.10999999987
2303204,01,Cariri,2023,12,1048618.3049999997
2304202,01,Cariri,2023,12,3077580.0549999997
2304301,01,Cariri,2023,12,438888.40500000026
2304806,01,Cariri,2023,12,526527.0499999998
2307106,01,Cariri,2023,12,937153.1549999993
2307205,01,Cariri,2023,12,674693.375
2307304,01,Cariri,2023,12,0.0
2307502,01,Cariri,2023,12,1176073.2149999999
2308104,01,Cariri,2023,12,1254611.21
2308302,01,Cariri,2023,12,1266700.7400000002
2308401,01,Cariri,2023,12,817047.685
2309201,01,Cariri,2023,12,281719.6499999999
2310605,01,Cariri,2023,12,168348.4049999998
2311108,01,Cariri,2023,12,3178465.4299999997
2311207,01,Cariri,2023,12,165030.38499999998
2311959,01,Cariri,2023,12,175605.06499999994
2312106,01,Cariri,2023,12,0.0
2313252,01,Cariri,2023,12,169472.83500000002
2314003,01,Cariri,2023,12,2012324.6899999995
2300309,02,Centro Sul,2023,12,615024.42
2301802,02,Centro Sul,2023,12,74442.63500000001
2303600,02,Centro Sul,2023,12,193294.2799999999
2303808,02,Centro Sul,2023,12,916579.31
2305407,02,Centro Sul,2023,12,3059960.3150000004
2305506,02,Centro Sul,2023,12,2617191.75
2305704,02,Centro Sul,2023,12,421760.03500000015
2307403,02,Centro Sul,2023,12,1945528.1499999994
2311355,02,Centro Sul,2023,12,528227.6600000001
2311900,02,Centro Sul,2023,12,1035541.76
2313708,02,Centro Sul,2023,12,128080.95999999996
2301000,03,Grande Fortaleza,2023,12,7291844.384999998
2303501,03,Grande Fortaleza,2023,12,1291954.375
2303709,03,Grande Fortaleza,2023,12,15002019.425000004
2303956,03,Grande Fortaleza,2023,12,1039153.3949999996
2304285,03,Grande Fortaleza,2023,12,2567535.829999998
2304400,03,Grande Fortaleza,2023,12,81302607.42000002
2304954,03,Grande Fortaleza,2023,12,237673.1799999997
2305233,03,Grande Fortaleza,2023,12,439014.1150000021
2306256,03,Grande Fortaleza,2023,12,6058413.81
2307650,03,Grande Fortaleza,2023,12,0.0
2307700,03,Grande Fortaleza,2023,12,0.0
2309607,03,Grande Fortaleza,2023,12,0.0
2309706,03,Grande Fortaleza,2023,12,19218274.78
2310209,03,Grande Fortaleza,2023,12,0.0
2310258,03,Grande Fortaleza,2023,12,4227271.225
2310852,03,Grande Fortaleza,2023,12,556752.8900000001
2312403,03,Grande Fortaleza,2023,12,4856893.715
2312601,03,Grande Fortaleza,2023,12,122098.35499999998
2313500,03,Grande Fortaleza,2023,12,1411573.6749999989
2301109,04,Litoral Leste,2023,12,0.0
2302206,04,Litoral Leste,2023,12,785256.1099999994
2304459,04,Litoral Leste,2023,12,860336.48
2305357,04,Litoral Leste,2023,12,646289.790000001
2306207,04,Litoral Leste,2023,12,51692.485000000335
2307007,04,Litoral Leste,2023,12,1059721.88
2300200,05,Litoral Norte,2023,12,5106879.015000001
2302057,05,Litoral Norte,2023,12,309169.3250000002
2302305,05,Litoral Norte,2023,12,484420.2050000001
2302602,05,Litoral Norte,2023,12,598396.9099999997
2303907,05,Litoral Norte,2023,12,234461.5049999999
2304251,05,Litoral Norte,2023,12,1303799.0250000004
2304707,05,Litoral Norte,2023,12,9519969.880000003
2306553,05,Litoral Norte,2023,12,3060379.7799999993
2307254,05,Litoral Norte,2023,12,10536121.760000002
2307809,05,Litoral Norte,2023,12,2741361.0600000005
2307908,05,Litoral Norte,2023,12,85627.70999999996
2308906,05,Litoral Norte,2023,12,1058605.7750000004
2300754,06,Litoral Oeste / Vale do Curu,2023,12,832088.1299999999
2300903,06,Litoral Oeste / Vale do Curu,2023,12,0.0
2304608,06,Litoral Oeste / Vale do Curu,2023,12,617033.3300000001
2306108,06,Litoral Oeste / Vale do Curu,2023,12,108977.57499999925
2306306,06,Litoral Oeste / Vale do Curu,2023,12,1830029.3600000013
2306405,06,Litoral Oeste / Vale do Curu,2023,12,0.0
2308377,06,Litoral Oeste / Vale do Curu,2023,12,282856.85999999987
2310704,06,Litoral Oeste / Vale do Curu,2023,12,823551.0699999994
2313351,06,Litoral Oeste / Vale do Curu,2023,12,884476.2150000008
2313559,06,Litoral Oeste / Vale do Curu,2023,12,51861.45999999996
2313757,06,Litoral Oeste / Vale do Curu,2023,12,160756.27000000002
2313807,06,Litoral Oeste / Vale do Curu,2023,12,2036091.6549999993
2300150,07,Maciço do Baturité,2023,12,0.0
2301208,07,Maciço do Baturité,2023,12,1181290.1099999999
2301406,07,Maciço do Baturité,2023,12,701067.4449999998
2301950,07,Maciço do Baturité,2023,12,287903.91500000004
2302909,07,Maciço do Baturité,2023,12,629382.53
2305100,07,Maciço do Baturité,2023,12,447693.615
2306504,07,Maciço do Baturité,2023,12,279272.41500000004
2309102,07,Maciço do Baturité,2023,12,837265.0700000001
2309458,07,Maciço do Baturité,2023,12,394796.355
2309805,07,Maciço do Baturité,2023,12,341077.2949999999
2310100,07,Maciço do Baturité,2023,12,1364.1099999998696
2311603,07,Maciço do Baturité,2023,12,262530.27500000014
2303402,08,Serra da Ibiapaba,2023,12,0.0
2304236,08,Serra da Ibiapaba,2023,12,0.0
2305001,08,Serra da Ibiapaba,2023,12,5064877.509999998
2305308,08,Serra da Ibiapaba,2023,12,488302.3949999998
2305803,08,Serra da Ibiapaba,2023,12,1452989.0599999996
2312304,08,Serra da Ibiapaba,2023,12,2245031.125
2313401,08,Serra da Ibiapaba,2023,12,3464615.1050000004
2313609,08,Serra da Ibiapaba,2023,12,4044344.3949999996
2314102,08,Serra da Ibiapaba,2023,12,1112540.2850000001
2301851,09,Sertão Central,2023,12,1349947.89
2303931,09,Sertão Central,2023,12,293103.0449999999
2304269,09,Sertão Central,2023,12,1100981.46
2305266,09,Sertão Central,2023,12,610208.92
2305332,09,Sertão Central,2023,12,630188.3200000003
2308351,09,Sertão Central,2023,12,535617.7949999999
2308500,09,Sertão Central,2023,12,667659.8149999995
2310506,09,Sertão Central,2023,12,3853025.8999999994
2310902,09,Sertão Central,2023,12,776336.0700000003
2311306,09,Sertão Central,2023,12,1207963.3450000002
2311405,09,Sertão Central,2023,12,0.0
2312700,09,Sertão Central,2023,12,5761965.675
2313005,09,Sertão Central,2023,12,2062028.6949999994
2302404,10,Sertão de Canindé,2023,12,12700297.32
2302800,10,Sertão de Canindé,2023,12,1116694.6449999996
2303006,10,Sertão de Canindé,2023,12,1146205.055
2306603,10,Sertão de Canindé,2023,12,1990314.1449999996
2307635,10,Sertão de Canindé,2023,12,131440.20500000007
2310407,10,Sertão de Canindé,2023,12,40322.830000000075
2300507,11,Sertão de Sobral,2023,12,241329.63500000024
2304350,11,Sertão de Sobral,2023,12,596442.6050000004
2304509,11,Sertão de Sobral,2023,12,297885.8500000001
2304657,11,Sertão de Sobral,2023,12,664013.925
2304905,11,Sertão de Sobral,2023,12,280141.9500000002
2308005,11,Sertão de Sobral,2023,12,2188530.659999999
2308203,11,Sertão de Sobral,2023,12,742356.3600000001
2309904,11,Sertão de Sobral,2023,12,144075.29000000004
2310951,11,Sertão de Sobral,2023,12,5400929.385
2311702,11,Sertão de Sobral,2023,12,6967024.364999999
2312007,11,Sertão de Sobral,2023,12,3675715.1900000004
2312908,11,Sertão de Sobral,2023,12,5011302.075000003
2303659,12,Sertão dos Crateús,2023,12,0.0
2304103,12,Sertão dos Crateús,2023,12,5286996.995
2305209,12,Sertão dos Crateús,2023,12,1089205.4999999998
2305605,12,Sertão dos Crateús,2023,12,554969.7149999999
2305902,12,Sertão dos Crateús,2023,12,1048013.9100000001
2308609,12,Sertão dos Crateús,2023,12,1200540.41
2309300,12,Sertão dos Crateús,2023,12,0.0
2309409,12,Sertão dos Crateús,2023,12,6605470.700000001
2312205,12,Sertão dos Crateús,2023,12,945100.9249999998
2313203,12,Sertão dos Crateús,2023,12,1892767.2149999999
2300408,13,Sertão dos Inhamuns,2023,12,455705.43500000006
2313302,13,Sertão dos Inhamuns,2023,12,4392987.6499999985
2300705,14,Vale do Jaguaribe,2023,12,390456.81000000006
2304277,14,Vale do Jaguaribe,2023,12,697860.1599999999
2306009,14,Vale do Jaguaribe,2023,12,567224.375
2306702,14,Vale do Jaguaribe,2023,12,2617292.1450000005
2306801,14,Vale do Jaguaribe,2023,12,55806.435000000056
2307601,14,Vale do Jaguaribe,2023,12,594048.9450000001
2308708,14,Vale do Jaguaribe,2023,12,715338.2299999995
2310001,14,Vale do Jaguaribe,2023,12,504628.42499999993
2311231,14,Vale do Jaguaribe,2023,12,609637.6400000001
2311504,14,Vale do Jaguaribe,2023,12,734327.065
2311801,14,Vale do Jaguaribe,2023,12,462442.8650000002
2312502,14,Vale do Jaguaribe,2023,12,82259.29500000004
2313104,14,Vale do Jaguaribe,2023,12,1337291.8800000004
2300101,01,Cariri,2024,1,49842.94
2300606,01,Cariri,2024,1,587329.41
2300804,01,Cariri,2024,1,127456.435
2301307,01,Cariri,2024,1,167363.19
2301604,01,Cariri,2024,1,3746966.92
2301703,01,Cariri,2024,1,312441.115
2301901,01,Cariri,2024,1,1058882.715
2302008,01,Cariri,2024,1,245068.5
2302503,01,Cariri,2024,1,1526101.51
2302701,01,Cariri,2024,1,139042.885
2303204,01,Cariri,2024,1,966226.255
2304202,01,Cariri,2024,1,5579292.95
2304301,01,Cariri,2024,1,1030594.11
2304806,01,Cariri,2024,1,994817.24
2307106,01,Cariri,2024,1,1391446.14
2307205,01,Cariri,2024,1,276769.99
2307304,01,Cariri,2024,1,9283028.585
2307502,01,Cariri,2024,1,486074.385
2308104,01,Cariri,2024,1,1178770.155
2308302,01,Cariri,2024,1,369483.935
2308401,01,Cariri,2024,1,1159377.555
2309201,01,Cariri,2024,1,215517.57
2310605,01,Cariri,2024,1,512942.2
2311108,01,Cariri,2024,1,2549953.35
2311207,01,Cariri,2024,1,115214.27
2311959,01,Cariri,2024,1,319820.255
2312106,01,Cariri,2024,1,298163.585
2313252,01,Cariri,2024,1,24625.0
2314003,01,Cariri,2024,1,1724476.485
2300309,02,Centro Sul,2024,1,136396.89
2301802,02,Centro Sul,2024,1,437600.705
2303808,02,Centro Sul,2024,1,289678.725
2305407,02,Centro Sul,2024,1,2015894.695
2305506,02,Centro Sul,2024,1,2586236.58
2305704,02,Centro Sul,2024,1,59616.395
2307403,02,Centro Sul,2024,1,2014595.73
2311355,02,Centro Sul,2024,1,2139512.39
2311900,02,Centro Sul,2024,1,43770.145
2313708,02,Centro Sul,2024,1,156909.81
2301000,03,Grande Fortaleza,2024,1,5420972.75
2303501,03,Grande Fortaleza,2024,1,4018179.505
2303709,03,Grande Fortaleza,2024,1,7989569.25
2303956,03,Grande Fortaleza,2024,1,1434138.37
2304285,03,Grande Fortaleza,2024,1,2259714.21
2304400,03,Grande Fortaleza,2024,1,154857174.215
2304954,03,Grande Fortaleza,2024,1,1284184.5899999999
2305233,03,Grande Fortaleza,2024,1,10461395.535
2306256,03,Grande Fortaleza,2024,1,1263310.125
2307650,03,Grande Fortaleza,2024,1,21698323.38
2307700,03,Grande Fortaleza,2024,1,3019614.19
2309607,03,Grande Fortaleza,2024,1,9186496.955
2309706,03,Grande Fortaleza,2024,1,4605860.915
2310209,03,Grande Fortaleza,2024,1,2362521.02
2310258,03,Grande Fortaleza,2024,1,3105711.66
2310852,03,Grande Fortaleza,2024,1,610054.015
2312403,03,Grande Fortaleza,2024,1,16181598.76
2312601,03,Grande Fortaleza,2024,1,66776.325
2313500,03,Grande Fortaleza,2024,1,3305498.015
2301109,04,Litoral Leste,2024,1,6097367.1
2302206,04,Litoral Leste,2024,1,1555461.71
2304459,04,Litoral Leste,2024,1,274280.795
2305357,04,Litoral Leste,2024,1,849598.31
2306207,04,Litoral Leste,2024,1,8876.785
2307007,04,Litoral Leste,2024,1,754245.465
2300200,05,Litoral Norte,2024,1,3386897.34
2302057,05,Litoral Norte,2024,1,441900.43
2302305,05,Litoral Norte,2024,1,480061.875
2302602,05,Litoral Norte,2024,1,1630679.455
2303907,05,Litoral Norte,2024,1,633078.46
2304251,05,Litoral Norte,2024,1,1068412.61
2304707,05,Litoral Norte,2024,1,3472723.755
2306553,05,Litoral Norte,2024,1,4043345.42
2307254,05,Litoral Norte,2024,1,2229154.77
2307809,05,Litoral Norte,2024,1,1239661.145
2307908,05,Litoral Norte,2024,1,139966.95
2308906,05,Litoral Norte,2024,1,799520.58
2300754,06,Litoral Oeste / Vale do Curu,2024,1,1854355.63
2300903,06,Litoral Oeste / Vale do Curu,2024,1,94304.805
2304608,06,Litoral Oeste / Vale do Curu,2024,1,719810.785
2306108,06,Litoral Oeste / Vale do Curu,2024,1,800287.485
2306306,06,Litoral Oeste / Vale do Curu,2024,1,1271423.795
2306405,06,Litoral Oeste / Vale do Curu,2024,1,12652161.33
2308377,06,Litoral Oeste / Vale do Curu,2024,1,754870.84
2310704,06,Litoral Oeste / Vale do Curu,2024,1,1335814.89
2313351,06,Litoral Oeste / Vale do Curu,2024,1,2062195.575
2313559,06,Litoral Oeste / Vale do Curu,2024,1,330918.17
2313757,06,Litoral Oeste / Vale do Curu,2024,1,716228.43
2313807,06,Litoral Oeste / Vale do Curu,2024,1,1235189.3
2300150,07,Maciço do Baturité,2024,1,1594019.52
2301208,07,Maciço do Baturité,2024,1,829550.085
2301406,07,Maciço do Baturité,2024,1,588830.85
2301950,07,Maciço do Baturité,2024,1,172371.475
2302909,07,Maciço do Baturité,2024,1,157817.135
2305100,07,Maciço do Baturité,2024,1,721633.515
2306504,07,Maciço do Baturité,2024,1,1002250.0
2309102,07,Maciço do Baturité,2024,1,648488.585
2309458,07,Maciço do Baturité,2024,1,116309.27
2309805,07,Maciço do Baturité,2024,1,83303.325
2310100,07,Maciço do Baturité,2024,1,58164.7
2311603,07,Maciço do Baturité,2024,1,1332511.995
2303402,08,Serra da Ibiapaba,2024,1,873298.22
2304236,08,Serra da Ibiapaba,2024,1,799314.16
2305001,08,Serra da Ibiapaba,2024,1,2244805.1
2305308,08,Serra da Ibiapaba,2024,1,355754.105
2305803,08,Serra da Ibiapaba,2024,1,1062190.245
2312304,08,Serra da Ibiapaba,2024,1,3051753.885
2313401,08,Serra da Ibiapaba,2024,1,9346484.825
2313609,08,Serra da Ibiapaba,2024,1,658396.05
2314102,08,Serra da Ibiapaba,2024,1,2323522.125
2301851,09,Sertão Central,2024,1,174029.955
2303931,09,Sertão Central,2024,1,1915748.08
2304269,09,Sertão Central,2024,1,346794.08
2305266,09,Sertão Central,2024,1,3736885.5
2305332,09,Sertão Central,2024,1,1839847.39
2308351,09,Sertão Central,2024,1,1200030.995
2308500,09,Sertão Central,2024,1,608179.015
2310506,09,Sertão Central,2024,1,5037581.77
2310902,09,Sertão Central,2024,1,534090.725
2311306,09,Sertão Central,2024,1,544167.63
2311405,09,Sertão Central,2024,1,3268033.57
2312700,09,Sertão Central,2024,1,1098100.595
2313005,09,Sertão Central,2024,1,1349448.435
2302404,10,Sertão de Canindé,2024,1,5063188.135
2302800,10,Sertão de Canindé,2024,1,4541697.115
2303006,10,Sertão de Canindé,2024,1,435372.64
2306603,10,Sertão de Canindé,2024,1,1557819.255
2307635,10,Sertão de Canindé,2024,1,489042.565
2310407,10,Sertão de Canindé,2024,1,499347.195
2300507,11,Sertão de Sobral,2024,1,295186.04
2304350,11,Sertão de Sobral,2024,1,1259183.895
2304509,11,Sertão de Sobral,2024,1,467058.205
2304657,11,Sertão de Sobral,2024,1,359643.94
2304905,11,Sertão de Sobral,2024,1,1493860.93
2308005,11,Sertão de Sobral,2024,1,344182.335
2308203,11,Sertão de Sobral,2024,1,306563.82
2309904,11,Sertão de Sobral,2024,1,179257.215
2310951,11,Sertão de Sobral,2024,1,606482.275
2311702,11,Sertão de Sobral,2024,1,1153334.145
2312007,11,Sertão de Sobral,2024,1,78506.775
2312908,11,Sertão de Sobral,2024,1,13290891.195
2303659,12,Sertão dos Crateús,2024,1,433111.88
2304103,12,Sertão dos Crateús,2024,1,1973368.895
2305209,12,Sertão dos Crateús,2024,1,1029589.145
2305605,12,Sertão dos Crateús,2024,1,453966.15
2305654,12,Sertão dos Crateús,2024,1,279047.22
2305902,12,Sertão dos Crateús,2024,1,2166761.235
2308609,12,Sertão dos Crateús,2024,1,709277.425
2309300,12,Sertão dos Crateús,2024,1,6687697.125
2309409,12,Sertão dos Crateús,2024,1,2259473.32
2312205,12,Sertão dos Crateús,2024,1,559167.51
2313203,12,Sertão dos Crateús,2024,1,1455557.225
2300408,13,Sertão dos Inhamuns,2024,1,705972.455
2313302,13,Sertão dos Inhamuns,2024,1,13862628.62
2300705,14,Vale do Jaguaribe,2024,1,677579.02
2304277,14,Vale do Jaguaribe,2024,1,154537.29
2306009,14,Vale do Jaguaribe,2024,1,360816.89
2306702,14,Vale do Jaguaribe,2024,1,1657749.645
2306801,14,Vale do Jaguaribe,2024,1,1480266.38
2307601,14,Vale do Jaguaribe,2024,1,497341.895
2308708,14,Vale do Jaguaribe,2024,1,318287.66
2310001,14,Vale do Jaguaribe,2024,1,536883.355
2310803,14,Vale do Jaguaribe,2024,1,1666858.89
2311231,14,Vale do Jaguaribe,2024,1,329104.7
2311504,14,Vale do Jaguaribe,2024,1,362336.25
2311801,14,Vale do Jaguaribe,2024,1,3714867.985
2312502,14,Vale do Jaguaribe,2024,1,219424.08
2313104,14,Vale do Jaguaribe,2024,1,579052.315
2300101,01,Cariri,2024,2,49842.94
2300606,01,Cariri,2024,2,587329.41
2300804,01,Cariri,2024,2,127456.435
2301307,01,Cariri,2024,2,167363.19
2301604,01,Cariri,2024,2,3746966.92
2301703,01,Cariri,2024,2,312441.115
2301901,01,Cariri,2024,2,1058882.715
2302008,01,Cariri,2024,2,245068.5
2302503,01,Cariri,2024,2,1526101.51
2302701,01,Cariri,2024,2,139042.885
2303204,01,Cariri,2024,2,966226.255
2304202,01,Cariri,2024,2,5579292.95
2304301,01,Cariri,2024,2,1030594.11
2304806,01,Cariri,2024,2,994817.24
2307106,01,Cariri,2024,2,1391446.14
2307205,01,Cariri,2024,2,276769.99
2307304,01,Cariri,2024,2,9283028.585
2307502,01,Cariri,2024,2,486074.385
2308104,01,Cariri,2024,2,1178770.155
2308302,01,Cariri,2024,2,369483.935
2308401,01,Cariri,2024,2,1159377.555
2309201,01,Cariri,2024,2,215517.57
2310605,01,Cariri,2024,2,512942.2
2311108,01,Cariri,2024,2,2549953.35
2311207,01,Cariri,2024,2,115214.27
2311959,01,Cariri,2024,2,319820.255
2312106,01,Cariri,2024,2,298163.585
2313252,01,Cariri,2024,2,24625.0
2314003,01,Cariri,2024,2,1724476.485
2300309,02,Centro Sul,2024,2,136396.89
2301802,02,Centro Sul,2024,2,437600.705
2303808,02,Centro Sul,2024,2,289678.725
2305407,02,Centro Sul,2024,2,2015894.695
2305506,02,Centro Sul,2024,2,2586236.58
2305704,02,Centro Sul,2024,2,59616.395
2307403,02,Centro Sul,2024,2,2014595.73
2311355,02,Centro Sul,2024,2,2139512.39
2311900,02,Centro Sul,2024,2,43770.145
2313708,02,Centro Sul,2024,2,156909.81
2301000,03,Grande Fortaleza,2024,2,5420972.75
2303501,03,Grande Fortaleza,2024,2,4018179.505
2303709,03,Grande Fortaleza,2024,2,7989569.25
2303956,03,Grande Fortaleza,2024,2,1434138.37
2304285,03,Grande Fortaleza,2024,2,2259714.21
2304400,03,Grande Fortaleza,2024,2,154857174.215
2304954,03,Grande Fortaleza,2024,2,1284184.5899999999
2305233,03,Grande Fortaleza,2024,2,10461395.535
2306256,03,Grande Fortaleza,2024,2,1263310.125
2307650,03,Grande Fortaleza,2024,2,21698323.38
2307700,03,Grande Fortaleza,2024,2,3019614.19
2309607,03,Grande Fortaleza,2024,2,9186496.955
2309706,03,Grande Fortaleza,2024,2,4605860.915
2310209,03,Grande Fortaleza,2024,2,2362521.02
2310258,03,Grande Fortaleza,2024,2,3105711.66
2310852,03,Grande Fortaleza,2024,2,610054.015
2312403,03,Grande Fortaleza,2024,2,16181598.76
2312601,03,Grande Fortaleza,2024,2,66776.325
2313500,03,Grande Fortaleza,2024,2,3305498.015
2301109,04,Litoral Leste,2024,2,6097367.1
2302206,04,Litoral Leste,2024,2,1555461.71
2304459,04,Litoral Leste,2024,2,274280.795
2305357,04,Litoral Leste,2024,2,849598.31
2306207,04,Litoral Leste,2024,2,8876.785
2307007,04,Litoral Leste,2024,2,754245.465
2300200,05,Litoral Norte,2024,2,3386897.34
2302057,05,Litoral Norte,2024,2,441900.43
2302305,05,Litoral Norte,2024,2,480061.875
2302602,05,Litoral Norte,2024,2,1630679.455
2303907,05,Litoral Norte,2024,2,633078.46
2304251,05,Litoral Norte,2024,2,1068412.61
2304707,05,Litoral Norte,2024,2,3472723.755
2306553,05,Litoral Norte,2024,2,4043345.42
2307254,05,Litoral Norte,2024,2,2229154.77
2307809,05,Litoral Norte,2024,2,1239661.145
2307908,05,Litoral Norte,2024,2,139966.95
2308906,05,Litoral Norte,2024,2,799520.58
2300754,06,Litoral Oeste / Vale do Curu,2024,2,1854355.63
2300903,06,Litoral Oeste / Vale do Curu,2024,2,94304.805
2304608,06,Litoral Oeste / Vale do Curu,2024,2,719810.785
2306108,06,Litoral Oeste / Vale do Curu,2024,2,800287.485
2306306,06,Litoral Oeste / Vale do Curu,2024,2,1271423.795
2306405,06,Litoral Oeste / Vale do Curu,2024,2,12652161.33
2308377,06,Litoral Oeste / Vale do Curu,2024,2,754870.84
2310704,06,Litoral Oeste / Vale do Curu,2024,2,1335814.89
2313351,06,Litoral Oeste / Vale do Curu,2024,2,2062195.575
2313559,06,Litoral Oeste / Vale do Curu,2024,2,330918.17
2313757,06,Litoral Oeste / Vale do Curu,2024,2,716228.43
2313807,06,Litoral Oeste / Vale do Curu,2024,2,1235189.3
2300150,07,Maciço do Baturité,2024,2,1594019.52
2301208,07,Maciço do Baturité,2024,2,829550.085
2301406,07,Maciço do Baturité,2024,2,588830.85
2301950,07,Maciço do Baturité,2024,2,172371.475
2302909,07,Maciço do Baturité,2024,2,157817.135
2305100,07,Maciço do Baturité,2024,2,721633.515
2306504,07,Maciço do Baturité,2024,2,1002250.0
2309102,07,Maciço do Baturité,2024,2,648488.585
2309458,07,Maciço do Baturité,2024,2,116309.27
2309805,07,Maciço do Baturité,2024,2,83303.325
2310100,07,Maciço do Baturité,2024,2,58164.7
2311603,07,Maciço do Baturité,2024,2,1332511.995
2303402,08,Serra da Ibiapaba,2024,2,873298.22
2304236,08,Serra da Ibiapaba,2024,2,799314.16
2305001,08,Serra da Ibiapaba,2024,2,2244805.1
2305308,08,Serra da Ibiapaba,2024,2,355754.105
2305803,08,Serra da Ibiapaba,2024,2,1062190.245
2312304,08,Serra da Ibiapaba,2024,2,3051753.885
2313401,08,Serra da Ibiapaba,2024,2,9346484.825
2313609,08,Serra da Ibiapaba,2024,2,658396.05
2314102,08,Serra da Ibiapaba,2024,2,2323522.125
2301851,09,Sertão Central,2024,2,174029.955
2303931,09,Sertão Central,2024,2,1915748.08
2304269,09,Sertão Central,2024,2,346794.08
2305266,09,Sertão Central,2024,2,3736885.5
2305332,09,Sertão Central,2024,2,1839847.39
2308351,09,Sertão Central,2024,2,1200030.995
2308500,09,Sertão Central,2024,2,608179.015
2310506,09,Sertão Central,2024,2,5037581.77
2310902,09,Sertão Central,2024,2,534090.725
2311306,09,Sertão Central,2024,2,544167.63
2311405,09,Sertão Central,2024,2,3268033.57
2312700,09,Sertão Central,2024,2,1098100.595
2313005,09,Sertão Central,2024,2,1349448.435
2302404,10,Sertão de Canindé,2024,2,5063188.135
2302800,10,Sertão de Canindé,2024,2,4541697.115
2303006,10,Sertão de Canindé,2024,2,435372.64
2306603,10,Sertão de Canindé,2024,2,1557819.255
2307635,10,Sertão de Canindé,2024,2,489042.565
2310407,10,Sertão de Canindé,2024,2,499347.195
2300507,11,Sertão de Sobral,2024,2,295186.04
2304350,11,Sertão de Sobral,2024,2,1259183.895
2304509,11,Sertão de Sobral,2024,2,467058.205
2304657,11,Sertão de Sobral,2024,2,359643.94
2304905,11,Sertão de Sobral,2024,2,1493860.93
2308005,11,Sertão de Sobral,2024,2,344182.335
2308203,11,Sertão de Sobral,2024,2,306563.82
2309904,11,Sertão de Sobral,2024,2,179257.215
2310951,11,Sertão de Sobral,2024,2,606482.275
2311702,11,Sertão de Sobral,2024,2,1153334.145
2312007,11,Sertão de Sobral,2024,2,78506.775
2312908,11,Sertão de Sobral,2024,2,13290891.195
2303659,12,Sertão dos Crateús,2024,2,433111.88
2304103,12,Sertão dos Crateús,2024,2,1973368.895
2305209,12,Sertão dos Crateús,2024,2,1029589.145
2305605,12,Sertão dos Crateús,2024,2,453966.15
2305654,12,Sertão dos Crateús,2024,2,279047.22
2305902,12,Sertão dos Crateús,2024,2,2166761.235
2308609,12,Sertão dos Crateús,2024,2,709277.425
2309300,12,Sertão dos Crateús,2024,2,6687697.125
2309409,12,Sertão dos Crateús,2024,2,2259473.32
2312205,12,Sertão dos Crateús,2024,2,559167.51
2313203,12,Sertão dos Crateús,2024,2,1455557.225
2300408,13,Sertão dos Inhamuns,2024,2,705972.455
2313302,13,Sertão dos Inhamuns,2024,2,13862628.62
2300705,14,Vale do Jaguaribe,2024,2,677579.02
2304277,14,Vale do Jaguaribe,2024,2,154537.29
2306009,14,Vale do Jaguaribe,2024,2,360816.89
2306702,14,Vale do Jaguaribe,2024,2,1657749.645
2306801,14,Vale do Jaguaribe,2024,2,1480266.38
2307601,14,Vale do Jaguaribe,2024,2,497341.895
2308708,14,Vale do Jaguaribe,2024,2,318287.66
2310001,14,Vale do Jaguaribe,2024,2,536883.355
2310803,14,Vale do Jaguaribe,2024,2,1666858.89
2311231,14,Vale do Jaguaribe,2024,2,329104.7
2311504,14,Vale do Jaguaribe,2024,2,362336.25
2311801,14,Vale do Jaguaribe,2024,2,3714867.985
2312502,14,Vale do Jaguaribe,2024,2,219424.08
2313104,14,Vale do Jaguaribe,2024,2,579052.315
2300101,01,Cariri,2024,3,499004.84500000003
2300606,01,Cariri,2024,3,707471.93
2300804,01,Cariri,2024,3,453925.11500000005
2301307,01,Cariri,2024,3,597772.69
2301604,01,Cariri,2024,3,3451130.755
2301703,01,Cariri,2024,3,139189.03500000003
2301901,01,Cariri,2024,3,3233131.755
2302008,01,Cariri,2024,3,158247.97999999998
2302503,01,Cariri,2024,3,6456276.905
2302701,01,Cariri,2024,3,246101.34999999998
2303204,01,Cariri,2024,3,1005350.89
2304202,01,Cariri,2024,3,3440823.0949999997
2304301,01,Cariri,2024,3,841791.35
2304806,01,Cariri,2024,3,944912.5149999999
2307106,01,Cariri,2024,3,785121.175
2307205,01,Cariri,2024,3,1308919.14
2307304,01,Cariri,2024,3,3981774.744999999
2307502,01,Cariri,2024,3,1806254.1849999998
2308104,01,Cariri,2024,3,1200660.9949999999
2308302,01,Cariri,2024,3,691763.78
2308401,01,Cariri,2024,3,524615.6800000002
2309201,01,Cariri,2024,3,287252.11
2310605,01,Cariri,2024,3,53995.185
2311108,01,Cariri,2024,3,745560.8449999997
2311207,01,Cariri,2024,3,250495.69
2311959,01,Cariri,2024,3,148654.625
2312106,01,Cariri,2024,3,141731.115
2313252,01,Cariri,2024,3,70752.22
2314003,01,Cariri,2024,3,2025206.265
2300309,02,Centro Sul,2024,3,70732.01499999998
2301802,02,Centro Sul,2024,3,160360.185
2303600,02,Centro Sul,2024,3,31898.915
2303808,02,Centro Sul,2024,3,244590.68500000006
2305407,02,Centro Sul,2024,3,1321442.6199999999
2305506,02,Centro Sul,2024,3,6774151.675000001
2305704,02,Centro Sul,2024,3,366466.63
2307403,02,Centro Sul,2024,3,1458600.645
2311355,02,Centro Sul,2024,3,1681243.165
2311900,02,Centro Sul,2024,3,572177.97
2313708,02,Centro Sul,2024,3,607262.5349999999
2301000,03,Grande Fortaleza,2024,3,9351755.185
2303501,03,Grande Fortaleza,2024,3,3626403.38
2303709,03,Grande Fortaleza,2024,3,15701370.125
2303956,03,Grande Fortaleza,2024,3,1395036.06
2304285,03,Grande Fortaleza,2024,3,1801245.005
2304400,03,Grande Fortaleza,2024,3,116767904.91999999
2304954,03,Grande Fortaleza,2024,3,1064389.8050000002
2305233,03,Grande Fortaleza,2024,3,11909969.77
2306256,03,Grande Fortaleza,2024,3,1867669.165
2307650,03,Grande Fortaleza,2024,3,14959131.044999998
2307700,03,Grande Fortaleza,2024,3,1636598.6549999998
2309607,03,Grande Fortaleza,2024,3,5701470.34
2309706,03,Grande Fortaleza,2024,3,2317855.5149999997
2310209,03,Grande Fortaleza,2024,3,1360088.9100000001
2310258,03,Grande Fortaleza,2024,3,4725030.62
2310852,03,Grande Fortaleza,2024,3,1054239.8450000002
2312403,03,Grande Fortaleza,2024,3,9128219.745
2312601,03,Grande Fortaleza,2024,3,227975.675
2313500,03,Grande Fortaleza,2024,3,2416389.815
2301109,04,Litoral Leste,2024,3,2820623.2350000013
2302206,04,Litoral Leste,2024,3,1016011.5499999998
2304459,04,Litoral Leste,2024,3,148025.13
2305357,04,Litoral Leste,2024,3,769889.5449999999
2306207,04,Litoral Leste,2024,3,311314.24500000005
2307007,04,Litoral Leste,2024,3,203480.04000000004
2300200,05,Litoral Norte,2024,3,3026819.745
2302057,05,Litoral Norte,2024,3,303352.06
2302305,05,Litoral Norte,2024,3,1187261.365
2302602,05,Litoral Norte,2024,3,1393557.37
2303907,05,Litoral Norte,2024,3,189591.74
2304251,05,Litoral Norte,2024,3,1615276.985
2304707,05,Litoral Norte,2024,3,2622338.9699999997
2306553,05,Litoral Norte,2024,3,4354987.0
2307254,05,Litoral Norte,2024,3,1074410.0499999998
2307809,05,Litoral Norte,2024,3,1754796.85
2307908,05,Litoral Norte,2024,3,99880.29499999998
2308906,05,Litoral Norte,2024,3,636817.32
2300754,06,Litoral Oeste / Vale do Curu,2024,3,2736114.3600000003
2300903,06,Litoral Oeste / Vale do Curu,2024,3,288491.26
2304608,06,Litoral Oeste / Vale do Curu,2024,3,451237.8350000001
2306108,06,Litoral Oeste / Vale do Curu,2024,3,2488054.3200000003
2306306,06,Litoral Oeste / Vale do Curu,2024,3,727158.6700000002
2306405,06,Litoral Oeste / Vale do Curu,2024,3,10960225.725
2308377,06,Litoral Oeste / Vale do Curu,2024,3,172768.09000000008
2310704,06,Litoral Oeste / Vale do Curu,2024,3,669847.4100000001
2313351,06,Litoral Oeste / Vale do Curu,2024,3,1240496.8499999999
2313559,06,Litoral Oeste / Vale do Curu,2024,3,818932.2750000001
2313757,06,Litoral Oeste / Vale do Curu,2024,3,502112.69499999995
2313807,06,Litoral Oeste / Vale do Curu,2024,3,865239.6249999998
2300150,07,Maciço do Baturité,2024,3,857419.3599999999
2301208,07,Maciço do Baturité,2024,3,712051.425
2301406,07,Maciço do Baturité,2024,3,960570.8450000001
2301950,07,Maciço do Baturité,2024,3,468857.14
2302909,07,Maciço do Baturité,2024,3,0.0
2305100,07,Maciço do Baturité,2024,3,323474.64
2306504,07,Maciço do Baturité,2024,3,80756.19999999995
2309102,07,Maciço do Baturité,2024,3,398040.86
2309458,07,Maciço do Baturité,2024,3,134061.8
2309805,07,Maciço do Baturité,2024,3,58048.490000000005
2310100,07,Maciço do Baturité,2024,3,765784.31
2311603,07,Maciço do Baturité,2024,3,564495.1799999999
2303402,08,Serra da Ibiapaba,2024,3,281057.68999999994
2304236,08,Serra da Ibiapaba,2024,3,1650261.4499999997
2305001,08,Serra da Ibiapaba,2024,3,4187623.9999999995
2305308,08,Serra da Ibiapaba,2024,3,391739.57500000007
2305803,08,Serra da Ibiapaba,2024,3,795298.4199999999
2312304,08,Serra da Ibiapaba,2024,3,3705409.6850000005
2313401,08,Serra da Ibiapaba,2024,3,3045064.16
2313609,08,Serra da Ibiapaba,2024,3,5667032.3100000005
2314102,08,Serra da Ibiapaba,2024,3,5036506.25
2301851,09,Sertão Central,2024,3,380696.69500000007
2303931,09,Sertão Central,2024,3,168093.54499999993
2304269,09,Sertão Central,2024,3,757188.2349999999
2305266,09,Sertão Central,2024,3,265612.375
2305332,09,Sertão Central,2024,3,381274.3550000002
2308351,09,Sertão Central,2024,3,1261853.63
2308500,09,Sertão Central,2024,3,2398382.5149999997
2310506,09,Sertão Central,2024,3,2742534.840000001
2310902,09,Sertão Central,2024,3,546010.3650000001
2311306,09,Sertão Central,2024,3,998345.9700000001
2311405,09,Sertão Central,2024,3,1125130.9849999999
2312700,09,Sertão Central,2024,3,1192324.89
2313005,09,Sertão Central,2024,3,859925.9199999999
2302404,10,Sertão de Canindé,2024,3,3667404.9749999996
2302800,10,Sertão de Canindé,2024,3,2724609.3049999997
2303006,10,Sertão de Canindé,2024,3,580497.215
2306603,10,Sertão de Canindé,2024,3,1492465.83
2307635,10,Sertão de Canindé,2024,3,1272282.49
2310407,10,Sertão de Canindé,2024,3,483919.035
2300507,11,Sertão de Sobral,2024,3,127277.09000000003
2304350,11,Sertão de Sobral,2024,3,411258.3799999999
2304509,11,Sertão de Sobral,2024,3,2168046.875
2304657,11,Sertão de Sobral,2024,3,1075473.0050000001
2304905,11,Sertão de Sobral,2024,3,91522.73999999999
2308005,11,Sertão de Sobral,2024,3,630182.0549999999
2308203,11,Sertão de Sobral,2024,3,3478978.575
2309904,11,Sertão de Sobral,2024,3,883122.285
2310951,11,Sertão de Sobral,2024,3,315168.03500000003
2311702,11,Sertão de Sobral,2024,3,726683.685
2312007,11,Sertão de Sobral,2024,3,207511.63499999998
2312908,11,Sertão de Sobral,2024,3,16035241.864999998
2303659,12,Sertão dos Crateús,2024,3,169114.995
2304103,12,Sertão dos Crateús,2024,3,1041871.8050000002
2305209,12,Sertão dos Crateús,2024,3,227299.57000000007
2305605,12,Sertão dos Crateús,2024,3,941298.18
2305654,12,Sertão dos Crateús,2024,3,359567.56500000006
2305902,12,Sertão dos Crateús,2024,3,1003047.7749999999
2308609,12,Sertão dos Crateús,2024,3,378257.7849999999
2309300,12,Sertão dos Crateús,2024,3,5232644.515000001
2309409,12,Sertão dos Crateús,2024,3,3883767.7950000004
2312205,12,Sertão dos Crateús,2024,3,1123378.03
2313203,12,Sertão dos Crateús,2024,3,2546322.6799999997
2300408,13,Sertão dos Inhamuns,2024,3,330151.26
2313302,13,Sertão dos Inhamuns,2024,3,7435877.404999999
2300705,14,Vale do Jaguaribe,2024,3,1431705.7149999999
2304277,14,Vale do Jaguaribe,2024,3,698722.315
2306009,14,Vale do Jaguaribe,2024,3,66344.11499999999
2306702,14,Vale do Jaguaribe,2024,3,1175358.3649999998
2306801,14,Vale do Jaguaribe,2024,3,123106.25500000012
2307601,14,Vale do Jaguaribe,2024,3,268395.49
2308708,14,Vale do Jaguaribe,2024,3,749549.9450000001
2310001,14,Vale do Jaguaribe,2024,3,90924.95000000007
2310803,14,Vale do Jaguaribe,2024,3,2854728.795
2311231,14,Vale do Jaguaribe,2024,3,670194.54
2311504,14,Vale do Jaguaribe,2024,3,280928.6
2311801,14,Vale do Jaguaribe,2024,3,1495394.1350000002
2312502,14,Vale do Jaguaribe,2024,3,2107.0
2313104,14,Vale do Jaguaribe,2024,3,928141.73
2300101,01,Cariri,2024,4,499004.84500000003
2300606,01,Cariri,2024,4,707471.93
2300804,01,Cariri,2024,4,453925.11500000005
2301307,01,Cariri,2024,4,597772.69
2301604,01,Cariri,2024,4,3451130.755
2301703,01,Cariri,2024,4,139189.03500000003
2301901,01,Cariri,2024,4,3233131.755
2302008,01,Cariri,2024,4,158247.97999999998
2302503,01,Cariri,2024,4,6456276.905
2302701,01,Cariri,2024,4,246101.34999999998
2303204,01,Cariri,2024,4,1005350.89
2304202,01,Cariri,2024,4,3440823.0949999997
2304301,01,Cariri,2024,4,841791.35
2304806,01,Cariri,2024,4,944912.5149999999
2307106,01,Cariri,2024,4,785121.175
2307205,01,Cariri,2024,4,1308919.14
2307304,01,Cariri,2024,4,3981774.744999999
2307502,01,Cariri,2024,4,1806254.1849999998
2308104,01,Cariri,2024,4,1200660.9949999999
2308302,01,Cariri,2024,4,691763.78
2308401,01,Cariri,2024,4,524615.6800000002
2309201,01,Cariri,2024,4,287252.11
2310605,01,Cariri,2024,4,53995.185
2311108,01,Cariri,2024,4,745560.8449999997
2311207,01,Cariri,2024,4,250495.69
2311959,01,Cariri,2024,4,148654.625
2312106,01,Cariri,2024,4,141731.115
2313252,01,Cariri,2024,4,70752.22
2314003,01,Cariri,2024,4,2025206.265
2300309,02,Centro Sul,2024,4,70732.01499999998
2301802,02,Centro Sul,2024,4,160360.185
2303600,02,Centro Sul,2024,4,31898.915
2303808,02,Centro Sul,2024,4,244590.68500000006
2305407,02,Centro Sul,2024,4,1321442.6199999999
2305506,02,Centro Sul,2024,4,6774151.675000001
2305704,02,Centro Sul,2024,4,366466.63
2307403,02,Centro Sul,2024,4,1458600.645
2311355,02,Centro Sul,2024,4,1681243.165
2311900,02,Centro Sul,2024,4,572177.97
2313708,02,Centro Sul,2024,4,607262.5349999999
2301000,03,Grande Fortaleza,2024,4,9351755.185
2303501,03,Grande Fortaleza,2024,4,3626403.38
2303709,03,Grande Fortaleza,2024,4,15701370.125
2303956,03,Grande Fortaleza,2024,4,1395036.06
2304285,03,Grande Fortaleza,2024,4,1801245.005
2304400,03,Grande Fortaleza,2024,4,116767904.91999999
2304954,03,Grande Fortaleza,2024,4,1064389.8050000002
2305233,03,Grande Fortaleza,2024,4,11909969.77
2306256,03,Grande Fortaleza,2024,4,1867669.165
2307650,03,Grande Fortaleza,2024,4,14959131.044999998
2307700,03,Grande Fortaleza,2024,4,1636598.6549999998
2309607,03,Grande Fortaleza,2024,4,5701470.34
2309706,03,Grande Fortaleza,2024,4,2317855.5149999997
2310209,03,Grande Fortaleza,2024,4,1360088.9100000001
2310258,03,Grande Fortaleza,2024,4,4725030.62
2310852,03,Grande Fortaleza,2024,4,1054239.8450000002
2312403,03,Grande Fortaleza,2024,4,9128219.745
2312601,03,Grande Fortaleza,2024,4,227975.675
2313500,03,Grande Fortaleza,2024,4,2416389.815
2301109,04,Litoral Leste,2024,4,2820623.2350000013
2302206,04,Litoral Leste,2024,4,1016011.5499999998
2304459,04,Litoral Leste,2024,4,148025.13
2305357,04,Litoral Leste,2024,4,769889.5449999999
2306207,04,Litoral Leste,2024,4,311314.24500000005
2307007,04,Litoral Leste,2024,4,203480.04000000004
2300200,05,Litoral Norte,2024,4,3026819.745
2302057,05,Litoral Norte,2024,4,303352.06
2302305,05,Litoral Norte,2024,4,1187261.365
2302602,05,Litoral Norte,2024,4,1393557.37
2303907,05,Litoral Norte,2024,4,189591.74
2304251,05,Litoral Norte,2024,4,1615276.985
2304707,05,Litoral Norte,2024,4,2622338.9699999997
2306553,05,Litoral Norte,2024,4,4354987.0
2307254,05,Litoral Norte,2024,4,1074410.0499999998
2307809,05,Litoral Norte,2024,4,1754796.85
2307908,05,Litoral Norte,2024,4,99880.29499999998
2308906,05,Litoral Norte,2024,4,636817.32
2300754,06,Litoral Oeste / Vale do Curu,2024,4,2736114.3600000003
2300903,06,Litoral Oeste / Vale do Curu,2024,4,288491.26
2304608,06,Litoral Oeste / Vale do Curu,2024,4,451237.8350000001
2306108,06,Litoral Oeste / Vale do Curu,2024,4,2488054.3200000003
2306306,06,Litoral Oeste / Vale do Curu,2024,4,727158.6700000002
2306405,06,Litoral Oeste / Vale do Curu,2024,4,10960225.725
2308377,06,Litoral Oeste / Vale do Curu,2024,4,172768.09000000008
2310704,06,Litoral Oeste / Vale do Curu,2024,4,669847.4100000001
2313351,06,Litoral Oeste / Vale do Curu,2024,4,1240496.8499999999
2313559,06,Litoral Oeste / Vale do Curu,2024,4,818932.2750000001
2313757,06,Litoral Oeste / Vale do Curu,2024,4,502112.69499999995
2313807,06,Litoral Oeste / Vale do Curu,2024,4,865239.6249999998
2300150,07,Maciço do Baturité,2024,4,857419.3599999999
2301208,07,Maciço do Baturité,2024,4,712051.425
2301406,07,Maciço do Baturité,2024,4,960570.8450000001
2301950,07,Maciço do Baturité,2024,4,468857.14
2302909,07,Maciço do Baturité,2024,4,0.0
2305100,07,Maciço do Baturité,2024,4,323474.64
2306504,07,Maciço do Baturité,2024,4,80756.19999999995
2309102,07,Maciço do Baturité,2024,4,398040.86
2309458,07,Maciço do Baturité,2024,4,134061.8
2309805,07,Maciço do Baturité,2024,4,58048.490000000005
2310100,07,Maciço do Baturité,2024,4,765784.31
2311603,07,Maciço do Baturité,2024,4,564495.1799999999
2303402,08,Serra da Ibiapaba,2024,4,281057.68999999994
2304236,08,Serra da Ibiapaba,2024,4,1650261.4499999997
2305001,08,Serra da Ibiapaba,2024,4,4187623.9999999995
2305308,08,Serra da Ibiapaba,2024,4,391739.57500000007
2305803,08,Serra da Ibiapaba,2024,4,795298.4199999999
2312304,08,Serra da Ibiapaba,2024,4,3705409.6850000005
2313401,08,Serra da Ibiapaba,2024,4,3045064.16
2313609,08,Serra da Ibiapaba,2024,4,5667032.3100000005
2314102,08,Serra da Ibiapaba,2024,4,5036506.25
2301851,09,Sertão Central,2024,4,380696.69500000007
2303931,09,Sertão Central,2024,4,168093.54499999993
2304269,09,Sertão Central,2024,4,757188.2349999999
2305266,09,Sertão Central,2024,4,265612.375
2305332,09,Sertão Central,2024,4,381274.3550000002
2308351,09,Sertão Central,2024,4,1261853.63
2308500,09,Sertão Central,2024,4,2398382.5149999997
2310506,09,Sertão Central,2024,4,2742534.840000001
2310902,09,Sertão Central,2024,4,546010.3650000001
2311306,09,Sertão Central,2024,4,998345.9700000001
2311405,09,Sertão Central,2024,4,1125130.9849999999
2312700,09,Sertão Central,2024,4,1192324.89
2313005,09,Sertão Central,2024,4,859925.9199999999
2302404,10,Sertão de Canindé,2024,4,3667404.9749999996
2302800,10,Sertão de Canindé,2024,4,2724609.3049999997
2303006,10,Sertão de Canindé,2024,4,580497.215
2306603,10,Sertão de Canindé,2024,4,1492465.83
2307635,10,Sertão de Canindé,2024,4,1272282.49
2310407,10,Sertão de Canindé,2024,4,483919.035
2300507,11,Sertão de Sobral,2024,4,127277.09000000003
2304350,11,Sertão de Sobral,2024,4,411258.3799999999
2304509,11,Sertão de Sobral,2024,4,2168046.875
2304657,11,Sertão de Sobral,2024,4,1075473.0050000001
2304905,11,Sertão de Sobral,2024,4,91522.73999999999
2308005,11,Sertão de Sobral,2024,4,630182.0549999999
2308203,11,Sertão de Sobral,2024,4,3478978.575
2309904,11,Sertão de Sobral,2024,4,883122.285
2310951,11,Sertão de Sobral,2024,4,315168.03500000003
2311702,11,Sertão de Sobral,2024,4,726683.685
2312007,11,Sertão de Sobral,2024,4,207511.63499999998
2312908,11,Sertão de Sobral,2024,4,16035241.864999998
2303659,12,Sertão dos Crateús,2024,4,169114.995
2304103,12,Sertão dos Crateús,2024,4,1041871.8050000002
2305209,12,Sertão dos Crateús,2024,4,227299.57000000007
2305605,12,Sertão dos Crateús,2024,4,941298.18
2305654,12,Sertão dos Crateús,2024,4,359567.56500000006
2305902,12,Sertão dos Crateús,2024,4,1003047.7749999999
2308609,12,Sertão dos Crateús,2024,4,378257.7849999999
2309300,12,Sertão dos Crateús,2024,4,5232644.515000001
2309409,12,Sertão dos Crateús,2024,4,3883767.7950000004
2312205,12,Sertão dos Crateús,2024,4,1123378.03
2313203,12,Sertão dos Crateús,2024,4,2546322.6799999997
2300408,13,Sertão dos Inhamuns,2024,4,330151.26
2313302,13,Sertão dos Inhamuns,2024,4,7435877.404999999
2300705,14,Vale do Jaguaribe,2024,4,1431705.7149999999
2304277,14,Vale do Jaguaribe,2024,4,698722.315
2306009,14,Vale do Jaguaribe,2024,4,66344.11499999999
2306702,14,Vale do Jaguaribe,2024,4,1175358.3649999998
2306801,14,Vale do Jaguaribe,2024,4,123106.25500000012
2307601,14,Vale do Jaguaribe,2024,4,268395.49
2308708,14,Vale do Jaguaribe,2024,4,749549.9450000001
2310001,14,Vale do Jaguaribe,2024,4,90924.95000000007
2310803,14,Vale do Jaguaribe,2024,4,2854728.795
2311231,14,Vale do Jaguaribe,2024,4,670194.54
2311504,14,Vale do Jaguaribe,2024,4,280928.6
2311801,14,Vale do Jaguaribe,2024,4,1495394.1350000002
2312502,14,Vale do Jaguaribe,2024,4,2107.0
2313104,14,Vale do Jaguaribe,2024,4,928141.73
2300101,01,Cariri,2024,5,544363.3250000001
2300606,01,Cariri,2024,5,1211546.2499999998
2300804,01,Cariri,2024,5,591211.9199999999
2301307,01,Cariri,2024,5,1302051.75
2301604,01,Cariri,2024,5,3785061.1350000007
2301703,01,Cariri,2024,5,217093.39500000002
2301901,01,Cariri,2024,5,3785040.83
2302008,01,Cariri,2024,5,931133.615
2302503,01,Cariri,2024,5,11340836.04
2302701,01,Cariri,2024,5,1203559.1
2303204,01,Cariri,2024,5,2234894.7849999997
2304202,01,Cariri,2024,5,3199427.5549999997
2304301,01,Cariri,2024,5,1466043.62
2304806,01,Cariri,2024,5,2460726.3
2307106,01,Cariri,2024,5,1318026.2200000002
2307205,01,Cariri,2024,5,843391.5249999999
2307304,01,Cariri,2024,5,4702348.045
2307502,01,Cariri,2024,5,949053.5150000001
2308104,01,Cariri,2024,5,2922783.14
2308302,01,Cariri,2024,5,733918.125
2308401,01,Cariri,2024,5,1832987.405
2309201,01,Cariri,2024,5,1871291.555
2310605,01,Cariri,2024,5,983811.53
2311108,01,Cariri,2024,5,881447.8050000002
2311207,01,Cariri,2024,5,573534.9550000001
2311959,01,Cariri,2024,5,259513.995
2312106,01,Cariri,2024,5,310847.62499999994
2313252,01,Cariri,2024,5,89836.67000000001
2314003,01,Cariri,2024,5,2509870.3049999997
2300309,02,Centro Sul,2024,5,246499.56000000003
2301802,02,Centro Sul,2024,5,475370.07500000007
2303600,02,Centro Sul,2024,5,14123.010000000002
2303808,02,Centro Sul,2024,5,536225.695
2305407,02,Centro Sul,2024,5,2717255.98
2305506,02,Centro Sul,2024,5,3009225.1599999983
2305704,02,Centro Sul,2024,5,325730.14
2307403,02,Centro Sul,2024,5,1469140.0949999997
2311355,02,Centro Sul,2024,5,2504988.695
2311900,02,Centro Sul,2024,5,476981.57499999995
2313708,02,Centro Sul,2024,5,122495.14500000002
2301000,03,Grande Fortaleza,2024,5,5202756.470000001
2303501,03,Grande Fortaleza,2024,5,6524558.890000001
2303709,03,Grande Fortaleza,2024,5,5444576.609999999
2303956,03,Grande Fortaleza,2024,5,2526401.32
2304285,03,Grande Fortaleza,2024,5,4292227.850000001
2304400,03,Grande Fortaleza,2024,5,106874405.29000002
2304954,03,Grande Fortaleza,2024,5,1743367.1400000001
2305233,03,Grande Fortaleza,2024,5,6670534.260000002
2306256,03,Grande Fortaleza,2024,5,1528960.1950000003
2307650,03,Grande Fortaleza,2024,5,22055533.040000007
2307700,03,Grande Fortaleza,2024,5,1282294.5100000007
2309607,03,Grande Fortaleza,2024,5,5564916.380000001
2309706,03,Grande Fortaleza,2024,5,3311142.3499999996
2310209,03,Grande Fortaleza,2024,5,2073054.3749999995
2310258,03,Grande Fortaleza,2024,5,3610925.4300000006
2310852,03,Grande Fortaleza,2024,5,749539.9749999999
2312403,03,Grande Fortaleza,2024,5,7178724.59
2312601,03,Grande Fortaleza,2024,5,270505.51
2313500,03,Grande Fortaleza,2024,5,2438527.33
2301109,04,Litoral Leste,2024,5,5153182.965
2302206,04,Litoral Leste,2024,5,3354908.1000000006
2304459,04,Litoral Leste,2024,5,2192333.5250000004
2305357,04,Litoral Leste,2024,5,1414530.475
2306207,04,Litoral Leste,2024,5,315967.01
2307007,04,Litoral Leste,2024,5,826524.5399999999
2300200,05,Litoral Norte,2024,5,5433867.44
2302057,05,Litoral Norte,2024,5,876850.145
2302305,05,Litoral Norte,2024,5,327565.22
2302602,05,Litoral Norte,2024,5,1093145.13
2303907,05,Litoral Norte,2024,5,720057.655
2304251,05,Litoral Norte,2024,5,965199.1799999997
2304707,05,Litoral Norte,2024,5,1865761.0350000001
2306553,05,Litoral Norte,2024,5,4241715.07
2307254,05,Litoral Norte,2024,5,2078464.9200000004
2307809,05,Litoral Norte,2024,5,3103830.4399999995
2307908,05,Litoral Norte,2024,5,577350.125
2308906,05,Litoral Norte,2024,5,830157.2800000003
2300754,06,Litoral Oeste / Vale do Curu,2024,5,948351.875
2300903,06,Litoral Oeste / Vale do Curu,2024,5,424393.72500000003
2304608,06,Litoral Oeste / Vale do Curu,2024,5,635399.375
2306108,06,Litoral Oeste / Vale do Curu,2024,5,947185.2600000002
2306306,06,Litoral Oeste / Vale do Curu,2024,5,2663748.495
2306405,06,Litoral Oeste / Vale do Curu,2024,5,19165659.064999998
2308377,06,Litoral Oeste / Vale do Curu,2024,5,670602.5749999998
2310704,06,Litoral Oeste / Vale do Curu,2024,5,2403520.7800000003
2313351,06,Litoral Oeste / Vale do Curu,2024,5,1066915.75
2313559,06,Litoral Oeste / Vale do Curu,2024,5,668602.3099999998
2313757,06,Litoral Oeste / Vale do Curu,2024,5,350640.1599999999
2313807,06,Litoral Oeste / Vale do Curu,2024,5,1250890.7350000003
2300150,07,Maciço do Baturité,2024,5,763490.4950000001
2301208,07,Maciço do Baturité,2024,5,763345.8800000001
2301406,07,Maciço do Baturité,2024,5,650631.905
2301950,07,Maciço do Baturité,2024,5,309596.32499999995
2302909,07,Maciço do Baturité,2024,5,145617.49
2305100,07,Maciço do Baturité,2024,5,423822.0900000001
2306504,07,Maciço do Baturité,2024,5,2088.785000000149
2309102,07,Maciço do Baturité,2024,5,1033157.4150000002
2309458,07,Maciço do Baturité,2024,5,62384.67999999999
2309805,07,Maciço do Baturité,2024,5,72867.17499999999
2310100,07,Maciço do Baturité,2024,5,204842.8899999999
2311603,07,Maciço do Baturité,2024,5,1782123.635
2303402,08,Serra da Ibiapaba,2024,5,3038380.16
2304236,08,Serra da Ibiapaba,2024,5,715670.7400000002
2305001,08,Serra da Ibiapaba,2024,5,7669732.710000001
2305308,08,Serra da Ibiapaba,2024,5,894913.535
2305803,08,Serra da Ibiapaba,2024,5,1122555.5499999998
2312304,08,Serra da Ibiapaba,2024,5,3251177.9399999995
2313401,08,Serra da Ibiapaba,2024,5,4010649.1050000004
2313609,08,Serra da Ibiapaba,2024,5,2314381.6049999995
2314102,08,Serra da Ibiapaba,2024,5,8949077.505
2301851,09,Sertão Central,2024,5,863534.5499999999
2303931,09,Sertão Central,2024,5,2231705.92
2304269,09,Sertão Central,2024,5,893038.7050000001
2305266,09,Sertão Central,2024,5,176216.63499999978
2305332,09,Sertão Central,2024,5,2561948.4399999995
2308351,09,Sertão Central,2024,5,1071142.185
2308500,09,Sertão Central,2024,5,2137100.9650000003
2310506,09,Sertão Central,2024,5,5737475.79
2310902,09,Sertão Central,2024,5,1141303.8
2311306,09,Sertão Central,2024,5,731048.3499999996
2311405,09,Sertão Central,2024,5,5946752.505000001
2312700,09,Sertão Central,2024,5,2424044.65
2313005,09,Sertão Central,2024,5,1041077.1549999998
2302404,10,Sertão de Canindé,2024,5,5395169.265000001
2302800,10,Sertão de Canindé,2024,5,2697435.1099999994
2303006,10,Sertão de Canindé,2024,5,214303.38000000012
2306603,10,Sertão de Canindé,2024,5,3076683.9000000004
2307635,10,Sertão de Canindé,2024,5,971114.4850000001
2310407,10,Sertão de Canindé,2024,5,420260.44500000007
2300507,11,Sertão de Sobral,2024,5,841073.8650000001
2304350,11,Sertão de Sobral,2024,5,2782035.57
2304509,11,Sertão de Sobral,2024,5,647900.4699999997
2304657,11,Sertão de Sobral,2024,5,1375883.6500000001
2304905,11,Sertão de Sobral,2024,5,589999.27
2308005,11,Sertão de Sobral,2024,5,3545838.435
2308203,11,Sertão de Sobral,2024,5,1623234.1750000003
2309904,11,Sertão de Sobral,2024,5,487165.22
2310951,11,Sertão de Sobral,2024,5,318656.155
2311702,11,Sertão de Sobral,2024,5,1003134.0099999998
2312007,11,Sertão de Sobral,2024,5,398722.535
2312908,11,Sertão de Sobral,2024,5,9796217.415000003
2303659,12,Sertão dos Crateús,2024,5,226327.82499999995
2304103,12,Sertão dos Crateús,2024,5,377230.66500000004
2305209,12,Sertão dos Crateús,2024,5,1338268.5849999997
2305605,12,Sertão dos Crateús,2024,5,753405.935
2305654,12,Sertão dos Crateús,2024,5,1015875.0199999999
2305902,12,Sertão dos Crateús,2024,5,1958590.3849999998
2308609,12,Sertão dos Crateús,2024,5,1782433.205
2309300,12,Sertão dos Crateús,2024,5,5134610.765000001
2309409,12,Sertão dos Crateús,2024,5,4885558.23
2312205,12,Sertão dos Crateús,2024,5,1456624.6049999995
2313203,12,Sertão dos Crateús,2024,5,2785944.0450000004
2300408,13,Sertão dos Inhamuns,2024,5,557900.1
2313302,13,Sertão dos Inhamuns,2024,5,11008767.595000003
2300705,14,Vale do Jaguaribe,2024,5,2505250.07
2304277,14,Vale do Jaguaribe,2024,5,619438.095
2306009,14,Vale do Jaguaribe,2024,5,801415.09
2306702,14,Vale do Jaguaribe,2024,5,3541409.2250000006
2306801,14,Vale do Jaguaribe,2024,5,1375043.8
2307601,14,Vale do Jaguaribe,2024,5,788056.28
2308708,14,Vale do Jaguaribe,2024,5,2984965.865
2310001,14,Vale do Jaguaribe,2024,5,387991.88
2310803,14,Vale do Jaguaribe,2024,5,2987833.5950000007
2311231,14,Vale do Jaguaribe,2024,5,630648.0249999999
2311504,14,Vale do Jaguaribe,2024,5,1306849.6949999998
2311801,14,Vale do Jaguaribe,2024,5,5740305.075
2312502,14,Vale do Jaguaribe,2024,5,58868.149999999994
2313104,14,Vale do Jaguaribe,2024,5,1029558.185
2300101,01,Cariri,2024,6,544363.3250000001
2300606,01,Cariri,2024,6,1211546.2499999998
2300804,01,Cariri,2024,6,591211.9199999999
2301307,01,Cariri,2024,6,1302051.75
2301604,01,Cariri,2024,6,3785061.1350000007
2301703,01,Cariri,2024,6,217093.39500000002
2301901,01,Cariri,2024,6,3785040.83
2302008,01,Cariri,2024,6,931133.615
2302503,01,Cariri,2024,6,11340836.04
2302701,01,Cariri,2024,6,1203559.1
2303204,01,Cariri,2024,6,2234894.7849999997
2304202,01,Cariri,2024,6,3199427.5549999997
2304301,01,Cariri,2024,6,1466043.62
2304806,01,Cariri,2024,6,2460726.3
2307106,01,Cariri,2024,6,1318026.2200000002
2307205,01,Cariri,2024,6,843391.5249999999
2307304,01,Cariri,2024,6,4702348.045
2307502,01,Cariri,2024,6,949053.5150000001
2308104,01,Cariri,2024,6,2922783.14
2308302,01,Cariri,2024,6,733918.125
2308401,01,Cariri,2024,6,1832987.405
2309201,01,Cariri,2024,6,1871291.555
2310605,01,Cariri,2024,6,983811.53
2311108,01,Cariri,2024,6,881447.8050000002
2311207,01,Cariri,2024,6,573534.9550000001
2311959,01,Cariri,2024,6,259513.995
2312106,01,Cariri,2024,6,310847.62499999994
2313252,01,Cariri,2024,6,89836.67000000001
2314003,01,Cariri,2024,6,2509870.3049999997
2300309,02,Centro Sul,2024,6,246499.56000000003
2301802,02,Centro Sul,2024,6,475370.07500000007
2303600,02,Centro Sul,2024,6,14123.010000000002
2303808,02,Centro Sul,2024,6,536225.695
2305407,02,Centro Sul,2024,6,2717255.98
2305506,02,Centro Sul,2024,6,3009225.1599999983
2305704,02,Centro Sul,2024,6,325730.14
2307403,02,Centro Sul,2024,6,1469140.0949999997
2311355,02,Centro Sul,2024,6,2504988.695
2311900,02,Centro Sul,2024,6,476981.57499999995
2313708,02,Centro Sul,2024,6,122495.14500000002
2301000,03,Grande Fortaleza,2024,6,5202756.470000001
2303501,03,Grande Fortaleza,2024,6,6524558.890000001
2303709,03,Grande Fortaleza,2024,6,5444576.609999999
2303956,03,Grande Fortaleza,2024,6,2526401.32
2304285,03,Grande Fortaleza,2024,6,4292227.850000001
2304400,03,Grande Fortaleza,2024,6,106874405.29000002
2304954,03,Grande Fortaleza,2024,6,1743367.1400000001
2305233,03,Grande Fortaleza,2024,6,6670534.260000002
2306256,03,Grande Fortaleza,2024,6,1528960.1950000003
2307650,03,Grande Fortaleza,2024,6,22055533.040000007
2307700,03,Grande Fortaleza,2024,6,1282294.5100000007
2309607,03,Grande Fortaleza,2024,6,5564916.380000001
2309706,03,Grande Fortaleza,2024,6,3311142.3499999996
2310209,03,Grande Fortaleza,2024,6,2073054.3749999995
2310258,03,Grande Fortaleza,2024,6,3610925.4300000006
2310852,03,Grande Fortaleza,2024,6,749539.9749999999
2312403,03,Grande Fortaleza,2024,6,7178724.59
2312601,03,Grande Fortaleza,2024,6,270505.51
2313500,03,Grande Fortaleza,2024,6,2438527.33
2301109,04,Litoral Leste,2024,6,5153182.965
2302206,04,Litoral Leste,2024,6,3354908.1000000006
2304459,04,Litoral Leste,2024,6,2192333.5250000004
2305357,04,Litoral Leste,2024,6,1414530.475
2306207,04,Litoral Leste,2024,6,315967.01
2307007,04,Litoral Leste,2024,6,826524.5399999999
2300200,05,Litoral Norte,2024,6,5433867.44
2302057,05,Litoral Norte,2024,6,876850.145
2302305,05,Litoral Norte,2024,6,327565.22
2302602,05,Litoral Norte,2024,6,1093145.13
2303907,05,Litoral Norte,2024,6,720057.655
2304251,05,Litoral Norte,2024,6,965199.1799999997
2304707,05,Litoral Norte,2024,6,1865761.0350000001
2306553,05,Litoral Norte,2024,6,4241715.07
2307254,05,Litoral Norte,2024,6,2078464.9200000004
2307809,05,Litoral Norte,2024,6,3103830.4399999995
2307908,05,Litoral Norte,2024,6,577350.125
2308906,05,Litoral Norte,2024,6,830157.2800000003
2300754,06,Litoral Oeste / Vale do Curu,2024,6,948351.875
2300903,06,Litoral Oeste / Vale do Curu,2024,6,424393.72500000003
2304608,06,Litoral Oeste / Vale do Curu,2024,6,635399.375
2306108,06,Litoral Oeste / Vale do Curu,2024,6,947185.2600000002
2306306,06,Litoral Oeste / Vale do Curu,2024,6,2663748.495
2306405,06,Litoral Oeste / Vale do Curu,2024,6,19165659.064999998
2308377,06,Litoral Oeste / Vale do Curu,2024,6,670602.5749999998
2310704,06,Litoral Oeste / Vale do Curu,2024,6,2403520.7800000003
2313351,06,Litoral Oeste / Vale do Curu,2024,6,1066915.75
2313559,06,Litoral Oeste / Vale do Curu,2024,6,668602.3099999998
2313757,06,Litoral Oeste / Vale do Curu,2024,6,350640.1599999999
2313807,06,Litoral Oeste / Vale do Curu,2024,6,1250890.7350000003
2300150,07,Maciço do Baturité,2024,6,763490.4950000001
2301208,07,Maciço do Baturité,2024,6,763345.8800000001
2301406,07,Maciço do Baturité,2024,6,650631.905
2301950,07,Maciço do Baturité,2024,6,309596.32499999995
2302909,07,Maciço do Baturité,2024,6,145617.49
2305100,07,Maciço do Baturité,2024,6,423822.0900000001
2306504,07,Maciço do Baturité,2024,6,2088.785000000149
2309102,07,Maciço do Baturité,2024,6,1033157.4150000002
2309458,07,Maciço do Baturité,2024,6,62384.67999999999
2309805,07,Maciço do Baturité,2024,6,72867.17499999999
2310100,07,Maciço do Baturité,2024,6,204842.8899999999
2311603,07,Maciço do Baturité,2024,6,1782123.635
2303402,08,Serra da Ibiapaba,2024,6,3038380.16
2304236,08,Serra da Ibiapaba,2024,6,715670.7400000002
2305001,08,Serra da Ibiapaba,2024,6,7669732.710000001
2305308,08,Serra da Ibiapaba,2024,6,894913.535
2305803,08,Serra da Ibiapaba,2024,6,1122555.5499999998
2312304,08,Serra da Ibiapaba,2024,6,3251177.9399999995
2313401,08,Serra da Ibiapaba,2024,6,4010649.1050000004
2313609,08,Serra da Ibiapaba,2024,6,2314381.6049999995
2314102,08,Serra da Ibiapaba,2024,6,8949077.505
2301851,09,Sertão Central,2024,6,863534.5499999999
2303931,09,Sertão Central,2024,6,2231705.92
2304269,09,Sertão Central,2024,6,893038.7050000001
2305266,09,Sertão Central,2024,6,176216.63499999978
2305332,09,Sertão Central,2024,6,2561948.4399999995
2308351,09,Sertão Central,2024,6,1071142.185
2308500,09,Sertão Central,2024,6,2137100.9650000003
2310506,09,Sertão Central,2024,6,5737475.79
2310902,09,Sertão Central,2024,6,1141303.8
2311306,09,Sertão Central,2024,6,731048.3499999996
2311405,09,Sertão Central,2024,6,5946752.505000001
2312700,09,Sertão Central,2024,6,2424044.65
2313005,09,Sertão Central,2024,6,1041077.1549999998
2302404,10,Sertão de Canindé,2024,6,5395169.265000001
2302800,10,Sertão de Canindé,2024,6,2697435.1099999994
2303006,10,Sertão de Canindé,2024,6,214303.38000000012
2306603,10,Sertão de Canindé,2024,6,3076683.9000000004
2307635,10,Sertão de Canindé,2024,6,971114.4850000001
2310407,10,Sertão de Canindé,2024,6,420260.44500000007
2300507,11,Sertão de Sobral,2024,6,841073.8650000001
2304350,11,Sertão de Sobral,2024,6,2782035.57
2304509,11,Sertão de Sobral,2024,6,647900.4699999997
2304657,11,Sertão de Sobral,2024,6,1375883.6500000001
2304905,11,Sertão de Sobral,2024,6,589999.27
2308005,11,Sertão de Sobral,2024,6,3545838.435
2308203,11,Sertão de Sobral,2024,6,1623234.1750000003
2309904,11,Sertão de Sobral,2024,6,487165.22
2310951,11,Sertão de Sobral,2024,6,318656.155
2311702,11,Sertão de Sobral,2024,6,1003134.0099999998
2312007,11,Sertão de Sobral,2024,6,398722.535
2312908,11,Sertão de Sobral,2024,6,9796217.415000003
2303659,12,Sertão dos Crateús,2024,6,226327.82499999995
2304103,12,Sertão dos Crateús,2024,6,377230.66500000004
2305209,12,Sertão dos Crateús,2024,6,1338268.5849999997
2305605,12,Sertão dos Crateús,2024,6,753405.935
2305654,12,Sertão dos Crateús,2024,6,1015875.0199999999
2305902,12,Sertão dos Crateús,2024,6,1958590.3849999998
2308609,12,Sertão dos Crateús,2024,6,1782433.205
2309300,12,Sertão dos Crateús,2024,6,5134610.765000001
2309409,12,Sertão dos Crateús,2024,6,4885558.23
2312205,12,Sertão dos Crateús,2024,6,1456624.6049999995
2313203,12,Sertão dos Crateús,2024,6,2785944.0450000004
2300408,13,Sertão dos Inhamuns,2024,6,557900.1
2313302,13,Sertão dos Inhamuns,2024,6,11008767.595000003
2300705,14,Vale do Jaguaribe,2024,6,2505250.07
2304277,14,Vale do Jaguaribe,2024,6,619438.095
2306009,14,Vale do Jaguaribe,2024,6,801415.09
2306702,14,Vale do Jaguaribe,2024,6,3541409.2250000006
2306801,14,Vale do Jaguaribe,2024,6,1375043.8
2307601,14,Vale do Jaguaribe,2024,6,788056.28
2308708,14,Vale do Jaguaribe,2024,6,2984965.865
2310001,14,Vale do Jaguaribe,2024,6,387991.88
2310803,14,Vale do Jaguaribe,2024,6,2987833.5950000007
2311231,14,Vale do Jaguaribe,2024,6,630648.0249999999
2311504,14,Vale do Jaguaribe,2024,6,1306849.6949999998
2311801,14,Vale do Jaguaribe,2024,6,5740305.075
2312502,14,Vale do Jaguaribe,2024,6,58868.149999999994
2313104,14,Vale do Jaguaribe,2024,6,1029558.185
2300101,01,Cariri,2024,7,499033.83499999996
2300606,01,Cariri,2024,7,671029.7050000001
2300804,01,Cariri,2024,7,407695.395
2301307,01,Cariri,2024,7,910214.935
2301604,01,Cariri,2024,7,2834629.41
2301703,01,Cariri,2024,7,457717.3849999999
2301901,01,Cariri,2024,7,9562176.27
2302008,01,Cariri,2024,7,585322.3600000001
2302503,01,Cariri,2024,7,2615234.540000003
2302701,01,Cariri,2024,7,1158823.33
2303204,01,Cariri,2024,7,2525967.74
2304202,01,Cariri,2024,7,4881546.26
2304301,01,Cariri,2024,7,1319795.7750000004
2304806,01,Cariri,2024,7,1036391.7850000001
2307106,01,Cariri,2024,7,1236999.8200000003
2307205,01,Cariri,2024,7,390484.5650000004
2307304,01,Cariri,2024,7,8388082.835000001
2307502,01,Cariri,2024,7,1729792.875
2308104,01,Cariri,2024,7,1392487.795
2308302,01,Cariri,2024,7,921843.49
2308401,01,Cariri,2024,7,1313097.645
2309201,01,Cariri,2024,7,754726.0249999999
2310605,01,Cariri,2024,7,53189.0
2311108,01,Cariri,2024,7,904648.4349999996
2311207,01,Cariri,2024,7,52121.0
2311959,01,Cariri,2024,7,68236.08499999996
2312106,01,Cariri,2024,7,476783.9750000001
2313252,01,Cariri,2024,7,67506.25999999998
2314003,01,Cariri,2024,7,3678997.745000001
2300309,02,Centro Sul,2024,7,704947.5999999999
2301802,02,Centro Sul,2024,7,501979.5499999998
2303600,02,Centro Sul,2024,7,513781.74500000005
2303808,02,Centro Sul,2024,7,781878.365
2305407,02,Centro Sul,2024,7,3165552.365
2305506,02,Centro Sul,2024,7,5800807.630000003
2305704,02,Centro Sul,2024,7,592918.8049999999
2307403,02,Centro Sul,2024,7,1238476.58
2311355,02,Centro Sul,2024,7,2233416.6500000004
2311900,02,Centro Sul,2024,7,1230768.685
2313708,02,Centro Sul,2024,7,372999.3800000001
2301000,03,Grande Fortaleza,2024,7,4365534.114999998
2303501,03,Grande Fortaleza,2024,7,2955788.5299999993
2303709,03,Grande Fortaleza,2024,7,21034175.605000004
2303956,03,Grande Fortaleza,2024,7,2571242.885
2304285,03,Grande Fortaleza,2024,7,2823410.5599999996
2304400,03,Grande Fortaleza,2024,7,131436049.805
2304954,03,Grande Fortaleza,2024,7,3332969.5599999996
2305233,03,Grande Fortaleza,2024,7,4532304.27
2306256,03,Grande Fortaleza,2024,7,1995754.75
2307650,03,Grande Fortaleza,2024,7,9147922.61999999
2307700,03,Grande Fortaleza,2024,7,6793547.484999999
2309607,03,Grande Fortaleza,2024,7,3010540.004999999
2309706,03,Grande Fortaleza,2024,7,3044884.6450000014
2310209,03,Grande Fortaleza,2024,7,1207702.7850000001
2310258,03,Grande Fortaleza,2024,7,5356243.789999999
2310852,03,Grande Fortaleza,2024,7,2504695.6500000004
2312403,03,Grande Fortaleza,2024,7,16627490.115000002
2312601,03,Grande Fortaleza,2024,7,292154.57499999995
2313500,03,Grande Fortaleza,2024,7,3422284.865
2301109,04,Litoral Leste,2024,7,6222605.219999999
2302206,04,Litoral Leste,2024,7,3392478.245
2304459,04,Litoral Leste,2024,7,2588223.995
2305357,04,Litoral Leste,2024,7,1981064.125
2306207,04,Litoral Leste,2024,7,84310.77000000002
2307007,04,Litoral Leste,2024,7,2270564.955
2300200,05,Litoral Norte,2024,7,6166889.970000001
2302057,05,Litoral Norte,2024,7,1116639.8299999998
2302305,05,Litoral Norte,2024,7,1111706.52
2302602,05,Litoral Norte,2024,7,2030196.3499999996
2303907,05,Litoral Norte,2024,7,755207.4199999999
2304251,05,Litoral Norte,2024,7,2692710.265
2304707,05,Litoral Norte,2024,7,4833210.415000001
2306553,05,Litoral Norte,2024,7,4030032.174999999
2307254,05,Litoral Norte,2024,7,2246126.0249999994
2307809,05,Litoral Norte,2024,7,3363966.7199999997
2307908,05,Litoral Norte,2024,7,1072682.7650000001
2308906,05,Litoral Norte,2024,7,919206.29
2300754,06,Litoral Oeste / Vale do Curu,2024,7,3597940.6400000006
2300903,06,Litoral Oeste / Vale do Curu,2024,7,389762.4199999999
2304608,06,Litoral Oeste / Vale do Curu,2024,7,689604.2799999998
2306108,06,Litoral Oeste / Vale do Curu,2024,7,2885875.9299999997
2306306,06,Litoral Oeste / Vale do Curu,2024,7,1577235.54
2306405,06,Litoral Oeste / Vale do Curu,2024,7,27959976.520000003
2308377,06,Litoral Oeste / Vale do Curu,2024,7,857467.0950000002
2310704,06,Litoral Oeste / Vale do Curu,2024,7,2928673.75
2313351,06,Litoral Oeste / Vale do Curu,2024,7,1420849.96
2313559,06,Litoral Oeste / Vale do Curu,2024,7,516194.2200000002
2313757,06,Litoral Oeste / Vale do Curu,2024,7,312278.39000000013
2313807,06,Litoral Oeste / Vale do Curu,2024,7,1610925.6950000003
2300150,07,Maciço do Baturité,2024,7,1190764.1399999997
2301208,07,Maciço do Baturité,2024,7,1687905.71
2301406,07,Maciço do Baturité,2024,7,1120996.185
2301950,07,Maciço do Baturité,2024,7,1417423.5750000002
2302909,07,Maciço do Baturité,2024,7,252519.5
2305100,07,Maciço do Baturité,2024,7,423952.1649999998
2306504,07,Maciço do Baturité,2024,7,2890.0
2309102,07,Maciço do Baturité,2024,7,746872.3
2309458,07,Maciço do Baturité,2024,7,447195.505
2309805,07,Maciço do Baturité,2024,7,755741.475
2310100,07,Maciço do Baturité,2024,7,267538.31000000006
2311603,07,Maciço do Baturité,2024,7,2278247.64
2303402,08,Serra da Ibiapaba,2024,7,847731.935
2304236,08,Serra da Ibiapaba,2024,7,1031214.0699999998
2305001,08,Serra da Ibiapaba,2024,7,3356682.0950000007
2305308,08,Serra da Ibiapaba,2024,7,1405691.68
2305803,08,Serra da Ibiapaba,2024,7,1896906.875
2312304,08,Serra da Ibiapaba,2024,7,3223530.8100000005
2313401,08,Serra da Ibiapaba,2024,7,3152538.465
2313609,08,Serra da Ibiapaba,2024,7,3142906.625
2314102,08,Serra da Ibiapaba,2024,7,1785394.9799999986
2301851,09,Sertão Central,2024,7,392518.17999999993
2303931,09,Sertão Central,2024,7,628245.1749999998
2304269,09,Sertão Central,2024,7,1485348.1749999998
2305266,09,Sertão Central,2024,7,66852.97500000056
2305332,09,Sertão Central,2024,7,2542842.29
2308351,09,Sertão Central,2024,7,1992553.52
2308500,09,Sertão Central,2024,7,2847182.0249999994
2310506,09,Sertão Central,2024,7,5861001.705
2310902,09,Sertão Central,2024,7,1100924.42
2311306,09,Sertão Central,2024,7,4050329.0500000003
2311405,09,Sertão Central,2024,7,6592160.674999999
2312700,09,Sertão Central,2024,7,3899761.3900000006
2313005,09,Sertão Central,2024,7,1946881.3950000005
2302404,10,Sertão de Canindé,2024,7,7366626.204999998
2302800,10,Sertão de Canindé,2024,7,2732537.9000000004
2303006,10,Sertão de Canindé,2024,7,960895.26
2306603,10,Sertão de Canindé,2024,7,2750953.575
2307635,10,Sertão de Canindé,2024,7,1478953.17
2310407,10,Sertão de Canindé,2024,7,712077.2150000001
2300507,11,Sertão de Sobral,2024,7,697153.47
2304350,11,Sertão de Sobral,2024,7,2164668.4300000006
2304509,11,Sertão de Sobral,2024,7,805825.79
2304657,11,Sertão de Sobral,2024,7,2491716.7999999993
2304905,11,Sertão de Sobral,2024,7,2424370.655
2308005,11,Sertão de Sobral,2024,7,1534595.5099999998
2308203,11,Sertão de Sobral,2024,7,803554.21
2309904,11,Sertão de Sobral,2024,7,204215.43999999994
2310951,11,Sertão de Sobral,2024,7,1793831.655
2311702,11,Sertão de Sobral,2024,7,2109378.4450000003
2312007,11,Sertão de Sobral,2024,7,363082.2200000001
2312908,11,Sertão de Sobral,2024,7,24214828.314999998
2303659,12,Sertão dos Crateús,2024,7,610418.2250000001
2304103,12,Sertão dos Crateús,2024,7,1473781.2249999996
2305209,12,Sertão dos Crateús,2024,7,897553.7550000004
2305605,12,Sertão dos Crateús,2024,7,826628.5899999999
2305654,12,Sertão dos Crateús,2024,7,2642496.965
2305902,12,Sertão dos Crateús,2024,7,877763.3550000004
2308609,12,Sertão dos Crateús,2024,7,748876.8300000001
2309300,12,Sertão dos Crateús,2024,7,5614876.634999998
2309409,12,Sertão dos Crateús,2024,7,9821578.609999998
2312205,12,Sertão dos Crateús,2024,7,1289920.4250000007
2313203,12,Sertão dos Crateús,2024,7,3356954.1000000006
2300408,13,Sertão dos Inhamuns,2024,7,687890.625
2313302,13,Sertão dos Inhamuns,2024,7,13366328.629999999
2300705,14,Vale do Jaguaribe,2024,7,2542817.6100000003
2304277,14,Vale do Jaguaribe,2024,7,161986.35499999998
2306009,14,Vale do Jaguaribe,2024,7,333883.80499999993
2306702,14,Vale do Jaguaribe,2024,7,354891.57499999925
2306801,14,Vale do Jaguaribe,2024,7,962117.3649999998
2307601,14,Vale do Jaguaribe,2024,7,673170.96
2308708,14,Vale do Jaguaribe,2024,7,1571384.4
2310001,14,Vale do Jaguaribe,2024,7,905923.8499999999
2310803,14,Vale do Jaguaribe,2024,7,3243884.4799999995
2311231,14,Vale do Jaguaribe,2024,7,1040834.2500000002
2311504,14,Vale do Jaguaribe,2024,7,602378.3999999999
2311801,14,Vale do Jaguaribe,2024,7,8622817.614999998
2312502,14,Vale do Jaguaribe,2024,7,540194.96
2313104,14,Vale do Jaguaribe,2024,7,1694682.0950000002
2300101,01,Cariri,2024,8,499033.83499999996
2300606,01,Cariri,2024,8,671029.7050000001
2300804,01,Cariri,2024,8,407695.395
2301307,01,Cariri,2024,8,910214.935
2301604,01,Cariri,2024,8,2834629.41
2301703,01,Cariri,2024,8,457717.3849999999
2301901,01,Cariri,2024,8,9562176.27
2302008,01,Cariri,2024,8,585322.3600000001
2302503,01,Cariri,2024,8,2615234.540000003
2302701,01,Cariri,2024,8,1158823.33
2303204,01,Cariri,2024,8,2525967.74
2304202,01,Cariri,2024,8,4881546.26
2304301,01,Cariri,2024,8,1319795.7750000004
2304806,01,Cariri,2024,8,1036391.7850000001
2307106,01,Cariri,2024,8,1236999.8200000003
2307205,01,Cariri,2024,8,390484.5650000004
2307304,01,Cariri,2024,8,8388082.835000001
2307502,01,Cariri,2024,8,1729792.875
2308104,01,Cariri,2024,8,1392487.795
2308302,01,Cariri,2024,8,921843.49
2308401,01,Cariri,2024,8,1313097.645
2309201,01,Cariri,2024,8,754726.0249999999
2310605,01,Cariri,2024,8,53189.0
2311108,01,Cariri,2024,8,904648.4349999996
2311207,01,Cariri,2024,8,52121.0
2311959,01,Cariri,2024,8,68236.08499999996
2312106,01,Cariri,2024,8,476783.9750000001
2313252,01,Cariri,2024,8,67506.25999999998
2314003,01,Cariri,2024,8,3678997.745000001
2300309,02,Centro Sul,2024,8,704947.5999999999
2301802,02,Centro Sul,2024,8,501979.5499999998
2303600,02,Centro Sul,2024,8,513781.74500000005
2303808,02,Centro Sul,2024,8,781878.365
2305407,02,Centro Sul,2024,8,3165552.365
2305506,02,Centro Sul,2024,8,5800807.630000003
2305704,02,Centro Sul,2024,8,592918.8049999999
2307403,02,Centro Sul,2024,8,1238476.58
2311355,02,Centro Sul,2024,8,2233416.6500000004
2311900,02,Centro Sul,2024,8,1230768.685
2313708,02,Centro Sul,2024,8,372999.3800000001
2301000,03,Grande Fortaleza,2024,8,4365534.114999998
2303501,03,Grande Fortaleza,2024,8,2955788.5299999993
2303709,03,Grande Fortaleza,2024,8,21034175.605000004
2303956,03,Grande Fortaleza,2024,8,2571242.885
2304285,03,Grande Fortaleza,2024,8,2823410.5599999996
2304400,03,Grande Fortaleza,2024,8,131436049.805
2304954,03,Grande Fortaleza,2024,8,3332969.5599999996
2305233,03,Grande Fortaleza,2024,8,4532304.27
2306256,03,Grande Fortaleza,2024,8,1995754.75
2307650,03,Grande Fortaleza,2024,8,9147922.61999999
2307700,03,Grande Fortaleza,2024,8,6793547.484999999
2309607,03,Grande Fortaleza,2024,8,3010540.004999999
2309706,03,Grande Fortaleza,2024,8,3044884.6450000014
2310209,03,Grande Fortaleza,2024,8,1207702.7850000001
2310258,03,Grande Fortaleza,2024,8,5356243.789999999
2310852,03,Grande Fortaleza,2024,8,2504695.6500000004
2312403,03,Grande Fortaleza,2024,8,16627490.115000002
2312601,03,Grande Fortaleza,2024,8,292154.57499999995
2313500,03,Grande Fortaleza,2024,8,3422284.865
2301109,04,Litoral Leste,2024,8,6222605.219999999
2302206,04,Litoral Leste,2024,8,3392478.245
2304459,04,Litoral Leste,2024,8,2588223.995
2305357,04,Litoral Leste,2024,8,1981064.125
2306207,04,Litoral Leste,2024,8,84310.77000000002
2307007,04,Litoral Leste,2024,8,2270564.955
2300200,05,Litoral Norte,2024,8,6166889.970000001
2302057,05,Litoral Norte,2024,8,1116639.8299999998
2302305,05,Litoral Norte,2024,8,1111706.52
2302602,05,Litoral Norte,2024,8,2030196.3499999996
2303907,05,Litoral Norte,2024,8,755207.4199999999
2304251,05,Litoral Norte,2024,8,2692710.265
2304707,05,Litoral Norte,2024,8,4833210.415000001
2306553,05,Litoral Norte,2024,8,4030032.174999999
2307254,05,Litoral Norte,2024,8,2246126.0249999994
2307809,05,Litoral Norte,2024,8,3363966.7199999997
2307908,05,Litoral Norte,2024,8,1072682.7650000001
2308906,05,Litoral Norte,2024,8,919206.29
2300754,06,Litoral Oeste / Vale do Curu,2024,8,3597940.6400000006
2300903,06,Litoral Oeste / Vale do Curu,2024,8,389762.4199999999
2304608,06,Litoral Oeste / Vale do Curu,2024,8,689604.2799999998
2306108,06,Litoral Oeste / Vale do Curu,2024,8,2885875.9299999997
2306306,06,Litoral Oeste / Vale do Curu,2024,8,1577235.54
2306405,06,Litoral Oeste / Vale do Curu,2024,8,27959976.520000003
2308377,06,Litoral Oeste / Vale do Curu,2024,8,857467.0950000002
2310704,06,Litoral Oeste / Vale do Curu,2024,8,2928673.75
2313351,06,Litoral Oeste / Vale do Curu,2024,8,1420849.96
2313559,06,Litoral Oeste / Vale do Curu,2024,8,516194.2200000002
2313757,06,Litoral Oeste / Vale do Curu,2024,8,312278.39000000013
2313807,06,Litoral Oeste / Vale do Curu,2024,8,1610925.6950000003
2300150,07,Maciço do Baturité,2024,8,1190764.1399999997
2301208,07,Maciço do Baturité,2024,8,1687905.71
2301406,07,Maciço do Baturité,2024,8,1120996.185
2301950,07,Maciço do Baturité,2024,8,1417423.5750000002
2302909,07,Maciço do Baturité,2024,8,252519.5
2305100,07,Maciço do Baturité,2024,8,423952.1649999998
2306504,07,Maciço do Baturité,2024,8,2890.0
2309102,07,Maciço do Baturité,2024,8,746872.3
2309458,07,Maciço do Baturité,2024,8,447195.505
2309805,07,Maciço do Baturité,2024,8,755741.475
2310100,07,Maciço do Baturité,2024,8,267538.31000000006
2311603,07,Maciço do Baturité,2024,8,2278247.64
2303402,08,Serra da Ibiapaba,2024,8,847731.935
2304236,08,Serra da Ibiapaba,2024,8,1031214.0699999998
2305001,08,Serra da Ibiapaba,2024,8,3356682.0950000007
2305308,08,Serra da Ibiapaba,2024,8,1405691.68
2305803,08,Serra da Ibiapaba,2024,8,1896906.875
2312304,08,Serra da Ibiapaba,2024,8,3223530.8100000005
2313401,08,Serra da Ibiapaba,2024,8,3152538.465
2313609,08,Serra da Ibiapaba,2024,8,3142906.625
2314102,08,Serra da Ibiapaba,2024,8,1785394.9799999986
2301851,09,Sertão Central,2024,8,392518.17999999993
2303931,09,Sertão Central,2024,8,628245.1749999998
2304269,09,Sertão Central,2024,8,1485348.1749999998
2305266,09,Sertão Central,2024,8,66852.97500000056
2305332,09,Sertão Central,2024,8,2542842.29
2308351,09,Sertão Central,2024,8,1992553.52
2308500,09,Sertão Central,2024,8,2847182.0249999994
2310506,09,Sertão Central,2024,8,5861001.705
2310902,09,Sertão Central,2024,8,1100924.42
2311306,09,Sertão Central,2024,8,4050329.0500000003
2311405,09,Sertão Central,2024,8,6592160.674999999
2312700,09,Sertão Central,2024,8,3899761.3900000006
2313005,09,Sertão Central,2024,8,1946881.3950000005
2302404,10,Sertão de Canindé,2024,8,7366626.204999998
2302800,10,Sertão de Canindé,2024,8,2732537.9000000004
2303006,10,Sertão de Canindé,2024,8,960895.26
2306603,10,Sertão de Canindé,2024,8,2750953.575
2307635,10,Sertão de Canindé,2024,8,1478953.17
2310407,10,Sertão de Canindé,2024,8,712077.2150000001
2300507,11,Sertão de Sobral,2024,8,697153.47
2304350,11,Sertão de Sobral,2024,8,2164668.4300000006
2304509,11,Sertão de Sobral,2024,8,805825.79
2304657,11,Sertão de Sobral,2024,8,2491716.7999999993
2304905,11,Sertão de Sobral,2024,8,2424370.655
2308005,11,Sertão de Sobral,2024,8,1534595.5099999998
2308203,11,Sertão de Sobral,2024,8,803554.21
2309904,11,Sertão de Sobral,2024,8,204215.43999999994
2310951,11,Sertão de Sobral,2024,8,1793831.655
2311702,11,Sertão de Sobral,2024,8,2109378.4450000003
2312007,11,Sertão de Sobral,2024,8,363082.2200000001
2312908,11,Sertão de Sobral,2024,8,24214828.314999998
2303659,12,Sertão dos Crateús,2024,8,610418.2250000001
2304103,12,Sertão dos Crateús,2024,8,1473781.2249999996
2305209,12,Sertão dos Crateús,2024,8,897553.7550000004
2305605,12,Sertão dos Crateús,2024,8,826628.5899999999
2305654,12,Sertão dos Crateús,2024,8,2642496.965
2305902,12,Sertão dos Crateús,2024,8,877763.3550000004
2308609,12,Sertão dos Crateús,2024,8,748876.8300000001
2309300,12,Sertão dos Crateús,2024,8,5614876.634999998
2309409,12,Sertão dos Crateús,2024,8,9821578.609999998
2312205,12,Sertão dos Crateús,2024,8,1289920.4250000007
2313203,12,Sertão dos Crateús,2024,8,3356954.1000000006
2300408,13,Sertão dos Inhamuns,2024,8,687890.625
2313302,13,Sertão dos Inhamuns,2024,8,13366328.629999999
2300705,14,Vale do Jaguaribe,2024,8,2542817.6100000003
2304277,14,Vale do Jaguaribe,2024,8,161986.35499999998
2306009,14,Vale do Jaguaribe,2024,8,333883.80499999993
2306702,14,Vale do Jaguaribe,2024,8,354891.57499999925
2306801,14,Vale do Jaguaribe,2024,8,962117.3649999998
2307601,14,Vale do Jaguaribe,2024,8,673170.96
2308708,14,Vale do Jaguaribe,2024,8,1571384.4
2310001,14,Vale do Jaguaribe,2024,8,905923.8499999999
2310803,14,Vale do Jaguaribe,2024,8,3243884.4799999995
2311231,14,Vale do Jaguaribe,2024,8,1040834.2500000002
2311504,14,Vale do Jaguaribe,2024,8,602378.3999999999
2311801,14,Vale do Jaguaribe,2024,8,8622817.614999998
2312502,14,Vale do Jaguaribe,2024,8,540194.96
2313104,14,Vale do Jaguaribe,2024,8,1694682.0950000002
2300101,01,Cariri,2024,9,197422.21999999997
2300606,01,Cariri,2024,9,1510439.1050000004
2300804,01,Cariri,2024,9,96359.17500000005
2301307,01,Cariri,2024,9,393920.28000000026
2301604,01,Cariri,2024,9,2444334.76
2301703,01,Cariri,2024,9,439318.08499999996
2301901,01,Cariri,2024,9,4240452.664999999
2302008,01,Cariri,2024,9,203888.31999999983
2302503,01,Cariri,2024,9,242820.37999999896
2302701,01,Cariri,2024,9,45286.39999999991
2303204,01,Cariri,2024,9,3550995.455
2304202,01,Cariri,2024,9,7018888.344999999
2304301,01,Cariri,2024,9,1244291.9749999996
2304806,01,Cariri,2024,9,1070502.5549999997
2307106,01,Cariri,2024,9,1286368.2149999999
2307205,01,Cariri,2024,9,329740.96499999985
2307304,01,Cariri,2024,9,8454433.310000002
2307502,01,Cariri,2024,9,2635490.62
2308104,01,Cariri,2024,9,1582373.2300000004
2308302,01,Cariri,2024,9,583066.0499999998
2308401,01,Cariri,2024,9,605797.9699999997
2309201,01,Cariri,2024,9,804481.9500000002
2310605,01,Cariri,2024,9,0.0
2311108,01,Cariri,2024,9,1527709.3000000007
2311207,01,Cariri,2024,9,119124.44999999995
2311959,01,Cariri,2024,9,175731.505
2312106,01,Cariri,2024,9,70030.5149999999
2313252,01,Cariri,2024,9,412248.155
2314003,01,Cariri,2024,9,3112834.049999999
2300309,02,Centro Sul,2024,9,726416.085
2301802,02,Centro Sul,2024,9,40447.12000000011
2303600,02,Centro Sul,2024,9,792495.6249999999
2303808,02,Centro Sul,2024,9,656804.9000000001
2305407,02,Centro Sul,2024,9,1653252.5899999999
2305506,02,Centro Sul,2024,9,3085993.514999997
2305704,02,Centro Sul,2024,9,505619.18500000006
2307403,02,Centro Sul,2024,9,854784.4400000004
2311355,02,Centro Sul,2024,9,1548827.1500000004
2311900,02,Centro Sul,2024,9,825607.52
2313708,02,Centro Sul,2024,9,155077.98499999987
2301000,03,Grande Fortaleza,2024,9,6768130.52
2303501,03,Grande Fortaleza,2024,9,701725.0350000001
2303709,03,Grande Fortaleza,2024,9,7299945.68
2303956,03,Grande Fortaleza,2024,9,3070679.5999999996
2304285,03,Grande Fortaleza,2024,9,593058.2349999994
2304400,03,Grande Fortaleza,2024,9,76093221.495
2304954,03,Grande Fortaleza,2024,9,1046426.4799999995
2305233,03,Grande Fortaleza,2024,9,5309185.484999999
2306256,03,Grande Fortaleza,2024,9,2876321.679999999
2307650,03,Grande Fortaleza,2024,9,11986774.950000003
2307700,03,Grande Fortaleza,2024,9,1063419.2799999993
2309607,03,Grande Fortaleza,2024,9,0.0
2309706,03,Grande Fortaleza,2024,9,1788805.9849999994
2310209,03,Grande Fortaleza,2024,9,0.0
2310258,03,Grande Fortaleza,2024,9,2416323.8249999993
2310852,03,Grande Fortaleza,2024,9,1432961.4249999998
2312403,03,Grande Fortaleza,2024,9,3227947.134999998
2312601,03,Grande Fortaleza,2024,9,195239.8600000001
2313500,03,Grande Fortaleza,2024,9,3819542.469999999
2301109,04,Litoral Leste,2024,9,1783992.3550000004
2302206,04,Litoral Leste,2024,9,2290099.24
2304459,04,Litoral Leste,2024,9,1705896.7349999994
2305357,04,Litoral Leste,2024,9,856902.5699999994
2306207,04,Litoral Leste,2024,9,417793.5049999999
2307007,04,Litoral Leste,2024,9,1879270.4900000002
2300200,05,Litoral Norte,2024,9,2892187.09
2302057,05,Litoral Norte,2024,9,747001.2949999999
2302305,05,Litoral Norte,2024,9,1115024.4700000002
2302602,05,Litoral Norte,2024,9,1821413.1500000004
2303907,05,Litoral Norte,2024,9,680456.6699999999
2304251,05,Litoral Norte,2024,9,2709547.6049999995
2304707,05,Litoral Norte,2024,9,4400141.809999999
2306553,05,Litoral Norte,2024,9,4119901.5249999985
2307254,05,Litoral Norte,2024,9,1027031.2850000011
2307809,05,Litoral Norte,2024,9,972666.370000001
2307908,05,Litoral Norte,2024,9,545433.76
2308906,05,Litoral Norte,2024,9,834286.6949999998
2300754,06,Litoral Oeste / Vale do Curu,2024,9,2309693.6899999995
2300903,06,Litoral Oeste / Vale do Curu,2024,9,271803.3400000001
2304608,06,Litoral Oeste / Vale do Curu,2024,9,434665.625
2306108,06,Litoral Oeste / Vale do Curu,2024,9,1536973.415
2306306,06,Litoral Oeste / Vale do Curu,2024,9,1087905.08
2306405,06,Litoral Oeste / Vale do Curu,2024,9,14695266.394999996
2308377,06,Litoral Oeste / Vale do Curu,2024,9,444568.1749999998
2310704,06,Litoral Oeste / Vale do Curu,2024,9,2663634.4399999995
2313351,06,Litoral Oeste / Vale do Curu,2024,9,2283637.045
2313559,06,Litoral Oeste / Vale do Curu,2024,9,394762.83499999996
2313757,06,Litoral Oeste / Vale do Curu,2024,9,68050.125
2313807,06,Litoral Oeste / Vale do Curu,2024,9,2121880.545
2300150,07,Maciço do Baturité,2024,9,752290.2000000002
2301208,07,Maciço do Baturité,2024,9,1660244.7200000002
2301406,07,Maciço do Baturité,2024,9,2250365.37
2301950,07,Maciço do Baturité,2024,9,959183.9550000001
2302909,07,Maciço do Baturité,2024,9,28000.0
2305100,07,Maciço do Baturité,2024,9,125117.41500000004
2306504,07,Maciço do Baturité,2024,9,332695.855
2309102,07,Maciço do Baturité,2024,9,667544.25
2309458,07,Maciço do Baturité,2024,9,1058001.395
2309805,07,Maciço do Baturité,2024,9,305578.775
2310100,07,Maciço do Baturité,2024,9,382904.3500000001
2311603,07,Maciço do Baturité,2024,9,589495.5699999994
2303402,08,Serra da Ibiapaba,2024,9,76127.5
2304236,08,Serra da Ibiapaba,2024,9,1206824.71
2305001,08,Serra da Ibiapaba,2024,9,5492528.219999999
2305308,08,Serra da Ibiapaba,2024,9,0.0
2305803,08,Serra da Ibiapaba,2024,9,1457455.6950000003
2312304,08,Serra da Ibiapaba,2024,9,2162294.6799999997
2313401,08,Serra da Ibiapaba,2024,9,2768597.3599999994
2313609,08,Serra da Ibiapaba,2024,9,2803081.5999999996
2314102,08,Serra da Ibiapaba,2024,9,1786608.0949999988
2301851,09,Sertão Central,2024,9,428915.3450000002
2303931,09,Sertão Central,2024,9,0.0
2304269,09,Sertão Central,2024,9,962108.6350000002
2305266,09,Sertão Central,2024,9,312030.1799999997
2305332,09,Sertão Central,2024,9,2699624.9800000004
2308351,09,Sertão Central,2024,9,857423.2800000003
2308500,09,Sertão Central,2024,9,1546927.585000001
2310506,09,Sertão Central,2024,9,5822182.715
2310902,09,Sertão Central,2024,9,1478761.48
2311306,09,Sertão Central,2024,9,3718213.540000001
2311405,09,Sertão Central,2024,9,5410894.685000002
2312700,09,Sertão Central,2024,9,4236191.209999999
2313005,09,Sertão Central,2024,9,1385734.4399999995
2302404,10,Sertão de Canindé,2024,9,6491670.740000002
2302800,10,Sertão de Canindé,2024,9,3030043.790000001
2303006,10,Sertão de Canindé,2024,9,520224.6349999998
2306603,10,Sertão de Canindé,2024,9,2428073.51
2307635,10,Sertão de Canindé,2024,9,1018149.625
2310407,10,Sertão de Canindé,2024,9,1062180.585
2300507,11,Sertão de Sobral,2024,9,304438.3099999998
2304350,11,Sertão de Sobral,2024,9,2916550.129999999
2304509,11,Sertão de Sobral,2024,9,1201096.3200000003
2304657,11,Sertão de Sobral,2024,9,1125470.4900000002
2304905,11,Sertão de Sobral,2024,9,851415.125
2308005,11,Sertão de Sobral,2024,9,2095156.38
2308203,11,Sertão de Sobral,2024,9,261564.5599999996
2309904,11,Sertão de Sobral,2024,9,246447.1200000001
2310951,11,Sertão de Sobral,2024,9,1768094.5249999994
2311702,11,Sertão de Sobral,2024,9,678759.6349999998
2312007,11,Sertão de Sobral,2024,9,709561.065
2312908,11,Sertão de Sobral,2024,9,19611160.485000007
2303659,12,Sertão dos Crateús,2024,9,578363.02
2304103,12,Sertão dos Crateús,2024,9,1657899.5250000004
2305209,12,Sertão dos Crateús,2024,9,505367.5799999996
2305605,12,Sertão dos Crateús,2024,9,1305413.8900000001
2305654,12,Sertão dos Crateús,2024,9,660786.4600000009
2305902,12,Sertão dos Crateús,2024,9,531418.0650000004
2308609,12,Sertão dos Crateús,2024,9,664763.0300000003
2309300,12,Sertão dos Crateús,2024,9,5991228.740000002
2309409,12,Sertão dos Crateús,2024,9,5959738.32
2312205,12,Sertão dos Crateús,2024,9,1750187.2199999997
2313203,12,Sertão dos Crateús,2024,9,1980453.2850000001
2300408,13,Sertão dos Inhamuns,2024,9,706407.5699999998
2313302,13,Sertão dos Inhamuns,2024,9,8825096.29
2300705,14,Vale do Jaguaribe,2024,9,1122629.54
2304277,14,Vale do Jaguaribe,2024,9,321491.3800000001
2306009,14,Vale do Jaguaribe,2024,9,550468.105
2306702,14,Vale do Jaguaribe,2024,9,1120719.83
2306801,14,Vale do Jaguaribe,2024,9,602624.1749999998
2307601,14,Vale do Jaguaribe,2024,9,1500602.2349999999
2308708,14,Vale do Jaguaribe,2024,9,716288.3799999999
2310001,14,Vale do Jaguaribe,2024,9,209251.8300000003
2310803,14,Vale do Jaguaribe,2024,9,6036763.595000001
2311231,14,Vale do Jaguaribe,2024,9,897817.8599999999
2311504,14,Vale do Jaguaribe,2024,9,1435960.1
2311801,14,Vale do Jaguaribe,2024,9,3325398.6500000022
2312502,14,Vale do Jaguaribe,2024,9,718292.4550000001
2313104,14,Vale do Jaguaribe,2024,9,1717856.7700000005
2300101,01,Cariri,2024,10,197422.21999999997
2300606,01,Cariri,2024,10,1510439.1050000004
2300804,01,Cariri,2024,10,96359.17500000005
2301307,01,Cariri,2024,10,393920.28000000026
2301604,01,Cariri,2024,10,2444334.76
2301703,01,Cariri,2024,10,439318.08499999996
2301901,01,Cariri,2024,10,4240452.664999999
2302008,01,Cariri,2024,10,203888.31999999983
2302503,01,Cariri,2024,10,242820.37999999896
2302701,01,Cariri,2024,10,45286.39999999991
2303204,01,Cariri,2024,10,3550995.455
2304202,01,Cariri,2024,10,7018888.344999999
2304301,01,Cariri,2024,10,1244291.9749999996
2304806,01,Cariri,2024,10,1070502.5549999997
2307106,01,Cariri,2024,10,1286368.2149999999
2307205,01,Cariri,2024,10,329740.96499999985
2307304,01,Cariri,2024,10,8454433.310000002
2307502,01,Cariri,2024,10,2635490.62
2308104,01,Cariri,2024,10,1582373.2300000004
2308302,01,Cariri,2024,10,583066.0499999998
2308401,01,Cariri,2024,10,605797.9699999997
2309201,01,Cariri,2024,10,804481.9500000002
2310605,01,Cariri,2024,10,0.0
2311108,01,Cariri,2024,10,1527709.3000000007
2311207,01,Cariri,2024,10,119124.44999999995
2311959,01,Cariri,2024,10,175731.505
2312106,01,Cariri,2024,10,70030.5149999999
2313252,01,Cariri,2024,10,412248.155
2314003,01,Cariri,2024,10,3112834.049999999
2300309,02,Centro Sul,2024,10,726416.085
2301802,02,Centro Sul,2024,10,40447.12000000011
2303600,02,Centro Sul,2024,10,792495.6249999999
2303808,02,Centro Sul,2024,10,656804.9000000001
2305407,02,Centro Sul,2024,10,1653252.5899999999
2305506,02,Centro Sul,2024,10,3085993.514999997
2305704,02,Centro Sul,2024,10,505619.18500000006
2307403,02,Centro Sul,2024,10,854784.4400000004
2311355,02,Centro Sul,2024,10,1548827.1500000004
2311900,02,Centro Sul,2024,10,825607.52
2313708,02,Centro Sul,2024,10,155077.98499999987
2301000,03,Grande Fortaleza,2024,10,6768130.52
2303501,03,Grande Fortaleza,2024,10,701725.0350000001
2303709,03,Grande Fortaleza,2024,10,7299945.68
2303956,03,Grande Fortaleza,2024,10,3070679.5999999996
2304285,03,Grande Fortaleza,2024,10,593058.2349999994
2304400,03,Grande Fortaleza,2024,10,76093221.495
2304954,03,Grande Fortaleza,2024,10,1046426.4799999995
2305233,03,Grande Fortaleza,2024,10,5309185.484999999
2306256,03,Grande Fortaleza,2024,10,2876321.679999999
2307650,03,Grande Fortaleza,2024,10,11986774.950000003
2307700,03,Grande Fortaleza,2024,10,1063419.2799999993
2309607,03,Grande Fortaleza,2024,10,0.0
2309706,03,Grande Fortaleza,2024,10,1788805.9849999994
2310209,03,Grande Fortaleza,2024,10,0.0
2310258,03,Grande Fortaleza,2024,10,2416323.8249999993
2310852,03,Grande Fortaleza,2024,10,1432961.4249999998
2312403,03,Grande Fortaleza,2024,10,3227947.134999998
2312601,03,Grande Fortaleza,2024,10,195239.8600000001
2313500,03,Grande Fortaleza,2024,10,3819542.469999999
2301109,04,Litoral Leste,2024,10,1783992.3550000004
2302206,04,Litoral Leste,2024,10,2290099.24
2304459,04,Litoral Leste,2024,10,1705896.7349999994
2305357,04,Litoral Leste,2024,10,856902.5699999994
2306207,04,Litoral Leste,2024,10,417793.5049999999
2307007,04,Litoral Leste,2024,10,1879270.4900000002
2300200,05,Litoral Norte,2024,10,2892187.09
2302057,05,Litoral Norte,2024,10,747001.2949999999
2302305,05,Litoral Norte,2024,10,1115024.4700000002
2302602,05,Litoral Norte,2024,10,1821413.1500000004
2303907,05,Litoral Norte,2024,10,680456.6699999999
2304251,05,Litoral Norte,2024,10,2709547.6049999995
2304707,05,Litoral Norte,2024,10,4400141.809999999
2306553,05,Litoral Norte,2024,10,4119901.5249999985
2307254,05,Litoral Norte,2024,10,1027031.2850000011
2307809,05,Litoral Norte,2024,10,972666.370000001
2307908,05,Litoral Norte,2024,10,545433.76
2308906,05,Litoral Norte,2024,10,834286.6949999998
2300754,06,Litoral Oeste / Vale do Curu,2024,10,2309693.6899999995
2300903,06,Litoral Oeste / Vale do Curu,2024,10,271803.3400000001
2304608,06,Litoral Oeste / Vale do Curu,2024,10,434665.625
2306108,06,Litoral Oeste / Vale do Curu,2024,10,1536973.415
2306306,06,Litoral Oeste / Vale do Curu,2024,10,1087905.08
2306405,06,Litoral Oeste / Vale do Curu,2024,10,14695266.394999996
2308377,06,Litoral Oeste / Vale do Curu,2024,10,444568.1749999998
2310704,06,Litoral Oeste / Vale do Curu,2024,10,2663634.4399999995
2313351,06,Litoral Oeste / Vale do Curu,2024,10,2283637.045
2313559,06,Litoral Oeste / Vale do Curu,2024,10,394762.83499999996
2313757,06,Litoral Oeste / Vale do Curu,2024,10,68050.125
2313807,06,Litoral Oeste / Vale do Curu,2024,10,2121880.545
2300150,07,Maciço do Baturité,2024,10,752290.2000000002
2301208,07,Maciço do Baturité,2024,10,1660244.7200000002
2301406,07,Maciço do Baturité,2024,10,2250365.37
2301950,07,Maciço do Baturité,2024,10,959183.9550000001
2302909,07,Maciço do Baturité,2024,10,28000.0
2305100,07,Maciço do Baturité,2024,10,125117.41500000004
2306504,07,Maciço do Baturité,2024,10,332695.855
2309102,07,Maciço do Baturité,2024,10,667544.25
2309458,07,Maciço do Baturité,2024,10,1058001.395
2309805,07,Maciço do Baturité,2024,10,305578.775
2310100,07,Maciço do Baturité,2024,10,382904.3500000001
2311603,07,Maciço do Baturité,2024,10,589495.5699999994
2303402,08,Serra da Ibiapaba,2024,10,76127.5
2304236,08,Serra da Ibiapaba,2024,10,1206824.71
2305001,08,Serra da Ibiapaba,2024,10,5492528.219999999
2305308,08,Serra da Ibiapaba,2024,10,0.0
2305803,08,Serra da Ibiapaba,2024,10,1457455.6950000003
2312304,08,Serra da Ibiapaba,2024,10,2162294.6799999997
2313401,08,Serra da Ibiapaba,2024,10,2768597.3599999994
2313609,08,Serra da Ibiapaba,2024,10,2803081.5999999996
2314102,08,Serra da Ibiapaba,2024,10,1786608.0949999988
2301851,09,Sertão Central,2024,10,428915.3450000002
2303931,09,Sertão Central,2024,10,0.0
2304269,09,Sertão Central,2024,10,962108.6350000002
2305266,09,Sertão Central,2024,10,312030.1799999997
2305332,09,Sertão Central,2024,10,2699624.9800000004
2308351,09,Sertão Central,2024,10,857423.2800000003
2308500,09,Sertão Central,2024,10,1546927.585000001
2310506,09,Sertão Central,2024,10,5822182.715
2310902,09,Sertão Central,2024,10,1478761.48
2311306,09,Sertão Central,2024,10,3718213.540000001
2311405,09,Sertão Central,2024,10,5410894.685000002
2312700,09,Sertão Central,2024,10,4236191.209999999
2313005,09,Sertão Central,2024,10,1385734.4399999995
2302404,10,Sertão de Canindé,2024,10,6491670.740000002
2302800,10,Sertão de Canindé,2024,10,3030043.790000001
2303006,10,Sertão de Canindé,2024,10,520224.6349999998
2306603,10,Sertão de Canindé,2024,10,2428073.51
2307635,10,Sertão de Canindé,2024,10,1018149.625
2310407,10,Sertão de Canindé,2024,10,1062180.585
2300507,11,Sertão de Sobral,2024,10,304438.3099999998
2304350,11,Sertão de Sobral,2024,10,2916550.129999999
2304509,11,Sertão de Sobral,2024,10,1201096.3200000003
2304657,11,Sertão de Sobral,2024,10,1125470.4900000002
2304905,11,Sertão de Sobral,2024,10,851415.125
2308005,11,Sertão de Sobral,2024,10,2095156.38
2308203,11,Sertão de Sobral,2024,10,261564.5599999996
2309904,11,Sertão de Sobral,2024,10,246447.1200000001
2310951,11,Sertão de Sobral,2024,10,1768094.5249999994
2311702,11,Sertão de Sobral,2024,10,678759.6349999998
2312007,11,Sertão de Sobral,2024,10,709561.065
2312908,11,Sertão de Sobral,2024,10,19611160.485000007
2303659,12,Sertão dos Crateús,2024,10,578363.02
2304103,12,Sertão dos Crateús,2024,10,1657899.5250000004
2305209,12,Sertão dos Crateús,2024,10,505367.5799999996
2305605,12,Sertão dos Crateús,2024,10,1305413.8900000001
2305654,12,Sertão dos Crateús,2024,10,660786.4600000009
2305902,12,Sertão dos Crateús,2024,10,531418.0650000004
2308609,12,Sertão dos Crateús,2024,10,664763.0300000003
2309300,12,Sertão dos Crateús,2024,10,5991228.740000002
2309409,12,Sertão dos Crateús,2024,10,5959738.32
2312205,12,Sertão dos Crateús,2024,10,1750187.2199999997
2313203,12,Sertão dos Crateús,2024,10,1980453.2850000001
2300408,13,Sertão dos Inhamuns,2024,10,706407.5699999998
2313302,13,Sertão dos Inhamuns,2024,10,8825096.29
2300705,14,Vale do Jaguaribe,2024,10,1122629.54
2304277,14,Vale do Jaguaribe,2024,10,321491.3800000001
2306009,14,Vale do Jaguaribe,2024,10,550468.105
2306702,14,Vale do Jaguaribe,2024,10,1120719.83
2306801,14,Vale do Jaguaribe,2024,10,602624.1749999998
2307601,14,Vale do Jaguaribe,2024,10,1500602.2349999999
2308708,14,Vale do Jaguaribe,2024,10,716288.3799999999
2310001,14,Vale do Jaguaribe,2024,10,209251.8300000003
2310803,14,Vale do Jaguaribe,2024,10,6036763.595000001
2311231,14,Vale do Jaguaribe,2024,10,897817.8599999999
2311504,14,Vale do Jaguaribe,2024,10,1435960.1
2311801,14,Vale do Jaguaribe,2024,10,3325398.6500000022
2312502,14,Vale do Jaguaribe,2024,10,718292.4550000001
2313104,14,Vale do Jaguaribe,2024,10,1717856.7700000005
2300101,01,Cariri,2024,11,236699.615
2300606,01,Cariri,2024,11,940090.3099999996
2300804,01,Cariri,2024,11,320207.59999999986
2301307,01,Cariri,2024,11,478265.2049999996
2301604,01,Cariri,2024,11,4597439.215
2301703,01,Cariri,2024,11,676240.8699999999
2301901,01,Cariri,2024,11,4396643.635000002
2302008,01,Cariri,2024,11,966646.8250000002
2302503,01,Cariri,2024,11,37041129.93
2302701,01,Cariri,2024,11,822178.0100000002
2303204,01,Cariri,2024,11,2839782.99
2304202,01,Cariri,2024,11,3737474.655000001
2304301,01,Cariri,2024,11,1362113.9699999997
2304806,01,Cariri,2024,11,509312.6400000006
2307106,01,Cariri,2024,11,893893.5549999997
2307205,01,Cariri,2024,11,573928.8500000001
2307304,01,Cariri,2024,11,1165985.0899999961
2307502,01,Cariri,2024,11,1103345.0099999998
2308104,01,Cariri,2024,11,2953868.425
2308302,01,Cariri,2024,11,800372.5700000003
2308401,01,Cariri,2024,11,902384.5099999998
2309201,01,Cariri,2024,11,223783.7450000001
2310605,01,Cariri,2024,11,144656.53000000003
2311108,01,Cariri,2024,11,2015515.8250000002
2311207,01,Cariri,2024,11,161191.63000000012
2311959,01,Cariri,2024,11,323712.56500000006
2312106,01,Cariri,2024,11,0.0
2313252,01,Cariri,2024,11,0.0
2314003,01,Cariri,2024,11,2698288.255000001
2300309,02,Centro Sul,2024,11,612491.5350000001
2301802,02,Centro Sul,2024,11,121998.98999999999
2303600,02,Centro Sul,2024,11,9742.5
2303808,02,Centro Sul,2024,11,1142970.685
2305407,02,Centro Sul,2024,11,1840230.3800000008
2305506,02,Centro Sul,2024,11,2658071.7200000025
2305704,02,Centro Sul,2024,11,739804.26
2307403,02,Centro Sul,2024,11,0.0
2311355,02,Centro Sul,2024,11,1904293.8699999992
2311900,02,Centro Sul,2024,11,1288420.025
2313708,02,Centro Sul,2024,11,672156.835
2301000,03,Grande Fortaleza,2024,11,3923115.980000004
2303501,03,Grande Fortaleza,2024,11,1133891.539999999
2303709,03,Grande Fortaleza,2024,11,11362568.509999998
2303956,03,Grande Fortaleza,2024,11,1950523.5
2304285,03,Grande Fortaleza,2024,11,0.0
2304400,03,Grande Fortaleza,2024,11,88585851.30999994
2304954,03,Grande Fortaleza,2024,11,733281.1100000013
2305233,03,Grande Fortaleza,2024,11,0.0
2306256,03,Grande Fortaleza,2024,11,2694610.3200000003
2307650,03,Grande Fortaleza,2024,11,10107401.980000004
2307700,03,Grande Fortaleza,2024,11,0.0
2309607,03,Grande Fortaleza,2024,11,0.0
2309706,03,Grande Fortaleza,2024,11,0.0
2310209,03,Grande Fortaleza,2024,11,974971.4649999999
2310258,03,Grande Fortaleza,2024,11,3173747.3900000006
2310852,03,Grande Fortaleza,2024,11,1214644.6100000003
2312403,03,Grande Fortaleza,2024,11,5888084.730000004
2312601,03,Grande Fortaleza,2024,11,484027.08999999985
2313500,03,Grande Fortaleza,2024,11,915670.8950000014
2301109,04,Litoral Leste,2024,11,3755369.329999998
2302206,04,Litoral Leste,2024,11,1184480.0249999985
2304459,04,Litoral Leste,2024,11,1043353.8450000007
2305357,04,Litoral Leste,2024,11,1835577.2750000004
2306207,04,Litoral Leste,2024,11,458095.68500000006
2307007,04,Litoral Leste,2024,11,943837.8599999994
2300200,05,Litoral Norte,2024,11,3362732.5150000006
2302057,05,Litoral Norte,2024,11,36050.29500000039
2302305,05,Litoral Norte,2024,11,2715535.1550000003
2302602,05,Litoral Norte,2024,11,532330.7400000002
2303907,05,Litoral Norte,2024,11,996230.435
2304251,05,Litoral Norte,2024,11,6573053.4
2304707,05,Litoral Norte,2024,11,3164668.4499999993
2306553,05,Litoral Norte,2024,11,2393275.6850000024
2307254,05,Litoral Norte,2024,11,2011912.5
2307809,05,Litoral Norte,2024,11,1511827.0
2307908,05,Litoral Norte,2024,11,664825.4899999998
2308906,05,Litoral Norte,2024,11,923767.5449999999
2300754,06,Litoral Oeste / Vale do Curu,2024,11,1406219.9900000002
2300903,06,Litoral Oeste / Vale do Curu,2024,11,470532.35999999987
2304608,06,Litoral Oeste / Vale do Curu,2024,11,1019059.8200000003
2306108,06,Litoral Oeste / Vale do Curu,2024,11,3264603.2799999993
2306306,06,Litoral Oeste / Vale do Curu,2024,11,701281.7699999996
2306405,06,Litoral Oeste / Vale do Curu,2024,11,6808259.969999999
2308377,06,Litoral Oeste / Vale do Curu,2024,11,352081.7200000002
2310704,06,Litoral Oeste / Vale do Curu,2024,11,1210660.960000001
2313351,06,Litoral Oeste / Vale do Curu,2024,11,2542329.960000001
2313559,06,Litoral Oeste / Vale do Curu,2024,11,999183.6349999998
2313757,06,Litoral Oeste / Vale do Curu,2024,11,0.0
2313807,06,Litoral Oeste / Vale do Curu,2024,11,1233896.2399999993
2300150,07,Maciço do Baturité,2024,11,1299688.75
2301208,07,Maciço do Baturité,2024,11,239759.34999999963
2301406,07,Maciço do Baturité,2024,11,492142.71499999985
2301950,07,Maciço do Baturité,2024,11,404266.7949999999
2302909,07,Maciço do Baturité,2024,11,0.0
2305100,07,Maciço do Baturité,2024,11,716328.3950000003
2306504,07,Maciço do Baturité,2024,11,0.0
2309102,07,Maciço do Baturité,2024,11,556541.25
2309458,07,Maciço do Baturité,2024,11,471198.0500000003
2309805,07,Maciço do Baturité,2024,11,115930.15500000003
2310100,07,Maciço do Baturité,2024,11,802278.4699999997
2311603,07,Maciço do Baturité,2024,11,485361.7750000004
2303402,08,Serra da Ibiapaba,2024,11,0.0
2304236,08,Serra da Ibiapaba,2024,11,3665313.034999999
2305001,08,Serra da Ibiapaba,2024,11,0.0
2305308,08,Serra da Ibiapaba,2024,11,0.0
2305803,08,Serra da Ibiapaba,2024,11,7581875.8100000005
2312304,08,Serra da Ibiapaba,2024,11,845413.9399999995
2313401,08,Serra da Ibiapaba,2024,11,950036.7950000018
2313609,08,Serra da Ibiapaba,2024,11,811484.0600000005
2314102,08,Serra da Ibiapaba,2024,11,0.0
2301851,09,Sertão Central,2024,11,638901.56
2303931,09,Sertão Central,2024,11,54274.19499999983
2304269,09,Sertão Central,2024,11,654642.4349999996
2305266,09,Sertão Central,2024,11,261436.71499999985
2305332,09,Sertão Central,2024,11,2494820.494999999
2308351,09,Sertão Central,2024,11,883376.6599999992
2308500,09,Sertão Central,2024,11,1578226.4949999992
2310506,09,Sertão Central,2024,11,0.0
2310902,09,Sertão Central,2024,11,954119.1900000004
2311306,09,Sertão Central,2024,11,2935036.83
2311405,09,Sertão Central,2024,11,0.0
2312700,09,Sertão Central,2024,11,4075756.215
2313005,09,Sertão Central,2024,11,2979353.7749999994
2302404,10,Sertão de Canindé,2024,11,4713096.285
2302800,10,Sertão de Canindé,2024,11,2434657.7649999987
2303006,10,Sertão de Canindé,2024,11,447317.83499999996
2306603,10,Sertão de Canindé,2024,11,1766659.3949999996
2307635,10,Sertão de Canindé,2024,11,1110733.995
2310407,10,Sertão de Canindé,2024,11,753252.915
2300507,11,Sertão de Sobral,2024,11,301951.76000000024
2304350,11,Sertão de Sobral,2024,11,0.0
2304509,11,Sertão de Sobral,2024,11,0.0
2304657,11,Sertão de Sobral,2024,11,1083663.5600000005
2304905,11,Sertão de Sobral,2024,11,1807613.9450000003
2308005,11,Sertão de Sobral,2024,11,2242577.6950000003
2308203,11,Sertão de Sobral,2024,11,88370.57500000019
2309904,11,Sertão de Sobral,2024,11,966655.0850000002
2310951,11,Sertão de Sobral,2024,11,1342360.5
2311702,11,Sertão de Sobral,2024,11,2104129.705
2312007,11,Sertão de Sobral,2024,11,1798309.855
2312908,11,Sertão de Sobral,2024,11,13679827.309999987
2313955,11,Sertão de Sobral,2024,11,85628.18
2303659,12,Sertão dos Crateús,2024,11,943020.6599999999
2304103,12,Sertão dos Crateús,2024,11,3211349.959999999
2305209,12,Sertão dos Crateús,2024,11,378039.6450000005
2305605,12,Sertão dos Crateús,2024,11,492747.14999999944
2305654,12,Sertão dos Crateús,2024,11,689657.7799999993
2305902,12,Sertão dos Crateús,2024,11,782725.4549999991
2308609,12,Sertão dos Crateús,2024,11,1716774.58
2309300,12,Sertão dos Crateús,2024,11,3196062.844999999
2309409,12,Sertão dos Crateús,2024,11,3714044.110000003
2312205,12,Sertão dos Crateús,2024,11,289527.51999999955
2313203,12,Sertão dos Crateús,2024,11,1510508.8849999998
2300408,13,Sertão dos Inhamuns,2024,11,572264.375
2313302,13,Sertão dos Inhamuns,2024,11,0.0
2300705,14,Vale do Jaguaribe,2024,11,1062694.4000000004
2304277,14,Vale do Jaguaribe,2024,11,389089.8249999997
2306009,14,Vale do Jaguaribe,2024,11,336144.73
2306702,14,Vale do Jaguaribe,2024,11,1837963.5700000012
2306801,14,Vale do Jaguaribe,2024,11,942145.085
2306900,14,Vale do Jaguaribe,2024,11,459356.575
2307601,14,Vale do Jaguaribe,2024,11,378173.76000000024
2308708,14,Vale do Jaguaribe,2024,11,1577636.9050000003
2310001,14,Vale do Jaguaribe,2024,11,201826.3999999999
2310803,14,Vale do Jaguaribe,2024,11,4809984.640000001
2311231,14,Vale do Jaguaribe,2024,11,516447.6699999999
2311504,14,Vale do Jaguaribe,2024,11,2649357.090000001
2311801,14,Vale do Jaguaribe,2024,11,4127142.5700000003
2312502,14,Vale do Jaguaribe,2024,11,580864.2250000001
2313104,14,Vale do Jaguaribe,2024,11,990360.3149999995
2300101,01,Cariri,2024,12,236699.615
2300606,01,Cariri,2024,12,940090.3099999996
2300804,01,Cariri,2024,12,320207.59999999986
2301307,01,Cariri,2024,12,478265.2049999996
2301604,01,Cariri,2024,12,4597439.215
2301703,01,Cariri,2024,12,676240.8699999999
2301901,01,Cariri,2024,12,4396643.635000002
2302008,01,Cariri,2024,12,966646.8250000002
2302503,01,Cariri,2024,12,37041129.93
2302701,01,Cariri,2024,12,822178.0100000002
2303204,01,Cariri,2024,12,2839782.99
2304202,01,Cariri,2024,12,3737474.655000001
2304301,01,Cariri,2024,12,1362113.9699999997
2304806,01,Cariri,2024,12,509312.6400000006
2307106,01,Cariri,2024,12,893893.5549999997
2307205,01,Cariri,2024,12,573928.8500000001
2307304,01,Cariri,2024,12,1165985.0899999961
2307502,01,Cariri,2024,12,1103345.0099999998
2308104,01,Cariri,2024,12,2953868.425
2308302,01,Cariri,2024,12,800372.5700000003
2308401,01,Cariri,2024,12,902384.5099999998
2309201,01,Cariri,2024,12,223783.7450000001
2310605,01,Cariri,2024,12,144656.53000000003
2311108,01,Cariri,2024,12,2015515.8250000002
2311207,01,Cariri,2024,12,161191.63000000012
2311959,01,Cariri,2024,12,323712.56500000006
2312106,01,Cariri,2024,12,0.0
2313252,01,Cariri,2024,12,0.0
2314003,01,Cariri,2024,12,2698288.255000001
2300309,02,Centro Sul,2024,12,612491.5350000001
2301802,02,Centro Sul,2024,12,121998.98999999999
2303600,02,Centro Sul,2024,12,9742.5
2303808,02,Centro Sul,2024,12,1142970.685
2305407,02,Centro Sul,2024,12,1840230.3800000008
2305506,02,Centro Sul,2024,12,2658071.7200000025
2305704,02,Centro Sul,2024,12,739804.26
2307403,02,Centro Sul,2024,12,0.0
2311355,02,Centro Sul,2024,12,1904293.8699999992
2311900,02,Centro Sul,2024,12,1288420.025
2313708,02,Centro Sul,2024,12,672156.835
2301000,03,Grande Fortaleza,2024,12,3923115.980000004
2303501,03,Grande Fortaleza,2024,12,1133891.539999999
2303709,03,Grande Fortaleza,2024,12,11362568.509999998
2303956,03,Grande Fortaleza,2024,12,1950523.5
2304285,03,Grande Fortaleza,2024,12,0.0
2304400,03,Grande Fortaleza,2024,12,88585851.30999994
2304954,03,Grande Fortaleza,2024,12,733281.1100000013
2305233,03,Grande Fortaleza,2024,12,0.0
2306256,03,Grande Fortaleza,2024,12,2694610.3200000003
2307650,03,Grande Fortaleza,2024,12,10107401.980000004
2307700,03,Grande Fortaleza,2024,12,0.0
2309607,03,Grande Fortaleza,2024,12,0.0
2309706,03,Grande Fortaleza,2024,12,0.0
2310209,03,Grande Fortaleza,2024,12,974971.4649999999
2310258,03,Grande Fortaleza,2024,12,3173747.3900000006
2310852,03,Grande Fortaleza,2024,12,1214644.6100000003
2312403,03,Grande Fortaleza,2024,12,5888084.730000004
2312601,03,Grande Fortaleza,2024,12,484027.08999999985
2313500,03,Grande Fortaleza,2024,12,915670.8950000014
2301109,04,Litoral Leste,2024,12,3755369.329999998
2302206,04,Litoral Leste,2024,12,1184480.0249999985
2304459,04,Litoral Leste,2024,12,1043353.8450000007
2305357,04,Litoral Leste,2024,12,1835577.2750000004
2306207,04,Litoral Leste,2024,12,458095.68500000006
2307007,04,Litoral Leste,2024,12,943837.8599999994
2300200,05,Litoral Norte,2024,12,3362732.5150000006
2302057,05,Litoral Norte,2024,12,36050.29500000039
2302305,05,Litoral Norte,2024,12,2715535.1550000003
2302602,05,Litoral Norte,2024,12,532330.7400000002
2303907,05,Litoral Norte,2024,12,996230.435
2304251,05,Litoral Norte,2024,12,6573053.4
2304707,05,Litoral Norte,2024,12,3164668.4499999993
2306553,05,Litoral Norte,2024,12,2393275.6850000024
2307254,05,Litoral Norte,2024,12,2011912.5
2307809,05,Litoral Norte,2024,12,1511827.0
2307908,05,Litoral Norte,2024,12,664825.4899999998
2308906,05,Litoral Norte,2024,12,923767.5449999999
2300754,06,Litoral Oeste / Vale do Curu,2024,12,1406219.9900000002
2300903,06,Litoral Oeste / Vale do Curu,2024,12,470532.35999999987
2304608,06,Litoral Oeste / Vale do Curu,2024,12,1019059.8200000003
2306108,06,Litoral Oeste / Vale do Curu,2024,12,3264603.2799999993
2306306,06,Litoral Oeste / Vale do Curu,2024,12,701281.7699999996
2306405,06,Litoral Oeste / Vale do Curu,2024,12,6808259.969999999
2308377,06,Litoral Oeste / Vale do Curu,2024,12,352081.7200000002
2310704,06,Litoral Oeste / Vale do Curu,2024,12,1210660.960000001
2313351,06,Litoral Oeste / Vale do Curu,2024,12,2542329.960000001
2313559,06,Litoral Oeste / Vale do Curu,2024,12,999183.6349999998
2313757,06,Litoral Oeste / Vale do Curu,2024,12,0.0
2313807,06,Litoral Oeste / Vale do Curu,2024,12,1233896.2399999993
2300150,07,Maciço do Baturité,2024,12,1299688.75
2301208,07,Maciço do Baturité,2024,12,239759.34999999963
2301406,07,Maciço do Baturité,2024,12,492142.71499999985
2301950,07,Maciço do Baturité,2024,12,404266.7949999999
2302909,07,Maciço do Baturité,2024,12,0.0
2305100,07,Maciço do Baturité,2024,12,716328.3950000003
2306504,07,Maciço do Baturité,2024,12,0.0
2309102,07,Maciço do Baturité,2024,12,556541.25
2309458,07,Maciço do Baturité,2024,12,471198.0500000003
2309805,07,Maciço do Baturité,2024,12,115930.15500000003
2310100,07,Maciço do Baturité,2024,12,802278.4699999997
2311603,07,Maciço do Baturité,2024,12,485361.7750000004
2303402,08,Serra da Ibiapaba,2024,12,0.0
2304236,08,Serra da Ibiapaba,2024,12,3665313.034999999
2305001,08,Serra da Ibiapaba,2024,12,0.0
2305308,08,Serra da Ibiapaba,2024,12,0.0
2305803,08,Serra da Ibiapaba,2024,12,7581875.8100000005
2312304,08,Serra da Ibiapaba,2024,12,845413.9399999995
2313401,08,Serra da Ibiapaba,2024,12,950036.7950000018
2313609,08,Serra da Ibiapaba,2024,12,811484.0600000005
2314102,08,Serra da Ibiapaba,2024,12,0.0
2301851,09,Sertão Central,2024,12,638901.56
2303931,09,Sertão Central,2024,12,54274.19499999983
2304269,09,Sertão Central,2024,12,654642.4349999996
2305266,09,Sertão Central,2024,12,261436.71499999985
2305332,09,Sertão Central,2024,12,2494820.494999999
2308351,09,Sertão Central,2024,12,883376.6599999992
2308500,09,Sertão Central,2024,12,1578226.4949999992
2310506,09,Sertão Central,2024,12,0.0
2310902,09,Sertão Central,2024,12,954119.1900000004
2311306,09,Sertão Central,2024,12,2935036.83
2311405,09,Sertão Central,2024,12,0.0
2312700,09,Sertão Central,2024,12,4075756.215
2313005,09,Sertão Central,2024,12,2979353.7749999994
2302404,10,Sertão de Canindé,2024,12,4713096.285
2302800,10,Sertão de Canindé,2024,12,2434657.7649999987
2303006,10,Sertão de Canindé,2024,12,447317.83499999996
2306603,10,Sertão de Canindé,2024,12,1766659.3949999996
2307635,10,Sertão de Canindé,2024,12,1110733.995
2310407,10,Sertão de Canindé,2024,12,753252.915
2300507,11,Sertão de Sobral,2024,12,301951.76000000024
2304350,11,Sertão de Sobral,2024,12,0.0
2304509,11,Sertão de Sobral,2024,12,0.0
2304657,11,Sertão de Sobral,2024,12,1083663.5600000005
2304905,11,Sertão de Sobral,2024,12,1807613.9450000003
2308005,11,Sertão de Sobral,2024,12,2242577.6950000003
2308203,11,Sertão de Sobral,2024,12,88370.57500000019
2309904,11,Sertão de Sobral,2024,12,966655.0850000002
2310951,11,Sertão de Sobral,2024,12,1342360.5
2311702,11,Sertão de Sobral,2024,12,2104129.705
2312007,11,Sertão de Sobral,2024,12,1798309.855
2312908,11,Sertão de Sobral,2024,12,13679827.309999987
2313955,11,Sertão de Sobral,2024,12,85628.18
2303659,12,Sertão dos Crateús,2024,12,943020.6599999999
2304103,12,Sertão dos Crateús,2024,12,3211349.959999999
2305209,12,Sertão dos Crateús,2024,12,378039.6450000005
2305605,12,Sertão dos Crateús,2024,12,492747.14999999944
2305654,12,Sertão dos Crateús,2024,12,689657.7799999993
2305902,12,Sertão dos Crateús,2024,12,782725.4549999991
2308609,12,Sertão dos Crateús,2024,12,1716774.58
2309300,12,Sertão dos Crateús,2024,12,3196062.844999999
2309409,12,Sertão dos Crateús,2024,12,3714044.110000003
2312205,12,Sertão dos Crateús,2024,12,289527.51999999955
2313203,12,Sertão dos Crateús,2024,12,1510508.8849999998
2300408,13,Sertão dos Inhamuns,2024,12,572264.375
2313302,13,Sertão dos Inhamuns,2024,12,0.0
2300705,14,Vale do Jaguaribe,2024,12,1062694.4000000004
2304277,14,Vale do Jaguaribe,2024,12,389089.8249999997
2306009,14,Vale do Jaguaribe,2024,12,336144.73
2306702,14,Vale do Jaguaribe,2024,12,1837963.5700000012
2306801,14,Vale do Jaguaribe,2024,12,942145.085
2306900,14,Vale do Jaguaribe,2024,12,459356.575
2307601,14,Vale do Jaguaribe,2024,12,378173.76000000024
2308708,14,Vale do Jaguaribe,2024,12,1577636.9050000003
2310001,14,Vale do Jaguaribe,2024,12,201826.3999999999
2310803,14,Vale do Jaguaribe,2024,12,4809984.640000001
2311231,14,Vale do Jaguaribe,2024,12,516447.6699999999
2311504,14,Vale do Jaguaribe,2024,12,2649357.090000001
2311801,14,Vale do Jaguaribe,2024,12,4127142.5700000003
2312502,14,Vale do Jaguaribe,2024,12,580864.2250000001
2313104,14,Vale do Jaguaribe,2024,12,990360.3149999995
2300101,01,Cariri,2025,1,4724.95
2300606,01,Cariri,2025,1,159212.05
2300804,01,Cariri,2025,1,318242.74
2301604,01,Cariri,2025,1,7361346.79
2301901,01,Cariri,2025,1,2931987.2649999997
2302008,01,Cariri,2025,1,306422.295
2302503,01,Cariri,2025,1,3076897.555
2303204,01,Cariri,2025,1,945671.31
2304202,01,Cariri,2025,1,2942954.43
2304301,01,Cariri,2025,1,793347.49
2304806,01,Cariri,2025,1,640767.51
2307106,01,Cariri,2025,1,1050591.09
2307205,01,Cariri,2025,1,563859.5
2307304,01,Cariri,2025,1,3280776.895
2307502,01,Cariri,2025,1,687326.2150000001
2308104,01,Cariri,2025,1,1557927.4
2308302,01,Cariri,2025,1,1328820.98
2308401,01,Cariri,2025,1,695387.64
2309201,01,Cariri,2025,1,266710.88
2310605,01,Cariri,2025,1,525214.38
2311108,01,Cariri,2025,1,1011296.06
2311207,01,Cariri,2025,1,131204.28
2311959,01,Cariri,2025,1,1400.0
2313252,01,Cariri,2025,1,3429.0
2314003,01,Cariri,2025,1,2720159.315
2300309,02,Centro Sul,2025,1,84690.17
2301802,02,Centro Sul,2025,1,337191.09
2303600,02,Centro Sul,2025,1,418244.16
2303808,02,Centro Sul,2025,1,294231.0
2305407,02,Centro Sul,2025,1,735821.99
2305506,02,Centro Sul,2025,1,3680018.195
2305704,02,Centro Sul,2025,1,244505.715
2307403,02,Centro Sul,2025,1,992108.4400000001
2311355,02,Centro Sul,2025,1,2716528.955
2311900,02,Centro Sul,2025,1,40629.3
2313708,02,Centro Sul,2025,1,353286.045
2301000,03,Grande Fortaleza,2025,1,7023640.345
2303501,03,Grande Fortaleza,2025,1,69880.685
2303709,03,Grande Fortaleza,2025,1,1148899.61
2303956,03,Grande Fortaleza,2025,1,1126622.645
2304285,03,Grande Fortaleza,2025,1,2493221.845
2304400,03,Grande Fortaleza,2025,1,3628988.875
2304954,03,Grande Fortaleza,2025,1,1735287.0
2305233,03,Grande Fortaleza,2025,1,13257336.92
2306256,03,Grande Fortaleza,2025,1,2605617.075
2307650,03,Grande Fortaleza,2025,1,11809160.735
2307700,03,Grande Fortaleza,2025,1,891533.45
2309607,03,Grande Fortaleza,2025,1,1963068.22
2309706,03,Grande Fortaleza,2025,1,286600.465
2310209,03,Grande Fortaleza,2025,1,448621.53
2310258,03,Grande Fortaleza,2025,1,491418.96
2310852,03,Grande Fortaleza,2025,1,1661422.79
2312403,03,Grande Fortaleza,2025,1,4553845.465
2312601,03,Grande Fortaleza,2025,1,44727.475
2313500,03,Grande Fortaleza,2025,1,2224812.645
2301109,04,Litoral Leste,2025,1,1616541.685
2302206,04,Litoral Leste,2025,1,1274170.775
2304459,04,Litoral Leste,2025,1,4710285.25
2305357,04,Litoral Leste,2025,1,37013.45
2306207,04,Litoral Leste,2025,1,36021.535
2307007,04,Litoral Leste,2025,1,948963.41
2300200,05,Litoral Norte,2025,1,900992.605
2302057,05,Litoral Norte,2025,1,573280.01
2302305,05,Litoral Norte,2025,1,2062671.89
2302602,05,Litoral Norte,2025,1,1726019.725
2303907,05,Litoral Norte,2025,1,357107.62
2304251,05,Litoral Norte,2025,1,1199519.275
2304707,05,Litoral Norte,2025,1,3368902.73
2306553,05,Litoral Norte,2025,1,956120.89
2307809,05,Litoral Norte,2025,1,603822.69
2307908,05,Litoral Norte,2025,1,353459.64
2308906,05,Litoral Norte,2025,1,159898.055
2300754,06,Litoral Oeste / Vale do Curu,2025,1,3362429.955
2300903,06,Litoral Oeste / Vale do Curu,2025,1,3735.7
2304608,06,Litoral Oeste / Vale do Curu,2025,1,523109.855
2306108,06,Litoral Oeste / Vale do Curu,2025,1,893734.205
2306306,06,Litoral Oeste / Vale do Curu,2025,1,447167.36
2306405,06,Litoral Oeste / Vale do Curu,2025,1,11947717.505
2308377,06,Litoral Oeste / Vale do Curu,2025,1,247341.19
2313351,06,Litoral Oeste / Vale do Curu,2025,1,2275058.285
2313757,06,Litoral Oeste / Vale do Curu,2025,1,39479.0
2313807,06,Litoral Oeste / Vale do Curu,2025,1,2160827.845
2300150,07,Maciço do Baturité,2025,1,794146.155
2301208,07,Maciço do Baturité,2025,1,799125.16
2301406,07,Maciço do Baturité,2025,1,533057.14
2301950,07,Maciço do Baturité,2025,1,198916.865
2306504,07,Maciço do Baturité,2025,1,65969.81
2309102,07,Maciço do Baturité,2025,1,1031736.14
2309458,07,Maciço do Baturité,2025,1,36264.64
2309805,07,Maciço do Baturité,2025,1,333390.745
2310100,07,Maciço do Baturité,2025,1,4115.0
2311603,07,Maciço do Baturité,2025,1,348672.74
2303402,08,Serra da Ibiapaba,2025,1,4066246.575
2304236,08,Serra da Ibiapaba,2025,1,722955.265
2305001,08,Serra da Ibiapaba,2025,1,517931.575
2305308,08,Serra da Ibiapaba,2025,1,1268548.39
2305803,08,Serra da Ibiapaba,2025,1,386530.705
2312304,08,Serra da Ibiapaba,2025,1,4464296.145
2313401,08,Serra da Ibiapaba,2025,1,1762626.155
2313609,08,Serra da Ibiapaba,2025,1,96935.25
2314102,08,Serra da Ibiapaba,2025,1,1955968.015
2301851,09,Sertão Central,2025,1,99602.63
2303931,09,Sertão Central,2025,1,1299794.625
2304269,09,Sertão Central,2025,1,475556.15
2305266,09,Sertão Central,2025,1,118928.8
2305332,09,Sertão Central,2025,1,2655547.76
2308351,09,Sertão Central,2025,1,1150698.18
2308500,09,Sertão Central,2025,1,878891.72
2310506,09,Sertão Central,2025,1,1528364.555
2310902,09,Sertão Central,2025,1,242465.85
2311306,09,Sertão Central,2025,1,1924813.35
2311405,09,Sertão Central,2025,1,10896567.71
2312700,09,Sertão Central,2025,1,1827382.195
2313005,09,Sertão Central,2025,1,1276649.8
2302404,10,Sertão de Canindé,2025,1,6079077.14
2302800,10,Sertão de Canindé,2025,1,736326.465
2303006,10,Sertão de Canindé,2025,1,158467.87
2306603,10,Sertão de Canindé,2025,1,2261102.62
2307635,10,Sertão de Canindé,2025,1,538694.175
2310407,10,Sertão de Canindé,2025,1,505709.76
2300507,11,Sertão de Sobral,2025,1,296831.095
2304350,11,Sertão de Sobral,2025,1,2453741.645
2304509,11,Sertão de Sobral,2025,1,329747.83
2304657,11,Sertão de Sobral,2025,1,715324.82
2304905,11,Sertão de Sobral,2025,1,441509.785
2308005,11,Sertão de Sobral,2025,1,25844.78
2308203,11,Sertão de Sobral,2025,1,2096720.39
2309904,11,Sertão de Sobral,2025,1,648073.83
2310951,11,Sertão de Sobral,2025,1,785969.925
2311702,11,Sertão de Sobral,2025,1,1290520.72
2312007,11,Sertão de Sobral,2025,1,401852.105
2312908,11,Sertão de Sobral,2025,1,835649.66
2313955,11,Sertão de Sobral,2025,1,1951816.185
2303659,12,Sertão dos Crateús,2025,1,482901.96499999997
2304103,12,Sertão dos Crateús,2025,1,315218.35
2305209,12,Sertão dos Crateús,2025,1,660578.935
2305605,12,Sertão dos Crateús,2025,1,99650.27
2305654,12,Sertão dos Crateús,2025,1,102329.125
2305902,12,Sertão dos Crateús,2025,1,2186940.235
2308609,12,Sertão dos Crateús,2025,1,863954.845
2309300,12,Sertão dos Crateús,2025,1,4512583.775
2309409,12,Sertão dos Crateús,2025,1,3161775.12
2311009,12,Sertão dos Crateús,2025,1,773295.895
2312205,12,Sertão dos Crateús,2025,1,833073.02
2313203,12,Sertão dos Crateús,2025,1,1873650.48
2313302,13,Sertão dos Inhamuns,2025,1,4791888.675
2300705,14,Vale do Jaguaribe,2025,1,1173395.335
2306009,14,Vale do Jaguaribe,2025,1,219426.805
2306702,14,Vale do Jaguaribe,2025,1,2094196.865
2306801,14,Vale do Jaguaribe,2025,1,1908718.305
2307601,14,Vale do Jaguaribe,2025,1,1292359.92
2308708,14,Vale do Jaguaribe,2025,1,227012.03
2310001,14,Vale do Jaguaribe,2025,1,404050.71
2310803,14,Vale do Jaguaribe,2025,1,1678681.81
2311231,14,Vale do Jaguaribe,2025,1,1184946.745
2311504,14,Vale do Jaguaribe,2025,1,206567.74
2311801,14,Vale do Jaguaribe,2025,1,6438205.235
2312502,14,Vale do Jaguaribe,2025,1,426964.135
2313104,14,Vale do Jaguaribe,2025,1,1718553.94
2300101,01,Cariri,2025,2,4724.95
2300606,01,Cariri,2025,2,159212.05
2300804,01,Cariri,2025,2,318242.74
2301604,01,Cariri,2025,2,7361346.79
2301901,01,Cariri,2025,2,2931987.2649999997
2302008,01,Cariri,2025,2,306422.295
2302503,01,Cariri,2025,2,3076897.555
2303204,01,Cariri,2025,2,945671.31
2304202,01,Cariri,2025,2,2942954.43
2304301,01,Cariri,2025,2,793347.49
2304806,01,Cariri,2025,2,640767.51
2307106,01,Cariri,2025,2,1050591.09
2307205,01,Cariri,2025,2,563859.5
2307304,01,Cariri,2025,2,3280776.895
2307502,01,Cariri,2025,2,687326.2150000001
2308104,01,Cariri,2025,2,1557927.4
2308302,01,Cariri,2025,2,1328820.98
2308401,01,Cariri,2025,2,695387.64
2309201,01,Cariri,2025,2,266710.88
2310605,01,Cariri,2025,2,525214.38
2311108,01,Cariri,2025,2,1011296.06
2311207,01,Cariri,2025,2,131204.28
2311959,01,Cariri,2025,2,1400.0
2313252,01,Cariri,2025,2,3429.0
2314003,01,Cariri,2025,2,2720159.315
2300309,02,Centro Sul,2025,2,84690.17
2301802,02,Centro Sul,2025,2,337191.09
2303600,02,Centro Sul,2025,2,418244.16
2303808,02,Centro Sul,2025,2,294231.0
2305407,02,Centro Sul,2025,2,735821.99
2305506,02,Centro Sul,2025,2,3680018.195
2305704,02,Centro Sul,2025,2,244505.715
2307403,02,Centro Sul,2025,2,992108.4400000001
2311355,02,Centro Sul,2025,2,2716528.955
2311900,02,Centro Sul,2025,2,40629.3
2313708,02,Centro Sul,2025,2,353286.045
2301000,03,Grande Fortaleza,2025,2,7023640.345
2303501,03,Grande Fortaleza,2025,2,69880.685
2303709,03,Grande Fortaleza,2025,2,1148899.61
2303956,03,Grande Fortaleza,2025,2,1126622.645
2304285,03,Grande Fortaleza,2025,2,2493221.845
2304400,03,Grande Fortaleza,2025,2,3628988.875
2304954,03,Grande Fortaleza,2025,2,1735287.0
2305233,03,Grande Fortaleza,2025,2,13257336.92
2306256,03,Grande Fortaleza,2025,2,2605617.075
2307650,03,Grande Fortaleza,2025,2,11809160.735
2307700,03,Grande Fortaleza,2025,2,891533.45
2309607,03,Grande Fortaleza,2025,2,1963068.22
2309706,03,Grande Fortaleza,2025,2,286600.465
2310209,03,Grande Fortaleza,2025,2,448621.53
2310258,03,Grande Fortaleza,2025,2,491418.96
2310852,03,Grande Fortaleza,2025,2,1661422.79
2312403,03,Grande Fortaleza,2025,2,4553845.465
2312601,03,Grande Fortaleza,2025,2,44727.475
2313500,03,Grande Fortaleza,2025,2,2224812.645
2301109,04,Litoral Leste,2025,2,1616541.685
2302206,04,Litoral Leste,2025,2,1274170.775
2304459,04,Litoral Leste,2025,2,4710285.25
2305357,04,Litoral Leste,2025,2,37013.45
2306207,04,Litoral Leste,2025,2,36021.535
2307007,04,Litoral Leste,2025,2,948963.41
2300200,05,Litoral Norte,2025,2,900992.605
2302057,05,Litoral Norte,2025,2,573280.01
2302305,05,Litoral Norte,2025,2,2062671.89
2302602,05,Litoral Norte,2025,2,1726019.725
2303907,05,Litoral Norte,2025,2,357107.62
2304251,05,Litoral Norte,2025,2,1199519.275
2304707,05,Litoral Norte,2025,2,3368902.73
2306553,05,Litoral Norte,2025,2,956120.89
2307809,05,Litoral Norte,2025,2,603822.69
2307908,05,Litoral Norte,2025,2,353459.64
2308906,05,Litoral Norte,2025,2,159898.055
2300754,06,Litoral Oeste / Vale do Curu,2025,2,3362429.955
2300903,06,Litoral Oeste / Vale do Curu,2025,2,3735.7
2304608,06,Litoral Oeste / Vale do Curu,2025,2,523109.855
2306108,06,Litoral Oeste / Vale do Curu,2025,2,893734.205
2306306,06,Litoral Oeste / Vale do Curu,2025,2,447167.36
2306405,06,Litoral Oeste / Vale do Curu,2025,2,11947717.505
2308377,06,Litoral Oeste / Vale do Curu,2025,2,247341.19
2313351,06,Litoral Oeste / Vale do Curu,2025,2,2275058.285
2313757,06,Litoral Oeste / Vale do Curu,2025,2,39479.0
2313807,06,Litoral Oeste / Vale do Curu,2025,2,2160827.845
2300150,07,Maciço do Baturité,2025,2,794146.155
2301208,07,Maciço do Baturité,2025,2,799125.16
2301406,07,Maciço do Baturité,2025,2,533057.14
2301950,07,Maciço do Baturité,2025,2,198916.865
2306504,07,Maciço do Baturité,2025,2,65969.81
2309102,07,Maciço do Baturité,2025,2,1031736.14
2309458,07,Maciço do Baturité,2025,2,36264.64
2309805,07,Maciço do Baturité,2025,2,333390.745
2310100,07,Maciço do Baturité,2025,2,4115.0
2311603,07,Maciço do Baturité,2025,2,348672.74
2303402,08,Serra da Ibiapaba,2025,2,4066246.575
2304236,08,Serra da Ibiapaba,2025,2,722955.265
2305001,08,Serra da Ibiapaba,2025,2,517931.575
2305308,08,Serra da Ibiapaba,2025,2,1268548.39
2305803,08,Serra da Ibiapaba,2025,2,386530.705
2312304,08,Serra da Ibiapaba,2025,2,4464296.145
2313401,08,Serra da Ibiapaba,2025,2,1762626.155
2313609,08,Serra da Ibiapaba,2025,2,96935.25
2314102,08,Serra da Ibiapaba,2025,2,1955968.015
2301851,09,Sertão Central,2025,2,99602.63
2303931,09,Sertão Central,2025,2,1299794.625
2304269,09,Sertão Central,2025,2,475556.15
2305266,09,Sertão Central,2025,2,118928.8
2305332,09,Sertão Central,2025,2,2655547.76
2308351,09,Sertão Central,2025,2,1150698.18
2308500,09,Sertão Central,2025,2,878891.72
2310506,09,Sertão Central,2025,2,1528364.555
2310902,09,Sertão Central,2025,2,242465.85
2311306,09,Sertão Central,2025,2,1924813.35
2311405,09,Sertão Central,2025,2,10896567.71
2312700,09,Sertão Central,2025,2,1827382.195
2313005,09,Sertão Central,2025,2,1276649.8
2302404,10,Sertão de Canindé,2025,2,6079077.14
2302800,10,Sertão de Canindé,2025,2,736326.465
2303006,10,Sertão de Canindé,2025,2,158467.87
2306603,10,Sertão de Canindé,2025,2,2261102.62
2307635,10,Sertão de Canindé,2025,2,538694.175
2310407,10,Sertão de Canindé,2025,2,505709.76
2300507,11,Sertão de Sobral,2025,2,296831.095
2304350,11,Sertão de Sobral,2025,2,2453741.645
2304509,11,Sertão de Sobral,2025,2,329747.83
2304657,11,Sertão de Sobral,2025,2,715324.82
2304905,11,Sertão de Sobral,2025,2,441509.785
2308005,11,Sertão de Sobral,2025,2,25844.78
2308203,11,Sertão de Sobral,2025,2,2096720.39
2309904,11,Sertão de Sobral,2025,2,648073.83
2310951,11,Sertão de Sobral,2025,2,785969.925
2311702,11,Sertão de Sobral,2025,2,1290520.72
2312007,11,Sertão de Sobral,2025,2,401852.105
2312908,11,Sertão de Sobral,2025,2,835649.66
2313955,11,Sertão de Sobral,2025,2,1951816.185
2303659,12,Sertão dos Crateús,2025,2,482901.96499999997
2304103,12,Sertão dos Crateús,2025,2,315218.35
2305209,12,Sertão dos Crateús,2025,2,660578.935
2305605,12,Sertão dos Crateús,2025,2,99650.27
2305654,12,Sertão dos Crateús,2025,2,102329.125
2305902,12,Sertão dos Crateús,2025,2,2186940.235
2308609,12,Sertão dos Crateús,2025,2,863954.845
2309300,12,Sertão dos Crateús,2025,2,4512583.775
2309409,12,Sertão dos Crateús,2025,2,3161775.12
2311009,12,Sertão dos Crateús,2025,2,773295.895
2312205,12,Sertão dos Crateús,2025,2,833073.02
2313203,12,Sertão dos Crateús,2025,2,1873650.48
2313302,13,Sertão dos Inhamuns,2025,2,4791888.675
2300705,14,Vale do Jaguaribe,2025,2,1173395.335
2306009,14,Vale do Jaguaribe,2025,2,219426.805
2306702,14,Vale do Jaguaribe,2025,2,2094196.865
2306801,14,Vale do Jaguaribe,2025,2,1908718.305
2307601,14,Vale do Jaguaribe,2025,2,1292359.92
2308708,14,Vale do Jaguaribe,2025,2,227012.03
2310001,14,Vale do Jaguaribe,2025,2,404050.71
2310803,14,Vale do Jaguaribe,2025,2,1678681.81
2311231,14,Vale do Jaguaribe,2025,2,1184946.745
2311504,14,Vale do Jaguaribe,2025,2,206567.74
2311801,14,Vale do Jaguaribe,2025,2,6438205.235
2312502,14,Vale do Jaguaribe,2025,2,426964.135
2313104,14,Vale do Jaguaribe,2025,2,1718553.94
2300101,01,Cariri,2025,3,669034.895
2300606,01,Cariri,2025,3,486549.98500000004
2300804,01,Cariri,2025,3,718940.685
2301307,01,Cariri,2025,3,369110.25
2301604,01,Cariri,2025,3,1977643.7950000009
2301901,01,Cariri,2025,3,4198707.800000001
2302008,01,Cariri,2025,3,156785.01
2302503,01,Cariri,2025,3,1449608.15
2303204,01,Cariri,2025,3,1301888.6549999998
2304202,01,Cariri,2025,3,4609068.904999999
2304301,01,Cariri,2025,3,4451895.74
2304806,01,Cariri,2025,3,1219454.165
2307106,01,Cariri,2025,3,425367.865
2307205,01,Cariri,2025,3,191786.82999999996
2307304,01,Cariri,2025,3,7782751.275
2307502,01,Cariri,2025,3,2089620.6299999997
2308104,01,Cariri,2025,3,766169.8700000001
2308302,01,Cariri,2025,3,503672.095
2308401,01,Cariri,2025,3,673426.7799999999
2309201,01,Cariri,2025,3,338645.76
2310605,01,Cariri,2025,3,60862.67500000005
2311108,01,Cariri,2025,3,536023.8
2311207,01,Cariri,2025,3,1392827.6099999999
2311959,01,Cariri,2025,3,253067.5
2313252,01,Cariri,2025,3,56758.245
2314003,01,Cariri,2025,3,3022655.9150000005
2300309,02,Centro Sul,2025,3,426881.79000000004
2301802,02,Centro Sul,2025,3,771066.4099999999
2303600,02,Centro Sul,2025,3,306685.62000000005
2303808,02,Centro Sul,2025,3,355734.235
2305407,02,Centro Sul,2025,3,5793670.3
2305506,02,Centro Sul,2025,3,797707.105
2305704,02,Centro Sul,2025,3,560900.4600000001
2307403,02,Centro Sul,2025,3,1362931.0750000002
2311355,02,Centro Sul,2025,3,1476261.1
2311900,02,Centro Sul,2025,3,71396.845
2313708,02,Centro Sul,2025,3,56799.315
2301000,03,Grande Fortaleza,2025,3,2910669.4699999997
2303501,03,Grande Fortaleza,2025,3,756463.05
2303709,03,Grande Fortaleza,2025,3,3551592.2399999993
2303956,03,Grande Fortaleza,2025,3,1786337.3450000002
2304285,03,Grande Fortaleza,2025,3,1517825.0
2304400,03,Grande Fortaleza,2025,3,56144310.28
2304954,03,Grande Fortaleza,2025,3,1725450.1950000003
2305233,03,Grande Fortaleza,2025,3,10122025.325000001
2306256,03,Grande Fortaleza,2025,3,2062973.995
2307650,03,Grande Fortaleza,2025,3,5521260.310000002
2307700,03,Grande Fortaleza,2025,3,1483138.0999999999
2309607,03,Grande Fortaleza,2025,3,2042748.425
2309706,03,Grande Fortaleza,2025,3,3798243.52
2310209,03,Grande Fortaleza,2025,3,158188.27500000002
2310258,03,Grande Fortaleza,2025,3,1952426.9
2310852,03,Grande Fortaleza,2025,3,1163929.5150000001
2312403,03,Grande Fortaleza,2025,3,2613366.755
2312601,03,Grande Fortaleza,2025,3,269915.745
2313500,03,Grande Fortaleza,2025,3,2588296.095
2301109,04,Litoral Leste,2025,3,2599190.1999999997
2302206,04,Litoral Leste,2025,3,1368821.5500000003
2304459,04,Litoral Leste,2025,3,368402.3650000002
2305357,04,Litoral Leste,2025,3,2127374.28
2306207,04,Litoral Leste,2025,3,90779.765
2307007,04,Litoral Leste,2025,3,2232436.69
2300200,05,Litoral Norte,2025,3,1174584.3450000002
2302057,05,Litoral Norte,2025,3,239478.33499999996
2302305,05,Litoral Norte,2025,3,995264.5149999999
2302602,05,Litoral Norte,2025,3,826379.02
2303907,05,Litoral Norte,2025,3,852661.8350000001
2304251,05,Litoral Norte,2025,3,1931520.52
2304707,05,Litoral Norte,2025,3,908517.3699999996
2306553,05,Litoral Norte,2025,3,1855606.19
2307809,05,Litoral Norte,2025,3,0.0
2307908,05,Litoral Norte,2025,3,459095.20499999996
2308906,05,Litoral Norte,2025,3,773745.48
2300754,06,Litoral Oeste / Vale do Curu,2025,3,1411716.3899999997
2300903,06,Litoral Oeste / Vale do Curu,2025,3,4621.47
2304608,06,Litoral Oeste / Vale do Curu,2025,3,123619.01000000001
2306108,06,Litoral Oeste / Vale do Curu,2025,3,658940.2500000001
2306306,06,Litoral Oeste / Vale do Curu,2025,3,1422408.5299999998
2306405,06,Litoral Oeste / Vale do Curu,2025,3,11308456.714999998
2308377,06,Litoral Oeste / Vale do Curu,2025,3,254345.255
2310704,06,Litoral Oeste / Vale do Curu,2025,3,1110549.93
2313351,06,Litoral Oeste / Vale do Curu,2025,3,1023084.4949999996
2313757,06,Litoral Oeste / Vale do Curu,2025,3,413083.515
2313807,06,Litoral Oeste / Vale do Curu,2025,3,1407019.0349999997
2300150,07,Maciço do Baturité,2025,3,422604.845
2301208,07,Maciço do Baturité,2025,3,1325837.1949999998
2301406,07,Maciço do Baturité,2025,3,697857.765
2301950,07,Maciço do Baturité,2025,3,6095.0
2302909,07,Maciço do Baturité,2025,3,234749.5
2306504,07,Maciço do Baturité,2025,3,0.0
2309102,07,Maciço do Baturité,2025,3,488082.94499999995
2309458,07,Maciço do Baturité,2025,3,345588.88
2309805,07,Maciço do Baturité,2025,3,275062.37
2310100,07,Maciço do Baturité,2025,3,2786.0
2311603,07,Maciço do Baturité,2025,3,257495.91500000004
2303402,08,Serra da Ibiapaba,2025,3,202759.53500000015
2304236,08,Serra da Ibiapaba,2025,3,2102129.905
2305001,08,Serra da Ibiapaba,2025,3,1159981.04
2305308,08,Serra da Ibiapaba,2025,3,971766.6500000001
2305803,08,Serra da Ibiapaba,2025,3,403582.185
2312304,08,Serra da Ibiapaba,2025,3,1778608.8900000006
2313401,08,Serra da Ibiapaba,2025,3,2180929.205
2313609,08,Serra da Ibiapaba,2025,3,1838998.595
2314102,08,Serra da Ibiapaba,2025,3,2934460.9050000003
2301851,09,Sertão Central,2025,3,1148730.4249999998
2303931,09,Sertão Central,2025,3,2476801.94
2304269,09,Sertão Central,2025,3,1807473.0300000003
2305266,09,Sertão Central,2025,3,448759.815
2305332,09,Sertão Central,2025,3,943076.4400000004
2308351,09,Sertão Central,2025,3,1044422.4450000001
2308500,09,Sertão Central,2025,3,786238.76
2310506,09,Sertão Central,2025,3,3575307.255
2310902,09,Sertão Central,2025,3,650373.235
2311306,09,Sertão Central,2025,3,901179.6699999999
2311405,09,Sertão Central,2025,3,7228352.849999998
2312700,09,Sertão Central,2025,3,1286026.8349999997
2313005,09,Sertão Central,2025,3,2651414.7699999996
2302404,10,Sertão de Canindé,2025,3,6047729.2299999995
2302800,10,Sertão de Canindé,2025,3,618952.245
2303006,10,Sertão de Canindé,2025,3,211766.47999999998
2306603,10,Sertão de Canindé,2025,3,2013894.0300000003
2307635,10,Sertão de Canindé,2025,3,631947.395
2310407,10,Sertão de Canindé,2025,3,635683.2649999999
2300507,11,Sertão de Sobral,2025,3,180572.7
2304350,11,Sertão de Sobral,2025,3,1291139.2850000001
2304509,11,Sertão de Sobral,2025,3,133618.13
2304657,11,Sertão de Sobral,2025,3,535693.3150000001
2304905,11,Sertão de Sobral,2025,3,389546.85000000003
2308005,11,Sertão de Sobral,2025,3,246266.855
2308203,11,Sertão de Sobral,2025,3,354878.7050000003
2309904,11,Sertão de Sobral,2025,3,887132.85
2310951,11,Sertão de Sobral,2025,3,1924208.57
2311702,11,Sertão de Sobral,2025,3,714979.0
2312007,11,Sertão de Sobral,2025,3,790864.175
2312908,11,Sertão de Sobral,2025,3,8475474.375
2313955,11,Sertão de Sobral,2025,3,1388077.665
2303659,12,Sertão dos Crateús,2025,3,1505688.4900000002
2304103,12,Sertão dos Crateús,2025,3,171501.97000000003
2305209,12,Sertão dos Crateús,2025,3,1757236.9699999997
2305605,12,Sertão dos Crateús,2025,3,159669.03999999998
2305654,12,Sertão dos Crateús,2025,3,90191.91
2305902,12,Sertão dos Crateús,2025,3,1292448.275
2308609,12,Sertão dos Crateús,2025,3,501714.7150000001
2309300,12,Sertão dos Crateús,2025,3,3493166.925
2309409,12,Sertão dos Crateús,2025,3,1380259.9450000003
2311009,12,Sertão dos Crateús,2025,3,131924.90500000003
2312205,12,Sertão dos Crateús,2025,3,904099.085
2313203,12,Sertão dos Crateús,2025,3,2954433.77
2300408,13,Sertão dos Inhamuns,2025,3,172232.3
2313302,13,Sertão dos Inhamuns,2025,3,1080784.3650000002
2300705,14,Vale do Jaguaribe,2025,3,770007.9750000001
2304277,14,Vale do Jaguaribe,2025,3,30804.95
2306009,14,Vale do Jaguaribe,2025,3,160953.365
2306702,14,Vale do Jaguaribe,2025,3,2141080.365
2306801,14,Vale do Jaguaribe,2025,3,868226.4850000001
2307601,14,Vale do Jaguaribe,2025,3,511410.1200000001
2308708,14,Vale do Jaguaribe,2025,3,1074475.325
2310001,14,Vale do Jaguaribe,2025,3,378552.435
2310803,14,Vale do Jaguaribe,2025,3,2596043.595
2311231,14,Vale do Jaguaribe,2025,3,573793.5149999999
2311504,14,Vale do Jaguaribe,2025,3,447535.115
2311801,14,Vale do Jaguaribe,2025,3,5809417.8
2312502,14,Vale do Jaguaribe,2025,3,1520.0
2313104,14,Vale do Jaguaribe,2025,3,1085834.77
2300101,01,Cariri,2025,4,669034.895
2300606,01,Cariri,2025,4,486549.98500000004
2300804,01,Cariri,2025,4,718940.685
2301307,01,Cariri,2025,4,369110.25
2301604,01,Cariri,2025,4,1977643.7950000009
2301901,01,Cariri,2025,4,4198707.800000001
2302008,01,Cariri,2025,4,156785.01
2302503,01,Cariri,2025,4,1449608.15
2303204,01,Cariri,2025,4,1301888.6549999998
2304202,01,Cariri,2025,4,4609068.904999999
2304301,01,Cariri,2025,4,4451895.74
2304806,01,Cariri,2025,4,1219454.165
2307106,01,Cariri,2025,4,425367.865
2307205,01,Cariri,2025,4,191786.82999999996
2307304,01,Cariri,2025,4,7782751.275
2307502,01,Cariri,2025,4,2089620.6299999997
2308104,01,Cariri,2025,4,766169.8700000001
2308302,01,Cariri,2025,4,503672.095
2308401,01,Cariri,2025,4,673426.7799999999
2309201,01,Cariri,2025,4,338645.76
2310605,01,Cariri,2025,4,60862.67500000005
2311108,01,Cariri,2025,4,536023.8
2311207,01,Cariri,2025,4,1392827.6099999999
2311959,01,Cariri,2025,4,253067.5
2313252,01,Cariri,2025,4,56758.245
2314003,01,Cariri,2025,4,3022655.9150000005
2300309,02,Centro Sul,2025,4,426881.79000000004
2301802,02,Centro Sul,2025,4,771066.4099999999
2303600,02,Centro Sul,2025,4,306685.62000000005
2303808,02,Centro Sul,2025,4,355734.235
2305407,02,Centro Sul,2025,4,5793670.3
2305506,02,Centro Sul,2025,4,797707.105
2305704,02,Centro Sul,2025,4,560900.4600000001
2307403,02,Centro Sul,2025,4,1362931.0750000002
2311355,02,Centro Sul,2025,4,1476261.1
2311900,02,Centro Sul,2025,4,71396.845
2313708,02,Centro Sul,2025,4,56799.315
2301000,03,Grande Fortaleza,2025,4,2910669.4699999997
2303501,03,Grande Fortaleza,2025,4,756463.05
2303709,03,Grande Fortaleza,2025,4,3551592.2399999993
2303956,03,Grande Fortaleza,2025,4,1786337.3450000002
2304285,03,Grande Fortaleza,2025,4,1517825.0
2304400,03,Grande Fortaleza,2025,4,56144310.28
2304954,03,Grande Fortaleza,2025,4,1725450.1950000003
2305233,03,Grande Fortaleza,2025,4,10122025.325000001
2306256,03,Grande Fortaleza,2025,4,2062973.995
2307650,03,Grande Fortaleza,2025,4,5521260.310000002
2307700,03,Grande Fortaleza,2025,4,1483138.0999999999
2309607,03,Grande Fortaleza,2025,4,2042748.425
2309706,03,Grande Fortaleza,2025,4,3798243.52
2310209,03,Grande Fortaleza,2025,4,158188.27500000002
2310258,03,Grande Fortaleza,2025,4,1952426.9
2310852,03,Grande Fortaleza,2025,4,1163929.5150000001
2312403,03,Grande Fortaleza,2025,4,2613366.755
2312601,03,Grande Fortaleza,2025,4,269915.745
2313500,03,Grande Fortaleza,2025,4,2588296.095
2301109,04,Litoral Leste,2025,4,2599190.1999999997
2302206,04,Litoral Leste,2025,4,1368821.5500000003
2304459,04,Litoral Leste,2025,4,368402.3650000002
2305357,04,Litoral Leste,2025,4,2127374.28
2306207,04,Litoral Leste,2025,4,90779.765
2307007,04,Litoral Leste,2025,4,2232436.69
2300200,05,Litoral Norte,2025,4,1174584.3450000002
2302057,05,Litoral Norte,2025,4,239478.33499999996
2302305,05,Litoral Norte,2025,4,995264.5149999999
2302602,05,Litoral Norte,2025,4,826379.02
2303907,05,Litoral Norte,2025,4,852661.8350000001
2304251,05,Litoral Norte,2025,4,1931520.52
2304707,05,Litoral Norte,2025,4,908517.3699999996
2306553,05,Litoral Norte,2025,4,1855606.19
2307809,05,Litoral Norte,2025,4,0.0
2307908,05,Litoral Norte,2025,4,459095.20499999996
2308906,05,Litoral Norte,2025,4,773745.48
2300754,06,Litoral Oeste / Vale do Curu,2025,4,1411716.3899999997
2300903,06,Litoral Oeste / Vale do Curu,2025,4,4621.47
2304608,06,Litoral Oeste / Vale do Curu,2025,4,123619.01000000001
2306108,06,Litoral Oeste / Vale do Curu,2025,4,658940.2500000001
2306306,06,Litoral Oeste / Vale do Curu,2025,4,1422408.5299999998
2306405,06,Litoral Oeste / Vale do Curu,2025,4,11308456.714999998
2308377,06,Litoral Oeste / Vale do Curu,2025,4,254345.255
2310704,06,Litoral Oeste / Vale do Curu,2025,4,1110549.93
2313351,06,Litoral Oeste / Vale do Curu,2025,4,1023084.4949999996
2313757,06,Litoral Oeste / Vale do Curu,2025,4,413083.515
2313807,06,Litoral Oeste / Vale do Curu,2025,4,1407019.0349999997
2300150,07,Maciço do Baturité,2025,4,422604.845
2301208,07,Maciço do Baturité,2025,4,1325837.1949999998
2301406,07,Maciço do Baturité,2025,4,697857.765
2301950,07,Maciço do Baturité,2025,4,6095.0
2302909,07,Maciço do Baturité,2025,4,234749.5
2306504,07,Maciço do Baturité,2025,4,0.0
2309102,07,Maciço do Baturité,2025,4,488082.94499999995
2309458,07,Maciço do Baturité,2025,4,345588.88
2309805,07,Maciço do Baturité,2025,4,275062.37
2310100,07,Maciço do Baturité,2025,4,2786.0
2311603,07,Maciço do Baturité,2025,4,257495.91500000004
2303402,08,Serra da Ibiapaba,2025,4,202759.53500000015
2304236,08,Serra da Ibiapaba,2025,4,2102129.905
2305001,08,Serra da Ibiapaba,2025,4,1159981.04
2305308,08,Serra da Ibiapaba,2025,4,971766.6500000001
2305803,08,Serra da Ibiapaba,2025,4,403582.185
2312304,08,Serra da Ibiapaba,2025,4,1778608.8900000006
2313401,08,Serra da Ibiapaba,2025,4,2180929.205
2313609,08,Serra da Ibiapaba,2025,4,1838998.595
2314102,08,Serra da Ibiapaba,2025,4,2934460.9050000003
2301851,09,Sertão Central,2025,4,1148730.4249999998
2303931,09,Sertão Central,2025,4,2476801.94
2304269,09,Sertão Central,2025,4,1807473.0300000003
2305266,09,Sertão Central,2025,4,448759.815
2305332,09,Sertão Central,2025,4,943076.4400000004
2308351,09,Sertão Central,2025,4,1044422.4450000001
2308500,09,Sertão Central,2025,4,786238.76
2310506,09,Sertão Central,2025,4,3575307.255
2310902,09,Sertão Central,2025,4,650373.235
2311306,09,Sertão Central,2025,4,901179.6699999999
2311405,09,Sertão Central,2025,4,7228352.849999998
2312700,09,Sertão Central,2025,4,1286026.8349999997
2313005,09,Sertão Central,2025,4,2651414.7699999996
2302404,10,Sertão de Canindé,2025,4,6047729.2299999995
2302800,10,Sertão de Canindé,2025,4,618952.245
2303006,10,Sertão de Canindé,2025,4,211766.47999999998
2306603,10,Sertão de Canindé,2025,4,2013894.0300000003
2307635,10,Sertão de Canindé,2025,4,631947.395
2310407,10,Sertão de Canindé,2025,4,635683.2649999999
2300507,11,Sertão de Sobral,2025,4,180572.7
2304350,11,Sertão de Sobral,2025,4,1291139.2850000001
2304509,11,Sertão de Sobral,2025,4,133618.13
2304657,11,Sertão de Sobral,2025,4,535693.3150000001
2304905,11,Sertão de Sobral,2025,4,389546.85000000003
2308005,11,Sertão de Sobral,2025,4,246266.855
2308203,11,Sertão de Sobral,2025,4,354878.7050000003
2309904,11,Sertão de Sobral,2025,4,887132.85
2310951,11,Sertão de Sobral,2025,4,1924208.57
2311702,11,Sertão de Sobral,2025,4,714979.0
2312007,11,Sertão de Sobral,2025,4,790864.175
2312908,11,Sertão de Sobral,2025,4,8475474.375
2313955,11,Sertão de Sobral,2025,4,1388077.665
2303659,12,Sertão dos Crateús,2025,4,1505688.4900000002
2304103,12,Sertão dos Crateús,2025,4,171501.97000000003
2305209,12,Sertão dos Crateús,2025,4,1757236.9699999997
2305605,12,Sertão dos Crateús,2025,4,159669.03999999998
2305654,12,Sertão dos Crateús,2025,4,90191.91
2305902,12,Sertão dos Crateús,2025,4,1292448.275
2308609,12,Sertão dos Crateús,2025,4,501714.7150000001
2309300,12,Sertão dos Crateús,2025,4,3493166.925
2309409,12,Sertão dos Crateús,2025,4,1380259.9450000003
2311009,12,Sertão dos Crateús,2025,4,131924.90500000003
2312205,12,Sertão dos Crateús,2025,4,904099.085
2313203,12,Sertão dos Crateús,2025,4,2954433.77
2300408,13,Sertão dos Inhamuns,2025,4,172232.3
2313302,13,Sertão dos Inhamuns,2025,4,1080784.3650000002
2300705,14,Vale do Jaguaribe,2025,4,770007.9750000001
2304277,14,Vale do Jaguaribe,2025,4,30804.95
2306009,14,Vale do Jaguaribe,2025,4,160953.365
2306702,14,Vale do Jaguaribe,2025,4,2141080.365
2306801,14,Vale do Jaguaribe,2025,4,868226.4850000001
2307601,14,Vale do Jaguaribe,2025,4,511410.1200000001
2308708,14,Vale do Jaguaribe,2025,4,1074475.325
2310001,14,Vale do Jaguaribe,2025,4,378552.435
2310803,14,Vale do Jaguaribe,2025,4,2596043.595
2311231,14,Vale do Jaguaribe,2025,4,573793.5149999999
2311504,14,Vale do Jaguaribe,2025,4,447535.115
2311801,14,Vale do Jaguaribe,2025,4,5809417.8
2312502,14,Vale do Jaguaribe,2025,4,1520.0
2313104,14,Vale do Jaguaribe,2025,4,1085834.77
2300101,01,Cariri,2025,5,412103.19500000007
2300606,01,Cariri,2025,5,263201.385
2300804,01,Cariri,2025,5,347481.2949999999
2301307,01,Cariri,2025,5,364913.16000000003
2301604,01,Cariri,2025,5,5855423.809999999
2301703,01,Cariri,2025,5,1201807.095
2301901,01,Cariri,2025,5,1416398.7049999991
2302008,01,Cariri,2025,5,361762.915
2302503,01,Cariri,2025,5,729148.8899999997
2303204,01,Cariri,2025,5,1631563.7650000001
2304202,01,Cariri,2025,5,3611800.3
2304301,01,Cariri,2025,5,1668984.3099999996
2304806,01,Cariri,2025,5,1148256.7499999998
2307106,01,Cariri,2025,5,640024.835
2307205,01,Cariri,2025,5,174729.46000000008
2307304,01,Cariri,2025,5,3640910.83
2307502,01,Cariri,2025,5,1980273.955
2308104,01,Cariri,2025,5,2121715.03
2308302,01,Cariri,2025,5,1089424.3299999998
2308401,01,Cariri,2025,5,493218.395
2309201,01,Cariri,2025,5,1117031.08
2310605,01,Cariri,2025,5,1057277.245
2311108,01,Cariri,2025,5,692362.9749999999
2311207,01,Cariri,2025,5,1414599.715
2311959,01,Cariri,2025,5,307974.745
2312106,01,Cariri,2025,5,4385.0
2313252,01,Cariri,2025,5,173132.125
2314003,01,Cariri,2025,5,1520488.8699999992
2300309,02,Centro Sul,2025,5,3200.0
2301802,02,Centro Sul,2025,5,692841.2050000001
2303600,02,Centro Sul,2025,5,178806.72999999998
2303808,02,Centro Sul,2025,5,802227.3250000001
2305407,02,Centro Sul,2025,5,5120215.944999999
2305506,02,Centro Sul,2025,5,639209.9400000004
2305704,02,Centro Sul,2025,5,185179.76
2307403,02,Centro Sul,2025,5,1881603.605
2311355,02,Centro Sul,2025,5,965826.065
2311900,02,Centro Sul,2025,5,128243.65999999999
2313708,02,Centro Sul,2025,5,185215.27000000002
2301000,03,Grande Fortaleza,2025,5,8004446.779999999
2303501,03,Grande Fortaleza,2025,5,4061855.855
2303709,03,Grande Fortaleza,2025,5,6435197.244999999
2303956,03,Grande Fortaleza,2025,5,596353.6649999996
2304285,03,Grande Fortaleza,2025,5,1243644.435
2304400,03,Grande Fortaleza,2025,5,35103953.035
2304954,03,Grande Fortaleza,2025,5,1997460.5649999995
2305233,03,Grande Fortaleza,2025,5,3916515.4949999973
2306256,03,Grande Fortaleza,2025,5,2555930.2749999994
2307650,03,Grande Fortaleza,2025,5,7219153.659999996
2307700,03,Grande Fortaleza,2025,5,915218.665
2309607,03,Grande Fortaleza,2025,5,3882485.8749999995
2309706,03,Grande Fortaleza,2025,5,1601038.0800000005
2310209,03,Grande Fortaleza,2025,5,3064974.685
2310258,03,Grande Fortaleza,2025,5,2976639.265
2310852,03,Grande Fortaleza,2025,5,999245.4649999999
2312403,03,Grande Fortaleza,2025,5,1973564.1800000006
2312601,03,Grande Fortaleza,2025,5,226466.77500000002
2313500,03,Grande Fortaleza,2025,5,3515934.7799999993
2301109,04,Litoral Leste,2025,5,1185162.2599999998
2302206,04,Litoral Leste,2025,5,3298077.5549999997
2304459,04,Litoral Leste,2025,5,954066.3300000001
2305357,04,Litoral Leste,2025,5,662688.6299999999
2306207,04,Litoral Leste,2025,5,267654.385
2307007,04,Litoral Leste,2025,5,1089977.5150000001
2300200,05,Litoral Norte,2025,5,4763115.774999999
2302057,05,Litoral Norte,2025,5,516658.125
2302305,05,Litoral Norte,2025,5,974775.2000000002
2302602,05,Litoral Norte,2025,5,1983617.0700000003
2303907,05,Litoral Norte,2025,5,217283.69999999995
2304251,05,Litoral Norte,2025,5,2074072.9050000003
2304707,05,Litoral Norte,2025,5,2241296.1799999997
2306553,05,Litoral Norte,2025,5,3344206.0649999995
2307809,05,Litoral Norte,2025,5,1914410.4100000001
2307908,05,Litoral Norte,2025,5,726485.4550000001
2308906,05,Litoral Norte,2025,5,757262.5650000001
2300754,06,Litoral Oeste / Vale do Curu,2025,5,2201010.2650000006
2300903,06,Litoral Oeste / Vale do Curu,2025,5,745519.595
2304608,06,Litoral Oeste / Vale do Curu,2025,5,556496.2450000001
2306108,06,Litoral Oeste / Vale do Curu,2025,5,1334774.8049999997
2306306,06,Litoral Oeste / Vale do Curu,2025,5,2991838.1550000003
2306405,06,Litoral Oeste / Vale do Curu,2025,5,11316751.285000004
2308377,06,Litoral Oeste / Vale do Curu,2025,5,75453.13999999996
2310704,06,Litoral Oeste / Vale do Curu,2025,5,2081137.7750000001
2313351,06,Litoral Oeste / Vale do Curu,2025,5,1224218.5100000002
2313757,06,Litoral Oeste / Vale do Curu,2025,5,238620.46999999997
2313807,06,Litoral Oeste / Vale do Curu,2025,5,2171924.5200000005
2300150,07,Maciço do Baturité,2025,5,104873.2749999999
2301208,07,Maciço do Baturité,2025,5,869831.2000000002
2301406,07,Maciço do Baturité,2025,5,400521.5
2301950,07,Maciço do Baturité,2025,5,44233.76000000001
2302909,07,Maciço do Baturité,2025,5,5275.0
2306504,07,Maciço do Baturité,2025,5,335434.87
2309102,07,Maciço do Baturité,2025,5,112817.09000000008
2309458,07,Maciço do Baturité,2025,5,542472.96
2309805,07,Maciço do Baturité,2025,5,239957.05500000005
2310100,07,Maciço do Baturité,2025,5,3008.34
2311603,07,Maciço do Baturité,2025,5,534617.185
2303402,08,Serra da Ibiapaba,2025,5,536418.5
2304236,08,Serra da Ibiapaba,2025,5,2101106.71
2305001,08,Serra da Ibiapaba,2025,5,4191199.8199999994
2305308,08,Serra da Ibiapaba,2025,5,1333651.23
2305803,08,Serra da Ibiapaba,2025,5,5132565.3950000005
2312304,08,Serra da Ibiapaba,2025,5,4598150.729999999
2313401,08,Serra da Ibiapaba,2025,5,2471746.1
2313609,08,Serra da Ibiapaba,2025,5,744997.6250000002
2314102,08,Serra da Ibiapaba,2025,5,3093942.625
2301851,09,Sertão Central,2025,5,1247377.0850000002
2303931,09,Sertão Central,2025,5,2168867.2600000002
2304269,09,Sertão Central,2025,5,406267.74499999965
2305266,09,Sertão Central,2025,5,87089.04500000004
2305332,09,Sertão Central,2025,5,417855.71999999974
2308351,09,Sertão Central,2025,5,928332.3000000003
2308500,09,Sertão Central,2025,5,662836.9750000001
2310506,09,Sertão Central,2025,5,1107375.46
2310902,09,Sertão Central,2025,5,2889680.46
2311306,09,Sertão Central,2025,5,1281380.835
2311405,09,Sertão Central,2025,5,2595267.545000002
2312700,09,Sertão Central,2025,5,1248890.1300000004
2313005,09,Sertão Central,2025,5,3036067.655
2302404,10,Sertão de Canindé,2025,5,12746112.275
2302800,10,Sertão de Canindé,2025,5,5897043.335
2303006,10,Sertão de Canindé,2025,5,995660.83
2306603,10,Sertão de Canindé,2025,5,1480096.67
2307635,10,Sertão de Canindé,2025,5,878827.04
2310407,10,Sertão de Canindé,2025,5,417070.615
2300507,11,Sertão de Sobral,2025,5,225156.31
2304350,11,Sertão de Sobral,2025,5,2272269.06
2304509,11,Sertão de Sobral,2025,5,288345.45
2304657,11,Sertão de Sobral,2025,5,245337.09499999997
2304905,11,Sertão de Sobral,2025,5,838544.52
2308005,11,Sertão de Sobral,2025,5,486522.405
2308203,11,Sertão de Sobral,2025,5,226262.94999999972
2309904,11,Sertão de Sobral,2025,5,755594.2550000001
2310951,11,Sertão de Sobral,2025,5,2200328.455
2311702,11,Sertão de Sobral,2025,5,2565563.3100000005
2312007,11,Sertão de Sobral,2025,5,385656.0800000001
2312908,11,Sertão de Sobral,2025,5,8624536.204999998
2313955,11,Sertão de Sobral,2025,5,814316.5449999999
2303659,12,Sertão dos Crateús,2025,5,983006.0199999996
2304103,12,Sertão dos Crateús,2025,5,2249948.3600000003
2305209,12,Sertão dos Crateús,2025,5,597894.7450000001
2305605,12,Sertão dos Crateús,2025,5,369261.01499999996
2305654,12,Sertão dos Crateús,2025,5,51035.54000000001
2305902,12,Sertão dos Crateús,2025,5,1732258.4300000006
2308609,12,Sertão dos Crateús,2025,5,3107130.93
2309300,12,Sertão dos Crateús,2025,5,3848476.5699999994
2309409,12,Sertão dos Crateús,2025,5,8136053.534999999
2311009,12,Sertão dos Crateús,2025,5,436484.76
2312205,12,Sertão dos Crateús,2025,5,1072931.3650000002
2313203,12,Sertão dos Crateús,2025,5,1199270.5
2300408,13,Sertão dos Inhamuns,2025,5,177431.24
2313302,13,Sertão dos Inhamuns,2025,5,6379855.045000001
2300705,14,Vale do Jaguaribe,2025,5,785969.2399999998
2304277,14,Vale do Jaguaribe,2025,5,89837.0
2306009,14,Vale do Jaguaribe,2025,5,188911.28999999998
2306702,14,Vale do Jaguaribe,2025,5,556281.0299999993
2306801,14,Vale do Jaguaribe,2025,5,461287.71999999974
2307601,14,Vale do Jaguaribe,2025,5,1003531.0
2308708,14,Vale do Jaguaribe,2025,5,749381.9550000001
2310001,14,Vale do Jaguaribe,2025,5,354625.405
2310803,14,Vale do Jaguaribe,2025,5,173047.72499999963
2311231,14,Vale do Jaguaribe,2025,5,256668.59499999997
2311504,14,Vale do Jaguaribe,2025,5,315731.595
2311801,14,Vale do Jaguaribe,2025,5,2182564.744999999
2312502,14,Vale do Jaguaribe,2025,5,477084.16000000003
2313104,14,Vale do Jaguaribe,2025,5,1364647.915
2300101,01,Cariri,2025,6,412103.19500000007
2300606,01,Cariri,2025,6,263201.385
2300804,01,Cariri,2025,6,347481.2949999999
2301307,01,Cariri,2025,6,364913.16000000003
2301604,01,Cariri,2025,6,5855423.809999999
2301703,01,Cariri,2025,6,1201807.095
2301901,01,Cariri,2025,6,1416398.7049999991
2302008,01,Cariri,2025,6,361762.915
2302503,01,Cariri,2025,6,729148.8899999997
2303204,01,Cariri,2025,6,1631563.7650000001
2304202,01,Cariri,2025,6,3611800.3
2304301,01,Cariri,2025,6,1668984.3099999996
2304806,01,Cariri,2025,6,1148256.7499999998
2307106,01,Cariri,2025,6,640024.835
2307205,01,Cariri,2025,6,174729.46000000008
2307304,01,Cariri,2025,6,3640910.83
2307502,01,Cariri,2025,6,1980273.955
2308104,01,Cariri,2025,6,2121715.03
2308302,01,Cariri,2025,6,1089424.3299999998
2308401,01,Cariri,2025,6,493218.395
2309201,01,Cariri,2025,6,1117031.08
2310605,01,Cariri,2025,6,1057277.245
2311108,01,Cariri,2025,6,692362.9749999999
2311207,01,Cariri,2025,6,1414599.715
2311959,01,Cariri,2025,6,307974.745
2312106,01,Cariri,2025,6,4385.0
2313252,01,Cariri,2025,6,173132.125
2314003,01,Cariri,2025,6,1520488.8699999992
2300309,02,Centro Sul,2025,6,3200.0
2301802,02,Centro Sul,2025,6,692841.2050000001
2303600,02,Centro Sul,2025,6,178806.72999999998
2303808,02,Centro Sul,2025,6,802227.3250000001
2305407,02,Centro Sul,2025,6,5120215.944999999
2305506,02,Centro Sul,2025,6,639209.9400000004
2305704,02,Centro Sul,2025,6,185179.76
2307403,02,Centro Sul,2025,6,1881603.605
2311355,02,Centro Sul,2025,6,965826.065
2311900,02,Centro Sul,2025,6,128243.65999999999
2313708,02,Centro Sul,2025,6,185215.27000000002
2301000,03,Grande Fortaleza,2025,6,8004446.779999999
2303501,03,Grande Fortaleza,2025,6,4061855.855
2303709,03,Grande Fortaleza,2025,6,6435197.244999999
2303956,03,Grande Fortaleza,2025,6,596353.6649999996
2304285,03,Grande Fortaleza,2025,6,1243644.435
2304400,03,Grande Fortaleza,2025,6,35103953.035
2304954,03,Grande Fortaleza,2025,6,1997460.5649999995
2305233,03,Grande Fortaleza,2025,6,3916515.4949999973
2306256,03,Grande Fortaleza,2025,6,2555930.2749999994
2307650,03,Grande Fortaleza,2025,6,7219153.659999996
2307700,03,Grande Fortaleza,2025,6,915218.665
2309607,03,Grande Fortaleza,2025,6,3882485.8749999995
2309706,03,Grande Fortaleza,2025,6,1601038.0800000005
2310209,03,Grande Fortaleza,2025,6,3064974.685
2310258,03,Grande Fortaleza,2025,6,2976639.265
2310852,03,Grande Fortaleza,2025,6,999245.4649999999
2312403,03,Grande Fortaleza,2025,6,1973564.1800000006
2312601,03,Grande Fortaleza,2025,6,226466.77500000002
2313500,03,Grande Fortaleza,2025,6,3515934.7799999993
2301109,04,Litoral Leste,2025,6,1185162.2599999998
2302206,04,Litoral Leste,2025,6,3298077.5549999997
2304459,04,Litoral Leste,2025,6,954066.3300000001
2305357,04,Litoral Leste,2025,6,662688.6299999999
2306207,04,Litoral Leste,2025,6,267654.385
2307007,04,Litoral Leste,2025,6,1089977.5150000001
2300200,05,Litoral Norte,2025,6,4763115.774999999
2302057,05,Litoral Norte,2025,6,516658.125
2302305,05,Litoral Norte,2025,6,974775.2000000002
2302602,05,Litoral Norte,2025,6,1983617.0700000003
2303907,05,Litoral Norte,2025,6,217283.69999999995
2304251,05,Litoral Norte,2025,6,2074072.9050000003
2304707,05,Litoral Norte,2025,6,2241296.1799999997
2306553,05,Litoral Norte,2025,6,3344206.0649999995
2307809,05,Litoral Norte,2025,6,1914410.4100000001
2307908,05,Litoral Norte,2025,6,726485.4550000001
2308906,05,Litoral Norte,2025,6,757262.5650000001
2300754,06,Litoral Oeste / Vale do Curu,2025,6,2201010.2650000006
2300903,06,Litoral Oeste / Vale do Curu,2025,6,745519.595
2304608,06,Litoral Oeste / Vale do Curu,2025,6,556496.2450000001
2306108,06,Litoral Oeste / Vale do Curu,2025,6,1334774.8049999997
2306306,06,Litoral Oeste / Vale do Curu,2025,6,2991838.1550000003
2306405,06,Litoral Oeste / Vale do Curu,2025,6,11316751.285000004
2308377,06,Litoral Oeste / Vale do Curu,2025,6,75453.13999999996
2310704,06,Litoral Oeste / Vale do Curu,2025,6,2081137.7750000001
2313351,06,Litoral Oeste / Vale do Curu,2025,6,1224218.5100000002
2313757,06,Litoral Oeste / Vale do Curu,2025,6,238620.46999999997
2313807,06,Litoral Oeste / Vale do Curu,2025,6,2171924.5200000005
2300150,07,Maciço do Baturité,2025,6,104873.2749999999
2301208,07,Maciço do Baturité,2025,6,869831.2000000002
2301406,07,Maciço do Baturité,2025,6,400521.5
2301950,07,Maciço do Baturité,2025,6,44233.76000000001
2302909,07,Maciço do Baturité,2025,6,5275.0
2306504,07,Maciço do Baturité,2025,6,335434.87
2309102,07,Maciço do Baturité,2025,6,112817.09000000008
2309458,07,Maciço do Baturité,2025,6,542472.96
2309805,07,Maciço do Baturité,2025,6,239957.05500000005
2310100,07,Maciço do Baturité,2025,6,3008.34
2311603,07,Maciço do Baturité,2025,6,534617.185
2303402,08,Serra da Ibiapaba,2025,6,536418.5
2304236,08,Serra da Ibiapaba,2025,6,2101106.71
2305001,08,Serra da Ibiapaba,2025,6,4191199.8199999994
2305308,08,Serra da Ibiapaba,2025,6,1333651.23
2305803,08,Serra da Ibiapaba,2025,6,5132565.3950000005
2312304,08,Serra da Ibiapaba,2025,6,4598150.729999999
2313401,08,Serra da Ibiapaba,2025,6,2471746.1
2313609,08,Serra da Ibiapaba,2025,6,744997.6250000002
2314102,08,Serra da Ibiapaba,2025,6,3093942.625
2301851,09,Sertão Central,2025,6,1247377.0850000002
2303931,09,Sertão Central,2025,6,2168867.2600000002
2304269,09,Sertão Central,2025,6,406267.74499999965
2305266,09,Sertão Central,2025,6,87089.04500000004
2305332,09,Sertão Central,2025,6,417855.71999999974
2308351,09,Sertão Central,2025,6,928332.3000000003
2308500,09,Sertão Central,2025,6,662836.9750000001
2310506,09,Sertão Central,2025,6,1107375.46
2310902,09,Sertão Central,2025,6,2889680.46
2311306,09,Sertão Central,2025,6,1281380.835
2311405,09,Sertão Central,2025,6,2595267.545000002
2312700,09,Sertão Central,2025,6,1248890.1300000004
2313005,09,Sertão Central,2025,6,3036067.655
2302404,10,Sertão de Canindé,2025,6,12746112.275
2302800,10,Sertão de Canindé,2025,6,5897043.335
2303006,10,Sertão de Canindé,2025,6,995660.83
2306603,10,Sertão de Canindé,2025,6,1480096.67
2307635,10,Sertão de Canindé,2025,6,878827.04
2310407,10,Sertão de Canindé,2025,6,417070.615
2300507,11,Sertão de Sobral,2025,6,225156.31
2304350,11,Sertão de Sobral,2025,6,2272269.06
2304509,11,Sertão de Sobral,2025,6,288345.45
2304657,11,Sertão de Sobral,2025,6,245337.09499999997
2304905,11,Sertão de Sobral,2025,6,838544.52
2308005,11,Sertão de Sobral,2025,6,486522.405
2308203,11,Sertão de Sobral,2025,6,226262.94999999972
2309904,11,Sertão de Sobral,2025,6,755594.2550000001
2310951,11,Sertão de Sobral,2025,6,2200328.455
2311702,11,Sertão de Sobral,2025,6,2565563.3100000005
2312007,11,Sertão de Sobral,2025,6,385656.0800000001
2312908,11,Sertão de Sobral,2025,6,8624536.204999998
2313955,11,Sertão de Sobral,2025,6,814316.5449999999
2303659,12,Sertão dos Crateús,2025,6,983006.0199999996
2304103,12,Sertão dos Crateús,2025,6,2249948.3600000003
2305209,12,Sertão dos Crateús,2025,6,597894.7450000001
2305605,12,Sertão dos Crateús,2025,6,369261.01499999996
2305654,12,Sertão dos Crateús,2025,6,51035.54000000001
2305902,12,Sertão dos Crateús,2025,6,1732258.4300000006
2308609,12,Sertão dos Crateús,2025,6,3107130.93
2309300,12,Sertão dos Crateús,2025,6,3848476.5699999994
2309409,12,Sertão dos Crateús,2025,6,8136053.534999999
2311009,12,Sertão dos Crateús,2025,6,436484.76
2312205,12,Sertão dos Crateús,2025,6,1072931.3650000002
2313203,12,Sertão dos Crateús,2025,6,1199270.5
2300408,13,Sertão dos Inhamuns,2025,6,177431.24
2313302,13,Sertão dos Inhamuns,2025,6,6379855.045000001
2300705,14,Vale do Jaguaribe,2025,6,785969.2399999998
2304277,14,Vale do Jaguaribe,2025,6,89837.0
2306009,14,Vale do Jaguaribe,2025,6,188911.28999999998
2306702,14,Vale do Jaguaribe,2025,6,556281.0299999993
2306801,14,Vale do Jaguaribe,2025,6,461287.71999999974
2307601,14,Vale do Jaguaribe,2025,6,1003531.0
2308708,14,Vale do Jaguaribe,2025,6,749381.9550000001
2310001,14,Vale do Jaguaribe,2025,6,354625.405
2310803,14,Vale do Jaguaribe,2025,6,173047.72499999963
2311231,14,Vale do Jaguaribe,2025,6,256668.59499999997
2311504,14,Vale do Jaguaribe,2025,6,315731.595
2311801,14,Vale do Jaguaribe,2025,6,2182564.744999999
2312502,14,Vale do Jaguaribe,2025,6,477084.16000000003
2313104,14,Vale do Jaguaribe,2025,6,1364647.915
2300101,01,Cariri,2025,7,277134.56000000006
2300606,01,Cariri,2025,7,503359.025
2300804,01,Cariri,2025,7,390222.8600000001
2301307,01,Cariri,2025,7,350503.36
2301604,01,Cariri,2025,7,3517859.2300000004
2301703,01,Cariri,2025,7,641520.79
2301901,01,Cariri,2025,7,1466851.8000000007
2302008,01,Cariri,2025,7,1123880.74
2302503,01,Cariri,2025,7,7442010.8
2303204,01,Cariri,2025,7,2324176.1599999997
2304202,01,Cariri,2025,7,6909975.229999999
2304301,01,Cariri,2025,7,536463.7299999995
2304806,01,Cariri,2025,7,996870.9100000001
2307106,01,Cariri,2025,7,1269480.7000000002
2307205,01,Cariri,2025,7,207209.80000000005
2307304,01,Cariri,2025,7,4966417.98
2307502,01,Cariri,2025,7,1482132.745
2308104,01,Cariri,2025,7,1603524.9450000003
2308302,01,Cariri,2025,7,94143.89500000002
2308401,01,Cariri,2025,7,591740.5699999998
2309201,01,Cariri,2025,7,488384.26
2310605,01,Cariri,2025,7,112845.41500000004
2311108,01,Cariri,2025,7,2161218.74
2311207,01,Cariri,2025,7,704554.8300000001
2311959,01,Cariri,2025,7,582882.7899999999
2312106,01,Cariri,2025,7,0.0
2313252,01,Cariri,2025,7,111582.60999999999
2314003,01,Cariri,2025,7,1509425.33
2300309,02,Centro Sul,2025,7,394912.94
2301802,02,Centro Sul,2025,7,412792.625
2303600,02,Centro Sul,2025,7,486280.18999999994
2303808,02,Centro Sul,2025,7,1216564.495
2305407,02,Centro Sul,2025,7,2946214.1050000004
2305506,02,Centro Sul,2025,7,2303790.58
2305704,02,Centro Sul,2025,7,410442.5349999999
2307403,02,Centro Sul,2025,7,1150469.4449999994
2311355,02,Centro Sul,2025,7,1888608.6499999994
2311900,02,Centro Sul,2025,7,1428435.1400000001
2313708,02,Centro Sul,2025,7,393689.66000000003
2301000,03,Grande Fortaleza,2025,7,5746116.27
2303501,03,Grande Fortaleza,2025,7,3332198.295
2303709,03,Grande Fortaleza,2025,7,15708464.620000001
2303956,03,Grande Fortaleza,2025,7,1846108.69
2304285,03,Grande Fortaleza,2025,7,2751057.4049999993
2304400,03,Grande Fortaleza,2025,7,93948861.37
2304954,03,Grande Fortaleza,2025,7,2970774.42
2305233,03,Grande Fortaleza,2025,7,10725931.345000003
2306256,03,Grande Fortaleza,2025,7,6086127.069999999
2307650,03,Grande Fortaleza,2025,7,3931217.955000002
2307700,03,Grande Fortaleza,2025,7,658072.2600000002
2309607,03,Grande Fortaleza,2025,7,2971187.0250000004
2309706,03,Grande Fortaleza,2025,7,1566882.795
2310209,03,Grande Fortaleza,2025,7,1899380.33
2310258,03,Grande Fortaleza,2025,7,1417863.58
2310852,03,Grande Fortaleza,2025,7,862717.4449999998
2312403,03,Grande Fortaleza,2025,7,4734358.615
2312601,03,Grande Fortaleza,2025,7,101884.875
2313500,03,Grande Fortaleza,2025,7,1501131.8200000003
2301109,04,Litoral Leste,2025,7,2671598.0
2302206,04,Litoral Leste,2025,7,2539788.585
2304459,04,Litoral Leste,2025,7,1308071.255
2305357,04,Litoral Leste,2025,7,617757.1200000001
2306207,04,Litoral Leste,2025,7,137010.89999999997
2307007,04,Litoral Leste,2025,7,1186872.955
2300200,05,Litoral Norte,2025,7,5674024.665000001
2302057,05,Litoral Norte,2025,7,461108.48
2302305,05,Litoral Norte,2025,7,973905.8450000002
2302602,05,Litoral Norte,2025,7,2344485.21
2303907,05,Litoral Norte,2025,7,273759.355
2304251,05,Litoral Norte,2025,7,3456082.325
2304707,05,Litoral Norte,2025,7,2715590.495000001
2306553,05,Litoral Norte,2025,7,3310799.255000001
2307809,05,Litoral Norte,2025,7,286989.3999999999
2307908,05,Litoral Norte,2025,7,0.0
2308906,05,Litoral Norte,2025,7,451927.14000000013
2300754,06,Litoral Oeste / Vale do Curu,2025,7,1187833.42
2300903,06,Litoral Oeste / Vale do Curu,2025,7,41300.560000000056
2304608,06,Litoral Oeste / Vale do Curu,2025,7,567397.0999999999
2306108,06,Litoral Oeste / Vale do Curu,2025,7,2806830.3050000006
2306306,06,Litoral Oeste / Vale do Curu,2025,7,2121599.1399999997
2306405,06,Litoral Oeste / Vale do Curu,2025,7,22035244.35
2308377,06,Litoral Oeste / Vale do Curu,2025,7,486839.5900000001
2310704,06,Litoral Oeste / Vale do Curu,2025,7,51258.08999999985
2313351,06,Litoral Oeste / Vale do Curu,2025,7,1227165.4649999999
2313757,06,Litoral Oeste / Vale do Curu,2025,7,188179.27500000002
2313807,06,Litoral Oeste / Vale do Curu,2025,7,1059357.544999999
2300150,07,Maciço do Baturité,2025,7,1116128.2150000003
2301208,07,Maciço do Baturité,2025,7,855985.875
2301406,07,Maciço do Baturité,2025,7,2023641.74
2301950,07,Maciço do Baturité,2025,7,1054327.445
2302909,07,Maciço do Baturité,2025,7,895437.155
2306504,07,Maciço do Baturité,2025,7,497733.805
2309102,07,Maciço do Baturité,2025,7,462995.25
2309458,07,Maciço do Baturité,2025,7,594823.345
2309805,07,Maciço do Baturité,2025,7,236265.80500000005
2310100,07,Maciço do Baturité,2025,7,157267.515
2311603,07,Maciço do Baturité,2025,7,990406.0050000001
2303402,08,Serra da Ibiapaba,2025,7,1078329.665
2304236,08,Serra da Ibiapaba,2025,7,1524715.5949999997
2305001,08,Serra da Ibiapaba,2025,7,1447632.2200000007
2305308,08,Serra da Ibiapaba,2025,7,1035706.2899999996
2305803,08,Serra da Ibiapaba,2025,7,2458204.2
2312304,08,Serra da Ibiapaba,2025,7,3153931.4400000013
2313401,08,Serra da Ibiapaba,2025,7,2904333.0650000004
2313609,08,Serra da Ibiapaba,2025,7,4894127.0600000005
2314102,08,Serra da Ibiapaba,2025,7,1966282.6099999994
2301851,09,Sertão Central,2025,7,979614.0449999999
2303931,09,Sertão Central,2025,7,1528283.1899999995
2304269,09,Sertão Central,2025,7,576629.4800000004
2305266,09,Sertão Central,2025,7,272088.54999999993
2305332,09,Sertão Central,2025,7,784906.6100000003
2308351,09,Sertão Central,2025,7,1490360.8599999999
2308500,09,Sertão Central,2025,7,1326616.42
2310506,09,Sertão Central,2025,7,2214180.365
2310902,09,Sertão Central,2025,7,562137.2149999999
2311306,09,Sertão Central,2025,7,1292585.9900000007
2311405,09,Sertão Central,2025,7,2702773.0650000013
2312700,09,Sertão Central,2025,7,2816646.615
2313005,09,Sertão Central,2025,7,915261.6900000004
2302404,10,Sertão de Canindé,2025,7,8091780.785
2302800,10,Sertão de Canindé,2025,7,3378029.5500000007
2303006,10,Sertão de Canindé,2025,7,648286.9300000002
2306603,10,Sertão de Canindé,2025,7,2952641.2699999996
2307635,10,Sertão de Canindé,2025,7,1088048.965
2310407,10,Sertão de Canindé,2025,7,922590.0200000003
2300507,11,Sertão de Sobral,2025,7,406078.48
2304350,11,Sertão de Sobral,2025,7,617282.7249999996
2304509,11,Sertão de Sobral,2025,7,43820.630000000005
2304657,11,Sertão de Sobral,2025,7,582702.97
2304905,11,Sertão de Sobral,2025,7,806595.365
2308005,11,Sertão de Sobral,2025,7,76829.71499999997
2308203,11,Sertão de Sobral,2025,7,304434.0
2309904,11,Sertão de Sobral,2025,7,715344.4649999999
2310951,11,Sertão de Sobral,2025,7,935616.3199999994
2311702,11,Sertão de Sobral,2025,7,1624885.4649999999
2312007,11,Sertão de Sobral,2025,7,1392513.325
2312908,11,Sertão de Sobral,2025,7,6608233.145000003
2313955,11,Sertão de Sobral,2025,7,1847847.895
2303659,12,Sertão dos Crateús,2025,7,960010.7000000002
2304103,12,Sertão dos Crateús,2025,7,1165693.3249999997
2305209,12,Sertão dos Crateús,2025,7,1178687.7399999998
2305605,12,Sertão dos Crateús,2025,7,1130315.095
2305654,12,Sertão dos Crateús,2025,7,79553.505
2305902,12,Sertão dos Crateús,2025,7,1369684.0599999996
2308609,12,Sertão dos Crateús,2025,7,1459809.5199999996
2309300,12,Sertão dos Crateús,2025,7,1870548.6799999997
2309409,12,Sertão dos Crateús,2025,7,5428214.514999999
2311009,12,Sertão dos Crateús,2025,7,1857331.27
2312205,12,Sertão dos Crateús,2025,7,1645437.9199999995
2313203,12,Sertão dos Crateús,2025,7,2092030.6550000003
2300408,13,Sertão dos Inhamuns,2025,7,25701.57500000001
2313302,13,Sertão dos Inhamuns,2025,7,5385830.369999997
2300705,14,Vale do Jaguaribe,2025,7,1445839.6550000003
2304277,14,Vale do Jaguaribe,2025,7,43255.19499999999
2306009,14,Vale do Jaguaribe,2025,7,264285.04500000004
2306702,14,Vale do Jaguaribe,2025,7,1627621.67
2306801,14,Vale do Jaguaribe,2025,7,670334.5800000001
2307601,14,Vale do Jaguaribe,2025,7,1162756.455
2308708,14,Vale do Jaguaribe,2025,7,2237959.5799999996
2310001,14,Vale do Jaguaribe,2025,7,480168.71499999985
2310803,14,Vale do Jaguaribe,2025,7,1481852.37
2311231,14,Vale do Jaguaribe,2025,7,670030.2149999999
2311504,14,Vale do Jaguaribe,2025,7,394796.8150000002
2311801,14,Vale do Jaguaribe,2025,7,2373767.665000001
2312502,14,Vale do Jaguaribe,2025,7,197360.485
2313104,14,Vale do Jaguaribe,2025,7,1684237.6900000004
2300101,01,Cariri,2025,8,277134.56000000006
2300606,01,Cariri,2025,8,503359.025
2300804,01,Cariri,2025,8,390222.8600000001
2301307,01,Cariri,2025,8,350503.36
2301604,01,Cariri,2025,8,3517859.2300000004
2301703,01,Cariri,2025,8,641520.79
2301901,01,Cariri,2025,8,1466851.8000000007
2302008,01,Cariri,2025,8,1123880.74
2302503,01,Cariri,2025,8,7442010.8
2303204,01,Cariri,2025,8,2324176.1599999997
2304202,01,Cariri,2025,8,6909975.229999999
2304301,01,Cariri,2025,8,536463.7299999995
2304806,01,Cariri,2025,8,996870.9100000001
2307106,01,Cariri,2025,8,1269480.7000000002
2307205,01,Cariri,2025,8,207209.80000000005
2307304,01,Cariri,2025,8,4966417.98
2307502,01,Cariri,2025,8,1482132.745
2308104,01,Cariri,2025,8,1603524.9450000003
2308302,01,Cariri,2025,8,94143.89500000002
2308401,01,Cariri,2025,8,591740.5699999998
2309201,01,Cariri,2025,8,488384.26
2310605,01,Cariri,2025,8,112845.41500000004
2311108,01,Cariri,2025,8,2161218.74
2311207,01,Cariri,2025,8,704554.8300000001
2311959,01,Cariri,2025,8,582882.7899999999
2312106,01,Cariri,2025,8,0.0
2313252,01,Cariri,2025,8,111582.60999999999
2314003,01,Cariri,2025,8,1509425.33
2300309,02,Centro Sul,2025,8,394912.94
2301802,02,Centro Sul,2025,8,412792.625
2303600,02,Centro Sul,2025,8,486280.18999999994
2303808,02,Centro Sul,2025,8,1216564.495
2305407,02,Centro Sul,2025,8,2946214.1050000004
2305506,02,Centro Sul,2025,8,2303790.58
2305704,02,Centro Sul,2025,8,410442.5349999999
2307403,02,Centro Sul,2025,8,1150469.4449999994
2311355,02,Centro Sul,2025,8,1888608.6499999994
2311900,02,Centro Sul,2025,8,1428435.1400000001
2313708,02,Centro Sul,2025,8,393689.66000000003
2301000,03,Grande Fortaleza,2025,8,5746116.27
2303501,03,Grande Fortaleza,2025,8,3332198.295
2303709,03,Grande Fortaleza,2025,8,15708464.620000001
2303956,03,Grande Fortaleza,2025,8,1846108.69
2304285,03,Grande Fortaleza,2025,8,2751057.4049999993
2304400,03,Grande Fortaleza,2025,8,93948861.37
2304954,03,Grande Fortaleza,2025,8,2970774.42
2305233,03,Grande Fortaleza,2025,8,10725931.345000003
2306256,03,Grande Fortaleza,2025,8,6086127.069999999
2307650,03,Grande Fortaleza,2025,8,3931217.955000002
2307700,03,Grande Fortaleza,2025,8,658072.2600000002
2309607,03,Grande Fortaleza,2025,8,2971187.0250000004
2309706,03,Grande Fortaleza,2025,8,1566882.795
2310209,03,Grande Fortaleza,2025,8,1899380.33
2310258,03,Grande Fortaleza,2025,8,1417863.58
2310852,03,Grande Fortaleza,2025,8,862717.4449999998
2312403,03,Grande Fortaleza,2025,8,4734358.615
2312601,03,Grande Fortaleza,2025,8,101884.875
2313500,03,Grande Fortaleza,2025,8,1501131.8200000003
2301109,04,Litoral Leste,2025,8,2671598.0
2302206,04,Litoral Leste,2025,8,2539788.585
2304459,04,Litoral Leste,2025,8,1308071.255
2305357,04,Litoral Leste,2025,8,617757.1200000001
2306207,04,Litoral Leste,2025,8,137010.89999999997
2307007,04,Litoral Leste,2025,8,1186872.955
2300200,05,Litoral Norte,2025,8,5674024.665000001
2302057,05,Litoral Norte,2025,8,461108.48
2302305,05,Litoral Norte,2025,8,973905.8450000002
2302602,05,Litoral Norte,2025,8,2344485.21
2303907,05,Litoral Norte,2025,8,273759.355
2304251,05,Litoral Norte,2025,8,3456082.325
2304707,05,Litoral Norte,2025,8,2715590.495000001
2306553,05,Litoral Norte,2025,8,3310799.255000001
2307809,05,Litoral Norte,2025,8,286989.3999999999
2307908,05,Litoral Norte,2025,8,0.0
2308906,05,Litoral Norte,2025,8,451927.14000000013
2300754,06,Litoral Oeste / Vale do Curu,2025,8,1187833.42
2300903,06,Litoral Oeste / Vale do Curu,2025,8,41300.560000000056
2304608,06,Litoral Oeste / Vale do Curu,2025,8,567397.0999999999
2306108,06,Litoral Oeste / Vale do Curu,2025,8,2806830.3050000006
2306306,06,Litoral Oeste / Vale do Curu,2025,8,2121599.1399999997
2306405,06,Litoral Oeste / Vale do Curu,2025,8,22035244.35
2308377,06,Litoral Oeste / Vale do Curu,2025,8,486839.5900000001
2310704,06,Litoral Oeste / Vale do Curu,2025,8,51258.08999999985
2313351,06,Litoral Oeste / Vale do Curu,2025,8,1227165.4649999999
2313757,06,Litoral Oeste / Vale do Curu,2025,8,188179.27500000002
2313807,06,Litoral Oeste / Vale do Curu,2025,8,1059357.544999999
2300150,07,Maciço do Baturité,2025,8,1116128.2150000003
2301208,07,Maciço do Baturité,2025,8,855985.875
2301406,07,Maciço do Baturité,2025,8,2023641.74
2301950,07,Maciço do Baturité,2025,8,1054327.445
2302909,07,Maciço do Baturité,2025,8,895437.155
2306504,07,Maciço do Baturité,2025,8,497733.805
2309102,07,Maciço do Baturité,2025,8,462995.25
2309458,07,Maciço do Baturité,2025,8,594823.345
2309805,07,Maciço do Baturité,2025,8,236265.80500000005
2310100,07,Maciço do Baturité,2025,8,157267.515
2311603,07,Maciço do Baturité,2025,8,990406.0050000001
2303402,08,Serra da Ibiapaba,2025,8,1078329.665
2304236,08,Serra da Ibiapaba,2025,8,1524715.5949999997
2305001,08,Serra da Ibiapaba,2025,8,1447632.2200000007
2305308,08,Serra da Ibiapaba,2025,8,1035706.2899999996
2305803,08,Serra da Ibiapaba,2025,8,2458204.2
2312304,08,Serra da Ibiapaba,2025,8,3153931.4400000013
2313401,08,Serra da Ibiapaba,2025,8,2904333.0650000004
2313609,08,Serra da Ibiapaba,2025,8,4894127.0600000005
2314102,08,Serra da Ibiapaba,2025,8,1966282.6099999994
2301851,09,Sertão Central,2025,8,979614.0449999999
2303931,09,Sertão Central,2025,8,1528283.1899999995
2304269,09,Sertão Central,2025,8,576629.4800000004
2305266,09,Sertão Central,2025,8,272088.54999999993
2305332,09,Sertão Central,2025,8,784906.6100000003
2308351,09,Sertão Central,2025,8,1490360.8599999999
2308500,09,Sertão Central,2025,8,1326616.42
2310506,09,Sertão Central,2025,8,2214180.365
2310902,09,Sertão Central,2025,8,562137.2149999999
2311306,09,Sertão Central,2025,8,1292585.9900000007
2311405,09,Sertão Central,2025,8,2702773.0650000013
2312700,09,Sertão Central,2025,8,2816646.615
2313005,09,Sertão Central,2025,8,915261.6900000004
2302404,10,Sertão de Canindé,2025,8,8091780.785
2302800,10,Sertão de Canindé,2025,8,3378029.5500000007
2303006,10,Sertão de Canindé,2025,8,648286.9300000002
2306603,10,Sertão de Canindé,2025,8,2952641.2699999996
2307635,10,Sertão de Canindé,2025,8,1088048.965
2310407,10,Sertão de Canindé,2025,8,922590.0200000003
2300507,11,Sertão de Sobral,2025,8,406078.48
2304350,11,Sertão de Sobral,2025,8,617282.7249999996
2304509,11,Sertão de Sobral,2025,8,43820.630000000005
2304657,11,Sertão de Sobral,2025,8,582702.97
2304905,11,Sertão de Sobral,2025,8,806595.365
2308005,11,Sertão de Sobral,2025,8,76829.71499999997
2308203,11,Sertão de Sobral,2025,8,304434.0
2309904,11,Sertão de Sobral,2025,8,715344.4649999999
2310951,11,Sertão de Sobral,2025,8,935616.3199999994
2311702,11,Sertão de Sobral,2025,8,1624885.4649999999
2312007,11,Sertão de Sobral,2025,8,1392513.325
2312908,11,Sertão de Sobral,2025,8,6608233.145000003
2313955,11,Sertão de Sobral,2025,8,1847847.895
2303659,12,Sertão dos Crateús,2025,8,960010.7000000002
2304103,12,Sertão dos Crateús,2025,8,1165693.3249999997
2305209,12,Sertão dos Crateús,2025,8,1178687.7399999998
2305605,12,Sertão dos Crateús,2025,8,1130315.095
2305654,12,Sertão dos Crateús,2025,8,79553.505
2305902,12,Sertão dos Crateús,2025,8,1369684.0599999996
2308609,12,Sertão dos Crateús,2025,8,1459809.5199999996
2309300,12,Sertão dos Crateús,2025,8,1870548.6799999997
2309409,12,Sertão dos Crateús,2025,8,5428214.514999999
2311009,12,Sertão dos Crateús,2025,8,1857331.27
2312205,12,Sertão dos Crateús,2025,8,1645437.9199999995
2313203,12,Sertão dos Crateús,2025,8,2092030.6550000003
2300408,13,Sertão dos Inhamuns,2025,8,25701.57500000001
2313302,13,Sertão dos Inhamuns,2025,8,5385830.369999997
2300705,14,Vale do Jaguaribe,2025,8,1445839.6550000003
2304277,14,Vale do Jaguaribe,2025,8,43255.19499999999
2306009,14,Vale do Jaguaribe,2025,8,264285.04500000004
2306702,14,Vale do Jaguaribe,2025,8,1627621.67
2306801,14,Vale do Jaguaribe,2025,8,670334.5800000001
2307601,14,Vale do Jaguaribe,2025,8,1162756.455
2308708,14,Vale do Jaguaribe,2025,8,2237959.5799999996
2310001,14,Vale do Jaguaribe,2025,8,480168.71499999985
2310803,14,Vale do Jaguaribe,2025,8,1481852.37
2311231,14,Vale do Jaguaribe,2025,8,670030.2149999999
2311504,14,Vale do Jaguaribe,2025,8,394796.8150000002
2311801,14,Vale do Jaguaribe,2025,8,2373767.665000001
2312502,14,Vale do Jaguaribe,2025,8,197360.485
2313104,14,Vale do Jaguaribe,2025,8,1684237.6900000004
2300101,01,Cariri,2025,9,627613.6299999999
2300606,01,Cariri,2025,9,567956.79
2300804,01,Cariri,2025,9,475478.23
2301307,01,Cariri,2025,9,743385.03
2301604,01,Cariri,2025,9,1819063.879999999
2301703,01,Cariri,2025,9,851992.9149999998
2301901,01,Cariri,2025,9,6526872.76
2302008,01,Cariri,2025,9,159556.31000000006
2302503,01,Cariri,2025,9,6271196.550000001
2303204,01,Cariri,2025,9,1388590.7700000005
2304202,01,Cariri,2025,9,4943098.755000003
2304301,01,Cariri,2025,9,2368730.8450000007
2304806,01,Cariri,2025,9,2544134.4850000003
2307106,01,Cariri,2025,9,3443702.8499999996
2307205,01,Cariri,2025,9,442923.6699999999
2307304,01,Cariri,2025,9,3375958.9899999984
2307502,01,Cariri,2025,9,1339318.3200000003
2308104,01,Cariri,2025,9,2473926.9050000003
2308302,01,Cariri,2025,9,1123288.77
2308401,01,Cariri,2025,9,1010630.6500000004
2309201,01,Cariri,2025,9,715281.69
2310605,01,Cariri,2025,9,240595.10499999998
2311108,01,Cariri,2025,9,2078649.4749999996
2311207,01,Cariri,2025,9,325294.2050000001
2311959,01,Cariri,2025,9,854255.8300000001
2312106,01,Cariri,2025,9,0.0
2313252,01,Cariri,2025,9,57961.45000000001
2314003,01,Cariri,2025,9,1556746.7200000007
2300309,02,Centro Sul,2025,9,364457.4049999999
2301802,02,Centro Sul,2025,9,312506.9750000001
2303600,02,Centro Sul,2025,9,667654.885
2303808,02,Centro Sul,2025,9,746976.6949999998
2305407,02,Centro Sul,2025,9,1852675.4049999993
2305506,02,Centro Sul,2025,9,5054523.82
2305704,02,Centro Sul,2025,9,869682.0149999999
2307403,02,Centro Sul,2025,9,2039939.3450000007
2311355,02,Centro Sul,2025,9,1334461.495
2311900,02,Centro Sul,2025,9,1637711.32
2313708,02,Centro Sul,2025,9,457545.77
2301000,03,Grande Fortaleza,2025,9,7562345.755000003
2303501,03,Grande Fortaleza,2025,9,4091205.08
2303709,03,Grande Fortaleza,2025,9,20408762.420000006
2303956,03,Grande Fortaleza,2025,9,792624.4450000003
2304285,03,Grande Fortaleza,2025,9,2611925.340000001
2304400,03,Grande Fortaleza,2025,9,67204443.71000001
2304954,03,Grande Fortaleza,2025,9,2816077.0500000007
2305233,03,Grande Fortaleza,2025,9,5487561.68
2306256,03,Grande Fortaleza,2025,9,3830728.4700000025
2307650,03,Grande Fortaleza,2025,9,8856629.169999998
2307700,03,Grande Fortaleza,2025,9,3930685.0500000003
2309607,03,Grande Fortaleza,2025,9,2562745.3200000003
2309706,03,Grande Fortaleza,2025,9,1262758.3049999988
2310209,03,Grande Fortaleza,2025,9,2222122.0649999995
2310258,03,Grande Fortaleza,2025,9,4074323.119999999
2310852,03,Grande Fortaleza,2025,9,815594.75
2312403,03,Grande Fortaleza,2025,9,1702331.6799999997
2312601,03,Grande Fortaleza,2025,9,912177.0750000001
2313500,03,Grande Fortaleza,2025,9,3431807.245000001
2301109,04,Litoral Leste,2025,9,2566985.710000001
2302206,04,Litoral Leste,2025,9,2679396.83
2304459,04,Litoral Leste,2025,9,213960.81999999937
2305357,04,Litoral Leste,2025,9,1274006.525
2306207,04,Litoral Leste,2025,9,397855.63
2307007,04,Litoral Leste,2025,9,2203291.5
2300200,05,Litoral Norte,2025,9,3563562.3149999995
2302057,05,Litoral Norte,2025,9,258547.83499999996
2302305,05,Litoral Norte,2025,9,1893639.0750000002
2302602,05,Litoral Norte,2025,9,1103999.1849999996
2303907,05,Litoral Norte,2025,9,167039.31000000006
2304251,05,Litoral Norte,2025,9,3444030.6399999987
2304707,05,Litoral Norte,2025,9,6101299.465
2306553,05,Litoral Norte,2025,9,5275904.699999999
2307809,05,Litoral Norte,2025,9,1025839.565
2307908,05,Litoral Norte,2025,9,214618.01
2308906,05,Litoral Norte,2025,9,669895.9549999996
2300754,06,Litoral Oeste / Vale do Curu,2025,9,3423944.96
2300903,06,Litoral Oeste / Vale do Curu,2025,9,630354.045
2304608,06,Litoral Oeste / Vale do Curu,2025,9,802356.02
2306108,06,Litoral Oeste / Vale do Curu,2025,9,2018129.505
2306306,06,Litoral Oeste / Vale do Curu,2025,9,1898807.005
2306405,06,Litoral Oeste / Vale do Curu,2025,9,11102037.89
2308377,06,Litoral Oeste / Vale do Curu,2025,9,1198971.6500000001
2310704,06,Litoral Oeste / Vale do Curu,2025,9,909817.46
2313351,06,Litoral Oeste / Vale do Curu,2025,9,2021715.8550000004
2313757,06,Litoral Oeste / Vale do Curu,2025,9,512547.4650000001
2313807,06,Litoral Oeste / Vale do Curu,2025,9,1159343.96
2300150,07,Maciço do Baturité,2025,9,1064455.4749999996
2301208,07,Maciço do Baturité,2025,9,1408896.8249999997
2301406,07,Maciço do Baturité,2025,9,708631.3649999998
2301950,07,Maciço do Baturité,2025,9,601598.7549999999
2302909,07,Maciço do Baturité,2025,9,29400.0
2306504,07,Maciço do Baturité,2025,9,559174.245
2309102,07,Maciço do Baturité,2025,9,389536.53
2309458,07,Maciço do Baturité,2025,9,1071588.925
2309805,07,Maciço do Baturité,2025,9,960501.9299999999
2310100,07,Maciço do Baturité,2025,9,300137.08499999996
2311603,07,Maciço do Baturité,2025,9,370364.1549999998
2303402,08,Serra da Ibiapaba,2025,9,792011.4399999995
2304236,08,Serra da Ibiapaba,2025,9,1485942.8800000008
2305001,08,Serra da Ibiapaba,2025,9,1555278.7350000003
2305308,08,Serra da Ibiapaba,2025,9,1184476.6800000006
2305803,08,Serra da Ibiapaba,2025,9,2101355.3899999997
2312304,08,Serra da Ibiapaba,2025,9,5820044.475
2313401,08,Serra da Ibiapaba,2025,9,1966387.584999999
2313609,08,Serra da Ibiapaba,2025,9,18245.5
2314102,08,Serra da Ibiapaba,2025,9,4673716.09
2301851,09,Sertão Central,2025,9,875623.9149999996
2303931,09,Sertão Central,2025,9,2612736.535000001
2304269,09,Sertão Central,2025,9,299843.4299999997
2305266,09,Sertão Central,2025,9,161220.04000000004
2305332,09,Sertão Central,2025,9,807228.5350000001
2308351,09,Sertão Central,2025,9,3741616.4849999994
2308500,09,Sertão Central,2025,9,1789629.0700000003
2310506,09,Sertão Central,2025,9,3158803.24
2310902,09,Sertão Central,2025,9,1105298.5600000005
2311306,09,Sertão Central,2025,9,4780207.244999999
2311405,09,Sertão Central,2025,9,5232580.0
2312700,09,Sertão Central,2025,9,2429742.09
2313005,09,Sertão Central,2025,9,1065607.249999999
2302404,10,Sertão de Canindé,2025,9,2866152.575000003
2302800,10,Sertão de Canindé,2025,9,3545614.6549999993
2303006,10,Sertão de Canindé,2025,9,457526.3800000001
2306603,10,Sertão de Canindé,2025,9,4313337.359999999
2307635,10,Sertão de Canindé,2025,9,499095.0249999999
2310407,10,Sertão de Canindé,2025,9,877586.6949999998
2300507,11,Sertão de Sobral,2025,9,273342.3400000001
2304350,11,Sertão de Sobral,2025,9,2235895.3050000016
2304509,11,Sertão de Sobral,2025,9,432855.92500000005
2304657,11,Sertão de Sobral,2025,9,616886.9349999998
2304905,11,Sertão de Sobral,2025,9,769994.5899999999
2308005,11,Sertão de Sobral,2025,9,811.9100000000326
2308203,11,Sertão de Sobral,2025,9,301407.80500000017
2309904,11,Sertão de Sobral,2025,9,446490.23
2310951,11,Sertão de Sobral,2025,9,1523090.25
2311702,11,Sertão de Sobral,2025,9,1224621.3549999995
2312007,11,Sertão de Sobral,2025,9,2812497.895
2312908,11,Sertão de Sobral,2025,9,4068100.549999997
2313955,11,Sertão de Sobral,2025,9,1589655.165
2303659,12,Sertão dos Crateús,2025,9,2588535.4000000004
2304103,12,Sertão dos Crateús,2025,9,7074872.12
2305209,12,Sertão dos Crateús,2025,9,470325.1150000002
2305605,12,Sertão dos Crateús,2025,9,859861.44
2305654,12,Sertão dos Crateús,2025,9,64219.19
2305902,12,Sertão dos Crateús,2025,9,1733420.4699999997
2308609,12,Sertão dos Crateús,2025,9,452089.7400000002
2309300,12,Sertão dos Crateús,2025,9,531152.9050000012
2309409,12,Sertão dos Crateús,2025,9,7979080.59
2311009,12,Sertão dos Crateús,2025,9,1784087.7699999996
2312205,12,Sertão dos Crateús,2025,9,884324.8250000002
2313203,12,Sertão dos Crateús,2025,9,2474886.3899999997
2300408,13,Sertão dos Inhamuns,2025,9,1905749.055
2313302,13,Sertão dos Inhamuns,2025,9,2561616.0150000006
2300705,14,Vale do Jaguaribe,2025,9,1347558.4500000002
2304277,14,Vale do Jaguaribe,2025,9,567867.25
2306009,14,Vale do Jaguaribe,2025,9,723418.18
2306702,14,Vale do Jaguaribe,2025,9,1955601.7149999999
2306801,14,Vale do Jaguaribe,2025,9,23184.525000000373
2307601,14,Vale do Jaguaribe,2025,9,1594465.495
2308708,14,Vale do Jaguaribe,2025,9,2781740.0700000003
2310001,14,Vale do Jaguaribe,2025,9,435069.7150000001
2310803,14,Vale do Jaguaribe,2025,9,3324153.6050000004
2311231,14,Vale do Jaguaribe,2025,9,260273.7000000002
2311504,14,Vale do Jaguaribe,2025,9,2072482.6599999997
2311801,14,Vale do Jaguaribe,2025,9,466006.99500000104
2312502,14,Vale do Jaguaribe,2025,9,179601.55499999993
2313104,14,Vale do Jaguaribe,2025,9,809971.1099999994
2300101,01,Cariri,2025,10,627613.6299999999
2300606,01,Cariri,2025,10,567956.79
2300804,01,Cariri,2025,10,475478.23
2301307,01,Cariri,2025,10,743385.03
2301604,01,Cariri,2025,10,1819063.879999999
2301703,01,Cariri,2025,10,851992.9149999998
2301901,01,Cariri,2025,10,6526872.76
2302008,01,Cariri,2025,10,159556.31000000006
2302503,01,Cariri,2025,10,6271196.550000001
2303204,01,Cariri,2025,10,1388590.7700000005
2304202,01,Cariri,2025,10,4943098.755000003
2304301,01,Cariri,2025,10,2368730.8450000007
2304806,01,Cariri,2025,10,2544134.4850000003
2307106,01,Cariri,2025,10,3443702.8499999996
2307205,01,Cariri,2025,10,442923.6699999999
2307304,01,Cariri,2025,10,3375958.9899999984
2307502,01,Cariri,2025,10,1339318.3200000003
2308104,01,Cariri,2025,10,2473926.9050000003
2308302,01,Cariri,2025,10,1123288.77
2308401,01,Cariri,2025,10,1010630.6500000004
2309201,01,Cariri,2025,10,715281.69
2310605,01,Cariri,2025,10,240595.10499999998
2311108,01,Cariri,2025,10,2078649.4749999996
2311207,01,Cariri,2025,10,325294.2050000001
2311959,01,Cariri,2025,10,854255.8300000001
2312106,01,Cariri,2025,10,0.0
2313252,01,Cariri,2025,10,57961.45000000001
2314003,01,Cariri,2025,10,1556746.7200000007
2300309,02,Centro Sul,2025,10,364457.4049999999
2301802,02,Centro Sul,2025,10,312506.9750000001
2303600,02,Centro Sul,2025,10,667654.885
2303808,02,Centro Sul,2025,10,746976.6949999998
2305407,02,Centro Sul,2025,10,1852675.4049999993
2305506,02,Centro Sul,2025,10,5054523.82
2305704,02,Centro Sul,2025,10,869682.0149999999
2307403,02,Centro Sul,2025,10,2039939.3450000007
2311355,02,Centro Sul,2025,10,1334461.495
2311900,02,Centro Sul,2025,10,1637711.32
2313708,02,Centro Sul,2025,10,457545.77
2301000,03,Grande Fortaleza,2025,10,7562345.755000003
2303501,03,Grande Fortaleza,2025,10,4091205.08
2303709,03,Grande Fortaleza,2025,10,20408762.420000006
2303956,03,Grande Fortaleza,2025,10,792624.4450000003
2304285,03,Grande Fortaleza,2025,10,2611925.340000001
2304400,03,Grande Fortaleza,2025,10,67204443.71000001
2304954,03,Grande Fortaleza,2025,10,2816077.0500000007
2305233,03,Grande Fortaleza,2025,10,5487561.68
2306256,03,Grande Fortaleza,2025,10,3830728.4700000025
2307650,03,Grande Fortaleza,2025,10,8856629.169999998
2307700,03,Grande Fortaleza,2025,10,3930685.0500000003
2309607,03,Grande Fortaleza,2025,10,2562745.3200000003
2309706,03,Grande Fortaleza,2025,10,1262758.3049999988
2310209,03,Grande Fortaleza,2025,10,2222122.0649999995
2310258,03,Grande Fortaleza,2025,10,4074323.119999999
2310852,03,Grande Fortaleza,2025,10,815594.75
2312403,03,Grande Fortaleza,2025,10,1702331.6799999997
2312601,03,Grande Fortaleza,2025,10,912177.0750000001
2313500,03,Grande Fortaleza,2025,10,3431807.245000001
2301109,04,Litoral Leste,2025,10,2566985.710000001
2302206,04,Litoral Leste,2025,10,2679396.83
2304459,04,Litoral Leste,2025,10,213960.81999999937
2305357,04,Litoral Leste,2025,10,1274006.525
2306207,04,Litoral Leste,2025,10,397855.63
2307007,04,Litoral Leste,2025,10,2203291.5
2300200,05,Litoral Norte,2025,10,3563562.3149999995
2302057,05,Litoral Norte,2025,10,258547.83499999996
2302305,05,Litoral Norte,2025,10,1893639.0750000002
2302602,05,Litoral Norte,2025,10,1103999.1849999996
2303907,05,Litoral Norte,2025,10,167039.31000000006
2304251,05,Litoral Norte,2025,10,3444030.6399999987
2304707,05,Litoral Norte,2025,10,6101299.465
2306553,05,Litoral Norte,2025,10,5275904.699999999
2307809,05,Litoral Norte,2025,10,1025839.565
2307908,05,Litoral Norte,2025,10,214618.01
2308906,05,Litoral Norte,2025,10,669895.9549999996
2300754,06,Litoral Oeste / Vale do Curu,2025,10,3423944.96
2300903,06,Litoral Oeste / Vale do Curu,2025,10,630354.045
2304608,06,Litoral Oeste / Vale do Curu,2025,10,802356.02
2306108,06,Litoral Oeste / Vale do Curu,2025,10,2018129.505
2306306,06,Litoral Oeste / Vale do Curu,2025,10,1898807.005
2306405,06,Litoral Oeste / Vale do Curu,2025,10,11102037.89
2308377,06,Litoral Oeste / Vale do Curu,2025,10,1198971.6500000001
2310704,06,Litoral Oeste / Vale do Curu,2025,10,909817.46
2313351,06,Litoral Oeste / Vale do Curu,2025,10,2021715.8550000004
2313757,06,Litoral Oeste / Vale do Curu,2025,10,512547.4650000001
2313807,06,Litoral Oeste / Vale do Curu,2025,10,1159343.96
2300150,07,Maciço do Baturité,2025,10,1064455.4749999996
2301208,07,Maciço do Baturité,2025,10,1408896.8249999997
2301406,07,Maciço do Baturité,2025,10,708631.3649999998
2301950,07,Maciço do Baturité,2025,10,601598.7549999999
2302909,07,Maciço do Baturité,2025,10,29400.0
2306504,07,Maciço do Baturité,2025,10,559174.245
2309102,07,Maciço do Baturité,2025,10,389536.53
2309458,07,Maciço do Baturité,2025,10,1071588.925
2309805,07,Maciço do Baturité,2025,10,960501.9299999999
2310100,07,Maciço do Baturité,2025,10,300137.08499999996
2311603,07,Maciço do Baturité,2025,10,370364.1549999998
2303402,08,Serra da Ibiapaba,2025,10,792011.4399999995
2304236,08,Serra da Ibiapaba,2025,10,1485942.8800000008
2305001,08,Serra da Ibiapaba,2025,10,1555278.7350000003
2305308,08,Serra da Ibiapaba,2025,10,1184476.6800000006
2305803,08,Serra da Ibiapaba,2025,10,2101355.3899999997
2312304,08,Serra da Ibiapaba,2025,10,5820044.475
2313401,08,Serra da Ibiapaba,2025,10,1966387.584999999
2313609,08,Serra da Ibiapaba,2025,10,18245.5
2314102,08,Serra da Ibiapaba,2025,10,4673716.09
2301851,09,Sertão Central,2025,10,875623.9149999996
2303931,09,Sertão Central,2025,10,2612736.535000001
2304269,09,Sertão Central,2025,10,299843.4299999997
2305266,09,Sertão Central,2025,10,161220.04000000004
2305332,09,Sertão Central,2025,10,807228.5350000001
2308351,09,Sertão Central,2025,10,3741616.4849999994
2308500,09,Sertão Central,2025,10,1789629.0700000003
2310506,09,Sertão Central,2025,10,3158803.24
2310902,09,Sertão Central,2025,10,1105298.5600000005
2311306,09,Sertão Central,2025,10,4780207.244999999
2311405,09,Sertão Central,2025,10,5232580.0
2312700,09,Sertão Central,2025,10,2429742.09
2313005,09,Sertão Central,2025,10,1065607.249999999
2302404,10,Sertão de Canindé,2025,10,2866152.575000003
2302800,10,Sertão de Canindé,2025,10,3545614.6549999993
2303006,10,Sertão de Canindé,2025,10,457526.3800000001
2306603,10,Sertão de Canindé,2025,10,4313337.359999999
2307635,10,Sertão de Canindé,2025,10,499095.0249999999
2310407,10,Sertão de Canindé,2025,10,877586.6949999998
2300507,11,Sertão de Sobral,2025,10,273342.3400000001
2304350,11,Sertão de Sobral,2025,10,2235895.3050000016
2304509,11,Sertão de Sobral,2025,10,432855.92500000005
2304657,11,Sertão de Sobral,2025,10,616886.9349999998
2304905,11,Sertão de Sobral,2025,10,769994.5899999999
2308005,11,Sertão de Sobral,2025,10,811.9100000000326
2308203,11,Sertão de Sobral,2025,10,301407.80500000017
2309904,11,Sertão de Sobral,2025,10,446490.23
2310951,11,Sertão de Sobral,2025,10,1523090.25
2311702,11,Sertão de Sobral,2025,10,1224621.3549999995
2312007,11,Sertão de Sobral,2025,10,2812497.895
2312908,11,Sertão de Sobral,2025,10,4068100.549999997
2313955,11,Sertão de Sobral,2025,10,1589655.165
2303659,12,Sertão dos Crateús,2025,10,2588535.4000000004
2304103,12,Sertão dos Crateús,2025,10,7074872.12
2305209,12,Sertão dos Crateús,2025,10,470325.1150000002
2305605,12,Sertão dos Crateús,2025,10,859861.44
2305654,12,Sertão dos Crateús,2025,10,64219.19
2305902,12,Sertão dos Crateús,2025,10,1733420.4699999997
2308609,12,Sertão dos Crateús,2025,10,452089.7400000002
2309300,12,Sertão dos Crateús,2025,10,531152.9050000012
2309409,12,Sertão dos Crateús,2025,10,7979080.59
2311009,12,Sertão dos Crateús,2025,10,1784087.7699999996
2312205,12,Sertão dos Crateús,2025,10,884324.8250000002
2313203,12,Sertão dos Crateús,2025,10,2474886.3899999997
2300408,13,Sertão dos Inhamuns,2025,10,1905749.055
2313302,13,Sertão dos Inhamuns,2025,10,2561616.0150000006
2300705,14,Vale do Jaguaribe,2025,10,1347558.4500000002
2304277,14,Vale do Jaguaribe,2025,10,567867.25
2306009,14,Vale do Jaguaribe,2025,10,723418.18
2306702,14,Vale do Jaguaribe,2025,10,1955601.7149999999
2306801,14,Vale do Jaguaribe,2025,10,23184.525000000373
2307601,14,Vale do Jaguaribe,2025,10,1594465.495
2308708,14,Vale do Jaguaribe,2025,10,2781740.0700000003
2310001,14,Vale do Jaguaribe,2025,10,435069.7150000001
2310803,14,Vale do Jaguaribe,2025,10,3324153.6050000004
2311231,14,Vale do Jaguaribe,2025,10,260273.7000000002
2311504,14,Vale do Jaguaribe,2025,10,2072482.6599999997
2311801,14,Vale do Jaguaribe,2025,10,466006.99500000104
2312502,14,Vale do Jaguaribe,2025,10,179601.55499999993
2313104,14,Vale do Jaguaribe,2025,10,809971.1099999994
2300101,01,Cariri,2025,11,757485.5550000002
2300606,01,Cariri,2025,11,2261796.51
2300804,01,Cariri,2025,11,247489.61499999976
2301307,01,Cariri,2025,11,971671.365
2301604,01,Cariri,2025,11,0.0
2301703,01,Cariri,2025,11,1682049.4900000002
2301901,01,Cariri,2025,11,4822996.069999998
2302008,01,Cariri,2025,11,23641.12999999989
2302503,01,Cariri,2025,11,17749752.880000003
2303204,01,Cariri,2025,11,2529422.539999999
2304202,01,Cariri,2025,11,5489339.43
2304301,01,Cariri,2025,11,1606452.1150000002
2304806,01,Cariri,2025,11,1259303.8449999997
2307106,01,Cariri,2025,11,172543.91500000004
2307205,01,Cariri,2025,11,54091.37999999989
2307304,01,Cariri,2025,11,17153298.130000003
2307502,01,Cariri,2025,11,861879.4450000003
2308104,01,Cariri,2025,11,3187263.625
2308302,01,Cariri,2025,11,3562372.7600000002
2308401,01,Cariri,2025,11,645041.335
2309201,01,Cariri,2025,11,1344206.205
2310605,01,Cariri,2025,11,216251.07499999995
2311108,01,Cariri,2025,11,2063693.9249999998
2311207,01,Cariri,2025,11,73779.49499999965
2311959,01,Cariri,2025,11,1079845.2500000002
2312106,01,Cariri,2025,11,0.0
2313252,01,Cariri,2025,11,2055662.0200000003
2314003,01,Cariri,2025,11,4108395.3599999994
2300309,02,Centro Sul,2025,11,2048660.9400000002
2301802,02,Centro Sul,2025,11,0.0
2303600,02,Centro Sul,2025,11,666441.8399999999
2303808,02,Centro Sul,2025,11,2893757.88
2305407,02,Centro Sul,2025,11,0.0
2305506,02,Centro Sul,2025,11,2099079.375
2305704,02,Centro Sul,2025,11,349193.38000000035
2307403,02,Centro Sul,2025,11,2054566.8000000007
2311355,02,Centro Sul,2025,11,739703.6749999998
2311900,02,Centro Sul,2025,11,2347140.82
2313708,02,Centro Sul,2025,11,422392.45499999984
2301000,03,Grande Fortaleza,2025,11,3195903.3249999993
2303501,03,Grande Fortaleza,2025,11,0.0
2303709,03,Grande Fortaleza,2025,11,0.0
2303956,03,Grande Fortaleza,2025,11,1077430.7699999996
2304285,03,Grande Fortaleza,2025,11,1092643.0
2304400,03,Grande Fortaleza,2025,11,73523298.31499997
2304954,03,Grande Fortaleza,2025,11,700894.5700000003
2305233,03,Grande Fortaleza,2025,11,0.0
2306256,03,Grande Fortaleza,2025,11,6638713.954999998
2307650,03,Grande Fortaleza,2025,11,4708566.135000005
2307700,03,Grande Fortaleza,2025,11,2760566.5149999987
2309607,03,Grande Fortaleza,2025,11,240691.61500000022
2309706,03,Grande Fortaleza,2025,11,490064.7050000001
2310209,03,Grande Fortaleza,2025,11,1251593.7850000001
2310258,03,Grande Fortaleza,2025,11,7964889.965
2310852,03,Grande Fortaleza,2025,11,286300.1299999999
2312403,03,Grande Fortaleza,2025,11,0.0
2312601,03,Grande Fortaleza,2025,11,0.0
2313500,03,Grande Fortaleza,2025,11,3718072.294999998
2301109,04,Litoral Leste,2025,11,7999596.460000001
2302206,04,Litoral Leste,2025,11,2654551.615
2304459,04,Litoral Leste,2025,11,1894728.205
2305357,04,Litoral Leste,2025,11,3870470.9050000003
2306207,04,Litoral Leste,2025,11,545082.09
2307007,04,Litoral Leste,2025,11,970211.9849999994
2300200,05,Litoral Norte,2025,11,3826085.179999998
2302057,05,Litoral Norte,2025,11,64217.39500000025
2302305,05,Litoral Norte,2025,11,0.0
2302602,05,Litoral Norte,2025,11,1119944.12
2303907,05,Litoral Norte,2025,11,108879.41500000004
2304251,05,Litoral Norte,2025,11,5099637.1000000015
2304707,05,Litoral Norte,2025,11,7197921.870000003
2306553,05,Litoral Norte,2025,11,7112770.535000002
2307809,05,Litoral Norte,2025,11,4089701.8749999995
2307908,05,Litoral Norte,2025,11,1099284.72
2308906,05,Litoral Norte,2025,11,1544254.9899999998
2300754,06,Litoral Oeste / Vale do Curu,2025,11,0.0
2300903,06,Litoral Oeste / Vale do Curu,2025,11,773570.9950000001
2304608,06,Litoral Oeste / Vale do Curu,2025,11,907487.4199999999
2306108,06,Litoral Oeste / Vale do Curu,2025,11,4121998.1950000003
2306306,06,Litoral Oeste / Vale do Curu,2025,11,1008372.9900000002
2306405,06,Litoral Oeste / Vale do Curu,2025,11,5114.0
2308377,06,Litoral Oeste / Vale do Curu,2025,11,228416.81999999983
2310704,06,Litoral Oeste / Vale do Curu,2025,11,7102689.05
2313351,06,Litoral Oeste / Vale do Curu,2025,11,4156491.085
2313757,06,Litoral Oeste / Vale do Curu,2025,11,1109363.3849999998
2313807,06,Litoral Oeste / Vale do Curu,2025,11,1786594.0649999995
2300150,07,Maciço do Baturité,2025,11,1676916.6799999997
2301208,07,Maciço do Baturité,2025,11,757655.2450000001
2301406,07,Maciço do Baturité,2025,11,287666.125
2301950,07,Maciço do Baturité,2025,11,2118297.17
2302909,07,Maciço do Baturité,2025,11,681219.365
2306504,07,Maciço do Baturité,2025,11,322048.6000000001
2309102,07,Maciço do Baturité,2025,11,1590357.1749999998
2309458,07,Maciço do Baturité,2025,11,1231188.275
2309805,07,Maciço do Baturité,2025,11,1330229.865
2310100,07,Maciço do Baturité,2025,11,466022.61000000004
2311603,07,Maciço do Baturité,2025,11,764904.855
2303402,08,Serra da Ibiapaba,2025,11,0.0
2304236,08,Serra da Ibiapaba,2025,11,2900178.789999999
2305001,08,Serra da Ibiapaba,2025,11,260801.70999999903
2305308,08,Serra da Ibiapaba,2025,11,0.0
2305803,08,Serra da Ibiapaba,2025,11,0.0
2312304,08,Serra da Ibiapaba,2025,11,1634455.169999998
2313401,08,Serra da Ibiapaba,2025,11,3884506.8950000014
2313609,08,Serra da Ibiapaba,2025,11,0.0
2314102,08,Serra da Ibiapaba,2025,11,6532218.235000001
2301851,09,Sertão Central,2025,11,529710.1350000007
2303931,09,Sertão Central,2025,11,0.0
2304269,09,Sertão Central,2025,11,1406500.8449999997
2305266,09,Sertão Central,2025,11,2040021.045
2305332,09,Sertão Central,2025,11,1888201.1099999994
2308351,09,Sertão Central,2025,11,2193015.1100000013
2308500,09,Sertão Central,2025,11,3150786.4499999993
2310506,09,Sertão Central,2025,11,4799798.5600000005
2310902,09,Sertão Central,2025,11,494860.53500000015
2311306,09,Sertão Central,2025,11,3516002.5250000004
2311405,09,Sertão Central,2025,11,0.0
2312700,09,Sertão Central,2025,11,750464.2349999994
2313005,09,Sertão Central,2025,11,4484779.175000001
2302404,10,Sertão de Canindé,2025,11,6651457.689999998
2302800,10,Sertão de Canindé,2025,11,1854880.2200000007
2303006,10,Sertão de Canindé,2025,11,249484.89499999955
2306603,10,Sertão de Canindé,2025,11,2042564.9400000013
2307635,10,Sertão de Canindé,2025,11,2495880.7600000002
2310407,10,Sertão de Canindé,2025,11,1091632.8249999997
2300507,11,Sertão de Sobral,2025,11,1043568.115
2304350,11,Sertão de Sobral,2025,11,2419930.385
2304509,11,Sertão de Sobral,2025,11,335945.2999999998
2304657,11,Sertão de Sobral,2025,11,855175.8450000002
2304905,11,Sertão de Sobral,2025,11,789801.3999999999
2308005,11,Sertão de Sobral,2025,11,1954363.9699999997
2308203,11,Sertão de Sobral,2025,11,420508.48
2309904,11,Sertão de Sobral,2025,11,130812.93500000006
2310951,11,Sertão de Sobral,2025,11,643197.0
2311702,11,Sertão de Sobral,2025,11,248205.2650000006
2312007,11,Sertão de Sobral,2025,11,1169350.92
2312908,11,Sertão de Sobral,2025,11,9316734.379999999
2313955,11,Sertão de Sobral,2025,11,1289312.875
2303659,12,Sertão dos Crateús,2025,11,1676893.4399999995
2304103,12,Sertão dos Crateús,2025,11,7538278.109999999
2305209,12,Sertão dos Crateús,2025,11,498282.58499999996
2305605,12,Sertão dos Crateús,2025,11,770141.0249999999
2305654,12,Sertão dos Crateús,2025,11,142860.21499999997
2305902,12,Sertão dos Crateús,2025,11,1332625.1800000006
2308609,12,Sertão dos Crateús,2025,11,754208.1299999999
2309300,12,Sertão dos Crateús,2025,11,2299679.6849999987
2309409,12,Sertão dos Crateús,2025,11,160161.6150000021
2311009,12,Sertão dos Crateús,2025,11,1538908.9900000002
2312205,12,Sertão dos Crateús,2025,11,2600667.335
2313203,12,Sertão dos Crateús,2025,11,249852.91500000097
2300408,13,Sertão dos Inhamuns,2025,11,796505.9050000003
2313302,13,Sertão dos Inhamuns,2025,11,0.0
2300705,14,Vale do Jaguaribe,2025,11,585211.3499999996
2304277,14,Vale do Jaguaribe,2025,11,1448014.395
2306009,14,Vale do Jaguaribe,2025,11,202699.67500000005
2306702,14,Vale do Jaguaribe,2025,11,2236739.1900000013
2306801,14,Vale do Jaguaribe,2025,11,1360022.7149999999
2306900,14,Vale do Jaguaribe,2025,11,3120.655
2307601,14,Vale do Jaguaribe,2025,11,276652.52999999933
2308708,14,Vale do Jaguaribe,2025,11,1749346.0100000007
2310001,14,Vale do Jaguaribe,2025,11,499911.77
2310803,14,Vale do Jaguaribe,2025,11,1944648.959999999
2311231,14,Vale do Jaguaribe,2025,11,195923.51500000013
2311504,14,Vale do Jaguaribe,2025,11,2043638.9500000002
2311801,14,Vale do Jaguaribe,2025,11,2725307.704999998
2312502,14,Vale do Jaguaribe,2025,11,347216.595
2313104,14,Vale do Jaguaribe,2025,11,1524083.4450000003
2300101,01,Cariri,2025,12,757485.5550000002
2300606,01,Cariri,2025,12,2261796.51
2300804,01,Cariri,2025,12,247489.61499999976
2301307,01,Cariri,2025,12,971671.365
2301604,01,Cariri,2025,12,0.0
2301703,01,Cariri,2025,12,1682049.4900000002
2301901,01,Cariri,2025,12,4822996.069999998
2302008,01,Cariri,2025,12,23641.12999999989
2302503,01,Cariri,2025,12,17749752.880000003
2303204,01,Cariri,2025,12,2529422.539999999
2304202,01,Cariri,2025,12,5489339.43
2304301,01,Cariri,2025,12,1606452.1150000002
2304806,01,Cariri,2025,12,1259303.8449999997
2307106,01,Cariri,2025,12,172543.91500000004
2307205,01,Cariri,2025,12,54091.37999999989
2307304,01,Cariri,2025,12,17153298.130000003
2307502,01,Cariri,2025,12,861879.4450000003
2308104,01,Cariri,2025,12,3187263.625
2308302,01,Cariri,2025,12,3562372.7600000002
2308401,01,Cariri,2025,12,645041.335
2309201,01,Cariri,2025,12,1344206.205
2310605,01,Cariri,2025,12,216251.07499999995
2311108,01,Cariri,2025,12,2063693.9249999998
2311207,01,Cariri,2025,12,73779.49499999965
2311959,01,Cariri,2025,12,1079845.2500000002
2312106,01,Cariri,2025,12,0.0
2313252,01,Cariri,2025,12,2055662.0200000003
2314003,01,Cariri,2025,12,4108395.3599999994
2300309,02,Centro Sul,2025,12,2048660.9400000002
2301802,02,Centro Sul,2025,12,0.0
2303600,02,Centro Sul,2025,12,666441.8399999999
2303808,02,Centro Sul,2025,12,2893757.88
2305407,02,Centro Sul,2025,12,0.0
2305506,02,Centro Sul,2025,12,2099079.375
2305704,02,Centro Sul,2025,12,349193.38000000035
2307403,02,Centro Sul,2025,12,2054566.8000000007
2311355,02,Centro Sul,2025,12,739703.6749999998
2311900,02,Centro Sul,2025,12,2347140.82
2313708,02,Centro Sul,2025,12,422392.45499999984
2301000,03,Grande Fortaleza,2025,12,3195903.3249999993
2303501,03,Grande Fortaleza,2025,12,0.0
2303709,03,Grande Fortaleza,2025,12,0.0
2303956,03,Grande Fortaleza,2025,12,1077430.7699999996
2304285,03,Grande Fortaleza,2025,12,1092643.0
2304400,03,Grande Fortaleza,2025,12,73523298.31499997
2304954,03,Grande Fortaleza,2025,12,700894.5700000003
2305233,03,Grande Fortaleza,2025,12,0.0
2306256,03,Grande Fortaleza,2025,12,6638713.954999998
2307650,03,Grande Fortaleza,2025,12,4708566.135000005
2307700,03,Grande Fortaleza,2025,12,2760566.5149999987
2309607,03,Grande Fortaleza,2025,12,240691.61500000022
2309706,03,Grande Fortaleza,2025,12,490064.7050000001
2310209,03,Grande Fortaleza,2025,12,1251593.7850000001
2310258,03,Grande Fortaleza,2025,12,7964889.965
2310852,03,Grande Fortaleza,2025,12,286300.1299999999
2312403,03,Grande Fortaleza,2025,12,0.0
2312601,03,Grande Fortaleza,2025,12,0.0
2313500,03,Grande Fortaleza,2025,12,3718072.294999998
2301109,04,Litoral Leste,2025,12,7999596.460000001
2302206,04,Litoral Leste,2025,12,2654551.615
2304459,04,Litoral Leste,2025,12,1894728.205
2305357,04,Litoral Leste,2025,12,3870470.9050000003
2306207,04,Litoral Leste,2025,12,545082.09
2307007,04,Litoral Leste,2025,12,970211.9849999994
2300200,05,Litoral Norte,2025,12,3826085.179999998
2302057,05,Litoral Norte,2025,12,64217.39500000025
2302305,05,Litoral Norte,2025,12,0.0
2302602,05,Litoral Norte,2025,12,1119944.12
2303907,05,Litoral Norte,2025,12,108879.41500000004
2304251,05,Litoral Norte,2025,12,5099637.1000000015
2304707,05,Litoral Norte,2025,12,7197921.870000003
2306553,05,Litoral Norte,2025,12,7112770.535000002
2307809,05,Litoral Norte,2025,12,4089701.8749999995
2307908,05,Litoral Norte,2025,12,1099284.72
2308906,05,Litoral Norte,2025,12,1544254.9899999998
2300754,06,Litoral Oeste / Vale do Curu,2025,12,0.0
2300903,06,Litoral Oeste / Vale do Curu,2025,12,773570.9950000001
2304608,06,Litoral Oeste / Vale do Curu,2025,12,907487.4199999999
2306108,06,Litoral Oeste / Vale do Curu,2025,12,4121998.1950000003
2306306,06,Litoral Oeste / Vale do Curu,2025,12,1008372.9900000002
2306405,06,Litoral Oeste / Vale do Curu,2025,12,5114.0
2308377,06,Litoral Oeste / Vale do Curu,2025,12,228416.81999999983
2310704,06,Litoral Oeste / Vale do Curu,2025,12,7102689.05
2313351,06,Litoral Oeste / Vale do Curu,2025,12,4156491.085
2313757,06,Litoral Oeste / Vale do Curu,2025,12,1109363.3849999998
2313807,06,Litoral Oeste / Vale do Curu,2025,12,1786594.0649999995
2300150,07,Maciço do Baturité,2025,12,1676916.6799999997
2301208,07,Maciço do Baturité,2025,12,757655.2450000001
2301406,07,Maciço do Baturité,2025,12,287666.125
2301950,07,Maciço do Baturité,2025,12,2118297.17
2302909,07,Maciço do Baturité,2025,12,681219.365
2306504,07,Maciço do Baturité,2025,12,322048.6000000001
2309102,07,Maciço do Baturité,2025,12,1590357.1749999998
2309458,07,Maciço do Baturité,2025,12,1231188.275
2309805,07,Maciço do Baturité,2025,12,1330229.865
2310100,07,Maciço do Baturité,2025,12,466022.61000000004
2311603,07,Maciço do Baturité,2025,12,764904.855
2303402,08,Serra da Ibiapaba,2025,12,0.0
2304236,08,Serra da Ibiapaba,2025,12,2900178.789999999
2305001,08,Serra da Ibiapaba,2025,12,260801.70999999903
2305308,08,Serra da Ibiapaba,2025,12,0.0
2305803,08,Serra da Ibiapaba,2025,12,0.0
2312304,08,Serra da Ibiapaba,2025,12,1634455.169999998
2313401,08,Serra da Ibiapaba,2025,12,3884506.8950000014
2313609,08,Serra da Ibiapaba,2025,12,0.0
2314102,08,Serra da Ibiapaba,2025,12,6532218.235000001
2301851,09,Sertão Central,2025,12,529710.1350000007
2303931,09,Sertão Central,2025,12,0.0
2304269,09,Sertão Central,2025,12,1406500.8449999997
2305266,09,Sertão Central,2025,12,2040021.045
2305332,09,Sertão Central,2025,12,1888201.1099999994
2308351,09,Sertão Central,2025,12,2193015.1100000013
2308500,09,Sertão Central,2025,12,3150786.4499999993
2310506,09,Sertão Central,2025,12,4799798.5600000005
2310902,09,Sertão Central,2025,12,494860.53500000015
2311306,09,Sertão Central,2025,12,3516002.5250000004
2311405,09,Sertão Central,2025,12,0.0
2312700,09,Sertão Central,2025,12,750464.2349999994
2313005,09,Sertão Central,2025,12,4484779.175000001
2302404,10,Sertão de Canindé,2025,12,6651457.689999998
2302800,10,Sertão de Canindé,2025,12,1854880.2200000007
2303006,10,Sertão de Canindé,2025,12,249484.89499999955
2306603,10,Sertão de Canindé,2025,12,2042564.9400000013
2307635,10,Sertão de Canindé,2025,12,2495880.7600000002
2310407,10,Sertão de Canindé,2025,12,1091632.8249999997
2300507,11,Sertão de Sobral,2025,12,1043568.115
2304350,11,Sertão de Sobral,2025,12,2419930.385
2304509,11,Sertão de Sobral,2025,12,335945.2999999998
2304657,11,Sertão de Sobral,2025,12,855175.8450000002
2304905,11,Sertão de Sobral,2025,12,789801.3999999999
2308005,11,Sertão de Sobral,2025,12,1954363.9699999997
2308203,11,Sertão de Sobral,2025,12,420508.48
2309904,11,Sertão de Sobral,2025,12,130812.93500000006
2310951,11,Sertão de Sobral,2025,12,643197.0
2311702,11,Sertão de Sobral,2025,12,248205.2650000006
2312007,11,Sertão de Sobral,2025,12,1169350.92
2312908,11,Sertão de Sobral,2025,12,9316734.379999999
2313955,11,Sertão de Sobral,2025,12,1289312.875
2303659,12,Sertão dos Crateús,2025,12,1676893.4399999995
2304103,12,Sertão dos Crateús,2025,12,7538278.109999999
2305209,12,Sertão dos Crateús,2025,12,498282.58499999996
2305605,12,Sertão dos Crateús,2025,12,770141.0249999999
2305654,12,Sertão dos Crateús,2025,12,142860.21499999997
2305902,12,Sertão dos Crateús,2025,12,1332625.1800000006
2308609,12,Sertão dos Crateús,2025,12,754208.1299999999
2309300,12,Sertão dos Crateús,2025,12,2299679.6849999987
2309409,12,Sertão dos Crateús,2025,12,160161.6150000021
2311009,12,Sertão dos Crateús,2025,12,1538908.9900000002
2312205,12,Sertão dos Crateús,2025,12,2600667.335
2313203,12,Sertão dos Crateús,2025,12,249852.91500000097
2300408,13,Sertão dos Inhamuns,2025,12,796505.9050000003
2313302,13,Sertão dos Inhamuns,2025,12,0.0
2300705,14,Vale do Jaguaribe,2025,12,585211.3499999996
2304277,14,Vale do Jaguaribe,2025,12,1448014.395
2306009,14,Vale do Jaguaribe,2025,12,202699.67500000005
2306702,14,Vale do Jaguaribe,2025,12,2236739.1900000013
2306801,14,Vale do Jaguaribe,2025,12,1360022.7149999999
2306900,14,Vale do Jaguaribe,2025,12,3120.655
2307601,14,Vale do Jaguaribe,2025,12,276652.52999999933
2308708,14,Vale do Jaguaribe,2025,12,1749346.0100000007
2310001,14,Vale do Jaguaribe,2025,12,499911.77
2310803,14,Vale do Jaguaribe,2025,12,1944648.959999999
2311231,14,Vale do Jaguaribe,2025,12,195923.51500000013
2311504,14,Vale do Jaguaribe,2025,12,2043638.9500000002
2311801,14,Vale do Jaguaribe,2025,12,2725307.704999998
2312502,14,Vale do Jaguaribe,2025,12,347216.595
2313104,14,Vale do Jaguaribe,2025,12,1524083.4450000003
