exercicio,periodo,uf,anexo,cod_conta,conta,coluna,valor,populacao,uf_nome
2015,1,RN,RGF-Anexo 01,DespesaComPessoalBruta,DESPESA BRUTA COM PESSOAL (I),LIQUIDADAS (a),5157423084.55,3408510,Rio Grande do Norte
2015,1,RN,RGF-Anexo 01,DespesaComPessoalAtivoBruta,Pessoal Ativo,LIQUIDADAS (a),3192774074.21,3408510,Rio Grande do Norte
2015,1,RN,RGF-Anexo 01,DespesaComPessoalInativoEPensionistasBruta,Pessoal Inativo e Pensionistas,LIQUIDADAS (a),1964649010.34,3408510,Rio Grande do Norte
2015,1,RN,RGF-Anexo 01,DespesaComPessoalLiquida,DESPESA LÍQUIDA COM PESSOAL (III) = (I - II),LIQUIDADAS (a),4192001926.34,3408510,Rio Grande do Norte
2015,1,RN,RGF-Anexo 01,ReceitaCorrenteLiquidaLimiteLegal,RECEITA CORRENTE LIQUIDA - RCL (IV),Valor,7837564513.33,3408510,Rio Grande do Norte
2015,1,RN,RGF-Anexo 01,DespesaComPessoalTotal,DESPESA TOTAL COM PESSOAL - DTP (V) = (III a + III b),Valor,4192001926.34,3408510,Rio Grande do Norte
2015,1,RN,RGF-Anexo 01,DespesaComPessoalTotal,DESPESA TOTAL COM PESSOAL - DTP (V) = (III a + III b),% sobre a RCL,53.49,3408510,Rio Grande do Norte
2015,1,RN,RGF-Anexo 02,DividaConsolidada,DÍVIDA CONSOLIDADA - DC (I),SALDO DO EXERCÍCIO ANTERIOR,1823919645.72,3408510,Rio Grande do Norte
2015,1,RN,RGF-Anexo 02,DividaConsolidada,DÍVIDA CONSOLIDADA - DC (I),Até o 1º Quadrimestre,1897000365.45,3408510,Rio Grande do Norte
2015,1,RN,RGF-Anexo 02,DividaContratual,Dívida Contratual,SALDO DO EXERCÍCIO ANTERIOR,1403755277.62,3408510,Rio Grande do Norte
2015,1,RN,RGF-Anexo 02,DividaContratual,Dívida Contratual,Até o 1º Quadrimestre,1474235058.49,3408510,Rio Grande do Norte
2015,1,RN,RGF-Anexo 02,DividaConsolidadaLiquida,DÍVIDA CONSOLIDADA LÍQUIDA (DCL) (III) = (I - II),SALDO DO EXERCÍCIO ANTERIOR,1285070232.96,3408510,Rio Grande do Norte
2015,1,RN,RGF-Anexo 02,DividaConsolidadaLiquida,DÍVIDA CONSOLIDADA LÍQUIDA (DCL) (III) = (I - II),Até o 1º Quadrimestre,305531939.4,3408510,Rio Grande do Norte
2015,2,RN,RGF-Anexo 01,DespesaComPessoalBruta,DESPESA BRUTA COM PESSOAL (I),LIQUIDADAS (a),5389058791.46,3408510,Rio Grande do Norte
2015,2,RN,RGF-Anexo 01,DespesaComPessoalAtivoBruta,Pessoal Ativo,LIQUIDADAS (a),3356695865.77,3408510,Rio Grande do Norte
2015,2,RN,RGF-Anexo 01,DespesaComPessoalInativoEPensionistasBruta,Pessoal Inativo e Pensionistas,LIQUIDADAS (a),2032362925.69,3408510,Rio Grande do Norte
2015,2,RN,RGF-Anexo 01,DespesaComPessoalLiquida,DESPESA LÍQUIDA COM PESSOAL (III) = (I - II),LIQUIDADAS (a),4352684947.05,3408510,Rio Grande do Norte
2015,2,RN,RGF-Anexo 01,ReceitaCorrenteLiquidaLimiteLegal,RECEITA CORRENTE LIQUIDA - RCL (IV),Valor,8035861260.18,3408510,Rio Grande do Norte
2015,2,RN,RGF-Anexo 01,DespesaComPessoalTotal,DESPESA TOTAL COM PESSOAL - DTP (V) = (III a + III b),Valor,4352684947.05,3408510,Rio Grande do Norte
2015,2,RN,RGF-Anexo 01,DespesaComPessoalTotal,DESPESA TOTAL COM PESSOAL - DTP (V) = (III a + III b),% sobre a RCL,54.17,3408510,Rio Grande do Norte
2015,2,RN,RGF-Anexo 02,DividaConsolidada,DÍVIDA CONSOLIDADA - DC (I),SALDO DO EXERCÍCIO ANTERIOR,1823919645.72,3408510,Rio Grande do Norte
2015,2,RN,RGF-Anexo 02,DividaConsolidada,DÍVIDA CONSOLIDADA - DC (I),Até o 1º Quadrimestre,1897000365.45,3408510,Rio Grande do Norte
2015,2,RN,RGF-Anexo 02,DividaConsolidada,DÍVIDA CONSOLIDADA - DC (I),Até o 2º Quadrimestre,1845535807.0,3408510,Rio Grande do Norte
2015,2,RN,RGF-Anexo 02,DividaContratual,Dívida Contratual,SALDO DO EXERCÍCIO ANTERIOR,1403755277.62,3408510,Rio Grande do Norte
2015,2,RN,RGF-Anexo 02,DividaContratual,Dívida Contratual,Até o 1º Quadrimestre,1474235058.49,3408510,Rio Grande do Norte
2015,2,RN,RGF-Anexo 02,DividaContratual,Dívida Contratual,Até o 2º Quadrimestre,1423501192.52,3408510,Rio Grande do Norte
2015,2,RN,RGF-Anexo 02,DividaConsolidadaLiquida,DÍVIDA CONSOLIDADA LÍQUIDA (DCL) (III) = (I - II),SALDO DO EXERCÍCIO ANTERIOR,1285070232.96,3408510,Rio Grande do Norte
2015,2,RN,RGF-Anexo 02,DividaConsolidadaLiquida,DÍVIDA CONSOLIDADA LÍQUIDA (DCL) (III) = (I - II),Até o 1º Quadrimestre,305531939.4,3408510,Rio Grande do Norte
2015,2,RN,RGF-Anexo 02,DividaConsolidadaLiquida,DÍVIDA CONSOLIDADA LÍQUIDA (DCL) (III) = (I - II),Até o 2º Quadrimestre,574603482.81,3408510,Rio Grande do Norte
2015,3,RN,RGF-Anexo 01,DespesaComPessoalBruta,DESPESA BRUTA COM PESSOAL (I),LIQUIDADAS (a),5232313937.79,3408510,Rio Grande do Norte
2015,3,RN,RGF-Anexo 01,DespesaComPessoalBruta,DESPESA BRUTA COM PESSOAL (I),INSCRITAS EM RESTOS A PAGAR NÃO PROCESSADOS (b),57096323.12,3408510,Rio Grande do Norte
2015,3,RN,RGF-Anexo 01,DespesaComPessoalAtivoBruta,Pessoal Ativo,LIQUIDADAS (a),3478551906.23,3408510,Rio Grande do Norte
2015,3,RN,RGF-Anexo 01,DespesaComPessoalAtivoBruta,Pessoal Ativo,INSCRITAS EM RESTOS A PAGAR NÃO PROCESSADOS (b),51675888.72,3408510,Rio Grande do Norte
2015,3,RN,RGF-Anexo 01,DespesaComPessoalInativoEPensionistasBruta,Pessoal Inativo e Pensionistas,LIQUIDADAS (a),1753762031.56,3408510,Rio Grande do Norte
2015,3,RN,RGF-Anexo 01,DespesaComPessoalInativoEPensionistasBruta,Pessoal Inativo e Pensionistas,INSCRITAS EM RESTOS A PAGAR NÃO PROCESSADOS (b),5420434.4,3408510,Rio Grande do Norte
2015,3,RN,RGF-Anexo 01,DespesaComPessoalLiquida,DESPESA LÍQUIDA COM PESSOAL (III) = (I - II),LIQUIDADAS (a),4159148133.0,3408510,Rio Grande do Norte
2015,3,RN,RGF-Anexo 01,DespesaComPessoalLiquida,DESPESA LÍQUIDA COM PESSOAL (III) = (I - II),INSCRITAS EM RESTOS A PAGAR NÃO PROCESSADOS (b),41800605.12,3408510,Rio Grande do Norte
2015,3,RN,RGF-Anexo 01,ReceitaCorrenteLiquidaLimiteLegal,RECEITA CORRENTE LIQUIDA - RCL (IV),Valor,7996956928.75,3408510,Rio Grande do Norte
2015,3,RN,RGF-Anexo 01,DespesaComPessoalTotal,DESPESA TOTAL COM PESSOAL - DTP (V) = (III a + III b),Valor,4200948738.12,3408510,Rio Grande do Norte
2015,3,RN,RGF-Anexo 01,DespesaComPessoalTotal,DESPESA TOTAL COM PESSOAL - DTP (V) = (III a + III b),% sobre a RCL,52.53,3408510,Rio Grande do Norte
2015,3,RN,RGF-Anexo 02,DividaConsolidada,DÍVIDA CONSOLIDADA - DC (I),SALDO DO EXERCÍCIO ANTERIOR,1823919645.72,3408510,Rio Grande do Norte
2015,3,RN,RGF-Anexo 02,DividaConsolidada,DÍVIDA CONSOLIDADA - DC (I),Até o 1º Quadrimestre,1897000365.45,3408510,Rio Grande do Norte
2015,3,RN,RGF-Anexo 02,DividaConsolidada,DÍVIDA CONSOLIDADA - DC (I),Até o 2º Quadrimestre,1845535807.0,3408510,Rio Grande do Norte
2015,3,RN,RGF-Anexo 02,DividaConsolidada,DÍVIDA CONSOLIDADA - DC (I),Até o 3º Quadrimestre,1766804684.05,3408510,Rio Grande do Norte
2015,3,RN,RGF-Anexo 02,DividaContratual,Dívida Contratual,SALDO DO EXERCÍCIO ANTERIOR,1403755277.62,3408510,Rio Grande do Norte
2015,3,RN,RGF-Anexo 02,DividaContratual,Dívida Contratual,Até o 1º Quadrimestre,1474235058.49,3408510,Rio Grande do Norte
2015,3,RN,RGF-Anexo 02,DividaContratual,Dívida Contratual,Até o 2º Quadrimestre,1423501192.52,3408510,Rio Grande do Norte
2015,3,RN,RGF-Anexo 02,DividaContratual,Dívida Contratual,Até o 3º Quadrimestre,1345215281.78,3408510,Rio Grande do Norte
2015,3,RN,RGF-Anexo 02,DividaConsolidadaLiquida,DÍVIDA CONSOLIDADA LÍQUIDA (DCL) (III) = (I - II),SALDO DO EXERCÍCIO ANTERIOR,1285070232.96,3408510,Rio Grande do Norte
2015,3,RN,RGF-Anexo 02,DividaConsolidadaLiquida,DÍVIDA CONSOLIDADA LÍQUIDA (DCL) (III) = (I - II),Até o 1º Quadrimestre,305531939.4,3408510,Rio Grande do Norte
2015,3,RN,RGF-Anexo 02,DividaConsolidadaLiquida,DÍVIDA CONSOLIDADA LÍQUIDA (DCL) (III) = (I - II),Até o 2º Quadrimestre,575357905.52,3408510,Rio Grande do Norte
2015,3,RN,RGF-Anexo 02,DividaConsolidadaLiquida,DÍVIDA CONSOLIDADA LÍQUIDA (DCL) (III) = (I - II),Até o 3º Quadrimestre,722653819.71,3408510,Rio Grande do Norte
2016,1,RN,RGF-Anexo 01,DespesaComPessoalBruta,DESPESA BRUTA COM PESSOAL (I),"DESPESAS LIQUIDADAS 
(a)",5259422936.92,3442175,Rio Grande do Norte
2016,1,RN,RGF-Anexo 01,DespesaComPessoalAtivoBruta,Pessoal Ativo,"DESPESAS LIQUIDADAS 
(a)",3478986274.68,3442175,Rio Grande do Norte
2016,1,RN,RGF-Anexo 01,DespesaComPessoalInativoEPensionistasBruta,Pessoal Inativo e Pensionistas,"DESPESAS LIQUIDADAS 
(a)",1780436662.24,3442175,Rio Grande do Norte
2016,1,RN,RGF-Anexo 01,DespesaComPessoalLiquida,DESPESA LÍQUIDA COM PESSOAL (III) = (I - II),"DESPESAS LIQUIDADAS 
(a)",4135012774.76,3442175,Rio Grande do Norte
2016,1,RN,RGF-Anexo 01,ReceitaCorrenteLiquidaLimiteLegal,RECEITA CORRENTE LIQUIDA - RCL (IV),Valor,8036936741.04,3442175,Rio Grande do Norte
2016,1,RN,RGF-Anexo 01,DespesaComPessoalTotal,DESPESA TOTAL COM PESSOAL - DTP (V) = (III a + III b),Valor,4135012774.76,3442175,Rio Grande do Norte
2016,1,RN,RGF-Anexo 01,DespesaComPessoalTotal,DESPESA TOTAL COM PESSOAL - DTP (V) = (III a + III b),% sobre a RCL,51.45,3442175,Rio Grande do Norte
2016,1,RN,RGF-Anexo 02,DividaConsolidada,DÍVIDA CONSOLIDADA - DC (I),SALDO DO EXERCÍCIO ANTERIOR,1848460964.64,3442175,Rio Grande do Norte
2016,1,RN,RGF-Anexo 02,DividaConsolidada,DÍVIDA CONSOLIDADA - DC (I),Até o 1º Quadrimestre,1999010046.1,3442175,Rio Grande do Norte
2016,1,RN,RGF-Anexo 02,DividaContratual,Dívida Contratual,SALDO DO EXERCÍCIO ANTERIOR,1514237137.16,3442175,Rio Grande do Norte
2016,1,RN,RGF-Anexo 02,DividaContratual,Dívida Contratual,Até o 1º Quadrimestre,1601744818.93,3442175,Rio Grande do Norte
2016,1,RN,RGF-Anexo 02,DividaConsolidadaLiquida,DÍVIDA CONSOLIDADA LÍQUIDA (DCL) (III) = (I - II),SALDO DO EXERCÍCIO ANTERIOR,1089016640.49,3442175,Rio Grande do Norte
2016,1,RN,RGF-Anexo 02,DividaConsolidadaLiquida,DÍVIDA CONSOLIDADA LÍQUIDA (DCL) (III) = (I - II),Até o 1º Quadrimestre,605931778.52,3442175,Rio Grande do Norte
2016,2,RN,RGF-Anexo 01,DespesaComPessoalBruta,DESPESA BRUTA COM PESSOAL (I),"DESPESAS LIQUIDADAS 
(a)",5216483270.55,3442175,Rio Grande do Norte
2016,2,RN,RGF-Anexo 01,DespesaComPessoalAtivoBruta,Pessoal Ativo,"DESPESAS LIQUIDADAS 
(a)",3414836535.17,3442175,Rio Grande do Norte
2016,2,RN,RGF-Anexo 01,DespesaComPessoalInativoEPensionistasBruta,Pessoal Inativo e Pensionistas,"DESPESAS LIQUIDADAS 
(a)",1793884025.93,3442175,Rio Grande do Norte
2016,2,RN,RGF-Anexo 01,DespesaComPessoalLiquida,DESPESA LÍQUIDA COM PESSOAL (III) = (I - II),"DESPESAS LIQUIDADAS 
(a)",4000720143.68,3442175,Rio Grande do Norte
2016,2,RN,RGF-Anexo 01,ReceitaCorrenteLiquidaLimiteLegal,RECEITA CORRENTE LIQUIDA - RCL (IV),Valor,8046800010.36,3442175,Rio Grande do Norte
2016,2,RN,RGF-Anexo 01,DespesaComPessoalTotal,DESPESA TOTAL COM PESSOAL - DTP (V) = (III a + III b),Valor,4000720143.68,3442175,Rio Grande do Norte
2016,2,RN,RGF-Anexo 01,DespesaComPessoalTotal,DESPESA TOTAL COM PESSOAL - DTP (V) = (III a + III b),% sobre a RCL,49.72,3442175,Rio Grande do Norte
2016,2,RN,RGF-Anexo 02,DividaConsolidada,DÍVIDA CONSOLIDADA - DC (I),SALDO DO EXERCÍCIO ANTERIOR,1848460964.64,3442175,Rio Grande do Norte
2016,2,RN,RGF-Anexo 02,DividaConsolidada,DÍVIDA CONSOLIDADA - DC (I),Até o 1º Quadrimestre,1999010046.1,3442175,Rio Grande do Norte
2016,2,RN,RGF-Anexo 02,DividaConsolidada,DÍVIDA CONSOLIDADA - DC (I),Até o 2º Quadrimestre,1896105133.15,3442175,Rio Grande do Norte
2016,2,RN,RGF-Anexo 02,DividaContratual,Dívida Contratual,SALDO DO EXERCÍCIO ANTERIOR,1514237137.16,3442175,Rio Grande do Norte
2016,2,RN,RGF-Anexo 02,DividaContratual,Dívida Contratual,Até o 1º Quadrimestre,1601744818.93,3442175,Rio Grande do Norte
2016,2,RN,RGF-Anexo 02,DividaContratual,Dívida Contratual,Até o 2º Quadrimestre,1562451500.34,3442175,Rio Grande do Norte
2016,2,RN,RGF-Anexo 02,DividaConsolidadaLiquida,DÍVIDA CONSOLIDADA LÍQUIDA (DCL) (III) = (I - II),SALDO DO EXERCÍCIO ANTERIOR,1089016640.49,3442175,Rio Grande do Norte
2016,2,RN,RGF-Anexo 02,DividaConsolidadaLiquida,DÍVIDA CONSOLIDADA LÍQUIDA (DCL) (III) = (I - II),Até o 1º Quadrimestre,605897676.93,3442175,Rio Grande do Norte
2016,2,RN,RGF-Anexo 02,DividaConsolidadaLiquida,DÍVIDA CONSOLIDADA LÍQUIDA (DCL) (III) = (I - II),Até o 2º Quadrimestre,386047127.72,3442175,Rio Grande do Norte
2016,3,RN,RGF-Anexo 01,DespesaComPessoalBruta,DESPESA BRUTA COM PESSOAL (I),"DESPESAS LIQUIDADAS 
(a)",5573889068.94,3442175,Rio Grande do Norte
2016,3,RN,RGF-Anexo 01,DespesaComPessoalBruta,DESPESA BRUTA COM PESSOAL (I),DESPESAS INSCRITAS EM RESTOS A PAGAR NÃO PROCESSADOS (b),216998498.47,3442175,Rio Grande do Norte
2016,3,RN,RGF-Anexo 01,DespesaComPessoalAtivoBruta,Pessoal Ativo,"DESPESAS LIQUIDADAS 
(a)",3608063867.82,3442175,Rio Grande do Norte
2016,3,RN,RGF-Anexo 01,DespesaComPessoalAtivoBruta,Pessoal Ativo,DESPESAS INSCRITAS EM RESTOS A PAGAR NÃO PROCESSADOS (b),67585473.85,3442175,Rio Grande do Norte
2016,3,RN,RGF-Anexo 01,DespesaComPessoalInativoEPensionistasBruta,Pessoal Inativo e Pensionistas,"DESPESAS LIQUIDADAS 
(a)",1962988691.68,3442175,Rio Grande do Norte
2016,3,RN,RGF-Anexo 01,DespesaComPessoalInativoEPensionistasBruta,Pessoal Inativo e Pensionistas,DESPESAS INSCRITAS EM RESTOS A PAGAR NÃO PROCESSADOS (b),148413024.62,3442175,Rio Grande do Norte
2016,3,RN,RGF-Anexo 01,DespesaComPessoalLiquida,DESPESA LÍQUIDA COM PESSOAL (III) = (I - II),"DESPESAS LIQUIDADAS 
(a)",4430933246.51,3442175,Rio Grande do Norte
2016,3,RN,RGF-Anexo 01,DespesaComPessoalLiquida,DESPESA LÍQUIDA COM PESSOAL (III) = (I - II),DESPESAS INSCRITAS EM RESTOS A PAGAR NÃO PROCESSADOS (b),216390380.02,3442175,Rio Grande do Norte
2016,3,RN,RGF-Anexo 01,ReceitaCorrenteLiquidaLimiteLegal,RECEITA CORRENTE LIQUIDA - RCL (IV),Valor,8611240172.02,3442175,Rio Grande do Norte
2016,3,RN,RGF-Anexo 01,DespesaComPessoalTotal,DESPESA TOTAL COM PESSOAL - DTP (V) = (III a + III b),Valor,4647323626.53,3442175,Rio Grande do Norte
2016,3,RN,RGF-Anexo 01,DespesaComPessoalTotal,DESPESA TOTAL COM PESSOAL - DTP (V) = (III a + III b),% sobre a RCL,53.97,3442175,Rio Grande do Norte
2016,3,RN,RGF-Anexo 02,DividaConsolidada,DÍVIDA CONSOLIDADA - DC (I),SALDO DO EXERCÍCIO ANTERIOR,1848460964.64,3442175,Rio Grande do Norte
2016,3,RN,RGF-Anexo 02,DividaConsolidada,DÍVIDA CONSOLIDADA - DC (I),Até o 1º Quadrimestre,1999010046.1,3442175,Rio Grande do Norte
2016,3,RN,RGF-Anexo 02,DividaConsolidada,DÍVIDA CONSOLIDADA - DC (I),Até o 2º Quadrimestre,1896105133.15,3442175,Rio Grande do Norte
2016,3,RN,RGF-Anexo 02,DividaConsolidada,DÍVIDA CONSOLIDADA - DC (I),Até o 3º Quadrimestre,2061018249.67,3442175,Rio Grande do Norte
2016,3,RN,RGF-Anexo 02,DividaContratual,Dívida Contratual,SALDO DO EXERCÍCIO ANTERIOR,1514237137.16,3442175,Rio Grande do Norte
2016,3,RN,RGF-Anexo 02,DividaContratual,Dívida Contratual,Até o 1º Quadrimestre,1601744818.93,3442175,Rio Grande do Norte
2016,3,RN,RGF-Anexo 02,DividaContratual,Dívida Contratual,Até o 2º Quadrimestre,1562451500.34,3442175,Rio Grande do Norte
2016,3,RN,RGF-Anexo 02,DividaContratual,Dívida Contratual,Até o 3º Quadrimestre,1691840845.08,3442175,Rio Grande do Norte
2016,3,RN,RGF-Anexo 02,DividaConsolidadaLiquida,DÍVIDA CONSOLIDADA LÍQUIDA (DCL) (III) = (I - II),SALDO DO EXERCÍCIO ANTERIOR,1089016640.49,3442175,Rio Grande do Norte
2016,3,RN,RGF-Anexo 02,DividaConsolidadaLiquida,DÍVIDA CONSOLIDADA LÍQUIDA (DCL) (III) = (I - II),Até o 1º Quadrimestre,605897676.93,3442175,Rio Grande do Norte
2016,3,RN,RGF-Anexo 02,DividaConsolidadaLiquida,DÍVIDA CONSOLIDADA LÍQUIDA (DCL) (III) = (I - II),Até o 2º Quadrimestre,385680527.72,3442175,Rio Grande do Norte
2016,3,RN,RGF-Anexo 02,DividaConsolidadaLiquida,DÍVIDA CONSOLIDADA LÍQUIDA (DCL) (III) = (I - II),Até o 3º Quadrimestre,1068411173.34,3442175,Rio Grande do Norte
2017,1,RN,RGF-Anexo 01,DespesaComPessoalBruta,DESPESA BRUTA COM PESSOAL (I),"DESPESAS LIQUIDADAS 
(a)",6276418356.68,3474998,Rio Grande do Norte
2017,1,RN,RGF-Anexo 01,DespesaComPessoalAtivoBruta,Pessoal Ativo,"DESPESAS LIQUIDADAS 
(a)",3969039298.97,3474998,Rio Grande do Norte
2017,1,RN,RGF-Anexo 01,DespesaComPessoalInativoEPensionistasBruta,Pessoal Inativo e Pensionistas,"DESPESAS LIQUIDADAS 
(a)",2301410623.87,3474998,Rio Grande do Norte
2017,1,RN,RGF-Anexo 01,DespesaComPessoalLiquida,DESPESA LÍQUIDA COM PESSOAL (III) = (I - II),"DESPESAS LIQUIDADAS 
(a)",5017024535.83,3474998,Rio Grande do Norte
2017,1,RN,RGF-Anexo 01,ReceitaCorrenteLiquidaLimiteLegal,RECEITA CORRENTE LIQUIDA - RCL (IV),Valor,8808697808.32,3474998,Rio Grande do Norte
2017,1,RN,RGF-Anexo 01,DespesaComPessoalTotal,DESPESA TOTAL COM PESSOAL - DTP (VII) = (IIIa + IIIb),Valor,5017024535.83,3474998,Rio Grande do Norte
2017,1,RN,RGF-Anexo 01,DespesaComPessoalTotal,DESPESA TOTAL COM PESSOAL - DTP (VII) = (IIIa + IIIb),% sobre a RCL Ajustada,56.96,3474998,Rio Grande do Norte
2017,1,RN,RGF-Anexo 02,DividaConsolidada,DÍVIDA CONSOLIDADA - DC (I),SALDO DO EXERCÍCIO ANTERIOR,2061018249.67,3474998,Rio Grande do Norte
2017,1,RN,RGF-Anexo 02,DividaConsolidada,DÍVIDA CONSOLIDADA - DC (I),Até o 1º Quadrimestre,2036738332.29,3474998,Rio Grande do Norte
2017,1,RN,RGF-Anexo 02,DividaContratual,Dívida Contratual,SALDO DO EXERCÍCIO ANTERIOR,1691840845.08,3474998,Rio Grande do Norte
2017,1,RN,RGF-Anexo 02,DividaContratual,Dívida Contratual,Até o 1º Quadrimestre,1667560927.7,3474998,Rio Grande do Norte
2017,1,RN,RGF-Anexo 02,DividaConsolidadaLiquida,DÍVIDA CONSOLIDADA LÍQUIDA (DCL) (III) = (I - II),SALDO DO EXERCÍCIO ANTERIOR,1068411173.34,3474998,Rio Grande do Norte
2017,1,RN,RGF-Anexo 02,DividaConsolidadaLiquida,DÍVIDA CONSOLIDADA LÍQUIDA (DCL) (III) = (I - II),Até o 1º Quadrimestre,530556999.67,3474998,Rio Grande do Norte
2017,2,RN,RGF-Anexo 01,DespesaComPessoalBruta,DESPESA BRUTA COM PESSOAL (I),"DESPESAS LIQUIDADAS 
(a)",6648584648.9,3474998,Rio Grande do Norte
2017,2,RN,RGF-Anexo 01,DespesaComPessoalAtivoBruta,Pessoal Ativo,"DESPESAS LIQUIDADAS 
(a)",4058702335.54,3474998,Rio Grande do Norte
2017,2,RN,RGF-Anexo 01,DespesaComPessoalInativoEPensionistasBruta,Pessoal Inativo e Pensionistas,"DESPESAS LIQUIDADAS 
(a)",2583649691.65,3474998,Rio Grande do Norte
2017,2,RN,RGF-Anexo 01,DespesaComPessoalLiquida,DESPESA LÍQUIDA COM PESSOAL (III) = (I - II),"DESPESAS LIQUIDADAS 
(a)",5320855035.26,3474998,Rio Grande do Norte
2017,2,RN,RGF-Anexo 01,ReceitaCorrenteLiquidaLimiteLegal,RECEITA CORRENTE LIQUIDA - RCL (IV),Valor,9262997669.41,3474998,Rio Grande do Norte
2017,2,RN,RGF-Anexo 01,DespesaComPessoalTotal,DESPESA TOTAL COM PESSOAL - DTP (VII) = (IIIa + IIIb),Valor,5320855035.26,3474998,Rio Grande do Norte
2017,2,RN,RGF-Anexo 01,DespesaComPessoalTotal,DESPESA TOTAL COM PESSOAL - DTP (VII) = (IIIa + IIIb),% sobre a RCL Ajustada,57.44,3474998,Rio Grande do Norte
2017,2,RN,RGF-Anexo 02,DividaConsolidada,DÍVIDA CONSOLIDADA - DC (I),SALDO DO EXERCÍCIO ANTERIOR,2061018249.67,3474998,Rio Grande do Norte
2017,2,RN,RGF-Anexo 02,DividaConsolidada,DÍVIDA CONSOLIDADA - DC (I),Até o 1º Quadrimestre,2036738332.29,3474998,Rio Grande do Norte
2017,2,RN,RGF-Anexo 02,DividaConsolidada,DÍVIDA CONSOLIDADA - DC (I),Até o 2º Quadrimestre,2072646883.9,3474998,Rio Grande do Norte
2017,2,RN,RGF-Anexo 02,DividaContratual,Dívida Contratual,SALDO DO EXERCÍCIO ANTERIOR,1692885353.59,3474998,Rio Grande do Norte
2017,2,RN,RGF-Anexo 02,DividaContratual,Dívida Contratual,Até o 1º Quadrimestre,1668605436.21,3474998,Rio Grande do Norte
2017,2,RN,RGF-Anexo 02,DividaContratual,Dívida Contratual,Até o 2º Quadrimestre,1704513987.82,3474998,Rio Grande do Norte
2017,2,RN,RGF-Anexo 02,DividaConsolidadaLiquida,DÍVIDA CONSOLIDADA LÍQUIDA (DCL) (III) = (I - II),SALDO DO EXERCÍCIO ANTERIOR,1068411173.34,3474998,Rio Grande do Norte
2017,2,RN,RGF-Anexo 02,DividaConsolidadaLiquida,DÍVIDA CONSOLIDADA LÍQUIDA (DCL) (III) = (I - II),Até o 1º Quadrimestre,530544437.47,3474998,Rio Grande do Norte
2017,2,RN,RGF-Anexo 02,DividaConsolidadaLiquida,DÍVIDA CONSOLIDADA LÍQUIDA (DCL) (III) = (I - II),Até o 2º Quadrimestre,583689782.78,3474998,Rio Grande do Norte
2017,3,RN,RGF-Anexo 01,DespesaComPessoalBruta,DESPESA BRUTA COM PESSOAL (I),"DESPESAS LIQUIDADAS 
(a)",6127628207.82,3474998,Rio Grande do Norte
2017,3,RN,RGF-Anexo 01,DespesaComPessoalBruta,DESPESA BRUTA COM PESSOAL (I),DESPESAS INSCRITAS EM RESTOS A PAGAR NÃO PROCESSADOS (b),214681654.41,3474998,Rio Grande do Norte
2017,3,RN,RGF-Anexo 01,DespesaComPessoalAtivoBruta,Pessoal Ativo,"DESPESAS LIQUIDADAS 
(a)",3654327317.59,3474998,Rio Grande do Norte
2017,3,RN,RGF-Anexo 01,DespesaComPessoalAtivoBruta,Pessoal Ativo,DESPESAS INSCRITAS EM RESTOS A PAGAR NÃO PROCESSADOS (b),65833032.29,3474998,Rio Grande do Norte
2017,3,RN,RGF-Anexo 01,DespesaComPessoalInativoEPensionistasBruta,Pessoal Inativo e Pensionistas,"DESPESAS LIQUIDADAS 
(a)",2463123590.96,3474998,Rio Grande do Norte
2017,3,RN,RGF-Anexo 01,DespesaComPessoalInativoEPensionistasBruta,Pessoal Inativo e Pensionistas,DESPESAS INSCRITAS EM RESTOS A PAGAR NÃO PROCESSADOS (b),148348622.12,3474998,Rio Grande do Norte
2017,3,RN,RGF-Anexo 01,DespesaComPessoalLiquida,DESPESA LÍQUIDA COM PESSOAL (III) = (I - II),"DESPESAS LIQUIDADAS 
(a)",3493341406.18,3474998,Rio Grande do Norte
2017,3,RN,RGF-Anexo 01,DespesaComPessoalLiquida,DESPESA LÍQUIDA COM PESSOAL (III) = (I - II),DESPESAS INSCRITAS EM RESTOS A PAGAR NÃO PROCESSADOS (b),54606690.3,3474998,Rio Grande do Norte
2017,3,RN,RGF-Anexo 01,ReceitaCorrenteLiquidaLimiteLegal,RECEITA CORRENTE LIQUIDA - RCL (IV),Valor,8604895623.56,3474998,Rio Grande do Norte
2017,3,RN,RGF-Anexo 01,DespesaComPessoalTotal,DESPESA TOTAL COM PESSOAL - DTP (VII) = (IIIa + IIIb),Valor,3547948096.48,3474998,Rio Grande do Norte
2017,3,RN,RGF-Anexo 01,DespesaComPessoalTotal,DESPESA TOTAL COM PESSOAL - DTP (VII) = (IIIa + IIIb),% sobre a RCL Ajustada,41.23,3474998,Rio Grande do Norte
2017,3,RN,RGF-Anexo 02,DividaConsolidada,DÍVIDA CONSOLIDADA - DC (I),SALDO DO EXERCÍCIO ANTERIOR,2061018249.67,3474998,Rio Grande do Norte
2017,3,RN,RGF-Anexo 02,DividaConsolidada,DÍVIDA CONSOLIDADA - DC (I),Até o 1º Quadrimestre,2036738332.29,3474998,Rio Grande do Norte
2017,3,RN,RGF-Anexo 02,DividaConsolidada,DÍVIDA CONSOLIDADA - DC (I),Até o 2º Quadrimestre,2045646883.9,3474998,Rio Grande do Norte
2017,3,RN,RGF-Anexo 02,DividaConsolidada,DÍVIDA CONSOLIDADA - DC (I),Até o 3º Quadrimestre,2074130434.98,3474998,Rio Grande do Norte
2017,3,RN,RGF-Anexo 02,DividaContratual,Dívida Contratual,SALDO DO EXERCÍCIO ANTERIOR,1692885353.59,3474998,Rio Grande do Norte
2017,3,RN,RGF-Anexo 02,DividaContratual,Dívida Contratual,Até o 1º Quadrimestre,1668605436.21,3474998,Rio Grande do Norte
2017,3,RN,RGF-Anexo 02,DividaContratual,Dívida Contratual,Até o 2º Quadrimestre,1677513987.82,3474998,Rio Grande do Norte
2017,3,RN,RGF-Anexo 02,DividaContratual,Dívida Contratual,Até o 3º Quadrimestre,1705997538.9,3474998,Rio Grande do Norte
2017,3,RN,RGF-Anexo 02,DividaConsolidadaLiquida,DÍVIDA CONSOLIDADA LÍQUIDA (DCL) (III) = (I - II),SALDO DO EXERCÍCIO ANTERIOR,1068411173.34,3474998,Rio Grande do Norte
2017,3,RN,RGF-Anexo 02,DividaConsolidadaLiquida,DÍVIDA CONSOLIDADA LÍQUIDA (DCL) (III) = (I - II),Até o 1º Quadrimestre,530544437.47,3474998,Rio Grande do Norte
2017,3,RN,RGF-Anexo 02,DividaConsolidadaLiquida,DÍVIDA CONSOLIDADA LÍQUIDA (DCL) (III) = (I - II),Até o 2º Quadrimestre,556654707.78,3474998,Rio Grande do Norte
2017,3,RN,RGF-Anexo 02,DividaConsolidadaLiquida,DÍVIDA CONSOLIDADA LÍQUIDA (DCL) (III) = (I - II),Até o 3º Quadrimestre,1204549996.95,3474998,Rio Grande do Norte
2018,1,RN,RGF-Anexo 01,DespesaComPessoalBruta,DESPESA BRUTA COM PESSOAL (I),<MR-11>,725479358.16,3474998,Rio Grande do Norte
2018,1,RN,RGF-Anexo 01,DespesaComPessoalBruta,DESPESA BRUTA COM PESSOAL (I),<MR-10>,546453561.28,3474998,Rio Grande do Norte
2018,1,RN,RGF-Anexo 01,DespesaComPessoalBruta,DESPESA BRUTA COM PESSOAL (I),<MR-9>,627591397.16,3474998,Rio Grande do Norte
2018,1,RN,RGF-Anexo 01,DespesaComPessoalBruta,DESPESA BRUTA COM PESSOAL (I),<MR-8>,892068277.31,3474998,Rio Grande do Norte
2018,1,RN,RGF-Anexo 01,DespesaComPessoalBruta,DESPESA BRUTA COM PESSOAL (I),<MR-7>,564188718.85,3474998,Rio Grande do Norte
2018,1,RN,RGF-Anexo 01,DespesaComPessoalBruta,DESPESA BRUTA COM PESSOAL (I),<MR-6>,471129921.06,3474998,Rio Grande do Norte
2018,1,RN,RGF-Anexo 01,DespesaComPessoalBruta,DESPESA BRUTA COM PESSOAL (I),<MR-5>,606648830.72,3474998,Rio Grande do Norte
2018,1,RN,RGF-Anexo 01,DespesaComPessoalBruta,DESPESA BRUTA COM PESSOAL (I),<MR-4>,1062036728.49,3474998,Rio Grande do Norte
2018,1,RN,RGF-Anexo 01,DespesaComPessoalBruta,DESPESA BRUTA COM PESSOAL (I),<MR-3>,320328345.62,3474998,Rio Grande do Norte
2018,1,RN,RGF-Anexo 01,DespesaComPessoalBruta,DESPESA BRUTA COM PESSOAL (I),<MR-2>,565941241.94,3474998,Rio Grande do Norte
2018,1,RN,RGF-Anexo 01,DespesaComPessoalBruta,DESPESA BRUTA COM PESSOAL (I),<MR-1>,475840479.55,3474998,Rio Grande do Norte
2018,1,RN,RGF-Anexo 01,DespesaComPessoalBruta,DESPESA BRUTA COM PESSOAL (I),<MR>,564661696.92,3474998,Rio Grande do Norte
2018,1,RN,RGF-Anexo 01,DespesaComPessoalBruta,DESPESA BRUTA COM PESSOAL (I),TOTAL (ÚLTIMOS 12 MESES) (a),7422368557.06,3474998,Rio Grande do Norte
2018,1,RN,RGF-Anexo 01,DespesaComPessoalBruta,DESPESA BRUTA COM PESSOAL (I),INSCRITAS EM RESTOS A PAGAR NÃO PROCESSADOS (b),155359027.78,3474998,Rio Grande do Norte
2018,1,RN,RGF-Anexo 01,DespesaComPessoalAtivoBruta,Pessoal Ativo,<MR-11>,393459870.57,3474998,Rio Grande do Norte
2018,1,RN,RGF-Anexo 01,DespesaComPessoalAtivoBruta,Pessoal Ativo,<MR-10>,326783895.84,3474998,Rio Grande do Norte
2018,1,RN,RGF-Anexo 01,DespesaComPessoalAtivoBruta,Pessoal Ativo,<MR-9>,405490382.38,3474998,Rio Grande do Norte
2018,1,RN,RGF-Anexo 01,DespesaComPessoalAtivoBruta,Pessoal Ativo,<MR-8>,415025613.35,3474998,Rio Grande do Norte
2018,1,RN,RGF-Anexo 01,DespesaComPessoalAtivoBruta,Pessoal Ativo,<MR-7>,347845260.91,3474998,Rio Grande do Norte
2018,1,RN,RGF-Anexo 01,DespesaComPessoalAtivoBruta,Pessoal Ativo,<MR-6>,405365786.78,3474998,Rio Grande do Norte
2018,1,RN,RGF-Anexo 01,DespesaComPessoalAtivoBruta,Pessoal Ativo,<MR-5>,331165777.77,3474998,Rio Grande do Norte
2018,1,RN,RGF-Anexo 01,DespesaComPessoalAtivoBruta,Pessoal Ativo,<MR-4>,777773311.76,3474998,Rio Grande do Norte
2018,1,RN,RGF-Anexo 01,DespesaComPessoalAtivoBruta,Pessoal Ativo,<MR-3>,311291852.9,3474998,Rio Grande do Norte
2018,1,RN,RGF-Anexo 01,DespesaComPessoalAtivoBruta,Pessoal Ativo,<MR-2>,369632785.54,3474998,Rio Grande do Norte
2018,1,RN,RGF-Anexo 01,DespesaComPessoalAtivoBruta,Pessoal Ativo,<MR-1>,265673694.01,3474998,Rio Grande do Norte
2018,1,RN,RGF-Anexo 01,DespesaComPessoalAtivoBruta,Pessoal Ativo,<MR>,343386215.16,3474998,Rio Grande do Norte
2018,1,RN,RGF-Anexo 01,DespesaComPessoalAtivoBruta,Pessoal Ativo,TOTAL (ÚLTIMOS 12 MESES) (a),4692894446.97,3474998,Rio Grande do Norte
2018,1,RN,RGF-Anexo 01,DespesaComPessoalAtivoBruta,Pessoal Ativo,INSCRITAS EM RESTOS A PAGAR NÃO PROCESSADOS (b),148406650.35,3474998,Rio Grande do Norte
2018,1,RN,RGF-Anexo 01,DespesaComPessoalInativoEPensionistasBruta,Pessoal Inativo e Pensionistas,<MR-11>,323588294.05,3474998,Rio Grande do Norte
2018,1,RN,RGF-Anexo 01,DespesaComPessoalInativoEPensionistasBruta,Pessoal Inativo e Pensionistas,<MR-10>,215737681.68,3474998,Rio Grande do Norte
2018,1,RN,RGF-Anexo 01,DespesaComPessoalInativoEPensionistasBruta,Pessoal Inativo e Pensionistas,<MR-9>,218063513.54,3474998,Rio Grande do Norte
2018,1,RN,RGF-Anexo 01,DespesaComPessoalInativoEPensionistasBruta,Pessoal Inativo e Pensionistas,<MR-8>,464516266.43,3474998,Rio Grande do Norte
2018,1,RN,RGF-Anexo 01,DespesaComPessoalInativoEPensionistasBruta,Pessoal Inativo e Pensionistas,<MR-7>,206123252.01,3474998,Rio Grande do Norte
2018,1,RN,RGF-Anexo 01,DespesaComPessoalInativoEPensionistasBruta,Pessoal Inativo e Pensionistas,<MR-6>,57006051.57,3474998,Rio Grande do Norte
2018,1,RN,RGF-Anexo 01,DespesaComPessoalInativoEPensionistasBruta,Pessoal Inativo e Pensionistas,<MR-5>,267798592.65,3474998,Rio Grande do Norte
2018,1,RN,RGF-Anexo 01,DespesaComPessoalInativoEPensionistasBruta,Pessoal Inativo e Pensionistas,<MR-4>,275375448.35,3474998,Rio Grande do Norte
2018,1,RN,RGF-Anexo 01,DespesaComPessoalInativoEPensionistasBruta,Pessoal Inativo e Pensionistas,<MR-3>,9036492.72,3474998,Rio Grande do Norte
2018,1,RN,RGF-Anexo 01,DespesaComPessoalInativoEPensionistasBruta,Pessoal Inativo e Pensionistas,<MR-2>,196308456.4,3474998,Rio Grande do Norte
2018,1,RN,RGF-Anexo 01,DespesaComPessoalInativoEPensionistasBruta,Pessoal Inativo e Pensionistas,<MR-1>,204646423.18,3474998,Rio Grande do Norte
2018,1,RN,RGF-Anexo 01,DespesaComPessoalInativoEPensionistasBruta,Pessoal Inativo e Pensionistas,<MR>,207514443.98,3474998,Rio Grande do Norte
2018,1,RN,RGF-Anexo 01,DespesaComPessoalInativoEPensionistasBruta,Pessoal Inativo e Pensionistas,TOTAL (ÚLTIMOS 12 MESES) (a),2645714916.56,3474998,Rio Grande do Norte
2018,1,RN,RGF-Anexo 01,DespesaComPessoalLiquida,DESPESA LÍQUIDA COM PESSOAL (III) = (I - II),<MR-11>,353405206.19,3474998,Rio Grande do Norte
2018,1,RN,RGF-Anexo 01,DespesaComPessoalLiquida,DESPESA LÍQUIDA COM PESSOAL (III) = (I - II),<MR-10>,318948189.41,3474998,Rio Grande do Norte
2018,1,RN,RGF-Anexo 01,DespesaComPessoalLiquida,DESPESA LÍQUIDA COM PESSOAL (III) = (I - II),<MR-9>,368331715.54,3474998,Rio Grande do Norte
2018,1,RN,RGF-Anexo 01,DespesaComPessoalLiquida,DESPESA LÍQUIDA COM PESSOAL (III) = (I - II),<MR-8>,405805880.8,3474998,Rio Grande do Norte
2018,1,RN,RGF-Anexo 01,DespesaComPessoalLiquida,DESPESA LÍQUIDA COM PESSOAL (III) = (I - II),<MR-7>,348191835.17,3474998,Rio Grande do Norte
2018,1,RN,RGF-Anexo 01,DespesaComPessoalLiquida,DESPESA LÍQUIDA COM PESSOAL (III) = (I - II),<MR-6>,390934628.2,3474998,Rio Grande do Norte
2018,1,RN,RGF-Anexo 01,DespesaComPessoalLiquida,DESPESA LÍQUIDA COM PESSOAL (III) = (I - II),<MR-5>,328731351.27,3474998,Rio Grande do Norte
2018,1,RN,RGF-Anexo 01,DespesaComPessoalLiquida,DESPESA LÍQUIDA COM PESSOAL (III) = (I - II),<MR-4>,715717200.63,3474998,Rio Grande do Norte
2018,1,RN,RGF-Anexo 01,DespesaComPessoalLiquida,DESPESA LÍQUIDA COM PESSOAL (III) = (I - II),<MR-3>,190473614.97,3474998,Rio Grande do Norte
2018,1,RN,RGF-Anexo 01,DespesaComPessoalLiquida,DESPESA LÍQUIDA COM PESSOAL (III) = (I - II),<MR-2>,128457874.32,3474998,Rio Grande do Norte
2018,1,RN,RGF-Anexo 01,DespesaComPessoalLiquida,DESPESA LÍQUIDA COM PESSOAL (III) = (I - II),<MR-1>,186664661.15,3474998,Rio Grande do Norte
2018,1,RN,RGF-Anexo 01,DespesaComPessoalLiquida,DESPESA LÍQUIDA COM PESSOAL (III) = (I - II),<MR>,324007128.95,3474998,Rio Grande do Norte
2018,1,RN,RGF-Anexo 01,DespesaComPessoalLiquida,DESPESA LÍQUIDA COM PESSOAL (III) = (I - II),TOTAL (ÚLTIMOS 12 MESES) (a),4059669286.6,3474998,Rio Grande do Norte
2018,1,RN,RGF-Anexo 01,DespesaComPessoalLiquida,DESPESA LÍQUIDA COM PESSOAL (III) = (I - II),INSCRITAS EM RESTOS A PAGAR NÃO PROCESSADOS (b),100567198.55,3474998,Rio Grande do Norte
2018,1,RN,RGF-Anexo 01,ReceitaCorrenteLiquidaLimiteLegal,RECEITA CORRENTE LIQUIDA - RCL (IV),Valor,9301116331.11,3474998,Rio Grande do Norte
2018,1,RN,RGF-Anexo 01,DespesaComPessoalTotal,DESPESA TOTAL COM PESSOAL - DTP (VII) = (IIIa + IIIb),Valor,4160236485.15,3474998,Rio Grande do Norte
2018,1,RN,RGF-Anexo 01,DespesaComPessoalTotal,DESPESA TOTAL COM PESSOAL - DTP (VII) = (IIIa + IIIb),% sobre a RCL Ajustada,44.73,3474998,Rio Grande do Norte
2018,1,RN,RGF-Anexo 02,DividaConsolidada,DÍVIDA CONSOLIDADA - DC (I),SALDO DO EXERCÍCIO ANTERIOR,2168470729.24,3474998,Rio Grande do Norte
2018,1,RN,RGF-Anexo 02,DividaConsolidada,DÍVIDA CONSOLIDADA - DC (I),Até o 1º Quadrimestre,1758078155.72,3474998,Rio Grande do Norte
2018,1,RN,RGF-Anexo 02,DividaContratual,Dívida Contratual,SALDO DO EXERCÍCIO ANTERIOR,1705276645.85,3474998,Rio Grande do Norte
2018,1,RN,RGF-Anexo 02,DividaContratual,Dívida Contratual,Até o 1º Quadrimestre,1758078155.72,3474998,Rio Grande do Norte
2018,1,RN,RGF-Anexo 02,DividaConsolidadaLiquida,DÍVIDA CONSOLIDADA LÍQUIDA (DCL) (III) = (I - II),SALDO DO EXERCÍCIO ANTERIOR,562389314.29,3474998,Rio Grande do Norte
2018,1,RN,RGF-Anexo 02,DividaConsolidadaLiquida,DÍVIDA CONSOLIDADA LÍQUIDA (DCL) (III) = (I - II),Até o 1º Quadrimestre,-680730568.3,3474998,Rio Grande do Norte
2018,2,RN,RGF-Anexo 01,DespesaComPessoalBruta,DESPESA BRUTA COM PESSOAL (I),<MR-11>,564188718.85,3474998,Rio Grande do Norte
2018,2,RN,RGF-Anexo 01,DespesaComPessoalBruta,DESPESA BRUTA COM PESSOAL (I),<MR-10>,471129921.06,3474998,Rio Grande do Norte
2018,2,RN,RGF-Anexo 01,DespesaComPessoalBruta,DESPESA BRUTA COM PESSOAL (I),<MR-9>,606648830.72,3474998,Rio Grande do Norte
2018,2,RN,RGF-Anexo 01,DespesaComPessoalBruta,DESPESA BRUTA COM PESSOAL (I),<MR-8>,1062036728.49,3474998,Rio Grande do Norte
2018,2,RN,RGF-Anexo 01,DespesaComPessoalBruta,DESPESA BRUTA COM PESSOAL (I),<MR-7>,320328345.62,3474998,Rio Grande do Norte
2018,2,RN,RGF-Anexo 01,DespesaComPessoalBruta,DESPESA BRUTA COM PESSOAL (I),<MR-6>,565941241.94,3474998,Rio Grande do Norte
2018,2,RN,RGF-Anexo 01,DespesaComPessoalBruta,DESPESA BRUTA COM PESSOAL (I),<MR-5>,475840479.55,3474998,Rio Grande do Norte
2018,2,RN,RGF-Anexo 01,DespesaComPessoalBruta,DESPESA BRUTA COM PESSOAL (I),<MR-4>,564661696.92,3474998,Rio Grande do Norte
2018,2,RN,RGF-Anexo 01,DespesaComPessoalBruta,DESPESA BRUTA COM PESSOAL (I),<MR-3>,565065360.3,3474998,Rio Grande do Norte
2018,2,RN,RGF-Anexo 01,DespesaComPessoalBruta,DESPESA BRUTA COM PESSOAL (I),<MR-2>,738815820.22,3474998,Rio Grande do Norte
2018,2,RN,RGF-Anexo 01,DespesaComPessoalBruta,DESPESA BRUTA COM PESSOAL (I),<MR-1>,652569796.7,3474998,Rio Grande do Norte
2018,2,RN,RGF-Anexo 01,DespesaComPessoalBruta,DESPESA BRUTA COM PESSOAL (I),<MR>,600577156.12,3474998,Rio Grande do Norte
2018,2,RN,RGF-Anexo 01,DespesaComPessoalBruta,DESPESA BRUTA COM PESSOAL (I),TOTAL (ÚLTIMOS 12 MESES) (a),7187804096.49,3474998,Rio Grande do Norte
2018,2,RN,RGF-Anexo 01,DespesaComPessoalAtivoBruta,Pessoal Ativo,<MR-11>,347845260.91,3474998,Rio Grande do Norte
2018,2,RN,RGF-Anexo 01,DespesaComPessoalAtivoBruta,Pessoal Ativo,<MR-10>,405365786.78,3474998,Rio Grande do Norte
2018,2,RN,RGF-Anexo 01,DespesaComPessoalAtivoBruta,Pessoal Ativo,<MR-9>,331165777.77,3474998,Rio Grande do Norte
2018,2,RN,RGF-Anexo 01,DespesaComPessoalAtivoBruta,Pessoal Ativo,<MR-8>,777773311.76,3474998,Rio Grande do Norte
2018,2,RN,RGF-Anexo 01,DespesaComPessoalAtivoBruta,Pessoal Ativo,<MR-7>,311291852.9,3474998,Rio Grande do Norte
2018,2,RN,RGF-Anexo 01,DespesaComPessoalAtivoBruta,Pessoal Ativo,<MR-6>,369632785.54,3474998,Rio Grande do Norte
2018,2,RN,RGF-Anexo 01,DespesaComPessoalAtivoBruta,Pessoal Ativo,<MR-5>,265673694.01,3474998,Rio Grande do Norte
2018,2,RN,RGF-Anexo 01,DespesaComPessoalAtivoBruta,Pessoal Ativo,<MR-4>,343386215.16,3474998,Rio Grande do Norte
2018,2,RN,RGF-Anexo 01,DespesaComPessoalAtivoBruta,Pessoal Ativo,<MR-3>,335119537.77,3474998,Rio Grande do Norte
2018,2,RN,RGF-Anexo 01,DespesaComPessoalAtivoBruta,Pessoal Ativo,<MR-2>,395246444.25,3474998,Rio Grande do Norte
2018,2,RN,RGF-Anexo 01,DespesaComPessoalAtivoBruta,Pessoal Ativo,<MR-1>,345830434.05,3474998,Rio Grande do Norte
2018,2,RN,RGF-Anexo 01,DespesaComPessoalAtivoBruta,Pessoal Ativo,<MR>,350566204.87,3474998,Rio Grande do Norte
2018,2,RN,RGF-Anexo 01,DespesaComPessoalAtivoBruta,Pessoal Ativo,TOTAL (ÚLTIMOS 12 MESES) (a),4578897305.77,3474998,Rio Grande do Norte
2018,2,RN,RGF-Anexo 01,DespesaComPessoalInativoEPensionistasBruta,Pessoal Inativo e Pensionistas,<MR-11>,206123252.01,3474998,Rio Grande do Norte
2018,2,RN,RGF-Anexo 01,DespesaComPessoalInativoEPensionistasBruta,Pessoal Inativo e Pensionistas,<MR-10>,57006051.57,3474998,Rio Grande do Norte
2018,2,RN,RGF-Anexo 01,DespesaComPessoalInativoEPensionistasBruta,Pessoal Inativo e Pensionistas,<MR-9>,267798592.65,3474998,Rio Grande do Norte
2018,2,RN,RGF-Anexo 01,DespesaComPessoalInativoEPensionistasBruta,Pessoal Inativo e Pensionistas,<MR-8>,275375448.35,3474998,Rio Grande do Norte
2018,2,RN,RGF-Anexo 01,DespesaComPessoalInativoEPensionistasBruta,Pessoal Inativo e Pensionistas,<MR-7>,9036492.72,3474998,Rio Grande do Norte
2018,2,RN,RGF-Anexo 01,DespesaComPessoalInativoEPensionistasBruta,Pessoal Inativo e Pensionistas,<MR-6>,196308456.4,3474998,Rio Grande do Norte
2018,2,RN,RGF-Anexo 01,DespesaComPessoalInativoEPensionistasBruta,Pessoal Inativo e Pensionistas,<MR-5>,204646423.18,3474998,Rio Grande do Norte
2018,2,RN,RGF-Anexo 01,DespesaComPessoalInativoEPensionistasBruta,Pessoal Inativo e Pensionistas,<MR-4>,207514443.98,3474998,Rio Grande do Norte
2018,2,RN,RGF-Anexo 01,DespesaComPessoalInativoEPensionistasBruta,Pessoal Inativo e Pensionistas,<MR-3>,222201864.86,3474998,Rio Grande do Norte
2018,2,RN,RGF-Anexo 01,DespesaComPessoalInativoEPensionistasBruta,Pessoal Inativo e Pensionistas,<MR-2>,333547667.16,3474998,Rio Grande do Norte
2018,2,RN,RGF-Anexo 01,DespesaComPessoalInativoEPensionistasBruta,Pessoal Inativo e Pensionistas,<MR-1>,298294017.01,3474998,Rio Grande do Norte
2018,2,RN,RGF-Anexo 01,DespesaComPessoalInativoEPensionistasBruta,Pessoal Inativo e Pensionistas,<MR>,243134914.16,3474998,Rio Grande do Norte
2018,2,RN,RGF-Anexo 01,DespesaComPessoalInativoEPensionistasBruta,Pessoal Inativo e Pensionistas,TOTAL (ÚLTIMOS 12 MESES) (a),2520987624.05,3474998,Rio Grande do Norte
2018,2,RN,RGF-Anexo 01,DespesaComPessoalLiquida,DESPESA LÍQUIDA COM PESSOAL (III) = (I - II),<MR-11>,348191835.17,3474998,Rio Grande do Norte
2018,2,RN,RGF-Anexo 01,DespesaComPessoalLiquida,DESPESA LÍQUIDA COM PESSOAL (III) = (I - II),<MR-10>,390934628.2,3474998,Rio Grande do Norte
2018,2,RN,RGF-Anexo 01,DespesaComPessoalLiquida,DESPESA LÍQUIDA COM PESSOAL (III) = (I - II),<MR-9>,328731351.27,3474998,Rio Grande do Norte
2018,2,RN,RGF-Anexo 01,DespesaComPessoalLiquida,DESPESA LÍQUIDA COM PESSOAL (III) = (I - II),<MR-8>,715717200.63,3474998,Rio Grande do Norte
2018,2,RN,RGF-Anexo 01,DespesaComPessoalLiquida,DESPESA LÍQUIDA COM PESSOAL (III) = (I - II),<MR-7>,190473614.97,3474998,Rio Grande do Norte
2018,2,RN,RGF-Anexo 01,DespesaComPessoalLiquida,DESPESA LÍQUIDA COM PESSOAL (III) = (I - II),<MR-6>,128457874.32,3474998,Rio Grande do Norte
2018,2,RN,RGF-Anexo 01,DespesaComPessoalLiquida,DESPESA LÍQUIDA COM PESSOAL (III) = (I - II),<MR-5>,186664661.15,3474998,Rio Grande do Norte
2018,2,RN,RGF-Anexo 01,DespesaComPessoalLiquida,DESPESA LÍQUIDA COM PESSOAL (III) = (I - II),<MR-4>,324007128.95,3474998,Rio Grande do Norte
2018,2,RN,RGF-Anexo 01,DespesaComPessoalLiquida,DESPESA LÍQUIDA COM PESSOAL (III) = (I - II),<MR-3>,443850899.94,3474998,Rio Grande do Norte
2018,2,RN,RGF-Anexo 01,DespesaComPessoalLiquida,DESPESA LÍQUIDA COM PESSOAL (III) = (I - II),<MR-2>,471654721.21,3474998,Rio Grande do Norte
2018,2,RN,RGF-Anexo 01,DespesaComPessoalLiquida,DESPESA LÍQUIDA COM PESSOAL (III) = (I - II),<MR-1>,641755363.97,3474998,Rio Grande do Norte
2018,2,RN,RGF-Anexo 01,DespesaComPessoalLiquida,DESPESA LÍQUIDA COM PESSOAL (III) = (I - II),<MR>,589938179.32,3474998,Rio Grande do Norte
2018,2,RN,RGF-Anexo 01,DespesaComPessoalLiquida,DESPESA LÍQUIDA COM PESSOAL (III) = (I - II),TOTAL (ÚLTIMOS 12 MESES) (a),4760377459.1,3474998,Rio Grande do Norte
2018,2,RN,RGF-Anexo 01,ReceitaCorrenteLiquidaLimiteLegal,RECEITA CORRENTE LIQUIDA - RCL (IV),Valor,10358020804.82,3474998,Rio Grande do Norte
2018,2,RN,RGF-Anexo 01,DespesaComPessoalTotal,DESPESA TOTAL COM PESSOAL - DTP (VII) = (IIIa + IIIb),Valor,4760377459.1,3474998,Rio Grande do Norte
2018,2,RN,RGF-Anexo 01,DespesaComPessoalTotal,DESPESA TOTAL COM PESSOAL - DTP (VII) = (IIIa + IIIb),% sobre a RCL Ajustada,45.96,3474998,Rio Grande do Norte
2018,2,RN,RGF-Anexo 02,DividaConsolidada,DÍVIDA CONSOLIDADA - DC (I),SALDO DO EXERCÍCIO ANTERIOR,2168470729.24,3474998,Rio Grande do Norte
2018,2,RN,RGF-Anexo 02,DividaConsolidada,DÍVIDA CONSOLIDADA - DC (I),Até o 1º Quadrimestre,1756021670.21,3474998,Rio Grande do Norte
2018,2,RN,RGF-Anexo 02,DividaConsolidada,DÍVIDA CONSOLIDADA - DC (I),Até o 2º Quadrimestre,1719291771.91,3474998,Rio Grande do Norte
2018,2,RN,RGF-Anexo 02,DividaContratual,Dívida Contratual,SALDO DO EXERCÍCIO ANTERIOR,1705276645.85,3474998,Rio Grande do Norte
2018,2,RN,RGF-Anexo 02,DividaContratual,Dívida Contratual,Até o 1º Quadrimestre,1756021670.21,3474998,Rio Grande do Norte
2018,2,RN,RGF-Anexo 02,DividaContratual,Dívida Contratual,Até o 2º Quadrimestre,1719291771.91,3474998,Rio Grande do Norte
2018,2,RN,RGF-Anexo 02,DividaConsolidadaLiquida,DÍVIDA CONSOLIDADA LÍQUIDA (DCL) (III) = (I - II),SALDO DO EXERCÍCIO ANTERIOR,562389314.29,3474998,Rio Grande do Norte
2018,2,RN,RGF-Anexo 02,DividaConsolidadaLiquida,DÍVIDA CONSOLIDADA LÍQUIDA (DCL) (III) = (I - II),Até o 1º Quadrimestre,-72710634.19,3474998,Rio Grande do Norte
2018,2,RN,RGF-Anexo 02,DividaConsolidadaLiquida,DÍVIDA CONSOLIDADA LÍQUIDA (DCL) (III) = (I - II),Até o 2º Quadrimestre,-666856878.38,3474998,Rio Grande do Norte
2018,3,RN,RGF-Anexo 01,DespesaComPessoalBruta,DESPESA BRUTA COM PESSOAL (I),<MR-11>,377404903.94,3474998,Rio Grande do Norte
2018,3,RN,RGF-Anexo 01,DespesaComPessoalBruta,DESPESA BRUTA COM PESSOAL (I),<MR-10>,682745872.08,3474998,Rio Grande do Norte
2018,3,RN,RGF-Anexo 01,DespesaComPessoalBruta,DESPESA BRUTA COM PESSOAL (I),<MR-9>,620802219.9,3474998,Rio Grande do Norte
2018,3,RN,RGF-Anexo 01,DespesaComPessoalBruta,DESPESA BRUTA COM PESSOAL (I),<MR-8>,567314915.03,3474998,Rio Grande do Norte
2018,3,RN,RGF-Anexo 01,DespesaComPessoalBruta,DESPESA BRUTA COM PESSOAL (I),<MR-7>,533611012.14,3474998,Rio Grande do Norte
2018,3,RN,RGF-Anexo 01,DespesaComPessoalBruta,DESPESA BRUTA COM PESSOAL (I),<MR-6>,715128794.14,3474998,Rio Grande do Norte
2018,3,RN,RGF-Anexo 01,DespesaComPessoalBruta,DESPESA BRUTA COM PESSOAL (I),<MR-5>,627954055.9,3474998,Rio Grande do Norte
2018,3,RN,RGF-Anexo 01,DespesaComPessoalBruta,DESPESA BRUTA COM PESSOAL (I),<MR-4>,576271297.24,3474998,Rio Grande do Norte
2018,3,RN,RGF-Anexo 01,DespesaComPessoalBruta,DESPESA BRUTA COM PESSOAL (I),<MR-3>,629808170.59,3474998,Rio Grande do Norte
2018,3,RN,RGF-Anexo 01,DespesaComPessoalBruta,DESPESA BRUTA COM PESSOAL (I),<MR-2>,439109100.62,3474998,Rio Grande do Norte
2018,3,RN,RGF-Anexo 01,DespesaComPessoalBruta,DESPESA BRUTA COM PESSOAL (I),<MR-1>,405254094.04,3474998,Rio Grande do Norte
2018,3,RN,RGF-Anexo 01,DespesaComPessoalBruta,DESPESA BRUTA COM PESSOAL (I),<MR>,1604475946.21,3474998,Rio Grande do Norte
2018,3,RN,RGF-Anexo 01,DespesaComPessoalBruta,DESPESA BRUTA COM PESSOAL (I),TOTAL (ÚLTIMOS 12 MESES) (a),7779880381.83,3474998,Rio Grande do Norte
2018,3,RN,RGF-Anexo 01,DespesaComPessoalBruta,DESPESA BRUTA COM PESSOAL (I),INSCRITAS EM RESTOS A PAGAR NÃO PROCESSADOS (b),227061227.6,3474998,Rio Grande do Norte
2018,3,RN,RGF-Anexo 01,DespesaComPessoalAtivoBruta,Pessoal Ativo,<MR-11>,309441768.81,3474998,Rio Grande do Norte
2018,3,RN,RGF-Anexo 01,DespesaComPessoalAtivoBruta,Pessoal Ativo,<MR-10>,374479554.76,3474998,Rio Grande do Norte
2018,3,RN,RGF-Anexo 01,DespesaComPessoalAtivoBruta,Pessoal Ativo,<MR-9>,384586169.06,3474998,Rio Grande do Norte
2018,3,RN,RGF-Anexo 01,DespesaComPessoalAtivoBruta,Pessoal Ativo,<MR-8>,351590483.81,3474998,Rio Grande do Norte
2018,3,RN,RGF-Anexo 01,DespesaComPessoalAtivoBruta,Pessoal Ativo,<MR-7>,319103929.97,3474998,Rio Grande do Norte
2018,3,RN,RGF-Anexo 01,DespesaComPessoalAtivoBruta,Pessoal Ativo,<MR-6>,384582845.54,3474998,Rio Grande do Norte
2018,3,RN,RGF-Anexo 01,DespesaComPessoalAtivoBruta,Pessoal Ativo,<MR-5>,339433530.87,3474998,Rio Grande do Norte
2018,3,RN,RGF-Anexo 01,DespesaComPessoalAtivoBruta,Pessoal Ativo,<MR-4>,316817344.15,3474998,Rio Grande do Norte
2018,3,RN,RGF-Anexo 01,DespesaComPessoalAtivoBruta,Pessoal Ativo,<MR-3>,292199360.86,3474998,Rio Grande do Norte
2018,3,RN,RGF-Anexo 01,DespesaComPessoalAtivoBruta,Pessoal Ativo,<MR-2>,307040149.73,3474998,Rio Grande do Norte
2018,3,RN,RGF-Anexo 01,DespesaComPessoalAtivoBruta,Pessoal Ativo,<MR-1>,221321172.92,3474998,Rio Grande do Norte
2018,3,RN,RGF-Anexo 01,DespesaComPessoalAtivoBruta,Pessoal Ativo,<MR>,719169194.86,3474998,Rio Grande do Norte
2018,3,RN,RGF-Anexo 01,DespesaComPessoalAtivoBruta,Pessoal Ativo,TOTAL (ÚLTIMOS 12 MESES) (a),4319765505.34,3474998,Rio Grande do Norte
2018,3,RN,RGF-Anexo 01,DespesaComPessoalAtivoBruta,Pessoal Ativo,INSCRITAS EM RESTOS A PAGAR NÃO PROCESSADOS (b),38959772.73,3474998,Rio Grande do Norte
2018,3,RN,RGF-Anexo 01,DespesaComPessoalInativoEPensionistasBruta,Pessoal Inativo e Pensionistas,<MR-11>,67963135.13,3474998,Rio Grande do Norte
2018,3,RN,RGF-Anexo 01,DespesaComPessoalInativoEPensionistasBruta,Pessoal Inativo e Pensionistas,<MR-10>,308266317.32,3474998,Rio Grande do Norte
2018,3,RN,RGF-Anexo 01,DespesaComPessoalInativoEPensionistasBruta,Pessoal Inativo e Pensionistas,<MR-9>,230695688.48,3474998,Rio Grande do Norte
2018,3,RN,RGF-Anexo 01,DespesaComPessoalInativoEPensionistasBruta,Pessoal Inativo e Pensionistas,<MR-8>,201199560.31,3474998,Rio Grande do Norte
2018,3,RN,RGF-Anexo 01,DespesaComPessoalInativoEPensionistasBruta,Pessoal Inativo e Pensionistas,<MR-7>,206763124.5,3474998,Rio Grande do Norte
2018,3,RN,RGF-Anexo 01,DespesaComPessoalInativoEPensionistasBruta,Pessoal Inativo e Pensionistas,<MR-6>,320524239.79,3474998,Rio Grande do Norte
2018,3,RN,RGF-Anexo 01,DespesaComPessoalInativoEPensionistasBruta,Pessoal Inativo e Pensionistas,<MR-5>,279970136.27,3474998,Rio Grande do Norte
2018,3,RN,RGF-Anexo 01,DespesaComPessoalInativoEPensionistasBruta,Pessoal Inativo e Pensionistas,<MR-4>,251836660.56,3474998,Rio Grande do Norte
2018,3,RN,RGF-Anexo 01,DespesaComPessoalInativoEPensionistasBruta,Pessoal Inativo e Pensionistas,<MR-3>,325643394.8,3474998,Rio Grande do Norte
2018,3,RN,RGF-Anexo 01,DespesaComPessoalInativoEPensionistasBruta,Pessoal Inativo e Pensionistas,<MR-2>,125771569.02,3474998,Rio Grande do Norte
2018,3,RN,RGF-Anexo 01,DespesaComPessoalInativoEPensionistasBruta,Pessoal Inativo e Pensionistas,<MR-1>,176868025.19,3474998,Rio Grande do Norte
2018,3,RN,RGF-Anexo 01,DespesaComPessoalInativoEPensionistasBruta,Pessoal Inativo e Pensionistas,<MR>,870615931.11,3474998,Rio Grande do Norte
2018,3,RN,RGF-Anexo 01,DespesaComPessoalInativoEPensionistasBruta,Pessoal Inativo e Pensionistas,TOTAL (ÚLTIMOS 12 MESES) (a),3366117782.48,3474998,Rio Grande do Norte
2018,3,RN,RGF-Anexo 01,DespesaComPessoalInativoEPensionistasBruta,Pessoal Inativo e Pensionistas,INSCRITAS EM RESTOS A PAGAR NÃO PROCESSADOS (b),177096439.79,3474998,Rio Grande do Norte
2018,3,RN,RGF-Anexo 01,DespesaComPessoalLiquida,DESPESA LÍQUIDA COM PESSOAL (III) = (I - II),<MR-11>,256947528.86,3474998,Rio Grande do Norte
2018,3,RN,RGF-Anexo 01,DespesaComPessoalLiquida,DESPESA LÍQUIDA COM PESSOAL (III) = (I - II),<MR-10>,308857565.49,3474998,Rio Grande do Norte
2018,3,RN,RGF-Anexo 01,DespesaComPessoalLiquida,DESPESA LÍQUIDA COM PESSOAL (III) = (I - II),<MR-9>,386182333.81,3474998,Rio Grande do Norte
2018,3,RN,RGF-Anexo 01,DespesaComPessoalLiquida,DESPESA LÍQUIDA COM PESSOAL (III) = (I - II),<MR-8>,415033928.85,3474998,Rio Grande do Norte
2018,3,RN,RGF-Anexo 01,DespesaComPessoalLiquida,DESPESA LÍQUIDA COM PESSOAL (III) = (I - II),<MR-7>,407904468.0,3474998,Rio Grande do Norte
2018,3,RN,RGF-Anexo 01,DespesaComPessoalLiquida,DESPESA LÍQUIDA COM PESSOAL (III) = (I - II),<MR-6>,447378845.84,3474998,Rio Grande do Norte
2018,3,RN,RGF-Anexo 01,DespesaComPessoalLiquida,DESPESA LÍQUIDA COM PESSOAL (III) = (I - II),<MR-5>,335206352.19,3474998,Rio Grande do Norte
2018,3,RN,RGF-Anexo 01,DespesaComPessoalLiquida,DESPESA LÍQUIDA COM PESSOAL (III) = (I - II),<MR-4>,480030244.86,3474998,Rio Grande do Norte
2018,3,RN,RGF-Anexo 01,DespesaComPessoalLiquida,DESPESA LÍQUIDA COM PESSOAL (III) = (I - II),<MR-3>,295366735.49,3474998,Rio Grande do Norte
2018,3,RN,RGF-Anexo 01,DespesaComPessoalLiquida,DESPESA LÍQUIDA COM PESSOAL (III) = (I - II),<MR-2>,311950551.82,3474998,Rio Grande do Norte
2018,3,RN,RGF-Anexo 01,DespesaComPessoalLiquida,DESPESA LÍQUIDA COM PESSOAL (III) = (I - II),<MR-1>,274891097.4,3474998,Rio Grande do Norte
2018,3,RN,RGF-Anexo 01,DespesaComPessoalLiquida,DESPESA LÍQUIDA COM PESSOAL (III) = (I - II),<MR>,1513633356.56,3474998,Rio Grande do Norte
2018,3,RN,RGF-Anexo 01,DespesaComPessoalLiquida,DESPESA LÍQUIDA COM PESSOAL (III) = (I - II),TOTAL (ÚLTIMOS 12 MESES) (a),5433383009.17,3474998,Rio Grande do Norte
2018,3,RN,RGF-Anexo 01,DespesaComPessoalLiquida,DESPESA LÍQUIDA COM PESSOAL (III) = (I - II),INSCRITAS EM RESTOS A PAGAR NÃO PROCESSADOS (b),183779575.85,3474998,Rio Grande do Norte
2018,3,RN,RGF-Anexo 01,ReceitaCorrenteLiquidaLimiteLegal,RECEITA CORRENTE LIQUIDA - RCL (IV),Valor,8826611254.37,3474998,Rio Grande do Norte
2018,3,RN,RGF-Anexo 01,DespesaComPessoalTotal,DESPESA TOTAL COM PESSOAL - DTP (VII) = (IIIa + IIIb),Valor,5617162585.02,3474998,Rio Grande do Norte
2018,3,RN,RGF-Anexo 01,DespesaComPessoalTotal,DESPESA TOTAL COM PESSOAL - DTP (VII) = (IIIa + IIIb),% sobre a RCL Ajustada,63.64,3474998,Rio Grande do Norte
2018,3,RN,RGF-Anexo 02,DividaConsolidada,DÍVIDA CONSOLIDADA - DC (I),SALDO DO EXERCÍCIO ANTERIOR,2168969141.85,3474998,Rio Grande do Norte
2018,3,RN,RGF-Anexo 02,DividaConsolidada,DÍVIDA CONSOLIDADA - DC (I),Até o 1º Quadrimestre,2465888789.32,3474998,Rio Grande do Norte
2018,3,RN,RGF-Anexo 02,DividaConsolidada,DÍVIDA CONSOLIDADA - DC (I),Até o 2º Quadrimestre,2409486738.87,3474998,Rio Grande do Norte
2018,3,RN,RGF-Anexo 02,DividaConsolidada,DÍVIDA CONSOLIDADA - DC (I),Até o 3º Quadrimestre,4442681174.71,3474998,Rio Grande do Norte
2018,3,RN,RGF-Anexo 02,DividaContratual,Dívida Contratual,SALDO DO EXERCÍCIO ANTERIOR,1705775058.46,3474998,Rio Grande do Norte
2018,3,RN,RGF-Anexo 02,DividaContratual,Dívida Contratual,Até o 1º Quadrimestre,2002694705.93,3474998,Rio Grande do Norte
2018,3,RN,RGF-Anexo 02,DividaContratual,Dívida Contratual,Até o 2º Quadrimestre,1946292655.48,3474998,Rio Grande do Norte
2018,3,RN,RGF-Anexo 02,DividaContratual,Dívida Contratual,Até o 3º Quadrimestre,2087516810.43,3474998,Rio Grande do Norte
2018,3,RN,RGF-Anexo 02,DividaConsolidadaLiquida,DÍVIDA CONSOLIDADA LÍQUIDA (DCL) (III) = (I - II),SALDO DO EXERCÍCIO ANTERIOR,1326731030.52,3474998,Rio Grande do Norte
2018,3,RN,RGF-Anexo 02,DividaConsolidadaLiquida,DÍVIDA CONSOLIDADA LÍQUIDA (DCL) (III) = (I - II),Até o 1º Quadrimestre,2062944505.17,3474998,Rio Grande do Norte
2018,3,RN,RGF-Anexo 02,DividaConsolidadaLiquida,DÍVIDA CONSOLIDADA LÍQUIDA (DCL) (III) = (I - II),Até o 2º Quadrimestre,1946312052.12,3474998,Rio Grande do Norte
2018,3,RN,RGF-Anexo 02,DividaConsolidadaLiquida,DÍVIDA CONSOLIDADA LÍQUIDA (DCL) (III) = (I - II),Até o 3º Quadrimestre,4125439551.09,3474998,Rio Grande do Norte
2019,1,RN,RGF-Anexo 01,DespesaComPessoalBruta,DESPESA BRUTA COM PESSOAL (I),<MR-11>,565138183.18,3479010,Rio Grande do Norte
2019,1,RN,RGF-Anexo 01,DespesaComPessoalBruta,DESPESA BRUTA COM PESSOAL (I),<MR-10>,738885779.86,3479010,Rio Grande do Norte
2019,1,RN,RGF-Anexo 01,DespesaComPessoalBruta,DESPESA BRUTA COM PESSOAL (I),<MR-9>,664780011.03,3479010,Rio Grande do Norte
2019,1,RN,RGF-Anexo 01,DespesaComPessoalBruta,DESPESA BRUTA COM PESSOAL (I),<MR-8>,619094865.41,3479010,Rio Grande do Norte
2019,1,RN,RGF-Anexo 01,DespesaComPessoalBruta,DESPESA BRUTA COM PESSOAL (I),<MR-7>,640432301.06,3479010,Rio Grande do Norte
2019,1,RN,RGF-Anexo 01,DespesaComPessoalBruta,DESPESA BRUTA COM PESSOAL (I),<MR-6>,436471975.66,3479010,Rio Grande do Norte
2019,1,RN,RGF-Anexo 01,DespesaComPessoalBruta,DESPESA BRUTA COM PESSOAL (I),<MR-5>,418176061.37,3479010,Rio Grande do Norte
2019,1,RN,RGF-Anexo 01,DespesaComPessoalBruta,DESPESA BRUTA COM PESSOAL (I),<MR-4>,1547733034.83,3479010,Rio Grande do Norte
2019,1,RN,RGF-Anexo 01,DespesaComPessoalBruta,DESPESA BRUTA COM PESSOAL (I),<MR-3>,577877673.89,3479010,Rio Grande do Norte
2019,1,RN,RGF-Anexo 01,DespesaComPessoalBruta,DESPESA BRUTA COM PESSOAL (I),<MR-2>,579249500.9,3479010,Rio Grande do Norte
2019,1,RN,RGF-Anexo 01,DespesaComPessoalBruta,DESPESA BRUTA COM PESSOAL (I),<MR-1>,522292799.8,3479010,Rio Grande do Norte
2019,1,RN,RGF-Anexo 01,DespesaComPessoalBruta,DESPESA BRUTA COM PESSOAL (I),<MR>,578175456.69,3479010,Rio Grande do Norte
2019,1,RN,RGF-Anexo 01,DespesaComPessoalBruta,DESPESA BRUTA COM PESSOAL (I),TOTAL (ÚLTIMOS 12 MESES) (a),7888307643.68,3479010,Rio Grande do Norte
2019,1,RN,RGF-Anexo 01,DespesaComPessoalBruta,DESPESA BRUTA COM PESSOAL (I),INSCRITAS EM RESTOS A PAGAR NÃO PROCESSADOS (b),227132080.65,3479010,Rio Grande do Norte
2019,1,RN,RGF-Anexo 01,DespesaComPessoalAtivoBruta,Pessoal Ativo,<MR-11>,334934735.42,3479010,Rio Grande do Norte
2019,1,RN,RGF-Anexo 01,DespesaComPessoalAtivoBruta,Pessoal Ativo,<MR-10>,395303095.98,3479010,Rio Grande do Norte
2019,1,RN,RGF-Anexo 01,DespesaComPessoalAtivoBruta,Pessoal Ativo,<MR-9>,356469715.97,3479010,Rio Grande do Norte
2019,1,RN,RGF-Anexo 01,DespesaComPessoalAtivoBruta,Pessoal Ativo,<MR-8>,336801963.64,3479010,Rio Grande do Norte
2019,1,RN,RGF-Anexo 01,DespesaComPessoalAtivoBruta,Pessoal Ativo,<MR-7>,281252692.16,3479010,Rio Grande do Norte
2019,1,RN,RGF-Anexo 01,DespesaComPessoalAtivoBruta,Pessoal Ativo,<MR-6>,296066050.6,3479010,Rio Grande do Norte
2019,1,RN,RGF-Anexo 01,DespesaComPessoalAtivoBruta,Pessoal Ativo,<MR-5>,214713110.71,3479010,Rio Grande do Norte
2019,1,RN,RGF-Anexo 01,DespesaComPessoalAtivoBruta,Pessoal Ativo,<MR-4>,586189323.86,3479010,Rio Grande do Norte
2019,1,RN,RGF-Anexo 01,DespesaComPessoalAtivoBruta,Pessoal Ativo,<MR-3>,312495878.04,3479010,Rio Grande do Norte
2019,1,RN,RGF-Anexo 01,DespesaComPessoalAtivoBruta,Pessoal Ativo,<MR-2>,321255744.22,3479010,Rio Grande do Norte
2019,1,RN,RGF-Anexo 01,DespesaComPessoalAtivoBruta,Pessoal Ativo,<MR-1>,291248595.19,3479010,Rio Grande do Norte
2019,1,RN,RGF-Anexo 01,DespesaComPessoalAtivoBruta,Pessoal Ativo,<MR>,301638560.7,3479010,Rio Grande do Norte
2019,1,RN,RGF-Anexo 01,DespesaComPessoalAtivoBruta,Pessoal Ativo,TOTAL (ÚLTIMOS 12 MESES) (a),4028369466.49,3479010,Rio Grande do Norte
2019,1,RN,RGF-Anexo 01,DespesaComPessoalAtivoBruta,Pessoal Ativo,INSCRITAS EM RESTOS A PAGAR NÃO PROCESSADOS (b),39045114.85,3479010,Rio Grande do Norte
2019,1,RN,RGF-Anexo 01,DespesaComPessoalInativoEPensionistasBruta,Pessoal Inativo e Pensionistas,<MR-11>,222459490.09,3479010,Rio Grande do Norte
2019,1,RN,RGF-Anexo 01,DespesaComPessoalInativoEPensionistasBruta,Pessoal Inativo e Pensionistas,<MR-10>,333560975.07,3479010,Rio Grande do Norte
2019,1,RN,RGF-Anexo 01,DespesaComPessoalInativoEPensionistasBruta,Pessoal Inativo e Pensionistas,<MR-9>,299759906.3,3479010,Rio Grande do Norte
2019,1,RN,RGF-Anexo 01,DespesaComPessoalInativoEPensionistasBruta,Pessoal Inativo e Pensionistas,<MR-8>,274675609.24,3479010,Rio Grande do Norte
2019,1,RN,RGF-Anexo 01,DespesaComPessoalInativoEPensionistasBruta,Pessoal Inativo e Pensionistas,<MR-7>,347298968.76,3479010,Rio Grande do Norte
2019,1,RN,RGF-Anexo 01,DespesaComPessoalInativoEPensionistasBruta,Pessoal Inativo e Pensionistas,<MR-6>,134170310.75,3479010,Rio Grande do Norte
2019,1,RN,RGF-Anexo 01,DespesaComPessoalInativoEPensionistasBruta,Pessoal Inativo e Pensionistas,<MR-5>,196442659.4,3479010,Rio Grande do Norte
2019,1,RN,RGF-Anexo 01,DespesaComPessoalInativoEPensionistasBruta,Pessoal Inativo e Pensionistas,<MR-4>,946927199.09,3479010,Rio Grande do Norte
2019,1,RN,RGF-Anexo 01,DespesaComPessoalInativoEPensionistasBruta,Pessoal Inativo e Pensionistas,<MR-3>,265381795.85,3479010,Rio Grande do Norte
2019,1,RN,RGF-Anexo 01,DespesaComPessoalInativoEPensionistasBruta,Pessoal Inativo e Pensionistas,<MR-2>,257993756.68,3479010,Rio Grande do Norte
2019,1,RN,RGF-Anexo 01,DespesaComPessoalInativoEPensionistasBruta,Pessoal Inativo e Pensionistas,<MR-1>,227215023.1,3479010,Rio Grande do Norte
2019,1,RN,RGF-Anexo 01,DespesaComPessoalInativoEPensionistasBruta,Pessoal Inativo e Pensionistas,<MR>,263049959.25,3479010,Rio Grande do Norte
2019,1,RN,RGF-Anexo 01,DespesaComPessoalInativoEPensionistasBruta,Pessoal Inativo e Pensionistas,TOTAL (ÚLTIMOS 12 MESES) (a),3768935653.58,3479010,Rio Grande do Norte
2019,1,RN,RGF-Anexo 01,DespesaComPessoalInativoEPensionistasBruta,Pessoal Inativo e Pensionistas,INSCRITAS EM RESTOS A PAGAR NÃO PROCESSADOS (b),177081950.72,3479010,Rio Grande do Norte
2019,1,RN,RGF-Anexo 01,DespesaComPessoalLiquida,DESPESA LÍQUIDA COM PESSOAL (III) = (I - II),<MR-11>,439431639.04,3479010,Rio Grande do Norte
2019,1,RN,RGF-Anexo 01,DespesaComPessoalLiquida,DESPESA LÍQUIDA COM PESSOAL (III) = (I - II),<MR-10>,471135831.56,3479010,Rio Grande do Norte
2019,1,RN,RGF-Anexo 01,DespesaComPessoalLiquida,DESPESA LÍQUIDA COM PESSOAL (III) = (I - II),<MR-9>,372032307.32,3479010,Rio Grande do Norte
2019,1,RN,RGF-Anexo 01,DespesaComPessoalLiquida,DESPESA LÍQUIDA COM PESSOAL (III) = (I - II),<MR-8>,522853813.03,3479010,Rio Grande do Norte
2019,1,RN,RGF-Anexo 01,DespesaComPessoalLiquida,DESPESA LÍQUIDA COM PESSOAL (III) = (I - II),<MR-7>,305990865.96,3479010,Rio Grande do Norte
2019,1,RN,RGF-Anexo 01,DespesaComPessoalLiquida,DESPESA LÍQUIDA COM PESSOAL (III) = (I - II),<MR-6>,309313426.86,3479010,Rio Grande do Norte
2019,1,RN,RGF-Anexo 01,DespesaComPessoalLiquida,DESPESA LÍQUIDA COM PESSOAL (III) = (I - II),<MR-5>,287813064.73,3479010,Rio Grande do Norte
2019,1,RN,RGF-Anexo 01,DespesaComPessoalLiquida,DESPESA LÍQUIDA COM PESSOAL (III) = (I - II),<MR-4>,1386390445.18,3479010,Rio Grande do Norte
2019,1,RN,RGF-Anexo 01,DespesaComPessoalLiquida,DESPESA LÍQUIDA COM PESSOAL (III) = (I - II),<MR-3>,413164889.4,3479010,Rio Grande do Norte
2019,1,RN,RGF-Anexo 01,DespesaComPessoalLiquida,DESPESA LÍQUIDA COM PESSOAL (III) = (I - II),<MR-2>,457382515.06,3479010,Rio Grande do Norte
2019,1,RN,RGF-Anexo 01,DespesaComPessoalLiquida,DESPESA LÍQUIDA COM PESSOAL (III) = (I - II),<MR-1>,397051692.22,3479010,Rio Grande do Norte
2019,1,RN,RGF-Anexo 01,DespesaComPessoalLiquida,DESPESA LÍQUIDA COM PESSOAL (III) = (I - II),<MR>,402022865.63,3479010,Rio Grande do Norte
2019,1,RN,RGF-Anexo 01,DespesaComPessoalLiquida,DESPESA LÍQUIDA COM PESSOAL (III) = (I - II),TOTAL (ÚLTIMOS 12 MESES) (a),5764583355.99,3479010,Rio Grande do Norte
2019,1,RN,RGF-Anexo 01,DespesaComPessoalLiquida,DESPESA LÍQUIDA COM PESSOAL (III) = (I - II),INSCRITAS EM RESTOS A PAGAR NÃO PROCESSADOS (b),183492047.22,3479010,Rio Grande do Norte
2019,1,RN,RGF-Anexo 01,ReceitaCorrenteLiquidaLimiteLegal,RECEITA CORRENTE LIQUIDA - RCL (IV),Valor,8983727838.06,3479010,Rio Grande do Norte
2019,1,RN,RGF-Anexo 01,DespesaComPessoalTotal,DESPESA TOTAL COM PESSOAL - DTP (VII) = (IIIa + IIIb),Valor,5948075403.21,3479010,Rio Grande do Norte
2019,1,RN,RGF-Anexo 01,DespesaComPessoalTotal,DESPESA TOTAL COM PESSOAL - DTP (VII) = (IIIa + IIIb),% sobre a RCL Ajustada,66.21,3479010,Rio Grande do Norte
2019,1,RN,RGF-Anexo 02,DividaConsolidada,DÍVIDA CONSOLIDADA - DC (I),SALDO DO EXERCÍCIO ANTERIOR,4442681174.71,3479010,Rio Grande do Norte
2019,1,RN,RGF-Anexo 02,DividaConsolidada,DÍVIDA CONSOLIDADA - DC (I),Até o 1º Quadrimestre,4469713322.41,3479010,Rio Grande do Norte
2019,1,RN,RGF-Anexo 02,DividaContratual,Dívida Contratual,SALDO DO EXERCÍCIO ANTERIOR,2087516810.43,3479010,Rio Grande do Norte
2019,1,RN,RGF-Anexo 02,DividaContratual,Dívida Contratual,Até o 1º Quadrimestre,2114548958.13,3479010,Rio Grande do Norte
2019,1,RN,RGF-Anexo 02,DividaConsolidadaLiquida,DÍVIDA CONSOLIDADA LÍQUIDA (DCL) (III) = (I - II),SALDO DO EXERCÍCIO ANTERIOR,4409428053.04,3479010,Rio Grande do Norte
2019,1,RN,RGF-Anexo 02,DividaConsolidadaLiquida,DÍVIDA CONSOLIDADA LÍQUIDA (DCL) (III) = (I - II),Até o 1º Quadrimestre,3405235662.71,3479010,Rio Grande do Norte
2019,2,RN,RGF-Anexo 01,DespesaComPessoalBruta,DESPESA BRUTA COM PESSOAL (I),<MR-11>,640432301.06,3479010,Rio Grande do Norte
2019,2,RN,RGF-Anexo 01,DespesaComPessoalBruta,DESPESA BRUTA COM PESSOAL (I),<MR-10>,436471975.66,3479010,Rio Grande do Norte
2019,2,RN,RGF-Anexo 01,DespesaComPessoalBruta,DESPESA BRUTA COM PESSOAL (I),<MR-9>,418176061.37,3479010,Rio Grande do Norte
2019,2,RN,RGF-Anexo 01,DespesaComPessoalBruta,DESPESA BRUTA COM PESSOAL (I),<MR-8>,1547733034.83,3479010,Rio Grande do Norte
2019,2,RN,RGF-Anexo 01,DespesaComPessoalBruta,DESPESA BRUTA COM PESSOAL (I),<MR-7>,577877673.89,3479010,Rio Grande do Norte
2019,2,RN,RGF-Anexo 01,DespesaComPessoalBruta,DESPESA BRUTA COM PESSOAL (I),<MR-6>,579249500.9,3479010,Rio Grande do Norte
2019,2,RN,RGF-Anexo 01,DespesaComPessoalBruta,DESPESA BRUTA COM PESSOAL (I),<MR-5>,522292799.8,3479010,Rio Grande do Norte
2019,2,RN,RGF-Anexo 01,DespesaComPessoalBruta,DESPESA BRUTA COM PESSOAL (I),<MR-4>,578175456.69,3479010,Rio Grande do Norte
2019,2,RN,RGF-Anexo 01,DespesaComPessoalBruta,DESPESA BRUTA COM PESSOAL (I),<MR-3>,625674013.23,3479010,Rio Grande do Norte
2019,2,RN,RGF-Anexo 01,DespesaComPessoalBruta,DESPESA BRUTA COM PESSOAL (I),<MR-2>,626559159.72,3479010,Rio Grande do Norte
2019,2,RN,RGF-Anexo 01,DespesaComPessoalBruta,DESPESA BRUTA COM PESSOAL (I),<MR-1>,660580038.24,3479010,Rio Grande do Norte
2019,2,RN,RGF-Anexo 01,DespesaComPessoalBruta,DESPESA BRUTA COM PESSOAL (I),<MR>,616106961.62,3479010,Rio Grande do Norte
2019,2,RN,RGF-Anexo 01,DespesaComPessoalBruta,DESPESA BRUTA COM PESSOAL (I),TOTAL (ÚLTIMOS 12 MESES) (a),7829328977.01,3479010,Rio Grande do Norte
2019,2,RN,RGF-Anexo 01,DespesaComPessoalBruta,DESPESA BRUTA COM PESSOAL (I),INSCRITAS EM RESTOS A PAGAR NÃO PROCESSADOS (b),227132080.65,3479010,Rio Grande do Norte
2019,2,RN,RGF-Anexo 01,DespesaComPessoalAtivoBruta,Pessoal Ativo,<MR-11>,281252692.16,3479010,Rio Grande do Norte
2019,2,RN,RGF-Anexo 01,DespesaComPessoalAtivoBruta,Pessoal Ativo,<MR-10>,296066050.6,3479010,Rio Grande do Norte
2019,2,RN,RGF-Anexo 01,DespesaComPessoalAtivoBruta,Pessoal Ativo,<MR-9>,214713110.71,3479010,Rio Grande do Norte
2019,2,RN,RGF-Anexo 01,DespesaComPessoalAtivoBruta,Pessoal Ativo,<MR-8>,586189323.86,3479010,Rio Grande do Norte
2019,2,RN,RGF-Anexo 01,DespesaComPessoalAtivoBruta,Pessoal Ativo,<MR-7>,312495878.04,3479010,Rio Grande do Norte
2019,2,RN,RGF-Anexo 01,DespesaComPessoalAtivoBruta,Pessoal Ativo,<MR-6>,321255744.22,3479010,Rio Grande do Norte
2019,2,RN,RGF-Anexo 01,DespesaComPessoalAtivoBruta,Pessoal Ativo,<MR-5>,291248595.19,3479010,Rio Grande do Norte
2019,2,RN,RGF-Anexo 01,DespesaComPessoalAtivoBruta,Pessoal Ativo,<MR-4>,301638560.7,3479010,Rio Grande do Norte
2019,2,RN,RGF-Anexo 01,DespesaComPessoalAtivoBruta,Pessoal Ativo,<MR-3>,343666302.24,3479010,Rio Grande do Norte
2019,2,RN,RGF-Anexo 01,DespesaComPessoalAtivoBruta,Pessoal Ativo,<MR-2>,363171727.19,3479010,Rio Grande do Norte
2019,2,RN,RGF-Anexo 01,DespesaComPessoalAtivoBruta,Pessoal Ativo,<MR-1>,377891273.09,3479010,Rio Grande do Norte
2019,2,RN,RGF-Anexo 01,DespesaComPessoalAtivoBruta,Pessoal Ativo,<MR>,344328171.34,3479010,Rio Grande do Norte
2019,2,RN,RGF-Anexo 01,DespesaComPessoalAtivoBruta,Pessoal Ativo,TOTAL (ÚLTIMOS 12 MESES) (a),4033917429.34,3479010,Rio Grande do Norte
2019,2,RN,RGF-Anexo 01,DespesaComPessoalAtivoBruta,Pessoal Ativo,INSCRITAS EM RESTOS A PAGAR NÃO PROCESSADOS (b),39045114.85,3479010,Rio Grande do Norte
2019,2,RN,RGF-Anexo 01,DespesaComPessoalInativoEPensionistasBruta,Pessoal Inativo e Pensionistas,<MR-11>,347298968.76,3479010,Rio Grande do Norte
2019,2,RN,RGF-Anexo 01,DespesaComPessoalInativoEPensionistasBruta,Pessoal Inativo e Pensionistas,<MR-10>,134170310.75,3479010,Rio Grande do Norte
2019,2,RN,RGF-Anexo 01,DespesaComPessoalInativoEPensionistasBruta,Pessoal Inativo e Pensionistas,<MR-9>,196442659.4,3479010,Rio Grande do Norte
2019,2,RN,RGF-Anexo 01,DespesaComPessoalInativoEPensionistasBruta,Pessoal Inativo e Pensionistas,<MR-8>,946927199.09,3479010,Rio Grande do Norte
2019,2,RN,RGF-Anexo 01,DespesaComPessoalInativoEPensionistasBruta,Pessoal Inativo e Pensionistas,<MR-7>,265381795.85,3479010,Rio Grande do Norte
2019,2,RN,RGF-Anexo 01,DespesaComPessoalInativoEPensionistasBruta,Pessoal Inativo e Pensionistas,<MR-6>,257993756.68,3479010,Rio Grande do Norte
2019,2,RN,RGF-Anexo 01,DespesaComPessoalInativoEPensionistasBruta,Pessoal Inativo e Pensionistas,<MR-5>,227215023.1,3479010,Rio Grande do Norte
2019,2,RN,RGF-Anexo 01,DespesaComPessoalInativoEPensionistasBruta,Pessoal Inativo e Pensionistas,<MR-4>,263049959.25,3479010,Rio Grande do Norte
2019,2,RN,RGF-Anexo 01,DespesaComPessoalInativoEPensionistasBruta,Pessoal Inativo e Pensionistas,<MR-3>,266702656.92,3479010,Rio Grande do Norte
2019,2,RN,RGF-Anexo 01,DespesaComPessoalInativoEPensionistasBruta,Pessoal Inativo e Pensionistas,<MR-2>,257930209.62,3479010,Rio Grande do Norte
2019,2,RN,RGF-Anexo 01,DespesaComPessoalInativoEPensionistasBruta,Pessoal Inativo e Pensionistas,<MR-1>,274027161.15,3479010,Rio Grande do Norte
2019,2,RN,RGF-Anexo 01,DespesaComPessoalInativoEPensionistasBruta,Pessoal Inativo e Pensionistas,<MR>,269075027.39,3479010,Rio Grande do Norte
2019,2,RN,RGF-Anexo 01,DespesaComPessoalInativoEPensionistasBruta,Pessoal Inativo e Pensionistas,TOTAL (ÚLTIMOS 12 MESES) (a),3706214727.96,3479010,Rio Grande do Norte
2019,2,RN,RGF-Anexo 01,DespesaComPessoalInativoEPensionistasBruta,Pessoal Inativo e Pensionistas,INSCRITAS EM RESTOS A PAGAR NÃO PROCESSADOS (b),177081950.72,3479010,Rio Grande do Norte
2019,2,RN,RGF-Anexo 01,DespesaComPessoalLiquida,DESPESA LÍQUIDA COM PESSOAL (III) = (I - II),<MR-11>,305990865.96,3479010,Rio Grande do Norte
2019,2,RN,RGF-Anexo 01,DespesaComPessoalLiquida,DESPESA LÍQUIDA COM PESSOAL (III) = (I - II),<MR-10>,309313426.86,3479010,Rio Grande do Norte
2019,2,RN,RGF-Anexo 01,DespesaComPessoalLiquida,DESPESA LÍQUIDA COM PESSOAL (III) = (I - II),<MR-9>,287813064.73,3479010,Rio Grande do Norte
2019,2,RN,RGF-Anexo 01,DespesaComPessoalLiquida,DESPESA LÍQUIDA COM PESSOAL (III) = (I - II),<MR-8>,1386390445.18,3479010,Rio Grande do Norte
2019,2,RN,RGF-Anexo 01,DespesaComPessoalLiquida,DESPESA LÍQUIDA COM PESSOAL (III) = (I - II),<MR-7>,413164889.4,3479010,Rio Grande do Norte
2019,2,RN,RGF-Anexo 01,DespesaComPessoalLiquida,DESPESA LÍQUIDA COM PESSOAL (III) = (I - II),<MR-6>,457382515.06,3479010,Rio Grande do Norte
2019,2,RN,RGF-Anexo 01,DespesaComPessoalLiquida,DESPESA LÍQUIDA COM PESSOAL (III) = (I - II),<MR-5>,397051692.22,3479010,Rio Grande do Norte
2019,2,RN,RGF-Anexo 01,DespesaComPessoalLiquida,DESPESA LÍQUIDA COM PESSOAL (III) = (I - II),<MR-4>,402022865.63,3479010,Rio Grande do Norte
2019,2,RN,RGF-Anexo 01,DespesaComPessoalLiquida,DESPESA LÍQUIDA COM PESSOAL (III) = (I - II),<MR-3>,473304260.98,3479010,Rio Grande do Norte
2019,2,RN,RGF-Anexo 01,DespesaComPessoalLiquida,DESPESA LÍQUIDA COM PESSOAL (III) = (I - II),<MR-2>,423175396.02,3479010,Rio Grande do Norte
2019,2,RN,RGF-Anexo 01,DespesaComPessoalLiquida,DESPESA LÍQUIDA COM PESSOAL (III) = (I - II),<MR-1>,447703354.27,3479010,Rio Grande do Norte
2019,2,RN,RGF-Anexo 01,DespesaComPessoalLiquida,DESPESA LÍQUIDA COM PESSOAL (III) = (I - II),<MR>,418280585.45,3479010,Rio Grande do Norte
2019,2,RN,RGF-Anexo 01,DespesaComPessoalLiquida,DESPESA LÍQUIDA COM PESSOAL (III) = (I - II),TOTAL (ÚLTIMOS 12 MESES) (a),5721593361.76,3479010,Rio Grande do Norte
2019,2,RN,RGF-Anexo 01,DespesaComPessoalLiquida,DESPESA LÍQUIDA COM PESSOAL (III) = (I - II),INSCRITAS EM RESTOS A PAGAR NÃO PROCESSADOS (b),183492047.22,3479010,Rio Grande do Norte
2019,2,RN,RGF-Anexo 01,ReceitaCorrenteLiquidaLimiteLegal,RECEITA CORRENTE LIQUIDA - RCL (IV),Valor,9017631534.71,3479010,Rio Grande do Norte
2019,2,RN,RGF-Anexo 01,DespesaComPessoalTotal,DESPESA TOTAL COM PESSOAL - DTP (VII) = (IIIa + IIIb),Valor,5905085408.98,3479010,Rio Grande do Norte
2019,2,RN,RGF-Anexo 01,DespesaComPessoalTotal,DESPESA TOTAL COM PESSOAL - DTP (VII) = (IIIa + IIIb),% sobre a RCL Ajustada,65.49,3479010,Rio Grande do Norte
2019,2,RN,RGF-Anexo 02,DividaConsolidada,DÍVIDA CONSOLIDADA - DC (I),SALDO DO EXERCÍCIO ANTERIOR,4442681174.71,3479010,Rio Grande do Norte
2019,2,RN,RGF-Anexo 02,DividaConsolidada,DÍVIDA CONSOLIDADA - DC (I),Até o 1º Quadrimestre,4416909033.89,3479010,Rio Grande do Norte
2019,2,RN,RGF-Anexo 02,DividaConsolidada,DÍVIDA CONSOLIDADA - DC (I),Até o 2º Quadrimestre,4057397994.25,3479010,Rio Grande do Norte
2019,2,RN,RGF-Anexo 02,DividaContratual,Dívida Contratual,SALDO DO EXERCÍCIO ANTERIOR,2087516810.43,3479010,Rio Grande do Norte
2019,2,RN,RGF-Anexo 02,DividaContratual,Dívida Contratual,Até o 1º Quadrimestre,2061744669.61,3479010,Rio Grande do Norte
2019,2,RN,RGF-Anexo 02,DividaContratual,Dívida Contratual,Até o 2º Quadrimestre,2253148057.61,3479010,Rio Grande do Norte
2019,2,RN,RGF-Anexo 02,DividaConsolidadaLiquida,DÍVIDA CONSOLIDADA LÍQUIDA (DCL) (III) = (I - II),SALDO DO EXERCÍCIO ANTERIOR,4409428053.04,3479010,Rio Grande do Norte
2019,2,RN,RGF-Anexo 02,DividaConsolidadaLiquida,DÍVIDA CONSOLIDADA LÍQUIDA (DCL) (III) = (I - II),Até o 1º Quadrimestre,3985402392.35,3479010,Rio Grande do Norte
2019,2,RN,RGF-Anexo 02,DividaConsolidadaLiquida,DÍVIDA CONSOLIDADA LÍQUIDA (DCL) (III) = (I - II),Até o 2º Quadrimestre,3736269205.27,3479010,Rio Grande do Norte
2019,3,RN,RGF-Anexo 01,DespesaComPessoalBruta,DESPESA BRUTA COM PESSOAL (I),<MR-11>,577877673.89,3479010,Rio Grande do Norte
2019,3,RN,RGF-Anexo 01,DespesaComPessoalBruta,DESPESA BRUTA COM PESSOAL (I),<MR-10>,579249500.9,3479010,Rio Grande do Norte
2019,3,RN,RGF-Anexo 01,DespesaComPessoalBruta,DESPESA BRUTA COM PESSOAL (I),<MR-9>,522292799.8,3479010,Rio Grande do Norte
2019,3,RN,RGF-Anexo 01,DespesaComPessoalBruta,DESPESA BRUTA COM PESSOAL (I),<MR-8>,578175456.69,3479010,Rio Grande do Norte
2019,3,RN,RGF-Anexo 01,DespesaComPessoalBruta,DESPESA BRUTA COM PESSOAL (I),<MR-7>,625674013.23,3479010,Rio Grande do Norte
2019,3,RN,RGF-Anexo 01,DespesaComPessoalBruta,DESPESA BRUTA COM PESSOAL (I),<MR-6>,626559159.72,3479010,Rio Grande do Norte
2019,3,RN,RGF-Anexo 01,DespesaComPessoalBruta,DESPESA BRUTA COM PESSOAL (I),<MR-5>,660580038.24,3479010,Rio Grande do Norte
2019,3,RN,RGF-Anexo 01,DespesaComPessoalBruta,DESPESA BRUTA COM PESSOAL (I),<MR-4>,616106961.62,3479010,Rio Grande do Norte
2019,3,RN,RGF-Anexo 01,DespesaComPessoalBruta,DESPESA BRUTA COM PESSOAL (I),<MR-3>,587991080.72,3479010,Rio Grande do Norte
2019,3,RN,RGF-Anexo 01,DespesaComPessoalBruta,DESPESA BRUTA COM PESSOAL (I),<MR-2>,602092720.8,3479010,Rio Grande do Norte
2019,3,RN,RGF-Anexo 01,DespesaComPessoalBruta,DESPESA BRUTA COM PESSOAL (I),<MR-1>,540800659.8,3479010,Rio Grande do Norte
2019,3,RN,RGF-Anexo 01,DespesaComPessoalBruta,DESPESA BRUTA COM PESSOAL (I),<MR>,1302794677.6,3479010,Rio Grande do Norte
2019,3,RN,RGF-Anexo 01,DespesaComPessoalBruta,DESPESA BRUTA COM PESSOAL (I),TOTAL (ÚLTIMOS 12 MESES) (a),7820194743.01,3479010,Rio Grande do Norte
2019,3,RN,RGF-Anexo 01,DespesaComPessoalBruta,DESPESA BRUTA COM PESSOAL (I),INSCRITAS EM RESTOS A PAGAR NÃO PROCESSADOS (b),640042520.3,3479010,Rio Grande do Norte
2019,3,RN,RGF-Anexo 01,DespesaComPessoalAtivoBruta,Pessoal Ativo,<MR-11>,312495878.04,3479010,Rio Grande do Norte
2019,3,RN,RGF-Anexo 01,DespesaComPessoalAtivoBruta,Pessoal Ativo,<MR-10>,321255744.22,3479010,Rio Grande do Norte
2019,3,RN,RGF-Anexo 01,DespesaComPessoalAtivoBruta,Pessoal Ativo,<MR-9>,291248595.19,3479010,Rio Grande do Norte
2019,3,RN,RGF-Anexo 01,DespesaComPessoalAtivoBruta,Pessoal Ativo,<MR-8>,301638560.7,3479010,Rio Grande do Norte
2019,3,RN,RGF-Anexo 01,DespesaComPessoalAtivoBruta,Pessoal Ativo,<MR-7>,343666302.24,3479010,Rio Grande do Norte
2019,3,RN,RGF-Anexo 01,DespesaComPessoalAtivoBruta,Pessoal Ativo,<MR-6>,363171727.19,3479010,Rio Grande do Norte
2019,3,RN,RGF-Anexo 01,DespesaComPessoalAtivoBruta,Pessoal Ativo,<MR-5>,377891273.09,3479010,Rio Grande do Norte
2019,3,RN,RGF-Anexo 01,DespesaComPessoalAtivoBruta,Pessoal Ativo,<MR-4>,344328171.34,3479010,Rio Grande do Norte
2019,3,RN,RGF-Anexo 01,DespesaComPessoalAtivoBruta,Pessoal Ativo,<MR-3>,324287917.98,3479010,Rio Grande do Norte
2019,3,RN,RGF-Anexo 01,DespesaComPessoalAtivoBruta,Pessoal Ativo,<MR-2>,353440889.22,3479010,Rio Grande do Norte
2019,3,RN,RGF-Anexo 01,DespesaComPessoalAtivoBruta,Pessoal Ativo,<MR-1>,291867556.09,3479010,Rio Grande do Norte
2019,3,RN,RGF-Anexo 01,DespesaComPessoalAtivoBruta,Pessoal Ativo,<MR>,832501152.63,3479010,Rio Grande do Norte
2019,3,RN,RGF-Anexo 01,DespesaComPessoalAtivoBruta,Pessoal Ativo,TOTAL (ÚLTIMOS 12 MESES) (a),4457793767.93,3479010,Rio Grande do Norte
2019,3,RN,RGF-Anexo 01,DespesaComPessoalAtivoBruta,Pessoal Ativo,INSCRITAS EM RESTOS A PAGAR NÃO PROCESSADOS (b),78300288.84,3479010,Rio Grande do Norte
2019,3,RN,RGF-Anexo 01,DespesaComPessoalInativoEPensionistasBruta,Pessoal Inativo e Pensionistas,<MR-11>,265381795.85,3479010,Rio Grande do Norte
2019,3,RN,RGF-Anexo 01,DespesaComPessoalInativoEPensionistasBruta,Pessoal Inativo e Pensionistas,<MR-10>,257993756.68,3479010,Rio Grande do Norte
2019,3,RN,RGF-Anexo 01,DespesaComPessoalInativoEPensionistasBruta,Pessoal Inativo e Pensionistas,<MR-9>,227215023.1,3479010,Rio Grande do Norte
2019,3,RN,RGF-Anexo 01,DespesaComPessoalInativoEPensionistasBruta,Pessoal Inativo e Pensionistas,<MR-8>,263049959.25,3479010,Rio Grande do Norte
2019,3,RN,RGF-Anexo 01,DespesaComPessoalInativoEPensionistasBruta,Pessoal Inativo e Pensionistas,<MR-7>,266702656.92,3479010,Rio Grande do Norte
2019,3,RN,RGF-Anexo 01,DespesaComPessoalInativoEPensionistasBruta,Pessoal Inativo e Pensionistas,<MR-6>,257930209.62,3479010,Rio Grande do Norte
2019,3,RN,RGF-Anexo 01,DespesaComPessoalInativoEPensionistasBruta,Pessoal Inativo e Pensionistas,<MR-5>,274027161.15,3479010,Rio Grande do Norte
2019,3,RN,RGF-Anexo 01,DespesaComPessoalInativoEPensionistasBruta,Pessoal Inativo e Pensionistas,<MR-4>,269075027.39,3479010,Rio Grande do Norte
2019,3,RN,RGF-Anexo 01,DespesaComPessoalInativoEPensionistasBruta,Pessoal Inativo e Pensionistas,<MR-3>,251536205.44,3479010,Rio Grande do Norte
2019,3,RN,RGF-Anexo 01,DespesaComPessoalInativoEPensionistasBruta,Pessoal Inativo e Pensionistas,<MR-2>,240153351.78,3479010,Rio Grande do Norte
2019,3,RN,RGF-Anexo 01,DespesaComPessoalInativoEPensionistasBruta,Pessoal Inativo e Pensionistas,<MR-1>,238517720.83,3479010,Rio Grande do Norte
2019,3,RN,RGF-Anexo 01,DespesaComPessoalInativoEPensionistasBruta,Pessoal Inativo e Pensionistas,<MR>,460684660.81,3479010,Rio Grande do Norte
2019,3,RN,RGF-Anexo 01,DespesaComPessoalInativoEPensionistasBruta,Pessoal Inativo e Pensionistas,TOTAL (ÚLTIMOS 12 MESES) (a),3272267528.82,3479010,Rio Grande do Norte
2019,3,RN,RGF-Anexo 01,DespesaComPessoalInativoEPensionistasBruta,Pessoal Inativo e Pensionistas,INSCRITAS EM RESTOS A PAGAR NÃO PROCESSADOS (b),547795871.2,3479010,Rio Grande do Norte
2019,3,RN,RGF-Anexo 01,DespesaComPessoalLiquida,DESPESA LÍQUIDA COM PESSOAL (III) = (I - II),<MR-11>,413164889.4,3479010,Rio Grande do Norte
2019,3,RN,RGF-Anexo 01,DespesaComPessoalLiquida,DESPESA LÍQUIDA COM PESSOAL (III) = (I - II),<MR-10>,457382515.06,3479010,Rio Grande do Norte
2019,3,RN,RGF-Anexo 01,DespesaComPessoalLiquida,DESPESA LÍQUIDA COM PESSOAL (III) = (I - II),<MR-9>,397051692.22,3479010,Rio Grande do Norte
2019,3,RN,RGF-Anexo 01,DespesaComPessoalLiquida,DESPESA LÍQUIDA COM PESSOAL (III) = (I - II),<MR-8>,402022865.63,3479010,Rio Grande do Norte
2019,3,RN,RGF-Anexo 01,DespesaComPessoalLiquida,DESPESA LÍQUIDA COM PESSOAL (III) = (I - II),<MR-7>,473304260.98,3479010,Rio Grande do Norte
2019,3,RN,RGF-Anexo 01,DespesaComPessoalLiquida,DESPESA LÍQUIDA COM PESSOAL (III) = (I - II),<MR-6>,423175396.02,3479010,Rio Grande do Norte
2019,3,RN,RGF-Anexo 01,DespesaComPessoalLiquida,DESPESA LÍQUIDA COM PESSOAL (III) = (I - II),<MR-5>,447703354.27,3479010,Rio Grande do Norte
2019,3,RN,RGF-Anexo 01,DespesaComPessoalLiquida,DESPESA LÍQUIDA COM PESSOAL (III) = (I - II),<MR-4>,418280585.45,3479010,Rio Grande do Norte
2019,3,RN,RGF-Anexo 01,DespesaComPessoalLiquida,DESPESA LÍQUIDA COM PESSOAL (III) = (I - II),<MR-3>,397696463.71,3479010,Rio Grande do Norte
2019,3,RN,RGF-Anexo 01,DespesaComPessoalLiquida,DESPESA LÍQUIDA COM PESSOAL (III) = (I - II),<MR-2>,428086754.93,3479010,Rio Grande do Norte
2019,3,RN,RGF-Anexo 01,DespesaComPessoalLiquida,DESPESA LÍQUIDA COM PESSOAL (III) = (I - II),<MR-1>,441854012.64,3479010,Rio Grande do Norte
2019,3,RN,RGF-Anexo 01,DespesaComPessoalLiquida,DESPESA LÍQUIDA COM PESSOAL (III) = (I - II),<MR>,944593560.76,3479010,Rio Grande do Norte
2019,3,RN,RGF-Anexo 01,DespesaComPessoalLiquida,DESPESA LÍQUIDA COM PESSOAL (III) = (I - II),TOTAL (ÚLTIMOS 12 MESES) (a),5644316351.07,3479010,Rio Grande do Norte
2019,3,RN,RGF-Anexo 01,DespesaComPessoalLiquida,DESPESA LÍQUIDA COM PESSOAL (III) = (I - II),INSCRITAS EM RESTOS A PAGAR NÃO PROCESSADOS (b),142945405.06,3479010,Rio Grande do Norte
2019,3,RN,RGF-Anexo 01,ReceitaCorrenteLiquidaLimiteLegal,RECEITA CORRENTE LIQUIDA - RCL (IV),Valor,9557365419.06,3479010,Rio Grande do Norte
2019,3,RN,RGF-Anexo 01,DespesaComPessoalTotal,DESPESA TOTAL COM PESSOAL - DTP (VII) = (IIIa + IIIb),Valor,5787261756.13,3479010,Rio Grande do Norte
2019,3,RN,RGF-Anexo 01,DespesaComPessoalTotal,DESPESA TOTAL COM PESSOAL - DTP (VII) = (IIIa + IIIb),% sobre a RCL Ajustada,60.56,3479010,Rio Grande do Norte
2019,3,RN,RGF-Anexo 02,DividaConsolidada,DÍVIDA CONSOLIDADA - DC (I),SALDO DO EXERCÍCIO ANTERIOR,4442681174.71,3479010,Rio Grande do Norte
2019,3,RN,RGF-Anexo 02,DividaConsolidada,DÍVIDA CONSOLIDADA - DC (I),Até o 1º Quadrimestre,4469713322.41,3479010,Rio Grande do Norte
2019,3,RN,RGF-Anexo 02,DividaConsolidada,DÍVIDA CONSOLIDADA - DC (I),Até o 2º Quadrimestre,4057397994.25,3479010,Rio Grande do Norte
2019,3,RN,RGF-Anexo 02,DividaConsolidada,DÍVIDA CONSOLIDADA - DC (I),Até o 3º Quadrimestre,3574124524.04,3479010,Rio Grande do Norte
2019,3,RN,RGF-Anexo 02,DividaContratual,Dívida Contratual,SALDO DO EXERCÍCIO ANTERIOR,2087516810.43,3479010,Rio Grande do Norte
2019,3,RN,RGF-Anexo 02,DividaContratual,Dívida Contratual,Até o 1º Quadrimestre,2114548958.13,3479010,Rio Grande do Norte
2019,3,RN,RGF-Anexo 02,DividaContratual,Dívida Contratual,Até o 2º Quadrimestre,2253148057.61,3479010,Rio Grande do Norte
2019,3,RN,RGF-Anexo 02,DividaContratual,Dívida Contratual,Até o 3º Quadrimestre,2362122188.17,3479010,Rio Grande do Norte
2019,3,RN,RGF-Anexo 02,DividaConsolidadaLiquida,DÍVIDA CONSOLIDADA LÍQUIDA (DCL) (III) = (I - II),SALDO DO EXERCÍCIO ANTERIOR,4409428053.04,3479010,Rio Grande do Norte
2019,3,RN,RGF-Anexo 02,DividaConsolidadaLiquida,DÍVIDA CONSOLIDADA LÍQUIDA (DCL) (III) = (I - II),Até o 1º Quadrimestre,3405235662.71,3479010,Rio Grande do Norte
2019,3,RN,RGF-Anexo 02,DividaConsolidadaLiquida,DÍVIDA CONSOLIDADA LÍQUIDA (DCL) (III) = (I - II),Até o 2º Quadrimestre,3736269205.27,3479010,Rio Grande do Norte
2019,3,RN,RGF-Anexo 02,DividaConsolidadaLiquida,DÍVIDA CONSOLIDADA LÍQUIDA (DCL) (III) = (I - II),Até o 3º Quadrimestre,3253299160.95,3479010,Rio Grande do Norte
2020,1,RN,RGF-Anexo 01,DespesaComPessoalBruta,DESPESA BRUTA COM PESSOAL (I),<MR-11>,625674013.23,3506853,Rio Grande do Norte
2020,1,RN,RGF-Anexo 01,DespesaComPessoalBruta,DESPESA BRUTA COM PESSOAL (I),<MR-10>,626559159.72,3506853,Rio Grande do Norte
2020,1,RN,RGF-Anexo 01,DespesaComPessoalBruta,DESPESA BRUTA COM PESSOAL (I),<MR-9>,660580038.24,3506853,Rio Grande do Norte
2020,1,RN,RGF-Anexo 01,DespesaComPessoalBruta,DESPESA BRUTA COM PESSOAL (I),<MR-8>,616106961.62,3506853,Rio Grande do Norte
2020,1,RN,RGF-Anexo 01,DespesaComPessoalBruta,DESPESA BRUTA COM PESSOAL (I),<MR-7>,587991080.72,3506853,Rio Grande do Norte
2020,1,RN,RGF-Anexo 01,DespesaComPessoalBruta,DESPESA BRUTA COM PESSOAL (I),<MR-6>,602092720.8,3506853,Rio Grande do Norte
2020,1,RN,RGF-Anexo 01,DespesaComPessoalBruta,DESPESA BRUTA COM PESSOAL (I),<MR-5>,540800659.8,3506853,Rio Grande do Norte
2020,1,RN,RGF-Anexo 01,DespesaComPessoalBruta,DESPESA BRUTA COM PESSOAL (I),<MR-4>,1302794677.6,3506853,Rio Grande do Norte
2020,1,RN,RGF-Anexo 01,DespesaComPessoalBruta,DESPESA BRUTA COM PESSOAL (I),<MR-3>,549616541.99,3506853,Rio Grande do Norte
2020,1,RN,RGF-Anexo 01,DespesaComPessoalBruta,DESPESA BRUTA COM PESSOAL (I),<MR-2>,484077954.53,3506853,Rio Grande do Norte
2020,1,RN,RGF-Anexo 01,DespesaComPessoalBruta,DESPESA BRUTA COM PESSOAL (I),<MR-1>,756701790.65,3506853,Rio Grande do Norte
2020,1,RN,RGF-Anexo 01,DespesaComPessoalBruta,DESPESA BRUTA COM PESSOAL (I),<MR>,534746712.29,3506853,Rio Grande do Norte
2020,1,RN,RGF-Anexo 01,DespesaComPessoalBruta,DESPESA BRUTA COM PESSOAL (I),TOTAL (ÚLTIMOS 12 MESES) (a),7887742311.19,3506853,Rio Grande do Norte
2020,1,RN,RGF-Anexo 01,DespesaComPessoalBruta,DESPESA BRUTA COM PESSOAL (I),INSCRITAS EM RESTOS A PAGAR NÃO PROCESSADOS (b),640042520.3,3506853,Rio Grande do Norte
2020,1,RN,RGF-Anexo 01,DespesaComPessoalAtivoBruta,Pessoal Ativo,<MR-11>,343666302.24,3506853,Rio Grande do Norte
2020,1,RN,RGF-Anexo 01,DespesaComPessoalAtivoBruta,Pessoal Ativo,<MR-10>,363171727.19,3506853,Rio Grande do Norte
2020,1,RN,RGF-Anexo 01,DespesaComPessoalAtivoBruta,Pessoal Ativo,<MR-9>,377891273.09,3506853,Rio Grande do Norte
2020,1,RN,RGF-Anexo 01,DespesaComPessoalAtivoBruta,Pessoal Ativo,<MR-8>,344328171.34,3506853,Rio Grande do Norte
2020,1,RN,RGF-Anexo 01,DespesaComPessoalAtivoBruta,Pessoal Ativo,<MR-7>,324287917.98,3506853,Rio Grande do Norte
2020,1,RN,RGF-Anexo 01,DespesaComPessoalAtivoBruta,Pessoal Ativo,<MR-6>,353440889.22,3506853,Rio Grande do Norte
2020,1,RN,RGF-Anexo 01,DespesaComPessoalAtivoBruta,Pessoal Ativo,<MR-5>,291867556.09,3506853,Rio Grande do Norte
2020,1,RN,RGF-Anexo 01,DespesaComPessoalAtivoBruta,Pessoal Ativo,<MR-4>,832501152.63,3506853,Rio Grande do Norte
2020,1,RN,RGF-Anexo 01,DespesaComPessoalAtivoBruta,Pessoal Ativo,<MR-3>,321199270.98,3506853,Rio Grande do Norte
2020,1,RN,RGF-Anexo 01,DespesaComPessoalAtivoBruta,Pessoal Ativo,<MR-2>,250125087.32,3506853,Rio Grande do Norte
2020,1,RN,RGF-Anexo 01,DespesaComPessoalAtivoBruta,Pessoal Ativo,<MR-1>,437421599.81,3506853,Rio Grande do Norte
2020,1,RN,RGF-Anexo 01,DespesaComPessoalAtivoBruta,Pessoal Ativo,<MR>,296206282.45,3506853,Rio Grande do Norte
2020,1,RN,RGF-Anexo 01,DespesaComPessoalAtivoBruta,Pessoal Ativo,TOTAL (ÚLTIMOS 12 MESES) (a),4536107230.34,3506853,Rio Grande do Norte
2020,1,RN,RGF-Anexo 01,DespesaComPessoalAtivoBruta,Pessoal Ativo,INSCRITAS EM RESTOS A PAGAR NÃO PROCESSADOS (b),78300288.84,3506853,Rio Grande do Norte
2020,1,RN,RGF-Anexo 01,DespesaComPessoalInativoEPensionistasBruta,Pessoal Inativo e Pensionistas,<MR-11>,266702656.92,3506853,Rio Grande do Norte
2020,1,RN,RGF-Anexo 01,DespesaComPessoalInativoEPensionistasBruta,Pessoal Inativo e Pensionistas,<MR-10>,257930209.62,3506853,Rio Grande do Norte
2020,1,RN,RGF-Anexo 01,DespesaComPessoalInativoEPensionistasBruta,Pessoal Inativo e Pensionistas,<MR-9>,274027161.15,3506853,Rio Grande do Norte
2020,1,RN,RGF-Anexo 01,DespesaComPessoalInativoEPensionistasBruta,Pessoal Inativo e Pensionistas,<MR-8>,269075027.39,3506853,Rio Grande do Norte
2020,1,RN,RGF-Anexo 01,DespesaComPessoalInativoEPensionistasBruta,Pessoal Inativo e Pensionistas,<MR-7>,251536205.44,3506853,Rio Grande do Norte
2020,1,RN,RGF-Anexo 01,DespesaComPessoalInativoEPensionistasBruta,Pessoal Inativo e Pensionistas,<MR-6>,240153351.78,3506853,Rio Grande do Norte
2020,1,RN,RGF-Anexo 01,DespesaComPessoalInativoEPensionistasBruta,Pessoal Inativo e Pensionistas,<MR-5>,238517720.83,3506853,Rio Grande do Norte
2020,1,RN,RGF-Anexo 01,DespesaComPessoalInativoEPensionistasBruta,Pessoal Inativo e Pensionistas,<MR-4>,460684660.81,3506853,Rio Grande do Norte
2020,1,RN,RGF-Anexo 01,DespesaComPessoalInativoEPensionistasBruta,Pessoal Inativo e Pensionistas,<MR-3>,228417271.01,3506853,Rio Grande do Norte
2020,1,RN,RGF-Anexo 01,DespesaComPessoalInativoEPensionistasBruta,Pessoal Inativo e Pensionistas,<MR-2>,233856867.21,3506853,Rio Grande do Norte
2020,1,RN,RGF-Anexo 01,DespesaComPessoalInativoEPensionistasBruta,Pessoal Inativo e Pensionistas,<MR-1>,316352343.8,3506853,Rio Grande do Norte
2020,1,RN,RGF-Anexo 01,DespesaComPessoalInativoEPensionistasBruta,Pessoal Inativo e Pensionistas,<MR>,225467061.57,3506853,Rio Grande do Norte
2020,1,RN,RGF-Anexo 01,DespesaComPessoalInativoEPensionistasBruta,Pessoal Inativo e Pensionistas,TOTAL (ÚLTIMOS 12 MESES) (a),3262720537.53,3506853,Rio Grande do Norte
2020,1,RN,RGF-Anexo 01,DespesaComPessoalInativoEPensionistasBruta,Pessoal Inativo e Pensionistas,INSCRITAS EM RESTOS A PAGAR NÃO PROCESSADOS (b),547795871.2,3506853,Rio Grande do Norte
2020,1,RN,RGF-Anexo 01,DespesaComPessoalLiquida,DESPESA LÍQUIDA COM PESSOAL (III) = (I - II),<MR-11>,473304260.98,3506853,Rio Grande do Norte
2020,1,RN,RGF-Anexo 01,DespesaComPessoalLiquida,DESPESA LÍQUIDA COM PESSOAL (III) = (I - II),<MR-10>,423175396.02,3506853,Rio Grande do Norte
2020,1,RN,RGF-Anexo 01,DespesaComPessoalLiquida,DESPESA LÍQUIDA COM PESSOAL (III) = (I - II),<MR-9>,447703354.27,3506853,Rio Grande do Norte
2020,1,RN,RGF-Anexo 01,DespesaComPessoalLiquida,DESPESA LÍQUIDA COM PESSOAL (III) = (I - II),<MR-8>,418280585.45,3506853,Rio Grande do Norte
2020,1,RN,RGF-Anexo 01,DespesaComPessoalLiquida,DESPESA LÍQUIDA COM PESSOAL (III) = (I - II),<MR-7>,397696463.71,3506853,Rio Grande do Norte
2020,1,RN,RGF-Anexo 01,DespesaComPessoalLiquida,DESPESA LÍQUIDA COM PESSOAL (III) = (I - II),<MR-6>,428086754.93,3506853,Rio Grande do Norte
2020,1,RN,RGF-Anexo 01,DespesaComPessoalLiquida,DESPESA LÍQUIDA COM PESSOAL (III) = (I - II),<MR-5>,441854012.64,3506853,Rio Grande do Norte
2020,1,RN,RGF-Anexo 01,DespesaComPessoalLiquida,DESPESA LÍQUIDA COM PESSOAL (III) = (I - II),<MR-4>,944593560.76,3506853,Rio Grande do Norte
2020,1,RN,RGF-Anexo 01,DespesaComPessoalLiquida,DESPESA LÍQUIDA COM PESSOAL (III) = (I - II),<MR-3>,405608457.2,3506853,Rio Grande do Norte
2020,1,RN,RGF-Anexo 01,DespesaComPessoalLiquida,DESPESA LÍQUIDA COM PESSOAL (III) = (I - II),<MR-2>,368925685.5,3506853,Rio Grande do Norte
2020,1,RN,RGF-Anexo 01,DespesaComPessoalLiquida,DESPESA LÍQUIDA COM PESSOAL (III) = (I - II),<MR-1>,526978582.6,3506853,Rio Grande do Norte
2020,1,RN,RGF-Anexo 01,DespesaComPessoalLiquida,DESPESA LÍQUIDA COM PESSOAL (III) = (I - II),<MR>,428711233.72,3506853,Rio Grande do Norte
2020,1,RN,RGF-Anexo 01,DespesaComPessoalLiquida,DESPESA LÍQUIDA COM PESSOAL (III) = (I - II),TOTAL (ÚLTIMOS 12 MESES) (a),5704918347.78,3506853,Rio Grande do Norte
2020,1,RN,RGF-Anexo 01,DespesaComPessoalLiquida,DESPESA LÍQUIDA COM PESSOAL (III) = (I - II),INSCRITAS EM RESTOS A PAGAR NÃO PROCESSADOS (b),142945405.06,3506853,Rio Grande do Norte
2020,1,RN,RGF-Anexo 01,ReceitaCorrenteLiquidaLimiteLegal,RECEITA CORRENTE LIQUIDA - RCL (IV),Valor,9582087316.21,3506853,Rio Grande do Norte
2020,1,RN,RGF-Anexo 01,DespesaComPessoalTotal,DESPESA TOTAL COM PESSOAL - DTP (VIII) = (IIIa + IIIb),Valor,5847863752.84,3506853,Rio Grande do Norte
2020,1,RN,RGF-Anexo 01,DespesaComPessoalTotal,DESPESA TOTAL COM PESSOAL - DTP (VIII) = (IIIa + IIIb),% sobre a RCL Ajustada,61.04,3506853,Rio Grande do Norte
2020,1,RN,RGF-Anexo 02,DividaConsolidada,DÍVIDA CONSOLIDADA - DC (I),SALDO DO EXERCÍCIO ANTERIOR,3574124524.04,3506853,Rio Grande do Norte
2020,1,RN,RGF-Anexo 02,DividaConsolidada,DÍVIDA CONSOLIDADA - DC (I),Até o 1º Quadrimestre,3915784484.28,3506853,Rio Grande do Norte
2020,1,RN,RGF-Anexo 02,DividaContratual,Dívida Contratual,SALDO DO EXERCÍCIO ANTERIOR,2362122188.17,3506853,Rio Grande do Norte
2020,1,RN,RGF-Anexo 02,DividaContratual,Dívida Contratual,Até o 1º Quadrimestre,2720079496.37,3506853,Rio Grande do Norte
2020,1,RN,RGF-Anexo 02,DividaConsolidadaLiquida,DÍVIDA CONSOLIDADA LÍQUIDA (DCL) (III) = (I - II),SALDO DO EXERCÍCIO ANTERIOR,3253299160.95,3506853,Rio Grande do Norte
2020,1,RN,RGF-Anexo 02,DividaConsolidadaLiquida,DÍVIDA CONSOLIDADA LÍQUIDA (DCL) (III) = (I - II),Até o 1º Quadrimestre,3256149861.29,3506853,Rio Grande do Norte
2020,2,RN,RGF-Anexo 01,DespesaComPessoalBruta,DESPESA BRUTA COM PESSOAL (I),<MR-11>,587991080.72,3506853,Rio Grande do Norte
2020,2,RN,RGF-Anexo 01,DespesaComPessoalBruta,DESPESA BRUTA COM PESSOAL (I),<MR-10>,602092720.8,3506853,Rio Grande do Norte
2020,2,RN,RGF-Anexo 01,DespesaComPessoalBruta,DESPESA BRUTA COM PESSOAL (I),<MR-9>,540800659.8,3506853,Rio Grande do Norte
2020,2,RN,RGF-Anexo 01,DespesaComPessoalBruta,DESPESA BRUTA COM PESSOAL (I),<MR-8>,1302794677.6,3506853,Rio Grande do Norte
2020,2,RN,RGF-Anexo 01,DespesaComPessoalBruta,DESPESA BRUTA COM PESSOAL (I),<MR-7>,549616541.99,3506853,Rio Grande do Norte
2020,2,RN,RGF-Anexo 01,DespesaComPessoalBruta,DESPESA BRUTA COM PESSOAL (I),<MR-6>,484077954.53,3506853,Rio Grande do Norte
2020,2,RN,RGF-Anexo 01,DespesaComPessoalBruta,DESPESA BRUTA COM PESSOAL (I),<MR-5>,756701790.65,3506853,Rio Grande do Norte
2020,2,RN,RGF-Anexo 01,DespesaComPessoalBruta,DESPESA BRUTA COM PESSOAL (I),<MR-4>,534746712.29,3506853,Rio Grande do Norte
2020,2,RN,RGF-Anexo 01,DespesaComPessoalBruta,DESPESA BRUTA COM PESSOAL (I),<MR-3>,671575440.97,3506853,Rio Grande do Norte
2020,2,RN,RGF-Anexo 01,DespesaComPessoalBruta,DESPESA BRUTA COM PESSOAL (I),<MR-2>,645386962.47,3506853,Rio Grande do Norte
2020,2,RN,RGF-Anexo 01,DespesaComPessoalBruta,DESPESA BRUTA COM PESSOAL (I),<MR-1>,626899795.16,3506853,Rio Grande do Norte
2020,2,RN,RGF-Anexo 01,DespesaComPessoalBruta,DESPESA BRUTA COM PESSOAL (I),<MR>,685682904.02,3506853,Rio Grande do Norte
2020,2,RN,RGF-Anexo 01,DespesaComPessoalBruta,DESPESA BRUTA COM PESSOAL (I),TOTAL (ÚLTIMOS 12 MESES) (a),7988367241.0,3506853,Rio Grande do Norte
2020,2,RN,RGF-Anexo 01,DespesaComPessoalBruta,DESPESA BRUTA COM PESSOAL (I),INSCRITAS EM RESTOS A PAGAR NÃO PROCESSADOS (b),640042520.3,3506853,Rio Grande do Norte
2020,2,RN,RGF-Anexo 01,DespesaComPessoalAtivoBruta,Pessoal Ativo,<MR-11>,324287917.98,3506853,Rio Grande do Norte
2020,2,RN,RGF-Anexo 01,DespesaComPessoalAtivoBruta,Pessoal Ativo,<MR-10>,353440889.22,3506853,Rio Grande do Norte
2020,2,RN,RGF-Anexo 01,DespesaComPessoalAtivoBruta,Pessoal Ativo,<MR-9>,291867556.09,3506853,Rio Grande do Norte
2020,2,RN,RGF-Anexo 01,DespesaComPessoalAtivoBruta,Pessoal Ativo,<MR-8>,832501152.63,3506853,Rio Grande do Norte
2020,2,RN,RGF-Anexo 01,DespesaComPessoalAtivoBruta,Pessoal Ativo,<MR-7>,321199270.98,3506853,Rio Grande do Norte
2020,2,RN,RGF-Anexo 01,DespesaComPessoalAtivoBruta,Pessoal Ativo,<MR-6>,250125087.32,3506853,Rio Grande do Norte
2020,2,RN,RGF-Anexo 01,DespesaComPessoalAtivoBruta,Pessoal Ativo,<MR-5>,437421599.81,3506853,Rio Grande do Norte
2020,2,RN,RGF-Anexo 01,DespesaComPessoalAtivoBruta,Pessoal Ativo,<MR-4>,296206282.45,3506853,Rio Grande do Norte
2020,2,RN,RGF-Anexo 01,DespesaComPessoalAtivoBruta,Pessoal Ativo,<MR-3>,369539698.16,3506853,Rio Grande do Norte
2020,2,RN,RGF-Anexo 01,DespesaComPessoalAtivoBruta,Pessoal Ativo,<MR-2>,403440059.65,3506853,Rio Grande do Norte
2020,2,RN,RGF-Anexo 01,DespesaComPessoalAtivoBruta,Pessoal Ativo,<MR-1>,250894371.15,3506853,Rio Grande do Norte
2020,2,RN,RGF-Anexo 01,DespesaComPessoalAtivoBruta,Pessoal Ativo,<MR>,371155883.82,3506853,Rio Grande do Norte
2020,2,RN,RGF-Anexo 01,DespesaComPessoalAtivoBruta,Pessoal Ativo,TOTAL (ÚLTIMOS 12 MESES) (a),4502079769.26,3506853,Rio Grande do Norte
2020,2,RN,RGF-Anexo 01,DespesaComPessoalAtivoBruta,Pessoal Ativo,INSCRITAS EM RESTOS A PAGAR NÃO PROCESSADOS (b),78300288.84,3506853,Rio Grande do Norte
2020,2,RN,RGF-Anexo 01,DespesaComPessoalInativoEPensionistasBruta,Pessoal Inativo e Pensionistas,<MR-11>,251536205.44,3506853,Rio Grande do Norte
2020,2,RN,RGF-Anexo 01,DespesaComPessoalInativoEPensionistasBruta,Pessoal Inativo e Pensionistas,<MR-10>,240153351.78,3506853,Rio Grande do Norte
2020,2,RN,RGF-Anexo 01,DespesaComPessoalInativoEPensionistasBruta,Pessoal Inativo e Pensionistas,<MR-9>,238517720.83,3506853,Rio Grande do Norte
2020,2,RN,RGF-Anexo 01,DespesaComPessoalInativoEPensionistasBruta,Pessoal Inativo e Pensionistas,<MR-8>,460684660.81,3506853,Rio Grande do Norte
2020,2,RN,RGF-Anexo 01,DespesaComPessoalInativoEPensionistasBruta,Pessoal Inativo e Pensionistas,<MR-7>,228417271.01,3506853,Rio Grande do Norte
2020,2,RN,RGF-Anexo 01,DespesaComPessoalInativoEPensionistasBruta,Pessoal Inativo e Pensionistas,<MR-6>,233856867.21,3506853,Rio Grande do Norte
2020,2,RN,RGF-Anexo 01,DespesaComPessoalInativoEPensionistasBruta,Pessoal Inativo e Pensionistas,<MR-5>,316352343.8,3506853,Rio Grande do Norte
2020,2,RN,RGF-Anexo 01,DespesaComPessoalInativoEPensionistasBruta,Pessoal Inativo e Pensionistas,<MR-4>,225467061.57,3506853,Rio Grande do Norte
2020,2,RN,RGF-Anexo 01,DespesaComPessoalInativoEPensionistasBruta,Pessoal Inativo e Pensionistas,<MR-3>,292595990.69,3506853,Rio Grande do Norte
2020,2,RN,RGF-Anexo 01,DespesaComPessoalInativoEPensionistasBruta,Pessoal Inativo e Pensionistas,<MR-2>,230470897.07,3506853,Rio Grande do Norte
2020,2,RN,RGF-Anexo 01,DespesaComPessoalInativoEPensionistasBruta,Pessoal Inativo e Pensionistas,<MR-1>,366197904.25,3506853,Rio Grande do Norte
2020,2,RN,RGF-Anexo 01,DespesaComPessoalInativoEPensionistasBruta,Pessoal Inativo e Pensionistas,<MR>,308856489.19,3506853,Rio Grande do Norte
2020,2,RN,RGF-Anexo 01,DespesaComPessoalInativoEPensionistasBruta,Pessoal Inativo e Pensionistas,TOTAL (ÚLTIMOS 12 MESES) (a),3393106763.65,3506853,Rio Grande do Norte
2020,2,RN,RGF-Anexo 01,DespesaComPessoalInativoEPensionistasBruta,Pessoal Inativo e Pensionistas,INSCRITAS EM RESTOS A PAGAR NÃO PROCESSADOS (b),547795871.2,3506853,Rio Grande do Norte
2020,2,RN,RGF-Anexo 01,DespesaComPessoalLiquida,DESPESA LÍQUIDA COM PESSOAL (III) = (I - II),<MR-11>,397696463.71,3506853,Rio Grande do Norte
2020,2,RN,RGF-Anexo 01,DespesaComPessoalLiquida,DESPESA LÍQUIDA COM PESSOAL (III) = (I - II),<MR-10>,428086754.93,3506853,Rio Grande do Norte
2020,2,RN,RGF-Anexo 01,DespesaComPessoalLiquida,DESPESA LÍQUIDA COM PESSOAL (III) = (I - II),<MR-9>,441854012.64,3506853,Rio Grande do Norte
2020,2,RN,RGF-Anexo 01,DespesaComPessoalLiquida,DESPESA LÍQUIDA COM PESSOAL (III) = (I - II),<MR-8>,944593560.76,3506853,Rio Grande do Norte
2020,2,RN,RGF-Anexo 01,DespesaComPessoalLiquida,DESPESA LÍQUIDA COM PESSOAL (III) = (I - II),<MR-7>,405608457.2,3506853,Rio Grande do Norte
2020,2,RN,RGF-Anexo 01,DespesaComPessoalLiquida,DESPESA LÍQUIDA COM PESSOAL (III) = (I - II),<MR-6>,368925685.5,3506853,Rio Grande do Norte
2020,2,RN,RGF-Anexo 01,DespesaComPessoalLiquida,DESPESA LÍQUIDA COM PESSOAL (III) = (I - II),<MR-5>,526978582.6,3506853,Rio Grande do Norte
2020,2,RN,RGF-Anexo 01,DespesaComPessoalLiquida,DESPESA LÍQUIDA COM PESSOAL (III) = (I - II),<MR-4>,428711233.72,3506853,Rio Grande do Norte
2020,2,RN,RGF-Anexo 01,DespesaComPessoalLiquida,DESPESA LÍQUIDA COM PESSOAL (III) = (I - II),<MR-3>,498989446.68,3506853,Rio Grande do Norte
2020,2,RN,RGF-Anexo 01,DespesaComPessoalLiquida,DESPESA LÍQUIDA COM PESSOAL (III) = (I - II),<MR-2>,451923449.28,3506853,Rio Grande do Norte
2020,2,RN,RGF-Anexo 01,DespesaComPessoalLiquida,DESPESA LÍQUIDA COM PESSOAL (III) = (I - II),<MR-1>,277607820.85,3506853,Rio Grande do Norte
2020,2,RN,RGF-Anexo 01,DespesaComPessoalLiquida,DESPESA LÍQUIDA COM PESSOAL (III) = (I - II),<MR>,539009117.08,3506853,Rio Grande do Norte
2020,2,RN,RGF-Anexo 01,DespesaComPessoalLiquida,DESPESA LÍQUIDA COM PESSOAL (III) = (I - II),TOTAL (ÚLTIMOS 12 MESES) (a),5709984584.95,3506853,Rio Grande do Norte
2020,2,RN,RGF-Anexo 01,DespesaComPessoalLiquida,DESPESA LÍQUIDA COM PESSOAL (III) = (I - II),INSCRITAS EM RESTOS A PAGAR NÃO PROCESSADOS (b),142945405.06,3506853,Rio Grande do Norte
2020,2,RN,RGF-Anexo 01,ReceitaCorrenteLiquidaLimiteLegal,RECEITA CORRENTE LIQUIDA - RCL (IV),Valor,9914691940.43,3506853,Rio Grande do Norte
2020,2,RN,RGF-Anexo 01,DespesaComPessoalTotal,DESPESA TOTAL COM PESSOAL - DTP (VIII) = (IIIa + IIIb),Valor,5852929990.01,3506853,Rio Grande do Norte
2020,2,RN,RGF-Anexo 01,DespesaComPessoalTotal,DESPESA TOTAL COM PESSOAL - DTP (VIII) = (IIIa + IIIb),% sobre a RCL Ajustada,59.19,3506853,Rio Grande do Norte
2020,2,RN,RGF-Anexo 02,DividaConsolidada,DÍVIDA CONSOLIDADA - DC (I),SALDO DO EXERCÍCIO ANTERIOR,3574124524.04,3506853,Rio Grande do Norte
2020,2,RN,RGF-Anexo 02,DividaConsolidada,DÍVIDA CONSOLIDADA - DC (I),Até o 1º Quadrimestre,3915784484.28,3506853,Rio Grande do Norte
2020,2,RN,RGF-Anexo 02,DividaConsolidada,DÍVIDA CONSOLIDADA - DC (I),Até o 2º Quadrimestre,3589388763.07,3506853,Rio Grande do Norte
2020,2,RN,RGF-Anexo 02,DividaContratual,Dívida Contratual,SALDO DO EXERCÍCIO ANTERIOR,2362122188.17,3506853,Rio Grande do Norte
2020,2,RN,RGF-Anexo 02,DividaContratual,Dívida Contratual,Até o 1º Quadrimestre,2720079496.37,3506853,Rio Grande do Norte
2020,2,RN,RGF-Anexo 02,DividaContratual,Dívida Contratual,Até o 2º Quadrimestre,2795932583.56,3506853,Rio Grande do Norte
2020,2,RN,RGF-Anexo 02,DividaConsolidadaLiquida,DÍVIDA CONSOLIDADA LÍQUIDA (DCL) (III) = (I - II),SALDO DO EXERCÍCIO ANTERIOR,3253299160.95,3506853,Rio Grande do Norte
2020,2,RN,RGF-Anexo 02,DividaConsolidadaLiquida,DÍVIDA CONSOLIDADA LÍQUIDA (DCL) (III) = (I - II),Até o 1º Quadrimestre,3256149861.29,3506853,Rio Grande do Norte
2020,2,RN,RGF-Anexo 02,DividaConsolidadaLiquida,DÍVIDA CONSOLIDADA LÍQUIDA (DCL) (III) = (I - II),Até o 2º Quadrimestre,3026630324.48,3506853,Rio Grande do Norte
2020,3,RN,RGF-Anexo 01,DespesaComPessoalBruta,DESPESA BRUTA COM PESSOAL (I),<MR-11>,547289163.7,3506853,Rio Grande do Norte
2020,3,RN,RGF-Anexo 01,DespesaComPessoalBruta,DESPESA BRUTA COM PESSOAL (I),<MR-10>,482738218.57,3506853,Rio Grande do Norte
2020,3,RN,RGF-Anexo 01,DespesaComPessoalBruta,DESPESA BRUTA COM PESSOAL (I),<MR-9>,755558291.52,3506853,Rio Grande do Norte
2020,3,RN,RGF-Anexo 01,DespesaComPessoalBruta,DESPESA BRUTA COM PESSOAL (I),<MR-8>,534746712.29,3506853,Rio Grande do Norte
2020,3,RN,RGF-Anexo 01,DespesaComPessoalBruta,DESPESA BRUTA COM PESSOAL (I),<MR-7>,671575440.97,3506853,Rio Grande do Norte
2020,3,RN,RGF-Anexo 01,DespesaComPessoalBruta,DESPESA BRUTA COM PESSOAL (I),<MR-6>,642893939.22,3506853,Rio Grande do Norte
2020,3,RN,RGF-Anexo 01,DespesaComPessoalBruta,DESPESA BRUTA COM PESSOAL (I),<MR-5>,622076735.58,3506853,Rio Grande do Norte
2020,3,RN,RGF-Anexo 01,DespesaComPessoalBruta,DESPESA BRUTA COM PESSOAL (I),<MR-4>,683357521.08,3506853,Rio Grande do Norte
2020,3,RN,RGF-Anexo 01,DespesaComPessoalBruta,DESPESA BRUTA COM PESSOAL (I),<MR-3>,621404946.11,3506853,Rio Grande do Norte
2020,3,RN,RGF-Anexo 01,DespesaComPessoalBruta,DESPESA BRUTA COM PESSOAL (I),<MR-2>,935699268.38,3506853,Rio Grande do Norte
2020,3,RN,RGF-Anexo 01,DespesaComPessoalBruta,DESPESA BRUTA COM PESSOAL (I),<MR-1>,577201966.71,3506853,Rio Grande do Norte
2020,3,RN,RGF-Anexo 01,DespesaComPessoalBruta,DESPESA BRUTA COM PESSOAL (I),<MR>,1205655326.98,3506853,Rio Grande do Norte
2020,3,RN,RGF-Anexo 01,DespesaComPessoalBruta,DESPESA BRUTA COM PESSOAL (I),TOTAL (ÚLTIMOS 12 MESES) (a),8280197531.11,3506853,Rio Grande do Norte
2020,3,RN,RGF-Anexo 01,DespesaComPessoalBruta,DESPESA BRUTA COM PESSOAL (I),INSCRITAS EM RESTOS A PAGAR NÃO PROCESSADOS (b),76864158.6,3506853,Rio Grande do Norte
2020,3,RN,RGF-Anexo 01,DespesaComPessoalAtivoBruta,Pessoal Ativo,<MR-11>,318871892.69,3506853,Rio Grande do Norte
2020,3,RN,RGF-Anexo 01,DespesaComPessoalAtivoBruta,Pessoal Ativo,<MR-10>,248785351.36,3506853,Rio Grande do Norte
2020,3,RN,RGF-Anexo 01,DespesaComPessoalAtivoBruta,Pessoal Ativo,<MR-9>,436278100.68,3506853,Rio Grande do Norte
2020,3,RN,RGF-Anexo 01,DespesaComPessoalAtivoBruta,Pessoal Ativo,<MR-8>,296206282.45,3506853,Rio Grande do Norte
2020,3,RN,RGF-Anexo 01,DespesaComPessoalAtivoBruta,Pessoal Ativo,<MR-7>,369539698.16,3506853,Rio Grande do Norte
2020,3,RN,RGF-Anexo 01,DespesaComPessoalAtivoBruta,Pessoal Ativo,<MR-6>,400947036.4,3506853,Rio Grande do Norte
2020,3,RN,RGF-Anexo 01,DespesaComPessoalAtivoBruta,Pessoal Ativo,<MR-5>,246071311.57,3506853,Rio Grande do Norte
2020,3,RN,RGF-Anexo 01,DespesaComPessoalAtivoBruta,Pessoal Ativo,<MR-4>,368830500.88,3506853,Rio Grande do Norte
2020,3,RN,RGF-Anexo 01,DespesaComPessoalAtivoBruta,Pessoal Ativo,<MR-3>,345284765.79,3506853,Rio Grande do Norte
2020,3,RN,RGF-Anexo 01,DespesaComPessoalAtivoBruta,Pessoal Ativo,<MR-2>,509661992.39,3506853,Rio Grande do Norte
2020,3,RN,RGF-Anexo 01,DespesaComPessoalAtivoBruta,Pessoal Ativo,<MR-1>,270012307.0,3506853,Rio Grande do Norte
2020,3,RN,RGF-Anexo 01,DespesaComPessoalAtivoBruta,Pessoal Ativo,<MR>,705807471.98,3506853,Rio Grande do Norte
2020,3,RN,RGF-Anexo 01,DespesaComPessoalAtivoBruta,Pessoal Ativo,TOTAL (ÚLTIMOS 12 MESES) (a),4516296711.35,3506853,Rio Grande do Norte
2020,3,RN,RGF-Anexo 01,DespesaComPessoalAtivoBruta,Pessoal Ativo,INSCRITAS EM RESTOS A PAGAR NÃO PROCESSADOS (b),47511056.27,3506853,Rio Grande do Norte
2020,3,RN,RGF-Anexo 01,DespesaComPessoalInativoEPensionistasBruta,Pessoal Inativo e Pensionistas,<MR-11>,228417271.01,3506853,Rio Grande do Norte
2020,3,RN,RGF-Anexo 01,DespesaComPessoalInativoEPensionistasBruta,Pessoal Inativo e Pensionistas,<MR-10>,233856867.21,3506853,Rio Grande do Norte
2020,3,RN,RGF-Anexo 01,DespesaComPessoalInativoEPensionistasBruta,Pessoal Inativo e Pensionistas,<MR-9>,316352343.8,3506853,Rio Grande do Norte
2020,3,RN,RGF-Anexo 01,DespesaComPessoalInativoEPensionistasBruta,Pessoal Inativo e Pensionistas,<MR-8>,225467061.57,3506853,Rio Grande do Norte
2020,3,RN,RGF-Anexo 01,DespesaComPessoalInativoEPensionistasBruta,Pessoal Inativo e Pensionistas,<MR-7>,292595990.69,3506853,Rio Grande do Norte
2020,3,RN,RGF-Anexo 01,DespesaComPessoalInativoEPensionistasBruta,Pessoal Inativo e Pensionistas,<MR-6>,230470897.07,3506853,Rio Grande do Norte
2020,3,RN,RGF-Anexo 01,DespesaComPessoalInativoEPensionistasBruta,Pessoal Inativo e Pensionistas,<MR-5>,366197904.25,3506853,Rio Grande do Norte
2020,3,RN,RGF-Anexo 01,DespesaComPessoalInativoEPensionistasBruta,Pessoal Inativo e Pensionistas,<MR-4>,308856489.19,3506853,Rio Grande do Norte
2020,3,RN,RGF-Anexo 01,DespesaComPessoalInativoEPensionistasBruta,Pessoal Inativo e Pensionistas,<MR-3>,265109282.82,3506853,Rio Grande do Norte
2020,3,RN,RGF-Anexo 01,DespesaComPessoalInativoEPensionistasBruta,Pessoal Inativo e Pensionistas,<MR-2>,415365385.84,3506853,Rio Grande do Norte
2020,3,RN,RGF-Anexo 01,DespesaComPessoalInativoEPensionistasBruta,Pessoal Inativo e Pensionistas,<MR-1>,294780270.3,3506853,Rio Grande do Norte
2020,3,RN,RGF-Anexo 01,DespesaComPessoalInativoEPensionistasBruta,Pessoal Inativo e Pensionistas,<MR>,484529220.89,3506853,Rio Grande do Norte
2020,3,RN,RGF-Anexo 01,DespesaComPessoalInativoEPensionistasBruta,Pessoal Inativo e Pensionistas,TOTAL (ÚLTIMOS 12 MESES) (a),3661998984.64,3506853,Rio Grande do Norte
2020,3,RN,RGF-Anexo 01,DespesaComPessoalInativoEPensionistasBruta,Pessoal Inativo e Pensionistas,INSCRITAS EM RESTOS A PAGAR NÃO PROCESSADOS (b),4314067.88,3506853,Rio Grande do Norte
2020,3,RN,RGF-Anexo 01,DespesaComPessoalLiquida,DESPESA LÍQUIDA COM PESSOAL (III) = (I - II),<MR-11>,403281078.91,3506853,Rio Grande do Norte
2020,3,RN,RGF-Anexo 01,DespesaComPessoalLiquida,DESPESA LÍQUIDA COM PESSOAL (III) = (I - II),<MR-10>,367585949.54,3506853,Rio Grande do Norte
2020,3,RN,RGF-Anexo 01,DespesaComPessoalLiquida,DESPESA LÍQUIDA COM PESSOAL (III) = (I - II),<MR-9>,525835083.47,3506853,Rio Grande do Norte
2020,3,RN,RGF-Anexo 01,DespesaComPessoalLiquida,DESPESA LÍQUIDA COM PESSOAL (III) = (I - II),<MR-8>,428711233.72,3506853,Rio Grande do Norte
2020,3,RN,RGF-Anexo 01,DespesaComPessoalLiquida,DESPESA LÍQUIDA COM PESSOAL (III) = (I - II),<MR-7>,498989446.68,3506853,Rio Grande do Norte
2020,3,RN,RGF-Anexo 01,DespesaComPessoalLiquida,DESPESA LÍQUIDA COM PESSOAL (III) = (I - II),<MR-6>,449430426.03,3506853,Rio Grande do Norte
2020,3,RN,RGF-Anexo 01,DespesaComPessoalLiquida,DESPESA LÍQUIDA COM PESSOAL (III) = (I - II),<MR-5>,272784761.27,3506853,Rio Grande do Norte
2020,3,RN,RGF-Anexo 01,DespesaComPessoalLiquida,DESPESA LÍQUIDA COM PESSOAL (III) = (I - II),<MR-4>,536683734.14,3506853,Rio Grande do Norte
2020,3,RN,RGF-Anexo 01,DespesaComPessoalLiquida,DESPESA LÍQUIDA COM PESSOAL (III) = (I - II),<MR-3>,493710607.05,3506853,Rio Grande do Norte
2020,3,RN,RGF-Anexo 01,DespesaComPessoalLiquida,DESPESA LÍQUIDA COM PESSOAL (III) = (I - II),<MR-2>,568587653.58,3506853,Rio Grande do Norte
2020,3,RN,RGF-Anexo 01,DespesaComPessoalLiquida,DESPESA LÍQUIDA COM PESSOAL (III) = (I - II),<MR-1>,230333116.64,3506853,Rio Grande do Norte
2020,3,RN,RGF-Anexo 01,DespesaComPessoalLiquida,DESPESA LÍQUIDA COM PESSOAL (III) = (I - II),<MR>,721682659.84,3506853,Rio Grande do Norte
2020,3,RN,RGF-Anexo 01,DespesaComPessoalLiquida,DESPESA LÍQUIDA COM PESSOAL (III) = (I - II),TOTAL (ÚLTIMOS 12 MESES) (a),5497615750.87,3506853,Rio Grande do Norte
2020,3,RN,RGF-Anexo 01,DespesaComPessoalLiquida,DESPESA LÍQUIDA COM PESSOAL (III) = (I - II),INSCRITAS EM RESTOS A PAGAR NÃO PROCESSADOS (b),71839020.87,3506853,Rio Grande do Norte
2020,3,RN,RGF-Anexo 01,ReceitaCorrenteLiquidaLimiteLegal,RECEITA CORRENTE LIQUIDA - RCL (IV),Valor,10187020031.22,3506853,Rio Grande do Norte
2020,3,RN,RGF-Anexo 01,DespesaComPessoalTotal,DESPESA TOTAL COM PESSOAL - DTP (VIII) = (IIIa + IIIb),Valor,5569454771.74,3506853,Rio Grande do Norte
2020,3,RN,RGF-Anexo 01,DespesaComPessoalTotal,DESPESA TOTAL COM PESSOAL - DTP (VIII) = (IIIa + IIIb),% sobre a RCL Ajustada,54.81,3506853,Rio Grande do Norte
2020,3,RN,RGF-Anexo 02,DividaConsolidada,DÍVIDA CONSOLIDADA - DC (I),SALDO DO EXERCÍCIO ANTERIOR,3574124524.04,3506853,Rio Grande do Norte
2020,3,RN,RGF-Anexo 02,DividaConsolidada,DÍVIDA CONSOLIDADA - DC (I),Até o 1º Quadrimestre,3915784484.28,3506853,Rio Grande do Norte
2020,3,RN,RGF-Anexo 02,DividaConsolidada,DÍVIDA CONSOLIDADA - DC (I),Até o 2º Quadrimestre,3589388763.07,3506853,Rio Grande do Norte
2020,3,RN,RGF-Anexo 02,DividaConsolidada,DÍVIDA CONSOLIDADA - DC (I),Até o 3º Quadrimestre,4012962182.56,3506853,Rio Grande do Norte
2020,3,RN,RGF-Anexo 02,DividaContratual,Dívida Contratual,SALDO DO EXERCÍCIO ANTERIOR,2362122188.17,3506853,Rio Grande do Norte
2020,3,RN,RGF-Anexo 02,DividaContratual,Dívida Contratual,Até o 1º Quadrimestre,2720079496.37,3506853,Rio Grande do Norte
2020,3,RN,RGF-Anexo 02,DividaContratual,Dívida Contratual,Até o 2º Quadrimestre,2795932583.56,3506853,Rio Grande do Norte
2020,3,RN,RGF-Anexo 02,DividaContratual,Dívida Contratual,Até o 3º Quadrimestre,2762310283.26,3506853,Rio Grande do Norte
2020,3,RN,RGF-Anexo 02,DividaConsolidadaLiquida,DÍVIDA CONSOLIDADA LÍQUIDA (DCL) (III) = (I - II),SALDO DO EXERCÍCIO ANTERIOR,3253299160.95,3506853,Rio Grande do Norte
2020,3,RN,RGF-Anexo 02,DividaConsolidadaLiquida,DÍVIDA CONSOLIDADA LÍQUIDA (DCL) (III) = (I - II),Até o 1º Quadrimestre,3256149861.29,3506853,Rio Grande do Norte
2020,3,RN,RGF-Anexo 02,DividaConsolidadaLiquida,DÍVIDA CONSOLIDADA LÍQUIDA (DCL) (III) = (I - II),Até o 2º Quadrimestre,3026630324.48,3506853,Rio Grande do Norte
2020,3,RN,RGF-Anexo 02,DividaConsolidadaLiquida,DÍVIDA CONSOLIDADA LÍQUIDA (DCL) (III) = (I - II),Até o 3º Quadrimestre,3996480721.14,3506853,Rio Grande do Norte
2021,1,RN,RGF-Anexo 01,DespesaComPessoalBruta,DESPESA BRUTA COM PESSOAL (I),<MR-11>,671575440.97,3534165,Rio Grande do Norte
2021,1,RN,RGF-Anexo 01,DespesaComPessoalBruta,DESPESA BRUTA COM PESSOAL (I),<MR-10>,642893939.22,3534165,Rio Grande do Norte
2021,1,RN,RGF-Anexo 01,DespesaComPessoalBruta,DESPESA BRUTA COM PESSOAL (I),<MR-9>,622076735.58,3534165,Rio Grande do Norte
2021,1,RN,RGF-Anexo 01,DespesaComPessoalBruta,DESPESA BRUTA COM PESSOAL (I),<MR-8>,683357521.08,3534165,Rio Grande do Norte
2021,1,RN,RGF-Anexo 01,DespesaComPessoalBruta,DESPESA BRUTA COM PESSOAL (I),<MR-7>,621404946.11,3534165,Rio Grande do Norte
2021,1,RN,RGF-Anexo 01,DespesaComPessoalBruta,DESPESA BRUTA COM PESSOAL (I),<MR-6>,935699268.38,3534165,Rio Grande do Norte
2021,1,RN,RGF-Anexo 01,DespesaComPessoalBruta,DESPESA BRUTA COM PESSOAL (I),<MR-5>,577201966.71,3534165,Rio Grande do Norte
2021,1,RN,RGF-Anexo 01,DespesaComPessoalBruta,DESPESA BRUTA COM PESSOAL (I),<MR-4>,1205655326.98,3534165,Rio Grande do Norte
2021,1,RN,RGF-Anexo 01,DespesaComPessoalBruta,DESPESA BRUTA COM PESSOAL (I),<MR-3>,620344111.06,3534165,Rio Grande do Norte
2021,1,RN,RGF-Anexo 01,DespesaComPessoalBruta,DESPESA BRUTA COM PESSOAL (I),<MR-2>,709782739.52,3534165,Rio Grande do Norte
2021,1,RN,RGF-Anexo 01,DespesaComPessoalBruta,DESPESA BRUTA COM PESSOAL (I),<MR-1>,742543862.04,3534165,Rio Grande do Norte
2021,1,RN,RGF-Anexo 01,DespesaComPessoalBruta,DESPESA BRUTA COM PESSOAL (I),<MR>,790451591.78,3534165,Rio Grande do Norte
2021,1,RN,RGF-Anexo 01,DespesaComPessoalBruta,DESPESA BRUTA COM PESSOAL (I),TOTAL (ÚLTIMOS 12 MESES) (a),8822987449.43,3534165,Rio Grande do Norte
2021,1,RN,RGF-Anexo 01,DespesaComPessoalBruta,DESPESA BRUTA COM PESSOAL (I),INSCRITAS EM RESTOS A PAGAR NÃO PROCESSADOS (b),76864158.6,3534165,Rio Grande do Norte
2021,1,RN,RGF-Anexo 01,DespesaComPessoalAtivoBruta,Pessoal Ativo,<MR-11>,369539698.16,3534165,Rio Grande do Norte
2021,1,RN,RGF-Anexo 01,DespesaComPessoalAtivoBruta,Pessoal Ativo,<MR-10>,400947036.4,3534165,Rio Grande do Norte
2021,1,RN,RGF-Anexo 01,DespesaComPessoalAtivoBruta,Pessoal Ativo,<MR-9>,246071311.57,3534165,Rio Grande do Norte
2021,1,RN,RGF-Anexo 01,DespesaComPessoalAtivoBruta,Pessoal Ativo,<MR-8>,368830500.88,3534165,Rio Grande do Norte
2021,1,RN,RGF-Anexo 01,DespesaComPessoalAtivoBruta,Pessoal Ativo,<MR-7>,345284765.79,3534165,Rio Grande do Norte
2021,1,RN,RGF-Anexo 01,DespesaComPessoalAtivoBruta,Pessoal Ativo,<MR-6>,509661992.39,3534165,Rio Grande do Norte
2021,1,RN,RGF-Anexo 01,DespesaComPessoalAtivoBruta,Pessoal Ativo,<MR-5>,270012307.0,3534165,Rio Grande do Norte
2021,1,RN,RGF-Anexo 01,DespesaComPessoalAtivoBruta,Pessoal Ativo,<MR-4>,705807471.98,3534165,Rio Grande do Norte
2021,1,RN,RGF-Anexo 01,DespesaComPessoalAtivoBruta,Pessoal Ativo,<MR-3>,373536348.94,3534165,Rio Grande do Norte
2021,1,RN,RGF-Anexo 01,DespesaComPessoalAtivoBruta,Pessoal Ativo,<MR-2>,401029837.07,3534165,Rio Grande do Norte
2021,1,RN,RGF-Anexo 01,DespesaComPessoalAtivoBruta,Pessoal Ativo,<MR-1>,436800622.58,3534165,Rio Grande do Norte
2021,1,RN,RGF-Anexo 01,DespesaComPessoalAtivoBruta,Pessoal Ativo,<MR>,478750090.61,3534165,Rio Grande do Norte
2021,1,RN,RGF-Anexo 01,DespesaComPessoalAtivoBruta,Pessoal Ativo,TOTAL (ÚLTIMOS 12 MESES) (a),4906271983.37,3534165,Rio Grande do Norte
2021,1,RN,RGF-Anexo 01,DespesaComPessoalAtivoBruta,Pessoal Ativo,INSCRITAS EM RESTOS A PAGAR NÃO PROCESSADOS (b),47511056.27,3534165,Rio Grande do Norte
2021,1,RN,RGF-Anexo 01,DespesaComPessoalInativoEPensionistasBruta,Pessoal Inativo e Pensionistas,<MR-11>,292595990.69,3534165,Rio Grande do Norte
2021,1,RN,RGF-Anexo 01,DespesaComPessoalInativoEPensionistasBruta,Pessoal Inativo e Pensionistas,<MR-10>,230470897.07,3534165,Rio Grande do Norte
2021,1,RN,RGF-Anexo 01,DespesaComPessoalInativoEPensionistasBruta,Pessoal Inativo e Pensionistas,<MR-9>,366197904.25,3534165,Rio Grande do Norte
2021,1,RN,RGF-Anexo 01,DespesaComPessoalInativoEPensionistasBruta,Pessoal Inativo e Pensionistas,<MR-8>,308856489.19,3534165,Rio Grande do Norte
2021,1,RN,RGF-Anexo 01,DespesaComPessoalInativoEPensionistasBruta,Pessoal Inativo e Pensionistas,<MR-7>,265109282.82,3534165,Rio Grande do Norte
2021,1,RN,RGF-Anexo 01,DespesaComPessoalInativoEPensionistasBruta,Pessoal Inativo e Pensionistas,<MR-6>,415365385.84,3534165,Rio Grande do Norte
2021,1,RN,RGF-Anexo 01,DespesaComPessoalInativoEPensionistasBruta,Pessoal Inativo e Pensionistas,<MR-5>,294780270.3,3534165,Rio Grande do Norte
2021,1,RN,RGF-Anexo 01,DespesaComPessoalInativoEPensionistasBruta,Pessoal Inativo e Pensionistas,<MR-4>,484529220.89,3534165,Rio Grande do Norte
2021,1,RN,RGF-Anexo 01,DespesaComPessoalInativoEPensionistasBruta,Pessoal Inativo e Pensionistas,<MR-3>,246807762.12,3534165,Rio Grande do Norte
2021,1,RN,RGF-Anexo 01,DespesaComPessoalInativoEPensionistasBruta,Pessoal Inativo e Pensionistas,<MR-2>,306731610.75,3534165,Rio Grande do Norte
2021,1,RN,RGF-Anexo 01,DespesaComPessoalInativoEPensionistasBruta,Pessoal Inativo e Pensionistas,<MR-1>,298071849.59,3534165,Rio Grande do Norte
2021,1,RN,RGF-Anexo 01,DespesaComPessoalInativoEPensionistasBruta,Pessoal Inativo e Pensionistas,<MR>,298335619.0,3534165,Rio Grande do Norte
2021,1,RN,RGF-Anexo 01,DespesaComPessoalInativoEPensionistasBruta,Pessoal Inativo e Pensionistas,TOTAL (ÚLTIMOS 12 MESES) (a),3807852282.51,3534165,Rio Grande do Norte
2021,1,RN,RGF-Anexo 01,DespesaComPessoalInativoEPensionistasBruta,Pessoal Inativo e Pensionistas,INSCRITAS EM RESTOS A PAGAR NÃO PROCESSADOS (b),4314067.88,3534165,Rio Grande do Norte
2021,1,RN,RGF-Anexo 01,DespesaComPessoalLiquida,DESPESA LÍQUIDA COM PESSOAL (III) = (I - II),<MR-11>,498989446.68,3534165,Rio Grande do Norte
2021,1,RN,RGF-Anexo 01,DespesaComPessoalLiquida,DESPESA LÍQUIDA COM PESSOAL (III) = (I - II),<MR-10>,449430426.03,3534165,Rio Grande do Norte
2021,1,RN,RGF-Anexo 01,DespesaComPessoalLiquida,DESPESA LÍQUIDA COM PESSOAL (III) = (I - II),<MR-9>,272784761.27,3534165,Rio Grande do Norte
2021,1,RN,RGF-Anexo 01,DespesaComPessoalLiquida,DESPESA LÍQUIDA COM PESSOAL (III) = (I - II),<MR-8>,536683734.14,3534165,Rio Grande do Norte
2021,1,RN,RGF-Anexo 01,DespesaComPessoalLiquida,DESPESA LÍQUIDA COM PESSOAL (III) = (I - II),<MR-7>,493710607.05,3534165,Rio Grande do Norte
2021,1,RN,RGF-Anexo 01,DespesaComPessoalLiquida,DESPESA LÍQUIDA COM PESSOAL (III) = (I - II),<MR-6>,568587653.58,3534165,Rio Grande do Norte
2021,1,RN,RGF-Anexo 01,DespesaComPessoalLiquida,DESPESA LÍQUIDA COM PESSOAL (III) = (I - II),<MR-5>,230333116.64,3534165,Rio Grande do Norte
2021,1,RN,RGF-Anexo 01,DespesaComPessoalLiquida,DESPESA LÍQUIDA COM PESSOAL (III) = (I - II),<MR-4>,721682659.84,3534165,Rio Grande do Norte
2021,1,RN,RGF-Anexo 01,DespesaComPessoalLiquida,DESPESA LÍQUIDA COM PESSOAL (III) = (I - II),<MR-3>,452002568.0,3534165,Rio Grande do Norte
2021,1,RN,RGF-Anexo 01,DespesaComPessoalLiquida,DESPESA LÍQUIDA COM PESSOAL (III) = (I - II),<MR-2>,451188505.2,3534165,Rio Grande do Norte
2021,1,RN,RGF-Anexo 01,DespesaComPessoalLiquida,DESPESA LÍQUIDA COM PESSOAL (III) = (I - II),<MR-1>,526052274.25,3534165,Rio Grande do Norte
2021,1,RN,RGF-Anexo 01,DespesaComPessoalLiquida,DESPESA LÍQUIDA COM PESSOAL (III) = (I - II),<MR>,522298077.45,3534165,Rio Grande do Norte
2021,1,RN,RGF-Anexo 01,DespesaComPessoalLiquida,DESPESA LÍQUIDA COM PESSOAL (III) = (I - II),TOTAL (ÚLTIMOS 12 MESES) (a),5723743830.13,3534165,Rio Grande do Norte
2021,1,RN,RGF-Anexo 01,DespesaComPessoalLiquida,DESPESA LÍQUIDA COM PESSOAL (III) = (I - II),INSCRITAS EM RESTOS A PAGAR NÃO PROCESSADOS (b),71839020.87,3534165,Rio Grande do Norte
2021,1,RN,RGF-Anexo 01,ReceitaCorrenteLiquidaLimiteLegal,RECEITA CORRENTE LIQUIDA - RCL (IV),Valor,10917210575.29,3534165,Rio Grande do Norte
2021,1,RN,RGF-Anexo 01,DespesaComPessoalTotal,DESPESA TOTAL COM PESSOAL - DTP (VIII) = (IIIa + IIIb),Valor,5795582851.0,3534165,Rio Grande do Norte
2021,1,RN,RGF-Anexo 01,DespesaComPessoalTotal,DESPESA TOTAL COM PESSOAL - DTP (VIII) = (IIIa + IIIb),% sobre a RCL Ajustada,53.21,3534165,Rio Grande do Norte
2021,1,RN,RGF-Anexo 02,DividaConsolidada,DÍVIDA CONSOLIDADA - DC (I),SALDO DO EXERCÍCIO ANTERIOR,4012962182.56,3534165,Rio Grande do Norte
2021,1,RN,RGF-Anexo 02,DividaConsolidada,DÍVIDA CONSOLIDADA - DC (I),Até o 1º Quadrimestre,4112434614.2,3534165,Rio Grande do Norte
2021,1,RN,RGF-Anexo 02,DividaContratual,Dívida Contratual,SALDO DO EXERCÍCIO ANTERIOR,2762310283.26,3534165,Rio Grande do Norte
2021,1,RN,RGF-Anexo 02,DividaContratual,Dívida Contratual,Até o 1º Quadrimestre,2861673289.71,3534165,Rio Grande do Norte
2021,1,RN,RGF-Anexo 02,DividaConsolidadaLiquida,DÍVIDA CONSOLIDADA LÍQUIDA (DCL) (III) = (I - II),SALDO DO EXERCÍCIO ANTERIOR,3996480721.14,3534165,Rio Grande do Norte
2021,1,RN,RGF-Anexo 02,DividaConsolidadaLiquida,DÍVIDA CONSOLIDADA LÍQUIDA (DCL) (III) = (I - II),Até o 1º Quadrimestre,3393966246.42,3534165,Rio Grande do Norte
2021,2,RN,RGF-Anexo 01,DespesaComPessoalBruta,DESPESA BRUTA COM PESSOAL (I),<MR-11>,621404946.11,3534165,Rio Grande do Norte
2021,2,RN,RGF-Anexo 01,DespesaComPessoalBruta,DESPESA BRUTA COM PESSOAL (I),<MR-10>,935699268.38,3534165,Rio Grande do Norte
2021,2,RN,RGF-Anexo 01,DespesaComPessoalBruta,DESPESA BRUTA COM PESSOAL (I),<MR-9>,577201966.71,3534165,Rio Grande do Norte
2021,2,RN,RGF-Anexo 01,DespesaComPessoalBruta,DESPESA BRUTA COM PESSOAL (I),<MR-8>,1205655326.98,3534165,Rio Grande do Norte
2021,2,RN,RGF-Anexo 01,DespesaComPessoalBruta,DESPESA BRUTA COM PESSOAL (I),<MR-7>,629230133.32,3534165,Rio Grande do Norte
2021,2,RN,RGF-Anexo 01,DespesaComPessoalBruta,DESPESA BRUTA COM PESSOAL (I),<MR-6>,723966324.79,3534165,Rio Grande do Norte
2021,2,RN,RGF-Anexo 01,DespesaComPessoalBruta,DESPESA BRUTA COM PESSOAL (I),<MR-5>,750632532.94,3534165,Rio Grande do Norte
2021,2,RN,RGF-Anexo 01,DespesaComPessoalBruta,DESPESA BRUTA COM PESSOAL (I),<MR-4>,796867324.0,3534165,Rio Grande do Norte
2021,2,RN,RGF-Anexo 01,DespesaComPessoalBruta,DESPESA BRUTA COM PESSOAL (I),<MR-3>,777712842.4,3534165,Rio Grande do Norte
2021,2,RN,RGF-Anexo 01,DespesaComPessoalBruta,DESPESA BRUTA COM PESSOAL (I),<MR-2>,783608597.28,3534165,Rio Grande do Norte
2021,2,RN,RGF-Anexo 01,DespesaComPessoalBruta,DESPESA BRUTA COM PESSOAL (I),<MR-1>,777553845.58,3534165,Rio Grande do Norte
2021,2,RN,RGF-Anexo 01,DespesaComPessoalBruta,DESPESA BRUTA COM PESSOAL (I),<MR>,845159134.29,3534165,Rio Grande do Norte
2021,2,RN,RGF-Anexo 01,DespesaComPessoalBruta,DESPESA BRUTA COM PESSOAL (I),TOTAL (ÚLTIMOS 12 MESES) (a),9424692242.78,3534165,Rio Grande do Norte
2021,2,RN,RGF-Anexo 01,DespesaComPessoalBruta,DESPESA BRUTA COM PESSOAL (I),INSCRITAS EM RESTOS A PAGAR NÃO PROCESSADOS (b),76864158.6,3534165,Rio Grande do Norte
2021,2,RN,RGF-Anexo 01,DespesaComPessoalAtivoBruta,Pessoal Ativo,<MR-11>,345284765.79,3534165,Rio Grande do Norte
2021,2,RN,RGF-Anexo 01,DespesaComPessoalAtivoBruta,Pessoal Ativo,<MR-10>,509661992.39,3534165,Rio Grande do Norte
2021,2,RN,RGF-Anexo 01,DespesaComPessoalAtivoBruta,Pessoal Ativo,<MR-9>,270012307.0,3534165,Rio Grande do Norte
2021,2,RN,RGF-Anexo 01,DespesaComPessoalAtivoBruta,Pessoal Ativo,<MR-8>,705807471.98,3534165,Rio Grande do Norte
2021,2,RN,RGF-Anexo 01,DespesaComPessoalAtivoBruta,Pessoal Ativo,<MR-7>,373536348.94,3534165,Rio Grande do Norte
2021,2,RN,RGF-Anexo 01,DespesaComPessoalAtivoBruta,Pessoal Ativo,<MR-6>,401029837.07,3534165,Rio Grande do Norte
2021,2,RN,RGF-Anexo 01,DespesaComPessoalAtivoBruta,Pessoal Ativo,<MR-5>,436800622.58,3534165,Rio Grande do Norte
2021,2,RN,RGF-Anexo 01,DespesaComPessoalAtivoBruta,Pessoal Ativo,<MR-4>,478750090.61,3534165,Rio Grande do Norte
2021,2,RN,RGF-Anexo 01,DespesaComPessoalAtivoBruta,Pessoal Ativo,<MR-3>,447026979.75,3534165,Rio Grande do Norte
2021,2,RN,RGF-Anexo 01,DespesaComPessoalAtivoBruta,Pessoal Ativo,<MR-2>,472148573.91,3534165,Rio Grande do Norte
2021,2,RN,RGF-Anexo 01,DespesaComPessoalAtivoBruta,Pessoal Ativo,<MR-1>,449283385.08,3534165,Rio Grande do Norte
2021,2,RN,RGF-Anexo 01,DespesaComPessoalAtivoBruta,Pessoal Ativo,<MR>,511330728.26,3534165,Rio Grande do Norte
2021,2,RN,RGF-Anexo 01,DespesaComPessoalAtivoBruta,Pessoal Ativo,TOTAL (ÚLTIMOS 12 MESES) (a),5400673103.36,3534165,Rio Grande do Norte
2021,2,RN,RGF-Anexo 01,DespesaComPessoalAtivoBruta,Pessoal Ativo,INSCRITAS EM RESTOS A PAGAR NÃO PROCESSADOS (b),47511056.27,3534165,Rio Grande do Norte
2021,2,RN,RGF-Anexo 01,DespesaComPessoalInativoEPensionistasBruta,Pessoal Inativo e Pensionistas,<MR-11>,265109282.82,3534165,Rio Grande do Norte
2021,2,RN,RGF-Anexo 01,DespesaComPessoalInativoEPensionistasBruta,Pessoal Inativo e Pensionistas,<MR-10>,415365385.84,3534165,Rio Grande do Norte
2021,2,RN,RGF-Anexo 01,DespesaComPessoalInativoEPensionistasBruta,Pessoal Inativo e Pensionistas,<MR-9>,294780270.3,3534165,Rio Grande do Norte
2021,2,RN,RGF-Anexo 01,DespesaComPessoalInativoEPensionistasBruta,Pessoal Inativo e Pensionistas,<MR-8>,484529220.89,3534165,Rio Grande do Norte
2021,2,RN,RGF-Anexo 01,DespesaComPessoalInativoEPensionistasBruta,Pessoal Inativo e Pensionistas,<MR-7>,255693784.38,3534165,Rio Grande do Norte
2021,2,RN,RGF-Anexo 01,DespesaComPessoalInativoEPensionistasBruta,Pessoal Inativo e Pensionistas,<MR-6>,320915196.02,3534165,Rio Grande do Norte
2021,2,RN,RGF-Anexo 01,DespesaComPessoalInativoEPensionistasBruta,Pessoal Inativo e Pensionistas,<MR-5>,306160520.49,3534165,Rio Grande do Norte
2021,2,RN,RGF-Anexo 01,DespesaComPessoalInativoEPensionistasBruta,Pessoal Inativo e Pensionistas,<MR-4>,304751351.22,3534165,Rio Grande do Norte
2021,2,RN,RGF-Anexo 01,DespesaComPessoalInativoEPensionistasBruta,Pessoal Inativo e Pensionistas,<MR-3>,314914277.35,3534165,Rio Grande do Norte
2021,2,RN,RGF-Anexo 01,DespesaComPessoalInativoEPensionistasBruta,Pessoal Inativo e Pensionistas,<MR-2>,302089051.51,3534165,Rio Grande do Norte
2021,2,RN,RGF-Anexo 01,DespesaComPessoalInativoEPensionistasBruta,Pessoal Inativo e Pensionistas,<MR-1>,312778842.11,3534165,Rio Grande do Norte
2021,2,RN,RGF-Anexo 01,DespesaComPessoalInativoEPensionistasBruta,Pessoal Inativo e Pensionistas,<MR>,321539721.94,3534165,Rio Grande do Norte
2021,2,RN,RGF-Anexo 01,DespesaComPessoalInativoEPensionistasBruta,Pessoal Inativo e Pensionistas,TOTAL (ÚLTIMOS 12 MESES) (a),3898626904.87,3534165,Rio Grande do Norte
2021,2,RN,RGF-Anexo 01,DespesaComPessoalInativoEPensionistasBruta,Pessoal Inativo e Pensionistas,INSCRITAS EM RESTOS A PAGAR NÃO PROCESSADOS (b),4314067.88,3534165,Rio Grande do Norte
2021,2,RN,RGF-Anexo 01,DespesaComPessoalLiquida,DESPESA LÍQUIDA COM PESSOAL (III) = (I - II),<MR-11>,493710607.05,3534165,Rio Grande do Norte
2021,2,RN,RGF-Anexo 01,DespesaComPessoalLiquida,DESPESA LÍQUIDA COM PESSOAL (III) = (I - II),<MR-10>,568587653.58,3534165,Rio Grande do Norte
2021,2,RN,RGF-Anexo 01,DespesaComPessoalLiquida,DESPESA LÍQUIDA COM PESSOAL (III) = (I - II),<MR-9>,230333116.64,3534165,Rio Grande do Norte
2021,2,RN,RGF-Anexo 01,DespesaComPessoalLiquida,DESPESA LÍQUIDA COM PESSOAL (III) = (I - II),<MR-8>,721682659.84,3534165,Rio Grande do Norte
2021,2,RN,RGF-Anexo 01,DespesaComPessoalLiquida,DESPESA LÍQUIDA COM PESSOAL (III) = (I - II),<MR-7>,458094889.97,3534165,Rio Grande do Norte
2021,2,RN,RGF-Anexo 01,DespesaComPessoalLiquida,DESPESA LÍQUIDA COM PESSOAL (III) = (I - II),<MR-6>,462546764.35,3534165,Rio Grande do Norte
2021,2,RN,RGF-Anexo 01,DespesaComPessoalLiquida,DESPESA LÍQUIDA COM PESSOAL (III) = (I - II),<MR-5>,531323237.49,3534165,Rio Grande do Norte
2021,2,RN,RGF-Anexo 01,DespesaComPessoalLiquida,DESPESA LÍQUIDA COM PESSOAL (III) = (I - II),<MR-4>,525999471.41,3534165,Rio Grande do Norte
2021,2,RN,RGF-Anexo 01,DespesaComPessoalLiquida,DESPESA LÍQUIDA COM PESSOAL (III) = (I - II),<MR-3>,483991826.01,3534165,Rio Grande do Norte
2021,2,RN,RGF-Anexo 01,DespesaComPessoalLiquida,DESPESA LÍQUIDA COM PESSOAL (III) = (I - II),<MR-2>,572814013.11,3534165,Rio Grande do Norte
2021,2,RN,RGF-Anexo 01,DespesaComPessoalLiquida,DESPESA LÍQUIDA COM PESSOAL (III) = (I - II),<MR-1>,533888274.76,3534165,Rio Grande do Norte
2021,2,RN,RGF-Anexo 01,DespesaComPessoalLiquida,DESPESA LÍQUIDA COM PESSOAL (III) = (I - II),<MR>,572910805.67,3534165,Rio Grande do Norte
2021,2,RN,RGF-Anexo 01,DespesaComPessoalLiquida,DESPESA LÍQUIDA COM PESSOAL (III) = (I - II),TOTAL (ÚLTIMOS 12 MESES) (a),6155883319.88,3534165,Rio Grande do Norte
2021,2,RN,RGF-Anexo 01,DespesaComPessoalLiquida,DESPESA LÍQUIDA COM PESSOAL (III) = (I - II),INSCRITAS EM RESTOS A PAGAR NÃO PROCESSADOS (b),71839020.87,3534165,Rio Grande do Norte
2021,2,RN,RGF-Anexo 01,ReceitaCorrenteLiquidaLimiteLegal,RECEITA CORRENTE LIQUIDA - RCL (IV),Valor,11664412869.55,3534165,Rio Grande do Norte
2021,2,RN,RGF-Anexo 01,DespesaComPessoalTotal,DESPESA TOTAL COM PESSOAL - DTP (VIII) = (IIIa + IIIb),Valor,6227722340.75,3534165,Rio Grande do Norte
2021,2,RN,RGF-Anexo 01,DespesaComPessoalTotal,DESPESA TOTAL COM PESSOAL - DTP (VIII) = (IIIa + IIIb),% sobre a RCL Ajustada,53.5,3534165,Rio Grande do Norte
2021,2,RN,RGF-Anexo 02,DividaConsolidada,DÍVIDA CONSOLIDADA - DC (I),SALDO DO EXERCÍCIO ANTERIOR,4012962182.56,3534165,Rio Grande do Norte
2021,2,RN,RGF-Anexo 02,DividaConsolidada,DÍVIDA CONSOLIDADA - DC (I),Até o 1º Quadrimestre,4112434614.2,3534165,Rio Grande do Norte
2021,2,RN,RGF-Anexo 02,DividaConsolidada,DÍVIDA CONSOLIDADA - DC (I),Até o 2º Quadrimestre,4140849865.27,3534165,Rio Grande do Norte
2021,2,RN,RGF-Anexo 02,DividaContratual,Dívida Contratual,SALDO DO EXERCÍCIO ANTERIOR,2762310283.26,3534165,Rio Grande do Norte
2021,2,RN,RGF-Anexo 02,DividaContratual,Dívida Contratual,Até o 1º Quadrimestre,2861673289.71,3534165,Rio Grande do Norte
2021,2,RN,RGF-Anexo 02,DividaContratual,Dívida Contratual,Até o 2º Quadrimestre,2885587423.73,3534165,Rio Grande do Norte
2021,2,RN,RGF-Anexo 02,DividaConsolidadaLiquida,DÍVIDA CONSOLIDADA LÍQUIDA (DCL) (III) = (I - II),SALDO DO EXERCÍCIO ANTERIOR,3996480721.14,3534165,Rio Grande do Norte
2021,2,RN,RGF-Anexo 02,DividaConsolidadaLiquida,DÍVIDA CONSOLIDADA LÍQUIDA (DCL) (III) = (I - II),Até o 1º Quadrimestre,3393966246.42,3534165,Rio Grande do Norte
2021,2,RN,RGF-Anexo 02,DividaConsolidadaLiquida,DÍVIDA CONSOLIDADA LÍQUIDA (DCL) (III) = (I - II),Até o 2º Quadrimestre,3101630366.17,3534165,Rio Grande do Norte
2021,3,RN,RGF-Anexo 01,DespesaComPessoalBruta,DESPESA BRUTA COM PESSOAL (I),<MR-11>,629230133.32,3534165,Rio Grande do Norte
2021,3,RN,RGF-Anexo 01,DespesaComPessoalBruta,DESPESA BRUTA COM PESSOAL (I),<MR-10>,723966324.79,3534165,Rio Grande do Norte
2021,3,RN,RGF-Anexo 01,DespesaComPessoalBruta,DESPESA BRUTA COM PESSOAL (I),<MR-9>,750632532.94,3534165,Rio Grande do Norte
2021,3,RN,RGF-Anexo 01,DespesaComPessoalBruta,DESPESA BRUTA COM PESSOAL (I),<MR-8>,796867324.0,3534165,Rio Grande do Norte
2021,3,RN,RGF-Anexo 01,DespesaComPessoalBruta,DESPESA BRUTA COM PESSOAL (I),<MR-7>,777712842.4,3534165,Rio Grande do Norte
2021,3,RN,RGF-Anexo 01,DespesaComPessoalBruta,DESPESA BRUTA COM PESSOAL (I),<MR-6>,783608597.28,3534165,Rio Grande do Norte
2021,3,RN,RGF-Anexo 01,DespesaComPessoalBruta,DESPESA BRUTA COM PESSOAL (I),<MR-5>,777553845.58,3534165,Rio Grande do Norte
2021,3,RN,RGF-Anexo 01,DespesaComPessoalBruta,DESPESA BRUTA COM PESSOAL (I),<MR-4>,845159134.29,3534165,Rio Grande do Norte
2021,3,RN,RGF-Anexo 01,DespesaComPessoalBruta,DESPESA BRUTA COM PESSOAL (I),<MR-3>,750140437.06,3534165,Rio Grande do Norte
2021,3,RN,RGF-Anexo 01,DespesaComPessoalBruta,DESPESA BRUTA COM PESSOAL (I),<MR-2>,762631925.93,3534165,Rio Grande do Norte
2021,3,RN,RGF-Anexo 01,DespesaComPessoalBruta,DESPESA BRUTA COM PESSOAL (I),<MR-1>,932467390.8,3534165,Rio Grande do Norte
2021,3,RN,RGF-Anexo 01,DespesaComPessoalBruta,DESPESA BRUTA COM PESSOAL (I),<MR>,1366568924.6,3534165,Rio Grande do Norte
2021,3,RN,RGF-Anexo 01,DespesaComPessoalBruta,DESPESA BRUTA COM PESSOAL (I),TOTAL (ÚLTIMOS 12 MESES) (a),9896539412.99,3534165,Rio Grande do Norte
2021,3,RN,RGF-Anexo 01,DespesaComPessoalBruta,DESPESA BRUTA COM PESSOAL (I),INSCRITAS EM RESTOS A PAGAR NÃO PROCESSADOS (b),44428409.19,3534165,Rio Grande do Norte
2021,3,RN,RGF-Anexo 01,DespesaComPessoalAtivoBruta,Pessoal Ativo,<MR-11>,373536348.94,3534165,Rio Grande do Norte
2021,3,RN,RGF-Anexo 01,DespesaComPessoalAtivoBruta,Pessoal Ativo,<MR-10>,401029837.07,3534165,Rio Grande do Norte
2021,3,RN,RGF-Anexo 01,DespesaComPessoalAtivoBruta,Pessoal Ativo,<MR-9>,436800622.58,3534165,Rio Grande do Norte
2021,3,RN,RGF-Anexo 01,DespesaComPessoalAtivoBruta,Pessoal Ativo,<MR-8>,478750090.61,3534165,Rio Grande do Norte
2021,3,RN,RGF-Anexo 01,DespesaComPessoalAtivoBruta,Pessoal Ativo,<MR-7>,447026979.75,3534165,Rio Grande do Norte
2021,3,RN,RGF-Anexo 01,DespesaComPessoalAtivoBruta,Pessoal Ativo,<MR-6>,472148573.91,3534165,Rio Grande do Norte
2021,3,RN,RGF-Anexo 01,DespesaComPessoalAtivoBruta,Pessoal Ativo,<MR-5>,449283385.08,3534165,Rio Grande do Norte
2021,3,RN,RGF-Anexo 01,DespesaComPessoalAtivoBruta,Pessoal Ativo,<MR-4>,511330728.26,3534165,Rio Grande do Norte
2021,3,RN,RGF-Anexo 01,DespesaComPessoalAtivoBruta,Pessoal Ativo,<MR-3>,408838352.76,3534165,Rio Grande do Norte
2021,3,RN,RGF-Anexo 01,DespesaComPessoalAtivoBruta,Pessoal Ativo,<MR-2>,450373017.53,3534165,Rio Grande do Norte
2021,3,RN,RGF-Anexo 01,DespesaComPessoalAtivoBruta,Pessoal Ativo,<MR-1>,520760310.87,3534165,Rio Grande do Norte
2021,3,RN,RGF-Anexo 01,DespesaComPessoalAtivoBruta,Pessoal Ativo,<MR>,813537051.79,3534165,Rio Grande do Norte
2021,3,RN,RGF-Anexo 01,DespesaComPessoalAtivoBruta,Pessoal Ativo,TOTAL (ÚLTIMOS 12 MESES) (a),5763415299.15,3534165,Rio Grande do Norte
2021,3,RN,RGF-Anexo 01,DespesaComPessoalAtivoBruta,Pessoal Ativo,INSCRITAS EM RESTOS A PAGAR NÃO PROCESSADOS (b),15245035.18,3534165,Rio Grande do Norte
2021,3,RN,RGF-Anexo 01,DespesaComPessoalInativoEPensionistasBruta,Pessoal Inativo e Pensionistas,<MR-11>,255693784.38,3534165,Rio Grande do Norte
2021,3,RN,RGF-Anexo 01,DespesaComPessoalInativoEPensionistasBruta,Pessoal Inativo e Pensionistas,<MR-10>,320915196.02,3534165,Rio Grande do Norte
2021,3,RN,RGF-Anexo 01,DespesaComPessoalInativoEPensionistasBruta,Pessoal Inativo e Pensionistas,<MR-9>,306160520.49,3534165,Rio Grande do Norte
2021,3,RN,RGF-Anexo 01,DespesaComPessoalInativoEPensionistasBruta,Pessoal Inativo e Pensionistas,<MR-8>,304751351.22,3534165,Rio Grande do Norte
2021,3,RN,RGF-Anexo 01,DespesaComPessoalInativoEPensionistasBruta,Pessoal Inativo e Pensionistas,<MR-7>,314914277.35,3534165,Rio Grande do Norte
2021,3,RN,RGF-Anexo 01,DespesaComPessoalInativoEPensionistasBruta,Pessoal Inativo e Pensionistas,<MR-6>,302089051.51,3534165,Rio Grande do Norte
2021,3,RN,RGF-Anexo 01,DespesaComPessoalInativoEPensionistasBruta,Pessoal Inativo e Pensionistas,<MR-5>,312778842.11,3534165,Rio Grande do Norte
2021,3,RN,RGF-Anexo 01,DespesaComPessoalInativoEPensionistasBruta,Pessoal Inativo e Pensionistas,<MR-4>,321539721.94,3534165,Rio Grande do Norte
2021,3,RN,RGF-Anexo 01,DespesaComPessoalInativoEPensionistasBruta,Pessoal Inativo e Pensionistas,<MR-3>,332301952.66,3534165,Rio Grande do Norte
2021,3,RN,RGF-Anexo 01,DespesaComPessoalInativoEPensionistasBruta,Pessoal Inativo e Pensionistas,<MR-2>,300343924.84,3534165,Rio Grande do Norte
2021,3,RN,RGF-Anexo 01,DespesaComPessoalInativoEPensionistasBruta,Pessoal Inativo e Pensionistas,<MR-1>,400549127.28,3534165,Rio Grande do Norte
2021,3,RN,RGF-Anexo 01,DespesaComPessoalInativoEPensionistasBruta,Pessoal Inativo e Pensionistas,<MR>,534421849.44,3534165,Rio Grande do Norte
2021,3,RN,RGF-Anexo 01,DespesaComPessoalInativoEPensionistasBruta,Pessoal Inativo e Pensionistas,TOTAL (ÚLTIMOS 12 MESES) (a),4006459599.24,3534165,Rio Grande do Norte
2021,3,RN,RGF-Anexo 01,DespesaComPessoalInativoEPensionistasBruta,Pessoal Inativo e Pensionistas,INSCRITAS EM RESTOS A PAGAR NÃO PROCESSADOS (b),441840.64,3534165,Rio Grande do Norte
2021,3,RN,RGF-Anexo 01,DespesaComPessoalLiquida,DESPESA LÍQUIDA COM PESSOAL (III) = (I - II),<MR-11>,458094889.97,3534165,Rio Grande do Norte
2021,3,RN,RGF-Anexo 01,DespesaComPessoalLiquida,DESPESA LÍQUIDA COM PESSOAL (III) = (I - II),<MR-10>,462546764.35,3534165,Rio Grande do Norte
2021,3,RN,RGF-Anexo 01,DespesaComPessoalLiquida,DESPESA LÍQUIDA COM PESSOAL (III) = (I - II),<MR-9>,531323237.49,3534165,Rio Grande do Norte
2021,3,RN,RGF-Anexo 01,DespesaComPessoalLiquida,DESPESA LÍQUIDA COM PESSOAL (III) = (I - II),<MR-8>,525999471.41,3534165,Rio Grande do Norte
2021,3,RN,RGF-Anexo 01,DespesaComPessoalLiquida,DESPESA LÍQUIDA COM PESSOAL (III) = (I - II),<MR-7>,483991826.01,3534165,Rio Grande do Norte
2021,3,RN,RGF-Anexo 01,DespesaComPessoalLiquida,DESPESA LÍQUIDA COM PESSOAL (III) = (I - II),<MR-6>,572814013.11,3534165,Rio Grande do Norte
2021,3,RN,RGF-Anexo 01,DespesaComPessoalLiquida,DESPESA LÍQUIDA COM PESSOAL (III) = (I - II),<MR-5>,533888274.76,3534165,Rio Grande do Norte
2021,3,RN,RGF-Anexo 01,DespesaComPessoalLiquida,DESPESA LÍQUIDA COM PESSOAL (III) = (I - II),<MR-4>,572910805.67,3534165,Rio Grande do Norte
2021,3,RN,RGF-Anexo 01,DespesaComPessoalLiquida,DESPESA LÍQUIDA COM PESSOAL (III) = (I - II),<MR-3>,425842829.51,3534165,Rio Grande do Norte
2021,3,RN,RGF-Anexo 01,DespesaComPessoalLiquida,DESPESA LÍQUIDA COM PESSOAL (III) = (I - II),<MR-2>,489573197.23,3534165,Rio Grande do Norte
2021,3,RN,RGF-Anexo 01,DespesaComPessoalLiquida,DESPESA LÍQUIDA COM PESSOAL (III) = (I - II),<MR-1>,589271081.34,3534165,Rio Grande do Norte
2021,3,RN,RGF-Anexo 01,DespesaComPessoalLiquida,DESPESA LÍQUIDA COM PESSOAL (III) = (I - II),<MR>,968830913.02,3534165,Rio Grande do Norte
2021,3,RN,RGF-Anexo 01,DespesaComPessoalLiquida,DESPESA LÍQUIDA COM PESSOAL (III) = (I - II),TOTAL (ÚLTIMOS 12 MESES) (a),6615087303.87,3534165,Rio Grande do Norte
2021,3,RN,RGF-Anexo 01,DespesaComPessoalLiquida,DESPESA LÍQUIDA COM PESSOAL (III) = (I - II),INSCRITAS EM RESTOS A PAGAR NÃO PROCESSADOS (b),41954200.77,3534165,Rio Grande do Norte
2021,3,RN,RGF-Anexo 01,ReceitaCorrenteLiquidaLimiteLegal,RECEITA CORRENTE LIQUIDA - RCL (IV),Valor,12245466333.85,3534165,Rio Grande do Norte
2021,3,RN,RGF-Anexo 01,DespesaComPessoalTotal,DESPESA TOTAL COM PESSOAL - DTP (VIII) = (IIIa + IIIb),Valor,6657041504.64,3534165,Rio Grande do Norte
2021,3,RN,RGF-Anexo 01,DespesaComPessoalTotal,DESPESA TOTAL COM PESSOAL - DTP (VIII) = (IIIa + IIIb),% sobre a RCL Ajustada,54.57,3534165,Rio Grande do Norte
2021,3,RN,RGF-Anexo 02,DividaConsolidada,DÍVIDA CONSOLIDADA - DC (I),SALDO DO EXERCÍCIO ANTERIOR,4012962182.56,3534165,Rio Grande do Norte
2021,3,RN,RGF-Anexo 02,DividaConsolidada,DÍVIDA CONSOLIDADA - DC (I),Até o 1º Quadrimestre,4112434614.2,3534165,Rio Grande do Norte
2021,3,RN,RGF-Anexo 02,DividaConsolidada,DÍVIDA CONSOLIDADA - DC (I),Até o 2º Quadrimestre,4140849865.27,3534165,Rio Grande do Norte
2021,3,RN,RGF-Anexo 02,DividaConsolidada,DÍVIDA CONSOLIDADA - DC (I),Até o 3º Quadrimestre,4831887107.06,3534165,Rio Grande do Norte
2021,3,RN,RGF-Anexo 02,DividaContratual,Dívida Contratual,SALDO DO EXERCÍCIO ANTERIOR,2762310283.26,3534165,Rio Grande do Norte
2021,3,RN,RGF-Anexo 02,DividaContratual,Dívida Contratual,Até o 1º Quadrimestre,2861673289.71,3534165,Rio Grande do Norte
2021,3,RN,RGF-Anexo 02,DividaContratual,Dívida Contratual,Até o 2º Quadrimestre,2885587423.73,3534165,Rio Grande do Norte
2021,3,RN,RGF-Anexo 02,DividaContratual,Dívida Contratual,Até o 3º Quadrimestre,3000696179.29,3534165,Rio Grande do Norte
2021,3,RN,RGF-Anexo 02,DividaConsolidadaLiquida,DÍVIDA CONSOLIDADA LÍQUIDA (DCL) (III) = (I - II),SALDO DO EXERCÍCIO ANTERIOR,3996480721.14,3534165,Rio Grande do Norte
2021,3,RN,RGF-Anexo 02,DividaConsolidadaLiquida,DÍVIDA CONSOLIDADA LÍQUIDA (DCL) (III) = (I - II),Até o 1º Quadrimestre,3393966246.42,3534165,Rio Grande do Norte
2021,3,RN,RGF-Anexo 02,DividaConsolidadaLiquida,DÍVIDA CONSOLIDADA LÍQUIDA (DCL) (III) = (I - II),Até o 2º Quadrimestre,3101630366.17,3534165,Rio Grande do Norte
2021,3,RN,RGF-Anexo 02,DividaConsolidadaLiquida,DÍVIDA CONSOLIDADA LÍQUIDA (DCL) (III) = (I - II),Até o 3º Quadrimestre,4225103797.82,3534165,Rio Grande do Norte
2022,1,RN,RGF-Anexo 01,DespesaComPessoalBruta,DESPESA BRUTA COM PESSOAL (I),<MR-11>,777712842.4,3560903,Rio Grande do Norte
2022,1,RN,RGF-Anexo 01,DespesaComPessoalBruta,DESPESA BRUTA COM PESSOAL (I),<MR-10>,783608597.28,3560903,Rio Grande do Norte
2022,1,RN,RGF-Anexo 01,DespesaComPessoalBruta,DESPESA BRUTA COM PESSOAL (I),<MR-9>,777553845.58,3560903,Rio Grande do Norte
2022,1,RN,RGF-Anexo 01,DespesaComPessoalBruta,DESPESA BRUTA COM PESSOAL (I),<MR-8>,845159134.29,3560903,Rio Grande do Norte
2022,1,RN,RGF-Anexo 01,DespesaComPessoalBruta,DESPESA BRUTA COM PESSOAL (I),<MR-7>,750140437.06,3560903,Rio Grande do Norte
2022,1,RN,RGF-Anexo 01,DespesaComPessoalBruta,DESPESA BRUTA COM PESSOAL (I),<MR-6>,762631925.93,3560903,Rio Grande do Norte
2022,1,RN,RGF-Anexo 01,DespesaComPessoalBruta,DESPESA BRUTA COM PESSOAL (I),<MR-5>,932467390.8,3560903,Rio Grande do Norte
2022,1,RN,RGF-Anexo 01,DespesaComPessoalBruta,DESPESA BRUTA COM PESSOAL (I),<MR-4>,1366568924.6,3560903,Rio Grande do Norte
2022,1,RN,RGF-Anexo 01,DespesaComPessoalBruta,DESPESA BRUTA COM PESSOAL (I),<MR-3>,681560216.04,3560903,Rio Grande do Norte
2022,1,RN,RGF-Anexo 01,DespesaComPessoalBruta,DESPESA BRUTA COM PESSOAL (I),<MR-2>,721841764.18,3560903,Rio Grande do Norte
2022,1,RN,RGF-Anexo 01,DespesaComPessoalBruta,DESPESA BRUTA COM PESSOAL (I),<MR-1>,809552323.87,3560903,Rio Grande do Norte
2022,1,RN,RGF-Anexo 01,DespesaComPessoalBruta,DESPESA BRUTA COM PESSOAL (I),<MR>,874693084.02,3560903,Rio Grande do Norte
2022,1,RN,RGF-Anexo 01,DespesaComPessoalBruta,DESPESA BRUTA COM PESSOAL (I),TOTAL (ÚLTIMOS 12 MESES) (a),10083490486.05,3560903,Rio Grande do Norte
2022,1,RN,RGF-Anexo 01,DespesaComPessoalBruta,DESPESA BRUTA COM PESSOAL (I),INSCRITAS EM RESTOS A PAGAR NÃO PROCESSADOS (b),44428409.19,3560903,Rio Grande do Norte
2022,1,RN,RGF-Anexo 01,DespesaComPessoalAtivoBruta,Pessoal Ativo,<MR-11>,447026979.75,3560903,Rio Grande do Norte
2022,1,RN,RGF-Anexo 01,DespesaComPessoalAtivoBruta,Pessoal Ativo,<MR-10>,472148573.91,3560903,Rio Grande do Norte
2022,1,RN,RGF-Anexo 01,DespesaComPessoalAtivoBruta,Pessoal Ativo,<MR-9>,449283385.08,3560903,Rio Grande do Norte
2022,1,RN,RGF-Anexo 01,DespesaComPessoalAtivoBruta,Pessoal Ativo,<MR-8>,511330728.26,3560903,Rio Grande do Norte
2022,1,RN,RGF-Anexo 01,DespesaComPessoalAtivoBruta,Pessoal Ativo,<MR-7>,408838352.76,3560903,Rio Grande do Norte
2022,1,RN,RGF-Anexo 01,DespesaComPessoalAtivoBruta,Pessoal Ativo,<MR-6>,450373017.53,3560903,Rio Grande do Norte
2022,1,RN,RGF-Anexo 01,DespesaComPessoalAtivoBruta,Pessoal Ativo,<MR-5>,520760310.87,3560903,Rio Grande do Norte
2022,1,RN,RGF-Anexo 01,DespesaComPessoalAtivoBruta,Pessoal Ativo,<MR-4>,813537051.79,3560903,Rio Grande do Norte
2022,1,RN,RGF-Anexo 01,DespesaComPessoalAtivoBruta,Pessoal Ativo,<MR-3>,401657248.79,3560903,Rio Grande do Norte
2022,1,RN,RGF-Anexo 01,DespesaComPessoalAtivoBruta,Pessoal Ativo,<MR-2>,411780665.19,3560903,Rio Grande do Norte
2022,1,RN,RGF-Anexo 01,DespesaComPessoalAtivoBruta,Pessoal Ativo,<MR-1>,485184662.87,3560903,Rio Grande do Norte
2022,1,RN,RGF-Anexo 01,DespesaComPessoalAtivoBruta,Pessoal Ativo,<MR>,515839856.8,3560903,Rio Grande do Norte
2022,1,RN,RGF-Anexo 01,DespesaComPessoalAtivoBruta,Pessoal Ativo,TOTAL (ÚLTIMOS 12 MESES) (a),5887760833.6,3560903,Rio Grande do Norte
2022,1,RN,RGF-Anexo 01,DespesaComPessoalAtivoBruta,Pessoal Ativo,INSCRITAS EM RESTOS A PAGAR NÃO PROCESSADOS (b),15245035.18,3560903,Rio Grande do Norte
2022,1,RN,RGF-Anexo 01,DespesaComPessoalInativoEPensionistasBruta,Pessoal Inativo e Pensionistas,<MR-11>,314914277.35,3560903,Rio Grande do Norte
2022,1,RN,RGF-Anexo 01,DespesaComPessoalInativoEPensionistasBruta,Pessoal Inativo e Pensionistas,<MR-10>,302089051.51,3560903,Rio Grande do Norte
2022,1,RN,RGF-Anexo 01,DespesaComPessoalInativoEPensionistasBruta,Pessoal Inativo e Pensionistas,<MR-9>,312778842.11,3560903,Rio Grande do Norte
2022,1,RN,RGF-Anexo 01,DespesaComPessoalInativoEPensionistasBruta,Pessoal Inativo e Pensionistas,<MR-8>,321539721.94,3560903,Rio Grande do Norte
2022,1,RN,RGF-Anexo 01,DespesaComPessoalInativoEPensionistasBruta,Pessoal Inativo e Pensionistas,<MR-7>,332301952.66,3560903,Rio Grande do Norte
2022,1,RN,RGF-Anexo 01,DespesaComPessoalInativoEPensionistasBruta,Pessoal Inativo e Pensionistas,<MR-6>,300343924.84,3560903,Rio Grande do Norte
2022,1,RN,RGF-Anexo 01,DespesaComPessoalInativoEPensionistasBruta,Pessoal Inativo e Pensionistas,<MR-5>,400549127.28,3560903,Rio Grande do Norte
2022,1,RN,RGF-Anexo 01,DespesaComPessoalInativoEPensionistasBruta,Pessoal Inativo e Pensionistas,<MR-4>,534421849.44,3560903,Rio Grande do Norte
2022,1,RN,RGF-Anexo 01,DespesaComPessoalInativoEPensionistasBruta,Pessoal Inativo e Pensionistas,<MR-3>,279902967.25,3560903,Rio Grande do Norte
2022,1,RN,RGF-Anexo 01,DespesaComPessoalInativoEPensionistasBruta,Pessoal Inativo e Pensionistas,<MR-2>,308674841.73,3560903,Rio Grande do Norte
2022,1,RN,RGF-Anexo 01,DespesaComPessoalInativoEPensionistasBruta,Pessoal Inativo e Pensionistas,<MR-1>,319842974.89,3560903,Rio Grande do Norte
2022,1,RN,RGF-Anexo 01,DespesaComPessoalInativoEPensionistasBruta,Pessoal Inativo e Pensionistas,<MR>,348524726.14,3560903,Rio Grande do Norte
2022,1,RN,RGF-Anexo 01,DespesaComPessoalInativoEPensionistasBruta,Pessoal Inativo e Pensionistas,TOTAL (ÚLTIMOS 12 MESES) (a),4075884257.14,3560903,Rio Grande do Norte
2022,1,RN,RGF-Anexo 01,DespesaComPessoalInativoEPensionistasBruta,Pessoal Inativo e Pensionistas,INSCRITAS EM RESTOS A PAGAR NÃO PROCESSADOS (b),441840.64,3560903,Rio Grande do Norte
2022,1,RN,RGF-Anexo 01,DespesaComPessoalLiquida,DESPESA LÍQUIDA COM PESSOAL (III) = (I - II),<MR-11>,483991826.01,3560903,Rio Grande do Norte
2022,1,RN,RGF-Anexo 01,DespesaComPessoalLiquida,DESPESA LÍQUIDA COM PESSOAL (III) = (I - II),<MR-10>,572814013.11,3560903,Rio Grande do Norte
2022,1,RN,RGF-Anexo 01,DespesaComPessoalLiquida,DESPESA LÍQUIDA COM PESSOAL (III) = (I - II),<MR-9>,533888274.76,3560903,Rio Grande do Norte
2022,1,RN,RGF-Anexo 01,DespesaComPessoalLiquida,DESPESA LÍQUIDA COM PESSOAL (III) = (I - II),<MR-8>,572910805.67,3560903,Rio Grande do Norte
2022,1,RN,RGF-Anexo 01,DespesaComPessoalLiquida,DESPESA LÍQUIDA COM PESSOAL (III) = (I - II),<MR-7>,425842829.51,3560903,Rio Grande do Norte
2022,1,RN,RGF-Anexo 01,DespesaComPessoalLiquida,DESPESA LÍQUIDA COM PESSOAL (III) = (I - II),<MR-6>,489573197.23,3560903,Rio Grande do Norte
2022,1,RN,RGF-Anexo 01,DespesaComPessoalLiquida,DESPESA LÍQUIDA COM PESSOAL (III) = (I - II),<MR-5>,589271081.34,3560903,Rio Grande do Norte
2022,1,RN,RGF-Anexo 01,DespesaComPessoalLiquida,DESPESA LÍQUIDA COM PESSOAL (III) = (I - II),<MR-4>,968830913.02,3560903,Rio Grande do Norte
2022,1,RN,RGF-Anexo 01,DespesaComPessoalLiquida,DESPESA LÍQUIDA COM PESSOAL (III) = (I - II),<MR-3>,471826018.65,3560903,Rio Grande do Norte
2022,1,RN,RGF-Anexo 01,DespesaComPessoalLiquida,DESPESA LÍQUIDA COM PESSOAL (III) = (I - II),<MR-2>,488899208.05,3560903,Rio Grande do Norte
2022,1,RN,RGF-Anexo 01,DespesaComPessoalLiquida,DESPESA LÍQUIDA COM PESSOAL (III) = (I - II),<MR-1>,510913170.9,3560903,Rio Grande do Norte
2022,1,RN,RGF-Anexo 01,DespesaComPessoalLiquida,DESPESA LÍQUIDA COM PESSOAL (III) = (I - II),<MR>,573530127.38,3560903,Rio Grande do Norte
2022,1,RN,RGF-Anexo 01,DespesaComPessoalLiquida,DESPESA LÍQUIDA COM PESSOAL (III) = (I - II),TOTAL (ÚLTIMOS 12 MESES) (a),6682291465.63,3560903,Rio Grande do Norte
2022,1,RN,RGF-Anexo 01,DespesaComPessoalLiquida,DESPESA LÍQUIDA COM PESSOAL (III) = (I - II),INSCRITAS EM RESTOS A PAGAR NÃO PROCESSADOS (b),41954200.77,3560903,Rio Grande do Norte
2022,1,RN,RGF-Anexo 01,ReceitaCorrenteLiquidaLimiteLegal,RECEITA CORRENTE LIQUIDA - RCL (IV),Valor,12942720761.76,3560903,Rio Grande do Norte
2022,1,RN,RGF-Anexo 01,DespesaComPessoalTotal,DESPESA TOTAL COM PESSOAL - DTP (VIII) = (IIIa + IIIb),Valor,6724245666.4,3560903,Rio Grande do Norte
2022,1,RN,RGF-Anexo 01,DespesaComPessoalTotal,DESPESA TOTAL COM PESSOAL - DTP (VIII) = (IIIa + IIIb),% sobre a RCL Ajustada,52.14,3560903,Rio Grande do Norte
2022,1,RN,RGF-Anexo 02,DividaConsolidada,DÍVIDA CONSOLIDADA - DC (I),SALDO DO EXERCÍCIO ANTERIOR,4831887107.06,3560903,Rio Grande do Norte
2022,1,RN,RGF-Anexo 02,DividaConsolidada,DÍVIDA CONSOLIDADA - DC (I),Até o 1º Quadrimestre,4865885335.44,3560903,Rio Grande do Norte
2022,1,RN,RGF-Anexo 02,DividaContratual,Dívida Contratual,SALDO DO EXERCÍCIO ANTERIOR,3000696179.29,3560903,Rio Grande do Norte
2022,1,RN,RGF-Anexo 02,DividaContratual,Dívida Contratual,Até o 1º Quadrimestre,3036296602.65,3560903,Rio Grande do Norte
2022,1,RN,RGF-Anexo 02,DividaConsolidadaLiquida,DÍVIDA CONSOLIDADA LÍQUIDA (DCL) (III) = (I - II),SALDO DO EXERCÍCIO ANTERIOR,4225103797.82,3560903,Rio Grande do Norte
2022,1,RN,RGF-Anexo 02,DividaConsolidadaLiquida,DÍVIDA CONSOLIDADA LÍQUIDA (DCL) (III) = (I - II),Até o 1º Quadrimestre,3493688316.82,3560903,Rio Grande do Norte
2022,2,RN,RGF-Anexo 01,DespesaComPessoalBruta,DESPESA BRUTA COM PESSOAL (I),<MR-11>,750140437.06,3560903,Rio Grande do Norte
2022,2,RN,RGF-Anexo 01,DespesaComPessoalBruta,DESPESA BRUTA COM PESSOAL (I),<MR-10>,762631925.93,3560903,Rio Grande do Norte
2022,2,RN,RGF-Anexo 01,DespesaComPessoalBruta,DESPESA BRUTA COM PESSOAL (I),<MR-9>,932467390.8,3560903,Rio Grande do Norte
2022,2,RN,RGF-Anexo 01,DespesaComPessoalBruta,DESPESA BRUTA COM PESSOAL (I),<MR-8>,1366568924.6,3560903,Rio Grande do Norte
2022,2,RN,RGF-Anexo 01,DespesaComPessoalBruta,DESPESA BRUTA COM PESSOAL (I),<MR-7>,681560216.04,3560903,Rio Grande do Norte
2022,2,RN,RGF-Anexo 01,DespesaComPessoalBruta,DESPESA BRUTA COM PESSOAL (I),<MR-6>,721841764.18,3560903,Rio Grande do Norte
2022,2,RN,RGF-Anexo 01,DespesaComPessoalBruta,DESPESA BRUTA COM PESSOAL (I),<MR-5>,809552323.87,3560903,Rio Grande do Norte
2022,2,RN,RGF-Anexo 01,DespesaComPessoalBruta,DESPESA BRUTA COM PESSOAL (I),<MR-4>,874693084.02,3560903,Rio Grande do Norte
2022,2,RN,RGF-Anexo 01,DespesaComPessoalBruta,DESPESA BRUTA COM PESSOAL (I),<MR-3>,908379824.52,3560903,Rio Grande do Norte
2022,2,RN,RGF-Anexo 01,DespesaComPessoalBruta,DESPESA BRUTA COM PESSOAL (I),<MR-2>,876727215.88,3560903,Rio Grande do Norte
2022,2,RN,RGF-Anexo 01,DespesaComPessoalBruta,DESPESA BRUTA COM PESSOAL (I),<MR-1>,875158291.82,3560903,Rio Grande do Norte
2022,2,RN,RGF-Anexo 01,DespesaComPessoalBruta,DESPESA BRUTA COM PESSOAL (I),<MR>,835920536.56,3560903,Rio Grande do Norte
2022,2,RN,RGF-Anexo 01,DespesaComPessoalBruta,DESPESA BRUTA COM PESSOAL (I),TOTAL (ÚLTIMOS 12 MESES) (a),10395641935.28,3560903,Rio Grande do Norte
2022,2,RN,RGF-Anexo 01,DespesaComPessoalBruta,DESPESA BRUTA COM PESSOAL (I),INSCRITAS EM RESTOS A PAGAR NÃO PROCESSADOS (b),44428409.19,3560903,Rio Grande do Norte
2022,2,RN,RGF-Anexo 01,DespesaComPessoalAtivoBruta,Pessoal Ativo,<MR-11>,408838352.76,3560903,Rio Grande do Norte
2022,2,RN,RGF-Anexo 01,DespesaComPessoalAtivoBruta,Pessoal Ativo,<MR-10>,450373017.53,3560903,Rio Grande do Norte
2022,2,RN,RGF-Anexo 01,DespesaComPessoalAtivoBruta,Pessoal Ativo,<MR-9>,520760310.87,3560903,Rio Grande do Norte
2022,2,RN,RGF-Anexo 01,DespesaComPessoalAtivoBruta,Pessoal Ativo,<MR-8>,813537051.79,3560903,Rio Grande do Norte
2022,2,RN,RGF-Anexo 01,DespesaComPessoalAtivoBruta,Pessoal Ativo,<MR-7>,401657248.79,3560903,Rio Grande do Norte
2022,2,RN,RGF-Anexo 01,DespesaComPessoalAtivoBruta,Pessoal Ativo,<MR-6>,411780665.19,3560903,Rio Grande do Norte
2022,2,RN,RGF-Anexo 01,DespesaComPessoalAtivoBruta,Pessoal Ativo,<MR-5>,485184662.87,3560903,Rio Grande do Norte
2022,2,RN,RGF-Anexo 01,DespesaComPessoalAtivoBruta,Pessoal Ativo,<MR-4>,515839856.8,3560903,Rio Grande do Norte
2022,2,RN,RGF-Anexo 01,DespesaComPessoalAtivoBruta,Pessoal Ativo,<MR-3>,518803421.79,3560903,Rio Grande do Norte
2022,2,RN,RGF-Anexo 01,DespesaComPessoalAtivoBruta,Pessoal Ativo,<MR-2>,529943520.07,3560903,Rio Grande do Norte
2022,2,RN,RGF-Anexo 01,DespesaComPessoalAtivoBruta,Pessoal Ativo,<MR-1>,544034374.0,3560903,Rio Grande do Norte
2022,2,RN,RGF-Anexo 01,DespesaComPessoalAtivoBruta,Pessoal Ativo,<MR>,483486348.7,3560903,Rio Grande do Norte
2022,2,RN,RGF-Anexo 01,DespesaComPessoalAtivoBruta,Pessoal Ativo,TOTAL (ÚLTIMOS 12 MESES) (a),6084238831.16,3560903,Rio Grande do Norte
2022,2,RN,RGF-Anexo 01,DespesaComPessoalAtivoBruta,Pessoal Ativo,INSCRITAS EM RESTOS A PAGAR NÃO PROCESSADOS (b),15245035.18,3560903,Rio Grande do Norte
2022,2,RN,RGF-Anexo 01,DespesaComPessoalInativoEPensionistasBruta,Pessoal Inativo e Pensionistas,<MR-11>,332301952.66,3560903,Rio Grande do Norte
2022,2,RN,RGF-Anexo 01,DespesaComPessoalInativoEPensionistasBruta,Pessoal Inativo e Pensionistas,<MR-10>,300343924.84,3560903,Rio Grande do Norte
2022,2,RN,RGF-Anexo 01,DespesaComPessoalInativoEPensionistasBruta,Pessoal Inativo e Pensionistas,<MR-9>,400549127.28,3560903,Rio Grande do Norte
2022,2,RN,RGF-Anexo 01,DespesaComPessoalInativoEPensionistasBruta,Pessoal Inativo e Pensionistas,<MR-8>,534421849.44,3560903,Rio Grande do Norte
2022,2,RN,RGF-Anexo 01,DespesaComPessoalInativoEPensionistasBruta,Pessoal Inativo e Pensionistas,<MR-7>,279902967.25,3560903,Rio Grande do Norte
2022,2,RN,RGF-Anexo 01,DespesaComPessoalInativoEPensionistasBruta,Pessoal Inativo e Pensionistas,<MR-6>,308674841.73,3560903,Rio Grande do Norte
2022,2,RN,RGF-Anexo 01,DespesaComPessoalInativoEPensionistasBruta,Pessoal Inativo e Pensionistas,<MR-5>,319842974.89,3560903,Rio Grande do Norte
2022,2,RN,RGF-Anexo 01,DespesaComPessoalInativoEPensionistasBruta,Pessoal Inativo e Pensionistas,<MR-4>,348524726.14,3560903,Rio Grande do Norte
2022,2,RN,RGF-Anexo 01,DespesaComPessoalInativoEPensionistasBruta,Pessoal Inativo e Pensionistas,<MR-3>,368226783.24,3560903,Rio Grande do Norte
2022,2,RN,RGF-Anexo 01,DespesaComPessoalInativoEPensionistasBruta,Pessoal Inativo e Pensionistas,<MR-2>,331135869.88,3560903,Rio Grande do Norte
2022,2,RN,RGF-Anexo 01,DespesaComPessoalInativoEPensionistasBruta,Pessoal Inativo e Pensionistas,<MR-1>,315777522.03,3560903,Rio Grande do Norte
2022,2,RN,RGF-Anexo 01,DespesaComPessoalInativoEPensionistasBruta,Pessoal Inativo e Pensionistas,<MR>,337303840.3,3560903,Rio Grande do Norte
2022,2,RN,RGF-Anexo 01,DespesaComPessoalInativoEPensionistasBruta,Pessoal Inativo e Pensionistas,TOTAL (ÚLTIMOS 12 MESES) (a),4177006379.68,3560903,Rio Grande do Norte
2022,2,RN,RGF-Anexo 01,DespesaComPessoalInativoEPensionistasBruta,Pessoal Inativo e Pensionistas,INSCRITAS EM RESTOS A PAGAR NÃO PROCESSADOS (b),441840.64,3560903,Rio Grande do Norte
2022,2,RN,RGF-Anexo 01,DespesaComPessoalLiquida,DESPESA LÍQUIDA COM PESSOAL (III) = (I - II),<MR-11>,425842829.51,3560903,Rio Grande do Norte
2022,2,RN,RGF-Anexo 01,DespesaComPessoalLiquida,DESPESA LÍQUIDA COM PESSOAL (III) = (I - II),<MR-10>,489573197.23,3560903,Rio Grande do Norte
2022,2,RN,RGF-Anexo 01,DespesaComPessoalLiquida,DESPESA LÍQUIDA COM PESSOAL (III) = (I - II),<MR-9>,589271081.34,3560903,Rio Grande do Norte
2022,2,RN,RGF-Anexo 01,DespesaComPessoalLiquida,DESPESA LÍQUIDA COM PESSOAL (III) = (I - II),<MR-8>,968830913.02,3560903,Rio Grande do Norte
2022,2,RN,RGF-Anexo 01,DespesaComPessoalLiquida,DESPESA LÍQUIDA COM PESSOAL (III) = (I - II),<MR-7>,471826018.65,3560903,Rio Grande do Norte
2022,2,RN,RGF-Anexo 01,DespesaComPessoalLiquida,DESPESA LÍQUIDA COM PESSOAL (III) = (I - II),<MR-6>,488899208.05,3560903,Rio Grande do Norte
2022,2,RN,RGF-Anexo 01,DespesaComPessoalLiquida,DESPESA LÍQUIDA COM PESSOAL (III) = (I - II),<MR-5>,510913170.9,3560903,Rio Grande do Norte
2022,2,RN,RGF-Anexo 01,DespesaComPessoalLiquida,DESPESA LÍQUIDA COM PESSOAL (III) = (I - II),<MR-4>,573530127.38,3560903,Rio Grande do Norte
2022,2,RN,RGF-Anexo 01,DespesaComPessoalLiquida,DESPESA LÍQUIDA COM PESSOAL (III) = (I - II),<MR-3>,594754790.47,3560903,Rio Grande do Norte
2022,2,RN,RGF-Anexo 01,DespesaComPessoalLiquida,DESPESA LÍQUIDA COM PESSOAL (III) = (I - II),<MR-2>,625265371.58,3560903,Rio Grande do Norte
2022,2,RN,RGF-Anexo 01,DespesaComPessoalLiquida,DESPESA LÍQUIDA COM PESSOAL (III) = (I - II),<MR-1>,707956509.18,3560903,Rio Grande do Norte
2022,2,RN,RGF-Anexo 01,DespesaComPessoalLiquida,DESPESA LÍQUIDA COM PESSOAL (III) = (I - II),<MR>,603337805.04,3560903,Rio Grande do Norte
2022,2,RN,RGF-Anexo 01,DespesaComPessoalLiquida,DESPESA LÍQUIDA COM PESSOAL (III) = (I - II),TOTAL (ÚLTIMOS 12 MESES) (a),7050001022.35,3560903,Rio Grande do Norte
2022,2,RN,RGF-Anexo 01,DespesaComPessoalLiquida,DESPESA LÍQUIDA COM PESSOAL (III) = (I - II),INSCRITAS EM RESTOS A PAGAR NÃO PROCESSADOS (b),41954200.77,3560903,Rio Grande do Norte
2022,2,RN,RGF-Anexo 01,ReceitaCorrenteLiquidaLimiteLegal,RECEITA CORRENTE LIQUIDA - RCL (IV),Valor,14035149493.07,3560903,Rio Grande do Norte
2022,2,RN,RGF-Anexo 01,DespesaComPessoalTotal,DESPESA TOTAL COM PESSOAL - DTP (VIII) = (IIIa + IIIb),Valor,7091955223.12,3560903,Rio Grande do Norte
2022,2,RN,RGF-Anexo 01,DespesaComPessoalTotal,DESPESA TOTAL COM PESSOAL - DTP (VIII) = (IIIa + IIIb),% sobre a RCL Ajustada,50.71,3560903,Rio Grande do Norte
2022,2,RN,RGF-Anexo 02,DividaConsolidada,DÍVIDA CONSOLIDADA - DC (I),SALDO DO EXERCÍCIO ANTERIOR,4831887107.06,3560903,Rio Grande do Norte
2022,2,RN,RGF-Anexo 02,DividaConsolidada,DÍVIDA CONSOLIDADA - DC (I),Até o 1º Quadrimestre,4865885335.44,3560903,Rio Grande do Norte
2022,2,RN,RGF-Anexo 02,DividaConsolidada,DÍVIDA CONSOLIDADA - DC (I),Até o 2º Quadrimestre,4963025602.32,3560903,Rio Grande do Norte
2022,2,RN,RGF-Anexo 02,DividaContratual,Dívida Contratual,SALDO DO EXERCÍCIO ANTERIOR,3000696179.29,3560903,Rio Grande do Norte
2022,2,RN,RGF-Anexo 02,DividaContratual,Dívida Contratual,Até o 1º Quadrimestre,3036296602.65,3560903,Rio Grande do Norte
2022,2,RN,RGF-Anexo 02,DividaContratual,Dívida Contratual,Até o 2º Quadrimestre,3136056669.18,3560903,Rio Grande do Norte
2022,2,RN,RGF-Anexo 02,DividaConsolidadaLiquida,DÍVIDA CONSOLIDADA LÍQUIDA (DCL) (III) = (I - II),SALDO DO EXERCÍCIO ANTERIOR,4225103797.82,3560903,Rio Grande do Norte
2022,2,RN,RGF-Anexo 02,DividaConsolidadaLiquida,DÍVIDA CONSOLIDADA LÍQUIDA (DCL) (III) = (I - II),Até o 1º Quadrimestre,3493688316.82,3560903,Rio Grande do Norte
2022,2,RN,RGF-Anexo 02,DividaConsolidadaLiquida,DÍVIDA CONSOLIDADA LÍQUIDA (DCL) (III) = (I - II),Até o 2º Quadrimestre,3404401692.92,3560903,Rio Grande do Norte
2022,3,RN,RGF-Anexo 01,DespesaComPessoalBruta,DESPESA BRUTA COM PESSOAL (I),<MR-11>,681560216.04,3560903,Rio Grande do Norte
2022,3,RN,RGF-Anexo 01,DespesaComPessoalBruta,DESPESA BRUTA COM PESSOAL (I),<MR-10>,721841764.18,3560903,Rio Grande do Norte
2022,3,RN,RGF-Anexo 01,DespesaComPessoalBruta,DESPESA BRUTA COM PESSOAL (I),<MR-9>,809552323.87,3560903,Rio Grande do Norte
2022,3,RN,RGF-Anexo 01,DespesaComPessoalBruta,DESPESA BRUTA COM PESSOAL (I),<MR-8>,874693084.02,3560903,Rio Grande do Norte
2022,3,RN,RGF-Anexo 01,DespesaComPessoalBruta,DESPESA BRUTA COM PESSOAL (I),<MR-7>,908379824.52,3560903,Rio Grande do Norte
2022,3,RN,RGF-Anexo 01,DespesaComPessoalBruta,DESPESA BRUTA COM PESSOAL (I),<MR-6>,876727215.88,3560903,Rio Grande do Norte
2022,3,RN,RGF-Anexo 01,DespesaComPessoalBruta,DESPESA BRUTA COM PESSOAL (I),<MR-5>,875158291.82,3560903,Rio Grande do Norte
2022,3,RN,RGF-Anexo 01,DespesaComPessoalBruta,DESPESA BRUTA COM PESSOAL (I),<MR-4>,835920536.56,3560903,Rio Grande do Norte
2022,3,RN,RGF-Anexo 01,DespesaComPessoalBruta,DESPESA BRUTA COM PESSOAL (I),<MR-3>,1000242980.9,3560903,Rio Grande do Norte
2022,3,RN,RGF-Anexo 01,DespesaComPessoalBruta,DESPESA BRUTA COM PESSOAL (I),<MR-2>,904545032.46,3560903,Rio Grande do Norte
2022,3,RN,RGF-Anexo 01,DespesaComPessoalBruta,DESPESA BRUTA COM PESSOAL (I),<MR-1>,1071333098.21,3560903,Rio Grande do Norte
2022,3,RN,RGF-Anexo 01,DespesaComPessoalBruta,DESPESA BRUTA COM PESSOAL (I),<MR>,1750851035.88,3560903,Rio Grande do Norte
2022,3,RN,RGF-Anexo 01,DespesaComPessoalBruta,DESPESA BRUTA COM PESSOAL (I),TOTAL (ÚLTIMOS 12 MESES) (a),11310805404.34,3560903,Rio Grande do Norte
2022,3,RN,RGF-Anexo 01,DespesaComPessoalBruta,DESPESA BRUTA COM PESSOAL (I),INSCRITAS EM RESTOS A PAGAR NÃO PROCESSADOS (b),46272728.86,3560903,Rio Grande do Norte
2022,3,RN,RGF-Anexo 01,DespesaComPessoalAtivoBruta,Pessoal Ativo,<MR-11>,401657248.79,3560903,Rio Grande do Norte
2022,3,RN,RGF-Anexo 01,DespesaComPessoalAtivoBruta,Pessoal Ativo,<MR-10>,411780665.19,3560903,Rio Grande do Norte
2022,3,RN,RGF-Anexo 01,DespesaComPessoalAtivoBruta,Pessoal Ativo,<MR-9>,485184662.87,3560903,Rio Grande do Norte
2022,3,RN,RGF-Anexo 01,DespesaComPessoalAtivoBruta,Pessoal Ativo,<MR-8>,515839856.8,3560903,Rio Grande do Norte
2022,3,RN,RGF-Anexo 01,DespesaComPessoalAtivoBruta,Pessoal Ativo,<MR-7>,518803421.79,3560903,Rio Grande do Norte
2022,3,RN,RGF-Anexo 01,DespesaComPessoalAtivoBruta,Pessoal Ativo,<MR-6>,529943520.07,3560903,Rio Grande do Norte
2022,3,RN,RGF-Anexo 01,DespesaComPessoalAtivoBruta,Pessoal Ativo,<MR-5>,544034374.0,3560903,Rio Grande do Norte
2022,3,RN,RGF-Anexo 01,DespesaComPessoalAtivoBruta,Pessoal Ativo,<MR-4>,483486348.7,3560903,Rio Grande do Norte
2022,3,RN,RGF-Anexo 01,DespesaComPessoalAtivoBruta,Pessoal Ativo,<MR-3>,602356692.56,3560903,Rio Grande do Norte
2022,3,RN,RGF-Anexo 01,DespesaComPessoalAtivoBruta,Pessoal Ativo,<MR-2>,523038664.76,3560903,Rio Grande do Norte
2022,3,RN,RGF-Anexo 01,DespesaComPessoalAtivoBruta,Pessoal Ativo,<MR-1>,584879367.04,3560903,Rio Grande do Norte
2022,3,RN,RGF-Anexo 01,DespesaComPessoalAtivoBruta,Pessoal Ativo,<MR>,1118934188.04,3560903,Rio Grande do Norte
2022,3,RN,RGF-Anexo 01,DespesaComPessoalAtivoBruta,Pessoal Ativo,TOTAL (ÚLTIMOS 12 MESES) (a),6719939010.61,3560903,Rio Grande do Norte
2022,3,RN,RGF-Anexo 01,DespesaComPessoalAtivoBruta,Pessoal Ativo,INSCRITAS EM RESTOS A PAGAR NÃO PROCESSADOS (b),13773465.14,3560903,Rio Grande do Norte
2022,3,RN,RGF-Anexo 01,DespesaComPessoalInativoEPensionistasBruta,Pessoal Inativo e Pensionistas,<MR-11>,279902967.25,3560903,Rio Grande do Norte
2022,3,RN,RGF-Anexo 01,DespesaComPessoalInativoEPensionistasBruta,Pessoal Inativo e Pensionistas,<MR-10>,308674841.73,3560903,Rio Grande do Norte
2022,3,RN,RGF-Anexo 01,DespesaComPessoalInativoEPensionistasBruta,Pessoal Inativo e Pensionistas,<MR-9>,319842974.89,3560903,Rio Grande do Norte
2022,3,RN,RGF-Anexo 01,DespesaComPessoalInativoEPensionistasBruta,Pessoal Inativo e Pensionistas,<MR-8>,348524726.14,3560903,Rio Grande do Norte
2022,3,RN,RGF-Anexo 01,DespesaComPessoalInativoEPensionistasBruta,Pessoal Inativo e Pensionistas,<MR-7>,368226783.24,3560903,Rio Grande do Norte
2022,3,RN,RGF-Anexo 01,DespesaComPessoalInativoEPensionistasBruta,Pessoal Inativo e Pensionistas,<MR-6>,331135869.88,3560903,Rio Grande do Norte
2022,3,RN,RGF-Anexo 01,DespesaComPessoalInativoEPensionistasBruta,Pessoal Inativo e Pensionistas,<MR-5>,315777522.03,3560903,Rio Grande do Norte
2022,3,RN,RGF-Anexo 01,DespesaComPessoalInativoEPensionistasBruta,Pessoal Inativo e Pensionistas,<MR-4>,337303840.3,3560903,Rio Grande do Norte
2022,3,RN,RGF-Anexo 01,DespesaComPessoalInativoEPensionistasBruta,Pessoal Inativo e Pensionistas,<MR-3>,386317935.04,3560903,Rio Grande do Norte
2022,3,RN,RGF-Anexo 01,DespesaComPessoalInativoEPensionistasBruta,Pessoal Inativo e Pensionistas,<MR-2>,367688064.71,3560903,Rio Grande do Norte
2022,3,RN,RGF-Anexo 01,DespesaComPessoalInativoEPensionistasBruta,Pessoal Inativo e Pensionistas,<MR-1>,477010256.31,3560903,Rio Grande do Norte
2022,3,RN,RGF-Anexo 01,DespesaComPessoalInativoEPensionistasBruta,Pessoal Inativo e Pensionistas,<MR>,616484745.56,3560903,Rio Grande do Norte
2022,3,RN,RGF-Anexo 01,DespesaComPessoalInativoEPensionistasBruta,Pessoal Inativo e Pensionistas,TOTAL (ÚLTIMOS 12 MESES) (a),4456890527.08,3560903,Rio Grande do Norte
2022,3,RN,RGF-Anexo 01,DespesaComPessoalInativoEPensionistasBruta,Pessoal Inativo e Pensionistas,INSCRITAS EM RESTOS A PAGAR NÃO PROCESSADOS (b),3100310.65,3560903,Rio Grande do Norte
2022,3,RN,RGF-Anexo 01,DespesaComPessoalLiquida,DESPESA LÍQUIDA COM PESSOAL (III) = (I - II),<MR-11>,471826018.65,3560903,Rio Grande do Norte
2022,3,RN,RGF-Anexo 01,DespesaComPessoalLiquida,DESPESA LÍQUIDA COM PESSOAL (III) = (I - II),<MR-10>,488899208.05,3560903,Rio Grande do Norte
2022,3,RN,RGF-Anexo 01,DespesaComPessoalLiquida,DESPESA LÍQUIDA COM PESSOAL (III) = (I - II),<MR-9>,510913170.9,3560903,Rio Grande do Norte
2022,3,RN,RGF-Anexo 01,DespesaComPessoalLiquida,DESPESA LÍQUIDA COM PESSOAL (III) = (I - II),<MR-8>,573530127.38,3560903,Rio Grande do Norte
2022,3,RN,RGF-Anexo 01,DespesaComPessoalLiquida,DESPESA LÍQUIDA COM PESSOAL (III) = (I - II),<MR-7>,594754790.47,3560903,Rio Grande do Norte
2022,3,RN,RGF-Anexo 01,DespesaComPessoalLiquida,DESPESA LÍQUIDA COM PESSOAL (III) = (I - II),<MR-6>,625265371.58,3560903,Rio Grande do Norte
2022,3,RN,RGF-Anexo 01,DespesaComPessoalLiquida,DESPESA LÍQUIDA COM PESSOAL (III) = (I - II),<MR-5>,707956509.18,3560903,Rio Grande do Norte
2022,3,RN,RGF-Anexo 01,DespesaComPessoalLiquida,DESPESA LÍQUIDA COM PESSOAL (III) = (I - II),<MR-4>,603337805.04,3560903,Rio Grande do Norte
2022,3,RN,RGF-Anexo 01,DespesaComPessoalLiquida,DESPESA LÍQUIDA COM PESSOAL (III) = (I - II),<MR-3>,645298277.79,3560903,Rio Grande do Norte
2022,3,RN,RGF-Anexo 01,DespesaComPessoalLiquida,DESPESA LÍQUIDA COM PESSOAL (III) = (I - II),<MR-2>,615099434.95,3560903,Rio Grande do Norte
2022,3,RN,RGF-Anexo 01,DespesaComPessoalLiquida,DESPESA LÍQUIDA COM PESSOAL (III) = (I - II),<MR-1>,693032231.34,3560903,Rio Grande do Norte
2022,3,RN,RGF-Anexo 01,DespesaComPessoalLiquida,DESPESA LÍQUIDA COM PESSOAL (III) = (I - II),<MR>,1021765224.19,3560903,Rio Grande do Norte
2022,3,RN,RGF-Anexo 01,DespesaComPessoalLiquida,DESPESA LÍQUIDA COM PESSOAL (III) = (I - II),TOTAL (ÚLTIMOS 12 MESES) (a),7551678169.52,3560903,Rio Grande do Norte
2022,3,RN,RGF-Anexo 01,DespesaComPessoalLiquida,DESPESA LÍQUIDA COM PESSOAL (III) = (I - II),INSCRITAS EM RESTOS A PAGAR NÃO PROCESSADOS (b),42607819.24,3560903,Rio Grande do Norte
2022,3,RN,RGF-Anexo 01,ReceitaCorrenteLiquidaLimiteLegal,RECEITA CORRENTE LIQUIDA - RCL (IV),Valor,14259524062.3,3560903,Rio Grande do Norte
2022,3,RN,RGF-Anexo 01,DespesaComPessoalTotal,DESPESA TOTAL COM PESSOAL - DTP (VIII) = (IIIa + IIIb),Valor,7594285988.76,3560903,Rio Grande do Norte
2022,3,RN,RGF-Anexo 01,DespesaComPessoalTotal,DESPESA TOTAL COM PESSOAL - DTP (VIII) = (IIIa + IIIb),% sobre a RCL Ajustada,53.37,3560903,Rio Grande do Norte
2022,3,RN,RGF-Anexo 02,DividaConsolidada,DÍVIDA CONSOLIDADA - DC (I),SALDO DO EXERCÍCIO ANTERIOR,4831887107.06,3560903,Rio Grande do Norte
2022,3,RN,RGF-Anexo 02,DividaConsolidada,DÍVIDA CONSOLIDADA - DC (I),Até o 1º Quadrimestre,4865885335.44,3560903,Rio Grande do Norte
2022,3,RN,RGF-Anexo 02,DividaConsolidada,DÍVIDA CONSOLIDADA - DC (I),Até o 2º Quadrimestre,4963025602.32,3560903,Rio Grande do Norte
2022,3,RN,RGF-Anexo 02,DividaConsolidada,DÍVIDA CONSOLIDADA - DC (I),Até o 3º Quadrimestre,4892746221.31,3560903,Rio Grande do Norte
2022,3,RN,RGF-Anexo 02,DividaContratual,Dívida Contratual,SALDO DO EXERCÍCIO ANTERIOR,3000696179.29,3560903,Rio Grande do Norte
2022,3,RN,RGF-Anexo 02,DividaContratual,Dívida Contratual,Até o 1º Quadrimestre,3036296602.65,3560903,Rio Grande do Norte
2022,3,RN,RGF-Anexo 02,DividaContratual,Dívida Contratual,Até o 2º Quadrimestre,3136056669.18,3560903,Rio Grande do Norte
2022,3,RN,RGF-Anexo 02,DividaContratual,Dívida Contratual,Até o 3º Quadrimestre,3114559883.74,3560903,Rio Grande do Norte
2022,3,RN,RGF-Anexo 02,DividaConsolidadaLiquida,DÍVIDA CONSOLIDADA LÍQUIDA (DCL) (III) = (I - II),SALDO DO EXERCÍCIO ANTERIOR,4225103797.82,3560903,Rio Grande do Norte
2022,3,RN,RGF-Anexo 02,DividaConsolidadaLiquida,DÍVIDA CONSOLIDADA LÍQUIDA (DCL) (III) = (I - II),Até o 1º Quadrimestre,3493688316.82,3560903,Rio Grande do Norte
2022,3,RN,RGF-Anexo 02,DividaConsolidadaLiquida,DÍVIDA CONSOLIDADA LÍQUIDA (DCL) (III) = (I - II),Até o 2º Quadrimestre,3404401692.92,3560903,Rio Grande do Norte
2022,3,RN,RGF-Anexo 02,DividaConsolidadaLiquida,DÍVIDA CONSOLIDADA LÍQUIDA (DCL) (III) = (I - II),Até o 3º Quadrimestre,4289752898.32,3560903,Rio Grande do Norte
2023,1,RN,RGF-Anexo 01,DespesaComPessoalBruta,DESPESA BRUTA COM PESSOAL (I),<MR-11>,908379824.52,3560903,Rio Grande do Norte
2023,1,RN,RGF-Anexo 01,DespesaComPessoalBruta,DESPESA BRUTA COM PESSOAL (I),<MR-10>,876727215.88,3560903,Rio Grande do Norte
2023,1,RN,RGF-Anexo 01,DespesaComPessoalBruta,DESPESA BRUTA COM PESSOAL (I),<MR-9>,875158291.82,3560903,Rio Grande do Norte
2023,1,RN,RGF-Anexo 01,DespesaComPessoalBruta,DESPESA BRUTA COM PESSOAL (I),<MR-8>,835920536.56,3560903,Rio Grande do Norte
2023,1,RN,RGF-Anexo 01,DespesaComPessoalBruta,DESPESA BRUTA COM PESSOAL (I),<MR-7>,1000242980.9,3560903,Rio Grande do Norte
2023,1,RN,RGF-Anexo 01,DespesaComPessoalBruta,DESPESA BRUTA COM PESSOAL (I),<MR-6>,904545032.46,3560903,Rio Grande do Norte
2023,1,RN,RGF-Anexo 01,DespesaComPessoalBruta,DESPESA BRUTA COM PESSOAL (I),<MR-5>,1071333098.21,3560903,Rio Grande do Norte
2023,1,RN,RGF-Anexo 01,DespesaComPessoalBruta,DESPESA BRUTA COM PESSOAL (I),<MR-4>,1750851035.88,3560903,Rio Grande do Norte
2023,1,RN,RGF-Anexo 01,DespesaComPessoalBruta,DESPESA BRUTA COM PESSOAL (I),<MR-3>,838898185.0,3560903,Rio Grande do Norte
2023,1,RN,RGF-Anexo 01,DespesaComPessoalBruta,DESPESA BRUTA COM PESSOAL (I),<MR-2>,965291677.7,3560903,Rio Grande do Norte
2023,1,RN,RGF-Anexo 01,DespesaComPessoalBruta,DESPESA BRUTA COM PESSOAL (I),<MR-1>,979130684.6,3560903,Rio Grande do Norte
2023,1,RN,RGF-Anexo 01,DespesaComPessoalBruta,DESPESA BRUTA COM PESSOAL (I),<MR>,940666985.77,3560903,Rio Grande do Norte
2023,1,RN,RGF-Anexo 01,DespesaComPessoalBruta,DESPESA BRUTA COM PESSOAL (I),TOTAL (ÚLTIMOS 12 MESES) (a),11947145549.3,3560903,Rio Grande do Norte
2023,1,RN,RGF-Anexo 01,DespesaComPessoalBruta,DESPESA BRUTA COM PESSOAL (I),INSCRITAS EM RESTOS A PAGAR NÃO PROCESSADOS (b),46272728.86,3560903,Rio Grande do Norte
2023,1,RN,RGF-Anexo 01,DespesaComPessoalAtivoBruta,Pessoal Ativo,<MR-11>,518803421.79,3560903,Rio Grande do Norte
2023,1,RN,RGF-Anexo 01,DespesaComPessoalAtivoBruta,Pessoal Ativo,<MR-10>,529943520.07,3560903,Rio Grande do Norte
2023,1,RN,RGF-Anexo 01,DespesaComPessoalAtivoBruta,Pessoal Ativo,<MR-9>,544034374.0,3560903,Rio Grande do Norte
2023,1,RN,RGF-Anexo 01,DespesaComPessoalAtivoBruta,Pessoal Ativo,<MR-8>,483486348.7,3560903,Rio Grande do Norte
2023,1,RN,RGF-Anexo 01,DespesaComPessoalAtivoBruta,Pessoal Ativo,<MR-7>,602356692.56,3560903,Rio Grande do Norte
2023,1,RN,RGF-Anexo 01,DespesaComPessoalAtivoBruta,Pessoal Ativo,<MR-6>,523038664.76,3560903,Rio Grande do Norte
2023,1,RN,RGF-Anexo 01,DespesaComPessoalAtivoBruta,Pessoal Ativo,<MR-5>,584879367.04,3560903,Rio Grande do Norte
2023,1,RN,RGF-Anexo 01,DespesaComPessoalAtivoBruta,Pessoal Ativo,<MR-4>,1118934188.04,3560903,Rio Grande do Norte
2023,1,RN,RGF-Anexo 01,DespesaComPessoalAtivoBruta,Pessoal Ativo,<MR-3>,449282367.04,3560903,Rio Grande do Norte
2023,1,RN,RGF-Anexo 01,DespesaComPessoalAtivoBruta,Pessoal Ativo,<MR-2>,577642613.92,3560903,Rio Grande do Norte
2023,1,RN,RGF-Anexo 01,DespesaComPessoalAtivoBruta,Pessoal Ativo,<MR-1>,547423483.4,3560903,Rio Grande do Norte
2023,1,RN,RGF-Anexo 01,DespesaComPessoalAtivoBruta,Pessoal Ativo,<MR>,548389992.63,3560903,Rio Grande do Norte
2023,1,RN,RGF-Anexo 01,DespesaComPessoalAtivoBruta,Pessoal Ativo,TOTAL (ÚLTIMOS 12 MESES) (a),7028215033.95,3560903,Rio Grande do Norte
2023,1,RN,RGF-Anexo 01,DespesaComPessoalAtivoBruta,Pessoal Ativo,INSCRITAS EM RESTOS A PAGAR NÃO PROCESSADOS (b),13773465.14,3560903,Rio Grande do Norte
2023,1,RN,RGF-Anexo 01,DespesaComPessoalInativoEPensionistasBruta,Pessoal Inativo e Pensionistas,<MR-11>,368226783.24,3560903,Rio Grande do Norte
2023,1,RN,RGF-Anexo 01,DespesaComPessoalInativoEPensionistasBruta,Pessoal Inativo e Pensionistas,<MR-10>,331135869.88,3560903,Rio Grande do Norte
2023,1,RN,RGF-Anexo 01,DespesaComPessoalInativoEPensionistasBruta,Pessoal Inativo e Pensionistas,<MR-9>,315777522.03,3560903,Rio Grande do Norte
2023,1,RN,RGF-Anexo 01,DespesaComPessoalInativoEPensionistasBruta,Pessoal Inativo e Pensionistas,<MR-8>,337303840.3,3560903,Rio Grande do Norte
2023,1,RN,RGF-Anexo 01,DespesaComPessoalInativoEPensionistasBruta,Pessoal Inativo e Pensionistas,<MR-7>,386317935.04,3560903,Rio Grande do Norte
2023,1,RN,RGF-Anexo 01,DespesaComPessoalInativoEPensionistasBruta,Pessoal Inativo e Pensionistas,<MR-6>,367688064.71,3560903,Rio Grande do Norte
2023,1,RN,RGF-Anexo 01,DespesaComPessoalInativoEPensionistasBruta,Pessoal Inativo e Pensionistas,<MR-5>,477010256.31,3560903,Rio Grande do Norte
2023,1,RN,RGF-Anexo 01,DespesaComPessoalInativoEPensionistasBruta,Pessoal Inativo e Pensionistas,<MR-4>,616484745.56,3560903,Rio Grande do Norte
2023,1,RN,RGF-Anexo 01,DespesaComPessoalInativoEPensionistasBruta,Pessoal Inativo e Pensionistas,<MR-3>,389536316.49,3560903,Rio Grande do Norte
2023,1,RN,RGF-Anexo 01,DespesaComPessoalInativoEPensionistasBruta,Pessoal Inativo e Pensionistas,<MR-2>,384011192.91,3560903,Rio Grande do Norte
2023,1,RN,RGF-Anexo 01,DespesaComPessoalInativoEPensionistasBruta,Pessoal Inativo e Pensionistas,<MR-1>,419402922.1,3560903,Rio Grande do Norte
2023,1,RN,RGF-Anexo 01,DespesaComPessoalInativoEPensionistasBruta,Pessoal Inativo e Pensionistas,<MR>,383612392.74,3560903,Rio Grande do Norte
2023,1,RN,RGF-Anexo 01,DespesaComPessoalInativoEPensionistasBruta,Pessoal Inativo e Pensionistas,TOTAL (ÚLTIMOS 12 MESES) (a),4776507841.31,3560903,Rio Grande do Norte
2023,1,RN,RGF-Anexo 01,DespesaComPessoalInativoEPensionistasBruta,Pessoal Inativo e Pensionistas,INSCRITAS EM RESTOS A PAGAR NÃO PROCESSADOS (b),3100310.65,3560903,Rio Grande do Norte
2023,1,RN,RGF-Anexo 01,DespesaComPessoalLiquida,DESPESA LÍQUIDA COM PESSOAL (III) = (I - II),<MR-11>,594754790.47,3560903,Rio Grande do Norte
2023,1,RN,RGF-Anexo 01,DespesaComPessoalLiquida,DESPESA LÍQUIDA COM PESSOAL (III) = (I - II),<MR-10>,625265371.58,3560903,Rio Grande do Norte
2023,1,RN,RGF-Anexo 01,DespesaComPessoalLiquida,DESPESA LÍQUIDA COM PESSOAL (III) = (I - II),<MR-9>,707956509.18,3560903,Rio Grande do Norte
2023,1,RN,RGF-Anexo 01,DespesaComPessoalLiquida,DESPESA LÍQUIDA COM PESSOAL (III) = (I - II),<MR-8>,603337805.04,3560903,Rio Grande do Norte
2023,1,RN,RGF-Anexo 01,DespesaComPessoalLiquida,DESPESA LÍQUIDA COM PESSOAL (III) = (I - II),<MR-7>,645298277.79,3560903,Rio Grande do Norte
2023,1,RN,RGF-Anexo 01,DespesaComPessoalLiquida,DESPESA LÍQUIDA COM PESSOAL (III) = (I - II),<MR-6>,615099434.95,3560903,Rio Grande do Norte
2023,1,RN,RGF-Anexo 01,DespesaComPessoalLiquida,DESPESA LÍQUIDA COM PESSOAL (III) = (I - II),<MR-5>,693032231.34,3560903,Rio Grande do Norte
2023,1,RN,RGF-Anexo 01,DespesaComPessoalLiquida,DESPESA LÍQUIDA COM PESSOAL (III) = (I - II),<MR-4>,1021765224.19,3560903,Rio Grande do Norte
2023,1,RN,RGF-Anexo 01,DespesaComPessoalLiquida,DESPESA LÍQUIDA COM PESSOAL (III) = (I - II),<MR-3>,609756710.89,3560903,Rio Grande do Norte
2023,1,RN,RGF-Anexo 01,DespesaComPessoalLiquida,DESPESA LÍQUIDA COM PESSOAL (III) = (I - II),<MR-2>,692877777.05,3560903,Rio Grande do Norte
2023,1,RN,RGF-Anexo 01,DespesaComPessoalLiquida,DESPESA LÍQUIDA COM PESSOAL (III) = (I - II),<MR-1>,643720967.45,3560903,Rio Grande do Norte
2023,1,RN,RGF-Anexo 01,DespesaComPessoalLiquida,DESPESA LÍQUIDA COM PESSOAL (III) = (I - II),<MR>,686515297.66,3560903,Rio Grande do Norte
2023,1,RN,RGF-Anexo 01,DespesaComPessoalLiquida,DESPESA LÍQUIDA COM PESSOAL (III) = (I - II),TOTAL (ÚLTIMOS 12 MESES) (a),8139380397.59,3560903,Rio Grande do Norte
2023,1,RN,RGF-Anexo 01,DespesaComPessoalLiquida,DESPESA LÍQUIDA COM PESSOAL (III) = (I - II),INSCRITAS EM RESTOS A PAGAR NÃO PROCESSADOS (b),42607819.24,3560903,Rio Grande do Norte
2023,1,RN,RGF-Anexo 01,ReceitaCorrenteLiquidaLimiteLegal,RECEITA CORRENTE LIQUIDA - RCL (IV),Valor,14466489367.74,3560903,Rio Grande do Norte
2023,1,RN,RGF-Anexo 01,DespesaComPessoalTotal,DESPESA TOTAL COM PESSOAL - DTP (VIII) = (IIIa + IIIb),Valor,8181988216.83,3560903,Rio Grande do Norte
2023,1,RN,RGF-Anexo 01,DespesaComPessoalTotal,DESPESA TOTAL COM PESSOAL - DTP (VIII) = (IIIa + IIIb),% sobre a RCL Ajustada,56.68,3560903,Rio Grande do Norte
2023,1,RN,RGF-Anexo 02,DividaConsolidada,DÍVIDA CONSOLIDADA - DC (I),SALDO DO EXERCÍCIO ANTERIOR,4892746221.31,3560903,Rio Grande do Norte
2023,1,RN,RGF-Anexo 02,DividaConsolidada,DÍVIDA CONSOLIDADA - DC (I),Até o 1º Quadrimestre,4770189490.45,3560903,Rio Grande do Norte
2023,1,RN,RGF-Anexo 02,DividaContratual,Dívida Contratual,SALDO DO EXERCÍCIO ANTERIOR,3114559883.74,3560903,Rio Grande do Norte
2023,1,RN,RGF-Anexo 02,DividaContratual,Dívida Contratual,Até o 1º Quadrimestre,3062511165.59,3560903,Rio Grande do Norte
2023,1,RN,RGF-Anexo 02,DividaConsolidadaLiquida,DÍVIDA CONSOLIDADA LÍQUIDA (DCL) (III) = (I - II),SALDO DO EXERCÍCIO ANTERIOR,4289752898.32,3560903,Rio Grande do Norte
2023,1,RN,RGF-Anexo 02,DividaConsolidadaLiquida,DÍVIDA CONSOLIDADA LÍQUIDA (DCL) (III) = (I - II),Até o 1º Quadrimestre,3662673860.97,3560903,Rio Grande do Norte
2023,2,RN,RGF-Anexo 01,DespesaComPessoalBruta,DESPESA BRUTA COM PESSOAL (I),<MR-11>,1000242980.9,3560903,Rio Grande do Norte
2023,2,RN,RGF-Anexo 01,DespesaComPessoalBruta,DESPESA BRUTA COM PESSOAL (I),<MR-10>,904545032.46,3560903,Rio Grande do Norte
2023,2,RN,RGF-Anexo 01,DespesaComPessoalBruta,DESPESA BRUTA COM PESSOAL (I),<MR-9>,1071333098.21,3560903,Rio Grande do Norte
2023,2,RN,RGF-Anexo 01,DespesaComPessoalBruta,DESPESA BRUTA COM PESSOAL (I),<MR-8>,1750851035.88,3560903,Rio Grande do Norte
2023,2,RN,RGF-Anexo 01,DespesaComPessoalBruta,DESPESA BRUTA COM PESSOAL (I),<MR-7>,838898185.0,3560903,Rio Grande do Norte
2023,2,RN,RGF-Anexo 01,DespesaComPessoalBruta,DESPESA BRUTA COM PESSOAL (I),<MR-6>,965291677.7,3560903,Rio Grande do Norte
2023,2,RN,RGF-Anexo 01,DespesaComPessoalBruta,DESPESA BRUTA COM PESSOAL (I),<MR-5>,979130684.6,3560903,Rio Grande do Norte
2023,2,RN,RGF-Anexo 01,DespesaComPessoalBruta,DESPESA BRUTA COM PESSOAL (I),<MR-4>,940666985.77,3560903,Rio Grande do Norte
2023,2,RN,RGF-Anexo 01,DespesaComPessoalBruta,DESPESA BRUTA COM PESSOAL (I),<MR-3>,1030429630.17,3560903,Rio Grande do Norte
2023,2,RN,RGF-Anexo 01,DespesaComPessoalBruta,DESPESA BRUTA COM PESSOAL (I),<MR-2>,1046392850.07,3560903,Rio Grande do Norte
2023,2,RN,RGF-Anexo 01,DespesaComPessoalBruta,DESPESA BRUTA COM PESSOAL (I),<MR-1>,1001339960.37,3560903,Rio Grande do Norte
2023,2,RN,RGF-Anexo 01,DespesaComPessoalBruta,DESPESA BRUTA COM PESSOAL (I),<MR>,965530679.96,3560903,Rio Grande do Norte
2023,2,RN,RGF-Anexo 01,DespesaComPessoalBruta,DESPESA BRUTA COM PESSOAL (I),TOTAL (ÚLTIMOS 12 MESES) (a),12494652801.09,3560903,Rio Grande do Norte
2023,2,RN,RGF-Anexo 01,DespesaComPessoalBruta,DESPESA BRUTA COM PESSOAL (I),INSCRITAS EM RESTOS A PAGAR NÃO PROCESSADOS (b),46272728.86,3560903,Rio Grande do Norte
2023,2,RN,RGF-Anexo 01,DespesaComPessoalAtivoBruta,Pessoal Ativo,<MR-11>,602356692.56,3560903,Rio Grande do Norte
2023,2,RN,RGF-Anexo 01,DespesaComPessoalAtivoBruta,Pessoal Ativo,<MR-10>,523038664.76,3560903,Rio Grande do Norte
2023,2,RN,RGF-Anexo 01,DespesaComPessoalAtivoBruta,Pessoal Ativo,<MR-9>,584879367.04,3560903,Rio Grande do Norte
2023,2,RN,RGF-Anexo 01,DespesaComPessoalAtivoBruta,Pessoal Ativo,<MR-8>,1118934188.04,3560903,Rio Grande do Norte
2023,2,RN,RGF-Anexo 01,DespesaComPessoalAtivoBruta,Pessoal Ativo,<MR-7>,449282367.04,3560903,Rio Grande do Norte
2023,2,RN,RGF-Anexo 01,DespesaComPessoalAtivoBruta,Pessoal Ativo,<MR-6>,577642613.92,3560903,Rio Grande do Norte
2023,2,RN,RGF-Anexo 01,DespesaComPessoalAtivoBruta,Pessoal Ativo,<MR-5>,547423483.4,3560903,Rio Grande do Norte
2023,2,RN,RGF-Anexo 01,DespesaComPessoalAtivoBruta,Pessoal Ativo,<MR-4>,548389992.63,3560903,Rio Grande do Norte
2023,2,RN,RGF-Anexo 01,DespesaComPessoalAtivoBruta,Pessoal Ativo,<MR-3>,619643963.99,3560903,Rio Grande do Norte
2023,2,RN,RGF-Anexo 01,DespesaComPessoalAtivoBruta,Pessoal Ativo,<MR-2>,609240460.76,3560903,Rio Grande do Norte
2023,2,RN,RGF-Anexo 01,DespesaComPessoalAtivoBruta,Pessoal Ativo,<MR-1>,576249544.41,3560903,Rio Grande do Norte
2023,2,RN,RGF-Anexo 01,DespesaComPessoalAtivoBruta,Pessoal Ativo,<MR>,536720385.01,3560903,Rio Grande do Norte
2023,2,RN,RGF-Anexo 01,DespesaComPessoalAtivoBruta,Pessoal Ativo,TOTAL (ÚLTIMOS 12 MESES) (a),7293801723.56,3560903,Rio Grande do Norte
2023,2,RN,RGF-Anexo 01,DespesaComPessoalAtivoBruta,Pessoal Ativo,INSCRITAS EM RESTOS A PAGAR NÃO PROCESSADOS (b),13773465.14,3560903,Rio Grande do Norte
2023,2,RN,RGF-Anexo 01,DespesaComPessoalInativoEPensionistasBruta,Pessoal Inativo e Pensionistas,<MR-11>,386317935.04,3560903,Rio Grande do Norte
2023,2,RN,RGF-Anexo 01,DespesaComPessoalInativoEPensionistasBruta,Pessoal Inativo e Pensionistas,<MR-10>,367688064.71,3560903,Rio Grande do Norte
2023,2,RN,RGF-Anexo 01,DespesaComPessoalInativoEPensionistasBruta,Pessoal Inativo e Pensionistas,<MR-9>,477010256.31,3560903,Rio Grande do Norte
2023,2,RN,RGF-Anexo 01,DespesaComPessoalInativoEPensionistasBruta,Pessoal Inativo e Pensionistas,<MR-8>,616484745.56,3560903,Rio Grande do Norte
2023,2,RN,RGF-Anexo 01,DespesaComPessoalInativoEPensionistasBruta,Pessoal Inativo e Pensionistas,<MR-7>,389536316.49,3560903,Rio Grande do Norte
2023,2,RN,RGF-Anexo 01,DespesaComPessoalInativoEPensionistasBruta,Pessoal Inativo e Pensionistas,<MR-6>,384011192.91,3560903,Rio Grande do Norte
2023,2,RN,RGF-Anexo 01,DespesaComPessoalInativoEPensionistasBruta,Pessoal Inativo e Pensionistas,<MR-5>,419402922.1,3560903,Rio Grande do Norte
2023,2,RN,RGF-Anexo 01,DespesaComPessoalInativoEPensionistasBruta,Pessoal Inativo e Pensionistas,<MR-4>,383612392.74,3560903,Rio Grande do Norte
2023,2,RN,RGF-Anexo 01,DespesaComPessoalInativoEPensionistasBruta,Pessoal Inativo e Pensionistas,<MR-3>,402945625.94,3560903,Rio Grande do Norte
2023,2,RN,RGF-Anexo 01,DespesaComPessoalInativoEPensionistasBruta,Pessoal Inativo e Pensionistas,<MR-2>,429400799.47,3560903,Rio Grande do Norte
2023,2,RN,RGF-Anexo 01,DespesaComPessoalInativoEPensionistasBruta,Pessoal Inativo e Pensionistas,<MR-1>,414887124.36,3560903,Rio Grande do Norte
2023,2,RN,RGF-Anexo 01,DespesaComPessoalInativoEPensionistasBruta,Pessoal Inativo e Pensionistas,<MR>,420069197.37,3560903,Rio Grande do Norte
2023,2,RN,RGF-Anexo 01,DespesaComPessoalInativoEPensionistasBruta,Pessoal Inativo e Pensionistas,TOTAL (ÚLTIMOS 12 MESES) (a),5091366573.0,3560903,Rio Grande do Norte
2023,2,RN,RGF-Anexo 01,DespesaComPessoalInativoEPensionistasBruta,Pessoal Inativo e Pensionistas,INSCRITAS EM RESTOS A PAGAR NÃO PROCESSADOS (b),3100310.65,3560903,Rio Grande do Norte
2023,2,RN,RGF-Anexo 01,DespesaComPessoalLiquida,DESPESA LÍQUIDA COM PESSOAL (III) = (I - II),<MR-11>,645298277.79,3560903,Rio Grande do Norte
2023,2,RN,RGF-Anexo 01,DespesaComPessoalLiquida,DESPESA LÍQUIDA COM PESSOAL (III) = (I - II),<MR-10>,615099434.95,3560903,Rio Grande do Norte
2023,2,RN,RGF-Anexo 01,DespesaComPessoalLiquida,DESPESA LÍQUIDA COM PESSOAL (III) = (I - II),<MR-9>,693032231.34,3560903,Rio Grande do Norte
2023,2,RN,RGF-Anexo 01,DespesaComPessoalLiquida,DESPESA LÍQUIDA COM PESSOAL (III) = (I - II),<MR-8>,1021765224.19,3560903,Rio Grande do Norte
2023,2,RN,RGF-Anexo 01,DespesaComPessoalLiquida,DESPESA LÍQUIDA COM PESSOAL (III) = (I - II),<MR-7>,609756710.89,3560903,Rio Grande do Norte
2023,2,RN,RGF-Anexo 01,DespesaComPessoalLiquida,DESPESA LÍQUIDA COM PESSOAL (III) = (I - II),<MR-6>,692877777.05,3560903,Rio Grande do Norte
2023,2,RN,RGF-Anexo 01,DespesaComPessoalLiquida,DESPESA LÍQUIDA COM PESSOAL (III) = (I - II),<MR-5>,643720967.45,3560903,Rio Grande do Norte
2023,2,RN,RGF-Anexo 01,DespesaComPessoalLiquida,DESPESA LÍQUIDA COM PESSOAL (III) = (I - II),<MR-4>,686515297.66,3560903,Rio Grande do Norte
2023,2,RN,RGF-Anexo 01,DespesaComPessoalLiquida,DESPESA LÍQUIDA COM PESSOAL (III) = (I - II),<MR-3>,731121000.44,3560903,Rio Grande do Norte
2023,2,RN,RGF-Anexo 01,DespesaComPessoalLiquida,DESPESA LÍQUIDA COM PESSOAL (III) = (I - II),<MR-2>,799398009.71,3560903,Rio Grande do Norte
2023,2,RN,RGF-Anexo 01,DespesaComPessoalLiquida,DESPESA LÍQUIDA COM PESSOAL (III) = (I - II),<MR-1>,681090654.21,3560903,Rio Grande do Norte
2023,2,RN,RGF-Anexo 01,DespesaComPessoalLiquida,DESPESA LÍQUIDA COM PESSOAL (III) = (I - II),<MR>,663173258.11,3560903,Rio Grande do Norte
2023,2,RN,RGF-Anexo 01,DespesaComPessoalLiquida,DESPESA LÍQUIDA COM PESSOAL (III) = (I - II),TOTAL (ÚLTIMOS 12 MESES) (a),8482848843.79,3560903,Rio Grande do Norte
2023,2,RN,RGF-Anexo 01,DespesaComPessoalLiquida,DESPESA LÍQUIDA COM PESSOAL (III) = (I - II),INSCRITAS EM RESTOS A PAGAR NÃO PROCESSADOS (b),42607819.24,3560903,Rio Grande do Norte
2023,2,RN,RGF-Anexo 01,ReceitaCorrenteLiquidaLimiteLegal,RECEITA CORRENTE LIQUIDA - RCL (IV),Valor,14763549770.13,3560903,Rio Grande do Norte
2023,2,RN,RGF-Anexo 01,DespesaComPessoalTotal,DESPESA TOTAL COM PESSOAL - DTP (VIII) = (IIIa + IIIb),Valor,8525456663.03,3560903,Rio Grande do Norte
2023,2,RN,RGF-Anexo 01,DespesaComPessoalTotal,DESPESA TOTAL COM PESSOAL - DTP (VIII) = (IIIa + IIIb),% sobre a RCL Ajustada,57.76,3560903,Rio Grande do Norte
2023,2,RN,RGF-Anexo 02,DividaConsolidada,DÍVIDA CONSOLIDADA - DC (I),SALDO DO EXERCÍCIO ANTERIOR,4892746221.31,3560903,Rio Grande do Norte
2023,2,RN,RGF-Anexo 02,DividaConsolidada,DÍVIDA CONSOLIDADA - DC (I),Até o 1º Quadrimestre,4770189490.45,3560903,Rio Grande do Norte
2023,2,RN,RGF-Anexo 02,DividaConsolidada,DÍVIDA CONSOLIDADA - DC (I),Até o 2º Quadrimestre,4552577666.2,3560903,Rio Grande do Norte
2023,2,RN,RGF-Anexo 02,DividaContratual,Dívida Contratual,SALDO DO EXERCÍCIO ANTERIOR,3114559883.74,3560903,Rio Grande do Norte
2023,2,RN,RGF-Anexo 02,DividaContratual,Dívida Contratual,Até o 1º Quadrimestre,3062511165.59,3560903,Rio Grande do Norte
2023,2,RN,RGF-Anexo 02,DividaContratual,Dívida Contratual,Até o 2º Quadrimestre,2941335234.69,3560903,Rio Grande do Norte
2023,2,RN,RGF-Anexo 02,DividaConsolidadaLiquida,DÍVIDA CONSOLIDADA LÍQUIDA (DCL) (III) = (I - II),SALDO DO EXERCÍCIO ANTERIOR,4289752898.32,3560903,Rio Grande do Norte
2023,2,RN,RGF-Anexo 02,DividaConsolidadaLiquida,DÍVIDA CONSOLIDADA LÍQUIDA (DCL) (III) = (I - II),Até o 1º Quadrimestre,3662673860.97,3560903,Rio Grande do Norte
2023,2,RN,RGF-Anexo 02,DividaConsolidadaLiquida,DÍVIDA CONSOLIDADA LÍQUIDA (DCL) (III) = (I - II),Até o 2º Quadrimestre,3399387386.44,3560903,Rio Grande do Norte
2023,3,RN,RGF-Anexo 01,DespesaComPessoalBruta,DESPESA BRUTA COM PESSOAL (I),<MR-11>,838898185.0,3560903,Rio Grande do Norte
2023,3,RN,RGF-Anexo 01,DespesaComPessoalBruta,DESPESA BRUTA COM PESSOAL (I),<MR-10>,965291677.7,3560903,Rio Grande do Norte
2023,3,RN,RGF-Anexo 01,DespesaComPessoalBruta,DESPESA BRUTA COM PESSOAL (I),<MR-9>,979130684.6,3560903,Rio Grande do Norte
2023,3,RN,RGF-Anexo 01,DespesaComPessoalBruta,DESPESA BRUTA COM PESSOAL (I),<MR-8>,940666985.77,3560903,Rio Grande do Norte
2023,3,RN,RGF-Anexo 01,DespesaComPessoalBruta,DESPESA BRUTA COM PESSOAL (I),<MR-7>,1030429630.17,3560903,Rio Grande do Norte
2023,3,RN,RGF-Anexo 01,DespesaComPessoalBruta,DESPESA BRUTA COM PESSOAL (I),<MR-6>,1046392850.07,3560903,Rio Grande do Norte
2023,3,RN,RGF-Anexo 01,DespesaComPessoalBruta,DESPESA BRUTA COM PESSOAL (I),<MR-5>,1001339960.37,3560903,Rio Grande do Norte
2023,3,RN,RGF-Anexo 01,DespesaComPessoalBruta,DESPESA BRUTA COM PESSOAL (I),<MR-4>,965530679.96,3560903,Rio Grande do Norte
2023,3,RN,RGF-Anexo 01,DespesaComPessoalBruta,DESPESA BRUTA COM PESSOAL (I),<MR-3>,981804473.65,3560903,Rio Grande do Norte
2023,3,RN,RGF-Anexo 01,DespesaComPessoalBruta,DESPESA BRUTA COM PESSOAL (I),<MR-2>,951025712.0,3560903,Rio Grande do Norte
2023,3,RN,RGF-Anexo 01,DespesaComPessoalBruta,DESPESA BRUTA COM PESSOAL (I),<MR-1>,1071470159.8,3560903,Rio Grande do Norte
2023,3,RN,RGF-Anexo 01,DespesaComPessoalBruta,DESPESA BRUTA COM PESSOAL (I),<MR>,2020376412.61,3560903,Rio Grande do Norte
2023,3,RN,RGF-Anexo 01,DespesaComPessoalBruta,DESPESA BRUTA COM PESSOAL (I),TOTAL (ÚLTIMOS 12 MESES) (a),12792357411.7,3560903,Rio Grande do Norte
2023,3,RN,RGF-Anexo 01,DespesaComPessoalBruta,DESPESA BRUTA COM PESSOAL (I),INSCRITAS EM RESTOS A PAGAR NÃO PROCESSADOS (b),18974451.32,3560903,Rio Grande do Norte
2023,3,RN,RGF-Anexo 01,DespesaComPessoalAtivoBruta,Pessoal Ativo,<MR-11>,449282367.04,3560903,Rio Grande do Norte
2023,3,RN,RGF-Anexo 01,DespesaComPessoalAtivoBruta,Pessoal Ativo,<MR-10>,577642613.92,3560903,Rio Grande do Norte
2023,3,RN,RGF-Anexo 01,DespesaComPessoalAtivoBruta,Pessoal Ativo,<MR-9>,547423483.4,3560903,Rio Grande do Norte
2023,3,RN,RGF-Anexo 01,DespesaComPessoalAtivoBruta,Pessoal Ativo,<MR-8>,548389992.63,3560903,Rio Grande do Norte
2023,3,RN,RGF-Anexo 01,DespesaComPessoalAtivoBruta,Pessoal Ativo,<MR-7>,619643963.99,3560903,Rio Grande do Norte
2023,3,RN,RGF-Anexo 01,DespesaComPessoalAtivoBruta,Pessoal Ativo,<MR-6>,609240460.76,3560903,Rio Grande do Norte
2023,3,RN,RGF-Anexo 01,DespesaComPessoalAtivoBruta,Pessoal Ativo,<MR-5>,576249544.41,3560903,Rio Grande do Norte
2023,3,RN,RGF-Anexo 01,DespesaComPessoalAtivoBruta,Pessoal Ativo,<MR-4>,536720385.01,3560903,Rio Grande do Norte
2023,3,RN,RGF-Anexo 01,DespesaComPessoalAtivoBruta,Pessoal Ativo,<MR-3>,550743852.72,3560903,Rio Grande do Norte
2023,3,RN,RGF-Anexo 01,DespesaComPessoalAtivoBruta,Pessoal Ativo,<MR-2>,539752238.67,3560903,Rio Grande do Norte
2023,3,RN,RGF-Anexo 01,DespesaComPessoalAtivoBruta,Pessoal Ativo,<MR-1>,636164726.88,3560903,Rio Grande do Norte
2023,3,RN,RGF-Anexo 01,DespesaComPessoalAtivoBruta,Pessoal Ativo,<MR>,1134660472.83,3560903,Rio Grande do Norte
2023,3,RN,RGF-Anexo 01,DespesaComPessoalAtivoBruta,Pessoal Ativo,TOTAL (ÚLTIMOS 12 MESES) (a),7325914102.26,3560903,Rio Grande do Norte
2023,3,RN,RGF-Anexo 01,DespesaComPessoalInativoEPensionistasBruta,Pessoal Inativo e Pensionistas,<MR-11>,389536316.49,3560903,Rio Grande do Norte
2023,3,RN,RGF-Anexo 01,DespesaComPessoalInativoEPensionistasBruta,Pessoal Inativo e Pensionistas,<MR-10>,384011192.91,3560903,Rio Grande do Norte
2023,3,RN,RGF-Anexo 01,DespesaComPessoalInativoEPensionistasBruta,Pessoal Inativo e Pensionistas,<MR-9>,419402922.1,3560903,Rio Grande do Norte
2023,3,RN,RGF-Anexo 01,DespesaComPessoalInativoEPensionistasBruta,Pessoal Inativo e Pensionistas,<MR-8>,383612392.74,3560903,Rio Grande do Norte
2023,3,RN,RGF-Anexo 01,DespesaComPessoalInativoEPensionistasBruta,Pessoal Inativo e Pensionistas,<MR-7>,402945625.94,3560903,Rio Grande do Norte
2023,3,RN,RGF-Anexo 01,DespesaComPessoalInativoEPensionistasBruta,Pessoal Inativo e Pensionistas,<MR-6>,429400799.47,3560903,Rio Grande do Norte
2023,3,RN,RGF-Anexo 01,DespesaComPessoalInativoEPensionistasBruta,Pessoal Inativo e Pensionistas,<MR-5>,414887124.36,3560903,Rio Grande do Norte
2023,3,RN,RGF-Anexo 01,DespesaComPessoalInativoEPensionistasBruta,Pessoal Inativo e Pensionistas,<MR-4>,420069197.37,3560903,Rio Grande do Norte
2023,3,RN,RGF-Anexo 01,DespesaComPessoalInativoEPensionistasBruta,Pessoal Inativo e Pensionistas,<MR-3>,422373035.67,3560903,Rio Grande do Norte
2023,3,RN,RGF-Anexo 01,DespesaComPessoalInativoEPensionistasBruta,Pessoal Inativo e Pensionistas,<MR-2>,413488164.99,3560903,Rio Grande do Norte
2023,3,RN,RGF-Anexo 01,DespesaComPessoalInativoEPensionistasBruta,Pessoal Inativo e Pensionistas,<MR-1>,406530859.96,3560903,Rio Grande do Norte
2023,3,RN,RGF-Anexo 01,DespesaComPessoalInativoEPensionistasBruta,Pessoal Inativo e Pensionistas,<MR>,862614612.32,3560903,Rio Grande do Norte
2023,3,RN,RGF-Anexo 01,DespesaComPessoalInativoEPensionistasBruta,Pessoal Inativo e Pensionistas,TOTAL (ÚLTIMOS 12 MESES) (a),5348872244.32,3560903,Rio Grande do Norte
2023,3,RN,RGF-Anexo 01,DespesaComPessoalLiquida,DESPESA LÍQUIDA COM PESSOAL (III) = (I - II),<MR-11>,609756710.89,3560903,Rio Grande do Norte
2023,3,RN,RGF-Anexo 01,DespesaComPessoalLiquida,DESPESA LÍQUIDA COM PESSOAL (III) = (I - II),<MR-10>,692877777.05,3560903,Rio Grande do Norte
2023,3,RN,RGF-Anexo 01,DespesaComPessoalLiquida,DESPESA LÍQUIDA COM PESSOAL (III) = (I - II),<MR-9>,643720967.45,3560903,Rio Grande do Norte
2023,3,RN,RGF-Anexo 01,DespesaComPessoalLiquida,DESPESA LÍQUIDA COM PESSOAL (III) = (I - II),<MR-8>,686515297.66,3560903,Rio Grande do Norte
2023,3,RN,RGF-Anexo 01,DespesaComPessoalLiquida,DESPESA LÍQUIDA COM PESSOAL (III) = (I - II),<MR-7>,731121000.44,3560903,Rio Grande do Norte
2023,3,RN,RGF-Anexo 01,DespesaComPessoalLiquida,DESPESA LÍQUIDA COM PESSOAL (III) = (I - II),<MR-6>,799398009.71,3560903,Rio Grande do Norte
2023,3,RN,RGF-Anexo 01,DespesaComPessoalLiquida,DESPESA LÍQUIDA COM PESSOAL (III) = (I - II),<MR-5>,681090654.21,3560903,Rio Grande do Norte
2023,3,RN,RGF-Anexo 01,DespesaComPessoalLiquida,DESPESA LÍQUIDA COM PESSOAL (III) = (I - II),<MR-4>,663173258.11,3560903,Rio Grande do Norte
2023,3,RN,RGF-Anexo 01,DespesaComPessoalLiquida,DESPESA LÍQUIDA COM PESSOAL (III) = (I - II),<MR-3>,705772428.89,3560903,Rio Grande do Norte
2023,3,RN,RGF-Anexo 01,DespesaComPessoalLiquida,DESPESA LÍQUIDA COM PESSOAL (III) = (I - II),<MR-2>,721045888.9,3560903,Rio Grande do Norte
2023,3,RN,RGF-Anexo 01,DespesaComPessoalLiquida,DESPESA LÍQUIDA COM PESSOAL (III) = (I - II),<MR-1>,829136401.52,3560903,Rio Grande do Norte
2023,3,RN,RGF-Anexo 01,DespesaComPessoalLiquida,DESPESA LÍQUIDA COM PESSOAL (III) = (I - II),<MR>,1431063637.86,3560903,Rio Grande do Norte
2023,3,RN,RGF-Anexo 01,DespesaComPessoalLiquida,DESPESA LÍQUIDA COM PESSOAL (III) = (I - II),TOTAL (ÚLTIMOS 12 MESES) (a),9194672032.69,3560903,Rio Grande do Norte
2023,3,RN,RGF-Anexo 01,DespesaComPessoalLiquida,DESPESA LÍQUIDA COM PESSOAL (III) = (I - II),INSCRITAS EM RESTOS A PAGAR NÃO PROCESSADOS (b),18970970.42,3560903,Rio Grande do Norte
2023,3,RN,RGF-Anexo 01,ReceitaCorrenteLiquidaLimiteLegal,RECEITA CORRENTE LIQUIDA - RCL (IV),Valor,16215892205.45,3560903,Rio Grande do Norte
2023,3,RN,RGF-Anexo 01,DespesaComPessoalTotal,DESPESA TOTAL COM PESSOAL - DTP (VIII) = (IIIa + IIIb),Valor,9213643003.11,3560903,Rio Grande do Norte
2023,3,RN,RGF-Anexo 01,DespesaComPessoalTotal,DESPESA TOTAL COM PESSOAL - DTP (VIII) = (IIIa + IIIb),% sobre a RCL Ajustada,56.94,3560903,Rio Grande do Norte
2023,3,RN,RGF-Anexo 02,DividaConsolidada,DÍVIDA CONSOLIDADA - DC (I),SALDO DO EXERCÍCIO ANTERIOR,4892746221.31,3560903,Rio Grande do Norte
2023,3,RN,RGF-Anexo 02,DividaConsolidada,DÍVIDA CONSOLIDADA - DC (I),Até o 1º Quadrimestre,4770189490.45,3560903,Rio Grande do Norte
2023,3,RN,RGF-Anexo 02,DividaConsolidada,DÍVIDA CONSOLIDADA - DC (I),Até o 2º Quadrimestre,4552577666.2,3560903,Rio Grande do Norte
2023,3,RN,RGF-Anexo 02,DividaConsolidada,DÍVIDA CONSOLIDADA - DC (I),Até o 3º Quadrimestre,4452045566.5,3560903,Rio Grande do Norte
2023,3,RN,RGF-Anexo 02,DividaContratual,Dívida Contratual,SALDO DO EXERCÍCIO ANTERIOR,3114559883.74,3560903,Rio Grande do Norte
2023,3,RN,RGF-Anexo 02,DividaContratual,Dívida Contratual,Até o 1º Quadrimestre,3062511165.59,3560903,Rio Grande do Norte
2023,3,RN,RGF-Anexo 02,DividaContratual,Dívida Contratual,Até o 2º Quadrimestre,2941335234.69,3560903,Rio Grande do Norte
2023,3,RN,RGF-Anexo 02,DividaContratual,Dívida Contratual,Até o 3º Quadrimestre,2895074897.34,3560903,Rio Grande do Norte
2023,3,RN,RGF-Anexo 02,DividaConsolidadaLiquida,DÍVIDA CONSOLIDADA LÍQUIDA (DCL) (III) = (I - II),SALDO DO EXERCÍCIO ANTERIOR,4289752898.32,3560903,Rio Grande do Norte
2023,3,RN,RGF-Anexo 02,DividaConsolidadaLiquida,DÍVIDA CONSOLIDADA LÍQUIDA (DCL) (III) = (I - II),Até o 1º Quadrimestre,3662673860.97,3560903,Rio Grande do Norte
2023,3,RN,RGF-Anexo 02,DividaConsolidadaLiquida,DÍVIDA CONSOLIDADA LÍQUIDA (DCL) (III) = (I - II),Até o 2º Quadrimestre,3399387386.44,3560903,Rio Grande do Norte
2023,3,RN,RGF-Anexo 02,DividaConsolidadaLiquida,DÍVIDA CONSOLIDADA LÍQUIDA (DCL) (III) = (I - II),Até o 3º Quadrimestre,4101520827.02,3560903,Rio Grande do Norte
2024,1,RN,RGF-Anexo 01,DespesaComPessoalBruta,DESPESA BRUTA COM PESSOAL (I),<MR-11>,1030429630.17,3303953,Rio Grande do Norte
2024,1,RN,RGF-Anexo 01,DespesaComPessoalBruta,DESPESA BRUTA COM PESSOAL (I),<MR-10>,1046392850.07,3303953,Rio Grande do Norte
2024,1,RN,RGF-Anexo 01,DespesaComPessoalBruta,DESPESA BRUTA COM PESSOAL (I),<MR-9>,1001339960.37,3303953,Rio Grande do Norte
2024,1,RN,RGF-Anexo 01,DespesaComPessoalBruta,DESPESA BRUTA COM PESSOAL (I),<MR-8>,965530679.96,3303953,Rio Grande do Norte
2024,1,RN,RGF-Anexo 01,DespesaComPessoalBruta,DESPESA BRUTA COM PESSOAL (I),<MR-7>,981804473.65,3303953,Rio Grande do Norte
2024,1,RN,RGF-Anexo 01,DespesaComPessoalBruta,DESPESA BRUTA COM PESSOAL (I),<MR-6>,951025712.0,3303953,Rio Grande do Norte
2024,1,RN,RGF-Anexo 01,DespesaComPessoalBruta,DESPESA BRUTA COM PESSOAL (I),<MR-5>,1071470159.8,3303953,Rio Grande do Norte
2024,1,RN,RGF-Anexo 01,DespesaComPessoalBruta,DESPESA BRUTA COM PESSOAL (I),<MR-4>,2020376412.61,3303953,Rio Grande do Norte
2024,1,RN,RGF-Anexo 01,DespesaComPessoalBruta,DESPESA BRUTA COM PESSOAL (I),<MR-3>,1010807747.86,3303953,Rio Grande do Norte
2024,1,RN,RGF-Anexo 01,DespesaComPessoalBruta,DESPESA BRUTA COM PESSOAL (I),<MR-2>,1045072493.98,3303953,Rio Grande do Norte
2024,1,RN,RGF-Anexo 01,DespesaComPessoalBruta,DESPESA BRUTA COM PESSOAL (I),<MR-1>,1061580682.99,3303953,Rio Grande do Norte
2024,1,RN,RGF-Anexo 01,DespesaComPessoalBruta,DESPESA BRUTA COM PESSOAL (I),<MR>,1052212166.89,3303953,Rio Grande do Norte
2024,1,RN,RGF-Anexo 01,DespesaComPessoalBruta,DESPESA BRUTA COM PESSOAL (I),TOTAL (ÚLTIMOS 12 MESES) (a),13238042970.35,3303953,Rio Grande do Norte
2024,1,RN,RGF-Anexo 01,DespesaComPessoalBruta,DESPESA BRUTA COM PESSOAL (I),INSCRITAS EM RESTOS A PAGAR NÃO PROCESSADOS (b),18974451.32,3303953,Rio Grande do Norte
2024,1,RN,RGF-Anexo 01,DespesaComPessoalAtivoBruta,Pessoal Ativo,<MR-11>,619643963.99,3303953,Rio Grande do Norte
2024,1,RN,RGF-Anexo 01,DespesaComPessoalAtivoBruta,Pessoal Ativo,<MR-10>,609240460.76,3303953,Rio Grande do Norte
2024,1,RN,RGF-Anexo 01,DespesaComPessoalAtivoBruta,Pessoal Ativo,<MR-9>,576249544.41,3303953,Rio Grande do Norte
2024,1,RN,RGF-Anexo 01,DespesaComPessoalAtivoBruta,Pessoal Ativo,<MR-8>,536720385.01,3303953,Rio Grande do Norte
2024,1,RN,RGF-Anexo 01,DespesaComPessoalAtivoBruta,Pessoal Ativo,<MR-7>,550743852.72,3303953,Rio Grande do Norte
2024,1,RN,RGF-Anexo 01,DespesaComPessoalAtivoBruta,Pessoal Ativo,<MR-6>,539752238.67,3303953,Rio Grande do Norte
2024,1,RN,RGF-Anexo 01,DespesaComPessoalAtivoBruta,Pessoal Ativo,<MR-5>,636164726.88,3303953,Rio Grande do Norte
2024,1,RN,RGF-Anexo 01,DespesaComPessoalAtivoBruta,Pessoal Ativo,<MR-4>,1134660472.83,3303953,Rio Grande do Norte
2024,1,RN,RGF-Anexo 01,DespesaComPessoalAtivoBruta,Pessoal Ativo,<MR-3>,564187377.26,3303953,Rio Grande do Norte
2024,1,RN,RGF-Anexo 01,DespesaComPessoalAtivoBruta,Pessoal Ativo,<MR-2>,599550968.34,3303953,Rio Grande do Norte
2024,1,RN,RGF-Anexo 01,DespesaComPessoalAtivoBruta,Pessoal Ativo,<MR-1>,604930228.22,3303953,Rio Grande do Norte
2024,1,RN,RGF-Anexo 01,DespesaComPessoalAtivoBruta,Pessoal Ativo,<MR>,591740149.38,3303953,Rio Grande do Norte
2024,1,RN,RGF-Anexo 01,DespesaComPessoalAtivoBruta,Pessoal Ativo,TOTAL (ÚLTIMOS 12 MESES) (a),7563584368.47,3303953,Rio Grande do Norte
2024,1,RN,RGF-Anexo 01,DespesaComPessoalInativoEPensionistasBruta,Pessoal Inativo e Pensionistas,<MR-11>,402945625.94,3303953,Rio Grande do Norte
2024,1,RN,RGF-Anexo 01,DespesaComPessoalInativoEPensionistasBruta,Pessoal Inativo e Pensionistas,<MR-10>,429400799.47,3303953,Rio Grande do Norte
2024,1,RN,RGF-Anexo 01,DespesaComPessoalInativoEPensionistasBruta,Pessoal Inativo e Pensionistas,<MR-9>,414887124.36,3303953,Rio Grande do Norte
2024,1,RN,RGF-Anexo 01,DespesaComPessoalInativoEPensionistasBruta,Pessoal Inativo e Pensionistas,<MR-8>,420069197.37,3303953,Rio Grande do Norte
2024,1,RN,RGF-Anexo 01,DespesaComPessoalInativoEPensionistasBruta,Pessoal Inativo e Pensionistas,<MR-7>,422373035.67,3303953,Rio Grande do Norte
2024,1,RN,RGF-Anexo 01,DespesaComPessoalInativoEPensionistasBruta,Pessoal Inativo e Pensionistas,<MR-6>,413488164.99,3303953,Rio Grande do Norte
2024,1,RN,RGF-Anexo 01,DespesaComPessoalInativoEPensionistasBruta,Pessoal Inativo e Pensionistas,<MR-5>,406530859.96,3303953,Rio Grande do Norte
2024,1,RN,RGF-Anexo 01,DespesaComPessoalInativoEPensionistasBruta,Pessoal Inativo e Pensionistas,<MR-4>,862614612.32,3303953,Rio Grande do Norte
2024,1,RN,RGF-Anexo 01,DespesaComPessoalInativoEPensionistasBruta,Pessoal Inativo e Pensionistas,<MR-3>,441623383.83,3303953,Rio Grande do Norte
2024,1,RN,RGF-Anexo 01,DespesaComPessoalInativoEPensionistasBruta,Pessoal Inativo e Pensionistas,<MR-2>,438498040.41,3303953,Rio Grande do Norte
2024,1,RN,RGF-Anexo 01,DespesaComPessoalInativoEPensionistasBruta,Pessoal Inativo e Pensionistas,<MR-1>,439549166.23,3303953,Rio Grande do Norte
2024,1,RN,RGF-Anexo 01,DespesaComPessoalInativoEPensionistasBruta,Pessoal Inativo e Pensionistas,<MR>,446210620.85,3303953,Rio Grande do Norte
2024,1,RN,RGF-Anexo 01,DespesaComPessoalInativoEPensionistasBruta,Pessoal Inativo e Pensionistas,TOTAL (ÚLTIMOS 12 MESES) (a),5538190631.4,3303953,Rio Grande do Norte
2024,1,RN,RGF-Anexo 01,DespesaComPessoalLiquida,DESPESA LÍQUIDA COM PESSOAL (III) = (I - II),<MR-11>,731121000.44,3303953,Rio Grande do Norte
2024,1,RN,RGF-Anexo 01,DespesaComPessoalLiquida,DESPESA LÍQUIDA COM PESSOAL (III) = (I - II),<MR-10>,799398009.71,3303953,Rio Grande do Norte
2024,1,RN,RGF-Anexo 01,DespesaComPessoalLiquida,DESPESA LÍQUIDA COM PESSOAL (III) = (I - II),<MR-9>,681090654.21,3303953,Rio Grande do Norte
2024,1,RN,RGF-Anexo 01,DespesaComPessoalLiquida,DESPESA LÍQUIDA COM PESSOAL (III) = (I - II),<MR-8>,663173258.11,3303953,Rio Grande do Norte
2024,1,RN,RGF-Anexo 01,DespesaComPessoalLiquida,DESPESA LÍQUIDA COM PESSOAL (III) = (I - II),<MR-7>,705772428.89,3303953,Rio Grande do Norte
2024,1,RN,RGF-Anexo 01,DespesaComPessoalLiquida,DESPESA LÍQUIDA COM PESSOAL (III) = (I - II),<MR-6>,721045888.9,3303953,Rio Grande do Norte
2024,1,RN,RGF-Anexo 01,DespesaComPessoalLiquida,DESPESA LÍQUIDA COM PESSOAL (III) = (I - II),<MR-5>,829136401.52,3303953,Rio Grande do Norte
2024,1,RN,RGF-Anexo 01,DespesaComPessoalLiquida,DESPESA LÍQUIDA COM PESSOAL (III) = (I - II),<MR-4>,1431063637.86,3303953,Rio Grande do Norte
2024,1,RN,RGF-Anexo 01,DespesaComPessoalLiquida,DESPESA LÍQUIDA COM PESSOAL (III) = (I - II),<MR-3>,845412752.59,3303953,Rio Grande do Norte
2024,1,RN,RGF-Anexo 01,DespesaComPessoalLiquida,DESPESA LÍQUIDA COM PESSOAL (III) = (I - II),<MR-2>,778546164.31,3303953,Rio Grande do Norte
2024,1,RN,RGF-Anexo 01,DespesaComPessoalLiquida,DESPESA LÍQUIDA COM PESSOAL (III) = (I - II),<MR-1>,795731875.73,3303953,Rio Grande do Norte
2024,1,RN,RGF-Anexo 01,DespesaComPessoalLiquida,DESPESA LÍQUIDA COM PESSOAL (III) = (I - II),<MR>,730943654.52,3303953,Rio Grande do Norte
2024,1,RN,RGF-Anexo 01,DespesaComPessoalLiquida,DESPESA LÍQUIDA COM PESSOAL (III) = (I - II),TOTAL (ÚLTIMOS 12 MESES) (a),9712435726.79,3303953,Rio Grande do Norte
2024,1,RN,RGF-Anexo 01,DespesaComPessoalLiquida,DESPESA LÍQUIDA COM PESSOAL (III) = (I - II),INSCRITAS EM RESTOS A PAGAR NÃO PROCESSADOS (b),18970970.42,3303953,Rio Grande do Norte
2024,1,RN,RGF-Anexo 01,ReceitaCorrenteLiquidaLimiteLegal,RECEITA CORRENTE LIQUIDA - RCL (IV),Valor,17146660625.01,3303953,Rio Grande do Norte
2024,1,RN,RGF-Anexo 01,DespesaComPessoalTotal,DESPESA TOTAL COM PESSOAL - DTP (VI) = (IIIa + IIIb),Valor,9731406697.21,3303953,Rio Grande do Norte
2024,1,RN,RGF-Anexo 01,DespesaComPessoalTotal,DESPESA TOTAL COM PESSOAL - DTP (VI) = (IIIa + IIIb),% sobre a RCL Ajustada,56.86,3303953,Rio Grande do Norte
2024,1,RN,RGF-Anexo 02,DividaConsolidada,DÍVIDA CONSOLIDADA - DC (I),SALDO DO EXERCÍCIO ANTERIOR,4452045566.5,3303953,Rio Grande do Norte
2024,1,RN,RGF-Anexo 02,DividaConsolidada,DÍVIDA CONSOLIDADA - DC (I),Até o 1º Quadrimestre,4974054363.73,3303953,Rio Grande do Norte
2024,1,RN,RGF-Anexo 02,DividaContratual,Dívida Contratual,SALDO DO EXERCÍCIO ANTERIOR,2895074897.34,3303953,Rio Grande do Norte
2024,1,RN,RGF-Anexo 02,DividaContratual,Dívida Contratual,Até o 1º Quadrimestre,3475889745.01,3303953,Rio Grande do Norte
2024,1,RN,RGF-Anexo 02,DividaConsolidadaLiquida,DÍVIDA CONSOLIDADA LÍQUIDA (DCL) (III) = (I - II),SALDO DO EXERCÍCIO ANTERIOR,4101520827.02,3303953,Rio Grande do Norte
2024,1,RN,RGF-Anexo 02,DividaConsolidadaLiquida,DÍVIDA CONSOLIDADA LÍQUIDA (DCL) (III) = (I - II),Até o 1º Quadrimestre,3403298378.88,3303953,Rio Grande do Norte
2024,2,RN,RGF-Anexo 01,DespesaComPessoalBruta,DESPESA BRUTA COM PESSOAL (I),<MR-11>,981804473.65,3303953,Rio Grande do Norte
2024,2,RN,RGF-Anexo 01,DespesaComPessoalBruta,DESPESA BRUTA COM PESSOAL (I),<MR-10>,951025712.0,3303953,Rio Grande do Norte
2024,2,RN,RGF-Anexo 01,DespesaComPessoalBruta,DESPESA BRUTA COM PESSOAL (I),<MR-9>,1071470159.8,3303953,Rio Grande do Norte
2024,2,RN,RGF-Anexo 01,DespesaComPessoalBruta,DESPESA BRUTA COM PESSOAL (I),<MR-8>,2020376412.61,3303953,Rio Grande do Norte
2024,2,RN,RGF-Anexo 01,DespesaComPessoalBruta,DESPESA BRUTA COM PESSOAL (I),<MR-7>,1010807747.86,3303953,Rio Grande do Norte
2024,2,RN,RGF-Anexo 01,DespesaComPessoalBruta,DESPESA BRUTA COM PESSOAL (I),<MR-6>,1045072493.98,3303953,Rio Grande do Norte
2024,2,RN,RGF-Anexo 01,DespesaComPessoalBruta,DESPESA BRUTA COM PESSOAL (I),<MR-5>,1061580682.99,3303953,Rio Grande do Norte
2024,2,RN,RGF-Anexo 01,DespesaComPessoalBruta,DESPESA BRUTA COM PESSOAL (I),<MR-4>,1052212166.89,3303953,Rio Grande do Norte
2024,2,RN,RGF-Anexo 01,DespesaComPessoalBruta,DESPESA BRUTA COM PESSOAL (I),<MR-3>,1044608835.72,3303953,Rio Grande do Norte
2024,2,RN,RGF-Anexo 01,DespesaComPessoalBruta,DESPESA BRUTA COM PESSOAL (I),<MR-2>,1087243761.82,3303953,Rio Grande do Norte
2024,2,RN,RGF-Anexo 01,DespesaComPessoalBruta,DESPESA BRUTA COM PESSOAL (I),<MR-1>,1120721646.59,3303953,Rio Grande do Norte
2024,2,RN,RGF-Anexo 01,DespesaComPessoalBruta,DESPESA BRUTA COM PESSOAL (I),<MR>,1093550122.86,3303953,Rio Grande do Norte
2024,2,RN,RGF-Anexo 01,DespesaComPessoalBruta,DESPESA BRUTA COM PESSOAL (I),TOTAL (ÚLTIMOS 12 MESES) (a),13540474216.77,3303953,Rio Grande do Norte
2024,2,RN,RGF-Anexo 01,DespesaComPessoalBruta,DESPESA BRUTA COM PESSOAL (I),INSCRITAS EM RESTOS A PAGAR NÃO PROCESSADOS (b),18974451.32,3303953,Rio Grande do Norte
2024,2,RN,RGF-Anexo 01,DespesaComPessoalAtivoBruta,Pessoal Ativo,<MR-11>,550743852.72,3303953,Rio Grande do Norte
2024,2,RN,RGF-Anexo 01,DespesaComPessoalAtivoBruta,Pessoal Ativo,<MR-10>,539752238.67,3303953,Rio Grande do Norte
2024,2,RN,RGF-Anexo 01,DespesaComPessoalAtivoBruta,Pessoal Ativo,<MR-9>,636164726.88,3303953,Rio Grande do Norte
2024,2,RN,RGF-Anexo 01,DespesaComPessoalAtivoBruta,Pessoal Ativo,<MR-8>,1134660472.83,3303953,Rio Grande do Norte
2024,2,RN,RGF-Anexo 01,DespesaComPessoalAtivoBruta,Pessoal Ativo,<MR-7>,564187377.26,3303953,Rio Grande do Norte
2024,2,RN,RGF-Anexo 01,DespesaComPessoalAtivoBruta,Pessoal Ativo,<MR-6>,599550968.34,3303953,Rio Grande do Norte
2024,2,RN,RGF-Anexo 01,DespesaComPessoalAtivoBruta,Pessoal Ativo,<MR-5>,604930228.22,3303953,Rio Grande do Norte
2024,2,RN,RGF-Anexo 01,DespesaComPessoalAtivoBruta,Pessoal Ativo,<MR-4>,591740149.38,3303953,Rio Grande do Norte
2024,2,RN,RGF-Anexo 01,DespesaComPessoalAtivoBruta,Pessoal Ativo,<MR-3>,604121487.24,3303953,Rio Grande do Norte
2024,2,RN,RGF-Anexo 01,DespesaComPessoalAtivoBruta,Pessoal Ativo,<MR-2>,627105956.29,3303953,Rio Grande do Norte
2024,2,RN,RGF-Anexo 01,DespesaComPessoalAtivoBruta,Pessoal Ativo,<MR-1>,669158423.93,3303953,Rio Grande do Norte
2024,2,RN,RGF-Anexo 01,DespesaComPessoalAtivoBruta,Pessoal Ativo,<MR>,634513121.84,3303953,Rio Grande do Norte
2024,2,RN,RGF-Anexo 01,DespesaComPessoalAtivoBruta,Pessoal Ativo,TOTAL (ÚLTIMOS 12 MESES) (a),7756629003.6,3303953,Rio Grande do Norte
2024,2,RN,RGF-Anexo 01,DespesaComPessoalInativoEPensionistasBruta,Pessoal Inativo e Pensionistas,<MR-11>,422373035.67,3303953,Rio Grande do Norte
2024,2,RN,RGF-Anexo 01,DespesaComPessoalInativoEPensionistasBruta,Pessoal Inativo e Pensionistas,<MR-10>,413488164.99,3303953,Rio Grande do Norte
2024,2,RN,RGF-Anexo 01,DespesaComPessoalInativoEPensionistasBruta,Pessoal Inativo e Pensionistas,<MR-9>,406530859.96,3303953,Rio Grande do Norte
2024,2,RN,RGF-Anexo 01,DespesaComPessoalInativoEPensionistasBruta,Pessoal Inativo e Pensionistas,<MR-8>,862614612.32,3303953,Rio Grande do Norte
2024,2,RN,RGF-Anexo 01,DespesaComPessoalInativoEPensionistasBruta,Pessoal Inativo e Pensionistas,<MR-7>,441623383.83,3303953,Rio Grande do Norte
2024,2,RN,RGF-Anexo 01,DespesaComPessoalInativoEPensionistasBruta,Pessoal Inativo e Pensionistas,<MR-6>,438498040.41,3303953,Rio Grande do Norte
2024,2,RN,RGF-Anexo 01,DespesaComPessoalInativoEPensionistasBruta,Pessoal Inativo e Pensionistas,<MR-5>,439549166.23,3303953,Rio Grande do Norte
2024,2,RN,RGF-Anexo 01,DespesaComPessoalInativoEPensionistasBruta,Pessoal Inativo e Pensionistas,<MR-4>,446210620.85,3303953,Rio Grande do Norte
2024,2,RN,RGF-Anexo 01,DespesaComPessoalInativoEPensionistasBruta,Pessoal Inativo e Pensionistas,<MR-3>,435144802.39,3303953,Rio Grande do Norte
2024,2,RN,RGF-Anexo 01,DespesaComPessoalInativoEPensionistasBruta,Pessoal Inativo e Pensionistas,<MR-2>,441819902.39,3303953,Rio Grande do Norte
2024,2,RN,RGF-Anexo 01,DespesaComPessoalInativoEPensionistasBruta,Pessoal Inativo e Pensionistas,<MR-1>,440444226.24,3303953,Rio Grande do Norte
2024,2,RN,RGF-Anexo 01,DespesaComPessoalInativoEPensionistasBruta,Pessoal Inativo e Pensionistas,<MR>,443341432.21,3303953,Rio Grande do Norte
2024,2,RN,RGF-Anexo 01,DespesaComPessoalInativoEPensionistasBruta,Pessoal Inativo e Pensionistas,TOTAL (ÚLTIMOS 12 MESES) (a),5631638247.49,3303953,Rio Grande do Norte
2024,2,RN,RGF-Anexo 01,DespesaComPessoalLiquida,DESPESA LÍQUIDA COM PESSOAL (III) = (I - II),<MR-11>,705772428.89,3303953,Rio Grande do Norte
2024,2,RN,RGF-Anexo 01,DespesaComPessoalLiquida,DESPESA LÍQUIDA COM PESSOAL (III) = (I - II),<MR-10>,721045888.9,3303953,Rio Grande do Norte
2024,2,RN,RGF-Anexo 01,DespesaComPessoalLiquida,DESPESA LÍQUIDA COM PESSOAL (III) = (I - II),<MR-9>,829136401.52,3303953,Rio Grande do Norte
2024,2,RN,RGF-Anexo 01,DespesaComPessoalLiquida,DESPESA LÍQUIDA COM PESSOAL (III) = (I - II),<MR-8>,1431063637.86,3303953,Rio Grande do Norte
2024,2,RN,RGF-Anexo 01,DespesaComPessoalLiquida,DESPESA LÍQUIDA COM PESSOAL (III) = (I - II),<MR-7>,845412752.59,3303953,Rio Grande do Norte
2024,2,RN,RGF-Anexo 01,DespesaComPessoalLiquida,DESPESA LÍQUIDA COM PESSOAL (III) = (I - II),<MR-6>,778546164.31,3303953,Rio Grande do Norte
2024,2,RN,RGF-Anexo 01,DespesaComPessoalLiquida,DESPESA LÍQUIDA COM PESSOAL (III) = (I - II),<MR-5>,795731875.73,3303953,Rio Grande do Norte
2024,2,RN,RGF-Anexo 01,DespesaComPessoalLiquida,DESPESA LÍQUIDA COM PESSOAL (III) = (I - II),<MR-4>,730943654.52,3303953,Rio Grande do Norte
2024,2,RN,RGF-Anexo 01,DespesaComPessoalLiquida,DESPESA LÍQUIDA COM PESSOAL (III) = (I - II),<MR-3>,783114528.79,3303953,Rio Grande do Norte
2024,2,RN,RGF-Anexo 01,DespesaComPessoalLiquida,DESPESA LÍQUIDA COM PESSOAL (III) = (I - II),<MR-2>,782550000.83,3303953,Rio Grande do Norte
2024,2,RN,RGF-Anexo 01,DespesaComPessoalLiquida,DESPESA LÍQUIDA COM PESSOAL (III) = (I - II),<MR-1>,896095020.54,3303953,Rio Grande do Norte
2024,2,RN,RGF-Anexo 01,DespesaComPessoalLiquida,DESPESA LÍQUIDA COM PESSOAL (III) = (I - II),<MR>,738669183.27,3303953,Rio Grande do Norte
2024,2,RN,RGF-Anexo 01,DespesaComPessoalLiquida,DESPESA LÍQUIDA COM PESSOAL (III) = (I - II),TOTAL (ÚLTIMOS 12 MESES) (a),10038081537.75,3303953,Rio Grande do Norte
2024,2,RN,RGF-Anexo 01,DespesaComPessoalLiquida,DESPESA LÍQUIDA COM PESSOAL (III) = (I - II),INSCRITAS EM RESTOS A PAGAR NÃO PROCESSADOS (b),18970970.42,3303953,Rio Grande do Norte
2024,2,RN,RGF-Anexo 01,ReceitaCorrenteLiquidaLimiteLegal,RECEITA CORRENTE LIQUIDA - RCL (IV),Valor,17296766377.43,3303953,Rio Grande do Norte
2024,2,RN,RGF-Anexo 01,DespesaComPessoalTotal,DESPESA TOTAL COM PESSOAL - DTP (VI) = (IIIa + IIIb),Valor,10057052508.17,3303953,Rio Grande do Norte
2024,2,RN,RGF-Anexo 01,DespesaComPessoalTotal,DESPESA TOTAL COM PESSOAL - DTP (VI) = (IIIa + IIIb),% sobre a RCL Ajustada,58.26,3303953,Rio Grande do Norte
2024,2,RN,RGF-Anexo 02,DividaConsolidada,DÍVIDA CONSOLIDADA - DC (I),SALDO DO EXERCÍCIO ANTERIOR,4452045566.5,3303953,Rio Grande do Norte
2024,2,RN,RGF-Anexo 02,DividaConsolidada,DÍVIDA CONSOLIDADA - DC (I),Até o 1º Quadrimestre,4974054363.73,3303953,Rio Grande do Norte
2024,2,RN,RGF-Anexo 02,DividaConsolidada,DÍVIDA CONSOLIDADA - DC (I),Até o 2º Quadrimestre,4818269690.74,3303953,Rio Grande do Norte
2024,2,RN,RGF-Anexo 02,DividaContratual,Dívida Contratual,SALDO DO EXERCÍCIO ANTERIOR,2895074897.34,3303953,Rio Grande do Norte
2024,2,RN,RGF-Anexo 02,DividaContratual,Dívida Contratual,Até o 1º Quadrimestre,3475889745.01,3303953,Rio Grande do Norte
2024,2,RN,RGF-Anexo 02,DividaContratual,Dívida Contratual,Até o 2º Quadrimestre,3501950525.32,3303953,Rio Grande do Norte
2024,2,RN,RGF-Anexo 02,DividaConsolidadaLiquida,DÍVIDA CONSOLIDADA LÍQUIDA (DCL) (III) = (I - II),SALDO DO EXERCÍCIO ANTERIOR,4101520827.02,3303953,Rio Grande do Norte
2024,2,RN,RGF-Anexo 02,DividaConsolidadaLiquida,DÍVIDA CONSOLIDADA LÍQUIDA (DCL) (III) = (I - II),Até o 1º Quadrimestre,3403298378.88,3303953,Rio Grande do Norte
2024,2,RN,RGF-Anexo 02,DividaConsolidadaLiquida,DÍVIDA CONSOLIDADA LÍQUIDA (DCL) (III) = (I - II),Até o 2º Quadrimestre,3514440351.57,3303953,Rio Grande do Norte
2024,3,RN,RGF-Anexo 01,DespesaComPessoalBruta,DESPESA BRUTA COM PESSOAL (I),<MR-11>,1010807747.86,3303953,Rio Grande do Norte
2024,3,RN,RGF-Anexo 01,DespesaComPessoalBruta,DESPESA BRUTA COM PESSOAL (I),<MR-10>,1045072493.98,3303953,Rio Grande do Norte
2024,3,RN,RGF-Anexo 01,DespesaComPessoalBruta,DESPESA BRUTA COM PESSOAL (I),<MR-9>,1061580682.99,3303953,Rio Grande do Norte
2024,3,RN,RGF-Anexo 01,DespesaComPessoalBruta,DESPESA BRUTA COM PESSOAL (I),<MR-8>,1052212166.89,3303953,Rio Grande do Norte
2024,3,RN,RGF-Anexo 01,DespesaComPessoalBruta,DESPESA BRUTA COM PESSOAL (I),<MR-7>,1044608835.72,3303953,Rio Grande do Norte
2024,3,RN,RGF-Anexo 01,DespesaComPessoalBruta,DESPESA BRUTA COM PESSOAL (I),<MR-6>,1087243761.82,3303953,Rio Grande do Norte
2024,3,RN,RGF-Anexo 01,DespesaComPessoalBruta,DESPESA BRUTA COM PESSOAL (I),<MR-5>,1120721646.59,3303953,Rio Grande do Norte
2024,3,RN,RGF-Anexo 01,DespesaComPessoalBruta,DESPESA BRUTA COM PESSOAL (I),<MR-4>,1093550122.86,3303953,Rio Grande do Norte
2024,3,RN,RGF-Anexo 01,DespesaComPessoalBruta,DESPESA BRUTA COM PESSOAL (I),<MR-3>,1072668224.7,3303953,Rio Grande do Norte
2024,3,RN,RGF-Anexo 01,DespesaComPessoalBruta,DESPESA BRUTA COM PESSOAL (I),<MR-2>,1057655212.45,3303953,Rio Grande do Norte
2024,3,RN,RGF-Anexo 01,DespesaComPessoalBruta,DESPESA BRUTA COM PESSOAL (I),<MR-1>,1112682356.65,3303953,Rio Grande do Norte
2024,3,RN,RGF-Anexo 01,DespesaComPessoalBruta,DESPESA BRUTA COM PESSOAL (I),<MR>,2050280357.17,3303953,Rio Grande do Norte
2024,3,RN,RGF-Anexo 01,DespesaComPessoalBruta,DESPESA BRUTA COM PESSOAL (I),TOTAL (ÚLTIMOS 12 MESES) (a),13809083609.68,3303953,Rio Grande do Norte
2024,3,RN,RGF-Anexo 01,DespesaComPessoalBruta,DESPESA BRUTA COM PESSOAL (I),INSCRITAS EM RESTOS A PAGAR NÃO PROCESSADOS (b),4020802.48,3303953,Rio Grande do Norte
2024,3,RN,RGF-Anexo 01,DespesaComPessoalAtivoBruta,Pessoal Ativo,<MR-11>,564187377.26,3303953,Rio Grande do Norte
2024,3,RN,RGF-Anexo 01,DespesaComPessoalAtivoBruta,Pessoal Ativo,<MR-10>,599550968.34,3303953,Rio Grande do Norte
2024,3,RN,RGF-Anexo 01,DespesaComPessoalAtivoBruta,Pessoal Ativo,<MR-9>,604930228.22,3303953,Rio Grande do Norte
2024,3,RN,RGF-Anexo 01,DespesaComPessoalAtivoBruta,Pessoal Ativo,<MR-8>,591740149.38,3303953,Rio Grande do Norte
2024,3,RN,RGF-Anexo 01,DespesaComPessoalAtivoBruta,Pessoal Ativo,<MR-7>,604121487.24,3303953,Rio Grande do Norte
2024,3,RN,RGF-Anexo 01,DespesaComPessoalAtivoBruta,Pessoal Ativo,<MR-6>,627105956.29,3303953,Rio Grande do Norte
2024,3,RN,RGF-Anexo 01,DespesaComPessoalAtivoBruta,Pessoal Ativo,<MR-5>,669158423.93,3303953,Rio Grande do Norte
2024,3,RN,RGF-Anexo 01,DespesaComPessoalAtivoBruta,Pessoal Ativo,<MR-4>,634513121.84,3303953,Rio Grande do Norte
2024,3,RN,RGF-Anexo 01,DespesaComPessoalAtivoBruta,Pessoal Ativo,<MR-3>,622142840.22,3303953,Rio Grande do Norte
2024,3,RN,RGF-Anexo 01,DespesaComPessoalAtivoBruta,Pessoal Ativo,<MR-2>,606905988.37,3303953,Rio Grande do Norte
2024,3,RN,RGF-Anexo 01,DespesaComPessoalAtivoBruta,Pessoal Ativo,<MR-1>,676324212.34,3303953,Rio Grande do Norte
2024,3,RN,RGF-Anexo 01,DespesaComPessoalAtivoBruta,Pessoal Ativo,<MR>,1013055018.17,3303953,Rio Grande do Norte
2024,3,RN,RGF-Anexo 01,DespesaComPessoalAtivoBruta,Pessoal Ativo,TOTAL (ÚLTIMOS 12 MESES) (a),7813735771.6,3303953,Rio Grande do Norte
2024,3,RN,RGF-Anexo 01,DespesaComPessoalInativoEPensionistasBruta,Pessoal Inativo e Pensionistas,<MR-11>,441623383.83,3303953,Rio Grande do Norte
2024,3,RN,RGF-Anexo 01,DespesaComPessoalInativoEPensionistasBruta,Pessoal Inativo e Pensionistas,<MR-10>,438498040.41,3303953,Rio Grande do Norte
2024,3,RN,RGF-Anexo 01,DespesaComPessoalInativoEPensionistasBruta,Pessoal Inativo e Pensionistas,<MR-9>,439549166.23,3303953,Rio Grande do Norte
2024,3,RN,RGF-Anexo 01,DespesaComPessoalInativoEPensionistasBruta,Pessoal Inativo e Pensionistas,<MR-8>,446210620.85,3303953,Rio Grande do Norte
2024,3,RN,RGF-Anexo 01,DespesaComPessoalInativoEPensionistasBruta,Pessoal Inativo e Pensionistas,<MR-7>,435144802.39,3303953,Rio Grande do Norte
2024,3,RN,RGF-Anexo 01,DespesaComPessoalInativoEPensionistasBruta,Pessoal Inativo e Pensionistas,<MR-6>,441819902.39,3303953,Rio Grande do Norte
2024,3,RN,RGF-Anexo 01,DespesaComPessoalInativoEPensionistasBruta,Pessoal Inativo e Pensionistas,<MR-5>,440444226.24,3303953,Rio Grande do Norte
2024,3,RN,RGF-Anexo 01,DespesaComPessoalInativoEPensionistasBruta,Pessoal Inativo e Pensionistas,<MR-4>,443341432.21,3303953,Rio Grande do Norte
2024,3,RN,RGF-Anexo 01,DespesaComPessoalInativoEPensionistasBruta,Pessoal Inativo e Pensionistas,<MR-3>,434262072.67,3303953,Rio Grande do Norte
2024,3,RN,RGF-Anexo 01,DespesaComPessoalInativoEPensionistasBruta,Pessoal Inativo e Pensionistas,<MR-2>,435611912.33,3303953,Rio Grande do Norte
2024,3,RN,RGF-Anexo 01,DespesaComPessoalInativoEPensionistasBruta,Pessoal Inativo e Pensionistas,<MR-1>,425316598.4,3303953,Rio Grande do Norte
2024,3,RN,RGF-Anexo 01,DespesaComPessoalInativoEPensionistasBruta,Pessoal Inativo e Pensionistas,<MR>,545118962.82,3303953,Rio Grande do Norte
2024,3,RN,RGF-Anexo 01,DespesaComPessoalInativoEPensionistasBruta,Pessoal Inativo e Pensionistas,TOTAL (ÚLTIMOS 12 MESES) (a),5366941120.77,3303953,Rio Grande do Norte
2024,3,RN,RGF-Anexo 01,DespesaComPessoalLiquida,DESPESA LÍQUIDA COM PESSOAL (III) = (I - II),<MR-11>,845412752.59,3303953,Rio Grande do Norte
2024,3,RN,RGF-Anexo 01,DespesaComPessoalLiquida,DESPESA LÍQUIDA COM PESSOAL (III) = (I - II),<MR-10>,778546164.31,3303953,Rio Grande do Norte
2024,3,RN,RGF-Anexo 01,DespesaComPessoalLiquida,DESPESA LÍQUIDA COM PESSOAL (III) = (I - II),<MR-9>,795731875.73,3303953,Rio Grande do Norte
2024,3,RN,RGF-Anexo 01,DespesaComPessoalLiquida,DESPESA LÍQUIDA COM PESSOAL (III) = (I - II),<MR-8>,730943654.52,3303953,Rio Grande do Norte
2024,3,RN,RGF-Anexo 01,DespesaComPessoalLiquida,DESPESA LÍQUIDA COM PESSOAL (III) = (I - II),<MR-7>,783114528.79,3303953,Rio Grande do Norte
2024,3,RN,RGF-Anexo 01,DespesaComPessoalLiquida,DESPESA LÍQUIDA COM PESSOAL (III) = (I - II),<MR-6>,782550000.83,3303953,Rio Grande do Norte
2024,3,RN,RGF-Anexo 01,DespesaComPessoalLiquida,DESPESA LÍQUIDA COM PESSOAL (III) = (I - II),<MR-5>,896095020.54,3303953,Rio Grande do Norte
2024,3,RN,RGF-Anexo 01,DespesaComPessoalLiquida,DESPESA LÍQUIDA COM PESSOAL (III) = (I - II),<MR-4>,738669183.27,3303953,Rio Grande do Norte
2024,3,RN,RGF-Anexo 01,DespesaComPessoalLiquida,DESPESA LÍQUIDA COM PESSOAL (III) = (I - II),<MR-3>,808034762.88,3303953,Rio Grande do Norte
2024,3,RN,RGF-Anexo 01,DespesaComPessoalLiquida,DESPESA LÍQUIDA COM PESSOAL (III) = (I - II),<MR-2>,705912678.96,3303953,Rio Grande do Norte
2024,3,RN,RGF-Anexo 01,DespesaComPessoalLiquida,DESPESA LÍQUIDA COM PESSOAL (III) = (I - II),<MR-1>,755990879.47,3303953,Rio Grande do Norte
2024,3,RN,RGF-Anexo 01,DespesaComPessoalLiquida,DESPESA LÍQUIDA COM PESSOAL (III) = (I - II),<MR>,1294745730.8,3303953,Rio Grande do Norte
2024,3,RN,RGF-Anexo 01,DespesaComPessoalLiquida,DESPESA LÍQUIDA COM PESSOAL (III) = (I - II),TOTAL (ÚLTIMOS 12 MESES) (a),9915747232.69,3303953,Rio Grande do Norte
2024,3,RN,RGF-Anexo 01,DespesaComPessoalLiquida,DESPESA LÍQUIDA COM PESSOAL (III) = (I - II),INSCRITAS EM RESTOS A PAGAR NÃO PROCESSADOS (b),4000679.16,3303953,Rio Grande do Norte
2024,3,RN,RGF-Anexo 01,ReceitaCorrenteLiquidaLimiteLegal,RECEITA CORRENTE LIQUIDA - RCL (IV),Valor,17259892416.73,3303953,Rio Grande do Norte
2024,3,RN,RGF-Anexo 01,DespesaComPessoalTotal,DESPESA TOTAL COM PESSOAL - DTP (VI) = (IIIa + IIIb),Valor,9919747911.85,3303953,Rio Grande do Norte
2024,3,RN,RGF-Anexo 01,DespesaComPessoalTotal,DESPESA TOTAL COM PESSOAL - DTP (VI) = (IIIa + IIIb),% sobre a RCL Ajustada,57.56,3303953,Rio Grande do Norte
2024,3,RN,RGF-Anexo 02,DividaConsolidada,DÍVIDA CONSOLIDADA - DC (I),SALDO DO EXERCÍCIO ANTERIOR,4452045566.5,3303953,Rio Grande do Norte
2024,3,RN,RGF-Anexo 02,DividaConsolidada,DÍVIDA CONSOLIDADA - DC (I),Até o 1º Quadrimestre,4974054363.73,3303953,Rio Grande do Norte
2024,3,RN,RGF-Anexo 02,DividaConsolidada,DÍVIDA CONSOLIDADA - DC (I),Até o 2º Quadrimestre,4818269690.74,3303953,Rio Grande do Norte
2024,3,RN,RGF-Anexo 02,DividaConsolidada,DÍVIDA CONSOLIDADA - DC (I),Até o 3º Quadrimestre,7201713061.97,3303953,Rio Grande do Norte
2024,3,RN,RGF-Anexo 02,DividaContratual,Dívida Contratual,SALDO DO EXERCÍCIO ANTERIOR,2895074897.34,3303953,Rio Grande do Norte
2024,3,RN,RGF-Anexo 02,DividaContratual,Dívida Contratual,Até o 1º Quadrimestre,3475889745.01,3303953,Rio Grande do Norte
2024,3,RN,RGF-Anexo 02,DividaContratual,Dívida Contratual,Até o 2º Quadrimestre,3501950525.32,3303953,Rio Grande do Norte
2024,3,RN,RGF-Anexo 02,DividaContratual,Dívida Contratual,Até o 3º Quadrimestre,3565766102.01,3303953,Rio Grande do Norte
2024,3,RN,RGF-Anexo 02,DividaConsolidadaLiquida,DÍVIDA CONSOLIDADA LÍQUIDA (DCL) (III) = (I - II),SALDO DO EXERCÍCIO ANTERIOR,4101520827.02,3303953,Rio Grande do Norte
2024,3,RN,RGF-Anexo 02,DividaConsolidadaLiquida,DÍVIDA CONSOLIDADA LÍQUIDA (DCL) (III) = (I - II),Até o 1º Quadrimestre,3403298378.88,3303953,Rio Grande do Norte
2024,3,RN,RGF-Anexo 02,DividaConsolidadaLiquida,DÍVIDA CONSOLIDADA LÍQUIDA (DCL) (III) = (I - II),Até o 2º Quadrimestre,3514440351.57,3303953,Rio Grande do Norte
2024,3,RN,RGF-Anexo 02,DividaConsolidadaLiquida,DÍVIDA CONSOLIDADA LÍQUIDA (DCL) (III) = (I - II),Até o 3º Quadrimestre,6932442046.08,3303953,Rio Grande do Norte
2025,1,RN,RGF-Anexo 01,DespesaComPessoalBruta,DESPESA BRUTA COM PESSOAL (I),<MR-11>,1044608835.72,3303953,Rio Grande do Norte
2025,1,RN,RGF-Anexo 01,DespesaComPessoalBruta,DESPESA BRUTA COM PESSOAL (I),<MR-10>,1087243761.82,3303953,Rio Grande do Norte
2025,1,RN,RGF-Anexo 01,DespesaComPessoalBruta,DESPESA BRUTA COM PESSOAL (I),<MR-9>,1120721646.59,3303953,Rio Grande do Norte
2025,1,RN,RGF-Anexo 01,DespesaComPessoalBruta,DESPESA BRUTA COM PESSOAL (I),<MR-8>,1093550122.86,3303953,Rio Grande do Norte
2025,1,RN,RGF-Anexo 01,DespesaComPessoalBruta,DESPESA BRUTA COM PESSOAL (I),<MR-7>,1072668224.7,3303953,Rio Grande do Norte
2025,1,RN,RGF-Anexo 01,DespesaComPessoalBruta,DESPESA BRUTA COM PESSOAL (I),<MR-6>,1057655212.45,3303953,Rio Grande do Norte
2025,1,RN,RGF-Anexo 01,DespesaComPessoalBruta,DESPESA BRUTA COM PESSOAL (I),<MR-5>,1112682356.65,3303953,Rio Grande do Norte
2025,1,RN,RGF-Anexo 01,DespesaComPessoalBruta,DESPESA BRUTA COM PESSOAL (I),<MR-4>,2050280357.17,3303953,Rio Grande do Norte
2025,1,RN,RGF-Anexo 01,DespesaComPessoalBruta,DESPESA BRUTA COM PESSOAL (I),<MR-3>,811049203.96,3303953,Rio Grande do Norte
2025,1,RN,RGF-Anexo 01,DespesaComPessoalBruta,DESPESA BRUTA COM PESSOAL (I),<MR-2>,1440860836.75,3303953,Rio Grande do Norte
2025,1,RN,RGF-Anexo 01,DespesaComPessoalBruta,DESPESA BRUTA COM PESSOAL (I),<MR-1>,1133727867.84,3303953,Rio Grande do Norte
2025,1,RN,RGF-Anexo 01,DespesaComPessoalBruta,DESPESA BRUTA COM PESSOAL (I),<MR>,1022440034.99,3303953,Rio Grande do Norte
2025,1,RN,RGF-Anexo 01,DespesaComPessoalBruta,DESPESA BRUTA COM PESSOAL (I),TOTAL (ÚLTIMOS 12 MESES) (a),14047488461.5,3303953,Rio Grande do Norte
2025,1,RN,RGF-Anexo 01,DespesaComPessoalBruta,DESPESA BRUTA COM PESSOAL (I),INSCRITAS EM RESTOS A PAGAR NÃO PROCESSADOS (b),4020802.48,3303953,Rio Grande do Norte
2025,1,RN,RGF-Anexo 01,DespesaComPessoalAtivoBruta,Pessoal Ativo,<MR-11>,604121487.24,3303953,Rio Grande do Norte
2025,1,RN,RGF-Anexo 01,DespesaComPessoalAtivoBruta,Pessoal Ativo,<MR-10>,627105956.29,3303953,Rio Grande do Norte
2025,1,RN,RGF-Anexo 01,DespesaComPessoalAtivoBruta,Pessoal Ativo,<MR-9>,669158423.93,3303953,Rio Grande do Norte
2025,1,RN,RGF-Anexo 01,DespesaComPessoalAtivoBruta,Pessoal Ativo,<MR-8>,634513121.84,3303953,Rio Grande do Norte
2025,1,RN,RGF-Anexo 01,DespesaComPessoalAtivoBruta,Pessoal Ativo,<MR-7>,622142840.22,3303953,Rio Grande do Norte
2025,1,RN,RGF-Anexo 01,DespesaComPessoalAtivoBruta,Pessoal Ativo,<MR-6>,606905988.37,3303953,Rio Grande do Norte
2025,1,RN,RGF-Anexo 01,DespesaComPessoalAtivoBruta,Pessoal Ativo,<MR-5>,676324212.34,3303953,Rio Grande do Norte
2025,1,RN,RGF-Anexo 01,DespesaComPessoalAtivoBruta,Pessoal Ativo,<MR-4>,1013055018.17,3303953,Rio Grande do Norte
2025,1,RN,RGF-Anexo 01,DespesaComPessoalAtivoBruta,Pessoal Ativo,<MR-3>,594245174.31,3303953,Rio Grande do Norte
2025,1,RN,RGF-Anexo 01,DespesaComPessoalAtivoBruta,Pessoal Ativo,<MR-2>,762542730.23,3303953,Rio Grande do Norte
2025,1,RN,RGF-Anexo 01,DespesaComPessoalAtivoBruta,Pessoal Ativo,<MR-1>,604888965.24,3303953,Rio Grande do Norte
2025,1,RN,RGF-Anexo 01,DespesaComPessoalAtivoBruta,Pessoal Ativo,<MR>,677236481.72,3303953,Rio Grande do Norte
2025,1,RN,RGF-Anexo 01,DespesaComPessoalAtivoBruta,Pessoal Ativo,TOTAL (ÚLTIMOS 12 MESES) (a),8092240399.9,3303953,Rio Grande do Norte
2025,1,RN,RGF-Anexo 01,DespesaComPessoalInativoEPensionistasBruta,Pessoal Inativo e Pensionistas,<MR-11>,435144802.39,3303953,Rio Grande do Norte
2025,1,RN,RGF-Anexo 01,DespesaComPessoalInativoEPensionistasBruta,Pessoal Inativo e Pensionistas,<MR-10>,441819902.39,3303953,Rio Grande do Norte
2025,1,RN,RGF-Anexo 01,DespesaComPessoalInativoEPensionistasBruta,Pessoal Inativo e Pensionistas,<MR-9>,440444226.24,3303953,Rio Grande do Norte
2025,1,RN,RGF-Anexo 01,DespesaComPessoalInativoEPensionistasBruta,Pessoal Inativo e Pensionistas,<MR-8>,443341432.21,3303953,Rio Grande do Norte
2025,1,RN,RGF-Anexo 01,DespesaComPessoalInativoEPensionistasBruta,Pessoal Inativo e Pensionistas,<MR-7>,434262072.67,3303953,Rio Grande do Norte
2025,1,RN,RGF-Anexo 01,DespesaComPessoalInativoEPensionistasBruta,Pessoal Inativo e Pensionistas,<MR-6>,435611912.33,3303953,Rio Grande do Norte
2025,1,RN,RGF-Anexo 01,DespesaComPessoalInativoEPensionistasBruta,Pessoal Inativo e Pensionistas,<MR-5>,425316598.4,3303953,Rio Grande do Norte
2025,1,RN,RGF-Anexo 01,DespesaComPessoalInativoEPensionistasBruta,Pessoal Inativo e Pensionistas,<MR-4>,545118962.82,3303953,Rio Grande do Norte
2025,1,RN,RGF-Anexo 01,DespesaComPessoalInativoEPensionistasBruta,Pessoal Inativo e Pensionistas,<MR-3>,468726124.81,3303953,Rio Grande do Norte
2025,1,RN,RGF-Anexo 01,DespesaComPessoalInativoEPensionistasBruta,Pessoal Inativo e Pensionistas,<MR-2>,676502240.48,3303953,Rio Grande do Norte
2025,1,RN,RGF-Anexo 01,DespesaComPessoalInativoEPensionistasBruta,Pessoal Inativo e Pensionistas,<MR-1>,569310065.13,3303953,Rio Grande do Norte
2025,1,RN,RGF-Anexo 01,DespesaComPessoalInativoEPensionistasBruta,Pessoal Inativo e Pensionistas,<MR>,475741003.73,3303953,Rio Grande do Norte
2025,1,RN,RGF-Anexo 01,DespesaComPessoalInativoEPensionistasBruta,Pessoal Inativo e Pensionistas,TOTAL (ÚLTIMOS 12 MESES) (a),5791339343.6,3303953,Rio Grande do Norte
2025,1,RN,RGF-Anexo 01,DespesaComPessoalLiquida,DESPESA LÍQUIDA COM PESSOAL (III) = (I - II),<MR-11>,783114528.79,3303953,Rio Grande do Norte
2025,1,RN,RGF-Anexo 01,DespesaComPessoalLiquida,DESPESA LÍQUIDA COM PESSOAL (III) = (I - II),<MR-10>,782550000.83,3303953,Rio Grande do Norte
2025,1,RN,RGF-Anexo 01,DespesaComPessoalLiquida,DESPESA LÍQUIDA COM PESSOAL (III) = (I - II),<MR-9>,896095020.54,3303953,Rio Grande do Norte
2025,1,RN,RGF-Anexo 01,DespesaComPessoalLiquida,DESPESA LÍQUIDA COM PESSOAL (III) = (I - II),<MR-8>,738669183.27,3303953,Rio Grande do Norte
2025,1,RN,RGF-Anexo 01,DespesaComPessoalLiquida,DESPESA LÍQUIDA COM PESSOAL (III) = (I - II),<MR-7>,808034762.88,3303953,Rio Grande do Norte
2025,1,RN,RGF-Anexo 01,DespesaComPessoalLiquida,DESPESA LÍQUIDA COM PESSOAL (III) = (I - II),<MR-6>,705912678.96,3303953,Rio Grande do Norte
2025,1,RN,RGF-Anexo 01,DespesaComPessoalLiquida,DESPESA LÍQUIDA COM PESSOAL (III) = (I - II),<MR-5>,755990879.47,3303953,Rio Grande do Norte
2025,1,RN,RGF-Anexo 01,DespesaComPessoalLiquida,DESPESA LÍQUIDA COM PESSOAL (III) = (I - II),<MR-4>,1294745730.8,3303953,Rio Grande do Norte
2025,1,RN,RGF-Anexo 01,DespesaComPessoalLiquida,DESPESA LÍQUIDA COM PESSOAL (III) = (I - II),<MR-3>,572148714.15,3303953,Rio Grande do Norte
2025,1,RN,RGF-Anexo 01,DespesaComPessoalLiquida,DESPESA LÍQUIDA COM PESSOAL (III) = (I - II),<MR-2>,1116373642.43,3303953,Rio Grande do Norte
2025,1,RN,RGF-Anexo 01,DespesaComPessoalLiquida,DESPESA LÍQUIDA COM PESSOAL (III) = (I - II),<MR-1>,836517958.63,3303953,Rio Grande do Norte
2025,1,RN,RGF-Anexo 01,DespesaComPessoalLiquida,DESPESA LÍQUIDA COM PESSOAL (III) = (I - II),<MR>,721299703.21,3303953,Rio Grande do Norte
2025,1,RN,RGF-Anexo 01,DespesaComPessoalLiquida,DESPESA LÍQUIDA COM PESSOAL (III) = (I - II),TOTAL (ÚLTIMOS 12 MESES) (a),10011452803.96,3303953,Rio Grande do Norte
2025,1,RN,RGF-Anexo 01,DespesaComPessoalLiquida,DESPESA LÍQUIDA COM PESSOAL (III) = (I - II),INSCRITAS EM RESTOS A PAGAR NÃO PROCESSADOS (b),4000679.16,3303953,Rio Grande do Norte
2025,1,RN,RGF-Anexo 01,ReceitaCorrenteLiquidaLimiteLegal,RECEITA CORRENTE LIQUIDA - RCL (IV),Valor,17908344622.69,3303953,Rio Grande do Norte
2025,1,RN,RGF-Anexo 01,DespesaComPessoalTotal,DESPESA TOTAL COM PESSOAL - DTP (VI) = (IIIa + IIIb),Valor,10015453483.12,3303953,Rio Grande do Norte
2025,1,RN,RGF-Anexo 01,DespesaComPessoalTotal,DESPESA TOTAL COM PESSOAL - DTP (VI) = (IIIa + IIIb),% sobre a RCL Ajustada,56.01,3303953,Rio Grande do Norte
2025,1,RN,RGF-Anexo 02,DividaConsolidada,DÍVIDA CONSOLIDADA - DC (I),SALDO DO EXERCÍCIO ANTERIOR,7201713061.97,3303953,Rio Grande do Norte
2025,1,RN,RGF-Anexo 02,DividaConsolidada,DÍVIDA CONSOLIDADA - DC (I),Até o 1º Quadrimestre,6342196943.49,3303953,Rio Grande do Norte
2025,1,RN,RGF-Anexo 02,DividaContratual,Dívida Contratual,SALDO DO EXERCÍCIO ANTERIOR,3565766102.01,3303953,Rio Grande do Norte
2025,1,RN,RGF-Anexo 02,DividaContratual,Dívida Contratual,Até o 1º Quadrimestre,3208653936.49,3303953,Rio Grande do Norte
2025,1,RN,RGF-Anexo 02,DividaConsolidadaLiquida,DÍVIDA CONSOLIDADA LÍQUIDA (DCL) (III) = (I - II),SALDO DO EXERCÍCIO ANTERIOR,6932442046.08,3303953,Rio Grande do Norte
2025,1,RN,RGF-Anexo 02,DividaConsolidadaLiquida,DÍVIDA CONSOLIDADA LÍQUIDA (DCL) (III) = (I - II),Até o 1º Quadrimestre,5805861451.53,3303953,Rio Grande do Norte
2025,2,RN,RGF-Anexo 01,DespesaComPessoalBruta,DESPESA BRUTA COM PESSOAL (I),<MR-11>,1072668224.7,3303953,Rio Grande do Norte
2025,2,RN,RGF-Anexo 01,DespesaComPessoalBruta,DESPESA BRUTA COM PESSOAL (I),<MR-10>,1057655212.45,3303953,Rio Grande do Norte
2025,2,RN,RGF-Anexo 01,DespesaComPessoalBruta,DESPESA BRUTA COM PESSOAL (I),<MR-9>,1112682356.65,3303953,Rio Grande do Norte
2025,2,RN,RGF-Anexo 01,DespesaComPessoalBruta,DESPESA BRUTA COM PESSOAL (I),<MR-8>,2050280357.17,3303953,Rio Grande do Norte
2025,2,RN,RGF-Anexo 01,DespesaComPessoalBruta,DESPESA BRUTA COM PESSOAL (I),<MR-7>,811049203.96,3303953,Rio Grande do Norte
2025,2,RN,RGF-Anexo 01,DespesaComPessoalBruta,DESPESA BRUTA COM PESSOAL (I),<MR-6>,1440860836.75,3303953,Rio Grande do Norte
2025,2,RN,RGF-Anexo 01,DespesaComPessoalBruta,DESPESA BRUTA COM PESSOAL (I),<MR-5>,1133727867.84,3303953,Rio Grande do Norte
2025,2,RN,RGF-Anexo 01,DespesaComPessoalBruta,DESPESA BRUTA COM PESSOAL (I),<MR-4>,1022440034.99,3303953,Rio Grande do Norte
2025,2,RN,RGF-Anexo 01,DespesaComPessoalBruta,DESPESA BRUTA COM PESSOAL (I),<MR-3>,1163320032.81,3303953,Rio Grande do Norte
2025,2,RN,RGF-Anexo 01,DespesaComPessoalBruta,DESPESA BRUTA COM PESSOAL (I),<MR-2>,1204508162.41,3303953,Rio Grande do Norte
2025,2,RN,RGF-Anexo 01,DespesaComPessoalBruta,DESPESA BRUTA COM PESSOAL (I),<MR-1>,1187922450.12,3303953,Rio Grande do Norte
2025,2,RN,RGF-Anexo 01,DespesaComPessoalBruta,DESPESA BRUTA COM PESSOAL (I),<MR>,1268267360.83,3303953,Rio Grande do Norte
2025,2,RN,RGF-Anexo 01,DespesaComPessoalBruta,DESPESA BRUTA COM PESSOAL (I),TOTAL (ÚLTIMOS 12 MESES) (a),14525382100.68,3303953,Rio Grande do Norte
2025,2,RN,RGF-Anexo 01,DespesaComPessoalBruta,DESPESA BRUTA COM PESSOAL (I),INSCRITAS EM RESTOS A PAGAR NÃO PROCESSADOS (b),4020802.48,3303953,Rio Grande do Norte
2025,2,RN,RGF-Anexo 01,DespesaComPessoalAtivoBruta,Pessoal Ativo,<MR-11>,622142840.22,3303953,Rio Grande do Norte
2025,2,RN,RGF-Anexo 01,DespesaComPessoalAtivoBruta,Pessoal Ativo,<MR-10>,606905988.37,3303953,Rio Grande do Norte
2025,2,RN,RGF-Anexo 01,DespesaComPessoalAtivoBruta,Pessoal Ativo,<MR-9>,676324212.34,3303953,Rio Grande do Norte
2025,2,RN,RGF-Anexo 01,DespesaComPessoalAtivoBruta,Pessoal Ativo,<MR-8>,1013055018.17,3303953,Rio Grande do Norte
2025,2,RN,RGF-Anexo 01,DespesaComPessoalAtivoBruta,Pessoal Ativo,<MR-7>,594245174.31,3303953,Rio Grande do Norte
2025,2,RN,RGF-Anexo 01,DespesaComPessoalAtivoBruta,Pessoal Ativo,<MR-6>,762542730.23,3303953,Rio Grande do Norte
2025,2,RN,RGF-Anexo 01,DespesaComPessoalAtivoBruta,Pessoal Ativo,<MR-5>,604888965.24,3303953,Rio Grande do Norte
2025,2,RN,RGF-Anexo 01,DespesaComPessoalAtivoBruta,Pessoal Ativo,<MR-4>,677236481.72,3303953,Rio Grande do Norte
2025,2,RN,RGF-Anexo 01,DespesaComPessoalAtivoBruta,Pessoal Ativo,<MR-3>,667901255.01,3303953,Rio Grande do Norte
2025,2,RN,RGF-Anexo 01,DespesaComPessoalAtivoBruta,Pessoal Ativo,<MR-2>,710587167.62,3303953,Rio Grande do Norte
2025,2,RN,RGF-Anexo 01,DespesaComPessoalAtivoBruta,Pessoal Ativo,<MR-1>,690432311.18,3303953,Rio Grande do Norte
2025,2,RN,RGF-Anexo 01,DespesaComPessoalAtivoBruta,Pessoal Ativo,<MR>,775193235.48,3303953,Rio Grande do Norte
2025,2,RN,RGF-Anexo 01,DespesaComPessoalAtivoBruta,Pessoal Ativo,TOTAL (ÚLTIMOS 12 MESES) (a),8401455379.89,3303953,Rio Grande do Norte
2025,2,RN,RGF-Anexo 01,DespesaComPessoalInativoEPensionistasBruta,Pessoal Inativo e Pensionistas,<MR-11>,434262072.67,3303953,Rio Grande do Norte
2025,2,RN,RGF-Anexo 01,DespesaComPessoalInativoEPensionistasBruta,Pessoal Inativo e Pensionistas,<MR-10>,435611912.33,3303953,Rio Grande do Norte
2025,2,RN,RGF-Anexo 01,DespesaComPessoalInativoEPensionistasBruta,Pessoal Inativo e Pensionistas,<MR-9>,425316598.4,3303953,Rio Grande do Norte
2025,2,RN,RGF-Anexo 01,DespesaComPessoalInativoEPensionistasBruta,Pessoal Inativo e Pensionistas,<MR-8>,545118962.82,3303953,Rio Grande do Norte
2025,2,RN,RGF-Anexo 01,DespesaComPessoalInativoEPensionistasBruta,Pessoal Inativo e Pensionistas,<MR-7>,468726124.81,3303953,Rio Grande do Norte
2025,2,RN,RGF-Anexo 01,DespesaComPessoalInativoEPensionistasBruta,Pessoal Inativo e Pensionistas,<MR-6>,676502240.48,3303953,Rio Grande do Norte
2025,2,RN,RGF-Anexo 01,DespesaComPessoalInativoEPensionistasBruta,Pessoal Inativo e Pensionistas,<MR-5>,569310065.13,3303953,Rio Grande do Norte
2025,2,RN,RGF-Anexo 01,DespesaComPessoalInativoEPensionistasBruta,Pessoal Inativo e Pensionistas,<MR-4>,475741003.73,3303953,Rio Grande do Norte
2025,2,RN,RGF-Anexo 01,DespesaComPessoalInativoEPensionistasBruta,Pessoal Inativo e Pensionistas,<MR-3>,475294150.11,3303953,Rio Grande do Norte
2025,2,RN,RGF-Anexo 01,DespesaComPessoalInativoEPensionistasBruta,Pessoal Inativo e Pensionistas,<MR-2>,476400613.3,3303953,Rio Grande do Norte
2025,2,RN,RGF-Anexo 01,DespesaComPessoalInativoEPensionistasBruta,Pessoal Inativo e Pensionistas,<MR-1>,480028293.07,3303953,Rio Grande do Norte
2025,2,RN,RGF-Anexo 01,DespesaComPessoalInativoEPensionistasBruta,Pessoal Inativo e Pensionistas,<MR>,478029317.29,3303953,Rio Grande do Norte
2025,2,RN,RGF-Anexo 01,DespesaComPessoalInativoEPensionistasBruta,Pessoal Inativo e Pensionistas,TOTAL (ÚLTIMOS 12 MESES) (a),5940341354.14,3303953,Rio Grande do Norte
2025,2,RN,RGF-Anexo 01,DespesaComPessoalLiquida,DESPESA LÍQUIDA COM PESSOAL (III) = (I - II),<MR-11>,808034762.88,3303953,Rio Grande do Norte
2025,2,RN,RGF-Anexo 01,DespesaComPessoalLiquida,DESPESA LÍQUIDA COM PESSOAL (III) = (I - II),<MR-10>,705912678.96,3303953,Rio Grande do Norte
2025,2,RN,RGF-Anexo 01,DespesaComPessoalLiquida,DESPESA LÍQUIDA COM PESSOAL (III) = (I - II),<MR-9>,755990879.47,3303953,Rio Grande do Norte
2025,2,RN,RGF-Anexo 01,DespesaComPessoalLiquida,DESPESA LÍQUIDA COM PESSOAL (III) = (I - II),<MR-8>,1294745730.8,3303953,Rio Grande do Norte
2025,2,RN,RGF-Anexo 01,DespesaComPessoalLiquida,DESPESA LÍQUIDA COM PESSOAL (III) = (I - II),<MR-7>,572148714.15,3303953,Rio Grande do Norte
2025,2,RN,RGF-Anexo 01,DespesaComPessoalLiquida,DESPESA LÍQUIDA COM PESSOAL (III) = (I - II),<MR-6>,1116291687.57,3303953,Rio Grande do Norte
2025,2,RN,RGF-Anexo 01,DespesaComPessoalLiquida,DESPESA LÍQUIDA COM PESSOAL (III) = (I - II),<MR-5>,836467413.06,3303953,Rio Grande do Norte
2025,2,RN,RGF-Anexo 01,DespesaComPessoalLiquida,DESPESA LÍQUIDA COM PESSOAL (III) = (I - II),<MR-4>,721253695.15,3303953,Rio Grande do Norte
2025,2,RN,RGF-Anexo 01,DespesaComPessoalLiquida,DESPESA LÍQUIDA COM PESSOAL (III) = (I - II),<MR-3>,877150974.46,3303953,Rio Grande do Norte
2025,2,RN,RGF-Anexo 01,DespesaComPessoalLiquida,DESPESA LÍQUIDA COM PESSOAL (III) = (I - II),<MR-2>,886997757.46,3303953,Rio Grande do Norte
2025,2,RN,RGF-Anexo 01,DespesaComPessoalLiquida,DESPESA LÍQUIDA COM PESSOAL (III) = (I - II),<MR-1>,856910962.24,3303953,Rio Grande do Norte
2025,2,RN,RGF-Anexo 01,DespesaComPessoalLiquida,DESPESA LÍQUIDA COM PESSOAL (III) = (I - II),<MR>,945318610.81,3303953,Rio Grande do Norte
2025,2,RN,RGF-Anexo 01,DespesaComPessoalLiquida,DESPESA LÍQUIDA COM PESSOAL (III) = (I - II),TOTAL (ÚLTIMOS 12 MESES) (a),10377223867.01,3303953,Rio Grande do Norte
2025,2,RN,RGF-Anexo 01,DespesaComPessoalLiquida,DESPESA LÍQUIDA COM PESSOAL (III) = (I - II),INSCRITAS EM RESTOS A PAGAR NÃO PROCESSADOS (b),4020802.48,3303953,Rio Grande do Norte
2025,2,RN,RGF-Anexo 01,ReceitaCorrenteLiquidaLimiteLegal,RECEITA CORRENTE LIQUIDA - RCL (IV),Valor,18649784102.28,3303953,Rio Grande do Norte
2025,2,RN,RGF-Anexo 01,DespesaComPessoalTotal,DESPESA TOTAL COM PESSOAL - DTP (VI) = (IIIa + IIIb),Valor,10381244669.49,3303953,Rio Grande do Norte
2025,2,RN,RGF-Anexo 01,DespesaComPessoalTotal,DESPESA TOTAL COM PESSOAL - DTP (VI) = (IIIa + IIIb),% sobre a RCL Ajustada,55.73,3303953,Rio Grande do Norte
2025,2,RN,RGF-Anexo 02,DividaConsolidada,DÍVIDA CONSOLIDADA - DC (I),SALDO DO EXERCÍCIO ANTERIOR,7201713061.97,3303953,Rio Grande do Norte
2025,2,RN,RGF-Anexo 02,DividaConsolidada,DÍVIDA CONSOLIDADA - DC (I),Até o 1º Quadrimestre,6342196943.49,3303953,Rio Grande do Norte
2025,2,RN,RGF-Anexo 02,DividaConsolidada,DÍVIDA CONSOLIDADA - DC (I),Até o 2º Quadrimestre,6291113177.93,3303953,Rio Grande do Norte
2025,2,RN,RGF-Anexo 02,DividaContratual,Dívida Contratual,SALDO DO EXERCÍCIO ANTERIOR,3565766102.01,3303953,Rio Grande do Norte
2025,2,RN,RGF-Anexo 02,DividaContratual,Dívida Contratual,Até o 1º Quadrimestre,3208653936.49,3303953,Rio Grande do Norte
2025,2,RN,RGF-Anexo 02,DividaContratual,Dívida Contratual,Até o 2º Quadrimestre,3340743991.58,3303953,Rio Grande do Norte
2025,2,RN,RGF-Anexo 02,DividaConsolidadaLiquida,DÍVIDA CONSOLIDADA LÍQUIDA (DCL) (III) = (I - II),SALDO DO EXERCÍCIO ANTERIOR,6932442046.08,3303953,Rio Grande do Norte
2025,2,RN,RGF-Anexo 02,DividaConsolidadaLiquida,DÍVIDA CONSOLIDADA LÍQUIDA (DCL) (III) = (I - II),Até o 1º Quadrimestre,5805861451.53,3303953,Rio Grande do Norte
2025,2,RN,RGF-Anexo 02,DividaConsolidadaLiquida,DÍVIDA CONSOLIDADA LÍQUIDA (DCL) (III) = (I - II),Até o 2º Quadrimestre,5631731086.1,3303953,Rio Grande do Norte
2025,3,RN,RGF-Anexo 01,DespesaComPessoalBruta,DESPESA BRUTA COM PESSOAL (I),<MR-11>,811049203.96,3303953,Rio Grande do Norte
2025,3,RN,RGF-Anexo 01,DespesaComPessoalBruta,DESPESA BRUTA COM PESSOAL (I),<MR-10>,1440860836.75,3303953,Rio Grande do Norte
2025,3,RN,RGF-Anexo 01,DespesaComPessoalBruta,DESPESA BRUTA COM PESSOAL (I),<MR-9>,1133727867.84,3303953,Rio Grande do Norte
2025,3,RN,RGF-Anexo 01,DespesaComPessoalBruta,DESPESA BRUTA COM PESSOAL (I),<MR-8>,1022440034.99,3303953,Rio Grande do Norte
2025,3,RN,RGF-Anexo 01,DespesaComPessoalBruta,DESPESA BRUTA COM PESSOAL (I),<MR-7>,1163320032.81,3303953,Rio Grande do Norte
2025,3,RN,RGF-Anexo 01,DespesaComPessoalBruta,DESPESA BRUTA COM PESSOAL (I),<MR-6>,1204508162.41,3303953,Rio Grande do Norte
2025,3,RN,RGF-Anexo 01,DespesaComPessoalBruta,DESPESA BRUTA COM PESSOAL (I),<MR-5>,1187922450.12,3303953,Rio Grande do Norte
2025,3,RN,RGF-Anexo 01,DespesaComPessoalBruta,DESPESA BRUTA COM PESSOAL (I),<MR-4>,1268267360.83,3303953,Rio Grande do Norte
2025,3,RN,RGF-Anexo 01,DespesaComPessoalBruta,DESPESA BRUTA COM PESSOAL (I),<MR-3>,1170750870.09,3303953,Rio Grande do Norte
2025,3,RN,RGF-Anexo 01,DespesaComPessoalBruta,DESPESA BRUTA COM PESSOAL (I),<MR-2>,1369582708.85,3303953,Rio Grande do Norte
2025,3,RN,RGF-Anexo 01,DespesaComPessoalBruta,DESPESA BRUTA COM PESSOAL (I),<MR-1>,1368244166.83,3303953,Rio Grande do Norte
2025,3,RN,RGF-Anexo 01,DespesaComPessoalBruta,DESPESA BRUTA COM PESSOAL (I),<MR>,2337947569.6,3303953,Rio Grande do Norte
2025,3,RN,RGF-Anexo 01,DespesaComPessoalBruta,DESPESA BRUTA COM PESSOAL (I),TOTAL (ÚLTIMOS 12 MESES) (a),15478621265.08,3303953,Rio Grande do Norte
2025,3,RN,RGF-Anexo 01,DespesaComPessoalBruta,DESPESA BRUTA COM PESSOAL (I),INSCRITAS EM RESTOS A PAGAR NÃO PROCESSADOS (b),3198333.35,3303953,Rio Grande do Norte
2025,3,RN,RGF-Anexo 01,DespesaComPessoalAtivoBruta,Pessoal Ativo,<MR-11>,594245174.31,3303953,Rio Grande do Norte
2025,3,RN,RGF-Anexo 01,DespesaComPessoalAtivoBruta,Pessoal Ativo,<MR-10>,762542730.23,3303953,Rio Grande do Norte
2025,3,RN,RGF-Anexo 01,DespesaComPessoalAtivoBruta,Pessoal Ativo,<MR-9>,604888965.24,3303953,Rio Grande do Norte
2025,3,RN,RGF-Anexo 01,DespesaComPessoalAtivoBruta,Pessoal Ativo,<MR-8>,677236481.72,3303953,Rio Grande do Norte
2025,3,RN,RGF-Anexo 01,DespesaComPessoalAtivoBruta,Pessoal Ativo,<MR-7>,667901255.01,3303953,Rio Grande do Norte
2025,3,RN,RGF-Anexo 01,DespesaComPessoalAtivoBruta,Pessoal Ativo,<MR-6>,710587167.62,3303953,Rio Grande do Norte
2025,3,RN,RGF-Anexo 01,DespesaComPessoalAtivoBruta,Pessoal Ativo,<MR-5>,690432311.18,3303953,Rio Grande do Norte
2025,3,RN,RGF-Anexo 01,DespesaComPessoalAtivoBruta,Pessoal Ativo,<MR-4>,775193235.48,3303953,Rio Grande do Norte
2025,3,RN,RGF-Anexo 01,DespesaComPessoalAtivoBruta,Pessoal Ativo,<MR-3>,669222312.13,3303953,Rio Grande do Norte
2025,3,RN,RGF-Anexo 01,DespesaComPessoalAtivoBruta,Pessoal Ativo,<MR-2>,870933986.97,3303953,Rio Grande do Norte
2025,3,RN,RGF-Anexo 01,DespesaComPessoalAtivoBruta,Pessoal Ativo,<MR-1>,872922241.11,3303953,Rio Grande do Norte
2025,3,RN,RGF-Anexo 01,DespesaComPessoalAtivoBruta,Pessoal Ativo,<MR>,1061699992.45,3303953,Rio Grande do Norte
2025,3,RN,RGF-Anexo 01,DespesaComPessoalAtivoBruta,Pessoal Ativo,TOTAL (ÚLTIMOS 12 MESES) (a),8957805853.45,3303953,Rio Grande do Norte
2025,3,RN,RGF-Anexo 01,DespesaComPessoalInativoEPensionistasBruta,Pessoal Inativo e Pensionistas,<MR-11>,468726124.81,3303953,Rio Grande do Norte
2025,3,RN,RGF-Anexo 01,DespesaComPessoalInativoEPensionistasBruta,Pessoal Inativo e Pensionistas,<MR-10>,676502240.48,3303953,Rio Grande do Norte
2025,3,RN,RGF-Anexo 01,DespesaComPessoalInativoEPensionistasBruta,Pessoal Inativo e Pensionistas,<MR-9>,569310065.13,3303953,Rio Grande do Norte
2025,3,RN,RGF-Anexo 01,DespesaComPessoalInativoEPensionistasBruta,Pessoal Inativo e Pensionistas,<MR-8>,475741003.73,3303953,Rio Grande do Norte
2025,3,RN,RGF-Anexo 01,DespesaComPessoalInativoEPensionistasBruta,Pessoal Inativo e Pensionistas,<MR-7>,475294150.11,3303953,Rio Grande do Norte
2025,3,RN,RGF-Anexo 01,DespesaComPessoalInativoEPensionistasBruta,Pessoal Inativo e Pensionistas,<MR-6>,476400613.3,3303953,Rio Grande do Norte
2025,3,RN,RGF-Anexo 01,DespesaComPessoalInativoEPensionistasBruta,Pessoal Inativo e Pensionistas,<MR-5>,480028293.07,3303953,Rio Grande do Norte
2025,3,RN,RGF-Anexo 01,DespesaComPessoalInativoEPensionistasBruta,Pessoal Inativo e Pensionistas,<MR-4>,478029317.29,3303953,Rio Grande do Norte
2025,3,RN,RGF-Anexo 01,DespesaComPessoalInativoEPensionistasBruta,Pessoal Inativo e Pensionistas,<MR-3>,483891542.92,3303953,Rio Grande do Norte
2025,3,RN,RGF-Anexo 01,DespesaComPessoalInativoEPensionistasBruta,Pessoal Inativo e Pensionistas,<MR-2>,484676341.05,3303953,Rio Grande do Norte
2025,3,RN,RGF-Anexo 01,DespesaComPessoalInativoEPensionistasBruta,Pessoal Inativo e Pensionistas,<MR-1>,481561618.3,3303953,Rio Grande do Norte
2025,3,RN,RGF-Anexo 01,DespesaComPessoalInativoEPensionistasBruta,Pessoal Inativo e Pensionistas,<MR>,622377990.79,3303953,Rio Grande do Norte
2025,3,RN,RGF-Anexo 01,DespesaComPessoalInativoEPensionistasBruta,Pessoal Inativo e Pensionistas,TOTAL (ÚLTIMOS 12 MESES) (a),6172539300.98,3303953,Rio Grande do Norte
2025,3,RN,RGF-Anexo 01,DespesaComPessoalLiquida,DESPESA LÍQUIDA COM PESSOAL (III) = (I - II),<MR-11>,572148714.15,3303953,Rio Grande do Norte
2025,3,RN,RGF-Anexo 01,DespesaComPessoalLiquida,DESPESA LÍQUIDA COM PESSOAL (III) = (I - II),<MR-10>,1116291687.57,3303953,Rio Grande do Norte
2025,3,RN,RGF-Anexo 01,DespesaComPessoalLiquida,DESPESA LÍQUIDA COM PESSOAL (III) = (I - II),<MR-9>,836467413.06,3303953,Rio Grande do Norte
2025,3,RN,RGF-Anexo 01,DespesaComPessoalLiquida,DESPESA LÍQUIDA COM PESSOAL (III) = (I - II),<MR-8>,721253695.15,3303953,Rio Grande do Norte
2025,3,RN,RGF-Anexo 01,DespesaComPessoalLiquida,DESPESA LÍQUIDA COM PESSOAL (III) = (I - II),<MR-7>,877150974.46,3303953,Rio Grande do Norte
2025,3,RN,RGF-Anexo 01,DespesaComPessoalLiquida,DESPESA LÍQUIDA COM PESSOAL (III) = (I - II),<MR-6>,886997757.46,3303953,Rio Grande do Norte
2025,3,RN,RGF-Anexo 01,DespesaComPessoalLiquida,DESPESA LÍQUIDA COM PESSOAL (III) = (I - II),<MR-5>,856910962.24,3303953,Rio Grande do Norte
2025,3,RN,RGF-Anexo 01,DespesaComPessoalLiquida,DESPESA LÍQUIDA COM PESSOAL (III) = (I - II),<MR-4>,945318610.81,3303953,Rio Grande do Norte
2025,3,RN,RGF-Anexo 01,DespesaComPessoalLiquida,DESPESA LÍQUIDA COM PESSOAL (III) = (I - II),<MR-3>,870930311.07,3303953,Rio Grande do Norte
2025,3,RN,RGF-Anexo 01,DespesaComPessoalLiquida,DESPESA LÍQUIDA COM PESSOAL (III) = (I - II),<MR-2>,898651219.87,3303953,Rio Grande do Norte
2025,3,RN,RGF-Anexo 01,DespesaComPessoalLiquida,DESPESA LÍQUIDA COM PESSOAL (III) = (I - II),<MR-1>,974999541.29,3303953,Rio Grande do Norte
2025,3,RN,RGF-Anexo 01,DespesaComPessoalLiquida,DESPESA LÍQUIDA COM PESSOAL (III) = (I - II),<MR>,1444032977.25,3303953,Rio Grande do Norte
2025,3,RN,RGF-Anexo 01,DespesaComPessoalLiquida,DESPESA LÍQUIDA COM PESSOAL (III) = (I - II),TOTAL (ÚLTIMOS 12 MESES) (a),11001153864.38,3303953,Rio Grande do Norte
2025,3,RN,RGF-Anexo 01,DespesaComPessoalLiquida,DESPESA LÍQUIDA COM PESSOAL (III) = (I - II),INSCRITAS EM RESTOS A PAGAR NÃO PROCESSADOS (b),3178041.24,3303953,Rio Grande do Norte
2025,3,RN,RGF-Anexo 01,ReceitaCorrenteLiquidaLimiteLegal,RECEITA CORRENTE LIQUIDA - RCL (IV),Valor,19513846659.98,3303953,Rio Grande do Norte
2025,3,RN,RGF-Anexo 01,DespesaComPessoalTotal,DESPESA TOTAL COM PESSOAL - DTP (VI) = (IIIa + IIIb),Valor,11004331905.62,3303953,Rio Grande do Norte
2025,3,RN,RGF-Anexo 01,DespesaComPessoalTotal,DESPESA TOTAL COM PESSOAL - DTP (VI) = (IIIa + IIIb),% sobre a RCL Ajustada,56.41,3303953,Rio Grande do Norte
2025,3,RN,RGF-Anexo 02,DividaConsolidada,DÍVIDA CONSOLIDADA - DC (I),SALDO DO EXERCÍCIO ANTERIOR,7201713061.97,3303953,Rio Grande do Norte
2025,3,RN,RGF-Anexo 02,DividaConsolidada,DÍVIDA CONSOLIDADA - DC (I),Até o 1º Quadrimestre,6342196943.49,3303953,Rio Grande do Norte
2025,3,RN,RGF-Anexo 02,DividaConsolidada,DÍVIDA CONSOLIDADA - DC (I),Até o 2º Quadrimestre,6291113177.93,3303953,Rio Grande do Norte
2025,3,RN,RGF-Anexo 02,DividaConsolidada,DÍVIDA CONSOLIDADA - DC (I),Até o 3º Quadrimestre,9741754359.71,3303953,Rio Grande do Norte
2025,3,RN,RGF-Anexo 02,DividaContratual,Dívida Contratual,SALDO DO EXERCÍCIO ANTERIOR,3565766102.01,3303953,Rio Grande do Norte
2025,3,RN,RGF-Anexo 02,DividaContratual,Dívida Contratual,Até o 1º Quadrimestre,3208653936.49,3303953,Rio Grande do Norte
2025,3,RN,RGF-Anexo 02,DividaContratual,Dívida Contratual,Até o 2º Quadrimestre,3340743991.58,3303953,Rio Grande do Norte
2025,3,RN,RGF-Anexo 02,DividaContratual,Dívida Contratual,Até o 3º Quadrimestre,3204264028.97,3303953,Rio Grande do Norte
2025,3,RN,RGF-Anexo 02,DividaConsolidadaLiquida,DÍVIDA CONSOLIDADA LÍQUIDA (DCL) (III) = (I - II),SALDO DO EXERCÍCIO ANTERIOR,6932442046.08,3303953,Rio Grande do Norte
2025,3,RN,RGF-Anexo 02,DividaConsolidadaLiquida,DÍVIDA CONSOLIDADA LÍQUIDA (DCL) (III) = (I - II),Até o 1º Quadrimestre,5805861451.53,3303953,Rio Grande do Norte
2025,3,RN,RGF-Anexo 02,DividaConsolidadaLiquida,DÍVIDA CONSOLIDADA LÍQUIDA (DCL) (III) = (I - II),Até o 2º Quadrimestre,5631731086.1,3303953,Rio Grande do Norte
2025,3,RN,RGF-Anexo 02,DividaConsolidadaLiquida,DÍVIDA CONSOLIDADA LÍQUIDA (DCL) (III) = (I - II),Até o 3º Quadrimestre,9472439843.82,3303953,Rio Grande do Norte
