exercicio,periodo,uf,anexo,cod_conta,conta,coluna,valor,populacao,uf_nome
2015,1,CE,RGF-Anexo 01,DespesaComPessoalBruta,DESPESA BRUTA COM PESSOAL (I),LIQUIDADAS (a),7411496898.32,8842791,Ceará
2015,1,CE,RGF-Anexo 01,DespesaComPessoalBruta,DESPESA BRUTA COM PESSOAL (I),INSCRITAS EM RESTOS A PAGAR NÃO PROCESSADOS (b),539324.44,8842791,Ceará
2015,1,CE,RGF-Anexo 01,DespesaComPessoalAtivoBruta,Pessoal Ativo,LIQUIDADAS (a),5393296598.93,8842791,Ceará
2015,1,CE,RGF-Anexo 01,DespesaComPessoalAtivoBruta,Pessoal Ativo,INSCRITAS EM RESTOS A PAGAR NÃO PROCESSADOS (b),1451.89,8842791,Ceará
2015,1,CE,RGF-Anexo 01,DespesaComPessoalInativoEPensionistasBruta,Pessoal Inativo e Pensionistas,LIQUIDADAS (a),1617202052.75,8842791,Ceará
2015,1,CE,RGF-Anexo 01,DespesaComPessoalLiquida,DESPESA LÍQUIDA COM PESSOAL (III) = (I - II),LIQUIDADAS (a),6590888291.27,8842791,Ceará
2015,1,CE,RGF-Anexo 01,DespesaComPessoalLiquida,DESPESA LÍQUIDA COM PESSOAL (III) = (I - II),INSCRITAS EM RESTOS A PAGAR NÃO PROCESSADOS (b),539324.44,8842791,Ceará
2015,1,CE,RGF-Anexo 01,ReceitaCorrenteLiquidaLimiteLegal,RECEITA CORRENTE LIQUIDA - RCL (IV),Valor,14825244507.63,8842791,Ceará
2015,1,CE,RGF-Anexo 01,DespesaComPessoalTotal,DESPESA TOTAL COM PESSOAL - DTP (V) = (III a + III b),Valor,6591427615.71,8842791,Ceará
2015,1,CE,RGF-Anexo 01,DespesaComPessoalTotal,DESPESA TOTAL COM PESSOAL - DTP (V) = (III a + III b),% sobre a RCL,44.46,8842791,Ceará
2015,1,CE,RGF-Anexo 02,DividaConsolidada,DÍVIDA CONSOLIDADA - DC (I),SALDO DO EXERCÍCIO ANTERIOR,8501127953.0,8842791,Ceará
2015,1,CE,RGF-Anexo 02,DividaConsolidada,DÍVIDA CONSOLIDADA - DC (I),Até o 1º Quadrimestre,8918752015.0,8842791,Ceará
2015,1,CE,RGF-Anexo 02,DividaContratual,Dívida Contratual,SALDO DO EXERCÍCIO ANTERIOR,7853594579.0,8842791,Ceará
2015,1,CE,RGF-Anexo 02,DividaContratual,Dívida Contratual,Até o 1º Quadrimestre,8271218641.0,8842791,Ceará
2015,1,CE,RGF-Anexo 02,DividaConsolidadaLiquida,DÍVIDA CONSOLIDADA LÍQUIDA (DCL) (III) = (I - II),SALDO DO EXERCÍCIO ANTERIOR,5912878069.0,8842791,Ceará
2015,1,CE,RGF-Anexo 02,DividaConsolidadaLiquida,DÍVIDA CONSOLIDADA LÍQUIDA (DCL) (III) = (I - II),Até o 1º Quadrimestre,5856319821.07,8842791,Ceará
2015,2,CE,RGF-Anexo 01,DespesaComPessoalBruta,DESPESA BRUTA COM PESSOAL (I),LIQUIDADAS (a),7632184774.14,8842791,Ceará
2015,2,CE,RGF-Anexo 01,DespesaComPessoalBruta,DESPESA BRUTA COM PESSOAL (I),INSCRITAS EM RESTOS A PAGAR NÃO PROCESSADOS (b),539324.44,8842791,Ceará
2015,2,CE,RGF-Anexo 01,DespesaComPessoalAtivoBruta,Pessoal Ativo,LIQUIDADAS (a),5551714978.4,8842791,Ceará
2015,2,CE,RGF-Anexo 01,DespesaComPessoalAtivoBruta,Pessoal Ativo,INSCRITAS EM RESTOS A PAGAR NÃO PROCESSADOS (b),1451.89,8842791,Ceará
2015,2,CE,RGF-Anexo 01,DespesaComPessoalInativoEPensionistasBruta,Pessoal Inativo e Pensionistas,LIQUIDADAS (a),1684460930.67,8842791,Ceará
2015,2,CE,RGF-Anexo 01,DespesaComPessoalLiquida,DESPESA LÍQUIDA COM PESSOAL (III) = (I - II),LIQUIDADAS (a),6843373044.71,8842791,Ceará
2015,2,CE,RGF-Anexo 01,DespesaComPessoalLiquida,DESPESA LÍQUIDA COM PESSOAL (III) = (I - II),INSCRITAS EM RESTOS A PAGAR NÃO PROCESSADOS (b),539324.44,8842791,Ceará
2015,2,CE,RGF-Anexo 01,ReceitaCorrenteLiquidaLimiteLegal,RECEITA CORRENTE LIQUIDA - RCL (IV),Valor,15063988391.5,8842791,Ceará
2015,2,CE,RGF-Anexo 01,DespesaComPessoalTotal,DESPESA TOTAL COM PESSOAL - DTP (V) = (III a + III b),Valor,6843912369.15,8842791,Ceará
2015,2,CE,RGF-Anexo 01,DespesaComPessoalTotal,DESPESA TOTAL COM PESSOAL - DTP (V) = (III a + III b),% sobre a RCL,45.43,8842791,Ceará
2015,2,CE,RGF-Anexo 02,DividaConsolidada,DÍVIDA CONSOLIDADA - DC (I),SALDO DO EXERCÍCIO ANTERIOR,8501127953.0,8842791,Ceará
2015,2,CE,RGF-Anexo 02,DividaConsolidada,DÍVIDA CONSOLIDADA - DC (I),Até o 1º Quadrimestre,8918752015.0,8842791,Ceará
2015,2,CE,RGF-Anexo 02,DividaConsolidada,DÍVIDA CONSOLIDADA - DC (I),Até o 2º Quadrimestre,10089924626.0,8842791,Ceará
2015,2,CE,RGF-Anexo 02,DividaContratual,Dívida Contratual,SALDO DO EXERCÍCIO ANTERIOR,7853594579.0,8842791,Ceará
2015,2,CE,RGF-Anexo 02,DividaContratual,Dívida Contratual,Até o 1º Quadrimestre,8271218641.0,8842791,Ceará
2015,2,CE,RGF-Anexo 02,DividaContratual,Dívida Contratual,Até o 2º Quadrimestre,9442391252.0,8842791,Ceará
2015,2,CE,RGF-Anexo 02,DividaConsolidadaLiquida,DÍVIDA CONSOLIDADA LÍQUIDA (DCL) (III) = (I - II),SALDO DO EXERCÍCIO ANTERIOR,6084983357.0,8842791,Ceará
2015,2,CE,RGF-Anexo 02,DividaConsolidadaLiquida,DÍVIDA CONSOLIDADA LÍQUIDA (DCL) (III) = (I - II),Até o 1º Quadrimestre,5856319821.0,8842791,Ceará
2015,2,CE,RGF-Anexo 02,DividaConsolidadaLiquida,DÍVIDA CONSOLIDADA LÍQUIDA (DCL) (III) = (I - II),Até o 2º Quadrimestre,7582150182.0,8842791,Ceará
2015,3,CE,RGF-Anexo 01,DespesaComPessoalBruta,DESPESA BRUTA COM PESSOAL (I),LIQUIDADAS (a),7854485539.82,8842791,Ceará
2015,3,CE,RGF-Anexo 01,DespesaComPessoalBruta,DESPESA BRUTA COM PESSOAL (I),INSCRITAS EM RESTOS A PAGAR NÃO PROCESSADOS (b),4309909.62,8842791,Ceará
2015,3,CE,RGF-Anexo 01,DespesaComPessoalAtivoBruta,Pessoal Ativo,LIQUIDADAS (a),5703076573.47,8842791,Ceará
2015,3,CE,RGF-Anexo 01,DespesaComPessoalAtivoBruta,Pessoal Ativo,INSCRITAS EM RESTOS A PAGAR NÃO PROCESSADOS (b),584677.52,8842791,Ceará
2015,3,CE,RGF-Anexo 01,DespesaComPessoalInativoEPensionistasBruta,Pessoal Inativo e Pensionistas,LIQUIDADAS (a),1755843763.1,8842791,Ceará
2015,3,CE,RGF-Anexo 01,DespesaComPessoalLiquida,DESPESA LÍQUIDA COM PESSOAL (III) = (I - II),LIQUIDADAS (a),6966555122.05,8842791,Ceará
2015,3,CE,RGF-Anexo 01,DespesaComPessoalLiquida,DESPESA LÍQUIDA COM PESSOAL (III) = (I - II),INSCRITAS EM RESTOS A PAGAR NÃO PROCESSADOS (b),4304759.34,8842791,Ceará
2015,3,CE,RGF-Anexo 01,ReceitaCorrenteLiquidaLimiteLegal,RECEITA CORRENTE LIQUIDA - RCL (IV),Valor,15176440113.0,8842791,Ceará
2015,3,CE,RGF-Anexo 01,DespesaComPessoalTotal,DESPESA TOTAL COM PESSOAL - DTP (V) = (III a + III b),Valor,6970859881.39,8842791,Ceará
2015,3,CE,RGF-Anexo 01,DespesaComPessoalTotal,DESPESA TOTAL COM PESSOAL - DTP (V) = (III a + III b),% sobre a RCL,45.93,8842791,Ceará
2015,3,CE,RGF-Anexo 02,DividaConsolidada,DÍVIDA CONSOLIDADA - DC (I),SALDO DO EXERCÍCIO ANTERIOR,8501127953.0,8842791,Ceará
2015,3,CE,RGF-Anexo 02,DividaConsolidada,DÍVIDA CONSOLIDADA - DC (I),Até o 1º Quadrimestre,8918752015.0,8842791,Ceará
2015,3,CE,RGF-Anexo 02,DividaConsolidada,DÍVIDA CONSOLIDADA - DC (I),Até o 2º Quadrimestre,10089924626.0,8842791,Ceará
2015,3,CE,RGF-Anexo 02,DividaConsolidada,DÍVIDA CONSOLIDADA - DC (I),Até o 3º Quadrimestre,11113041943.0,8842791,Ceará
2015,3,CE,RGF-Anexo 02,DividaContratual,Dívida Contratual,SALDO DO EXERCÍCIO ANTERIOR,7853594579.0,8842791,Ceará
2015,3,CE,RGF-Anexo 02,DividaContratual,Dívida Contratual,Até o 1º Quadrimestre,8271218641.0,8842791,Ceará
2015,3,CE,RGF-Anexo 02,DividaContratual,Dívida Contratual,Até o 2º Quadrimestre,9442391252.0,8842791,Ceará
2015,3,CE,RGF-Anexo 02,DividaContratual,Dívida Contratual,Até o 3º Quadrimestre,10512642779.0,8842791,Ceará
2015,3,CE,RGF-Anexo 02,DividaConsolidadaLiquida,DÍVIDA CONSOLIDADA LÍQUIDA (DCL) (III) = (I - II),SALDO DO EXERCÍCIO ANTERIOR,6084983357.0,8842791,Ceará
2015,3,CE,RGF-Anexo 02,DividaConsolidadaLiquida,DÍVIDA CONSOLIDADA LÍQUIDA (DCL) (III) = (I - II),Até o 1º Quadrimestre,5856319821.0,8842791,Ceará
2015,3,CE,RGF-Anexo 02,DividaConsolidadaLiquida,DÍVIDA CONSOLIDADA LÍQUIDA (DCL) (III) = (I - II),Até o 2º Quadrimestre,7582150182.0,8842791,Ceará
2015,3,CE,RGF-Anexo 02,DividaConsolidadaLiquida,DÍVIDA CONSOLIDADA LÍQUIDA (DCL) (III) = (I - II),Até o 3º Quadrimestre,9369812567.0,8842791,Ceará
2016,1,CE,RGF-Anexo 01,DespesaComPessoalBruta,DESPESA BRUTA COM PESSOAL (I),"DESPESAS LIQUIDADAS 
(a)",7977393711.38,8904459,Ceará
2016,1,CE,RGF-Anexo 01,DespesaComPessoalAtivoBruta,Pessoal Ativo,"DESPESAS LIQUIDADAS 
(a)",5767407257.43,8904459,Ceará
2016,1,CE,RGF-Anexo 01,DespesaComPessoalInativoEPensionistasBruta,Pessoal Inativo e Pensionistas,"DESPESAS LIQUIDADAS 
(a)",1798576549.53,8904459,Ceará
2016,1,CE,RGF-Anexo 01,DespesaComPessoalLiquida,DESPESA LÍQUIDA COM PESSOAL (III) = (I - II),"DESPESAS LIQUIDADAS 
(a)",6892779827.01,8904459,Ceará
2016,1,CE,RGF-Anexo 01,ReceitaCorrenteLiquidaLimiteLegal,RECEITA CORRENTE LIQUIDA - RCL (IV),Valor,15573029856.0,8904459,Ceará
2016,1,CE,RGF-Anexo 01,DespesaComPessoalTotal,DESPESA TOTAL COM PESSOAL - DTP (V) = (III a + III b),Valor,6892779827.01,8904459,Ceará
2016,1,CE,RGF-Anexo 01,DespesaComPessoalTotal,DESPESA TOTAL COM PESSOAL - DTP (V) = (III a + III b),% sobre a RCL,44.26,8904459,Ceará
2016,1,CE,RGF-Anexo 02,DividaConsolidada,DÍVIDA CONSOLIDADA - DC (I),SALDO DO EXERCÍCIO ANTERIOR,11113041943.0,8904459,Ceará
2016,1,CE,RGF-Anexo 02,DividaConsolidada,DÍVIDA CONSOLIDADA - DC (I),Até o 1º Quadrimestre,10602035069.64,8904459,Ceará
2016,1,CE,RGF-Anexo 02,DividaContratual,Dívida Contratual,SALDO DO EXERCÍCIO ANTERIOR,10512642779.0,8904459,Ceará
2016,1,CE,RGF-Anexo 02,DividaContratual,Dívida Contratual,Até o 1º Quadrimestre,10001635905.38,8904459,Ceará
2016,1,CE,RGF-Anexo 02,DividaConsolidadaLiquida,DÍVIDA CONSOLIDADA LÍQUIDA (DCL) (III) = (I - II),SALDO DO EXERCÍCIO ANTERIOR,9369812567.0,8904459,Ceará
2016,1,CE,RGF-Anexo 02,DividaConsolidadaLiquida,DÍVIDA CONSOLIDADA LÍQUIDA (DCL) (III) = (I - II),Até o 1º Quadrimestre,7750376405.06,8904459,Ceará
2016,2,CE,RGF-Anexo 01,DespesaComPessoalBruta,DESPESA BRUTA COM PESSOAL (I),"DESPESAS LIQUIDADAS 
(a)",8072522379.09,8904459,Ceará
2016,2,CE,RGF-Anexo 01,DespesaComPessoalBruta,DESPESA BRUTA COM PESSOAL (I),DESPESAS INSCRITAS EM RESTOS A PAGAR NÃO PROCESSADOS (b),4309909.62,8904459,Ceará
2016,2,CE,RGF-Anexo 01,DespesaComPessoalAtivoBruta,Pessoal Ativo,"DESPESAS LIQUIDADAS 
(a)",5789589131.12,8904459,Ceará
2016,2,CE,RGF-Anexo 01,DespesaComPessoalAtivoBruta,Pessoal Ativo,DESPESAS INSCRITAS EM RESTOS A PAGAR NÃO PROCESSADOS (b),584677.52,8904459,Ceará
2016,2,CE,RGF-Anexo 01,DespesaComPessoalInativoEPensionistasBruta,Pessoal Inativo e Pensionistas,"DESPESAS LIQUIDADAS 
(a)",1836469329.69,8904459,Ceará
2016,2,CE,RGF-Anexo 01,DespesaComPessoalLiquida,DESPESA LÍQUIDA COM PESSOAL (III) = (I - II),"DESPESAS LIQUIDADAS 
(a)",6968326398.32,8904459,Ceará
2016,2,CE,RGF-Anexo 01,DespesaComPessoalLiquida,DESPESA LÍQUIDA COM PESSOAL (III) = (I - II),DESPESAS INSCRITAS EM RESTOS A PAGAR NÃO PROCESSADOS (b),4304759.34,8904459,Ceará
2016,2,CE,RGF-Anexo 01,ReceitaCorrenteLiquidaLimiteLegal,RECEITA CORRENTE LIQUIDA - RCL (IV),Valor,16334106614.35,8904459,Ceará
2016,2,CE,RGF-Anexo 01,DespesaComPessoalTotal,DESPESA TOTAL COM PESSOAL - DTP (V) = (III a + III b),Valor,6972631157.66,8904459,Ceará
2016,2,CE,RGF-Anexo 01,DespesaComPessoalTotal,DESPESA TOTAL COM PESSOAL - DTP (V) = (III a + III b),% sobre a RCL,42.69,8904459,Ceará
2016,2,CE,RGF-Anexo 02,DividaConsolidada,DÍVIDA CONSOLIDADA - DC (I),SALDO DO EXERCÍCIO ANTERIOR,11113041943.0,8904459,Ceará
2016,2,CE,RGF-Anexo 02,DividaConsolidada,DÍVIDA CONSOLIDADA - DC (I),Até o 1º Quadrimestre,10602035069.64,8904459,Ceará
2016,2,CE,RGF-Anexo 02,DividaConsolidada,DÍVIDA CONSOLIDADA - DC (I),Até o 2º Quadrimestre,10195007224.79,8904459,Ceará
2016,2,CE,RGF-Anexo 02,DividaContratual,Dívida Contratual,SALDO DO EXERCÍCIO ANTERIOR,10512642779.0,8904459,Ceará
2016,2,CE,RGF-Anexo 02,DividaContratual,Dívida Contratual,Até o 1º Quadrimestre,10001635905.38,8904459,Ceará
2016,2,CE,RGF-Anexo 02,DividaContratual,Dívida Contratual,Até o 2º Quadrimestre,9594608060.53,8904459,Ceará
2016,2,CE,RGF-Anexo 02,DividaConsolidadaLiquida,DÍVIDA CONSOLIDADA LÍQUIDA (DCL) (III) = (I - II),SALDO DO EXERCÍCIO ANTERIOR,9369812567.0,8904459,Ceará
2016,2,CE,RGF-Anexo 02,DividaConsolidadaLiquida,DÍVIDA CONSOLIDADA LÍQUIDA (DCL) (III) = (I - II),Até o 1º Quadrimestre,7750376405.06,8904459,Ceará
2016,2,CE,RGF-Anexo 02,DividaConsolidadaLiquida,DÍVIDA CONSOLIDADA LÍQUIDA (DCL) (III) = (I - II),Até o 2º Quadrimestre,7623120270.04,8904459,Ceará
2016,3,CE,RGF-Anexo 01,DespesaComPessoalBruta,DESPESA BRUTA COM PESSOAL (I),"DESPESAS LIQUIDADAS 
(a)",8323650441.81,8904459,Ceará
2016,3,CE,RGF-Anexo 01,DespesaComPessoalBruta,DESPESA BRUTA COM PESSOAL (I),DESPESAS INSCRITAS EM RESTOS A PAGAR NÃO PROCESSADOS (b),7679644.53,8904459,Ceará
2016,3,CE,RGF-Anexo 01,DespesaComPessoalAtivoBruta,Pessoal Ativo,"DESPESAS LIQUIDADAS 
(a)",5920430905.1,8904459,Ceará
2016,3,CE,RGF-Anexo 01,DespesaComPessoalAtivoBruta,Pessoal Ativo,DESPESAS INSCRITAS EM RESTOS A PAGAR NÃO PROCESSADOS (b),21170.11,8904459,Ceará
2016,3,CE,RGF-Anexo 01,DespesaComPessoalInativoEPensionistasBruta,Pessoal Inativo e Pensionistas,"DESPESAS LIQUIDADAS 
(a)",1916783042.0,8904459,Ceará
2016,3,CE,RGF-Anexo 01,DespesaComPessoalLiquida,DESPESA LÍQUIDA COM PESSOAL (III) = (I - II),"DESPESAS LIQUIDADAS 
(a)",7247048998.37,8904459,Ceará
2016,3,CE,RGF-Anexo 01,DespesaComPessoalLiquida,DESPESA LÍQUIDA COM PESSOAL (III) = (I - II),DESPESAS INSCRITAS EM RESTOS A PAGAR NÃO PROCESSADOS (b),7679644.53,8904459,Ceará
2016,3,CE,RGF-Anexo 01,ReceitaCorrenteLiquidaLimiteLegal,RECEITA CORRENTE LIQUIDA - RCL (IV),Valor,17831937421.85,8904459,Ceará
2016,3,CE,RGF-Anexo 01,DespesaComPessoalTotal,DESPESA TOTAL COM PESSOAL - DTP (V) = (III a + III b),Valor,7254728642.9,8904459,Ceará
2016,3,CE,RGF-Anexo 01,DespesaComPessoalTotal,DESPESA TOTAL COM PESSOAL - DTP (V) = (III a + III b),% sobre a RCL,40.68,8904459,Ceará
2016,3,CE,RGF-Anexo 02,DividaConsolidada,DÍVIDA CONSOLIDADA - DC (I),SALDO DO EXERCÍCIO ANTERIOR,11113041943.0,8904459,Ceará
2016,3,CE,RGF-Anexo 02,DividaConsolidada,DÍVIDA CONSOLIDADA - DC (I),Até o 1º Quadrimestre,10602035069.64,8904459,Ceará
2016,3,CE,RGF-Anexo 02,DividaConsolidada,DÍVIDA CONSOLIDADA - DC (I),Até o 2º Quadrimestre,10195007224.79,8904459,Ceará
2016,3,CE,RGF-Anexo 02,DividaConsolidada,DÍVIDA CONSOLIDADA - DC (I),Até o 3º Quadrimestre,10518535190.36,8904459,Ceará
2016,3,CE,RGF-Anexo 02,DividaContratual,Dívida Contratual,SALDO DO EXERCÍCIO ANTERIOR,10512642779.0,8904459,Ceará
2016,3,CE,RGF-Anexo 02,DividaContratual,Dívida Contratual,Até o 1º Quadrimestre,10001635905.38,8904459,Ceará
2016,3,CE,RGF-Anexo 02,DividaContratual,Dívida Contratual,Até o 2º Quadrimestre,9594608060.53,8904459,Ceará
2016,3,CE,RGF-Anexo 02,DividaContratual,Dívida Contratual,Até o 3º Quadrimestre,9902548744.5,8904459,Ceará
2016,3,CE,RGF-Anexo 02,DividaConsolidadaLiquida,DÍVIDA CONSOLIDADA LÍQUIDA (DCL) (III) = (I - II),SALDO DO EXERCÍCIO ANTERIOR,9369812567.0,8904459,Ceará
2016,3,CE,RGF-Anexo 02,DividaConsolidadaLiquida,DÍVIDA CONSOLIDADA LÍQUIDA (DCL) (III) = (I - II),Até o 1º Quadrimestre,7750376405.06,8904459,Ceará
2016,3,CE,RGF-Anexo 02,DividaConsolidadaLiquida,DÍVIDA CONSOLIDADA LÍQUIDA (DCL) (III) = (I - II),Até o 2º Quadrimestre,7623120270.04,8904459,Ceará
2016,3,CE,RGF-Anexo 02,DividaConsolidadaLiquida,DÍVIDA CONSOLIDADA LÍQUIDA (DCL) (III) = (I - II),Até o 3º Quadrimestre,7775059293.02,8904459,Ceará
2017,1,CE,RGF-Anexo 01,DespesaComPessoalBruta,DESPESA BRUTA COM PESSOAL (I),"DESPESAS LIQUIDADAS 
(a)",8431381455.93,8963663,Ceará
2017,1,CE,RGF-Anexo 01,DespesaComPessoalBruta,DESPESA BRUTA COM PESSOAL (I),DESPESAS INSCRITAS EM RESTOS A PAGAR NÃO PROCESSADOS (b),7679644.53,8963663,Ceará
2017,1,CE,RGF-Anexo 01,DespesaComPessoalAtivoBruta,Pessoal Ativo,"DESPESAS LIQUIDADAS 
(a)",5943108736.19,8963663,Ceará
2017,1,CE,RGF-Anexo 01,DespesaComPessoalAtivoBruta,Pessoal Ativo,DESPESAS INSCRITAS EM RESTOS A PAGAR NÃO PROCESSADOS (b),21170.11,8963663,Ceará
2017,1,CE,RGF-Anexo 01,DespesaComPessoalInativoEPensionistasBruta,Pessoal Inativo e Pensionistas,"DESPESAS LIQUIDADAS 
(a)",1976070018.91,8963663,Ceará
2017,1,CE,RGF-Anexo 01,DespesaComPessoalLiquida,DESPESA LÍQUIDA COM PESSOAL (III) = (I - II),"DESPESAS LIQUIDADAS 
(a)",7431112953.92,8963663,Ceará
2017,1,CE,RGF-Anexo 01,DespesaComPessoalLiquida,DESPESA LÍQUIDA COM PESSOAL (III) = (I - II),DESPESAS INSCRITAS EM RESTOS A PAGAR NÃO PROCESSADOS (b),7679644.53,8963663,Ceará
2017,1,CE,RGF-Anexo 01,ReceitaCorrenteLiquidaLimiteLegal,RECEITA CORRENTE LIQUIDA - RCL (IV),Valor,18070171732.55,8963663,Ceará
2017,1,CE,RGF-Anexo 01,ReceitaCorrenteLiquidaLimiteLegal,RECEITA CORRENTE LIQUIDA - RCL (IV),% sobre a RCL Ajustada,100.0,8963663,Ceará
2017,1,CE,RGF-Anexo 01,DespesaComPessoalTotal,DESPESA TOTAL COM PESSOAL - DTP (VII) = (IIIa + IIIb),Valor,7438792598.45,8963663,Ceará
2017,1,CE,RGF-Anexo 01,DespesaComPessoalTotal,DESPESA TOTAL COM PESSOAL - DTP (VII) = (IIIa + IIIb),% sobre a RCL Ajustada,41.17,8963663,Ceará
2017,1,CE,RGF-Anexo 02,DividaConsolidada,DÍVIDA CONSOLIDADA - DC (I),SALDO DO EXERCÍCIO ANTERIOR,10518535190.36,8963663,Ceará
2017,1,CE,RGF-Anexo 02,DividaConsolidada,DÍVIDA CONSOLIDADA - DC (I),Até o 1º Quadrimestre,10299350627.32,8963663,Ceará
2017,1,CE,RGF-Anexo 02,DividaContratual,Dívida Contratual,SALDO DO EXERCÍCIO ANTERIOR,9902548744.5,8963663,Ceará
2017,1,CE,RGF-Anexo 02,DividaContratual,Dívida Contratual,Até o 1º Quadrimestre,9683364181.46,8963663,Ceará
2017,1,CE,RGF-Anexo 02,DividaConsolidadaLiquida,DÍVIDA CONSOLIDADA LÍQUIDA (DCL) (III) = (I - II),SALDO DO EXERCÍCIO ANTERIOR,7775059293.02,8963663,Ceará
2017,1,CE,RGF-Anexo 02,DividaConsolidadaLiquida,DÍVIDA CONSOLIDADA LÍQUIDA (DCL) (III) = (I - II),Até o 1º Quadrimestre,6646764700.04,8963663,Ceará
2017,2,CE,RGF-Anexo 01,DespesaComPessoalBruta,DESPESA BRUTA COM PESSOAL (I),"DESPESAS LIQUIDADAS 
(a)",8660816998.71,8963663,Ceará
2017,2,CE,RGF-Anexo 01,DespesaComPessoalBruta,DESPESA BRUTA COM PESSOAL (I),DESPESAS INSCRITAS EM RESTOS A PAGAR NÃO PROCESSADOS (b),7679644.53,8963663,Ceará
2017,2,CE,RGF-Anexo 01,DespesaComPessoalAtivoBruta,Pessoal Ativo,"DESPESAS LIQUIDADAS 
(a)",6093760122.16,8963663,Ceará
2017,2,CE,RGF-Anexo 01,DespesaComPessoalAtivoBruta,Pessoal Ativo,DESPESAS INSCRITAS EM RESTOS A PAGAR NÃO PROCESSADOS (b),21170.11,8963663,Ceará
2017,2,CE,RGF-Anexo 01,DespesaComPessoalInativoEPensionistasBruta,Pessoal Inativo e Pensionistas,"DESPESAS LIQUIDADAS 
(a)",2040032094.2,8963663,Ceará
2017,2,CE,RGF-Anexo 01,DespesaComPessoalLiquida,DESPESA LÍQUIDA COM PESSOAL (III) = (I - II),"DESPESAS LIQUIDADAS 
(a)",7520274473.32,8963663,Ceará
2017,2,CE,RGF-Anexo 01,DespesaComPessoalLiquida,DESPESA LÍQUIDA COM PESSOAL (III) = (I - II),DESPESAS INSCRITAS EM RESTOS A PAGAR NÃO PROCESSADOS (b),7679644.53,8963663,Ceará
2017,2,CE,RGF-Anexo 01,ReceitaCorrenteLiquidaLimiteLegal,RECEITA CORRENTE LIQUIDA - RCL (IV),Valor,18229772852.82,8963663,Ceará
2017,2,CE,RGF-Anexo 01,ReceitaCorrenteLiquidaLimiteLegal,RECEITA CORRENTE LIQUIDA - RCL (IV),% sobre a RCL Ajustada,100.0,8963663,Ceará
2017,2,CE,RGF-Anexo 01,DespesaComPessoalTotal,DESPESA TOTAL COM PESSOAL - DTP (VII) = (IIIa + IIIb),Valor,7527954117.85,8963663,Ceará
2017,2,CE,RGF-Anexo 01,DespesaComPessoalTotal,DESPESA TOTAL COM PESSOAL - DTP (VII) = (IIIa + IIIb),% sobre a RCL Ajustada,41.36,8963663,Ceará
2017,2,CE,RGF-Anexo 02,DividaConsolidada,DÍVIDA CONSOLIDADA - DC (I),SALDO DO EXERCÍCIO ANTERIOR,10518535190.36,8963663,Ceará
2017,2,CE,RGF-Anexo 02,DividaConsolidada,DÍVIDA CONSOLIDADA - DC (I),Até o 1º Quadrimestre,10299350627.32,8963663,Ceará
2017,2,CE,RGF-Anexo 02,DividaConsolidada,DÍVIDA CONSOLIDADA - DC (I),Até o 2º Quadrimestre,10242515708.59,8963663,Ceará
2017,2,CE,RGF-Anexo 02,DividaContratual,Dívida Contratual,SALDO DO EXERCÍCIO ANTERIOR,9902548744.5,8963663,Ceará
2017,2,CE,RGF-Anexo 02,DividaContratual,Dívida Contratual,Até o 1º Quadrimestre,9683364181.46,8963663,Ceará
2017,2,CE,RGF-Anexo 02,DividaContratual,Dívida Contratual,Até o 2º Quadrimestre,9626529262.73,8963663,Ceará
2017,2,CE,RGF-Anexo 02,DividaConsolidadaLiquida,DÍVIDA CONSOLIDADA LÍQUIDA (DCL) (III) = (I - II),SALDO DO EXERCÍCIO ANTERIOR,7775059293.02,8963663,Ceará
2017,2,CE,RGF-Anexo 02,DividaConsolidadaLiquida,DÍVIDA CONSOLIDADA LÍQUIDA (DCL) (III) = (I - II),Até o 1º Quadrimestre,6646764700.04,8963663,Ceará
2017,2,CE,RGF-Anexo 02,DividaConsolidadaLiquida,DÍVIDA CONSOLIDADA LÍQUIDA (DCL) (III) = (I - II),Até o 2º Quadrimestre,6907427089.11,8963663,Ceará
2017,3,CE,RGF-Anexo 01,DespesaComPessoalBruta,DESPESA BRUTA COM PESSOAL (I),"DESPESAS LIQUIDADAS 
(a)",8822243973.36,8963663,Ceará
2017,3,CE,RGF-Anexo 01,DespesaComPessoalBruta,DESPESA BRUTA COM PESSOAL (I),DESPESAS INSCRITAS EM RESTOS A PAGAR NÃO PROCESSADOS (b),4275445.2,8963663,Ceará
2017,3,CE,RGF-Anexo 01,DespesaComPessoalAtivoBruta,Pessoal Ativo,"DESPESAS LIQUIDADAS 
(a)",6163518852.13,8963663,Ceará
2017,3,CE,RGF-Anexo 01,DespesaComPessoalInativoEPensionistasBruta,Pessoal Inativo e Pensionistas,"DESPESAS LIQUIDADAS 
(a)",2095002860.32,8963663,Ceará
2017,3,CE,RGF-Anexo 01,DespesaComPessoalLiquida,DESPESA LÍQUIDA COM PESSOAL (III) = (I - II),"DESPESAS LIQUIDADAS 
(a)",7535496304.1,8963663,Ceará
2017,3,CE,RGF-Anexo 01,DespesaComPessoalLiquida,DESPESA LÍQUIDA COM PESSOAL (III) = (I - II),DESPESAS INSCRITAS EM RESTOS A PAGAR NÃO PROCESSADOS (b),4275445.2,8963663,Ceará
2017,3,CE,RGF-Anexo 01,ReceitaCorrenteLiquidaLimiteLegal,RECEITA CORRENTE LIQUIDA - RCL (IV),Valor,17779471739.21,8963663,Ceará
2017,3,CE,RGF-Anexo 01,DespesaComPessoalTotal,DESPESA TOTAL COM PESSOAL - DTP (VII) = (IIIa + IIIb),Valor,7539771749.3,8963663,Ceará
2017,3,CE,RGF-Anexo 01,DespesaComPessoalTotal,DESPESA TOTAL COM PESSOAL - DTP (VII) = (IIIa + IIIb),% sobre a RCL Ajustada,42.45,8963663,Ceará
2017,3,CE,RGF-Anexo 02,DividaConsolidada,DÍVIDA CONSOLIDADA - DC (I),SALDO DO EXERCÍCIO ANTERIOR,10518535190.36,8963663,Ceará
2017,3,CE,RGF-Anexo 02,DividaConsolidada,DÍVIDA CONSOLIDADA - DC (I),Até o 1º Quadrimestre,10299350627.32,8963663,Ceará
2017,3,CE,RGF-Anexo 02,DividaConsolidada,DÍVIDA CONSOLIDADA - DC (I),Até o 2º Quadrimestre,10242515708.59,8963663,Ceará
2017,3,CE,RGF-Anexo 02,DividaConsolidada,DÍVIDA CONSOLIDADA - DC (I),Até o 3º Quadrimestre,11820226140.19,8963663,Ceará
2017,3,CE,RGF-Anexo 02,DividaContratual,Dívida Contratual,SALDO DO EXERCÍCIO ANTERIOR,9902548744.5,8963663,Ceará
2017,3,CE,RGF-Anexo 02,DividaContratual,Dívida Contratual,Até o 1º Quadrimestre,9683364181.46,8963663,Ceará
2017,3,CE,RGF-Anexo 02,DividaContratual,Dívida Contratual,Até o 2º Quadrimestre,9626529262.73,8963663,Ceará
2017,3,CE,RGF-Anexo 02,DividaContratual,Dívida Contratual,Até o 3º Quadrimestre,11295560450.27,8963663,Ceará
2017,3,CE,RGF-Anexo 02,DividaConsolidadaLiquida,DÍVIDA CONSOLIDADA LÍQUIDA (DCL) (III) = (I - II),SALDO DO EXERCÍCIO ANTERIOR,7775059293.02,8963663,Ceará
2017,3,CE,RGF-Anexo 02,DividaConsolidadaLiquida,DÍVIDA CONSOLIDADA LÍQUIDA (DCL) (III) = (I - II),Até o 1º Quadrimestre,6646764700.04,8963663,Ceará
2017,3,CE,RGF-Anexo 02,DividaConsolidadaLiquida,DÍVIDA CONSOLIDADA LÍQUIDA (DCL) (III) = (I - II),Até o 2º Quadrimestre,6907427089.11,8963663,Ceará
2017,3,CE,RGF-Anexo 02,DividaConsolidadaLiquida,DÍVIDA CONSOLIDADA LÍQUIDA (DCL) (III) = (I - II),Até o 3º Quadrimestre,8146084434.45,8963663,Ceará
2018,1,CE,RGF-Anexo 01,DespesaComPessoalBruta,DESPESA BRUTA COM PESSOAL (I),<MR-11>,688026749.14,8963663,Ceará
2018,1,CE,RGF-Anexo 01,DespesaComPessoalBruta,DESPESA BRUTA COM PESSOAL (I),<MR-10>,684067888.16,8963663,Ceará
2018,1,CE,RGF-Anexo 01,DespesaComPessoalBruta,DESPESA BRUTA COM PESSOAL (I),<MR-9>,928102539.65,8963663,Ceará
2018,1,CE,RGF-Anexo 01,DespesaComPessoalBruta,DESPESA BRUTA COM PESSOAL (I),<MR-8>,676657879.81,8963663,Ceará
2018,1,CE,RGF-Anexo 01,DespesaComPessoalBruta,DESPESA BRUTA COM PESSOAL (I),<MR-7>,677179158.75,8963663,Ceará
2018,1,CE,RGF-Anexo 01,DespesaComPessoalBruta,DESPESA BRUTA COM PESSOAL (I),<MR-6>,684796029.9,8963663,Ceará
2018,1,CE,RGF-Anexo 01,DespesaComPessoalBruta,DESPESA BRUTA COM PESSOAL (I),<MR-5>,702570993.98,8963663,Ceará
2018,1,CE,RGF-Anexo 01,DespesaComPessoalBruta,DESPESA BRUTA COM PESSOAL (I),<MR-4>,1139807233.26,8963663,Ceará
2018,1,CE,RGF-Anexo 01,DespesaComPessoalBruta,DESPESA BRUTA COM PESSOAL (I),<MR-3>,631556956.29,8963663,Ceará
2018,1,CE,RGF-Anexo 01,DespesaComPessoalBruta,DESPESA BRUTA COM PESSOAL (I),<MR-2>,657682537.12,8963663,Ceará
2018,1,CE,RGF-Anexo 01,DespesaComPessoalBruta,DESPESA BRUTA COM PESSOAL (I),<MR-1>,747404003.52,8963663,Ceará
2018,1,CE,RGF-Anexo 01,DespesaComPessoalBruta,DESPESA BRUTA COM PESSOAL (I),<MR>,783437220.24,8963663,Ceará
2018,1,CE,RGF-Anexo 01,DespesaComPessoalBruta,DESPESA BRUTA COM PESSOAL (I),TOTAL (ÚLTIMOS 12 MESES) (a),9039447372.31,8963663,Ceará
2018,1,CE,RGF-Anexo 01,DespesaComPessoalBruta,DESPESA BRUTA COM PESSOAL (I),INSCRITAS EM RESTOS A PAGAR NÃO PROCESSADOS (b),4275445.2,8963663,Ceará
2018,1,CE,RGF-Anexo 01,DespesaComPessoalAtivoBruta,Pessoal Ativo,<MR-11>,475854561.24,8963663,Ceará
2018,1,CE,RGF-Anexo 01,DespesaComPessoalAtivoBruta,Pessoal Ativo,<MR-10>,484871917.6,8963663,Ceará
2018,1,CE,RGF-Anexo 01,DespesaComPessoalAtivoBruta,Pessoal Ativo,<MR-9>,639474655.8,8963663,Ceará
2018,1,CE,RGF-Anexo 01,DespesaComPessoalAtivoBruta,Pessoal Ativo,<MR-8>,475680056.19,8963663,Ceará
2018,1,CE,RGF-Anexo 01,DespesaComPessoalAtivoBruta,Pessoal Ativo,<MR-7>,472349230.63,8963663,Ceará
2018,1,CE,RGF-Anexo 01,DespesaComPessoalAtivoBruta,Pessoal Ativo,<MR-6>,474620343.99,8963663,Ceará
2018,1,CE,RGF-Anexo 01,DespesaComPessoalAtivoBruta,Pessoal Ativo,<MR-5>,487694955.66,8963663,Ceará
2018,1,CE,RGF-Anexo 01,DespesaComPessoalAtivoBruta,Pessoal Ativo,<MR-4>,774313429.53,8963663,Ceará
2018,1,CE,RGF-Anexo 01,DespesaComPessoalAtivoBruta,Pessoal Ativo,<MR-3>,466010388.67,8963663,Ceará
2018,1,CE,RGF-Anexo 01,DespesaComPessoalAtivoBruta,Pessoal Ativo,<MR-2>,460016182.94,8963663,Ceará
2018,1,CE,RGF-Anexo 01,DespesaComPessoalAtivoBruta,Pessoal Ativo,<MR-1>,526038248.61,8963663,Ceará
2018,1,CE,RGF-Anexo 01,DespesaComPessoalAtivoBruta,Pessoal Ativo,<MR>,541713527.4,8963663,Ceará
2018,1,CE,RGF-Anexo 01,DespesaComPessoalAtivoBruta,Pessoal Ativo,TOTAL (ÚLTIMOS 12 MESES) (a),6316795680.75,8963663,Ceará
2018,1,CE,RGF-Anexo 01,DespesaComPessoalInativoEPensionistasBruta,Pessoal Inativo e Pensionistas,<MR-11>,160291513.22,8963663,Ceará
2018,1,CE,RGF-Anexo 01,DespesaComPessoalInativoEPensionistasBruta,Pessoal Inativo e Pensionistas,<MR-10>,159924418.11,8963663,Ceará
2018,1,CE,RGF-Anexo 01,DespesaComPessoalInativoEPensionistasBruta,Pessoal Inativo e Pensionistas,<MR-9>,243894597.06,8963663,Ceará
2018,1,CE,RGF-Anexo 01,DespesaComPessoalInativoEPensionistasBruta,Pessoal Inativo e Pensionistas,<MR-8>,161977527.93,8963663,Ceará
2018,1,CE,RGF-Anexo 01,DespesaComPessoalInativoEPensionistasBruta,Pessoal Inativo e Pensionistas,<MR-7>,162626379.02,8963663,Ceará
2018,1,CE,RGF-Anexo 01,DespesaComPessoalInativoEPensionistasBruta,Pessoal Inativo e Pensionistas,<MR-6>,162505748.09,8963663,Ceará
2018,1,CE,RGF-Anexo 01,DespesaComPessoalInativoEPensionistasBruta,Pessoal Inativo e Pensionistas,<MR-5>,164049807.62,8963663,Ceará
2018,1,CE,RGF-Anexo 01,DespesaComPessoalInativoEPensionistasBruta,Pessoal Inativo e Pensionistas,<MR-4>,248963043.46,8963663,Ceará
2018,1,CE,RGF-Anexo 01,DespesaComPessoalInativoEPensionistasBruta,Pessoal Inativo e Pensionistas,<MR-3>,165300951.45,8963663,Ceará
2018,1,CE,RGF-Anexo 01,DespesaComPessoalInativoEPensionistasBruta,Pessoal Inativo e Pensionistas,<MR-2>,165965254.04,8963663,Ceará
2018,1,CE,RGF-Anexo 01,DespesaComPessoalInativoEPensionistasBruta,Pessoal Inativo e Pensionistas,<MR-1>,171933481.29,8963663,Ceará
2018,1,CE,RGF-Anexo 01,DespesaComPessoalInativoEPensionistasBruta,Pessoal Inativo e Pensionistas,<MR>,180215049.14,8963663,Ceará
2018,1,CE,RGF-Anexo 01,DespesaComPessoalInativoEPensionistasBruta,Pessoal Inativo e Pensionistas,TOTAL (ÚLTIMOS 12 MESES) (a),2147647770.43,8963663,Ceará
2018,1,CE,RGF-Anexo 01,DespesaComPessoalLiquida,DESPESA LÍQUIDA COM PESSOAL (III) = (I - II),<MR-11>,590518064.87,8963663,Ceará
2018,1,CE,RGF-Anexo 01,DespesaComPessoalLiquida,DESPESA LÍQUIDA COM PESSOAL (III) = (I - II),<MR-10>,593538453.87,8963663,Ceará
2018,1,CE,RGF-Anexo 01,DespesaComPessoalLiquida,DESPESA LÍQUIDA COM PESSOAL (III) = (I - II),<MR-9>,826548055.46,8963663,Ceará
2018,1,CE,RGF-Anexo 01,DespesaComPessoalLiquida,DESPESA LÍQUIDA COM PESSOAL (III) = (I - II),<MR-8>,560002617.06,8963663,Ceará
2018,1,CE,RGF-Anexo 01,DespesaComPessoalLiquida,DESPESA LÍQUIDA COM PESSOAL (III) = (I - II),<MR-7>,562606149.4,8963663,Ceará
2018,1,CE,RGF-Anexo 01,DespesaComPessoalLiquida,DESPESA LÍQUIDA COM PESSOAL (III) = (I - II),<MR-6>,579219689.51,8963663,Ceará
2018,1,CE,RGF-Anexo 01,DespesaComPessoalLiquida,DESPESA LÍQUIDA COM PESSOAL (III) = (I - II),<MR-5>,590202962.23,8963663,Ceará
2018,1,CE,RGF-Anexo 01,DespesaComPessoalLiquida,DESPESA LÍQUIDA COM PESSOAL (III) = (I - II),<MR-4>,955046167.32,8963663,Ceará
2018,1,CE,RGF-Anexo 01,DespesaComPessoalLiquida,DESPESA LÍQUIDA COM PESSOAL (III) = (I - II),<MR-3>,493150744.65,8963663,Ceará
2018,1,CE,RGF-Anexo 01,DespesaComPessoalLiquida,DESPESA LÍQUIDA COM PESSOAL (III) = (I - II),<MR-2>,534056300.96,8963663,Ceará
2018,1,CE,RGF-Anexo 01,DespesaComPessoalLiquida,DESPESA LÍQUIDA COM PESSOAL (III) = (I - II),<MR-1>,630821456.92,8963663,Ceará
2018,1,CE,RGF-Anexo 01,DespesaComPessoalLiquida,DESPESA LÍQUIDA COM PESSOAL (III) = (I - II),<MR>,656860831.61,8963663,Ceará
2018,1,CE,RGF-Anexo 01,DespesaComPessoalLiquida,DESPESA LÍQUIDA COM PESSOAL (III) = (I - II),TOTAL (ÚLTIMOS 12 MESES) (a),7610729676.35,8963663,Ceará
2018,1,CE,RGF-Anexo 01,DespesaComPessoalLiquida,DESPESA LÍQUIDA COM PESSOAL (III) = (I - II),INSCRITAS EM RESTOS A PAGAR NÃO PROCESSADOS (b),4275445.2,8963663,Ceará
2018,1,CE,RGF-Anexo 01,ReceitaCorrenteLiquidaLimiteLegal,RECEITA CORRENTE LIQUIDA - RCL (IV),Valor,18139026679.61,8963663,Ceará
2018,1,CE,RGF-Anexo 01,DespesaComPessoalTotal,DESPESA TOTAL COM PESSOAL - DTP (VII) = (IIIa + IIIb),Valor,7615005121.55,8963663,Ceará
2018,1,CE,RGF-Anexo 01,DespesaComPessoalTotal,DESPESA TOTAL COM PESSOAL - DTP (VII) = (IIIa + IIIb),% sobre a RCL Ajustada,42.03,8963663,Ceará
2018,1,CE,RGF-Anexo 01,DespesaComPessoalTotal,DESPESA TOTAL COM PESSOAL - DTP (III) = (I - II),VALORES TRANSFERIDOS POR CONTRATO DE RATEIO,34325443.11,8963663,Ceará
2018,1,CE,RGF-Anexo 01,DespesaComPessoalTotal,DESPESA TOTAL COM PESSOAL - DTP (III) = (I - II),LIQUIDADAS (a),38158182.49,8963663,Ceará
2018,1,CE,RGF-Anexo 01,DespesaComPessoalTotal,DESPESA TOTAL COM PESSOAL - DTP (III) = (I - II),TOTAL (c = a + b),38158182.49,8963663,Ceará
2018,1,CE,RGF-Anexo 02,DividaConsolidada,DÍVIDA CONSOLIDADA - DC (I),SALDO DO EXERCÍCIO ANTERIOR,11820226140.19,8963663,Ceará
2018,1,CE,RGF-Anexo 02,DividaConsolidada,DÍVIDA CONSOLIDADA - DC (I),Até o 1º Quadrimestre,12514493291.65,8963663,Ceará
2018,1,CE,RGF-Anexo 02,DividaContratual,Dívida Contratual,SALDO DO EXERCÍCIO ANTERIOR,11295560450.27,8963663,Ceará
2018,1,CE,RGF-Anexo 02,DividaContratual,Dívida Contratual,Até o 1º Quadrimestre,11989827601.73,8963663,Ceará
2018,1,CE,RGF-Anexo 02,DividaConsolidadaLiquida,DÍVIDA CONSOLIDADA LÍQUIDA (DCL) (III) = (I - II),SALDO DO EXERCÍCIO ANTERIOR,8146084434.45,8963663,Ceará
2018,1,CE,RGF-Anexo 02,DividaConsolidadaLiquida,DÍVIDA CONSOLIDADA LÍQUIDA (DCL) (III) = (I - II),Até o 1º Quadrimestre,8995472796.06,8963663,Ceará
2018,2,CE,RGF-Anexo 01,DespesaComPessoalBruta,DESPESA BRUTA COM PESSOAL (I),<MR-11>,677179158.75,8963663,Ceará
2018,2,CE,RGF-Anexo 01,DespesaComPessoalBruta,DESPESA BRUTA COM PESSOAL (I),<MR-10>,684796029.9,8963663,Ceará
2018,2,CE,RGF-Anexo 01,DespesaComPessoalBruta,DESPESA BRUTA COM PESSOAL (I),<MR-9>,702570993.98,8963663,Ceará
2018,2,CE,RGF-Anexo 01,DespesaComPessoalBruta,DESPESA BRUTA COM PESSOAL (I),<MR-8>,1139807233.26,8963663,Ceará
2018,2,CE,RGF-Anexo 01,DespesaComPessoalBruta,DESPESA BRUTA COM PESSOAL (I),<MR-7>,631479466.37,8963663,Ceará
2018,2,CE,RGF-Anexo 01,DespesaComPessoalBruta,DESPESA BRUTA COM PESSOAL (I),<MR-6>,657593263.26,8963663,Ceará
2018,2,CE,RGF-Anexo 01,DespesaComPessoalBruta,DESPESA BRUTA COM PESSOAL (I),<MR-5>,747323434.13,8963663,Ceará
2018,2,CE,RGF-Anexo 01,DespesaComPessoalBruta,DESPESA BRUTA COM PESSOAL (I),<MR-4>,783329025.45,8963663,Ceará
2018,2,CE,RGF-Anexo 01,DespesaComPessoalBruta,DESPESA BRUTA COM PESSOAL (I),<MR-3>,726567616.54,8963663,Ceará
2018,2,CE,RGF-Anexo 01,DespesaComPessoalBruta,DESPESA BRUTA COM PESSOAL (I),<MR-2>,769644730.25,8963663,Ceará
2018,2,CE,RGF-Anexo 01,DespesaComPessoalBruta,DESPESA BRUTA COM PESSOAL (I),<MR-1>,1040464329.71,8963663,Ceará
2018,2,CE,RGF-Anexo 01,DespesaComPessoalBruta,DESPESA BRUTA COM PESSOAL (I),<MR>,827842790.4,8963663,Ceará
2018,2,CE,RGF-Anexo 01,DespesaComPessoalBruta,DESPESA BRUTA COM PESSOAL (I),TOTAL (ÚLTIMOS 12 MESES) (a),9388598072.0,8963663,Ceará
2018,2,CE,RGF-Anexo 01,DespesaComPessoalBruta,DESPESA BRUTA COM PESSOAL (I),INSCRITAS EM RESTOS A PAGAR NÃO PROCESSADOS (b),4275445.2,8963663,Ceará
2018,2,CE,RGF-Anexo 01,DespesaComPessoalAtivoBruta,Pessoal Ativo,<MR-11>,472349230.63,8963663,Ceará
2018,2,CE,RGF-Anexo 01,DespesaComPessoalAtivoBruta,Pessoal Ativo,<MR-10>,474620343.99,8963663,Ceará
2018,2,CE,RGF-Anexo 01,DespesaComPessoalAtivoBruta,Pessoal Ativo,<MR-9>,487694955.66,8963663,Ceará
2018,2,CE,RGF-Anexo 01,DespesaComPessoalAtivoBruta,Pessoal Ativo,<MR-8>,774313429.53,8963663,Ceará
2018,2,CE,RGF-Anexo 01,DespesaComPessoalAtivoBruta,Pessoal Ativo,<MR-7>,465932898.75,8963663,Ceará
2018,2,CE,RGF-Anexo 01,DespesaComPessoalAtivoBruta,Pessoal Ativo,<MR-6>,459926909.08,8963663,Ceará
2018,2,CE,RGF-Anexo 01,DespesaComPessoalAtivoBruta,Pessoal Ativo,<MR-5>,525957679.22,8963663,Ceará
2018,2,CE,RGF-Anexo 01,DespesaComPessoalAtivoBruta,Pessoal Ativo,<MR-4>,541605332.61,8963663,Ceará
2018,2,CE,RGF-Anexo 01,DespesaComPessoalAtivoBruta,Pessoal Ativo,<MR-3>,506143322.46,8963663,Ceará
2018,2,CE,RGF-Anexo 01,DespesaComPessoalAtivoBruta,Pessoal Ativo,<MR-2>,537767320.11,8963663,Ceará
2018,2,CE,RGF-Anexo 01,DespesaComPessoalAtivoBruta,Pessoal Ativo,<MR-1>,723575478.9,8963663,Ceará
2018,2,CE,RGF-Anexo 01,DespesaComPessoalAtivoBruta,Pessoal Ativo,<MR>,600852960.29,8963663,Ceará
2018,2,CE,RGF-Anexo 01,DespesaComPessoalAtivoBruta,Pessoal Ativo,TOTAL (ÚLTIMOS 12 MESES) (a),6570739861.23,8963663,Ceará
2018,2,CE,RGF-Anexo 01,DespesaComPessoalInativoEPensionistasBruta,Pessoal Inativo e Pensionistas,<MR-11>,162626379.02,8963663,Ceará
2018,2,CE,RGF-Anexo 01,DespesaComPessoalInativoEPensionistasBruta,Pessoal Inativo e Pensionistas,<MR-10>,162505748.09,8963663,Ceará
2018,2,CE,RGF-Anexo 01,DespesaComPessoalInativoEPensionistasBruta,Pessoal Inativo e Pensionistas,<MR-9>,164049807.62,8963663,Ceará
2018,2,CE,RGF-Anexo 01,DespesaComPessoalInativoEPensionistasBruta,Pessoal Inativo e Pensionistas,<MR-8>,248963043.46,8963663,Ceará
2018,2,CE,RGF-Anexo 01,DespesaComPessoalInativoEPensionistasBruta,Pessoal Inativo e Pensionistas,<MR-7>,165300951.45,8963663,Ceará
2018,2,CE,RGF-Anexo 01,DespesaComPessoalInativoEPensionistasBruta,Pessoal Inativo e Pensionistas,<MR-6>,165965254.04,8963663,Ceará
2018,2,CE,RGF-Anexo 01,DespesaComPessoalInativoEPensionistasBruta,Pessoal Inativo e Pensionistas,<MR-5>,171933481.29,8963663,Ceará
2018,2,CE,RGF-Anexo 01,DespesaComPessoalInativoEPensionistasBruta,Pessoal Inativo e Pensionistas,<MR-4>,180215049.14,8963663,Ceará
2018,2,CE,RGF-Anexo 01,DespesaComPessoalInativoEPensionistasBruta,Pessoal Inativo e Pensionistas,<MR-3>,174197156.98,8963663,Ceará
2018,2,CE,RGF-Anexo 01,DespesaComPessoalInativoEPensionistasBruta,Pessoal Inativo e Pensionistas,<MR-2>,174782517.45,8963663,Ceará
2018,2,CE,RGF-Anexo 01,DespesaComPessoalInativoEPensionistasBruta,Pessoal Inativo e Pensionistas,<MR-1>,260169104.9,8963663,Ceará
2018,2,CE,RGF-Anexo 01,DespesaComPessoalInativoEPensionistasBruta,Pessoal Inativo e Pensionistas,<MR>,176644060.32,8963663,Ceará
2018,2,CE,RGF-Anexo 01,DespesaComPessoalInativoEPensionistasBruta,Pessoal Inativo e Pensionistas,TOTAL (ÚLTIMOS 12 MESES) (a),2207352553.76,8963663,Ceará
2018,2,CE,RGF-Anexo 01,DespesaComPessoalLiquida,DESPESA LÍQUIDA COM PESSOAL (III) = (I - II),<MR-11>,560224056.7,8963663,Ceará
2018,2,CE,RGF-Anexo 01,DespesaComPessoalLiquida,DESPESA LÍQUIDA COM PESSOAL (III) = (I - II),<MR-10>,576835087.48,8963663,Ceará
2018,2,CE,RGF-Anexo 01,DespesaComPessoalLiquida,DESPESA LÍQUIDA COM PESSOAL (III) = (I - II),<MR-9>,587843489.01,8963663,Ceará
2018,2,CE,RGF-Anexo 01,DespesaComPessoalLiquida,DESPESA LÍQUIDA COM PESSOAL (III) = (I - II),<MR-8>,951388108.08,8963663,Ceará
2018,2,CE,RGF-Anexo 01,DespesaComPessoalLiquida,DESPESA LÍQUIDA COM PESSOAL (III) = (I - II),<MR-7>,490716746.04,8963663,Ceará
2018,2,CE,RGF-Anexo 01,DespesaComPessoalLiquida,DESPESA LÍQUIDA COM PESSOAL (III) = (I - II),<MR-6>,521253632.33,8963663,Ceará
2018,2,CE,RGF-Anexo 01,DespesaComPessoalLiquida,DESPESA LÍQUIDA COM PESSOAL (III) = (I - II),<MR-5>,630404562.42,8963663,Ceará
2018,2,CE,RGF-Anexo 01,DespesaComPessoalLiquida,DESPESA LÍQUIDA COM PESSOAL (III) = (I - II),<MR-4>,656201693.14,8963663,Ceará
2018,2,CE,RGF-Anexo 01,DespesaComPessoalLiquida,DESPESA LÍQUIDA COM PESSOAL (III) = (I - II),<MR-3>,590566821.82,8963663,Ceará
2018,2,CE,RGF-Anexo 01,DespesaComPessoalLiquida,DESPESA LÍQUIDA COM PESSOAL (III) = (I - II),<MR-2>,650537782.2,8963663,Ceará
2018,2,CE,RGF-Anexo 01,DespesaComPessoalLiquida,DESPESA LÍQUIDA COM PESSOAL (III) = (I - II),<MR-1>,910777367.17,8963663,Ceará
2018,2,CE,RGF-Anexo 01,DespesaComPessoalLiquida,DESPESA LÍQUIDA COM PESSOAL (III) = (I - II),<MR>,698770861.79,8963663,Ceará
2018,2,CE,RGF-Anexo 01,DespesaComPessoalLiquida,DESPESA LÍQUIDA COM PESSOAL (III) = (I - II),TOTAL (ÚLTIMOS 12 MESES) (a),7825520208.18,8963663,Ceará
2018,2,CE,RGF-Anexo 01,DespesaComPessoalLiquida,DESPESA LÍQUIDA COM PESSOAL (III) = (I - II),INSCRITAS EM RESTOS A PAGAR NÃO PROCESSADOS (b),4275445.2,8963663,Ceará
2018,2,CE,RGF-Anexo 01,ReceitaCorrenteLiquidaLimiteLegal,RECEITA CORRENTE LIQUIDA - RCL (IV),Valor,18349844006.67,8963663,Ceará
2018,2,CE,RGF-Anexo 01,DespesaComPessoalTotal,DESPESA TOTAL COM PESSOAL - DTP (VII) = (IIIa + IIIb),Valor,7829795653.38,8963663,Ceará
2018,2,CE,RGF-Anexo 01,DespesaComPessoalTotal,DESPESA TOTAL COM PESSOAL - DTP (VII) = (IIIa + IIIb),% sobre a RCL Ajustada,42.73,8963663,Ceará
2018,2,CE,RGF-Anexo 02,DividaConsolidada,DÍVIDA CONSOLIDADA - DC (I),SALDO DO EXERCÍCIO ANTERIOR,11820226140.19,8963663,Ceará
2018,2,CE,RGF-Anexo 02,DividaConsolidada,DÍVIDA CONSOLIDADA - DC (I),Até o 1º Quadrimestre,12514493291.65,8963663,Ceará
2018,2,CE,RGF-Anexo 02,DividaConsolidada,DÍVIDA CONSOLIDADA - DC (I),Até o 2º Quadrimestre,13742347541.04,8963663,Ceará
2018,2,CE,RGF-Anexo 02,DividaContratual,Dívida Contratual,SALDO DO EXERCÍCIO ANTERIOR,11295560450.27,8963663,Ceará
2018,2,CE,RGF-Anexo 02,DividaContratual,Dívida Contratual,Até o 1º Quadrimestre,11989827601.73,8963663,Ceará
2018,2,CE,RGF-Anexo 02,DividaContratual,Dívida Contratual,Até o 2º Quadrimestre,13217681851.12,8963663,Ceará
2018,2,CE,RGF-Anexo 02,DividaConsolidadaLiquida,DÍVIDA CONSOLIDADA LÍQUIDA (DCL) (III) = (I - II),SALDO DO EXERCÍCIO ANTERIOR,8146084434.45,8963663,Ceará
2018,2,CE,RGF-Anexo 02,DividaConsolidadaLiquida,DÍVIDA CONSOLIDADA LÍQUIDA (DCL) (III) = (I - II),Até o 1º Quadrimestre,8995472796.06,8963663,Ceará
2018,2,CE,RGF-Anexo 02,DividaConsolidadaLiquida,DÍVIDA CONSOLIDADA LÍQUIDA (DCL) (III) = (I - II),Até o 2º Quadrimestre,10288136941.62,8963663,Ceará
2018,3,CE,RGF-Anexo 01,DespesaComPessoalBruta,DESPESA BRUTA COM PESSOAL (I),<MR-11>,631479466.37,8963663,Ceará
2018,3,CE,RGF-Anexo 01,DespesaComPessoalBruta,DESPESA BRUTA COM PESSOAL (I),<MR-10>,657593263.26,8963663,Ceará
2018,3,CE,RGF-Anexo 01,DespesaComPessoalBruta,DESPESA BRUTA COM PESSOAL (I),<MR-9>,747323434.13,8963663,Ceará
2018,3,CE,RGF-Anexo 01,DespesaComPessoalBruta,DESPESA BRUTA COM PESSOAL (I),<MR-8>,783329025.45,8963663,Ceará
2018,3,CE,RGF-Anexo 01,DespesaComPessoalBruta,DESPESA BRUTA COM PESSOAL (I),<MR-7>,726567616.54,8963663,Ceará
2018,3,CE,RGF-Anexo 01,DespesaComPessoalBruta,DESPESA BRUTA COM PESSOAL (I),<MR-6>,769644730.25,8963663,Ceará
2018,3,CE,RGF-Anexo 01,DespesaComPessoalBruta,DESPESA BRUTA COM PESSOAL (I),<MR-5>,1040464329.71,8963663,Ceará
2018,3,CE,RGF-Anexo 01,DespesaComPessoalBruta,DESPESA BRUTA COM PESSOAL (I),<MR-4>,780182782.56,8963663,Ceará
2018,3,CE,RGF-Anexo 01,DespesaComPessoalBruta,DESPESA BRUTA COM PESSOAL (I),<MR-3>,768462014.24,8963663,Ceará
2018,3,CE,RGF-Anexo 01,DespesaComPessoalBruta,DESPESA BRUTA COM PESSOAL (I),<MR-2>,802528030.05,8963663,Ceará
2018,3,CE,RGF-Anexo 01,DespesaComPessoalBruta,DESPESA BRUTA COM PESSOAL (I),<MR-1>,746614731.08,8963663,Ceará
2018,3,CE,RGF-Anexo 01,DespesaComPessoalBruta,DESPESA BRUTA COM PESSOAL (I),<MR>,1346631777.91,8963663,Ceará
2018,3,CE,RGF-Anexo 01,DespesaComPessoalBruta,DESPESA BRUTA COM PESSOAL (I),TOTAL (ÚLTIMOS 12 MESES) (a),9852337201.8,8963663,Ceará
2018,3,CE,RGF-Anexo 01,DespesaComPessoalBruta,DESPESA BRUTA COM PESSOAL (I),INSCRITAS EM RESTOS A PAGAR NÃO PROCESSADOS (b),24660054.19,8963663,Ceará
2018,3,CE,RGF-Anexo 01,DespesaComPessoalAtivoBruta,Pessoal Ativo,<MR-11>,465932898.75,8963663,Ceará
2018,3,CE,RGF-Anexo 01,DespesaComPessoalAtivoBruta,Pessoal Ativo,<MR-10>,459926909.08,8963663,Ceará
2018,3,CE,RGF-Anexo 01,DespesaComPessoalAtivoBruta,Pessoal Ativo,<MR-9>,525957679.22,8963663,Ceará
2018,3,CE,RGF-Anexo 01,DespesaComPessoalAtivoBruta,Pessoal Ativo,<MR-8>,541605332.61,8963663,Ceará
2018,3,CE,RGF-Anexo 01,DespesaComPessoalAtivoBruta,Pessoal Ativo,<MR-7>,506143322.46,8963663,Ceará
2018,3,CE,RGF-Anexo 01,DespesaComPessoalAtivoBruta,Pessoal Ativo,<MR-6>,537767320.11,8963663,Ceará
2018,3,CE,RGF-Anexo 01,DespesaComPessoalAtivoBruta,Pessoal Ativo,<MR-5>,723575478.9,8963663,Ceará
2018,3,CE,RGF-Anexo 01,DespesaComPessoalAtivoBruta,Pessoal Ativo,<MR-4>,553192952.45,8963663,Ceará
2018,3,CE,RGF-Anexo 01,DespesaComPessoalAtivoBruta,Pessoal Ativo,<MR-3>,531272364.99,8963663,Ceará
2018,3,CE,RGF-Anexo 01,DespesaComPessoalAtivoBruta,Pessoal Ativo,<MR-2>,572480779.68,8963663,Ceará
2018,3,CE,RGF-Anexo 01,DespesaComPessoalAtivoBruta,Pessoal Ativo,<MR-1>,522450020.13,8963663,Ceará
2018,3,CE,RGF-Anexo 01,DespesaComPessoalAtivoBruta,Pessoal Ativo,<MR>,982715383.01,8963663,Ceará
2018,3,CE,RGF-Anexo 01,DespesaComPessoalAtivoBruta,Pessoal Ativo,TOTAL (ÚLTIMOS 12 MESES) (a),6974536441.64,8963663,Ceará
2018,3,CE,RGF-Anexo 01,DespesaComPessoalAtivoBruta,Pessoal Ativo,INSCRITAS EM RESTOS A PAGAR NÃO PROCESSADOS (b),258828.62,8963663,Ceará
2018,3,CE,RGF-Anexo 01,DespesaComPessoalInativoEPensionistasBruta,Pessoal Inativo e Pensionistas,<MR-11>,165300951.45,8963663,Ceará
2018,3,CE,RGF-Anexo 01,DespesaComPessoalInativoEPensionistasBruta,Pessoal Inativo e Pensionistas,<MR-10>,165965254.04,8963663,Ceará
2018,3,CE,RGF-Anexo 01,DespesaComPessoalInativoEPensionistasBruta,Pessoal Inativo e Pensionistas,<MR-9>,171933481.29,8963663,Ceará
2018,3,CE,RGF-Anexo 01,DespesaComPessoalInativoEPensionistasBruta,Pessoal Inativo e Pensionistas,<MR-8>,180215049.14,8963663,Ceará
2018,3,CE,RGF-Anexo 01,DespesaComPessoalInativoEPensionistasBruta,Pessoal Inativo e Pensionistas,<MR-7>,174197156.98,8963663,Ceará
2018,3,CE,RGF-Anexo 01,DespesaComPessoalInativoEPensionistasBruta,Pessoal Inativo e Pensionistas,<MR-6>,174782517.45,8963663,Ceará
2018,3,CE,RGF-Anexo 01,DespesaComPessoalInativoEPensionistasBruta,Pessoal Inativo e Pensionistas,<MR-5>,260169104.9,8963663,Ceará
2018,3,CE,RGF-Anexo 01,DespesaComPessoalInativoEPensionistasBruta,Pessoal Inativo e Pensionistas,<MR-4>,176644060.32,8963663,Ceará
2018,3,CE,RGF-Anexo 01,DespesaComPessoalInativoEPensionistasBruta,Pessoal Inativo e Pensionistas,<MR-3>,176727880.75,8963663,Ceará
2018,3,CE,RGF-Anexo 01,DespesaComPessoalInativoEPensionistasBruta,Pessoal Inativo e Pensionistas,<MR-2>,176744933.71,8963663,Ceará
2018,3,CE,RGF-Anexo 01,DespesaComPessoalInativoEPensionistasBruta,Pessoal Inativo e Pensionistas,<MR-1>,178401533.37,8963663,Ceará
2018,3,CE,RGF-Anexo 01,DespesaComPessoalInativoEPensionistasBruta,Pessoal Inativo e Pensionistas,<MR>,284261040.61,8963663,Ceará
2018,3,CE,RGF-Anexo 01,DespesaComPessoalInativoEPensionistasBruta,Pessoal Inativo e Pensionistas,TOTAL (ÚLTIMOS 12 MESES) (a),2285342964.01,8963663,Ceará
2018,3,CE,RGF-Anexo 01,DespesaComPessoalLiquida,DESPESA LÍQUIDA COM PESSOAL (III) = (I - II),<MR-11>,490716746.04,8963663,Ceará
2018,3,CE,RGF-Anexo 01,DespesaComPessoalLiquida,DESPESA LÍQUIDA COM PESSOAL (III) = (I - II),<MR-10>,521253632.33,8963663,Ceará
2018,3,CE,RGF-Anexo 01,DespesaComPessoalLiquida,DESPESA LÍQUIDA COM PESSOAL (III) = (I - II),<MR-9>,630404562.42,8963663,Ceará
2018,3,CE,RGF-Anexo 01,DespesaComPessoalLiquida,DESPESA LÍQUIDA COM PESSOAL (III) = (I - II),<MR-8>,656201693.14,8963663,Ceará
2018,3,CE,RGF-Anexo 01,DespesaComPessoalLiquida,DESPESA LÍQUIDA COM PESSOAL (III) = (I - II),<MR-7>,590566821.82,8963663,Ceará
2018,3,CE,RGF-Anexo 01,DespesaComPessoalLiquida,DESPESA LÍQUIDA COM PESSOAL (III) = (I - II),<MR-6>,650537782.2,8963663,Ceará
2018,3,CE,RGF-Anexo 01,DespesaComPessoalLiquida,DESPESA LÍQUIDA COM PESSOAL (III) = (I - II),<MR-5>,910777367.17,8963663,Ceará
2018,3,CE,RGF-Anexo 01,DespesaComPessoalLiquida,DESPESA LÍQUIDA COM PESSOAL (III) = (I - II),<MR-4>,651110853.95,8963663,Ceará
2018,3,CE,RGF-Anexo 01,DespesaComPessoalLiquida,DESPESA LÍQUIDA COM PESSOAL (III) = (I - II),<MR-3>,632477166.76,8963663,Ceará
2018,3,CE,RGF-Anexo 01,DespesaComPessoalLiquida,DESPESA LÍQUIDA COM PESSOAL (III) = (I - II),<MR-2>,668953510.54,8963663,Ceará
2018,3,CE,RGF-Anexo 01,DespesaComPessoalLiquida,DESPESA LÍQUIDA COM PESSOAL (III) = (I - II),<MR-1>,600258123.44,8963663,Ceará
2018,3,CE,RGF-Anexo 01,DespesaComPessoalLiquida,DESPESA LÍQUIDA COM PESSOAL (III) = (I - II),<MR>,1031204325.49,8963663,Ceará
2018,3,CE,RGF-Anexo 01,DespesaComPessoalLiquida,DESPESA LÍQUIDA COM PESSOAL (III) = (I - II),TOTAL (ÚLTIMOS 12 MESES) (a),8085978585.55,8963663,Ceará
2018,3,CE,RGF-Anexo 01,DespesaComPessoalLiquida,DESPESA LÍQUIDA COM PESSOAL (III) = (I - II),INSCRITAS EM RESTOS A PAGAR NÃO PROCESSADOS (b),24660054.19,8963663,Ceará
2018,3,CE,RGF-Anexo 01,ReceitaCorrenteLiquidaLimiteLegal,RECEITA CORRENTE LIQUIDA - RCL (IV),Valor,19186195108.18,8963663,Ceará
2018,3,CE,RGF-Anexo 01,DespesaComPessoalTotal,DESPESA TOTAL COM PESSOAL - DTP (VII) = (IIIa + IIIb),Valor,8110638639.74,8963663,Ceará
2018,3,CE,RGF-Anexo 01,DespesaComPessoalTotal,DESPESA TOTAL COM PESSOAL - DTP (VII) = (IIIa + IIIb),% sobre a RCL Ajustada,42.3,8963663,Ceará
2018,3,CE,RGF-Anexo 02,DividaConsolidada,DÍVIDA CONSOLIDADA - DC (I),SALDO DO EXERCÍCIO ANTERIOR,11820226140.19,8963663,Ceará
2018,3,CE,RGF-Anexo 02,DividaConsolidada,DÍVIDA CONSOLIDADA - DC (I),Até o 1º Quadrimestre,12514493291.65,8963663,Ceará
2018,3,CE,RGF-Anexo 02,DividaConsolidada,DÍVIDA CONSOLIDADA - DC (I),Até o 2º Quadrimestre,13742347541.04,8963663,Ceará
2018,3,CE,RGF-Anexo 02,DividaConsolidada,DÍVIDA CONSOLIDADA - DC (I),Até o 3º Quadrimestre,13865126013.1,8963663,Ceará
2018,3,CE,RGF-Anexo 02,DividaContratual,Dívida Contratual,SALDO DO EXERCÍCIO ANTERIOR,11295560450.27,8963663,Ceará
2018,3,CE,RGF-Anexo 02,DividaContratual,Dívida Contratual,Até o 1º Quadrimestre,11989827601.73,8963663,Ceará
2018,3,CE,RGF-Anexo 02,DividaContratual,Dívida Contratual,Até o 2º Quadrimestre,13217681851.12,8963663,Ceará
2018,3,CE,RGF-Anexo 02,DividaContratual,Dívida Contratual,Até o 3º Quadrimestre,12955984217.29,8963663,Ceará
2018,3,CE,RGF-Anexo 02,DividaConsolidadaLiquida,DÍVIDA CONSOLIDADA LÍQUIDA (DCL) (III) = (I - II),SALDO DO EXERCÍCIO ANTERIOR,8146084434.45,8963663,Ceará
2018,3,CE,RGF-Anexo 02,DividaConsolidadaLiquida,DÍVIDA CONSOLIDADA LÍQUIDA (DCL) (III) = (I - II),Até o 1º Quadrimestre,8995472796.06,8963663,Ceará
2018,3,CE,RGF-Anexo 02,DividaConsolidadaLiquida,DÍVIDA CONSOLIDADA LÍQUIDA (DCL) (III) = (I - II),Até o 2º Quadrimestre,10288136941.62,8963663,Ceará
2018,3,CE,RGF-Anexo 02,DividaConsolidadaLiquida,DÍVIDA CONSOLIDADA LÍQUIDA (DCL) (III) = (I - II),Até o 3º Quadrimestre,10962426243.3,8963663,Ceará
2019,1,CE,RGF-Anexo 01,DespesaComPessoalBruta,DESPESA BRUTA COM PESSOAL (I),<MR-11>,729534904.18,9075649,Ceará
2019,1,CE,RGF-Anexo 01,DespesaComPessoalBruta,DESPESA BRUTA COM PESSOAL (I),<MR-10>,772612017.89,9075649,Ceará
2019,1,CE,RGF-Anexo 01,DespesaComPessoalBruta,DESPESA BRUTA COM PESSOAL (I),<MR-9>,1043431617.35,9075649,Ceará
2019,1,CE,RGF-Anexo 01,DespesaComPessoalBruta,DESPESA BRUTA COM PESSOAL (I),<MR-8>,783150070.2,9075649,Ceará
2019,1,CE,RGF-Anexo 01,DespesaComPessoalBruta,DESPESA BRUTA COM PESSOAL (I),<MR-7>,771429301.88,9075649,Ceará
2019,1,CE,RGF-Anexo 01,DespesaComPessoalBruta,DESPESA BRUTA COM PESSOAL (I),<MR-6>,805495317.69,9075649,Ceará
2019,1,CE,RGF-Anexo 01,DespesaComPessoalBruta,DESPESA BRUTA COM PESSOAL (I),<MR-5>,749582018.72,9075649,Ceará
2019,1,CE,RGF-Anexo 01,DespesaComPessoalBruta,DESPESA BRUTA COM PESSOAL (I),<MR-4>,1349599065.55,9075649,Ceará
2019,1,CE,RGF-Anexo 01,DespesaComPessoalBruta,DESPESA BRUTA COM PESSOAL (I),<MR-3>,701669930.91,9075649,Ceará
2019,1,CE,RGF-Anexo 01,DespesaComPessoalBruta,DESPESA BRUTA COM PESSOAL (I),<MR-2>,744815402.14,9075649,Ceará
2019,1,CE,RGF-Anexo 01,DespesaComPessoalBruta,DESPESA BRUTA COM PESSOAL (I),<MR-1>,810036450.62,9075649,Ceará
2019,1,CE,RGF-Anexo 01,DespesaComPessoalBruta,DESPESA BRUTA COM PESSOAL (I),<MR>,819822683.07,9075649,Ceará
2019,1,CE,RGF-Anexo 01,DespesaComPessoalBruta,DESPESA BRUTA COM PESSOAL (I),TOTAL (ÚLTIMOS 12 MESES) (a),10081178780.2,9075649,Ceará
2019,1,CE,RGF-Anexo 01,DespesaComPessoalBruta,DESPESA BRUTA COM PESSOAL (I),INSCRITAS EM RESTOS A PAGAR NÃO PROCESSADOS (b),24660054.19,9075649,Ceará
2019,1,CE,RGF-Anexo 01,DespesaComPessoalAtivoBruta,Pessoal Ativo,<MR-11>,509110610.1,9075649,Ceará
2019,1,CE,RGF-Anexo 01,DespesaComPessoalAtivoBruta,Pessoal Ativo,<MR-10>,540734607.75,9075649,Ceará
2019,1,CE,RGF-Anexo 01,DespesaComPessoalAtivoBruta,Pessoal Ativo,<MR-9>,726542766.54,9075649,Ceará
2019,1,CE,RGF-Anexo 01,DespesaComPessoalAtivoBruta,Pessoal Ativo,<MR-8>,556160240.09,9075649,Ceará
2019,1,CE,RGF-Anexo 01,DespesaComPessoalAtivoBruta,Pessoal Ativo,<MR-7>,534239652.63,9075649,Ceará
2019,1,CE,RGF-Anexo 01,DespesaComPessoalAtivoBruta,Pessoal Ativo,<MR-6>,575448067.32,9075649,Ceará
2019,1,CE,RGF-Anexo 01,DespesaComPessoalAtivoBruta,Pessoal Ativo,<MR-5>,525417307.77,9075649,Ceará
2019,1,CE,RGF-Anexo 01,DespesaComPessoalAtivoBruta,Pessoal Ativo,<MR-4>,985682670.65,9075649,Ceará
2019,1,CE,RGF-Anexo 01,DespesaComPessoalAtivoBruta,Pessoal Ativo,<MR-3>,520094926.85,9075649,Ceará
2019,1,CE,RGF-Anexo 01,DespesaComPessoalAtivoBruta,Pessoal Ativo,<MR-2>,518147302.99,9075649,Ceará
2019,1,CE,RGF-Anexo 01,DespesaComPessoalAtivoBruta,Pessoal Ativo,<MR-1>,583875772.29,9075649,Ceará
2019,1,CE,RGF-Anexo 01,DespesaComPessoalAtivoBruta,Pessoal Ativo,<MR>,575307146.05,9075649,Ceará
2019,1,CE,RGF-Anexo 01,DespesaComPessoalAtivoBruta,Pessoal Ativo,TOTAL (ÚLTIMOS 12 MESES) (a),7150761071.03,9075649,Ceará
2019,1,CE,RGF-Anexo 01,DespesaComPessoalAtivoBruta,Pessoal Ativo,INSCRITAS EM RESTOS A PAGAR NÃO PROCESSADOS (b),258828.62,9075649,Ceará
2019,1,CE,RGF-Anexo 01,DespesaComPessoalInativoEPensionistasBruta,Pessoal Inativo e Pensionistas,<MR-11>,174197156.98,9075649,Ceará
2019,1,CE,RGF-Anexo 01,DespesaComPessoalInativoEPensionistasBruta,Pessoal Inativo e Pensionistas,<MR-10>,174782517.45,9075649,Ceará
2019,1,CE,RGF-Anexo 01,DespesaComPessoalInativoEPensionistasBruta,Pessoal Inativo e Pensionistas,<MR-9>,260169104.9,9075649,Ceará
2019,1,CE,RGF-Anexo 01,DespesaComPessoalInativoEPensionistasBruta,Pessoal Inativo e Pensionistas,<MR-8>,176644060.32,9075649,Ceará
2019,1,CE,RGF-Anexo 01,DespesaComPessoalInativoEPensionistasBruta,Pessoal Inativo e Pensionistas,<MR-7>,176727880.75,9075649,Ceará
2019,1,CE,RGF-Anexo 01,DespesaComPessoalInativoEPensionistasBruta,Pessoal Inativo e Pensionistas,<MR-6>,176744933.71,9075649,Ceará
2019,1,CE,RGF-Anexo 01,DespesaComPessoalInativoEPensionistasBruta,Pessoal Inativo e Pensionistas,<MR-5>,178401533.37,9075649,Ceará
2019,1,CE,RGF-Anexo 01,DespesaComPessoalInativoEPensionistasBruta,Pessoal Inativo e Pensionistas,<MR-4>,284261040.61,9075649,Ceará
2019,1,CE,RGF-Anexo 01,DespesaComPessoalInativoEPensionistasBruta,Pessoal Inativo e Pensionistas,<MR-3>,181575004.06,9075649,Ceará
2019,1,CE,RGF-Anexo 01,DespesaComPessoalInativoEPensionistasBruta,Pessoal Inativo e Pensionistas,<MR-2>,182792024.82,9075649,Ceará
2019,1,CE,RGF-Anexo 01,DespesaComPessoalInativoEPensionistasBruta,Pessoal Inativo e Pensionistas,<MR-1>,182193503.96,9075649,Ceará
2019,1,CE,RGF-Anexo 01,DespesaComPessoalInativoEPensionistasBruta,Pessoal Inativo e Pensionistas,<MR>,182683346.14,9075649,Ceará
2019,1,CE,RGF-Anexo 01,DespesaComPessoalInativoEPensionistasBruta,Pessoal Inativo e Pensionistas,TOTAL (ÚLTIMOS 12 MESES) (a),2331172107.07,9075649,Ceará
2019,1,CE,RGF-Anexo 01,DespesaComPessoalLiquida,DESPESA LÍQUIDA COM PESSOAL (III) = (I - II),<MR-11>,593534109.46,9075649,Ceará
2019,1,CE,RGF-Anexo 01,DespesaComPessoalLiquida,DESPESA LÍQUIDA COM PESSOAL (III) = (I - II),<MR-10>,653505069.84,9075649,Ceará
2019,1,CE,RGF-Anexo 01,DespesaComPessoalLiquida,DESPESA LÍQUIDA COM PESSOAL (III) = (I - II),<MR-9>,913744654.81,9075649,Ceará
2019,1,CE,RGF-Anexo 01,DespesaComPessoalLiquida,DESPESA LÍQUIDA COM PESSOAL (III) = (I - II),<MR-8>,654078141.59,9075649,Ceará
2019,1,CE,RGF-Anexo 01,DespesaComPessoalLiquida,DESPESA LÍQUIDA COM PESSOAL (III) = (I - II),<MR-7>,635444454.4,9075649,Ceará
2019,1,CE,RGF-Anexo 01,DespesaComPessoalLiquida,DESPESA LÍQUIDA COM PESSOAL (III) = (I - II),<MR-6>,671920798.18,9075649,Ceará
2019,1,CE,RGF-Anexo 01,DespesaComPessoalLiquida,DESPESA LÍQUIDA COM PESSOAL (III) = (I - II),<MR-5>,603225411.08,9075649,Ceará
2019,1,CE,RGF-Anexo 01,DespesaComPessoalLiquida,DESPESA LÍQUIDA COM PESSOAL (III) = (I - II),<MR-4>,1034171613.13,9075649,Ceará
2019,1,CE,RGF-Anexo 01,DespesaComPessoalLiquida,DESPESA LÍQUIDA COM PESSOAL (III) = (I - II),<MR-3>,548198781.19,9075649,Ceará
2019,1,CE,RGF-Anexo 01,DespesaComPessoalLiquida,DESPESA LÍQUIDA COM PESSOAL (III) = (I - II),<MR-2>,590569702.32,9075649,Ceará
2019,1,CE,RGF-Anexo 01,DespesaComPessoalLiquida,DESPESA LÍQUIDA COM PESSOAL (III) = (I - II),<MR-1>,661864437.78,9075649,Ceará
2019,1,CE,RGF-Anexo 01,DespesaComPessoalLiquida,DESPESA LÍQUIDA COM PESSOAL (III) = (I - II),<MR>,669838916.73,9075649,Ceará
2019,1,CE,RGF-Anexo 01,DespesaComPessoalLiquida,DESPESA LÍQUIDA COM PESSOAL (III) = (I - II),TOTAL (ÚLTIMOS 12 MESES) (a),8230096090.51,9075649,Ceará
2019,1,CE,RGF-Anexo 01,DespesaComPessoalLiquida,DESPESA LÍQUIDA COM PESSOAL (III) = (I - II),INSCRITAS EM RESTOS A PAGAR NÃO PROCESSADOS (b),24660054.19,9075649,Ceará
2019,1,CE,RGF-Anexo 01,ReceitaCorrenteLiquidaLimiteLegal,RECEITA CORRENTE LIQUIDA - RCL (IV),Valor,19800927340.86,9075649,Ceará
2019,1,CE,RGF-Anexo 01,DespesaComPessoalTotal,DESPESA TOTAL COM PESSOAL - DTP (VII) = (IIIa + IIIb),Valor,8254756144.7,9075649,Ceará
2019,1,CE,RGF-Anexo 01,DespesaComPessoalTotal,DESPESA TOTAL COM PESSOAL - DTP (VII) = (IIIa + IIIb),% sobre a RCL Ajustada,41.71,9075649,Ceará
2019,1,CE,RGF-Anexo 02,DividaConsolidada,DÍVIDA CONSOLIDADA - DC (I),SALDO DO EXERCÍCIO ANTERIOR,13865126013.1,9075649,Ceará
2019,1,CE,RGF-Anexo 02,DividaConsolidada,DÍVIDA CONSOLIDADA - DC (I),Até o 1º Quadrimestre,13762315119.14,9075649,Ceará
2019,1,CE,RGF-Anexo 02,DividaContratual,Dívida Contratual,SALDO DO EXERCÍCIO ANTERIOR,12955984217.29,9075649,Ceará
2019,1,CE,RGF-Anexo 02,DividaContratual,Dívida Contratual,Até o 1º Quadrimestre,12853173323.33,9075649,Ceará
2019,1,CE,RGF-Anexo 02,DividaConsolidadaLiquida,DÍVIDA CONSOLIDADA LÍQUIDA (DCL) (III) = (I - II),SALDO DO EXERCÍCIO ANTERIOR,10962426243.3,9075649,Ceará
2019,1,CE,RGF-Anexo 02,DividaConsolidadaLiquida,DÍVIDA CONSOLIDADA LÍQUIDA (DCL) (III) = (I - II),Até o 1º Quadrimestre,9538111750.98,9075649,Ceará
2019,2,CE,RGF-Anexo 01,DespesaComPessoalBruta,DESPESA BRUTA COM PESSOAL (I),<MR-11>,773401868.33,9075649,Ceará
2019,2,CE,RGF-Anexo 01,DespesaComPessoalBruta,DESPESA BRUTA COM PESSOAL (I),<MR-10>,807375018.75,9075649,Ceará
2019,2,CE,RGF-Anexo 01,DespesaComPessoalBruta,DESPESA BRUTA COM PESSOAL (I),<MR-9>,752500278.64,9075649,Ceará
2019,2,CE,RGF-Anexo 01,DespesaComPessoalBruta,DESPESA BRUTA COM PESSOAL (I),<MR-8>,1353819593.43,9075649,Ceará
2019,2,CE,RGF-Anexo 01,DespesaComPessoalBruta,DESPESA BRUTA COM PESSOAL (I),<MR-7>,702908856.97,9075649,Ceará
2019,2,CE,RGF-Anexo 01,DespesaComPessoalBruta,DESPESA BRUTA COM PESSOAL (I),<MR-6>,746372928.5,9075649,Ceará
2019,2,CE,RGF-Anexo 01,DespesaComPessoalBruta,DESPESA BRUTA COM PESSOAL (I),<MR-5>,812139089.6,9075649,Ceará
2019,2,CE,RGF-Anexo 01,DespesaComPessoalBruta,DESPESA BRUTA COM PESSOAL (I),<MR-4>,821872573.52,9075649,Ceará
2019,2,CE,RGF-Anexo 01,DespesaComPessoalBruta,DESPESA BRUTA COM PESSOAL (I),<MR-3>,841439830.34,9075649,Ceará
2019,2,CE,RGF-Anexo 01,DespesaComPessoalBruta,DESPESA BRUTA COM PESSOAL (I),<MR-2>,808036531.29,9075649,Ceará
2019,2,CE,RGF-Anexo 01,DespesaComPessoalBruta,DESPESA BRUTA COM PESSOAL (I),<MR-1>,1144504058.11,9075649,Ceará
2019,2,CE,RGF-Anexo 01,DespesaComPessoalBruta,DESPESA BRUTA COM PESSOAL (I),<MR>,846350557.68,9075649,Ceará
2019,2,CE,RGF-Anexo 01,DespesaComPessoalBruta,DESPESA BRUTA COM PESSOAL (I),TOTAL (ÚLTIMOS 12 MESES) (a),10410721185.16,9075649,Ceará
2019,2,CE,RGF-Anexo 01,DespesaComPessoalBruta,DESPESA BRUTA COM PESSOAL (I),INSCRITAS EM RESTOS A PAGAR NÃO PROCESSADOS (b),24814669.67,9075649,Ceará
2019,2,CE,RGF-Anexo 01,DespesaComPessoalAtivoBruta,Pessoal Ativo,<MR-11>,536212219.08,9075649,Ceará
2019,2,CE,RGF-Anexo 01,DespesaComPessoalAtivoBruta,Pessoal Ativo,<MR-10>,577231362.72,9075649,Ceará
2019,2,CE,RGF-Anexo 01,DespesaComPessoalAtivoBruta,Pessoal Ativo,<MR-9>,528252729.9,9075649,Ceará
2019,2,CE,RGF-Anexo 01,DespesaComPessoalAtivoBruta,Pessoal Ativo,<MR-8>,989737522.96,9075649,Ceará
2019,2,CE,RGF-Anexo 01,DespesaComPessoalAtivoBruta,Pessoal Ativo,<MR-7>,521332308.18,9075649,Ceará
2019,2,CE,RGF-Anexo 01,DespesaComPessoalAtivoBruta,Pessoal Ativo,<MR-6>,519616093.13,9075649,Ceará
2019,2,CE,RGF-Anexo 01,DespesaComPessoalAtivoBruta,Pessoal Ativo,<MR-5>,585888930.54,9075649,Ceará
2019,2,CE,RGF-Anexo 01,DespesaComPessoalAtivoBruta,Pessoal Ativo,<MR-4>,577268270.28,9075649,Ceará
2019,2,CE,RGF-Anexo 01,DespesaComPessoalAtivoBruta,Pessoal Ativo,<MR-3>,618016036.46,9075649,Ceará
2019,2,CE,RGF-Anexo 01,DespesaComPessoalAtivoBruta,Pessoal Ativo,<MR-2>,577962152.36,9075649,Ceará
2019,2,CE,RGF-Anexo 01,DespesaComPessoalAtivoBruta,Pessoal Ativo,<MR-1>,800688022.97,9075649,Ceará
2019,2,CE,RGF-Anexo 01,DespesaComPessoalAtivoBruta,Pessoal Ativo,<MR>,580286336.74,9075649,Ceará
2019,2,CE,RGF-Anexo 01,DespesaComPessoalAtivoBruta,Pessoal Ativo,TOTAL (ÚLTIMOS 12 MESES) (a),7412491985.32,9075649,Ceará
2019,2,CE,RGF-Anexo 01,DespesaComPessoalAtivoBruta,Pessoal Ativo,INSCRITAS EM RESTOS A PAGAR NÃO PROCESSADOS (b),413444.1,9075649,Ceará
2019,2,CE,RGF-Anexo 01,DespesaComPessoalInativoEPensionistasBruta,Pessoal Inativo e Pensionistas,<MR-11>,176727880.75,9075649,Ceará
2019,2,CE,RGF-Anexo 01,DespesaComPessoalInativoEPensionistasBruta,Pessoal Inativo e Pensionistas,<MR-10>,176744933.71,9075649,Ceará
2019,2,CE,RGF-Anexo 01,DespesaComPessoalInativoEPensionistasBruta,Pessoal Inativo e Pensionistas,<MR-9>,178401533.37,9075649,Ceará
2019,2,CE,RGF-Anexo 01,DespesaComPessoalInativoEPensionistasBruta,Pessoal Inativo e Pensionistas,<MR-8>,284261040.61,9075649,Ceará
2019,2,CE,RGF-Anexo 01,DespesaComPessoalInativoEPensionistasBruta,Pessoal Inativo e Pensionistas,<MR-7>,181575004.06,9075649,Ceará
2019,2,CE,RGF-Anexo 01,DespesaComPessoalInativoEPensionistasBruta,Pessoal Inativo e Pensionistas,<MR-6>,182792024.82,9075649,Ceará
2019,2,CE,RGF-Anexo 01,DespesaComPessoalInativoEPensionistasBruta,Pessoal Inativo e Pensionistas,<MR-5>,182193503.96,9075649,Ceará
2019,2,CE,RGF-Anexo 01,DespesaComPessoalInativoEPensionistasBruta,Pessoal Inativo e Pensionistas,<MR-4>,182683346.14,9075649,Ceará
2019,2,CE,RGF-Anexo 01,DespesaComPessoalInativoEPensionistasBruta,Pessoal Inativo e Pensionistas,<MR-3>,183111981.21,9075649,Ceará
2019,2,CE,RGF-Anexo 01,DespesaComPessoalInativoEPensionistasBruta,Pessoal Inativo e Pensionistas,<MR-2>,183829614.52,9075649,Ceará
2019,2,CE,RGF-Anexo 01,DespesaComPessoalInativoEPensionistasBruta,Pessoal Inativo e Pensionistas,<MR-1>,276583706.95,9075649,Ceará
2019,2,CE,RGF-Anexo 01,DespesaComPessoalInativoEPensionistasBruta,Pessoal Inativo e Pensionistas,<MR>,186707189.69,9075649,Ceará
2019,2,CE,RGF-Anexo 01,DespesaComPessoalInativoEPensionistasBruta,Pessoal Inativo e Pensionistas,TOTAL (ÚLTIMOS 12 MESES) (a),2375611759.79,9075649,Ceará
2019,2,CE,RGF-Anexo 01,DespesaComPessoalLiquida,DESPESA LÍQUIDA COM PESSOAL (III) = (I - II),<MR-11>,637364645.44,9075649,Ceará
2019,2,CE,RGF-Anexo 01,DespesaComPessoalLiquida,DESPESA LÍQUIDA COM PESSOAL (III) = (I - II),<MR-10>,673742171.97,9075649,Ceará
2019,2,CE,RGF-Anexo 01,DespesaComPessoalLiquida,DESPESA LÍQUIDA COM PESSOAL (III) = (I - II),<MR-9>,606083958.95,9075649,Ceará
2019,2,CE,RGF-Anexo 01,DespesaComPessoalLiquida,DESPESA LÍQUIDA COM PESSOAL (III) = (I - II),<MR-8>,1038362218.4,9075649,Ceará
2019,2,CE,RGF-Anexo 01,DespesaComPessoalLiquida,DESPESA LÍQUIDA COM PESSOAL (III) = (I - II),<MR-7>,549412727.7,9075649,Ceará
2019,2,CE,RGF-Anexo 01,DespesaComPessoalLiquida,DESPESA LÍQUIDA COM PESSOAL (III) = (I - II),<MR-6>,591991853.62,9075649,Ceará
2019,2,CE,RGF-Anexo 01,DespesaComPessoalLiquida,DESPESA LÍQUIDA COM PESSOAL (III) = (I - II),<MR-5>,663927101.35,9075649,Ceará
2019,2,CE,RGF-Anexo 01,DespesaComPessoalLiquida,DESPESA LÍQUIDA COM PESSOAL (III) = (I - II),<MR-4>,671784219.04,9075649,Ceará
2019,2,CE,RGF-Anexo 01,DespesaComPessoalLiquida,DESPESA LÍQUIDA COM PESSOAL (III) = (I - II),<MR-3>,691236963.91,9075649,Ceará
2019,2,CE,RGF-Anexo 01,DespesaComPessoalLiquida,DESPESA LÍQUIDA COM PESSOAL (III) = (I - II),<MR-2>,660051378.05,9075649,Ceará
2019,2,CE,RGF-Anexo 01,DespesaComPessoalLiquida,DESPESA LÍQUIDA COM PESSOAL (III) = (I - II),<MR-1>,1008764015.8,9075649,Ceará
2019,2,CE,RGF-Anexo 01,DespesaComPessoalLiquida,DESPESA LÍQUIDA COM PESSOAL (III) = (I - II),<MR>,700375567.29,9075649,Ceará
2019,2,CE,RGF-Anexo 01,DespesaComPessoalLiquida,DESPESA LÍQUIDA COM PESSOAL (III) = (I - II),TOTAL (ÚLTIMOS 12 MESES) (a),8493096821.52,9075649,Ceará
2019,2,CE,RGF-Anexo 01,DespesaComPessoalLiquida,DESPESA LÍQUIDA COM PESSOAL (III) = (I - II),INSCRITAS EM RESTOS A PAGAR NÃO PROCESSADOS (b),24814669.67,9075649,Ceará
2019,2,CE,RGF-Anexo 01,ReceitaCorrenteLiquidaLimiteLegal,RECEITA CORRENTE LIQUIDA - RCL (IV),Valor,20599450852.11,9075649,Ceará
2019,2,CE,RGF-Anexo 01,DespesaComPessoalTotal,DESPESA TOTAL COM PESSOAL - DTP (VII) = (IIIa + IIIb),Valor,8517911491.19,9075649,Ceará
2019,2,CE,RGF-Anexo 01,DespesaComPessoalTotal,DESPESA TOTAL COM PESSOAL - DTP (VII) = (IIIa + IIIb),% sobre a RCL Ajustada,41.36,9075649,Ceará
2019,2,CE,RGF-Anexo 02,DividaConsolidada,DÍVIDA CONSOLIDADA - DC (I),SALDO DO EXERCÍCIO ANTERIOR,13865126013.1,9075649,Ceará
2019,2,CE,RGF-Anexo 02,DividaConsolidada,DÍVIDA CONSOLIDADA - DC (I),Até o 1º Quadrimestre,13762315119.14,9075649,Ceará
2019,2,CE,RGF-Anexo 02,DividaConsolidada,DÍVIDA CONSOLIDADA - DC (I),Até o 2º Quadrimestre,14218233983.83,9075649,Ceará
2019,2,CE,RGF-Anexo 02,DividaContratual,Dívida Contratual,SALDO DO EXERCÍCIO ANTERIOR,12955984217.29,9075649,Ceará
2019,2,CE,RGF-Anexo 02,DividaContratual,Dívida Contratual,Até o 1º Quadrimestre,12853173323.33,9075649,Ceará
2019,2,CE,RGF-Anexo 02,DividaContratual,Dívida Contratual,Até o 2º Quadrimestre,13309092188.02,9075649,Ceará
2019,2,CE,RGF-Anexo 02,DividaConsolidadaLiquida,DÍVIDA CONSOLIDADA LÍQUIDA (DCL) (III) = (I - II),SALDO DO EXERCÍCIO ANTERIOR,10962426243.3,9075649,Ceará
2019,2,CE,RGF-Anexo 02,DividaConsolidadaLiquida,DÍVIDA CONSOLIDADA LÍQUIDA (DCL) (III) = (I - II),Até o 1º Quadrimestre,9538111750.98,9075649,Ceará
2019,2,CE,RGF-Anexo 02,DividaConsolidadaLiquida,DÍVIDA CONSOLIDADA LÍQUIDA (DCL) (III) = (I - II),Até o 2º Quadrimestre,9782658439.52,9075649,Ceará
2019,3,CE,RGF-Anexo 01,DespesaComPessoalBruta,DESPESA BRUTA COM PESSOAL (I),<MR-11>,702908856.97,9075649,Ceará
2019,3,CE,RGF-Anexo 01,DespesaComPessoalBruta,DESPESA BRUTA COM PESSOAL (I),<MR-10>,746372928.5,9075649,Ceará
2019,3,CE,RGF-Anexo 01,DespesaComPessoalBruta,DESPESA BRUTA COM PESSOAL (I),<MR-9>,812139089.6,9075649,Ceará
2019,3,CE,RGF-Anexo 01,DespesaComPessoalBruta,DESPESA BRUTA COM PESSOAL (I),<MR-8>,821872573.52,9075649,Ceará
2019,3,CE,RGF-Anexo 01,DespesaComPessoalBruta,DESPESA BRUTA COM PESSOAL (I),<MR-7>,841439830.34,9075649,Ceará
2019,3,CE,RGF-Anexo 01,DespesaComPessoalBruta,DESPESA BRUTA COM PESSOAL (I),<MR-6>,808036531.29,9075649,Ceará
2019,3,CE,RGF-Anexo 01,DespesaComPessoalBruta,DESPESA BRUTA COM PESSOAL (I),<MR-5>,1144504058.11,9075649,Ceará
2019,3,CE,RGF-Anexo 01,DespesaComPessoalBruta,DESPESA BRUTA COM PESSOAL (I),<MR-4>,846350557.68,9075649,Ceará
2019,3,CE,RGF-Anexo 01,DespesaComPessoalBruta,DESPESA BRUTA COM PESSOAL (I),<MR-3>,805431401.27,9075649,Ceará
2019,3,CE,RGF-Anexo 01,DespesaComPessoalBruta,DESPESA BRUTA COM PESSOAL (I),<MR-2>,891479677.07,9075649,Ceará
2019,3,CE,RGF-Anexo 01,DespesaComPessoalBruta,DESPESA BRUTA COM PESSOAL (I),<MR-1>,814420867.0,9075649,Ceará
2019,3,CE,RGF-Anexo 01,DespesaComPessoalBruta,DESPESA BRUTA COM PESSOAL (I),<MR>,1308957493.11,9075649,Ceará
2019,3,CE,RGF-Anexo 01,DespesaComPessoalBruta,DESPESA BRUTA COM PESSOAL (I),TOTAL (ÚLTIMOS 12 MESES) (a),10543913864.46,9075649,Ceará
2019,3,CE,RGF-Anexo 01,DespesaComPessoalBruta,DESPESA BRUTA COM PESSOAL (I),INSCRITAS EM RESTOS A PAGAR NÃO PROCESSADOS (b),19581703.66,9075649,Ceará
2019,3,CE,RGF-Anexo 01,DespesaComPessoalAtivoBruta,Pessoal Ativo,<MR-11>,521332308.18,9075649,Ceará
2019,3,CE,RGF-Anexo 01,DespesaComPessoalAtivoBruta,Pessoal Ativo,<MR-10>,519616093.13,9075649,Ceará
2019,3,CE,RGF-Anexo 01,DespesaComPessoalAtivoBruta,Pessoal Ativo,<MR-9>,585888930.54,9075649,Ceará
2019,3,CE,RGF-Anexo 01,DespesaComPessoalAtivoBruta,Pessoal Ativo,<MR-8>,577268270.28,9075649,Ceará
2019,3,CE,RGF-Anexo 01,DespesaComPessoalAtivoBruta,Pessoal Ativo,<MR-7>,618016036.46,9075649,Ceará
2019,3,CE,RGF-Anexo 01,DespesaComPessoalAtivoBruta,Pessoal Ativo,<MR-6>,577962152.36,9075649,Ceará
2019,3,CE,RGF-Anexo 01,DespesaComPessoalAtivoBruta,Pessoal Ativo,<MR-5>,800688022.97,9075649,Ceará
2019,3,CE,RGF-Anexo 01,DespesaComPessoalAtivoBruta,Pessoal Ativo,<MR-4>,580286336.74,9075649,Ceará
2019,3,CE,RGF-Anexo 01,DespesaComPessoalAtivoBruta,Pessoal Ativo,<MR-3>,576671278.68,9075649,Ceará
2019,3,CE,RGF-Anexo 01,DespesaComPessoalAtivoBruta,Pessoal Ativo,<MR-2>,638387628.03,9075649,Ceará
2019,3,CE,RGF-Anexo 01,DespesaComPessoalAtivoBruta,Pessoal Ativo,<MR-1>,583103559.55,9075649,Ceará
2019,3,CE,RGF-Anexo 01,DespesaComPessoalAtivoBruta,Pessoal Ativo,<MR>,914182878.29,9075649,Ceará
2019,3,CE,RGF-Anexo 01,DespesaComPessoalAtivoBruta,Pessoal Ativo,TOTAL (ÚLTIMOS 12 MESES) (a),7493403495.21,9075649,Ceará
2019,3,CE,RGF-Anexo 01,DespesaComPessoalAtivoBruta,Pessoal Ativo,INSCRITAS EM RESTOS A PAGAR NÃO PROCESSADOS (b),1309810.55,9075649,Ceará
2019,3,CE,RGF-Anexo 01,DespesaComPessoalInativoEPensionistasBruta,Pessoal Inativo e Pensionistas,<MR-11>,181575004.06,9075649,Ceará
2019,3,CE,RGF-Anexo 01,DespesaComPessoalInativoEPensionistasBruta,Pessoal Inativo e Pensionistas,<MR-10>,182792024.82,9075649,Ceará
2019,3,CE,RGF-Anexo 01,DespesaComPessoalInativoEPensionistasBruta,Pessoal Inativo e Pensionistas,<MR-9>,182193503.96,9075649,Ceará
2019,3,CE,RGF-Anexo 01,DespesaComPessoalInativoEPensionistasBruta,Pessoal Inativo e Pensionistas,<MR-8>,182683346.14,9075649,Ceará
2019,3,CE,RGF-Anexo 01,DespesaComPessoalInativoEPensionistasBruta,Pessoal Inativo e Pensionistas,<MR-7>,183111981.21,9075649,Ceará
2019,3,CE,RGF-Anexo 01,DespesaComPessoalInativoEPensionistasBruta,Pessoal Inativo e Pensionistas,<MR-6>,183829614.52,9075649,Ceará
2019,3,CE,RGF-Anexo 01,DespesaComPessoalInativoEPensionistasBruta,Pessoal Inativo e Pensionistas,<MR-5>,276583706.95,9075649,Ceará
2019,3,CE,RGF-Anexo 01,DespesaComPessoalInativoEPensionistasBruta,Pessoal Inativo e Pensionistas,<MR-4>,186707189.69,9075649,Ceará
2019,3,CE,RGF-Anexo 01,DespesaComPessoalInativoEPensionistasBruta,Pessoal Inativo e Pensionistas,<MR-3>,186723168.63,9075649,Ceará
2019,3,CE,RGF-Anexo 01,DespesaComPessoalInativoEPensionistasBruta,Pessoal Inativo e Pensionistas,<MR-2>,187380691.76,9075649,Ceará
2019,3,CE,RGF-Anexo 01,DespesaComPessoalInativoEPensionistasBruta,Pessoal Inativo e Pensionistas,<MR-1>,187315031.54,9075649,Ceará
2019,3,CE,RGF-Anexo 01,DespesaComPessoalInativoEPensionistasBruta,Pessoal Inativo e Pensionistas,<MR>,284323408.2,9075649,Ceará
2019,3,CE,RGF-Anexo 01,DespesaComPessoalInativoEPensionistasBruta,Pessoal Inativo e Pensionistas,TOTAL (ÚLTIMOS 12 MESES) (a),2405218671.48,9075649,Ceará
2019,3,CE,RGF-Anexo 01,DespesaComPessoalLiquida,DESPESA LÍQUIDA COM PESSOAL (III) = (I - II),<MR-11>,549412727.7,9075649,Ceará
2019,3,CE,RGF-Anexo 01,DespesaComPessoalLiquida,DESPESA LÍQUIDA COM PESSOAL (III) = (I - II),<MR-10>,591991853.62,9075649,Ceará
2019,3,CE,RGF-Anexo 01,DespesaComPessoalLiquida,DESPESA LÍQUIDA COM PESSOAL (III) = (I - II),<MR-9>,663927101.35,9075649,Ceará
2019,3,CE,RGF-Anexo 01,DespesaComPessoalLiquida,DESPESA LÍQUIDA COM PESSOAL (III) = (I - II),<MR-8>,671784219.04,9075649,Ceará
2019,3,CE,RGF-Anexo 01,DespesaComPessoalLiquida,DESPESA LÍQUIDA COM PESSOAL (III) = (I - II),<MR-7>,691236963.91,9075649,Ceará
2019,3,CE,RGF-Anexo 01,DespesaComPessoalLiquida,DESPESA LÍQUIDA COM PESSOAL (III) = (I - II),<MR-6>,660051378.05,9075649,Ceará
2019,3,CE,RGF-Anexo 01,DespesaComPessoalLiquida,DESPESA LÍQUIDA COM PESSOAL (III) = (I - II),<MR-5>,1008764015.8,9075649,Ceará
2019,3,CE,RGF-Anexo 01,DespesaComPessoalLiquida,DESPESA LÍQUIDA COM PESSOAL (III) = (I - II),<MR-4>,700375567.29,9075649,Ceará
2019,3,CE,RGF-Anexo 01,DespesaComPessoalLiquida,DESPESA LÍQUIDA COM PESSOAL (III) = (I - II),<MR-3>,657871607.87,9075649,Ceará
2019,3,CE,RGF-Anexo 01,DespesaComPessoalLiquida,DESPESA LÍQUIDA COM PESSOAL (III) = (I - II),<MR-2>,741547948.58,9075649,Ceará
2019,3,CE,RGF-Anexo 01,DespesaComPessoalLiquida,DESPESA LÍQUIDA COM PESSOAL (III) = (I - II),<MR-1>,654742369.12,9075649,Ceará
2019,3,CE,RGF-Anexo 01,DespesaComPessoalLiquida,DESPESA LÍQUIDA COM PESSOAL (III) = (I - II),<MR>,1078707320.55,9075649,Ceará
2019,3,CE,RGF-Anexo 01,DespesaComPessoalLiquida,DESPESA LÍQUIDA COM PESSOAL (III) = (I - II),TOTAL (ÚLTIMOS 12 MESES) (a),8670413072.88,9075649,Ceará
2019,3,CE,RGF-Anexo 01,DespesaComPessoalLiquida,DESPESA LÍQUIDA COM PESSOAL (III) = (I - II),INSCRITAS EM RESTOS A PAGAR NÃO PROCESSADOS (b),19575920.73,9075649,Ceará
2019,3,CE,RGF-Anexo 01,ReceitaCorrenteLiquidaLimiteLegal,RECEITA CORRENTE LIQUIDA - RCL (IV),Valor,20882025052.84,9075649,Ceará
2019,3,CE,RGF-Anexo 01,DespesaComPessoalTotal,DESPESA TOTAL COM PESSOAL - DTP (VII) = (IIIa + IIIb),Valor,8689988993.61,9075649,Ceará
2019,3,CE,RGF-Anexo 01,DespesaComPessoalTotal,DESPESA TOTAL COM PESSOAL - DTP (VII) = (IIIa + IIIb),% sobre a RCL Ajustada,41.64,9075649,Ceará
2019,3,CE,RGF-Anexo 02,DividaConsolidada,DÍVIDA CONSOLIDADA - DC (I),SALDO DO EXERCÍCIO ANTERIOR,13865126013.1,9075649,Ceará
2019,3,CE,RGF-Anexo 02,DividaConsolidada,DÍVIDA CONSOLIDADA - DC (I),Até o 1º Quadrimestre,13762315119.14,9075649,Ceará
2019,3,CE,RGF-Anexo 02,DividaConsolidada,DÍVIDA CONSOLIDADA - DC (I),Até o 2º Quadrimestre,14218233983.83,9075649,Ceará
2019,3,CE,RGF-Anexo 02,DividaConsolidada,DÍVIDA CONSOLIDADA - DC (I),Até o 3º Quadrimestre,14906375117.99,9075649,Ceará
2019,3,CE,RGF-Anexo 02,DividaContratual,Dívida Contratual,SALDO DO EXERCÍCIO ANTERIOR,12955984217.29,9075649,Ceará
2019,3,CE,RGF-Anexo 02,DividaContratual,Dívida Contratual,Até o 1º Quadrimestre,12853173323.33,9075649,Ceará
2019,3,CE,RGF-Anexo 02,DividaContratual,Dívida Contratual,Até o 2º Quadrimestre,13309092188.02,9075649,Ceará
2019,3,CE,RGF-Anexo 02,DividaContratual,Dívida Contratual,Até o 3º Quadrimestre,13854143939.3,9075649,Ceará
2019,3,CE,RGF-Anexo 02,DividaConsolidadaLiquida,DÍVIDA CONSOLIDADA LÍQUIDA (DCL) (III) = (I - II),SALDO DO EXERCÍCIO ANTERIOR,10962426243.3,9075649,Ceará
2019,3,CE,RGF-Anexo 02,DividaConsolidadaLiquida,DÍVIDA CONSOLIDADA LÍQUIDA (DCL) (III) = (I - II),Até o 1º Quadrimestre,9538111750.98,9075649,Ceará
2019,3,CE,RGF-Anexo 02,DividaConsolidadaLiquida,DÍVIDA CONSOLIDADA LÍQUIDA (DCL) (III) = (I - II),Até o 2º Quadrimestre,9782658439.52,9075649,Ceará
2019,3,CE,RGF-Anexo 02,DividaConsolidadaLiquida,DÍVIDA CONSOLIDADA LÍQUIDA (DCL) (III) = (I - II),Até o 3º Quadrimestre,10995170453.7,9075649,Ceará
2020,1,CE,RGF-Anexo 01,DespesaComPessoalBruta,DESPESA BRUTA COM PESSOAL (I),<MR-11>,841439830.34,9132078,Ceará
2020,1,CE,RGF-Anexo 01,DespesaComPessoalBruta,DESPESA BRUTA COM PESSOAL (I),<MR-10>,808036531.29,9132078,Ceará
2020,1,CE,RGF-Anexo 01,DespesaComPessoalBruta,DESPESA BRUTA COM PESSOAL (I),<MR-9>,1144504058.11,9132078,Ceará
2020,1,CE,RGF-Anexo 01,DespesaComPessoalBruta,DESPESA BRUTA COM PESSOAL (I),<MR-8>,846350557.68,9132078,Ceará
2020,1,CE,RGF-Anexo 01,DespesaComPessoalBruta,DESPESA BRUTA COM PESSOAL (I),<MR-7>,805431401.27,9132078,Ceará
2020,1,CE,RGF-Anexo 01,DespesaComPessoalBruta,DESPESA BRUTA COM PESSOAL (I),<MR-6>,891479677.07,9132078,Ceará
2020,1,CE,RGF-Anexo 01,DespesaComPessoalBruta,DESPESA BRUTA COM PESSOAL (I),<MR-5>,814420867.0,9132078,Ceará
2020,1,CE,RGF-Anexo 01,DespesaComPessoalBruta,DESPESA BRUTA COM PESSOAL (I),<MR-4>,1308957493.11,9132078,Ceará
2020,1,CE,RGF-Anexo 01,DespesaComPessoalBruta,DESPESA BRUTA COM PESSOAL (I),<MR-3>,748613641.52,9132078,Ceará
2020,1,CE,RGF-Anexo 01,DespesaComPessoalBruta,DESPESA BRUTA COM PESSOAL (I),<MR-2>,782764055.34,9132078,Ceará
2020,1,CE,RGF-Anexo 01,DespesaComPessoalBruta,DESPESA BRUTA COM PESSOAL (I),<MR-1>,863035660.24,9132078,Ceará
2020,1,CE,RGF-Anexo 01,DespesaComPessoalBruta,DESPESA BRUTA COM PESSOAL (I),<MR>,801375375.94,9132078,Ceará
2020,1,CE,RGF-Anexo 01,DespesaComPessoalBruta,DESPESA BRUTA COM PESSOAL (I),TOTAL (ÚLTIMOS 12 MESES) (a),10656409148.91,9132078,Ceará
2020,1,CE,RGF-Anexo 01,DespesaComPessoalBruta,DESPESA BRUTA COM PESSOAL (I),INSCRITAS EM RESTOS A PAGAR NÃO PROCESSADOS (b),19581703.66,9132078,Ceará
2020,1,CE,RGF-Anexo 01,DespesaComPessoalAtivoBruta,Pessoal Ativo,<MR-11>,618016036.46,9132078,Ceará
2020,1,CE,RGF-Anexo 01,DespesaComPessoalAtivoBruta,Pessoal Ativo,<MR-10>,577962152.36,9132078,Ceará
2020,1,CE,RGF-Anexo 01,DespesaComPessoalAtivoBruta,Pessoal Ativo,<MR-9>,800688022.97,9132078,Ceará
2020,1,CE,RGF-Anexo 01,DespesaComPessoalAtivoBruta,Pessoal Ativo,<MR-8>,580286336.74,9132078,Ceará
2020,1,CE,RGF-Anexo 01,DespesaComPessoalAtivoBruta,Pessoal Ativo,<MR-7>,576671278.68,9132078,Ceará
2020,1,CE,RGF-Anexo 01,DespesaComPessoalAtivoBruta,Pessoal Ativo,<MR-6>,638387628.03,9132078,Ceará
2020,1,CE,RGF-Anexo 01,DespesaComPessoalAtivoBruta,Pessoal Ativo,<MR-5>,583103559.55,9132078,Ceará
2020,1,CE,RGF-Anexo 01,DespesaComPessoalAtivoBruta,Pessoal Ativo,<MR-4>,914182878.29,9132078,Ceará
2020,1,CE,RGF-Anexo 01,DespesaComPessoalAtivoBruta,Pessoal Ativo,<MR-3>,560755843.3,9132078,Ceará
2020,1,CE,RGF-Anexo 01,DespesaComPessoalAtivoBruta,Pessoal Ativo,<MR-2>,555019976.69,9132078,Ceará
2020,1,CE,RGF-Anexo 01,DespesaComPessoalAtivoBruta,Pessoal Ativo,<MR-1>,592739587.1,9132078,Ceará
2020,1,CE,RGF-Anexo 01,DespesaComPessoalAtivoBruta,Pessoal Ativo,<MR>,559719311.23,9132078,Ceará
2020,1,CE,RGF-Anexo 01,DespesaComPessoalAtivoBruta,Pessoal Ativo,TOTAL (ÚLTIMOS 12 MESES) (a),7557532611.4,9132078,Ceará
2020,1,CE,RGF-Anexo 01,DespesaComPessoalAtivoBruta,Pessoal Ativo,INSCRITAS EM RESTOS A PAGAR NÃO PROCESSADOS (b),1309810.55,9132078,Ceará
2020,1,CE,RGF-Anexo 01,DespesaComPessoalInativoEPensionistasBruta,Pessoal Inativo e Pensionistas,<MR-11>,183111981.21,9132078,Ceará
2020,1,CE,RGF-Anexo 01,DespesaComPessoalInativoEPensionistasBruta,Pessoal Inativo e Pensionistas,<MR-10>,183829614.52,9132078,Ceará
2020,1,CE,RGF-Anexo 01,DespesaComPessoalInativoEPensionistasBruta,Pessoal Inativo e Pensionistas,<MR-9>,276583706.95,9132078,Ceará
2020,1,CE,RGF-Anexo 01,DespesaComPessoalInativoEPensionistasBruta,Pessoal Inativo e Pensionistas,<MR-8>,186707189.69,9132078,Ceará
2020,1,CE,RGF-Anexo 01,DespesaComPessoalInativoEPensionistasBruta,Pessoal Inativo e Pensionistas,<MR-7>,186723168.63,9132078,Ceará
2020,1,CE,RGF-Anexo 01,DespesaComPessoalInativoEPensionistasBruta,Pessoal Inativo e Pensionistas,<MR-6>,187380691.76,9132078,Ceará
2020,1,CE,RGF-Anexo 01,DespesaComPessoalInativoEPensionistasBruta,Pessoal Inativo e Pensionistas,<MR-5>,187315031.54,9132078,Ceará
2020,1,CE,RGF-Anexo 01,DespesaComPessoalInativoEPensionistasBruta,Pessoal Inativo e Pensionistas,<MR-4>,284323408.2,9132078,Ceará
2020,1,CE,RGF-Anexo 01,DespesaComPessoalInativoEPensionistasBruta,Pessoal Inativo e Pensionistas,<MR-3>,187621359.05,9132078,Ceará
2020,1,CE,RGF-Anexo 01,DespesaComPessoalInativoEPensionistasBruta,Pessoal Inativo e Pensionistas,<MR-2>,195648879.63,9132078,Ceará
2020,1,CE,RGF-Anexo 01,DespesaComPessoalInativoEPensionistasBruta,Pessoal Inativo e Pensionistas,<MR-1>,197750257.85,9132078,Ceará
2020,1,CE,RGF-Anexo 01,DespesaComPessoalInativoEPensionistasBruta,Pessoal Inativo e Pensionistas,<MR>,190073836.37,9132078,Ceará
2020,1,CE,RGF-Anexo 01,DespesaComPessoalInativoEPensionistasBruta,Pessoal Inativo e Pensionistas,TOTAL (ÚLTIMOS 12 MESES) (a),2447069125.4,9132078,Ceará
2020,1,CE,RGF-Anexo 01,DespesaComPessoalLiquida,DESPESA LÍQUIDA COM PESSOAL (III) = (I - II),<MR-11>,691236963.91,9132078,Ceará
2020,1,CE,RGF-Anexo 01,DespesaComPessoalLiquida,DESPESA LÍQUIDA COM PESSOAL (III) = (I - II),<MR-10>,660051378.05,9132078,Ceará
2020,1,CE,RGF-Anexo 01,DespesaComPessoalLiquida,DESPESA LÍQUIDA COM PESSOAL (III) = (I - II),<MR-9>,1008764015.8,9132078,Ceará
2020,1,CE,RGF-Anexo 01,DespesaComPessoalLiquida,DESPESA LÍQUIDA COM PESSOAL (III) = (I - II),<MR-8>,700375567.29,9132078,Ceará
2020,1,CE,RGF-Anexo 01,DespesaComPessoalLiquida,DESPESA LÍQUIDA COM PESSOAL (III) = (I - II),<MR-7>,657871607.87,9132078,Ceará
2020,1,CE,RGF-Anexo 01,DespesaComPessoalLiquida,DESPESA LÍQUIDA COM PESSOAL (III) = (I - II),<MR-6>,741547948.58,9132078,Ceará
2020,1,CE,RGF-Anexo 01,DespesaComPessoalLiquida,DESPESA LÍQUIDA COM PESSOAL (III) = (I - II),<MR-5>,654742369.12,9132078,Ceará
2020,1,CE,RGF-Anexo 01,DespesaComPessoalLiquida,DESPESA LÍQUIDA COM PESSOAL (III) = (I - II),<MR-4>,1078707320.55,9132078,Ceará
2020,1,CE,RGF-Anexo 01,DespesaComPessoalLiquida,DESPESA LÍQUIDA COM PESSOAL (III) = (I - II),<MR-3>,560664494.15,9132078,Ceará
2020,1,CE,RGF-Anexo 01,DespesaComPessoalLiquida,DESPESA LÍQUIDA COM PESSOAL (III) = (I - II),<MR-2>,627460308.65,9132078,Ceará
2020,1,CE,RGF-Anexo 01,DespesaComPessoalLiquida,DESPESA LÍQUIDA COM PESSOAL (III) = (I - II),<MR-1>,707718735.97,9132078,Ceará
2020,1,CE,RGF-Anexo 01,DespesaComPessoalLiquida,DESPESA LÍQUIDA COM PESSOAL (III) = (I - II),<MR>,642074506.93,9132078,Ceará
2020,1,CE,RGF-Anexo 01,DespesaComPessoalLiquida,DESPESA LÍQUIDA COM PESSOAL (III) = (I - II),TOTAL (ÚLTIMOS 12 MESES) (a),8731215216.87,9132078,Ceará
2020,1,CE,RGF-Anexo 01,DespesaComPessoalLiquida,DESPESA LÍQUIDA COM PESSOAL (III) = (I - II),INSCRITAS EM RESTOS A PAGAR NÃO PROCESSADOS (b),19575920.73,9132078,Ceará
2020,1,CE,RGF-Anexo 01,ReceitaCorrenteLiquidaLimiteLegal,RECEITA CORRENTE LIQUIDA - RCL (IV),Valor,20918387928.24,9132078,Ceará
2020,1,CE,RGF-Anexo 01,DespesaComPessoalTotal,DESPESA TOTAL COM PESSOAL - DTP (VIII) = (IIIa + IIIb),Valor,8750791137.6,9132078,Ceará
2020,1,CE,RGF-Anexo 01,DespesaComPessoalTotal,DESPESA TOTAL COM PESSOAL - DTP (VIII) = (IIIa + IIIb),% sobre a RCL Ajustada,41.86,9132078,Ceará
2020,1,CE,RGF-Anexo 02,DividaConsolidada,DÍVIDA CONSOLIDADA - DC (I),SALDO DO EXERCÍCIO ANTERIOR,14906375117.99,9132078,Ceará
2020,1,CE,RGF-Anexo 02,DividaConsolidada,DÍVIDA CONSOLIDADA - DC (I),Até o 1º Quadrimestre,17287505193.76,9132078,Ceará
2020,1,CE,RGF-Anexo 02,DividaContratual,Dívida Contratual,SALDO DO EXERCÍCIO ANTERIOR,13854143939.3,9132078,Ceará
2020,1,CE,RGF-Anexo 02,DividaContratual,Dívida Contratual,Até o 1º Quadrimestre,16235274015.07,9132078,Ceará
2020,1,CE,RGF-Anexo 02,DividaConsolidadaLiquida,DÍVIDA CONSOLIDADA LÍQUIDA (DCL) (III) = (I - II),SALDO DO EXERCÍCIO ANTERIOR,10995170453.7,9132078,Ceará
2020,1,CE,RGF-Anexo 02,DividaConsolidadaLiquida,DÍVIDA CONSOLIDADA LÍQUIDA (DCL) (III) = (I - II),Até o 1º Quadrimestre,12427826844.33,9132078,Ceará
2020,2,CE,RGF-Anexo 01,DespesaComPessoalBruta,DESPESA BRUTA COM PESSOAL (I),<MR-11>,805431401.27,9132078,Ceará
2020,2,CE,RGF-Anexo 01,DespesaComPessoalBruta,DESPESA BRUTA COM PESSOAL (I),<MR-10>,891479677.07,9132078,Ceará
2020,2,CE,RGF-Anexo 01,DespesaComPessoalBruta,DESPESA BRUTA COM PESSOAL (I),<MR-9>,814420867.0,9132078,Ceará
2020,2,CE,RGF-Anexo 01,DespesaComPessoalBruta,DESPESA BRUTA COM PESSOAL (I),<MR-8>,1308957493.11,9132078,Ceará
2020,2,CE,RGF-Anexo 01,DespesaComPessoalBruta,DESPESA BRUTA COM PESSOAL (I),<MR-7>,748613641.52,9132078,Ceará
2020,2,CE,RGF-Anexo 01,DespesaComPessoalBruta,DESPESA BRUTA COM PESSOAL (I),<MR-6>,782764055.34,9132078,Ceará
2020,2,CE,RGF-Anexo 01,DespesaComPessoalBruta,DESPESA BRUTA COM PESSOAL (I),<MR-5>,863035660.24,9132078,Ceará
2020,2,CE,RGF-Anexo 01,DespesaComPessoalBruta,DESPESA BRUTA COM PESSOAL (I),<MR-4>,801375375.94,9132078,Ceará
2020,2,CE,RGF-Anexo 01,DespesaComPessoalBruta,DESPESA BRUTA COM PESSOAL (I),<MR-3>,811157278.97,9132078,Ceará
2020,2,CE,RGF-Anexo 01,DespesaComPessoalBruta,DESPESA BRUTA COM PESSOAL (I),<MR-2>,880115165.27,9132078,Ceará
2020,2,CE,RGF-Anexo 01,DespesaComPessoalBruta,DESPESA BRUTA COM PESSOAL (I),<MR-1>,849398020.66,9132078,Ceará
2020,2,CE,RGF-Anexo 01,DespesaComPessoalBruta,DESPESA BRUTA COM PESSOAL (I),<MR>,1159550354.43,9132078,Ceará
2020,2,CE,RGF-Anexo 01,DespesaComPessoalBruta,DESPESA BRUTA COM PESSOAL (I),TOTAL (ÚLTIMOS 12 MESES) (a),10716298990.82,9132078,Ceará
2020,2,CE,RGF-Anexo 01,DespesaComPessoalBruta,DESPESA BRUTA COM PESSOAL (I),INSCRITAS EM RESTOS A PAGAR NÃO PROCESSADOS (b),19581703.66,9132078,Ceará
2020,2,CE,RGF-Anexo 01,DespesaComPessoalAtivoBruta,Pessoal Ativo,<MR-11>,576671278.68,9132078,Ceará
2020,2,CE,RGF-Anexo 01,DespesaComPessoalAtivoBruta,Pessoal Ativo,<MR-10>,638387628.03,9132078,Ceará
2020,2,CE,RGF-Anexo 01,DespesaComPessoalAtivoBruta,Pessoal Ativo,<MR-9>,583103559.55,9132078,Ceará
2020,2,CE,RGF-Anexo 01,DespesaComPessoalAtivoBruta,Pessoal Ativo,<MR-8>,914182878.29,9132078,Ceará
2020,2,CE,RGF-Anexo 01,DespesaComPessoalAtivoBruta,Pessoal Ativo,<MR-7>,560755843.3,9132078,Ceará
2020,2,CE,RGF-Anexo 01,DespesaComPessoalAtivoBruta,Pessoal Ativo,<MR-6>,555019976.69,9132078,Ceará
2020,2,CE,RGF-Anexo 01,DespesaComPessoalAtivoBruta,Pessoal Ativo,<MR-5>,592739587.1,9132078,Ceará
2020,2,CE,RGF-Anexo 01,DespesaComPessoalAtivoBruta,Pessoal Ativo,<MR-4>,559719311.23,9132078,Ceará
2020,2,CE,RGF-Anexo 01,DespesaComPessoalAtivoBruta,Pessoal Ativo,<MR-3>,566620642.8,9132078,Ceará
2020,2,CE,RGF-Anexo 01,DespesaComPessoalAtivoBruta,Pessoal Ativo,<MR-2>,619752565.22,9132078,Ceará
2020,2,CE,RGF-Anexo 01,DespesaComPessoalAtivoBruta,Pessoal Ativo,<MR-1>,567655279.72,9132078,Ceará
2020,2,CE,RGF-Anexo 01,DespesaComPessoalAtivoBruta,Pessoal Ativo,<MR>,796329622.62,9132078,Ceará
2020,2,CE,RGF-Anexo 01,DespesaComPessoalAtivoBruta,Pessoal Ativo,TOTAL (ÚLTIMOS 12 MESES) (a),7530938173.23,9132078,Ceará
2020,2,CE,RGF-Anexo 01,DespesaComPessoalAtivoBruta,Pessoal Ativo,INSCRITAS EM RESTOS A PAGAR NÃO PROCESSADOS (b),1309810.55,9132078,Ceará
2020,2,CE,RGF-Anexo 01,DespesaComPessoalInativoEPensionistasBruta,Pessoal Inativo e Pensionistas,<MR-11>,186723168.63,9132078,Ceará
2020,2,CE,RGF-Anexo 01,DespesaComPessoalInativoEPensionistasBruta,Pessoal Inativo e Pensionistas,<MR-10>,187380691.76,9132078,Ceará
2020,2,CE,RGF-Anexo 01,DespesaComPessoalInativoEPensionistasBruta,Pessoal Inativo e Pensionistas,<MR-9>,187315031.54,9132078,Ceará
2020,2,CE,RGF-Anexo 01,DespesaComPessoalInativoEPensionistasBruta,Pessoal Inativo e Pensionistas,<MR-8>,284323408.2,9132078,Ceará
2020,2,CE,RGF-Anexo 01,DespesaComPessoalInativoEPensionistasBruta,Pessoal Inativo e Pensionistas,<MR-7>,187621359.05,9132078,Ceará
2020,2,CE,RGF-Anexo 01,DespesaComPessoalInativoEPensionistasBruta,Pessoal Inativo e Pensionistas,<MR-6>,195648879.63,9132078,Ceará
2020,2,CE,RGF-Anexo 01,DespesaComPessoalInativoEPensionistasBruta,Pessoal Inativo e Pensionistas,<MR-5>,197750257.85,9132078,Ceará
2020,2,CE,RGF-Anexo 01,DespesaComPessoalInativoEPensionistasBruta,Pessoal Inativo e Pensionistas,<MR-4>,190073836.37,9132078,Ceará
2020,2,CE,RGF-Anexo 01,DespesaComPessoalInativoEPensionistasBruta,Pessoal Inativo e Pensionistas,<MR-3>,189899885.28,9132078,Ceará
2020,2,CE,RGF-Anexo 01,DespesaComPessoalInativoEPensionistasBruta,Pessoal Inativo e Pensionistas,<MR-2>,189876718.78,9132078,Ceará
2020,2,CE,RGF-Anexo 01,DespesaComPessoalInativoEPensionistasBruta,Pessoal Inativo e Pensionistas,<MR-1>,190964120.94,9132078,Ceará
2020,2,CE,RGF-Anexo 01,DespesaComPessoalInativoEPensionistasBruta,Pessoal Inativo e Pensionistas,<MR>,289219195.42,9132078,Ceará
2020,2,CE,RGF-Anexo 01,DespesaComPessoalInativoEPensionistasBruta,Pessoal Inativo e Pensionistas,TOTAL (ÚLTIMOS 12 MESES) (a),2476796553.45,9132078,Ceará
2020,2,CE,RGF-Anexo 01,DespesaComPessoalLiquida,DESPESA LÍQUIDA COM PESSOAL (III) = (I - II),<MR-11>,657871607.87,9132078,Ceará
2020,2,CE,RGF-Anexo 01,DespesaComPessoalLiquida,DESPESA LÍQUIDA COM PESSOAL (III) = (I - II),<MR-10>,741547948.58,9132078,Ceará
2020,2,CE,RGF-Anexo 01,DespesaComPessoalLiquida,DESPESA LÍQUIDA COM PESSOAL (III) = (I - II),<MR-9>,654742369.12,9132078,Ceará
2020,2,CE,RGF-Anexo 01,DespesaComPessoalLiquida,DESPESA LÍQUIDA COM PESSOAL (III) = (I - II),<MR-8>,1078707320.55,9132078,Ceará
2020,2,CE,RGF-Anexo 01,DespesaComPessoalLiquida,DESPESA LÍQUIDA COM PESSOAL (III) = (I - II),<MR-7>,560664494.15,9132078,Ceará
2020,2,CE,RGF-Anexo 01,DespesaComPessoalLiquida,DESPESA LÍQUIDA COM PESSOAL (III) = (I - II),<MR-6>,627460308.65,9132078,Ceará
2020,2,CE,RGF-Anexo 01,DespesaComPessoalLiquida,DESPESA LÍQUIDA COM PESSOAL (III) = (I - II),<MR-5>,707718735.97,9132078,Ceará
2020,2,CE,RGF-Anexo 01,DespesaComPessoalLiquida,DESPESA LÍQUIDA COM PESSOAL (III) = (I - II),<MR-4>,642074506.93,9132078,Ceará
2020,2,CE,RGF-Anexo 01,DespesaComPessoalLiquida,DESPESA LÍQUIDA COM PESSOAL (III) = (I - II),<MR-3>,649900309.21,9132078,Ceará
2020,2,CE,RGF-Anexo 01,DespesaComPessoalLiquida,DESPESA LÍQUIDA COM PESSOAL (III) = (I - II),<MR-2>,720901849.48,9132078,Ceará
2020,2,CE,RGF-Anexo 01,DespesaComPessoalLiquida,DESPESA LÍQUIDA COM PESSOAL (III) = (I - II),<MR-1>,684563971.9,9132078,Ceará
2020,2,CE,RGF-Anexo 01,DespesaComPessoalLiquida,DESPESA LÍQUIDA COM PESSOAL (III) = (I - II),<MR>,1019173696.21,9132078,Ceará
2020,2,CE,RGF-Anexo 01,DespesaComPessoalLiquida,DESPESA LÍQUIDA COM PESSOAL (III) = (I - II),TOTAL (ÚLTIMOS 12 MESES) (a),8745327118.62,9132078,Ceará
2020,2,CE,RGF-Anexo 01,DespesaComPessoalLiquida,DESPESA LÍQUIDA COM PESSOAL (III) = (I - II),INSCRITAS EM RESTOS A PAGAR NÃO PROCESSADOS (b),19575920.73,9132078,Ceará
2020,2,CE,RGF-Anexo 01,ReceitaCorrenteLiquidaLimiteLegal,RECEITA CORRENTE LIQUIDA - RCL (IV),Valor,21403952904.29,9132078,Ceará
2020,2,CE,RGF-Anexo 01,DespesaComPessoalTotal,DESPESA TOTAL COM PESSOAL - DTP (VIII) = (IIIa + IIIb),Valor,8764903039.35,9132078,Ceará
2020,2,CE,RGF-Anexo 01,DespesaComPessoalTotal,DESPESA TOTAL COM PESSOAL - DTP (VIII) = (IIIa + IIIb),% sobre a RCL Ajustada,41.23,9132078,Ceará
2020,2,CE,RGF-Anexo 02,DividaConsolidada,DÍVIDA CONSOLIDADA - DC (I),SALDO DO EXERCÍCIO ANTERIOR,14906375117.99,9132078,Ceará
2020,2,CE,RGF-Anexo 02,DividaConsolidada,DÍVIDA CONSOLIDADA - DC (I),Até o 1º Quadrimestre,17287505193.76,9132078,Ceará
2020,2,CE,RGF-Anexo 02,DividaConsolidada,DÍVIDA CONSOLIDADA - DC (I),Até o 2º Quadrimestre,18175705203.75,9132078,Ceará
2020,2,CE,RGF-Anexo 02,DividaContratual,Dívida Contratual,SALDO DO EXERCÍCIO ANTERIOR,13854143939.3,9132078,Ceará
2020,2,CE,RGF-Anexo 02,DividaContratual,Dívida Contratual,Até o 1º Quadrimestre,16235274015.07,9132078,Ceará
2020,2,CE,RGF-Anexo 02,DividaContratual,Dívida Contratual,Até o 2º Quadrimestre,17123474025.06,9132078,Ceará
2020,2,CE,RGF-Anexo 02,DividaConsolidadaLiquida,DÍVIDA CONSOLIDADA LÍQUIDA (DCL) (III) = (I - II),SALDO DO EXERCÍCIO ANTERIOR,10995170453.7,9132078,Ceará
2020,2,CE,RGF-Anexo 02,DividaConsolidadaLiquida,DÍVIDA CONSOLIDADA LÍQUIDA (DCL) (III) = (I - II),Até o 1º Quadrimestre,12427826844.33,9132078,Ceará
2020,2,CE,RGF-Anexo 02,DividaConsolidadaLiquida,DÍVIDA CONSOLIDADA LÍQUIDA (DCL) (III) = (I - II),Até o 2º Quadrimestre,12043027384.19,9132078,Ceará
2020,3,CE,RGF-Anexo 01,DespesaComPessoalBruta,DESPESA BRUTA COM PESSOAL (I),<MR-11>,748613641.52,9132078,Ceará
2020,3,CE,RGF-Anexo 01,DespesaComPessoalBruta,DESPESA BRUTA COM PESSOAL (I),<MR-10>,782764055.34,9132078,Ceará
2020,3,CE,RGF-Anexo 01,DespesaComPessoalBruta,DESPESA BRUTA COM PESSOAL (I),<MR-9>,863035660.24,9132078,Ceará
2020,3,CE,RGF-Anexo 01,DespesaComPessoalBruta,DESPESA BRUTA COM PESSOAL (I),<MR-8>,801375375.94,9132078,Ceará
2020,3,CE,RGF-Anexo 01,DespesaComPessoalBruta,DESPESA BRUTA COM PESSOAL (I),<MR-7>,811157278.97,9132078,Ceará
2020,3,CE,RGF-Anexo 01,DespesaComPessoalBruta,DESPESA BRUTA COM PESSOAL (I),<MR-6>,880115165.27,9132078,Ceará
2020,3,CE,RGF-Anexo 01,DespesaComPessoalBruta,DESPESA BRUTA COM PESSOAL (I),<MR-5>,849398020.66,9132078,Ceará
2020,3,CE,RGF-Anexo 01,DespesaComPessoalBruta,DESPESA BRUTA COM PESSOAL (I),<MR-4>,1159550354.43,9132078,Ceará
2020,3,CE,RGF-Anexo 01,DespesaComPessoalBruta,DESPESA BRUTA COM PESSOAL (I),<MR-3>,862862776.98,9132078,Ceará
2020,3,CE,RGF-Anexo 01,DespesaComPessoalBruta,DESPESA BRUTA COM PESSOAL (I),<MR-2>,844573487.66,9132078,Ceará
2020,3,CE,RGF-Anexo 01,DespesaComPessoalBruta,DESPESA BRUTA COM PESSOAL (I),<MR-1>,843288139.74,9132078,Ceará
2020,3,CE,RGF-Anexo 01,DespesaComPessoalBruta,DESPESA BRUTA COM PESSOAL (I),<MR>,1439263123.37,9132078,Ceará
2020,3,CE,RGF-Anexo 01,DespesaComPessoalBruta,DESPESA BRUTA COM PESSOAL (I),TOTAL (ÚLTIMOS 12 MESES) (a),10885997080.12,9132078,Ceará
2020,3,CE,RGF-Anexo 01,DespesaComPessoalBruta,DESPESA BRUTA COM PESSOAL (I),INSCRITAS EM RESTOS A PAGAR NÃO PROCESSADOS (b),14542696.72,9132078,Ceará
2020,3,CE,RGF-Anexo 01,DespesaComPessoalAtivoBruta,Pessoal Ativo,<MR-11>,560755843.3,9132078,Ceará
2020,3,CE,RGF-Anexo 01,DespesaComPessoalAtivoBruta,Pessoal Ativo,<MR-10>,555019976.69,9132078,Ceará
2020,3,CE,RGF-Anexo 01,DespesaComPessoalAtivoBruta,Pessoal Ativo,<MR-9>,592739587.1,9132078,Ceará
2020,3,CE,RGF-Anexo 01,DespesaComPessoalAtivoBruta,Pessoal Ativo,<MR-8>,559719311.23,9132078,Ceará
2020,3,CE,RGF-Anexo 01,DespesaComPessoalAtivoBruta,Pessoal Ativo,<MR-7>,566620642.8,9132078,Ceará
2020,3,CE,RGF-Anexo 01,DespesaComPessoalAtivoBruta,Pessoal Ativo,<MR-6>,619752565.22,9132078,Ceará
2020,3,CE,RGF-Anexo 01,DespesaComPessoalAtivoBruta,Pessoal Ativo,<MR-5>,567655279.72,9132078,Ceará
2020,3,CE,RGF-Anexo 01,DespesaComPessoalAtivoBruta,Pessoal Ativo,<MR-4>,796329622.62,9132078,Ceará
2020,3,CE,RGF-Anexo 01,DespesaComPessoalAtivoBruta,Pessoal Ativo,<MR-3>,581679728.76,9132078,Ceará
2020,3,CE,RGF-Anexo 01,DespesaComPessoalAtivoBruta,Pessoal Ativo,<MR-2>,578150001.47,9132078,Ceará
2020,3,CE,RGF-Anexo 01,DespesaComPessoalAtivoBruta,Pessoal Ativo,<MR-1>,565920414.73,9132078,Ceará
2020,3,CE,RGF-Anexo 01,DespesaComPessoalAtivoBruta,Pessoal Ativo,<MR>,978707854.75,9132078,Ceará
2020,3,CE,RGF-Anexo 01,DespesaComPessoalAtivoBruta,Pessoal Ativo,TOTAL (ÚLTIMOS 12 MESES) (a),7523050828.39,9132078,Ceará
2020,3,CE,RGF-Anexo 01,DespesaComPessoalAtivoBruta,Pessoal Ativo,INSCRITAS EM RESTOS A PAGAR NÃO PROCESSADOS (b),1810567.69,9132078,Ceará
2020,3,CE,RGF-Anexo 01,DespesaComPessoalInativoEPensionistasBruta,Pessoal Inativo e Pensionistas,<MR-11>,187621359.05,9132078,Ceará
2020,3,CE,RGF-Anexo 01,DespesaComPessoalInativoEPensionistasBruta,Pessoal Inativo e Pensionistas,<MR-10>,195648879.63,9132078,Ceará
2020,3,CE,RGF-Anexo 01,DespesaComPessoalInativoEPensionistasBruta,Pessoal Inativo e Pensionistas,<MR-9>,197750257.85,9132078,Ceará
2020,3,CE,RGF-Anexo 01,DespesaComPessoalInativoEPensionistasBruta,Pessoal Inativo e Pensionistas,<MR-8>,190073836.37,9132078,Ceará
2020,3,CE,RGF-Anexo 01,DespesaComPessoalInativoEPensionistasBruta,Pessoal Inativo e Pensionistas,<MR-7>,189899885.28,9132078,Ceará
2020,3,CE,RGF-Anexo 01,DespesaComPessoalInativoEPensionistasBruta,Pessoal Inativo e Pensionistas,<MR-6>,189876718.78,9132078,Ceará
2020,3,CE,RGF-Anexo 01,DespesaComPessoalInativoEPensionistasBruta,Pessoal Inativo e Pensionistas,<MR-5>,190964120.94,9132078,Ceará
2020,3,CE,RGF-Anexo 01,DespesaComPessoalInativoEPensionistasBruta,Pessoal Inativo e Pensionistas,<MR-4>,289219195.42,9132078,Ceará
2020,3,CE,RGF-Anexo 01,DespesaComPessoalInativoEPensionistasBruta,Pessoal Inativo e Pensionistas,<MR-3>,193350998.51,9132078,Ceará
2020,3,CE,RGF-Anexo 01,DespesaComPessoalInativoEPensionistasBruta,Pessoal Inativo e Pensionistas,<MR-2>,193521654.69,9132078,Ceará
2020,3,CE,RGF-Anexo 01,DespesaComPessoalInativoEPensionistasBruta,Pessoal Inativo e Pensionistas,<MR-1>,192450698.12,9132078,Ceará
2020,3,CE,RGF-Anexo 01,DespesaComPessoalInativoEPensionistasBruta,Pessoal Inativo e Pensionistas,<MR>,309949333.36,9132078,Ceará
2020,3,CE,RGF-Anexo 01,DespesaComPessoalInativoEPensionistasBruta,Pessoal Inativo e Pensionistas,TOTAL (ÚLTIMOS 12 MESES) (a),2520326938.0,9132078,Ceará
2020,3,CE,RGF-Anexo 01,DespesaComPessoalLiquida,DESPESA LÍQUIDA COM PESSOAL (III) = (I - II),<MR-11>,560664494.15,9132078,Ceará
2020,3,CE,RGF-Anexo 01,DespesaComPessoalLiquida,DESPESA LÍQUIDA COM PESSOAL (III) = (I - II),<MR-10>,627460308.65,9132078,Ceará
2020,3,CE,RGF-Anexo 01,DespesaComPessoalLiquida,DESPESA LÍQUIDA COM PESSOAL (III) = (I - II),<MR-9>,707718735.97,9132078,Ceará
2020,3,CE,RGF-Anexo 01,DespesaComPessoalLiquida,DESPESA LÍQUIDA COM PESSOAL (III) = (I - II),<MR-8>,642074506.93,9132078,Ceará
2020,3,CE,RGF-Anexo 01,DespesaComPessoalLiquida,DESPESA LÍQUIDA COM PESSOAL (III) = (I - II),<MR-7>,649900309.21,9132078,Ceará
2020,3,CE,RGF-Anexo 01,DespesaComPessoalLiquida,DESPESA LÍQUIDA COM PESSOAL (III) = (I - II),<MR-6>,720901849.48,9132078,Ceará
2020,3,CE,RGF-Anexo 01,DespesaComPessoalLiquida,DESPESA LÍQUIDA COM PESSOAL (III) = (I - II),<MR-5>,684563971.9,9132078,Ceará
2020,3,CE,RGF-Anexo 01,DespesaComPessoalLiquida,DESPESA LÍQUIDA COM PESSOAL (III) = (I - II),<MR-4>,1019173696.21,9132078,Ceará
2020,3,CE,RGF-Anexo 01,DespesaComPessoalLiquida,DESPESA LÍQUIDA COM PESSOAL (III) = (I - II),<MR-3>,704629669.63,9132078,Ceará
2020,3,CE,RGF-Anexo 01,DespesaComPessoalLiquida,DESPESA LÍQUIDA COM PESSOAL (III) = (I - II),<MR-2>,683828912.14,9132078,Ceará
2020,3,CE,RGF-Anexo 01,DespesaComPessoalLiquida,DESPESA LÍQUIDA COM PESSOAL (III) = (I - II),<MR-1>,688038020.73,9132078,Ceará
2020,3,CE,RGF-Anexo 01,DespesaComPessoalLiquida,DESPESA LÍQUIDA COM PESSOAL (III) = (I - II),<MR>,1172782462.83,9132078,Ceará
2020,3,CE,RGF-Anexo 01,DespesaComPessoalLiquida,DESPESA LÍQUIDA COM PESSOAL (III) = (I - II),TOTAL (ÚLTIMOS 12 MESES) (a),8861736937.83,9132078,Ceará
2020,3,CE,RGF-Anexo 01,DespesaComPessoalLiquida,DESPESA LÍQUIDA COM PESSOAL (III) = (I - II),INSCRITAS EM RESTOS A PAGAR NÃO PROCESSADOS (b),14360050.64,9132078,Ceará
2020,3,CE,RGF-Anexo 01,ReceitaCorrenteLiquidaLimiteLegal,RECEITA CORRENTE LIQUIDA - RCL (IV),Valor,22028314984.46,9132078,Ceará
2020,3,CE,RGF-Anexo 01,DespesaComPessoalTotal,DESPESA TOTAL COM PESSOAL - DTP (VIII) = (IIIa + IIIb),Valor,8876096988.47,9132078,Ceará
2020,3,CE,RGF-Anexo 01,DespesaComPessoalTotal,DESPESA TOTAL COM PESSOAL - DTP (VIII) = (IIIa + IIIb),% sobre a RCL Ajustada,40.55,9132078,Ceará
2020,3,CE,RGF-Anexo 02,DividaConsolidada,DÍVIDA CONSOLIDADA - DC (I),SALDO DO EXERCÍCIO ANTERIOR,14906375117.99,9132078,Ceará
2020,3,CE,RGF-Anexo 02,DividaConsolidada,DÍVIDA CONSOLIDADA - DC (I),Até o 1º Quadrimestre,17287505193.76,9132078,Ceará
2020,3,CE,RGF-Anexo 02,DividaConsolidada,DÍVIDA CONSOLIDADA - DC (I),Até o 2º Quadrimestre,18175705203.75,9132078,Ceará
2020,3,CE,RGF-Anexo 02,DividaConsolidada,DÍVIDA CONSOLIDADA - DC (I),Até o 3º Quadrimestre,17783339122.52,9132078,Ceará
2020,3,CE,RGF-Anexo 02,DividaContratual,Dívida Contratual,SALDO DO EXERCÍCIO ANTERIOR,13854143939.3,9132078,Ceará
2020,3,CE,RGF-Anexo 02,DividaContratual,Dívida Contratual,Até o 1º Quadrimestre,16235274015.07,9132078,Ceará
2020,3,CE,RGF-Anexo 02,DividaContratual,Dívida Contratual,Até o 2º Quadrimestre,17123474025.06,9132078,Ceará
2020,3,CE,RGF-Anexo 02,DividaContratual,Dívida Contratual,Até o 3º Quadrimestre,16633404657.27,9132078,Ceará
2020,3,CE,RGF-Anexo 02,DividaConsolidadaLiquida,DÍVIDA CONSOLIDADA LÍQUIDA (DCL) (III) = (I - II),SALDO DO EXERCÍCIO ANTERIOR,10995170453.7,9132078,Ceará
2020,3,CE,RGF-Anexo 02,DividaConsolidadaLiquida,DÍVIDA CONSOLIDADA LÍQUIDA (DCL) (III) = (I - II),Até o 1º Quadrimestre,12427826844.33,9132078,Ceará
2020,3,CE,RGF-Anexo 02,DividaConsolidadaLiquida,DÍVIDA CONSOLIDADA LÍQUIDA (DCL) (III) = (I - II),Até o 2º Quadrimestre,12043027384.19,9132078,Ceará
2020,3,CE,RGF-Anexo 02,DividaConsolidadaLiquida,DÍVIDA CONSOLIDADA LÍQUIDA (DCL) (III) = (I - II),Até o 3º Quadrimestre,11973622896.16,9132078,Ceará
2021,1,CE,RGF-Anexo 01,DespesaComPessoalBruta,DESPESA BRUTA COM PESSOAL (I),<MR-11>,811157278.97,9187103,Ceará
2021,1,CE,RGF-Anexo 01,DespesaComPessoalBruta,DESPESA BRUTA COM PESSOAL (I),<MR-10>,880115165.27,9187103,Ceará
2021,1,CE,RGF-Anexo 01,DespesaComPessoalBruta,DESPESA BRUTA COM PESSOAL (I),<MR-9>,849398020.66,9187103,Ceará
2021,1,CE,RGF-Anexo 01,DespesaComPessoalBruta,DESPESA BRUTA COM PESSOAL (I),<MR-8>,1159550354.43,9187103,Ceará
2021,1,CE,RGF-Anexo 01,DespesaComPessoalBruta,DESPESA BRUTA COM PESSOAL (I),<MR-7>,862862776.98,9187103,Ceará
2021,1,CE,RGF-Anexo 01,DespesaComPessoalBruta,DESPESA BRUTA COM PESSOAL (I),<MR-6>,844573487.66,9187103,Ceará
2021,1,CE,RGF-Anexo 01,DespesaComPessoalBruta,DESPESA BRUTA COM PESSOAL (I),<MR-5>,843288139.74,9187103,Ceará
2021,1,CE,RGF-Anexo 01,DespesaComPessoalBruta,DESPESA BRUTA COM PESSOAL (I),<MR-4>,1439263123.37,9187103,Ceará
2021,1,CE,RGF-Anexo 01,DespesaComPessoalBruta,DESPESA BRUTA COM PESSOAL (I),<MR-3>,785911069.16,9187103,Ceará
2021,1,CE,RGF-Anexo 01,DespesaComPessoalBruta,DESPESA BRUTA COM PESSOAL (I),<MR-2>,886687253.89,9187103,Ceará
2021,1,CE,RGF-Anexo 01,DespesaComPessoalBruta,DESPESA BRUTA COM PESSOAL (I),<MR-1>,927139688.87,9187103,Ceará
2021,1,CE,RGF-Anexo 01,DespesaComPessoalBruta,DESPESA BRUTA COM PESSOAL (I),<MR>,943343486.91,9187103,Ceará
2021,1,CE,RGF-Anexo 01,DespesaComPessoalBruta,DESPESA BRUTA COM PESSOAL (I),TOTAL (ÚLTIMOS 12 MESES) (a),11233289845.91,9187103,Ceará
2021,1,CE,RGF-Anexo 01,DespesaComPessoalBruta,DESPESA BRUTA COM PESSOAL (I),INSCRITAS EM RESTOS A PAGAR NÃO PROCESSADOS (b),14542696.72,9187103,Ceará
2021,1,CE,RGF-Anexo 01,DespesaComPessoalAtivoBruta,Pessoal Ativo,<MR-11>,566620642.8,9187103,Ceará
2021,1,CE,RGF-Anexo 01,DespesaComPessoalAtivoBruta,Pessoal Ativo,<MR-10>,619752565.22,9187103,Ceará
2021,1,CE,RGF-Anexo 01,DespesaComPessoalAtivoBruta,Pessoal Ativo,<MR-9>,567655279.72,9187103,Ceará
2021,1,CE,RGF-Anexo 01,DespesaComPessoalAtivoBruta,Pessoal Ativo,<MR-8>,796329622.62,9187103,Ceará
2021,1,CE,RGF-Anexo 01,DespesaComPessoalAtivoBruta,Pessoal Ativo,<MR-7>,581679728.76,9187103,Ceará
2021,1,CE,RGF-Anexo 01,DespesaComPessoalAtivoBruta,Pessoal Ativo,<MR-6>,578150001.47,9187103,Ceará
2021,1,CE,RGF-Anexo 01,DespesaComPessoalAtivoBruta,Pessoal Ativo,<MR-5>,565920414.73,9187103,Ceará
2021,1,CE,RGF-Anexo 01,DespesaComPessoalAtivoBruta,Pessoal Ativo,<MR-4>,978707854.75,9187103,Ceará
2021,1,CE,RGF-Anexo 01,DespesaComPessoalAtivoBruta,Pessoal Ativo,<MR-3>,532387523.28,9187103,Ceará
2021,1,CE,RGF-Anexo 01,DespesaComPessoalAtivoBruta,Pessoal Ativo,<MR-2>,597893930.94,9187103,Ceará
2021,1,CE,RGF-Anexo 01,DespesaComPessoalAtivoBruta,Pessoal Ativo,<MR-1>,595015442.94,9187103,Ceará
2021,1,CE,RGF-Anexo 01,DespesaComPessoalAtivoBruta,Pessoal Ativo,<MR>,591618165.49,9187103,Ceará
2021,1,CE,RGF-Anexo 01,DespesaComPessoalAtivoBruta,Pessoal Ativo,TOTAL (ÚLTIMOS 12 MESES) (a),7571731172.72,9187103,Ceará
2021,1,CE,RGF-Anexo 01,DespesaComPessoalAtivoBruta,Pessoal Ativo,INSCRITAS EM RESTOS A PAGAR NÃO PROCESSADOS (b),1810567.69,9187103,Ceará
2021,1,CE,RGF-Anexo 01,DespesaComPessoalInativoEPensionistasBruta,Pessoal Inativo e Pensionistas,<MR-11>,189899885.28,9187103,Ceará
2021,1,CE,RGF-Anexo 01,DespesaComPessoalInativoEPensionistasBruta,Pessoal Inativo e Pensionistas,<MR-10>,189876718.78,9187103,Ceará
2021,1,CE,RGF-Anexo 01,DespesaComPessoalInativoEPensionistasBruta,Pessoal Inativo e Pensionistas,<MR-9>,190964120.94,9187103,Ceará
2021,1,CE,RGF-Anexo 01,DespesaComPessoalInativoEPensionistasBruta,Pessoal Inativo e Pensionistas,<MR-8>,289219195.42,9187103,Ceará
2021,1,CE,RGF-Anexo 01,DespesaComPessoalInativoEPensionistasBruta,Pessoal Inativo e Pensionistas,<MR-7>,193350998.51,9187103,Ceará
2021,1,CE,RGF-Anexo 01,DespesaComPessoalInativoEPensionistasBruta,Pessoal Inativo e Pensionistas,<MR-6>,193521654.69,9187103,Ceará
2021,1,CE,RGF-Anexo 01,DespesaComPessoalInativoEPensionistasBruta,Pessoal Inativo e Pensionistas,<MR-5>,192450698.12,9187103,Ceará
2021,1,CE,RGF-Anexo 01,DespesaComPessoalInativoEPensionistasBruta,Pessoal Inativo e Pensionistas,<MR-4>,309949333.36,9187103,Ceará
2021,1,CE,RGF-Anexo 01,DespesaComPessoalInativoEPensionistasBruta,Pessoal Inativo e Pensionistas,<MR-3>,253412776.02,9187103,Ceará
2021,1,CE,RGF-Anexo 01,DespesaComPessoalInativoEPensionistasBruta,Pessoal Inativo e Pensionistas,<MR-2>,254073173.15,9187103,Ceará
2021,1,CE,RGF-Anexo 01,DespesaComPessoalInativoEPensionistasBruta,Pessoal Inativo e Pensionistas,<MR-1>,258991682.04,9187103,Ceará
2021,1,CE,RGF-Anexo 01,DespesaComPessoalInativoEPensionistasBruta,Pessoal Inativo e Pensionistas,<MR>,272413031.56,9187103,Ceará
2021,1,CE,RGF-Anexo 01,DespesaComPessoalInativoEPensionistasBruta,Pessoal Inativo e Pensionistas,TOTAL (ÚLTIMOS 12 MESES) (a),2788123267.87,9187103,Ceará
2021,1,CE,RGF-Anexo 01,DespesaComPessoalLiquida,DESPESA LÍQUIDA COM PESSOAL (III) = (I - II),<MR-11>,649900309.21,9187103,Ceará
2021,1,CE,RGF-Anexo 01,DespesaComPessoalLiquida,DESPESA LÍQUIDA COM PESSOAL (III) = (I - II),<MR-10>,720901849.48,9187103,Ceará
2021,1,CE,RGF-Anexo 01,DespesaComPessoalLiquida,DESPESA LÍQUIDA COM PESSOAL (III) = (I - II),<MR-9>,684563971.9,9187103,Ceará
2021,1,CE,RGF-Anexo 01,DespesaComPessoalLiquida,DESPESA LÍQUIDA COM PESSOAL (III) = (I - II),<MR-8>,1019173696.21,9187103,Ceará
2021,1,CE,RGF-Anexo 01,DespesaComPessoalLiquida,DESPESA LÍQUIDA COM PESSOAL (III) = (I - II),<MR-7>,704629669.63,9187103,Ceará
2021,1,CE,RGF-Anexo 01,DespesaComPessoalLiquida,DESPESA LÍQUIDA COM PESSOAL (III) = (I - II),<MR-6>,683828912.14,9187103,Ceará
2021,1,CE,RGF-Anexo 01,DespesaComPessoalLiquida,DESPESA LÍQUIDA COM PESSOAL (III) = (I - II),<MR-5>,688038020.73,9187103,Ceará
2021,1,CE,RGF-Anexo 01,DespesaComPessoalLiquida,DESPESA LÍQUIDA COM PESSOAL (III) = (I - II),<MR-4>,1172782462.83,9187103,Ceará
2021,1,CE,RGF-Anexo 01,DespesaComPessoalLiquida,DESPESA LÍQUIDA COM PESSOAL (III) = (I - II),<MR-3>,584684897.49,9187103,Ceará
2021,1,CE,RGF-Anexo 01,DespesaComPessoalLiquida,DESPESA LÍQUIDA COM PESSOAL (III) = (I - II),<MR-2>,713268708.81,9187103,Ceará
2021,1,CE,RGF-Anexo 01,DespesaComPessoalLiquida,DESPESA LÍQUIDA COM PESSOAL (III) = (I - II),<MR-1>,757671016.75,9187103,Ceará
2021,1,CE,RGF-Anexo 01,DespesaComPessoalLiquida,DESPESA LÍQUIDA COM PESSOAL (III) = (I - II),<MR>,669526332.1,9187103,Ceará
2021,1,CE,RGF-Anexo 01,DespesaComPessoalLiquida,DESPESA LÍQUIDA COM PESSOAL (III) = (I - II),TOTAL (ÚLTIMOS 12 MESES) (a),9048969847.28,9187103,Ceará
2021,1,CE,RGF-Anexo 01,DespesaComPessoalLiquida,DESPESA LÍQUIDA COM PESSOAL (III) = (I - II),INSCRITAS EM RESTOS A PAGAR NÃO PROCESSADOS (b),14360050.64,9187103,Ceará
2021,1,CE,RGF-Anexo 01,ReceitaCorrenteLiquidaLimiteLegal,RECEITA CORRENTE LIQUIDA - RCL (IV),Valor,23161980679.18,9187103,Ceará
2021,1,CE,RGF-Anexo 01,DespesaComPessoalTotal,DESPESA TOTAL COM PESSOAL - DTP (VIII) = (IIIa + IIIb),Valor,9063329897.92,9187103,Ceará
2021,1,CE,RGF-Anexo 01,DespesaComPessoalTotal,DESPESA TOTAL COM PESSOAL - DTP (VIII) = (IIIa + IIIb),% sobre a RCL Ajustada,39.37,9187103,Ceará
2021,1,CE,RGF-Anexo 02,DividaConsolidada,DÍVIDA CONSOLIDADA - DC (I),SALDO DO EXERCÍCIO ANTERIOR,17783339122.52,9187103,Ceará
2021,1,CE,RGF-Anexo 02,DividaConsolidada,DÍVIDA CONSOLIDADA - DC (I),Até o 1º Quadrimestre,17886482446.34,9187103,Ceará
2021,1,CE,RGF-Anexo 02,DividaContratual,Dívida Contratual,SALDO DO EXERCÍCIO ANTERIOR,16633404657.27,9187103,Ceará
2021,1,CE,RGF-Anexo 02,DividaContratual,Dívida Contratual,Até o 1º Quadrimestre,16736547981.09,9187103,Ceará
2021,1,CE,RGF-Anexo 02,DividaConsolidadaLiquida,DÍVIDA CONSOLIDADA LÍQUIDA (DCL) (III) = (I - II),SALDO DO EXERCÍCIO ANTERIOR,11973622896.16,9187103,Ceará
2021,1,CE,RGF-Anexo 02,DividaConsolidadaLiquida,DÍVIDA CONSOLIDADA LÍQUIDA (DCL) (III) = (I - II),Até o 1º Quadrimestre,10006204727.01,9187103,Ceará
2021,2,CE,RGF-Anexo 01,DespesaComPessoalBruta,DESPESA BRUTA COM PESSOAL (I),<MR-11>,862862776.98,9187103,Ceará
2021,2,CE,RGF-Anexo 01,DespesaComPessoalBruta,DESPESA BRUTA COM PESSOAL (I),<MR-10>,844573487.66,9187103,Ceará
2021,2,CE,RGF-Anexo 01,DespesaComPessoalBruta,DESPESA BRUTA COM PESSOAL (I),<MR-9>,843288139.74,9187103,Ceará
2021,2,CE,RGF-Anexo 01,DespesaComPessoalBruta,DESPESA BRUTA COM PESSOAL (I),<MR-8>,1439263123.37,9187103,Ceará
2021,2,CE,RGF-Anexo 01,DespesaComPessoalBruta,DESPESA BRUTA COM PESSOAL (I),<MR-7>,785911069.16,9187103,Ceará
2021,2,CE,RGF-Anexo 01,DespesaComPessoalBruta,DESPESA BRUTA COM PESSOAL (I),<MR-6>,886687253.89,9187103,Ceará
2021,2,CE,RGF-Anexo 01,DespesaComPessoalBruta,DESPESA BRUTA COM PESSOAL (I),<MR-5>,927139688.87,9187103,Ceará
2021,2,CE,RGF-Anexo 01,DespesaComPessoalBruta,DESPESA BRUTA COM PESSOAL (I),<MR-4>,943343486.91,9187103,Ceará
2021,2,CE,RGF-Anexo 01,DespesaComPessoalBruta,DESPESA BRUTA COM PESSOAL (I),<MR-3>,925488359.74,9187103,Ceará
2021,2,CE,RGF-Anexo 01,DespesaComPessoalBruta,DESPESA BRUTA COM PESSOAL (I),<MR-2>,1336268867.44,9187103,Ceará
2021,2,CE,RGF-Anexo 01,DespesaComPessoalBruta,DESPESA BRUTA COM PESSOAL (I),<MR-1>,928306797.28,9187103,Ceará
2021,2,CE,RGF-Anexo 01,DespesaComPessoalBruta,DESPESA BRUTA COM PESSOAL (I),<MR>,973330453.54,9187103,Ceará
2021,2,CE,RGF-Anexo 01,DespesaComPessoalBruta,DESPESA BRUTA COM PESSOAL (I),TOTAL (ÚLTIMOS 12 MESES) (a),11696463504.58,9187103,Ceará
2021,2,CE,RGF-Anexo 01,DespesaComPessoalBruta,DESPESA BRUTA COM PESSOAL (I),INSCRITAS EM RESTOS A PAGAR NÃO PROCESSADOS (b),14542696.72,9187103,Ceará
2021,2,CE,RGF-Anexo 01,DespesaComPessoalAtivoBruta,Pessoal Ativo,<MR-11>,581679728.76,9187103,Ceará
2021,2,CE,RGF-Anexo 01,DespesaComPessoalAtivoBruta,Pessoal Ativo,<MR-10>,578150001.47,9187103,Ceará
2021,2,CE,RGF-Anexo 01,DespesaComPessoalAtivoBruta,Pessoal Ativo,<MR-9>,565920414.73,9187103,Ceará
2021,2,CE,RGF-Anexo 01,DespesaComPessoalAtivoBruta,Pessoal Ativo,<MR-8>,978707854.75,9187103,Ceará
2021,2,CE,RGF-Anexo 01,DespesaComPessoalAtivoBruta,Pessoal Ativo,<MR-7>,532387523.28,9187103,Ceará
2021,2,CE,RGF-Anexo 01,DespesaComPessoalAtivoBruta,Pessoal Ativo,<MR-6>,597893930.94,9187103,Ceará
2021,2,CE,RGF-Anexo 01,DespesaComPessoalAtivoBruta,Pessoal Ativo,<MR-5>,595015442.94,9187103,Ceará
2021,2,CE,RGF-Anexo 01,DespesaComPessoalAtivoBruta,Pessoal Ativo,<MR-4>,591618165.49,9187103,Ceará
2021,2,CE,RGF-Anexo 01,DespesaComPessoalAtivoBruta,Pessoal Ativo,<MR-3>,596138110.84,9187103,Ceará
2021,2,CE,RGF-Anexo 01,DespesaComPessoalAtivoBruta,Pessoal Ativo,<MR-2>,863375585.64,9187103,Ceará
2021,2,CE,RGF-Anexo 01,DespesaComPessoalAtivoBruta,Pessoal Ativo,<MR-1>,583617477.21,9187103,Ceará
2021,2,CE,RGF-Anexo 01,DespesaComPessoalAtivoBruta,Pessoal Ativo,<MR>,614256486.16,9187103,Ceará
2021,2,CE,RGF-Anexo 01,DespesaComPessoalAtivoBruta,Pessoal Ativo,TOTAL (ÚLTIMOS 12 MESES) (a),7678760722.21,9187103,Ceará
2021,2,CE,RGF-Anexo 01,DespesaComPessoalAtivoBruta,Pessoal Ativo,INSCRITAS EM RESTOS A PAGAR NÃO PROCESSADOS (b),1810567.69,9187103,Ceará
2021,2,CE,RGF-Anexo 01,DespesaComPessoalInativoEPensionistasBruta,Pessoal Inativo e Pensionistas,<MR-11>,193350998.51,9187103,Ceará
2021,2,CE,RGF-Anexo 01,DespesaComPessoalInativoEPensionistasBruta,Pessoal Inativo e Pensionistas,<MR-10>,193521654.69,9187103,Ceará
2021,2,CE,RGF-Anexo 01,DespesaComPessoalInativoEPensionistasBruta,Pessoal Inativo e Pensionistas,<MR-9>,192450698.12,9187103,Ceará
2021,2,CE,RGF-Anexo 01,DespesaComPessoalInativoEPensionistasBruta,Pessoal Inativo e Pensionistas,<MR-8>,309949333.36,9187103,Ceará
2021,2,CE,RGF-Anexo 01,DespesaComPessoalInativoEPensionistasBruta,Pessoal Inativo e Pensionistas,<MR-7>,253412776.02,9187103,Ceará
2021,2,CE,RGF-Anexo 01,DespesaComPessoalInativoEPensionistasBruta,Pessoal Inativo e Pensionistas,<MR-6>,254073173.15,9187103,Ceará
2021,2,CE,RGF-Anexo 01,DespesaComPessoalInativoEPensionistasBruta,Pessoal Inativo e Pensionistas,<MR-5>,258991682.04,9187103,Ceará
2021,2,CE,RGF-Anexo 01,DespesaComPessoalInativoEPensionistasBruta,Pessoal Inativo e Pensionistas,<MR-4>,272413031.56,9187103,Ceará
2021,2,CE,RGF-Anexo 01,DespesaComPessoalInativoEPensionistasBruta,Pessoal Inativo e Pensionistas,<MR-3>,257485033.29,9187103,Ceará
2021,2,CE,RGF-Anexo 01,DespesaComPessoalInativoEPensionistasBruta,Pessoal Inativo e Pensionistas,<MR-2>,383967158.79,9187103,Ceará
2021,2,CE,RGF-Anexo 01,DespesaComPessoalInativoEPensionistasBruta,Pessoal Inativo e Pensionistas,<MR-1>,256732585.43,9187103,Ceará
2021,2,CE,RGF-Anexo 01,DespesaComPessoalInativoEPensionistasBruta,Pessoal Inativo e Pensionistas,<MR>,256881940.01,9187103,Ceará
2021,2,CE,RGF-Anexo 01,DespesaComPessoalInativoEPensionistasBruta,Pessoal Inativo e Pensionistas,TOTAL (ÚLTIMOS 12 MESES) (a),3083230064.97,9187103,Ceará
2021,2,CE,RGF-Anexo 01,DespesaComPessoalLiquida,DESPESA LÍQUIDA COM PESSOAL (III) = (I - II),<MR-11>,704629669.63,9187103,Ceará
2021,2,CE,RGF-Anexo 01,DespesaComPessoalLiquida,DESPESA LÍQUIDA COM PESSOAL (III) = (I - II),<MR-10>,683828912.14,9187103,Ceará
2021,2,CE,RGF-Anexo 01,DespesaComPessoalLiquida,DESPESA LÍQUIDA COM PESSOAL (III) = (I - II),<MR-9>,688038020.73,9187103,Ceará
2021,2,CE,RGF-Anexo 01,DespesaComPessoalLiquida,DESPESA LÍQUIDA COM PESSOAL (III) = (I - II),<MR-8>,1172782462.83,9187103,Ceará
2021,2,CE,RGF-Anexo 01,DespesaComPessoalLiquida,DESPESA LÍQUIDA COM PESSOAL (III) = (I - II),<MR-7>,584684897.49,9187103,Ceará
2021,2,CE,RGF-Anexo 01,DespesaComPessoalLiquida,DESPESA LÍQUIDA COM PESSOAL (III) = (I - II),<MR-6>,713268708.81,9187103,Ceará
2021,2,CE,RGF-Anexo 01,DespesaComPessoalLiquida,DESPESA LÍQUIDA COM PESSOAL (III) = (I - II),<MR-5>,757671016.75,9187103,Ceará
2021,2,CE,RGF-Anexo 01,DespesaComPessoalLiquida,DESPESA LÍQUIDA COM PESSOAL (III) = (I - II),<MR-4>,669526332.1,9187103,Ceará
2021,2,CE,RGF-Anexo 01,DespesaComPessoalLiquida,DESPESA LÍQUIDA COM PESSOAL (III) = (I - II),<MR-3>,739281076.53,9187103,Ceará
2021,2,CE,RGF-Anexo 01,DespesaComPessoalLiquida,DESPESA LÍQUIDA COM PESSOAL (III) = (I - II),<MR-2>,1158817408.15,9187103,Ceará
2021,2,CE,RGF-Anexo 01,DespesaComPessoalLiquida,DESPESA LÍQUIDA COM PESSOAL (III) = (I - II),<MR-1>,712081806.09,9187103,Ceará
2021,2,CE,RGF-Anexo 01,DespesaComPessoalLiquida,DESPESA LÍQUIDA COM PESSOAL (III) = (I - II),<MR>,786838799.48,9187103,Ceará
2021,2,CE,RGF-Anexo 01,DespesaComPessoalLiquida,DESPESA LÍQUIDA COM PESSOAL (III) = (I - II),TOTAL (ÚLTIMOS 12 MESES) (a),9371449110.73,9187103,Ceará
2021,2,CE,RGF-Anexo 01,DespesaComPessoalLiquida,DESPESA LÍQUIDA COM PESSOAL (III) = (I - II),INSCRITAS EM RESTOS A PAGAR NÃO PROCESSADOS (b),14360050.64,9187103,Ceará
2021,2,CE,RGF-Anexo 01,ReceitaCorrenteLiquidaLimiteLegal,RECEITA CORRENTE LIQUIDA - RCL (IV),Valor,24057444334.95,9187103,Ceará
2021,2,CE,RGF-Anexo 01,DespesaComPessoalTotal,DESPESA TOTAL COM PESSOAL - DTP (VIII) = (IIIa + IIIb),Valor,9385809161.37,9187103,Ceará
2021,2,CE,RGF-Anexo 01,DespesaComPessoalTotal,DESPESA TOTAL COM PESSOAL - DTP (VIII) = (IIIa + IIIb),% sobre a RCL Ajustada,39.2,9187103,Ceará
2021,2,CE,RGF-Anexo 02,DividaConsolidada,DÍVIDA CONSOLIDADA - DC (I),SALDO DO EXERCÍCIO ANTERIOR,17783339122.52,9187103,Ceará
2021,2,CE,RGF-Anexo 02,DividaConsolidada,DÍVIDA CONSOLIDADA - DC (I),Até o 1º Quadrimestre,17886482446.34,9187103,Ceará
2021,2,CE,RGF-Anexo 02,DividaConsolidada,DÍVIDA CONSOLIDADA - DC (I),Até o 2º Quadrimestre,18168088663.14,9187103,Ceará
2021,2,CE,RGF-Anexo 02,DividaContratual,Dívida Contratual,SALDO DO EXERCÍCIO ANTERIOR,16633404657.27,9187103,Ceará
2021,2,CE,RGF-Anexo 02,DividaContratual,Dívida Contratual,Até o 1º Quadrimestre,16736547981.09,9187103,Ceará
2021,2,CE,RGF-Anexo 02,DividaContratual,Dívida Contratual,Até o 2º Quadrimestre,17018154197.89,9187103,Ceará
2021,2,CE,RGF-Anexo 02,DividaConsolidadaLiquida,DÍVIDA CONSOLIDADA LÍQUIDA (DCL) (III) = (I - II),SALDO DO EXERCÍCIO ANTERIOR,11973622896.16,9187103,Ceará
2021,2,CE,RGF-Anexo 02,DividaConsolidadaLiquida,DÍVIDA CONSOLIDADA LÍQUIDA (DCL) (III) = (I - II),Até o 1º Quadrimestre,10006204727.01,9187103,Ceará
2021,2,CE,RGF-Anexo 02,DividaConsolidadaLiquida,DÍVIDA CONSOLIDADA LÍQUIDA (DCL) (III) = (I - II),Até o 2º Quadrimestre,9174393509.02,9187103,Ceará
2021,3,CE,RGF-Anexo 01,DespesaComPessoalBruta,DESPESA BRUTA COM PESSOAL (I),<MR-11>,785911069.16,9187103,Ceará
2021,3,CE,RGF-Anexo 01,DespesaComPessoalBruta,DESPESA BRUTA COM PESSOAL (I),<MR-10>,886687253.89,9187103,Ceará
2021,3,CE,RGF-Anexo 01,DespesaComPessoalBruta,DESPESA BRUTA COM PESSOAL (I),<MR-9>,927139688.87,9187103,Ceará
2021,3,CE,RGF-Anexo 01,DespesaComPessoalBruta,DESPESA BRUTA COM PESSOAL (I),<MR-8>,943343486.91,9187103,Ceará
2021,3,CE,RGF-Anexo 01,DespesaComPessoalBruta,DESPESA BRUTA COM PESSOAL (I),<MR-7>,925488359.74,9187103,Ceará
2021,3,CE,RGF-Anexo 01,DespesaComPessoalBruta,DESPESA BRUTA COM PESSOAL (I),<MR-6>,1336268867.44,9187103,Ceará
2021,3,CE,RGF-Anexo 01,DespesaComPessoalBruta,DESPESA BRUTA COM PESSOAL (I),<MR-5>,928306797.28,9187103,Ceará
2021,3,CE,RGF-Anexo 01,DespesaComPessoalBruta,DESPESA BRUTA COM PESSOAL (I),<MR-4>,973330453.54,9187103,Ceará
2021,3,CE,RGF-Anexo 01,DespesaComPessoalBruta,DESPESA BRUTA COM PESSOAL (I),<MR-3>,966305246.84,9187103,Ceará
2021,3,CE,RGF-Anexo 01,DespesaComPessoalBruta,DESPESA BRUTA COM PESSOAL (I),<MR-2>,921707476.1,9187103,Ceará
2021,3,CE,RGF-Anexo 01,DespesaComPessoalBruta,DESPESA BRUTA COM PESSOAL (I),<MR-1>,979525761.35,9187103,Ceará
2021,3,CE,RGF-Anexo 01,DespesaComPessoalBruta,DESPESA BRUTA COM PESSOAL (I),<MR>,1720075941.36,9187103,Ceará
2021,3,CE,RGF-Anexo 01,DespesaComPessoalBruta,DESPESA BRUTA COM PESSOAL (I),TOTAL (ÚLTIMOS 12 MESES) (a),12294090402.48,9187103,Ceará
2021,3,CE,RGF-Anexo 01,DespesaComPessoalBruta,DESPESA BRUTA COM PESSOAL (I),INSCRITAS EM RESTOS A PAGAR NÃO PROCESSADOS (b),14408463.85,9187103,Ceará
2021,3,CE,RGF-Anexo 01,DespesaComPessoalAtivoBruta,Pessoal Ativo,<MR-11>,532387523.28,9187103,Ceará
2021,3,CE,RGF-Anexo 01,DespesaComPessoalAtivoBruta,Pessoal Ativo,<MR-10>,597893930.94,9187103,Ceará
2021,3,CE,RGF-Anexo 01,DespesaComPessoalAtivoBruta,Pessoal Ativo,<MR-9>,595015442.94,9187103,Ceará
2021,3,CE,RGF-Anexo 01,DespesaComPessoalAtivoBruta,Pessoal Ativo,<MR-8>,591618165.49,9187103,Ceará
2021,3,CE,RGF-Anexo 01,DespesaComPessoalAtivoBruta,Pessoal Ativo,<MR-7>,596138110.84,9187103,Ceará
2021,3,CE,RGF-Anexo 01,DespesaComPessoalAtivoBruta,Pessoal Ativo,<MR-6>,863375585.64,9187103,Ceará
2021,3,CE,RGF-Anexo 01,DespesaComPessoalAtivoBruta,Pessoal Ativo,<MR-5>,583617477.21,9187103,Ceará
2021,3,CE,RGF-Anexo 01,DespesaComPessoalAtivoBruta,Pessoal Ativo,<MR-4>,614256486.16,9187103,Ceará
2021,3,CE,RGF-Anexo 01,DespesaComPessoalAtivoBruta,Pessoal Ativo,<MR-3>,632806057.02,9187103,Ceará
2021,3,CE,RGF-Anexo 01,DespesaComPessoalAtivoBruta,Pessoal Ativo,<MR-2>,584953591.79,9187103,Ceará
2021,3,CE,RGF-Anexo 01,DespesaComPessoalAtivoBruta,Pessoal Ativo,<MR-1>,637725937.02,9187103,Ceará
2021,3,CE,RGF-Anexo 01,DespesaComPessoalAtivoBruta,Pessoal Ativo,<MR>,1173234558.01,9187103,Ceará
2021,3,CE,RGF-Anexo 01,DespesaComPessoalAtivoBruta,Pessoal Ativo,TOTAL (ÚLTIMOS 12 MESES) (a),8003022866.34,9187103,Ceará
2021,3,CE,RGF-Anexo 01,DespesaComPessoalAtivoBruta,Pessoal Ativo,INSCRITAS EM RESTOS A PAGAR NÃO PROCESSADOS (b),1128201.91,9187103,Ceará
2021,3,CE,RGF-Anexo 01,DespesaComPessoalInativoEPensionistasBruta,Pessoal Inativo e Pensionistas,<MR-11>,253412776.02,9187103,Ceará
2021,3,CE,RGF-Anexo 01,DespesaComPessoalInativoEPensionistasBruta,Pessoal Inativo e Pensionistas,<MR-10>,254073173.15,9187103,Ceará
2021,3,CE,RGF-Anexo 01,DespesaComPessoalInativoEPensionistasBruta,Pessoal Inativo e Pensionistas,<MR-9>,258991682.04,9187103,Ceará
2021,3,CE,RGF-Anexo 01,DespesaComPessoalInativoEPensionistasBruta,Pessoal Inativo e Pensionistas,<MR-8>,272413031.56,9187103,Ceará
2021,3,CE,RGF-Anexo 01,DespesaComPessoalInativoEPensionistasBruta,Pessoal Inativo e Pensionistas,<MR-7>,257485033.29,9187103,Ceará
2021,3,CE,RGF-Anexo 01,DespesaComPessoalInativoEPensionistasBruta,Pessoal Inativo e Pensionistas,<MR-6>,383967158.79,9187103,Ceará
2021,3,CE,RGF-Anexo 01,DespesaComPessoalInativoEPensionistasBruta,Pessoal Inativo e Pensionistas,<MR-5>,256732585.43,9187103,Ceará
2021,3,CE,RGF-Anexo 01,DespesaComPessoalInativoEPensionistasBruta,Pessoal Inativo e Pensionistas,<MR-4>,256881940.01,9187103,Ceará
2021,3,CE,RGF-Anexo 01,DespesaComPessoalInativoEPensionistasBruta,Pessoal Inativo e Pensionistas,<MR-3>,257212736.45,9187103,Ceará
2021,3,CE,RGF-Anexo 01,DespesaComPessoalInativoEPensionistasBruta,Pessoal Inativo e Pensionistas,<MR-2>,258241459.43,9187103,Ceará
2021,3,CE,RGF-Anexo 01,DespesaComPessoalInativoEPensionistasBruta,Pessoal Inativo e Pensionistas,<MR-1>,261108601.56,9187103,Ceará
2021,3,CE,RGF-Anexo 01,DespesaComPessoalInativoEPensionistasBruta,Pessoal Inativo e Pensionistas,<MR>,386289747.24,9187103,Ceará
2021,3,CE,RGF-Anexo 01,DespesaComPessoalInativoEPensionistasBruta,Pessoal Inativo e Pensionistas,TOTAL (ÚLTIMOS 12 MESES) (a),3356809924.97,9187103,Ceará
2021,3,CE,RGF-Anexo 01,DespesaComPessoalLiquida,DESPESA LÍQUIDA COM PESSOAL (III) = (I - II),<MR-11>,584684897.49,9187103,Ceará
2021,3,CE,RGF-Anexo 01,DespesaComPessoalLiquida,DESPESA LÍQUIDA COM PESSOAL (III) = (I - II),<MR-10>,713268708.81,9187103,Ceará
2021,3,CE,RGF-Anexo 01,DespesaComPessoalLiquida,DESPESA LÍQUIDA COM PESSOAL (III) = (I - II),<MR-9>,757671016.75,9187103,Ceará
2021,3,CE,RGF-Anexo 01,DespesaComPessoalLiquida,DESPESA LÍQUIDA COM PESSOAL (III) = (I - II),<MR-8>,669526332.1,9187103,Ceará
2021,3,CE,RGF-Anexo 01,DespesaComPessoalLiquida,DESPESA LÍQUIDA COM PESSOAL (III) = (I - II),<MR-7>,739281076.53,9187103,Ceará
2021,3,CE,RGF-Anexo 01,DespesaComPessoalLiquida,DESPESA LÍQUIDA COM PESSOAL (III) = (I - II),<MR-6>,1158817408.15,9187103,Ceará
2021,3,CE,RGF-Anexo 01,DespesaComPessoalLiquida,DESPESA LÍQUIDA COM PESSOAL (III) = (I - II),<MR-5>,712081806.09,9187103,Ceará
2021,3,CE,RGF-Anexo 01,DespesaComPessoalLiquida,DESPESA LÍQUIDA COM PESSOAL (III) = (I - II),<MR-4>,786838799.48,9187103,Ceará
2021,3,CE,RGF-Anexo 01,DespesaComPessoalLiquida,DESPESA LÍQUIDA COM PESSOAL (III) = (I - II),<MR-3>,786880318.32,9187103,Ceará
2021,3,CE,RGF-Anexo 01,DespesaComPessoalLiquida,DESPESA LÍQUIDA COM PESSOAL (III) = (I - II),<MR-2>,724364393.9,9187103,Ceará
2021,3,CE,RGF-Anexo 01,DespesaComPessoalLiquida,DESPESA LÍQUIDA COM PESSOAL (III) = (I - II),<MR-1>,762250986.61,9187103,Ceará
2021,3,CE,RGF-Anexo 01,DespesaComPessoalLiquida,DESPESA LÍQUIDA COM PESSOAL (III) = (I - II),<MR>,1365682189.22,9187103,Ceará
2021,3,CE,RGF-Anexo 01,DespesaComPessoalLiquida,DESPESA LÍQUIDA COM PESSOAL (III) = (I - II),TOTAL (ÚLTIMOS 12 MESES) (a),9761347933.45,9187103,Ceará
2021,3,CE,RGF-Anexo 01,DespesaComPessoalLiquida,DESPESA LÍQUIDA COM PESSOAL (III) = (I - II),INSCRITAS EM RESTOS A PAGAR NÃO PROCESSADOS (b),14360080.93,9187103,Ceará
2021,3,CE,RGF-Anexo 01,ReceitaCorrenteLiquidaLimiteLegal,RECEITA CORRENTE LIQUIDA - RCL (IV),Valor,25170813561.04,9187103,Ceará
2021,3,CE,RGF-Anexo 01,DespesaComPessoalTotal,DESPESA TOTAL COM PESSOAL - DTP (VIII) = (IIIa + IIIb),Valor,9775708014.38,9187103,Ceará
2021,3,CE,RGF-Anexo 01,DespesaComPessoalTotal,DESPESA TOTAL COM PESSOAL - DTP (VIII) = (IIIa + IIIb),% sobre a RCL Ajustada,39.01,9187103,Ceará
2021,3,CE,RGF-Anexo 02,DividaConsolidada,DÍVIDA CONSOLIDADA - DC (I),SALDO DO EXERCÍCIO ANTERIOR,17783339122.52,9187103,Ceará
2021,3,CE,RGF-Anexo 02,DividaConsolidada,DÍVIDA CONSOLIDADA - DC (I),Até o 1º Quadrimestre,17886482446.34,9187103,Ceará
2021,3,CE,RGF-Anexo 02,DividaConsolidada,DÍVIDA CONSOLIDADA - DC (I),Até o 2º Quadrimestre,18168088663.13,9187103,Ceará
2021,3,CE,RGF-Anexo 02,DividaConsolidada,DÍVIDA CONSOLIDADA - DC (I),Até o 3º Quadrimestre,18849849667.1,9187103,Ceará
2021,3,CE,RGF-Anexo 02,DividaContratual,Dívida Contratual,SALDO DO EXERCÍCIO ANTERIOR,16633404657.27,9187103,Ceará
2021,3,CE,RGF-Anexo 02,DividaContratual,Dívida Contratual,Até o 1º Quadrimestre,16736547981.09,9187103,Ceará
2021,3,CE,RGF-Anexo 02,DividaContratual,Dívida Contratual,Até o 2º Quadrimestre,17018154197.88,9187103,Ceará
2021,3,CE,RGF-Anexo 02,DividaContratual,Dívida Contratual,Até o 3º Quadrimestre,17737448194.48,9187103,Ceará
2021,3,CE,RGF-Anexo 02,DividaConsolidadaLiquida,DÍVIDA CONSOLIDADA LÍQUIDA (DCL) (III) = (I - II),SALDO DO EXERCÍCIO ANTERIOR,11973622896.16,9187103,Ceará
2021,3,CE,RGF-Anexo 02,DividaConsolidadaLiquida,DÍVIDA CONSOLIDADA LÍQUIDA (DCL) (III) = (I - II),Até o 1º Quadrimestre,10006204727.01,9187103,Ceará
2021,3,CE,RGF-Anexo 02,DividaConsolidadaLiquida,DÍVIDA CONSOLIDADA LÍQUIDA (DCL) (III) = (I - II),Até o 2º Quadrimestre,9174386589.3,9187103,Ceará
2021,3,CE,RGF-Anexo 02,DividaConsolidadaLiquida,DÍVIDA CONSOLIDADA LÍQUIDA (DCL) (III) = (I - II),Até o 3º Quadrimestre,11108323624.65,9187103,Ceará
2022,1,CE,RGF-Anexo 01,DespesaComPessoalBruta,DESPESA BRUTA COM PESSOAL (I),<MR-11>,982417412.37,9240580,Ceará
2022,1,CE,RGF-Anexo 01,DespesaComPessoalBruta,DESPESA BRUTA COM PESSOAL (I),<MR-10>,1403203832.41,9240580,Ceará
2022,1,CE,RGF-Anexo 01,DespesaComPessoalBruta,DESPESA BRUTA COM PESSOAL (I),<MR-9>,1001801662.68,9240580,Ceará
2022,1,CE,RGF-Anexo 01,DespesaComPessoalBruta,DESPESA BRUTA COM PESSOAL (I),<MR-8>,1073893464.49,9240580,Ceará
2022,1,CE,RGF-Anexo 01,DespesaComPessoalBruta,DESPESA BRUTA COM PESSOAL (I),<MR-7>,1028389420.68,9240580,Ceará
2022,1,CE,RGF-Anexo 01,DespesaComPessoalBruta,DESPESA BRUTA COM PESSOAL (I),<MR-6>,977197978.84,9240580,Ceará
2022,1,CE,RGF-Anexo 01,DespesaComPessoalBruta,DESPESA BRUTA COM PESSOAL (I),<MR-5>,1041260151.74,9240580,Ceará
2022,1,CE,RGF-Anexo 01,DespesaComPessoalBruta,DESPESA BRUTA COM PESSOAL (I),<MR-4>,1805648129.74,9240580,Ceará
2022,1,CE,RGF-Anexo 01,DespesaComPessoalBruta,DESPESA BRUTA COM PESSOAL (I),<MR-3>,727666527.93,9240580,Ceará
2022,1,CE,RGF-Anexo 01,DespesaComPessoalBruta,DESPESA BRUTA COM PESSOAL (I),<MR-2>,1019350581.41,9240580,Ceará
2022,1,CE,RGF-Anexo 01,DespesaComPessoalBruta,DESPESA BRUTA COM PESSOAL (I),<MR-1>,1395380221.75,9240580,Ceará
2022,1,CE,RGF-Anexo 01,DespesaComPessoalBruta,DESPESA BRUTA COM PESSOAL (I),<MR>,1381979875.91,9240580,Ceará
2022,1,CE,RGF-Anexo 01,DespesaComPessoalBruta,DESPESA BRUTA COM PESSOAL (I),TOTAL (ÚLTIMOS 12 MESES) (a),13838189259.95,9240580,Ceará
2022,1,CE,RGF-Anexo 01,DespesaComPessoalBruta,DESPESA BRUTA COM PESSOAL (I),INSCRITAS EM RESTOS A PAGAR NÃO PROCESSADOS (b),14408463.85,9240580,Ceará
2022,1,CE,RGF-Anexo 01,DespesaComPessoalAtivoBruta,Pessoal Ativo,<MR-11>,653067163.47,9240580,Ceará
2022,1,CE,RGF-Anexo 01,DespesaComPessoalAtivoBruta,Pessoal Ativo,<MR-10>,930310550.61,9240580,Ceará
2022,1,CE,RGF-Anexo 01,DespesaComPessoalAtivoBruta,Pessoal Ativo,<MR-9>,657112342.61,9240580,Ceará
2022,1,CE,RGF-Anexo 01,DespesaComPessoalAtivoBruta,Pessoal Ativo,<MR-8>,714819497.11,9240580,Ceará
2022,1,CE,RGF-Anexo 01,DespesaComPessoalAtivoBruta,Pessoal Ativo,<MR-7>,694890230.86,9240580,Ceará
2022,1,CE,RGF-Anexo 01,DespesaComPessoalAtivoBruta,Pessoal Ativo,<MR-6>,640444094.53,9240580,Ceará
2022,1,CE,RGF-Anexo 01,DespesaComPessoalAtivoBruta,Pessoal Ativo,<MR-5>,699460327.41,9240580,Ceará
2022,1,CE,RGF-Anexo 01,DespesaComPessoalAtivoBruta,Pessoal Ativo,<MR-4>,1258806746.39,9240580,Ceará
2022,1,CE,RGF-Anexo 01,DespesaComPessoalAtivoBruta,Pessoal Ativo,<MR-3>,666162524.37,9240580,Ceará
2022,1,CE,RGF-Anexo 01,DespesaComPessoalAtivoBruta,Pessoal Ativo,<MR-2>,716985114.43,9240580,Ceará
2022,1,CE,RGF-Anexo 01,DespesaComPessoalAtivoBruta,Pessoal Ativo,<MR-1>,818681945.46,9240580,Ceará
2022,1,CE,RGF-Anexo 01,DespesaComPessoalAtivoBruta,Pessoal Ativo,<MR>,829766622.61,9240580,Ceará
2022,1,CE,RGF-Anexo 01,DespesaComPessoalAtivoBruta,Pessoal Ativo,TOTAL (ÚLTIMOS 12 MESES) (a),9280507159.86,9240580,Ceará
2022,1,CE,RGF-Anexo 01,DespesaComPessoalAtivoBruta,Pessoal Ativo,INSCRITAS EM RESTOS A PAGAR NÃO PROCESSADOS (b),1128201.91,9240580,Ceará
2022,1,CE,RGF-Anexo 01,DespesaComPessoalInativoEPensionistasBruta,Pessoal Inativo e Pensionistas,<MR-11>,257485033.29,9240580,Ceará
2022,1,CE,RGF-Anexo 01,DespesaComPessoalInativoEPensionistasBruta,Pessoal Inativo e Pensionistas,<MR-10>,383967158.79,9240580,Ceará
2022,1,CE,RGF-Anexo 01,DespesaComPessoalInativoEPensionistasBruta,Pessoal Inativo e Pensionistas,<MR-9>,256732585.43,9240580,Ceará
2022,1,CE,RGF-Anexo 01,DespesaComPessoalInativoEPensionistasBruta,Pessoal Inativo e Pensionistas,<MR-8>,256881940.01,9240580,Ceará
2022,1,CE,RGF-Anexo 01,DespesaComPessoalInativoEPensionistasBruta,Pessoal Inativo e Pensionistas,<MR-7>,257212736.45,9240580,Ceará
2022,1,CE,RGF-Anexo 01,DespesaComPessoalInativoEPensionistasBruta,Pessoal Inativo e Pensionistas,<MR-6>,258241459.43,9240580,Ceará
2022,1,CE,RGF-Anexo 01,DespesaComPessoalInativoEPensionistasBruta,Pessoal Inativo e Pensionistas,<MR-5>,261108601.56,9240580,Ceará
2022,1,CE,RGF-Anexo 01,DespesaComPessoalInativoEPensionistasBruta,Pessoal Inativo e Pensionistas,<MR-4>,386289747.24,9240580,Ceará
2022,1,CE,RGF-Anexo 01,DespesaComPessoalInativoEPensionistasBruta,Pessoal Inativo e Pensionistas,<MR-3>,61460636.56,9240580,Ceará
2022,1,CE,RGF-Anexo 01,DespesaComPessoalInativoEPensionistasBruta,Pessoal Inativo e Pensionistas,<MR-2>,253932262.98,9240580,Ceará
2022,1,CE,RGF-Anexo 01,DespesaComPessoalInativoEPensionistasBruta,Pessoal Inativo e Pensionistas,<MR-1>,505091325.26,9240580,Ceará
2022,1,CE,RGF-Anexo 01,DespesaComPessoalInativoEPensionistasBruta,Pessoal Inativo e Pensionistas,<MR>,248171484.54,9240580,Ceará
2022,1,CE,RGF-Anexo 01,DespesaComPessoalInativoEPensionistasBruta,Pessoal Inativo e Pensionistas,TOTAL (ÚLTIMOS 12 MESES) (a),3386574971.54,9240580,Ceará
2022,1,CE,RGF-Anexo 01,DespesaComPessoalLiquida,DESPESA LÍQUIDA COM PESSOAL (III) = (I - II),<MR-11>,796210129.16,9240580,Ceará
2022,1,CE,RGF-Anexo 01,DespesaComPessoalLiquida,DESPESA LÍQUIDA COM PESSOAL (III) = (I - II),<MR-10>,1225752373.12,9240580,Ceará
2022,1,CE,RGF-Anexo 01,DespesaComPessoalLiquida,DESPESA LÍQUIDA COM PESSOAL (III) = (I - II),<MR-9>,785576671.49,9240580,Ceará
2022,1,CE,RGF-Anexo 01,DespesaComPessoalLiquida,DESPESA LÍQUIDA COM PESSOAL (III) = (I - II),<MR-8>,887401810.43,9240580,Ceará
2022,1,CE,RGF-Anexo 01,DespesaComPessoalLiquida,DESPESA LÍQUIDA COM PESSOAL (III) = (I - II),<MR-7>,848964492.16,9240580,Ceará
2022,1,CE,RGF-Anexo 01,DespesaComPessoalLiquida,DESPESA LÍQUIDA COM PESSOAL (III) = (I - II),<MR-6>,779854896.64,9240580,Ceará
2022,1,CE,RGF-Anexo 01,DespesaComPessoalLiquida,DESPESA LÍQUIDA COM PESSOAL (III) = (I - II),<MR-5>,823985377.0,9240580,Ceará
2022,1,CE,RGF-Anexo 01,DespesaComPessoalLiquida,DESPESA LÍQUIDA COM PESSOAL (III) = (I - II),<MR-4>,1451254377.6,9240580,Ceará
2022,1,CE,RGF-Anexo 01,DespesaComPessoalLiquida,DESPESA LÍQUIDA COM PESSOAL (III) = (I - II),<MR-3>,694877809.67,9240580,Ceará
2022,1,CE,RGF-Anexo 01,DespesaComPessoalLiquida,DESPESA LÍQUIDA COM PESSOAL (III) = (I - II),<MR-2>,820622357.37,9240580,Ceará
2022,1,CE,RGF-Anexo 01,DespesaComPessoalLiquida,DESPESA LÍQUIDA COM PESSOAL (III) = (I - II),<MR-1>,1029854028.6,9240580,Ceará
2022,1,CE,RGF-Anexo 01,DespesaComPessoalLiquida,DESPESA LÍQUIDA COM PESSOAL (III) = (I - II),<MR>,1186923805.19,9240580,Ceará
2022,1,CE,RGF-Anexo 01,DespesaComPessoalLiquida,DESPESA LÍQUIDA COM PESSOAL (III) = (I - II),TOTAL (ÚLTIMOS 12 MESES) (a),11331278128.43,9240580,Ceará
2022,1,CE,RGF-Anexo 01,DespesaComPessoalLiquida,DESPESA LÍQUIDA COM PESSOAL (III) = (I - II),INSCRITAS EM RESTOS A PAGAR NÃO PROCESSADOS (b),14360080.93,9240580,Ceará
2022,1,CE,RGF-Anexo 01,ReceitaCorrenteLiquidaLimiteLegal,RECEITA CORRENTE LIQUIDA - RCL (IV),Valor,26862184127.99,9240580,Ceará
2022,1,CE,RGF-Anexo 01,DespesaComPessoalTotal,DESPESA TOTAL COM PESSOAL - DTP (VIII) = (IIIa + IIIb),Valor,11345638209.36,9240580,Ceará
2022,1,CE,RGF-Anexo 01,DespesaComPessoalTotal,DESPESA TOTAL COM PESSOAL - DTP (VIII) = (IIIa + IIIb),% sobre a RCL Ajustada,42.41,9240580,Ceará
2022,1,CE,RGF-Anexo 02,DividaConsolidada,DÍVIDA CONSOLIDADA - DC (I),SALDO DO EXERCÍCIO ANTERIOR,18849849667.1,9240580,Ceará
2022,1,CE,RGF-Anexo 02,DividaConsolidada,DÍVIDA CONSOLIDADA - DC (I),Até o 1º Quadrimestre,17441372764.19,9240580,Ceará
2022,1,CE,RGF-Anexo 02,DividaContratual,Dívida Contratual,SALDO DO EXERCÍCIO ANTERIOR,17737448194.48,9240580,Ceará
2022,1,CE,RGF-Anexo 02,DividaContratual,Dívida Contratual,Até o 1º Quadrimestre,16328971291.57,9240580,Ceará
2022,1,CE,RGF-Anexo 02,DividaConsolidadaLiquida,DÍVIDA CONSOLIDADA LÍQUIDA (DCL) (III) = (I - II),SALDO DO EXERCÍCIO ANTERIOR,11108323624.65,9240580,Ceará
2022,1,CE,RGF-Anexo 02,DividaConsolidadaLiquida,DÍVIDA CONSOLIDADA LÍQUIDA (DCL) (III) = (I - II),Até o 1º Quadrimestre,7840626652.55,9240580,Ceará
2022,2,CE,RGF-Anexo 01,DespesaComPessoalBruta,DESPESA BRUTA COM PESSOAL (I),<MR-11>,1028389420.68,9240580,Ceará
2022,2,CE,RGF-Anexo 01,DespesaComPessoalBruta,DESPESA BRUTA COM PESSOAL (I),<MR-10>,977197978.84,9240580,Ceará
2022,2,CE,RGF-Anexo 01,DespesaComPessoalBruta,DESPESA BRUTA COM PESSOAL (I),<MR-9>,1041260151.74,9240580,Ceará
2022,2,CE,RGF-Anexo 01,DespesaComPessoalBruta,DESPESA BRUTA COM PESSOAL (I),<MR-8>,1805648129.74,9240580,Ceará
2022,2,CE,RGF-Anexo 01,DespesaComPessoalBruta,DESPESA BRUTA COM PESSOAL (I),<MR-7>,727666527.93,9240580,Ceará
2022,2,CE,RGF-Anexo 01,DespesaComPessoalBruta,DESPESA BRUTA COM PESSOAL (I),<MR-6>,1019350581.41,9240580,Ceará
2022,2,CE,RGF-Anexo 01,DespesaComPessoalBruta,DESPESA BRUTA COM PESSOAL (I),<MR-5>,1397221023.19,9240580,Ceará
2022,2,CE,RGF-Anexo 01,DespesaComPessoalBruta,DESPESA BRUTA COM PESSOAL (I),<MR-4>,1140453825.23,9240580,Ceará
2022,2,CE,RGF-Anexo 01,DespesaComPessoalBruta,DESPESA BRUTA COM PESSOAL (I),<MR-3>,1318054375.88,9240580,Ceará
2022,2,CE,RGF-Anexo 01,DespesaComPessoalBruta,DESPESA BRUTA COM PESSOAL (I),<MR-2>,1713282106.4,9240580,Ceará
2022,2,CE,RGF-Anexo 01,DespesaComPessoalBruta,DESPESA BRUTA COM PESSOAL (I),<MR-1>,1302057469.33,9240580,Ceará
2022,2,CE,RGF-Anexo 01,DespesaComPessoalBruta,DESPESA BRUTA COM PESSOAL (I),<MR>,1277655042.54,9240580,Ceará
2022,2,CE,RGF-Anexo 01,DespesaComPessoalBruta,DESPESA BRUTA COM PESSOAL (I),TOTAL (ÚLTIMOS 12 MESES) (a),14748236632.91,9240580,Ceará
2022,2,CE,RGF-Anexo 01,DespesaComPessoalBruta,DESPESA BRUTA COM PESSOAL (I),INSCRITAS EM RESTOS A PAGAR NÃO PROCESSADOS (b),14408463.85,9240580,Ceará
2022,2,CE,RGF-Anexo 01,DespesaComPessoalAtivoBruta,Pessoal Ativo,<MR-11>,694890230.86,9240580,Ceará
2022,2,CE,RGF-Anexo 01,DespesaComPessoalAtivoBruta,Pessoal Ativo,<MR-10>,640444094.53,9240580,Ceará
2022,2,CE,RGF-Anexo 01,DespesaComPessoalAtivoBruta,Pessoal Ativo,<MR-9>,699460327.41,9240580,Ceará
2022,2,CE,RGF-Anexo 01,DespesaComPessoalAtivoBruta,Pessoal Ativo,<MR-8>,1258806746.39,9240580,Ceará
2022,2,CE,RGF-Anexo 01,DespesaComPessoalAtivoBruta,Pessoal Ativo,<MR-7>,666162524.37,9240580,Ceará
2022,2,CE,RGF-Anexo 01,DespesaComPessoalAtivoBruta,Pessoal Ativo,<MR-6>,716985114.43,9240580,Ceará
2022,2,CE,RGF-Anexo 01,DespesaComPessoalAtivoBruta,Pessoal Ativo,<MR-5>,820522746.9,9240580,Ceará
2022,2,CE,RGF-Anexo 01,DespesaComPessoalAtivoBruta,Pessoal Ativo,<MR-4>,829766622.61,9240580,Ceará
2022,2,CE,RGF-Anexo 01,DespesaComPessoalAtivoBruta,Pessoal Ativo,<MR-3>,860270020.37,9240580,Ceará
2022,2,CE,RGF-Anexo 01,DespesaComPessoalAtivoBruta,Pessoal Ativo,<MR-2>,1188779595.12,9240580,Ceará
2022,2,CE,RGF-Anexo 01,DespesaComPessoalAtivoBruta,Pessoal Ativo,<MR-1>,914530142.82,9240580,Ceará
2022,2,CE,RGF-Anexo 01,DespesaComPessoalAtivoBruta,Pessoal Ativo,<MR>,902997399.59,9240580,Ceará
2022,2,CE,RGF-Anexo 01,DespesaComPessoalAtivoBruta,Pessoal Ativo,TOTAL (ÚLTIMOS 12 MESES) (a),10193615565.4,9240580,Ceará
2022,2,CE,RGF-Anexo 01,DespesaComPessoalAtivoBruta,Pessoal Ativo,INSCRITAS EM RESTOS A PAGAR NÃO PROCESSADOS (b),1128201.91,9240580,Ceará
2022,2,CE,RGF-Anexo 01,DespesaComPessoalInativoEPensionistasBruta,Pessoal Inativo e Pensionistas,<MR-11>,257212736.45,9240580,Ceará
2022,2,CE,RGF-Anexo 01,DespesaComPessoalInativoEPensionistasBruta,Pessoal Inativo e Pensionistas,<MR-10>,258241459.43,9240580,Ceará
2022,2,CE,RGF-Anexo 01,DespesaComPessoalInativoEPensionistasBruta,Pessoal Inativo e Pensionistas,<MR-9>,261108601.56,9240580,Ceará
2022,2,CE,RGF-Anexo 01,DespesaComPessoalInativoEPensionistasBruta,Pessoal Inativo e Pensionistas,<MR-8>,386289747.24,9240580,Ceará
2022,2,CE,RGF-Anexo 01,DespesaComPessoalInativoEPensionistasBruta,Pessoal Inativo e Pensionistas,<MR-7>,61460636.56,9240580,Ceará
2022,2,CE,RGF-Anexo 01,DespesaComPessoalInativoEPensionistasBruta,Pessoal Inativo e Pensionistas,<MR-6>,253932262.98,9240580,Ceará
2022,2,CE,RGF-Anexo 01,DespesaComPessoalInativoEPensionistasBruta,Pessoal Inativo e Pensionistas,<MR-5>,505091325.26,9240580,Ceará
2022,2,CE,RGF-Anexo 01,DespesaComPessoalInativoEPensionistasBruta,Pessoal Inativo e Pensionistas,<MR-4>,248171484.54,9240580,Ceará
2022,2,CE,RGF-Anexo 01,DespesaComPessoalInativoEPensionistasBruta,Pessoal Inativo e Pensionistas,<MR-3>,394126304.35,9240580,Ceará
2022,2,CE,RGF-Anexo 01,DespesaComPessoalInativoEPensionistasBruta,Pessoal Inativo e Pensionistas,<MR-2>,459887788.16,9240580,Ceará
2022,2,CE,RGF-Anexo 01,DespesaComPessoalInativoEPensionistasBruta,Pessoal Inativo e Pensionistas,<MR-1>,312083015.01,9240580,Ceará
2022,2,CE,RGF-Anexo 01,DespesaComPessoalInativoEPensionistasBruta,Pessoal Inativo e Pensionistas,<MR>,311954152.21,9240580,Ceará
2022,2,CE,RGF-Anexo 01,DespesaComPessoalInativoEPensionistasBruta,Pessoal Inativo e Pensionistas,TOTAL (ÚLTIMOS 12 MESES) (a),3709559513.75,9240580,Ceará
2022,2,CE,RGF-Anexo 01,DespesaComPessoalLiquida,DESPESA LÍQUIDA COM PESSOAL (III) = (I - II),<MR-11>,848964492.16,9240580,Ceará
2022,2,CE,RGF-Anexo 01,DespesaComPessoalLiquida,DESPESA LÍQUIDA COM PESSOAL (III) = (I - II),<MR-10>,779854896.64,9240580,Ceará
2022,2,CE,RGF-Anexo 01,DespesaComPessoalLiquida,DESPESA LÍQUIDA COM PESSOAL (III) = (I - II),<MR-9>,823985377.0,9240580,Ceará
2022,2,CE,RGF-Anexo 01,DespesaComPessoalLiquida,DESPESA LÍQUIDA COM PESSOAL (III) = (I - II),<MR-8>,1451254377.6,9240580,Ceará
2022,2,CE,RGF-Anexo 01,DespesaComPessoalLiquida,DESPESA LÍQUIDA COM PESSOAL (III) = (I - II),<MR-7>,694877809.67,9240580,Ceará
2022,2,CE,RGF-Anexo 01,DespesaComPessoalLiquida,DESPESA LÍQUIDA COM PESSOAL (III) = (I - II),<MR-6>,820622357.37,9240580,Ceará
2022,2,CE,RGF-Anexo 01,DespesaComPessoalLiquida,DESPESA LÍQUIDA COM PESSOAL (III) = (I - II),<MR-5>,1031694830.04,9240580,Ceará
2022,2,CE,RGF-Anexo 01,DespesaComPessoalLiquida,DESPESA LÍQUIDA COM PESSOAL (III) = (I - II),<MR-4>,945397754.51,9240580,Ceará
2022,2,CE,RGF-Anexo 01,DespesaComPessoalLiquida,DESPESA LÍQUIDA COM PESSOAL (III) = (I - II),<MR-3>,1033776043.41,9240580,Ceará
2022,2,CE,RGF-Anexo 01,DespesaComPessoalLiquida,DESPESA LÍQUIDA COM PESSOAL (III) = (I - II),<MR-2>,1473777169.03,9240580,Ceará
2022,2,CE,RGF-Anexo 01,DespesaComPessoalLiquida,DESPESA LÍQUIDA COM PESSOAL (III) = (I - II),<MR-1>,1087141554.83,9240580,Ceará
2022,2,CE,RGF-Anexo 01,DespesaComPessoalLiquida,DESPESA LÍQUIDA COM PESSOAL (III) = (I - II),<MR>,1056056395.35,9240580,Ceará
2022,2,CE,RGF-Anexo 01,DespesaComPessoalLiquida,DESPESA LÍQUIDA COM PESSOAL (III) = (I - II),TOTAL (ÚLTIMOS 12 MESES) (a),12047403057.61,9240580,Ceará
2022,2,CE,RGF-Anexo 01,DespesaComPessoalLiquida,DESPESA LÍQUIDA COM PESSOAL (III) = (I - II),INSCRITAS EM RESTOS A PAGAR NÃO PROCESSADOS (b),14360080.93,9240580,Ceará
2022,2,CE,RGF-Anexo 01,ReceitaCorrenteLiquidaLimiteLegal,RECEITA CORRENTE LIQUIDA - RCL (IV),Valor,29028414599.04,9240580,Ceará
2022,2,CE,RGF-Anexo 01,DespesaComPessoalTotal,DESPESA TOTAL COM PESSOAL - DTP (VIII) = (IIIa + IIIb),Valor,12061763138.54,9240580,Ceará
2022,2,CE,RGF-Anexo 01,DespesaComPessoalTotal,DESPESA TOTAL COM PESSOAL - DTP (VIII) = (IIIa + IIIb),% sobre a RCL Ajustada,41.69,9240580,Ceará
2022,2,CE,RGF-Anexo 02,DividaConsolidada,DÍVIDA CONSOLIDADA - DC (I),SALDO DO EXERCÍCIO ANTERIOR,18849849667.1,9240580,Ceará
2022,2,CE,RGF-Anexo 02,DividaConsolidada,DÍVIDA CONSOLIDADA - DC (I),Até o 1º Quadrimestre,17441372764.19,9240580,Ceará
2022,2,CE,RGF-Anexo 02,DividaConsolidada,DÍVIDA CONSOLIDADA - DC (I),Até o 2º Quadrimestre,17642996509.25,9240580,Ceará
2022,2,CE,RGF-Anexo 02,DividaContratual,Dívida Contratual,SALDO DO EXERCÍCIO ANTERIOR,17737448194.48,9240580,Ceará
2022,2,CE,RGF-Anexo 02,DividaContratual,Dívida Contratual,Até o 1º Quadrimestre,16328971291.57,9240580,Ceará
2022,2,CE,RGF-Anexo 02,DividaContratual,Dívida Contratual,Até o 2º Quadrimestre,16530595036.63,9240580,Ceará
2022,2,CE,RGF-Anexo 02,DividaConsolidadaLiquida,DÍVIDA CONSOLIDADA LÍQUIDA (DCL) (III) = (I - II),SALDO DO EXERCÍCIO ANTERIOR,11108323624.65,9240580,Ceará
2022,2,CE,RGF-Anexo 02,DividaConsolidadaLiquida,DÍVIDA CONSOLIDADA LÍQUIDA (DCL) (III) = (I - II),Até o 1º Quadrimestre,7839557650.56,9240580,Ceará
2022,2,CE,RGF-Anexo 02,DividaConsolidadaLiquida,DÍVIDA CONSOLIDADA LÍQUIDA (DCL) (III) = (I - II),Até o 2º Quadrimestre,8553928005.34,9240580,Ceará
2022,3,CE,RGF-Anexo 01,DespesaComPessoalBruta,DESPESA BRUTA COM PESSOAL (I),<MR-11>,727666527.93,9240580,Ceará
2022,3,CE,RGF-Anexo 01,DespesaComPessoalBruta,DESPESA BRUTA COM PESSOAL (I),<MR-10>,1019350581.41,9240580,Ceará
2022,3,CE,RGF-Anexo 01,DespesaComPessoalBruta,DESPESA BRUTA COM PESSOAL (I),<MR-9>,1397221023.19,9240580,Ceará
2022,3,CE,RGF-Anexo 01,DespesaComPessoalBruta,DESPESA BRUTA COM PESSOAL (I),<MR-8>,1140453825.23,9240580,Ceará
2022,3,CE,RGF-Anexo 01,DespesaComPessoalBruta,DESPESA BRUTA COM PESSOAL (I),<MR-7>,1328363794.87,9240580,Ceará
2022,3,CE,RGF-Anexo 01,DespesaComPessoalBruta,DESPESA BRUTA COM PESSOAL (I),<MR-6>,1725241948.31,9240580,Ceará
2022,3,CE,RGF-Anexo 01,DespesaComPessoalBruta,DESPESA BRUTA COM PESSOAL (I),<MR-5>,1314408949.02,9240580,Ceará
2022,3,CE,RGF-Anexo 01,DespesaComPessoalBruta,DESPESA BRUTA COM PESSOAL (I),<MR-4>,1291826782.8,9240580,Ceará
2022,3,CE,RGF-Anexo 01,DespesaComPessoalBruta,DESPESA BRUTA COM PESSOAL (I),<MR-3>,1249761487.46,9240580,Ceará
2022,3,CE,RGF-Anexo 01,DespesaComPessoalBruta,DESPESA BRUTA COM PESSOAL (I),<MR-2>,1260799345.93,9240580,Ceará
2022,3,CE,RGF-Anexo 01,DespesaComPessoalBruta,DESPESA BRUTA COM PESSOAL (I),<MR-1>,1282403037.28,9240580,Ceará
2022,3,CE,RGF-Anexo 01,DespesaComPessoalBruta,DESPESA BRUTA COM PESSOAL (I),<MR>,2007977285.0,9240580,Ceará
2022,3,CE,RGF-Anexo 01,DespesaComPessoalBruta,DESPESA BRUTA COM PESSOAL (I),TOTAL (ÚLTIMOS 12 MESES) (a),15745474588.43,9240580,Ceará
2022,3,CE,RGF-Anexo 01,DespesaComPessoalBruta,DESPESA BRUTA COM PESSOAL (I),INSCRITAS EM RESTOS A PAGAR NÃO PROCESSADOS (b),13098008.0,9240580,Ceará
2022,3,CE,RGF-Anexo 01,DespesaComPessoalAtivoBruta,Pessoal Ativo,<MR-11>,666162524.37,9240580,Ceará
2022,3,CE,RGF-Anexo 01,DespesaComPessoalAtivoBruta,Pessoal Ativo,<MR-10>,716985114.43,9240580,Ceará
2022,3,CE,RGF-Anexo 01,DespesaComPessoalAtivoBruta,Pessoal Ativo,<MR-9>,820522746.9,9240580,Ceará
2022,3,CE,RGF-Anexo 01,DespesaComPessoalAtivoBruta,Pessoal Ativo,<MR-8>,829766622.61,9240580,Ceará
2022,3,CE,RGF-Anexo 01,DespesaComPessoalAtivoBruta,Pessoal Ativo,<MR-7>,861214527.04,9240580,Ceará
2022,3,CE,RGF-Anexo 01,DespesaComPessoalAtivoBruta,Pessoal Ativo,<MR-6>,1190417023.13,9240580,Ceará
2022,3,CE,RGF-Anexo 01,DespesaComPessoalAtivoBruta,Pessoal Ativo,<MR-5>,917445984.48,9240580,Ceará
2022,3,CE,RGF-Anexo 01,DespesaComPessoalAtivoBruta,Pessoal Ativo,<MR-4>,905884463.86,9240580,Ceará
2022,3,CE,RGF-Anexo 01,DespesaComPessoalAtivoBruta,Pessoal Ativo,<MR-3>,867140428.84,9240580,Ceará
2022,3,CE,RGF-Anexo 01,DespesaComPessoalAtivoBruta,Pessoal Ativo,<MR-2>,869981872.21,9240580,Ceará
2022,3,CE,RGF-Anexo 01,DespesaComPessoalAtivoBruta,Pessoal Ativo,<MR-1>,896904790.28,9240580,Ceará
2022,3,CE,RGF-Anexo 01,DespesaComPessoalAtivoBruta,Pessoal Ativo,<MR>,1418142252.69,9240580,Ceará
2022,3,CE,RGF-Anexo 01,DespesaComPessoalAtivoBruta,Pessoal Ativo,TOTAL (ÚLTIMOS 12 MESES) (a),10960568350.84,9240580,Ceará
2022,3,CE,RGF-Anexo 01,DespesaComPessoalAtivoBruta,Pessoal Ativo,INSCRITAS EM RESTOS A PAGAR NÃO PROCESSADOS (b),1071555.61,9240580,Ceará
2022,3,CE,RGF-Anexo 01,DespesaComPessoalInativoEPensionistasBruta,Pessoal Inativo e Pensionistas,<MR-11>,61460636.56,9240580,Ceará
2022,3,CE,RGF-Anexo 01,DespesaComPessoalInativoEPensionistasBruta,Pessoal Inativo e Pensionistas,<MR-10>,253932262.98,9240580,Ceará
2022,3,CE,RGF-Anexo 01,DespesaComPessoalInativoEPensionistasBruta,Pessoal Inativo e Pensionistas,<MR-9>,505091325.26,9240580,Ceará
2022,3,CE,RGF-Anexo 01,DespesaComPessoalInativoEPensionistasBruta,Pessoal Inativo e Pensionistas,<MR-8>,248171484.54,9240580,Ceará
2022,3,CE,RGF-Anexo 01,DespesaComPessoalInativoEPensionistasBruta,Pessoal Inativo e Pensionistas,<MR-7>,394126304.35,9240580,Ceará
2022,3,CE,RGF-Anexo 01,DespesaComPessoalInativoEPensionistasBruta,Pessoal Inativo e Pensionistas,<MR-6>,459887788.16,9240580,Ceará
2022,3,CE,RGF-Anexo 01,DespesaComPessoalInativoEPensionistasBruta,Pessoal Inativo e Pensionistas,<MR-5>,312083015.01,9240580,Ceará
2022,3,CE,RGF-Anexo 01,DespesaComPessoalInativoEPensionistasBruta,Pessoal Inativo e Pensionistas,<MR-4>,311954152.21,9240580,Ceará
2022,3,CE,RGF-Anexo 01,DespesaComPessoalInativoEPensionistasBruta,Pessoal Inativo e Pensionistas,<MR-3>,312827365.65,9240580,Ceará
2022,3,CE,RGF-Anexo 01,DespesaComPessoalInativoEPensionistasBruta,Pessoal Inativo e Pensionistas,<MR-2>,316830867.33,9240580,Ceará
2022,3,CE,RGF-Anexo 01,DespesaComPessoalInativoEPensionistasBruta,Pessoal Inativo e Pensionistas,<MR-1>,317923714.38,9240580,Ceará
2022,3,CE,RGF-Anexo 01,DespesaComPessoalInativoEPensionistasBruta,Pessoal Inativo e Pensionistas,<MR>,486318268.77,9240580,Ceará
2022,3,CE,RGF-Anexo 01,DespesaComPessoalInativoEPensionistasBruta,Pessoal Inativo e Pensionistas,TOTAL (ÚLTIMOS 12 MESES) (a),3980607185.2,9240580,Ceará
2022,3,CE,RGF-Anexo 01,DespesaComPessoalInativoEPensionistasBruta,Pessoal Inativo e Pensionistas,INSCRITAS EM RESTOS A PAGAR NÃO PROCESSADOS (b),14370.67,9240580,Ceará
2022,3,CE,RGF-Anexo 01,DespesaComPessoalLiquida,DESPESA LÍQUIDA COM PESSOAL (III) = (I - II),<MR-11>,694877809.67,9240580,Ceará
2022,3,CE,RGF-Anexo 01,DespesaComPessoalLiquida,DESPESA LÍQUIDA COM PESSOAL (III) = (I - II),<MR-10>,820622357.37,9240580,Ceará
2022,3,CE,RGF-Anexo 01,DespesaComPessoalLiquida,DESPESA LÍQUIDA COM PESSOAL (III) = (I - II),<MR-9>,1031694830.04,9240580,Ceará
2022,3,CE,RGF-Anexo 01,DespesaComPessoalLiquida,DESPESA LÍQUIDA COM PESSOAL (III) = (I - II),<MR-8>,945397754.51,9240580,Ceará
2022,3,CE,RGF-Anexo 01,DespesaComPessoalLiquida,DESPESA LÍQUIDA COM PESSOAL (III) = (I - II),<MR-7>,1044085462.4,9240580,Ceará
2022,3,CE,RGF-Anexo 01,DespesaComPessoalLiquida,DESPESA LÍQUIDA COM PESSOAL (III) = (I - II),<MR-6>,1485737010.94,9240580,Ceará
2022,3,CE,RGF-Anexo 01,DespesaComPessoalLiquida,DESPESA LÍQUIDA COM PESSOAL (III) = (I - II),<MR-5>,1099493034.52,9240580,Ceará
2022,3,CE,RGF-Anexo 01,DespesaComPessoalLiquida,DESPESA LÍQUIDA COM PESSOAL (III) = (I - II),<MR-4>,1070228135.61,9240580,Ceará
2022,3,CE,RGF-Anexo 01,DespesaComPessoalLiquida,DESPESA LÍQUIDA COM PESSOAL (III) = (I - II),<MR-3>,1028688453.43,9240580,Ceará
2022,3,CE,RGF-Anexo 01,DespesaComPessoalLiquida,DESPESA LÍQUIDA COM PESSOAL (III) = (I - II),<MR-2>,1076651343.79,9240580,Ceará
2022,3,CE,RGF-Anexo 01,DespesaComPessoalLiquida,DESPESA LÍQUIDA COM PESSOAL (III) = (I - II),<MR-1>,1032549595.73,9240580,Ceará
2022,3,CE,RGF-Anexo 01,DespesaComPessoalLiquida,DESPESA LÍQUIDA COM PESSOAL (III) = (I - II),<MR>,1630859215.6,9240580,Ceará
2022,3,CE,RGF-Anexo 01,DespesaComPessoalLiquida,DESPESA LÍQUIDA COM PESSOAL (III) = (I - II),TOTAL (ÚLTIMOS 12 MESES) (a),12960885003.61,9240580,Ceará
2022,3,CE,RGF-Anexo 01,DespesaComPessoalLiquida,DESPESA LÍQUIDA COM PESSOAL (III) = (I - II),INSCRITAS EM RESTOS A PAGAR NÃO PROCESSADOS (b),13073986.55,9240580,Ceará
2022,3,CE,RGF-Anexo 01,ReceitaCorrenteLiquidaLimiteLegal,RECEITA CORRENTE LIQUIDA - RCL (IV),Valor,30383651351.44,9240580,Ceará
2022,3,CE,RGF-Anexo 01,DespesaComPessoalTotal,DESPESA TOTAL COM PESSOAL - DTP (VIII) = (IIIa + IIIb),Valor,12973958990.16,9240580,Ceará
2022,3,CE,RGF-Anexo 01,DespesaComPessoalTotal,DESPESA TOTAL COM PESSOAL - DTP (VIII) = (IIIa + IIIb),% sobre a RCL Ajustada,42.83,9240580,Ceará
2022,3,CE,RGF-Anexo 02,DividaConsolidada,DÍVIDA CONSOLIDADA - DC (I),SALDO DO EXERCÍCIO ANTERIOR,18849849667.1,9240580,Ceará
2022,3,CE,RGF-Anexo 02,DividaConsolidada,DÍVIDA CONSOLIDADA - DC (I),Até o 1º Quadrimestre,17441372764.19,9240580,Ceará
2022,3,CE,RGF-Anexo 02,DividaConsolidada,DÍVIDA CONSOLIDADA - DC (I),Até o 2º Quadrimestre,17642996509.25,9240580,Ceará
2022,3,CE,RGF-Anexo 02,DividaConsolidada,DÍVIDA CONSOLIDADA - DC (I),Até o 3º Quadrimestre,17568895743.13,9240580,Ceará
2022,3,CE,RGF-Anexo 02,DividaContratual,Dívida Contratual,SALDO DO EXERCÍCIO ANTERIOR,17737448194.48,9240580,Ceará
2022,3,CE,RGF-Anexo 02,DividaContratual,Dívida Contratual,Até o 1º Quadrimestre,16328971291.57,9240580,Ceará
2022,3,CE,RGF-Anexo 02,DividaContratual,Dívida Contratual,Até o 2º Quadrimestre,16530595036.63,9240580,Ceará
2022,3,CE,RGF-Anexo 02,DividaContratual,Dívida Contratual,Até o 3º Quadrimestre,16306965804.84,9240580,Ceará
2022,3,CE,RGF-Anexo 02,DividaConsolidadaLiquida,DÍVIDA CONSOLIDADA LÍQUIDA (DCL) (III) = (I - II),SALDO DO EXERCÍCIO ANTERIOR,11108323624.65,9240580,Ceará
2022,3,CE,RGF-Anexo 02,DividaConsolidadaLiquida,DÍVIDA CONSOLIDADA LÍQUIDA (DCL) (III) = (I - II),Até o 1º Quadrimestre,7839557650.56,9240580,Ceará
2022,3,CE,RGF-Anexo 02,DividaConsolidadaLiquida,DÍVIDA CONSOLIDADA LÍQUIDA (DCL) (III) = (I - II),Até o 2º Quadrimestre,8553928005.34,9240580,Ceará
2022,3,CE,RGF-Anexo 02,DividaConsolidadaLiquida,DÍVIDA CONSOLIDADA LÍQUIDA (DCL) (III) = (I - II),Até o 3º Quadrimestre,10217259286.86,9240580,Ceará
2023,1,CE,RGF-Anexo 01,DespesaComPessoalBruta,DESPESA BRUTA COM PESSOAL (I),<MR-11>,1328363794.87,9240580,Ceará
2023,1,CE,RGF-Anexo 01,DespesaComPessoalBruta,DESPESA BRUTA COM PESSOAL (I),<MR-10>,1725241948.31,9240580,Ceará
2023,1,CE,RGF-Anexo 01,DespesaComPessoalBruta,DESPESA BRUTA COM PESSOAL (I),<MR-9>,1314408949.02,9240580,Ceará
2023,1,CE,RGF-Anexo 01,DespesaComPessoalBruta,DESPESA BRUTA COM PESSOAL (I),<MR-8>,1291826782.8,9240580,Ceará
2023,1,CE,RGF-Anexo 01,DespesaComPessoalBruta,DESPESA BRUTA COM PESSOAL (I),<MR-7>,1249761487.46,9240580,Ceará
2023,1,CE,RGF-Anexo 01,DespesaComPessoalBruta,DESPESA BRUTA COM PESSOAL (I),<MR-6>,1260799345.93,9240580,Ceará
2023,1,CE,RGF-Anexo 01,DespesaComPessoalBruta,DESPESA BRUTA COM PESSOAL (I),<MR-5>,1282403037.28,9240580,Ceará
2023,1,CE,RGF-Anexo 01,DespesaComPessoalBruta,DESPESA BRUTA COM PESSOAL (I),<MR-4>,2007977285.0,9240580,Ceará
2023,1,CE,RGF-Anexo 01,DespesaComPessoalBruta,DESPESA BRUTA COM PESSOAL (I),<MR-3>,1642672683.13,9240580,Ceará
2023,1,CE,RGF-Anexo 01,DespesaComPessoalBruta,DESPESA BRUTA COM PESSOAL (I),<MR-2>,1344398578.42,9240580,Ceará
2023,1,CE,RGF-Anexo 01,DespesaComPessoalBruta,DESPESA BRUTA COM PESSOAL (I),<MR-1>,1318177554.63,9240580,Ceará
2023,1,CE,RGF-Anexo 01,DespesaComPessoalBruta,DESPESA BRUTA COM PESSOAL (I),<MR>,1285154845.51,9240580,Ceará
2023,1,CE,RGF-Anexo 01,DespesaComPessoalBruta,DESPESA BRUTA COM PESSOAL (I),TOTAL (ÚLTIMOS 12 MESES) (a),17051186292.36,9240580,Ceará
2023,1,CE,RGF-Anexo 01,DespesaComPessoalBruta,DESPESA BRUTA COM PESSOAL (I),INSCRITAS EM RESTOS A PAGAR NÃO PROCESSADOS (b),13098008.0,9240580,Ceará
2023,1,CE,RGF-Anexo 01,DespesaComPessoalAtivoBruta,Pessoal Ativo,<MR-11>,861214527.04,9240580,Ceará
2023,1,CE,RGF-Anexo 01,DespesaComPessoalAtivoBruta,Pessoal Ativo,<MR-10>,1190417023.13,9240580,Ceará
2023,1,CE,RGF-Anexo 01,DespesaComPessoalAtivoBruta,Pessoal Ativo,<MR-9>,917445984.48,9240580,Ceará
2023,1,CE,RGF-Anexo 01,DespesaComPessoalAtivoBruta,Pessoal Ativo,<MR-8>,905884463.86,9240580,Ceará
2023,1,CE,RGF-Anexo 01,DespesaComPessoalAtivoBruta,Pessoal Ativo,<MR-7>,867140428.84,9240580,Ceará
2023,1,CE,RGF-Anexo 01,DespesaComPessoalAtivoBruta,Pessoal Ativo,<MR-6>,869981872.21,9240580,Ceará
2023,1,CE,RGF-Anexo 01,DespesaComPessoalAtivoBruta,Pessoal Ativo,<MR-5>,896904790.28,9240580,Ceará
2023,1,CE,RGF-Anexo 01,DespesaComPessoalAtivoBruta,Pessoal Ativo,<MR-4>,1418142252.69,9240580,Ceará
2023,1,CE,RGF-Anexo 01,DespesaComPessoalAtivoBruta,Pessoal Ativo,<MR-3>,1237696629.59,9240580,Ceará
2023,1,CE,RGF-Anexo 01,DespesaComPessoalAtivoBruta,Pessoal Ativo,<MR-2>,913611484.41,9240580,Ceará
2023,1,CE,RGF-Anexo 01,DespesaComPessoalAtivoBruta,Pessoal Ativo,<MR-1>,858124067.92,9240580,Ceará
2023,1,CE,RGF-Anexo 01,DespesaComPessoalAtivoBruta,Pessoal Ativo,<MR>,842954271.36,9240580,Ceará
2023,1,CE,RGF-Anexo 01,DespesaComPessoalAtivoBruta,Pessoal Ativo,TOTAL (ÚLTIMOS 12 MESES) (a),11779517795.81,9240580,Ceará
2023,1,CE,RGF-Anexo 01,DespesaComPessoalAtivoBruta,Pessoal Ativo,INSCRITAS EM RESTOS A PAGAR NÃO PROCESSADOS (b),1071555.61,9240580,Ceará
2023,1,CE,RGF-Anexo 01,DespesaComPessoalInativoEPensionistasBruta,Pessoal Inativo e Pensionistas,<MR-11>,394126304.35,9240580,Ceará
2023,1,CE,RGF-Anexo 01,DespesaComPessoalInativoEPensionistasBruta,Pessoal Inativo e Pensionistas,<MR-10>,459887788.16,9240580,Ceará
2023,1,CE,RGF-Anexo 01,DespesaComPessoalInativoEPensionistasBruta,Pessoal Inativo e Pensionistas,<MR-9>,312083015.01,9240580,Ceará
2023,1,CE,RGF-Anexo 01,DespesaComPessoalInativoEPensionistasBruta,Pessoal Inativo e Pensionistas,<MR-8>,311954152.21,9240580,Ceará
2023,1,CE,RGF-Anexo 01,DespesaComPessoalInativoEPensionistasBruta,Pessoal Inativo e Pensionistas,<MR-7>,312827365.65,9240580,Ceará
2023,1,CE,RGF-Anexo 01,DespesaComPessoalInativoEPensionistasBruta,Pessoal Inativo e Pensionistas,<MR-6>,316830867.33,9240580,Ceará
2023,1,CE,RGF-Anexo 01,DespesaComPessoalInativoEPensionistasBruta,Pessoal Inativo e Pensionistas,<MR-5>,317923714.38,9240580,Ceará
2023,1,CE,RGF-Anexo 01,DespesaComPessoalInativoEPensionistasBruta,Pessoal Inativo e Pensionistas,<MR-4>,486318268.77,9240580,Ceará
2023,1,CE,RGF-Anexo 01,DespesaComPessoalInativoEPensionistasBruta,Pessoal Inativo e Pensionistas,<MR-3>,320197909.52,9240580,Ceará
2023,1,CE,RGF-Anexo 01,DespesaComPessoalInativoEPensionistasBruta,Pessoal Inativo e Pensionistas,<MR-2>,321998166.3,9240580,Ceará
2023,1,CE,RGF-Anexo 01,DespesaComPessoalInativoEPensionistasBruta,Pessoal Inativo e Pensionistas,<MR-1>,320208842.56,9240580,Ceará
2023,1,CE,RGF-Anexo 01,DespesaComPessoalInativoEPensionistasBruta,Pessoal Inativo e Pensionistas,<MR>,321475290.14,9240580,Ceará
2023,1,CE,RGF-Anexo 01,DespesaComPessoalInativoEPensionistasBruta,Pessoal Inativo e Pensionistas,TOTAL (ÚLTIMOS 12 MESES) (a),4195831684.38,9240580,Ceará
2023,1,CE,RGF-Anexo 01,DespesaComPessoalInativoEPensionistasBruta,Pessoal Inativo e Pensionistas,INSCRITAS EM RESTOS A PAGAR NÃO PROCESSADOS (b),14370.67,9240580,Ceará
2023,1,CE,RGF-Anexo 01,DespesaComPessoalLiquida,DESPESA LÍQUIDA COM PESSOAL (III) = (I - II),<MR-11>,1044085462.4,9240580,Ceará
2023,1,CE,RGF-Anexo 01,DespesaComPessoalLiquida,DESPESA LÍQUIDA COM PESSOAL (III) = (I - II),<MR-10>,1485737010.94,9240580,Ceará
2023,1,CE,RGF-Anexo 01,DespesaComPessoalLiquida,DESPESA LÍQUIDA COM PESSOAL (III) = (I - II),<MR-9>,1099493034.52,9240580,Ceará
2023,1,CE,RGF-Anexo 01,DespesaComPessoalLiquida,DESPESA LÍQUIDA COM PESSOAL (III) = (I - II),<MR-8>,1070228135.61,9240580,Ceará
2023,1,CE,RGF-Anexo 01,DespesaComPessoalLiquida,DESPESA LÍQUIDA COM PESSOAL (III) = (I - II),<MR-7>,1028688453.43,9240580,Ceará
2023,1,CE,RGF-Anexo 01,DespesaComPessoalLiquida,DESPESA LÍQUIDA COM PESSOAL (III) = (I - II),<MR-6>,1076651343.79,9240580,Ceará
2023,1,CE,RGF-Anexo 01,DespesaComPessoalLiquida,DESPESA LÍQUIDA COM PESSOAL (III) = (I - II),<MR-5>,1032549595.73,9240580,Ceará
2023,1,CE,RGF-Anexo 01,DespesaComPessoalLiquida,DESPESA LÍQUIDA COM PESSOAL (III) = (I - II),<MR-4>,1630859215.6,9240580,Ceará
2023,1,CE,RGF-Anexo 01,DespesaComPessoalLiquida,DESPESA LÍQUIDA COM PESSOAL (III) = (I - II),<MR-3>,824153708.73,9240580,Ceará
2023,1,CE,RGF-Anexo 01,DespesaComPessoalLiquida,DESPESA LÍQUIDA COM PESSOAL (III) = (I - II),<MR-2>,1076332747.41,9240580,Ceará
2023,1,CE,RGF-Anexo 01,DespesaComPessoalLiquida,DESPESA LÍQUIDA COM PESSOAL (III) = (I - II),<MR-1>,1004362168.93,9240580,Ceará
2023,1,CE,RGF-Anexo 01,DespesaComPessoalLiquida,DESPESA LÍQUIDA COM PESSOAL (III) = (I - II),<MR>,1056298984.38,9240580,Ceará
2023,1,CE,RGF-Anexo 01,DespesaComPessoalLiquida,DESPESA LÍQUIDA COM PESSOAL (III) = (I - II),TOTAL (ÚLTIMOS 12 MESES) (a),13429439861.47,9240580,Ceará
2023,1,CE,RGF-Anexo 01,DespesaComPessoalLiquida,DESPESA LÍQUIDA COM PESSOAL (III) = (I - II),INSCRITAS EM RESTOS A PAGAR NÃO PROCESSADOS (b),13073986.55,9240580,Ceará
2023,1,CE,RGF-Anexo 01,ReceitaCorrenteLiquidaLimiteLegal,RECEITA CORRENTE LIQUIDA - RCL (IV),Valor,30660991101.69,9240580,Ceará
2023,1,CE,RGF-Anexo 01,DespesaComPessoalTotal,DESPESA TOTAL COM PESSOAL - DTP (VIII) = (IIIa + IIIb),Valor,13442513848.02,9240580,Ceará
2023,1,CE,RGF-Anexo 01,DespesaComPessoalTotal,DESPESA TOTAL COM PESSOAL - DTP (VIII) = (IIIa + IIIb),% sobre a RCL Ajustada,43.97,9240580,Ceará
2023,1,CE,RGF-Anexo 02,DividaConsolidada,DÍVIDA CONSOLIDADA - DC (I),SALDO DO EXERCÍCIO ANTERIOR,17568895743.13,9240580,Ceará
2023,1,CE,RGF-Anexo 02,DividaConsolidada,DÍVIDA CONSOLIDADA - DC (I),Até o 1º Quadrimestre,16877627081.5,9240580,Ceará
2023,1,CE,RGF-Anexo 02,DividaContratual,Dívida Contratual,SALDO DO EXERCÍCIO ANTERIOR,16306965804.84,9240580,Ceará
2023,1,CE,RGF-Anexo 02,DividaContratual,Dívida Contratual,Até o 1º Quadrimestre,15615697143.21,9240580,Ceará
2023,1,CE,RGF-Anexo 02,DividaConsolidadaLiquida,DÍVIDA CONSOLIDADA LÍQUIDA (DCL) (III) = (I - II),SALDO DO EXERCÍCIO ANTERIOR,10217259286.86,9240580,Ceará
2023,1,CE,RGF-Anexo 02,DividaConsolidadaLiquida,DÍVIDA CONSOLIDADA LÍQUIDA (DCL) (III) = (I - II),Até o 1º Quadrimestre,8257346088.14,9240580,Ceará
2023,2,CE,RGF-Anexo 01,DespesaComPessoalBruta,DESPESA BRUTA COM PESSOAL (I),<MR-11>,1249761487.46,9240580,Ceará
2023,2,CE,RGF-Anexo 01,DespesaComPessoalBruta,DESPESA BRUTA COM PESSOAL (I),<MR-10>,1260799345.93,9240580,Ceará
2023,2,CE,RGF-Anexo 01,DespesaComPessoalBruta,DESPESA BRUTA COM PESSOAL (I),<MR-9>,1282403037.28,9240580,Ceará
2023,2,CE,RGF-Anexo 01,DespesaComPessoalBruta,DESPESA BRUTA COM PESSOAL (I),<MR-8>,2007977285.0,9240580,Ceará
2023,2,CE,RGF-Anexo 01,DespesaComPessoalBruta,DESPESA BRUTA COM PESSOAL (I),<MR-7>,1650607434.59,9240580,Ceará
2023,2,CE,RGF-Anexo 01,DespesaComPessoalBruta,DESPESA BRUTA COM PESSOAL (I),<MR-6>,1352175275.28,9240580,Ceará
2023,2,CE,RGF-Anexo 01,DespesaComPessoalBruta,DESPESA BRUTA COM PESSOAL (I),<MR-5>,1326285533.54,9240580,Ceará
2023,2,CE,RGF-Anexo 01,DespesaComPessoalBruta,DESPESA BRUTA COM PESSOAL (I),<MR-4>,1293438738.54,9240580,Ceará
2023,2,CE,RGF-Anexo 01,DespesaComPessoalBruta,DESPESA BRUTA COM PESSOAL (I),<MR-3>,1354227908.28,9240580,Ceará
2023,2,CE,RGF-Anexo 01,DespesaComPessoalBruta,DESPESA BRUTA COM PESSOAL (I),<MR-2>,1903457241.73,9240580,Ceará
2023,2,CE,RGF-Anexo 01,DespesaComPessoalBruta,DESPESA BRUTA COM PESSOAL (I),<MR-1>,1818386041.47,9240580,Ceará
2023,2,CE,RGF-Anexo 01,DespesaComPessoalBruta,DESPESA BRUTA COM PESSOAL (I),<MR>,1448697661.58,9240580,Ceará
2023,2,CE,RGF-Anexo 01,DespesaComPessoalBruta,DESPESA BRUTA COM PESSOAL (I),TOTAL (ÚLTIMOS 12 MESES) (a),17948216990.68,9240580,Ceará
2023,2,CE,RGF-Anexo 01,DespesaComPessoalBruta,DESPESA BRUTA COM PESSOAL (I),INSCRITAS EM RESTOS A PAGAR NÃO PROCESSADOS (b),13098008.0,9240580,Ceará
2023,2,CE,RGF-Anexo 01,DespesaComPessoalAtivoBruta,Pessoal Ativo,<MR-11>,867140428.84,9240580,Ceará
2023,2,CE,RGF-Anexo 01,DespesaComPessoalAtivoBruta,Pessoal Ativo,<MR-10>,869981872.21,9240580,Ceará
2023,2,CE,RGF-Anexo 01,DespesaComPessoalAtivoBruta,Pessoal Ativo,<MR-9>,896904790.28,9240580,Ceará
2023,2,CE,RGF-Anexo 01,DespesaComPessoalAtivoBruta,Pessoal Ativo,<MR-8>,1418142252.69,9240580,Ceará
2023,2,CE,RGF-Anexo 01,DespesaComPessoalAtivoBruta,Pessoal Ativo,<MR-7>,1245631381.05,9240580,Ceará
2023,2,CE,RGF-Anexo 01,DespesaComPessoalAtivoBruta,Pessoal Ativo,<MR-6>,921388181.27,9240580,Ceará
2023,2,CE,RGF-Anexo 01,DespesaComPessoalAtivoBruta,Pessoal Ativo,<MR-5>,866232046.83,9240580,Ceará
2023,2,CE,RGF-Anexo 01,DespesaComPessoalAtivoBruta,Pessoal Ativo,<MR-4>,851238164.39,9240580,Ceará
2023,2,CE,RGF-Anexo 01,DespesaComPessoalAtivoBruta,Pessoal Ativo,<MR-3>,881554953.45,9240580,Ceará
2023,2,CE,RGF-Anexo 01,DespesaComPessoalAtivoBruta,Pessoal Ativo,<MR-2>,1239546312.6,9240580,Ceará
2023,2,CE,RGF-Anexo 01,DespesaComPessoalAtivoBruta,Pessoal Ativo,<MR-1>,1328568983.09,9240580,Ceará
2023,2,CE,RGF-Anexo 01,DespesaComPessoalAtivoBruta,Pessoal Ativo,<MR>,967552869.35,9240580,Ceará
2023,2,CE,RGF-Anexo 01,DespesaComPessoalAtivoBruta,Pessoal Ativo,TOTAL (ÚLTIMOS 12 MESES) (a),12353882236.05,9240580,Ceará
2023,2,CE,RGF-Anexo 01,DespesaComPessoalAtivoBruta,Pessoal Ativo,INSCRITAS EM RESTOS A PAGAR NÃO PROCESSADOS (b),1071555.61,9240580,Ceará
2023,2,CE,RGF-Anexo 01,DespesaComPessoalInativoEPensionistasBruta,Pessoal Inativo e Pensionistas,<MR-11>,312827365.65,9240580,Ceará
2023,2,CE,RGF-Anexo 01,DespesaComPessoalInativoEPensionistasBruta,Pessoal Inativo e Pensionistas,<MR-10>,316830867.33,9240580,Ceará
2023,2,CE,RGF-Anexo 01,DespesaComPessoalInativoEPensionistasBruta,Pessoal Inativo e Pensionistas,<MR-9>,317923714.38,9240580,Ceará
2023,2,CE,RGF-Anexo 01,DespesaComPessoalInativoEPensionistasBruta,Pessoal Inativo e Pensionistas,<MR-8>,486318268.77,9240580,Ceará
2023,2,CE,RGF-Anexo 01,DespesaComPessoalInativoEPensionistasBruta,Pessoal Inativo e Pensionistas,<MR-7>,320197909.52,9240580,Ceará
2023,2,CE,RGF-Anexo 01,DespesaComPessoalInativoEPensionistasBruta,Pessoal Inativo e Pensionistas,<MR-6>,321998166.3,9240580,Ceará
2023,2,CE,RGF-Anexo 01,DespesaComPessoalInativoEPensionistasBruta,Pessoal Inativo e Pensionistas,<MR-5>,320208842.56,9240580,Ceará
2023,2,CE,RGF-Anexo 01,DespesaComPessoalInativoEPensionistasBruta,Pessoal Inativo e Pensionistas,<MR-4>,321475290.14,9240580,Ceará
2023,2,CE,RGF-Anexo 01,DespesaComPessoalInativoEPensionistasBruta,Pessoal Inativo e Pensionistas,<MR-3>,322949842.48,9240580,Ceará
2023,2,CE,RGF-Anexo 01,DespesaComPessoalInativoEPensionistasBruta,Pessoal Inativo e Pensionistas,<MR-2>,501264067.07,9240580,Ceará
2023,2,CE,RGF-Anexo 01,DespesaComPessoalInativoEPensionistasBruta,Pessoal Inativo e Pensionistas,<MR-1>,341043115.96,9240580,Ceará
2023,2,CE,RGF-Anexo 01,DespesaComPessoalInativoEPensionistasBruta,Pessoal Inativo e Pensionistas,<MR>,330524402.7,9240580,Ceará
2023,2,CE,RGF-Anexo 01,DespesaComPessoalInativoEPensionistasBruta,Pessoal Inativo e Pensionistas,TOTAL (ÚLTIMOS 12 MESES) (a),4213561852.86,9240580,Ceará
2023,2,CE,RGF-Anexo 01,DespesaComPessoalInativoEPensionistasBruta,Pessoal Inativo e Pensionistas,INSCRITAS EM RESTOS A PAGAR NÃO PROCESSADOS (b),14370.67,9240580,Ceará
2023,2,CE,RGF-Anexo 01,DespesaComPessoalLiquida,DESPESA LÍQUIDA COM PESSOAL (III) = (I - II),<MR-11>,1028688453.43,9240580,Ceará
2023,2,CE,RGF-Anexo 01,DespesaComPessoalLiquida,DESPESA LÍQUIDA COM PESSOAL (III) = (I - II),<MR-10>,1076651343.79,9240580,Ceará
2023,2,CE,RGF-Anexo 01,DespesaComPessoalLiquida,DESPESA LÍQUIDA COM PESSOAL (III) = (I - II),<MR-9>,1032549595.73,9240580,Ceará
2023,2,CE,RGF-Anexo 01,DespesaComPessoalLiquida,DESPESA LÍQUIDA COM PESSOAL (III) = (I - II),<MR-8>,1630859215.6,9240580,Ceará
2023,2,CE,RGF-Anexo 01,DespesaComPessoalLiquida,DESPESA LÍQUIDA COM PESSOAL (III) = (I - II),<MR-7>,831968909.56,9240580,Ceará
2023,2,CE,RGF-Anexo 01,DespesaComPessoalLiquida,DESPESA LÍQUIDA COM PESSOAL (III) = (I - II),<MR-6>,1084095346.03,9240580,Ceará
2023,2,CE,RGF-Anexo 01,DespesaComPessoalLiquida,DESPESA LÍQUIDA COM PESSOAL (III) = (I - II),<MR-5>,1012436982.15,9240580,Ceará
2023,2,CE,RGF-Anexo 01,DespesaComPessoalLiquida,DESPESA LÍQUIDA COM PESSOAL (III) = (I - II),<MR-4>,1064553698.83,9240580,Ceará
2023,2,CE,RGF-Anexo 01,DespesaComPessoalLiquida,DESPESA LÍQUIDA COM PESSOAL (III) = (I - II),<MR-3>,1115182353.4,9240580,Ceará
2023,2,CE,RGF-Anexo 01,DespesaComPessoalLiquida,DESPESA LÍQUIDA COM PESSOAL (III) = (I - II),<MR-2>,1564310781.58,9240580,Ceará
2023,2,CE,RGF-Anexo 01,DespesaComPessoalLiquida,DESPESA LÍQUIDA COM PESSOAL (III) = (I - II),<MR-1>,1099043035.45,9240580,Ceará
2023,2,CE,RGF-Anexo 01,DespesaComPessoalLiquida,DESPESA LÍQUIDA COM PESSOAL (III) = (I - II),<MR>,1073937532.25,9240580,Ceará
2023,2,CE,RGF-Anexo 01,DespesaComPessoalLiquida,DESPESA LÍQUIDA COM PESSOAL (III) = (I - II),TOTAL (ÚLTIMOS 12 MESES) (a),13614277247.8,9240580,Ceará
2023,2,CE,RGF-Anexo 01,DespesaComPessoalLiquida,DESPESA LÍQUIDA COM PESSOAL (III) = (I - II),INSCRITAS EM RESTOS A PAGAR NÃO PROCESSADOS (b),13073986.55,9240580,Ceará
2023,2,CE,RGF-Anexo 01,ReceitaCorrenteLiquidaLimiteLegal,RECEITA CORRENTE LIQUIDA - RCL (IV),Valor,31099960544.94,9240580,Ceará
2023,2,CE,RGF-Anexo 01,DespesaComPessoalTotal,DESPESA TOTAL COM PESSOAL - DTP (VIII) = (IIIa + IIIb),Valor,13627351234.35,9240580,Ceará
2023,2,CE,RGF-Anexo 01,DespesaComPessoalTotal,DESPESA TOTAL COM PESSOAL - DTP (VIII) = (IIIa + IIIb),% sobre a RCL Ajustada,43.91,9240580,Ceará
2023,2,CE,RGF-Anexo 02,DividaConsolidada,DÍVIDA CONSOLIDADA - DC (I),SALDO DO EXERCÍCIO ANTERIOR,17568895743.13,9240580,Ceará
2023,2,CE,RGF-Anexo 02,DividaConsolidada,DÍVIDA CONSOLIDADA - DC (I),Até o 1º Quadrimestre,16877627081.5,9240580,Ceará
2023,2,CE,RGF-Anexo 02,DividaConsolidada,DÍVIDA CONSOLIDADA - DC (I),Até o 2º Quadrimestre,16340713979.51,9240580,Ceará
2023,2,CE,RGF-Anexo 02,DividaContratual,Dívida Contratual,SALDO DO EXERCÍCIO ANTERIOR,16306965804.84,9240580,Ceará
2023,2,CE,RGF-Anexo 02,DividaContratual,Dívida Contratual,Até o 1º Quadrimestre,15615697143.21,9240580,Ceará
2023,2,CE,RGF-Anexo 02,DividaContratual,Dívida Contratual,Até o 2º Quadrimestre,15078784041.22,9240580,Ceará
2023,2,CE,RGF-Anexo 02,DividaConsolidadaLiquida,DÍVIDA CONSOLIDADA LÍQUIDA (DCL) (III) = (I - II),SALDO DO EXERCÍCIO ANTERIOR,10217259286.86,9240580,Ceará
2023,2,CE,RGF-Anexo 02,DividaConsolidadaLiquida,DÍVIDA CONSOLIDADA LÍQUIDA (DCL) (III) = (I - II),Até o 1º Quadrimestre,8257346088.14,9240580,Ceará
2023,2,CE,RGF-Anexo 02,DividaConsolidadaLiquida,DÍVIDA CONSOLIDADA LÍQUIDA (DCL) (III) = (I - II),Até o 2º Quadrimestre,8120395096.52,9240580,Ceará
2023,3,CE,RGF-Anexo 01,DespesaComPessoalBruta,DESPESA BRUTA COM PESSOAL (I),<MR-11>,1650607434.59,9240580,Ceará
2023,3,CE,RGF-Anexo 01,DespesaComPessoalBruta,DESPESA BRUTA COM PESSOAL (I),<MR-10>,1352175275.28,9240580,Ceará
2023,3,CE,RGF-Anexo 01,DespesaComPessoalBruta,DESPESA BRUTA COM PESSOAL (I),<MR-9>,1326285533.54,9240580,Ceará
2023,3,CE,RGF-Anexo 01,DespesaComPessoalBruta,DESPESA BRUTA COM PESSOAL (I),<MR-8>,1293438738.54,9240580,Ceará
2023,3,CE,RGF-Anexo 01,DespesaComPessoalBruta,DESPESA BRUTA COM PESSOAL (I),<MR-7>,1354227908.28,9240580,Ceará
2023,3,CE,RGF-Anexo 01,DespesaComPessoalBruta,DESPESA BRUTA COM PESSOAL (I),<MR-6>,1903457241.73,9240580,Ceará
2023,3,CE,RGF-Anexo 01,DespesaComPessoalBruta,DESPESA BRUTA COM PESSOAL (I),<MR-5>,1818386041.47,9240580,Ceará
2023,3,CE,RGF-Anexo 01,DespesaComPessoalBruta,DESPESA BRUTA COM PESSOAL (I),<MR-4>,1448697661.58,9240580,Ceará
2023,3,CE,RGF-Anexo 01,DespesaComPessoalBruta,DESPESA BRUTA COM PESSOAL (I),<MR-3>,1466822112.54,9240580,Ceará
2023,3,CE,RGF-Anexo 01,DespesaComPessoalBruta,DESPESA BRUTA COM PESSOAL (I),<MR-2>,1485394203.55,9240580,Ceará
2023,3,CE,RGF-Anexo 01,DespesaComPessoalBruta,DESPESA BRUTA COM PESSOAL (I),<MR-1>,1558722572.32,9240580,Ceará
2023,3,CE,RGF-Anexo 01,DespesaComPessoalBruta,DESPESA BRUTA COM PESSOAL (I),<MR>,2197085686.78,9240580,Ceará
2023,3,CE,RGF-Anexo 01,DespesaComPessoalBruta,DESPESA BRUTA COM PESSOAL (I),TOTAL (ÚLTIMOS 12 MESES) (a),18855300410.2,9240580,Ceará
2023,3,CE,RGF-Anexo 01,DespesaComPessoalBruta,DESPESA BRUTA COM PESSOAL (I),INSCRITAS EM RESTOS A PAGAR NÃO PROCESSADOS (b),64404900.36,9240580,Ceará
2023,3,CE,RGF-Anexo 01,DespesaComPessoalAtivoBruta,Pessoal Ativo,<MR-11>,1245629388.26,9240580,Ceará
2023,3,CE,RGF-Anexo 01,DespesaComPessoalAtivoBruta,Pessoal Ativo,<MR-10>,921386188.48,9240580,Ceará
2023,3,CE,RGF-Anexo 01,DespesaComPessoalAtivoBruta,Pessoal Ativo,<MR-9>,866230054.04,9240580,Ceará
2023,3,CE,RGF-Anexo 01,DespesaComPessoalAtivoBruta,Pessoal Ativo,<MR-8>,851236171.6,9240580,Ceará
2023,3,CE,RGF-Anexo 01,DespesaComPessoalAtivoBruta,Pessoal Ativo,<MR-7>,881552960.66,9240580,Ceará
2023,3,CE,RGF-Anexo 01,DespesaComPessoalAtivoBruta,Pessoal Ativo,<MR-6>,1239543263.62,9240580,Ceará
2023,3,CE,RGF-Anexo 01,DespesaComPessoalAtivoBruta,Pessoal Ativo,<MR-5>,1328566930.51,9240580,Ceará
2023,3,CE,RGF-Anexo 01,DespesaComPessoalAtivoBruta,Pessoal Ativo,<MR-4>,967543228.91,9240580,Ceará
2023,3,CE,RGF-Anexo 01,DespesaComPessoalAtivoBruta,Pessoal Ativo,<MR-3>,951400469.45,9240580,Ceará
2023,3,CE,RGF-Anexo 01,DespesaComPessoalAtivoBruta,Pessoal Ativo,<MR-2>,947855149.73,9240580,Ceará
2023,3,CE,RGF-Anexo 01,DespesaComPessoalAtivoBruta,Pessoal Ativo,<MR-1>,996852944.28,9240580,Ceará
2023,3,CE,RGF-Anexo 01,DespesaComPessoalAtivoBruta,Pessoal Ativo,<MR>,1461149655.09,9240580,Ceará
2023,3,CE,RGF-Anexo 01,DespesaComPessoalAtivoBruta,Pessoal Ativo,TOTAL (ÚLTIMOS 12 MESES) (a),12658946404.63,9240580,Ceará
2023,3,CE,RGF-Anexo 01,DespesaComPessoalAtivoBruta,Pessoal Ativo,INSCRITAS EM RESTOS A PAGAR NÃO PROCESSADOS (b),6033902.11,9240580,Ceará
2023,3,CE,RGF-Anexo 01,DespesaComPessoalInativoEPensionistasBruta,Pessoal Inativo e Pensionistas,<MR-11>,320199902.31,9240580,Ceará
2023,3,CE,RGF-Anexo 01,DespesaComPessoalInativoEPensionistasBruta,Pessoal Inativo e Pensionistas,<MR-10>,322000159.09,9240580,Ceará
2023,3,CE,RGF-Anexo 01,DespesaComPessoalInativoEPensionistasBruta,Pessoal Inativo e Pensionistas,<MR-9>,320210835.35,9240580,Ceará
2023,3,CE,RGF-Anexo 01,DespesaComPessoalInativoEPensionistasBruta,Pessoal Inativo e Pensionistas,<MR-8>,321477282.93,9240580,Ceará
2023,3,CE,RGF-Anexo 01,DespesaComPessoalInativoEPensionistasBruta,Pessoal Inativo e Pensionistas,<MR-7>,322951835.27,9240580,Ceará
2023,3,CE,RGF-Anexo 01,DespesaComPessoalInativoEPensionistasBruta,Pessoal Inativo e Pensionistas,<MR-6>,501267116.05,9240580,Ceará
2023,3,CE,RGF-Anexo 01,DespesaComPessoalInativoEPensionistasBruta,Pessoal Inativo e Pensionistas,<MR-5>,341045168.54,9240580,Ceará
2023,3,CE,RGF-Anexo 01,DespesaComPessoalInativoEPensionistasBruta,Pessoal Inativo e Pensionistas,<MR-4>,330534043.14,9240580,Ceará
2023,3,CE,RGF-Anexo 01,DespesaComPessoalInativoEPensionistasBruta,Pessoal Inativo e Pensionistas,<MR-3>,364529551.11,9240580,Ceará
2023,3,CE,RGF-Anexo 01,DespesaComPessoalInativoEPensionistasBruta,Pessoal Inativo e Pensionistas,<MR-2>,349209247.64,9240580,Ceará
2023,3,CE,RGF-Anexo 01,DespesaComPessoalInativoEPensionistasBruta,Pessoal Inativo e Pensionistas,<MR-1>,378586473.28,9240580,Ceará
2023,3,CE,RGF-Anexo 01,DespesaComPessoalInativoEPensionistasBruta,Pessoal Inativo e Pensionistas,<MR>,536398703.79,9240580,Ceará
2023,3,CE,RGF-Anexo 01,DespesaComPessoalInativoEPensionistasBruta,Pessoal Inativo e Pensionistas,TOTAL (ÚLTIMOS 12 MESES) (a),4408410318.5,9240580,Ceará
2023,3,CE,RGF-Anexo 01,DespesaComPessoalLiquida,DESPESA LÍQUIDA COM PESSOAL (III) = (I - II),<MR-11>,831968909.56,9240580,Ceará
2023,3,CE,RGF-Anexo 01,DespesaComPessoalLiquida,DESPESA LÍQUIDA COM PESSOAL (III) = (I - II),<MR-10>,1084095346.03,9240580,Ceará
2023,3,CE,RGF-Anexo 01,DespesaComPessoalLiquida,DESPESA LÍQUIDA COM PESSOAL (III) = (I - II),<MR-9>,1012436982.15,9240580,Ceará
2023,3,CE,RGF-Anexo 01,DespesaComPessoalLiquida,DESPESA LÍQUIDA COM PESSOAL (III) = (I - II),<MR-8>,1064553698.83,9240580,Ceará
2023,3,CE,RGF-Anexo 01,DespesaComPessoalLiquida,DESPESA LÍQUIDA COM PESSOAL (III) = (I - II),<MR-7>,1115182353.4,9240580,Ceará
2023,3,CE,RGF-Anexo 01,DespesaComPessoalLiquida,DESPESA LÍQUIDA COM PESSOAL (III) = (I - II),<MR-6>,1564310781.58,9240580,Ceará
2023,3,CE,RGF-Anexo 01,DespesaComPessoalLiquida,DESPESA LÍQUIDA COM PESSOAL (III) = (I - II),<MR-5>,1099043035.45,9240580,Ceará
2023,3,CE,RGF-Anexo 01,DespesaComPessoalLiquida,DESPESA LÍQUIDA COM PESSOAL (III) = (I - II),<MR-4>,1073937532.25,9240580,Ceará
2023,3,CE,RGF-Anexo 01,DespesaComPessoalLiquida,DESPESA LÍQUIDA COM PESSOAL (III) = (I - II),<MR-3>,1198184256.96,9240580,Ceará
2023,3,CE,RGF-Anexo 01,DespesaComPessoalLiquida,DESPESA LÍQUIDA COM PESSOAL (III) = (I - II),<MR-2>,1212341870.53,9240580,Ceará
2023,3,CE,RGF-Anexo 01,DespesaComPessoalLiquida,DESPESA LÍQUIDA COM PESSOAL (III) = (I - II),<MR-1>,1271365666.56,9240580,Ceará
2023,3,CE,RGF-Anexo 01,DespesaComPessoalLiquida,DESPESA LÍQUIDA COM PESSOAL (III) = (I - II),<MR>,1669366722.11,9240580,Ceará
2023,3,CE,RGF-Anexo 01,DespesaComPessoalLiquida,DESPESA LÍQUIDA COM PESSOAL (III) = (I - II),TOTAL (ÚLTIMOS 12 MESES) (a),14196787155.41,9240580,Ceará
2023,3,CE,RGF-Anexo 01,DespesaComPessoalLiquida,DESPESA LÍQUIDA COM PESSOAL (III) = (I - II),INSCRITAS EM RESTOS A PAGAR NÃO PROCESSADOS (b),64159061.7,9240580,Ceará
2023,3,CE,RGF-Anexo 01,ReceitaCorrenteLiquidaLimiteLegal,RECEITA CORRENTE LIQUIDA - RCL (IV),Valor,31973785169.88,9240580,Ceará
2023,3,CE,RGF-Anexo 01,DespesaComPessoalTotal,DESPESA TOTAL COM PESSOAL - DTP (VIII) = (IIIa + IIIb),Valor,14260946217.11,9240580,Ceará
2023,3,CE,RGF-Anexo 01,DespesaComPessoalTotal,DESPESA TOTAL COM PESSOAL - DTP (VIII) = (IIIa + IIIb),% sobre a RCL Ajustada,44.73,9240580,Ceará
2023,3,CE,RGF-Anexo 02,DividaConsolidada,DÍVIDA CONSOLIDADA - DC (I),SALDO DO EXERCÍCIO ANTERIOR,17568895743.13,9240580,Ceará
2023,3,CE,RGF-Anexo 02,DividaConsolidada,DÍVIDA CONSOLIDADA - DC (I),Até o 1º Quadrimestre,16877627081.5,9240580,Ceará
2023,3,CE,RGF-Anexo 02,DividaConsolidada,DÍVIDA CONSOLIDADA - DC (I),Até o 2º Quadrimestre,16340713979.51,9240580,Ceará
2023,3,CE,RGF-Anexo 02,DividaConsolidada,DÍVIDA CONSOLIDADA - DC (I),Até o 3º Quadrimestre,16956179101.93,9240580,Ceará
2023,3,CE,RGF-Anexo 02,DividaContratual,Dívida Contratual,SALDO DO EXERCÍCIO ANTERIOR,16306965804.84,9240580,Ceará
2023,3,CE,RGF-Anexo 02,DividaContratual,Dívida Contratual,Até o 1º Quadrimestre,15615697143.21,9240580,Ceará
2023,3,CE,RGF-Anexo 02,DividaContratual,Dívida Contratual,Até o 2º Quadrimestre,15078784041.22,9240580,Ceará
2023,3,CE,RGF-Anexo 02,DividaContratual,Dívida Contratual,Até o 3º Quadrimestre,15610736904.2,9240580,Ceará
2023,3,CE,RGF-Anexo 02,DividaConsolidadaLiquida,DÍVIDA CONSOLIDADA LÍQUIDA (DCL) (III) = (I - II),SALDO DO EXERCÍCIO ANTERIOR,10217259286.86,9240580,Ceará
2023,3,CE,RGF-Anexo 02,DividaConsolidadaLiquida,DÍVIDA CONSOLIDADA LÍQUIDA (DCL) (III) = (I - II),Até o 1º Quadrimestre,8257346088.14,9240580,Ceará
2023,3,CE,RGF-Anexo 02,DividaConsolidadaLiquida,DÍVIDA CONSOLIDADA LÍQUIDA (DCL) (III) = (I - II),Até o 2º Quadrimestre,8120395096.52,9240580,Ceará
2023,3,CE,RGF-Anexo 02,DividaConsolidadaLiquida,DÍVIDA CONSOLIDADA LÍQUIDA (DCL) (III) = (I - II),Até o 3º Quadrimestre,9501906885.65,9240580,Ceará
2024,1,CE,RGF-Anexo 01,DespesaComPessoalBruta,DESPESA BRUTA COM PESSOAL (I),<MR-11>,1354227908.28,8936431,Ceará
2024,1,CE,RGF-Anexo 01,DespesaComPessoalBruta,DESPESA BRUTA COM PESSOAL (I),<MR-10>,1903457241.73,8936431,Ceará
2024,1,CE,RGF-Anexo 01,DespesaComPessoalBruta,DESPESA BRUTA COM PESSOAL (I),<MR-9>,1818386041.47,8936431,Ceará
2024,1,CE,RGF-Anexo 01,DespesaComPessoalBruta,DESPESA BRUTA COM PESSOAL (I),<MR-8>,1448697661.58,8936431,Ceará
2024,1,CE,RGF-Anexo 01,DespesaComPessoalBruta,DESPESA BRUTA COM PESSOAL (I),<MR-7>,1466822112.54,8936431,Ceará
2024,1,CE,RGF-Anexo 01,DespesaComPessoalBruta,DESPESA BRUTA COM PESSOAL (I),<MR-6>,1485394203.55,8936431,Ceará
2024,1,CE,RGF-Anexo 01,DespesaComPessoalBruta,DESPESA BRUTA COM PESSOAL (I),<MR-5>,1534663524.62,8936431,Ceará
2024,1,CE,RGF-Anexo 01,DespesaComPessoalBruta,DESPESA BRUTA COM PESSOAL (I),<MR-4>,2184189725.22,8936431,Ceará
2024,1,CE,RGF-Anexo 01,DespesaComPessoalBruta,DESPESA BRUTA COM PESSOAL (I),<MR-3>,1269908436.61,8936431,Ceará
2024,1,CE,RGF-Anexo 01,DespesaComPessoalBruta,DESPESA BRUTA COM PESSOAL (I),<MR-2>,1397558194.64,8936431,Ceará
2024,1,CE,RGF-Anexo 01,DespesaComPessoalBruta,DESPESA BRUTA COM PESSOAL (I),<MR-1>,1475400281.65,8936431,Ceará
2024,1,CE,RGF-Anexo 01,DespesaComPessoalBruta,DESPESA BRUTA COM PESSOAL (I),<MR>,2001148478.05,8936431,Ceará
2024,1,CE,RGF-Anexo 01,DespesaComPessoalBruta,DESPESA BRUTA COM PESSOAL (I),TOTAL (ÚLTIMOS 12 MESES) (a),19339853809.94,8936431,Ceará
2024,1,CE,RGF-Anexo 01,DespesaComPessoalBruta,DESPESA BRUTA COM PESSOAL (I),INSCRITAS EM RESTOS A PAGAR NÃO PROCESSADOS (b),64402036.56,8936431,Ceará
2024,1,CE,RGF-Anexo 01,DespesaComPessoalAtivoBruta,Pessoal Ativo,<MR-11>,881552960.66,8936431,Ceará
2024,1,CE,RGF-Anexo 01,DespesaComPessoalAtivoBruta,Pessoal Ativo,<MR-10>,1239543263.62,8936431,Ceará
2024,1,CE,RGF-Anexo 01,DespesaComPessoalAtivoBruta,Pessoal Ativo,<MR-9>,1328566930.51,8936431,Ceará
2024,1,CE,RGF-Anexo 01,DespesaComPessoalAtivoBruta,Pessoal Ativo,<MR-8>,967543228.91,8936431,Ceará
2024,1,CE,RGF-Anexo 01,DespesaComPessoalAtivoBruta,Pessoal Ativo,<MR-7>,951400469.45,8936431,Ceará
2024,1,CE,RGF-Anexo 01,DespesaComPessoalAtivoBruta,Pessoal Ativo,<MR-6>,947855149.73,8936431,Ceará
2024,1,CE,RGF-Anexo 01,DespesaComPessoalAtivoBruta,Pessoal Ativo,<MR-5>,996852944.28,8936431,Ceará
2024,1,CE,RGF-Anexo 01,DespesaComPessoalAtivoBruta,Pessoal Ativo,<MR-4>,1461149655.09,8936431,Ceará
2024,1,CE,RGF-Anexo 01,DespesaComPessoalAtivoBruta,Pessoal Ativo,<MR-3>,826123887.75,8936431,Ceará
2024,1,CE,RGF-Anexo 01,DespesaComPessoalAtivoBruta,Pessoal Ativo,<MR-2>,902059721.52,8936431,Ceará
2024,1,CE,RGF-Anexo 01,DespesaComPessoalAtivoBruta,Pessoal Ativo,<MR-1>,972642216.11,8936431,Ceará
2024,1,CE,RGF-Anexo 01,DespesaComPessoalAtivoBruta,Pessoal Ativo,<MR>,1505187694.55,8936431,Ceará
2024,1,CE,RGF-Anexo 01,DespesaComPessoalAtivoBruta,Pessoal Ativo,TOTAL (ÚLTIMOS 12 MESES) (a),12980478122.18,8936431,Ceará
2024,1,CE,RGF-Anexo 01,DespesaComPessoalAtivoBruta,Pessoal Ativo,INSCRITAS EM RESTOS A PAGAR NÃO PROCESSADOS (b),6033902.11,8936431,Ceará
2024,1,CE,RGF-Anexo 01,DespesaComPessoalInativoEPensionistasBruta,Pessoal Inativo e Pensionistas,<MR-11>,322951835.27,8936431,Ceará
2024,1,CE,RGF-Anexo 01,DespesaComPessoalInativoEPensionistasBruta,Pessoal Inativo e Pensionistas,<MR-10>,501267116.05,8936431,Ceará
2024,1,CE,RGF-Anexo 01,DespesaComPessoalInativoEPensionistasBruta,Pessoal Inativo e Pensionistas,<MR-9>,341045168.54,8936431,Ceará
2024,1,CE,RGF-Anexo 01,DespesaComPessoalInativoEPensionistasBruta,Pessoal Inativo e Pensionistas,<MR-8>,330534043.14,8936431,Ceará
2024,1,CE,RGF-Anexo 01,DespesaComPessoalInativoEPensionistasBruta,Pessoal Inativo e Pensionistas,<MR-7>,364529551.11,8936431,Ceará
2024,1,CE,RGF-Anexo 01,DespesaComPessoalInativoEPensionistasBruta,Pessoal Inativo e Pensionistas,<MR-6>,349209247.64,8936431,Ceará
2024,1,CE,RGF-Anexo 01,DespesaComPessoalInativoEPensionistasBruta,Pessoal Inativo e Pensionistas,<MR-5>,378586473.28,8936431,Ceará
2024,1,CE,RGF-Anexo 01,DespesaComPessoalInativoEPensionistasBruta,Pessoal Inativo e Pensionistas,<MR-4>,536398703.79,8936431,Ceará
2024,1,CE,RGF-Anexo 01,DespesaComPessoalInativoEPensionistasBruta,Pessoal Inativo e Pensionistas,<MR-3>,348252451.38,8936431,Ceará
2024,1,CE,RGF-Anexo 01,DespesaComPessoalInativoEPensionistasBruta,Pessoal Inativo e Pensionistas,<MR-2>,350478503.77,8936431,Ceará
2024,1,CE,RGF-Anexo 01,DespesaComPessoalInativoEPensionistasBruta,Pessoal Inativo e Pensionistas,<MR-1>,352260340.48,8936431,Ceará
2024,1,CE,RGF-Anexo 01,DespesaComPessoalInativoEPensionistasBruta,Pessoal Inativo e Pensionistas,<MR>,352278372.69,8936431,Ceará
2024,1,CE,RGF-Anexo 01,DespesaComPessoalInativoEPensionistasBruta,Pessoal Inativo e Pensionistas,TOTAL (ÚLTIMOS 12 MESES) (a),4527791807.14,8936431,Ceará
2024,1,CE,RGF-Anexo 01,DespesaComPessoalLiquida,DESPESA LÍQUIDA COM PESSOAL (III) = (I - II),<MR-11>,1115182353.4,8936431,Ceará
2024,1,CE,RGF-Anexo 01,DespesaComPessoalLiquida,DESPESA LÍQUIDA COM PESSOAL (III) = (I - II),<MR-10>,1564310781.58,8936431,Ceará
2024,1,CE,RGF-Anexo 01,DespesaComPessoalLiquida,DESPESA LÍQUIDA COM PESSOAL (III) = (I - II),<MR-9>,1099043035.45,8936431,Ceará
2024,1,CE,RGF-Anexo 01,DespesaComPessoalLiquida,DESPESA LÍQUIDA COM PESSOAL (III) = (I - II),<MR-8>,1073937532.25,8936431,Ceará
2024,1,CE,RGF-Anexo 01,DespesaComPessoalLiquida,DESPESA LÍQUIDA COM PESSOAL (III) = (I - II),<MR-7>,1198184256.96,8936431,Ceará
2024,1,CE,RGF-Anexo 01,DespesaComPessoalLiquida,DESPESA LÍQUIDA COM PESSOAL (III) = (I - II),<MR-6>,1212341870.53,8936431,Ceará
2024,1,CE,RGF-Anexo 01,DespesaComPessoalLiquida,DESPESA LÍQUIDA COM PESSOAL (III) = (I - II),<MR-5>,1271365666.56,8936431,Ceará
2024,1,CE,RGF-Anexo 01,DespesaComPessoalLiquida,DESPESA LÍQUIDA COM PESSOAL (III) = (I - II),<MR-4>,1669366722.11,8936431,Ceará
2024,1,CE,RGF-Anexo 01,DespesaComPessoalLiquida,DESPESA LÍQUIDA COM PESSOAL (III) = (I - II),<MR-3>,1225471750.92,8936431,Ceará
2024,1,CE,RGF-Anexo 01,DespesaComPessoalLiquida,DESPESA LÍQUIDA COM PESSOAL (III) = (I - II),<MR-2>,1084473990.08,8936431,Ceará
2024,1,CE,RGF-Anexo 01,DespesaComPessoalLiquida,DESPESA LÍQUIDA COM PESSOAL (III) = (I - II),<MR-1>,1127349399.26,8936431,Ceará
2024,1,CE,RGF-Anexo 01,DespesaComPessoalLiquida,DESPESA LÍQUIDA COM PESSOAL (III) = (I - II),<MR>,1134355870.09,8936431,Ceará
2024,1,CE,RGF-Anexo 01,DespesaComPessoalLiquida,DESPESA LÍQUIDA COM PESSOAL (III) = (I - II),TOTAL (ÚLTIMOS 12 MESES) (a),14775383229.19,8936431,Ceará
2024,1,CE,RGF-Anexo 01,DespesaComPessoalLiquida,DESPESA LÍQUIDA COM PESSOAL (III) = (I - II),INSCRITAS EM RESTOS A PAGAR NÃO PROCESSADOS (b),64159061.7,8936431,Ceará
2024,1,CE,RGF-Anexo 01,ReceitaCorrenteLiquidaLimiteLegal,RECEITA CORRENTE LIQUIDA - RCL (IV),Valor,34574665580.04,8936431,Ceará
2024,1,CE,RGF-Anexo 01,DespesaComPessoalTotal,DESPESA TOTAL COM PESSOAL - DTP (VI) = (IIIa + IIIb),Valor,14839542290.89,8936431,Ceará
2024,1,CE,RGF-Anexo 01,DespesaComPessoalTotal,DESPESA TOTAL COM PESSOAL - DTP (VI) = (IIIa + IIIb),% sobre a RCL Ajustada,43.04,8936431,Ceará
2024,1,CE,RGF-Anexo 02,DividaConsolidada,DÍVIDA CONSOLIDADA - DC (I),SALDO DO EXERCÍCIO ANTERIOR,16956179101.93,8936431,Ceará
2024,1,CE,RGF-Anexo 02,DividaConsolidada,DÍVIDA CONSOLIDADA - DC (I),Até o 1º Quadrimestre,17373947279.58,8936431,Ceará
2024,1,CE,RGF-Anexo 02,DividaContratual,Dívida Contratual,SALDO DO EXERCÍCIO ANTERIOR,15610736904.2,8936431,Ceará
2024,1,CE,RGF-Anexo 02,DividaContratual,Dívida Contratual,Até o 1º Quadrimestre,16028505081.85,8936431,Ceará
2024,1,CE,RGF-Anexo 02,DividaConsolidadaLiquida,DÍVIDA CONSOLIDADA LÍQUIDA (DCL) (III) = (I - II),SALDO DO EXERCÍCIO ANTERIOR,9501906885.65,8936431,Ceará
2024,1,CE,RGF-Anexo 02,DividaConsolidadaLiquida,DÍVIDA CONSOLIDADA LÍQUIDA (DCL) (III) = (I - II),Até o 1º Quadrimestre,7206112242.94,8936431,Ceará
2024,2,CE,RGF-Anexo 01,DespesaComPessoalBruta,DESPESA BRUTA COM PESSOAL (I),<MR-11>,1466822112.54,8936431,Ceará
2024,2,CE,RGF-Anexo 01,DespesaComPessoalBruta,DESPESA BRUTA COM PESSOAL (I),<MR-10>,1485394203.55,8936431,Ceará
2024,2,CE,RGF-Anexo 01,DespesaComPessoalBruta,DESPESA BRUTA COM PESSOAL (I),<MR-9>,1534663524.62,8936431,Ceará
2024,2,CE,RGF-Anexo 01,DespesaComPessoalBruta,DESPESA BRUTA COM PESSOAL (I),<MR-8>,2184189725.22,8936431,Ceará
2024,2,CE,RGF-Anexo 01,DespesaComPessoalBruta,DESPESA BRUTA COM PESSOAL (I),<MR-7>,1269908436.61,8936431,Ceará
2024,2,CE,RGF-Anexo 01,DespesaComPessoalBruta,DESPESA BRUTA COM PESSOAL (I),<MR-6>,1397558194.64,8936431,Ceará
2024,2,CE,RGF-Anexo 01,DespesaComPessoalBruta,DESPESA BRUTA COM PESSOAL (I),<MR-5>,1475400281.65,8936431,Ceará
2024,2,CE,RGF-Anexo 01,DespesaComPessoalBruta,DESPESA BRUTA COM PESSOAL (I),<MR-4>,2001148478.05,8936431,Ceará
2024,2,CE,RGF-Anexo 01,DespesaComPessoalBruta,DESPESA BRUTA COM PESSOAL (I),<MR-3>,2011553326.21,8936431,Ceará
2024,2,CE,RGF-Anexo 01,DespesaComPessoalBruta,DESPESA BRUTA COM PESSOAL (I),<MR-2>,1511166045.16,8936431,Ceará
2024,2,CE,RGF-Anexo 01,DespesaComPessoalBruta,DESPESA BRUTA COM PESSOAL (I),<MR-1>,1566493048.49,8936431,Ceará
2024,2,CE,RGF-Anexo 01,DespesaComPessoalBruta,DESPESA BRUTA COM PESSOAL (I),<MR>,1541458158.84,8936431,Ceará
2024,2,CE,RGF-Anexo 01,DespesaComPessoalBruta,DESPESA BRUTA COM PESSOAL (I),TOTAL (ÚLTIMOS 12 MESES) (a),19445755535.58,8936431,Ceará
2024,2,CE,RGF-Anexo 01,DespesaComPessoalBruta,DESPESA BRUTA COM PESSOAL (I),INSCRITAS EM RESTOS A PAGAR NÃO PROCESSADOS (b),64207066.84,8936431,Ceará
2024,2,CE,RGF-Anexo 01,DespesaComPessoalAtivoBruta,Pessoal Ativo,<MR-11>,951400469.45,8936431,Ceará
2024,2,CE,RGF-Anexo 01,DespesaComPessoalAtivoBruta,Pessoal Ativo,<MR-10>,947855149.73,8936431,Ceará
2024,2,CE,RGF-Anexo 01,DespesaComPessoalAtivoBruta,Pessoal Ativo,<MR-9>,996852944.28,8936431,Ceará
2024,2,CE,RGF-Anexo 01,DespesaComPessoalAtivoBruta,Pessoal Ativo,<MR-8>,1461149655.09,8936431,Ceará
2024,2,CE,RGF-Anexo 01,DespesaComPessoalAtivoBruta,Pessoal Ativo,<MR-7>,826123887.75,8936431,Ceará
2024,2,CE,RGF-Anexo 01,DespesaComPessoalAtivoBruta,Pessoal Ativo,<MR-6>,902059721.52,8936431,Ceará
2024,2,CE,RGF-Anexo 01,DespesaComPessoalAtivoBruta,Pessoal Ativo,<MR-5>,972642216.11,8936431,Ceará
2024,2,CE,RGF-Anexo 01,DespesaComPessoalAtivoBruta,Pessoal Ativo,<MR-4>,1505187694.55,8936431,Ceará
2024,2,CE,RGF-Anexo 01,DespesaComPessoalAtivoBruta,Pessoal Ativo,<MR-3>,1312560702.82,8936431,Ceará
2024,2,CE,RGF-Anexo 01,DespesaComPessoalAtivoBruta,Pessoal Ativo,<MR-2>,987374354.29,8936431,Ceará
2024,2,CE,RGF-Anexo 01,DespesaComPessoalAtivoBruta,Pessoal Ativo,<MR-1>,1025366505.11,8936431,Ceará
2024,2,CE,RGF-Anexo 01,DespesaComPessoalAtivoBruta,Pessoal Ativo,<MR>,1004269019.61,8936431,Ceará
2024,2,CE,RGF-Anexo 01,DespesaComPessoalAtivoBruta,Pessoal Ativo,TOTAL (ÚLTIMOS 12 MESES) (a),12892842320.31,8936431,Ceará
2024,2,CE,RGF-Anexo 01,DespesaComPessoalAtivoBruta,Pessoal Ativo,INSCRITAS EM RESTOS A PAGAR NÃO PROCESSADOS (b),5980192.92,8936431,Ceará
2024,2,CE,RGF-Anexo 01,DespesaComPessoalInativoEPensionistasBruta,Pessoal Inativo e Pensionistas,<MR-11>,364529551.11,8936431,Ceará
2024,2,CE,RGF-Anexo 01,DespesaComPessoalInativoEPensionistasBruta,Pessoal Inativo e Pensionistas,<MR-10>,349209247.64,8936431,Ceará
2024,2,CE,RGF-Anexo 01,DespesaComPessoalInativoEPensionistasBruta,Pessoal Inativo e Pensionistas,<MR-9>,378586473.28,8936431,Ceará
2024,2,CE,RGF-Anexo 01,DespesaComPessoalInativoEPensionistasBruta,Pessoal Inativo e Pensionistas,<MR-8>,536398703.79,8936431,Ceará
2024,2,CE,RGF-Anexo 01,DespesaComPessoalInativoEPensionistasBruta,Pessoal Inativo e Pensionistas,<MR-7>,348252451.38,8936431,Ceará
2024,2,CE,RGF-Anexo 01,DespesaComPessoalInativoEPensionistasBruta,Pessoal Inativo e Pensionistas,<MR-6>,350478503.77,8936431,Ceará
2024,2,CE,RGF-Anexo 01,DespesaComPessoalInativoEPensionistasBruta,Pessoal Inativo e Pensionistas,<MR-5>,352260340.48,8936431,Ceará
2024,2,CE,RGF-Anexo 01,DespesaComPessoalInativoEPensionistasBruta,Pessoal Inativo e Pensionistas,<MR-4>,352278372.69,8936431,Ceará
2024,2,CE,RGF-Anexo 01,DespesaComPessoalInativoEPensionistasBruta,Pessoal Inativo e Pensionistas,<MR-3>,527907101.16,8936431,Ceará
2024,2,CE,RGF-Anexo 01,DespesaComPessoalInativoEPensionistasBruta,Pessoal Inativo e Pensionistas,<MR-2>,354118855.11,8936431,Ceará
2024,2,CE,RGF-Anexo 01,DespesaComPessoalInativoEPensionistasBruta,Pessoal Inativo e Pensionistas,<MR-1>,383573521.16,8936431,Ceará
2024,2,CE,RGF-Anexo 01,DespesaComPessoalInativoEPensionistasBruta,Pessoal Inativo e Pensionistas,<MR>,372247218.51,8936431,Ceará
2024,2,CE,RGF-Anexo 01,DespesaComPessoalInativoEPensionistasBruta,Pessoal Inativo e Pensionistas,TOTAL (ÚLTIMOS 12 MESES) (a),4669840340.08,8936431,Ceará
2024,2,CE,RGF-Anexo 01,DespesaComPessoalLiquida,DESPESA LÍQUIDA COM PESSOAL (III) = (I - II),<MR-11>,1198184256.96,8936431,Ceará
2024,2,CE,RGF-Anexo 01,DespesaComPessoalLiquida,DESPESA LÍQUIDA COM PESSOAL (III) = (I - II),<MR-10>,1212341870.53,8936431,Ceará
2024,2,CE,RGF-Anexo 01,DespesaComPessoalLiquida,DESPESA LÍQUIDA COM PESSOAL (III) = (I - II),<MR-9>,1271365666.56,8936431,Ceará
2024,2,CE,RGF-Anexo 01,DespesaComPessoalLiquida,DESPESA LÍQUIDA COM PESSOAL (III) = (I - II),<MR-8>,1669366722.11,8936431,Ceará
2024,2,CE,RGF-Anexo 01,DespesaComPessoalLiquida,DESPESA LÍQUIDA COM PESSOAL (III) = (I - II),<MR-7>,1225427475.85,8936431,Ceará
2024,2,CE,RGF-Anexo 01,DespesaComPessoalLiquida,DESPESA LÍQUIDA COM PESSOAL (III) = (I - II),<MR-6>,1084473990.08,8936431,Ceará
2024,2,CE,RGF-Anexo 01,DespesaComPessoalLiquida,DESPESA LÍQUIDA COM PESSOAL (III) = (I - II),<MR-5>,1127349399.26,8936431,Ceará
2024,2,CE,RGF-Anexo 01,DespesaComPessoalLiquida,DESPESA LÍQUIDA COM PESSOAL (III) = (I - II),<MR-4>,1134244406.91,8936431,Ceará
2024,2,CE,RGF-Anexo 01,DespesaComPessoalLiquida,DESPESA LÍQUIDA COM PESSOAL (III) = (I - II),<MR-3>,1653775194.08,8936431,Ceará
2024,2,CE,RGF-Anexo 01,DespesaComPessoalLiquida,DESPESA LÍQUIDA COM PESSOAL (III) = (I - II),<MR-2>,1195257732.04,8936431,Ceará
2024,2,CE,RGF-Anexo 01,DespesaComPessoalLiquida,DESPESA LÍQUIDA COM PESSOAL (III) = (I - II),<MR-1>,1249936643.22,8936431,Ceará
2024,2,CE,RGF-Anexo 01,DespesaComPessoalLiquida,DESPESA LÍQUIDA COM PESSOAL (III) = (I - II),<MR>,1251496430.23,8936431,Ceará
2024,2,CE,RGF-Anexo 01,DespesaComPessoalLiquida,DESPESA LÍQUIDA COM PESSOAL (III) = (I - II),TOTAL (ÚLTIMOS 12 MESES) (a),15273219787.83,8936431,Ceará
2024,2,CE,RGF-Anexo 01,DespesaComPessoalLiquida,DESPESA LÍQUIDA COM PESSOAL (III) = (I - II),INSCRITAS EM RESTOS A PAGAR NÃO PROCESSADOS (b),63964091.98,8936431,Ceará
2024,2,CE,RGF-Anexo 01,ReceitaCorrenteLiquidaLimiteLegal,RECEITA CORRENTE LIQUIDA - RCL (IV),Valor,35411050023.34,8936431,Ceará
2024,2,CE,RGF-Anexo 01,DespesaComPessoalTotal,DESPESA TOTAL COM PESSOAL - DTP (VI) = (IIIa + IIIb),Valor,15337183879.81,8936431,Ceará
2024,2,CE,RGF-Anexo 01,DespesaComPessoalTotal,DESPESA TOTAL COM PESSOAL - DTP (VI) = (IIIa + IIIb),% sobre a RCL Ajustada,43.59,8936431,Ceará
2024,2,CE,RGF-Anexo 02,DividaConsolidada,DÍVIDA CONSOLIDADA - DC (I),SALDO DO EXERCÍCIO ANTERIOR,16956179101.93,8936431,Ceará
2024,2,CE,RGF-Anexo 02,DividaConsolidada,DÍVIDA CONSOLIDADA - DC (I),Até o 1º Quadrimestre,17373947279.58,8936431,Ceará
2024,2,CE,RGF-Anexo 02,DividaConsolidada,DÍVIDA CONSOLIDADA - DC (I),Até o 2º Quadrimestre,17703651349.1,8936431,Ceará
2024,2,CE,RGF-Anexo 02,DividaContratual,Dívida Contratual,SALDO DO EXERCÍCIO ANTERIOR,15610736904.2,8936431,Ceará
2024,2,CE,RGF-Anexo 02,DividaContratual,Dívida Contratual,Até o 1º Quadrimestre,16028505081.85,8936431,Ceará
2024,2,CE,RGF-Anexo 02,DividaContratual,Dívida Contratual,Até o 2º Quadrimestre,16465314345.28,8936431,Ceará
2024,2,CE,RGF-Anexo 02,DividaConsolidadaLiquida,DÍVIDA CONSOLIDADA LÍQUIDA (DCL) (III) = (I - II),SALDO DO EXERCÍCIO ANTERIOR,9501906885.65,8936431,Ceará
2024,2,CE,RGF-Anexo 02,DividaConsolidadaLiquida,DÍVIDA CONSOLIDADA LÍQUIDA (DCL) (III) = (I - II),Até o 1º Quadrimestre,7206112242.94,8936431,Ceará
2024,2,CE,RGF-Anexo 02,DividaConsolidadaLiquida,DÍVIDA CONSOLIDADA LÍQUIDA (DCL) (III) = (I - II),Até o 2º Quadrimestre,8746744369.42,8936431,Ceará
2024,3,CE,RGF-Anexo 01,DespesaComPessoalBruta,DESPESA BRUTA COM PESSOAL (I),<MR-11>,1269582947.5,8936431,Ceará
2024,3,CE,RGF-Anexo 01,DespesaComPessoalBruta,DESPESA BRUTA COM PESSOAL (I),<MR-10>,1398825693.49,8936431,Ceará
2024,3,CE,RGF-Anexo 01,DespesaComPessoalBruta,DESPESA BRUTA COM PESSOAL (I),<MR-9>,1481713396.8,8936431,Ceará
2024,3,CE,RGF-Anexo 01,DespesaComPessoalBruta,DESPESA BRUTA COM PESSOAL (I),<MR-8>,2004636993.42,8936431,Ceará
2024,3,CE,RGF-Anexo 01,DespesaComPessoalBruta,DESPESA BRUTA COM PESSOAL (I),<MR-7>,2012036444.59,8936431,Ceará
2024,3,CE,RGF-Anexo 01,DespesaComPessoalBruta,DESPESA BRUTA COM PESSOAL (I),<MR-6>,1510179995.93,8936431,Ceará
2024,3,CE,RGF-Anexo 01,DespesaComPessoalBruta,DESPESA BRUTA COM PESSOAL (I),<MR-5>,1566016251.53,8936431,Ceará
2024,3,CE,RGF-Anexo 01,DespesaComPessoalBruta,DESPESA BRUTA COM PESSOAL (I),<MR-4>,1540987399.72,8936431,Ceará
2024,3,CE,RGF-Anexo 01,DespesaComPessoalBruta,DESPESA BRUTA COM PESSOAL (I),<MR-3>,1568612955.37,8936431,Ceará
2024,3,CE,RGF-Anexo 01,DespesaComPessoalBruta,DESPESA BRUTA COM PESSOAL (I),<MR-2>,1590639322.71,8936431,Ceará
2024,3,CE,RGF-Anexo 01,DespesaComPessoalBruta,DESPESA BRUTA COM PESSOAL (I),<MR-1>,1591255315.59,8936431,Ceará
2024,3,CE,RGF-Anexo 01,DespesaComPessoalBruta,DESPESA BRUTA COM PESSOAL (I),<MR>,2457664003.93,8936431,Ceará
2024,3,CE,RGF-Anexo 01,DespesaComPessoalBruta,DESPESA BRUTA COM PESSOAL (I),TOTAL (ÚLTIMOS 12 MESES) (a),19992150720.58,8936431,Ceará
2024,3,CE,RGF-Anexo 01,DespesaComPessoalBruta,DESPESA BRUTA COM PESSOAL (I),INSCRITAS EM RESTOS A PAGAR NÃO PROCESSADOS (b),90279246.7,8936431,Ceará
2024,3,CE,RGF-Anexo 01,DespesaComPessoalAtivoBruta,Pessoal Ativo,<MR-11>,822750938.46,8936431,Ceará
2024,3,CE,RGF-Anexo 01,DespesaComPessoalAtivoBruta,Pessoal Ativo,<MR-10>,898482999.08,8936431,Ceará
2024,3,CE,RGF-Anexo 01,DespesaComPessoalAtivoBruta,Pessoal Ativo,<MR-9>,969373896.36,8936431,Ceará
2024,3,CE,RGF-Anexo 01,DespesaComPessoalAtivoBruta,Pessoal Ativo,<MR-8>,1500873262.01,8936431,Ceará
2024,3,CE,RGF-Anexo 01,DespesaComPessoalAtivoBruta,Pessoal Ativo,<MR-7>,1302900627.81,8936431,Ceará
2024,3,CE,RGF-Anexo 01,DespesaComPessoalAtivoBruta,Pessoal Ativo,<MR-6>,978245154.39,8936431,Ceará
2024,3,CE,RGF-Anexo 01,DespesaComPessoalAtivoBruta,Pessoal Ativo,<MR-5>,1017426649.67,8936431,Ceará
2024,3,CE,RGF-Anexo 01,DespesaComPessoalAtivoBruta,Pessoal Ativo,<MR-4>,996252404.73,8936431,Ceará
2024,3,CE,RGF-Anexo 01,DespesaComPessoalAtivoBruta,Pessoal Ativo,<MR-3>,1007502244.57,8936431,Ceará
2024,3,CE,RGF-Anexo 01,DespesaComPessoalAtivoBruta,Pessoal Ativo,<MR-2>,1029478916.95,8936431,Ceará
2024,3,CE,RGF-Anexo 01,DespesaComPessoalAtivoBruta,Pessoal Ativo,<MR-1>,999290567.82,8936431,Ceará
2024,3,CE,RGF-Anexo 01,DespesaComPessoalAtivoBruta,Pessoal Ativo,<MR>,1638826559.68,8936431,Ceará
2024,3,CE,RGF-Anexo 01,DespesaComPessoalAtivoBruta,Pessoal Ativo,TOTAL (ÚLTIMOS 12 MESES) (a),13161404221.53,8936431,Ceará
2024,3,CE,RGF-Anexo 01,DespesaComPessoalAtivoBruta,Pessoal Ativo,INSCRITAS EM RESTOS A PAGAR NÃO PROCESSADOS (b),9066771.85,8936431,Ceará
2024,3,CE,RGF-Anexo 01,DespesaComPessoalInativoEPensionistasBruta,Pessoal Inativo e Pensionistas,<MR-11>,348253863.38,8936431,Ceará
2024,3,CE,RGF-Anexo 01,DespesaComPessoalInativoEPensionistasBruta,Pessoal Inativo e Pensionistas,<MR-10>,350479915.77,8936431,Ceará
2024,3,CE,RGF-Anexo 01,DespesaComPessoalInativoEPensionistasBruta,Pessoal Inativo e Pensionistas,<MR-9>,352261752.48,8936431,Ceará
2024,3,CE,RGF-Anexo 01,DespesaComPessoalInativoEPensionistasBruta,Pessoal Inativo e Pensionistas,<MR-8>,352385975.79,8936431,Ceará
2024,3,CE,RGF-Anexo 01,DespesaComPessoalInativoEPensionistasBruta,Pessoal Inativo e Pensionistas,<MR-7>,527908513.16,8936431,Ceará
2024,3,CE,RGF-Anexo 01,DespesaComPessoalInativoEPensionistasBruta,Pessoal Inativo e Pensionistas,<MR-6>,354120267.11,8936431,Ceará
2024,3,CE,RGF-Anexo 01,DespesaComPessoalInativoEPensionistasBruta,Pessoal Inativo e Pensionistas,<MR-5>,383728566.77,8936431,Ceará
2024,3,CE,RGF-Anexo 01,DespesaComPessoalInativoEPensionistasBruta,Pessoal Inativo e Pensionistas,<MR-4>,372252093.75,8936431,Ceará
2024,3,CE,RGF-Anexo 01,DespesaComPessoalInativoEPensionistasBruta,Pessoal Inativo e Pensionistas,<MR-3>,380489943.52,8936431,Ceará
2024,3,CE,RGF-Anexo 01,DespesaComPessoalInativoEPensionistasBruta,Pessoal Inativo e Pensionistas,<MR-2>,376477291.89,8936431,Ceará
2024,3,CE,RGF-Anexo 01,DespesaComPessoalInativoEPensionistasBruta,Pessoal Inativo e Pensionistas,<MR-1>,378765902.92,8936431,Ceará
2024,3,CE,RGF-Anexo 01,DespesaComPessoalInativoEPensionistasBruta,Pessoal Inativo e Pensionistas,<MR>,577470396.27,8936431,Ceará
2024,3,CE,RGF-Anexo 01,DespesaComPessoalInativoEPensionistasBruta,Pessoal Inativo e Pensionistas,TOTAL (ÚLTIMOS 12 MESES) (a),4754594482.81,8936431,Ceará
2024,3,CE,RGF-Anexo 01,DespesaComPessoalLiquida,DESPESA LÍQUIDA COM PESSOAL (III) = (I - II),<MR-11>,1225426063.85,8936431,Ceará
2024,3,CE,RGF-Anexo 01,DespesaComPessoalLiquida,DESPESA LÍQUIDA COM PESSOAL (III) = (I - II),<MR-10>,1084435059.85,8936431,Ceará
2024,3,CE,RGF-Anexo 01,DespesaComPessoalLiquida,DESPESA LÍQUIDA COM PESSOAL (III) = (I - II),<MR-9>,1127336299.62,8936431,Ceará
2024,3,CE,RGF-Anexo 01,DespesaComPessoalLiquida,DESPESA LÍQUIDA COM PESSOAL (III) = (I - II),<MR-8>,1134241067.43,8936431,Ceará
2024,3,CE,RGF-Anexo 01,DespesaComPessoalLiquida,DESPESA LÍQUIDA COM PESSOAL (III) = (I - II),<MR-7>,1653769911.38,8936431,Ceará
2024,3,CE,RGF-Anexo 01,DespesaComPessoalLiquida,DESPESA LÍQUIDA COM PESSOAL (III) = (I - II),<MR-6>,1195222501.51,8936431,Ceará
2024,3,CE,RGF-Anexo 01,DespesaComPessoalLiquida,DESPESA LÍQUIDA COM PESSOAL (III) = (I - II),<MR-5>,1249861686.49,8936431,Ceará
2024,3,CE,RGF-Anexo 01,DespesaComPessoalLiquida,DESPESA LÍQUIDA COM PESSOAL (III) = (I - II),<MR-4>,1251417865.34,8936431,Ceará
2024,3,CE,RGF-Anexo 01,DespesaComPessoalLiquida,DESPESA LÍQUIDA COM PESSOAL (III) = (I - II),<MR-3>,1258877890.57,8936431,Ceará
2024,3,CE,RGF-Anexo 01,DespesaComPessoalLiquida,DESPESA LÍQUIDA COM PESSOAL (III) = (I - II),<MR-2>,1283676993.83,8936431,Ceará
2024,3,CE,RGF-Anexo 01,DespesaComPessoalLiquida,DESPESA LÍQUIDA COM PESSOAL (III) = (I - II),<MR-1>,1277571688.75,8936431,Ceará
2024,3,CE,RGF-Anexo 01,DespesaComPessoalLiquida,DESPESA LÍQUIDA COM PESSOAL (III) = (I - II),<MR>,1914571737.82,8936431,Ceará
2024,3,CE,RGF-Anexo 01,DespesaComPessoalLiquida,DESPESA LÍQUIDA COM PESSOAL (III) = (I - II),TOTAL (ÚLTIMOS 12 MESES) (a),15656408766.44,8936431,Ceará
2024,3,CE,RGF-Anexo 01,DespesaComPessoalLiquida,DESPESA LÍQUIDA COM PESSOAL (III) = (I - II),INSCRITAS EM RESTOS A PAGAR NÃO PROCESSADOS (b),89528279.28,8936431,Ceará
2024,3,CE,RGF-Anexo 01,ReceitaCorrenteLiquidaLimiteLegal,RECEITA CORRENTE LIQUIDA - RCL (IV),Valor,36362436745.35,8936431,Ceará
2024,3,CE,RGF-Anexo 01,DespesaComPessoalTotal,DESPESA TOTAL COM PESSOAL - DTP (VI) = (IIIa + IIIb),Valor,15745937045.72,8936431,Ceará
2024,3,CE,RGF-Anexo 01,DespesaComPessoalTotal,DESPESA TOTAL COM PESSOAL - DTP (VI) = (IIIa + IIIb),% sobre a RCL Ajustada,43.54,8936431,Ceará
2024,3,CE,RGF-Anexo 02,DividaConsolidada,DÍVIDA CONSOLIDADA - DC (I),SALDO DO EXERCÍCIO ANTERIOR,16956179101.93,8936431,Ceará
2024,3,CE,RGF-Anexo 02,DividaConsolidada,DÍVIDA CONSOLIDADA - DC (I),Até o 1º Quadrimestre,17373947279.58,8936431,Ceará
2024,3,CE,RGF-Anexo 02,DividaConsolidada,DÍVIDA CONSOLIDADA - DC (I),Até o 2º Quadrimestre,17703651349.1,8936431,Ceará
2024,3,CE,RGF-Anexo 02,DividaConsolidada,DÍVIDA CONSOLIDADA - DC (I),Até o 3º Quadrimestre,18954882256.77,8936431,Ceará
2024,3,CE,RGF-Anexo 02,DividaContratual,Dívida Contratual,SALDO DO EXERCÍCIO ANTERIOR,15610736904.2,8936431,Ceará
2024,3,CE,RGF-Anexo 02,DividaContratual,Dívida Contratual,Até o 1º Quadrimestre,16028505081.85,8936431,Ceará
2024,3,CE,RGF-Anexo 02,DividaContratual,Dívida Contratual,Até o 2º Quadrimestre,16465314345.28,8936431,Ceará
2024,3,CE,RGF-Anexo 02,DividaContratual,Dívida Contratual,Até o 3º Quadrimestre,18091922219.78,8936431,Ceará
2024,3,CE,RGF-Anexo 02,DividaConsolidadaLiquida,DÍVIDA CONSOLIDADA LÍQUIDA (DCL) (III) = (I - II),SALDO DO EXERCÍCIO ANTERIOR,9501906885.65,8936431,Ceará
2024,3,CE,RGF-Anexo 02,DividaConsolidadaLiquida,DÍVIDA CONSOLIDADA LÍQUIDA (DCL) (III) = (I - II),Até o 1º Quadrimestre,7206112242.94,8936431,Ceará
2024,3,CE,RGF-Anexo 02,DividaConsolidadaLiquida,DÍVIDA CONSOLIDADA LÍQUIDA (DCL) (III) = (I - II),Até o 2º Quadrimestre,8746744369.42,8936431,Ceará
2024,3,CE,RGF-Anexo 02,DividaConsolidadaLiquida,DÍVIDA CONSOLIDADA LÍQUIDA (DCL) (III) = (I - II),Até o 3º Quadrimestre,12002714794.04,8936431,Ceará
2025,1,CE,RGF-Anexo 01,DespesaComPessoalBruta,DESPESA BRUTA COM PESSOAL (I),<MR-11>,1917147974.55,8936431,Ceará
2025,1,CE,RGF-Anexo 01,DespesaComPessoalBruta,DESPESA BRUTA COM PESSOAL (I),<MR-10>,1409678359.34,8936431,Ceará
2025,1,CE,RGF-Anexo 01,DespesaComPessoalBruta,DESPESA BRUTA COM PESSOAL (I),<MR-9>,1481630914.03,8936431,Ceará
2025,1,CE,RGF-Anexo 01,DespesaComPessoalBruta,DESPESA BRUTA COM PESSOAL (I),<MR-8>,1454484969.56,8936431,Ceará
2025,1,CE,RGF-Anexo 01,DespesaComPessoalBruta,DESPESA BRUTA COM PESSOAL (I),<MR-7>,1469396886.51,8936431,Ceará
2025,1,CE,RGF-Anexo 01,DespesaComPessoalBruta,DESPESA BRUTA COM PESSOAL (I),<MR-6>,1491151567.02,8936431,Ceará
2025,1,CE,RGF-Anexo 01,DespesaComPessoalBruta,DESPESA BRUTA COM PESSOAL (I),<MR-5>,1473611968.82,8936431,Ceará
2025,1,CE,RGF-Anexo 01,DespesaComPessoalBruta,DESPESA BRUTA COM PESSOAL (I),<MR-4>,2307254757.86,8936431,Ceará
2025,1,CE,RGF-Anexo 01,DespesaComPessoalBruta,DESPESA BRUTA COM PESSOAL (I),<MR-3>,1314975403.55,8936431,Ceará
2025,1,CE,RGF-Anexo 01,DespesaComPessoalBruta,DESPESA BRUTA COM PESSOAL (I),<MR-2>,1493603190.36,8936431,Ceará
2025,1,CE,RGF-Anexo 01,DespesaComPessoalBruta,DESPESA BRUTA COM PESSOAL (I),<MR-1>,1488469033.13,8936431,Ceará
2025,1,CE,RGF-Anexo 01,DespesaComPessoalBruta,DESPESA BRUTA COM PESSOAL (I),<MR>,1612025994.39,8936431,Ceará
2025,1,CE,RGF-Anexo 01,DespesaComPessoalBruta,DESPESA BRUTA COM PESSOAL (I),TOTAL (ÚLTIMOS 12 MESES) (a),18913431019.12,8936431,Ceará
2025,1,CE,RGF-Anexo 01,DespesaComPessoalBruta,DESPESA BRUTA COM PESSOAL (I),INSCRITAS EM RESTOS A PAGAR NÃO PROCESSADOS (b),90279246.7,8936431,Ceará
2025,1,CE,RGF-Anexo 01,DespesaComPessoalAtivoBruta,Pessoal Ativo,<MR-11>,1302900627.81,8936431,Ceará
2025,1,CE,RGF-Anexo 01,DespesaComPessoalAtivoBruta,Pessoal Ativo,<MR-10>,978245154.39,8936431,Ceará
2025,1,CE,RGF-Anexo 01,DespesaComPessoalAtivoBruta,Pessoal Ativo,<MR-9>,1017426649.67,8936431,Ceará
2025,1,CE,RGF-Anexo 01,DespesaComPessoalAtivoBruta,Pessoal Ativo,<MR-8>,996252404.73,8936431,Ceará
2025,1,CE,RGF-Anexo 01,DespesaComPessoalAtivoBruta,Pessoal Ativo,<MR-7>,1007502244.57,8936431,Ceará
2025,1,CE,RGF-Anexo 01,DespesaComPessoalAtivoBruta,Pessoal Ativo,<MR-6>,1029478916.95,8936431,Ceará
2025,1,CE,RGF-Anexo 01,DespesaComPessoalAtivoBruta,Pessoal Ativo,<MR-5>,999290567.82,8936431,Ceará
2025,1,CE,RGF-Anexo 01,DespesaComPessoalAtivoBruta,Pessoal Ativo,<MR-4>,1638826559.68,8936431,Ceará
2025,1,CE,RGF-Anexo 01,DespesaComPessoalAtivoBruta,Pessoal Ativo,<MR-3>,927109297.4,8936431,Ceará
2025,1,CE,RGF-Anexo 01,DespesaComPessoalAtivoBruta,Pessoal Ativo,<MR-2>,1041446156.93,8936431,Ceará
2025,1,CE,RGF-Anexo 01,DespesaComPessoalAtivoBruta,Pessoal Ativo,<MR-1>,1039148964.87,8936431,Ceará
2025,1,CE,RGF-Anexo 01,DespesaComPessoalAtivoBruta,Pessoal Ativo,<MR>,1101551774.31,8936431,Ceará
2025,1,CE,RGF-Anexo 01,DespesaComPessoalAtivoBruta,Pessoal Ativo,TOTAL (ÚLTIMOS 12 MESES) (a),13079179319.13,8936431,Ceará
2025,1,CE,RGF-Anexo 01,DespesaComPessoalAtivoBruta,Pessoal Ativo,INSCRITAS EM RESTOS A PAGAR NÃO PROCESSADOS (b),9066771.85,8936431,Ceará
2025,1,CE,RGF-Anexo 01,DespesaComPessoalInativoEPensionistasBruta,Pessoal Inativo e Pensionistas,<MR-11>,527908513.16,8936431,Ceará
2025,1,CE,RGF-Anexo 01,DespesaComPessoalInativoEPensionistasBruta,Pessoal Inativo e Pensionistas,<MR-10>,354120267.11,8936431,Ceará
2025,1,CE,RGF-Anexo 01,DespesaComPessoalInativoEPensionistasBruta,Pessoal Inativo e Pensionistas,<MR-9>,383728566.77,8936431,Ceará
2025,1,CE,RGF-Anexo 01,DespesaComPessoalInativoEPensionistasBruta,Pessoal Inativo e Pensionistas,<MR-8>,372252093.75,8936431,Ceará
2025,1,CE,RGF-Anexo 01,DespesaComPessoalInativoEPensionistasBruta,Pessoal Inativo e Pensionistas,<MR-7>,380489943.52,8936431,Ceará
2025,1,CE,RGF-Anexo 01,DespesaComPessoalInativoEPensionistasBruta,Pessoal Inativo e Pensionistas,<MR-6>,376477291.89,8936431,Ceará
2025,1,CE,RGF-Anexo 01,DespesaComPessoalInativoEPensionistasBruta,Pessoal Inativo e Pensionistas,<MR-5>,378765902.92,8936431,Ceará
2025,1,CE,RGF-Anexo 01,DespesaComPessoalInativoEPensionistasBruta,Pessoal Inativo e Pensionistas,<MR-4>,577470396.27,8936431,Ceará
2025,1,CE,RGF-Anexo 01,DespesaComPessoalInativoEPensionistasBruta,Pessoal Inativo e Pensionistas,<MR-3>,381507658.25,8936431,Ceará
2025,1,CE,RGF-Anexo 01,DespesaComPessoalInativoEPensionistasBruta,Pessoal Inativo e Pensionistas,<MR-2>,381591265.4,8936431,Ceará
2025,1,CE,RGF-Anexo 01,DespesaComPessoalInativoEPensionistasBruta,Pessoal Inativo e Pensionistas,<MR-1>,381719794.2,8936431,Ceará
2025,1,CE,RGF-Anexo 01,DespesaComPessoalInativoEPensionistasBruta,Pessoal Inativo e Pensionistas,<MR>,430745579.14,8936431,Ceará
2025,1,CE,RGF-Anexo 01,DespesaComPessoalInativoEPensionistasBruta,Pessoal Inativo e Pensionistas,TOTAL (ÚLTIMOS 12 MESES) (a),4926777272.38,8936431,Ceará
2025,1,CE,RGF-Anexo 01,DespesaComPessoalLiquida,DESPESA LÍQUIDA COM PESSOAL (III) = (I - II),<MR-11>,1558881441.34,8936431,Ceará
2025,1,CE,RGF-Anexo 01,DespesaComPessoalLiquida,DESPESA LÍQUIDA COM PESSOAL (III) = (I - II),<MR-10>,1094720864.92,8936431,Ceará
2025,1,CE,RGF-Anexo 01,DespesaComPessoalLiquida,DESPESA LÍQUIDA COM PESSOAL (III) = (I - II),<MR-9>,1165476348.99,8936431,Ceará
2025,1,CE,RGF-Anexo 01,DespesaComPessoalLiquida,DESPESA LÍQUIDA COM PESSOAL (III) = (I - II),<MR-8>,1164915435.17,8936431,Ceará
2025,1,CE,RGF-Anexo 01,DespesaComPessoalLiquida,DESPESA LÍQUIDA COM PESSOAL (III) = (I - II),<MR-7>,1159661821.71,8936431,Ceará
2025,1,CE,RGF-Anexo 01,DespesaComPessoalLiquida,DESPESA LÍQUIDA COM PESSOAL (III) = (I - II),<MR-6>,1184189238.14,8936431,Ceará
2025,1,CE,RGF-Anexo 01,DespesaComPessoalLiquida,DESPESA LÍQUIDA COM PESSOAL (III) = (I - II),<MR-5>,1159928341.98,8936431,Ceará
2025,1,CE,RGF-Anexo 01,DespesaComPessoalLiquida,DESPESA LÍQUIDA COM PESSOAL (III) = (I - II),<MR-4>,1764162491.75,8936431,Ceará
2025,1,CE,RGF-Anexo 01,DespesaComPessoalLiquida,DESPESA LÍQUIDA COM PESSOAL (III) = (I - II),<MR-3>,1087593043.45,8936431,Ceará
2025,1,CE,RGF-Anexo 01,DespesaComPessoalLiquida,DESPESA LÍQUIDA COM PESSOAL (III) = (I - II),<MR-2>,1210152370.62,8936431,Ceará
2025,1,CE,RGF-Anexo 01,DespesaComPessoalLiquida,DESPESA LÍQUIDA COM PESSOAL (III) = (I - II),<MR-1>,1206097147.99,8936431,Ceará
2025,1,CE,RGF-Anexo 01,DespesaComPessoalLiquida,DESPESA LÍQUIDA COM PESSOAL (III) = (I - II),<MR>,1281902595.87,8936431,Ceará
2025,1,CE,RGF-Anexo 01,DespesaComPessoalLiquida,DESPESA LÍQUIDA COM PESSOAL (III) = (I - II),TOTAL (ÚLTIMOS 12 MESES) (a),15037681141.93,8936431,Ceará
2025,1,CE,RGF-Anexo 01,DespesaComPessoalLiquida,DESPESA LÍQUIDA COM PESSOAL (III) = (I - II),INSCRITAS EM RESTOS A PAGAR NÃO PROCESSADOS (b),89537335.27,8936431,Ceará
2025,1,CE,RGF-Anexo 01,ReceitaCorrenteLiquidaLimiteLegal,RECEITA CORRENTE LIQUIDA - RCL (IV),Valor,36471165143.43,8936431,Ceará
2025,1,CE,RGF-Anexo 01,DespesaComPessoalTotal,DESPESA TOTAL COM PESSOAL - DTP (VI) = (IIIa + IIIb),Valor,15127218477.2,8936431,Ceará
2025,1,CE,RGF-Anexo 01,DespesaComPessoalTotal,DESPESA TOTAL COM PESSOAL - DTP (VI) = (IIIa + IIIb),% sobre a RCL Ajustada,41.7,8936431,Ceará
2025,1,CE,RGF-Anexo 02,DividaConsolidada,DÍVIDA CONSOLIDADA - DC (I),SALDO DO EXERCÍCIO ANTERIOR,18954882256.77,8936431,Ceará
2025,1,CE,RGF-Anexo 02,DividaConsolidada,DÍVIDA CONSOLIDADA - DC (I),Até o 1º Quadrimestre,18052058975.07,8936431,Ceará
2025,1,CE,RGF-Anexo 02,DividaContratual,Dívida Contratual,SALDO DO EXERCÍCIO ANTERIOR,18091922219.78,8936431,Ceará
2025,1,CE,RGF-Anexo 02,DividaContratual,Dívida Contratual,Até o 1º Quadrimestre,17071198060.54,8936431,Ceará
2025,1,CE,RGF-Anexo 02,DividaConsolidadaLiquida,DÍVIDA CONSOLIDADA LÍQUIDA (DCL) (III) = (I - II),SALDO DO EXERCÍCIO ANTERIOR,12222795920.04,8936431,Ceará
2025,1,CE,RGF-Anexo 02,DividaConsolidadaLiquida,DÍVIDA CONSOLIDADA LÍQUIDA (DCL) (III) = (I - II),Até o 1º Quadrimestre,9855517253.37,8936431,Ceará
2025,2,CE,RGF-Anexo 01,DespesaComPessoalBruta,DESPESA BRUTA COM PESSOAL (I),<MR-11>,1469396886.51,8936431,Ceará
2025,2,CE,RGF-Anexo 01,DespesaComPessoalBruta,DESPESA BRUTA COM PESSOAL (I),<MR-10>,1491151567.02,8936431,Ceará
2025,2,CE,RGF-Anexo 01,DespesaComPessoalBruta,DESPESA BRUTA COM PESSOAL (I),<MR-9>,1473611968.82,8936431,Ceará
2025,2,CE,RGF-Anexo 01,DespesaComPessoalBruta,DESPESA BRUTA COM PESSOAL (I),<MR-8>,2307254757.86,8936431,Ceará
2025,2,CE,RGF-Anexo 01,DespesaComPessoalBruta,DESPESA BRUTA COM PESSOAL (I),<MR-7>,1314975403.55,8936431,Ceará
2025,2,CE,RGF-Anexo 01,DespesaComPessoalBruta,DESPESA BRUTA COM PESSOAL (I),<MR-6>,1493603190.36,8936431,Ceará
2025,2,CE,RGF-Anexo 01,DespesaComPessoalBruta,DESPESA BRUTA COM PESSOAL (I),<MR-5>,1488469033.13,8936431,Ceará
2025,2,CE,RGF-Anexo 01,DespesaComPessoalBruta,DESPESA BRUTA COM PESSOAL (I),<MR-4>,1612025994.39,8936431,Ceará
2025,2,CE,RGF-Anexo 01,DespesaComPessoalBruta,DESPESA BRUTA COM PESSOAL (I),<MR-3>,1664123617.22,8936431,Ceará
2025,2,CE,RGF-Anexo 01,DespesaComPessoalBruta,DESPESA BRUTA COM PESSOAL (I),<MR-2>,2130426684.14,8936431,Ceará
2025,2,CE,RGF-Anexo 01,DespesaComPessoalBruta,DESPESA BRUTA COM PESSOAL (I),<MR-1>,1623702235.43,8936431,Ceará
2025,2,CE,RGF-Anexo 01,DespesaComPessoalBruta,DESPESA BRUTA COM PESSOAL (I),<MR>,1825395731.14,8936431,Ceará
2025,2,CE,RGF-Anexo 01,DespesaComPessoalBruta,DESPESA BRUTA COM PESSOAL (I),TOTAL (ÚLTIMOS 12 MESES) (a),19894137069.57,8936431,Ceará
2025,2,CE,RGF-Anexo 01,DespesaComPessoalBruta,DESPESA BRUTA COM PESSOAL (I),INSCRITAS EM RESTOS A PAGAR NÃO PROCESSADOS (b),90279246.7,8936431,Ceará
2025,2,CE,RGF-Anexo 01,DespesaComPessoalAtivoBruta,Pessoal Ativo,<MR-11>,1007502244.57,8936431,Ceará
2025,2,CE,RGF-Anexo 01,DespesaComPessoalAtivoBruta,Pessoal Ativo,<MR-10>,1029478916.95,8936431,Ceará
2025,2,CE,RGF-Anexo 01,DespesaComPessoalAtivoBruta,Pessoal Ativo,<MR-9>,999290567.82,8936431,Ceará
2025,2,CE,RGF-Anexo 01,DespesaComPessoalAtivoBruta,Pessoal Ativo,<MR-8>,1638826559.68,8936431,Ceará
2025,2,CE,RGF-Anexo 01,DespesaComPessoalAtivoBruta,Pessoal Ativo,<MR-7>,927109297.4,8936431,Ceará
2025,2,CE,RGF-Anexo 01,DespesaComPessoalAtivoBruta,Pessoal Ativo,<MR-6>,1041446156.93,8936431,Ceará
2025,2,CE,RGF-Anexo 01,DespesaComPessoalAtivoBruta,Pessoal Ativo,<MR-5>,1039148964.87,8936431,Ceará
2025,2,CE,RGF-Anexo 01,DespesaComPessoalAtivoBruta,Pessoal Ativo,<MR-4>,1101551774.31,8936431,Ceará
2025,2,CE,RGF-Anexo 01,DespesaComPessoalAtivoBruta,Pessoal Ativo,<MR-3>,1172064304.32,8936431,Ceará
2025,2,CE,RGF-Anexo 01,DespesaComPessoalAtivoBruta,Pessoal Ativo,<MR-2>,1451936098.65,8936431,Ceará
2025,2,CE,RGF-Anexo 01,DespesaComPessoalAtivoBruta,Pessoal Ativo,<MR-1>,1135815895.64,8936431,Ceará
2025,2,CE,RGF-Anexo 01,DespesaComPessoalAtivoBruta,Pessoal Ativo,<MR>,1318562081.58,8936431,Ceará
2025,2,CE,RGF-Anexo 01,DespesaComPessoalAtivoBruta,Pessoal Ativo,TOTAL (ÚLTIMOS 12 MESES) (a),13862732862.72,8936431,Ceará
2025,2,CE,RGF-Anexo 01,DespesaComPessoalAtivoBruta,Pessoal Ativo,INSCRITAS EM RESTOS A PAGAR NÃO PROCESSADOS (b),9066771.85,8936431,Ceará
2025,2,CE,RGF-Anexo 01,DespesaComPessoalInativoEPensionistasBruta,Pessoal Inativo e Pensionistas,<MR-11>,380489943.52,8936431,Ceará
2025,2,CE,RGF-Anexo 01,DespesaComPessoalInativoEPensionistasBruta,Pessoal Inativo e Pensionistas,<MR-10>,376477291.89,8936431,Ceará
2025,2,CE,RGF-Anexo 01,DespesaComPessoalInativoEPensionistasBruta,Pessoal Inativo e Pensionistas,<MR-9>,378765902.92,8936431,Ceará
2025,2,CE,RGF-Anexo 01,DespesaComPessoalInativoEPensionistasBruta,Pessoal Inativo e Pensionistas,<MR-8>,577470396.27,8936431,Ceará
2025,2,CE,RGF-Anexo 01,DespesaComPessoalInativoEPensionistasBruta,Pessoal Inativo e Pensionistas,<MR-7>,381507658.25,8936431,Ceará
2025,2,CE,RGF-Anexo 01,DespesaComPessoalInativoEPensionistasBruta,Pessoal Inativo e Pensionistas,<MR-6>,381591265.4,8936431,Ceará
2025,2,CE,RGF-Anexo 01,DespesaComPessoalInativoEPensionistasBruta,Pessoal Inativo e Pensionistas,<MR-5>,381719794.2,8936431,Ceará
2025,2,CE,RGF-Anexo 01,DespesaComPessoalInativoEPensionistasBruta,Pessoal Inativo e Pensionistas,<MR-4>,430745579.14,8936431,Ceará
2025,2,CE,RGF-Anexo 01,DespesaComPessoalInativoEPensionistasBruta,Pessoal Inativo e Pensionistas,<MR-3>,411239440.05,8936431,Ceará
2025,2,CE,RGF-Anexo 01,DespesaComPessoalInativoEPensionistasBruta,Pessoal Inativo e Pensionistas,<MR-2>,602701488.41,8936431,Ceará
2025,2,CE,RGF-Anexo 01,DespesaComPessoalInativoEPensionistasBruta,Pessoal Inativo e Pensionistas,<MR-1>,409958088.42,8936431,Ceará
2025,2,CE,RGF-Anexo 01,DespesaComPessoalInativoEPensionistasBruta,Pessoal Inativo e Pensionistas,<MR>,429627949.72,8936431,Ceará
2025,2,CE,RGF-Anexo 01,DespesaComPessoalInativoEPensionistasBruta,Pessoal Inativo e Pensionistas,TOTAL (ÚLTIMOS 12 MESES) (a),5142294798.19,8936431,Ceará
2025,2,CE,RGF-Anexo 01,DespesaComPessoalLiquida,DESPESA LÍQUIDA COM PESSOAL (III) = (I - II),<MR-11>,1159661821.71,8936431,Ceará
2025,2,CE,RGF-Anexo 01,DespesaComPessoalLiquida,DESPESA LÍQUIDA COM PESSOAL (III) = (I - II),<MR-10>,1184189238.14,8936431,Ceará
2025,2,CE,RGF-Anexo 01,DespesaComPessoalLiquida,DESPESA LÍQUIDA COM PESSOAL (III) = (I - II),<MR-9>,1159928341.98,8936431,Ceará
2025,2,CE,RGF-Anexo 01,DespesaComPessoalLiquida,DESPESA LÍQUIDA COM PESSOAL (III) = (I - II),<MR-8>,1764162491.75,8936431,Ceará
2025,2,CE,RGF-Anexo 01,DespesaComPessoalLiquida,DESPESA LÍQUIDA COM PESSOAL (III) = (I - II),<MR-7>,1087593043.45,8936431,Ceará
2025,2,CE,RGF-Anexo 01,DespesaComPessoalLiquida,DESPESA LÍQUIDA COM PESSOAL (III) = (I - II),<MR-6>,1209972714.29,8936431,Ceará
2025,2,CE,RGF-Anexo 01,DespesaComPessoalLiquida,DESPESA LÍQUIDA COM PESSOAL (III) = (I - II),<MR-5>,1205677145.16,8936431,Ceará
2025,2,CE,RGF-Anexo 01,DespesaComPessoalLiquida,DESPESA LÍQUIDA COM PESSOAL (III) = (I - II),<MR-4>,1281682570.34,8936431,Ceará
2025,2,CE,RGF-Anexo 01,DespesaComPessoalLiquida,DESPESA LÍQUIDA COM PESSOAL (III) = (I - II),<MR-3>,1293911915.98,8936431,Ceará
2025,2,CE,RGF-Anexo 01,DespesaComPessoalLiquida,DESPESA LÍQUIDA COM PESSOAL (III) = (I - II),<MR-2>,1829556089.58,8936431,Ceará
2025,2,CE,RGF-Anexo 01,DespesaComPessoalLiquida,DESPESA LÍQUIDA COM PESSOAL (III) = (I - II),<MR-1>,1304772217.63,8936431,Ceará
2025,2,CE,RGF-Anexo 01,DespesaComPessoalLiquida,DESPESA LÍQUIDA COM PESSOAL (III) = (I - II),<MR>,1263721442.83,8936431,Ceará
2025,2,CE,RGF-Anexo 01,DespesaComPessoalLiquida,DESPESA LÍQUIDA COM PESSOAL (III) = (I - II),TOTAL (ÚLTIMOS 12 MESES) (a),15744829032.84,8936431,Ceará
2025,2,CE,RGF-Anexo 01,DespesaComPessoalLiquida,DESPESA LÍQUIDA COM PESSOAL (III) = (I - II),INSCRITAS EM RESTOS A PAGAR NÃO PROCESSADOS (b),89537335.27,8936431,Ceará
2025,2,CE,RGF-Anexo 01,ReceitaCorrenteLiquidaLimiteLegal,RECEITA CORRENTE LIQUIDA - RCL (IV),Valor,38124082863.08,8936431,Ceará
2025,2,CE,RGF-Anexo 01,DespesaComPessoalTotal,DESPESA TOTAL COM PESSOAL - DTP (VI) = (IIIa + IIIb),Valor,15834366368.11,8936431,Ceará
2025,2,CE,RGF-Anexo 01,DespesaComPessoalTotal,DESPESA TOTAL COM PESSOAL - DTP (VI) = (IIIa + IIIb),% sobre a RCL Ajustada,41.59,8936431,Ceará
2025,2,CE,RGF-Anexo 02,DividaConsolidada,DÍVIDA CONSOLIDADA - DC (I),SALDO DO EXERCÍCIO ANTERIOR,18954882256.77,8936431,Ceará
2025,2,CE,RGF-Anexo 02,DividaConsolidada,DÍVIDA CONSOLIDADA - DC (I),Até o 1º Quadrimestre,18052058975.07,8936431,Ceará
2025,2,CE,RGF-Anexo 02,DividaConsolidada,DÍVIDA CONSOLIDADA - DC (I),Até o 2º Quadrimestre,18936859850.26,8936431,Ceará
2025,2,CE,RGF-Anexo 02,DividaContratual,Dívida Contratual,SALDO DO EXERCÍCIO ANTERIOR,18091922219.78,8936431,Ceará
2025,2,CE,RGF-Anexo 02,DividaContratual,Dívida Contratual,Até o 1º Quadrimestre,17071198060.54,8936431,Ceará
2025,2,CE,RGF-Anexo 02,DividaContratual,Dívida Contratual,Até o 2º Quadrimestre,18073899813.27,8936431,Ceará
2025,2,CE,RGF-Anexo 02,DividaConsolidadaLiquida,DÍVIDA CONSOLIDADA LÍQUIDA (DCL) (III) = (I - II),SALDO DO EXERCÍCIO ANTERIOR,11939736644.7,8936431,Ceará
2025,2,CE,RGF-Anexo 02,DividaConsolidadaLiquida,DÍVIDA CONSOLIDADA LÍQUIDA (DCL) (III) = (I - II),Até o 1º Quadrimestre,9686929703.35,8936431,Ceará
2025,2,CE,RGF-Anexo 02,DividaConsolidadaLiquida,DÍVIDA CONSOLIDADA LÍQUIDA (DCL) (III) = (I - II),Até o 2º Quadrimestre,9932117325.8,8936431,Ceará
2025,3,CE,RGF-Anexo 01,DespesaComPessoalBruta,DESPESA BRUTA COM PESSOAL (I),<MR-11>,1314975403.55,8936431,Ceará
2025,3,CE,RGF-Anexo 01,DespesaComPessoalBruta,DESPESA BRUTA COM PESSOAL (I),<MR-10>,1493603190.36,8936431,Ceará
2025,3,CE,RGF-Anexo 01,DespesaComPessoalBruta,DESPESA BRUTA COM PESSOAL (I),<MR-9>,1488469033.13,8936431,Ceará
2025,3,CE,RGF-Anexo 01,DespesaComPessoalBruta,DESPESA BRUTA COM PESSOAL (I),<MR-8>,1612025994.39,8936431,Ceará
2025,3,CE,RGF-Anexo 01,DespesaComPessoalBruta,DESPESA BRUTA COM PESSOAL (I),<MR-7>,1664123617.22,8936431,Ceará
2025,3,CE,RGF-Anexo 01,DespesaComPessoalBruta,DESPESA BRUTA COM PESSOAL (I),<MR-6>,2130426684.14,8936431,Ceará
2025,3,CE,RGF-Anexo 01,DespesaComPessoalBruta,DESPESA BRUTA COM PESSOAL (I),<MR-5>,1623702235.43,8936431,Ceará
2025,3,CE,RGF-Anexo 01,DespesaComPessoalBruta,DESPESA BRUTA COM PESSOAL (I),<MR-4>,1825395731.14,8936431,Ceará
2025,3,CE,RGF-Anexo 01,DespesaComPessoalBruta,DESPESA BRUTA COM PESSOAL (I),<MR-3>,1637196108.67,8936431,Ceará
2025,3,CE,RGF-Anexo 01,DespesaComPessoalBruta,DESPESA BRUTA COM PESSOAL (I),<MR-2>,1605418045.86,8936431,Ceará
2025,3,CE,RGF-Anexo 01,DespesaComPessoalBruta,DESPESA BRUTA COM PESSOAL (I),<MR-1>,1615218622.88,8936431,Ceará
2025,3,CE,RGF-Anexo 01,DespesaComPessoalBruta,DESPESA BRUTA COM PESSOAL (I),<MR>,2430000793.51,8936431,Ceará
2025,3,CE,RGF-Anexo 01,DespesaComPessoalBruta,DESPESA BRUTA COM PESSOAL (I),TOTAL (ÚLTIMOS 12 MESES) (a),20440555460.28,8936431,Ceará
2025,3,CE,RGF-Anexo 01,DespesaComPessoalBruta,DESPESA BRUTA COM PESSOAL (I),INSCRITAS EM RESTOS A PAGAR NÃO PROCESSADOS (b),161906421.34,8936431,Ceará
2025,3,CE,RGF-Anexo 01,DespesaComPessoalAtivoBruta,Pessoal Ativo,<MR-11>,927109297.4,8936431,Ceará
2025,3,CE,RGF-Anexo 01,DespesaComPessoalAtivoBruta,Pessoal Ativo,<MR-10>,1041446156.93,8936431,Ceará
2025,3,CE,RGF-Anexo 01,DespesaComPessoalAtivoBruta,Pessoal Ativo,<MR-9>,1039148964.87,8936431,Ceará
2025,3,CE,RGF-Anexo 01,DespesaComPessoalAtivoBruta,Pessoal Ativo,<MR-8>,1101551774.31,8936431,Ceará
2025,3,CE,RGF-Anexo 01,DespesaComPessoalAtivoBruta,Pessoal Ativo,<MR-7>,1172064304.32,8936431,Ceará
2025,3,CE,RGF-Anexo 01,DespesaComPessoalAtivoBruta,Pessoal Ativo,<MR-6>,1451936098.65,8936431,Ceará
2025,3,CE,RGF-Anexo 01,DespesaComPessoalAtivoBruta,Pessoal Ativo,<MR-5>,1135815895.64,8936431,Ceará
2025,3,CE,RGF-Anexo 01,DespesaComPessoalAtivoBruta,Pessoal Ativo,<MR-4>,1318562081.58,8936431,Ceará
2025,3,CE,RGF-Anexo 01,DespesaComPessoalAtivoBruta,Pessoal Ativo,<MR-3>,1131360297.27,8936431,Ceará
2025,3,CE,RGF-Anexo 01,DespesaComPessoalAtivoBruta,Pessoal Ativo,<MR-2>,1074043775.74,8936431,Ceará
2025,3,CE,RGF-Anexo 01,DespesaComPessoalAtivoBruta,Pessoal Ativo,<MR-1>,1074439921.29,8936431,Ceará
2025,3,CE,RGF-Anexo 01,DespesaComPessoalAtivoBruta,Pessoal Ativo,<MR>,1649510512.84,8936431,Ceará
2025,3,CE,RGF-Anexo 01,DespesaComPessoalAtivoBruta,Pessoal Ativo,TOTAL (ÚLTIMOS 12 MESES) (a),14116989080.84,8936431,Ceará
2025,3,CE,RGF-Anexo 01,DespesaComPessoalAtivoBruta,Pessoal Ativo,INSCRITAS EM RESTOS A PAGAR NÃO PROCESSADOS (b),57461598.02,8936431,Ceará
2025,3,CE,RGF-Anexo 01,DespesaComPessoalInativoEPensionistasBruta,Pessoal Inativo e Pensionistas,<MR-11>,381507658.25,8936431,Ceará
2025,3,CE,RGF-Anexo 01,DespesaComPessoalInativoEPensionistasBruta,Pessoal Inativo e Pensionistas,<MR-10>,381591265.4,8936431,Ceará
2025,3,CE,RGF-Anexo 01,DespesaComPessoalInativoEPensionistasBruta,Pessoal Inativo e Pensionistas,<MR-9>,381719794.2,8936431,Ceará
2025,3,CE,RGF-Anexo 01,DespesaComPessoalInativoEPensionistasBruta,Pessoal Inativo e Pensionistas,<MR-8>,430745579.14,8936431,Ceará
2025,3,CE,RGF-Anexo 01,DespesaComPessoalInativoEPensionistasBruta,Pessoal Inativo e Pensionistas,<MR-7>,411239440.05,8936431,Ceará
2025,3,CE,RGF-Anexo 01,DespesaComPessoalInativoEPensionistasBruta,Pessoal Inativo e Pensionistas,<MR-6>,602701488.41,8936431,Ceará
2025,3,CE,RGF-Anexo 01,DespesaComPessoalInativoEPensionistasBruta,Pessoal Inativo e Pensionistas,<MR-5>,409958088.42,8936431,Ceará
2025,3,CE,RGF-Anexo 01,DespesaComPessoalInativoEPensionistasBruta,Pessoal Inativo e Pensionistas,<MR-4>,429627949.72,8936431,Ceará
2025,3,CE,RGF-Anexo 01,DespesaComPessoalInativoEPensionistasBruta,Pessoal Inativo e Pensionistas,<MR-3>,430246597.24,8936431,Ceará
2025,3,CE,RGF-Anexo 01,DespesaComPessoalInativoEPensionistasBruta,Pessoal Inativo e Pensionistas,<MR-2>,447267515.11,8936431,Ceará
2025,3,CE,RGF-Anexo 01,DespesaComPessoalInativoEPensionistasBruta,Pessoal Inativo e Pensionistas,<MR-1>,455564818.18,8936431,Ceará
2025,3,CE,RGF-Anexo 01,DespesaComPessoalInativoEPensionistasBruta,Pessoal Inativo e Pensionistas,<MR>,691341760.76,8936431,Ceará
2025,3,CE,RGF-Anexo 01,DespesaComPessoalInativoEPensionistasBruta,Pessoal Inativo e Pensionistas,TOTAL (ÚLTIMOS 12 MESES) (a),5453511954.88,8936431,Ceará
2025,3,CE,RGF-Anexo 01,DespesaComPessoalLiquida,DESPESA LÍQUIDA COM PESSOAL (III) = (I - II),<MR-11>,1076605419.71,8936431,Ceará
2025,3,CE,RGF-Anexo 01,DespesaComPessoalLiquida,DESPESA LÍQUIDA COM PESSOAL (III) = (I - II),<MR-10>,1185548431.31,8936431,Ceará
2025,3,CE,RGF-Anexo 01,DespesaComPessoalLiquida,DESPESA LÍQUIDA COM PESSOAL (III) = (I - II),<MR-9>,1197800253.75,8936431,Ceará
2025,3,CE,RGF-Anexo 01,DespesaComPessoalLiquida,DESPESA LÍQUIDA COM PESSOAL (III) = (I - II),<MR-8>,1274298326.37,8936431,Ceará
2025,3,CE,RGF-Anexo 01,DespesaComPessoalLiquida,DESPESA LÍQUIDA COM PESSOAL (III) = (I - II),<MR-7>,1289221359.91,8936431,Ceará
2025,3,CE,RGF-Anexo 01,DespesaComPessoalLiquida,DESPESA LÍQUIDA COM PESSOAL (III) = (I - II),<MR-6>,1826111492.58,8936431,Ceará
2025,3,CE,RGF-Anexo 01,DespesaComPessoalLiquida,DESPESA LÍQUIDA COM PESSOAL (III) = (I - II),<MR-5>,1301599561.7,8936431,Ceará
2025,3,CE,RGF-Anexo 01,DespesaComPessoalLiquida,DESPESA LÍQUIDA COM PESSOAL (III) = (I - II),<MR-4>,1259075062.12,8936431,Ceará
2025,3,CE,RGF-Anexo 01,DespesaComPessoalLiquida,DESPESA LÍQUIDA COM PESSOAL (III) = (I - II),<MR-3>,1298660316.38,8936431,Ceará
2025,3,CE,RGF-Anexo 01,DespesaComPessoalLiquida,DESPESA LÍQUIDA COM PESSOAL (III) = (I - II),<MR-2>,1265588336.33,8936431,Ceará
2025,3,CE,RGF-Anexo 01,DespesaComPessoalLiquida,DESPESA LÍQUIDA COM PESSOAL (III) = (I - II),<MR-1>,1287586427.37,8936431,Ceará
2025,3,CE,RGF-Anexo 01,DespesaComPessoalLiquida,DESPESA LÍQUIDA COM PESSOAL (III) = (I - II),<MR>,1699486721.37,8936431,Ceará
2025,3,CE,RGF-Anexo 01,DespesaComPessoalLiquida,DESPESA LÍQUIDA COM PESSOAL (III) = (I - II),TOTAL (ÚLTIMOS 12 MESES) (a),15961581708.9,8936431,Ceará
2025,3,CE,RGF-Anexo 01,DespesaComPessoalLiquida,DESPESA LÍQUIDA COM PESSOAL (III) = (I - II),INSCRITAS EM RESTOS A PAGAR NÃO PROCESSADOS (b),160863221.02,8936431,Ceará
2025,3,CE,RGF-Anexo 01,ReceitaCorrenteLiquidaLimiteLegal,RECEITA CORRENTE LIQUIDA - RCL (IV),Valor,39618216873.59,8936431,Ceará
2025,3,CE,RGF-Anexo 01,DespesaComPessoalTotal,DESPESA TOTAL COM PESSOAL - DTP (VI) = (IIIa + IIIb),Valor,16122444929.92,8936431,Ceará
2025,3,CE,RGF-Anexo 01,DespesaComPessoalTotal,DESPESA TOTAL COM PESSOAL - DTP (VI) = (IIIa + IIIb),% sobre a RCL Ajustada,40.9,8936431,Ceará
2025,3,CE,RGF-Anexo 02,DividaConsolidada,DÍVIDA CONSOLIDADA - DC (I),SALDO DO EXERCÍCIO ANTERIOR,18954882256.77,8936431,Ceará
2025,3,CE,RGF-Anexo 02,DividaConsolidada,DÍVIDA CONSOLIDADA - DC (I),Até o 1º Quadrimestre,18052058975.07,8936431,Ceará
2025,3,CE,RGF-Anexo 02,DividaConsolidada,DÍVIDA CONSOLIDADA - DC (I),Até o 2º Quadrimestre,18936859850.26,8936431,Ceará
2025,3,CE,RGF-Anexo 02,DividaConsolidada,DÍVIDA CONSOLIDADA - DC (I),Até o 3º Quadrimestre,19769020293.28,8936431,Ceará
2025,3,CE,RGF-Anexo 02,DividaContratual,Dívida Contratual,SALDO DO EXERCÍCIO ANTERIOR,18091922219.78,8936431,Ceará
2025,3,CE,RGF-Anexo 02,DividaContratual,Dívida Contratual,Até o 1º Quadrimestre,17071198060.54,8936431,Ceará
2025,3,CE,RGF-Anexo 02,DividaContratual,Dívida Contratual,Até o 2º Quadrimestre,18073899813.27,8936431,Ceará
2025,3,CE,RGF-Anexo 02,DividaContratual,Dívida Contratual,Até o 3º Quadrimestre,19203829256.68,8936431,Ceará
2025,3,CE,RGF-Anexo 02,DividaConsolidadaLiquida,DÍVIDA CONSOLIDADA LÍQUIDA (DCL) (III) = (I - II),SALDO DO EXERCÍCIO ANTERIOR,12002714794.04,8936431,Ceará
2025,3,CE,RGF-Anexo 02,DividaConsolidadaLiquida,DÍVIDA CONSOLIDADA LÍQUIDA (DCL) (III) = (I - II),Até o 1º Quadrimestre,9686929703.35,8936431,Ceará
2025,3,CE,RGF-Anexo 02,DividaConsolidadaLiquida,DÍVIDA CONSOLIDADA LÍQUIDA (DCL) (III) = (I - II),Até o 2º Quadrimestre,9932117325.8,8936431,Ceará
2025,3,CE,RGF-Anexo 02,DividaConsolidadaLiquida,DÍVIDA CONSOLIDADA LÍQUIDA (DCL) (III) = (I - II),Até o 3º Quadrimestre,11968573704.41,8936431,Ceará
