exercicio,demonstrativo,periodo,periodicidade,instituicao,cod_ibge,uf,populacao,anexo,esfera,rotulo,coluna,cod_conta,conta,valor,uf_nome
2015,RREO,1,B,Governo do Estado da Bahia,29,BA,15126371,RREO-Anexo 01,E,,Até o Bimestre (c),TransferenciasCorrentes,TRANSFERÊNCIAS CORRENTES,2111456685.82,Bahia
2015,RREO,1,B,Governo do Estado da Bahia,29,BA,15126371,RREO-Anexo 01,E,,Até o Bimestre (c),TransferenciasCorrentesIntergovernamentais,Transferências Intergovernamentais,2101067730.75,Bahia
2015,RREO,1,B,Governo do Estado da Bahia,29,BA,15126371,RREO-Anexo 01,E,,Até o Bimestre (c),TransferenciasCorrentesDeInstituicoesPrivadas,Transferências de Instituições Privadas,8577.78,Bahia
2015,RREO,1,B,Governo do Estado da Bahia,29,BA,15126371,RREO-Anexo 01,E,,Até o Bimestre (c),TransferenciasCorrentesDeConvenios,Transferências de Convênios,10380377.29,Bahia
2015,RREO,1,B,Governo do Estado da Bahia,29,BA,15126371,RREO-Anexo 01,E,,Até o Bimestre (c),TransferenciasDeCapital,TRANSFERÊNCIAS DE CAPITAL,68453580.94,Bahia
2015,RREO,1,B,Governo do Estado da Bahia,29,BA,15126371,RREO-Anexo 01,E,,Até o Bimestre (c),TransferenciasDeCapitalDeConvenios,Transferências de Convênios,68453580.94,Bahia
2015,RREO,1,B,Governo do Estado da Bahia,29,BA,15126371,RREO-Anexo 06,E,,Até o Bimestre / 2015,RREO6TransferenciasCorrentes,Transferências Correntes,2414324275.59,Bahia
2015,RREO,1,B,Governo do Estado da Bahia,29,BA,15126371,RREO-Anexo 06,E,,Até o Bimestre / 2014,RREO6TransferenciasCorrentes,Transferências Correntes,2474119672.51,Bahia
2015,RREO,1,B,Governo do Estado da Bahia,29,BA,15126371,RREO-Anexo 06,E,,Até o Bimestre / 2015,RREO6CotaParteDoFPE,Cota-Parte do FPE,1475469457.41,Bahia
2015,RREO,1,B,Governo do Estado da Bahia,29,BA,15126371,RREO-Anexo 06,E,,Até o Bimestre / 2014,RREO6CotaParteDoFPE,Cota-Parte do FPE,1484270077.06,Bahia
2015,RREO,1,B,Governo do Estado da Bahia,29,BA,15126371,RREO-Anexo 06,E,,Até o Bimestre / 2015,RREO6OutrasTransferenciasCorrentes,Outras Transferências Correntes,928474440.89,Bahia
2015,RREO,1,B,Governo do Estado da Bahia,29,BA,15126371,RREO-Anexo 06,E,,Até o Bimestre / 2014,RREO6OutrasTransferenciasCorrentes,Outras Transferências Correntes,958250373.38,Bahia
2015,RREO,1,B,Governo do Estado da Bahia,29,BA,15126371,RREO-Anexo 06,E,,Até o Bimestre / 2015,RREO6TransferenciasDeCapital,Transferências de Capital,68453580.94,Bahia
2015,RREO,1,B,Governo do Estado da Bahia,29,BA,15126371,RREO-Anexo 06,E,,Até o Bimestre / 2014,RREO6TransferenciasDeCapital,Transferências de Capital,57407381.37,Bahia
2015,RREO,1,B,Governo do Estado da Bahia,29,BA,15126371,RREO-Anexo 06,E,,Até o Bimestre / 2014,RREO6OutrasTransferenciasDeCapital,Outras Transferências de Capital,365000.0,Bahia
2015,RREO,2,B,Governo do Estado da Bahia,29,BA,15126371,RREO-Anexo 01,E,,Até o Bimestre (c),TransferenciasCorrentes,TRANSFERÊNCIAS CORRENTES,3886698132.46,Bahia
2015,RREO,2,B,Governo do Estado da Bahia,29,BA,15126371,RREO-Anexo 01,E,,Até o Bimestre (c),TransferenciasCorrentesIntergovernamentais,Transferências Intergovernamentais,3863498291.98,Bahia
2015,RREO,2,B,Governo do Estado da Bahia,29,BA,15126371,RREO-Anexo 01,E,,Até o Bimestre (c),TransferenciasCorrentesDeInstituicoesPrivadas,Transferências de Instituições Privadas,8577.78,Bahia
2015,RREO,2,B,Governo do Estado da Bahia,29,BA,15126371,RREO-Anexo 01,E,,Até o Bimestre (c),TransferenciasCorrentesDeConvenios,Transferências de Convênios,23191262.7,Bahia
2015,RREO,2,B,Governo do Estado da Bahia,29,BA,15126371,RREO-Anexo 01,E,,Até o Bimestre (c),TransferenciasDeCapital,TRANSFERÊNCIAS DE CAPITAL,130169334.42,Bahia
2015,RREO,2,B,Governo do Estado da Bahia,29,BA,15126371,RREO-Anexo 01,E,,Até o Bimestre (c),TransferenciasDeCapitalDeConvenios,Transferências de Convênios,130169334.42,Bahia
2015,RREO,2,B,Governo do Estado da Bahia,29,BA,15126371,RREO-Anexo 06,E,,Até o Bimestre / 2015,RREO6TransferenciasCorrentes,Transferências Correntes,3886698132.46,Bahia
2015,RREO,2,B,Governo do Estado da Bahia,29,BA,15126371,RREO-Anexo 06,E,,Até o Bimestre / 2014,RREO6TransferenciasCorrentes,Transferências Correntes,3768998536.25,Bahia
2015,RREO,2,B,Governo do Estado da Bahia,29,BA,15126371,RREO-Anexo 06,E,,Até o Bimestre / 2015,RREO6CotaParteDoFPE,Cota-Parte do FPE,2083381658.66,Bahia
2015,RREO,2,B,Governo do Estado da Bahia,29,BA,15126371,RREO-Anexo 06,E,,Até o Bimestre / 2014,RREO6CotaParteDoFPE,Cota-Parte do FPE,1966306432.27,Bahia
2015,RREO,2,B,Governo do Estado da Bahia,29,BA,15126371,RREO-Anexo 06,E,,Até o Bimestre / 2015,RREO6OutrasTransferenciasCorrentes,Outras Transferências Correntes,1780125211.1,Bahia
2015,RREO,2,B,Governo do Estado da Bahia,29,BA,15126371,RREO-Anexo 06,E,,Até o Bimestre / 2014,RREO6OutrasTransferenciasCorrentes,Outras Transferências Correntes,1744702815.71,Bahia
2015,RREO,2,B,Governo do Estado da Bahia,29,BA,15126371,RREO-Anexo 06,E,,Até o Bimestre / 2015,RREO6TransferenciasDeCapital,Transferências de Capital,130169334.42,Bahia
2015,RREO,2,B,Governo do Estado da Bahia,29,BA,15126371,RREO-Anexo 06,E,,Até o Bimestre / 2014,RREO6TransferenciasDeCapital,Transferências de Capital,177103174.72,Bahia
2015,RREO,2,B,Governo do Estado da Bahia,29,BA,15126371,RREO-Anexo 06,E,,Até o Bimestre / 2014,RREO6OutrasTransferenciasDeCapital,Outras Transferências de Capital,5019274.7,Bahia
2015,RREO,3,B,Governo do Estado da Bahia,29,BA,15126371,RREO-Anexo 01,E,,Até o Bimestre (c),TransferenciasCorrentes,TRANSFERÊNCIAS CORRENTES,5944879459.04,Bahia
2015,RREO,3,B,Governo do Estado da Bahia,29,BA,15126371,RREO-Anexo 01,E,,Até o Bimestre (c),TransferenciasCorrentesIntergovernamentais,Transferências Intergovernamentais,5694483604.08,Bahia
2015,RREO,3,B,Governo do Estado da Bahia,29,BA,15126371,RREO-Anexo 01,E,,Até o Bimestre (c),TransferenciasCorrentesDeInstituicoesPrivadas,Transferências de Instituições Privadas,742977.78,Bahia
2015,RREO,3,B,Governo do Estado da Bahia,29,BA,15126371,RREO-Anexo 01,E,,Até o Bimestre (c),TransferenciasCorrentesDeConvenios,Transferências de Convênios,249652877.18,Bahia
2015,RREO,3,B,Governo do Estado da Bahia,29,BA,15126371,RREO-Anexo 01,E,,Até o Bimestre (c),TransferenciasDeCapital,TRANSFERÊNCIAS DE CAPITAL,245702881.93,Bahia
2015,RREO,3,B,Governo do Estado da Bahia,29,BA,15126371,RREO-Anexo 01,E,,Até o Bimestre (c),TransferenciasDeCapitalIntergovernamentais,Transferências Intergovernamentais,1078860.46,Bahia
2015,RREO,3,B,Governo do Estado da Bahia,29,BA,15126371,RREO-Anexo 01,E,,Até o Bimestre (c),TransferenciasDeCapitalDeConvenios,Transferências de Convênios,244624021.47,Bahia
2015,RREO,3,B,Governo do Estado da Bahia,29,BA,15126371,RREO-Anexo 06,E,,Até o Bimestre / 2015,RREO6TransferenciasCorrentes,Transferências Correntes,5944879459.04,Bahia
2015,RREO,3,B,Governo do Estado da Bahia,29,BA,15126371,RREO-Anexo 06,E,,Até o Bimestre / 2014,RREO6TransferenciasCorrentes,Transferências Correntes,5679337960.28,Bahia
2015,RREO,3,B,Governo do Estado da Bahia,29,BA,15126371,RREO-Anexo 06,E,,Até o Bimestre / 2015,RREO6CotaParteDoFPE,Cota-Parte do FPE,3161287155.38,Bahia
2015,RREO,3,B,Governo do Estado da Bahia,29,BA,15126371,RREO-Anexo 06,E,,Até o Bimestre / 2014,RREO6CotaParteDoFPE,Cota-Parte do FPE,2934436203.37,Bahia
2015,RREO,3,B,Governo do Estado da Bahia,29,BA,15126371,RREO-Anexo 06,E,,Até o Bimestre / 2015,RREO6OutrasTransferenciasCorrentes,Outras Transferências Correntes,2533939426.48,Bahia
2015,RREO,3,B,Governo do Estado da Bahia,29,BA,15126371,RREO-Anexo 06,E,,Até o Bimestre / 2014,RREO6OutrasTransferenciasCorrentes,Outras Transferências Correntes,2624875189.62,Bahia
2015,RREO,3,B,Governo do Estado da Bahia,29,BA,15126371,RREO-Anexo 06,E,,Até o Bimestre / 2015,RREO6TransferenciasDeCapital,Transferências de Capital,245702881.93,Bahia
2015,RREO,3,B,Governo do Estado da Bahia,29,BA,15126371,RREO-Anexo 06,E,,Até o Bimestre / 2014,RREO6TransferenciasDeCapital,Transferências de Capital,242366210.4,Bahia
2015,RREO,3,B,Governo do Estado da Bahia,29,BA,15126371,RREO-Anexo 06,E,,Até o Bimestre / 2015,RREO6OutrasTransferenciasDeCapital,Outras Transferências de Capital,1078860.46,Bahia
2015,RREO,3,B,Governo do Estado da Bahia,29,BA,15126371,RREO-Anexo 06,E,,Até o Bimestre / 2014,RREO6OutrasTransferenciasDeCapital,Outras Transferências de Capital,5119274.7,Bahia
2015,RREO,4,B,Governo do Estado da Bahia,29,BA,15126371,RREO-Anexo 01,E,,Até o Bimestre (c),TransferenciasCorrentes,TRANSFERÊNCIAS CORRENTES,7584119035.93,Bahia
2015,RREO,4,B,Governo do Estado da Bahia,29,BA,15126371,RREO-Anexo 01,E,,Até o Bimestre (c),TransferenciasCorrentesIntergovernamentais,Transferências Intergovernamentais,7296774668.59,Bahia
2015,RREO,4,B,Governo do Estado da Bahia,29,BA,15126371,RREO-Anexo 01,E,,Até o Bimestre (c),TransferenciasCorrentesDeInstituicoesPrivadas,Transferências de Instituições Privadas,742977.78,Bahia
2015,RREO,4,B,Governo do Estado da Bahia,29,BA,15126371,RREO-Anexo 01,E,,Até o Bimestre (c),TransferenciasCorrentesDeConvenios,Transferências de Convênios,286601389.56,Bahia
2015,RREO,4,B,Governo do Estado da Bahia,29,BA,15126371,RREO-Anexo 01,E,,Até o Bimestre (c),TransferenciasDeCapital,TRANSFERÊNCIAS DE CAPITAL,275725722.62,Bahia
2015,RREO,4,B,Governo do Estado da Bahia,29,BA,15126371,RREO-Anexo 01,E,,Até o Bimestre (c),TransferenciasDeCapitalIntergovernamentais,Transferências Intergovernamentais,1729905.24,Bahia
2015,RREO,4,B,Governo do Estado da Bahia,29,BA,15126371,RREO-Anexo 01,E,,Até o Bimestre (c),TransferenciasDeCapitalDeConvenios,Transferências de Convênios,273995817.38,Bahia
2015,RREO,4,B,Governo do Estado da Bahia,29,BA,15126371,RREO-Anexo 06,E,,Até o Bimestre / 2015,RREO6TransferenciasCorrentes,Transferências Correntes,7584119035.93,Bahia
2015,RREO,4,B,Governo do Estado da Bahia,29,BA,15126371,RREO-Anexo 06,E,,Até o Bimestre / 2014,RREO6TransferenciasCorrentes,Transferências Correntes,7428046046.75,Bahia
2015,RREO,4,B,Governo do Estado da Bahia,29,BA,15126371,RREO-Anexo 06,E,,Até o Bimestre / 2015,RREO6CotaParteDoFPE,Cota-Parte do FPE,3966972974.22,Bahia
2015,RREO,4,B,Governo do Estado da Bahia,29,BA,15126371,RREO-Anexo 06,E,,Até o Bimestre / 2014,RREO6CotaParteDoFPE,Cota-Parte do FPE,3723668758.27,Bahia
2015,RREO,4,B,Governo do Estado da Bahia,29,BA,15126371,RREO-Anexo 06,E,,Até o Bimestre / 2015,RREO6OutrasTransferenciasCorrentes,Outras Transferências Correntes,3330544672.15,Bahia
2015,RREO,4,B,Governo do Estado da Bahia,29,BA,15126371,RREO-Anexo 06,E,,Até o Bimestre / 2014,RREO6OutrasTransferenciasCorrentes,Outras Transferências Correntes,3503532313.17,Bahia
2015,RREO,4,B,Governo do Estado da Bahia,29,BA,15126371,RREO-Anexo 06,E,,Até o Bimestre / 2015,RREO6TransferenciasDeCapital,Transferências de Capital,275725722.62,Bahia
2015,RREO,4,B,Governo do Estado da Bahia,29,BA,15126371,RREO-Anexo 06,E,,Até o Bimestre / 2014,RREO6TransferenciasDeCapital,Transferências de Capital,426623541.22,Bahia
2015,RREO,4,B,Governo do Estado da Bahia,29,BA,15126371,RREO-Anexo 06,E,,Até o Bimestre / 2015,RREO6OutrasTransferenciasDeCapital,Outras Transferências de Capital,1729905.24,Bahia
2015,RREO,4,B,Governo do Estado da Bahia,29,BA,15126371,RREO-Anexo 06,E,,Até o Bimestre / 2014,RREO6OutrasTransferenciasDeCapital,Outras Transferências de Capital,8490538.7,Bahia
2015,RREO,5,B,Governo do Estado da Bahia,29,BA,15126371,RREO-Anexo 01,E,,Até o Bimestre (c),TransferenciasCorrentes,TRANSFERÊNCIAS CORRENTES,8977368836.5,Bahia
2015,RREO,5,B,Governo do Estado da Bahia,29,BA,15126371,RREO-Anexo 01,E,,Até o Bimestre (c),TransferenciasCorrentesIntergovernamentais,Transferências Intergovernamentais,8880399074.38,Bahia
2015,RREO,5,B,Governo do Estado da Bahia,29,BA,15126371,RREO-Anexo 01,E,,Até o Bimestre (c),TransferenciasCorrentesDeInstituicoesPrivadas,Transferências de Instituições Privadas,742977.78,Bahia
2015,RREO,5,B,Governo do Estado da Bahia,29,BA,15126371,RREO-Anexo 01,E,,Até o Bimestre (c),TransferenciasCorrentesDoExterior,Transferências do Exterior,9451.42,Bahia
2015,RREO,5,B,Governo do Estado da Bahia,29,BA,15126371,RREO-Anexo 01,E,,Até o Bimestre (c),TransferenciasCorrentesDeConvenios,Transferências de Convênios,96217332.92,Bahia
2015,RREO,5,B,Governo do Estado da Bahia,29,BA,15126371,RREO-Anexo 01,E,,Até o Bimestre (c),TransferenciasDeCapital,TRANSFERÊNCIAS DE CAPITAL,306975580.69,Bahia
2015,RREO,5,B,Governo do Estado da Bahia,29,BA,15126371,RREO-Anexo 01,E,,Até o Bimestre (c),TransferenciasDeCapitalIntergovernamentais,Transferências Intergovernamentais,1879905.24,Bahia
2015,RREO,5,B,Governo do Estado da Bahia,29,BA,15126371,RREO-Anexo 01,E,,Até o Bimestre (c),TransferenciasDeCapitalDeConvenios,Transferências de Convênios,305095675.45,Bahia
2015,RREO,5,B,Governo do Estado da Bahia,29,BA,15126371,RREO-Anexo 06,E,,Até o Bimestre / 2015,RREO6TransferenciasCorrentes,Transferências Correntes,8977368836.5,Bahia
2015,RREO,5,B,Governo do Estado da Bahia,29,BA,15126371,RREO-Anexo 06,E,,Até o Bimestre / 2014,RREO6TransferenciasCorrentes,Transferências Correntes,9016174288.87,Bahia
2015,RREO,5,B,Governo do Estado da Bahia,29,BA,15126371,RREO-Anexo 06,E,,Até o Bimestre / 2015,RREO6CotaParteDoFPE,Cota-Parte do FPE,4741207732.65,Bahia
2015,RREO,5,B,Governo do Estado da Bahia,29,BA,15126371,RREO-Anexo 06,E,,Até o Bimestre / 2014,RREO6CotaParteDoFPE,Cota-Parte do FPE,4461770152.74,Bahia
2015,RREO,5,B,Governo do Estado da Bahia,29,BA,15126371,RREO-Anexo 06,E,,Até o Bimestre / 2015,RREO6OutrasTransferenciasCorrentes,Outras Transferências Correntes,4139943770.93,Bahia
2015,RREO,5,B,Governo do Estado da Bahia,29,BA,15126371,RREO-Anexo 06,E,,Até o Bimestre / 2014,RREO6OutrasTransferenciasCorrentes,Outras Transferências Correntes,4309624865.41,Bahia
2015,RREO,5,B,Governo do Estado da Bahia,29,BA,15126371,RREO-Anexo 06,E,,Até o Bimestre / 2015,RREO6TransferenciasDeCapital,Transferências de Capital,306975580.69,Bahia
2015,RREO,5,B,Governo do Estado da Bahia,29,BA,15126371,RREO-Anexo 06,E,,Até o Bimestre / 2014,RREO6TransferenciasDeCapital,Transferências de Capital,579759154.83,Bahia
2015,RREO,5,B,Governo do Estado da Bahia,29,BA,15126371,RREO-Anexo 06,E,,Até o Bimestre / 2015,RREO6OutrasTransferenciasDeCapital,Outras Transferências de Capital,1879905.24,Bahia
2015,RREO,5,B,Governo do Estado da Bahia,29,BA,15126371,RREO-Anexo 06,E,,Até o Bimestre / 2014,RREO6OutrasTransferenciasDeCapital,Outras Transferências de Capital,8534538.7,Bahia
2015,RREO,6,B,Governo do Estado da Bahia,29,BA,15126371,RREO-Anexo 01,E,,Até o Bimestre (c),TransferenciasCorrentes,TRANSFERÊNCIAS CORRENTES,10874905557.16,Bahia
2015,RREO,6,B,Governo do Estado da Bahia,29,BA,15126371,RREO-Anexo 01,E,,Até o Bimestre (c),TransferenciasCorrentesIntergovernamentais,Transferências Intergovernamentais,10760440496.38,Bahia
2015,RREO,6,B,Governo do Estado da Bahia,29,BA,15126371,RREO-Anexo 01,E,,Até o Bimestre (c),TransferenciasCorrentesDeInstituicoesPrivadas,Transferências de Instituições Privadas,742977.78,Bahia
2015,RREO,6,B,Governo do Estado da Bahia,29,BA,15126371,RREO-Anexo 01,E,,Até o Bimestre (c),TransferenciasCorrentesDoExterior,Transferências do Exterior,9451.42,Bahia
2015,RREO,6,B,Governo do Estado da Bahia,29,BA,15126371,RREO-Anexo 01,E,,Até o Bimestre (c),TransferenciasCorrentesDeConvenios,Transferências de Convênios,113712631.58,Bahia
2015,RREO,6,B,Governo do Estado da Bahia,29,BA,15126371,RREO-Anexo 01,E,,Até o Bimestre (c),TransferenciasDeCapital,TRANSFERÊNCIAS DE CAPITAL,353232643.71,Bahia
2015,RREO,6,B,Governo do Estado da Bahia,29,BA,15126371,RREO-Anexo 01,E,,Até o Bimestre (c),TransferenciasDeCapitalIntergovernamentais,Transferências Intergovernamentais,17416025.24,Bahia
2015,RREO,6,B,Governo do Estado da Bahia,29,BA,15126371,RREO-Anexo 01,E,,Até o Bimestre (c),TransferenciasDeCapitalDeConvenios,Transferências de Convênios,335816618.47,Bahia
2015,RREO,6,B,Governo do Estado da Bahia,29,BA,15126371,RREO-Anexo 06,E,,Até o Bimestre / 2015,RREO6TransferenciasCorrentes,Transferências Correntes,10874905557.16,Bahia
2015,RREO,6,B,Governo do Estado da Bahia,29,BA,15126371,RREO-Anexo 06,E,,Até o Bimestre / 2014,RREO6TransferenciasCorrentes,Transferências Correntes,10795817502.34,Bahia
2015,RREO,6,B,Governo do Estado da Bahia,29,BA,15126371,RREO-Anexo 06,E,,Até o Bimestre / 2015,RREO6CotaParteDoFPE,Cota-Parte do FPE,5741613580.46,Bahia
2015,RREO,6,B,Governo do Estado da Bahia,29,BA,15126371,RREO-Anexo 06,E,,Até o Bimestre / 2014,RREO6CotaParteDoFPE,Cota-Parte do FPE,5457891568.98,Bahia
2015,RREO,6,B,Governo do Estado da Bahia,29,BA,15126371,RREO-Anexo 06,E,,Até o Bimestre / 2015,RREO6OutrasTransferenciasCorrentes,Outras Transferências Correntes,5019579345.12,Bahia
2015,RREO,6,B,Governo do Estado da Bahia,29,BA,15126371,RREO-Anexo 06,E,,Até o Bimestre / 2014,RREO6OutrasTransferenciasCorrentes,Outras Transferências Correntes,5054857429.15,Bahia
2015,RREO,6,B,Governo do Estado da Bahia,29,BA,15126371,RREO-Anexo 06,E,,Até o Bimestre / 2015,RREO6TransferenciasDeCapital,Transferências de Capital,353232643.71,Bahia
2015,RREO,6,B,Governo do Estado da Bahia,29,BA,15126371,RREO-Anexo 06,E,,Até o Bimestre / 2014,RREO6TransferenciasDeCapital,Transferências de Capital,1032724513.8,Bahia
2015,RREO,6,B,Governo do Estado da Bahia,29,BA,15126371,RREO-Anexo 06,E,,Até o Bimestre / 2015,RREO6OutrasTransferenciasDeCapital,Outras Transferências de Capital,17416025.24,Bahia
2015,RREO,6,B,Governo do Estado da Bahia,29,BA,15126371,RREO-Anexo 06,E,,Até o Bimestre / 2014,RREO6OutrasTransferenciasDeCapital,Outras Transferências de Capital,9371796.7,Bahia
2016,RREO,1,B,Governo do Estado da Bahia,29,BA,15203934,RREO-Anexo 01,E,,Até o Bimestre (c),TransferenciasCorrentes,TRANSFERÊNCIAS CORRENTES,1991690642.15,Bahia
2016,RREO,1,B,Governo do Estado da Bahia,29,BA,15203934,RREO-Anexo 01,E,,Até o Bimestre (c),TransferenciasCorrentesIntergovernamentais,Transferências Intergovernamentais,1974145190.05,Bahia
2016,RREO,1,B,Governo do Estado da Bahia,29,BA,15203934,RREO-Anexo 01,E,,Até o Bimestre (c),TransferenciasCorrentesDeConvenios,Transferências de Convênios,17545452.1,Bahia
2016,RREO,1,B,Governo do Estado da Bahia,29,BA,15203934,RREO-Anexo 01,E,,Até o Bimestre (c),TransferenciasDeCapital,TRANSFERÊNCIAS DE CAPITAL,66052024.18,Bahia
2016,RREO,1,B,Governo do Estado da Bahia,29,BA,15203934,RREO-Anexo 01,E,,Até o Bimestre (c),TransferenciasDeCapitalDeConvenios,Transferências de Convênios,66052024.18,Bahia
2016,RREO,1,B,Governo do Estado da Bahia,29,BA,15203934,RREO-Anexo 06,E,,Até o Bimestre / 2016,RREO6TransferenciasCorrentes,Transferências Correntes,1991690642.15,Bahia
2016,RREO,1,B,Governo do Estado da Bahia,29,BA,15203934,RREO-Anexo 06,E,,Até o Bimestre / 2015,RREO6TransferenciasCorrentes,Transferências Correntes,2111456685.82,Bahia
2016,RREO,1,B,Governo do Estado da Bahia,29,BA,15203934,RREO-Anexo 06,E,,Até o Bimestre / 2016,RREO6CotaParteDoFPE,Cota-Parte do FPE,1147588827.69,Bahia
2016,RREO,1,B,Governo do Estado da Bahia,29,BA,15203934,RREO-Anexo 06,E,,Até o Bimestre / 2015,RREO6CotaParteDoFPE,Cota-Parte do FPE,1180375565.96,Bahia
2016,RREO,1,B,Governo do Estado da Bahia,29,BA,15203934,RREO-Anexo 06,E,,Até o Bimestre / 2016,RREO6OutrasTransferenciasCorrentes,Outras Transferências Correntes,826556362.36,Bahia
2016,RREO,1,B,Governo do Estado da Bahia,29,BA,15203934,RREO-Anexo 06,E,,Até o Bimestre / 2015,RREO6OutrasTransferenciasCorrentes,Outras Transferências Correntes,920700742.57,Bahia
2016,RREO,1,B,Governo do Estado da Bahia,29,BA,15203934,RREO-Anexo 06,E,,Até o Bimestre / 2016,RREO6TransferenciasDeCapital,Transferências de Capital,66052024.18,Bahia
2016,RREO,1,B,Governo do Estado da Bahia,29,BA,15203934,RREO-Anexo 06,E,,Até o Bimestre / 2015,RREO6TransferenciasDeCapital,Transferências de Capital,68453580.94,Bahia
2016,RREO,1,B,Governo do Estado da Bahia,29,BA,15203934,RREO-Anexo 06,E,,Despesas Empenhadas Até o Bimestre / 2016,RREO6TransferenciasConstitucionaisELegais,Transferências Constitucionais e Legais,879499324.37,Bahia
2016,RREO,2,B,Governo do Estado da Bahia,29,BA,15203934,RREO-Anexo 01,E,,Até o Bimestre (c),TransferenciasCorrentes,TRANSFERÊNCIAS CORRENTES,3629072932.67,Bahia
2016,RREO,2,B,Governo do Estado da Bahia,29,BA,15203934,RREO-Anexo 01,E,,Até o Bimestre (c),TransferenciasCorrentesIntergovernamentais,Transferências Intergovernamentais,3568302154.58,Bahia
2016,RREO,2,B,Governo do Estado da Bahia,29,BA,15203934,RREO-Anexo 01,E,,Até o Bimestre (c),TransferenciasCorrentesDeInstituicoesPrivadas,Transferências de Instituições Privadas,1126500.16,Bahia
2016,RREO,2,B,Governo do Estado da Bahia,29,BA,15203934,RREO-Anexo 01,E,,Até o Bimestre (c),TransferenciasCorrentesDeConvenios,Transferências de Convênios,59644277.93,Bahia
2016,RREO,2,B,Governo do Estado da Bahia,29,BA,15203934,RREO-Anexo 01,E,,Até o Bimestre (c),TransferenciasDeCapital,TRANSFERÊNCIAS DE CAPITAL,167892447.89,Bahia
2016,RREO,2,B,Governo do Estado da Bahia,29,BA,15203934,RREO-Anexo 01,E,,Até o Bimestre (c),TransferenciasDeCapitalIntergovernamentais,Transferências Intergovernamentais,4646570.0,Bahia
2016,RREO,2,B,Governo do Estado da Bahia,29,BA,15203934,RREO-Anexo 01,E,,Até o Bimestre (c),TransferenciasDeCapitalDeConvenios,Transferências de Convênios,163245877.89,Bahia
2016,RREO,2,B,Governo do Estado da Bahia,29,BA,15203934,RREO-Anexo 06,E,,Até o Bimestre / 2016,RREO6TransferenciasCorrentes,Transferências Correntes,3629072932.67,Bahia
2016,RREO,2,B,Governo do Estado da Bahia,29,BA,15203934,RREO-Anexo 06,E,,Até o Bimestre / 2015,RREO6TransferenciasCorrentes,Transferências Correntes,3886698132.46,Bahia
2016,RREO,2,B,Governo do Estado da Bahia,29,BA,15203934,RREO-Anexo 06,E,,Até o Bimestre / 2016,RREO6CotaParteDoFPE,Cota-Parte do FPE,1996151220.89,Bahia
2016,RREO,2,B,Governo do Estado da Bahia,29,BA,15203934,RREO-Anexo 06,E,,Até o Bimestre / 2015,RREO6CotaParteDoFPE,Cota-Parte do FPE,2083381658.66,Bahia
2016,RREO,2,B,Governo do Estado da Bahia,29,BA,15203934,RREO-Anexo 06,E,,Até o Bimestre / 2016,RREO6OutrasTransferenciasCorrentes,Outras Transferências Correntes,1573277433.85,Bahia
2016,RREO,2,B,Governo do Estado da Bahia,29,BA,15203934,RREO-Anexo 06,E,,Até o Bimestre / 2015,RREO6OutrasTransferenciasCorrentes,Outras Transferências Correntes,1780125211.1,Bahia
2016,RREO,2,B,Governo do Estado da Bahia,29,BA,15203934,RREO-Anexo 06,E,,Até o Bimestre / 2016,RREO6TransferenciasDeCapital,Transferências de Capital,167892447.89,Bahia
2016,RREO,2,B,Governo do Estado da Bahia,29,BA,15203934,RREO-Anexo 06,E,,Até o Bimestre / 2015,RREO6TransferenciasDeCapital,Transferências de Capital,130169334.42,Bahia
2016,RREO,2,B,Governo do Estado da Bahia,29,BA,15203934,RREO-Anexo 06,E,,Até o Bimestre / 2016,RREO6OutrasTransferenciasDeCapital,Outras Transferências de Capital,4646570.0,Bahia
2016,RREO,2,B,Governo do Estado da Bahia,29,BA,15203934,RREO-Anexo 06,E,,Despesas Empenhadas Até o Bimestre / 2016,RREO6TransferenciasConstitucionaisELegais,Transferências Constitucionais e Legais,2098116526.53,Bahia
2016,RREO,3,B,Governo do Estado da Bahia,29,BA,15203934,RREO-Anexo 01,E,,Até o Bimestre (c),TransferenciasCorrentes,TRANSFERÊNCIAS CORRENTES,5640069664.46,Bahia
2016,RREO,3,B,Governo do Estado da Bahia,29,BA,15203934,RREO-Anexo 01,E,,Até o Bimestre (c),TransferenciasCorrentesIntergovernamentais,Transferências Intergovernamentais,5518425784.13,Bahia
2016,RREO,3,B,Governo do Estado da Bahia,29,BA,15203934,RREO-Anexo 01,E,,Até o Bimestre (c),TransferenciasCorrentesDeInstituicoesPrivadas,Transferências de Instituições Privadas,1202715.44,Bahia
2016,RREO,3,B,Governo do Estado da Bahia,29,BA,15203934,RREO-Anexo 01,E,,Até o Bimestre (c),TransferenciasCorrentesDeConvenios,Transferências de Convênios,120441164.89,Bahia
2016,RREO,3,B,Governo do Estado da Bahia,29,BA,15203934,RREO-Anexo 01,E,,Até o Bimestre (c),TransferenciasDeCapital,TRANSFERÊNCIAS DE CAPITAL,242716883.54,Bahia
2016,RREO,3,B,Governo do Estado da Bahia,29,BA,15203934,RREO-Anexo 01,E,,Até o Bimestre (c),TransferenciasDeCapitalIntergovernamentais,Transferências Intergovernamentais,5244330.0,Bahia
2016,RREO,3,B,Governo do Estado da Bahia,29,BA,15203934,RREO-Anexo 01,E,,Até o Bimestre (c),TransferenciasDeCapitalDeConvenios,Transferências de Convênios,237472553.54,Bahia
2016,RREO,3,B,Governo do Estado da Bahia,29,BA,15203934,RREO-Anexo 06,E,,Até o Bimestre / 2016,RREO6TransferenciasCorrentes,Transferências Correntes,5640069664.46,Bahia
2016,RREO,3,B,Governo do Estado da Bahia,29,BA,15203934,RREO-Anexo 06,E,,Até o Bimestre / 2015,RREO6TransferenciasCorrentes,Transferências Correntes,5944879459.04,Bahia
2016,RREO,3,B,Governo do Estado da Bahia,29,BA,15203934,RREO-Anexo 06,E,,Até o Bimestre / 2016,RREO6CotaParteDoFPE,Cota-Parte do FPE,3115289667.07,Bahia
2016,RREO,3,B,Governo do Estado da Bahia,29,BA,15203934,RREO-Anexo 06,E,,Até o Bimestre / 2015,RREO6CotaParteDoFPE,Cota-Parte do FPE,3161287155.38,Bahia
2016,RREO,3,B,Governo do Estado da Bahia,29,BA,15203934,RREO-Anexo 06,E,,Até o Bimestre / 2016,RREO6OutrasTransferenciasCorrentes,Outras Transferências Correntes,2404339064.81,Bahia
2016,RREO,3,B,Governo do Estado da Bahia,29,BA,15203934,RREO-Anexo 06,E,,Até o Bimestre / 2015,RREO6OutrasTransferenciasCorrentes,Outras Transferências Correntes,2534142052.11,Bahia
2016,RREO,3,B,Governo do Estado da Bahia,29,BA,15203934,RREO-Anexo 06,E,,Até o Bimestre / 2016,RREO6TransferenciasDeCapital,Transferências de Capital,242716883.54,Bahia
2016,RREO,3,B,Governo do Estado da Bahia,29,BA,15203934,RREO-Anexo 06,E,,Até o Bimestre / 2015,RREO6TransferenciasDeCapital,Transferências de Capital,245702881.93,Bahia
2016,RREO,3,B,Governo do Estado da Bahia,29,BA,15203934,RREO-Anexo 06,E,,Até o Bimestre / 2016,RREO6OutrasTransferenciasDeCapital,Outras Transferências de Capital,5244330.0,Bahia
2016,RREO,3,B,Governo do Estado da Bahia,29,BA,15203934,RREO-Anexo 06,E,,Até o Bimestre / 2015,RREO6OutrasTransferenciasDeCapital,Outras Transferências de Capital,1078860.46,Bahia
2016,RREO,3,B,Governo do Estado da Bahia,29,BA,15203934,RREO-Anexo 06,E,,Despesas Empenhadas Até o Bimestre / 2016,RREO6TransferenciasConstitucionaisELegais,Transferências Constitucionais e Legais,2601949049.1,Bahia
2016,RREO,4,B,Governo do Estado da Bahia,29,BA,15203934,RREO-Anexo 01,E,,Até o Bimestre (c),TransferenciasCorrentes,TRANSFERÊNCIAS CORRENTES,7258347464.59,Bahia
2016,RREO,4,B,Governo do Estado da Bahia,29,BA,15203934,RREO-Anexo 01,E,,Até o Bimestre (c),TransferenciasCorrentesIntergovernamentais,Transferências Intergovernamentais,7093037184.31,Bahia
2016,RREO,4,B,Governo do Estado da Bahia,29,BA,15203934,RREO-Anexo 01,E,,Até o Bimestre (c),TransferenciasCorrentesDeInstituicoesPrivadas,Transferências de Instituições Privadas,1447465.29,Bahia
2016,RREO,4,B,Governo do Estado da Bahia,29,BA,15203934,RREO-Anexo 01,E,,Até o Bimestre (c),TransferenciasCorrentesDeConvenios,Transferências de Convênios,163862814.99,Bahia
2016,RREO,4,B,Governo do Estado da Bahia,29,BA,15203934,RREO-Anexo 01,E,,Até o Bimestre (c),TransferenciasDeCapital,TRANSFERÊNCIAS DE CAPITAL,347435243.26,Bahia
2016,RREO,4,B,Governo do Estado da Bahia,29,BA,15203934,RREO-Anexo 01,E,,Até o Bimestre (c),TransferenciasDeCapitalIntergovernamentais,Transferências Intergovernamentais,10186360.0,Bahia
2016,RREO,4,B,Governo do Estado da Bahia,29,BA,15203934,RREO-Anexo 01,E,,Até o Bimestre (c),TransferenciasDeCapitalDeConvenios,Transferências de Convênios,337248883.26,Bahia
2016,RREO,4,B,Governo do Estado da Bahia,29,BA,15203934,RREO-Anexo 06,E,,Até o Bimestre / 2016,RREO6TransferenciasCorrentes,Transferências Correntes,7258347464.59,Bahia
2016,RREO,4,B,Governo do Estado da Bahia,29,BA,15203934,RREO-Anexo 06,E,,Até o Bimestre / 2015,RREO6TransferenciasCorrentes,Transferências Correntes,7584119035.93,Bahia
2016,RREO,4,B,Governo do Estado da Bahia,29,BA,15203934,RREO-Anexo 06,E,,Até o Bimestre / 2016,RREO6CotaParteDoFPE,Cota-Parte do FPE,3937611823.0,Bahia
2016,RREO,4,B,Governo do Estado da Bahia,29,BA,15203934,RREO-Anexo 06,E,,Até o Bimestre / 2015,RREO6CotaParteDoFPE,Cota-Parte do FPE,3966972974.22,Bahia
2016,RREO,4,B,Governo do Estado da Bahia,29,BA,15203934,RREO-Anexo 06,E,,Até o Bimestre / 2016,RREO6OutrasTransferenciasCorrentes,Outras Transferências Correntes,3156873058.91,Bahia
2016,RREO,4,B,Governo do Estado da Bahia,29,BA,15203934,RREO-Anexo 06,E,,Até o Bimestre / 2015,RREO6OutrasTransferenciasCorrentes,Outras Transferências Correntes,3330752906.08,Bahia
2016,RREO,4,B,Governo do Estado da Bahia,29,BA,15203934,RREO-Anexo 06,E,,Até o Bimestre / 2016,RREO6TransferenciasDeCapital,Transferências de Capital,347435243.26,Bahia
2016,RREO,4,B,Governo do Estado da Bahia,29,BA,15203934,RREO-Anexo 06,E,,Até o Bimestre / 2015,RREO6TransferenciasDeCapital,Transferências de Capital,275725722.62,Bahia
2016,RREO,4,B,Governo do Estado da Bahia,29,BA,15203934,RREO-Anexo 06,E,,Até o Bimestre / 2016,RREO6OutrasTransferenciasDeCapital,Outras Transferências de Capital,10186360.0,Bahia
2016,RREO,4,B,Governo do Estado da Bahia,29,BA,15203934,RREO-Anexo 06,E,,Até o Bimestre / 2015,RREO6OutrasTransferenciasDeCapital,Outras Transferências de Capital,1729905.24,Bahia
2016,RREO,4,B,Governo do Estado da Bahia,29,BA,15203934,RREO-Anexo 06,E,,Despesas Empenhadas Até o Bimestre / 2016,RREO6TransferenciasConstitucionaisELegais,Transferências Constitucionais e Legais,3521413036.23,Bahia
2016,RREO,5,B,Governo do Estado da Bahia,29,BA,15203934,RREO-Anexo 01,E,,Até o Bimestre (c),TransferenciasCorrentes,TRANSFERÊNCIAS CORRENTES,8816504376.71,Bahia
2016,RREO,5,B,Governo do Estado da Bahia,29,BA,15203934,RREO-Anexo 01,E,,Até o Bimestre (c),TransferenciasCorrentesIntergovernamentais,Transferências Intergovernamentais,8614882429.37,Bahia
2016,RREO,5,B,Governo do Estado da Bahia,29,BA,15203934,RREO-Anexo 01,E,,Até o Bimestre (c),TransferenciasCorrentesDeInstituicoesPrivadas,Transferências de Instituições Privadas,1541708.81,Bahia
2016,RREO,5,B,Governo do Estado da Bahia,29,BA,15203934,RREO-Anexo 01,E,,Até o Bimestre (c),TransferenciasCorrentesDeConvenios,Transferências de Convênios,200080238.53,Bahia
2016,RREO,5,B,Governo do Estado da Bahia,29,BA,15203934,RREO-Anexo 01,E,,Até o Bimestre (c),TransferenciasDeCapital,TRANSFERÊNCIAS DE CAPITAL,566087348.91,Bahia
2016,RREO,5,B,Governo do Estado da Bahia,29,BA,15203934,RREO-Anexo 01,E,,Até o Bimestre (c),TransferenciasDeCapitalIntergovernamentais,Transferências Intergovernamentais,10186360.0,Bahia
2016,RREO,5,B,Governo do Estado da Bahia,29,BA,15203934,RREO-Anexo 01,E,,Até o Bimestre (c),TransferenciasDeCapitalDeConvenios,Transferências de Convênios,555900988.91,Bahia
2016,RREO,5,B,Governo do Estado da Bahia,29,BA,15203934,RREO-Anexo 06,E,,Até o Bimestre / 2016,RREO6TransferenciasCorrentes,Transferências Correntes,8816504376.71,Bahia
2016,RREO,5,B,Governo do Estado da Bahia,29,BA,15203934,RREO-Anexo 06,E,,Até o Bimestre / 2015,RREO6TransferenciasCorrentes,Transferências Correntes,8977368836.5,Bahia
2016,RREO,5,B,Governo do Estado da Bahia,29,BA,15203934,RREO-Anexo 06,E,,Até o Bimestre / 2016,RREO6CotaParteDoFPE,Cota-Parte do FPE,4753833485.84,Bahia
2016,RREO,5,B,Governo do Estado da Bahia,29,BA,15203934,RREO-Anexo 06,E,,Até o Bimestre / 2015,RREO6CotaParteDoFPE,Cota-Parte do FPE,4741207732.65,Bahia
2016,RREO,5,B,Governo do Estado da Bahia,29,BA,15203934,RREO-Anexo 06,E,,Até o Bimestre / 2016,RREO6OutrasTransferenciasCorrentes,Outras Transferências Correntes,3862590884.65,Bahia
2016,RREO,5,B,Governo do Estado da Bahia,29,BA,15203934,RREO-Anexo 06,E,,Até o Bimestre / 2015,RREO6OutrasTransferenciasCorrentes,Outras Transferências Correntes,4140276786.86,Bahia
2016,RREO,5,B,Governo do Estado da Bahia,29,BA,15203934,RREO-Anexo 06,E,,Até o Bimestre / 2016,RREO6TransferenciasDeCapital,Transferências de Capital,566087348.91,Bahia
2016,RREO,5,B,Governo do Estado da Bahia,29,BA,15203934,RREO-Anexo 06,E,,Até o Bimestre / 2015,RREO6TransferenciasDeCapital,Transferências de Capital,306975580.69,Bahia
2016,RREO,5,B,Governo do Estado da Bahia,29,BA,15203934,RREO-Anexo 06,E,,Até o Bimestre / 2016,RREO6OutrasTransferenciasDeCapital,Outras Transferências de Capital,10186360.0,Bahia
2016,RREO,5,B,Governo do Estado da Bahia,29,BA,15203934,RREO-Anexo 06,E,,Até o Bimestre / 2015,RREO6OutrasTransferenciasDeCapital,Outras Transferências de Capital,1879905.24,Bahia
2016,RREO,5,B,Governo do Estado da Bahia,29,BA,15203934,RREO-Anexo 06,E,,Despesas Empenhadas Até o Bimestre / 2016,RREO6TransferenciasConstitucionaisELegais,Transferências Constitucionais e Legais,4395068772.85,Bahia
2016,RREO,6,B,Governo do Estado da Bahia,29,BA,15203934,RREO-Anexo 01,E,Padrão,Até o Bimestre (c),TransferenciasCorrentes,TRANSFERÊNCIAS CORRENTES,11704594697.53,Bahia
2016,RREO,6,B,Governo do Estado da Bahia,29,BA,15203934,RREO-Anexo 01,E,Padrão,Até o Bimestre (c),TransferenciasCorrentesIntergovernamentais,Transferências Intergovernamentais,11432740538.31,Bahia
2016,RREO,6,B,Governo do Estado da Bahia,29,BA,15203934,RREO-Anexo 01,E,Padrão,Até o Bimestre (c),TransferenciasCorrentesDeInstituicoesPrivadas,Transferências de Instituições Privadas,2595115.66,Bahia
2016,RREO,6,B,Governo do Estado da Bahia,29,BA,15203934,RREO-Anexo 01,E,Padrão,Até o Bimestre (c),TransferenciasCorrentesDoExterior,Transferências do Exterior,4798.35,Bahia
2016,RREO,6,B,Governo do Estado da Bahia,29,BA,15203934,RREO-Anexo 01,E,Padrão,Até o Bimestre (c),TransferenciasCorrentesDeConvenios,Transferências de Convênios,269254245.21,Bahia
2016,RREO,6,B,Governo do Estado da Bahia,29,BA,15203934,RREO-Anexo 01,E,Padrão,Até o Bimestre (c),TransferenciasDeCapital,TRANSFERÊNCIAS DE CAPITAL,758232720.15,Bahia
2016,RREO,6,B,Governo do Estado da Bahia,29,BA,15203934,RREO-Anexo 01,E,Padrão,Até o Bimestre (c),TransferenciasDeCapitalIntergovernamentais,Transferências Intergovernamentais,41952044.0,Bahia
2016,RREO,6,B,Governo do Estado da Bahia,29,BA,15203934,RREO-Anexo 01,E,Padrão,Até o Bimestre (c),TransferenciasDeCapitalDeConvenios,Transferências de Convênios,716280676.15,Bahia
2016,RREO,6,B,Governo do Estado da Bahia,29,BA,15203934,RREO-Anexo 01,E,Padrão,Até o Bimestre (f),TransferenciasAMunicipios,Transferências a Municípios,5356067718.86,Bahia
2016,RREO,6,B,Governo do Estado da Bahia,29,BA,15203934,RREO-Anexo 01,E,Padrão,Até o Bimestre (h),TransferenciasAMunicipios,Transferências a Municípios,5356067718.86,Bahia
2016,RREO,6,B,Governo do Estado da Bahia,29,BA,15203934,RREO-Anexo 06,E,Padrão,Até o Bimestre / 2016,RREO6TransferenciasCorrentes,Transferências Correntes,11704594697.53,Bahia
2016,RREO,6,B,Governo do Estado da Bahia,29,BA,15203934,RREO-Anexo 06,E,Padrão,Até o Bimestre / 2015,RREO6TransferenciasCorrentes,Transferências Correntes,10874905557.16,Bahia
2016,RREO,6,B,Governo do Estado da Bahia,29,BA,15203934,RREO-Anexo 06,E,Padrão,Até o Bimestre / 2016,RREO6CotaParteDoFPE,Cota-Parte do FPE,6485613401.02,Bahia
2016,RREO,6,B,Governo do Estado da Bahia,29,BA,15203934,RREO-Anexo 06,E,Padrão,Até o Bimestre / 2015,RREO6CotaParteDoFPE,Cota-Parte do FPE,5741613580.46,Bahia
2016,RREO,6,B,Governo do Estado da Bahia,29,BA,15203934,RREO-Anexo 06,E,Padrão,Até o Bimestre / 2016,RREO6OutrasTransferenciasCorrentes,Outras Transferências Correntes,4949727283.61,Bahia
2016,RREO,6,B,Governo do Estado da Bahia,29,BA,15203934,RREO-Anexo 06,E,Padrão,Até o Bimestre / 2015,RREO6OutrasTransferenciasCorrentes,Outras Transferências Correntes,5019936219.51,Bahia
2016,RREO,6,B,Governo do Estado da Bahia,29,BA,15203934,RREO-Anexo 06,E,Padrão,Até o Bimestre / 2016,RREO6TransferenciasDeCapital,Transferências de Capital,758232720.15,Bahia
2016,RREO,6,B,Governo do Estado da Bahia,29,BA,15203934,RREO-Anexo 06,E,Padrão,Até o Bimestre / 2015,RREO6TransferenciasDeCapital,Transferências de Capital,353232643.71,Bahia
2016,RREO,6,B,Governo do Estado da Bahia,29,BA,15203934,RREO-Anexo 06,E,Padrão,Até o Bimestre / 2016,RREO6OutrasTransferenciasDeCapital,Outras Transferências de Capital,41952044.0,Bahia
2016,RREO,6,B,Governo do Estado da Bahia,29,BA,15203934,RREO-Anexo 06,E,Padrão,Até o Bimestre / 2015,RREO6OutrasTransferenciasDeCapital,Outras Transferências de Capital,17416025.24,Bahia
2016,RREO,6,B,Governo do Estado da Bahia,29,BA,15203934,RREO-Anexo 06,E,Padrão,Até o Bimestre / 2016,RREO6TransferenciasConstitucionaisELegais,Transferências Constitucionais e Legais,5356067718.86,Bahia
2016,RREO,6,B,Governo do Estado da Bahia,29,BA,15203934,RREO-Anexo 06,E,Padrão,Até o Bimestre / 2015,RREO6TransferenciasConstitucionaisELegais,Transferências Constitucionais e Legais,5147554497.2,Bahia
2016,RREO,6,B,Governo do Estado da Bahia,29,BA,15203934,RREO-Anexo 06,E,Padrão,Até o Bimestre / 2016,RREO6TransferenciasConstitucionaisELegais,Transferências Constitucionais e Legais,5356067718.86,Bahia
2016,RREO,6,B,Governo do Estado da Bahia,29,BA,15203934,RREO-Anexo 06,E,Padrão,Até o Bimestre / 2015,RREO6TransferenciasConstitucionaisELegais,Transferências Constitucionais e Legais,5147554497.2,Bahia
2017,RREO,1,B,Governo do Estado da Bahia,29,BA,15276566,RREO-Anexo 01,E,,Até o Bimestre (c),TransferenciasCorrentes,TRANSFERÊNCIAS CORRENTES,2226311001.22,Bahia
2017,RREO,1,B,Governo do Estado da Bahia,29,BA,15276566,RREO-Anexo 01,E,,Até o Bimestre (c),TransferenciasCorrentesIntergovernamentais,Transferências Intergovernamentais,2171216959.93,Bahia
2017,RREO,1,B,Governo do Estado da Bahia,29,BA,15276566,RREO-Anexo 01,E,,Até o Bimestre (c),TransferenciasCorrentesDeInstituicoesPrivadas,Transferências de Instituições Privadas,187765.66,Bahia
2017,RREO,1,B,Governo do Estado da Bahia,29,BA,15276566,RREO-Anexo 01,E,,Até o Bimestre (c),TransferenciasCorrentesDeConvenios,Transferências de Convênios,54906275.63,Bahia
2017,RREO,1,B,Governo do Estado da Bahia,29,BA,15276566,RREO-Anexo 01,E,,Até o Bimestre (c),TransferenciasDeCapital,TRANSFERÊNCIAS DE CAPITAL,139114189.46,Bahia
2017,RREO,1,B,Governo do Estado da Bahia,29,BA,15276566,RREO-Anexo 01,E,,Até o Bimestre (c),TransferenciasDeCapitalIntergovernamentais,Transferências Intergovernamentais,100000.0,Bahia
2017,RREO,1,B,Governo do Estado da Bahia,29,BA,15276566,RREO-Anexo 01,E,,Até o Bimestre (c),TransferenciasDeCapitalDeConvenios,Transferências de Convênios,139014189.46,Bahia
2017,RREO,1,B,Governo do Estado da Bahia,29,BA,15276566,RREO-Anexo 06,E,,Até o Bimestre / 2017,RREO6TransferenciasCorrentes,Transferências Correntes,2226311001.22,Bahia
2017,RREO,1,B,Governo do Estado da Bahia,29,BA,15276566,RREO-Anexo 06,E,,Até o Bimestre / 2016,RREO6TransferenciasCorrentes,Transferências Correntes,1991690642.15,Bahia
2017,RREO,1,B,Governo do Estado da Bahia,29,BA,15276566,RREO-Anexo 06,E,,Até o Bimestre / 2017,RREO6CotaParteDoFPE,Cota-Parte do FPE,1246259471.35,Bahia
2017,RREO,1,B,Governo do Estado da Bahia,29,BA,15276566,RREO-Anexo 06,E,,Até o Bimestre / 2016,RREO6CotaParteDoFPE,Cota-Parte do FPE,1147588827.69,Bahia
2017,RREO,1,B,Governo do Estado da Bahia,29,BA,15276566,RREO-Anexo 06,E,,Até o Bimestre / 2017,RREO6OutrasTransferenciasCorrentes,Outras Transferências Correntes,925145254.24,Bahia
2017,RREO,1,B,Governo do Estado da Bahia,29,BA,15276566,RREO-Anexo 06,E,,Até o Bimestre / 2016,RREO6OutrasTransferenciasCorrentes,Outras Transferências Correntes,826556594.67,Bahia
2017,RREO,1,B,Governo do Estado da Bahia,29,BA,15276566,RREO-Anexo 06,E,,Até o Bimestre / 2017,RREO6TransferenciasDeCapital,Transferências de Capital,139114189.46,Bahia
2017,RREO,1,B,Governo do Estado da Bahia,29,BA,15276566,RREO-Anexo 06,E,,Até o Bimestre / 2016,RREO6TransferenciasDeCapital,Transferências de Capital,66052024.18,Bahia
2017,RREO,1,B,Governo do Estado da Bahia,29,BA,15276566,RREO-Anexo 06,E,,Até o Bimestre / 2017,RREO6OutrasTransferenciasDeCapital,Outras Transferências de Capital,100000.0,Bahia
2017,RREO,2,B,Governo do Estado da Bahia,29,BA,15276566,RREO-Anexo 01,E,,Até o Bimestre (c),TransferenciasCorrentes,TRANSFERÊNCIAS CORRENTES,4012539083.49,Bahia
2017,RREO,2,B,Governo do Estado da Bahia,29,BA,15276566,RREO-Anexo 01,E,,Até o Bimestre (c),TransferenciasCorrentesIntergovernamentais,Transferências Intergovernamentais,3933412839.93,Bahia
2017,RREO,2,B,Governo do Estado da Bahia,29,BA,15276566,RREO-Anexo 01,E,,Até o Bimestre (c),TransferenciasCorrentesDeInstituicoesPrivadas,Transferências de Instituições Privadas,453007.65,Bahia
2017,RREO,2,B,Governo do Estado da Bahia,29,BA,15276566,RREO-Anexo 01,E,,Até o Bimestre (c),TransferenciasCorrentesDeConvenios,Transferências de Convênios,78673235.91,Bahia
2017,RREO,2,B,Governo do Estado da Bahia,29,BA,15276566,RREO-Anexo 01,E,,Até o Bimestre (c),TransferenciasDeCapital,TRANSFERÊNCIAS DE CAPITAL,376807387.94,Bahia
2017,RREO,2,B,Governo do Estado da Bahia,29,BA,15276566,RREO-Anexo 01,E,,Até o Bimestre (c),TransferenciasDeCapitalIntergovernamentais,Transferências Intergovernamentais,6785260.0,Bahia
2017,RREO,2,B,Governo do Estado da Bahia,29,BA,15276566,RREO-Anexo 01,E,,Até o Bimestre (c),TransferenciasDeCapitalDeConvenios,Transferências de Convênios,370022127.94,Bahia
2017,RREO,2,B,Governo do Estado da Bahia,29,BA,15276566,RREO-Anexo 06,E,,Até o Bimestre / 2017,RREO6TransferenciasCorrentes,Transferências Correntes,4012539083.49,Bahia
2017,RREO,2,B,Governo do Estado da Bahia,29,BA,15276566,RREO-Anexo 06,E,,Até o Bimestre / 2016,RREO6TransferenciasCorrentes,Transferências Correntes,3629072932.67,Bahia
2017,RREO,2,B,Governo do Estado da Bahia,29,BA,15276566,RREO-Anexo 06,E,,Até o Bimestre / 2017,RREO6CotaParteDoFPE,Cota-Parte do FPE,2212050901.88,Bahia
2017,RREO,2,B,Governo do Estado da Bahia,29,BA,15276566,RREO-Anexo 06,E,,Até o Bimestre / 2016,RREO6CotaParteDoFPE,Cota-Parte do FPE,1996151220.89,Bahia
2017,RREO,2,B,Governo do Estado da Bahia,29,BA,15276566,RREO-Anexo 06,E,,Até o Bimestre / 2017,RREO6OutrasTransferenciasCorrentes,Outras Transferências Correntes,1721814945.7,Bahia
2017,RREO,2,B,Governo do Estado da Bahia,29,BA,15276566,RREO-Anexo 06,E,,Até o Bimestre / 2016,RREO6OutrasTransferenciasCorrentes,Outras Transferências Correntes,1573277666.16,Bahia
2017,RREO,2,B,Governo do Estado da Bahia,29,BA,15276566,RREO-Anexo 06,E,,Até o Bimestre / 2017,RREO6TransferenciasDeCapital,Transferências de Capital,376807387.94,Bahia
2017,RREO,2,B,Governo do Estado da Bahia,29,BA,15276566,RREO-Anexo 06,E,,Até o Bimestre / 2016,RREO6TransferenciasDeCapital,Transferências de Capital,167892447.89,Bahia
2017,RREO,2,B,Governo do Estado da Bahia,29,BA,15276566,RREO-Anexo 06,E,,Até o Bimestre / 2017,RREO6OutrasTransferenciasDeCapital,Outras Transferências de Capital,6785260.0,Bahia
2017,RREO,2,B,Governo do Estado da Bahia,29,BA,15276566,RREO-Anexo 06,E,,Até o Bimestre / 2016,RREO6OutrasTransferenciasDeCapital,Outras Transferências de Capital,4646570.0,Bahia
2017,RREO,3,B,Governo do Estado da Bahia,29,BA,15276566,RREO-Anexo 01,E,,Até o Bimestre (c),TransferenciasCorrentes,TRANSFERÊNCIAS CORRENTES,6017047593.34,Bahia
2017,RREO,3,B,Governo do Estado da Bahia,29,BA,15276566,RREO-Anexo 01,E,,Até o Bimestre (c),TransferenciasCorrentesIntergovernamentais,Transferências Intergovernamentais,5914087727.93,Bahia
2017,RREO,3,B,Governo do Estado da Bahia,29,BA,15276566,RREO-Anexo 01,E,,Até o Bimestre (c),TransferenciasCorrentesDeInstituicoesPrivadas,Transferências de Instituições Privadas,528991.33,Bahia
2017,RREO,3,B,Governo do Estado da Bahia,29,BA,15276566,RREO-Anexo 01,E,,Até o Bimestre (c),TransferenciasCorrentesDeConvenios,Transferências de Convênios,102430874.08,Bahia
2017,RREO,3,B,Governo do Estado da Bahia,29,BA,15276566,RREO-Anexo 01,E,,Até o Bimestre (c),TransferenciasDeCapital,TRANSFERÊNCIAS DE CAPITAL,505325926.3,Bahia
2017,RREO,3,B,Governo do Estado da Bahia,29,BA,15276566,RREO-Anexo 01,E,,Até o Bimestre (c),TransferenciasDeCapitalIntergovernamentais,Transferências Intergovernamentais,13298135.0,Bahia
2017,RREO,3,B,Governo do Estado da Bahia,29,BA,15276566,RREO-Anexo 01,E,,Até o Bimestre (c),TransferenciasDeCapitalDeConvenios,Transferências de Convênios,492027791.3,Bahia
2017,RREO,3,B,Governo do Estado da Bahia,29,BA,15276566,RREO-Anexo 06,E,,Até o Bimestre / 2017,RREO6TransferenciasCorrentes,Transferências Correntes,6017047593.34,Bahia
2017,RREO,3,B,Governo do Estado da Bahia,29,BA,15276566,RREO-Anexo 06,E,,Até o Bimestre / 2016,RREO6TransferenciasCorrentes,Transferências Correntes,5640069664.46,Bahia
2017,RREO,3,B,Governo do Estado da Bahia,29,BA,15276566,RREO-Anexo 06,E,,Até o Bimestre / 2017,RREO6CotaParteDoFPE,Cota-Parte do FPE,3363970351.14,Bahia
2017,RREO,3,B,Governo do Estado da Bahia,29,BA,15276566,RREO-Anexo 06,E,,Até o Bimestre / 2016,RREO6CotaParteDoFPE,Cota-Parte do FPE,3115289667.07,Bahia
2017,RREO,3,B,Governo do Estado da Bahia,29,BA,15276566,RREO-Anexo 06,E,,Até o Bimestre / 2017,RREO6OutrasTransferenciasCorrentes,Outras Transferências Correntes,2550646368.12,Bahia
2017,RREO,3,B,Governo do Estado da Bahia,29,BA,15276566,RREO-Anexo 06,E,,Até o Bimestre / 2016,RREO6OutrasTransferenciasCorrentes,Outras Transferências Correntes,2404339064.81,Bahia
2017,RREO,3,B,Governo do Estado da Bahia,29,BA,15276566,RREO-Anexo 06,E,,Até o Bimestre / 2017,RREO6TransferenciasDeCapital,Transferências de Capital,505325926.3,Bahia
2017,RREO,3,B,Governo do Estado da Bahia,29,BA,15276566,RREO-Anexo 06,E,,Até o Bimestre / 2016,RREO6TransferenciasDeCapital,Transferências de Capital,242716883.54,Bahia
2017,RREO,3,B,Governo do Estado da Bahia,29,BA,15276566,RREO-Anexo 06,E,,Até o Bimestre / 2017,RREO6OutrasTransferenciasDeCapital,Outras Transferências de Capital,13298135.0,Bahia
2017,RREO,3,B,Governo do Estado da Bahia,29,BA,15276566,RREO-Anexo 06,E,,Até o Bimestre / 2016,RREO6OutrasTransferenciasDeCapital,Outras Transferências de Capital,5244330.0,Bahia
2017,RREO,4,B,Governo do Estado da Bahia,29,BA,15276566,RREO-Anexo 01,E,,Até o Bimestre (c),TransferenciasCorrentes,TRANSFERÊNCIAS CORRENTES,7700925075.68,Bahia
2017,RREO,4,B,Governo do Estado da Bahia,29,BA,15276566,RREO-Anexo 01,E,,Até o Bimestre (c),TransferenciasCorrentesIntergovernamentais,Transferências Intergovernamentais,7566487482.24,Bahia
2017,RREO,4,B,Governo do Estado da Bahia,29,BA,15276566,RREO-Anexo 01,E,,Até o Bimestre (c),TransferenciasCorrentesDeInstituicoesPrivadas,Transferências de Instituições Privadas,669986.5,Bahia
2017,RREO,4,B,Governo do Estado da Bahia,29,BA,15276566,RREO-Anexo 01,E,,Até o Bimestre (c),TransferenciasCorrentesDeConvenios,Transferências de Convênios,133580363.94,Bahia
2017,RREO,4,B,Governo do Estado da Bahia,29,BA,15276566,RREO-Anexo 01,E,,Até o Bimestre (c),TransferenciasCorrentesParaOCombateAFome,Transferências para o Combate à Fome,187243.0,Bahia
2017,RREO,4,B,Governo do Estado da Bahia,29,BA,15276566,RREO-Anexo 01,E,,Até o Bimestre (c),TransferenciasDeCapital,TRANSFERÊNCIAS DE CAPITAL,596746494.87,Bahia
2017,RREO,4,B,Governo do Estado da Bahia,29,BA,15276566,RREO-Anexo 01,E,,Até o Bimestre (c),TransferenciasDeCapitalIntergovernamentais,Transferências Intergovernamentais,25778324.0,Bahia
2017,RREO,4,B,Governo do Estado da Bahia,29,BA,15276566,RREO-Anexo 01,E,,Até o Bimestre (c),TransferenciasDeCapitalDeConvenios,Transferências de Convênios,570968170.87,Bahia
2017,RREO,4,B,Governo do Estado da Bahia,29,BA,15276566,RREO-Anexo 06,E,,Até o Bimestre / 2017,RREO6TransferenciasCorrentes,Transferências Correntes,7700925075.68,Bahia
2017,RREO,4,B,Governo do Estado da Bahia,29,BA,15276566,RREO-Anexo 06,E,,Até o Bimestre / 2016,RREO6TransferenciasCorrentes,Transferências Correntes,7258347464.59,Bahia
2017,RREO,4,B,Governo do Estado da Bahia,29,BA,15276566,RREO-Anexo 06,E,,Até o Bimestre / 2017,RREO6CotaParteDoFPE,Cota-Parte do FPE,4270221499.58,Bahia
2017,RREO,4,B,Governo do Estado da Bahia,29,BA,15276566,RREO-Anexo 06,E,,Até o Bimestre / 2016,RREO6CotaParteDoFPE,Cota-Parte do FPE,3937611823.0,Bahia
2017,RREO,4,B,Governo do Estado da Bahia,29,BA,15276566,RREO-Anexo 06,E,,Até o Bimestre / 2017,RREO6OutrasTransferenciasCorrentes,Outras Transferências Correntes,3297123212.16,Bahia
2017,RREO,4,B,Governo do Estado da Bahia,29,BA,15276566,RREO-Anexo 06,E,,Até o Bimestre / 2016,RREO6OutrasTransferenciasCorrentes,Outras Transferências Correntes,3156873058.91,Bahia
2017,RREO,4,B,Governo do Estado da Bahia,29,BA,15276566,RREO-Anexo 06,E,,Até o Bimestre / 2017,RREO6TransferenciasDeCapital,Transferências de Capital,596746494.87,Bahia
2017,RREO,4,B,Governo do Estado da Bahia,29,BA,15276566,RREO-Anexo 06,E,,Até o Bimestre / 2016,RREO6TransferenciasDeCapital,Transferências de Capital,347435243.26,Bahia
2017,RREO,4,B,Governo do Estado da Bahia,29,BA,15276566,RREO-Anexo 06,E,,Até o Bimestre / 2017,RREO6OutrasTransferenciasDeCapital,Outras Transferências de Capital,25778324.0,Bahia
2017,RREO,4,B,Governo do Estado da Bahia,29,BA,15276566,RREO-Anexo 06,E,,Até o Bimestre / 2016,RREO6OutrasTransferenciasDeCapital,Outras Transferências de Capital,10186360.0,Bahia
2017,RREO,5,B,Governo do Estado da Bahia,29,BA,15276566,RREO-Anexo 01,E,,Até o Bimestre (c),TransferenciasCorrentes,TRANSFERÊNCIAS CORRENTES,9482495425.43,Bahia
2017,RREO,5,B,Governo do Estado da Bahia,29,BA,15276566,RREO-Anexo 01,E,,Até o Bimestre (c),TransferenciasCorrentesIntergovernamentais,Transferências Intergovernamentais,9316492093.73,Bahia
2017,RREO,5,B,Governo do Estado da Bahia,29,BA,15276566,RREO-Anexo 01,E,,Até o Bimestre (c),TransferenciasCorrentesDeInstituicoesPrivadas,Transferências de Instituições Privadas,876928.85,Bahia
2017,RREO,5,B,Governo do Estado da Bahia,29,BA,15276566,RREO-Anexo 01,E,,Até o Bimestre (c),TransferenciasCorrentesDeConvenios,Transferências de Convênios,164939159.85,Bahia
2017,RREO,5,B,Governo do Estado da Bahia,29,BA,15276566,RREO-Anexo 01,E,,Até o Bimestre (c),TransferenciasCorrentesParaOCombateAFome,Transferências para o Combate à Fome,187243.0,Bahia
2017,RREO,5,B,Governo do Estado da Bahia,29,BA,15276566,RREO-Anexo 01,E,,Até o Bimestre (c),TransferenciasDeCapital,TRANSFERÊNCIAS DE CAPITAL,624197403.74,Bahia
2017,RREO,5,B,Governo do Estado da Bahia,29,BA,15276566,RREO-Anexo 01,E,,Até o Bimestre (c),TransferenciasDeCapitalIntergovernamentais,Transferências Intergovernamentais,26723726.0,Bahia
2017,RREO,5,B,Governo do Estado da Bahia,29,BA,15276566,RREO-Anexo 01,E,,Até o Bimestre (c),TransferenciasDeCapitalDeConvenios,Transferências de Convênios,597473677.74,Bahia
2017,RREO,5,B,Governo do Estado da Bahia,29,BA,15276566,RREO-Anexo 06,E,,Até o Bimestre / 2017,RREO6TransferenciasCorrentes,Transferências Correntes,9482495425.43,Bahia
2017,RREO,5,B,Governo do Estado da Bahia,29,BA,15276566,RREO-Anexo 06,E,,Até o Bimestre / 2016,RREO6TransferenciasCorrentes,Transferências Correntes,8816504376.71,Bahia
2017,RREO,5,B,Governo do Estado da Bahia,29,BA,15276566,RREO-Anexo 06,E,,Até o Bimestre / 2017,RREO6CotaParteDoFPE,Cota-Parte do FPE,5130290093.83,Bahia
2017,RREO,5,B,Governo do Estado da Bahia,29,BA,15276566,RREO-Anexo 06,E,,Até o Bimestre / 2016,RREO6CotaParteDoFPE,Cota-Parte do FPE,4753833485.84,Bahia
2017,RREO,5,B,Governo do Estado da Bahia,29,BA,15276566,RREO-Anexo 06,E,,Até o Bimestre / 2017,RREO6OutrasTransferenciasCorrentes,Outras Transferências Correntes,4187266171.75,Bahia
2017,RREO,5,B,Governo do Estado da Bahia,29,BA,15276566,RREO-Anexo 06,E,,Até o Bimestre / 2016,RREO6OutrasTransferenciasCorrentes,Outras Transferências Correntes,3862590884.65,Bahia
2017,RREO,5,B,Governo do Estado da Bahia,29,BA,15276566,RREO-Anexo 06,E,,Até o Bimestre / 2017,RREO6TransferenciasDeCapital,Transferências de Capital,624197403.74,Bahia
2017,RREO,5,B,Governo do Estado da Bahia,29,BA,15276566,RREO-Anexo 06,E,,Até o Bimestre / 2016,RREO6TransferenciasDeCapital,Transferências de Capital,566087348.91,Bahia
2017,RREO,5,B,Governo do Estado da Bahia,29,BA,15276566,RREO-Anexo 06,E,,Até o Bimestre / 2017,RREO6OutrasTransferenciasDeCapital,Outras Transferências de Capital,26723726.0,Bahia
2017,RREO,5,B,Governo do Estado da Bahia,29,BA,15276566,RREO-Anexo 06,E,,Até o Bimestre / 2016,RREO6OutrasTransferenciasDeCapital,Outras Transferências de Capital,10186360.0,Bahia
2017,RREO,5,B,Governo do Estado da Bahia,29,BA,15276566,RREO-Anexo 06,E,,Despesas Empenhadas Até o Bimestre / 2017,RREO6TransferenciasConstitucionaisELegais,Transferências Constitucionais e Legais,4741567432.62,Bahia
2017,RREO,5,B,Governo do Estado da Bahia,29,BA,15276566,RREO-Anexo 06,E,,Despesas Empenhadas Até o Bimestre / 2016,RREO6TransferenciasConstitucionaisELegais,Transferências Constitucionais e Legais,4395068772.85,Bahia
2017,RREO,5,B,Governo do Estado da Bahia,29,BA,15276566,RREO-Anexo 06,E,,Despesas Liquidadas Até o Bimestre / 2017,RREO6TransferenciasConstitucionaisELegais,Transferências Constitucionais e Legais,4741567432.62,Bahia
2017,RREO,5,B,Governo do Estado da Bahia,29,BA,15276566,RREO-Anexo 06,E,,Despesas Liquidadas Até o Bimestre / 2016,RREO6TransferenciasConstitucionaisELegais,Transferências Constitucionais e Legais,4395068772.85,Bahia
2017,RREO,6,B,Governo do Estado da Bahia,29,BA,15276566,RREO-Anexo 01,E,,Até o Bimestre (c),TransferenciasCorrentes,TRANSFERÊNCIAS CORRENTES,11682654478.14,Bahia
2017,RREO,6,B,Governo do Estado da Bahia,29,BA,15276566,RREO-Anexo 01,E,,Até o Bimestre (c),TransferenciasCorrentesIntergovernamentais,Transferências Intergovernamentais,11460462335.66,Bahia
2017,RREO,6,B,Governo do Estado da Bahia,29,BA,15276566,RREO-Anexo 01,E,,Até o Bimestre (c),TransferenciasCorrentesDeInstituicoesPrivadas,Transferências de Instituições Privadas,963683.97,Bahia
2017,RREO,6,B,Governo do Estado da Bahia,29,BA,15276566,RREO-Anexo 01,E,,Até o Bimestre (c),TransferenciasCorrentesDeConvenios,Transferências de Convênios,221041215.51,Bahia
2017,RREO,6,B,Governo do Estado da Bahia,29,BA,15276566,RREO-Anexo 01,E,,Até o Bimestre (c),TransferenciasCorrentesParaOCombateAFome,Transferências para o Combate à Fome,187243.0,Bahia
2017,RREO,6,B,Governo do Estado da Bahia,29,BA,15276566,RREO-Anexo 01,E,,Até o Bimestre (c),TransferenciasDeCapital,TRANSFERÊNCIAS DE CAPITAL,715196320.92,Bahia
2017,RREO,6,B,Governo do Estado da Bahia,29,BA,15276566,RREO-Anexo 01,E,,Até o Bimestre (c),TransferenciasDeCapitalIntergovernamentais,Transferências Intergovernamentais,35923141.09,Bahia
2017,RREO,6,B,Governo do Estado da Bahia,29,BA,15276566,RREO-Anexo 01,E,,Até o Bimestre (c),TransferenciasDeCapitalDeConvenios,Transferências de Convênios,679273179.83,Bahia
2017,RREO,6,B,Governo do Estado da Bahia,29,BA,15276566,RREO-Anexo 06,E,,Até o Bimestre / 2017,RREO6TransferenciasCorrentes,Transferências Correntes,11682654478.14,Bahia
2017,RREO,6,B,Governo do Estado da Bahia,29,BA,15276566,RREO-Anexo 06,E,,Até o Bimestre / 2016,RREO6TransferenciasCorrentes,Transferências Correntes,11704594697.53,Bahia
2017,RREO,6,B,Governo do Estado da Bahia,29,BA,15276566,RREO-Anexo 06,E,,Até o Bimestre / 2017,RREO6CotaParteDoFPE,Cota-Parte do FPE,6232922627.27,Bahia
2017,RREO,6,B,Governo do Estado da Bahia,29,BA,15276566,RREO-Anexo 06,E,,Até o Bimestre / 2016,RREO6CotaParteDoFPE,Cota-Parte do FPE,6485613401.02,Bahia
2017,RREO,6,B,Governo do Estado da Bahia,29,BA,15276566,RREO-Anexo 06,E,,Até o Bimestre / 2017,RREO6OutrasTransferenciasCorrentes,Outras Transferências Correntes,5228690635.36,Bahia
2017,RREO,6,B,Governo do Estado da Bahia,29,BA,15276566,RREO-Anexo 06,E,,Até o Bimestre / 2016,RREO6OutrasTransferenciasCorrentes,Outras Transferências Correntes,4949727283.61,Bahia
2017,RREO,6,B,Governo do Estado da Bahia,29,BA,15276566,RREO-Anexo 06,E,,Até o Bimestre / 2017,RREO6TransferenciasDeCapital,Transferências de Capital,715196320.92,Bahia
2017,RREO,6,B,Governo do Estado da Bahia,29,BA,15276566,RREO-Anexo 06,E,,Até o Bimestre / 2016,RREO6TransferenciasDeCapital,Transferências de Capital,758232720.15,Bahia
2017,RREO,6,B,Governo do Estado da Bahia,29,BA,15276566,RREO-Anexo 06,E,,Até o Bimestre / 2017,RREO6OutrasTransferenciasDeCapital,Outras Transferências de Capital,35923141.09,Bahia
2017,RREO,6,B,Governo do Estado da Bahia,29,BA,15276566,RREO-Anexo 06,E,,Até o Bimestre / 2016,RREO6OutrasTransferenciasDeCapital,Outras Transferências de Capital,41952044.0,Bahia
2017,RREO,6,B,Governo do Estado da Bahia,29,BA,15276566,RREO-Anexo 06,E,,Despesas Empenhadas Até o Bimestre / 2017,RREO6TransferenciasConstitucionaisELegais,Transferências Constitucionais e Legais,5780432572.01,Bahia
2017,RREO,6,B,Governo do Estado da Bahia,29,BA,15276566,RREO-Anexo 06,E,,Despesas Empenhadas Até o Bimestre / 2016,RREO6TransferenciasConstitucionaisELegais,Transferências Constitucionais e Legais,5356067718.86,Bahia
2017,RREO,6,B,Governo do Estado da Bahia,29,BA,15276566,RREO-Anexo 06,E,,Despesas Liquidadas Até o Bimestre / 2017,RREO6TransferenciasConstitucionaisELegais,Transferências Constitucionais e Legais,5726572488.89,Bahia
2017,RREO,6,B,Governo do Estado da Bahia,29,BA,15276566,RREO-Anexo 06,E,,Despesas Liquidadas Até o Bimestre / 2016,RREO6TransferenciasConstitucionaisELegais,Transferências Constitucionais e Legais,5356067718.86,Bahia
2018,RREO,1,B,Governo do Estado da Bahia,29,BA,15276566,RREO-Anexo 01,E,Padrão,Até o Bimestre (c),TransferenciasCorrentes,TRANSFERÊNCIAS CORRENTES,2286642035.49,Bahia
2018,RREO,1,B,Governo do Estado da Bahia,29,BA,15276566,RREO-Anexo 01,E,Padrão,Até o Bimestre (c),TransferenciasCorrentesDaUniaoEDeSuasEntidades,Transferências da União e de suas Entidades,2270848092.45,Bahia
2018,RREO,1,B,Governo do Estado da Bahia,29,BA,15276566,RREO-Anexo 01,E,Padrão,Até o Bimestre (c),TransferenciasCorrentesDosMunicipiosEDeSuasEntidades,Transferências dos Municípios e de suas Entidades,2307275.57,Bahia
2018,RREO,1,B,Governo do Estado da Bahia,29,BA,15276566,RREO-Anexo 01,E,Padrão,Até o Bimestre (c),TransferenciasCorrentesDeInstituicoesPrivadas,Transferências de Instituições Privadas,13486667.47,Bahia
2018,RREO,1,B,Governo do Estado da Bahia,29,BA,15276566,RREO-Anexo 01,E,Padrão,Até o Bimestre (c),TransferenciasDeCapital,TRANSFERÊNCIAS DE CAPITAL,26881940.22,Bahia
2018,RREO,1,B,Governo do Estado da Bahia,29,BA,15276566,RREO-Anexo 01,E,Padrão,Até o Bimestre (c),TransferenciasDeCapitalDaUniaoEDeSuasEntidades,Transferências da União e de suas Entidades,26881940.22,Bahia
2018,RREO,1,B,Governo do Estado da Bahia,29,BA,15276566,RREO-Anexo 06,E,Padrão,Despesas Empenhadas Até o Bimestre/2017,TransferenciasConstitucionaisELegaisLC156,Transferências Constitucionais e Legais (XLI),889982380.2,Bahia
2018,RREO,1,B,Governo do Estado da Bahia,29,BA,15276566,RREO-Anexo 06,E,Padrão,Despesas Empenhadas Até o Bimestre/2018,TransferenciasConstitucionaisELegaisLC156,Transferências Constitucionais e Legais (XLI),995018214.79,Bahia
2018,RREO,1,B,Governo do Estado da Bahia,29,BA,15276566,RREO-Anexo 06,E,Padrão,Despesas Liquidadas Até o Bimestre/2017,TransferenciasConstitucionaisELegaisLC156,Transferências Constitucionais e Legais (XLI),889982380.2,Bahia
2018,RREO,1,B,Governo do Estado da Bahia,29,BA,15276566,RREO-Anexo 06,E,Padrão,Despesas Liquidadas Até o Bimestre/2018,TransferenciasConstitucionaisELegaisLC156,Transferências Constitucionais e Legais (XLI),995018214.79,Bahia
2018,RREO,2,B,Governo do Estado da Bahia,29,BA,15276566,RREO-Anexo 01,E,Padrão,Até o Bimestre (c),TransferenciasCorrentes,TRANSFERÊNCIAS CORRENTES,4113466681.42,Bahia
2018,RREO,2,B,Governo do Estado da Bahia,29,BA,15276566,RREO-Anexo 01,E,Padrão,Até o Bimestre (c),TransferenciasCorrentesDaUniaoEDeSuasEntidades,Transferências da União e de suas Entidades,4082146364.13,Bahia
2018,RREO,2,B,Governo do Estado da Bahia,29,BA,15276566,RREO-Anexo 01,E,Padrão,Até o Bimestre (c),TransferenciasCorrentesDosMunicipiosEDeSuasEntidades,Transferências dos Municípios e de suas Entidades,4340267.31,Bahia
2018,RREO,2,B,Governo do Estado da Bahia,29,BA,15276566,RREO-Anexo 01,E,Padrão,Até o Bimestre (c),TransferenciasCorrentesDeInstituicoesPrivadas,Transferências de Instituições Privadas,26969709.47,Bahia
2018,RREO,2,B,Governo do Estado da Bahia,29,BA,15276566,RREO-Anexo 01,E,Padrão,Até o Bimestre (c),TransferenciasCorrentesDoExterior,Transferências do Exterior,10340.51,Bahia
2018,RREO,2,B,Governo do Estado da Bahia,29,BA,15276566,RREO-Anexo 01,E,Padrão,Até o Bimestre (c),TransferenciasDeCapital,TRANSFERÊNCIAS DE CAPITAL,244674101.23,Bahia
2018,RREO,2,B,Governo do Estado da Bahia,29,BA,15276566,RREO-Anexo 01,E,Padrão,Até o Bimestre (c),TransferenciasDeCapitalDaUniaoEDeSuasEntidades,Transferências da União e de suas Entidades,244674101.23,Bahia
2018,RREO,3,B,Governo do Estado da Bahia,29,BA,15276566,RREO-Anexo 01,E,Padrão,Até o Bimestre (c),TransferenciasCorrentes,TRANSFERÊNCIAS CORRENTES,6398239951.64,Bahia
2018,RREO,3,B,Governo do Estado da Bahia,29,BA,15276566,RREO-Anexo 01,E,Padrão,Até o Bimestre (c),TransferenciasCorrentesDaUniaoEDeSuasEntidades,Transferências da União e de suas Entidades,6363365075.63,Bahia
2018,RREO,3,B,Governo do Estado da Bahia,29,BA,15276566,RREO-Anexo 01,E,Padrão,Até o Bimestre (c),TransferenciasCorrentesDosMunicipiosEDeSuasEntidades,Transferências dos Municípios e de suas Entidades,7470739.54,Bahia
2018,RREO,3,B,Governo do Estado da Bahia,29,BA,15276566,RREO-Anexo 01,E,Padrão,Até o Bimestre (c),TransferenciasCorrentesDeInstituicoesPrivadas,Transferências de Instituições Privadas,27393795.96,Bahia
2018,RREO,3,B,Governo do Estado da Bahia,29,BA,15276566,RREO-Anexo 01,E,Padrão,Até o Bimestre (c),TransferenciasCorrentesDoExterior,Transferências do Exterior,10340.51,Bahia
2018,RREO,3,B,Governo do Estado da Bahia,29,BA,15276566,RREO-Anexo 01,E,Padrão,Até o Bimestre (c),TransferenciasDeCapital,TRANSFERÊNCIAS DE CAPITAL,292754517.9,Bahia
2018,RREO,3,B,Governo do Estado da Bahia,29,BA,15276566,RREO-Anexo 01,E,Padrão,Até o Bimestre (c),TransferenciasDeCapitalDaUniaoEDeSuasEntidades,Transferências da União e de suas Entidades,292749902.9,Bahia
2018,RREO,3,B,Governo do Estado da Bahia,29,BA,15276566,RREO-Anexo 01,E,Padrão,Até o Bimestre (c),TransferenciasDeCapitalDeInstituicoesPrivadas,Transferências de Instituições Privadas,4615.0,Bahia
2018,RREO,4,B,Governo do Estado da Bahia,29,BA,15276566,RREO-Anexo 01,E,Padrão,Até o Bimestre (c),TransferenciasCorrentes,TRANSFERÊNCIAS CORRENTES,8205039397.64,Bahia
2018,RREO,4,B,Governo do Estado da Bahia,29,BA,15276566,RREO-Anexo 01,E,Padrão,Até o Bimestre (c),TransferenciasCorrentesDaUniaoEDeSuasEntidades,Transferências da União e de suas Entidades,8165741461.1,Bahia
2018,RREO,4,B,Governo do Estado da Bahia,29,BA,15276566,RREO-Anexo 01,E,Padrão,Até o Bimestre (c),TransferenciasCorrentesDosMunicipiosEDeSuasEntidades,Transferências dos Municípios e de suas Entidades,10840255.36,Bahia
2018,RREO,4,B,Governo do Estado da Bahia,29,BA,15276566,RREO-Anexo 01,E,Padrão,Até o Bimestre (c),TransferenciasCorrentesDeInstituicoesPrivadas,Transferências de Instituições Privadas,28404190.67,Bahia
2018,RREO,4,B,Governo do Estado da Bahia,29,BA,15276566,RREO-Anexo 01,E,Padrão,Até o Bimestre (c),TransferenciasCorrentesDoExterior,Transferências do Exterior,53490.51,Bahia
2018,RREO,4,B,Governo do Estado da Bahia,29,BA,15276566,RREO-Anexo 01,E,Padrão,Até o Bimestre (c),TransferenciasDeCapital,TRANSFERÊNCIAS DE CAPITAL,337448125.05,Bahia
2018,RREO,4,B,Governo do Estado da Bahia,29,BA,15276566,RREO-Anexo 01,E,Padrão,Até o Bimestre (c),TransferenciasDeCapitalDaUniaoEDeSuasEntidades,Transferências da União e de suas Entidades,337443510.05,Bahia
2018,RREO,4,B,Governo do Estado da Bahia,29,BA,15276566,RREO-Anexo 01,E,Padrão,Até o Bimestre (c),TransferenciasDeCapitalDeInstituicoesPrivadas,Transferências de Instituições Privadas,4615.0,Bahia
2018,RREO,5,B,Governo do Estado da Bahia,29,BA,15276566,RREO-Anexo 01,E,Padrão,Até o Bimestre (c),TransferenciasCorrentes,TRANSFERÊNCIAS CORRENTES,9951004823.8,Bahia
2018,RREO,5,B,Governo do Estado da Bahia,29,BA,15276566,RREO-Anexo 01,E,Padrão,Até o Bimestre (c),TransferenciasCorrentesDaUniaoEDeSuasEntidades,Transferências da União e de suas Entidades,9908363364.07,Bahia
2018,RREO,5,B,Governo do Estado da Bahia,29,BA,15276566,RREO-Anexo 01,E,Padrão,Até o Bimestre (c),TransferenciasCorrentesDosMunicipiosEDeSuasEntidades,Transferências dos Municípios e de suas Entidades,14033570.13,Bahia
2018,RREO,5,B,Governo do Estado da Bahia,29,BA,15276566,RREO-Anexo 01,E,Padrão,Até o Bimestre (c),TransferenciasCorrentesDeInstituicoesPrivadas,Transferências de Instituições Privadas,28554399.09,Bahia
2018,RREO,5,B,Governo do Estado da Bahia,29,BA,15276566,RREO-Anexo 01,E,Padrão,Até o Bimestre (c),TransferenciasCorrentesDoExterior,Transferências do Exterior,53490.51,Bahia
2018,RREO,5,B,Governo do Estado da Bahia,29,BA,15276566,RREO-Anexo 01,E,Padrão,Até o Bimestre (c),TransferenciasDeCapital,TRANSFERÊNCIAS DE CAPITAL,483607921.64,Bahia
2018,RREO,5,B,Governo do Estado da Bahia,29,BA,15276566,RREO-Anexo 01,E,Padrão,Até o Bimestre (c),TransferenciasDeCapitalDaUniaoEDeSuasEntidades,Transferências da União e de suas Entidades,483603306.64,Bahia
2018,RREO,5,B,Governo do Estado da Bahia,29,BA,15276566,RREO-Anexo 01,E,Padrão,Até o Bimestre (c),TransferenciasDeCapitalDeInstituicoesPrivadas,Transferências de Instituições Privadas,4615.0,Bahia
2018,RREO,6,B,Governo do Estado da Bahia,29,BA,15276566,RREO-Anexo 01,E,Padrão,Até o Bimestre (c),TransferenciasCorrentes,TRANSFERÊNCIAS CORRENTES,12249285028.77,Bahia
2018,RREO,6,B,Governo do Estado da Bahia,29,BA,15276566,RREO-Anexo 01,E,Padrão,Até o Bimestre (c),TransferenciasCorrentesDaUniaoEDeSuasEntidades,Transferências da União e de suas Entidades,12203449331.42,Bahia
2018,RREO,6,B,Governo do Estado da Bahia,29,BA,15276566,RREO-Anexo 01,E,Padrão,Até o Bimestre (c),TransferenciasCorrentesDosMunicipiosEDeSuasEntidades,Transferências dos Municípios e de suas Entidades,15436091.34,Bahia
2018,RREO,6,B,Governo do Estado da Bahia,29,BA,15276566,RREO-Anexo 01,E,Padrão,Até o Bimestre (c),TransferenciasCorrentesDeInstituicoesPrivadas,Transferências de Instituições Privadas,30346115.5,Bahia
2018,RREO,6,B,Governo do Estado da Bahia,29,BA,15276566,RREO-Anexo 01,E,Padrão,Até o Bimestre (c),TransferenciasCorrentesDoExterior,Transferências do Exterior,53490.51,Bahia
2018,RREO,6,B,Governo do Estado da Bahia,29,BA,15276566,RREO-Anexo 01,E,Padrão,Até o Bimestre (c),TransferenciasDeCapital,TRANSFERÊNCIAS DE CAPITAL,546230188.97,Bahia
2018,RREO,6,B,Governo do Estado da Bahia,29,BA,15276566,RREO-Anexo 01,E,Padrão,Até o Bimestre (c),TransferenciasDeCapitalDaUniaoEDeSuasEntidades,Transferências da União e de suas Entidades,546225573.97,Bahia
2018,RREO,6,B,Governo do Estado da Bahia,29,BA,15276566,RREO-Anexo 01,E,Padrão,Até o Bimestre (c),TransferenciasDeCapitalDeInstituicoesPrivadas,Transferências de Instituições Privadas,4615.0,Bahia
2019,RREO,1,B,Governo do Estado da Bahia,29,BA,14812617,RREO-Anexo 01,E,Padrão,Até o Bimestre (c),TransferenciasCorrentes,TRANSFERÊNCIAS CORRENTES,2502557186.95,Bahia
2019,RREO,1,B,Governo do Estado da Bahia,29,BA,14812617,RREO-Anexo 01,E,Padrão,Até o Bimestre (c),TransferenciasCorrentesDaUniaoEDeSuasEntidades,Transferências da União e de suas Entidades,2097306566.64,Bahia
2019,RREO,1,B,Governo do Estado da Bahia,29,BA,14812617,RREO-Anexo 01,E,Padrão,Até o Bimestre (c),TransferenciasCorrentesDeInstituicoesPrivadas,Transferências de Instituições Privadas,1220075.75,Bahia
2019,RREO,1,B,Governo do Estado da Bahia,29,BA,14812617,RREO-Anexo 01,E,Padrão,Até o Bimestre (c),TransferenciasCorrentesDeOutrasInstituicoesPublicas,Transferências de Outras Instituições Públicas,403967562.14,Bahia
2019,RREO,1,B,Governo do Estado da Bahia,29,BA,14812617,RREO-Anexo 01,E,Padrão,Até o Bimestre (c),TransferenciasCorrentesDoExterior,Transferências do Exterior,62982.42,Bahia
2019,RREO,1,B,Governo do Estado da Bahia,29,BA,14812617,RREO-Anexo 01,E,Padrão,Até o Bimestre (c),TransferenciasDeCapital,TRANSFERÊNCIAS DE CAPITAL,5370251.58,Bahia
2019,RREO,1,B,Governo do Estado da Bahia,29,BA,14812617,RREO-Anexo 01,E,Padrão,Até o Bimestre (c),TransferenciasDeCapitalDaUniaoEDeSuasEntidades,Transferências da União e de suas Entidades,5370251.58,Bahia
2019,RREO,2,B,Governo do Estado da Bahia,29,BA,14812617,RREO-Anexo 01,E,Padrão,Até o Bimestre (c),TransferenciasCorrentes,TRANSFERÊNCIAS CORRENTES,4606578584.34,Bahia
2019,RREO,2,B,Governo do Estado da Bahia,29,BA,14812617,RREO-Anexo 01,E,Padrão,Até o Bimestre (c),TransferenciasCorrentesDaUniaoEDeSuasEntidades,Transferências da União e de suas Entidades,3788462955.82,Bahia
2019,RREO,2,B,Governo do Estado da Bahia,29,BA,14812617,RREO-Anexo 01,E,Padrão,Até o Bimestre (c),TransferenciasCorrentesDeInstituicoesPrivadas,Transferências de Instituições Privadas,2277657.82,Bahia
2019,RREO,2,B,Governo do Estado da Bahia,29,BA,14812617,RREO-Anexo 01,E,Padrão,Até o Bimestre (c),TransferenciasCorrentesDeOutrasInstituicoesPublicas,Transferências de Outras Instituições Públicas,815774988.28,Bahia
2019,RREO,2,B,Governo do Estado da Bahia,29,BA,14812617,RREO-Anexo 01,E,Padrão,Até o Bimestre (c),TransferenciasCorrentesDoExterior,Transferências do Exterior,62982.42,Bahia
2019,RREO,2,B,Governo do Estado da Bahia,29,BA,14812617,RREO-Anexo 01,E,Padrão,Até o Bimestre (c),TransferenciasDeCapital,TRANSFERÊNCIAS DE CAPITAL,17067254.25,Bahia
2019,RREO,2,B,Governo do Estado da Bahia,29,BA,14812617,RREO-Anexo 01,E,Padrão,Até o Bimestre (c),TransferenciasDeCapitalDaUniaoEDeSuasEntidades,Transferências da União e de suas Entidades,17067254.25,Bahia
2019,RREO,3,B,Governo do Estado da Bahia,29,BA,14812617,RREO-Anexo 01,E,Padrão,Até o Bimestre (c),TransferenciasCorrentes,TRANSFERÊNCIAS CORRENTES,6785444923.89,Bahia
2019,RREO,3,B,Governo do Estado da Bahia,29,BA,14812617,RREO-Anexo 01,E,Padrão,Até o Bimestre (c),TransferenciasCorrentesDaUniaoEDeSuasEntidades,Transferências da União e de suas Entidades,5548638154.08,Bahia
2019,RREO,3,B,Governo do Estado da Bahia,29,BA,14812617,RREO-Anexo 01,E,Padrão,Até o Bimestre (c),TransferenciasCorrentesDeInstituicoesPrivadas,Transferências de Instituições Privadas,5927860.24,Bahia
2019,RREO,3,B,Governo do Estado da Bahia,29,BA,14812617,RREO-Anexo 01,E,Padrão,Até o Bimestre (c),TransferenciasCorrentesDeOutrasInstituicoesPublicas,Transferências de Outras Instituições Públicas,1230815927.15,Bahia
2019,RREO,3,B,Governo do Estado da Bahia,29,BA,14812617,RREO-Anexo 01,E,Padrão,Até o Bimestre (c),TransferenciasCorrentesDoExterior,Transferências do Exterior,62982.42,Bahia
2019,RREO,3,B,Governo do Estado da Bahia,29,BA,14812617,RREO-Anexo 01,E,Padrão,Até o Bimestre (c),TransferenciasDeCapital,TRANSFERÊNCIAS DE CAPITAL,53071114.28,Bahia
2019,RREO,3,B,Governo do Estado da Bahia,29,BA,14812617,RREO-Anexo 01,E,Padrão,Até o Bimestre (c),TransferenciasDeCapitalDaUniaoEDeSuasEntidades,Transferências da União e de suas Entidades,46303715.13,Bahia
2019,RREO,3,B,Governo do Estado da Bahia,29,BA,14812617,RREO-Anexo 01,E,Padrão,Até o Bimestre (c),TransferenciasDeCapitalDeInstituicoesPrivadas,Transferências de Instituições Privadas,6767399.15,Bahia
2019,RREO,4,B,Governo do Estado da Bahia,29,BA,14812617,RREO-Anexo 01,E,Padrão,Até o Bimestre (c),TransferenciasCorrentes,TRANSFERÊNCIAS CORRENTES,8730236296.55,Bahia
2019,RREO,4,B,Governo do Estado da Bahia,29,BA,14812617,RREO-Anexo 01,E,Padrão,Até o Bimestre (c),TransferenciasCorrentesDaUniaoEDeSuasEntidades,Transferências da União e de suas Entidades,7094922613.21,Bahia
2019,RREO,4,B,Governo do Estado da Bahia,29,BA,14812617,RREO-Anexo 01,E,Padrão,Até o Bimestre (c),TransferenciasCorrentesDosMunicipiosEDeSuasEntidades,Transferências dos Municípios e de suas Entidades,212500.0,Bahia
2019,RREO,4,B,Governo do Estado da Bahia,29,BA,14812617,RREO-Anexo 01,E,Padrão,Até o Bimestre (c),TransferenciasCorrentesDeInstituicoesPrivadas,Transferências de Instituições Privadas,7435494.58,Bahia
2019,RREO,4,B,Governo do Estado da Bahia,29,BA,14812617,RREO-Anexo 01,E,Padrão,Até o Bimestre (c),TransferenciasCorrentesDeOutrasInstituicoesPublicas,Transferências de Outras Instituições Públicas,1627469804.36,Bahia
2019,RREO,4,B,Governo do Estado da Bahia,29,BA,14812617,RREO-Anexo 01,E,Padrão,Até o Bimestre (c),TransferenciasCorrentesDoExterior,Transferências do Exterior,195884.4,Bahia
2019,RREO,4,B,Governo do Estado da Bahia,29,BA,14812617,RREO-Anexo 01,E,Padrão,Até o Bimestre (c),TransferenciasDeCapital,TRANSFERÊNCIAS DE CAPITAL,106572690.17,Bahia
2019,RREO,4,B,Governo do Estado da Bahia,29,BA,14812617,RREO-Anexo 01,E,Padrão,Até o Bimestre (c),TransferenciasDeCapitalDaUniaoEDeSuasEntidades,Transferências da União e de suas Entidades,98615491.44,Bahia
2019,RREO,4,B,Governo do Estado da Bahia,29,BA,14812617,RREO-Anexo 01,E,Padrão,Até o Bimestre (c),TransferenciasDeCapitalDeInstituicoesPrivadas,Transferências de Instituições Privadas,7957198.73,Bahia
2019,RREO,5,B,Governo do Estado da Bahia,29,BA,14812617,RREO-Anexo 01,E,Padrão,Até o Bimestre (c),TransferenciasCorrentes,TRANSFERÊNCIAS CORRENTES,10642416676.94,Bahia
2019,RREO,5,B,Governo do Estado da Bahia,29,BA,14812617,RREO-Anexo 01,E,Padrão,Até o Bimestre (c),TransferenciasCorrentesDaUniaoEDeSuasEntidades,Transferências da União e de suas Entidades,8612754285.76,Bahia
2019,RREO,5,B,Governo do Estado da Bahia,29,BA,14812617,RREO-Anexo 01,E,Padrão,Até o Bimestre (c),TransferenciasCorrentesDosMunicipiosEDeSuasEntidades,Transferências dos Municípios e de suas Entidades,434353.63,Bahia
2019,RREO,5,B,Governo do Estado da Bahia,29,BA,14812617,RREO-Anexo 01,E,Padrão,Até o Bimestre (c),TransferenciasCorrentesDeInstituicoesPrivadas,Transferências de Instituições Privadas,8962707.12,Bahia
2019,RREO,5,B,Governo do Estado da Bahia,29,BA,14812617,RREO-Anexo 01,E,Padrão,Até o Bimestre (c),TransferenciasCorrentesDeOutrasInstituicoesPublicas,Transferências de Outras Instituições Públicas,2020046916.53,Bahia
2019,RREO,5,B,Governo do Estado da Bahia,29,BA,14812617,RREO-Anexo 01,E,Padrão,Até o Bimestre (c),TransferenciasCorrentesDoExterior,Transferências do Exterior,218413.9,Bahia
2019,RREO,5,B,Governo do Estado da Bahia,29,BA,14812617,RREO-Anexo 01,E,Padrão,Até o Bimestre (c),TransferenciasDeCapital,TRANSFERÊNCIAS DE CAPITAL,126375713.74,Bahia
2019,RREO,5,B,Governo do Estado da Bahia,29,BA,14812617,RREO-Anexo 01,E,Padrão,Até o Bimestre (c),TransferenciasDeCapitalDaUniaoEDeSuasEntidades,Transferências da União e de suas Entidades,118418515.01,Bahia
2019,RREO,5,B,Governo do Estado da Bahia,29,BA,14812617,RREO-Anexo 01,E,Padrão,Até o Bimestre (c),TransferenciasDeCapitalDeInstituicoesPrivadas,Transferências de Instituições Privadas,7957198.73,Bahia
2019,RREO,6,B,Governo do Estado da Bahia,29,BA,14812617,RREO-Anexo 01,E,Padrão,Até o Bimestre (c),TransferenciasCorrentes,TRANSFERÊNCIAS CORRENTES,13487444084.26,Bahia
2019,RREO,6,B,Governo do Estado da Bahia,29,BA,14812617,RREO-Anexo 01,E,Padrão,Até o Bimestre (c),TransferenciasCorrentesDaUniaoEDeSuasEntidades,Transferências da União e de suas Entidades,10959090045.5,Bahia
2019,RREO,6,B,Governo do Estado da Bahia,29,BA,14812617,RREO-Anexo 01,E,Padrão,Até o Bimestre (c),TransferenciasCorrentesDosMunicipiosEDeSuasEntidades,Transferências dos Municípios e de suas Entidades,453553.63,Bahia
2019,RREO,6,B,Governo do Estado da Bahia,29,BA,14812617,RREO-Anexo 01,E,Padrão,Até o Bimestre (c),TransferenciasCorrentesDeInstituicoesPrivadas,Transferências de Instituições Privadas,11132154.26,Bahia
2019,RREO,6,B,Governo do Estado da Bahia,29,BA,14812617,RREO-Anexo 01,E,Padrão,Até o Bimestre (c),TransferenciasCorrentesDeOutrasInstituicoesPublicas,Transferências de Outras Instituições Públicas,2516549916.97,Bahia
2019,RREO,6,B,Governo do Estado da Bahia,29,BA,14812617,RREO-Anexo 01,E,Padrão,Até o Bimestre (c),TransferenciasCorrentesDoExterior,Transferências do Exterior,218413.9,Bahia
2019,RREO,6,B,Governo do Estado da Bahia,29,BA,14812617,RREO-Anexo 01,E,Padrão,Até o Bimestre (c),TransferenciasDeCapital,TRANSFERÊNCIAS DE CAPITAL,259745452.81,Bahia
2019,RREO,6,B,Governo do Estado da Bahia,29,BA,14812617,RREO-Anexo 01,E,Padrão,Até o Bimestre (c),TransferenciasDeCapitalDaUniaoEDeSuasEntidades,Transferências da União e de suas Entidades,250598454.5,Bahia
2019,RREO,6,B,Governo do Estado da Bahia,29,BA,14812617,RREO-Anexo 01,E,Padrão,Até o Bimestre (c),TransferenciasDeCapitalDeInstituicoesPrivadas,Transferências de Instituições Privadas,9146998.31,Bahia
2020,RREO,1,B,Governo do Estado da Bahia,29,BA,14873064,RREO-Anexo 01,E,Padrão,Até o Bimestre (c),TransferenciasCorrentes,TRANSFERÊNCIAS CORRENTES,2563820909.53,Bahia
2020,RREO,1,B,Governo do Estado da Bahia,29,BA,14873064,RREO-Anexo 01,E,Padrão,Até o Bimestre (c),TransferenciasCorrentesDaUniaoEDeSuasEntidades,Transferências da União e de suas Entidades,2146713896.2,Bahia
2020,RREO,1,B,Governo do Estado da Bahia,29,BA,14873064,RREO-Anexo 01,E,Padrão,Até o Bimestre (c),TransferenciasCorrentesDosMunicipiosEDeSuasEntidades,Transferências dos Municípios e de suas Entidades,19200.0,Bahia
2020,RREO,1,B,Governo do Estado da Bahia,29,BA,14873064,RREO-Anexo 01,E,Padrão,Até o Bimestre (c),TransferenciasCorrentesDeInstituicoesPrivadas,Transferências de Instituições Privadas,5330549.64,Bahia
2020,RREO,1,B,Governo do Estado da Bahia,29,BA,14873064,RREO-Anexo 01,E,Padrão,Até o Bimestre (c),TransferenciasCorrentesDeOutrasInstituicoesPublicas,Transferências de Outras Instituições Públicas,411757263.69,Bahia
2020,RREO,1,B,Governo do Estado da Bahia,29,BA,14873064,RREO-Anexo 01,E,Padrão,Até o Bimestre (c),TransferenciasDeCapital,TRANSFERÊNCIAS DE CAPITAL,16957391.84,Bahia
2020,RREO,1,B,Governo do Estado da Bahia,29,BA,14873064,RREO-Anexo 01,E,Padrão,Até o Bimestre (c),TransferenciasDeCapitalDaUniaoEDeSuasEntidades,Transferências da União e de suas Entidades,16957391.84,Bahia
2020,RREO,2,B,Governo do Estado da Bahia,29,BA,14873064,RREO-Anexo 01,E,Padrão,Até o Bimestre (c),TransferenciasCorrentes,TRANSFERÊNCIAS CORRENTES,4778235430.2,Bahia
2020,RREO,2,B,Governo do Estado da Bahia,29,BA,14873064,RREO-Anexo 01,E,Padrão,Até o Bimestre (c),TransferenciasCorrentesDaUniaoEDeSuasEntidades,Transferências da União e de suas Entidades,3939075347.84,Bahia
2020,RREO,2,B,Governo do Estado da Bahia,29,BA,14873064,RREO-Anexo 01,E,Padrão,Até o Bimestre (c),TransferenciasCorrentesDosMunicipiosEDeSuasEntidades,Transferências dos Municípios e de suas Entidades,49635.3,Bahia
2020,RREO,2,B,Governo do Estado da Bahia,29,BA,14873064,RREO-Anexo 01,E,Padrão,Até o Bimestre (c),TransferenciasCorrentesDeInstituicoesPrivadas,Transferências de Instituições Privadas,6170486.67,Bahia
2020,RREO,2,B,Governo do Estado da Bahia,29,BA,14873064,RREO-Anexo 01,E,Padrão,Até o Bimestre (c),TransferenciasCorrentesDeOutrasInstituicoesPublicas,Transferências de Outras Instituições Públicas,832933750.39,Bahia
2020,RREO,2,B,Governo do Estado da Bahia,29,BA,14873064,RREO-Anexo 01,E,Padrão,Até o Bimestre (c),TransferenciasCorrentesDePessoasFisicas,Transferências de Pessoas Físicas,6210.0,Bahia
2020,RREO,2,B,Governo do Estado da Bahia,29,BA,14873064,RREO-Anexo 01,E,Padrão,Até o Bimestre (c),TransferenciasDeCapital,TRANSFERÊNCIAS DE CAPITAL,141340543.95,Bahia
2020,RREO,2,B,Governo do Estado da Bahia,29,BA,14873064,RREO-Anexo 01,E,Padrão,Até o Bimestre (c),TransferenciasDeCapitalDaUniaoEDeSuasEntidades,Transferências da União e de suas Entidades,94100101.37,Bahia
2020,RREO,2,B,Governo do Estado da Bahia,29,BA,14873064,RREO-Anexo 01,E,Padrão,Até o Bimestre (c),TransferenciasdeCapitalDosMunicipiosEDeSuasEntidades,Transferências dos Municípios e de suas Entidades,50000.0,Bahia
2020,RREO,2,B,Governo do Estado da Bahia,29,BA,14873064,RREO-Anexo 01,E,Padrão,Até o Bimestre (c),TransferenciasDeCapitalDeOutrasInstituicoesPublicas,Transferências de Outras Instituições Públicas,47190442.58,Bahia
2020,RREO,3,B,Governo do Estado da Bahia,29,BA,14873064,RREO-Anexo 01,E,Padrão,Até o Bimestre (c),TransferenciasCorrentes,TRANSFERÊNCIAS CORRENTES,7436697037.03,Bahia
2020,RREO,3,B,Governo do Estado da Bahia,29,BA,14873064,RREO-Anexo 01,E,Padrão,Até o Bimestre (c),TransferenciasCorrentesDaUniaoEDeSuasEntidades,Transferências da União e de suas Entidades,6277543249.36,Bahia
2020,RREO,3,B,Governo do Estado da Bahia,29,BA,14873064,RREO-Anexo 01,E,Padrão,Até o Bimestre (c),TransferenciasCorrentesDosMunicipiosEDeSuasEntidades,Transferências dos Municípios e de suas Entidades,201879.3,Bahia
2020,RREO,3,B,Governo do Estado da Bahia,29,BA,14873064,RREO-Anexo 01,E,Padrão,Até o Bimestre (c),TransferenciasCorrentesDeInstituicoesPrivadas,Transferências de Instituições Privadas,8623847.91,Bahia
2020,RREO,3,B,Governo do Estado da Bahia,29,BA,14873064,RREO-Anexo 01,E,Padrão,Até o Bimestre (c),TransferenciasCorrentesDeOutrasInstituicoesPublicas,Transferências de Outras Instituições Públicas,1150320550.46,Bahia
2020,RREO,3,B,Governo do Estado da Bahia,29,BA,14873064,RREO-Anexo 01,E,Padrão,Até o Bimestre (c),TransferenciasCorrentesDePessoasFisicas,Transferências de Pessoas Físicas,7510.0,Bahia
2020,RREO,3,B,Governo do Estado da Bahia,29,BA,14873064,RREO-Anexo 01,E,Padrão,Até o Bimestre (c),TransferenciasDeCapital,TRANSFERÊNCIAS DE CAPITAL,241957674.51,Bahia
2020,RREO,3,B,Governo do Estado da Bahia,29,BA,14873064,RREO-Anexo 01,E,Padrão,Até o Bimestre (c),TransferenciasDeCapitalDaUniaoEDeSuasEntidades,Transferências da União e de suas Entidades,193407436.03,Bahia
2020,RREO,3,B,Governo do Estado da Bahia,29,BA,14873064,RREO-Anexo 01,E,Padrão,Até o Bimestre (c),TransferenciasdeCapitalDosMunicipiosEDeSuasEntidades,Transferências dos Municípios e de suas Entidades,50000.0,Bahia
2020,RREO,3,B,Governo do Estado da Bahia,29,BA,14873064,RREO-Anexo 01,E,Padrão,Até o Bimestre (c),TransferenciasDeCapitalDeInstituicoesPrivadas,Transferências de Instituições Privadas,1290508.26,Bahia
2020,RREO,3,B,Governo do Estado da Bahia,29,BA,14873064,RREO-Anexo 01,E,Padrão,Até o Bimestre (c),TransferenciasDeCapitalDeOutrasInstituicoesPublicas,Transferências de Outras Instituições Públicas,47209730.22,Bahia
2020,RREO,4,B,Governo do Estado da Bahia,29,BA,14873064,RREO-Anexo 01,E,Padrão,Até o Bimestre (c),TransferenciasCorrentes,TRANSFERÊNCIAS CORRENTES,10562451573.18,Bahia
2020,RREO,4,B,Governo do Estado da Bahia,29,BA,14873064,RREO-Anexo 01,E,Padrão,Até o Bimestre (c),TransferenciasCorrentesDaUniaoEDeSuasEntidades,Transferências da União e de suas Entidades,9038050269.65,Bahia
2020,RREO,4,B,Governo do Estado da Bahia,29,BA,14873064,RREO-Anexo 01,E,Padrão,Até o Bimestre (c),TransferenciasCorrentesDosMunicipiosEDeSuasEntidades,Transferências dos Municípios e de suas Entidades,201879.3,Bahia
2020,RREO,4,B,Governo do Estado da Bahia,29,BA,14873064,RREO-Anexo 01,E,Padrão,Até o Bimestre (c),TransferenciasCorrentesDeInstituicoesPrivadas,Transferências de Instituições Privadas,9887203.04,Bahia
2020,RREO,4,B,Governo do Estado da Bahia,29,BA,14873064,RREO-Anexo 01,E,Padrão,Até o Bimestre (c),TransferenciasCorrentesDeOutrasInstituicoesPublicas,Transferências de Outras Instituições Públicas,1514303211.19,Bahia
2020,RREO,4,B,Governo do Estado da Bahia,29,BA,14873064,RREO-Anexo 01,E,Padrão,Até o Bimestre (c),TransferenciasCorrentesDePessoasFisicas,Transferências de Pessoas Físicas,9010.0,Bahia
2020,RREO,4,B,Governo do Estado da Bahia,29,BA,14873064,RREO-Anexo 01,E,Padrão,Até o Bimestre (c),TransferenciasDeCapital,TRANSFERÊNCIAS DE CAPITAL,286236557.08,Bahia
2020,RREO,4,B,Governo do Estado da Bahia,29,BA,14873064,RREO-Anexo 01,E,Padrão,Até o Bimestre (c),TransferenciasDeCapitalDaUniaoEDeSuasEntidades,Transferências da União e de suas Entidades,237686318.6,Bahia
2020,RREO,4,B,Governo do Estado da Bahia,29,BA,14873064,RREO-Anexo 01,E,Padrão,Até o Bimestre (c),TransferenciasdeCapitalDosMunicipiosEDeSuasEntidades,Transferências dos Municípios e de suas Entidades,50000.0,Bahia
2020,RREO,4,B,Governo do Estado da Bahia,29,BA,14873064,RREO-Anexo 01,E,Padrão,Até o Bimestre (c),TransferenciasDeCapitalDeInstituicoesPrivadas,Transferências de Instituições Privadas,1290508.26,Bahia
2020,RREO,4,B,Governo do Estado da Bahia,29,BA,14873064,RREO-Anexo 01,E,Padrão,Até o Bimestre (c),TransferenciasDeCapitalDeOutrasInstituicoesPublicas,Transferências de Outras Instituições Públicas,47209730.22,Bahia
2020,RREO,5,B,Governo do Estado da Bahia,29,BA,14873064,RREO-Anexo 01,E,Padrão,Até o Bimestre (c),TransferenciasCorrentes,TRANSFERÊNCIAS CORRENTES,13324636996.54,Bahia
2020,RREO,5,B,Governo do Estado da Bahia,29,BA,14873064,RREO-Anexo 01,E,Padrão,Até o Bimestre (c),TransferenciasCorrentesDaUniaoEDeSuasEntidades,Transferências da União e de suas Entidades,11392995252.73,Bahia
2020,RREO,5,B,Governo do Estado da Bahia,29,BA,14873064,RREO-Anexo 01,E,Padrão,Até o Bimestre (c),TransferenciasCorrentesDosMunicipiosEDeSuasEntidades,Transferências dos Municípios e de suas Entidades,201879.3,Bahia
2020,RREO,5,B,Governo do Estado da Bahia,29,BA,14873064,RREO-Anexo 01,E,Padrão,Até o Bimestre (c),TransferenciasCorrentesDeInstituicoesPrivadas,Transferências de Instituições Privadas,10979003.95,Bahia
2020,RREO,5,B,Governo do Estado da Bahia,29,BA,14873064,RREO-Anexo 01,E,Padrão,Até o Bimestre (c),TransferenciasCorrentesDeOutrasInstituicoesPublicas,Transferências de Outras Instituições Públicas,1920451150.56,Bahia
2020,RREO,5,B,Governo do Estado da Bahia,29,BA,14873064,RREO-Anexo 01,E,Padrão,Até o Bimestre (c),TransferenciasCorrentesDePessoasFisicas,Transferências de Pessoas Físicas,9710.0,Bahia
2020,RREO,5,B,Governo do Estado da Bahia,29,BA,14873064,RREO-Anexo 01,E,Padrão,Até o Bimestre (c),TransferenciasDeCapital,TRANSFERÊNCIAS DE CAPITAL,257765521.87,Bahia
2020,RREO,5,B,Governo do Estado da Bahia,29,BA,14873064,RREO-Anexo 01,E,Padrão,Até o Bimestre (c),TransferenciasDeCapitalDaUniaoEDeSuasEntidades,Transferências da União e de suas Entidades,251074132.15,Bahia
2020,RREO,5,B,Governo do Estado da Bahia,29,BA,14873064,RREO-Anexo 01,E,Padrão,Até o Bimestre (c),TransferenciasdeCapitalDosMunicipiosEDeSuasEntidades,Transferências dos Municípios e de suas Entidades,50000.0,Bahia
2020,RREO,5,B,Governo do Estado da Bahia,29,BA,14873064,RREO-Anexo 01,E,Padrão,Até o Bimestre (c),TransferenciasDeCapitalDeInstituicoesPrivadas,Transferências de Instituições Privadas,1290508.26,Bahia
2020,RREO,5,B,Governo do Estado da Bahia,29,BA,14873064,RREO-Anexo 01,E,Padrão,Até o Bimestre (c),TransferenciasDeCapitalDeOutrasInstituicoesPublicas,Transferências de Outras Instituições Públicas,5350881.46,Bahia
2020,RREO,6,B,Governo do Estado da Bahia,29,BA,14873064,RREO-Anexo 01,E,Padrão,Até o Bimestre (c),TransferenciasCorrentes,TRANSFERÊNCIAS CORRENTES,15894046869.6,Bahia
2020,RREO,6,B,Governo do Estado da Bahia,29,BA,14873064,RREO-Anexo 01,E,Padrão,Até o Bimestre (c),TransferenciasCorrentesDaUniaoEDeSuasEntidades,Transferências da União e de suas Entidades,13427003005.28,Bahia
2020,RREO,6,B,Governo do Estado da Bahia,29,BA,14873064,RREO-Anexo 01,E,Padrão,Até o Bimestre (c),TransferenciasCorrentesDosMunicipiosEDeSuasEntidades,Transferências dos Municípios e de suas Entidades,201879.3,Bahia
2020,RREO,6,B,Governo do Estado da Bahia,29,BA,14873064,RREO-Anexo 01,E,Padrão,Até o Bimestre (c),TransferenciasCorrentesDeInstituicoesPrivadas,Transferências de Instituições Privadas,14643882.05,Bahia
2020,RREO,6,B,Governo do Estado da Bahia,29,BA,14873064,RREO-Anexo 01,E,Padrão,Até o Bimestre (c),TransferenciasCorrentesDeOutrasInstituicoesPublicas,Transferências de Outras Instituições Públicas,2451847586.67,Bahia
2020,RREO,6,B,Governo do Estado da Bahia,29,BA,14873064,RREO-Anexo 01,E,Padrão,Até o Bimestre (c),TransferenciasCorrentesDoExterior,Transferências do Exterior,61235.38,Bahia
2020,RREO,6,B,Governo do Estado da Bahia,29,BA,14873064,RREO-Anexo 01,E,Padrão,Até o Bimestre (c),TransferenciasCorrentesDePessoasFisicas,Transferências de Pessoas Físicas,289280.92,Bahia
2020,RREO,6,B,Governo do Estado da Bahia,29,BA,14873064,RREO-Anexo 01,E,Padrão,Até o Bimestre (c),TransferenciasDeCapital,TRANSFERÊNCIAS DE CAPITAL,403791808.8,Bahia
2020,RREO,6,B,Governo do Estado da Bahia,29,BA,14873064,RREO-Anexo 01,E,Padrão,Até o Bimestre (c),TransferenciasDeCapitalDaUniaoEDeSuasEntidades,Transferências da União e de suas Entidades,402432012.9,Bahia
2020,RREO,6,B,Governo do Estado da Bahia,29,BA,14873064,RREO-Anexo 01,E,Padrão,Até o Bimestre (c),TransferenciasdeCapitalDosMunicipiosEDeSuasEntidades,Transferências dos Municípios e de suas Entidades,50000.0,Bahia
2020,RREO,6,B,Governo do Estado da Bahia,29,BA,14873064,RREO-Anexo 01,E,Padrão,Até o Bimestre (c),TransferenciasDeCapitalDeInstituicoesPrivadas,Transferências de Instituições Privadas,1290508.26,Bahia
2020,RREO,6,B,Governo do Estado da Bahia,29,BA,14873064,RREO-Anexo 01,E,Padrão,Até o Bimestre (c),TransferenciasDeCapitalDeOutrasInstituicoesPublicas,Transferências de Outras Instituições Públicas,19287.64,Bahia
2021,RREO,1,B,Governo do Estado da Bahia,29,BA,14930634,RREO-Anexo 01,E,Padrão,Até o Bimestre (c),TransferenciasCorrentes,TRANSFERÊNCIAS CORRENTES,3040021958.59,Bahia
2021,RREO,1,B,Governo do Estado da Bahia,29,BA,14930634,RREO-Anexo 01,E,Padrão,Até o Bimestre (c),TransferenciasCorrentesDaUniaoEDeSuasEntidades,Transferências da União e de suas Entidades,2556601964.06,Bahia
2021,RREO,1,B,Governo do Estado da Bahia,29,BA,14930634,RREO-Anexo 01,E,Padrão,Até o Bimestre (c),TransferenciasCorrentesDeInstituicoesPrivadas,Transferências de Instituições Privadas,5406862.9,Bahia
2021,RREO,1,B,Governo do Estado da Bahia,29,BA,14930634,RREO-Anexo 01,E,Padrão,Até o Bimestre (c),TransferenciasCorrentesDeOutrasInstituicoesPublicas,Transferências de Outras Instituições Públicas,477861891.64,Bahia
2021,RREO,1,B,Governo do Estado da Bahia,29,BA,14930634,RREO-Anexo 01,E,Padrão,Até o Bimestre (c),TransferenciasCorrentesDoExterior,Transferências do Exterior,148114.99,Bahia
2021,RREO,1,B,Governo do Estado da Bahia,29,BA,14930634,RREO-Anexo 01,E,Padrão,Até o Bimestre (c),TransferenciasCorrentesDePessoasFisicas,Transferências de Pessoas Físicas,3125.0,Bahia
2021,RREO,1,B,Governo do Estado da Bahia,29,BA,14930634,RREO-Anexo 01,E,Padrão,Até o Bimestre (c),TransferenciasDeCapital,TRANSFERÊNCIAS DE CAPITAL,9606073.47,Bahia
2021,RREO,1,B,Governo do Estado da Bahia,29,BA,14930634,RREO-Anexo 01,E,Padrão,Até o Bimestre (c),TransferenciasDeCapitalDaUniaoEDeSuasEntidades,Transferências da União e de suas Entidades,9606073.47,Bahia
2021,RREO,2,B,Governo do Estado da Bahia,29,BA,14930634,RREO-Anexo 01,E,Padrão,Até o Bimestre (c),TransferenciasCorrentes,TRANSFERÊNCIAS CORRENTES,5521364685.2,Bahia
2021,RREO,2,B,Governo do Estado da Bahia,29,BA,14930634,RREO-Anexo 01,E,Padrão,Até o Bimestre (c),TransferenciasCorrentesDaUniaoEDeSuasEntidades,Transferências da União e de suas Entidades,4554093055.51,Bahia
2021,RREO,2,B,Governo do Estado da Bahia,29,BA,14930634,RREO-Anexo 01,E,Padrão,Até o Bimestre (c),TransferenciasCorrentesDeInstituicoesPrivadas,Transferências de Instituições Privadas,9173284.94,Bahia
2021,RREO,2,B,Governo do Estado da Bahia,29,BA,14930634,RREO-Anexo 01,E,Padrão,Até o Bimestre (c),TransferenciasCorrentesDeOutrasInstituicoesPublicas,Transferências de Outras Instituições Públicas,957889563.13,Bahia
2021,RREO,2,B,Governo do Estado da Bahia,29,BA,14930634,RREO-Anexo 01,E,Padrão,Até o Bimestre (c),TransferenciasCorrentesDoExterior,Transferências do Exterior,148114.99,Bahia
2021,RREO,2,B,Governo do Estado da Bahia,29,BA,14930634,RREO-Anexo 01,E,Padrão,Até o Bimestre (c),TransferenciasCorrentesDePessoasFisicas,Transferências de Pessoas Físicas,60666.63,Bahia
2021,RREO,2,B,Governo do Estado da Bahia,29,BA,14930634,RREO-Anexo 01,E,Padrão,Até o Bimestre (c),TransferenciasDeCapital,TRANSFERÊNCIAS DE CAPITAL,17516725.62,Bahia
2021,RREO,2,B,Governo do Estado da Bahia,29,BA,14930634,RREO-Anexo 01,E,Padrão,Até o Bimestre (c),TransferenciasDeCapitalDaUniaoEDeSuasEntidades,Transferências da União e de suas Entidades,17516725.62,Bahia
2021,RREO,3,B,Governo do Estado da Bahia,29,BA,14930634,RREO-Anexo 01,E,Padrão,Até o Bimestre (c),TransferenciasCorrentes,TRANSFERÊNCIAS CORRENTES,8341847597.05,Bahia
2021,RREO,3,B,Governo do Estado da Bahia,29,BA,14930634,RREO-Anexo 01,E,Padrão,Até o Bimestre (c),TransferenciasCorrentesDaUniaoEDeSuasEntidades,Transferências da União e de suas Entidades,6768283003.43,Bahia
2021,RREO,3,B,Governo do Estado da Bahia,29,BA,14930634,RREO-Anexo 01,E,Padrão,Até o Bimestre (c),TransferenciasCorrentesDeInstituicoesPrivadas,Transferências de Instituições Privadas,11757825.43,Bahia
2021,RREO,3,B,Governo do Estado da Bahia,29,BA,14930634,RREO-Anexo 01,E,Padrão,Até o Bimestre (c),TransferenciasCorrentesDeOutrasInstituicoesPublicas,Transferências de Outras Instituições Públicas,1561527351.47,Bahia
2021,RREO,3,B,Governo do Estado da Bahia,29,BA,14930634,RREO-Anexo 01,E,Padrão,Até o Bimestre (c),TransferenciasCorrentesDoExterior,Transferências do Exterior,212334.99,Bahia
2021,RREO,3,B,Governo do Estado da Bahia,29,BA,14930634,RREO-Anexo 01,E,Padrão,Até o Bimestre (c),TransferenciasCorrentesDePessoasFisicas,Transferências de Pessoas Físicas,67081.73,Bahia
2021,RREO,3,B,Governo do Estado da Bahia,29,BA,14930634,RREO-Anexo 01,E,Padrão,Até o Bimestre (c),TransferenciasDeCapital,TRANSFERÊNCIAS DE CAPITAL,55460286.33,Bahia
2021,RREO,3,B,Governo do Estado da Bahia,29,BA,14930634,RREO-Anexo 01,E,Padrão,Até o Bimestre (c),TransferenciasDeCapitalDaUniaoEDeSuasEntidades,Transferências da União e de suas Entidades,55460286.33,Bahia
2021,RREO,4,B,Governo do Estado da Bahia,29,BA,14930634,RREO-Anexo 01,E,Padrão,Até o Bimestre (c),TransferenciasCorrentes,TRANSFERÊNCIAS CORRENTES,10937777751.85,Bahia
2021,RREO,4,B,Governo do Estado da Bahia,29,BA,14930634,RREO-Anexo 01,E,Padrão,Até o Bimestre (c),TransferenciasCorrentesDaUniaoEDeSuasEntidades,Transferências da União e de suas Entidades,8839752268.73,Bahia
2021,RREO,4,B,Governo do Estado da Bahia,29,BA,14930634,RREO-Anexo 01,E,Padrão,Até o Bimestre (c),TransferenciasCorrentesDeInstituicoesPrivadas,Transferências de Instituições Privadas,13372483.66,Bahia
2021,RREO,4,B,Governo do Estado da Bahia,29,BA,14930634,RREO-Anexo 01,E,Padrão,Até o Bimestre (c),TransferenciasCorrentesDeOutrasInstituicoesPublicas,Transferências de Outras Instituições Públicas,2084421372.37,Bahia
2021,RREO,4,B,Governo do Estado da Bahia,29,BA,14930634,RREO-Anexo 01,E,Padrão,Até o Bimestre (c),TransferenciasCorrentesDoExterior,Transferências do Exterior,212334.99,Bahia
2021,RREO,4,B,Governo do Estado da Bahia,29,BA,14930634,RREO-Anexo 01,E,Padrão,Até o Bimestre (c),TransferenciasCorrentesDePessoasFisicas,Transferências de Pessoas Físicas,19292.1,Bahia
2021,RREO,4,B,Governo do Estado da Bahia,29,BA,14930634,RREO-Anexo 01,E,Padrão,Até o Bimestre (c),TransferenciasDeCapital,TRANSFERÊNCIAS DE CAPITAL,154819029.6,Bahia
2021,RREO,4,B,Governo do Estado da Bahia,29,BA,14930634,RREO-Anexo 01,E,Padrão,Até o Bimestre (c),TransferenciasDeCapitalDaUniaoEDeSuasEntidades,Transferências da União e de suas Entidades,154819029.6,Bahia
2021,RREO,5,B,Governo do Estado da Bahia,29,BA,14930634,RREO-Anexo 01,E,Padrão,Até o Bimestre (c),TransferenciasCorrentes,TRANSFERÊNCIAS CORRENTES,13558657640.79,Bahia
2021,RREO,5,B,Governo do Estado da Bahia,29,BA,14930634,RREO-Anexo 01,E,Padrão,Até o Bimestre (c),TransferenciasCorrentesDaUniaoEDeSuasEntidades,Transferências da União e de suas Entidades,10911601166.73,Bahia
2021,RREO,5,B,Governo do Estado da Bahia,29,BA,14930634,RREO-Anexo 01,E,Padrão,Até o Bimestre (c),TransferenciasCorrentesDosMunicipiosEDeSuasEntidades,Transferências dos Municípios e de suas Entidades,57600.0,Bahia
2021,RREO,5,B,Governo do Estado da Bahia,29,BA,14930634,RREO-Anexo 01,E,Padrão,Até o Bimestre (c),TransferenciasCorrentesDeInstituicoesPrivadas,Transferências de Instituições Privadas,15434878.1,Bahia
2021,RREO,5,B,Governo do Estado da Bahia,29,BA,14930634,RREO-Anexo 01,E,Padrão,Até o Bimestre (c),TransferenciasCorrentesDeOutrasInstituicoesPublicas,Transferências de Outras Instituições Públicas,2631290558.21,Bahia
2021,RREO,5,B,Governo do Estado da Bahia,29,BA,14930634,RREO-Anexo 01,E,Padrão,Até o Bimestre (c),TransferenciasCorrentesDoExterior,Transferências do Exterior,247278.53,Bahia
2021,RREO,5,B,Governo do Estado da Bahia,29,BA,14930634,RREO-Anexo 01,E,Padrão,Até o Bimestre (c),TransferenciasCorrentesDePessoasFisicas,Transferências de Pessoas Físicas,26159.22,Bahia
2021,RREO,5,B,Governo do Estado da Bahia,29,BA,14930634,RREO-Anexo 01,E,Padrão,Até o Bimestre (c),TransferenciasDeCapital,TRANSFERÊNCIAS DE CAPITAL,171336216.66,Bahia
2021,RREO,5,B,Governo do Estado da Bahia,29,BA,14930634,RREO-Anexo 01,E,Padrão,Até o Bimestre (c),TransferenciasDeCapitalDaUniaoEDeSuasEntidades,Transferências da União e de suas Entidades,171336216.66,Bahia
2021,RREO,6,B,Governo do Estado da Bahia,29,BA,14930634,RREO-Anexo 01,E,Padrão,Até o Bimestre (c),TransferenciasCorrentes,TRANSFERÊNCIAS CORRENTES,16912988442.81,Bahia
2021,RREO,6,B,Governo do Estado da Bahia,29,BA,14930634,RREO-Anexo 01,E,Padrão,Até o Bimestre (c),TransferenciasCorrentesDaUniaoEDeSuasEntidades,Transferências da União e de suas Entidades,13569293572.89,Bahia
2021,RREO,6,B,Governo do Estado da Bahia,29,BA,14930634,RREO-Anexo 01,E,Padrão,Até o Bimestre (c),TransferenciasCorrentesDosMunicipiosEDeSuasEntidades,Transferências dos Municípios e de suas Entidades,57600.0,Bahia
2021,RREO,6,B,Governo do Estado da Bahia,29,BA,14930634,RREO-Anexo 01,E,Padrão,Até o Bimestre (c),TransferenciasCorrentesDeInstituicoesPrivadas,Transferências de Instituições Privadas,17123057.03,Bahia
2021,RREO,6,B,Governo do Estado da Bahia,29,BA,14930634,RREO-Anexo 01,E,Padrão,Até o Bimestre (c),TransferenciasCorrentesDeOutrasInstituicoesPublicas,Transferências de Outras Instituições Públicas,3326221710.14,Bahia
2021,RREO,6,B,Governo do Estado da Bahia,29,BA,14930634,RREO-Anexo 01,E,Padrão,Até o Bimestre (c),TransferenciasCorrentesDoExterior,Transferências do Exterior,247278.53,Bahia
2021,RREO,6,B,Governo do Estado da Bahia,29,BA,14930634,RREO-Anexo 01,E,Padrão,Até o Bimestre (c),TransferenciasCorrentesDePessoasFisicas,Transferências de Pessoas Físicas,45224.22,Bahia
2021,RREO,6,B,Governo do Estado da Bahia,29,BA,14930634,RREO-Anexo 01,E,Padrão,Até o Bimestre (c),TransferenciasDeCapital,TRANSFERÊNCIAS DE CAPITAL,248332149.64,Bahia
2021,RREO,6,B,Governo do Estado da Bahia,29,BA,14930634,RREO-Anexo 01,E,Padrão,Até o Bimestre (c),TransferenciasDeCapitalDaUniaoEDeSuasEntidades,Transferências da União e de suas Entidades,248332149.64,Bahia
2022,RREO,1,B,Governo do Estado da Bahia,29,BA,14985284,RREO-Anexo 01,E,Padrão,Até o Bimestre (c),TransferenciasCorrentes,TRANSFERÊNCIAS CORRENTES,3587971153.66,Bahia
2022,RREO,1,B,Governo do Estado da Bahia,29,BA,14985284,RREO-Anexo 01,E,Padrão,Até o Bimestre (c),TransferenciasCorrentesDaUniaoEDeSuasEntidades,Transferências da União e de suas Entidades,2951478717.58,Bahia
2022,RREO,1,B,Governo do Estado da Bahia,29,BA,14985284,RREO-Anexo 01,E,Padrão,Até o Bimestre (c),TransferenciasCorrentesDosMunicipiosEDeSuasEntidades,Transferências dos Municípios e de suas Entidades,180000.0,Bahia
2022,RREO,1,B,Governo do Estado da Bahia,29,BA,14985284,RREO-Anexo 01,E,Padrão,Até o Bimestre (c),TransferenciasCorrentesDeInstituicoesPrivadas,Transferências de Instituições Privadas,6069072.3,Bahia
2022,RREO,1,B,Governo do Estado da Bahia,29,BA,14985284,RREO-Anexo 01,E,Padrão,Até o Bimestre (c),TransferenciasCorrentesDeOutrasInstituicoesPublicas,Transferências de Outras Instituições Públicas,630208251.95,Bahia
2022,RREO,1,B,Governo do Estado da Bahia,29,BA,14985284,RREO-Anexo 01,E,Padrão,Até o Bimestre (c),TransferenciasCorrentesDoExterior,Transferências do Exterior,34311.83,Bahia
2022,RREO,1,B,Governo do Estado da Bahia,29,BA,14985284,RREO-Anexo 01,E,Padrão,Até o Bimestre (c),OutrasTransferenciasCorrentes,Outras Transferências,800.0,Bahia
2022,RREO,1,B,Governo do Estado da Bahia,29,BA,14985284,RREO-Anexo 01,E,Padrão,Até o Bimestre (c),TransferenciasDeCapital,TRANSFERÊNCIAS DE CAPITAL,7033026.94,Bahia
2022,RREO,1,B,Governo do Estado da Bahia,29,BA,14985284,RREO-Anexo 01,E,Padrão,Até o Bimestre (c),TransferenciasDeCapitalDaUniaoEDeSuasEntidades,Transferências da União e de suas Entidades,6863026.94,Bahia
2022,RREO,1,B,Governo do Estado da Bahia,29,BA,14985284,RREO-Anexo 01,E,Padrão,Até o Bimestre (c),TransferenciasdeCapitalDosMunicipiosEDeSuasEntidades,Transferências dos Municípios e de suas Entidades,170000.0,Bahia
2022,RREO,2,B,Governo do Estado da Bahia,29,BA,14985284,RREO-Anexo 01,E,Padrão,Até o Bimestre (c),TransferenciasCorrentes,TRANSFERÊNCIAS CORRENTES,6795215420.81,Bahia
2022,RREO,2,B,Governo do Estado da Bahia,29,BA,14985284,RREO-Anexo 01,E,Padrão,Até o Bimestre (c),TransferenciasCorrentesDaUniaoEDeSuasEntidades,Transferências da União e de suas Entidades,5518872028.4,Bahia
2022,RREO,2,B,Governo do Estado da Bahia,29,BA,14985284,RREO-Anexo 01,E,Padrão,Até o Bimestre (c),TransferenciasCorrentesDosMunicipiosEDeSuasEntidades,Transferências dos Municípios e de suas Entidades,180000.0,Bahia
2022,RREO,2,B,Governo do Estado da Bahia,29,BA,14985284,RREO-Anexo 01,E,Padrão,Até o Bimestre (c),TransferenciasCorrentesDeInstituicoesPrivadas,Transferências de Instituições Privadas,8088289.08,Bahia
2022,RREO,2,B,Governo do Estado da Bahia,29,BA,14985284,RREO-Anexo 01,E,Padrão,Até o Bimestre (c),TransferenciasCorrentesDeOutrasInstituicoesPublicas,Transferências de Outras Instituições Públicas,1268033091.5,Bahia
2022,RREO,2,B,Governo do Estado da Bahia,29,BA,14985284,RREO-Anexo 01,E,Padrão,Até o Bimestre (c),TransferenciasCorrentesDoExterior,Transferências do Exterior,34311.83,Bahia
2022,RREO,2,B,Governo do Estado da Bahia,29,BA,14985284,RREO-Anexo 01,E,Padrão,Até o Bimestre (c),OutrasTransferenciasCorrentes,Outras Transferências,7700.0,Bahia
2022,RREO,2,B,Governo do Estado da Bahia,29,BA,14985284,RREO-Anexo 01,E,Padrão,Até o Bimestre (c),TransferenciasDeCapital,TRANSFERÊNCIAS DE CAPITAL,218334666.31,Bahia
2022,RREO,2,B,Governo do Estado da Bahia,29,BA,14985284,RREO-Anexo 01,E,Padrão,Até o Bimestre (c),TransferenciasDeCapitalDaUniaoEDeSuasEntidades,Transferências da União e de suas Entidades,218164666.31,Bahia
2022,RREO,2,B,Governo do Estado da Bahia,29,BA,14985284,RREO-Anexo 01,E,Padrão,Até o Bimestre (c),TransferenciasdeCapitalDosMunicipiosEDeSuasEntidades,Transferências dos Municípios e de suas Entidades,170000.0,Bahia
2022,RREO,3,B,Governo do Estado da Bahia,29,BA,14985284,RREO-Anexo 01,E,Padrão,Até o Bimestre (c),TransferenciasCorrentes,TRANSFERÊNCIAS CORRENTES,10401205379.37,Bahia
2022,RREO,3,B,Governo do Estado da Bahia,29,BA,14985284,RREO-Anexo 01,E,Padrão,Até o Bimestre (c),TransferenciasCorrentesDaUniaoEDeSuasEntidades,Transferências da União e de suas Entidades,8452477609.95,Bahia
2022,RREO,3,B,Governo do Estado da Bahia,29,BA,14985284,RREO-Anexo 01,E,Padrão,Até o Bimestre (c),TransferenciasCorrentesDosMunicipiosEDeSuasEntidades,Transferências dos Municípios e de suas Entidades,305000.0,Bahia
2022,RREO,3,B,Governo do Estado da Bahia,29,BA,14985284,RREO-Anexo 01,E,Padrão,Até o Bimestre (c),TransferenciasCorrentesDeInstituicoesPrivadas,Transferências de Instituições Privadas,10097870.98,Bahia
2022,RREO,3,B,Governo do Estado da Bahia,29,BA,14985284,RREO-Anexo 01,E,Padrão,Até o Bimestre (c),TransferenciasCorrentesDeOutrasInstituicoesPublicas,Transferências de Outras Instituições Públicas,1938260063.31,Bahia
2022,RREO,3,B,Governo do Estado da Bahia,29,BA,14985284,RREO-Anexo 01,E,Padrão,Até o Bimestre (c),TransferenciasCorrentesDoExterior,Transferências do Exterior,53785.13,Bahia
2022,RREO,3,B,Governo do Estado da Bahia,29,BA,14985284,RREO-Anexo 01,E,Padrão,Até o Bimestre (c),OutrasTransferenciasCorrentes,Outras Transferências,11050.0,Bahia
2022,RREO,3,B,Governo do Estado da Bahia,29,BA,14985284,RREO-Anexo 01,E,Padrão,Até o Bimestre (c),TransferenciasDeCapital,TRANSFERÊNCIAS DE CAPITAL,232751261.74,Bahia
2022,RREO,3,B,Governo do Estado da Bahia,29,BA,14985284,RREO-Anexo 01,E,Padrão,Até o Bimestre (c),TransferenciasDeCapitalDaUniaoEDeSuasEntidades,Transferências da União e de suas Entidades,232556261.74,Bahia
2022,RREO,3,B,Governo do Estado da Bahia,29,BA,14985284,RREO-Anexo 01,E,Padrão,Até o Bimestre (c),TransferenciasdeCapitalDosMunicipiosEDeSuasEntidades,Transferências dos Municípios e de suas Entidades,195000.0,Bahia
2022,RREO,4,B,Governo do Estado da Bahia,29,BA,14985284,RREO-Anexo 01,E,Padrão,Até o Bimestre (c),TransferenciasCorrentes,TRANSFERÊNCIAS CORRENTES,13506097666.26,Bahia
2022,RREO,4,B,Governo do Estado da Bahia,29,BA,14985284,RREO-Anexo 01,E,Padrão,Até o Bimestre (c),TransferenciasCorrentesDaUniaoEDeSuasEntidades,Transferências da União e de suas Entidades,10894053642.75,Bahia
2022,RREO,4,B,Governo do Estado da Bahia,29,BA,14985284,RREO-Anexo 01,E,Padrão,Até o Bimestre (c),TransferenciasCorrentesDosMunicipiosEDeSuasEntidades,Transferências dos Municípios e de suas Entidades,305000.0,Bahia
2022,RREO,4,B,Governo do Estado da Bahia,29,BA,14985284,RREO-Anexo 01,E,Padrão,Até o Bimestre (c),TransferenciasCorrentesDeInstituicoesPrivadas,Transferências de Instituições Privadas,10941139.26,Bahia
2022,RREO,4,B,Governo do Estado da Bahia,29,BA,14985284,RREO-Anexo 01,E,Padrão,Até o Bimestre (c),TransferenciasCorrentesDeOutrasInstituicoesPublicas,Transferências de Outras Instituições Públicas,2600730710.12,Bahia
2022,RREO,4,B,Governo do Estado da Bahia,29,BA,14985284,RREO-Anexo 01,E,Padrão,Até o Bimestre (c),TransferenciasCorrentesDoExterior,Transferências do Exterior,53749.13,Bahia
2022,RREO,4,B,Governo do Estado da Bahia,29,BA,14985284,RREO-Anexo 01,E,Padrão,Até o Bimestre (c),OutrasTransferenciasCorrentes,Outras Transferências,13425.0,Bahia
2022,RREO,4,B,Governo do Estado da Bahia,29,BA,14985284,RREO-Anexo 01,E,Padrão,Até o Bimestre (c),TransferenciasDeCapital,TRANSFERÊNCIAS DE CAPITAL,267037169.63,Bahia
2022,RREO,4,B,Governo do Estado da Bahia,29,BA,14985284,RREO-Anexo 01,E,Padrão,Até o Bimestre (c),TransferenciasDeCapitalDaUniaoEDeSuasEntidades,Transferências da União e de suas Entidades,266867169.63,Bahia
2022,RREO,4,B,Governo do Estado da Bahia,29,BA,14985284,RREO-Anexo 01,E,Padrão,Até o Bimestre (c),TransferenciasdeCapitalDosMunicipiosEDeSuasEntidades,Transferências dos Municípios e de suas Entidades,170000.0,Bahia
2022,RREO,5,B,Governo do Estado da Bahia,29,BA,14985284,RREO-Anexo 01,E,Padrão,Até o Bimestre (c),TransferenciasCorrentes,TRANSFERÊNCIAS CORRENTES,20403219813.07,Bahia
2022,RREO,5,B,Governo do Estado da Bahia,29,BA,14985284,RREO-Anexo 01,E,Padrão,Até o Bimestre (c),TransferenciasCorrentesDaUniaoEDeSuasEntidades,Transferências da União e de suas Entidades,17202530967.9,Bahia
2022,RREO,5,B,Governo do Estado da Bahia,29,BA,14985284,RREO-Anexo 01,E,Padrão,Até o Bimestre (c),TransferenciasCorrentesDosMunicipiosEDeSuasEntidades,Transferências dos Municípios e de suas Entidades,425000.0,Bahia
2022,RREO,5,B,Governo do Estado da Bahia,29,BA,14985284,RREO-Anexo 01,E,Padrão,Até o Bimestre (c),TransferenciasCorrentesDeInstituicoesPrivadas,Transferências de Instituições Privadas,18653614.92,Bahia
2022,RREO,5,B,Governo do Estado da Bahia,29,BA,14985284,RREO-Anexo 01,E,Padrão,Até o Bimestre (c),TransferenciasCorrentesDeOutrasInstituicoesPublicas,Transferências de Outras Instituições Públicas,3181540397.07,Bahia
2022,RREO,5,B,Governo do Estado da Bahia,29,BA,14985284,RREO-Anexo 01,E,Padrão,Até o Bimestre (c),TransferenciasCorrentesDoExterior,Transferências do Exterior,53749.13,Bahia
2022,RREO,5,B,Governo do Estado da Bahia,29,BA,14985284,RREO-Anexo 01,E,Padrão,Até o Bimestre (c),OutrasTransferenciasCorrentes,Outras Transferências,16084.05,Bahia
2022,RREO,5,B,Governo do Estado da Bahia,29,BA,14985284,RREO-Anexo 01,E,Padrão,Até o Bimestre (c),TransferenciasDeCapital,TRANSFERÊNCIAS DE CAPITAL,272056747.59,Bahia
2022,RREO,5,B,Governo do Estado da Bahia,29,BA,14985284,RREO-Anexo 01,E,Padrão,Até o Bimestre (c),TransferenciasDeCapitalDaUniaoEDeSuasEntidades,Transferências da União e de suas Entidades,271886747.59,Bahia
2022,RREO,5,B,Governo do Estado da Bahia,29,BA,14985284,RREO-Anexo 01,E,Padrão,Até o Bimestre (c),TransferenciasdeCapitalDosMunicipiosEDeSuasEntidades,Transferências dos Municípios e de suas Entidades,170000.0,Bahia
2022,RREO,6,B,Governo do Estado da Bahia,29,BA,14985284,RREO-Anexo 01,E,Padrão,Até o Bimestre (c),TransferenciasCorrentes,TRANSFERÊNCIAS CORRENTES,24014561409.56,Bahia
2022,RREO,6,B,Governo do Estado da Bahia,29,BA,14985284,RREO-Anexo 01,E,Padrão,Até o Bimestre (c),TransferenciasCorrentesDaUniaoEDeSuasEntidades,Transferências da União e de suas Entidades,20102279715.94,Bahia
2022,RREO,6,B,Governo do Estado da Bahia,29,BA,14985284,RREO-Anexo 01,E,Padrão,Até o Bimestre (c),TransferenciasCorrentesDosMunicipiosEDeSuasEntidades,Transferências dos Municípios e de suas Entidades,425000.0,Bahia
2022,RREO,6,B,Governo do Estado da Bahia,29,BA,14985284,RREO-Anexo 01,E,Padrão,Até o Bimestre (c),TransferenciasCorrentesDeInstituicoesPrivadas,Transferências de Instituições Privadas,20507573.3,Bahia
2022,RREO,6,B,Governo do Estado da Bahia,29,BA,14985284,RREO-Anexo 01,E,Padrão,Até o Bimestre (c),TransferenciasCorrentesDeOutrasInstituicoesPublicas,Transferências de Outras Instituições Públicas,3891263428.93,Bahia
2022,RREO,6,B,Governo do Estado da Bahia,29,BA,14985284,RREO-Anexo 01,E,Padrão,Até o Bimestre (c),TransferenciasCorrentesDoExterior,Transferências do Exterior,53749.13,Bahia
2022,RREO,6,B,Governo do Estado da Bahia,29,BA,14985284,RREO-Anexo 01,E,Padrão,Até o Bimestre (c),OutrasTransferenciasCorrentes,Outras Transferências,31942.26,Bahia
2022,RREO,6,B,Governo do Estado da Bahia,29,BA,14985284,RREO-Anexo 01,E,Padrão,Até o Bimestre (c),TransferenciasDeCapital,TRANSFERÊNCIAS DE CAPITAL,296946139.74,Bahia
2022,RREO,6,B,Governo do Estado da Bahia,29,BA,14985284,RREO-Anexo 01,E,Padrão,Até o Bimestre (c),TransferenciasDeCapitalDaUniaoEDeSuasEntidades,Transferências da União e de suas Entidades,296776139.74,Bahia
2022,RREO,6,B,Governo do Estado da Bahia,29,BA,14985284,RREO-Anexo 01,E,Padrão,Até o Bimestre (c),TransferenciasdeCapitalDosMunicipiosEDeSuasEntidades,Transferências dos Municípios e de suas Entidades,170000.0,Bahia
2023,RREO,1,B,Governo do Estado da Bahia,29,BA,14985284,RREO-Anexo 01,E,Padrão,Até o Bimestre (c),TransferenciasCorrentes,TRANSFERÊNCIAS CORRENTES,3803038406.82,Bahia
2023,RREO,1,B,Governo do Estado da Bahia,29,BA,14985284,RREO-Anexo 01,E,Padrão,Até o Bimestre (c),TransferenciasCorrentesDaUniaoEDeSuasEntidades,Transferências da União e de suas Entidades,3177165242.66,Bahia
2023,RREO,1,B,Governo do Estado da Bahia,29,BA,14985284,RREO-Anexo 01,E,Padrão,Até o Bimestre (c),TransferenciasCorrentesDeInstituicoesPrivadas,Transferências de Instituições Privadas,1486951.52,Bahia
2023,RREO,1,B,Governo do Estado da Bahia,29,BA,14985284,RREO-Anexo 01,E,Padrão,Até o Bimestre (c),TransferenciasCorrentesDeOutrasInstituicoesPublicas,Transferências de Outras Instituições Públicas,624358587.64,Bahia
2023,RREO,1,B,Governo do Estado da Bahia,29,BA,14985284,RREO-Anexo 01,E,Padrão,Até o Bimestre (c),TransferenciasCorrentesDoExterior,Transferências do Exterior,27625.0,Bahia
2023,RREO,1,B,Governo do Estado da Bahia,29,BA,14985284,RREO-Anexo 01,E,Padrão,Até o Bimestre (c),TransferenciasDeCapital,TRANSFERÊNCIAS DE CAPITAL,14611787.51,Bahia
2023,RREO,1,B,Governo do Estado da Bahia,29,BA,14985284,RREO-Anexo 01,E,Padrão,Até o Bimestre (c),TransferenciasDeCapitalDaUniaoEDeSuasEntidades,Transferências da União e de suas Entidades,14611787.51,Bahia
2023,RREO,2,B,Governo do Estado da Bahia,29,BA,14985284,RREO-Anexo 01,E,Padrão,Até o Bimestre (c),TransferenciasCorrentes,TRANSFERÊNCIAS CORRENTES,6816378012.42,Bahia
2023,RREO,2,B,Governo do Estado da Bahia,29,BA,14985284,RREO-Anexo 01,E,Padrão,Até o Bimestre (c),TransferenciasCorrentesDaUniaoEDeSuasEntidades,Transferências da União e de suas Entidades,5600699417.24,Bahia
2023,RREO,2,B,Governo do Estado da Bahia,29,BA,14985284,RREO-Anexo 01,E,Padrão,Até o Bimestre (c),TransferenciasCorrentesDeInstituicoesPrivadas,Transferências de Instituições Privadas,3698843.72,Bahia
2023,RREO,2,B,Governo do Estado da Bahia,29,BA,14985284,RREO-Anexo 01,E,Padrão,Até o Bimestre (c),TransferenciasCorrentesDeOutrasInstituicoesPublicas,Transferências de Outras Instituições Públicas,1211430133.1,Bahia
2023,RREO,2,B,Governo do Estado da Bahia,29,BA,14985284,RREO-Anexo 01,E,Padrão,Até o Bimestre (c),TransferenciasCorrentesDoExterior,Transferências do Exterior,549618.36,Bahia
2023,RREO,2,B,Governo do Estado da Bahia,29,BA,14985284,RREO-Anexo 01,E,Padrão,Até o Bimestre (c),TransferenciasDeCapital,TRANSFERÊNCIAS DE CAPITAL,49434830.65,Bahia
2023,RREO,2,B,Governo do Estado da Bahia,29,BA,14985284,RREO-Anexo 01,E,Padrão,Até o Bimestre (c),TransferenciasDeCapitalDaUniaoEDeSuasEntidades,Transferências da União e de suas Entidades,49434830.65,Bahia
2023,RREO,3,B,Governo do Estado da Bahia,29,BA,14985284,RREO-Anexo 01,E,Padrão,Até o Bimestre (c),TransferenciasCorrentes,TRANSFERÊNCIAS CORRENTES,10574621660.86,Bahia
2023,RREO,3,B,Governo do Estado da Bahia,29,BA,14985284,RREO-Anexo 01,E,Padrão,Até o Bimestre (c),TransferenciasCorrentesDaUniaoEDeSuasEntidades,Transferências da União e de suas Entidades,8691243376.65,Bahia
2023,RREO,3,B,Governo do Estado da Bahia,29,BA,14985284,RREO-Anexo 01,E,Padrão,Até o Bimestre (c),TransferenciasCorrentesDeInstituicoesPrivadas,Transferências de Instituições Privadas,7796177.47,Bahia
2023,RREO,3,B,Governo do Estado da Bahia,29,BA,14985284,RREO-Anexo 01,E,Padrão,Até o Bimestre (c),TransferenciasCorrentesDeOutrasInstituicoesPublicas,Transferências de Outras Instituições Públicas,1874975803.33,Bahia
2023,RREO,3,B,Governo do Estado da Bahia,29,BA,14985284,RREO-Anexo 01,E,Padrão,Até o Bimestre (c),TransferenciasCorrentesDoExterior,Transferências do Exterior,576468.36,Bahia
2023,RREO,3,B,Governo do Estado da Bahia,29,BA,14985284,RREO-Anexo 01,E,Padrão,Até o Bimestre (c),OutrasTransferenciasCorrentes,Outras Transferências,29835.05,Bahia
2023,RREO,3,B,Governo do Estado da Bahia,29,BA,14985284,RREO-Anexo 01,E,Padrão,Até o Bimestre (c),TransferenciasDeCapital,TRANSFERÊNCIAS DE CAPITAL,52169880.64,Bahia
2023,RREO,3,B,Governo do Estado da Bahia,29,BA,14985284,RREO-Anexo 01,E,Padrão,Até o Bimestre (c),TransferenciasDeCapitalDaUniaoEDeSuasEntidades,Transferências da União e de suas Entidades,52169880.64,Bahia
2023,RREO,4,B,Governo do Estado da Bahia,29,BA,14985284,RREO-Anexo 01,E,Padrão,Até o Bimestre (c),TransferenciasCorrentes,TRANSFERÊNCIAS CORRENTES,16839604111.63,Bahia
2023,RREO,4,B,Governo do Estado da Bahia,29,BA,14985284,RREO-Anexo 01,E,Padrão,Até o Bimestre (c),TransferenciasCorrentesDaUniaoEDeSuasEntidades,Transferências da União e de suas Entidades,14353235368.16,Bahia
2023,RREO,4,B,Governo do Estado da Bahia,29,BA,14985284,RREO-Anexo 01,E,Padrão,Até o Bimestre (c),TransferenciasCorrentesDosMunicipiosEDeSuasEntidades,Transferências dos Municípios e de suas Entidades,25000.0,Bahia
2023,RREO,4,B,Governo do Estado da Bahia,29,BA,14985284,RREO-Anexo 01,E,Padrão,Até o Bimestre (c),TransferenciasCorrentesDeInstituicoesPrivadas,Transferências de Instituições Privadas,9913923.56,Bahia
2023,RREO,4,B,Governo do Estado da Bahia,29,BA,14985284,RREO-Anexo 01,E,Padrão,Até o Bimestre (c),TransferenciasCorrentesDeOutrasInstituicoesPublicas,Transferências de Outras Instituições Públicas,2475801045.92,Bahia
2023,RREO,4,B,Governo do Estado da Bahia,29,BA,14985284,RREO-Anexo 01,E,Padrão,Até o Bimestre (c),TransferenciasCorrentesDoExterior,Transferências do Exterior,576468.36,Bahia
2023,RREO,4,B,Governo do Estado da Bahia,29,BA,14985284,RREO-Anexo 01,E,Padrão,Até o Bimestre (c),OutrasTransferenciasCorrentes,Outras Transferências,52305.63,Bahia
2023,RREO,4,B,Governo do Estado da Bahia,29,BA,14985284,RREO-Anexo 01,E,Padrão,Até o Bimestre (c),TransferenciasDeCapital,TRANSFERÊNCIAS DE CAPITAL,171284313.44,Bahia
2023,RREO,4,B,Governo do Estado da Bahia,29,BA,14985284,RREO-Anexo 01,E,Padrão,Até o Bimestre (c),TransferenciasDeCapitalDaUniaoEDeSuasEntidades,Transferências da União e de suas Entidades,171284313.44,Bahia
2023,RREO,5,B,Governo do Estado da Bahia,29,BA,14985284,RREO-Anexo 01,E,Padrão,Até o Bimestre (c),TransferenciasCorrentes,TRANSFERÊNCIAS CORRENTES,19823246543.09,Bahia
2023,RREO,5,B,Governo do Estado da Bahia,29,BA,14985284,RREO-Anexo 01,E,Padrão,Até o Bimestre (c),TransferenciasCorrentesDaUniaoEDeSuasEntidades,Transferências da União e de suas Entidades,16763068178.45,Bahia
2023,RREO,5,B,Governo do Estado da Bahia,29,BA,14985284,RREO-Anexo 01,E,Padrão,Até o Bimestre (c),TransferenciasCorrentesDosMunicipiosEDeSuasEntidades,Transferências dos Municípios e de suas Entidades,50000.0,Bahia
2023,RREO,5,B,Governo do Estado da Bahia,29,BA,14985284,RREO-Anexo 01,E,Padrão,Até o Bimestre (c),TransferenciasCorrentesDeInstituicoesPrivadas,Transferências de Instituições Privadas,13284368.94,Bahia
2023,RREO,5,B,Governo do Estado da Bahia,29,BA,14985284,RREO-Anexo 01,E,Padrão,Até o Bimestre (c),TransferenciasCorrentesDeOutrasInstituicoesPublicas,Transferências de Outras Instituições Públicas,3045836942.93,Bahia
2023,RREO,5,B,Governo do Estado da Bahia,29,BA,14985284,RREO-Anexo 01,E,Padrão,Até o Bimestre (c),TransferenciasCorrentesDoExterior,Transferências do Exterior,602126.48,Bahia
2023,RREO,5,B,Governo do Estado da Bahia,29,BA,14985284,RREO-Anexo 01,E,Padrão,Até o Bimestre (c),OutrasTransferenciasCorrentes,Outras Transferências,404926.29,Bahia
2023,RREO,5,B,Governo do Estado da Bahia,29,BA,14985284,RREO-Anexo 01,E,Padrão,Até o Bimestre (c),TransferenciasDeCapital,TRANSFERÊNCIAS DE CAPITAL,200951699.92,Bahia
2023,RREO,5,B,Governo do Estado da Bahia,29,BA,14985284,RREO-Anexo 01,E,Padrão,Até o Bimestre (c),TransferenciasDeCapitalDaUniaoEDeSuasEntidades,Transferências da União e de suas Entidades,200951699.92,Bahia
2023,RREO,6,B,Governo do Estado da Bahia,29,BA,14985284,RREO-Anexo 01,E,Padrão,Até o Bimestre (c),TransferenciasCorrentes,TRANSFERÊNCIAS CORRENTES,24474288127.63,Bahia
2023,RREO,6,B,Governo do Estado da Bahia,29,BA,14985284,RREO-Anexo 01,E,Padrão,Até o Bimestre (c),TransferenciasCorrentesDaUniaoEDeSuasEntidades,Transferências da União e de suas Entidades,20650230696.17,Bahia
2023,RREO,6,B,Governo do Estado da Bahia,29,BA,14985284,RREO-Anexo 01,E,Padrão,Até o Bimestre (c),TransferenciasCorrentesDosMunicipiosEDeSuasEntidades,Transferências dos Municípios e de suas Entidades,220000.0,Bahia
2023,RREO,6,B,Governo do Estado da Bahia,29,BA,14985284,RREO-Anexo 01,E,Padrão,Até o Bimestre (c),TransferenciasCorrentesDeInstituicoesPrivadas,Transferências de Instituições Privadas,17374166.79,Bahia
2023,RREO,6,B,Governo do Estado da Bahia,29,BA,14985284,RREO-Anexo 01,E,Padrão,Até o Bimestre (c),TransferenciasCorrentesDeOutrasInstituicoesPublicas,Transferências de Outras Instituições Públicas,3805454557.79,Bahia
2023,RREO,6,B,Governo do Estado da Bahia,29,BA,14985284,RREO-Anexo 01,E,Padrão,Até o Bimestre (c),TransferenciasCorrentesDoExterior,Transferências do Exterior,602126.48,Bahia
2023,RREO,6,B,Governo do Estado da Bahia,29,BA,14985284,RREO-Anexo 01,E,Padrão,Até o Bimestre (c),OutrasTransferenciasCorrentes,Outras Transferências,406580.4,Bahia
2023,RREO,6,B,Governo do Estado da Bahia,29,BA,14985284,RREO-Anexo 01,E,Padrão,Até o Bimestre (c),TransferenciasDeCapital,TRANSFERÊNCIAS DE CAPITAL,298425395.75,Bahia
2023,RREO,6,B,Governo do Estado da Bahia,29,BA,14985284,RREO-Anexo 01,E,Padrão,Até o Bimestre (c),TransferenciasDeCapitalDaUniaoEDeSuasEntidades,Transferências da União e de suas Entidades,298425395.75,Bahia
2024,RREO,1,B,Governo do Estado da Bahia,29,BA,14659023,RREO-Anexo 01,E,Padrão,Até o Bimestre (c),TransferenciasCorrentes,TRANSFERÊNCIAS CORRENTES,4592656901.27,Bahia
2024,RREO,1,B,Governo do Estado da Bahia,29,BA,14659023,RREO-Anexo 01,E,Padrão,Até o Bimestre (c),TransferenciasCorrentesDaUniaoEDeSuasEntidades,Transferências da União e de suas Entidades,3865370264.09,Bahia
2024,RREO,1,B,Governo do Estado da Bahia,29,BA,14659023,RREO-Anexo 01,E,Padrão,Até o Bimestre (c),TransferenciasCorrentesDeInstituicoesPrivadas,Transferências de Instituições Privadas,5503606.4,Bahia
2024,RREO,1,B,Governo do Estado da Bahia,29,BA,14659023,RREO-Anexo 01,E,Padrão,Até o Bimestre (c),TransferenciasCorrentesDeOutrasInstituicoesPublicas,Transferências de Outras Instituições Públicas,721643977.29,Bahia
2024,RREO,1,B,Governo do Estado da Bahia,29,BA,14659023,RREO-Anexo 01,E,Padrão,Até o Bimestre (c),TransferenciasCorrentesDoExterior,Transferências do Exterior,136053.48,Bahia
2024,RREO,1,B,Governo do Estado da Bahia,29,BA,14659023,RREO-Anexo 01,E,Padrão,Até o Bimestre (c),OutrasTransferenciasCorrentes,Demais Transferências Correntes,3000.01,Bahia
2024,RREO,1,B,Governo do Estado da Bahia,29,BA,14659023,RREO-Anexo 01,E,Padrão,Até o Bimestre (c),TransferenciasDeCapital,TRANSFERÊNCIAS DE CAPITAL,14247635.77,Bahia
2024,RREO,1,B,Governo do Estado da Bahia,29,BA,14659023,RREO-Anexo 01,E,Padrão,Até o Bimestre (c),TransferenciasDeCapitalDaUniaoEDeSuasEntidades,Transferências da União e de suas Entidades,14247635.77,Bahia
2024,RREO,2,B,Governo do Estado da Bahia,29,BA,14659023,RREO-Anexo 01,E,Padrão,Até o Bimestre (c),TransferenciasCorrentes,TRANSFERÊNCIAS CORRENTES,11568254256.48,Bahia
2024,RREO,2,B,Governo do Estado da Bahia,29,BA,14659023,RREO-Anexo 01,E,Padrão,Até o Bimestre (c),TransferenciasCorrentesDaUniaoEDeSuasEntidades,Transferências da União e de suas Entidades,10246944496.86,Bahia
2024,RREO,2,B,Governo do Estado da Bahia,29,BA,14659023,RREO-Anexo 01,E,Padrão,Até o Bimestre (c),TransferenciasCorrentesDeInstituicoesPrivadas,Transferências de Instituições Privadas,11147914.03,Bahia
2024,RREO,2,B,Governo do Estado da Bahia,29,BA,14659023,RREO-Anexo 01,E,Padrão,Até o Bimestre (c),TransferenciasCorrentesDeOutrasInstituicoesPublicas,Transferências de Outras Instituições Públicas,1309955411.98,Bahia
2024,RREO,2,B,Governo do Estado da Bahia,29,BA,14659023,RREO-Anexo 01,E,Padrão,Até o Bimestre (c),TransferenciasCorrentesDoExterior,Transferências do Exterior,203333.6,Bahia
2024,RREO,2,B,Governo do Estado da Bahia,29,BA,14659023,RREO-Anexo 01,E,Padrão,Até o Bimestre (c),OutrasTransferenciasCorrentes,Demais Transferências Correntes,3100.01,Bahia
2024,RREO,2,B,Governo do Estado da Bahia,29,BA,14659023,RREO-Anexo 01,E,Padrão,Até o Bimestre (c),TransferenciasDeCapital,TRANSFERÊNCIAS DE CAPITAL,57844818.73,Bahia
2024,RREO,2,B,Governo do Estado da Bahia,29,BA,14659023,RREO-Anexo 01,E,Padrão,Até o Bimestre (c),TransferenciasDeCapitalDaUniaoEDeSuasEntidades,Transferências da União e de suas Entidades,57844818.73,Bahia
2024,RREO,3,B,Governo do Estado da Bahia,29,BA,14659023,RREO-Anexo 01,E,Padrão,Até o Bimestre (c),TransferenciasCorrentes,TRANSFERÊNCIAS CORRENTES,15798837546.82,Bahia
2024,RREO,3,B,Governo do Estado da Bahia,29,BA,14659023,RREO-Anexo 01,E,Padrão,Até o Bimestre (c),TransferenciasCorrentesDaUniaoEDeSuasEntidades,Transferências da União e de suas Entidades,13784775699.08,Bahia
2024,RREO,3,B,Governo do Estado da Bahia,29,BA,14659023,RREO-Anexo 01,E,Padrão,Até o Bimestre (c),TransferenciasCorrentesDeInstituicoesPrivadas,Transferências de Instituições Privadas,15941292.33,Bahia
2024,RREO,3,B,Governo do Estado da Bahia,29,BA,14659023,RREO-Anexo 01,E,Padrão,Até o Bimestre (c),TransferenciasCorrentesDeOutrasInstituicoesPublicas,Transferências de Outras Instituições Públicas,1997906986.8,Bahia
2024,RREO,3,B,Governo do Estado da Bahia,29,BA,14659023,RREO-Anexo 01,E,Padrão,Até o Bimestre (c),TransferenciasCorrentesDoExterior,Transferências do Exterior,203333.6,Bahia
2024,RREO,3,B,Governo do Estado da Bahia,29,BA,14659023,RREO-Anexo 01,E,Padrão,Até o Bimestre (c),OutrasTransferenciasCorrentes,Demais Transferências Correntes,10235.01,Bahia
2024,RREO,3,B,Governo do Estado da Bahia,29,BA,14659023,RREO-Anexo 01,E,Padrão,Até o Bimestre (c),TransferenciasDeCapital,TRANSFERÊNCIAS DE CAPITAL,80215619.61,Bahia
2024,RREO,3,B,Governo do Estado da Bahia,29,BA,14659023,RREO-Anexo 01,E,Padrão,Até o Bimestre (c),TransferenciasDeCapitalDaUniaoEDeSuasEntidades,Transferências da União e de suas Entidades,80215619.61,Bahia
2024,RREO,4,B,Governo do Estado da Bahia,29,BA,14659023,RREO-Anexo 01,E,Padrão,Até o Bimestre (c),TransferenciasCorrentes,TRANSFERÊNCIAS CORRENTES,19320504515.03,Bahia
2024,RREO,4,B,Governo do Estado da Bahia,29,BA,14659023,RREO-Anexo 01,E,Padrão,Até o Bimestre (c),TransferenciasCorrentesDaUniaoEDeSuasEntidades,Transferências da União e de suas Entidades,16672857566.64,Bahia
2024,RREO,4,B,Governo do Estado da Bahia,29,BA,14659023,RREO-Anexo 01,E,Padrão,Até o Bimestre (c),TransferenciasCorrentesDeInstituicoesPrivadas,Transferências de Instituições Privadas,16795661.56,Bahia
2024,RREO,4,B,Governo do Estado da Bahia,29,BA,14659023,RREO-Anexo 01,E,Padrão,Até o Bimestre (c),TransferenciasCorrentesDeOutrasInstituicoesPublicas,Transferências de Outras Instituições Públicas,2630233345.23,Bahia
2024,RREO,4,B,Governo do Estado da Bahia,29,BA,14659023,RREO-Anexo 01,E,Padrão,Até o Bimestre (c),TransferenciasCorrentesDoExterior,Transferências do Exterior,348622.85,Bahia
2024,RREO,4,B,Governo do Estado da Bahia,29,BA,14659023,RREO-Anexo 01,E,Padrão,Até o Bimestre (c),OutrasTransferenciasCorrentes,Demais Transferências Correntes,269318.75,Bahia
2024,RREO,4,B,Governo do Estado da Bahia,29,BA,14659023,RREO-Anexo 01,E,Padrão,Até o Bimestre (c),TransferenciasDeCapital,TRANSFERÊNCIAS DE CAPITAL,126058367.56,Bahia
2024,RREO,4,B,Governo do Estado da Bahia,29,BA,14659023,RREO-Anexo 01,E,Padrão,Até o Bimestre (c),TransferenciasDeCapitalDaUniaoEDeSuasEntidades,Transferências da União e de suas Entidades,126058367.56,Bahia
2024,RREO,5,B,Governo do Estado da Bahia,29,BA,14659023,RREO-Anexo 01,E,Padrão,Até o Bimestre (c),TransferenciasCorrentes,TRANSFERÊNCIAS CORRENTES,22680150567.28,Bahia
2024,RREO,5,B,Governo do Estado da Bahia,29,BA,14659023,RREO-Anexo 01,E,Padrão,Até o Bimestre (c),TransferenciasCorrentesDaUniaoEDeSuasEntidades,Transferências da União e de suas Entidades,19391041630.11,Bahia
2024,RREO,5,B,Governo do Estado da Bahia,29,BA,14659023,RREO-Anexo 01,E,Padrão,Até o Bimestre (c),TransferenciasCorrentesDeInstituicoesPrivadas,Transferências de Instituições Privadas,19621773.91,Bahia
2024,RREO,5,B,Governo do Estado da Bahia,29,BA,14659023,RREO-Anexo 01,E,Padrão,Até o Bimestre (c),TransferenciasCorrentesDeOutrasInstituicoesPublicas,Transferências de Outras Instituições Públicas,3268628221.01,Bahia
2024,RREO,5,B,Governo do Estado da Bahia,29,BA,14659023,RREO-Anexo 01,E,Padrão,Até o Bimestre (c),TransferenciasCorrentesDoExterior,Transferências do Exterior,588600.2,Bahia
2024,RREO,5,B,Governo do Estado da Bahia,29,BA,14659023,RREO-Anexo 01,E,Padrão,Até o Bimestre (c),OutrasTransferenciasCorrentes,Demais Transferências Correntes,270342.05,Bahia
2024,RREO,5,B,Governo do Estado da Bahia,29,BA,14659023,RREO-Anexo 01,E,Padrão,Até o Bimestre (c),TransferenciasDeCapital,TRANSFERÊNCIAS DE CAPITAL,140072685.91,Bahia
2024,RREO,5,B,Governo do Estado da Bahia,29,BA,14659023,RREO-Anexo 01,E,Padrão,Até o Bimestre (c),TransferenciasDeCapitalDaUniaoEDeSuasEntidades,Transferências da União e de suas Entidades,140072685.91,Bahia
2024,RREO,6,B,Governo do Estado da Bahia,29,BA,14659023,RREO-Anexo 01,E,Padrão,Até o Bimestre (c),TransferenciasCorrentes,TRANSFERÊNCIAS CORRENTES,27088199350.33,Bahia
2024,RREO,6,B,Governo do Estado da Bahia,29,BA,14659023,RREO-Anexo 01,E,Padrão,Até o Bimestre (c),TransferenciasCorrentesDaUniaoEDeSuasEntidades,Transferências da União e de suas Entidades,23031329540.44,Bahia
2024,RREO,6,B,Governo do Estado da Bahia,29,BA,14659023,RREO-Anexo 01,E,Padrão,Até o Bimestre (c),TransferenciasCorrentesDosMunicipiosEDeSuasEntidades,Transferências dos Municípios e de suas Entidades,25000.0,Bahia
2024,RREO,6,B,Governo do Estado da Bahia,29,BA,14659023,RREO-Anexo 01,E,Padrão,Até o Bimestre (c),TransferenciasCorrentesDeInstituicoesPrivadas,Transferências de Instituições Privadas,32683089.46,Bahia
2024,RREO,6,B,Governo do Estado da Bahia,29,BA,14659023,RREO-Anexo 01,E,Padrão,Até o Bimestre (c),TransferenciasCorrentesDeOutrasInstituicoesPublicas,Transferências de Outras Instituições Públicas,4023256581.67,Bahia
2024,RREO,6,B,Governo do Estado da Bahia,29,BA,14659023,RREO-Anexo 01,E,Padrão,Até o Bimestre (c),TransferenciasCorrentesDoExterior,Transferências do Exterior,629170.7,Bahia
2024,RREO,6,B,Governo do Estado da Bahia,29,BA,14659023,RREO-Anexo 01,E,Padrão,Até o Bimestre (c),OutrasTransferenciasCorrentes,Demais Transferências Correntes,275968.06,Bahia
2024,RREO,6,B,Governo do Estado da Bahia,29,BA,14659023,RREO-Anexo 01,E,Padrão,Até o Bimestre (c),TransferenciasDeCapital,TRANSFERÊNCIAS DE CAPITAL,268076062.54,Bahia
2024,RREO,6,B,Governo do Estado da Bahia,29,BA,14659023,RREO-Anexo 01,E,Padrão,Até o Bimestre (c),TransferenciasDeCapitalDaUniaoEDeSuasEntidades,Transferências da União e de suas Entidades,268076062.54,Bahia
2025,RREO,1,B,Governo do Estado da Bahia,29,BA,14659023,RREO-Anexo 01,E,Padrão,Até o Bimestre (c),TransferenciasCorrentes,TRANSFERÊNCIAS CORRENTES,4886631856.99,Bahia
2025,RREO,1,B,Governo do Estado da Bahia,29,BA,14659023,RREO-Anexo 01,E,Padrão,Até o Bimestre (c),TransferenciasCorrentesDaUniaoEDeSuasEntidades,Transferências da União e de suas Entidades,4064762747.6,Bahia
2025,RREO,1,B,Governo do Estado da Bahia,29,BA,14659023,RREO-Anexo 01,E,Padrão,Até o Bimestre (c),TransferenciasCorrentesDeInstituicoesPrivadas,Transferências de Instituições Privadas,6552783.02,Bahia
2025,RREO,1,B,Governo do Estado da Bahia,29,BA,14659023,RREO-Anexo 01,E,Padrão,Até o Bimestre (c),TransferenciasCorrentesDeOutrasInstituicoesPublicas,Transferências de Outras Instituições Públicas,815316326.37,Bahia
2025,RREO,1,B,Governo do Estado da Bahia,29,BA,14659023,RREO-Anexo 01,E,Padrão,Até o Bimestre (c),TransferenciasDeCapital,TRANSFERÊNCIAS DE CAPITAL,21094363.16,Bahia
2025,RREO,1,B,Governo do Estado da Bahia,29,BA,14659023,RREO-Anexo 01,E,Padrão,Até o Bimestre (c),TransferenciasDeCapitalDaUniaoEDeSuasEntidades,Transferências da União e de suas Entidades,21094363.16,Bahia
2025,RREO,2,B,Governo do Estado da Bahia,29,BA,14659023,RREO-Anexo 01,E,Padrão,Até o Bimestre (c),TransferenciasCorrentes,TRANSFERÊNCIAS CORRENTES,8739038683.24,Bahia
2025,RREO,2,B,Governo do Estado da Bahia,29,BA,14659023,RREO-Anexo 01,E,Padrão,Até o Bimestre (c),TransferenciasCorrentesDaUniaoEDeSuasEntidades,Transferências da União e de suas Entidades,7237125892.51,Bahia
2025,RREO,2,B,Governo do Estado da Bahia,29,BA,14659023,RREO-Anexo 01,E,Padrão,Até o Bimestre (c),TransferenciasCorrentesDeInstituicoesPrivadas,Transferências de Instituições Privadas,13304089.92,Bahia
2025,RREO,2,B,Governo do Estado da Bahia,29,BA,14659023,RREO-Anexo 01,E,Padrão,Até o Bimestre (c),TransferenciasCorrentesDeOutrasInstituicoesPublicas,Transferências de Outras Instituições Públicas,1488608500.81,Bahia
2025,RREO,2,B,Governo do Estado da Bahia,29,BA,14659023,RREO-Anexo 01,E,Padrão,Até o Bimestre (c),OutrasTransferenciasCorrentes,Demais Transferências Correntes,200.0,Bahia
2025,RREO,2,B,Governo do Estado da Bahia,29,BA,14659023,RREO-Anexo 01,E,Padrão,Até o Bimestre (c),TransferenciasDeCapital,TRANSFERÊNCIAS DE CAPITAL,44253962.37,Bahia
2025,RREO,2,B,Governo do Estado da Bahia,29,BA,14659023,RREO-Anexo 01,E,Padrão,Até o Bimestre (c),TransferenciasDeCapitalDaUniaoEDeSuasEntidades,Transferências da União e de suas Entidades,44253962.37,Bahia
2025,RREO,3,B,Governo do Estado da Bahia,29,BA,14659023,RREO-Anexo 01,E,Padrão,Até o Bimestre (c),TransferenciasCorrentes,TRANSFERÊNCIAS CORRENTES,13435279760.07,Bahia
2025,RREO,3,B,Governo do Estado da Bahia,29,BA,14659023,RREO-Anexo 01,E,Padrão,Até o Bimestre (c),TransferenciasCorrentesDaUniaoEDeSuasEntidades,Transferências da União e de suas Entidades,11180220063.89,Bahia
2025,RREO,3,B,Governo do Estado da Bahia,29,BA,14659023,RREO-Anexo 01,E,Padrão,Até o Bimestre (c),TransferenciasCorrentesDeInstituicoesPrivadas,Transferências de Instituições Privadas,16013587.3,Bahia
2025,RREO,3,B,Governo do Estado da Bahia,29,BA,14659023,RREO-Anexo 01,E,Padrão,Até o Bimestre (c),TransferenciasCorrentesDeOutrasInstituicoesPublicas,Transferências de Outras Instituições Públicas,2239045908.88,Bahia
2025,RREO,3,B,Governo do Estado da Bahia,29,BA,14659023,RREO-Anexo 01,E,Padrão,Até o Bimestre (c),OutrasTransferenciasCorrentes,Demais Transferências Correntes,200.0,Bahia
2025,RREO,3,B,Governo do Estado da Bahia,29,BA,14659023,RREO-Anexo 01,E,Padrão,Até o Bimestre (c),TransferenciasDeCapital,TRANSFERÊNCIAS DE CAPITAL,146891993.68,Bahia
2025,RREO,3,B,Governo do Estado da Bahia,29,BA,14659023,RREO-Anexo 01,E,Padrão,Até o Bimestre (c),TransferenciasDeCapitalDaUniaoEDeSuasEntidades,Transferências da União e de suas Entidades,146891993.68,Bahia
2025,RREO,4,B,Governo do Estado da Bahia,29,BA,14659023,RREO-Anexo 01,E,Padrão,Até o Bimestre (c),TransferenciasCorrentes,TRANSFERÊNCIAS CORRENTES,17294887964.24,Bahia
2025,RREO,4,B,Governo do Estado da Bahia,29,BA,14659023,RREO-Anexo 01,E,Padrão,Até o Bimestre (c),TransferenciasCorrentesDaUniaoEDeSuasEntidades,Transferências da União e de suas Entidades,14375665730.07,Bahia
2025,RREO,4,B,Governo do Estado da Bahia,29,BA,14659023,RREO-Anexo 01,E,Padrão,Até o Bimestre (c),TransferenciasCorrentesDeInstituicoesPrivadas,Transferências de Instituições Privadas,21643598.06,Bahia
2025,RREO,4,B,Governo do Estado da Bahia,29,BA,14659023,RREO-Anexo 01,E,Padrão,Até o Bimestre (c),TransferenciasCorrentesDeOutrasInstituicoesPublicas,Transferências de Outras Instituições Públicas,2897514286.11,Bahia
2025,RREO,4,B,Governo do Estado da Bahia,29,BA,14659023,RREO-Anexo 01,E,Padrão,Até o Bimestre (c),TransferenciasCorrentesDoExterior,Transferências do Exterior,64100.0,Bahia
2025,RREO,4,B,Governo do Estado da Bahia,29,BA,14659023,RREO-Anexo 01,E,Padrão,Até o Bimestre (c),OutrasTransferenciasCorrentes,Demais Transferências Correntes,250.0,Bahia
2025,RREO,4,B,Governo do Estado da Bahia,29,BA,14659023,RREO-Anexo 01,E,Padrão,Até o Bimestre (c),TransferenciasDeCapital,TRANSFERÊNCIAS DE CAPITAL,282761741.77,Bahia
2025,RREO,4,B,Governo do Estado da Bahia,29,BA,14659023,RREO-Anexo 01,E,Padrão,Até o Bimestre (c),TransferenciasDeCapitalDaUniaoEDeSuasEntidades,Transferências da União e de suas Entidades,282761741.77,Bahia
2025,RREO,5,B,Governo do Estado da Bahia,29,BA,14659023,RREO-Anexo 01,E,Padrão,Até o Bimestre (c),TransferenciasCorrentes,TRANSFERÊNCIAS CORRENTES,22757395463.31,Bahia
2025,RREO,5,B,Governo do Estado da Bahia,29,BA,14659023,RREO-Anexo 01,E,Padrão,Até o Bimestre (c),TransferenciasCorrentesDaUniaoEDeSuasEntidades,Transferências da União e de suas Entidades,19164128058.05,Bahia
2025,RREO,5,B,Governo do Estado da Bahia,29,BA,14659023,RREO-Anexo 01,E,Padrão,Até o Bimestre (c),TransferenciasCorrentesDosMunicipiosEDeSuasEntidades,Transferências dos Municípios e de suas Entidades,329746.0,Bahia
2025,RREO,5,B,Governo do Estado da Bahia,29,BA,14659023,RREO-Anexo 01,E,Padrão,Até o Bimestre (c),TransferenciasCorrentesDeInstituicoesPrivadas,Transferências de Instituições Privadas,27880949.02,Bahia
2025,RREO,5,B,Governo do Estado da Bahia,29,BA,14659023,RREO-Anexo 01,E,Padrão,Até o Bimestre (c),TransferenciasCorrentesDeOutrasInstituicoesPublicas,Transferências de Outras Instituições Públicas,3564578077.73,Bahia
2025,RREO,5,B,Governo do Estado da Bahia,29,BA,14659023,RREO-Anexo 01,E,Padrão,Até o Bimestre (c),TransferenciasCorrentesDoExterior,Transferências do Exterior,64100.0,Bahia
2025,RREO,5,B,Governo do Estado da Bahia,29,BA,14659023,RREO-Anexo 01,E,Padrão,Até o Bimestre (c),OutrasTransferenciasCorrentes,Demais Transferências Correntes,414532.51,Bahia
2025,RREO,5,B,Governo do Estado da Bahia,29,BA,14659023,RREO-Anexo 01,E,Padrão,Até o Bimestre (c),TransferenciasDeCapital,TRANSFERÊNCIAS DE CAPITAL,472137472.13,Bahia
2025,RREO,5,B,Governo do Estado da Bahia,29,BA,14659023,RREO-Anexo 01,E,Padrão,Até o Bimestre (c),TransferenciasDeCapitalDaUniaoEDeSuasEntidades,Transferências da União e de suas Entidades,472137472.13,Bahia
2025,RREO,6,B,Governo do Estado da Bahia,29,BA,14659023,RREO-Anexo 01,E,Padrão,Até o Bimestre (c),TransferenciasCorrentes,TRANSFERÊNCIAS CORRENTES,27919800179.58,Bahia
2025,RREO,6,B,Governo do Estado da Bahia,29,BA,14659023,RREO-Anexo 01,E,Padrão,Até o Bimestre (c),TransferenciasCorrentesDaUniaoEDeSuasEntidades,Transferências da União e de suas Entidades,23420922556.78,Bahia
2025,RREO,6,B,Governo do Estado da Bahia,29,BA,14659023,RREO-Anexo 01,E,Padrão,Até o Bimestre (c),TransferenciasCorrentesDosMunicipiosEDeSuasEntidades,Transferências dos Municípios e de suas Entidades,426856.0,Bahia
2025,RREO,6,B,Governo do Estado da Bahia,29,BA,14659023,RREO-Anexo 01,E,Padrão,Até o Bimestre (c),TransferenciasCorrentesDeInstituicoesPrivadas,Transferências de Instituições Privadas,37188933.23,Bahia
2025,RREO,6,B,Governo do Estado da Bahia,29,BA,14659023,RREO-Anexo 01,E,Padrão,Até o Bimestre (c),TransferenciasCorrentesDeOutrasInstituicoesPublicas,Transferências de Outras Instituições Públicas,4460779121.06,Bahia
2025,RREO,6,B,Governo do Estado da Bahia,29,BA,14659023,RREO-Anexo 01,E,Padrão,Até o Bimestre (c),TransferenciasCorrentesDoExterior,Transferências do Exterior,64100.0,Bahia
2025,RREO,6,B,Governo do Estado da Bahia,29,BA,14659023,RREO-Anexo 01,E,Padrão,Até o Bimestre (c),OutrasTransferenciasCorrentes,Demais Transferências Correntes,418612.51,Bahia
2025,RREO,6,B,Governo do Estado da Bahia,29,BA,14659023,RREO-Anexo 01,E,Padrão,Até o Bimestre (c),TransferenciasDeCapital,TRANSFERÊNCIAS DE CAPITAL,592596256.49,Bahia
2025,RREO,6,B,Governo do Estado da Bahia,29,BA,14659023,RREO-Anexo 01,E,Padrão,Até o Bimestre (c),TransferenciasDeCapitalDaUniaoEDeSuasEntidades,Transferências da União e de suas Entidades,592596256.49,Bahia
