exercicio,periodo,uf,anexo,cod_conta,conta,coluna,valor,populacao,uf_nome
2015,1,PI,RGF-Anexo 01,DespesaComPessoalBruta,DESPESA BRUTA COM PESSOAL (I),"DESPESAS LIQUIDADAS 
(a)",4035270495.95,3194718,Piauí
2015,1,PI,RGF-Anexo 01,DespesaComPessoalAtivoBruta,Pessoal Ativo,"DESPESAS LIQUIDADAS 
(a)",2746572520.84,3194718,Piauí
2015,1,PI,RGF-Anexo 01,DespesaComPessoalInativoEPensionistasBruta,Pessoal Inativo e Pensionistas,"DESPESAS LIQUIDADAS 
(a)",1256471992.0,3194718,Piauí
2015,1,PI,RGF-Anexo 01,DespesaComPessoalLiquida,DESPESA LÍQUIDA COM PESSOAL (III) = (I - II),"DESPESAS LIQUIDADAS 
(a)",2829130146.5,3194718,Piauí
2015,1,PI,RGF-Anexo 01,ReceitaCorrenteLiquidaLimiteLegal,RECEITA CORRENTE LIQUIDA - RCL (IV),Valor,6345286367.11,3194718,Piauí
2015,1,PI,RGF-Anexo 01,DespesaComPessoalTotal,DESPESA TOTAL COM PESSOAL - DTP (V) = (III a + III b),Valor,2829130146.5,3194718,Piauí
2015,1,PI,RGF-Anexo 01,DespesaComPessoalTotal,DESPESA TOTAL COM PESSOAL - DTP (V) = (III a + III b),% sobre a RCL,44.59,3194718,Piauí
2015,1,PI,RGF-Anexo 02,DividaConsolidada,DÍVIDA CONSOLIDADA - DC (I),SALDO DO EXERCÍCIO ANTERIOR,4364512527.48,3194718,Piauí
2015,1,PI,RGF-Anexo 02,DividaConsolidada,DÍVIDA CONSOLIDADA - DC (I),Até o 1º Quadrimestre,4467136307.03,3194718,Piauí
2015,1,PI,RGF-Anexo 02,DividaContratual,Dívida Contratual,SALDO DO EXERCÍCIO ANTERIOR,3102836429.65,3194718,Piauí
2015,1,PI,RGF-Anexo 02,DividaContratual,Dívida Contratual,Até o 1º Quadrimestre,3205460209.2,3194718,Piauí
2015,1,PI,RGF-Anexo 02,DividaConsolidadaLiquida,DÍVIDA CONSOLIDADA LÍQUIDA (DCL) (III) = (I - II),SALDO DO EXERCÍCIO ANTERIOR,3776119003.7,3194718,Piauí
2015,1,PI,RGF-Anexo 02,DividaConsolidadaLiquida,DÍVIDA CONSOLIDADA LÍQUIDA (DCL) (III) = (I - II),Até o 1º Quadrimestre,3732678443.13,3194718,Piauí
2015,2,PI,RGF-Anexo 01,DespesaComPessoalBruta,DESPESA BRUTA COM PESSOAL (I),LIQUIDADAS (a),4263170260.05,3194718,Piauí
2015,2,PI,RGF-Anexo 01,DespesaComPessoalAtivoBruta,Pessoal Ativo,LIQUIDADAS (a),2850389935.5,3194718,Piauí
2015,2,PI,RGF-Anexo 01,DespesaComPessoalInativoEPensionistasBruta,Pessoal Inativo e Pensionistas,LIQUIDADAS (a),1374884335.13,3194718,Piauí
2015,2,PI,RGF-Anexo 01,DespesaComPessoalLiquida,DESPESA LÍQUIDA COM PESSOAL (III) = (I - II),LIQUIDADAS (a),2955145968.69,3194718,Piauí
2015,2,PI,RGF-Anexo 01,ReceitaCorrenteLiquidaLimiteLegal,RECEITA CORRENTE LIQUIDA - RCL (IV),Valor,6400883319.98,3194718,Piauí
2015,2,PI,RGF-Anexo 01,DespesaComPessoalTotal,DESPESA TOTAL COM PESSOAL - DTP (V) = (III a + III b),Valor,2955145968.69,3194718,Piauí
2015,2,PI,RGF-Anexo 01,DespesaComPessoalTotal,DESPESA TOTAL COM PESSOAL - DTP (V) = (III a + III b),% sobre a RCL,46.17,3194718,Piauí
2015,2,PI,RGF-Anexo 02,DividaConsolidada,DÍVIDA CONSOLIDADA - DC (I),SALDO DO EXERCÍCIO ANTERIOR,4364512527.48,3194718,Piauí
2015,2,PI,RGF-Anexo 02,DividaConsolidada,DÍVIDA CONSOLIDADA - DC (I),Até o 1º Quadrimestre,4467136307.03,3194718,Piauí
2015,2,PI,RGF-Anexo 02,DividaConsolidada,DÍVIDA CONSOLIDADA - DC (I),Até o 2º Quadrimestre,4005982253.27,3194718,Piauí
2015,2,PI,RGF-Anexo 02,DividaContratual,Dívida Contratual,SALDO DO EXERCÍCIO ANTERIOR,3102836429.65,3194718,Piauí
2015,2,PI,RGF-Anexo 02,DividaContratual,Dívida Contratual,Até o 1º Quadrimestre,3205460209.2,3194718,Piauí
2015,2,PI,RGF-Anexo 02,DividaContratual,Dívida Contratual,Até o 2º Quadrimestre,3503492161.25,3194718,Piauí
2015,2,PI,RGF-Anexo 02,DividaConsolidadaLiquida,DÍVIDA CONSOLIDADA LÍQUIDA (DCL) (III) = (I - II),SALDO DO EXERCÍCIO ANTERIOR,3776119003.7,3194718,Piauí
2015,2,PI,RGF-Anexo 02,DividaConsolidadaLiquida,DÍVIDA CONSOLIDADA LÍQUIDA (DCL) (III) = (I - II),Até o 1º Quadrimestre,3732678443.13,3194718,Piauí
2015,2,PI,RGF-Anexo 02,DividaConsolidadaLiquida,DÍVIDA CONSOLIDADA LÍQUIDA (DCL) (III) = (I - II),Até o 2º Quadrimestre,2902272114.52,3194718,Piauí
2015,3,PI,RGF-Anexo 01,DespesaComPessoalBruta,DESPESA BRUTA COM PESSOAL (I),LIQUIDADAS (a),4238154400.12,3194718,Piauí
2015,3,PI,RGF-Anexo 01,DespesaComPessoalBruta,DESPESA BRUTA COM PESSOAL (I),INSCRITAS EM RESTOS A PAGAR NÃO PROCESSADOS (b),1756486.47,3194718,Piauí
2015,3,PI,RGF-Anexo 01,DespesaComPessoalAtivoBruta,Pessoal Ativo,LIQUIDADAS (a),2866856048.16,3194718,Piauí
2015,3,PI,RGF-Anexo 01,DespesaComPessoalAtivoBruta,Pessoal Ativo,INSCRITAS EM RESTOS A PAGAR NÃO PROCESSADOS (b),1668464.61,3194718,Piauí
2015,3,PI,RGF-Anexo 01,DespesaComPessoalInativoEPensionistasBruta,Pessoal Inativo e Pensionistas,LIQUIDADAS (a),1325834124.84,3194718,Piauí
2015,3,PI,RGF-Anexo 01,DespesaComPessoalLiquida,DESPESA LÍQUIDA COM PESSOAL (III) = (I - II),LIQUIDADAS (a),2816296823.95,3194718,Piauí
2015,3,PI,RGF-Anexo 01,DespesaComPessoalLiquida,DESPESA LÍQUIDA COM PESSOAL (III) = (I - II),INSCRITAS EM RESTOS A PAGAR NÃO PROCESSADOS (b),1754211.32,3194718,Piauí
2015,3,PI,RGF-Anexo 01,ReceitaCorrenteLiquidaLimiteLegal,RECEITA CORRENTE LIQUIDA - RCL (IV),Valor,6600087436.36,3194718,Piauí
2015,3,PI,RGF-Anexo 01,DespesaComPessoalTotal,DESPESA TOTAL COM PESSOAL - DTP (V) = (III a + III b),Valor,2818051035.27,3194718,Piauí
2015,3,PI,RGF-Anexo 01,DespesaComPessoalTotal,DESPESA TOTAL COM PESSOAL - DTP (V) = (III a + III b),% sobre a RCL,42.7,3194718,Piauí
2015,3,PI,RGF-Anexo 02,DividaConsolidada,DÍVIDA CONSOLIDADA - DC (I),SALDO DO EXERCÍCIO ANTERIOR,4364512527.48,3194718,Piauí
2015,3,PI,RGF-Anexo 02,DividaConsolidada,DÍVIDA CONSOLIDADA - DC (I),Até o 1º Quadrimestre,4467136307.03,3194718,Piauí
2015,3,PI,RGF-Anexo 02,DividaConsolidada,DÍVIDA CONSOLIDADA - DC (I),Até o 2º Quadrimestre,4005982253.27,3194718,Piauí
2015,3,PI,RGF-Anexo 02,DividaConsolidada,DÍVIDA CONSOLIDADA - DC (I),Até o 3º Quadrimestre,4488665386.74,3194718,Piauí
2015,3,PI,RGF-Anexo 02,DividaContratual,Dívida Contratual,SALDO DO EXERCÍCIO ANTERIOR,3102836429.65,3194718,Piauí
2015,3,PI,RGF-Anexo 02,DividaContratual,Dívida Contratual,Até o 1º Quadrimestre,3205460209.2,3194718,Piauí
2015,3,PI,RGF-Anexo 02,DividaContratual,Dívida Contratual,Até o 2º Quadrimestre,3503492161.25,3194718,Piauí
2015,3,PI,RGF-Anexo 02,DividaContratual,Dívida Contratual,Até o 3º Quadrimestre,3972101141.33,3194718,Piauí
2015,3,PI,RGF-Anexo 02,DividaConsolidadaLiquida,DÍVIDA CONSOLIDADA LÍQUIDA (DCL) (III) = (I - II),SALDO DO EXERCÍCIO ANTERIOR,3776119003.7,3194718,Piauí
2015,3,PI,RGF-Anexo 02,DividaConsolidadaLiquida,DÍVIDA CONSOLIDADA LÍQUIDA (DCL) (III) = (I - II),Até o 1º Quadrimestre,3732678443.13,3194718,Piauí
2015,3,PI,RGF-Anexo 02,DividaConsolidadaLiquida,DÍVIDA CONSOLIDADA LÍQUIDA (DCL) (III) = (I - II),Até o 2º Quadrimestre,2902272114.52,3194718,Piauí
2015,3,PI,RGF-Anexo 02,DividaConsolidadaLiquida,DÍVIDA CONSOLIDADA LÍQUIDA (DCL) (III) = (I - II),Até o 3º Quadrimestre,3762714199.03,3194718,Piauí
2016,1,PI,RGF-Anexo 01,DespesaComPessoalBruta,DESPESA BRUTA COM PESSOAL (I),"DESPESAS LIQUIDADAS 
(a)",4569721486.81,3204028,Piauí
2016,1,PI,RGF-Anexo 01,DespesaComPessoalAtivoBruta,Pessoal Ativo,"DESPESAS LIQUIDADAS 
(a)",3112473082.34,3204028,Piauí
2016,1,PI,RGF-Anexo 01,DespesaComPessoalInativoEPensionistasBruta,Pessoal Inativo e Pensionistas,"DESPESAS LIQUIDADAS 
(a)",1411243844.25,3204028,Piauí
2016,1,PI,RGF-Anexo 01,DespesaComPessoalLiquida,DESPESA LÍQUIDA COM PESSOAL (III) = (I - II),"DESPESAS LIQUIDADAS 
(a)",3158800003.23,3204028,Piauí
2016,1,PI,RGF-Anexo 01,ReceitaCorrenteLiquidaLimiteLegal,RECEITA CORRENTE LIQUIDA - RCL (IV),Valor,6689897326.15,3204028,Piauí
2016,1,PI,RGF-Anexo 01,DespesaComPessoalTotal,DESPESA TOTAL COM PESSOAL - DTP (V) = (III a + III b),Valor,3158800003.23,3204028,Piauí
2016,1,PI,RGF-Anexo 01,DespesaComPessoalTotal,DESPESA TOTAL COM PESSOAL - DTP (V) = (III a + III b),% sobre a RCL,47.22,3204028,Piauí
2016,1,PI,RGF-Anexo 02,DividaConsolidada,DÍVIDA CONSOLIDADA - DC (I),SALDO DO EXERCÍCIO ANTERIOR,4488665386.74,3204028,Piauí
2016,1,PI,RGF-Anexo 02,DividaConsolidada,DÍVIDA CONSOLIDADA - DC (I),Até o 1º Quadrimestre,4094668911.5,3204028,Piauí
2016,1,PI,RGF-Anexo 02,DividaContratual,Dívida Contratual,SALDO DO EXERCÍCIO ANTERIOR,3972101141.33,3204028,Piauí
2016,1,PI,RGF-Anexo 02,DividaContratual,Dívida Contratual,Até o 1º Quadrimestre,3605649200.72,3204028,Piauí
2016,1,PI,RGF-Anexo 02,DividaConsolidadaLiquida,DÍVIDA CONSOLIDADA LÍQUIDA (DCL) (III) = (I - II),SALDO DO EXERCÍCIO ANTERIOR,3762714199.03,3204028,Piauí
2016,1,PI,RGF-Anexo 02,DividaConsolidadaLiquida,DÍVIDA CONSOLIDADA LÍQUIDA (DCL) (III) = (I - II),Até o 1º Quadrimestre,3071413759.3,3204028,Piauí
2016,2,PI,RGF-Anexo 01,DespesaComPessoalBruta,DESPESA BRUTA COM PESSOAL (I),"DESPESAS LIQUIDADAS 
(a)",4678367997.04,3204028,Piauí
2016,2,PI,RGF-Anexo 01,DespesaComPessoalAtivoBruta,Pessoal Ativo,"DESPESAS LIQUIDADAS 
(a)",3176639980.32,3204028,Piauí
2016,2,PI,RGF-Anexo 01,DespesaComPessoalInativoEPensionistasBruta,Pessoal Inativo e Pensionistas,"DESPESAS LIQUIDADAS 
(a)",1460497984.34,3204028,Piauí
2016,2,PI,RGF-Anexo 01,DespesaComPessoalLiquida,DESPESA LÍQUIDA COM PESSOAL (III) = (I - II),"DESPESAS LIQUIDADAS 
(a)",3244038085.52,3204028,Piauí
2016,2,PI,RGF-Anexo 01,ReceitaCorrenteLiquidaLimiteLegal,RECEITA CORRENTE LIQUIDA - RCL (IV),Valor,6950131538.4,3204028,Piauí
2016,2,PI,RGF-Anexo 01,DespesaComPessoalTotal,DESPESA TOTAL COM PESSOAL - DTP (V) = (III a + III b),Valor,3244038085.52,3204028,Piauí
2016,2,PI,RGF-Anexo 01,DespesaComPessoalTotal,DESPESA TOTAL COM PESSOAL - DTP (V) = (III a + III b),% sobre a RCL,46.68,3204028,Piauí
2016,2,PI,RGF-Anexo 02,DividaConsolidada,DÍVIDA CONSOLIDADA - DC (I),SALDO DO EXERCÍCIO ANTERIOR,4488665386.74,3204028,Piauí
2016,2,PI,RGF-Anexo 02,DividaConsolidada,DÍVIDA CONSOLIDADA - DC (I),Até o 1º Quadrimestre,4094668911.5,3204028,Piauí
2016,2,PI,RGF-Anexo 02,DividaConsolidada,DÍVIDA CONSOLIDADA - DC (I),Até o 2º Quadrimestre,4630409717.81,3204028,Piauí
2016,2,PI,RGF-Anexo 02,DividaContratual,Dívida Contratual,SALDO DO EXERCÍCIO ANTERIOR,3972101141.33,3204028,Piauí
2016,2,PI,RGF-Anexo 02,DividaContratual,Dívida Contratual,Até o 1º Quadrimestre,3605649200.72,3204028,Piauí
2016,2,PI,RGF-Anexo 02,DividaContratual,Dívida Contratual,Até o 2º Quadrimestre,4157112908.7,3204028,Piauí
2016,2,PI,RGF-Anexo 02,DividaConsolidadaLiquida,DÍVIDA CONSOLIDADA LÍQUIDA (DCL) (III) = (I - II),SALDO DO EXERCÍCIO ANTERIOR,3762714199.03,3204028,Piauí
2016,2,PI,RGF-Anexo 02,DividaConsolidadaLiquida,DÍVIDA CONSOLIDADA LÍQUIDA (DCL) (III) = (I - II),Até o 1º Quadrimestre,3071413759.3,3204028,Piauí
2016,2,PI,RGF-Anexo 02,DividaConsolidadaLiquida,DÍVIDA CONSOLIDADA LÍQUIDA (DCL) (III) = (I - II),Até o 2º Quadrimestre,3039999914.75,3204028,Piauí
2016,3,PI,RGF-Anexo 01,DespesaComPessoalBruta,DESPESA BRUTA COM PESSOAL (I),"DESPESAS LIQUIDADAS 
(a)",4602225286.64,3204028,Piauí
2016,3,PI,RGF-Anexo 01,DespesaComPessoalBruta,DESPESA BRUTA COM PESSOAL (I),DESPESAS INSCRITAS EM RESTOS A PAGAR NÃO PROCESSADOS (b),12133467.05,3204028,Piauí
2016,3,PI,RGF-Anexo 01,DespesaComPessoalAtivoBruta,Pessoal Ativo,"DESPESAS LIQUIDADAS 
(a)",3150131728.29,3204028,Piauí
2016,3,PI,RGF-Anexo 01,DespesaComPessoalAtivoBruta,Pessoal Ativo,DESPESAS INSCRITAS EM RESTOS A PAGAR NÃO PROCESSADOS (b),12051093.83,3204028,Piauí
2016,3,PI,RGF-Anexo 01,DespesaComPessoalInativoEPensionistasBruta,Pessoal Inativo e Pensionistas,"DESPESAS LIQUIDADAS 
(a)",1420309709.98,3204028,Piauí
2016,3,PI,RGF-Anexo 01,DespesaComPessoalLiquida,DESPESA LÍQUIDA COM PESSOAL (III) = (I - II),"DESPESAS LIQUIDADAS 
(a)",3143622862.23,3204028,Piauí
2016,3,PI,RGF-Anexo 01,DespesaComPessoalLiquida,DESPESA LÍQUIDA COM PESSOAL (III) = (I - II),DESPESAS INSCRITAS EM RESTOS A PAGAR NÃO PROCESSADOS (b),9253259.19,3204028,Piauí
2016,3,PI,RGF-Anexo 01,ReceitaCorrenteLiquidaLimiteLegal,RECEITA CORRENTE LIQUIDA - RCL (IV),Valor,7578979585.52,3204028,Piauí
2016,3,PI,RGF-Anexo 01,DespesaComPessoalTotal,DESPESA TOTAL COM PESSOAL - DTP (V) = (III a + III b),Valor,3152876121.42,3204028,Piauí
2016,3,PI,RGF-Anexo 01,DespesaComPessoalTotal,DESPESA TOTAL COM PESSOAL - DTP (V) = (III a + III b),% sobre a RCL,41.6,3204028,Piauí
2016,3,PI,RGF-Anexo 02,DividaConsolidada,DÍVIDA CONSOLIDADA - DC (I),SALDO DO EXERCÍCIO ANTERIOR,4488665386.74,3204028,Piauí
2016,3,PI,RGF-Anexo 02,DividaConsolidada,DÍVIDA CONSOLIDADA - DC (I),Até o 1º Quadrimestre,4094668911.5,3204028,Piauí
2016,3,PI,RGF-Anexo 02,DividaConsolidada,DÍVIDA CONSOLIDADA - DC (I),Até o 2º Quadrimestre,4630409717.81,3204028,Piauí
2016,3,PI,RGF-Anexo 02,DividaConsolidada,DÍVIDA CONSOLIDADA - DC (I),Até o 3º Quadrimestre,4449557724.95,3204028,Piauí
2016,3,PI,RGF-Anexo 02,DividaContratual,Dívida Contratual,SALDO DO EXERCÍCIO ANTERIOR,3972101141.33,3204028,Piauí
2016,3,PI,RGF-Anexo 02,DividaContratual,Dívida Contratual,Até o 1º Quadrimestre,3605649200.72,3204028,Piauí
2016,3,PI,RGF-Anexo 02,DividaContratual,Dívida Contratual,Até o 2º Quadrimestre,4157112908.7,3204028,Piauí
2016,3,PI,RGF-Anexo 02,DividaContratual,Dívida Contratual,Até o 3º Quadrimestre,3998979455.13,3204028,Piauí
2016,3,PI,RGF-Anexo 02,DividaConsolidadaLiquida,DÍVIDA CONSOLIDADA LÍQUIDA (DCL) (III) = (I - II),SALDO DO EXERCÍCIO ANTERIOR,3762714199.03,3204028,Piauí
2016,3,PI,RGF-Anexo 02,DividaConsolidadaLiquida,DÍVIDA CONSOLIDADA LÍQUIDA (DCL) (III) = (I - II),Até o 1º Quadrimestre,3071413759.3,3204028,Piauí
2016,3,PI,RGF-Anexo 02,DividaConsolidadaLiquida,DÍVIDA CONSOLIDADA LÍQUIDA (DCL) (III) = (I - II),Até o 2º Quadrimestre,3039999914.75,3204028,Piauí
2016,3,PI,RGF-Anexo 02,DividaConsolidadaLiquida,DÍVIDA CONSOLIDADA LÍQUIDA (DCL) (III) = (I - II),Até o 3º Quadrimestre,3423691346.48,3204028,Piauí
2017,1,PI,RGF-Anexo 01,DespesaComPessoalBruta,DESPESA BRUTA COM PESSOAL (I),"DESPESAS LIQUIDADAS 
(a)",4882870562.96,3212180,Piauí
2017,1,PI,RGF-Anexo 01,DespesaComPessoalAtivoBruta,Pessoal Ativo,"DESPESAS LIQUIDADAS 
(a)",3208183215.62,3212180,Piauí
2017,1,PI,RGF-Anexo 01,DespesaComPessoalInativoEPensionistasBruta,Pessoal Inativo e Pensionistas,"DESPESAS LIQUIDADAS 
(a)",1648175596.53,3212180,Piauí
2017,1,PI,RGF-Anexo 01,DespesaComPessoalLiquida,DESPESA LÍQUIDA COM PESSOAL (III) = (I - II),"DESPESAS LIQUIDADAS 
(a)",3378527424.22,3212180,Piauí
2017,1,PI,RGF-Anexo 01,ReceitaCorrenteLiquidaLimiteLegal,RECEITA CORRENTE LIQUIDA - RCL (IV),Valor,7844754268.09,3212180,Piauí
2017,1,PI,RGF-Anexo 01,DespesaComPessoalTotal,DESPESA TOTAL COM PESSOAL - DTP (VII) = (IIIa + IIIb),Valor,3378527424.22,3212180,Piauí
2017,1,PI,RGF-Anexo 01,DespesaComPessoalTotal,DESPESA TOTAL COM PESSOAL - DTP (VII) = (IIIa + IIIb),% sobre a RCL Ajustada,43.07,3212180,Piauí
2017,1,PI,RGF-Anexo 02,DividaConsolidada,DÍVIDA CONSOLIDADA - DC (I),SALDO DO EXERCÍCIO ANTERIOR,4449557724.95,3212180,Piauí
2017,1,PI,RGF-Anexo 02,DividaConsolidada,DÍVIDA CONSOLIDADA - DC (I),Até o 1º Quadrimestre,4338338447.05,3212180,Piauí
2017,1,PI,RGF-Anexo 02,DividaContratual,Dívida Contratual,SALDO DO EXERCÍCIO ANTERIOR,3998979455.13,3212180,Piauí
2017,1,PI,RGF-Anexo 02,DividaContratual,Dívida Contratual,Até o 1º Quadrimestre,3896876180.62,3212180,Piauí
2017,1,PI,RGF-Anexo 02,DividaConsolidadaLiquida,DÍVIDA CONSOLIDADA LÍQUIDA (DCL) (III) = (I - II),SALDO DO EXERCÍCIO ANTERIOR,3423691346.48,3212180,Piauí
2017,1,PI,RGF-Anexo 02,DividaConsolidadaLiquida,DÍVIDA CONSOLIDADA LÍQUIDA (DCL) (III) = (I - II),Até o 1º Quadrimestre,2304397435.66,3212180,Piauí
2017,2,PI,RGF-Anexo 01,DespesaComPessoalBruta,DESPESA BRUTA COM PESSOAL (I),"DESPESAS LIQUIDADAS 
(a)",4863942634.73,3212180,Piauí
2017,2,PI,RGF-Anexo 01,DespesaComPessoalAtivoBruta,Pessoal Ativo,"DESPESAS LIQUIDADAS 
(a)",3223071897.03,3212180,Piauí
2017,2,PI,RGF-Anexo 01,DespesaComPessoalInativoEPensionistasBruta,Pessoal Inativo e Pensionistas,"DESPESAS LIQUIDADAS 
(a)",1608773152.65,3212180,Piauí
2017,2,PI,RGF-Anexo 01,DespesaComPessoalLiquida,DESPESA LÍQUIDA COM PESSOAL (III) = (I - II),"DESPESAS LIQUIDADAS 
(a)",3801132037.77,3212180,Piauí
2017,2,PI,RGF-Anexo 01,ReceitaCorrenteLiquidaLimiteLegal,RECEITA CORRENTE LIQUIDA - RCL (IV),Valor,8140238205.02,3212180,Piauí
2017,2,PI,RGF-Anexo 01,DespesaComPessoalTotal,DESPESA TOTAL COM PESSOAL - DTP (VII) = (IIIa + IIIb),Valor,3801132037.77,3212180,Piauí
2017,2,PI,RGF-Anexo 01,DespesaComPessoalTotal,DESPESA TOTAL COM PESSOAL - DTP (VII) = (IIIa + IIIb),% sobre a RCL Ajustada,46.7,3212180,Piauí
2017,2,PI,RGF-Anexo 02,DividaConsolidada,DÍVIDA CONSOLIDADA - DC (I),SALDO DO EXERCÍCIO ANTERIOR,4449557724.95,3212180,Piauí
2017,2,PI,RGF-Anexo 02,DividaConsolidada,DÍVIDA CONSOLIDADA - DC (I),Até o 1º Quadrimestre,4338338447.05,3212180,Piauí
2017,2,PI,RGF-Anexo 02,DividaConsolidada,DÍVIDA CONSOLIDADA - DC (I),Até o 2º Quadrimestre,4597475773.36,3212180,Piauí
2017,2,PI,RGF-Anexo 02,DividaContratual,Dívida Contratual,SALDO DO EXERCÍCIO ANTERIOR,3998979455.13,3212180,Piauí
2017,2,PI,RGF-Anexo 02,DividaContratual,Dívida Contratual,Até o 1º Quadrimestre,3896876180.62,3212180,Piauí
2017,2,PI,RGF-Anexo 02,DividaContratual,Dívida Contratual,Até o 2º Quadrimestre,4146897503.54,3212180,Piauí
2017,2,PI,RGF-Anexo 02,DividaConsolidadaLiquida,DÍVIDA CONSOLIDADA LÍQUIDA (DCL) (III) = (I - II),SALDO DO EXERCÍCIO ANTERIOR,3423691346.48,3212180,Piauí
2017,2,PI,RGF-Anexo 02,DividaConsolidadaLiquida,DÍVIDA CONSOLIDADA LÍQUIDA (DCL) (III) = (I - II),Até o 1º Quadrimestre,2304397435.66,3212180,Piauí
2017,2,PI,RGF-Anexo 02,DividaConsolidadaLiquida,DÍVIDA CONSOLIDADA LÍQUIDA (DCL) (III) = (I - II),Até o 2º Quadrimestre,2364034275.93,3212180,Piauí
2017,3,PI,RGF-Anexo 01,DespesaComPessoalBruta,DESPESA BRUTA COM PESSOAL (I),"DESPESAS LIQUIDADAS 
(a)",4846309252.05,3212180,Piauí
2017,3,PI,RGF-Anexo 01,DespesaComPessoalBruta,DESPESA BRUTA COM PESSOAL (I),DESPESAS INSCRITAS EM RESTOS A PAGAR NÃO PROCESSADOS (b),8571696.25,3212180,Piauí
2017,3,PI,RGF-Anexo 01,DespesaComPessoalAtivoBruta,Pessoal Ativo,"DESPESAS LIQUIDADAS 
(a)",3443644146.69,3212180,Piauí
2017,3,PI,RGF-Anexo 01,DespesaComPessoalAtivoBruta,Pessoal Ativo,DESPESAS INSCRITAS EM RESTOS A PAGAR NÃO PROCESSADOS (b),8551029.75,3212180,Piauí
2017,3,PI,RGF-Anexo 01,DespesaComPessoalInativoEPensionistasBruta,Pessoal Inativo e Pensionistas,"DESPESAS LIQUIDADAS 
(a)",1366902450.29,3212180,Piauí
2017,3,PI,RGF-Anexo 01,DespesaComPessoalLiquida,DESPESA LÍQUIDA COM PESSOAL (III) = (I - II),"DESPESAS LIQUIDADAS 
(a)",3817958129.16,3212180,Piauí
2017,3,PI,RGF-Anexo 01,DespesaComPessoalLiquida,DESPESA LÍQUIDA COM PESSOAL (III) = (I - II),DESPESAS INSCRITAS EM RESTOS A PAGAR NÃO PROCESSADOS (b),770069.97,3212180,Piauí
2017,3,PI,RGF-Anexo 01,ReceitaCorrenteLiquidaLimiteLegal,RECEITA CORRENTE LIQUIDA - RCL (IV),Valor,8005700615.63,3212180,Piauí
2017,3,PI,RGF-Anexo 01,DespesaComPessoalTotal,DESPESA TOTAL COM PESSOAL - DTP (VII) = (IIIa + IIIb),Valor,3818728199.13,3212180,Piauí
2017,3,PI,RGF-Anexo 01,DespesaComPessoalTotal,DESPESA TOTAL COM PESSOAL - DTP (VII) = (IIIa + IIIb),% sobre a RCL Ajustada,47.74,3212180,Piauí
2017,3,PI,RGF-Anexo 02,DividaConsolidada,DÍVIDA CONSOLIDADA - DC (I),SALDO DO EXERCÍCIO ANTERIOR,4449557724.95,3212180,Piauí
2017,3,PI,RGF-Anexo 02,DividaConsolidada,DÍVIDA CONSOLIDADA - DC (I),Até o 1º Quadrimestre,4338338447.05,3212180,Piauí
2017,3,PI,RGF-Anexo 02,DividaConsolidada,DÍVIDA CONSOLIDADA - DC (I),Até o 2º Quadrimestre,4597475773.36,3212180,Piauí
2017,3,PI,RGF-Anexo 02,DividaConsolidada,DÍVIDA CONSOLIDADA - DC (I),Até o 3º Quadrimestre,4778471817.68,3212180,Piauí
2017,3,PI,RGF-Anexo 02,DividaContratual,Dívida Contratual,SALDO DO EXERCÍCIO ANTERIOR,3998979455.13,3212180,Piauí
2017,3,PI,RGF-Anexo 02,DividaContratual,Dívida Contratual,Até o 1º Quadrimestre,3896876180.62,3212180,Piauí
2017,3,PI,RGF-Anexo 02,DividaContratual,Dívida Contratual,Até o 2º Quadrimestre,4146897503.54,3212180,Piauí
2017,3,PI,RGF-Anexo 02,DividaContratual,Dívida Contratual,Até o 3º Quadrimestre,4327893547.86,3212180,Piauí
2017,3,PI,RGF-Anexo 02,DividaConsolidadaLiquida,DÍVIDA CONSOLIDADA LÍQUIDA (DCL) (III) = (I - II),SALDO DO EXERCÍCIO ANTERIOR,3423691346.48,3212180,Piauí
2017,3,PI,RGF-Anexo 02,DividaConsolidadaLiquida,DÍVIDA CONSOLIDADA LÍQUIDA (DCL) (III) = (I - II),Até o 1º Quadrimestre,2304397435.66,3212180,Piauí
2017,3,PI,RGF-Anexo 02,DividaConsolidadaLiquida,DÍVIDA CONSOLIDADA LÍQUIDA (DCL) (III) = (I - II),Até o 2º Quadrimestre,2364034275.93,3212180,Piauí
2017,3,PI,RGF-Anexo 02,DividaConsolidadaLiquida,DÍVIDA CONSOLIDADA LÍQUIDA (DCL) (III) = (I - II),Até o 3º Quadrimestre,3288148476.62,3212180,Piauí
2018,1,PI,RGF-Anexo 01,DespesaComPessoalBruta,DESPESA BRUTA COM PESSOAL (I),<MR-11>,432785487.55,3212180,Piauí
2018,1,PI,RGF-Anexo 01,DespesaComPessoalBruta,DESPESA BRUTA COM PESSOAL (I),<MR-10>,359981146.86,3212180,Piauí
2018,1,PI,RGF-Anexo 01,DespesaComPessoalBruta,DESPESA BRUTA COM PESSOAL (I),<MR-9>,364608593.44,3212180,Piauí
2018,1,PI,RGF-Anexo 01,DespesaComPessoalBruta,DESPESA BRUTA COM PESSOAL (I),<MR-8>,454352786.17,3212180,Piauí
2018,1,PI,RGF-Anexo 01,DespesaComPessoalBruta,DESPESA BRUTA COM PESSOAL (I),<MR-7>,305023856.77,3212180,Piauí
2018,1,PI,RGF-Anexo 01,DespesaComPessoalBruta,DESPESA BRUTA COM PESSOAL (I),<MR-6>,165178159.62,3212180,Piauí
2018,1,PI,RGF-Anexo 01,DespesaComPessoalBruta,DESPESA BRUTA COM PESSOAL (I),<MR-5>,199692706.77,3212180,Piauí
2018,1,PI,RGF-Anexo 01,DespesaComPessoalBruta,DESPESA BRUTA COM PESSOAL (I),<MR-4>,643429162.66,3212180,Piauí
2018,1,PI,RGF-Anexo 01,DespesaComPessoalBruta,DESPESA BRUTA COM PESSOAL (I),<MR-3>,290210261.57,3212180,Piauí
2018,1,PI,RGF-Anexo 01,DespesaComPessoalBruta,DESPESA BRUTA COM PESSOAL (I),<MR-2>,523445193.2,3212180,Piauí
2018,1,PI,RGF-Anexo 01,DespesaComPessoalBruta,DESPESA BRUTA COM PESSOAL (I),<MR-1>,636447993.65,3212180,Piauí
2018,1,PI,RGF-Anexo 01,DespesaComPessoalBruta,DESPESA BRUTA COM PESSOAL (I),<MR>,694301511.64,3212180,Piauí
2018,1,PI,RGF-Anexo 01,DespesaComPessoalBruta,DESPESA BRUTA COM PESSOAL (I),TOTAL (ÚLTIMOS 12 MESES) (a),5069456859.9,3212180,Piauí
2018,1,PI,RGF-Anexo 01,DespesaComPessoalAtivoBruta,Pessoal Ativo,<MR-11>,291703051.17,3212180,Piauí
2018,1,PI,RGF-Anexo 01,DespesaComPessoalAtivoBruta,Pessoal Ativo,<MR-10>,214846708.5,3212180,Piauí
2018,1,PI,RGF-Anexo 01,DespesaComPessoalAtivoBruta,Pessoal Ativo,<MR-9>,291486173.49,3212180,Piauí
2018,1,PI,RGF-Anexo 01,DespesaComPessoalAtivoBruta,Pessoal Ativo,<MR-8>,326163875.26,3212180,Piauí
2018,1,PI,RGF-Anexo 01,DespesaComPessoalAtivoBruta,Pessoal Ativo,<MR-7>,224525674.35,3212180,Piauí
2018,1,PI,RGF-Anexo 01,DespesaComPessoalAtivoBruta,Pessoal Ativo,<MR-6>,151918498.99,3212180,Piauí
2018,1,PI,RGF-Anexo 01,DespesaComPessoalAtivoBruta,Pessoal Ativo,<MR-5>,187861211.42,3212180,Piauí
2018,1,PI,RGF-Anexo 01,DespesaComPessoalAtivoBruta,Pessoal Ativo,<MR-4>,662855821.23,3212180,Piauí
2018,1,PI,RGF-Anexo 01,DespesaComPessoalAtivoBruta,Pessoal Ativo,<MR-3>,150080552.81,3212180,Piauí
2018,1,PI,RGF-Anexo 01,DespesaComPessoalAtivoBruta,Pessoal Ativo,<MR-2>,242543736.84,3212180,Piauí
2018,1,PI,RGF-Anexo 01,DespesaComPessoalAtivoBruta,Pessoal Ativo,<MR-1>,479225826.12,3212180,Piauí
2018,1,PI,RGF-Anexo 01,DespesaComPessoalAtivoBruta,Pessoal Ativo,<MR>,350880080.55,3212180,Piauí
2018,1,PI,RGF-Anexo 01,DespesaComPessoalAtivoBruta,Pessoal Ativo,TOTAL (ÚLTIMOS 12 MESES) (a),3574091210.73,3212180,Piauí
2018,1,PI,RGF-Anexo 01,DespesaComPessoalInativoEPensionistasBruta,Pessoal Inativo e Pensionistas,<MR-11>,137525226.77,3212180,Piauí
2018,1,PI,RGF-Anexo 01,DespesaComPessoalInativoEPensionistasBruta,Pessoal Inativo e Pensionistas,<MR-10>,139974066.32,3212180,Piauí
2018,1,PI,RGF-Anexo 01,DespesaComPessoalInativoEPensionistasBruta,Pessoal Inativo e Pensionistas,<MR-9>,70636163.32,3212180,Piauí
2018,1,PI,RGF-Anexo 01,DespesaComPessoalInativoEPensionistasBruta,Pessoal Inativo e Pensionistas,<MR-8>,123142843.11,3212180,Piauí
2018,1,PI,RGF-Anexo 01,DespesaComPessoalInativoEPensionistasBruta,Pessoal Inativo e Pensionistas,<MR-7>,80379212.03,3212180,Piauí
2018,1,PI,RGF-Anexo 01,DespesaComPessoalInativoEPensionistasBruta,Pessoal Inativo e Pensionistas,<MR-6>,12917132.36,3212180,Piauí
2018,1,PI,RGF-Anexo 01,DespesaComPessoalInativoEPensionistasBruta,Pessoal Inativo e Pensionistas,<MR-5>,9944287.45,3212180,Piauí
2018,1,PI,RGF-Anexo 01,DespesaComPessoalInativoEPensionistasBruta,Pessoal Inativo e Pensionistas,<MR-4>,-30721282.31,3212180,Piauí
2018,1,PI,RGF-Anexo 01,DespesaComPessoalInativoEPensionistasBruta,Pessoal Inativo e Pensionistas,<MR-3>,139496399.56,3212180,Piauí
2018,1,PI,RGF-Anexo 01,DespesaComPessoalInativoEPensionistasBruta,Pessoal Inativo e Pensionistas,<MR-2>,275944186.37,3212180,Piauí
2018,1,PI,RGF-Anexo 01,DespesaComPessoalInativoEPensionistasBruta,Pessoal Inativo e Pensionistas,<MR-1>,154241924.88,3212180,Piauí
2018,1,PI,RGF-Anexo 01,DespesaComPessoalInativoEPensionistasBruta,Pessoal Inativo e Pensionistas,<MR>,340583857.83,3212180,Piauí
2018,1,PI,RGF-Anexo 01,DespesaComPessoalInativoEPensionistasBruta,Pessoal Inativo e Pensionistas,TOTAL (ÚLTIMOS 12 MESES) (a),1454064017.69,3212180,Piauí
2018,1,PI,RGF-Anexo 01,DespesaComPessoalLiquida,DESPESA LÍQUIDA COM PESSOAL (III) = (I - II),<MR-11>,281386026.45,3212180,Piauí
2018,1,PI,RGF-Anexo 01,DespesaComPessoalLiquida,DESPESA LÍQUIDA COM PESSOAL (III) = (I - II),<MR-10>,297955004.61,3212180,Piauí
2018,1,PI,RGF-Anexo 01,DespesaComPessoalLiquida,DESPESA LÍQUIDA COM PESSOAL (III) = (I - II),<MR-9>,256885404.37,3212180,Piauí
2018,1,PI,RGF-Anexo 01,DespesaComPessoalLiquida,DESPESA LÍQUIDA COM PESSOAL (III) = (I - II),<MR-8>,356720947.14,3212180,Piauí
2018,1,PI,RGF-Anexo 01,DespesaComPessoalLiquida,DESPESA LÍQUIDA COM PESSOAL (III) = (I - II),<MR-7>,150957804.27,3212180,Piauí
2018,1,PI,RGF-Anexo 01,DespesaComPessoalLiquida,DESPESA LÍQUIDA COM PESSOAL (III) = (I - II),<MR-6>,62227671.74,3212180,Piauí
2018,1,PI,RGF-Anexo 01,DespesaComPessoalLiquida,DESPESA LÍQUIDA COM PESSOAL (III) = (I - II),<MR-5>,128151102.02,3212180,Piauí
2018,1,PI,RGF-Anexo 01,DespesaComPessoalLiquida,DESPESA LÍQUIDA COM PESSOAL (III) = (I - II),<MR-4>,523577734.26,3212180,Piauí
2018,1,PI,RGF-Anexo 01,DespesaComPessoalLiquida,DESPESA LÍQUIDA COM PESSOAL (III) = (I - II),<MR-3>,222034887.05,3212180,Piauí
2018,1,PI,RGF-Anexo 01,DespesaComPessoalLiquida,DESPESA LÍQUIDA COM PESSOAL (III) = (I - II),<MR-2>,344955178.26,3212180,Piauí
2018,1,PI,RGF-Anexo 01,DespesaComPessoalLiquida,DESPESA LÍQUIDA COM PESSOAL (III) = (I - II),<MR-1>,468083840.53,3212180,Piauí
2018,1,PI,RGF-Anexo 01,DespesaComPessoalLiquida,DESPESA LÍQUIDA COM PESSOAL (III) = (I - II),<MR>,573481591.31,3212180,Piauí
2018,1,PI,RGF-Anexo 01,DespesaComPessoalLiquida,DESPESA LÍQUIDA COM PESSOAL (III) = (I - II),TOTAL (ÚLTIMOS 12 MESES) (a),3667441653.71,3212180,Piauí
2018,1,PI,RGF-Anexo 01,ReceitaCorrenteLiquidaLimiteLegal,RECEITA CORRENTE LIQUIDA - RCL (IV),Valor,8196015015.75,3212180,Piauí
2018,1,PI,RGF-Anexo 01,DespesaComPessoalTotal,DESPESA TOTAL COM PESSOAL - DTP (VII) = (IIIa + IIIb),Valor,3667441653.71,3212180,Piauí
2018,1,PI,RGF-Anexo 01,DespesaComPessoalTotal,DESPESA TOTAL COM PESSOAL - DTP (VII) = (IIIa + IIIb),% sobre a RCL Ajustada,44.75,3212180,Piauí
2018,1,PI,RGF-Anexo 02,DividaConsolidada,DÍVIDA CONSOLIDADA - DC (I),SALDO DO EXERCÍCIO ANTERIOR,4778471817.68,3212180,Piauí
2018,1,PI,RGF-Anexo 02,DividaConsolidada,DÍVIDA CONSOLIDADA - DC (I),Até o 1º Quadrimestre,4838142663.66,3212180,Piauí
2018,1,PI,RGF-Anexo 02,DividaContratual,Dívida Contratual,SALDO DO EXERCÍCIO ANTERIOR,4327893547.86,3212180,Piauí
2018,1,PI,RGF-Anexo 02,DividaContratual,Dívida Contratual,Até o 1º Quadrimestre,4242266102.91,3212180,Piauí
2018,1,PI,RGF-Anexo 02,DividaConsolidadaLiquida,DÍVIDA CONSOLIDADA LÍQUIDA (DCL) (III) = (I - II),SALDO DO EXERCÍCIO ANTERIOR,3288148476.62,3212180,Piauí
2018,1,PI,RGF-Anexo 02,DividaConsolidadaLiquida,DÍVIDA CONSOLIDADA LÍQUIDA (DCL) (III) = (I - II),Até o 1º Quadrimestre,2453897661.68,3212180,Piauí
2018,2,PI,RGF-Anexo 01,DespesaComPessoalBruta,DESPESA BRUTA COM PESSOAL (I),<MR-11>,305023856.77,3212180,Piauí
2018,2,PI,RGF-Anexo 01,DespesaComPessoalBruta,DESPESA BRUTA COM PESSOAL (I),<MR-10>,165178159.62,3212180,Piauí
2018,2,PI,RGF-Anexo 01,DespesaComPessoalBruta,DESPESA BRUTA COM PESSOAL (I),<MR-9>,199692706.77,3212180,Piauí
2018,2,PI,RGF-Anexo 01,DespesaComPessoalBruta,DESPESA BRUTA COM PESSOAL (I),<MR-8>,643429162.66,3212180,Piauí
2018,2,PI,RGF-Anexo 01,DespesaComPessoalBruta,DESPESA BRUTA COM PESSOAL (I),<MR-7>,290210261.57,3212180,Piauí
2018,2,PI,RGF-Anexo 01,DespesaComPessoalBruta,DESPESA BRUTA COM PESSOAL (I),<MR-6>,523445193.2,3212180,Piauí
2018,2,PI,RGF-Anexo 01,DespesaComPessoalBruta,DESPESA BRUTA COM PESSOAL (I),<MR-5>,636447993.65,3212180,Piauí
2018,2,PI,RGF-Anexo 01,DespesaComPessoalBruta,DESPESA BRUTA COM PESSOAL (I),<MR-4>,694301511.64,3212180,Piauí
2018,2,PI,RGF-Anexo 01,DespesaComPessoalBruta,DESPESA BRUTA COM PESSOAL (I),<MR-3>,442420065.12,3212180,Piauí
2018,2,PI,RGF-Anexo 01,DespesaComPessoalBruta,DESPESA BRUTA COM PESSOAL (I),<MR-2>,511636498.83,3212180,Piauí
2018,2,PI,RGF-Anexo 01,DespesaComPessoalBruta,DESPESA BRUTA COM PESSOAL (I),<MR-1>,438100702.75,3212180,Piauí
2018,2,PI,RGF-Anexo 01,DespesaComPessoalBruta,DESPESA BRUTA COM PESSOAL (I),<MR>,452486220.24,3212180,Piauí
2018,2,PI,RGF-Anexo 01,DespesaComPessoalBruta,DESPESA BRUTA COM PESSOAL (I),TOTAL (ÚLTIMOS 12 MESES) (a),5302372332.82,3212180,Piauí
2018,2,PI,RGF-Anexo 01,DespesaComPessoalAtivoBruta,Pessoal Ativo,<MR-11>,224525674.35,3212180,Piauí
2018,2,PI,RGF-Anexo 01,DespesaComPessoalAtivoBruta,Pessoal Ativo,<MR-10>,151918498.99,3212180,Piauí
2018,2,PI,RGF-Anexo 01,DespesaComPessoalAtivoBruta,Pessoal Ativo,<MR-9>,187861211.42,3212180,Piauí
2018,2,PI,RGF-Anexo 01,DespesaComPessoalAtivoBruta,Pessoal Ativo,<MR-8>,662855821.23,3212180,Piauí
2018,2,PI,RGF-Anexo 01,DespesaComPessoalAtivoBruta,Pessoal Ativo,<MR-7>,150080552.81,3212180,Piauí
2018,2,PI,RGF-Anexo 01,DespesaComPessoalAtivoBruta,Pessoal Ativo,<MR-6>,242543736.84,3212180,Piauí
2018,2,PI,RGF-Anexo 01,DespesaComPessoalAtivoBruta,Pessoal Ativo,<MR-5>,479225826.12,3212180,Piauí
2018,2,PI,RGF-Anexo 01,DespesaComPessoalAtivoBruta,Pessoal Ativo,<MR-4>,350880080.55,3212180,Piauí
2018,2,PI,RGF-Anexo 01,DespesaComPessoalAtivoBruta,Pessoal Ativo,<MR-3>,291847347.3,3212180,Piauí
2018,2,PI,RGF-Anexo 01,DespesaComPessoalAtivoBruta,Pessoal Ativo,<MR-2>,318048298.42,3212180,Piauí
2018,2,PI,RGF-Anexo 01,DespesaComPessoalAtivoBruta,Pessoal Ativo,<MR-1>,278472059.82,3212180,Piauí
2018,2,PI,RGF-Anexo 01,DespesaComPessoalAtivoBruta,Pessoal Ativo,<MR>,298600149.38,3212180,Piauí
2018,2,PI,RGF-Anexo 01,DespesaComPessoalAtivoBruta,Pessoal Ativo,TOTAL (ÚLTIMOS 12 MESES) (a),3636859257.23,3212180,Piauí
2018,2,PI,RGF-Anexo 01,DespesaComPessoalInativoEPensionistasBruta,Pessoal Inativo e Pensionistas,<MR-11>,80379212.03,3212180,Piauí
2018,2,PI,RGF-Anexo 01,DespesaComPessoalInativoEPensionistasBruta,Pessoal Inativo e Pensionistas,<MR-10>,12917132.36,3212180,Piauí
2018,2,PI,RGF-Anexo 01,DespesaComPessoalInativoEPensionistasBruta,Pessoal Inativo e Pensionistas,<MR-9>,9944287.45,3212180,Piauí
2018,2,PI,RGF-Anexo 01,DespesaComPessoalInativoEPensionistasBruta,Pessoal Inativo e Pensionistas,<MR-8>,-30721282.31,3212180,Piauí
2018,2,PI,RGF-Anexo 01,DespesaComPessoalInativoEPensionistasBruta,Pessoal Inativo e Pensionistas,<MR-7>,139496399.56,3212180,Piauí
2018,2,PI,RGF-Anexo 01,DespesaComPessoalInativoEPensionistasBruta,Pessoal Inativo e Pensionistas,<MR-6>,275944186.37,3212180,Piauí
2018,2,PI,RGF-Anexo 01,DespesaComPessoalInativoEPensionistasBruta,Pessoal Inativo e Pensionistas,<MR-5>,154241924.88,3212180,Piauí
2018,2,PI,RGF-Anexo 01,DespesaComPessoalInativoEPensionistasBruta,Pessoal Inativo e Pensionistas,<MR-4>,340583857.83,3212180,Piauí
2018,2,PI,RGF-Anexo 01,DespesaComPessoalInativoEPensionistasBruta,Pessoal Inativo e Pensionistas,<MR-3>,150188878.94,3212180,Piauí
2018,2,PI,RGF-Anexo 01,DespesaComPessoalInativoEPensionistasBruta,Pessoal Inativo e Pensionistas,<MR-2>,188481484.27,3212180,Piauí
2018,2,PI,RGF-Anexo 01,DespesaComPessoalInativoEPensionistasBruta,Pessoal Inativo e Pensionistas,<MR-1>,157282161.22,3212180,Piauí
2018,2,PI,RGF-Anexo 01,DespesaComPessoalInativoEPensionistasBruta,Pessoal Inativo e Pensionistas,<MR>,150637833.29,3212180,Piauí
2018,2,PI,RGF-Anexo 01,DespesaComPessoalInativoEPensionistasBruta,Pessoal Inativo e Pensionistas,TOTAL (ÚLTIMOS 12 MESES) (a),1629376075.89,3212180,Piauí
2018,2,PI,RGF-Anexo 01,DespesaComPessoalLiquida,DESPESA LÍQUIDA COM PESSOAL (III) = (I - II),<MR-11>,150957804.27,3212180,Piauí
2018,2,PI,RGF-Anexo 01,DespesaComPessoalLiquida,DESPESA LÍQUIDA COM PESSOAL (III) = (I - II),<MR-10>,62227671.74,3212180,Piauí
2018,2,PI,RGF-Anexo 01,DespesaComPessoalLiquida,DESPESA LÍQUIDA COM PESSOAL (III) = (I - II),<MR-9>,128151102.02,3212180,Piauí
2018,2,PI,RGF-Anexo 01,DespesaComPessoalLiquida,DESPESA LÍQUIDA COM PESSOAL (III) = (I - II),<MR-8>,523577734.26,3212180,Piauí
2018,2,PI,RGF-Anexo 01,DespesaComPessoalLiquida,DESPESA LÍQUIDA COM PESSOAL (III) = (I - II),<MR-7>,222034887.05,3212180,Piauí
2018,2,PI,RGF-Anexo 01,DespesaComPessoalLiquida,DESPESA LÍQUIDA COM PESSOAL (III) = (I - II),<MR-6>,344955178.26,3212180,Piauí
2018,2,PI,RGF-Anexo 01,DespesaComPessoalLiquida,DESPESA LÍQUIDA COM PESSOAL (III) = (I - II),<MR-5>,468083840.53,3212180,Piauí
2018,2,PI,RGF-Anexo 01,DespesaComPessoalLiquida,DESPESA LÍQUIDA COM PESSOAL (III) = (I - II),<MR-4>,573481591.31,3212180,Piauí
2018,2,PI,RGF-Anexo 01,DespesaComPessoalLiquida,DESPESA LÍQUIDA COM PESSOAL (III) = (I - II),<MR-3>,309392181.97,3212180,Piauí
2018,2,PI,RGF-Anexo 01,DespesaComPessoalLiquida,DESPESA LÍQUIDA COM PESSOAL (III) = (I - II),<MR-2>,358074885.13,3212180,Piauí
2018,2,PI,RGF-Anexo 01,DespesaComPessoalLiquida,DESPESA LÍQUIDA COM PESSOAL (III) = (I - II),<MR-1>,326432865.48,3212180,Piauí
2018,2,PI,RGF-Anexo 01,DespesaComPessoalLiquida,DESPESA LÍQUIDA COM PESSOAL (III) = (I - II),<MR>,322104486.14,3212180,Piauí
2018,2,PI,RGF-Anexo 01,DespesaComPessoalLiquida,DESPESA LÍQUIDA COM PESSOAL (III) = (I - II),TOTAL (ÚLTIMOS 12 MESES) (a),3789474228.16,3212180,Piauí
2018,2,PI,RGF-Anexo 01,ReceitaCorrenteLiquidaLimiteLegal,RECEITA CORRENTE LIQUIDA - RCL (IV),Valor,8453301631.94,3212180,Piauí
2018,2,PI,RGF-Anexo 01,DespesaComPessoalTotal,DESPESA TOTAL COM PESSOAL - DTP (VII) = (IIIa + IIIb),Valor,3789474228.16,3212180,Piauí
2018,2,PI,RGF-Anexo 01,DespesaComPessoalTotal,DESPESA TOTAL COM PESSOAL - DTP (VII) = (IIIa + IIIb),% sobre a RCL Ajustada,44.87,3212180,Piauí
2018,2,PI,RGF-Anexo 02,DividaConsolidada,DÍVIDA CONSOLIDADA - DC (I),SALDO DO EXERCÍCIO ANTERIOR,4778471817.68,3212180,Piauí
2018,2,PI,RGF-Anexo 02,DividaConsolidada,DÍVIDA CONSOLIDADA - DC (I),Até o 1º Quadrimestre,4838142663.66,3212180,Piauí
2018,2,PI,RGF-Anexo 02,DividaConsolidada,DÍVIDA CONSOLIDADA - DC (I),Até o 2º Quadrimestre,5861200175.12,3212180,Piauí
2018,2,PI,RGF-Anexo 02,DividaContratual,Dívida Contratual,SALDO DO EXERCÍCIO ANTERIOR,4327893547.86,3212180,Piauí
2018,2,PI,RGF-Anexo 02,DividaContratual,Dívida Contratual,Até o 1º Quadrimestre,4242266102.91,3212180,Piauí
2018,2,PI,RGF-Anexo 02,DividaContratual,Dívida Contratual,Até o 2º Quadrimestre,5292773963.77,3212180,Piauí
2018,2,PI,RGF-Anexo 02,DividaConsolidadaLiquida,DÍVIDA CONSOLIDADA LÍQUIDA (DCL) (III) = (I - II),SALDO DO EXERCÍCIO ANTERIOR,3288148476.62,3212180,Piauí
2018,2,PI,RGF-Anexo 02,DividaConsolidadaLiquida,DÍVIDA CONSOLIDADA LÍQUIDA (DCL) (III) = (I - II),Até o 1º Quadrimestre,2200208004.58,3212180,Piauí
2018,2,PI,RGF-Anexo 02,DividaConsolidadaLiquida,DÍVIDA CONSOLIDADA LÍQUIDA (DCL) (III) = (I - II),Até o 2º Quadrimestre,2555280839.7,3212180,Piauí
2018,3,PI,RGF-Anexo 01,DespesaComPessoalBruta,DESPESA BRUTA COM PESSOAL (I),<MR-11>,290210261.57,3212180,Piauí
2018,3,PI,RGF-Anexo 01,DespesaComPessoalBruta,DESPESA BRUTA COM PESSOAL (I),<MR-10>,523445193.2,3212180,Piauí
2018,3,PI,RGF-Anexo 01,DespesaComPessoalBruta,DESPESA BRUTA COM PESSOAL (I),<MR-9>,636447993.65,3212180,Piauí
2018,3,PI,RGF-Anexo 01,DespesaComPessoalBruta,DESPESA BRUTA COM PESSOAL (I),<MR-8>,694301511.64,3212180,Piauí
2018,3,PI,RGF-Anexo 01,DespesaComPessoalBruta,DESPESA BRUTA COM PESSOAL (I),<MR-7>,442420065.12,3212180,Piauí
2018,3,PI,RGF-Anexo 01,DespesaComPessoalBruta,DESPESA BRUTA COM PESSOAL (I),<MR-6>,511636498.83,3212180,Piauí
2018,3,PI,RGF-Anexo 01,DespesaComPessoalBruta,DESPESA BRUTA COM PESSOAL (I),<MR-5>,438100702.75,3212180,Piauí
2018,3,PI,RGF-Anexo 01,DespesaComPessoalBruta,DESPESA BRUTA COM PESSOAL (I),<MR-4>,452486220.24,3212180,Piauí
2018,3,PI,RGF-Anexo 01,DespesaComPessoalBruta,DESPESA BRUTA COM PESSOAL (I),<MR-3>,297958916.1,3212180,Piauí
2018,3,PI,RGF-Anexo 01,DespesaComPessoalBruta,DESPESA BRUTA COM PESSOAL (I),<MR-2>,252585355.92,3212180,Piauí
2018,3,PI,RGF-Anexo 01,DespesaComPessoalBruta,DESPESA BRUTA COM PESSOAL (I),<MR-1>,229996620.87,3212180,Piauí
2018,3,PI,RGF-Anexo 01,DespesaComPessoalBruta,DESPESA BRUTA COM PESSOAL (I),<MR>,1637885452.6,3212180,Piauí
2018,3,PI,RGF-Anexo 01,DespesaComPessoalBruta,DESPESA BRUTA COM PESSOAL (I),TOTAL (ÚLTIMOS 12 MESES) (a),6407474792.49,3212180,Piauí
2018,3,PI,RGF-Anexo 01,DespesaComPessoalBruta,DESPESA BRUTA COM PESSOAL (I),INSCRITAS EM RESTOS A PAGAR NÃO PROCESSADOS (b),8957890.14,3212180,Piauí
2018,3,PI,RGF-Anexo 01,DespesaComPessoalAtivoBruta,Pessoal Ativo,<MR-11>,150080552.81,3212180,Piauí
2018,3,PI,RGF-Anexo 01,DespesaComPessoalAtivoBruta,Pessoal Ativo,<MR-10>,242543736.84,3212180,Piauí
2018,3,PI,RGF-Anexo 01,DespesaComPessoalAtivoBruta,Pessoal Ativo,<MR-9>,479225826.12,3212180,Piauí
2018,3,PI,RGF-Anexo 01,DespesaComPessoalAtivoBruta,Pessoal Ativo,<MR-8>,350880080.55,3212180,Piauí
2018,3,PI,RGF-Anexo 01,DespesaComPessoalAtivoBruta,Pessoal Ativo,<MR-7>,291847347.3,3212180,Piauí
2018,3,PI,RGF-Anexo 01,DespesaComPessoalAtivoBruta,Pessoal Ativo,<MR-6>,318048298.42,3212180,Piauí
2018,3,PI,RGF-Anexo 01,DespesaComPessoalAtivoBruta,Pessoal Ativo,<MR-5>,278472059.82,3212180,Piauí
2018,3,PI,RGF-Anexo 01,DespesaComPessoalAtivoBruta,Pessoal Ativo,<MR-4>,298600149.38,3212180,Piauí
2018,3,PI,RGF-Anexo 01,DespesaComPessoalAtivoBruta,Pessoal Ativo,<MR-3>,292974056.37,3212180,Piauí
2018,3,PI,RGF-Anexo 01,DespesaComPessoalAtivoBruta,Pessoal Ativo,<MR-2>,245640019.2,3212180,Piauí
2018,3,PI,RGF-Anexo 01,DespesaComPessoalAtivoBruta,Pessoal Ativo,<MR-1>,224773194.56,3212180,Piauí
2018,3,PI,RGF-Anexo 01,DespesaComPessoalAtivoBruta,Pessoal Ativo,<MR>,856672690.4,3212180,Piauí
2018,3,PI,RGF-Anexo 01,DespesaComPessoalAtivoBruta,Pessoal Ativo,TOTAL (ÚLTIMOS 12 MESES) (a),4029758011.77,3212180,Piauí
2018,3,PI,RGF-Anexo 01,DespesaComPessoalAtivoBruta,Pessoal Ativo,INSCRITAS EM RESTOS A PAGAR NÃO PROCESSADOS (b),8561232.72,3212180,Piauí
2018,3,PI,RGF-Anexo 01,DespesaComPessoalInativoEPensionistasBruta,Pessoal Inativo e Pensionistas,<MR-11>,139496399.56,3212180,Piauí
2018,3,PI,RGF-Anexo 01,DespesaComPessoalInativoEPensionistasBruta,Pessoal Inativo e Pensionistas,<MR-10>,275944186.37,3212180,Piauí
2018,3,PI,RGF-Anexo 01,DespesaComPessoalInativoEPensionistasBruta,Pessoal Inativo e Pensionistas,<MR-9>,154241924.88,3212180,Piauí
2018,3,PI,RGF-Anexo 01,DespesaComPessoalInativoEPensionistasBruta,Pessoal Inativo e Pensionistas,<MR-8>,340583857.83,3212180,Piauí
2018,3,PI,RGF-Anexo 01,DespesaComPessoalInativoEPensionistasBruta,Pessoal Inativo e Pensionistas,<MR-7>,150188878.94,3212180,Piauí
2018,3,PI,RGF-Anexo 01,DespesaComPessoalInativoEPensionistasBruta,Pessoal Inativo e Pensionistas,<MR-6>,188481484.27,3212180,Piauí
2018,3,PI,RGF-Anexo 01,DespesaComPessoalInativoEPensionistasBruta,Pessoal Inativo e Pensionistas,<MR-5>,157282161.22,3212180,Piauí
2018,3,PI,RGF-Anexo 01,DespesaComPessoalInativoEPensionistasBruta,Pessoal Inativo e Pensionistas,<MR-4>,150637833.29,3212180,Piauí
2018,3,PI,RGF-Anexo 01,DespesaComPessoalInativoEPensionistasBruta,Pessoal Inativo e Pensionistas,<MR-3>,1588435.23,3212180,Piauí
2018,3,PI,RGF-Anexo 01,DespesaComPessoalInativoEPensionistasBruta,Pessoal Inativo e Pensionistas,<MR-2>,4520441.21,3212180,Piauí
2018,3,PI,RGF-Anexo 01,DespesaComPessoalInativoEPensionistasBruta,Pessoal Inativo e Pensionistas,<MR-1>,761686.52,3212180,Piauí
2018,3,PI,RGF-Anexo 01,DespesaComPessoalInativoEPensionistasBruta,Pessoal Inativo e Pensionistas,<MR>,764439416.96,3212180,Piauí
2018,3,PI,RGF-Anexo 01,DespesaComPessoalInativoEPensionistasBruta,Pessoal Inativo e Pensionistas,TOTAL (ÚLTIMOS 12 MESES) (a),2328166706.28,3212180,Piauí
2018,3,PI,RGF-Anexo 01,DespesaComPessoalInativoEPensionistasBruta,Pessoal Inativo e Pensionistas,INSCRITAS EM RESTOS A PAGAR NÃO PROCESSADOS (b),396657.42,3212180,Piauí
2018,3,PI,RGF-Anexo 01,DespesaComPessoalLiquida,DESPESA LÍQUIDA COM PESSOAL (III) = (I - II),<MR-11>,222034887.05,3212180,Piauí
2018,3,PI,RGF-Anexo 01,DespesaComPessoalLiquida,DESPESA LÍQUIDA COM PESSOAL (III) = (I - II),<MR-10>,199064437.38,3212180,Piauí
2018,3,PI,RGF-Anexo 01,DespesaComPessoalLiquida,DESPESA LÍQUIDA COM PESSOAL (III) = (I - II),<MR-9>,444264105.12,3212180,Piauí
2018,3,PI,RGF-Anexo 01,DespesaComPessoalLiquida,DESPESA LÍQUIDA COM PESSOAL (III) = (I - II),<MR-8>,336575231.53,3212180,Piauí
2018,3,PI,RGF-Anexo 01,DespesaComPessoalLiquida,DESPESA LÍQUIDA COM PESSOAL (III) = (I - II),<MR-7>,301091491.48,3212180,Piauí
2018,3,PI,RGF-Anexo 01,DespesaComPessoalLiquida,DESPESA LÍQUIDA COM PESSOAL (III) = (I - II),<MR-6>,331863205.55,3212180,Piauí
2018,3,PI,RGF-Anexo 01,DespesaComPessoalLiquida,DESPESA LÍQUIDA COM PESSOAL (III) = (I - II),<MR-5>,321420711.71,3212180,Piauí
2018,3,PI,RGF-Anexo 01,DespesaComPessoalLiquida,DESPESA LÍQUIDA COM PESSOAL (III) = (I - II),<MR-4>,321153746.0,3212180,Piauí
2018,3,PI,RGF-Anexo 01,DespesaComPessoalLiquida,DESPESA LÍQUIDA COM PESSOAL (III) = (I - II),<MR-3>,208013481.36,3212180,Piauí
2018,3,PI,RGF-Anexo 01,DespesaComPessoalLiquida,DESPESA LÍQUIDA COM PESSOAL (III) = (I - II),<MR-2>,126900930.78,3212180,Piauí
2018,3,PI,RGF-Anexo 01,DespesaComPessoalLiquida,DESPESA LÍQUIDA COM PESSOAL (III) = (I - II),<MR-1>,168658428.54,3212180,Piauí
2018,3,PI,RGF-Anexo 01,DespesaComPessoalLiquida,DESPESA LÍQUIDA COM PESSOAL (III) = (I - II),<MR>,1197934329.93,3212180,Piauí
2018,3,PI,RGF-Anexo 01,DespesaComPessoalLiquida,DESPESA LÍQUIDA COM PESSOAL (III) = (I - II),TOTAL (ÚLTIMOS 12 MESES) (a),4178974986.43,3212180,Piauí
2018,3,PI,RGF-Anexo 01,DespesaComPessoalLiquida,DESPESA LÍQUIDA COM PESSOAL (III) = (I - II),INSCRITAS EM RESTOS A PAGAR NÃO PROCESSADOS (b),8113667.62,3212180,Piauí
2018,3,PI,RGF-Anexo 01,ReceitaCorrenteLiquidaLimiteLegal,RECEITA CORRENTE LIQUIDA - RCL (IV),Valor,8633503898.16,3212180,Piauí
2018,3,PI,RGF-Anexo 01,DespesaComPessoalTotal,DESPESA TOTAL COM PESSOAL - DTP (VII) = (IIIa + IIIb),Valor,4187088654.05,3212180,Piauí
2018,3,PI,RGF-Anexo 01,DespesaComPessoalTotal,DESPESA TOTAL COM PESSOAL - DTP (VII) = (IIIa + IIIb),% sobre a RCL Ajustada,48.52,3212180,Piauí
2018,3,PI,RGF-Anexo 02,DividaConsolidada,DÍVIDA CONSOLIDADA - DC (I),SALDO DO EXERCÍCIO ANTERIOR,4778471817.68,3212180,Piauí
2018,3,PI,RGF-Anexo 02,DividaConsolidada,DÍVIDA CONSOLIDADA - DC (I),Até o 1º Quadrimestre,4838142663.66,3212180,Piauí
2018,3,PI,RGF-Anexo 02,DividaConsolidada,DÍVIDA CONSOLIDADA - DC (I),Até o 2º Quadrimestre,5861200175.12,3212180,Piauí
2018,3,PI,RGF-Anexo 02,DividaConsolidada,DÍVIDA CONSOLIDADA - DC (I),Até o 3º Quadrimestre,5838948374.25,3212180,Piauí
2018,3,PI,RGF-Anexo 02,DividaContratual,Dívida Contratual,SALDO DO EXERCÍCIO ANTERIOR,4327893547.86,3212180,Piauí
2018,3,PI,RGF-Anexo 02,DividaContratual,Dívida Contratual,Até o 1º Quadrimestre,4242266102.91,3212180,Piauí
2018,3,PI,RGF-Anexo 02,DividaContratual,Dívida Contratual,Até o 2º Quadrimestre,5292773963.77,3212180,Piauí
2018,3,PI,RGF-Anexo 02,DividaContratual,Dívida Contratual,Até o 3º Quadrimestre,5270522162.9,3212180,Piauí
2018,3,PI,RGF-Anexo 02,DividaConsolidadaLiquida,DÍVIDA CONSOLIDADA LÍQUIDA (DCL) (III) = (I - II),SALDO DO EXERCÍCIO ANTERIOR,3288148476.62,3212180,Piauí
2018,3,PI,RGF-Anexo 02,DividaConsolidadaLiquida,DÍVIDA CONSOLIDADA LÍQUIDA (DCL) (III) = (I - II),Até o 1º Quadrimestre,2200208004.58,3212180,Piauí
2018,3,PI,RGF-Anexo 02,DividaConsolidadaLiquida,DÍVIDA CONSOLIDADA LÍQUIDA (DCL) (III) = (I - II),Até o 2º Quadrimestre,2555280839.7,3212180,Piauí
2018,3,PI,RGF-Anexo 02,DividaConsolidadaLiquida,DÍVIDA CONSOLIDADA LÍQUIDA (DCL) (III) = (I - II),Até o 3º Quadrimestre,4356652695.42,3212180,Piauí
2019,1,PI,RGF-Anexo 01,DespesaComPessoalBruta,DESPESA BRUTA COM PESSOAL (I),<MR-11>,442420065.12,3264531,Piauí
2019,1,PI,RGF-Anexo 01,DespesaComPessoalBruta,DESPESA BRUTA COM PESSOAL (I),<MR-10>,511636498.83,3264531,Piauí
2019,1,PI,RGF-Anexo 01,DespesaComPessoalBruta,DESPESA BRUTA COM PESSOAL (I),<MR-9>,438100702.75,3264531,Piauí
2019,1,PI,RGF-Anexo 01,DespesaComPessoalBruta,DESPESA BRUTA COM PESSOAL (I),<MR-8>,452486220.24,3264531,Piauí
2019,1,PI,RGF-Anexo 01,DespesaComPessoalBruta,DESPESA BRUTA COM PESSOAL (I),<MR-7>,297958916.1,3264531,Piauí
2019,1,PI,RGF-Anexo 01,DespesaComPessoalBruta,DESPESA BRUTA COM PESSOAL (I),<MR-6>,252585355.92,3264531,Piauí
2019,1,PI,RGF-Anexo 01,DespesaComPessoalBruta,DESPESA BRUTA COM PESSOAL (I),<MR-5>,229996620.87,3264531,Piauí
2019,1,PI,RGF-Anexo 01,DespesaComPessoalBruta,DESPESA BRUTA COM PESSOAL (I),<MR-4>,1637885452.6,3264531,Piauí
2019,1,PI,RGF-Anexo 01,DespesaComPessoalBruta,DESPESA BRUTA COM PESSOAL (I),<MR-3>,440763883.53,3264531,Piauí
2019,1,PI,RGF-Anexo 01,DespesaComPessoalBruta,DESPESA BRUTA COM PESSOAL (I),<MR-2>,474059843.65,3264531,Piauí
2019,1,PI,RGF-Anexo 01,DespesaComPessoalBruta,DESPESA BRUTA COM PESSOAL (I),<MR-1>,461902295.23,3264531,Piauí
2019,1,PI,RGF-Anexo 01,DespesaComPessoalBruta,DESPESA BRUTA COM PESSOAL (I),<MR>,498899686.41,3264531,Piauí
2019,1,PI,RGF-Anexo 01,DespesaComPessoalBruta,DESPESA BRUTA COM PESSOAL (I),TOTAL (ÚLTIMOS 12 MESES) (a),6138695541.25,3264531,Piauí
2019,1,PI,RGF-Anexo 01,DespesaComPessoalAtivoBruta,Pessoal Ativo,<MR-11>,291847347.3,3264531,Piauí
2019,1,PI,RGF-Anexo 01,DespesaComPessoalAtivoBruta,Pessoal Ativo,<MR-10>,318048298.42,3264531,Piauí
2019,1,PI,RGF-Anexo 01,DespesaComPessoalAtivoBruta,Pessoal Ativo,<MR-9>,278472059.82,3264531,Piauí
2019,1,PI,RGF-Anexo 01,DespesaComPessoalAtivoBruta,Pessoal Ativo,<MR-8>,298600149.38,3264531,Piauí
2019,1,PI,RGF-Anexo 01,DespesaComPessoalAtivoBruta,Pessoal Ativo,<MR-7>,292974056.37,3264531,Piauí
2019,1,PI,RGF-Anexo 01,DespesaComPessoalAtivoBruta,Pessoal Ativo,<MR-6>,245640019.2,3264531,Piauí
2019,1,PI,RGF-Anexo 01,DespesaComPessoalAtivoBruta,Pessoal Ativo,<MR-5>,224773194.56,3264531,Piauí
2019,1,PI,RGF-Anexo 01,DespesaComPessoalAtivoBruta,Pessoal Ativo,<MR-4>,856672690.4,3264531,Piauí
2019,1,PI,RGF-Anexo 01,DespesaComPessoalAtivoBruta,Pessoal Ativo,<MR-3>,282155410.84,3264531,Piauí
2019,1,PI,RGF-Anexo 01,DespesaComPessoalAtivoBruta,Pessoal Ativo,<MR-2>,311523522.33,3264531,Piauí
2019,1,PI,RGF-Anexo 01,DespesaComPessoalAtivoBruta,Pessoal Ativo,<MR-1>,300775869.74,3264531,Piauí
2019,1,PI,RGF-Anexo 01,DespesaComPessoalAtivoBruta,Pessoal Ativo,<MR>,334019108.45,3264531,Piauí
2019,1,PI,RGF-Anexo 01,DespesaComPessoalAtivoBruta,Pessoal Ativo,TOTAL (ÚLTIMOS 12 MESES) (a),4035501726.81,3264531,Piauí
2019,1,PI,RGF-Anexo 01,DespesaComPessoalInativoEPensionistasBruta,Pessoal Inativo e Pensionistas,<MR-11>,150188878.94,3264531,Piauí
2019,1,PI,RGF-Anexo 01,DespesaComPessoalInativoEPensionistasBruta,Pessoal Inativo e Pensionistas,<MR-10>,188481484.27,3264531,Piauí
2019,1,PI,RGF-Anexo 01,DespesaComPessoalInativoEPensionistasBruta,Pessoal Inativo e Pensionistas,<MR-9>,157282161.22,3264531,Piauí
2019,1,PI,RGF-Anexo 01,DespesaComPessoalInativoEPensionistasBruta,Pessoal Inativo e Pensionistas,<MR-8>,150637833.29,3264531,Piauí
2019,1,PI,RGF-Anexo 01,DespesaComPessoalInativoEPensionistasBruta,Pessoal Inativo e Pensionistas,<MR-7>,1588435.23,3264531,Piauí
2019,1,PI,RGF-Anexo 01,DespesaComPessoalInativoEPensionistasBruta,Pessoal Inativo e Pensionistas,<MR-6>,4520441.21,3264531,Piauí
2019,1,PI,RGF-Anexo 01,DespesaComPessoalInativoEPensionistasBruta,Pessoal Inativo e Pensionistas,<MR-5>,761686.52,3264531,Piauí
2019,1,PI,RGF-Anexo 01,DespesaComPessoalInativoEPensionistasBruta,Pessoal Inativo e Pensionistas,<MR-4>,764439416.96,3264531,Piauí
2019,1,PI,RGF-Anexo 01,DespesaComPessoalInativoEPensionistasBruta,Pessoal Inativo e Pensionistas,<MR-3>,155415637.35,3264531,Piauí
2019,1,PI,RGF-Anexo 01,DespesaComPessoalInativoEPensionistasBruta,Pessoal Inativo e Pensionistas,<MR-2>,154627890.45,3264531,Piauí
2019,1,PI,RGF-Anexo 01,DespesaComPessoalInativoEPensionistasBruta,Pessoal Inativo e Pensionistas,<MR-1>,155221508.25,3264531,Piauí
2019,1,PI,RGF-Anexo 01,DespesaComPessoalInativoEPensionistasBruta,Pessoal Inativo e Pensionistas,<MR>,154819835.65,3264531,Piauí
2019,1,PI,RGF-Anexo 01,DespesaComPessoalInativoEPensionistasBruta,Pessoal Inativo e Pensionistas,TOTAL (ÚLTIMOS 12 MESES) (a),2037985209.34,3264531,Piauí
2019,1,PI,RGF-Anexo 01,DespesaComPessoalLiquida,DESPESA LÍQUIDA COM PESSOAL (III) = (I - II),<MR-11>,301091491.48,3264531,Piauí
2019,1,PI,RGF-Anexo 01,DespesaComPessoalLiquida,DESPESA LÍQUIDA COM PESSOAL (III) = (I - II),<MR-10>,331863205.55,3264531,Piauí
2019,1,PI,RGF-Anexo 01,DespesaComPessoalLiquida,DESPESA LÍQUIDA COM PESSOAL (III) = (I - II),<MR-9>,321420711.71,3264531,Piauí
2019,1,PI,RGF-Anexo 01,DespesaComPessoalLiquida,DESPESA LÍQUIDA COM PESSOAL (III) = (I - II),<MR-8>,321153746.0,3264531,Piauí
2019,1,PI,RGF-Anexo 01,DespesaComPessoalLiquida,DESPESA LÍQUIDA COM PESSOAL (III) = (I - II),<MR-7>,208013481.36,3264531,Piauí
2019,1,PI,RGF-Anexo 01,DespesaComPessoalLiquida,DESPESA LÍQUIDA COM PESSOAL (III) = (I - II),<MR-6>,126900930.78,3264531,Piauí
2019,1,PI,RGF-Anexo 01,DespesaComPessoalLiquida,DESPESA LÍQUIDA COM PESSOAL (III) = (I - II),<MR-5>,168658428.54,3264531,Piauí
2019,1,PI,RGF-Anexo 01,DespesaComPessoalLiquida,DESPESA LÍQUIDA COM PESSOAL (III) = (I - II),<MR-4>,1197934329.93,3264531,Piauí
2019,1,PI,RGF-Anexo 01,DespesaComPessoalLiquida,DESPESA LÍQUIDA COM PESSOAL (III) = (I - II),<MR-3>,361816989.12,3264531,Piauí
2019,1,PI,RGF-Anexo 01,DespesaComPessoalLiquida,DESPESA LÍQUIDA COM PESSOAL (III) = (I - II),<MR-2>,275536605.57,3264531,Piauí
2019,1,PI,RGF-Anexo 01,DespesaComPessoalLiquida,DESPESA LÍQUIDA COM PESSOAL (III) = (I - II),<MR-1>,313860404.71,3264531,Piauí
2019,1,PI,RGF-Anexo 01,DespesaComPessoalLiquida,DESPESA LÍQUIDA COM PESSOAL (III) = (I - II),<MR>,309646486.43,3264531,Piauí
2019,1,PI,RGF-Anexo 01,DespesaComPessoalLiquida,DESPESA LÍQUIDA COM PESSOAL (III) = (I - II),TOTAL (ÚLTIMOS 12 MESES) (a),4237896811.18,3264531,Piauí
2019,1,PI,RGF-Anexo 01,ReceitaCorrenteLiquidaLimiteLegal,RECEITA CORRENTE LIQUIDA - RCL (IV),Valor,8939580750.8,3264531,Piauí
2019,1,PI,RGF-Anexo 01,DespesaComPessoalTotal,DESPESA TOTAL COM PESSOAL - DTP (VII) = (IIIa + IIIb),Valor,4237896811.18,3264531,Piauí
2019,1,PI,RGF-Anexo 01,DespesaComPessoalTotal,DESPESA TOTAL COM PESSOAL - DTP (VII) = (IIIa + IIIb),% sobre a RCL Ajustada,47.42,3264531,Piauí
2019,1,PI,RGF-Anexo 02,DividaConsolidada,DÍVIDA CONSOLIDADA - DC (I),SALDO DO EXERCÍCIO ANTERIOR,5838948374.25,3264531,Piauí
2019,1,PI,RGF-Anexo 02,DividaConsolidada,DÍVIDA CONSOLIDADA - DC (I),Até o 1º Quadrimestre,5467307460.99,3264531,Piauí
2019,1,PI,RGF-Anexo 02,DividaContratual,Dívida Contratual,SALDO DO EXERCÍCIO ANTERIOR,5270522162.9,3264531,Piauí
2019,1,PI,RGF-Anexo 02,DividaContratual,Dívida Contratual,Até o 1º Quadrimestre,4898881249.64,3264531,Piauí
2019,1,PI,RGF-Anexo 02,DividaConsolidadaLiquida,DÍVIDA CONSOLIDADA LÍQUIDA (DCL) (III) = (I - II),SALDO DO EXERCÍCIO ANTERIOR,4356652695.42,3264531,Piauí
2019,1,PI,RGF-Anexo 02,DividaConsolidadaLiquida,DÍVIDA CONSOLIDADA LÍQUIDA (DCL) (III) = (I - II),Até o 1º Quadrimestre,2561991389.73,3264531,Piauí
2019,2,PI,RGF-Anexo 01,DespesaComPessoalBruta,DESPESA BRUTA COM PESSOAL (I),<MR-11>,277080247.63,3264531,Piauí
2019,2,PI,RGF-Anexo 01,DespesaComPessoalBruta,DESPESA BRUTA COM PESSOAL (I),<MR-10>,236782951.19,3264531,Piauí
2019,2,PI,RGF-Anexo 01,DespesaComPessoalBruta,DESPESA BRUTA COM PESSOAL (I),<MR-9>,211424281.84,3264531,Piauí
2019,2,PI,RGF-Anexo 01,DespesaComPessoalBruta,DESPESA BRUTA COM PESSOAL (I),<MR-8>,1641309465.29,3264531,Piauí
2019,2,PI,RGF-Anexo 01,DespesaComPessoalBruta,DESPESA BRUTA COM PESSOAL (I),<MR-7>,420815786.44,3264531,Piauí
2019,2,PI,RGF-Anexo 01,DespesaComPessoalBruta,DESPESA BRUTA COM PESSOAL (I),<MR-6>,454126168.01,3264531,Piauí
2019,2,PI,RGF-Anexo 01,DespesaComPessoalBruta,DESPESA BRUTA COM PESSOAL (I),<MR-5>,444711670.25,3264531,Piauí
2019,2,PI,RGF-Anexo 01,DespesaComPessoalBruta,DESPESA BRUTA COM PESSOAL (I),<MR-4>,478598484.03,3264531,Piauí
2019,2,PI,RGF-Anexo 01,DespesaComPessoalBruta,DESPESA BRUTA COM PESSOAL (I),<MR-3>,452179193.91,3264531,Piauí
2019,2,PI,RGF-Anexo 01,DespesaComPessoalBruta,DESPESA BRUTA COM PESSOAL (I),<MR-2>,435315262.35,3264531,Piauí
2019,2,PI,RGF-Anexo 01,DespesaComPessoalBruta,DESPESA BRUTA COM PESSOAL (I),<MR-1>,451380718.4,3264531,Piauí
2019,2,PI,RGF-Anexo 01,DespesaComPessoalBruta,DESPESA BRUTA COM PESSOAL (I),<MR>,296806226.23,3264531,Piauí
2019,2,PI,RGF-Anexo 01,DespesaComPessoalBruta,DESPESA BRUTA COM PESSOAL (I),TOTAL (ÚLTIMOS 12 MESES) (a),5800530455.57,3264531,Piauí
2019,2,PI,RGF-Anexo 01,DespesaComPessoalAtivoBruta,Pessoal Ativo,<MR-11>,272095387.9,3264531,Piauí
2019,2,PI,RGF-Anexo 01,DespesaComPessoalAtivoBruta,Pessoal Ativo,<MR-10>,229837614.47,3264531,Piauí
2019,2,PI,RGF-Anexo 01,DespesaComPessoalAtivoBruta,Pessoal Ativo,<MR-9>,206200855.53,3264531,Piauí
2019,2,PI,RGF-Anexo 01,DespesaComPessoalAtivoBruta,Pessoal Ativo,<MR-8>,860740350.72,3264531,Piauí
2019,2,PI,RGF-Anexo 01,DespesaComPessoalAtivoBruta,Pessoal Ativo,<MR-7>,262207313.75,3264531,Piauí
2019,2,PI,RGF-Anexo 01,DespesaComPessoalAtivoBruta,Pessoal Ativo,<MR-6>,291589846.69,3264531,Piauí
2019,2,PI,RGF-Anexo 01,DespesaComPessoalAtivoBruta,Pessoal Ativo,<MR-5>,283585244.76,3264531,Piauí
2019,2,PI,RGF-Anexo 01,DespesaComPessoalAtivoBruta,Pessoal Ativo,<MR-4>,313717906.07,3264531,Piauí
2019,2,PI,RGF-Anexo 01,DespesaComPessoalAtivoBruta,Pessoal Ativo,<MR-3>,284295746.38,3264531,Piauí
2019,2,PI,RGF-Anexo 01,DespesaComPessoalAtivoBruta,Pessoal Ativo,<MR-2>,248639026.96,3264531,Piauí
2019,2,PI,RGF-Anexo 01,DespesaComPessoalAtivoBruta,Pessoal Ativo,<MR-1>,271017246.89,3264531,Piauí
2019,2,PI,RGF-Anexo 01,DespesaComPessoalAtivoBruta,Pessoal Ativo,<MR>,271919264.26,3264531,Piauí
2019,2,PI,RGF-Anexo 01,DespesaComPessoalAtivoBruta,Pessoal Ativo,TOTAL (ÚLTIMOS 12 MESES) (a),3795845804.38,3264531,Piauí
2019,2,PI,RGF-Anexo 01,DespesaComPessoalInativoEPensionistasBruta,Pessoal Inativo e Pensionistas,<MR-11>,1588435.23,3264531,Piauí
2019,2,PI,RGF-Anexo 01,DespesaComPessoalInativoEPensionistasBruta,Pessoal Inativo e Pensionistas,<MR-10>,4520441.21,3264531,Piauí
2019,2,PI,RGF-Anexo 01,DespesaComPessoalInativoEPensionistasBruta,Pessoal Inativo e Pensionistas,<MR-9>,761686.52,3264531,Piauí
2019,2,PI,RGF-Anexo 01,DespesaComPessoalInativoEPensionistasBruta,Pessoal Inativo e Pensionistas,<MR-8>,763795769.33,3264531,Piauí
2019,2,PI,RGF-Anexo 01,DespesaComPessoalInativoEPensionistasBruta,Pessoal Inativo e Pensionistas,<MR-7>,155415637.35,3264531,Piauí
2019,2,PI,RGF-Anexo 01,DespesaComPessoalInativoEPensionistasBruta,Pessoal Inativo e Pensionistas,<MR-6>,154627890.45,3264531,Piauí
2019,2,PI,RGF-Anexo 01,DespesaComPessoalInativoEPensionistasBruta,Pessoal Inativo e Pensionistas,<MR-5>,155221508.25,3264531,Piauí
2019,2,PI,RGF-Anexo 01,DespesaComPessoalInativoEPensionistasBruta,Pessoal Inativo e Pensionistas,<MR-4>,154819835.65,3264531,Piauí
2019,2,PI,RGF-Anexo 01,DespesaComPessoalInativoEPensionistasBruta,Pessoal Inativo e Pensionistas,<MR-3>,155220470.27,3264531,Piauí
2019,2,PI,RGF-Anexo 01,DespesaComPessoalInativoEPensionistasBruta,Pessoal Inativo e Pensionistas,<MR-2>,182230069.25,3264531,Piauí
2019,2,PI,RGF-Anexo 01,DespesaComPessoalInativoEPensionistasBruta,Pessoal Inativo e Pensionistas,<MR-1>,167786662.12,3264531,Piauí
2019,2,PI,RGF-Anexo 01,DespesaComPessoalInativoEPensionistasBruta,Pessoal Inativo e Pensionistas,<MR>,5760596.4,3264531,Piauí
2019,2,PI,RGF-Anexo 01,DespesaComPessoalInativoEPensionistasBruta,Pessoal Inativo e Pensionistas,TOTAL (ÚLTIMOS 12 MESES) (a),1901749002.03,3264531,Piauí
2019,2,PI,RGF-Anexo 01,DespesaComPessoalLiquida,DESPESA LÍQUIDA COM PESSOAL (III) = (I - II),<MR-11>,209110968.99,3264531,Piauí
2019,2,PI,RGF-Anexo 01,DespesaComPessoalLiquida,DESPESA LÍQUIDA COM PESSOAL (III) = (I - II),<MR-10>,141961260.35,3264531,Piauí
2019,2,PI,RGF-Anexo 01,DespesaComPessoalLiquida,DESPESA LÍQUIDA COM PESSOAL (III) = (I - II),<MR-9>,165479491.55,3264531,Piauí
2019,2,PI,RGF-Anexo 01,DespesaComPessoalLiquida,DESPESA LÍQUIDA COM PESSOAL (III) = (I - II),<MR-8>,1279515209.4,3264531,Piauí
2019,2,PI,RGF-Anexo 01,DespesaComPessoalLiquida,DESPESA LÍQUIDA COM PESSOAL (III) = (I - II),<MR-7>,342326399.75,3264531,Piauí
2019,2,PI,RGF-Anexo 01,DespesaComPessoalLiquida,DESPESA LÍQUIDA COM PESSOAL (III) = (I - II),<MR-6>,295405179.23,3264531,Piauí
2019,2,PI,RGF-Anexo 01,DespesaComPessoalLiquida,DESPESA LÍQUIDA COM PESSOAL (III) = (I - II),<MR-5>,335744277.02,3264531,Piauí
2019,2,PI,RGF-Anexo 01,DespesaComPessoalLiquida,DESPESA LÍQUIDA COM PESSOAL (III) = (I - II),<MR-4>,329873186.12,3264531,Piauí
2019,2,PI,RGF-Anexo 01,DespesaComPessoalLiquida,DESPESA LÍQUIDA COM PESSOAL (III) = (I - II),<MR-3>,351799385.27,3264531,Piauí
2019,2,PI,RGF-Anexo 01,DespesaComPessoalLiquida,DESPESA LÍQUIDA COM PESSOAL (III) = (I - II),<MR-2>,348755681.86,3264531,Piauí
2019,2,PI,RGF-Anexo 01,DespesaComPessoalLiquida,DESPESA LÍQUIDA COM PESSOAL (III) = (I - II),<MR-1>,390040262.99,3264531,Piauí
2019,2,PI,RGF-Anexo 01,DespesaComPessoalLiquida,DESPESA LÍQUIDA COM PESSOAL (III) = (I - II),<MR>,215708163.69,3264531,Piauí
2019,2,PI,RGF-Anexo 01,DespesaComPessoalLiquida,DESPESA LÍQUIDA COM PESSOAL (III) = (I - II),TOTAL (ÚLTIMOS 12 MESES) (a),4405719466.22,3264531,Piauí
2019,2,PI,RGF-Anexo 01,ReceitaCorrenteLiquidaLimiteLegal,RECEITA CORRENTE LIQUIDA - RCL (IV),Valor,9000008564.45,3264531,Piauí
2019,2,PI,RGF-Anexo 01,DespesaComPessoalTotal,DESPESA TOTAL COM PESSOAL - DTP (VII) = (IIIa + IIIb),Valor,4405719466.22,3264531,Piauí
2019,2,PI,RGF-Anexo 01,DespesaComPessoalTotal,DESPESA TOTAL COM PESSOAL - DTP (VII) = (IIIa + IIIb),% sobre a RCL Ajustada,48.95,3264531,Piauí
2019,2,PI,RGF-Anexo 02,DividaConsolidada,DÍVIDA CONSOLIDADA - DC (I),SALDO DO EXERCÍCIO ANTERIOR,5838948374.25,3264531,Piauí
2019,2,PI,RGF-Anexo 02,DividaConsolidada,DÍVIDA CONSOLIDADA - DC (I),Até o 1º Quadrimestre,5467307460.99,3264531,Piauí
2019,2,PI,RGF-Anexo 02,DividaConsolidada,DÍVIDA CONSOLIDADA - DC (I),Até o 2º Quadrimestre,5728601292.06,3264531,Piauí
2019,2,PI,RGF-Anexo 02,DividaContratual,Dívida Contratual,SALDO DO EXERCÍCIO ANTERIOR,5270522162.9,3264531,Piauí
2019,2,PI,RGF-Anexo 02,DividaContratual,Dívida Contratual,Até o 1º Quadrimestre,4898881249.64,3264531,Piauí
2019,2,PI,RGF-Anexo 02,DividaContratual,Dívida Contratual,Até o 2º Quadrimestre,5354488687.64,3264531,Piauí
2019,2,PI,RGF-Anexo 02,DividaConsolidadaLiquida,DÍVIDA CONSOLIDADA LÍQUIDA (DCL) (III) = (I - II),SALDO DO EXERCÍCIO ANTERIOR,4356652695.42,3264531,Piauí
2019,2,PI,RGF-Anexo 02,DividaConsolidadaLiquida,DÍVIDA CONSOLIDADA LÍQUIDA (DCL) (III) = (I - II),Até o 1º Quadrimestre,2561991389.73,3264531,Piauí
2019,2,PI,RGF-Anexo 02,DividaConsolidadaLiquida,DÍVIDA CONSOLIDADA LÍQUIDA (DCL) (III) = (I - II),Até o 2º Quadrimestre,2984879777.83,3264531,Piauí
2019,3,PI,RGF-Anexo 01,DespesaComPessoalBruta,DESPESA BRUTA COM PESSOAL (I),<MR-11>,420815786.44,3264531,Piauí
2019,3,PI,RGF-Anexo 01,DespesaComPessoalBruta,DESPESA BRUTA COM PESSOAL (I),<MR-10>,454126168.01,3264531,Piauí
2019,3,PI,RGF-Anexo 01,DespesaComPessoalBruta,DESPESA BRUTA COM PESSOAL (I),<MR-9>,444711670.25,3264531,Piauí
2019,3,PI,RGF-Anexo 01,DespesaComPessoalBruta,DESPESA BRUTA COM PESSOAL (I),<MR-8>,478598484.03,3264531,Piauí
2019,3,PI,RGF-Anexo 01,DespesaComPessoalBruta,DESPESA BRUTA COM PESSOAL (I),<MR-7>,452179193.91,3264531,Piauí
2019,3,PI,RGF-Anexo 01,DespesaComPessoalBruta,DESPESA BRUTA COM PESSOAL (I),<MR-6>,435315262.35,3264531,Piauí
2019,3,PI,RGF-Anexo 01,DespesaComPessoalBruta,DESPESA BRUTA COM PESSOAL (I),<MR-5>,451380718.4,3264531,Piauí
2019,3,PI,RGF-Anexo 01,DespesaComPessoalBruta,DESPESA BRUTA COM PESSOAL (I),<MR-4>,296806226.23,3264531,Piauí
2019,3,PI,RGF-Anexo 01,DespesaComPessoalBruta,DESPESA BRUTA COM PESSOAL (I),<MR-3>,489919488.38,3264531,Piauí
2019,3,PI,RGF-Anexo 01,DespesaComPessoalBruta,DESPESA BRUTA COM PESSOAL (I),<MR-2>,1260026473.46,3264531,Piauí
2019,3,PI,RGF-Anexo 01,DespesaComPessoalBruta,DESPESA BRUTA COM PESSOAL (I),<MR-1>,525682708.39,3264531,Piauí
2019,3,PI,RGF-Anexo 01,DespesaComPessoalBruta,DESPESA BRUTA COM PESSOAL (I),<MR>,905862586.09,3264531,Piauí
2019,3,PI,RGF-Anexo 01,DespesaComPessoalBruta,DESPESA BRUTA COM PESSOAL (I),TOTAL (ÚLTIMOS 12 MESES) (a),6615424765.94,3264531,Piauí
2019,3,PI,RGF-Anexo 01,DespesaComPessoalBruta,DESPESA BRUTA COM PESSOAL (I),INSCRITAS EM RESTOS A PAGAR NÃO PROCESSADOS (b),6072529.02,3264531,Piauí
2019,3,PI,RGF-Anexo 01,DespesaComPessoalAtivoBruta,Pessoal Ativo,<MR-11>,262207313.75,3264531,Piauí
2019,3,PI,RGF-Anexo 01,DespesaComPessoalAtivoBruta,Pessoal Ativo,<MR-10>,291589846.69,3264531,Piauí
2019,3,PI,RGF-Anexo 01,DespesaComPessoalAtivoBruta,Pessoal Ativo,<MR-9>,283585244.76,3264531,Piauí
2019,3,PI,RGF-Anexo 01,DespesaComPessoalAtivoBruta,Pessoal Ativo,<MR-8>,313717906.07,3264531,Piauí
2019,3,PI,RGF-Anexo 01,DespesaComPessoalAtivoBruta,Pessoal Ativo,<MR-7>,284295746.38,3264531,Piauí
2019,3,PI,RGF-Anexo 01,DespesaComPessoalAtivoBruta,Pessoal Ativo,<MR-6>,248639026.96,3264531,Piauí
2019,3,PI,RGF-Anexo 01,DespesaComPessoalAtivoBruta,Pessoal Ativo,<MR-5>,271017246.89,3264531,Piauí
2019,3,PI,RGF-Anexo 01,DespesaComPessoalAtivoBruta,Pessoal Ativo,<MR-4>,271919264.26,3264531,Piauí
2019,3,PI,RGF-Anexo 01,DespesaComPessoalAtivoBruta,Pessoal Ativo,<MR-3>,288710354.51,3264531,Piauí
2019,3,PI,RGF-Anexo 01,DespesaComPessoalAtivoBruta,Pessoal Ativo,<MR-2>,325752103.39,3264531,Piauí
2019,3,PI,RGF-Anexo 01,DespesaComPessoalAtivoBruta,Pessoal Ativo,<MR-1>,330409340.13,3264531,Piauí
2019,3,PI,RGF-Anexo 01,DespesaComPessoalAtivoBruta,Pessoal Ativo,<MR>,603286029.75,3264531,Piauí
2019,3,PI,RGF-Anexo 01,DespesaComPessoalAtivoBruta,Pessoal Ativo,TOTAL (ÚLTIMOS 12 MESES) (a),3775129423.54,3264531,Piauí
2019,3,PI,RGF-Anexo 01,DespesaComPessoalAtivoBruta,Pessoal Ativo,INSCRITAS EM RESTOS A PAGAR NÃO PROCESSADOS (b),5855126.8,3264531,Piauí
2019,3,PI,RGF-Anexo 01,DespesaComPessoalInativoEPensionistasBruta,Pessoal Inativo e Pensionistas,<MR-11>,155415637.35,3264531,Piauí
2019,3,PI,RGF-Anexo 01,DespesaComPessoalInativoEPensionistasBruta,Pessoal Inativo e Pensionistas,<MR-10>,154627890.45,3264531,Piauí
2019,3,PI,RGF-Anexo 01,DespesaComPessoalInativoEPensionistasBruta,Pessoal Inativo e Pensionistas,<MR-9>,155221508.25,3264531,Piauí
2019,3,PI,RGF-Anexo 01,DespesaComPessoalInativoEPensionistasBruta,Pessoal Inativo e Pensionistas,<MR-8>,154819835.65,3264531,Piauí
2019,3,PI,RGF-Anexo 01,DespesaComPessoalInativoEPensionistasBruta,Pessoal Inativo e Pensionistas,<MR-7>,155220470.27,3264531,Piauí
2019,3,PI,RGF-Anexo 01,DespesaComPessoalInativoEPensionistasBruta,Pessoal Inativo e Pensionistas,<MR-6>,182230069.25,3264531,Piauí
2019,3,PI,RGF-Anexo 01,DespesaComPessoalInativoEPensionistasBruta,Pessoal Inativo e Pensionistas,<MR-5>,167786662.12,3264531,Piauí
2019,3,PI,RGF-Anexo 01,DespesaComPessoalInativoEPensionistasBruta,Pessoal Inativo e Pensionistas,<MR-4>,5760596.4,3264531,Piauí
2019,3,PI,RGF-Anexo 01,DespesaComPessoalInativoEPensionistasBruta,Pessoal Inativo e Pensionistas,<MR-3>,196963415.33,3264531,Piauí
2019,3,PI,RGF-Anexo 01,DespesaComPessoalInativoEPensionistasBruta,Pessoal Inativo e Pensionistas,<MR-2>,916808776.88,3264531,Piauí
2019,3,PI,RGF-Anexo 01,DespesaComPessoalInativoEPensionistasBruta,Pessoal Inativo e Pensionistas,<MR-1>,193089133.77,3264531,Piauí
2019,3,PI,RGF-Anexo 01,DespesaComPessoalInativoEPensionistasBruta,Pessoal Inativo e Pensionistas,<MR>,274042135.89,3264531,Piauí
2019,3,PI,RGF-Anexo 01,DespesaComPessoalInativoEPensionistasBruta,Pessoal Inativo e Pensionistas,TOTAL (ÚLTIMOS 12 MESES) (a),2711986131.61,3264531,Piauí
2019,3,PI,RGF-Anexo 01,DespesaComPessoalInativoEPensionistasBruta,Pessoal Inativo e Pensionistas,INSCRITAS EM RESTOS A PAGAR NÃO PROCESSADOS (b),217402.22,3264531,Piauí
2019,3,PI,RGF-Anexo 01,DespesaComPessoalLiquida,DESPESA LÍQUIDA COM PESSOAL (III) = (I - II),<MR-11>,340442594.21,3264531,Piauí
2019,3,PI,RGF-Anexo 01,DespesaComPessoalLiquida,DESPESA LÍQUIDA COM PESSOAL (III) = (I - II),<MR-10>,358144872.42,3264531,Piauí
2019,3,PI,RGF-Anexo 01,DespesaComPessoalLiquida,DESPESA LÍQUIDA COM PESSOAL (III) = (I - II),<MR-9>,362211454.58,3264531,Piauí
2019,3,PI,RGF-Anexo 01,DespesaComPessoalLiquida,DESPESA LÍQUIDA COM PESSOAL (III) = (I - II),<MR-8>,360790114.85,3264531,Piauí
2019,3,PI,RGF-Anexo 01,DespesaComPessoalLiquida,DESPESA LÍQUIDA COM PESSOAL (III) = (I - II),<MR-7>,367242215.16,3264531,Piauí
2019,3,PI,RGF-Anexo 01,DespesaComPessoalLiquida,DESPESA LÍQUIDA COM PESSOAL (III) = (I - II),<MR-6>,356803188.18,3264531,Piauí
2019,3,PI,RGF-Anexo 01,DespesaComPessoalLiquida,DESPESA LÍQUIDA COM PESSOAL (III) = (I - II),<MR-5>,366661031.58,3264531,Piauí
2019,3,PI,RGF-Anexo 01,DespesaComPessoalLiquida,DESPESA LÍQUIDA COM PESSOAL (III) = (I - II),<MR-4>,215439808.13,3264531,Piauí
2019,3,PI,RGF-Anexo 01,DespesaComPessoalLiquida,DESPESA LÍQUIDA COM PESSOAL (III) = (I - II),<MR-3>,408049347.96,3264531,Piauí
2019,3,PI,RGF-Anexo 01,DespesaComPessoalLiquida,DESPESA LÍQUIDA COM PESSOAL (III) = (I - II),<MR-2>,491411628.55,3264531,Piauí
2019,3,PI,RGF-Anexo 01,DespesaComPessoalLiquida,DESPESA LÍQUIDA COM PESSOAL (III) = (I - II),<MR-1>,305210125.05,3264531,Piauí
2019,3,PI,RGF-Anexo 01,DespesaComPessoalLiquida,DESPESA LÍQUIDA COM PESSOAL (III) = (I - II),<MR>,618239324.77,3264531,Piauí
2019,3,PI,RGF-Anexo 01,DespesaComPessoalLiquida,DESPESA LÍQUIDA COM PESSOAL (III) = (I - II),TOTAL (ÚLTIMOS 12 MESES) (a),4550645705.44,3264531,Piauí
2019,3,PI,RGF-Anexo 01,DespesaComPessoalLiquida,DESPESA LÍQUIDA COM PESSOAL (III) = (I - II),INSCRITAS EM RESTOS A PAGAR NÃO PROCESSADOS (b),4132303.86,3264531,Piauí
2019,3,PI,RGF-Anexo 01,ReceitaCorrenteLiquidaLimiteLegal,RECEITA CORRENTE LIQUIDA - RCL (IV),Valor,9470871217.32,3264531,Piauí
2019,3,PI,RGF-Anexo 01,DespesaComPessoalTotal,DESPESA TOTAL COM PESSOAL - DTP (VII) = (IIIa + IIIb),Valor,4554778009.3,3264531,Piauí
2019,3,PI,RGF-Anexo 01,DespesaComPessoalTotal,DESPESA TOTAL COM PESSOAL - DTP (VII) = (IIIa + IIIb),% sobre a RCL Ajustada,48.12,3264531,Piauí
2019,3,PI,RGF-Anexo 02,DividaConsolidada,DÍVIDA CONSOLIDADA - DC (I),SALDO DO EXERCÍCIO ANTERIOR,5838948374.25,3264531,Piauí
2019,3,PI,RGF-Anexo 02,DividaConsolidada,DÍVIDA CONSOLIDADA - DC (I),Até o 1º Quadrimestre,5467307460.99,3264531,Piauí
2019,3,PI,RGF-Anexo 02,DividaConsolidada,DÍVIDA CONSOLIDADA - DC (I),Até o 2º Quadrimestre,5728601292.06,3264531,Piauí
2019,3,PI,RGF-Anexo 02,DividaConsolidada,DÍVIDA CONSOLIDADA - DC (I),Até o 3º Quadrimestre,5556042195.05,3264531,Piauí
2019,3,PI,RGF-Anexo 02,DividaContratual,Dívida Contratual,SALDO DO EXERCÍCIO ANTERIOR,5270522162.9,3264531,Piauí
2019,3,PI,RGF-Anexo 02,DividaContratual,Dívida Contratual,Até o 1º Quadrimestre,4898881249.64,3264531,Piauí
2019,3,PI,RGF-Anexo 02,DividaContratual,Dívida Contratual,Até o 2º Quadrimestre,5354488687.64,3264531,Piauí
2019,3,PI,RGF-Anexo 02,DividaContratual,Dívida Contratual,Até o 3º Quadrimestre,5181929590.63,3264531,Piauí
2019,3,PI,RGF-Anexo 02,DividaConsolidadaLiquida,DÍVIDA CONSOLIDADA LÍQUIDA (DCL) (III) = (I - II),SALDO DO EXERCÍCIO ANTERIOR,4356652695.42,3264531,Piauí
2019,3,PI,RGF-Anexo 02,DividaConsolidadaLiquida,DÍVIDA CONSOLIDADA LÍQUIDA (DCL) (III) = (I - II),Até o 1º Quadrimestre,2561991389.73,3264531,Piauí
2019,3,PI,RGF-Anexo 02,DividaConsolidadaLiquida,DÍVIDA CONSOLIDADA LÍQUIDA (DCL) (III) = (I - II),Até o 2º Quadrimestre,2984879777.83,3264531,Piauí
2019,3,PI,RGF-Anexo 02,DividaConsolidadaLiquida,DÍVIDA CONSOLIDADA LÍQUIDA (DCL) (III) = (I - II),Até o 3º Quadrimestre,5181842289.41,3264531,Piauí
2020,1,PI,RGF-Anexo 01,DespesaComPessoalBruta,DESPESA BRUTA COM PESSOAL (I),<MR-11>,452179193.91,3273227,Piauí
2020,1,PI,RGF-Anexo 01,DespesaComPessoalBruta,DESPESA BRUTA COM PESSOAL (I),<MR-10>,435315262.35,3273227,Piauí
2020,1,PI,RGF-Anexo 01,DespesaComPessoalBruta,DESPESA BRUTA COM PESSOAL (I),<MR-9>,451380718.4,3273227,Piauí
2020,1,PI,RGF-Anexo 01,DespesaComPessoalBruta,DESPESA BRUTA COM PESSOAL (I),<MR-8>,296806226.23,3273227,Piauí
2020,1,PI,RGF-Anexo 01,DespesaComPessoalBruta,DESPESA BRUTA COM PESSOAL (I),<MR-7>,489919488.38,3273227,Piauí
2020,1,PI,RGF-Anexo 01,DespesaComPessoalBruta,DESPESA BRUTA COM PESSOAL (I),<MR-6>,1260026473.46,3273227,Piauí
2020,1,PI,RGF-Anexo 01,DespesaComPessoalBruta,DESPESA BRUTA COM PESSOAL (I),<MR-5>,525682708.39,3273227,Piauí
2020,1,PI,RGF-Anexo 01,DespesaComPessoalBruta,DESPESA BRUTA COM PESSOAL (I),<MR-4>,905862586.09,3273227,Piauí
2020,1,PI,RGF-Anexo 01,DespesaComPessoalBruta,DESPESA BRUTA COM PESSOAL (I),<MR-3>,11182571.36,3273227,Piauí
2020,1,PI,RGF-Anexo 01,DespesaComPessoalBruta,DESPESA BRUTA COM PESSOAL (I),<MR-2>,862125624.0,3273227,Piauí
2020,1,PI,RGF-Anexo 01,DespesaComPessoalBruta,DESPESA BRUTA COM PESSOAL (I),<MR-1>,458516556.57,3273227,Piauí
2020,1,PI,RGF-Anexo 01,DespesaComPessoalBruta,DESPESA BRUTA COM PESSOAL (I),<MR>,473780438.59,3273227,Piauí
2020,1,PI,RGF-Anexo 01,DespesaComPessoalBruta,DESPESA BRUTA COM PESSOAL (I),TOTAL (ÚLTIMOS 12 MESES) (a),6622777847.73,3273227,Piauí
2020,1,PI,RGF-Anexo 01,DespesaComPessoalAtivoBruta,Pessoal Ativo,<MR-11>,284295746.38,3273227,Piauí
2020,1,PI,RGF-Anexo 01,DespesaComPessoalAtivoBruta,Pessoal Ativo,<MR-10>,248639026.96,3273227,Piauí
2020,1,PI,RGF-Anexo 01,DespesaComPessoalAtivoBruta,Pessoal Ativo,<MR-9>,271017246.89,3273227,Piauí
2020,1,PI,RGF-Anexo 01,DespesaComPessoalAtivoBruta,Pessoal Ativo,<MR-8>,271919264.26,3273227,Piauí
2020,1,PI,RGF-Anexo 01,DespesaComPessoalAtivoBruta,Pessoal Ativo,<MR-7>,288710354.51,3273227,Piauí
2020,1,PI,RGF-Anexo 01,DespesaComPessoalAtivoBruta,Pessoal Ativo,<MR-6>,325752103.39,3273227,Piauí
2020,1,PI,RGF-Anexo 01,DespesaComPessoalAtivoBruta,Pessoal Ativo,<MR-5>,330409340.13,3273227,Piauí
2020,1,PI,RGF-Anexo 01,DespesaComPessoalAtivoBruta,Pessoal Ativo,<MR-4>,603286029.75,3273227,Piauí
2020,1,PI,RGF-Anexo 01,DespesaComPessoalAtivoBruta,Pessoal Ativo,<MR-3>,11182571.36,3273227,Piauí
2020,1,PI,RGF-Anexo 01,DespesaComPessoalAtivoBruta,Pessoal Ativo,<MR-2>,521454672.49,3273227,Piauí
2020,1,PI,RGF-Anexo 01,DespesaComPessoalAtivoBruta,Pessoal Ativo,<MR-1>,278665102.2,3273227,Piauí
2020,1,PI,RGF-Anexo 01,DespesaComPessoalAtivoBruta,Pessoal Ativo,<MR>,256801249.58,3273227,Piauí
2020,1,PI,RGF-Anexo 01,DespesaComPessoalAtivoBruta,Pessoal Ativo,TOTAL (ÚLTIMOS 12 MESES) (a),3692132707.9,3273227,Piauí
2020,1,PI,RGF-Anexo 01,DespesaComPessoalInativoEPensionistasBruta,Pessoal Inativo e Pensionistas,<MR-11>,155220470.27,3273227,Piauí
2020,1,PI,RGF-Anexo 01,DespesaComPessoalInativoEPensionistasBruta,Pessoal Inativo e Pensionistas,<MR-10>,182230069.25,3273227,Piauí
2020,1,PI,RGF-Anexo 01,DespesaComPessoalInativoEPensionistasBruta,Pessoal Inativo e Pensionistas,<MR-9>,167786662.12,3273227,Piauí
2020,1,PI,RGF-Anexo 01,DespesaComPessoalInativoEPensionistasBruta,Pessoal Inativo e Pensionistas,<MR-8>,5760596.4,3273227,Piauí
2020,1,PI,RGF-Anexo 01,DespesaComPessoalInativoEPensionistasBruta,Pessoal Inativo e Pensionistas,<MR-7>,196963415.33,3273227,Piauí
2020,1,PI,RGF-Anexo 01,DespesaComPessoalInativoEPensionistasBruta,Pessoal Inativo e Pensionistas,<MR-6>,916808776.88,3273227,Piauí
2020,1,PI,RGF-Anexo 01,DespesaComPessoalInativoEPensionistasBruta,Pessoal Inativo e Pensionistas,<MR-5>,193089133.77,3273227,Piauí
2020,1,PI,RGF-Anexo 01,DespesaComPessoalInativoEPensionistasBruta,Pessoal Inativo e Pensionistas,<MR-4>,274042135.89,3273227,Piauí
2020,1,PI,RGF-Anexo 01,DespesaComPessoalInativoEPensionistasBruta,Pessoal Inativo e Pensionistas,<MR-2>,326272799.82,3273227,Piauí
2020,1,PI,RGF-Anexo 01,DespesaComPessoalInativoEPensionistasBruta,Pessoal Inativo e Pensionistas,<MR-1>,166556339.23,3273227,Piauí
2020,1,PI,RGF-Anexo 01,DespesaComPessoalInativoEPensionistasBruta,Pessoal Inativo e Pensionistas,<MR>,205469786.24,3273227,Piauí
2020,1,PI,RGF-Anexo 01,DespesaComPessoalInativoEPensionistasBruta,Pessoal Inativo e Pensionistas,TOTAL (ÚLTIMOS 12 MESES) (a),2790200185.2,3273227,Piauí
2020,1,PI,RGF-Anexo 01,DespesaComPessoalLiquida,DESPESA LÍQUIDA COM PESSOAL (III) = (I - II),<MR-11>,367242215.16,3273227,Piauí
2020,1,PI,RGF-Anexo 01,DespesaComPessoalLiquida,DESPESA LÍQUIDA COM PESSOAL (III) = (I - II),<MR-10>,356803188.18,3273227,Piauí
2020,1,PI,RGF-Anexo 01,DespesaComPessoalLiquida,DESPESA LÍQUIDA COM PESSOAL (III) = (I - II),<MR-9>,366661031.58,3273227,Piauí
2020,1,PI,RGF-Anexo 01,DespesaComPessoalLiquida,DESPESA LÍQUIDA COM PESSOAL (III) = (I - II),<MR-8>,215439808.13,3273227,Piauí
2020,1,PI,RGF-Anexo 01,DespesaComPessoalLiquida,DESPESA LÍQUIDA COM PESSOAL (III) = (I - II),<MR-7>,408049347.96,3273227,Piauí
2020,1,PI,RGF-Anexo 01,DespesaComPessoalLiquida,DESPESA LÍQUIDA COM PESSOAL (III) = (I - II),<MR-6>,491411628.55,3273227,Piauí
2020,1,PI,RGF-Anexo 01,DespesaComPessoalLiquida,DESPESA LÍQUIDA COM PESSOAL (III) = (I - II),<MR-5>,305210125.05,3273227,Piauí
2020,1,PI,RGF-Anexo 01,DespesaComPessoalLiquida,DESPESA LÍQUIDA COM PESSOAL (III) = (I - II),<MR-4>,618239324.77,3273227,Piauí
2020,1,PI,RGF-Anexo 01,DespesaComPessoalLiquida,DESPESA LÍQUIDA COM PESSOAL (III) = (I - II),<MR-3>,3832308.22,3273227,Piauí
2020,1,PI,RGF-Anexo 01,DespesaComPessoalLiquida,DESPESA LÍQUIDA COM PESSOAL (III) = (I - II),<MR-2>,707071809.3,3273227,Piauí
2020,1,PI,RGF-Anexo 01,DespesaComPessoalLiquida,DESPESA LÍQUIDA COM PESSOAL (III) = (I - II),<MR-1>,359682571.92,3273227,Piauí
2020,1,PI,RGF-Anexo 01,DespesaComPessoalLiquida,DESPESA LÍQUIDA COM PESSOAL (III) = (I - II),<MR>,369837581.37,3273227,Piauí
2020,1,PI,RGF-Anexo 01,DespesaComPessoalLiquida,DESPESA LÍQUIDA COM PESSOAL (III) = (I - II),TOTAL (ÚLTIMOS 12 MESES) (a),4569480940.19,3273227,Piauí
2020,1,PI,RGF-Anexo 01,ReceitaCorrenteLiquidaLimiteLegal,RECEITA CORRENTE LIQUIDA - RCL (IV),Valor,9569906418.2,3273227,Piauí
2020,1,PI,RGF-Anexo 01,DespesaComPessoalTotal,DESPESA TOTAL COM PESSOAL - DTP (VIII) = (IIIa + IIIb),Valor,4569480940.19,3273227,Piauí
2020,1,PI,RGF-Anexo 01,DespesaComPessoalTotal,DESPESA TOTAL COM PESSOAL - DTP (VIII) = (IIIa + IIIb),% sobre a RCL Ajustada,47.78,3273227,Piauí
2020,1,PI,RGF-Anexo 02,DividaConsolidada,DÍVIDA CONSOLIDADA - DC (I),SALDO DO EXERCÍCIO ANTERIOR,5556042195.05,3273227,Piauí
2020,1,PI,RGF-Anexo 02,DividaConsolidada,DÍVIDA CONSOLIDADA - DC (I),Até o 1º Quadrimestre,6994523538.04,3273227,Piauí
2020,1,PI,RGF-Anexo 02,DividaContratual,Dívida Contratual,SALDO DO EXERCÍCIO ANTERIOR,5181929590.63,3273227,Piauí
2020,1,PI,RGF-Anexo 02,DividaContratual,Dívida Contratual,Até o 1º Quadrimestre,6380997655.31,3273227,Piauí
2020,1,PI,RGF-Anexo 02,DividaConsolidadaLiquida,DÍVIDA CONSOLIDADA LÍQUIDA (DCL) (III) = (I - II),SALDO DO EXERCÍCIO ANTERIOR,5181842289.41,3273227,Piauí
2020,1,PI,RGF-Anexo 02,DividaConsolidadaLiquida,DÍVIDA CONSOLIDADA LÍQUIDA (DCL) (III) = (I - II),Até o 1º Quadrimestre,5381235671.25,3273227,Piauí
2020,2,PI,RGF-Anexo 01,DespesaComPessoalBruta,DESPESA BRUTA COM PESSOAL (I),<MR-11>,489919488.38,3273227,Piauí
2020,2,PI,RGF-Anexo 01,DespesaComPessoalBruta,DESPESA BRUTA COM PESSOAL (I),<MR-10>,1260026473.46,3273227,Piauí
2020,2,PI,RGF-Anexo 01,DespesaComPessoalBruta,DESPESA BRUTA COM PESSOAL (I),<MR-9>,525682708.39,3273227,Piauí
2020,2,PI,RGF-Anexo 01,DespesaComPessoalBruta,DESPESA BRUTA COM PESSOAL (I),<MR-8>,905862586.09,3273227,Piauí
2020,2,PI,RGF-Anexo 01,DespesaComPessoalBruta,DESPESA BRUTA COM PESSOAL (I),<MR-7>,11182571.36,3273227,Piauí
2020,2,PI,RGF-Anexo 01,DespesaComPessoalBruta,DESPESA BRUTA COM PESSOAL (I),<MR-6>,862125624.0,3273227,Piauí
2020,2,PI,RGF-Anexo 01,DespesaComPessoalBruta,DESPESA BRUTA COM PESSOAL (I),<MR-5>,458516556.57,3273227,Piauí
2020,2,PI,RGF-Anexo 01,DespesaComPessoalBruta,DESPESA BRUTA COM PESSOAL (I),<MR-4>,473780438.59,3273227,Piauí
2020,2,PI,RGF-Anexo 01,DespesaComPessoalBruta,DESPESA BRUTA COM PESSOAL (I),<MR-3>,423846582.27,3273227,Piauí
2020,2,PI,RGF-Anexo 01,DespesaComPessoalBruta,DESPESA BRUTA COM PESSOAL (I),<MR-2>,594202779.89,3273227,Piauí
2020,2,PI,RGF-Anexo 01,DespesaComPessoalBruta,DESPESA BRUTA COM PESSOAL (I),<MR-1>,502306755.11,3273227,Piauí
2020,2,PI,RGF-Anexo 01,DespesaComPessoalBruta,DESPESA BRUTA COM PESSOAL (I),<MR>,768879610.86,3273227,Piauí
2020,2,PI,RGF-Anexo 01,DespesaComPessoalBruta,DESPESA BRUTA COM PESSOAL (I),TOTAL (ÚLTIMOS 12 MESES) (a),7276332174.97,3273227,Piauí
2020,2,PI,RGF-Anexo 01,DespesaComPessoalAtivoBruta,Pessoal Ativo,<MR-11>,288710354.51,3273227,Piauí
2020,2,PI,RGF-Anexo 01,DespesaComPessoalAtivoBruta,Pessoal Ativo,<MR-10>,325752103.39,3273227,Piauí
2020,2,PI,RGF-Anexo 01,DespesaComPessoalAtivoBruta,Pessoal Ativo,<MR-9>,330409340.13,3273227,Piauí
2020,2,PI,RGF-Anexo 01,DespesaComPessoalAtivoBruta,Pessoal Ativo,<MR-8>,603286029.75,3273227,Piauí
2020,2,PI,RGF-Anexo 01,DespesaComPessoalAtivoBruta,Pessoal Ativo,<MR-7>,11182571.36,3273227,Piauí
2020,2,PI,RGF-Anexo 01,DespesaComPessoalAtivoBruta,Pessoal Ativo,<MR-6>,521454672.49,3273227,Piauí
2020,2,PI,RGF-Anexo 01,DespesaComPessoalAtivoBruta,Pessoal Ativo,<MR-5>,278665102.2,3273227,Piauí
2020,2,PI,RGF-Anexo 01,DespesaComPessoalAtivoBruta,Pessoal Ativo,<MR-4>,256801249.58,3273227,Piauí
2020,2,PI,RGF-Anexo 01,DespesaComPessoalAtivoBruta,Pessoal Ativo,<MR-3>,341193955.06,3273227,Piauí
2020,2,PI,RGF-Anexo 01,DespesaComPessoalAtivoBruta,Pessoal Ativo,<MR-2>,286425758.18,3273227,Piauí
2020,2,PI,RGF-Anexo 01,DespesaComPessoalAtivoBruta,Pessoal Ativo,<MR-1>,293684592.66,3273227,Piauí
2020,2,PI,RGF-Anexo 01,DespesaComPessoalAtivoBruta,Pessoal Ativo,<MR>,339582661.6,3273227,Piauí
2020,2,PI,RGF-Anexo 01,DespesaComPessoalAtivoBruta,Pessoal Ativo,TOTAL (ÚLTIMOS 12 MESES) (a),3877148390.91,3273227,Piauí
2020,2,PI,RGF-Anexo 01,DespesaComPessoalInativoEPensionistasBruta,Pessoal Inativo e Pensionistas,<MR-11>,196963415.33,3273227,Piauí
2020,2,PI,RGF-Anexo 01,DespesaComPessoalInativoEPensionistasBruta,Pessoal Inativo e Pensionistas,<MR-10>,916808776.88,3273227,Piauí
2020,2,PI,RGF-Anexo 01,DespesaComPessoalInativoEPensionistasBruta,Pessoal Inativo e Pensionistas,<MR-9>,193089133.77,3273227,Piauí
2020,2,PI,RGF-Anexo 01,DespesaComPessoalInativoEPensionistasBruta,Pessoal Inativo e Pensionistas,<MR-8>,274042135.89,3273227,Piauí
2020,2,PI,RGF-Anexo 01,DespesaComPessoalInativoEPensionistasBruta,Pessoal Inativo e Pensionistas,<MR-6>,326272799.82,3273227,Piauí
2020,2,PI,RGF-Anexo 01,DespesaComPessoalInativoEPensionistasBruta,Pessoal Inativo e Pensionistas,<MR-5>,166556339.23,3273227,Piauí
2020,2,PI,RGF-Anexo 01,DespesaComPessoalInativoEPensionistasBruta,Pessoal Inativo e Pensionistas,<MR-4>,205469786.24,3273227,Piauí
2020,2,PI,RGF-Anexo 01,DespesaComPessoalInativoEPensionistasBruta,Pessoal Inativo e Pensionistas,<MR-3>,71536918.05,3273227,Piauí
2020,2,PI,RGF-Anexo 01,DespesaComPessoalInativoEPensionistasBruta,Pessoal Inativo e Pensionistas,<MR-2>,296763163.39,3273227,Piauí
2020,2,PI,RGF-Anexo 01,DespesaComPessoalInativoEPensionistasBruta,Pessoal Inativo e Pensionistas,<MR-1>,204100187.2,3273227,Piauí
2020,2,PI,RGF-Anexo 01,DespesaComPessoalInativoEPensionistasBruta,Pessoal Inativo e Pensionistas,<MR>,402667325.66,3273227,Piauí
2020,2,PI,RGF-Anexo 01,DespesaComPessoalInativoEPensionistasBruta,Pessoal Inativo e Pensionistas,TOTAL (ÚLTIMOS 12 MESES) (a),3254269981.46,3273227,Piauí
2020,2,PI,RGF-Anexo 01,DespesaComPessoalLiquida,DESPESA LÍQUIDA COM PESSOAL (III) = (I - II),<MR-11>,408049347.96,3273227,Piauí
2020,2,PI,RGF-Anexo 01,DespesaComPessoalLiquida,DESPESA LÍQUIDA COM PESSOAL (III) = (I - II),<MR-10>,491411628.55,3273227,Piauí
2020,2,PI,RGF-Anexo 01,DespesaComPessoalLiquida,DESPESA LÍQUIDA COM PESSOAL (III) = (I - II),<MR-9>,305210125.05,3273227,Piauí
2020,2,PI,RGF-Anexo 01,DespesaComPessoalLiquida,DESPESA LÍQUIDA COM PESSOAL (III) = (I - II),<MR-8>,618239324.77,3273227,Piauí
2020,2,PI,RGF-Anexo 01,DespesaComPessoalLiquida,DESPESA LÍQUIDA COM PESSOAL (III) = (I - II),<MR-7>,4437447.03,3273227,Piauí
2020,2,PI,RGF-Anexo 01,DespesaComPessoalLiquida,DESPESA LÍQUIDA COM PESSOAL (III) = (I - II),<MR-6>,707071809.3,3273227,Piauí
2020,2,PI,RGF-Anexo 01,DespesaComPessoalLiquida,DESPESA LÍQUIDA COM PESSOAL (III) = (I - II),<MR-5>,359682571.92,3273227,Piauí
2020,2,PI,RGF-Anexo 01,DespesaComPessoalLiquida,DESPESA LÍQUIDA COM PESSOAL (III) = (I - II),<MR-4>,369837581.37,3273227,Piauí
2020,2,PI,RGF-Anexo 01,DespesaComPessoalLiquida,DESPESA LÍQUIDA COM PESSOAL (III) = (I - II),<MR-3>,284365547.8,3273227,Piauí
2020,2,PI,RGF-Anexo 01,DespesaComPessoalLiquida,DESPESA LÍQUIDA COM PESSOAL (III) = (I - II),<MR-2>,453956137.44,3273227,Piauí
2020,2,PI,RGF-Anexo 01,DespesaComPessoalLiquida,DESPESA LÍQUIDA COM PESSOAL (III) = (I - II),<MR-1>,356943427.62,3273227,Piauí
2020,2,PI,RGF-Anexo 01,DespesaComPessoalLiquida,DESPESA LÍQUIDA COM PESSOAL (III) = (I - II),<MR>,597942125.5,3273227,Piauí
2020,2,PI,RGF-Anexo 01,DespesaComPessoalLiquida,DESPESA LÍQUIDA COM PESSOAL (III) = (I - II),TOTAL (ÚLTIMOS 12 MESES) (a),4957147074.31,3273227,Piauí
2020,2,PI,RGF-Anexo 01,ReceitaCorrenteLiquidaLimiteLegal,RECEITA CORRENTE LIQUIDA - RCL (IV),Valor,11524593445.62,3273227,Piauí
2020,2,PI,RGF-Anexo 01,DespesaComPessoalTotal,DESPESA TOTAL COM PESSOAL - DTP (VIII) = (IIIa + IIIb),Valor,4957147074.31,3273227,Piauí
2020,2,PI,RGF-Anexo 01,DespesaComPessoalTotal,DESPESA TOTAL COM PESSOAL - DTP (VIII) = (IIIa + IIIb),% sobre a RCL Ajustada,43.18,3273227,Piauí
2020,2,PI,RGF-Anexo 02,DividaConsolidada,DÍVIDA CONSOLIDADA - DC (I),SALDO DO EXERCÍCIO ANTERIOR,5556042195.05,3273227,Piauí
2020,2,PI,RGF-Anexo 02,DividaConsolidada,DÍVIDA CONSOLIDADA - DC (I),Até o 1º Quadrimestre,6994523538.04,3273227,Piauí
2020,2,PI,RGF-Anexo 02,DividaConsolidada,DÍVIDA CONSOLIDADA - DC (I),Até o 2º Quadrimestre,6750817953.52,3273227,Piauí
2020,2,PI,RGF-Anexo 02,DividaContratual,Dívida Contratual,SALDO DO EXERCÍCIO ANTERIOR,5181929590.63,3273227,Piauí
2020,2,PI,RGF-Anexo 02,DividaContratual,Dívida Contratual,Até o 1º Quadrimestre,6380997655.31,3273227,Piauí
2020,2,PI,RGF-Anexo 02,DividaContratual,Dívida Contratual,Até o 2º Quadrimestre,6099644793.78,3273227,Piauí
2020,2,PI,RGF-Anexo 02,DividaConsolidadaLiquida,DÍVIDA CONSOLIDADA LÍQUIDA (DCL) (III) = (I - II),SALDO DO EXERCÍCIO ANTERIOR,5181842289.41,3273227,Piauí
2020,2,PI,RGF-Anexo 02,DividaConsolidadaLiquida,DÍVIDA CONSOLIDADA LÍQUIDA (DCL) (III) = (I - II),Até o 1º Quadrimestre,5381235671.25,3273227,Piauí
2020,2,PI,RGF-Anexo 02,DividaConsolidadaLiquida,DÍVIDA CONSOLIDADA LÍQUIDA (DCL) (III) = (I - II),Até o 2º Quadrimestre,3567629089.37,3273227,Piauí
2020,3,PI,RGF-Anexo 01,DespesaComPessoalBruta,DESPESA BRUTA COM PESSOAL (I),<MR-11>,11182571.36,3273227,Piauí
2020,3,PI,RGF-Anexo 01,DespesaComPessoalBruta,DESPESA BRUTA COM PESSOAL (I),<MR-10>,862125624.0,3273227,Piauí
2020,3,PI,RGF-Anexo 01,DespesaComPessoalBruta,DESPESA BRUTA COM PESSOAL (I),<MR-9>,458516556.57,3273227,Piauí
2020,3,PI,RGF-Anexo 01,DespesaComPessoalBruta,DESPESA BRUTA COM PESSOAL (I),<MR-8>,473780438.59,3273227,Piauí
2020,3,PI,RGF-Anexo 01,DespesaComPessoalBruta,DESPESA BRUTA COM PESSOAL (I),<MR-7>,423846582.27,3273227,Piauí
2020,3,PI,RGF-Anexo 01,DespesaComPessoalBruta,DESPESA BRUTA COM PESSOAL (I),<MR-6>,594202779.89,3273227,Piauí
2020,3,PI,RGF-Anexo 01,DespesaComPessoalBruta,DESPESA BRUTA COM PESSOAL (I),<MR-5>,502306755.11,3273227,Piauí
2020,3,PI,RGF-Anexo 01,DespesaComPessoalBruta,DESPESA BRUTA COM PESSOAL (I),<MR-4>,768879610.86,3273227,Piauí
2020,3,PI,RGF-Anexo 01,DespesaComPessoalBruta,DESPESA BRUTA COM PESSOAL (I),<MR-3>,505001081.45,3273227,Piauí
2020,3,PI,RGF-Anexo 01,DespesaComPessoalBruta,DESPESA BRUTA COM PESSOAL (I),<MR-2>,544006642.13,3273227,Piauí
2020,3,PI,RGF-Anexo 01,DespesaComPessoalBruta,DESPESA BRUTA COM PESSOAL (I),<MR-1>,395182194.89,3273227,Piauí
2020,3,PI,RGF-Anexo 01,DespesaComPessoalBruta,DESPESA BRUTA COM PESSOAL (I),<MR>,765675569.86,3273227,Piauí
2020,3,PI,RGF-Anexo 01,DespesaComPessoalBruta,DESPESA BRUTA COM PESSOAL (I),TOTAL (ÚLTIMOS 12 MESES) (a),6304706406.98,3273227,Piauí
2020,3,PI,RGF-Anexo 01,DespesaComPessoalBruta,DESPESA BRUTA COM PESSOAL (I),INSCRITAS EM RESTOS A PAGAR NÃO PROCESSADOS (b),12828642.98,3273227,Piauí
2020,3,PI,RGF-Anexo 01,DespesaComPessoalAtivoBruta,Pessoal Ativo,<MR-11>,11182571.36,3273227,Piauí
2020,3,PI,RGF-Anexo 01,DespesaComPessoalAtivoBruta,Pessoal Ativo,<MR-10>,531154514.73,3273227,Piauí
2020,3,PI,RGF-Anexo 01,DespesaComPessoalAtivoBruta,Pessoal Ativo,<MR-9>,286457071.03,3273227,Piauí
2020,3,PI,RGF-Anexo 01,DespesaComPessoalAtivoBruta,Pessoal Ativo,<MR-8>,300750307.59,3273227,Piauí
2020,3,PI,RGF-Anexo 01,DespesaComPessoalAtivoBruta,Pessoal Ativo,<MR-7>,341443139.24,3273227,Piauí
2020,3,PI,RGF-Anexo 01,DespesaComPessoalAtivoBruta,Pessoal Ativo,<MR-6>,330466312.89,3273227,Piauí
2020,3,PI,RGF-Anexo 01,DespesaComPessoalAtivoBruta,Pessoal Ativo,<MR-5>,337830343.12,3273227,Piauí
2020,3,PI,RGF-Anexo 01,DespesaComPessoalAtivoBruta,Pessoal Ativo,<MR-4>,426401957.24,3273227,Piauí
2020,3,PI,RGF-Anexo 01,DespesaComPessoalAtivoBruta,Pessoal Ativo,<MR-3>,269703656.94,3273227,Piauí
2020,3,PI,RGF-Anexo 01,DespesaComPessoalAtivoBruta,Pessoal Ativo,<MR-2>,372783552.61,3273227,Piauí
2020,3,PI,RGF-Anexo 01,DespesaComPessoalAtivoBruta,Pessoal Ativo,<MR-1>,320563756.67,3273227,Piauí
2020,3,PI,RGF-Anexo 01,DespesaComPessoalAtivoBruta,Pessoal Ativo,<MR>,476846016.94,3273227,Piauí
2020,3,PI,RGF-Anexo 01,DespesaComPessoalAtivoBruta,Pessoal Ativo,TOTAL (ÚLTIMOS 12 MESES) (a),4005583200.36,3273227,Piauí
2020,3,PI,RGF-Anexo 01,DespesaComPessoalAtivoBruta,Pessoal Ativo,INSCRITAS EM RESTOS A PAGAR NÃO PROCESSADOS (b),6786790.04,3273227,Piauí
2020,3,PI,RGF-Anexo 01,DespesaComPessoalInativoEPensionistasBruta,Pessoal Inativo e Pensionistas,<MR-10>,316572957.58,3273227,Piauí
2020,3,PI,RGF-Anexo 01,DespesaComPessoalInativoEPensionistasBruta,Pessoal Inativo e Pensionistas,<MR-9>,158764370.4,3273227,Piauí
2020,3,PI,RGF-Anexo 01,DespesaComPessoalInativoEPensionistasBruta,Pessoal Inativo e Pensionistas,<MR-8>,161520728.23,3273227,Piauí
2020,3,PI,RGF-Anexo 01,DespesaComPessoalInativoEPensionistasBruta,Pessoal Inativo e Pensionistas,<MR-7>,71287733.87,3273227,Piauí
2020,3,PI,RGF-Anexo 01,DespesaComPessoalInativoEPensionistasBruta,Pessoal Inativo e Pensionistas,<MR-6>,252722608.68,3273227,Piauí
2020,3,PI,RGF-Anexo 01,DespesaComPessoalInativoEPensionistasBruta,Pessoal Inativo e Pensionistas,<MR-5>,159954436.74,3273227,Piauí
2020,3,PI,RGF-Anexo 01,DespesaComPessoalInativoEPensionistasBruta,Pessoal Inativo e Pensionistas,<MR-4>,315848030.02,3273227,Piauí
2020,3,PI,RGF-Anexo 01,DespesaComPessoalInativoEPensionistasBruta,Pessoal Inativo e Pensionistas,<MR-3>,216619802.58,3273227,Piauí
2020,3,PI,RGF-Anexo 01,DespesaComPessoalInativoEPensionistasBruta,Pessoal Inativo e Pensionistas,<MR-2>,162000130.6,3273227,Piauí
2020,3,PI,RGF-Anexo 01,DespesaComPessoalInativoEPensionistasBruta,Pessoal Inativo e Pensionistas,<MR-1>,61869577.11,3273227,Piauí
2020,3,PI,RGF-Anexo 01,DespesaComPessoalInativoEPensionistasBruta,Pessoal Inativo e Pensionistas,<MR>,272770587.82,3273227,Piauí
2020,3,PI,RGF-Anexo 01,DespesaComPessoalInativoEPensionistasBruta,Pessoal Inativo e Pensionistas,TOTAL (ÚLTIMOS 12 MESES) (a),2149930963.63,3273227,Piauí
2020,3,PI,RGF-Anexo 01,DespesaComPessoalInativoEPensionistasBruta,Pessoal Inativo e Pensionistas,INSCRITAS EM RESTOS A PAGAR NÃO PROCESSADOS (b),5600983.71,3273227,Piauí
2020,3,PI,RGF-Anexo 01,DespesaComPessoalLiquida,DESPESA LÍQUIDA COM PESSOAL (III) = (I - II),<MR-11>,4437447.03,3273227,Piauí
2020,3,PI,RGF-Anexo 01,DespesaComPessoalLiquida,DESPESA LÍQUIDA COM PESSOAL (III) = (I - II),<MR-10>,706446697.83,3273227,Piauí
2020,3,PI,RGF-Anexo 01,DespesaComPessoalLiquida,DESPESA LÍQUIDA COM PESSOAL (III) = (I - II),<MR-9>,357774651.1,3273227,Piauí
2020,3,PI,RGF-Anexo 01,DespesaComPessoalLiquida,DESPESA LÍQUIDA COM PESSOAL (III) = (I - II),<MR-8>,367725261.89,3273227,Piauí
2020,3,PI,RGF-Anexo 01,DespesaComPessoalLiquida,DESPESA LÍQUIDA COM PESSOAL (III) = (I - II),<MR-7>,291426110.27,3273227,Piauí
2020,3,PI,RGF-Anexo 01,DespesaComPessoalLiquida,DESPESA LÍQUIDA COM PESSOAL (III) = (I - II),<MR-6>,450531247.22,3273227,Piauí
2020,3,PI,RGF-Anexo 01,DespesaComPessoalLiquida,DESPESA LÍQUIDA COM PESSOAL (III) = (I - II),<MR-5>,353650847.99,3273227,Piauí
2020,3,PI,RGF-Anexo 01,DespesaComPessoalLiquida,DESPESA LÍQUIDA COM PESSOAL (III) = (I - II),<MR-4>,457274727.28,3273227,Piauí
2020,3,PI,RGF-Anexo 01,DespesaComPessoalLiquida,DESPESA LÍQUIDA COM PESSOAL (III) = (I - II),<MR-3>,417354329.57,3273227,Piauí
2020,3,PI,RGF-Anexo 01,DespesaComPessoalLiquida,DESPESA LÍQUIDA COM PESSOAL (III) = (I - II),<MR-2>,380533415.47,3273227,Piauí
2020,3,PI,RGF-Anexo 01,DespesaComPessoalLiquida,DESPESA LÍQUIDA COM PESSOAL (III) = (I - II),<MR-1>,329852107.74,3273227,Piauí
2020,3,PI,RGF-Anexo 01,DespesaComPessoalLiquida,DESPESA LÍQUIDA COM PESSOAL (III) = (I - II),<MR>,480014156.29,3273227,Piauí
2020,3,PI,RGF-Anexo 01,DespesaComPessoalLiquida,DESPESA LÍQUIDA COM PESSOAL (III) = (I - II),TOTAL (ÚLTIMOS 12 MESES) (a),4597020999.68,3273227,Piauí
2020,3,PI,RGF-Anexo 01,DespesaComPessoalLiquida,DESPESA LÍQUIDA COM PESSOAL (III) = (I - II),INSCRITAS EM RESTOS A PAGAR NÃO PROCESSADOS (b),11573404.87,3273227,Piauí
2020,3,PI,RGF-Anexo 01,ReceitaCorrenteLiquidaLimiteLegal,RECEITA CORRENTE LIQUIDA - RCL (IV),Valor,11769739826.7,3273227,Piauí
2020,3,PI,RGF-Anexo 01,DespesaComPessoalTotal,DESPESA TOTAL COM PESSOAL - DTP (VIII) = (IIIa + IIIb),Valor,4608594404.55,3273227,Piauí
2020,3,PI,RGF-Anexo 01,DespesaComPessoalTotal,DESPESA TOTAL COM PESSOAL - DTP (VIII) = (IIIa + IIIb),% sobre a RCL Ajustada,39.29,3273227,Piauí
2020,3,PI,RGF-Anexo 02,DividaConsolidada,DÍVIDA CONSOLIDADA - DC (I),SALDO DO EXERCÍCIO ANTERIOR,5556042195.05,3273227,Piauí
2020,3,PI,RGF-Anexo 02,DividaConsolidada,DÍVIDA CONSOLIDADA - DC (I),Até o 1º Quadrimestre,6994523538.04,3273227,Piauí
2020,3,PI,RGF-Anexo 02,DividaConsolidada,DÍVIDA CONSOLIDADA - DC (I),Até o 2º Quadrimestre,6750817953.52,3273227,Piauí
2020,3,PI,RGF-Anexo 02,DividaConsolidada,DÍVIDA CONSOLIDADA - DC (I),Até o 3º Quadrimestre,6620917010.43,3273227,Piauí
2020,3,PI,RGF-Anexo 02,DividaContratual,Dívida Contratual,SALDO DO EXERCÍCIO ANTERIOR,5181929590.63,3273227,Piauí
2020,3,PI,RGF-Anexo 02,DividaContratual,Dívida Contratual,Até o 1º Quadrimestre,6380997655.31,3273227,Piauí
2020,3,PI,RGF-Anexo 02,DividaContratual,Dívida Contratual,Até o 2º Quadrimestre,6099644793.78,3273227,Piauí
2020,3,PI,RGF-Anexo 02,DividaContratual,Dívida Contratual,Até o 3º Quadrimestre,5980706223.93,3273227,Piauí
2020,3,PI,RGF-Anexo 02,DividaConsolidadaLiquida,DÍVIDA CONSOLIDADA LÍQUIDA (DCL) (III) = (I - II),SALDO DO EXERCÍCIO ANTERIOR,5181842289.41,3273227,Piauí
2020,3,PI,RGF-Anexo 02,DividaConsolidadaLiquida,DÍVIDA CONSOLIDADA LÍQUIDA (DCL) (III) = (I - II),Até o 1º Quadrimestre,5381235671.25,3273227,Piauí
2020,3,PI,RGF-Anexo 02,DividaConsolidadaLiquida,DÍVIDA CONSOLIDADA LÍQUIDA (DCL) (III) = (I - II),Até o 2º Quadrimestre,3567629089.37,3273227,Piauí
2020,3,PI,RGF-Anexo 02,DividaConsolidadaLiquida,DÍVIDA CONSOLIDADA LÍQUIDA (DCL) (III) = (I - II),Até o 3º Quadrimestre,4367120256.94,3273227,Piauí
2021,1,PI,RGF-Anexo 01,DespesaComPessoalBruta,DESPESA BRUTA COM PESSOAL (I),<MR-11>,425104460.43,3281480,Piauí
2021,1,PI,RGF-Anexo 01,DespesaComPessoalBruta,DESPESA BRUTA COM PESSOAL (I),<MR-10>,595652624.78,3281480,Piauí
2021,1,PI,RGF-Anexo 01,DespesaComPessoalBruta,DESPESA BRUTA COM PESSOAL (I),<MR-9>,503344472.9,3281480,Piauí
2021,1,PI,RGF-Anexo 01,DespesaComPessoalBruta,DESPESA BRUTA COM PESSOAL (I),<MR-8>,769955911.62,3281480,Piauí
2021,1,PI,RGF-Anexo 01,DespesaComPessoalBruta,DESPESA BRUTA COM PESSOAL (I),<MR-7>,506047359.9,3281480,Piauí
2021,1,PI,RGF-Anexo 01,DespesaComPessoalBruta,DESPESA BRUTA COM PESSOAL (I),<MR-6>,546118331.22,3281480,Piauí
2021,1,PI,RGF-Anexo 01,DespesaComPessoalBruta,DESPESA BRUTA COM PESSOAL (I),<MR-5>,395914759.59,3281480,Piauí
2021,1,PI,RGF-Anexo 01,DespesaComPessoalBruta,DESPESA BRUTA COM PESSOAL (I),<MR-4>,821102415.8,3281480,Piauí
2021,1,PI,RGF-Anexo 01,DespesaComPessoalBruta,DESPESA BRUTA COM PESSOAL (I),<MR-3>,343452150.25,3281480,Piauí
2021,1,PI,RGF-Anexo 01,DespesaComPessoalBruta,DESPESA BRUTA COM PESSOAL (I),<MR-2>,424494284.09,3281480,Piauí
2021,1,PI,RGF-Anexo 01,DespesaComPessoalBruta,DESPESA BRUTA COM PESSOAL (I),<MR-1>,790781963.32,3281480,Piauí
2021,1,PI,RGF-Anexo 01,DespesaComPessoalBruta,DESPESA BRUTA COM PESSOAL (I),<MR>,528774603.37,3281480,Piauí
2021,1,PI,RGF-Anexo 01,DespesaComPessoalBruta,DESPESA BRUTA COM PESSOAL (I),TOTAL (ÚLTIMOS 12 MESES) (a),6650743337.27,3281480,Piauí
2021,1,PI,RGF-Anexo 01,DespesaComPessoalAtivoBruta,Pessoal Ativo,<MR-11>,341443139.24,3281480,Piauí
2021,1,PI,RGF-Anexo 01,DespesaComPessoalAtivoBruta,Pessoal Ativo,<MR-10>,330466312.89,3281480,Piauí
2021,1,PI,RGF-Anexo 01,DespesaComPessoalAtivoBruta,Pessoal Ativo,<MR-9>,337830343.12,3281480,Piauí
2021,1,PI,RGF-Anexo 01,DespesaComPessoalAtivoBruta,Pessoal Ativo,<MR-8>,426401957.24,3281480,Piauí
2021,1,PI,RGF-Anexo 01,DespesaComPessoalAtivoBruta,Pessoal Ativo,<MR-7>,269703656.94,3281480,Piauí
2021,1,PI,RGF-Anexo 01,DespesaComPessoalAtivoBruta,Pessoal Ativo,<MR-6>,372783552.61,3281480,Piauí
2021,1,PI,RGF-Anexo 01,DespesaComPessoalAtivoBruta,Pessoal Ativo,<MR-5>,320563756.67,3281480,Piauí
2021,1,PI,RGF-Anexo 01,DespesaComPessoalAtivoBruta,Pessoal Ativo,<MR-4>,476846016.94,3281480,Piauí
2021,1,PI,RGF-Anexo 01,DespesaComPessoalAtivoBruta,Pessoal Ativo,<MR-3>,262278459.29,3281480,Piauí
2021,1,PI,RGF-Anexo 01,DespesaComPessoalAtivoBruta,Pessoal Ativo,<MR-2>,264312179.44,3281480,Piauí
2021,1,PI,RGF-Anexo 01,DespesaComPessoalAtivoBruta,Pessoal Ativo,<MR-1>,439228525.13,3281480,Piauí
2021,1,PI,RGF-Anexo 01,DespesaComPessoalAtivoBruta,Pessoal Ativo,<MR>,350032725.66,3281480,Piauí
2021,1,PI,RGF-Anexo 01,DespesaComPessoalAtivoBruta,Pessoal Ativo,TOTAL (ÚLTIMOS 12 MESES) (a),4191890625.17,3281480,Piauí
2021,1,PI,RGF-Anexo 01,DespesaComPessoalInativoEPensionistasBruta,Pessoal Inativo e Pensionistas,<MR-11>,71287733.87,3281480,Piauí
2021,1,PI,RGF-Anexo 01,DespesaComPessoalInativoEPensionistasBruta,Pessoal Inativo e Pensionistas,<MR-10>,252722608.68,3281480,Piauí
2021,1,PI,RGF-Anexo 01,DespesaComPessoalInativoEPensionistasBruta,Pessoal Inativo e Pensionistas,<MR-9>,159954436.74,3281480,Piauí
2021,1,PI,RGF-Anexo 01,DespesaComPessoalInativoEPensionistasBruta,Pessoal Inativo e Pensionistas,<MR-8>,315848030.02,3281480,Piauí
2021,1,PI,RGF-Anexo 01,DespesaComPessoalInativoEPensionistasBruta,Pessoal Inativo e Pensionistas,<MR-7>,216619802.58,3281480,Piauí
2021,1,PI,RGF-Anexo 01,DespesaComPessoalInativoEPensionistasBruta,Pessoal Inativo e Pensionistas,<MR-6>,162000130.6,3281480,Piauí
2021,1,PI,RGF-Anexo 01,DespesaComPessoalInativoEPensionistasBruta,Pessoal Inativo e Pensionistas,<MR-5>,61869577.11,3281480,Piauí
2021,1,PI,RGF-Anexo 01,DespesaComPessoalInativoEPensionistasBruta,Pessoal Inativo e Pensionistas,<MR-4>,321806925.65,3281480,Piauí
2021,1,PI,RGF-Anexo 01,DespesaComPessoalInativoEPensionistasBruta,Pessoal Inativo e Pensionistas,<MR-3>,71989806.77,3281480,Piauí
2021,1,PI,RGF-Anexo 01,DespesaComPessoalInativoEPensionistasBruta,Pessoal Inativo e Pensionistas,<MR-2>,148215240.88,3281480,Piauí
2021,1,PI,RGF-Anexo 01,DespesaComPessoalInativoEPensionistasBruta,Pessoal Inativo e Pensionistas,<MR-1>,327290234.8,3281480,Piauí
2021,1,PI,RGF-Anexo 01,DespesaComPessoalInativoEPensionistasBruta,Pessoal Inativo e Pensionistas,<MR>,161704161.09,3281480,Piauí
2021,1,PI,RGF-Anexo 01,DespesaComPessoalInativoEPensionistasBruta,Pessoal Inativo e Pensionistas,TOTAL (ÚLTIMOS 12 MESES) (a),2271308688.79,3281480,Piauí
2021,1,PI,RGF-Anexo 01,DespesaComPessoalLiquida,DESPESA LÍQUIDA COM PESSOAL (III) = (I - II),<MR-11>,292683988.43,3281480,Piauí
2021,1,PI,RGF-Anexo 01,DespesaComPessoalLiquida,DESPESA LÍQUIDA COM PESSOAL (III) = (I - II),<MR-10>,451981092.11,3281480,Piauí
2021,1,PI,RGF-Anexo 01,DespesaComPessoalLiquida,DESPESA LÍQUIDA COM PESSOAL (III) = (I - II),<MR-9>,354688565.78,3281480,Piauí
2021,1,PI,RGF-Anexo 01,DespesaComPessoalLiquida,DESPESA LÍQUIDA COM PESSOAL (III) = (I - II),<MR-8>,458351028.04,3281480,Piauí
2021,1,PI,RGF-Anexo 01,DespesaComPessoalLiquida,DESPESA LÍQUIDA COM PESSOAL (III) = (I - II),<MR-7>,418400608.02,3281480,Piauí
2021,1,PI,RGF-Anexo 01,DespesaComPessoalLiquida,DESPESA LÍQUIDA COM PESSOAL (III) = (I - II),<MR-6>,382645104.56,3281480,Piauí
2021,1,PI,RGF-Anexo 01,DespesaComPessoalLiquida,DESPESA LÍQUIDA COM PESSOAL (III) = (I - II),<MR-5>,330584672.44,3281480,Piauí
2021,1,PI,RGF-Anexo 01,DespesaComPessoalLiquida,DESPESA LÍQUIDA COM PESSOAL (III) = (I - II),<MR-4>,535441002.23,3281480,Piauí
2021,1,PI,RGF-Anexo 01,DespesaComPessoalLiquida,DESPESA LÍQUIDA COM PESSOAL (III) = (I - II),<MR-3>,271462343.48,3281480,Piauí
2021,1,PI,RGF-Anexo 01,DespesaComPessoalLiquida,DESPESA LÍQUIDA COM PESSOAL (III) = (I - II),<MR-2>,355472831.27,3281480,Piauí
2021,1,PI,RGF-Anexo 01,DespesaComPessoalLiquida,DESPESA LÍQUIDA COM PESSOAL (III) = (I - II),<MR-1>,589666330.44,3281480,Piauí
2021,1,PI,RGF-Anexo 01,DespesaComPessoalLiquida,DESPESA LÍQUIDA COM PESSOAL (III) = (I - II),<MR>,394979563.69,3281480,Piauí
2021,1,PI,RGF-Anexo 01,DespesaComPessoalLiquida,DESPESA LÍQUIDA COM PESSOAL (III) = (I - II),TOTAL (ÚLTIMOS 12 MESES) (a),4836357130.49,3281480,Piauí
2021,1,PI,RGF-Anexo 01,ReceitaCorrenteLiquidaLimiteLegal,RECEITA CORRENTE LIQUIDA - RCL (IV),Valor,12322089274.22,3281480,Piauí
2021,1,PI,RGF-Anexo 01,DespesaComPessoalTotal,DESPESA TOTAL COM PESSOAL - DTP (VIII) = (IIIa + IIIb),Valor,4836357130.49,3281480,Piauí
2021,1,PI,RGF-Anexo 01,DespesaComPessoalTotal,DESPESA TOTAL COM PESSOAL - DTP (VIII) = (IIIa + IIIb),% sobre a RCL Ajustada,39.37,3281480,Piauí
2021,1,PI,RGF-Anexo 02,DividaConsolidada,DÍVIDA CONSOLIDADA - DC (I),SALDO DO EXERCÍCIO ANTERIOR,6620917010.43,3281480,Piauí
2021,1,PI,RGF-Anexo 02,DividaConsolidada,DÍVIDA CONSOLIDADA - DC (I),Até o 1º Quadrimestre,7689621775.52,3281480,Piauí
2021,1,PI,RGF-Anexo 02,DividaContratual,Dívida Contratual,SALDO DO EXERCÍCIO ANTERIOR,5980706223.93,3281480,Piauí
2021,1,PI,RGF-Anexo 02,DividaContratual,Dívida Contratual,Até o 1º Quadrimestre,6006442320.97,3281480,Piauí
2021,1,PI,RGF-Anexo 02,DividaConsolidadaLiquida,DÍVIDA CONSOLIDADA LÍQUIDA (DCL) (III) = (I - II),SALDO DO EXERCÍCIO ANTERIOR,4367120256.94,3281480,Piauí
2021,1,PI,RGF-Anexo 02,DividaConsolidadaLiquida,DÍVIDA CONSOLIDADA LÍQUIDA (DCL) (III) = (I - II),Até o 1º Quadrimestre,4373408462.95,3281480,Piauí
2021,2,PI,RGF-Anexo 01,DespesaComPessoalBruta,DESPESA BRUTA COM PESSOAL (I),<MR-11>,506047359.9,3281480,Piauí
2021,2,PI,RGF-Anexo 01,DespesaComPessoalBruta,DESPESA BRUTA COM PESSOAL (I),<MR-10>,546118331.22,3281480,Piauí
2021,2,PI,RGF-Anexo 01,DespesaComPessoalBruta,DESPESA BRUTA COM PESSOAL (I),<MR-9>,396021549.23,3281480,Piauí
2021,2,PI,RGF-Anexo 01,DespesaComPessoalBruta,DESPESA BRUTA COM PESSOAL (I),<MR-8>,821399262.19,3281480,Piauí
2021,2,PI,RGF-Anexo 01,DespesaComPessoalBruta,DESPESA BRUTA COM PESSOAL (I),<MR-7>,343721238.5,3281480,Piauí
2021,2,PI,RGF-Anexo 01,DespesaComPessoalBruta,DESPESA BRUTA COM PESSOAL (I),<MR-6>,424477788.75,3281480,Piauí
2021,2,PI,RGF-Anexo 01,DespesaComPessoalBruta,DESPESA BRUTA COM PESSOAL (I),<MR-5>,790719629.55,3281480,Piauí
2021,2,PI,RGF-Anexo 01,DespesaComPessoalBruta,DESPESA BRUTA COM PESSOAL (I),<MR-4>,525138071.94,3281480,Piauí
2021,2,PI,RGF-Anexo 01,DespesaComPessoalBruta,DESPESA BRUTA COM PESSOAL (I),<MR-3>,511576577.8,3281480,Piauí
2021,2,PI,RGF-Anexo 01,DespesaComPessoalBruta,DESPESA BRUTA COM PESSOAL (I),<MR-2>,435242363.4,3281480,Piauí
2021,2,PI,RGF-Anexo 01,DespesaComPessoalBruta,DESPESA BRUTA COM PESSOAL (I),<MR-1>,614200973.06,3281480,Piauí
2021,2,PI,RGF-Anexo 01,DespesaComPessoalBruta,DESPESA BRUTA COM PESSOAL (I),<MR>,541025698.01,3281480,Piauí
2021,2,PI,RGF-Anexo 01,DespesaComPessoalBruta,DESPESA BRUTA COM PESSOAL (I),TOTAL (ÚLTIMOS 12 MESES) (a),6455688843.55,3281480,Piauí
2021,2,PI,RGF-Anexo 01,DespesaComPessoalAtivoBruta,Pessoal Ativo,<MR-11>,269703656.94,3281480,Piauí
2021,2,PI,RGF-Anexo 01,DespesaComPessoalAtivoBruta,Pessoal Ativo,<MR-10>,372783552.61,3281480,Piauí
2021,2,PI,RGF-Anexo 01,DespesaComPessoalAtivoBruta,Pessoal Ativo,<MR-9>,320563756.67,3281480,Piauí
2021,2,PI,RGF-Anexo 01,DespesaComPessoalAtivoBruta,Pessoal Ativo,<MR-8>,476846016.94,3281480,Piauí
2021,2,PI,RGF-Anexo 01,DespesaComPessoalAtivoBruta,Pessoal Ativo,<MR-7>,262278459.29,3281480,Piauí
2021,2,PI,RGF-Anexo 01,DespesaComPessoalAtivoBruta,Pessoal Ativo,<MR-6>,264312179.44,3281480,Piauí
2021,2,PI,RGF-Anexo 01,DespesaComPessoalAtivoBruta,Pessoal Ativo,<MR-5>,439228525.13,3281480,Piauí
2021,2,PI,RGF-Anexo 01,DespesaComPessoalAtivoBruta,Pessoal Ativo,<MR-4>,350032725.66,3281480,Piauí
2021,2,PI,RGF-Anexo 01,DespesaComPessoalAtivoBruta,Pessoal Ativo,<MR-3>,337783014.83,3281480,Piauí
2021,2,PI,RGF-Anexo 01,DespesaComPessoalAtivoBruta,Pessoal Ativo,<MR-2>,348720989.28,3281480,Piauí
2021,2,PI,RGF-Anexo 01,DespesaComPessoalAtivoBruta,Pessoal Ativo,<MR-1>,341352141.52,3281480,Piauí
2021,2,PI,RGF-Anexo 01,DespesaComPessoalAtivoBruta,Pessoal Ativo,<MR>,348372085.67,3281480,Piauí
2021,2,PI,RGF-Anexo 01,DespesaComPessoalAtivoBruta,Pessoal Ativo,TOTAL (ÚLTIMOS 12 MESES) (a),4131977103.98,3281480,Piauí
2021,2,PI,RGF-Anexo 01,DespesaComPessoalInativoEPensionistasBruta,Pessoal Inativo e Pensionistas,<MR-11>,216619802.58,3281480,Piauí
2021,2,PI,RGF-Anexo 01,DespesaComPessoalInativoEPensionistasBruta,Pessoal Inativo e Pensionistas,<MR-10>,162000130.6,3281480,Piauí
2021,2,PI,RGF-Anexo 01,DespesaComPessoalInativoEPensionistasBruta,Pessoal Inativo e Pensionistas,<MR-9>,61869577.11,3281480,Piauí
2021,2,PI,RGF-Anexo 01,DespesaComPessoalInativoEPensionistasBruta,Pessoal Inativo e Pensionistas,<MR-8>,321806925.65,3281480,Piauí
2021,2,PI,RGF-Anexo 01,DespesaComPessoalInativoEPensionistasBruta,Pessoal Inativo e Pensionistas,<MR-7>,71989806.77,3281480,Piauí
2021,2,PI,RGF-Anexo 01,DespesaComPessoalInativoEPensionistasBruta,Pessoal Inativo e Pensionistas,<MR-6>,148215240.88,3281480,Piauí
2021,2,PI,RGF-Anexo 01,DespesaComPessoalInativoEPensionistasBruta,Pessoal Inativo e Pensionistas,<MR-5>,327290234.8,3281480,Piauí
2021,2,PI,RGF-Anexo 01,DespesaComPessoalInativoEPensionistasBruta,Pessoal Inativo e Pensionistas,<MR-4>,161704161.09,3281480,Piauí
2021,2,PI,RGF-Anexo 01,DespesaComPessoalInativoEPensionistasBruta,Pessoal Inativo e Pensionistas,<MR-3>,161478850.82,3281480,Piauí
2021,2,PI,RGF-Anexo 01,DespesaComPessoalInativoEPensionistasBruta,Pessoal Inativo e Pensionistas,<MR-2>,72171463.75,3281480,Piauí
2021,2,PI,RGF-Anexo 01,DespesaComPessoalInativoEPensionistasBruta,Pessoal Inativo e Pensionistas,<MR-1>,260542826.89,3281480,Piauí
2021,2,PI,RGF-Anexo 01,DespesaComPessoalInativoEPensionistasBruta,Pessoal Inativo e Pensionistas,<MR>,164487970.35,3281480,Piauí
2021,2,PI,RGF-Anexo 01,DespesaComPessoalInativoEPensionistasBruta,Pessoal Inativo e Pensionistas,TOTAL (ÚLTIMOS 12 MESES) (a),2130176991.29,3281480,Piauí
2021,2,PI,RGF-Anexo 01,DespesaComPessoalLiquida,DESPESA LÍQUIDA COM PESSOAL (III) = (I - II),<MR-11>,418400608.02,3281480,Piauí
2021,2,PI,RGF-Anexo 01,DespesaComPessoalLiquida,DESPESA LÍQUIDA COM PESSOAL (III) = (I - II),<MR-10>,382645104.56,3281480,Piauí
2021,2,PI,RGF-Anexo 01,DespesaComPessoalLiquida,DESPESA LÍQUIDA COM PESSOAL (III) = (I - II),<MR-9>,330691462.08,3281480,Piauí
2021,2,PI,RGF-Anexo 01,DespesaComPessoalLiquida,DESPESA LÍQUIDA COM PESSOAL (III) = (I - II),<MR-8>,535737848.62,3281480,Piauí
2021,2,PI,RGF-Anexo 01,DespesaComPessoalLiquida,DESPESA LÍQUIDA COM PESSOAL (III) = (I - II),<MR-7>,271731431.73,3281480,Piauí
2021,2,PI,RGF-Anexo 01,DespesaComPessoalLiquida,DESPESA LÍQUIDA COM PESSOAL (III) = (I - II),<MR-6>,355456335.93,3281480,Piauí
2021,2,PI,RGF-Anexo 01,DespesaComPessoalLiquida,DESPESA LÍQUIDA COM PESSOAL (III) = (I - II),<MR-5>,589603996.67,3281480,Piauí
2021,2,PI,RGF-Anexo 01,DespesaComPessoalLiquida,DESPESA LÍQUIDA COM PESSOAL (III) = (I - II),<MR-4>,391343032.26,3281480,Piauí
2021,2,PI,RGF-Anexo 01,DespesaComPessoalLiquida,DESPESA LÍQUIDA COM PESSOAL (III) = (I - II),<MR-3>,384025075.88,3281480,Piauí
2021,2,PI,RGF-Anexo 01,DespesaComPessoalLiquida,DESPESA LÍQUIDA COM PESSOAL (III) = (I - II),<MR-2>,362974645.22,3281480,Piauí
2021,2,PI,RGF-Anexo 01,DespesaComPessoalLiquida,DESPESA LÍQUIDA COM PESSOAL (III) = (I - II),<MR-1>,475922554.11,3281480,Piauí
2021,2,PI,RGF-Anexo 01,DespesaComPessoalLiquida,DESPESA LÍQUIDA COM PESSOAL (III) = (I - II),<MR>,396652214.99,3281480,Piauí
2021,2,PI,RGF-Anexo 01,DespesaComPessoalLiquida,DESPESA LÍQUIDA COM PESSOAL (III) = (I - II),TOTAL (ÚLTIMOS 12 MESES) (a),4895184310.07,3281480,Piauí
2021,2,PI,RGF-Anexo 01,ReceitaCorrenteLiquidaLimiteLegal,RECEITA CORRENTE LIQUIDA - RCL (IV),Valor,11085792754.28,3281480,Piauí
2021,2,PI,RGF-Anexo 01,DespesaComPessoalTotal,DESPESA TOTAL COM PESSOAL - DTP (VIII) = (IIIa + IIIb),Valor,4895184310.07,3281480,Piauí
2021,2,PI,RGF-Anexo 01,DespesaComPessoalTotal,DESPESA TOTAL COM PESSOAL - DTP (VIII) = (IIIa + IIIb),% sobre a RCL Ajustada,44.28,3281480,Piauí
2021,2,PI,RGF-Anexo 02,DividaConsolidada,DÍVIDA CONSOLIDADA - DC (I),SALDO DO EXERCÍCIO ANTERIOR,6620917010.43,3281480,Piauí
2021,2,PI,RGF-Anexo 02,DividaConsolidada,DÍVIDA CONSOLIDADA - DC (I),Até o 1º Quadrimestre,7689621775.52,3281480,Piauí
2021,2,PI,RGF-Anexo 02,DividaConsolidada,DÍVIDA CONSOLIDADA - DC (I),Até o 2º Quadrimestre,7318122218.79,3281480,Piauí
2021,2,PI,RGF-Anexo 02,DividaContratual,Dívida Contratual,SALDO DO EXERCÍCIO ANTERIOR,5980706223.93,3281480,Piauí
2021,2,PI,RGF-Anexo 02,DividaContratual,Dívida Contratual,Até o 1º Quadrimestre,6006442320.97,3281480,Piauí
2021,2,PI,RGF-Anexo 02,DividaContratual,Dívida Contratual,Até o 2º Quadrimestre,5692099611.42,3281480,Piauí
2021,2,PI,RGF-Anexo 02,DividaConsolidadaLiquida,DÍVIDA CONSOLIDADA LÍQUIDA (DCL) (III) = (I - II),SALDO DO EXERCÍCIO ANTERIOR,4367120256.94,3281480,Piauí
2021,2,PI,RGF-Anexo 02,DividaConsolidadaLiquida,DÍVIDA CONSOLIDADA LÍQUIDA (DCL) (III) = (I - II),Até o 1º Quadrimestre,4373408462.95,3281480,Piauí
2021,2,PI,RGF-Anexo 02,DividaConsolidadaLiquida,DÍVIDA CONSOLIDADA LÍQUIDA (DCL) (III) = (I - II),Até o 2º Quadrimestre,3935666223.62,3281480,Piauí
2021,3,PI,RGF-Anexo 01,DespesaComPessoalBruta,DESPESA BRUTA COM PESSOAL (I),<MR-11>,338220304.35,3281480,Piauí
2021,3,PI,RGF-Anexo 01,DespesaComPessoalBruta,DESPESA BRUTA COM PESSOAL (I),<MR-10>,424292523.68,3281480,Piauí
2021,3,PI,RGF-Anexo 01,DespesaComPessoalBruta,DESPESA BRUTA COM PESSOAL (I),<MR-9>,790453800.3,3281480,Piauí
2021,3,PI,RGF-Anexo 01,DespesaComPessoalBruta,DESPESA BRUTA COM PESSOAL (I),<MR-8>,524915197.32,3281480,Piauí
2021,3,PI,RGF-Anexo 01,DespesaComPessoalBruta,DESPESA BRUTA COM PESSOAL (I),<MR-7>,511336241.54,3281480,Piauí
2021,3,PI,RGF-Anexo 01,DespesaComPessoalBruta,DESPESA BRUTA COM PESSOAL (I),<MR-6>,434847010.1,3281480,Piauí
2021,3,PI,RGF-Anexo 01,DespesaComPessoalBruta,DESPESA BRUTA COM PESSOAL (I),<MR-5>,613898095.19,3281480,Piauí
2021,3,PI,RGF-Anexo 01,DespesaComPessoalBruta,DESPESA BRUTA COM PESSOAL (I),<MR-4>,525785369.8,3281480,Piauí
2021,3,PI,RGF-Anexo 01,DespesaComPessoalBruta,DESPESA BRUTA COM PESSOAL (I),<MR-3>,369208071.7,3281480,Piauí
2021,3,PI,RGF-Anexo 01,DespesaComPessoalBruta,DESPESA BRUTA COM PESSOAL (I),<MR-2>,794707324.72,3281480,Piauí
2021,3,PI,RGF-Anexo 01,DespesaComPessoalBruta,DESPESA BRUTA COM PESSOAL (I),<MR-1>,548376670.59,3281480,Piauí
2021,3,PI,RGF-Anexo 01,DespesaComPessoalBruta,DESPESA BRUTA COM PESSOAL (I),<MR>,714649083.82,3281480,Piauí
2021,3,PI,RGF-Anexo 01,DespesaComPessoalBruta,DESPESA BRUTA COM PESSOAL (I),TOTAL (ÚLTIMOS 12 MESES) (a),6590689693.11,3281480,Piauí
2021,3,PI,RGF-Anexo 01,DespesaComPessoalBruta,DESPESA BRUTA COM PESSOAL (I),INSCRITAS EM RESTOS A PAGAR NÃO PROCESSADOS (b),835909.07,3281480,Piauí
2021,3,PI,RGF-Anexo 01,DespesaComPessoalAtivoBruta,Pessoal Ativo,<MR-11>,262278459.29,3281480,Piauí
2021,3,PI,RGF-Anexo 01,DespesaComPessoalAtivoBruta,Pessoal Ativo,<MR-10>,264312179.44,3281480,Piauí
2021,3,PI,RGF-Anexo 01,DespesaComPessoalAtivoBruta,Pessoal Ativo,<MR-9>,439228525.13,3281480,Piauí
2021,3,PI,RGF-Anexo 01,DespesaComPessoalAtivoBruta,Pessoal Ativo,<MR-8>,350032725.66,3281480,Piauí
2021,3,PI,RGF-Anexo 01,DespesaComPessoalAtivoBruta,Pessoal Ativo,<MR-7>,337783014.83,3281480,Piauí
2021,3,PI,RGF-Anexo 01,DespesaComPessoalAtivoBruta,Pessoal Ativo,<MR-6>,348720989.28,3281480,Piauí
2021,3,PI,RGF-Anexo 01,DespesaComPessoalAtivoBruta,Pessoal Ativo,<MR-5>,341352141.52,3281480,Piauí
2021,3,PI,RGF-Anexo 01,DespesaComPessoalAtivoBruta,Pessoal Ativo,<MR-4>,348372085.67,3281480,Piauí
2021,3,PI,RGF-Anexo 01,DespesaComPessoalAtivoBruta,Pessoal Ativo,<MR-3>,265337832.81,3281480,Piauí
2021,3,PI,RGF-Anexo 01,DespesaComPessoalAtivoBruta,Pessoal Ativo,<MR-2>,474423006.26,3281480,Piauí
2021,3,PI,RGF-Anexo 01,DespesaComPessoalAtivoBruta,Pessoal Ativo,<MR-1>,359687422.06,3281480,Piauí
2021,3,PI,RGF-Anexo 01,DespesaComPessoalAtivoBruta,Pessoal Ativo,<MR>,503289524.86,3281480,Piauí
2021,3,PI,RGF-Anexo 01,DespesaComPessoalAtivoBruta,Pessoal Ativo,TOTAL (ÚLTIMOS 12 MESES) (a),4294817906.81,3281480,Piauí
2021,3,PI,RGF-Anexo 01,DespesaComPessoalAtivoBruta,Pessoal Ativo,INSCRITAS EM RESTOS A PAGAR NÃO PROCESSADOS (b),835909.07,3281480,Piauí
2021,3,PI,RGF-Anexo 01,DespesaComPessoalInativoEPensionistasBruta,Pessoal Inativo e Pensionistas,<MR-11>,71989806.77,3281480,Piauí
2021,3,PI,RGF-Anexo 01,DespesaComPessoalInativoEPensionistasBruta,Pessoal Inativo e Pensionistas,<MR-10>,148215240.88,3281480,Piauí
2021,3,PI,RGF-Anexo 01,DespesaComPessoalInativoEPensionistasBruta,Pessoal Inativo e Pensionistas,<MR-9>,327290234.8,3281480,Piauí
2021,3,PI,RGF-Anexo 01,DespesaComPessoalInativoEPensionistasBruta,Pessoal Inativo e Pensionistas,<MR-8>,161704161.09,3281480,Piauí
2021,3,PI,RGF-Anexo 01,DespesaComPessoalInativoEPensionistasBruta,Pessoal Inativo e Pensionistas,<MR-7>,161478850.82,3281480,Piauí
2021,3,PI,RGF-Anexo 01,DespesaComPessoalInativoEPensionistasBruta,Pessoal Inativo e Pensionistas,<MR-6>,72171463.75,3281480,Piauí
2021,3,PI,RGF-Anexo 01,DespesaComPessoalInativoEPensionistasBruta,Pessoal Inativo e Pensionistas,<MR-5>,260542826.89,3281480,Piauí
2021,3,PI,RGF-Anexo 01,DespesaComPessoalInativoEPensionistasBruta,Pessoal Inativo e Pensionistas,<MR-4>,164487970.35,3281480,Piauí
2021,3,PI,RGF-Anexo 01,DespesaComPessoalInativoEPensionistasBruta,Pessoal Inativo e Pensionistas,<MR-3>,91975199.91,3281480,Piauí
2021,3,PI,RGF-Anexo 01,DespesaComPessoalInativoEPensionistasBruta,Pessoal Inativo e Pensionistas,<MR-2>,297651660.33,3281480,Piauí
2021,3,PI,RGF-Anexo 01,DespesaComPessoalInativoEPensionistasBruta,Pessoal Inativo e Pensionistas,<MR-1>,170616132.36,3281480,Piauí
2021,3,PI,RGF-Anexo 01,DespesaComPessoalInativoEPensionistasBruta,Pessoal Inativo e Pensionistas,<MR>,174569858.03,3281480,Piauí
2021,3,PI,RGF-Anexo 01,DespesaComPessoalInativoEPensionistasBruta,Pessoal Inativo e Pensionistas,TOTAL (ÚLTIMOS 12 MESES) (a),2102693405.98,3281480,Piauí
2021,3,PI,RGF-Anexo 01,DespesaComPessoalLiquida,DESPESA LÍQUIDA COM PESSOAL (III) = (I - II),<MR-11>,337591217.99,3281480,Piauí
2021,3,PI,RGF-Anexo 01,DespesaComPessoalLiquida,DESPESA LÍQUIDA COM PESSOAL (III) = (I - II),<MR-10>,274851827.09,3281480,Piauí
2021,3,PI,RGF-Anexo 01,DespesaComPessoalLiquida,DESPESA LÍQUIDA COM PESSOAL (III) = (I - II),<MR-9>,460701188.43,3281480,Piauí
2021,3,PI,RGF-Anexo 01,DespesaComPessoalLiquida,DESPESA LÍQUIDA COM PESSOAL (III) = (I - II),<MR-8>,362179928.95,3281480,Piauí
2021,3,PI,RGF-Anexo 01,DespesaComPessoalLiquida,DESPESA LÍQUIDA COM PESSOAL (III) = (I - II),<MR-7>,349257046.01,3281480,Piauí
2021,3,PI,RGF-Anexo 01,DespesaComPessoalLiquida,DESPESA LÍQUIDA COM PESSOAL (III) = (I - II),<MR-6>,362578676.48,3281480,Piauí
2021,3,PI,RGF-Anexo 01,DespesaComPessoalLiquida,DESPESA LÍQUIDA COM PESSOAL (III) = (I - II),<MR-5>,352473110.85,3281480,Piauí
2021,3,PI,RGF-Anexo 01,DespesaComPessoalLiquida,DESPESA LÍQUIDA COM PESSOAL (III) = (I - II),<MR-4>,360787555.51,3281480,Piauí
2021,3,PI,RGF-Anexo 01,DespesaComPessoalLiquida,DESPESA LÍQUIDA COM PESSOAL (III) = (I - II),<MR-3>,277108879.18,3281480,Piauí
2021,3,PI,RGF-Anexo 01,DespesaComPessoalLiquida,DESPESA LÍQUIDA COM PESSOAL (III) = (I - II),<MR-2>,496988252.34,3281480,Piauí
2021,3,PI,RGF-Anexo 01,DespesaComPessoalLiquida,DESPESA LÍQUIDA COM PESSOAL (III) = (I - II),<MR-1>,377488990.14,3281480,Piauí
2021,3,PI,RGF-Anexo 01,DespesaComPessoalLiquida,DESPESA LÍQUIDA COM PESSOAL (III) = (I - II),<MR>,583323033.42,3281480,Piauí
2021,3,PI,RGF-Anexo 01,DespesaComPessoalLiquida,DESPESA LÍQUIDA COM PESSOAL (III) = (I - II),TOTAL (ÚLTIMOS 12 MESES) (a),4595329706.39,3281480,Piauí
2021,3,PI,RGF-Anexo 01,DespesaComPessoalLiquida,DESPESA LÍQUIDA COM PESSOAL (III) = (I - II),INSCRITAS EM RESTOS A PAGAR NÃO PROCESSADOS (b),818334.0,3281480,Piauí
2021,3,PI,RGF-Anexo 01,ReceitaCorrenteLiquidaLimiteLegal,RECEITA CORRENTE LIQUIDA - RCL (IV),Valor,11455231445.84,3281480,Piauí
2021,3,PI,RGF-Anexo 01,DespesaComPessoalTotal,DESPESA TOTAL COM PESSOAL - DTP (VIII) = (IIIa + IIIb),Valor,4596148040.39,3281480,Piauí
2021,3,PI,RGF-Anexo 01,DespesaComPessoalTotal,DESPESA TOTAL COM PESSOAL - DTP (VIII) = (IIIa + IIIb),% sobre a RCL Ajustada,40.28,3281480,Piauí
2021,3,PI,RGF-Anexo 02,DividaConsolidada,DÍVIDA CONSOLIDADA - DC (I),SALDO DO EXERCÍCIO ANTERIOR,6620917010.43,3281480,Piauí
2021,3,PI,RGF-Anexo 02,DividaConsolidada,DÍVIDA CONSOLIDADA - DC (I),Até o 1º Quadrimestre,7689621775.52,3281480,Piauí
2021,3,PI,RGF-Anexo 02,DividaConsolidada,DÍVIDA CONSOLIDADA - DC (I),Até o 2º Quadrimestre,7318122218.79,3281480,Piauí
2021,3,PI,RGF-Anexo 02,DividaConsolidada,DÍVIDA CONSOLIDADA - DC (I),Até o 3º Quadrimestre,9046722686.49,3281480,Piauí
2021,3,PI,RGF-Anexo 02,DividaContratual,Dívida Contratual,SALDO DO EXERCÍCIO ANTERIOR,5980706223.93,3281480,Piauí
2021,3,PI,RGF-Anexo 02,DividaContratual,Dívida Contratual,Até o 1º Quadrimestre,6006442320.97,3281480,Piauí
2021,3,PI,RGF-Anexo 02,DividaContratual,Dívida Contratual,Até o 2º Quadrimestre,5692099611.42,3281480,Piauí
2021,3,PI,RGF-Anexo 02,DividaContratual,Dívida Contratual,Até o 3º Quadrimestre,7260067283.22,3281480,Piauí
2021,3,PI,RGF-Anexo 02,DividaConsolidadaLiquida,DÍVIDA CONSOLIDADA LÍQUIDA (DCL) (III) = (I - II),SALDO DO EXERCÍCIO ANTERIOR,4367120256.94,3281480,Piauí
2021,3,PI,RGF-Anexo 02,DividaConsolidadaLiquida,DÍVIDA CONSOLIDADA LÍQUIDA (DCL) (III) = (I - II),Até o 1º Quadrimestre,4373408462.95,3281480,Piauí
2021,3,PI,RGF-Anexo 02,DividaConsolidadaLiquida,DÍVIDA CONSOLIDADA LÍQUIDA (DCL) (III) = (I - II),Até o 2º Quadrimestre,3935666223.62,3281480,Piauí
2021,3,PI,RGF-Anexo 02,DividaConsolidadaLiquida,DÍVIDA CONSOLIDADA LÍQUIDA (DCL) (III) = (I - II),Até o 3º Quadrimestre,5369389881.72,3281480,Piauí
2022,1,PI,RGF-Anexo 01,DespesaComPessoalBruta,DESPESA BRUTA COM PESSOAL (I),<MR-11>,511336241.54,3289290,Piauí
2022,1,PI,RGF-Anexo 01,DespesaComPessoalBruta,DESPESA BRUTA COM PESSOAL (I),<MR-10>,434847010.1,3289290,Piauí
2022,1,PI,RGF-Anexo 01,DespesaComPessoalBruta,DESPESA BRUTA COM PESSOAL (I),<MR-9>,613898095.19,3289290,Piauí
2022,1,PI,RGF-Anexo 01,DespesaComPessoalBruta,DESPESA BRUTA COM PESSOAL (I),<MR-8>,525785369.8,3289290,Piauí
2022,1,PI,RGF-Anexo 01,DespesaComPessoalBruta,DESPESA BRUTA COM PESSOAL (I),<MR-7>,369208071.7,3289290,Piauí
2022,1,PI,RGF-Anexo 01,DespesaComPessoalBruta,DESPESA BRUTA COM PESSOAL (I),<MR-6>,794707324.72,3289290,Piauí
2022,1,PI,RGF-Anexo 01,DespesaComPessoalBruta,DESPESA BRUTA COM PESSOAL (I),<MR-5>,548376772.71,3289290,Piauí
2022,1,PI,RGF-Anexo 01,DespesaComPessoalBruta,DESPESA BRUTA COM PESSOAL (I),<MR-4>,717125931.28,3289290,Piauí
2022,1,PI,RGF-Anexo 01,DespesaComPessoalBruta,DESPESA BRUTA COM PESSOAL (I),<MR-3>,500563407.69,3289290,Piauí
2022,1,PI,RGF-Anexo 01,DespesaComPessoalBruta,DESPESA BRUTA COM PESSOAL (I),<MR-2>,515774694.43,3289290,Piauí
2022,1,PI,RGF-Anexo 01,DespesaComPessoalBruta,DESPESA BRUTA COM PESSOAL (I),<MR-1>,516727426.26,3289290,Piauí
2022,1,PI,RGF-Anexo 01,DespesaComPessoalBruta,DESPESA BRUTA COM PESSOAL (I),<MR>,608634701.04,3289290,Piauí
2022,1,PI,RGF-Anexo 01,DespesaComPessoalBruta,DESPESA BRUTA COM PESSOAL (I),TOTAL (ÚLTIMOS 12 MESES) (a),6656985046.46,3289290,Piauí
2022,1,PI,RGF-Anexo 01,DespesaComPessoalAtivoBruta,Pessoal Ativo,<MR-11>,337783014.83,3289290,Piauí
2022,1,PI,RGF-Anexo 01,DespesaComPessoalAtivoBruta,Pessoal Ativo,<MR-10>,348720989.28,3289290,Piauí
2022,1,PI,RGF-Anexo 01,DespesaComPessoalAtivoBruta,Pessoal Ativo,<MR-9>,341352141.52,3289290,Piauí
2022,1,PI,RGF-Anexo 01,DespesaComPessoalAtivoBruta,Pessoal Ativo,<MR-8>,348372085.67,3289290,Piauí
2022,1,PI,RGF-Anexo 01,DespesaComPessoalAtivoBruta,Pessoal Ativo,<MR-7>,265337832.81,3289290,Piauí
2022,1,PI,RGF-Anexo 01,DespesaComPessoalAtivoBruta,Pessoal Ativo,<MR-6>,474423006.26,3289290,Piauí
2022,1,PI,RGF-Anexo 01,DespesaComPessoalAtivoBruta,Pessoal Ativo,<MR-5>,359687422.06,3289290,Piauí
2022,1,PI,RGF-Anexo 01,DespesaComPessoalAtivoBruta,Pessoal Ativo,<MR-4>,503289524.86,3289290,Piauí
2022,1,PI,RGF-Anexo 01,DespesaComPessoalAtivoBruta,Pessoal Ativo,<MR-3>,326541669.97,3289290,Piauí
2022,1,PI,RGF-Anexo 01,DespesaComPessoalAtivoBruta,Pessoal Ativo,<MR-2>,342163392.68,3289290,Piauí
2022,1,PI,RGF-Anexo 01,DespesaComPessoalAtivoBruta,Pessoal Ativo,<MR-1>,342274655.03,3289290,Piauí
2022,1,PI,RGF-Anexo 01,DespesaComPessoalAtivoBruta,Pessoal Ativo,<MR>,384031008.86,3289290,Piauí
2022,1,PI,RGF-Anexo 01,DespesaComPessoalAtivoBruta,Pessoal Ativo,TOTAL (ÚLTIMOS 12 MESES) (a),4373976743.83,3289290,Piauí
2022,1,PI,RGF-Anexo 01,DespesaComPessoalInativoEPensionistasBruta,Pessoal Inativo e Pensionistas,<MR-11>,161478850.82,3289290,Piauí
2022,1,PI,RGF-Anexo 01,DespesaComPessoalInativoEPensionistasBruta,Pessoal Inativo e Pensionistas,<MR-10>,72171463.75,3289290,Piauí
2022,1,PI,RGF-Anexo 01,DespesaComPessoalInativoEPensionistasBruta,Pessoal Inativo e Pensionistas,<MR-9>,260542826.89,3289290,Piauí
2022,1,PI,RGF-Anexo 01,DespesaComPessoalInativoEPensionistasBruta,Pessoal Inativo e Pensionistas,<MR-8>,164487970.35,3289290,Piauí
2022,1,PI,RGF-Anexo 01,DespesaComPessoalInativoEPensionistasBruta,Pessoal Inativo e Pensionistas,<MR-7>,91975199.91,3289290,Piauí
2022,1,PI,RGF-Anexo 01,DespesaComPessoalInativoEPensionistasBruta,Pessoal Inativo e Pensionistas,<MR-6>,297651660.33,3289290,Piauí
2022,1,PI,RGF-Anexo 01,DespesaComPessoalInativoEPensionistasBruta,Pessoal Inativo e Pensionistas,<MR-5>,170616132.36,3289290,Piauí
2022,1,PI,RGF-Anexo 01,DespesaComPessoalInativoEPensionistasBruta,Pessoal Inativo e Pensionistas,<MR-4>,174569858.03,3289290,Piauí
2022,1,PI,RGF-Anexo 01,DespesaComPessoalInativoEPensionistasBruta,Pessoal Inativo e Pensionistas,<MR-3>,162032617.75,3289290,Piauí
2022,1,PI,RGF-Anexo 01,DespesaComPessoalInativoEPensionistasBruta,Pessoal Inativo e Pensionistas,<MR-2>,161983378.51,3289290,Piauí
2022,1,PI,RGF-Anexo 01,DespesaComPessoalInativoEPensionistasBruta,Pessoal Inativo e Pensionistas,<MR-1>,163020414.72,3289290,Piauí
2022,1,PI,RGF-Anexo 01,DespesaComPessoalInativoEPensionistasBruta,Pessoal Inativo e Pensionistas,<MR>,205450517.56,3289290,Piauí
2022,1,PI,RGF-Anexo 01,DespesaComPessoalInativoEPensionistasBruta,Pessoal Inativo e Pensionistas,TOTAL (ÚLTIMOS 12 MESES) (a),2085980890.98,3289290,Piauí
2022,1,PI,RGF-Anexo 01,DespesaComPessoalLiquida,DESPESA LÍQUIDA COM PESSOAL (III) = (I - II),<MR-11>,349257046.01,3289290,Piauí
2022,1,PI,RGF-Anexo 01,DespesaComPessoalLiquida,DESPESA LÍQUIDA COM PESSOAL (III) = (I - II),<MR-10>,362578676.48,3289290,Piauí
2022,1,PI,RGF-Anexo 01,DespesaComPessoalLiquida,DESPESA LÍQUIDA COM PESSOAL (III) = (I - II),<MR-9>,352473110.85,3289290,Piauí
2022,1,PI,RGF-Anexo 01,DespesaComPessoalLiquida,DESPESA LÍQUIDA COM PESSOAL (III) = (I - II),<MR-8>,360782248.48,3289290,Piauí
2022,1,PI,RGF-Anexo 01,DespesaComPessoalLiquida,DESPESA LÍQUIDA COM PESSOAL (III) = (I - II),<MR-7>,277108879.18,3289290,Piauí
2022,1,PI,RGF-Anexo 01,DespesaComPessoalLiquida,DESPESA LÍQUIDA COM PESSOAL (III) = (I - II),<MR-6>,496988252.34,3289290,Piauí
2022,1,PI,RGF-Anexo 01,DespesaComPessoalLiquida,DESPESA LÍQUIDA COM PESSOAL (III) = (I - II),<MR-5>,377489092.26,3289290,Piauí
2022,1,PI,RGF-Anexo 01,DespesaComPessoalLiquida,DESPESA LÍQUIDA COM PESSOAL (III) = (I - II),<MR-4>,585799880.88,3289290,Piauí
2022,1,PI,RGF-Anexo 01,DespesaComPessoalLiquida,DESPESA LÍQUIDA COM PESSOAL (III) = (I - II),<MR-3>,407192496.67,3289290,Piauí
2022,1,PI,RGF-Anexo 01,DespesaComPessoalLiquida,DESPESA LÍQUIDA COM PESSOAL (III) = (I - II),<MR-2>,353633779.77,3289290,Piauí
2022,1,PI,RGF-Anexo 01,DespesaComPessoalLiquida,DESPESA LÍQUIDA COM PESSOAL (III) = (I - II),<MR-1>,353568348.19,3289290,Piauí
2022,1,PI,RGF-Anexo 01,DespesaComPessoalLiquida,DESPESA LÍQUIDA COM PESSOAL (III) = (I - II),<MR>,402321447.18,3289290,Piauí
2022,1,PI,RGF-Anexo 01,DespesaComPessoalLiquida,DESPESA LÍQUIDA COM PESSOAL (III) = (I - II),TOTAL (ÚLTIMOS 12 MESES) (a),4679193258.29,3289290,Piauí
2022,1,PI,RGF-Anexo 01,ReceitaCorrenteLiquidaLimiteLegal,RECEITA CORRENTE LIQUIDA - RCL (IV),Valor,12351911015.16,3289290,Piauí
2022,1,PI,RGF-Anexo 01,DespesaComPessoalTotal,DESPESA TOTAL COM PESSOAL - DTP (VIII) = (IIIa + IIIb),Valor,4679193258.29,3289290,Piauí
2022,1,PI,RGF-Anexo 01,DespesaComPessoalTotal,DESPESA TOTAL COM PESSOAL - DTP (VIII) = (IIIa + IIIb),% sobre a RCL Ajustada,38.02,3289290,Piauí
2022,1,PI,RGF-Anexo 02,DividaConsolidada,DÍVIDA CONSOLIDADA - DC (I),SALDO DO EXERCÍCIO ANTERIOR,9046722686.49,3289290,Piauí
2022,1,PI,RGF-Anexo 02,DividaConsolidada,DÍVIDA CONSOLIDADA - DC (I),Até o 1º Quadrimestre,8394065234.36,3289290,Piauí
2022,1,PI,RGF-Anexo 02,DividaContratual,Dívida Contratual,SALDO DO EXERCÍCIO ANTERIOR,7260067283.22,3289290,Piauí
2022,1,PI,RGF-Anexo 02,DividaContratual,Dívida Contratual,Até o 1º Quadrimestre,6609789138.91,3289290,Piauí
2022,1,PI,RGF-Anexo 02,DividaConsolidadaLiquida,DÍVIDA CONSOLIDADA LÍQUIDA (DCL) (III) = (I - II),SALDO DO EXERCÍCIO ANTERIOR,5545089559.36,3289290,Piauí
2022,1,PI,RGF-Anexo 02,DividaConsolidadaLiquida,DÍVIDA CONSOLIDADA LÍQUIDA (DCL) (III) = (I - II),Até o 1º Quadrimestre,3927269202.09,3289290,Piauí
2022,2,PI,RGF-Anexo 01,DespesaComPessoalBruta,DESPESA BRUTA COM PESSOAL (I),<MR-11>,369318371.7,3289290,Piauí
2022,2,PI,RGF-Anexo 01,DespesaComPessoalBruta,DESPESA BRUTA COM PESSOAL (I),<MR-10>,794922924.72,3289290,Piauí
2022,2,PI,RGF-Anexo 01,DespesaComPessoalBruta,DESPESA BRUTA COM PESSOAL (I),<MR-9>,549265510.71,3289290,Piauí
2022,2,PI,RGF-Anexo 01,DespesaComPessoalBruta,DESPESA BRUTA COM PESSOAL (I),<MR-8>,717483810.32,3289290,Piauí
2022,2,PI,RGF-Anexo 01,DespesaComPessoalBruta,DESPESA BRUTA COM PESSOAL (I),<MR-7>,500926601.69,3289290,Piauí
2022,2,PI,RGF-Anexo 01,DespesaComPessoalBruta,DESPESA BRUTA COM PESSOAL (I),<MR-6>,516165478.52,3289290,Piauí
2022,2,PI,RGF-Anexo 01,DespesaComPessoalBruta,DESPESA BRUTA COM PESSOAL (I),<MR-5>,517147781.26,3289290,Piauí
2022,2,PI,RGF-Anexo 01,DespesaComPessoalBruta,DESPESA BRUTA COM PESSOAL (I),<MR-4>,609052137.33,3289290,Piauí
2022,2,PI,RGF-Anexo 01,DespesaComPessoalBruta,DESPESA BRUTA COM PESSOAL (I),<MR-3>,679050598.32,3289290,Piauí
2022,2,PI,RGF-Anexo 01,DespesaComPessoalBruta,DESPESA BRUTA COM PESSOAL (I),<MR-2>,608012593.57,3289290,Piauí
2022,2,PI,RGF-Anexo 01,DespesaComPessoalBruta,DESPESA BRUTA COM PESSOAL (I),<MR-1>,613363955.64,3289290,Piauí
2022,2,PI,RGF-Anexo 01,DespesaComPessoalBruta,DESPESA BRUTA COM PESSOAL (I),<MR>,614371324.87,3289290,Piauí
2022,2,PI,RGF-Anexo 01,DespesaComPessoalBruta,DESPESA BRUTA COM PESSOAL (I),TOTAL (ÚLTIMOS 12 MESES) (a),7089081088.65,3289290,Piauí
2022,2,PI,RGF-Anexo 01,DespesaComPessoalAtivoBruta,Pessoal Ativo,<MR-11>,265448132.81,3289290,Piauí
2022,2,PI,RGF-Anexo 01,DespesaComPessoalAtivoBruta,Pessoal Ativo,<MR-10>,474638606.26,3289290,Piauí
2022,2,PI,RGF-Anexo 01,DespesaComPessoalAtivoBruta,Pessoal Ativo,<MR-9>,360576160.06,3289290,Piauí
2022,2,PI,RGF-Anexo 01,DespesaComPessoalAtivoBruta,Pessoal Ativo,<MR-8>,503649884.86,3289290,Piauí
2022,2,PI,RGF-Anexo 01,DespesaComPessoalAtivoBruta,Pessoal Ativo,<MR-7>,326904863.97,3289290,Piauí
2022,2,PI,RGF-Anexo 01,DespesaComPessoalAtivoBruta,Pessoal Ativo,<MR-6>,342585395.68,3289290,Piauí
2022,2,PI,RGF-Anexo 01,DespesaComPessoalAtivoBruta,Pessoal Ativo,<MR-5>,342695010.03,3289290,Piauí
2022,2,PI,RGF-Anexo 01,DespesaComPessoalAtivoBruta,Pessoal Ativo,<MR-4>,384482465.63,3289290,Piauí
2022,2,PI,RGF-Anexo 01,DespesaComPessoalAtivoBruta,Pessoal Ativo,<MR-3>,464705320.0,3289290,Piauí
2022,2,PI,RGF-Anexo 01,DespesaComPessoalAtivoBruta,Pessoal Ativo,<MR-2>,399810994.93,3289290,Piauí
2022,2,PI,RGF-Anexo 01,DespesaComPessoalAtivoBruta,Pessoal Ativo,<MR-1>,401563703.11,3289290,Piauí
2022,2,PI,RGF-Anexo 01,DespesaComPessoalAtivoBruta,Pessoal Ativo,<MR>,395057910.87,3289290,Piauí
2022,2,PI,RGF-Anexo 01,DespesaComPessoalAtivoBruta,Pessoal Ativo,TOTAL (ÚLTIMOS 12 MESES) (a),4662118448.21,3289290,Piauí
2022,2,PI,RGF-Anexo 01,DespesaComPessoalInativoEPensionistasBruta,Pessoal Inativo e Pensionistas,<MR-11>,91975199.91,3289290,Piauí
2022,2,PI,RGF-Anexo 01,DespesaComPessoalInativoEPensionistasBruta,Pessoal Inativo e Pensionistas,<MR-10>,297651660.33,3289290,Piauí
2022,2,PI,RGF-Anexo 01,DespesaComPessoalInativoEPensionistasBruta,Pessoal Inativo e Pensionistas,<MR-9>,170616132.36,3289290,Piauí
2022,2,PI,RGF-Anexo 01,DespesaComPessoalInativoEPensionistasBruta,Pessoal Inativo e Pensionistas,<MR-8>,174569858.03,3289290,Piauí
2022,2,PI,RGF-Anexo 01,DespesaComPessoalInativoEPensionistasBruta,Pessoal Inativo e Pensionistas,<MR-7>,162032617.75,3289290,Piauí
2022,2,PI,RGF-Anexo 01,DespesaComPessoalInativoEPensionistasBruta,Pessoal Inativo e Pensionistas,<MR-6>,161983378.51,3289290,Piauí
2022,2,PI,RGF-Anexo 01,DespesaComPessoalInativoEPensionistasBruta,Pessoal Inativo e Pensionistas,<MR-5>,163020414.72,3289290,Piauí
2022,2,PI,RGF-Anexo 01,DespesaComPessoalInativoEPensionistasBruta,Pessoal Inativo e Pensionistas,<MR-4>,205450517.56,3289290,Piauí
2022,2,PI,RGF-Anexo 01,DespesaComPessoalInativoEPensionistasBruta,Pessoal Inativo e Pensionistas,<MR-3>,190240713.87,3289290,Piauí
2022,2,PI,RGF-Anexo 01,DespesaComPessoalInativoEPensionistasBruta,Pessoal Inativo e Pensionistas,<MR-2>,189326854.53,3289290,Piauí
2022,2,PI,RGF-Anexo 01,DespesaComPessoalInativoEPensionistasBruta,Pessoal Inativo e Pensionistas,<MR-1>,189246548.92,3289290,Piauí
2022,2,PI,RGF-Anexo 01,DespesaComPessoalInativoEPensionistasBruta,Pessoal Inativo e Pensionistas,<MR>,195034049.3,3289290,Piauí
2022,2,PI,RGF-Anexo 01,DespesaComPessoalInativoEPensionistasBruta,Pessoal Inativo e Pensionistas,TOTAL (ÚLTIMOS 12 MESES) (a),2191147945.79,3289290,Piauí
2022,2,PI,RGF-Anexo 01,DespesaComPessoalLiquida,DESPESA LÍQUIDA COM PESSOAL (III) = (I - II),<MR-11>,277219179.18,3289290,Piauí
2022,2,PI,RGF-Anexo 01,DespesaComPessoalLiquida,DESPESA LÍQUIDA COM PESSOAL (III) = (I - II),<MR-10>,497203852.34,3289290,Piauí
2022,2,PI,RGF-Anexo 01,DespesaComPessoalLiquida,DESPESA LÍQUIDA COM PESSOAL (III) = (I - II),<MR-9>,378377830.26,3289290,Piauí
2022,2,PI,RGF-Anexo 01,DespesaComPessoalLiquida,DESPESA LÍQUIDA COM PESSOAL (III) = (I - II),<MR-8>,586157759.92,3289290,Piauí
2022,2,PI,RGF-Anexo 01,DespesaComPessoalLiquida,DESPESA LÍQUIDA COM PESSOAL (III) = (I - II),<MR-7>,407555690.67,3289290,Piauí
2022,2,PI,RGF-Anexo 01,DespesaComPessoalLiquida,DESPESA LÍQUIDA COM PESSOAL (III) = (I - II),<MR-6>,354024563.86,3289290,Piauí
2022,2,PI,RGF-Anexo 01,DespesaComPessoalLiquida,DESPESA LÍQUIDA COM PESSOAL (III) = (I - II),<MR-5>,353988703.19,3289290,Piauí
2022,2,PI,RGF-Anexo 01,DespesaComPessoalLiquida,DESPESA LÍQUIDA COM PESSOAL (III) = (I - II),<MR-4>,402738883.47,3289290,Piauí
2022,2,PI,RGF-Anexo 01,DespesaComPessoalLiquida,DESPESA LÍQUIDA COM PESSOAL (III) = (I - II),<MR-3>,406474507.44,3289290,Piauí
2022,2,PI,RGF-Anexo 01,DespesaComPessoalLiquida,DESPESA LÍQUIDA COM PESSOAL (III) = (I - II),<MR-2>,435280850.25,3289290,Piauí
2022,2,PI,RGF-Anexo 01,DespesaComPessoalLiquida,DESPESA LÍQUIDA COM PESSOAL (III) = (I - II),<MR-1>,432489926.7,3289290,Piauí
2022,2,PI,RGF-Anexo 01,DespesaComPessoalLiquida,DESPESA LÍQUIDA COM PESSOAL (III) = (I - II),<MR>,412637485.59,3289290,Piauí
2022,2,PI,RGF-Anexo 01,DespesaComPessoalLiquida,DESPESA LÍQUIDA COM PESSOAL (III) = (I - II),TOTAL (ÚLTIMOS 12 MESES) (a),4944149232.87,3289290,Piauí
2022,2,PI,RGF-Anexo 01,ReceitaCorrenteLiquidaLimiteLegal,RECEITA CORRENTE LIQUIDA - RCL (IV),Valor,13176913562.1,3289290,Piauí
2022,2,PI,RGF-Anexo 01,DespesaComPessoalTotal,DESPESA TOTAL COM PESSOAL - DTP (VIII) = (IIIa + IIIb),Valor,4944149232.87,3289290,Piauí
2022,2,PI,RGF-Anexo 01,DespesaComPessoalTotal,DESPESA TOTAL COM PESSOAL - DTP (VIII) = (IIIa + IIIb),% sobre a RCL Ajustada,37.62,3289290,Piauí
2022,2,PI,RGF-Anexo 02,DividaConsolidada,DÍVIDA CONSOLIDADA - DC (I),SALDO DO EXERCÍCIO ANTERIOR,9046722686.49,3289290,Piauí
2022,2,PI,RGF-Anexo 02,DividaConsolidada,DÍVIDA CONSOLIDADA - DC (I),Até o 1º Quadrimestre,8394065234.36,3289290,Piauí
2022,2,PI,RGF-Anexo 02,DividaConsolidada,DÍVIDA CONSOLIDADA - DC (I),Até o 2º Quadrimestre,8350458427.65,3289290,Piauí
2022,2,PI,RGF-Anexo 02,DividaContratual,Dívida Contratual,SALDO DO EXERCÍCIO ANTERIOR,7260067283.22,3289290,Piauí
2022,2,PI,RGF-Anexo 02,DividaContratual,Dívida Contratual,Até o 1º Quadrimestre,6609789138.91,3289290,Piauí
2022,2,PI,RGF-Anexo 02,DividaContratual,Dívida Contratual,Até o 2º Quadrimestre,6722923221.61,3289290,Piauí
2022,2,PI,RGF-Anexo 02,DividaConsolidadaLiquida,DÍVIDA CONSOLIDADA LÍQUIDA (DCL) (III) = (I - II),SALDO DO EXERCÍCIO ANTERIOR,5545089559.36,3289290,Piauí
2022,2,PI,RGF-Anexo 02,DividaConsolidadaLiquida,DÍVIDA CONSOLIDADA LÍQUIDA (DCL) (III) = (I - II),Até o 1º Quadrimestre,3927269202.09,3289290,Piauí
2022,2,PI,RGF-Anexo 02,DividaConsolidadaLiquida,DÍVIDA CONSOLIDADA LÍQUIDA (DCL) (III) = (I - II),Até o 2º Quadrimestre,4422047822.39,3289290,Piauí
2022,3,PI,RGF-Anexo 01,DespesaComPessoalBruta,DESPESA BRUTA COM PESSOAL (I),<MR-11>,500479520.15,3289290,Piauí
2022,3,PI,RGF-Anexo 01,DespesaComPessoalBruta,DESPESA BRUTA COM PESSOAL (I),<MR-10>,515675027.89,3289290,Piauí
2022,3,PI,RGF-Anexo 01,DespesaComPessoalBruta,DESPESA BRUTA COM PESSOAL (I),<MR-9>,516731396.16,3289290,Piauí
2022,3,PI,RGF-Anexo 01,DespesaComPessoalBruta,DESPESA BRUTA COM PESSOAL (I),<MR-8>,609052137.33,3289290,Piauí
2022,3,PI,RGF-Anexo 01,DespesaComPessoalBruta,DESPESA BRUTA COM PESSOAL (I),<MR-7>,679048608.77,3289290,Piauí
2022,3,PI,RGF-Anexo 01,DespesaComPessoalBruta,DESPESA BRUTA COM PESSOAL (I),<MR-6>,608008449.87,3289290,Piauí
2022,3,PI,RGF-Anexo 01,DespesaComPessoalBruta,DESPESA BRUTA COM PESSOAL (I),<MR-5>,612931366.44,3289290,Piauí
2022,3,PI,RGF-Anexo 01,DespesaComPessoalBruta,DESPESA BRUTA COM PESSOAL (I),<MR-4>,601871861.03,3289290,Piauí
2022,3,PI,RGF-Anexo 01,DespesaComPessoalBruta,DESPESA BRUTA COM PESSOAL (I),<MR-3>,603738771.71,3289290,Piauí
2022,3,PI,RGF-Anexo 01,DespesaComPessoalBruta,DESPESA BRUTA COM PESSOAL (I),<MR-2>,638970437.44,3289290,Piauí
2022,3,PI,RGF-Anexo 01,DespesaComPessoalBruta,DESPESA BRUTA COM PESSOAL (I),<MR-1>,495381626.94,3289290,Piauí
2022,3,PI,RGF-Anexo 01,DespesaComPessoalBruta,DESPESA BRUTA COM PESSOAL (I),<MR>,1193207434.36,3289290,Piauí
2022,3,PI,RGF-Anexo 01,DespesaComPessoalBruta,DESPESA BRUTA COM PESSOAL (I),TOTAL (ÚLTIMOS 12 MESES) (a),7575096638.09,3289290,Piauí
2022,3,PI,RGF-Anexo 01,DespesaComPessoalBruta,DESPESA BRUTA COM PESSOAL (I),INSCRITAS EM RESTOS A PAGAR NÃO PROCESSADOS (b),1732717.42,3289290,Piauí
2022,3,PI,RGF-Anexo 01,DespesaComPessoalAtivoBruta,Pessoal Ativo,<MR-11>,326904863.97,3289290,Piauí
2022,3,PI,RGF-Anexo 01,DespesaComPessoalAtivoBruta,Pessoal Ativo,<MR-10>,342585395.68,3289290,Piauí
2022,3,PI,RGF-Anexo 01,DespesaComPessoalAtivoBruta,Pessoal Ativo,<MR-9>,342695010.03,3289290,Piauí
2022,3,PI,RGF-Anexo 01,DespesaComPessoalAtivoBruta,Pessoal Ativo,<MR-8>,384482465.63,3289290,Piauí
2022,3,PI,RGF-Anexo 01,DespesaComPessoalAtivoBruta,Pessoal Ativo,<MR-7>,464705320.0,3289290,Piauí
2022,3,PI,RGF-Anexo 01,DespesaComPessoalAtivoBruta,Pessoal Ativo,<MR-6>,399810994.93,3289290,Piauí
2022,3,PI,RGF-Anexo 01,DespesaComPessoalAtivoBruta,Pessoal Ativo,<MR-5>,401563703.11,3289290,Piauí
2022,3,PI,RGF-Anexo 01,DespesaComPessoalAtivoBruta,Pessoal Ativo,<MR-4>,395057910.87,3289290,Piauí
2022,3,PI,RGF-Anexo 01,DespesaComPessoalAtivoBruta,Pessoal Ativo,<MR-3>,401625790.91,3289290,Piauí
2022,3,PI,RGF-Anexo 01,DespesaComPessoalAtivoBruta,Pessoal Ativo,<MR-2>,438302961.41,3289290,Piauí
2022,3,PI,RGF-Anexo 01,DespesaComPessoalAtivoBruta,Pessoal Ativo,<MR-1>,294843341.66,3289290,Piauí
2022,3,PI,RGF-Anexo 01,DespesaComPessoalAtivoBruta,Pessoal Ativo,<MR>,869950066.55,3289290,Piauí
2022,3,PI,RGF-Anexo 01,DespesaComPessoalAtivoBruta,Pessoal Ativo,TOTAL (ÚLTIMOS 12 MESES) (a),5062527824.75,3289290,Piauí
2022,3,PI,RGF-Anexo 01,DespesaComPessoalAtivoBruta,Pessoal Ativo,INSCRITAS EM RESTOS A PAGAR NÃO PROCESSADOS (b),1577508.04,3289290,Piauí
2022,3,PI,RGF-Anexo 01,DespesaComPessoalInativoEPensionistasBruta,Pessoal Inativo e Pensionistas,<MR-11>,162032617.75,3289290,Piauí
2022,3,PI,RGF-Anexo 01,DespesaComPessoalInativoEPensionistasBruta,Pessoal Inativo e Pensionistas,<MR-10>,161983378.51,3289290,Piauí
2022,3,PI,RGF-Anexo 01,DespesaComPessoalInativoEPensionistasBruta,Pessoal Inativo e Pensionistas,<MR-9>,163020414.72,3289290,Piauí
2022,3,PI,RGF-Anexo 01,DespesaComPessoalInativoEPensionistasBruta,Pessoal Inativo e Pensionistas,<MR-8>,205450517.56,3289290,Piauí
2022,3,PI,RGF-Anexo 01,DespesaComPessoalInativoEPensionistasBruta,Pessoal Inativo e Pensionistas,<MR-7>,190240713.87,3289290,Piauí
2022,3,PI,RGF-Anexo 01,DespesaComPessoalInativoEPensionistasBruta,Pessoal Inativo e Pensionistas,<MR-6>,189326854.53,3289290,Piauí
2022,3,PI,RGF-Anexo 01,DespesaComPessoalInativoEPensionistasBruta,Pessoal Inativo e Pensionistas,<MR-5>,189246548.92,3289290,Piauí
2022,3,PI,RGF-Anexo 01,DespesaComPessoalInativoEPensionistasBruta,Pessoal Inativo e Pensionistas,<MR-4>,195034049.3,3289290,Piauí
2022,3,PI,RGF-Anexo 01,DespesaComPessoalInativoEPensionistasBruta,Pessoal Inativo e Pensionistas,<MR-3>,190336196.19,3289290,Piauí
2022,3,PI,RGF-Anexo 01,DespesaComPessoalInativoEPensionistasBruta,Pessoal Inativo e Pensionistas,<MR-2>,189241564.54,3289290,Piauí
2022,3,PI,RGF-Anexo 01,DespesaComPessoalInativoEPensionistasBruta,Pessoal Inativo e Pensionistas,<MR-1>,189133470.44,3289290,Piauí
2022,3,PI,RGF-Anexo 01,DespesaComPessoalInativoEPensionistasBruta,Pessoal Inativo e Pensionistas,<MR>,289212198.8,3289290,Piauí
2022,3,PI,RGF-Anexo 01,DespesaComPessoalInativoEPensionistasBruta,Pessoal Inativo e Pensionistas,TOTAL (ÚLTIMOS 12 MESES) (a),2314258525.13,3289290,Piauí
2022,3,PI,RGF-Anexo 01,DespesaComPessoalLiquida,DESPESA LÍQUIDA COM PESSOAL (III) = (I - II),<MR-11>,405637023.62,3289290,Piauí
2022,3,PI,RGF-Anexo 01,DespesaComPessoalLiquida,DESPESA LÍQUIDA COM PESSOAL (III) = (I - II),<MR-10>,351149872.22,3289290,Piauí
2022,3,PI,RGF-Anexo 01,DespesaComPessoalLiquida,DESPESA LÍQUIDA COM PESSOAL (III) = (I - II),<MR-9>,352872511.41,3289290,Piauí
2022,3,PI,RGF-Anexo 01,DespesaComPessoalLiquida,DESPESA LÍQUIDA COM PESSOAL (III) = (I - II),<MR-8>,402730110.41,3289290,Piauí
2022,3,PI,RGF-Anexo 01,DespesaComPessoalLiquida,DESPESA LÍQUIDA COM PESSOAL (III) = (I - II),<MR-7>,406393566.17,3289290,Piauí
2022,3,PI,RGF-Anexo 01,DespesaComPessoalLiquida,DESPESA LÍQUIDA COM PESSOAL (III) = (I - II),<MR-6>,434507209.71,3289290,Piauí
2022,3,PI,RGF-Anexo 01,DespesaComPessoalLiquida,DESPESA LÍQUIDA COM PESSOAL (III) = (I - II),<MR-5>,431496385.36,3289290,Piauí
2022,3,PI,RGF-Anexo 01,DespesaComPessoalLiquida,DESPESA LÍQUIDA COM PESSOAL (III) = (I - II),<MR-4>,398335545.26,3289290,Piauí
2022,3,PI,RGF-Anexo 01,DespesaComPessoalLiquida,DESPESA LÍQUIDA COM PESSOAL (III) = (I - II),<MR-3>,489777409.25,3289290,Piauí
2022,3,PI,RGF-Anexo 01,DespesaComPessoalLiquida,DESPESA LÍQUIDA COM PESSOAL (III) = (I - II),<MR-2>,441583239.89,3289290,Piauí
2022,3,PI,RGF-Anexo 01,DespesaComPessoalLiquida,DESPESA LÍQUIDA COM PESSOAL (III) = (I - II),<MR-1>,493027792.44,3289290,Piauí
2022,3,PI,RGF-Anexo 01,DespesaComPessoalLiquida,DESPESA LÍQUIDA COM PESSOAL (III) = (I - II),<MR>,1092931544.28,3289290,Piauí
2022,3,PI,RGF-Anexo 01,DespesaComPessoalLiquida,DESPESA LÍQUIDA COM PESSOAL (III) = (I - II),TOTAL (ÚLTIMOS 12 MESES) (a),5700442210.02,3289290,Piauí
2022,3,PI,RGF-Anexo 01,DespesaComPessoalLiquida,DESPESA LÍQUIDA COM PESSOAL (III) = (I - II),INSCRITAS EM RESTOS A PAGAR NÃO PROCESSADOS (b),1727064.94,3289290,Piauí
2022,3,PI,RGF-Anexo 01,ReceitaCorrenteLiquidaLimiteLegal,RECEITA CORRENTE LIQUIDA - RCL (IV),Valor,13517450096.11,3289290,Piauí
2022,3,PI,RGF-Anexo 01,DespesaComPessoalTotal,DESPESA TOTAL COM PESSOAL - DTP (VIII) = (IIIa + IIIb),Valor,5702169274.96,3289290,Piauí
2022,3,PI,RGF-Anexo 01,DespesaComPessoalTotal,DESPESA TOTAL COM PESSOAL - DTP (VIII) = (IIIa + IIIb),% sobre a RCL Ajustada,42.25,3289290,Piauí
2022,3,PI,RGF-Anexo 02,DividaConsolidada,DÍVIDA CONSOLIDADA - DC (I),SALDO DO EXERCÍCIO ANTERIOR,9046722686.49,3289290,Piauí
2022,3,PI,RGF-Anexo 02,DividaConsolidada,DÍVIDA CONSOLIDADA - DC (I),Até o 1º Quadrimestre,8394065234.36,3289290,Piauí
2022,3,PI,RGF-Anexo 02,DividaConsolidada,DÍVIDA CONSOLIDADA - DC (I),Até o 2º Quadrimestre,8350458427.65,3289290,Piauí
2022,3,PI,RGF-Anexo 02,DividaConsolidada,DÍVIDA CONSOLIDADA - DC (I),Até o 3º Quadrimestre,9067438865.9,3289290,Piauí
2022,3,PI,RGF-Anexo 02,DividaContratual,Dívida Contratual,SALDO DO EXERCÍCIO ANTERIOR,7260067283.22,3289290,Piauí
2022,3,PI,RGF-Anexo 02,DividaContratual,Dívida Contratual,Até o 1º Quadrimestre,6609789138.91,3289290,Piauí
2022,3,PI,RGF-Anexo 02,DividaContratual,Dívida Contratual,Até o 2º Quadrimestre,6722923221.61,3289290,Piauí
2022,3,PI,RGF-Anexo 02,DividaContratual,Dívida Contratual,Até o 3º Quadrimestre,6779547635.99,3289290,Piauí
2022,3,PI,RGF-Anexo 02,DividaConsolidadaLiquida,DÍVIDA CONSOLIDADA LÍQUIDA (DCL) (III) = (I - II),SALDO DO EXERCÍCIO ANTERIOR,5545089559.36,3289290,Piauí
2022,3,PI,RGF-Anexo 02,DividaConsolidadaLiquida,DÍVIDA CONSOLIDADA LÍQUIDA (DCL) (III) = (I - II),Até o 1º Quadrimestre,3927269202.09,3289290,Piauí
2022,3,PI,RGF-Anexo 02,DividaConsolidadaLiquida,DÍVIDA CONSOLIDADA LÍQUIDA (DCL) (III) = (I - II),Até o 2º Quadrimestre,4422047822.39,3289290,Piauí
2022,3,PI,RGF-Anexo 02,DividaConsolidadaLiquida,DÍVIDA CONSOLIDADA LÍQUIDA (DCL) (III) = (I - II),Até o 3º Quadrimestre,6891399275.12,3289290,Piauí
2023,1,PI,RGF-Anexo 01,DespesaComPessoalBruta,DESPESA BRUTA COM PESSOAL (I),<MR-11>,679048608.77,3289290,Piauí
2023,1,PI,RGF-Anexo 01,DespesaComPessoalBruta,DESPESA BRUTA COM PESSOAL (I),<MR-10>,608008449.87,3289290,Piauí
2023,1,PI,RGF-Anexo 01,DespesaComPessoalBruta,DESPESA BRUTA COM PESSOAL (I),<MR-9>,612931366.44,3289290,Piauí
2023,1,PI,RGF-Anexo 01,DespesaComPessoalBruta,DESPESA BRUTA COM PESSOAL (I),<MR-8>,601871861.03,3289290,Piauí
2023,1,PI,RGF-Anexo 01,DespesaComPessoalBruta,DESPESA BRUTA COM PESSOAL (I),<MR-7>,603738771.71,3289290,Piauí
2023,1,PI,RGF-Anexo 01,DespesaComPessoalBruta,DESPESA BRUTA COM PESSOAL (I),<MR-6>,638970437.44,3289290,Piauí
2023,1,PI,RGF-Anexo 01,DespesaComPessoalBruta,DESPESA BRUTA COM PESSOAL (I),<MR-5>,495381626.94,3289290,Piauí
2023,1,PI,RGF-Anexo 01,DespesaComPessoalBruta,DESPESA BRUTA COM PESSOAL (I),<MR-4>,1223300700.13,3289290,Piauí
2023,1,PI,RGF-Anexo 01,DespesaComPessoalBruta,DESPESA BRUTA COM PESSOAL (I),<MR-3>,551463510.03,3289290,Piauí
2023,1,PI,RGF-Anexo 01,DespesaComPessoalBruta,DESPESA BRUTA COM PESSOAL (I),<MR-2>,742407790.75,3289290,Piauí
2023,1,PI,RGF-Anexo 01,DespesaComPessoalBruta,DESPESA BRUTA COM PESSOAL (I),<MR-1>,618443811.81,3289290,Piauí
2023,1,PI,RGF-Anexo 01,DespesaComPessoalBruta,DESPESA BRUTA COM PESSOAL (I),<MR>,660344794.55,3289290,Piauí
2023,1,PI,RGF-Anexo 01,DespesaComPessoalBruta,DESPESA BRUTA COM PESSOAL (I),TOTAL (ÚLTIMOS 12 MESES) (a),8035911729.47,3289290,Piauí
2023,1,PI,RGF-Anexo 01,DespesaComPessoalAtivoBruta,Pessoal Ativo,<MR-11>,464705320.0,3289290,Piauí
2023,1,PI,RGF-Anexo 01,DespesaComPessoalAtivoBruta,Pessoal Ativo,<MR-10>,399810994.93,3289290,Piauí
2023,1,PI,RGF-Anexo 01,DespesaComPessoalAtivoBruta,Pessoal Ativo,<MR-9>,401563703.11,3289290,Piauí
2023,1,PI,RGF-Anexo 01,DespesaComPessoalAtivoBruta,Pessoal Ativo,<MR-8>,395057910.87,3289290,Piauí
2023,1,PI,RGF-Anexo 01,DespesaComPessoalAtivoBruta,Pessoal Ativo,<MR-7>,401625790.91,3289290,Piauí
2023,1,PI,RGF-Anexo 01,DespesaComPessoalAtivoBruta,Pessoal Ativo,<MR-6>,438302961.41,3289290,Piauí
2023,1,PI,RGF-Anexo 01,DespesaComPessoalAtivoBruta,Pessoal Ativo,<MR-5>,294843341.66,3289290,Piauí
2023,1,PI,RGF-Anexo 01,DespesaComPessoalAtivoBruta,Pessoal Ativo,<MR-4>,869950066.55,3289290,Piauí
2023,1,PI,RGF-Anexo 01,DespesaComPessoalAtivoBruta,Pessoal Ativo,<MR-3>,348889336.94,3289290,Piauí
2023,1,PI,RGF-Anexo 01,DespesaComPessoalAtivoBruta,Pessoal Ativo,<MR-2>,471743071.36,3289290,Piauí
2023,1,PI,RGF-Anexo 01,DespesaComPessoalAtivoBruta,Pessoal Ativo,<MR-1>,416026366.66,3289290,Piauí
2023,1,PI,RGF-Anexo 01,DespesaComPessoalAtivoBruta,Pessoal Ativo,<MR>,432306549.1,3289290,Piauí
2023,1,PI,RGF-Anexo 01,DespesaComPessoalAtivoBruta,Pessoal Ativo,TOTAL (ÚLTIMOS 12 MESES) (a),5334825413.5,3289290,Piauí
2023,1,PI,RGF-Anexo 01,DespesaComPessoalInativoEPensionistasBruta,Pessoal Inativo e Pensionistas,<MR-11>,190240713.87,3289290,Piauí
2023,1,PI,RGF-Anexo 01,DespesaComPessoalInativoEPensionistasBruta,Pessoal Inativo e Pensionistas,<MR-10>,189326854.53,3289290,Piauí
2023,1,PI,RGF-Anexo 01,DespesaComPessoalInativoEPensionistasBruta,Pessoal Inativo e Pensionistas,<MR-9>,189246548.92,3289290,Piauí
2023,1,PI,RGF-Anexo 01,DespesaComPessoalInativoEPensionistasBruta,Pessoal Inativo e Pensionistas,<MR-8>,195034049.3,3289290,Piauí
2023,1,PI,RGF-Anexo 01,DespesaComPessoalInativoEPensionistasBruta,Pessoal Inativo e Pensionistas,<MR-7>,190336196.19,3289290,Piauí
2023,1,PI,RGF-Anexo 01,DespesaComPessoalInativoEPensionistasBruta,Pessoal Inativo e Pensionistas,<MR-6>,189241564.54,3289290,Piauí
2023,1,PI,RGF-Anexo 01,DespesaComPessoalInativoEPensionistasBruta,Pessoal Inativo e Pensionistas,<MR-5>,189133470.44,3289290,Piauí
2023,1,PI,RGF-Anexo 01,DespesaComPessoalInativoEPensionistasBruta,Pessoal Inativo e Pensionistas,<MR-4>,289212198.8,3289290,Piauí
2023,1,PI,RGF-Anexo 01,DespesaComPessoalInativoEPensionistasBruta,Pessoal Inativo e Pensionistas,<MR-3>,190785655.02,3289290,Piauí
2023,1,PI,RGF-Anexo 01,DespesaComPessoalInativoEPensionistasBruta,Pessoal Inativo e Pensionistas,<MR-2>,255872932.29,3289290,Piauí
2023,1,PI,RGF-Anexo 01,DespesaComPessoalInativoEPensionistasBruta,Pessoal Inativo e Pensionistas,<MR-1>,190317531.39,3289290,Piauí
2023,1,PI,RGF-Anexo 01,DespesaComPessoalInativoEPensionistasBruta,Pessoal Inativo e Pensionistas,<MR>,214985706.17,3289290,Piauí
2023,1,PI,RGF-Anexo 01,DespesaComPessoalInativoEPensionistasBruta,Pessoal Inativo e Pensionistas,TOTAL (ÚLTIMOS 12 MESES) (a),2473733421.46,3289290,Piauí
2023,1,PI,RGF-Anexo 01,DespesaComPessoalLiquida,DESPESA LÍQUIDA COM PESSOAL (III) = (I - II),<MR-11>,406393566.17,3289290,Piauí
2023,1,PI,RGF-Anexo 01,DespesaComPessoalLiquida,DESPESA LÍQUIDA COM PESSOAL (III) = (I - II),<MR-10>,434507209.71,3289290,Piauí
2023,1,PI,RGF-Anexo 01,DespesaComPessoalLiquida,DESPESA LÍQUIDA COM PESSOAL (III) = (I - II),<MR-9>,431496385.36,3289290,Piauí
2023,1,PI,RGF-Anexo 01,DespesaComPessoalLiquida,DESPESA LÍQUIDA COM PESSOAL (III) = (I - II),<MR-8>,398335545.26,3289290,Piauí
2023,1,PI,RGF-Anexo 01,DespesaComPessoalLiquida,DESPESA LÍQUIDA COM PESSOAL (III) = (I - II),<MR-7>,489777409.25,3289290,Piauí
2023,1,PI,RGF-Anexo 01,DespesaComPessoalLiquida,DESPESA LÍQUIDA COM PESSOAL (III) = (I - II),<MR-6>,441583239.89,3289290,Piauí
2023,1,PI,RGF-Anexo 01,DespesaComPessoalLiquida,DESPESA LÍQUIDA COM PESSOAL (III) = (I - II),<MR-5>,493027792.44,3289290,Piauí
2023,1,PI,RGF-Anexo 01,DespesaComPessoalLiquida,DESPESA LÍQUIDA COM PESSOAL (III) = (I - II),<MR-4>,1123024810.05,3289290,Piauí
2023,1,PI,RGF-Anexo 01,DespesaComPessoalLiquida,DESPESA LÍQUIDA COM PESSOAL (III) = (I - II),<MR-3>,354246753.57,3289290,Piauí
2023,1,PI,RGF-Anexo 01,DespesaComPessoalLiquida,DESPESA LÍQUIDA COM PESSOAL (III) = (I - II),<MR-2>,552997769.7,3289290,Piauí
2023,1,PI,RGF-Anexo 01,DespesaComPessoalLiquida,DESPESA LÍQUIDA COM PESSOAL (III) = (I - II),<MR-1>,427504266.15,3289290,Piauí
2023,1,PI,RGF-Anexo 01,DespesaComPessoalLiquida,DESPESA LÍQUIDA COM PESSOAL (III) = (I - II),<MR>,426625873.62,3289290,Piauí
2023,1,PI,RGF-Anexo 01,DespesaComPessoalLiquida,DESPESA LÍQUIDA COM PESSOAL (III) = (I - II),TOTAL (ÚLTIMOS 12 MESES) (a),5979520621.17,3289290,Piauí
2023,1,PI,RGF-Anexo 01,ReceitaCorrenteLiquidaLimiteLegal,RECEITA CORRENTE LIQUIDA - RCL (IV),Valor,13910531336.67,3289290,Piauí
2023,1,PI,RGF-Anexo 01,DespesaComPessoalTotal,DESPESA TOTAL COM PESSOAL - DTP (VIII) = (IIIa + IIIb),Valor,5979520621.17,3289290,Piauí
2023,1,PI,RGF-Anexo 01,DespesaComPessoalTotal,DESPESA TOTAL COM PESSOAL - DTP (VIII) = (IIIa + IIIb),% sobre a RCL Ajustada,43.05,3289290,Piauí
2023,1,PI,RGF-Anexo 02,DividaConsolidada,DÍVIDA CONSOLIDADA - DC (I),SALDO DO EXERCÍCIO ANTERIOR,9067438865.9,3289290,Piauí
2023,1,PI,RGF-Anexo 02,DividaConsolidada,DÍVIDA CONSOLIDADA - DC (I),Até o 1º Quadrimestre,8741359826.39,3289290,Piauí
2023,1,PI,RGF-Anexo 02,DividaContratual,Dívida Contratual,SALDO DO EXERCÍCIO ANTERIOR,6779547635.99,3289290,Piauí
2023,1,PI,RGF-Anexo 02,DividaContratual,Dívida Contratual,Até o 1º Quadrimestre,6601730375.24,3289290,Piauí
2023,1,PI,RGF-Anexo 02,DividaConsolidadaLiquida,DÍVIDA CONSOLIDADA LÍQUIDA (DCL) (III) = (I - II),SALDO DO EXERCÍCIO ANTERIOR,6891399275.12,3289290,Piauí
2023,1,PI,RGF-Anexo 02,DividaConsolidadaLiquida,DÍVIDA CONSOLIDADA LÍQUIDA (DCL) (III) = (I - II),Até o 1º Quadrimestre,5314846055.66,3289290,Piauí
2023,2,PI,RGF-Anexo 01,DespesaComPessoalBruta,DESPESA BRUTA COM PESSOAL (I),<MR-11>,603738771.71,3289290,Piauí
2023,2,PI,RGF-Anexo 01,DespesaComPessoalBruta,DESPESA BRUTA COM PESSOAL (I),<MR-10>,638970437.44,3289290,Piauí
2023,2,PI,RGF-Anexo 01,DespesaComPessoalBruta,DESPESA BRUTA COM PESSOAL (I),<MR-9>,495382193.7,3289290,Piauí
2023,2,PI,RGF-Anexo 01,DespesaComPessoalBruta,DESPESA BRUTA COM PESSOAL (I),<MR-8>,1261297656.15,3289290,Piauí
2023,2,PI,RGF-Anexo 01,DespesaComPessoalBruta,DESPESA BRUTA COM PESSOAL (I),<MR-7>,551516520.67,3289290,Piauí
2023,2,PI,RGF-Anexo 01,DespesaComPessoalBruta,DESPESA BRUTA COM PESSOAL (I),<MR-6>,742425746.3,3289290,Piauí
2023,2,PI,RGF-Anexo 01,DespesaComPessoalBruta,DESPESA BRUTA COM PESSOAL (I),<MR-5>,618469907.81,3289290,Piauí
2023,2,PI,RGF-Anexo 01,DespesaComPessoalBruta,DESPESA BRUTA COM PESSOAL (I),<MR-4>,659842767.91,3289290,Piauí
2023,2,PI,RGF-Anexo 01,DespesaComPessoalBruta,DESPESA BRUTA COM PESSOAL (I),<MR-3>,631101840.2,3289290,Piauí
2023,2,PI,RGF-Anexo 01,DespesaComPessoalBruta,DESPESA BRUTA COM PESSOAL (I),<MR-2>,682211625.05,3289290,Piauí
2023,2,PI,RGF-Anexo 01,DespesaComPessoalBruta,DESPESA BRUTA COM PESSOAL (I),<MR-1>,820961071.44,3289290,Piauí
2023,2,PI,RGF-Anexo 01,DespesaComPessoalBruta,DESPESA BRUTA COM PESSOAL (I),<MR>,683701664.22,3289290,Piauí
2023,2,PI,RGF-Anexo 01,DespesaComPessoalBruta,DESPESA BRUTA COM PESSOAL (I),TOTAL (ÚLTIMOS 12 MESES) (a),8389620202.6,3289290,Piauí
2023,2,PI,RGF-Anexo 01,DespesaComPessoalAtivoBruta,Pessoal Ativo,<MR-11>,401625790.91,3289290,Piauí
2023,2,PI,RGF-Anexo 01,DespesaComPessoalAtivoBruta,Pessoal Ativo,<MR-10>,438302961.41,3289290,Piauí
2023,2,PI,RGF-Anexo 01,DespesaComPessoalAtivoBruta,Pessoal Ativo,<MR-9>,294843341.66,3289290,Piauí
2023,2,PI,RGF-Anexo 01,DespesaComPessoalAtivoBruta,Pessoal Ativo,<MR-8>,869950066.55,3289290,Piauí
2023,2,PI,RGF-Anexo 01,DespesaComPessoalAtivoBruta,Pessoal Ativo,<MR-7>,348889336.94,3289290,Piauí
2023,2,PI,RGF-Anexo 01,DespesaComPessoalAtivoBruta,Pessoal Ativo,<MR-6>,471743071.36,3289290,Piauí
2023,2,PI,RGF-Anexo 01,DespesaComPessoalAtivoBruta,Pessoal Ativo,<MR-5>,416026366.66,3289290,Piauí
2023,2,PI,RGF-Anexo 01,DespesaComPessoalAtivoBruta,Pessoal Ativo,<MR-4>,432306549.1,3289290,Piauí
2023,2,PI,RGF-Anexo 01,DespesaComPessoalAtivoBruta,Pessoal Ativo,<MR-3>,416233486.12,3289290,Piauí
2023,2,PI,RGF-Anexo 01,DespesaComPessoalAtivoBruta,Pessoal Ativo,<MR-2>,467683257.64,3289290,Piauí
2023,2,PI,RGF-Anexo 01,DespesaComPessoalAtivoBruta,Pessoal Ativo,<MR-1>,545086320.93,3289290,Piauí
2023,2,PI,RGF-Anexo 01,DespesaComPessoalAtivoBruta,Pessoal Ativo,<MR>,464126985.11,3289290,Piauí
2023,2,PI,RGF-Anexo 01,DespesaComPessoalAtivoBruta,Pessoal Ativo,TOTAL (ÚLTIMOS 12 MESES) (a),5566817534.39,3289290,Piauí
2023,2,PI,RGF-Anexo 01,DespesaComPessoalInativoEPensionistasBruta,Pessoal Inativo e Pensionistas,<MR-11>,190336196.19,3289290,Piauí
2023,2,PI,RGF-Anexo 01,DespesaComPessoalInativoEPensionistasBruta,Pessoal Inativo e Pensionistas,<MR-10>,189241564.54,3289290,Piauí
2023,2,PI,RGF-Anexo 01,DespesaComPessoalInativoEPensionistasBruta,Pessoal Inativo e Pensionistas,<MR-9>,189133470.44,3289290,Piauí
2023,2,PI,RGF-Anexo 01,DespesaComPessoalInativoEPensionistasBruta,Pessoal Inativo e Pensionistas,<MR-8>,289212198.8,3289290,Piauí
2023,2,PI,RGF-Anexo 01,DespesaComPessoalInativoEPensionistasBruta,Pessoal Inativo e Pensionistas,<MR-7>,190785655.02,3289290,Piauí
2023,2,PI,RGF-Anexo 01,DespesaComPessoalInativoEPensionistasBruta,Pessoal Inativo e Pensionistas,<MR-6>,255872932.29,3289290,Piauí
2023,2,PI,RGF-Anexo 01,DespesaComPessoalInativoEPensionistasBruta,Pessoal Inativo e Pensionistas,<MR-5>,190317531.39,3289290,Piauí
2023,2,PI,RGF-Anexo 01,DespesaComPessoalInativoEPensionistasBruta,Pessoal Inativo e Pensionistas,<MR-4>,214985706.17,3289290,Piauí
2023,2,PI,RGF-Anexo 01,DespesaComPessoalInativoEPensionistasBruta,Pessoal Inativo e Pensionistas,<MR-3>,199047956.31,3289290,Piauí
2023,2,PI,RGF-Anexo 01,DespesaComPessoalInativoEPensionistasBruta,Pessoal Inativo e Pensionistas,<MR-2>,199271740.19,3289290,Piauí
2023,2,PI,RGF-Anexo 01,DespesaComPessoalInativoEPensionistasBruta,Pessoal Inativo e Pensionistas,<MR-1>,257107955.52,3289290,Piauí
2023,2,PI,RGF-Anexo 01,DespesaComPessoalInativoEPensionistasBruta,Pessoal Inativo e Pensionistas,<MR>,201758474.27,3289290,Piauí
2023,2,PI,RGF-Anexo 01,DespesaComPessoalInativoEPensionistasBruta,Pessoal Inativo e Pensionistas,TOTAL (ÚLTIMOS 12 MESES) (a),2567071381.13,3289290,Piauí
2023,2,PI,RGF-Anexo 01,DespesaComPessoalLiquida,DESPESA LÍQUIDA COM PESSOAL (III) = (I - II),<MR-11>,489774295.28,3289290,Piauí
2023,2,PI,RGF-Anexo 01,DespesaComPessoalLiquida,DESPESA LÍQUIDA COM PESSOAL (III) = (I - II),<MR-10>,441583239.89,3289290,Piauí
2023,2,PI,RGF-Anexo 01,DespesaComPessoalLiquida,DESPESA LÍQUIDA COM PESSOAL (III) = (I - II),<MR-9>,493028359.2,3289290,Piauí
2023,2,PI,RGF-Anexo 01,DespesaComPessoalLiquida,DESPESA LÍQUIDA COM PESSOAL (III) = (I - II),<MR-8>,1161018765.5,3289290,Piauí
2023,2,PI,RGF-Anexo 01,DespesaComPessoalLiquida,DESPESA LÍQUIDA COM PESSOAL (III) = (I - II),<MR-7>,354298388.95,3289290,Piauí
2023,2,PI,RGF-Anexo 01,DespesaComPessoalLiquida,DESPESA LÍQUIDA COM PESSOAL (III) = (I - II),<MR-6>,553002284.87,3289290,Piauí
2023,2,PI,RGF-Anexo 01,DespesaComPessoalLiquida,DESPESA LÍQUIDA COM PESSOAL (III) = (I - II),<MR-5>,427530362.15,3289290,Piauí
2023,2,PI,RGF-Anexo 01,DespesaComPessoalLiquida,DESPESA LÍQUIDA COM PESSOAL (III) = (I - II),<MR-4>,426101356.08,3289290,Piauí
2023,2,PI,RGF-Anexo 01,DespesaComPessoalLiquida,DESPESA LÍQUIDA COM PESSOAL (III) = (I - II),<MR-3>,431812896.44,3289290,Piauí
2023,2,PI,RGF-Anexo 01,DespesaComPessoalLiquida,DESPESA LÍQUIDA COM PESSOAL (III) = (I - II),<MR-2>,439839903.01,3289290,Piauí
2023,2,PI,RGF-Anexo 01,DespesaComPessoalLiquida,DESPESA LÍQUIDA COM PESSOAL (III) = (I - II),<MR-1>,528879656.22,3289290,Piauí
2023,2,PI,RGF-Anexo 01,DespesaComPessoalLiquida,DESPESA LÍQUIDA COM PESSOAL (III) = (I - II),<MR>,457450231.38,3289290,Piauí
2023,2,PI,RGF-Anexo 01,DespesaComPessoalLiquida,DESPESA LÍQUIDA COM PESSOAL (III) = (I - II),TOTAL (ÚLTIMOS 12 MESES) (a),6204319738.97,3289290,Piauí
2023,2,PI,RGF-Anexo 01,ReceitaCorrenteLiquidaLimiteLegal,RECEITA CORRENTE LIQUIDA - RCL (IV),Valor,14542537344.71,3289290,Piauí
2023,2,PI,RGF-Anexo 01,DespesaComPessoalTotal,DESPESA TOTAL COM PESSOAL - DTP (VIII) = (IIIa + IIIb),Valor,6204319738.97,3289290,Piauí
2023,2,PI,RGF-Anexo 01,DespesaComPessoalTotal,DESPESA TOTAL COM PESSOAL - DTP (VIII) = (IIIa + IIIb),% sobre a RCL Ajustada,42.74,3289290,Piauí
2023,2,PI,RGF-Anexo 02,DividaConsolidada,DÍVIDA CONSOLIDADA - DC (I),SALDO DO EXERCÍCIO ANTERIOR,9067438865.9,3289290,Piauí
2023,2,PI,RGF-Anexo 02,DividaConsolidada,DÍVIDA CONSOLIDADA - DC (I),Até o 1º Quadrimestre,8741359826.39,3289290,Piauí
2023,2,PI,RGF-Anexo 02,DividaConsolidada,DÍVIDA CONSOLIDADA - DC (I),Até o 2º Quadrimestre,10166991568.69,3289290,Piauí
2023,2,PI,RGF-Anexo 02,DividaContratual,Dívida Contratual,SALDO DO EXERCÍCIO ANTERIOR,6779547635.99,3289290,Piauí
2023,2,PI,RGF-Anexo 02,DividaContratual,Dívida Contratual,Até o 1º Quadrimestre,6601730375.24,3289290,Piauí
2023,2,PI,RGF-Anexo 02,DividaContratual,Dívida Contratual,Até o 2º Quadrimestre,8037472691.78,3289290,Piauí
2023,2,PI,RGF-Anexo 02,DividaConsolidadaLiquida,DÍVIDA CONSOLIDADA LÍQUIDA (DCL) (III) = (I - II),SALDO DO EXERCÍCIO ANTERIOR,6891399275.12,3289290,Piauí
2023,2,PI,RGF-Anexo 02,DividaConsolidadaLiquida,DÍVIDA CONSOLIDADA LÍQUIDA (DCL) (III) = (I - II),Até o 1º Quadrimestre,5314846055.66,3289290,Piauí
2023,2,PI,RGF-Anexo 02,DividaConsolidadaLiquida,DÍVIDA CONSOLIDADA LÍQUIDA (DCL) (III) = (I - II),Até o 2º Quadrimestre,4674611546.76,3289290,Piauí
2023,3,PI,RGF-Anexo 01,DespesaComPessoalBruta,DESPESA BRUTA COM PESSOAL (I),<MR-11>,551102670.36,3289290,Piauí
2023,3,PI,RGF-Anexo 01,DespesaComPessoalBruta,DESPESA BRUTA COM PESSOAL (I),<MR-10>,741868749.92,3289290,Piauí
2023,3,PI,RGF-Anexo 01,DespesaComPessoalBruta,DESPESA BRUTA COM PESSOAL (I),<MR-9>,618461592.97,3289290,Piauí
2023,3,PI,RGF-Anexo 01,DespesaComPessoalBruta,DESPESA BRUTA COM PESSOAL (I),<MR-8>,659813042.22,3289290,Piauí
2023,3,PI,RGF-Anexo 01,DespesaComPessoalBruta,DESPESA BRUTA COM PESSOAL (I),<MR-7>,631076856.68,3289290,Piauí
2023,3,PI,RGF-Anexo 01,DespesaComPessoalBruta,DESPESA BRUTA COM PESSOAL (I),<MR-6>,682173684.37,3289290,Piauí
2023,3,PI,RGF-Anexo 01,DespesaComPessoalBruta,DESPESA BRUTA COM PESSOAL (I),<MR-5>,820961071.44,3289290,Piauí
2023,3,PI,RGF-Anexo 01,DespesaComPessoalBruta,DESPESA BRUTA COM PESSOAL (I),<MR-4>,683322319.95,3289290,Piauí
2023,3,PI,RGF-Anexo 01,DespesaComPessoalBruta,DESPESA BRUTA COM PESSOAL (I),<MR-3>,644059965.68,3289290,Piauí
2023,3,PI,RGF-Anexo 01,DespesaComPessoalBruta,DESPESA BRUTA COM PESSOAL (I),<MR-2>,679853567.28,3289290,Piauí
2023,3,PI,RGF-Anexo 01,DespesaComPessoalBruta,DESPESA BRUTA COM PESSOAL (I),<MR-1>,656676811.21,3289290,Piauí
2023,3,PI,RGF-Anexo 01,DespesaComPessoalBruta,DESPESA BRUTA COM PESSOAL (I),<MR>,1132356804.3,3289290,Piauí
2023,3,PI,RGF-Anexo 01,DespesaComPessoalBruta,DESPESA BRUTA COM PESSOAL (I),TOTAL (ÚLTIMOS 12 MESES) (a),8501727136.38,3289290,Piauí
2023,3,PI,RGF-Anexo 01,DespesaComPessoalBruta,DESPESA BRUTA COM PESSOAL (I),INSCRITAS EM RESTOS A PAGAR NÃO PROCESSADOS (b),1319345.09,3289290,Piauí
2023,3,PI,RGF-Anexo 01,DespesaComPessoalAtivoBruta,Pessoal Ativo,<MR-11>,348889336.94,3289290,Piauí
2023,3,PI,RGF-Anexo 01,DespesaComPessoalAtivoBruta,Pessoal Ativo,<MR-10>,471743071.36,3289290,Piauí
2023,3,PI,RGF-Anexo 01,DespesaComPessoalAtivoBruta,Pessoal Ativo,<MR-9>,416045328.07,3289290,Piauí
2023,3,PI,RGF-Anexo 01,DespesaComPessoalAtivoBruta,Pessoal Ativo,<MR-8>,432306549.1,3289290,Piauí
2023,3,PI,RGF-Anexo 01,DespesaComPessoalAtivoBruta,Pessoal Ativo,<MR-7>,416236649.27,3289290,Piauí
2023,3,PI,RGF-Anexo 01,DespesaComPessoalAtivoBruta,Pessoal Ativo,<MR-6>,467683257.64,3289290,Piauí
2023,3,PI,RGF-Anexo 01,DespesaComPessoalAtivoBruta,Pessoal Ativo,<MR-5>,545086320.93,3289290,Piauí
2023,3,PI,RGF-Anexo 01,DespesaComPessoalAtivoBruta,Pessoal Ativo,<MR-4>,464165165.11,3289290,Piauí
2023,3,PI,RGF-Anexo 01,DespesaComPessoalAtivoBruta,Pessoal Ativo,<MR-3>,425537255.21,3289290,Piauí
2023,3,PI,RGF-Anexo 01,DespesaComPessoalAtivoBruta,Pessoal Ativo,<MR-2>,456080101.96,3289290,Piauí
2023,3,PI,RGF-Anexo 01,DespesaComPessoalAtivoBruta,Pessoal Ativo,<MR-1>,426306399.68,3289290,Piauí
2023,3,PI,RGF-Anexo 01,DespesaComPessoalAtivoBruta,Pessoal Ativo,<MR>,775638097.5,3289290,Piauí
2023,3,PI,RGF-Anexo 01,DespesaComPessoalAtivoBruta,Pessoal Ativo,TOTAL (ÚLTIMOS 12 MESES) (a),5645717532.77,3289290,Piauí
2023,3,PI,RGF-Anexo 01,DespesaComPessoalAtivoBruta,Pessoal Ativo,INSCRITAS EM RESTOS A PAGAR NÃO PROCESSADOS (b),1298650.45,3289290,Piauí
2023,3,PI,RGF-Anexo 01,DespesaComPessoalInativoEPensionistasBruta,Pessoal Inativo e Pensionistas,<MR-11>,190785655.02,3289290,Piauí
2023,3,PI,RGF-Anexo 01,DespesaComPessoalInativoEPensionistasBruta,Pessoal Inativo e Pensionistas,<MR-10>,255872932.29,3289290,Piauí
2023,3,PI,RGF-Anexo 01,DespesaComPessoalInativoEPensionistasBruta,Pessoal Inativo e Pensionistas,<MR-9>,190317531.39,3289290,Piauí
2023,3,PI,RGF-Anexo 01,DespesaComPessoalInativoEPensionistasBruta,Pessoal Inativo e Pensionistas,<MR-8>,214985706.17,3289290,Piauí
2023,3,PI,RGF-Anexo 01,DespesaComPessoalInativoEPensionistasBruta,Pessoal Inativo e Pensionistas,<MR-7>,199047956.31,3289290,Piauí
2023,3,PI,RGF-Anexo 01,DespesaComPessoalInativoEPensionistasBruta,Pessoal Inativo e Pensionistas,<MR-6>,199271740.19,3289290,Piauí
2023,3,PI,RGF-Anexo 01,DespesaComPessoalInativoEPensionistasBruta,Pessoal Inativo e Pensionistas,<MR-5>,257107955.52,3289290,Piauí
2023,3,PI,RGF-Anexo 01,DespesaComPessoalInativoEPensionistasBruta,Pessoal Inativo e Pensionistas,<MR-4>,201758474.27,3289290,Piauí
2023,3,PI,RGF-Anexo 01,DespesaComPessoalInativoEPensionistasBruta,Pessoal Inativo e Pensionistas,<MR-3>,201608686.26,3289290,Piauí
2023,3,PI,RGF-Anexo 01,DespesaComPessoalInativoEPensionistasBruta,Pessoal Inativo e Pensionistas,<MR-2>,202187817.7,3289290,Piauí
2023,3,PI,RGF-Anexo 01,DespesaComPessoalInativoEPensionistasBruta,Pessoal Inativo e Pensionistas,<MR-1>,201940267.47,3289290,Piauí
2023,3,PI,RGF-Anexo 01,DespesaComPessoalInativoEPensionistasBruta,Pessoal Inativo e Pensionistas,<MR>,301970504.1,3289290,Piauí
2023,3,PI,RGF-Anexo 01,DespesaComPessoalInativoEPensionistasBruta,Pessoal Inativo e Pensionistas,TOTAL (ÚLTIMOS 12 MESES) (a),2616855226.69,3289290,Piauí
2023,3,PI,RGF-Anexo 01,DespesaComPessoalInativoEPensionistasBruta,Pessoal Inativo e Pensionistas,INSCRITAS EM RESTOS A PAGAR NÃO PROCESSADOS (b),20694.64,3289290,Piauí
2023,3,PI,RGF-Anexo 01,DespesaComPessoalLiquida,DESPESA LÍQUIDA COM PESSOAL (III) = (I - II),<MR-11>,353780042.18,3289290,Piauí
2023,3,PI,RGF-Anexo 01,DespesaComPessoalLiquida,DESPESA LÍQUIDA COM PESSOAL (III) = (I - II),<MR-10>,547813256.04,3289290,Piauí
2023,3,PI,RGF-Anexo 01,DespesaComPessoalLiquida,DESPESA LÍQUIDA COM PESSOAL (III) = (I - II),<MR-9>,425047672.18,3289290,Piauí
2023,3,PI,RGF-Anexo 01,DespesaComPessoalLiquida,DESPESA LÍQUIDA COM PESSOAL (III) = (I - II),<MR-8>,425771816.0,3289290,Piauí
2023,3,PI,RGF-Anexo 01,DespesaComPessoalLiquida,DESPESA LÍQUIDA COM PESSOAL (III) = (I - II),<MR-7>,431678697.33,3289290,Piauí
2023,3,PI,RGF-Anexo 01,DespesaComPessoalLiquida,DESPESA LÍQUIDA COM PESSOAL (III) = (I - II),<MR-6>,439712396.94,3289290,Piauí
2023,3,PI,RGF-Anexo 01,DespesaComPessoalLiquida,DESPESA LÍQUIDA COM PESSOAL (III) = (I - II),<MR-5>,528851889.24,3289290,Piauí
2023,3,PI,RGF-Anexo 01,DespesaComPessoalLiquida,DESPESA LÍQUIDA COM PESSOAL (III) = (I - II),<MR-4>,457046710.04,3289290,Piauí
2023,3,PI,RGF-Anexo 01,DespesaComPessoalLiquida,DESPESA LÍQUIDA COM PESSOAL (III) = (I - II),<MR-3>,642792572.33,3289290,Piauí
2023,3,PI,RGF-Anexo 01,DespesaComPessoalLiquida,DESPESA LÍQUIDA COM PESSOAL (III) = (I - II),<MR-2>,678958460.6,3289290,Piauí
2023,3,PI,RGF-Anexo 01,DespesaComPessoalLiquida,DESPESA LÍQUIDA COM PESSOAL (III) = (I - II),<MR-1>,470555238.73,3289290,Piauí
2023,3,PI,RGF-Anexo 01,DespesaComPessoalLiquida,DESPESA LÍQUIDA COM PESSOAL (III) = (I - II),<MR>,760491674.76,3289290,Piauí
2023,3,PI,RGF-Anexo 01,DespesaComPessoalLiquida,DESPESA LÍQUIDA COM PESSOAL (III) = (I - II),TOTAL (ÚLTIMOS 12 MESES) (a),6162500426.37,3289290,Piauí
2023,3,PI,RGF-Anexo 01,DespesaComPessoalLiquida,DESPESA LÍQUIDA COM PESSOAL (III) = (I - II),INSCRITAS EM RESTOS A PAGAR NÃO PROCESSADOS (b),1280921.63,3289290,Piauí
2023,3,PI,RGF-Anexo 01,ReceitaCorrenteLiquidaLimiteLegal,RECEITA CORRENTE LIQUIDA - RCL (IV),Valor,15380829481.76,3289290,Piauí
2023,3,PI,RGF-Anexo 01,DespesaComPessoalTotal,DESPESA TOTAL COM PESSOAL - DTP (VIII) = (IIIa + IIIb),Valor,6163781348.0,3289290,Piauí
2023,3,PI,RGF-Anexo 01,DespesaComPessoalTotal,DESPESA TOTAL COM PESSOAL - DTP (VIII) = (IIIa + IIIb),% sobre a RCL Ajustada,40.15,3289290,Piauí
2023,3,PI,RGF-Anexo 02,DividaConsolidada,DÍVIDA CONSOLIDADA - DC (I),SALDO DO EXERCÍCIO ANTERIOR,9067438865.9,3289290,Piauí
2023,3,PI,RGF-Anexo 02,DividaConsolidada,DÍVIDA CONSOLIDADA - DC (I),Até o 1º Quadrimestre,8741359826.39,3289290,Piauí
2023,3,PI,RGF-Anexo 02,DividaConsolidada,DÍVIDA CONSOLIDADA - DC (I),Até o 2º Quadrimestre,10166991568.69,3289290,Piauí
2023,3,PI,RGF-Anexo 02,DividaConsolidada,DÍVIDA CONSOLIDADA - DC (I),Até o 3º Quadrimestre,10502539880.0,3289290,Piauí
2023,3,PI,RGF-Anexo 02,DividaContratual,Dívida Contratual,SALDO DO EXERCÍCIO ANTERIOR,6779547635.99,3289290,Piauí
2023,3,PI,RGF-Anexo 02,DividaContratual,Dívida Contratual,Até o 1º Quadrimestre,6601730375.24,3289290,Piauí
2023,3,PI,RGF-Anexo 02,DividaContratual,Dívida Contratual,Até o 2º Quadrimestre,8037472691.78,3289290,Piauí
2023,3,PI,RGF-Anexo 02,DividaContratual,Dívida Contratual,Até o 3º Quadrimestre,8259689245.01,3289290,Piauí
2023,3,PI,RGF-Anexo 02,DividaConsolidadaLiquida,DÍVIDA CONSOLIDADA LÍQUIDA (DCL) (III) = (I - II),SALDO DO EXERCÍCIO ANTERIOR,6891399275.12,3289290,Piauí
2023,3,PI,RGF-Anexo 02,DividaConsolidadaLiquida,DÍVIDA CONSOLIDADA LÍQUIDA (DCL) (III) = (I - II),Até o 1º Quadrimestre,5314846055.66,3289290,Piauí
2023,3,PI,RGF-Anexo 02,DividaConsolidadaLiquida,DÍVIDA CONSOLIDADA LÍQUIDA (DCL) (III) = (I - II),Até o 2º Quadrimestre,4674611546.76,3289290,Piauí
2023,3,PI,RGF-Anexo 02,DividaConsolidadaLiquida,DÍVIDA CONSOLIDADA LÍQUIDA (DCL) (III) = (I - II),Até o 3º Quadrimestre,7236756157.34,3289290,Piauí
2024,1,PI,RGF-Anexo 01,DespesaComPessoalBruta,DESPESA BRUTA COM PESSOAL (I),<MR-11>,631076856.68,3270174,Piauí
2024,1,PI,RGF-Anexo 01,DespesaComPessoalBruta,DESPESA BRUTA COM PESSOAL (I),<MR-10>,682173684.37,3270174,Piauí
2024,1,PI,RGF-Anexo 01,DespesaComPessoalBruta,DESPESA BRUTA COM PESSOAL (I),<MR-9>,820961071.44,3270174,Piauí
2024,1,PI,RGF-Anexo 01,DespesaComPessoalBruta,DESPESA BRUTA COM PESSOAL (I),<MR-8>,683322319.95,3270174,Piauí
2024,1,PI,RGF-Anexo 01,DespesaComPessoalBruta,DESPESA BRUTA COM PESSOAL (I),<MR-7>,644059965.68,3270174,Piauí
2024,1,PI,RGF-Anexo 01,DespesaComPessoalBruta,DESPESA BRUTA COM PESSOAL (I),<MR-6>,679853567.28,3270174,Piauí
2024,1,PI,RGF-Anexo 01,DespesaComPessoalBruta,DESPESA BRUTA COM PESSOAL (I),<MR-5>,656676811.21,3270174,Piauí
2024,1,PI,RGF-Anexo 01,DespesaComPessoalBruta,DESPESA BRUTA COM PESSOAL (I),<MR-4>,1137604023.26,3270174,Piauí
2024,1,PI,RGF-Anexo 01,DespesaComPessoalBruta,DESPESA BRUTA COM PESSOAL (I),<MR-3>,654720060.78,3270174,Piauí
2024,1,PI,RGF-Anexo 01,DespesaComPessoalBruta,DESPESA BRUTA COM PESSOAL (I),<MR-2>,699403488.82,3270174,Piauí
2024,1,PI,RGF-Anexo 01,DespesaComPessoalBruta,DESPESA BRUTA COM PESSOAL (I),<MR-1>,783279586.56,3270174,Piauí
2024,1,PI,RGF-Anexo 01,DespesaComPessoalBruta,DESPESA BRUTA COM PESSOAL (I),<MR>,705505111.17,3270174,Piauí
2024,1,PI,RGF-Anexo 01,DespesaComPessoalBruta,DESPESA BRUTA COM PESSOAL (I),TOTAL (ÚLTIMOS 12 MESES) (a),8778636547.2,3270174,Piauí
2024,1,PI,RGF-Anexo 01,DespesaComPessoalAtivoBruta,Pessoal Ativo,<MR-11>,416236649.27,3270174,Piauí
2024,1,PI,RGF-Anexo 01,DespesaComPessoalAtivoBruta,Pessoal Ativo,<MR-10>,467683257.64,3270174,Piauí
2024,1,PI,RGF-Anexo 01,DespesaComPessoalAtivoBruta,Pessoal Ativo,<MR-9>,545086320.93,3270174,Piauí
2024,1,PI,RGF-Anexo 01,DespesaComPessoalAtivoBruta,Pessoal Ativo,<MR-8>,464165165.11,3270174,Piauí
2024,1,PI,RGF-Anexo 01,DespesaComPessoalAtivoBruta,Pessoal Ativo,<MR-7>,425537255.21,3270174,Piauí
2024,1,PI,RGF-Anexo 01,DespesaComPessoalAtivoBruta,Pessoal Ativo,<MR-6>,456080101.96,3270174,Piauí
2024,1,PI,RGF-Anexo 01,DespesaComPessoalAtivoBruta,Pessoal Ativo,<MR-5>,426306399.68,3270174,Piauí
2024,1,PI,RGF-Anexo 01,DespesaComPessoalAtivoBruta,Pessoal Ativo,<MR-4>,775638097.5,3270174,Piauí
2024,1,PI,RGF-Anexo 01,DespesaComPessoalAtivoBruta,Pessoal Ativo,<MR-3>,421710353.79,3270174,Piauí
2024,1,PI,RGF-Anexo 01,DespesaComPessoalAtivoBruta,Pessoal Ativo,<MR-2>,467754317.0,3270174,Piauí
2024,1,PI,RGF-Anexo 01,DespesaComPessoalAtivoBruta,Pessoal Ativo,<MR-1>,490938706.22,3270174,Piauí
2024,1,PI,RGF-Anexo 01,DespesaComPessoalAtivoBruta,Pessoal Ativo,<MR>,471612485.76,3270174,Piauí
2024,1,PI,RGF-Anexo 01,DespesaComPessoalAtivoBruta,Pessoal Ativo,TOTAL (ÚLTIMOS 12 MESES) (a),5828749110.07,3270174,Piauí
2024,1,PI,RGF-Anexo 01,DespesaComPessoalInativoEPensionistasBruta,Pessoal Inativo e Pensionistas,<MR-11>,199047956.31,3270174,Piauí
2024,1,PI,RGF-Anexo 01,DespesaComPessoalInativoEPensionistasBruta,Pessoal Inativo e Pensionistas,<MR-10>,199271740.19,3270174,Piauí
2024,1,PI,RGF-Anexo 01,DespesaComPessoalInativoEPensionistasBruta,Pessoal Inativo e Pensionistas,<MR-9>,257107955.52,3270174,Piauí
2024,1,PI,RGF-Anexo 01,DespesaComPessoalInativoEPensionistasBruta,Pessoal Inativo e Pensionistas,<MR-8>,201758474.27,3270174,Piauí
2024,1,PI,RGF-Anexo 01,DespesaComPessoalInativoEPensionistasBruta,Pessoal Inativo e Pensionistas,<MR-7>,201608686.26,3270174,Piauí
2024,1,PI,RGF-Anexo 01,DespesaComPessoalInativoEPensionistasBruta,Pessoal Inativo e Pensionistas,<MR-6>,202187817.7,3270174,Piauí
2024,1,PI,RGF-Anexo 01,DespesaComPessoalInativoEPensionistasBruta,Pessoal Inativo e Pensionistas,<MR-5>,201940267.47,3270174,Piauí
2024,1,PI,RGF-Anexo 01,DespesaComPessoalInativoEPensionistasBruta,Pessoal Inativo e Pensionistas,<MR-4>,301970504.1,3270174,Piauí
2024,1,PI,RGF-Anexo 01,DespesaComPessoalInativoEPensionistasBruta,Pessoal Inativo e Pensionistas,<MR-3>,205741121.71,3270174,Piauí
2024,1,PI,RGF-Anexo 01,DespesaComPessoalInativoEPensionistasBruta,Pessoal Inativo e Pensionistas,<MR-2>,204403268.11,3270174,Piauí
2024,1,PI,RGF-Anexo 01,DespesaComPessoalInativoEPensionistasBruta,Pessoal Inativo e Pensionistas,<MR-1>,261774105.07,3270174,Piauí
2024,1,PI,RGF-Anexo 01,DespesaComPessoalInativoEPensionistasBruta,Pessoal Inativo e Pensionistas,<MR>,206346600.45,3270174,Piauí
2024,1,PI,RGF-Anexo 01,DespesaComPessoalInativoEPensionistasBruta,Pessoal Inativo e Pensionistas,TOTAL (ÚLTIMOS 12 MESES) (a),2643158497.16,3270174,Piauí
2024,1,PI,RGF-Anexo 01,DespesaComPessoalLiquida,DESPESA LÍQUIDA COM PESSOAL (III) = (I - II),<MR-11>,431603163.97,3270174,Piauí
2024,1,PI,RGF-Anexo 01,DespesaComPessoalLiquida,DESPESA LÍQUIDA COM PESSOAL (III) = (I - II),<MR-10>,434419318.79,3270174,Piauí
2024,1,PI,RGF-Anexo 01,DespesaComPessoalLiquida,DESPESA LÍQUIDA COM PESSOAL (III) = (I - II),<MR-9>,528819941.55,3270174,Piauí
2024,1,PI,RGF-Anexo 01,DespesaComPessoalLiquida,DESPESA LÍQUIDA COM PESSOAL (III) = (I - II),<MR-8>,441446864.92,3270174,Piauí
2024,1,PI,RGF-Anexo 01,DespesaComPessoalLiquida,DESPESA LÍQUIDA COM PESSOAL (III) = (I - II),<MR-7>,642418080.89,3270174,Piauí
2024,1,PI,RGF-Anexo 01,DespesaComPessoalLiquida,DESPESA LÍQUIDA COM PESSOAL (III) = (I - II),<MR-6>,671357860.17,3270174,Piauí
2024,1,PI,RGF-Anexo 01,DespesaComPessoalLiquida,DESPESA LÍQUIDA COM PESSOAL (III) = (I - II),<MR-5>,465338439.9,3270174,Piauí
2024,1,PI,RGF-Anexo 01,DespesaComPessoalLiquida,DESPESA LÍQUIDA COM PESSOAL (III) = (I - II),<MR-4>,761040975.75,3270174,Piauí
2024,1,PI,RGF-Anexo 01,DespesaComPessoalLiquida,DESPESA LÍQUIDA COM PESSOAL (III) = (I - II),<MR-3>,463248306.75,3270174,Piauí
2024,1,PI,RGF-Anexo 01,DespesaComPessoalLiquida,DESPESA LÍQUIDA COM PESSOAL (III) = (I - II),<MR-2>,493742928.28,3270174,Piauí
2024,1,PI,RGF-Anexo 01,DespesaComPessoalLiquida,DESPESA LÍQUIDA COM PESSOAL (III) = (I - II),<MR-1>,659617863.11,3270174,Piauí
2024,1,PI,RGF-Anexo 01,DespesaComPessoalLiquida,DESPESA LÍQUIDA COM PESSOAL (III) = (I - II),<MR>,581889425.73,3270174,Piauí
2024,1,PI,RGF-Anexo 01,DespesaComPessoalLiquida,DESPESA LÍQUIDA COM PESSOAL (III) = (I - II),TOTAL (ÚLTIMOS 12 MESES) (a),6574943169.81,3270174,Piauí
2024,1,PI,RGF-Anexo 01,ReceitaCorrenteLiquidaLimiteLegal,RECEITA CORRENTE LIQUIDA - RCL (IV),Valor,16190467843.71,3270174,Piauí
2024,1,PI,RGF-Anexo 01,DespesaComPessoalTotal,DESPESA TOTAL COM PESSOAL - DTP (VI) = (IIIa + IIIb),Valor,6574943169.81,3270174,Piauí
2024,1,PI,RGF-Anexo 01,DespesaComPessoalTotal,DESPESA TOTAL COM PESSOAL - DTP (VI) = (IIIa + IIIb),% sobre a RCL Ajustada,40.68,3270174,Piauí
2024,1,PI,RGF-Anexo 02,DividaConsolidada,DÍVIDA CONSOLIDADA - DC (I),SALDO DO EXERCÍCIO ANTERIOR,10502539880.0,3270174,Piauí
2024,1,PI,RGF-Anexo 02,DividaConsolidada,DÍVIDA CONSOLIDADA - DC (I),Até o 1º Quadrimestre,10526913987.61,3270174,Piauí
2024,1,PI,RGF-Anexo 02,DividaContratual,Dívida Contratual,SALDO DO EXERCÍCIO ANTERIOR,8259689245.01,3270174,Piauí
2024,1,PI,RGF-Anexo 02,DividaContratual,Dívida Contratual,Até o 1º Quadrimestre,8199656702.97,3270174,Piauí
2024,1,PI,RGF-Anexo 02,DividaConsolidadaLiquida,DÍVIDA CONSOLIDADA LÍQUIDA (DCL) (III) = (I - II),SALDO DO EXERCÍCIO ANTERIOR,7236756157.34,3270174,Piauí
2024,1,PI,RGF-Anexo 02,DividaConsolidadaLiquida,DÍVIDA CONSOLIDADA LÍQUIDA (DCL) (III) = (I - II),Até o 1º Quadrimestre,6690323334.2,3270174,Piauí
2024,2,PI,RGF-Anexo 01,DespesaComPessoalBruta,DESPESA BRUTA COM PESSOAL (I),<MR-11>,644059965.68,3270174,Piauí
2024,2,PI,RGF-Anexo 01,DespesaComPessoalBruta,DESPESA BRUTA COM PESSOAL (I),<MR-10>,679853567.28,3270174,Piauí
2024,2,PI,RGF-Anexo 01,DespesaComPessoalBruta,DESPESA BRUTA COM PESSOAL (I),<MR-9>,656676811.21,3270174,Piauí
2024,2,PI,RGF-Anexo 01,DespesaComPessoalBruta,DESPESA BRUTA COM PESSOAL (I),<MR-8>,1132356804.3,3270174,Piauí
2024,2,PI,RGF-Anexo 01,DespesaComPessoalBruta,DESPESA BRUTA COM PESSOAL (I),<MR-7>,654715222.61,3270174,Piauí
2024,2,PI,RGF-Anexo 01,DespesaComPessoalBruta,DESPESA BRUTA COM PESSOAL (I),<MR-6>,699403488.82,3270174,Piauí
2024,2,PI,RGF-Anexo 01,DespesaComPessoalBruta,DESPESA BRUTA COM PESSOAL (I),<MR-5>,782817364.06,3270174,Piauí
2024,2,PI,RGF-Anexo 01,DespesaComPessoalBruta,DESPESA BRUTA COM PESSOAL (I),<MR-4>,705502727.86,3270174,Piauí
2024,2,PI,RGF-Anexo 01,DespesaComPessoalBruta,DESPESA BRUTA COM PESSOAL (I),<MR-3>,728527554.26,3270174,Piauí
2024,2,PI,RGF-Anexo 01,DespesaComPessoalBruta,DESPESA BRUTA COM PESSOAL (I),<MR-2>,740716045.55,3270174,Piauí
2024,2,PI,RGF-Anexo 01,DespesaComPessoalBruta,DESPESA BRUTA COM PESSOAL (I),<MR-1>,848049282.24,3270174,Piauí
2024,2,PI,RGF-Anexo 01,DespesaComPessoalBruta,DESPESA BRUTA COM PESSOAL (I),<MR>,768990060.16,3270174,Piauí
2024,2,PI,RGF-Anexo 01,DespesaComPessoalBruta,DESPESA BRUTA COM PESSOAL (I),TOTAL (ÚLTIMOS 12 MESES) (a),9041668894.03,3270174,Piauí
2024,2,PI,RGF-Anexo 01,DespesaComPessoalAtivoBruta,Pessoal Ativo,<MR-11>,425537255.21,3270174,Piauí
2024,2,PI,RGF-Anexo 01,DespesaComPessoalAtivoBruta,Pessoal Ativo,<MR-10>,456080101.96,3270174,Piauí
2024,2,PI,RGF-Anexo 01,DespesaComPessoalAtivoBruta,Pessoal Ativo,<MR-9>,426306399.68,3270174,Piauí
2024,2,PI,RGF-Anexo 01,DespesaComPessoalAtivoBruta,Pessoal Ativo,<MR-8>,775638097.5,3270174,Piauí
2024,2,PI,RGF-Anexo 01,DespesaComPessoalAtivoBruta,Pessoal Ativo,<MR-7>,421710353.79,3270174,Piauí
2024,2,PI,RGF-Anexo 01,DespesaComPessoalAtivoBruta,Pessoal Ativo,<MR-6>,467754317.0,3270174,Piauí
2024,2,PI,RGF-Anexo 01,DespesaComPessoalAtivoBruta,Pessoal Ativo,<MR-5>,490938706.22,3270174,Piauí
2024,2,PI,RGF-Anexo 01,DespesaComPessoalAtivoBruta,Pessoal Ativo,<MR-4>,471612485.76,3270174,Piauí
2024,2,PI,RGF-Anexo 01,DespesaComPessoalAtivoBruta,Pessoal Ativo,<MR-3>,484777682.36,3270174,Piauí
2024,2,PI,RGF-Anexo 01,DespesaComPessoalAtivoBruta,Pessoal Ativo,<MR-2>,494458841.06,3270174,Piauí
2024,2,PI,RGF-Anexo 01,DespesaComPessoalAtivoBruta,Pessoal Ativo,<MR-1>,602576443.58,3270174,Piauí
2024,2,PI,RGF-Anexo 01,DespesaComPessoalAtivoBruta,Pessoal Ativo,<MR>,522678945.2,3270174,Piauí
2024,2,PI,RGF-Anexo 01,DespesaComPessoalAtivoBruta,Pessoal Ativo,TOTAL (ÚLTIMOS 12 MESES) (a),6040069629.32,3270174,Piauí
2024,2,PI,RGF-Anexo 01,DespesaComPessoalInativoEPensionistasBruta,Pessoal Inativo e Pensionistas,<MR-11>,201608686.26,3270174,Piauí
2024,2,PI,RGF-Anexo 01,DespesaComPessoalInativoEPensionistasBruta,Pessoal Inativo e Pensionistas,<MR-10>,202187817.7,3270174,Piauí
2024,2,PI,RGF-Anexo 01,DespesaComPessoalInativoEPensionistasBruta,Pessoal Inativo e Pensionistas,<MR-9>,201940267.47,3270174,Piauí
2024,2,PI,RGF-Anexo 01,DespesaComPessoalInativoEPensionistasBruta,Pessoal Inativo e Pensionistas,<MR-8>,301970504.1,3270174,Piauí
2024,2,PI,RGF-Anexo 01,DespesaComPessoalInativoEPensionistasBruta,Pessoal Inativo e Pensionistas,<MR-7>,205741121.71,3270174,Piauí
2024,2,PI,RGF-Anexo 01,DespesaComPessoalInativoEPensionistasBruta,Pessoal Inativo e Pensionistas,<MR-6>,204403268.11,3270174,Piauí
2024,2,PI,RGF-Anexo 01,DespesaComPessoalInativoEPensionistasBruta,Pessoal Inativo e Pensionistas,<MR-5>,261774105.07,3270174,Piauí
2024,2,PI,RGF-Anexo 01,DespesaComPessoalInativoEPensionistasBruta,Pessoal Inativo e Pensionistas,<MR-4>,206346600.45,3270174,Piauí
2024,2,PI,RGF-Anexo 01,DespesaComPessoalInativoEPensionistasBruta,Pessoal Inativo e Pensionistas,<MR-3>,213437078.22,3270174,Piauí
2024,2,PI,RGF-Anexo 01,DespesaComPessoalInativoEPensionistasBruta,Pessoal Inativo e Pensionistas,<MR-2>,214547680.15,3270174,Piauí
2024,2,PI,RGF-Anexo 01,DespesaComPessoalInativoEPensionistasBruta,Pessoal Inativo e Pensionistas,<MR-1>,213869302.58,3270174,Piauí
2024,2,PI,RGF-Anexo 01,DespesaComPessoalInativoEPensionistasBruta,Pessoal Inativo e Pensionistas,<MR>,214522878.74,3270174,Piauí
2024,2,PI,RGF-Anexo 01,DespesaComPessoalInativoEPensionistasBruta,Pessoal Inativo e Pensionistas,TOTAL (ÚLTIMOS 12 MESES) (a),2642349310.56,3270174,Piauí
2024,2,PI,RGF-Anexo 01,DespesaComPessoalLiquida,DESPESA LÍQUIDA COM PESSOAL (III) = (I - II),<MR-11>,642492021.38,3270174,Piauí
2024,2,PI,RGF-Anexo 01,DespesaComPessoalLiquida,DESPESA LÍQUIDA COM PESSOAL (III) = (I - II),<MR-10>,672135619.0,3270174,Piauí
2024,2,PI,RGF-Anexo 01,DespesaComPessoalLiquida,DESPESA LÍQUIDA COM PESSOAL (III) = (I - II),<MR-9>,465869571.58,3270174,Piauí
2024,2,PI,RGF-Anexo 01,DespesaComPessoalLiquida,DESPESA LÍQUIDA COM PESSOAL (III) = (I - II),<MR-8>,756284211.08,3270174,Piauí
2024,2,PI,RGF-Anexo 01,DespesaComPessoalLiquida,DESPESA LÍQUIDA COM PESSOAL (III) = (I - II),<MR-7>,463462167.01,3270174,Piauí
2024,2,PI,RGF-Anexo 01,DespesaComPessoalLiquida,DESPESA LÍQUIDA COM PESSOAL (III) = (I - II),<MR-6>,493755068.32,3270174,Piauí
2024,2,PI,RGF-Anexo 01,DespesaComPessoalLiquida,DESPESA LÍQUIDA COM PESSOAL (III) = (I - II),<MR-5>,659581267.98,3270174,Piauí
2024,2,PI,RGF-Anexo 01,DespesaComPessoalLiquida,DESPESA LÍQUIDA COM PESSOAL (III) = (I - II),<MR-4>,582103049.9,3270174,Piauí
2024,2,PI,RGF-Anexo 01,DespesaComPessoalLiquida,DESPESA LÍQUIDA COM PESSOAL (III) = (I - II),<MR-3>,603844204.62,3270174,Piauí
2024,2,PI,RGF-Anexo 01,DespesaComPessoalLiquida,DESPESA LÍQUIDA COM PESSOAL (III) = (I - II),<MR-2>,505624329.24,3270174,Piauí
2024,2,PI,RGF-Anexo 01,DespesaComPessoalLiquida,DESPESA LÍQUIDA COM PESSOAL (III) = (I - II),<MR-1>,592222267.13,3270174,Piauí
2024,2,PI,RGF-Anexo 01,DespesaComPessoalLiquida,DESPESA LÍQUIDA COM PESSOAL (III) = (I - II),<MR>,534960844.83,3270174,Piauí
2024,2,PI,RGF-Anexo 01,DespesaComPessoalLiquida,DESPESA LÍQUIDA COM PESSOAL (III) = (I - II),TOTAL (ÚLTIMOS 12 MESES) (a),6972334622.07,3270174,Piauí
2024,2,PI,RGF-Anexo 01,ReceitaCorrenteLiquidaLimiteLegal,RECEITA CORRENTE LIQUIDA - RCL (IV),Valor,16526096043.56,3270174,Piauí
2024,2,PI,RGF-Anexo 01,DespesaComPessoalTotal,DESPESA TOTAL COM PESSOAL - DTP (VI) = (IIIa + IIIb),Valor,6972334622.07,3270174,Piauí
2024,2,PI,RGF-Anexo 01,DespesaComPessoalTotal,DESPESA TOTAL COM PESSOAL - DTP (VI) = (IIIa + IIIb),% sobre a RCL Ajustada,42.29,3270174,Piauí
2024,2,PI,RGF-Anexo 02,DividaConsolidada,DÍVIDA CONSOLIDADA - DC (I),SALDO DO EXERCÍCIO ANTERIOR,10502539880.0,3270174,Piauí
2024,2,PI,RGF-Anexo 02,DividaConsolidada,DÍVIDA CONSOLIDADA - DC (I),Até o 1º Quadrimestre,10526913987.61,3270174,Piauí
2024,2,PI,RGF-Anexo 02,DividaConsolidada,DÍVIDA CONSOLIDADA - DC (I),Até o 2º Quadrimestre,12370717634.34,3270174,Piauí
2024,2,PI,RGF-Anexo 02,DividaContratual,Dívida Contratual,SALDO DO EXERCÍCIO ANTERIOR,8259689245.01,3270174,Piauí
2024,2,PI,RGF-Anexo 02,DividaContratual,Dívida Contratual,Até o 1º Quadrimestre,8199656702.97,3270174,Piauí
2024,2,PI,RGF-Anexo 02,DividaContratual,Dívida Contratual,Até o 2º Quadrimestre,10279537414.47,3270174,Piauí
2024,2,PI,RGF-Anexo 02,DividaConsolidadaLiquida,DÍVIDA CONSOLIDADA LÍQUIDA (DCL) (III) = (I - II),SALDO DO EXERCÍCIO ANTERIOR,7236756157.34,3270174,Piauí
2024,2,PI,RGF-Anexo 02,DividaConsolidadaLiquida,DÍVIDA CONSOLIDADA LÍQUIDA (DCL) (III) = (I - II),Até o 1º Quadrimestre,6690323334.2,3270174,Piauí
2024,2,PI,RGF-Anexo 02,DividaConsolidadaLiquida,DÍVIDA CONSOLIDADA LÍQUIDA (DCL) (III) = (I - II),Até o 2º Quadrimestre,8370143206.64,3270174,Piauí
2024,3,PI,RGF-Anexo 01,DespesaComPessoalBruta,DESPESA BRUTA COM PESSOAL (I),<MR-11>,669054996.14,3270174,Piauí
2024,3,PI,RGF-Anexo 01,DespesaComPessoalBruta,DESPESA BRUTA COM PESSOAL (I),<MR-10>,713006884.06,3270174,Piauí
2024,3,PI,RGF-Anexo 01,DespesaComPessoalBruta,DESPESA BRUTA COM PESSOAL (I),<MR-9>,799301221.94,3270174,Piauí
2024,3,PI,RGF-Anexo 01,DespesaComPessoalBruta,DESPESA BRUTA COM PESSOAL (I),<MR-8>,722532439.4,3270174,Piauí
2024,3,PI,RGF-Anexo 01,DespesaComPessoalBruta,DESPESA BRUTA COM PESSOAL (I),<MR-7>,744250867.83,3270174,Piauí
2024,3,PI,RGF-Anexo 01,DespesaComPessoalBruta,DESPESA BRUTA COM PESSOAL (I),<MR-6>,759055614.8,3270174,Piauí
2024,3,PI,RGF-Anexo 01,DespesaComPessoalBruta,DESPESA BRUTA COM PESSOAL (I),<MR-5>,867252828.4,3270174,Piauí
2024,3,PI,RGF-Anexo 01,DespesaComPessoalBruta,DESPESA BRUTA COM PESSOAL (I),<MR-4>,789906333.08,3270174,Piauí
2024,3,PI,RGF-Anexo 01,DespesaComPessoalBruta,DESPESA BRUTA COM PESSOAL (I),<MR-3>,772686288.37,3270174,Piauí
2024,3,PI,RGF-Anexo 01,DespesaComPessoalBruta,DESPESA BRUTA COM PESSOAL (I),<MR-2>,808673697.18,3270174,Piauí
2024,3,PI,RGF-Anexo 01,DespesaComPessoalBruta,DESPESA BRUTA COM PESSOAL (I),<MR-1>,783798947.82,3270174,Piauí
2024,3,PI,RGF-Anexo 01,DespesaComPessoalBruta,DESPESA BRUTA COM PESSOAL (I),<MR>,1191536314.19,3270174,Piauí
2024,3,PI,RGF-Anexo 01,DespesaComPessoalBruta,DESPESA BRUTA COM PESSOAL (I),TOTAL (ÚLTIMOS 12 MESES) (a),9621056433.21,3270174,Piauí
2024,3,PI,RGF-Anexo 01,DespesaComPessoalBruta,DESPESA BRUTA COM PESSOAL (I),INSCRITAS EM RESTOS A PAGAR NÃO PROCESSADOS (b),14882687.38,3270174,Piauí
2024,3,PI,RGF-Anexo 01,DespesaComPessoalAtivoBruta,Pessoal Ativo,<MR-11>,421710353.79,3270174,Piauí
2024,3,PI,RGF-Anexo 01,DespesaComPessoalAtivoBruta,Pessoal Ativo,<MR-10>,467754317.0,3270174,Piauí
2024,3,PI,RGF-Anexo 01,DespesaComPessoalAtivoBruta,Pessoal Ativo,<MR-9>,490938706.22,3270174,Piauí
2024,3,PI,RGF-Anexo 01,DespesaComPessoalAtivoBruta,Pessoal Ativo,<MR-8>,471612485.76,3270174,Piauí
2024,3,PI,RGF-Anexo 01,DespesaComPessoalAtivoBruta,Pessoal Ativo,<MR-7>,484777682.36,3270174,Piauí
2024,3,PI,RGF-Anexo 01,DespesaComPessoalAtivoBruta,Pessoal Ativo,<MR-6>,494458841.06,3270174,Piauí
2024,3,PI,RGF-Anexo 01,DespesaComPessoalAtivoBruta,Pessoal Ativo,<MR-5>,602576443.58,3270174,Piauí
2024,3,PI,RGF-Anexo 01,DespesaComPessoalAtivoBruta,Pessoal Ativo,<MR-4>,522678945.2,3270174,Piauí
2024,3,PI,RGF-Anexo 01,DespesaComPessoalAtivoBruta,Pessoal Ativo,<MR-3>,505275385.03,3270174,Piauí
2024,3,PI,RGF-Anexo 01,DespesaComPessoalAtivoBruta,Pessoal Ativo,<MR-2>,542567793.6,3270174,Piauí
2024,3,PI,RGF-Anexo 01,DespesaComPessoalAtivoBruta,Pessoal Ativo,<MR-1>,518913287.84,3270174,Piauí
2024,3,PI,RGF-Anexo 01,DespesaComPessoalAtivoBruta,Pessoal Ativo,<MR>,787952233.48,3270174,Piauí
2024,3,PI,RGF-Anexo 01,DespesaComPessoalAtivoBruta,Pessoal Ativo,TOTAL (ÚLTIMOS 12 MESES) (a),6311216474.92,3270174,Piauí
2024,3,PI,RGF-Anexo 01,DespesaComPessoalAtivoBruta,Pessoal Ativo,INSCRITAS EM RESTOS A PAGAR NÃO PROCESSADOS (b),13912404.65,3270174,Piauí
2024,3,PI,RGF-Anexo 01,DespesaComPessoalInativoEPensionistasBruta,Pessoal Inativo e Pensionistas,<MR-11>,205741121.71,3270174,Piauí
2024,3,PI,RGF-Anexo 01,DespesaComPessoalInativoEPensionistasBruta,Pessoal Inativo e Pensionistas,<MR-10>,204407434.84,3270174,Piauí
2024,3,PI,RGF-Anexo 01,DespesaComPessoalInativoEPensionistasBruta,Pessoal Inativo e Pensionistas,<MR-9>,261786454.34,3270174,Piauí
2024,3,PI,RGF-Anexo 01,DespesaComPessoalInativoEPensionistasBruta,Pessoal Inativo e Pensionistas,<MR-8>,206373478.9,3270174,Piauí
2024,3,PI,RGF-Anexo 01,DespesaComPessoalInativoEPensionistasBruta,Pessoal Inativo e Pensionistas,<MR-7>,213442145.47,3270174,Piauí
2024,3,PI,RGF-Anexo 01,DespesaComPessoalInativoEPensionistasBruta,Pessoal Inativo e Pensionistas,<MR-6>,214577656.59,3270174,Piauí
2024,3,PI,RGF-Anexo 01,DespesaComPessoalInativoEPensionistasBruta,Pessoal Inativo e Pensionistas,<MR-5>,213898784.4,3270174,Piauí
2024,3,PI,RGF-Anexo 01,DespesaComPessoalInativoEPensionistasBruta,Pessoal Inativo e Pensionistas,<MR-4>,214559642.27,3270174,Piauí
2024,3,PI,RGF-Anexo 01,DespesaComPessoalInativoEPensionistasBruta,Pessoal Inativo e Pensionistas,<MR-3>,216428552.5,3270174,Piauí
2024,3,PI,RGF-Anexo 01,DespesaComPessoalInativoEPensionistasBruta,Pessoal Inativo e Pensionistas,<MR-2>,212343103.69,3270174,Piauí
2024,3,PI,RGF-Anexo 01,DespesaComPessoalInativoEPensionistasBruta,Pessoal Inativo e Pensionistas,<MR-1>,211590810.84,3270174,Piauí
2024,3,PI,RGF-Anexo 01,DespesaComPessoalInativoEPensionistasBruta,Pessoal Inativo e Pensionistas,<MR>,320066502.27,3270174,Piauí
2024,3,PI,RGF-Anexo 01,DespesaComPessoalInativoEPensionistasBruta,Pessoal Inativo e Pensionistas,TOTAL (ÚLTIMOS 12 MESES) (a),2695215687.82,3270174,Piauí
2024,3,PI,RGF-Anexo 01,DespesaComPessoalInativoEPensionistasBruta,Pessoal Inativo e Pensionistas,INSCRITAS EM RESTOS A PAGAR NÃO PROCESSADOS (b),970282.73,3270174,Piauí
2024,3,PI,RGF-Anexo 01,DespesaComPessoalLiquida,DESPESA LÍQUIDA COM PESSOAL (III) = (I - II),<MR-11>,476915096.02,3270174,Piauí
2024,3,PI,RGF-Anexo 01,DespesaComPessoalLiquida,DESPESA LÍQUIDA COM PESSOAL (III) = (I - II),<MR-10>,505591296.66,3270174,Piauí
2024,3,PI,RGF-Anexo 01,DespesaComPessoalLiquida,DESPESA LÍQUIDA COM PESSOAL (III) = (I - II),<MR-9>,675099256.44,3270174,Piauí
2024,3,PI,RGF-Anexo 01,DespesaComPessoalLiquida,DESPESA LÍQUIDA COM PESSOAL (III) = (I - II),<MR-8>,597235059.86,3270174,Piauí
2024,3,PI,RGF-Anexo 01,DespesaComPessoalLiquida,DESPESA LÍQUIDA COM PESSOAL (III) = (I - II),<MR-7>,619291657.92,3270174,Piauí
2024,3,PI,RGF-Anexo 01,DespesaComPessoalLiquida,DESPESA LÍQUIDA COM PESSOAL (III) = (I - II),<MR-6>,523571629.54,3270174,Piauí
2024,3,PI,RGF-Anexo 01,DespesaComPessoalLiquida,DESPESA LÍQUIDA COM PESSOAL (III) = (I - II),<MR-5>,610686334.92,3270174,Piauí
2024,3,PI,RGF-Anexo 01,DespesaComPessoalLiquida,DESPESA LÍQUIDA COM PESSOAL (III) = (I - II),<MR-4>,555651839.0,3270174,Piauí
2024,3,PI,RGF-Anexo 01,DespesaComPessoalLiquida,DESPESA LÍQUIDA COM PESSOAL (III) = (I - II),<MR-3>,567966627.01,3270174,Piauí
2024,3,PI,RGF-Anexo 01,DespesaComPessoalLiquida,DESPESA LÍQUIDA COM PESSOAL (III) = (I - II),<MR-2>,558989817.12,3270174,Piauí
2024,3,PI,RGF-Anexo 01,DespesaComPessoalLiquida,DESPESA LÍQUIDA COM PESSOAL (III) = (I - II),<MR-1>,552010192.13,3270174,Piauí
2024,3,PI,RGF-Anexo 01,DespesaComPessoalLiquida,DESPESA LÍQUIDA COM PESSOAL (III) = (I - II),<MR>,867552975.3,3270174,Piauí
2024,3,PI,RGF-Anexo 01,DespesaComPessoalLiquida,DESPESA LÍQUIDA COM PESSOAL (III) = (I - II),TOTAL (ÚLTIMOS 12 MESES) (a),7110561781.92,3270174,Piauí
2024,3,PI,RGF-Anexo 01,DespesaComPessoalLiquida,DESPESA LÍQUIDA COM PESSOAL (III) = (I - II),INSCRITAS EM RESTOS A PAGAR NÃO PROCESSADOS (b),13854724.22,3270174,Piauí
2024,3,PI,RGF-Anexo 01,ReceitaCorrenteLiquidaLimiteLegal,RECEITA CORRENTE LIQUIDA - RCL (IV),Valor,17181161335.79,3270174,Piauí
2024,3,PI,RGF-Anexo 01,DespesaComPessoalTotal,DESPESA TOTAL COM PESSOAL - DTP (VI) = (IIIa + IIIb),Valor,7124416506.14,3270174,Piauí
2024,3,PI,RGF-Anexo 01,DespesaComPessoalTotal,DESPESA TOTAL COM PESSOAL - DTP (VI) = (IIIa + IIIb),% sobre a RCL Ajustada,41.66,3270174,Piauí
2024,3,PI,RGF-Anexo 02,DividaConsolidada,DÍVIDA CONSOLIDADA - DC (I),SALDO DO EXERCÍCIO ANTERIOR,10502539880.0,3270174,Piauí
2024,3,PI,RGF-Anexo 02,DividaConsolidada,DÍVIDA CONSOLIDADA - DC (I),Até o 1º Quadrimestre,10526913987.61,3270174,Piauí
2024,3,PI,RGF-Anexo 02,DividaConsolidada,DÍVIDA CONSOLIDADA - DC (I),Até o 2º Quadrimestre,12370717634.34,3270174,Piauí
2024,3,PI,RGF-Anexo 02,DividaConsolidada,DÍVIDA CONSOLIDADA - DC (I),Até o 3º Quadrimestre,13178868744.35,3270174,Piauí
2024,3,PI,RGF-Anexo 02,DividaContratual,Dívida Contratual,SALDO DO EXERCÍCIO ANTERIOR,8259689245.01,3270174,Piauí
2024,3,PI,RGF-Anexo 02,DividaContratual,Dívida Contratual,Até o 1º Quadrimestre,8199656702.97,3270174,Piauí
2024,3,PI,RGF-Anexo 02,DividaContratual,Dívida Contratual,Até o 2º Quadrimestre,10279537414.47,3270174,Piauí
2024,3,PI,RGF-Anexo 02,DividaContratual,Dívida Contratual,Até o 3º Quadrimestre,10668379575.75,3270174,Piauí
2024,3,PI,RGF-Anexo 02,DividaConsolidadaLiquida,DÍVIDA CONSOLIDADA LÍQUIDA (DCL) (III) = (I - II),SALDO DO EXERCÍCIO ANTERIOR,7236756157.34,3270174,Piauí
2024,3,PI,RGF-Anexo 02,DividaConsolidadaLiquida,DÍVIDA CONSOLIDADA LÍQUIDA (DCL) (III) = (I - II),Até o 1º Quadrimestre,6690323334.2,3270174,Piauí
2024,3,PI,RGF-Anexo 02,DividaConsolidadaLiquida,DÍVIDA CONSOLIDADA LÍQUIDA (DCL) (III) = (I - II),Até o 2º Quadrimestre,8370143206.64,3270174,Piauí
2024,3,PI,RGF-Anexo 02,DividaConsolidadaLiquida,DÍVIDA CONSOLIDADA LÍQUIDA (DCL) (III) = (I - II),Até o 3º Quadrimestre,10752874948.48,3270174,Piauí
2025,1,PI,RGF-Anexo 01,DespesaComPessoalBruta,DESPESA BRUTA COM PESSOAL (I),<MR-11>,728527554.26,3270174,Piauí
2025,1,PI,RGF-Anexo 01,DespesaComPessoalBruta,DESPESA BRUTA COM PESSOAL (I),<MR-10>,740716045.55,3270174,Piauí
2025,1,PI,RGF-Anexo 01,DespesaComPessoalBruta,DESPESA BRUTA COM PESSOAL (I),<MR-9>,847764981.27,3270174,Piauí
2025,1,PI,RGF-Anexo 01,DespesaComPessoalBruta,DESPESA BRUTA COM PESSOAL (I),<MR-8>,768951383.03,3270174,Piauí
2025,1,PI,RGF-Anexo 01,DespesaComPessoalBruta,DESPESA BRUTA COM PESSOAL (I),<MR-7>,751268967.69,3270174,Piauí
2025,1,PI,RGF-Anexo 01,DespesaComPessoalBruta,DESPESA BRUTA COM PESSOAL (I),<MR-6>,787286902.44,3270174,Piauí
2025,1,PI,RGF-Anexo 01,DespesaComPessoalBruta,DESPESA BRUTA COM PESSOAL (I),<MR-5>,762150077.93,3270174,Piauí
2025,1,PI,RGF-Anexo 01,DespesaComPessoalBruta,DESPESA BRUTA COM PESSOAL (I),<MR-4>,1159888639.18,3270174,Piauí
2025,1,PI,RGF-Anexo 01,DespesaComPessoalBruta,DESPESA BRUTA COM PESSOAL (I),<MR-3>,766601512.55,3270174,Piauí
2025,1,PI,RGF-Anexo 01,DespesaComPessoalBruta,DESPESA BRUTA COM PESSOAL (I),<MR-2>,825709740.04,3270174,Piauí
2025,1,PI,RGF-Anexo 01,DespesaComPessoalBruta,DESPESA BRUTA COM PESSOAL (I),<MR-1>,760097624.14,3270174,Piauí
2025,1,PI,RGF-Anexo 01,DespesaComPessoalBruta,DESPESA BRUTA COM PESSOAL (I),<MR>,818793144.91,3270174,Piauí
2025,1,PI,RGF-Anexo 01,DespesaComPessoalBruta,DESPESA BRUTA COM PESSOAL (I),TOTAL (ÚLTIMOS 12 MESES) (a),9717756572.99,3270174,Piauí
2025,1,PI,RGF-Anexo 01,DespesaComPessoalAtivoBruta,Pessoal Ativo,<MR-11>,484777682.36,3270174,Piauí
2025,1,PI,RGF-Anexo 01,DespesaComPessoalAtivoBruta,Pessoal Ativo,<MR-10>,494458841.06,3270174,Piauí
2025,1,PI,RGF-Anexo 01,DespesaComPessoalAtivoBruta,Pessoal Ativo,<MR-9>,602576443.58,3270174,Piauí
2025,1,PI,RGF-Anexo 01,DespesaComPessoalAtivoBruta,Pessoal Ativo,<MR-8>,522678945.2,3270174,Piauí
2025,1,PI,RGF-Anexo 01,DespesaComPessoalAtivoBruta,Pessoal Ativo,<MR-7>,505275385.03,3270174,Piauí
2025,1,PI,RGF-Anexo 01,DespesaComPessoalAtivoBruta,Pessoal Ativo,<MR-6>,542567793.6,3270174,Piauí
2025,1,PI,RGF-Anexo 01,DespesaComPessoalAtivoBruta,Pessoal Ativo,<MR-5>,518913287.84,3270174,Piauí
2025,1,PI,RGF-Anexo 01,DespesaComPessoalAtivoBruta,Pessoal Ativo,<MR-4>,787952233.48,3270174,Piauí
2025,1,PI,RGF-Anexo 01,DespesaComPessoalAtivoBruta,Pessoal Ativo,<MR-3>,521655462.77,3270174,Piauí
2025,1,PI,RGF-Anexo 01,DespesaComPessoalAtivoBruta,Pessoal Ativo,<MR-2>,570813755.5,3270174,Piauí
2025,1,PI,RGF-Anexo 01,DespesaComPessoalAtivoBruta,Pessoal Ativo,<MR-1>,508325683.56,3270174,Piauí
2025,1,PI,RGF-Anexo 01,DespesaComPessoalAtivoBruta,Pessoal Ativo,<MR>,569864616.85,3270174,Piauí
2025,1,PI,RGF-Anexo 01,DespesaComPessoalAtivoBruta,Pessoal Ativo,TOTAL (ÚLTIMOS 12 MESES) (a),6629860130.83,3270174,Piauí
2025,1,PI,RGF-Anexo 01,DespesaComPessoalInativoEPensionistasBruta,Pessoal Inativo e Pensionistas,<MR-11>,213437078.22,3270174,Piauí
2025,1,PI,RGF-Anexo 01,DespesaComPessoalInativoEPensionistasBruta,Pessoal Inativo e Pensionistas,<MR-10>,214547680.15,3270174,Piauí
2025,1,PI,RGF-Anexo 01,DespesaComPessoalInativoEPensionistasBruta,Pessoal Inativo e Pensionistas,<MR-9>,213869302.58,3270174,Piauí
2025,1,PI,RGF-Anexo 01,DespesaComPessoalInativoEPensionistasBruta,Pessoal Inativo e Pensionistas,<MR-8>,214522878.74,3270174,Piauí
2025,1,PI,RGF-Anexo 01,DespesaComPessoalInativoEPensionistasBruta,Pessoal Inativo e Pensionistas,<MR-7>,215094267.4,3270174,Piauí
2025,1,PI,RGF-Anexo 01,DespesaComPessoalInativoEPensionistasBruta,Pessoal Inativo e Pensionistas,<MR-6>,212314855.2,3270174,Piauí
2025,1,PI,RGF-Anexo 01,DespesaComPessoalInativoEPensionistasBruta,Pessoal Inativo e Pensionistas,<MR-5>,211493584.51,3270174,Piauí
2025,1,PI,RGF-Anexo 01,DespesaComPessoalInativoEPensionistasBruta,Pessoal Inativo e Pensionistas,<MR-4>,312543452.01,3270174,Piauí
2025,1,PI,RGF-Anexo 01,DespesaComPessoalInativoEPensionistasBruta,Pessoal Inativo e Pensionistas,<MR-3>,216408473.06,3270174,Piauí
2025,1,PI,RGF-Anexo 01,DespesaComPessoalInativoEPensionistasBruta,Pessoal Inativo e Pensionistas,<MR-2>,217912545.57,3270174,Piauí
2025,1,PI,RGF-Anexo 01,DespesaComPessoalInativoEPensionistasBruta,Pessoal Inativo e Pensionistas,<MR-1>,217431207.93,3270174,Piauí
2025,1,PI,RGF-Anexo 01,DespesaComPessoalInativoEPensionistasBruta,Pessoal Inativo e Pensionistas,<MR>,216652292.89,3270174,Piauí
2025,1,PI,RGF-Anexo 01,DespesaComPessoalInativoEPensionistasBruta,Pessoal Inativo e Pensionistas,TOTAL (ÚLTIMOS 12 MESES) (a),2676227618.26,3270174,Piauí
2025,1,PI,RGF-Anexo 01,DespesaComPessoalLiquida,DESPESA LÍQUIDA COM PESSOAL (III) = (I - II),<MR-11>,603791946.18,3270174,Piauí
2025,1,PI,RGF-Anexo 01,DespesaComPessoalLiquida,DESPESA LÍQUIDA COM PESSOAL (III) = (I - II),<MR-10>,505610346.16,3270174,Piauí
2025,1,PI,RGF-Anexo 01,DespesaComPessoalLiquida,DESPESA LÍQUIDA COM PESSOAL (III) = (I - II),<MR-9>,592006268.69,3270174,Piauí
2025,1,PI,RGF-Anexo 01,DespesaComPessoalLiquida,DESPESA LÍQUIDA COM PESSOAL (III) = (I - II),<MR-8>,534941873.88,3270174,Piauí
2025,1,PI,RGF-Anexo 01,DespesaComPessoalLiquida,DESPESA LÍQUIDA COM PESSOAL (III) = (I - II),<MR-7>,548091501.36,3270174,Piauí
2025,1,PI,RGF-Anexo 01,DespesaComPessoalLiquida,DESPESA LÍQUIDA COM PESSOAL (III) = (I - II),<MR-6>,537839134.67,3270174,Piauí
2025,1,PI,RGF-Anexo 01,DespesaComPessoalLiquida,DESPESA LÍQUIDA COM PESSOAL (III) = (I - II),<MR-5>,530667876.55,3270174,Piauí
2025,1,PI,RGF-Anexo 01,DespesaComPessoalLiquida,DESPESA LÍQUIDA COM PESSOAL (III) = (I - II),<MR-4>,843843914.55,3270174,Piauí
2025,1,PI,RGF-Anexo 01,DespesaComPessoalLiquida,DESPESA LÍQUIDA COM PESSOAL (III) = (I - II),<MR-3>,530873176.71,3270174,Piauí
2025,1,PI,RGF-Anexo 01,DespesaComPessoalLiquida,DESPESA LÍQUIDA COM PESSOAL (III) = (I - II),<MR-2>,568095365.26,3270174,Piauí
2025,1,PI,RGF-Anexo 01,DespesaComPessoalLiquida,DESPESA LÍQUIDA COM PESSOAL (III) = (I - II),<MR-1>,540794302.63,3270174,Piauí
2025,1,PI,RGF-Anexo 01,DespesaComPessoalLiquida,DESPESA LÍQUIDA COM PESSOAL (III) = (I - II),<MR>,556282256.69,3270174,Piauí
2025,1,PI,RGF-Anexo 01,DespesaComPessoalLiquida,DESPESA LÍQUIDA COM PESSOAL (III) = (I - II),TOTAL (ÚLTIMOS 12 MESES) (a),6892837963.33,3270174,Piauí
2025,1,PI,RGF-Anexo 01,ReceitaCorrenteLiquidaLimiteLegal,RECEITA CORRENTE LIQUIDA - RCL (IV),Valor,17426402806.49,3270174,Piauí
2025,1,PI,RGF-Anexo 01,DespesaComPessoalTotal,DESPESA TOTAL COM PESSOAL - DTP (VI) = (IIIa + IIIb),Valor,6892837963.33,3270174,Piauí
2025,1,PI,RGF-Anexo 01,DespesaComPessoalTotal,DESPESA TOTAL COM PESSOAL - DTP (VI) = (IIIa + IIIb),% sobre a RCL Ajustada,39.75,3270174,Piauí
2025,1,PI,RGF-Anexo 02,DividaConsolidada,DÍVIDA CONSOLIDADA - DC (I),SALDO DO EXERCÍCIO ANTERIOR,13178868744.35,3270174,Piauí
2025,1,PI,RGF-Anexo 02,DividaConsolidada,DÍVIDA CONSOLIDADA - DC (I),Até o 1º Quadrimestre,14681776229.63,3270174,Piauí
2025,1,PI,RGF-Anexo 02,DividaContratual,Dívida Contratual,SALDO DO EXERCÍCIO ANTERIOR,10668379575.75,3270174,Piauí
2025,1,PI,RGF-Anexo 02,DividaContratual,Dívida Contratual,Até o 1º Quadrimestre,12177649768.36,3270174,Piauí
2025,1,PI,RGF-Anexo 02,DividaConsolidadaLiquida,DÍVIDA CONSOLIDADA LÍQUIDA (DCL) (III) = (I - II),SALDO DO EXERCÍCIO ANTERIOR,10752874948.48,3270174,Piauí
2025,1,PI,RGF-Anexo 02,DividaConsolidadaLiquida,DÍVIDA CONSOLIDADA LÍQUIDA (DCL) (III) = (I - II),Até o 1º Quadrimestre,10582064921.84,3270174,Piauí
2025,2,PI,RGF-Anexo 01,DespesaComPessoalBruta,DESPESA BRUTA COM PESSOAL (I),<MR-11>,751268967.69,3270174,Piauí
2025,2,PI,RGF-Anexo 01,DespesaComPessoalBruta,DESPESA BRUTA COM PESSOAL (I),<MR-10>,787286902.44,3270174,Piauí
2025,2,PI,RGF-Anexo 01,DespesaComPessoalBruta,DESPESA BRUTA COM PESSOAL (I),<MR-9>,762150077.93,3270174,Piauí
2025,2,PI,RGF-Anexo 01,DespesaComPessoalBruta,DESPESA BRUTA COM PESSOAL (I),<MR-8>,1159888639.18,3270174,Piauí
2025,2,PI,RGF-Anexo 01,DespesaComPessoalBruta,DESPESA BRUTA COM PESSOAL (I),<MR-7>,765189205.03,3270174,Piauí
2025,2,PI,RGF-Anexo 01,DespesaComPessoalBruta,DESPESA BRUTA COM PESSOAL (I),<MR-6>,824302278.26,3270174,Piauí
2025,2,PI,RGF-Anexo 01,DespesaComPessoalBruta,DESPESA BRUTA COM PESSOAL (I),<MR-5>,759761130.24,3270174,Piauí
2025,2,PI,RGF-Anexo 01,DespesaComPessoalBruta,DESPESA BRUTA COM PESSOAL (I),<MR-4>,818782784.7,3270174,Piauí
2025,2,PI,RGF-Anexo 01,DespesaComPessoalBruta,DESPESA BRUTA COM PESSOAL (I),<MR-3>,823684533.39,3270174,Piauí
2025,2,PI,RGF-Anexo 01,DespesaComPessoalBruta,DESPESA BRUTA COM PESSOAL (I),<MR-2>,810055394.72,3270174,Piauí
2025,2,PI,RGF-Anexo 01,DespesaComPessoalBruta,DESPESA BRUTA COM PESSOAL (I),<MR-1>,827925085.58,3270174,Piauí
2025,2,PI,RGF-Anexo 01,DespesaComPessoalBruta,DESPESA BRUTA COM PESSOAL (I),<MR>,807141394.28,3270174,Piauí
2025,2,PI,RGF-Anexo 01,DespesaComPessoalBruta,DESPESA BRUTA COM PESSOAL (I),TOTAL (ÚLTIMOS 12 MESES) (a),9897436393.44,3270174,Piauí
2025,2,PI,RGF-Anexo 01,DespesaComPessoalAtivoBruta,Pessoal Ativo,<MR-11>,505275385.03,3270174,Piauí
2025,2,PI,RGF-Anexo 01,DespesaComPessoalAtivoBruta,Pessoal Ativo,<MR-10>,542567793.6,3270174,Piauí
2025,2,PI,RGF-Anexo 01,DespesaComPessoalAtivoBruta,Pessoal Ativo,<MR-9>,518913287.84,3270174,Piauí
2025,2,PI,RGF-Anexo 01,DespesaComPessoalAtivoBruta,Pessoal Ativo,<MR-8>,787952233.48,3270174,Piauí
2025,2,PI,RGF-Anexo 01,DespesaComPessoalAtivoBruta,Pessoal Ativo,<MR-7>,521655462.77,3270174,Piauí
2025,2,PI,RGF-Anexo 01,DespesaComPessoalAtivoBruta,Pessoal Ativo,<MR-6>,570813755.5,3270174,Piauí
2025,2,PI,RGF-Anexo 01,DespesaComPessoalAtivoBruta,Pessoal Ativo,<MR-5>,508305832.53,3270174,Piauí
2025,2,PI,RGF-Anexo 01,DespesaComPessoalAtivoBruta,Pessoal Ativo,<MR-4>,569854558.84,3270174,Piauí
2025,2,PI,RGF-Anexo 01,DespesaComPessoalAtivoBruta,Pessoal Ativo,<MR-3>,559842568.58,3270174,Piauí
2025,2,PI,RGF-Anexo 01,DespesaComPessoalAtivoBruta,Pessoal Ativo,<MR-2>,546961092.71,3270174,Piauí
2025,2,PI,RGF-Anexo 01,DespesaComPessoalAtivoBruta,Pessoal Ativo,<MR-1>,565708734.14,3270174,Piauí
2025,2,PI,RGF-Anexo 01,DespesaComPessoalAtivoBruta,Pessoal Ativo,<MR>,542116712.01,3270174,Piauí
2025,2,PI,RGF-Anexo 01,DespesaComPessoalAtivoBruta,Pessoal Ativo,TOTAL (ÚLTIMOS 12 MESES) (a),6739967417.03,3270174,Piauí
2025,2,PI,RGF-Anexo 01,DespesaComPessoalInativoEPensionistasBruta,Pessoal Inativo e Pensionistas,<MR-11>,215094267.4,3270174,Piauí
2025,2,PI,RGF-Anexo 01,DespesaComPessoalInativoEPensionistasBruta,Pessoal Inativo e Pensionistas,<MR-10>,212314855.2,3270174,Piauí
2025,2,PI,RGF-Anexo 01,DespesaComPessoalInativoEPensionistasBruta,Pessoal Inativo e Pensionistas,<MR-9>,211493584.51,3270174,Piauí
2025,2,PI,RGF-Anexo 01,DespesaComPessoalInativoEPensionistasBruta,Pessoal Inativo e Pensionistas,<MR-8>,312543452.01,3270174,Piauí
2025,2,PI,RGF-Anexo 01,DespesaComPessoalInativoEPensionistasBruta,Pessoal Inativo e Pensionistas,<MR-7>,216408473.06,3270174,Piauí
2025,2,PI,RGF-Anexo 01,DespesaComPessoalInativoEPensionistasBruta,Pessoal Inativo e Pensionistas,<MR-6>,217912545.57,3270174,Piauí
2025,2,PI,RGF-Anexo 01,DespesaComPessoalInativoEPensionistasBruta,Pessoal Inativo e Pensionistas,<MR-5>,217431207.93,3270174,Piauí
2025,2,PI,RGF-Anexo 01,DespesaComPessoalInativoEPensionistasBruta,Pessoal Inativo e Pensionistas,<MR-4>,216652292.89,3270174,Piauí
2025,2,PI,RGF-Anexo 01,DespesaComPessoalInativoEPensionistasBruta,Pessoal Inativo e Pensionistas,<MR-3>,226611314.3,3270174,Piauí
2025,2,PI,RGF-Anexo 01,DespesaComPessoalInativoEPensionistasBruta,Pessoal Inativo e Pensionistas,<MR-2>,227570423.64,3270174,Piauí
2025,2,PI,RGF-Anexo 01,DespesaComPessoalInativoEPensionistasBruta,Pessoal Inativo e Pensionistas,<MR-1>,227752457.25,3270174,Piauí
2025,2,PI,RGF-Anexo 01,DespesaComPessoalInativoEPensionistasBruta,Pessoal Inativo e Pensionistas,<MR>,229920098.75,3270174,Piauí
2025,2,PI,RGF-Anexo 01,DespesaComPessoalInativoEPensionistasBruta,Pessoal Inativo e Pensionistas,TOTAL (ÚLTIMOS 12 MESES) (a),2731704972.51,3270174,Piauí
2025,2,PI,RGF-Anexo 01,DespesaComPessoalLiquida,DESPESA LÍQUIDA COM PESSOAL (III) = (I - II),<MR-11>,548070710.36,3270174,Piauí
2025,2,PI,RGF-Anexo 01,DespesaComPessoalLiquida,DESPESA LÍQUIDA COM PESSOAL (III) = (I - II),<MR-10>,537818348.29,3270174,Piauí
2025,2,PI,RGF-Anexo 01,DespesaComPessoalLiquida,DESPESA LÍQUIDA COM PESSOAL (III) = (I - II),<MR-9>,530646943.75,3270174,Piauí
2025,2,PI,RGF-Anexo 01,DespesaComPessoalLiquida,DESPESA LÍQUIDA COM PESSOAL (III) = (I - II),<MR-8>,843802358.15,3270174,Piauí
2025,2,PI,RGF-Anexo 01,DespesaComPessoalLiquida,DESPESA LÍQUIDA COM PESSOAL (III) = (I - II),<MR-7>,529439204.01,3270174,Piauí
2025,2,PI,RGF-Anexo 01,DespesaComPessoalLiquida,DESPESA LÍQUIDA COM PESSOAL (III) = (I - II),<MR-6>,566667049.73,3270174,Piauí
2025,2,PI,RGF-Anexo 01,DespesaComPessoalLiquida,DESPESA LÍQUIDA COM PESSOAL (III) = (I - II),<MR-5>,540436774.35,3270174,Piauí
2025,2,PI,RGF-Anexo 01,DespesaComPessoalLiquida,DESPESA LÍQUIDA COM PESSOAL (III) = (I - II),<MR-4>,556253222.82,3270174,Piauí
2025,2,PI,RGF-Anexo 01,DespesaComPessoalLiquida,DESPESA LÍQUIDA COM PESSOAL (III) = (I - II),<MR-3>,575589716.65,3270174,Piauí
2025,2,PI,RGF-Anexo 01,DespesaComPessoalLiquida,DESPESA LÍQUIDA COM PESSOAL (III) = (I - II),<MR-2>,581208945.62,3270174,Piauí
2025,2,PI,RGF-Anexo 01,DespesaComPessoalLiquida,DESPESA LÍQUIDA COM PESSOAL (III) = (I - II),<MR-1>,579304893.02,3270174,Piauí
2025,2,PI,RGF-Anexo 01,DespesaComPessoalLiquida,DESPESA LÍQUIDA COM PESSOAL (III) = (I - II),<MR>,556348977.36,3270174,Piauí
2025,2,PI,RGF-Anexo 01,DespesaComPessoalLiquida,DESPESA LÍQUIDA COM PESSOAL (III) = (I - II),TOTAL (ÚLTIMOS 12 MESES) (a),6945587144.11,3270174,Piauí
2025,2,PI,RGF-Anexo 01,ReceitaCorrenteLiquidaLimiteLegal,RECEITA CORRENTE LIQUIDA - RCL (IV),Valor,17934365288.25,3270174,Piauí
2025,2,PI,RGF-Anexo 01,DespesaComPessoalTotal,DESPESA TOTAL COM PESSOAL - DTP (VI) = (IIIa + IIIb),Valor,6945587144.11,3270174,Piauí
2025,2,PI,RGF-Anexo 01,DespesaComPessoalTotal,DESPESA TOTAL COM PESSOAL - DTP (VI) = (IIIa + IIIb),% sobre a RCL Ajustada,38.77,3270174,Piauí
2025,2,PI,RGF-Anexo 02,DividaConsolidada,DÍVIDA CONSOLIDADA - DC (I),SALDO DO EXERCÍCIO ANTERIOR,13178868744.35,3270174,Piauí
2025,2,PI,RGF-Anexo 02,DividaConsolidada,DÍVIDA CONSOLIDADA - DC (I),Até o 1º Quadrimestre,14681776229.63,3270174,Piauí
2025,2,PI,RGF-Anexo 02,DividaConsolidada,DÍVIDA CONSOLIDADA - DC (I),Até o 2º Quadrimestre,14196115414.0,3270174,Piauí
2025,2,PI,RGF-Anexo 02,DividaContratual,Dívida Contratual,SALDO DO EXERCÍCIO ANTERIOR,10668379575.75,3270174,Piauí
2025,2,PI,RGF-Anexo 02,DividaContratual,Dívida Contratual,Até o 1º Quadrimestre,12177649768.36,3270174,Piauí
2025,2,PI,RGF-Anexo 02,DividaContratual,Dívida Contratual,Até o 2º Quadrimestre,11861812760.89,3270174,Piauí
2025,2,PI,RGF-Anexo 02,DividaConsolidadaLiquida,DÍVIDA CONSOLIDADA LÍQUIDA (DCL) (III) = (I - II),SALDO DO EXERCÍCIO ANTERIOR,10752874948.48,3270174,Piauí
2025,2,PI,RGF-Anexo 02,DividaConsolidadaLiquida,DÍVIDA CONSOLIDADA LÍQUIDA (DCL) (III) = (I - II),Até o 1º Quadrimestre,10582064921.84,3270174,Piauí
2025,2,PI,RGF-Anexo 02,DividaConsolidadaLiquida,DÍVIDA CONSOLIDADA LÍQUIDA (DCL) (III) = (I - II),Até o 2º Quadrimestre,10935740134.5,3270174,Piauí
2025,3,PI,RGF-Anexo 01,DespesaComPessoalBruta,DESPESA BRUTA COM PESSOAL (I),<MR-11>,765189205.03,3270174,Piauí
2025,3,PI,RGF-Anexo 01,DespesaComPessoalBruta,DESPESA BRUTA COM PESSOAL (I),<MR-10>,824302278.26,3270174,Piauí
2025,3,PI,RGF-Anexo 01,DespesaComPessoalBruta,DESPESA BRUTA COM PESSOAL (I),<MR-9>,759761130.24,3270174,Piauí
2025,3,PI,RGF-Anexo 01,DespesaComPessoalBruta,DESPESA BRUTA COM PESSOAL (I),<MR-8>,818782784.7,3270174,Piauí
2025,3,PI,RGF-Anexo 01,DespesaComPessoalBruta,DESPESA BRUTA COM PESSOAL (I),<MR-7>,823684533.39,3270174,Piauí
2025,3,PI,RGF-Anexo 01,DespesaComPessoalBruta,DESPESA BRUTA COM PESSOAL (I),<MR-6>,810055394.71,3270174,Piauí
2025,3,PI,RGF-Anexo 01,DespesaComPessoalBruta,DESPESA BRUTA COM PESSOAL (I),<MR-5>,827920736.9,3270174,Piauí
2025,3,PI,RGF-Anexo 01,DespesaComPessoalBruta,DESPESA BRUTA COM PESSOAL (I),<MR-4>,807141394.28,3270174,Piauí
2025,3,PI,RGF-Anexo 01,DespesaComPessoalBruta,DESPESA BRUTA COM PESSOAL (I),<MR-3>,815355546.59,3270174,Piauí
2025,3,PI,RGF-Anexo 01,DespesaComPessoalBruta,DESPESA BRUTA COM PESSOAL (I),<MR-2>,789499890.81,3270174,Piauí
2025,3,PI,RGF-Anexo 01,DespesaComPessoalBruta,DESPESA BRUTA COM PESSOAL (I),<MR-1>,784293312.32,3270174,Piauí
2025,3,PI,RGF-Anexo 01,DespesaComPessoalBruta,DESPESA BRUTA COM PESSOAL (I),<MR>,1191589980.02,3270174,Piauí
2025,3,PI,RGF-Anexo 01,DespesaComPessoalBruta,DESPESA BRUTA COM PESSOAL (I),TOTAL (ÚLTIMOS 12 MESES) (a),10017576187.25,3270174,Piauí
2025,3,PI,RGF-Anexo 01,DespesaComPessoalBruta,DESPESA BRUTA COM PESSOAL (I),INSCRITAS EM RESTOS A PAGAR NÃO PROCESSADOS (b),70530331.72,3270174,Piauí
2025,3,PI,RGF-Anexo 01,DespesaComPessoalAtivoBruta,Pessoal Ativo,<MR-11>,521655462.77,3270174,Piauí
2025,3,PI,RGF-Anexo 01,DespesaComPessoalAtivoBruta,Pessoal Ativo,<MR-10>,570813755.5,3270174,Piauí
2025,3,PI,RGF-Anexo 01,DespesaComPessoalAtivoBruta,Pessoal Ativo,<MR-9>,508305832.53,3270174,Piauí
2025,3,PI,RGF-Anexo 01,DespesaComPessoalAtivoBruta,Pessoal Ativo,<MR-8>,569854558.84,3270174,Piauí
2025,3,PI,RGF-Anexo 01,DespesaComPessoalAtivoBruta,Pessoal Ativo,<MR-7>,559842568.58,3270174,Piauí
2025,3,PI,RGF-Anexo 01,DespesaComPessoalAtivoBruta,Pessoal Ativo,<MR-6>,546961092.71,3270174,Piauí
2025,3,PI,RGF-Anexo 01,DespesaComPessoalAtivoBruta,Pessoal Ativo,<MR-5>,565708734.14,3270174,Piauí
2025,3,PI,RGF-Anexo 01,DespesaComPessoalAtivoBruta,Pessoal Ativo,<MR-4>,542116712.01,3270174,Piauí
2025,3,PI,RGF-Anexo 01,DespesaComPessoalAtivoBruta,Pessoal Ativo,<MR-3>,551764518.38,3270174,Piauí
2025,3,PI,RGF-Anexo 01,DespesaComPessoalAtivoBruta,Pessoal Ativo,<MR-2>,524286931.21,3270174,Piauí
2025,3,PI,RGF-Anexo 01,DespesaComPessoalAtivoBruta,Pessoal Ativo,<MR-1>,519514267.86,3270174,Piauí
2025,3,PI,RGF-Anexo 01,DespesaComPessoalAtivoBruta,Pessoal Ativo,<MR>,780530148.41,3270174,Piauí
2025,3,PI,RGF-Anexo 01,DespesaComPessoalAtivoBruta,Pessoal Ativo,TOTAL (ÚLTIMOS 12 MESES) (a),6761354582.94,3270174,Piauí
2025,3,PI,RGF-Anexo 01,DespesaComPessoalAtivoBruta,Pessoal Ativo,INSCRITAS EM RESTOS A PAGAR NÃO PROCESSADOS (b),70530331.72,3270174,Piauí
2025,3,PI,RGF-Anexo 01,DespesaComPessoalInativoEPensionistasBruta,Pessoal Inativo e Pensionistas,<MR-11>,216408473.06,3270174,Piauí
2025,3,PI,RGF-Anexo 01,DespesaComPessoalInativoEPensionistasBruta,Pessoal Inativo e Pensionistas,<MR-10>,217912545.57,3270174,Piauí
2025,3,PI,RGF-Anexo 01,DespesaComPessoalInativoEPensionistasBruta,Pessoal Inativo e Pensionistas,<MR-9>,217431207.93,3270174,Piauí
2025,3,PI,RGF-Anexo 01,DespesaComPessoalInativoEPensionistasBruta,Pessoal Inativo e Pensionistas,<MR-8>,216652292.89,3270174,Piauí
2025,3,PI,RGF-Anexo 01,DespesaComPessoalInativoEPensionistasBruta,Pessoal Inativo e Pensionistas,<MR-7>,226611314.3,3270174,Piauí
2025,3,PI,RGF-Anexo 01,DespesaComPessoalInativoEPensionistasBruta,Pessoal Inativo e Pensionistas,<MR-6>,227570423.64,3270174,Piauí
2025,3,PI,RGF-Anexo 01,DespesaComPessoalInativoEPensionistasBruta,Pessoal Inativo e Pensionistas,<MR-5>,227752457.25,3270174,Piauí
2025,3,PI,RGF-Anexo 01,DespesaComPessoalInativoEPensionistasBruta,Pessoal Inativo e Pensionistas,<MR-4>,229920098.75,3270174,Piauí
2025,3,PI,RGF-Anexo 01,DespesaComPessoalInativoEPensionistasBruta,Pessoal Inativo e Pensionistas,<MR-3>,229615809.57,3270174,Piauí
2025,3,PI,RGF-Anexo 01,DespesaComPessoalInativoEPensionistasBruta,Pessoal Inativo e Pensionistas,<MR-2>,230294303.56,3270174,Piauí
2025,3,PI,RGF-Anexo 01,DespesaComPessoalInativoEPensionistasBruta,Pessoal Inativo e Pensionistas,<MR-1>,230418767.16,3270174,Piauí
2025,3,PI,RGF-Anexo 01,DespesaComPessoalInativoEPensionistasBruta,Pessoal Inativo e Pensionistas,<MR>,346126985.67,3270174,Piauí
2025,3,PI,RGF-Anexo 01,DespesaComPessoalInativoEPensionistasBruta,Pessoal Inativo e Pensionistas,TOTAL (ÚLTIMOS 12 MESES) (a),2816714679.35,3270174,Piauí
2025,3,PI,RGF-Anexo 01,DespesaComPessoalLiquida,DESPESA LÍQUIDA COM PESSOAL (III) = (I - II),<MR-11>,529389569.31,3270174,Piauí
2025,3,PI,RGF-Anexo 01,DespesaComPessoalLiquida,DESPESA LÍQUIDA COM PESSOAL (III) = (I - II),<MR-10>,566270125.88,3270174,Piauí
2025,3,PI,RGF-Anexo 01,DespesaComPessoalLiquida,DESPESA LÍQUIDA COM PESSOAL (III) = (I - II),<MR-9>,540329881.65,3270174,Piauí
2025,3,PI,RGF-Anexo 01,DespesaComPessoalLiquida,DESPESA LÍQUIDA COM PESSOAL (III) = (I - II),<MR-8>,556085012.41,3270174,Piauí
2025,3,PI,RGF-Anexo 01,DespesaComPessoalLiquida,DESPESA LÍQUIDA COM PESSOAL (III) = (I - II),<MR-7>,575514366.93,3270174,Piauí
2025,3,PI,RGF-Anexo 01,DespesaComPessoalLiquida,DESPESA LÍQUIDA COM PESSOAL (III) = (I - II),<MR-6>,581205265.61,3270174,Piauí
2025,3,PI,RGF-Anexo 01,DespesaComPessoalLiquida,DESPESA LÍQUIDA COM PESSOAL (III) = (I - II),<MR-5>,579212091.02,3270174,Piauí
2025,3,PI,RGF-Anexo 01,DespesaComPessoalLiquida,DESPESA LÍQUIDA COM PESSOAL (III) = (I - II),<MR-4>,556331014.14,3270174,Piauí
2025,3,PI,RGF-Anexo 01,DespesaComPessoalLiquida,DESPESA LÍQUIDA COM PESSOAL (III) = (I - II),<MR-3>,545250147.62,3270174,Piauí
2025,3,PI,RGF-Anexo 01,DespesaComPessoalLiquida,DESPESA LÍQUIDA COM PESSOAL (III) = (I - II),<MR-2>,557914001.09,3270174,Piauí
2025,3,PI,RGF-Anexo 01,DespesaComPessoalLiquida,DESPESA LÍQUIDA COM PESSOAL (III) = (I - II),<MR-1>,552435491.17,3270174,Piauí
2025,3,PI,RGF-Anexo 01,DespesaComPessoalLiquida,DESPESA LÍQUIDA COM PESSOAL (III) = (I - II),<MR>,841950343.45,3270174,Piauí
2025,3,PI,RGF-Anexo 01,DespesaComPessoalLiquida,DESPESA LÍQUIDA COM PESSOAL (III) = (I - II),TOTAL (ÚLTIMOS 12 MESES) (a),6981887310.28,3270174,Piauí
2025,3,PI,RGF-Anexo 01,DespesaComPessoalLiquida,DESPESA LÍQUIDA COM PESSOAL (III) = (I - II),INSCRITAS EM RESTOS A PAGAR NÃO PROCESSADOS (b),70530331.72,3270174,Piauí
2025,3,PI,RGF-Anexo 01,ReceitaCorrenteLiquidaLimiteLegal,RECEITA CORRENTE LIQUIDA - RCL (IV),Valor,18732289115.6,3270174,Piauí
2025,3,PI,RGF-Anexo 01,DespesaComPessoalTotal,DESPESA TOTAL COM PESSOAL - DTP (VI) = (IIIa + IIIb),Valor,7052417642.0,3270174,Piauí
2025,3,PI,RGF-Anexo 01,DespesaComPessoalTotal,DESPESA TOTAL COM PESSOAL - DTP (VI) = (IIIa + IIIb),% sobre a RCL Ajustada,37.8,3270174,Piauí
2025,3,PI,RGF-Anexo 02,DividaConsolidada,DÍVIDA CONSOLIDADA - DC (I),SALDO DO EXERCÍCIO ANTERIOR,13178868744.35,3270174,Piauí
2025,3,PI,RGF-Anexo 02,DividaConsolidada,DÍVIDA CONSOLIDADA - DC (I),Até o 1º Quadrimestre,14681776229.63,3270174,Piauí
2025,3,PI,RGF-Anexo 02,DividaConsolidada,DÍVIDA CONSOLIDADA - DC (I),Até o 2º Quadrimestre,14196115414.0,3270174,Piauí
2025,3,PI,RGF-Anexo 02,DividaConsolidada,DÍVIDA CONSOLIDADA - DC (I),Até o 3º Quadrimestre,15446811206.43,3270174,Piauí
2025,3,PI,RGF-Anexo 02,DividaContratual,Dívida Contratual,SALDO DO EXERCÍCIO ANTERIOR,10668379575.75,3270174,Piauí
2025,3,PI,RGF-Anexo 02,DividaContratual,Dívida Contratual,Até o 1º Quadrimestre,12177649768.36,3270174,Piauí
2025,3,PI,RGF-Anexo 02,DividaContratual,Dívida Contratual,Até o 2º Quadrimestre,11861812760.89,3270174,Piauí
2025,3,PI,RGF-Anexo 02,DividaContratual,Dívida Contratual,Até o 3º Quadrimestre,12230165508.97,3270174,Piauí
2025,3,PI,RGF-Anexo 02,DividaConsolidadaLiquida,DÍVIDA CONSOLIDADA LÍQUIDA (DCL) (III) = (I - II),SALDO DO EXERCÍCIO ANTERIOR,10752874948.48,3270174,Piauí
2025,3,PI,RGF-Anexo 02,DividaConsolidadaLiquida,DÍVIDA CONSOLIDADA LÍQUIDA (DCL) (III) = (I - II),Até o 1º Quadrimestre,10582064921.84,3270174,Piauí
2025,3,PI,RGF-Anexo 02,DividaConsolidadaLiquida,DÍVIDA CONSOLIDADA LÍQUIDA (DCL) (III) = (I - II),Até o 2º Quadrimestre,10935740134.5,3270174,Piauí
2025,3,PI,RGF-Anexo 02,DividaConsolidadaLiquida,DÍVIDA CONSOLIDADA LÍQUIDA (DCL) (III) = (I - II),Até o 3º Quadrimestre,13350546206.89,3270174,Piauí
