exercicio,demonstrativo,periodo,periodicidade,instituicao,cod_ibge,uf,populacao,anexo,esfera,rotulo,coluna,cod_conta,conta,valor,uf_nome
2015,RREO,1,B,Governo do Estado da Paraíba,25,PB,3943885,RREO-Anexo 01,E,,Até o Bimestre (c),TransferenciasCorrentes,TRANSFERÊNCIAS CORRENTES,799850598.84,Paraíba
2015,RREO,1,B,Governo do Estado da Paraíba,25,PB,3943885,RREO-Anexo 01,E,,Até o Bimestre (c),TransferenciasCorrentesIntergovernamentais,Transferências Intergovernamentais,797489364.36,Paraíba
2015,RREO,1,B,Governo do Estado da Paraíba,25,PB,3943885,RREO-Anexo 01,E,,Até o Bimestre (c),TransferenciasCorrentesDeConvenios,Transferências de Convênios,2361234.48,Paraíba
2015,RREO,1,B,Governo do Estado da Paraíba,25,PB,3943885,RREO-Anexo 01,E,,Até o Bimestre (c),TransferenciasDeCapital,TRANSFERÊNCIAS DE CAPITAL,23875818.27,Paraíba
2015,RREO,1,B,Governo do Estado da Paraíba,25,PB,3943885,RREO-Anexo 01,E,,Até o Bimestre (c),TransferenciasDeCapitalIntergovernamentais,Transferências Intergovernamentais,241419.13,Paraíba
2015,RREO,1,B,Governo do Estado da Paraíba,25,PB,3943885,RREO-Anexo 01,E,,Até o Bimestre (c),TransferenciasDeCapitalDeConvenios,Transferências de Convênios,23634399.14,Paraíba
2015,RREO,1,B,Governo do Estado da Paraíba,25,PB,3943885,RREO-Anexo 06,E,,Até o Bimestre / 2015,RREO6TransferenciasCorrentes,Transferências Correntes,799850598.84,Paraíba
2015,RREO,1,B,Governo do Estado da Paraíba,25,PB,3943885,RREO-Anexo 06,E,,Até o Bimestre / 2014,RREO6TransferenciasCorrentes,Transferências Correntes,871711223.59,Paraíba
2015,RREO,1,B,Governo do Estado da Paraíba,25,PB,3943885,RREO-Anexo 06,E,,Até o Bimestre / 2015,RREO6CotaParteDoFPE,Cota-Parte do FPE,601594319.86,Paraíba
2015,RREO,1,B,Governo do Estado da Paraíba,25,PB,3943885,RREO-Anexo 06,E,,Até o Bimestre / 2014,RREO6CotaParteDoFPE,Cota-Parte do FPE,756478254.19,Paraíba
2015,RREO,1,B,Governo do Estado da Paraíba,25,PB,3943885,RREO-Anexo 06,E,,Até o Bimestre / 2015,RREO6OutrasTransferenciasCorrentes,Outras Transferências Correntes,195895044.5,Paraíba
2015,RREO,1,B,Governo do Estado da Paraíba,25,PB,3943885,RREO-Anexo 06,E,,Até o Bimestre / 2014,RREO6OutrasTransferenciasCorrentes,Outras Transferências Correntes,80448426.46,Paraíba
2015,RREO,1,B,Governo do Estado da Paraíba,25,PB,3943885,RREO-Anexo 06,E,,Até o Bimestre / 2015,RREO6TransferenciasDeCapital,Transferências de Capital,23875818.27,Paraíba
2015,RREO,1,B,Governo do Estado da Paraíba,25,PB,3943885,RREO-Anexo 06,E,,Até o Bimestre / 2014,RREO6TransferenciasDeCapital,Transferências de Capital,8815366.0,Paraíba
2015,RREO,1,B,Governo do Estado da Paraíba,25,PB,3943885,RREO-Anexo 06,E,,Até o Bimestre / 2015,RREO6OutrasTransferenciasDeCapital,Outras Transferências de Capital,241419.13,Paraíba
2015,RREO,2,B,Governo do Estado da Paraíba,25,PB,3943885,RREO-Anexo 01,E,,Até o Bimestre (c),TransferenciasCorrentes,TRANSFERÊNCIAS CORRENTES,1512966858.02,Paraíba
2015,RREO,2,B,Governo do Estado da Paraíba,25,PB,3943885,RREO-Anexo 01,E,,Até o Bimestre (c),TransferenciasCorrentesIntergovernamentais,Transferências Intergovernamentais,1500108886.35,Paraíba
2015,RREO,2,B,Governo do Estado da Paraíba,25,PB,3943885,RREO-Anexo 01,E,,Até o Bimestre (c),TransferenciasCorrentesDeConvenios,Transferências de Convênios,12857971.67,Paraíba
2015,RREO,2,B,Governo do Estado da Paraíba,25,PB,3943885,RREO-Anexo 01,E,,Até o Bimestre (c),TransferenciasDeCapital,TRANSFERÊNCIAS DE CAPITAL,32223640.19,Paraíba
2015,RREO,2,B,Governo do Estado da Paraíba,25,PB,3943885,RREO-Anexo 01,E,,Até o Bimestre (c),TransferenciasDeCapitalIntergovernamentais,Transferências Intergovernamentais,800749.13,Paraíba
2015,RREO,2,B,Governo do Estado da Paraíba,25,PB,3943885,RREO-Anexo 01,E,,Até o Bimestre (c),TransferenciasDeCapitalDeConvenios,Transferências de Convênios,31422891.06,Paraíba
2015,RREO,2,B,Governo do Estado da Paraíba,25,PB,3943885,RREO-Anexo 06,E,,Até o Bimestre / 2015,RREO6TransferenciasCorrentes,Transferências Correntes,1512966858.02,Paraíba
2015,RREO,2,B,Governo do Estado da Paraíba,25,PB,3943885,RREO-Anexo 06,E,,Até o Bimestre / 2014,RREO6TransferenciasCorrentes,Transferências Correntes,1461888842.05,Paraíba
2015,RREO,2,B,Governo do Estado da Paraíba,25,PB,3943885,RREO-Anexo 06,E,,Até o Bimestre / 2015,RREO6CotaParteDoFPE,Cota-Parte do FPE,1061823548.43,Paraíba
2015,RREO,2,B,Governo do Estado da Paraíba,25,PB,3943885,RREO-Anexo 06,E,,Até o Bimestre / 2014,RREO6CotaParteDoFPE,Cota-Parte do FPE,1252693226.17,Paraíba
2015,RREO,2,B,Governo do Estado da Paraíba,25,PB,3943885,RREO-Anexo 06,E,,Até o Bimestre / 2015,RREO6OutrasTransferenciasCorrentes,Outras Transferências Correntes,438285337.92,Paraíba
2015,RREO,2,B,Governo do Estado da Paraíba,25,PB,3943885,RREO-Anexo 06,E,,Até o Bimestre / 2014,RREO6OutrasTransferenciasCorrentes,Outras Transferências Correntes,144752206.8,Paraíba
2015,RREO,2,B,Governo do Estado da Paraíba,25,PB,3943885,RREO-Anexo 06,E,,Até o Bimestre / 2015,RREO6TransferenciasDeCapital,Transferências de Capital,32223640.19,Paraíba
2015,RREO,2,B,Governo do Estado da Paraíba,25,PB,3943885,RREO-Anexo 06,E,,Até o Bimestre / 2014,RREO6TransferenciasDeCapital,Transferências de Capital,54718413.34,Paraíba
2015,RREO,2,B,Governo do Estado da Paraíba,25,PB,3943885,RREO-Anexo 06,E,,Até o Bimestre / 2015,RREO6OutrasTransferenciasDeCapital,Outras Transferências de Capital,800749.13,Paraíba
2015,RREO,2,B,Governo do Estado da Paraíba,25,PB,3943885,RREO-Anexo 06,E,,Até o Bimestre / 2014,RREO6OutrasTransferenciasDeCapital,Outras Transferências de Capital,4177455.71,Paraíba
2015,RREO,3,B,Governo do Estado da Paraíba,25,PB,3943885,RREO-Anexo 01,E,,Até o Bimestre (c),TransferenciasCorrentes,TRANSFERÊNCIAS CORRENTES,2260067156.92,Paraíba
2015,RREO,3,B,Governo do Estado da Paraíba,25,PB,3943885,RREO-Anexo 01,E,,Até o Bimestre (c),TransferenciasCorrentesIntergovernamentais,Transferências Intergovernamentais,2242395456.99,Paraíba
2015,RREO,3,B,Governo do Estado da Paraíba,25,PB,3943885,RREO-Anexo 01,E,,Até o Bimestre (c),TransferenciasCorrentesDeConvenios,Transferências de Convênios,17671699.93,Paraíba
2015,RREO,3,B,Governo do Estado da Paraíba,25,PB,3943885,RREO-Anexo 01,E,,Até o Bimestre (c),TransferenciasDeCapital,TRANSFERÊNCIAS DE CAPITAL,46367503.64,Paraíba
2015,RREO,3,B,Governo do Estado da Paraíba,25,PB,3943885,RREO-Anexo 01,E,,Até o Bimestre (c),TransferenciasDeCapitalIntergovernamentais,Transferências Intergovernamentais,1150749.13,Paraíba
2015,RREO,3,B,Governo do Estado da Paraíba,25,PB,3943885,RREO-Anexo 01,E,,Até o Bimestre (c),TransferenciasDeCapitalDeConvenios,Transferências de Convênios,45216754.51,Paraíba
2015,RREO,3,B,Governo do Estado da Paraíba,25,PB,3943885,RREO-Anexo 06,E,,Até o Bimestre / 2015,RREO6TransferenciasCorrentes,Transferências Correntes,2260067156.92,Paraíba
2015,RREO,3,B,Governo do Estado da Paraíba,25,PB,3943885,RREO-Anexo 06,E,,Até o Bimestre / 2014,RREO6TransferenciasCorrentes,Transferências Correntes,2213099244.37,Paraíba
2015,RREO,3,B,Governo do Estado da Paraíba,25,PB,3943885,RREO-Anexo 06,E,,Até o Bimestre / 2015,RREO6CotaParteDoFPE,Cota-Parte do FPE,1611192616.1,Paraíba
2015,RREO,3,B,Governo do Estado da Paraíba,25,PB,3943885,RREO-Anexo 06,E,,Até o Bimestre / 2014,RREO6CotaParteDoFPE,Cota-Parte do FPE,1869468712.63,Paraíba
2015,RREO,3,B,Governo do Estado da Paraíba,25,PB,3943885,RREO-Anexo 06,E,,Até o Bimestre / 2015,RREO6OutrasTransferenciasCorrentes,Outras Transferências Correntes,631202840.89,Paraíba
2015,RREO,3,B,Governo do Estado da Paraíba,25,PB,3943885,RREO-Anexo 06,E,,Até o Bimestre / 2014,RREO6OutrasTransferenciasCorrentes,Outras Transferências Correntes,233035757.34,Paraíba
2015,RREO,3,B,Governo do Estado da Paraíba,25,PB,3943885,RREO-Anexo 06,E,,Até o Bimestre / 2015,RREO6TransferenciasDeCapital,Transferências de Capital,46367503.64,Paraíba
2015,RREO,3,B,Governo do Estado da Paraíba,25,PB,3943885,RREO-Anexo 06,E,,Até o Bimestre / 2014,RREO6TransferenciasDeCapital,Transferências de Capital,70243288.49,Paraíba
2015,RREO,3,B,Governo do Estado da Paraíba,25,PB,3943885,RREO-Anexo 06,E,,Até o Bimestre / 2015,RREO6OutrasTransferenciasDeCapital,Outras Transferências de Capital,1150749.13,Paraíba
2015,RREO,3,B,Governo do Estado da Paraíba,25,PB,3943885,RREO-Anexo 06,E,,Até o Bimestre / 2014,RREO6OutrasTransferenciasDeCapital,Outras Transferências de Capital,4931540.71,Paraíba
2015,RREO,4,B,Governo do Estado da Paraíba,25,PB,3943885,RREO-Anexo 01,E,,Até o Bimestre (c),TransferenciasCorrentes,TRANSFERÊNCIAS CORRENTES,2835803100.24,Paraíba
2015,RREO,4,B,Governo do Estado da Paraíba,25,PB,3943885,RREO-Anexo 01,E,,Até o Bimestre (c),TransferenciasCorrentesIntergovernamentais,Transferências Intergovernamentais,2816066397.7,Paraíba
2015,RREO,4,B,Governo do Estado da Paraíba,25,PB,3943885,RREO-Anexo 01,E,,Até o Bimestre (c),TransferenciasCorrentesDeConvenios,Transferências de Convênios,19736702.54,Paraíba
2015,RREO,4,B,Governo do Estado da Paraíba,25,PB,3943885,RREO-Anexo 01,E,,Até o Bimestre (c),TransferenciasDeCapital,TRANSFERÊNCIAS DE CAPITAL,102913683.57,Paraíba
2015,RREO,4,B,Governo do Estado da Paraíba,25,PB,3943885,RREO-Anexo 01,E,,Até o Bimestre (c),TransferenciasDeCapitalIntergovernamentais,Transferências Intergovernamentais,3833649.13,Paraíba
2015,RREO,4,B,Governo do Estado da Paraíba,25,PB,3943885,RREO-Anexo 01,E,,Até o Bimestre (c),TransferenciasDeCapitalDeConvenios,Transferências de Convênios,99080034.44,Paraíba
2015,RREO,4,B,Governo do Estado da Paraíba,25,PB,3943885,RREO-Anexo 06,E,,Até o Bimestre / 2015,RREO6TransferenciasCorrentes,Transferências Correntes,2835803100.24,Paraíba
2015,RREO,4,B,Governo do Estado da Paraíba,25,PB,3943885,RREO-Anexo 06,E,,Até o Bimestre / 2014,RREO6TransferenciasCorrentes,Transferências Correntes,2802328086.16,Paraíba
2015,RREO,4,B,Governo do Estado da Paraíba,25,PB,3943885,RREO-Anexo 06,E,,Até o Bimestre / 2015,RREO6CotaParteDoFPE,Cota-Parte do FPE,2021821255.14,Paraíba
2015,RREO,4,B,Governo do Estado da Paraíba,25,PB,3943885,RREO-Anexo 06,E,,Até o Bimestre / 2014,RREO6CotaParteDoFPE,Cota-Parte do FPE,2372272476.66,Paraíba
2015,RREO,4,B,Governo do Estado da Paraíba,25,PB,3943885,RREO-Anexo 06,E,,Até o Bimestre / 2015,RREO6OutrasTransferenciasCorrentes,Outras Transferências Correntes,794245142.56,Paraíba
2015,RREO,4,B,Governo do Estado da Paraíba,25,PB,3943885,RREO-Anexo 06,E,,Até o Bimestre / 2014,RREO6OutrasTransferenciasCorrentes,Outras Transferências Correntes,303167853.05,Paraíba
2015,RREO,4,B,Governo do Estado da Paraíba,25,PB,3943885,RREO-Anexo 06,E,,Até o Bimestre / 2015,RREO6TransferenciasDeCapital,Transferências de Capital,102913683.57,Paraíba
2015,RREO,4,B,Governo do Estado da Paraíba,25,PB,3943885,RREO-Anexo 06,E,,Até o Bimestre / 2014,RREO6TransferenciasDeCapital,Transferências de Capital,143352412.9,Paraíba
2015,RREO,4,B,Governo do Estado da Paraíba,25,PB,3943885,RREO-Anexo 06,E,,Até o Bimestre / 2015,RREO6OutrasTransferenciasDeCapital,Outras Transferências de Capital,3833649.13,Paraíba
2015,RREO,4,B,Governo do Estado da Paraíba,25,PB,3943885,RREO-Anexo 06,E,,Até o Bimestre / 2014,RREO6OutrasTransferenciasDeCapital,Outras Transferências de Capital,4931540.71,Paraíba
2015,RREO,5,B,Governo do Estado da Paraíba,25,PB,3943885,RREO-Anexo 01,E,,Até o Bimestre (c),TransferenciasCorrentes,TRANSFERÊNCIAS CORRENTES,3419478967.6,Paraíba
2015,RREO,5,B,Governo do Estado da Paraíba,25,PB,3943885,RREO-Anexo 01,E,,Até o Bimestre (c),TransferenciasCorrentesIntergovernamentais,Transferências Intergovernamentais,3388973989.96,Paraíba
2015,RREO,5,B,Governo do Estado da Paraíba,25,PB,3943885,RREO-Anexo 01,E,,Até o Bimestre (c),TransferenciasCorrentesDeConvenios,Transferências de Convênios,30504977.64,Paraíba
2015,RREO,5,B,Governo do Estado da Paraíba,25,PB,3943885,RREO-Anexo 01,E,,Até o Bimestre (c),TransferenciasDeCapital,TRANSFERÊNCIAS DE CAPITAL,141995541.42,Paraíba
2015,RREO,5,B,Governo do Estado da Paraíba,25,PB,3943885,RREO-Anexo 01,E,,Até o Bimestre (c),TransferenciasDeCapitalIntergovernamentais,Transferências Intergovernamentais,3833649.13,Paraíba
2015,RREO,5,B,Governo do Estado da Paraíba,25,PB,3943885,RREO-Anexo 01,E,,Até o Bimestre (c),TransferenciasDeCapitalDeConvenios,Transferências de Convênios,138161892.29,Paraíba
2015,RREO,5,B,Governo do Estado da Paraíba,25,PB,3943885,RREO-Anexo 06,E,,Até o Bimestre / 2015,RREO6TransferenciasCorrentes,Transferências Correntes,3419478967.6,Paraíba
2015,RREO,5,B,Governo do Estado da Paraíba,25,PB,3943885,RREO-Anexo 06,E,,Até o Bimestre / 2014,RREO6TransferenciasCorrentes,Transferências Correntes,3364424749.07,Paraíba
2015,RREO,5,B,Governo do Estado da Paraíba,25,PB,3943885,RREO-Anexo 06,E,,Até o Bimestre / 2015,RREO6CotaParteDoFPE,Cota-Parte do FPE,2416420437.25,Paraíba
2015,RREO,5,B,Governo do Estado da Paraíba,25,PB,3943885,RREO-Anexo 06,E,,Até o Bimestre / 2014,RREO6CotaParteDoFPE,Cota-Parte do FPE,2842501634.17,Paraíba
2015,RREO,5,B,Governo do Estado da Paraíba,25,PB,3943885,RREO-Anexo 06,E,,Até o Bimestre / 2015,RREO6OutrasTransferenciasCorrentes,Outras Transferências Correntes,972553552.71,Paraíba
2015,RREO,5,B,Governo do Estado da Paraíba,25,PB,3943885,RREO-Anexo 06,E,,Até o Bimestre / 2014,RREO6OutrasTransferenciasCorrentes,Outras Transferências Correntes,370108917.55,Paraíba
2015,RREO,5,B,Governo do Estado da Paraíba,25,PB,3943885,RREO-Anexo 06,E,,Até o Bimestre / 2015,RREO6TransferenciasDeCapital,Transferências de Capital,141995541.42,Paraíba
2015,RREO,5,B,Governo do Estado da Paraíba,25,PB,3943885,RREO-Anexo 06,E,,Até o Bimestre / 2014,RREO6TransferenciasDeCapital,Transferências de Capital,168300023.41,Paraíba
2015,RREO,5,B,Governo do Estado da Paraíba,25,PB,3943885,RREO-Anexo 06,E,,Até o Bimestre / 2015,RREO6OutrasTransferenciasDeCapital,Outras Transferências de Capital,3833649.13,Paraíba
2015,RREO,5,B,Governo do Estado da Paraíba,25,PB,3943885,RREO-Anexo 06,E,,Até o Bimestre / 2014,RREO6OutrasTransferenciasDeCapital,Outras Transferências de Capital,4931540.71,Paraíba
2015,RREO,6,B,Governo do Estado da Paraíba,25,PB,3943885,RREO-Anexo 01,E,,Até o Bimestre (c),TransferenciasCorrentes,TRANSFERÊNCIAS CORRENTES,4131168953.21,Paraíba
2015,RREO,6,B,Governo do Estado da Paraíba,25,PB,3943885,RREO-Anexo 01,E,,Até o Bimestre (c),TransferenciasCorrentesIntergovernamentais,Transferências Intergovernamentais,4089829070.82,Paraíba
2015,RREO,6,B,Governo do Estado da Paraíba,25,PB,3943885,RREO-Anexo 01,E,,Até o Bimestre (c),TransferenciasCorrentesDeConvenios,Transferências de Convênios,41339882.39,Paraíba
2015,RREO,6,B,Governo do Estado da Paraíba,25,PB,3943885,RREO-Anexo 01,E,,Até o Bimestre (c),TransferenciasDeCapital,TRANSFERÊNCIAS DE CAPITAL,145435832.59,Paraíba
2015,RREO,6,B,Governo do Estado da Paraíba,25,PB,3943885,RREO-Anexo 01,E,,Até o Bimestre (c),TransferenciasDeCapitalIntergovernamentais,Transferências Intergovernamentais,3833649.13,Paraíba
2015,RREO,6,B,Governo do Estado da Paraíba,25,PB,3943885,RREO-Anexo 01,E,,Até o Bimestre (c),TransferenciasDeCapitalDeConvenios,Transferências de Convênios,141602183.46,Paraíba
2015,RREO,6,B,Governo do Estado da Paraíba,25,PB,3943885,RREO-Anexo 06,E,,Até o Bimestre / 2015,RREO6TransferenciasCorrentes,Transferências Correntes,4131168953.21,Paraíba
2015,RREO,6,B,Governo do Estado da Paraíba,25,PB,3943885,RREO-Anexo 06,E,,Até o Bimestre / 2014,RREO6TransferenciasCorrentes,Transferências Correntes,4040679326.74,Paraíba
2015,RREO,6,B,Governo do Estado da Paraíba,25,PB,3943885,RREO-Anexo 06,E,,Até o Bimestre / 2015,RREO6CotaParteDoFPE,Cota-Parte do FPE,2926290764.09,Paraíba
2015,RREO,6,B,Governo do Estado da Paraíba,25,PB,3943885,RREO-Anexo 06,E,,Até o Bimestre / 2014,RREO6CotaParteDoFPE,Cota-Parte do FPE,3477110019.75,Paraíba
2015,RREO,6,B,Governo do Estado da Paraíba,25,PB,3943885,RREO-Anexo 06,E,,Até o Bimestre / 2015,RREO6OutrasTransferenciasCorrentes,Outras Transferências Correntes,1163538306.73,Paraíba
2015,RREO,6,B,Governo do Estado da Paraíba,25,PB,3943885,RREO-Anexo 06,E,,Até o Bimestre / 2014,RREO6OutrasTransferenciasCorrentes,Outras Transferências Correntes,429184443.9,Paraíba
2015,RREO,6,B,Governo do Estado da Paraíba,25,PB,3943885,RREO-Anexo 06,E,,Até o Bimestre / 2015,RREO6TransferenciasDeCapital,Transferências de Capital,145435832.59,Paraíba
2015,RREO,6,B,Governo do Estado da Paraíba,25,PB,3943885,RREO-Anexo 06,E,,Até o Bimestre / 2014,RREO6TransferenciasDeCapital,Transferências de Capital,205271345.44,Paraíba
2015,RREO,6,B,Governo do Estado da Paraíba,25,PB,3943885,RREO-Anexo 06,E,,Até o Bimestre / 2015,RREO6OutrasTransferenciasDeCapital,Outras Transferências de Capital,3833649.13,Paraíba
2015,RREO,6,B,Governo do Estado da Paraíba,25,PB,3943885,RREO-Anexo 06,E,,Até o Bimestre / 2014,RREO6OutrasTransferenciasDeCapital,Outras Transferências de Capital,5057300.71,Paraíba
2016,RREO,1,B,Governo do Estado da Paraíba,25,PB,3972202,RREO-Anexo 01,E,,Até o Bimestre (c),TransferenciasCorrentes,TRANSFERÊNCIAS CORRENTES,798005627.62,Paraíba
2016,RREO,1,B,Governo do Estado da Paraíba,25,PB,3972202,RREO-Anexo 01,E,,Até o Bimestre (c),TransferenciasCorrentesIntergovernamentais,Transferências Intergovernamentais,797129507.75,Paraíba
2016,RREO,1,B,Governo do Estado da Paraíba,25,PB,3972202,RREO-Anexo 01,E,,Até o Bimestre (c),TransferenciasCorrentesDeConvenios,Transferências de Convênios,876119.87,Paraíba
2016,RREO,1,B,Governo do Estado da Paraíba,25,PB,3972202,RREO-Anexo 01,E,,Até o Bimestre (c),TransferenciasDeCapital,TRANSFERÊNCIAS DE CAPITAL,26347346.67,Paraíba
2016,RREO,1,B,Governo do Estado da Paraíba,25,PB,3972202,RREO-Anexo 01,E,,Até o Bimestre (c),TransferenciasDeCapitalDeConvenios,Transferências de Convênios,26347346.67,Paraíba
2016,RREO,1,B,Governo do Estado da Paraíba,25,PB,3972202,RREO-Anexo 06,E,,Até o Bimestre / 2016,RREO6TransferenciasCorrentes,Transferências Correntes,798005627.62,Paraíba
2016,RREO,1,B,Governo do Estado da Paraíba,25,PB,3972202,RREO-Anexo 06,E,,Até o Bimestre / 2015,RREO6TransferenciasCorrentes,Transferências Correntes,799850598.84,Paraíba
2016,RREO,1,B,Governo do Estado da Paraíba,25,PB,3972202,RREO-Anexo 06,E,,Até o Bimestre / 2016,RREO6CotaParteDoFPE,Cota-Parte do FPE,584987668.55,Paraíba
2016,RREO,1,B,Governo do Estado da Paraíba,25,PB,3972202,RREO-Anexo 06,E,,Até o Bimestre / 2015,RREO6CotaParteDoFPE,Cota-Parte do FPE,601594319.86,Paraíba
2016,RREO,1,B,Governo do Estado da Paraíba,25,PB,3972202,RREO-Anexo 06,E,,Até o Bimestre / 2016,RREO6OutrasTransferenciasCorrentes,Outras Transferências Correntes,212141839.2,Paraíba
2016,RREO,1,B,Governo do Estado da Paraíba,25,PB,3972202,RREO-Anexo 06,E,,Até o Bimestre / 2015,RREO6OutrasTransferenciasCorrentes,Outras Transferências Correntes,195895044.5,Paraíba
2016,RREO,1,B,Governo do Estado da Paraíba,25,PB,3972202,RREO-Anexo 06,E,,Até o Bimestre / 2016,RREO6TransferenciasDeCapital,Transferências de Capital,26347346.67,Paraíba
2016,RREO,1,B,Governo do Estado da Paraíba,25,PB,3972202,RREO-Anexo 06,E,,Até o Bimestre / 2015,RREO6TransferenciasDeCapital,Transferências de Capital,23875818.27,Paraíba
2016,RREO,1,B,Governo do Estado da Paraíba,25,PB,3972202,RREO-Anexo 06,E,,Até o Bimestre / 2015,RREO6OutrasTransferenciasDeCapital,Outras Transferências de Capital,241419.13,Paraíba
2016,RREO,2,B,Governo do Estado da Paraíba,25,PB,3972202,RREO-Anexo 01,E,,Até o Bimestre (c),TransferenciasCorrentes,TRANSFERÊNCIAS CORRENTES,1419891760.01,Paraíba
2016,RREO,2,B,Governo do Estado da Paraíba,25,PB,3972202,RREO-Anexo 01,E,,Até o Bimestre (c),TransferenciasCorrentesIntergovernamentais,Transferências Intergovernamentais,1410990508.78,Paraíba
2016,RREO,2,B,Governo do Estado da Paraíba,25,PB,3972202,RREO-Anexo 01,E,,Até o Bimestre (c),TransferenciasCorrentesDeConvenios,Transferências de Convênios,8901251.23,Paraíba
2016,RREO,2,B,Governo do Estado da Paraíba,25,PB,3972202,RREO-Anexo 01,E,,Até o Bimestre (c),TransferenciasDeCapital,TRANSFERÊNCIAS DE CAPITAL,50734320.96,Paraíba
2016,RREO,2,B,Governo do Estado da Paraíba,25,PB,3972202,RREO-Anexo 01,E,,Até o Bimestre (c),TransferenciasDeCapitalDeConvenios,Transferências de Convênios,50734320.96,Paraíba
2016,RREO,2,B,Governo do Estado da Paraíba,25,PB,3972202,RREO-Anexo 06,E,,Até o Bimestre / 2016,RREO6TransferenciasCorrentes,Transferências Correntes,1419891760.01,Paraíba
2016,RREO,2,B,Governo do Estado da Paraíba,25,PB,3972202,RREO-Anexo 06,E,,Até o Bimestre / 2015,RREO6TransferenciasCorrentes,Transferências Correntes,1512966858.02,Paraíba
2016,RREO,2,B,Governo do Estado da Paraíba,25,PB,3972202,RREO-Anexo 06,E,,Até o Bimestre / 2016,RREO6CotaParteDoFPE,Cota-Parte do FPE,1017468931.72,Paraíba
2016,RREO,2,B,Governo do Estado da Paraíba,25,PB,3972202,RREO-Anexo 06,E,,Até o Bimestre / 2015,RREO6CotaParteDoFPE,Cota-Parte do FPE,1061823548.43,Paraíba
2016,RREO,2,B,Governo do Estado da Paraíba,25,PB,3972202,RREO-Anexo 06,E,,Até o Bimestre / 2016,RREO6OutrasTransferenciasCorrentes,Outras Transferências Correntes,393521577.06,Paraíba
2016,RREO,2,B,Governo do Estado da Paraíba,25,PB,3972202,RREO-Anexo 06,E,,Até o Bimestre / 2015,RREO6OutrasTransferenciasCorrentes,Outras Transferências Correntes,438285337.92,Paraíba
2016,RREO,2,B,Governo do Estado da Paraíba,25,PB,3972202,RREO-Anexo 06,E,,Até o Bimestre / 2016,RREO6TransferenciasDeCapital,Transferências de Capital,50734320.96,Paraíba
2016,RREO,2,B,Governo do Estado da Paraíba,25,PB,3972202,RREO-Anexo 06,E,,Até o Bimestre / 2015,RREO6TransferenciasDeCapital,Transferências de Capital,32223640.19,Paraíba
2016,RREO,2,B,Governo do Estado da Paraíba,25,PB,3972202,RREO-Anexo 06,E,,Até o Bimestre / 2015,RREO6OutrasTransferenciasDeCapital,Outras Transferências de Capital,800749.13,Paraíba
2016,RREO,3,B,Governo do Estado da Paraíba,25,PB,3972202,RREO-Anexo 01,E,,Até o Bimestre (c),TransferenciasCorrentes,TRANSFERÊNCIAS CORRENTES,2233509623.48,Paraíba
2016,RREO,3,B,Governo do Estado da Paraíba,25,PB,3972202,RREO-Anexo 01,E,,Até o Bimestre (c),TransferenciasCorrentesIntergovernamentais,Transferências Intergovernamentais,2214477763.43,Paraíba
2016,RREO,3,B,Governo do Estado da Paraíba,25,PB,3972202,RREO-Anexo 01,E,,Até o Bimestre (c),TransferenciasCorrentesDeConvenios,Transferências de Convênios,19031860.05,Paraíba
2016,RREO,3,B,Governo do Estado da Paraíba,25,PB,3972202,RREO-Anexo 01,E,,Até o Bimestre (c),TransferenciasDeCapital,TRANSFERÊNCIAS DE CAPITAL,80633596.04,Paraíba
2016,RREO,3,B,Governo do Estado da Paraíba,25,PB,3972202,RREO-Anexo 01,E,,Até o Bimestre (c),TransferenciasDeCapitalDeConvenios,Transferências de Convênios,80633596.04,Paraíba
2016,RREO,3,B,Governo do Estado da Paraíba,25,PB,3972202,RREO-Anexo 06,E,,Até o Bimestre / 2016,RREO6TransferenciasCorrentes,Transferências Correntes,2233509623.48,Paraíba
2016,RREO,3,B,Governo do Estado da Paraíba,25,PB,3972202,RREO-Anexo 06,E,,Até o Bimestre / 2015,RREO6TransferenciasCorrentes,Transferências Correntes,2260067156.92,Paraíba
2016,RREO,3,B,Governo do Estado da Paraíba,25,PB,3972202,RREO-Anexo 06,E,,Até o Bimestre / 2016,RREO6CotaParteDoFPE,Cota-Parte do FPE,1587859396.22,Paraíba
2016,RREO,3,B,Governo do Estado da Paraíba,25,PB,3972202,RREO-Anexo 06,E,,Até o Bimestre / 2015,RREO6CotaParteDoFPE,Cota-Parte do FPE,1611192616.1,Paraíba
2016,RREO,3,B,Governo do Estado da Paraíba,25,PB,3972202,RREO-Anexo 06,E,,Até o Bimestre / 2016,RREO6OutrasTransferenciasCorrentes,Outras Transferências Correntes,626618367.21,Paraíba
2016,RREO,3,B,Governo do Estado da Paraíba,25,PB,3972202,RREO-Anexo 06,E,,Até o Bimestre / 2015,RREO6OutrasTransferenciasCorrentes,Outras Transferências Correntes,631202840.89,Paraíba
2016,RREO,3,B,Governo do Estado da Paraíba,25,PB,3972202,RREO-Anexo 06,E,,Até o Bimestre / 2016,RREO6TransferenciasDeCapital,Transferências de Capital,80633596.04,Paraíba
2016,RREO,3,B,Governo do Estado da Paraíba,25,PB,3972202,RREO-Anexo 06,E,,Até o Bimestre / 2015,RREO6TransferenciasDeCapital,Transferências de Capital,46367503.64,Paraíba
2016,RREO,3,B,Governo do Estado da Paraíba,25,PB,3972202,RREO-Anexo 06,E,,Até o Bimestre / 2015,RREO6OutrasTransferenciasDeCapital,Outras Transferências de Capital,1150749.13,Paraíba
2016,RREO,4,B,Governo do Estado da Paraíba,25,PB,3972202,RREO-Anexo 01,E,,Até o Bimestre (c),TransferenciasCorrentes,TRANSFERÊNCIAS CORRENTES,2844873521.45,Paraíba
2016,RREO,4,B,Governo do Estado da Paraíba,25,PB,3972202,RREO-Anexo 01,E,,Até o Bimestre (c),TransferenciasCorrentesIntergovernamentais,Transferências Intergovernamentais,2818845483.17,Paraíba
2016,RREO,4,B,Governo do Estado da Paraíba,25,PB,3972202,RREO-Anexo 01,E,,Até o Bimestre (c),TransferenciasCorrentesDeConvenios,Transferências de Convênios,26028038.28,Paraíba
2016,RREO,4,B,Governo do Estado da Paraíba,25,PB,3972202,RREO-Anexo 01,E,,Até o Bimestre (c),TransferenciasDeCapital,TRANSFERÊNCIAS DE CAPITAL,140161319.27,Paraíba
2016,RREO,4,B,Governo do Estado da Paraíba,25,PB,3972202,RREO-Anexo 01,E,,Até o Bimestre (c),TransferenciasDeCapitalDeConvenios,Transferências de Convênios,140161319.27,Paraíba
2016,RREO,4,B,Governo do Estado da Paraíba,25,PB,3972202,RREO-Anexo 06,E,,Até o Bimestre / 2016,RREO6TransferenciasCorrentes,Transferências Correntes,2844873521.45,Paraíba
2016,RREO,4,B,Governo do Estado da Paraíba,25,PB,3972202,RREO-Anexo 06,E,,Até o Bimestre / 2015,RREO6TransferenciasCorrentes,Transferências Correntes,2835803100.24,Paraíba
2016,RREO,4,B,Governo do Estado da Paraíba,25,PB,3972202,RREO-Anexo 06,E,,Até o Bimestre / 2016,RREO6CotaParteDoFPE,Cota-Parte do FPE,2006966968.71,Paraíba
2016,RREO,4,B,Governo do Estado da Paraíba,25,PB,3972202,RREO-Anexo 06,E,,Até o Bimestre / 2015,RREO6CotaParteDoFPE,Cota-Parte do FPE,2021821255.14,Paraíba
2016,RREO,4,B,Governo do Estado da Paraíba,25,PB,3972202,RREO-Anexo 06,E,,Até o Bimestre / 2016,RREO6OutrasTransferenciasCorrentes,Outras Transferências Correntes,811878514.46,Paraíba
2016,RREO,4,B,Governo do Estado da Paraíba,25,PB,3972202,RREO-Anexo 06,E,,Até o Bimestre / 2015,RREO6OutrasTransferenciasCorrentes,Outras Transferências Correntes,794245142.56,Paraíba
2016,RREO,4,B,Governo do Estado da Paraíba,25,PB,3972202,RREO-Anexo 06,E,,Até o Bimestre / 2016,RREO6TransferenciasDeCapital,Transferências de Capital,140161319.27,Paraíba
2016,RREO,4,B,Governo do Estado da Paraíba,25,PB,3972202,RREO-Anexo 06,E,,Até o Bimestre / 2015,RREO6TransferenciasDeCapital,Transferências de Capital,102913683.57,Paraíba
2016,RREO,4,B,Governo do Estado da Paraíba,25,PB,3972202,RREO-Anexo 06,E,,Até o Bimestre / 2015,RREO6OutrasTransferenciasDeCapital,Outras Transferências de Capital,3833649.13,Paraíba
2016,RREO,5,B,Governo do Estado da Paraíba,25,PB,3972202,RREO-Anexo 01,E,,Até o Bimestre (c),TransferenciasCorrentes,TRANSFERÊNCIAS CORRENTES,3436762933.65,Paraíba
2016,RREO,5,B,Governo do Estado da Paraíba,25,PB,3972202,RREO-Anexo 01,E,,Até o Bimestre (c),TransferenciasCorrentesIntergovernamentais,Transferências Intergovernamentais,3408625755.65,Paraíba
2016,RREO,5,B,Governo do Estado da Paraíba,25,PB,3972202,RREO-Anexo 01,E,,Até o Bimestre (c),TransferenciasCorrentesDeConvenios,Transferências de Convênios,28137178.0,Paraíba
2016,RREO,5,B,Governo do Estado da Paraíba,25,PB,3972202,RREO-Anexo 01,E,,Até o Bimestre (c),TransferenciasDeCapital,TRANSFERÊNCIAS DE CAPITAL,165898548.06,Paraíba
2016,RREO,5,B,Governo do Estado da Paraíba,25,PB,3972202,RREO-Anexo 01,E,,Até o Bimestre (c),TransferenciasDeCapitalDeConvenios,Transferências de Convênios,165898548.06,Paraíba
2016,RREO,5,B,Governo do Estado da Paraíba,25,PB,3972202,RREO-Anexo 06,E,,Até o Bimestre / 2016,RREO6TransferenciasCorrentes,Transferências Correntes,3436762933.65,Paraíba
2016,RREO,5,B,Governo do Estado da Paraíba,25,PB,3972202,RREO-Anexo 06,E,,Até o Bimestre / 2015,RREO6TransferenciasCorrentes,Transferências Correntes,3419478967.6,Paraíba
2016,RREO,5,B,Governo do Estado da Paraíba,25,PB,3972202,RREO-Anexo 06,E,,Até o Bimestre / 2016,RREO6CotaParteDoFPE,Cota-Parte do FPE,2423648761.77,Paraíba
2016,RREO,5,B,Governo do Estado da Paraíba,25,PB,3972202,RREO-Anexo 06,E,,Até o Bimestre / 2015,RREO6CotaParteDoFPE,Cota-Parte do FPE,2416420437.25,Paraíba
2016,RREO,5,B,Governo do Estado da Paraíba,25,PB,3972202,RREO-Anexo 06,E,,Até o Bimestre / 2016,RREO6OutrasTransferenciasCorrentes,Outras Transferências Correntes,984976993.88,Paraíba
2016,RREO,5,B,Governo do Estado da Paraíba,25,PB,3972202,RREO-Anexo 06,E,,Até o Bimestre / 2015,RREO6OutrasTransferenciasCorrentes,Outras Transferências Correntes,972553552.71,Paraíba
2016,RREO,5,B,Governo do Estado da Paraíba,25,PB,3972202,RREO-Anexo 06,E,,Até o Bimestre / 2016,RREO6TransferenciasDeCapital,Transferências de Capital,165898548.06,Paraíba
2016,RREO,5,B,Governo do Estado da Paraíba,25,PB,3972202,RREO-Anexo 06,E,,Até o Bimestre / 2015,RREO6TransferenciasDeCapital,Transferências de Capital,141995541.42,Paraíba
2016,RREO,5,B,Governo do Estado da Paraíba,25,PB,3972202,RREO-Anexo 06,E,,Até o Bimestre / 2015,RREO6OutrasTransferenciasDeCapital,Outras Transferências de Capital,3833649.13,Paraíba
2016,RREO,6,B,Governo do Estado da Paraíba,25,PB,3972202,RREO-Anexo 01,E,,Até o Bimestre (c),TransferenciasCorrentes,TRANSFERÊNCIAS CORRENTES,4692451222.22,Paraíba
2016,RREO,6,B,Governo do Estado da Paraíba,25,PB,3972202,RREO-Anexo 01,E,,Até o Bimestre (c),TransferenciasCorrentesIntergovernamentais,Transferências Intergovernamentais,4601424866.66,Paraíba
2016,RREO,6,B,Governo do Estado da Paraíba,25,PB,3972202,RREO-Anexo 01,E,,Até o Bimestre (c),TransferenciasCorrentesDeConvenios,Transferências de Convênios,91026355.56,Paraíba
2016,RREO,6,B,Governo do Estado da Paraíba,25,PB,3972202,RREO-Anexo 01,E,,Até o Bimestre (c),TransferenciasDeCapital,TRANSFERÊNCIAS DE CAPITAL,262950396.57,Paraíba
2016,RREO,6,B,Governo do Estado da Paraíba,25,PB,3972202,RREO-Anexo 01,E,,Até o Bimestre (c),TransferenciasDeCapitalIntergovernamentais,Transferências Intergovernamentais,794989.99,Paraíba
2016,RREO,6,B,Governo do Estado da Paraíba,25,PB,3972202,RREO-Anexo 01,E,,Até o Bimestre (c),TransferenciasDeCapitalDeConvenios,Transferências de Convênios,262155406.58,Paraíba
2016,RREO,6,B,Governo do Estado da Paraíba,25,PB,3972202,RREO-Anexo 06,E,,Até o Bimestre / 2016,RREO6TransferenciasCorrentes,Transferências Correntes,4692451222.22,Paraíba
2016,RREO,6,B,Governo do Estado da Paraíba,25,PB,3972202,RREO-Anexo 06,E,,Até o Bimestre / 2015,RREO6TransferenciasCorrentes,Transferências Correntes,4131168953.21,Paraíba
2016,RREO,6,B,Governo do Estado da Paraíba,25,PB,3972202,RREO-Anexo 06,E,,Até o Bimestre / 2016,RREO6CotaParteDoFPE,Cota-Parte do FPE,3322438280.17,Paraíba
2016,RREO,6,B,Governo do Estado da Paraíba,25,PB,3972202,RREO-Anexo 06,E,,Até o Bimestre / 2015,RREO6CotaParteDoFPE,Cota-Parte do FPE,2926290764.09,Paraíba
2016,RREO,6,B,Governo do Estado da Paraíba,25,PB,3972202,RREO-Anexo 06,E,,Até o Bimestre / 2016,RREO6OutrasTransferenciasCorrentes,Outras Transferências Correntes,1278986586.49,Paraíba
2016,RREO,6,B,Governo do Estado da Paraíba,25,PB,3972202,RREO-Anexo 06,E,,Até o Bimestre / 2015,RREO6OutrasTransferenciasCorrentes,Outras Transferências Correntes,1163538306.73,Paraíba
2016,RREO,6,B,Governo do Estado da Paraíba,25,PB,3972202,RREO-Anexo 06,E,,Até o Bimestre / 2016,RREO6TransferenciasDeCapital,Transferências de Capital,262950396.57,Paraíba
2016,RREO,6,B,Governo do Estado da Paraíba,25,PB,3972202,RREO-Anexo 06,E,,Até o Bimestre / 2015,RREO6TransferenciasDeCapital,Transferências de Capital,145435832.59,Paraíba
2016,RREO,6,B,Governo do Estado da Paraíba,25,PB,3972202,RREO-Anexo 06,E,,Até o Bimestre / 2016,RREO6OutrasTransferenciasDeCapital,Outras Transferências de Capital,794989.99,Paraíba
2016,RREO,6,B,Governo do Estado da Paraíba,25,PB,3972202,RREO-Anexo 06,E,,Até o Bimestre / 2015,RREO6OutrasTransferenciasDeCapital,Outras Transferências de Capital,3833649.13,Paraíba
2017,RREO,1,B,Governo do Estado da Paraíba,25,PB,3999415,RREO-Anexo 01,E,,Até o Bimestre (c),TransferenciasCorrentes,TRANSFERÊNCIAS CORRENTES,882799193.97,Paraíba
2017,RREO,1,B,Governo do Estado da Paraíba,25,PB,3999415,RREO-Anexo 01,E,,Até o Bimestre (c),TransferenciasCorrentesIntergovernamentais,Transferências Intergovernamentais,879858201.27,Paraíba
2017,RREO,1,B,Governo do Estado da Paraíba,25,PB,3999415,RREO-Anexo 01,E,,Até o Bimestre (c),TransferenciasCorrentesDeConvenios,Transferências de Convênios,2940992.7,Paraíba
2017,RREO,1,B,Governo do Estado da Paraíba,25,PB,3999415,RREO-Anexo 01,E,,Até o Bimestre (c),TransferenciasDeCapital,TRANSFERÊNCIAS DE CAPITAL,10342067.3,Paraíba
2017,RREO,1,B,Governo do Estado da Paraíba,25,PB,3999415,RREO-Anexo 01,E,,Até o Bimestre (c),TransferenciasDeCapitalDeConvenios,Transferências de Convênios,10342067.3,Paraíba
2017,RREO,1,B,Governo do Estado da Paraíba,25,PB,3999415,RREO-Anexo 06,E,,Até o Bimestre / 2017,RREO6TransferenciasCorrentes,Transferências Correntes,882799193.97,Paraíba
2017,RREO,1,B,Governo do Estado da Paraíba,25,PB,3999415,RREO-Anexo 06,E,,Até o Bimestre / 2016,RREO6TransferenciasCorrentes,Transferências Correntes,798005627.62,Paraíba
2017,RREO,1,B,Governo do Estado da Paraíba,25,PB,3999415,RREO-Anexo 06,E,,Até o Bimestre / 2017,RREO6CotaParteDoFPE,Cota-Parte do FPE,635237362.51,Paraíba
2017,RREO,1,B,Governo do Estado da Paraíba,25,PB,3999415,RREO-Anexo 06,E,,Até o Bimestre / 2016,RREO6CotaParteDoFPE,Cota-Parte do FPE,584987668.55,Paraíba
2017,RREO,1,B,Governo do Estado da Paraíba,25,PB,3999415,RREO-Anexo 06,E,,Até o Bimestre / 2017,RREO6OutrasTransferenciasCorrentes,Outras Transferências Correntes,244620838.76,Paraíba
2017,RREO,1,B,Governo do Estado da Paraíba,25,PB,3999415,RREO-Anexo 06,E,,Até o Bimestre / 2016,RREO6OutrasTransferenciasCorrentes,Outras Transferências Correntes,212141839.2,Paraíba
2017,RREO,1,B,Governo do Estado da Paraíba,25,PB,3999415,RREO-Anexo 06,E,,Até o Bimestre / 2017,RREO6TransferenciasDeCapital,Transferências de Capital,10342067.3,Paraíba
2017,RREO,1,B,Governo do Estado da Paraíba,25,PB,3999415,RREO-Anexo 06,E,,Até o Bimestre / 2016,RREO6TransferenciasDeCapital,Transferências de Capital,26347346.67,Paraíba
2017,RREO,2,B,Governo do Estado da Paraíba,25,PB,3999415,RREO-Anexo 01,E,,Até o Bimestre (c),TransferenciasCorrentes,TRANSFERÊNCIAS CORRENTES,1573931721.72,Paraíba
2017,RREO,2,B,Governo do Estado da Paraíba,25,PB,3999415,RREO-Anexo 01,E,,Até o Bimestre (c),TransferenciasCorrentesIntergovernamentais,Transferências Intergovernamentais,1569518873.82,Paraíba
2017,RREO,2,B,Governo do Estado da Paraíba,25,PB,3999415,RREO-Anexo 01,E,,Até o Bimestre (c),TransferenciasCorrentesDeConvenios,Transferências de Convênios,4412847.9,Paraíba
2017,RREO,2,B,Governo do Estado da Paraíba,25,PB,3999415,RREO-Anexo 01,E,,Até o Bimestre (c),TransferenciasDeCapital,TRANSFERÊNCIAS DE CAPITAL,20070507.57,Paraíba
2017,RREO,2,B,Governo do Estado da Paraíba,25,PB,3999415,RREO-Anexo 01,E,,Até o Bimestre (c),TransferenciasDeCapitalDeConvenios,Transferências de Convênios,20070507.57,Paraíba
2017,RREO,2,B,Governo do Estado da Paraíba,25,PB,3999415,RREO-Anexo 06,E,,Até o Bimestre / 2017,RREO6TransferenciasCorrentes,Transferências Correntes,1573931721.72,Paraíba
2017,RREO,2,B,Governo do Estado da Paraíba,25,PB,3999415,RREO-Anexo 06,E,,Até o Bimestre / 2016,RREO6TransferenciasCorrentes,Transferências Correntes,1419891760.01,Paraíba
2017,RREO,2,B,Governo do Estado da Paraíba,25,PB,3999415,RREO-Anexo 06,E,,Até o Bimestre / 2017,RREO6CotaParteDoFPE,Cota-Parte do FPE,1127554229.77,Paraíba
2017,RREO,2,B,Governo do Estado da Paraíba,25,PB,3999415,RREO-Anexo 06,E,,Até o Bimestre / 2016,RREO6CotaParteDoFPE,Cota-Parte do FPE,1017468931.72,Paraíba
2017,RREO,2,B,Governo do Estado da Paraíba,25,PB,3999415,RREO-Anexo 06,E,,Até o Bimestre / 2017,RREO6OutrasTransferenciasCorrentes,Outras Transferências Correntes,441964644.05,Paraíba
2017,RREO,2,B,Governo do Estado da Paraíba,25,PB,3999415,RREO-Anexo 06,E,,Até o Bimestre / 2016,RREO6OutrasTransferenciasCorrentes,Outras Transferências Correntes,393521577.06,Paraíba
2017,RREO,2,B,Governo do Estado da Paraíba,25,PB,3999415,RREO-Anexo 06,E,,Até o Bimestre / 2017,RREO6TransferenciasDeCapital,Transferências de Capital,20070507.57,Paraíba
2017,RREO,2,B,Governo do Estado da Paraíba,25,PB,3999415,RREO-Anexo 06,E,,Até o Bimestre / 2016,RREO6TransferenciasDeCapital,Transferências de Capital,50734320.96,Paraíba
2017,RREO,3,B,Governo do Estado da Paraíba,25,PB,3999415,RREO-Anexo 01,E,,Até o Bimestre (c),TransferenciasCorrentes,TRANSFERÊNCIAS CORRENTES,2382035007.77,Paraíba
2017,RREO,3,B,Governo do Estado da Paraíba,25,PB,3999415,RREO-Anexo 01,E,,Até o Bimestre (c),TransferenciasCorrentesIntergovernamentais,Transferências Intergovernamentais,2370844293.15,Paraíba
2017,RREO,3,B,Governo do Estado da Paraíba,25,PB,3999415,RREO-Anexo 01,E,,Até o Bimestre (c),TransferenciasCorrentesDeConvenios,Transferências de Convênios,11190714.62,Paraíba
2017,RREO,3,B,Governo do Estado da Paraíba,25,PB,3999415,RREO-Anexo 01,E,,Até o Bimestre (c),TransferenciasDeCapital,TRANSFERÊNCIAS DE CAPITAL,34026391.54,Paraíba
2017,RREO,3,B,Governo do Estado da Paraíba,25,PB,3999415,RREO-Anexo 01,E,,Até o Bimestre (c),TransferenciasDeCapitalDeConvenios,Transferências de Convênios,34026391.54,Paraíba
2017,RREO,3,B,Governo do Estado da Paraíba,25,PB,3999415,RREO-Anexo 06,E,,Até o Bimestre / 2017,RREO6TransferenciasCorrentes,Transferências Correntes,2382035007.77,Paraíba
2017,RREO,3,B,Governo do Estado da Paraíba,25,PB,3999415,RREO-Anexo 06,E,,Até o Bimestre / 2016,RREO6TransferenciasCorrentes,Transferências Correntes,2233509623.48,Paraíba
2017,RREO,3,B,Governo do Estado da Paraíba,25,PB,3999415,RREO-Anexo 06,E,,Até o Bimestre / 2017,RREO6CotaParteDoFPE,Cota-Parte do FPE,1714711621.07,Paraíba
2017,RREO,3,B,Governo do Estado da Paraíba,25,PB,3999415,RREO-Anexo 06,E,,Até o Bimestre / 2016,RREO6CotaParteDoFPE,Cota-Parte do FPE,1587859396.22,Paraíba
2017,RREO,3,B,Governo do Estado da Paraíba,25,PB,3999415,RREO-Anexo 06,E,,Até o Bimestre / 2017,RREO6OutrasTransferenciasCorrentes,Outras Transferências Correntes,656132672.08,Paraíba
2017,RREO,3,B,Governo do Estado da Paraíba,25,PB,3999415,RREO-Anexo 06,E,,Até o Bimestre / 2016,RREO6OutrasTransferenciasCorrentes,Outras Transferências Correntes,626618367.21,Paraíba
2017,RREO,3,B,Governo do Estado da Paraíba,25,PB,3999415,RREO-Anexo 06,E,,Até o Bimestre / 2017,RREO6TransferenciasDeCapital,Transferências de Capital,34026391.54,Paraíba
2017,RREO,3,B,Governo do Estado da Paraíba,25,PB,3999415,RREO-Anexo 06,E,,Até o Bimestre / 2016,RREO6TransferenciasDeCapital,Transferências de Capital,80633596.04,Paraíba
2017,RREO,4,B,Governo do Estado da Paraíba,25,PB,3999415,RREO-Anexo 01,E,,Até o Bimestre (c),TransferenciasCorrentes,TRANSFERÊNCIAS CORRENTES,3026419504.15,Paraíba
2017,RREO,4,B,Governo do Estado da Paraíba,25,PB,3999415,RREO-Anexo 01,E,,Até o Bimestre (c),TransferenciasCorrentesIntergovernamentais,Transferências Intergovernamentais,3008243697.0,Paraíba
2017,RREO,4,B,Governo do Estado da Paraíba,25,PB,3999415,RREO-Anexo 01,E,,Até o Bimestre (c),TransferenciasCorrentesDeConvenios,Transferências de Convênios,18175807.15,Paraíba
2017,RREO,4,B,Governo do Estado da Paraíba,25,PB,3999415,RREO-Anexo 01,E,,Até o Bimestre (c),TransferenciasDeCapital,TRANSFERÊNCIAS DE CAPITAL,44879292.7,Paraíba
2017,RREO,4,B,Governo do Estado da Paraíba,25,PB,3999415,RREO-Anexo 01,E,,Até o Bimestre (c),TransferenciasDeCapitalDeConvenios,Transferências de Convênios,44879292.7,Paraíba
2017,RREO,4,B,Governo do Estado da Paraíba,25,PB,3999415,RREO-Anexo 06,E,,Até o Bimestre / 2017,RREO6TransferenciasCorrentes,Transferências Correntes,3026419504.15,Paraíba
2017,RREO,4,B,Governo do Estado da Paraíba,25,PB,3999415,RREO-Anexo 06,E,,Até o Bimestre / 2016,RREO6TransferenciasCorrentes,Transferências Correntes,2844873521.45,Paraíba
2017,RREO,4,B,Governo do Estado da Paraíba,25,PB,3999415,RREO-Anexo 06,E,,Até o Bimestre / 2017,RREO6CotaParteDoFPE,Cota-Parte do FPE,2176762308.91,Paraíba
2017,RREO,4,B,Governo do Estado da Paraíba,25,PB,3999415,RREO-Anexo 06,E,,Até o Bimestre / 2016,RREO6CotaParteDoFPE,Cota-Parte do FPE,2006966968.71,Paraíba
2017,RREO,4,B,Governo do Estado da Paraíba,25,PB,3999415,RREO-Anexo 06,E,,Até o Bimestre / 2017,RREO6OutrasTransferenciasCorrentes,Outras Transferências Correntes,831481388.09,Paraíba
2017,RREO,4,B,Governo do Estado da Paraíba,25,PB,3999415,RREO-Anexo 06,E,,Até o Bimestre / 2016,RREO6OutrasTransferenciasCorrentes,Outras Transferências Correntes,811878514.46,Paraíba
2017,RREO,4,B,Governo do Estado da Paraíba,25,PB,3999415,RREO-Anexo 06,E,,Até o Bimestre / 2017,RREO6TransferenciasDeCapital,Transferências de Capital,44879292.7,Paraíba
2017,RREO,4,B,Governo do Estado da Paraíba,25,PB,3999415,RREO-Anexo 06,E,,Até o Bimestre / 2016,RREO6TransferenciasDeCapital,Transferências de Capital,140161319.27,Paraíba
2017,RREO,5,B,Governo do Estado da Paraíba,25,PB,3999415,RREO-Anexo 01,E,,Até o Bimestre (c),TransferenciasCorrentes,TRANSFERÊNCIAS CORRENTES,3671647689.23,Paraíba
2017,RREO,5,B,Governo do Estado da Paraíba,25,PB,3999415,RREO-Anexo 01,E,,Até o Bimestre (c),TransferenciasCorrentesIntergovernamentais,Transferências Intergovernamentais,3648291770.07,Paraíba
2017,RREO,5,B,Governo do Estado da Paraíba,25,PB,3999415,RREO-Anexo 01,E,,Até o Bimestre (c),TransferenciasCorrentesDeConvenios,Transferências de Convênios,23355919.16,Paraíba
2017,RREO,5,B,Governo do Estado da Paraíba,25,PB,3999415,RREO-Anexo 01,E,,Até o Bimestre (c),TransferenciasDeCapital,TRANSFERÊNCIAS DE CAPITAL,71145601.95,Paraíba
2017,RREO,5,B,Governo do Estado da Paraíba,25,PB,3999415,RREO-Anexo 01,E,,Até o Bimestre (c),TransferenciasDeCapitalIntergovernamentais,Transferências Intergovernamentais,3142088.0,Paraíba
2017,RREO,5,B,Governo do Estado da Paraíba,25,PB,3999415,RREO-Anexo 01,E,,Até o Bimestre (c),TransferenciasDeCapitalDeConvenios,Transferências de Convênios,68003513.95,Paraíba
2017,RREO,5,B,Governo do Estado da Paraíba,25,PB,3999415,RREO-Anexo 06,E,,Até o Bimestre / 2017,RREO6TransferenciasCorrentes,Transferências Correntes,3671647689.23,Paraíba
2017,RREO,5,B,Governo do Estado da Paraíba,25,PB,3999415,RREO-Anexo 06,E,,Até o Bimestre / 2016,RREO6TransferenciasCorrentes,Transferências Correntes,3436762933.65,Paraíba
2017,RREO,5,B,Governo do Estado da Paraíba,25,PB,3999415,RREO-Anexo 06,E,,Até o Bimestre / 2017,RREO6CotaParteDoFPE,Cota-Parte do FPE,2615335557.19,Paraíba
2017,RREO,5,B,Governo do Estado da Paraíba,25,PB,3999415,RREO-Anexo 06,E,,Até o Bimestre / 2016,RREO6CotaParteDoFPE,Cota-Parte do FPE,2423648761.77,Paraíba
2017,RREO,5,B,Governo do Estado da Paraíba,25,PB,3999415,RREO-Anexo 06,E,,Até o Bimestre / 2017,RREO6OutrasTransferenciasCorrentes,Outras Transferências Correntes,1032956212.88,Paraíba
2017,RREO,5,B,Governo do Estado da Paraíba,25,PB,3999415,RREO-Anexo 06,E,,Até o Bimestre / 2016,RREO6OutrasTransferenciasCorrentes,Outras Transferências Correntes,984976993.88,Paraíba
2017,RREO,5,B,Governo do Estado da Paraíba,25,PB,3999415,RREO-Anexo 06,E,,Até o Bimestre / 2017,RREO6TransferenciasDeCapital,Transferências de Capital,71145601.95,Paraíba
2017,RREO,5,B,Governo do Estado da Paraíba,25,PB,3999415,RREO-Anexo 06,E,,Até o Bimestre / 2016,RREO6TransferenciasDeCapital,Transferências de Capital,165898548.06,Paraíba
2017,RREO,5,B,Governo do Estado da Paraíba,25,PB,3999415,RREO-Anexo 06,E,,Até o Bimestre / 2017,RREO6OutrasTransferenciasDeCapital,Outras Transferências de Capital,3142088.0,Paraíba
2017,RREO,6,B,Governo do Estado da Paraíba,25,PB,3999415,RREO-Anexo 01,E,,Até o Bimestre (c),TransferenciasCorrentes,TRANSFERÊNCIAS CORRENTES,4476869874.38,Paraíba
2017,RREO,6,B,Governo do Estado da Paraíba,25,PB,3999415,RREO-Anexo 01,E,,Até o Bimestre (c),TransferenciasCorrentesIntergovernamentais,Transferências Intergovernamentais,4444297779.46,Paraíba
2017,RREO,6,B,Governo do Estado da Paraíba,25,PB,3999415,RREO-Anexo 01,E,,Até o Bimestre (c),TransferenciasCorrentesDeConvenios,Transferências de Convênios,32572094.92,Paraíba
2017,RREO,6,B,Governo do Estado da Paraíba,25,PB,3999415,RREO-Anexo 01,E,,Até o Bimestre (c),TransferenciasDeCapital,TRANSFERÊNCIAS DE CAPITAL,126583202.59,Paraíba
2017,RREO,6,B,Governo do Estado da Paraíba,25,PB,3999415,RREO-Anexo 01,E,,Até o Bimestre (c),TransferenciasDeCapitalIntergovernamentais,Transferências Intergovernamentais,8158342.67,Paraíba
2017,RREO,6,B,Governo do Estado da Paraíba,25,PB,3999415,RREO-Anexo 01,E,,Até o Bimestre (c),TransferenciasDeCapitalDeConvenios,Transferências de Convênios,118424859.92,Paraíba
2017,RREO,6,B,Governo do Estado da Paraíba,25,PB,3999415,RREO-Anexo 06,E,,Até o Bimestre / 2017,RREO6TransferenciasCorrentes,Transferências Correntes,4476869874.38,Paraíba
2017,RREO,6,B,Governo do Estado da Paraíba,25,PB,3999415,RREO-Anexo 06,E,,Até o Bimestre / 2016,RREO6TransferenciasCorrentes,Transferências Correntes,4692451222.22,Paraíba
2017,RREO,6,B,Governo do Estado da Paraíba,25,PB,3999415,RREO-Anexo 06,E,,Até o Bimestre / 2017,RREO6CotaParteDoFPE,Cota-Parte do FPE,3205799449.07,Paraíba
2017,RREO,6,B,Governo do Estado da Paraíba,25,PB,3999415,RREO-Anexo 06,E,,Até o Bimestre / 2016,RREO6CotaParteDoFPE,Cota-Parte do FPE,3322438280.17,Paraíba
2017,RREO,6,B,Governo do Estado da Paraíba,25,PB,3999415,RREO-Anexo 06,E,,Até o Bimestre / 2017,RREO6OutrasTransferenciasCorrentes,Outras Transferências Correntes,1238498330.39,Paraíba
2017,RREO,6,B,Governo do Estado da Paraíba,25,PB,3999415,RREO-Anexo 06,E,,Até o Bimestre / 2016,RREO6OutrasTransferenciasCorrentes,Outras Transferências Correntes,1278986586.49,Paraíba
2017,RREO,6,B,Governo do Estado da Paraíba,25,PB,3999415,RREO-Anexo 06,E,,Até o Bimestre / 2017,RREO6TransferenciasDeCapital,Transferências de Capital,126583202.59,Paraíba
2017,RREO,6,B,Governo do Estado da Paraíba,25,PB,3999415,RREO-Anexo 06,E,,Até o Bimestre / 2016,RREO6TransferenciasDeCapital,Transferências de Capital,262950396.57,Paraíba
2017,RREO,6,B,Governo do Estado da Paraíba,25,PB,3999415,RREO-Anexo 06,E,,Até o Bimestre / 2017,RREO6OutrasTransferenciasDeCapital,Outras Transferências de Capital,8158342.67,Paraíba
2017,RREO,6,B,Governo do Estado da Paraíba,25,PB,3999415,RREO-Anexo 06,E,,Até o Bimestre / 2016,RREO6OutrasTransferenciasDeCapital,Outras Transferências de Capital,794989.99,Paraíba
2018,RREO,1,B,Governo do Estado da Paraíba,25,PB,3999415,RREO-Anexo 01,E,Padrão,Até o Bimestre (c),TransferenciasCorrentes,TRANSFERÊNCIAS CORRENTES,928399797.25,Paraíba
2018,RREO,1,B,Governo do Estado da Paraíba,25,PB,3999415,RREO-Anexo 01,E,Padrão,Até o Bimestre (c),TransferenciasCorrentesDaUniaoEDeSuasEntidades,Transferências da União e de suas Entidades,712186008.68,Paraíba
2018,RREO,1,B,Governo do Estado da Paraíba,25,PB,3999415,RREO-Anexo 01,E,Padrão,Até o Bimestre (c),TransferenciasCorrentesDeOutrasInstituicoesPublicas,Transferências de Outras Instituições Públicas,216213788.57,Paraíba
2018,RREO,1,B,Governo do Estado da Paraíba,25,PB,3999415,RREO-Anexo 01,E,Padrão,Até o Bimestre (c),TransferenciasDeCapital,TRANSFERÊNCIAS DE CAPITAL,75954398.77,Paraíba
2018,RREO,1,B,Governo do Estado da Paraíba,25,PB,3999415,RREO-Anexo 01,E,Padrão,Até o Bimestre (c),TransferenciasDeCapitalDeOutrasInstituicoesPublicas,Transferências de Outras Instituições Públicas,75954398.77,Paraíba
2018,RREO,2,B,Governo do Estado da Paraíba,25,PB,3999415,RREO-Anexo 01,E,Padrão,Até o Bimestre (c),TransferenciasCorrentes,TRANSFERÊNCIAS CORRENTES,1650980931.08,Paraíba
2018,RREO,2,B,Governo do Estado da Paraíba,25,PB,3999415,RREO-Anexo 01,E,Padrão,Até o Bimestre (c),TransferenciasCorrentesDaUniaoEDeSuasEntidades,Transferências da União e de suas Entidades,1289026812.97,Paraíba
2018,RREO,2,B,Governo do Estado da Paraíba,25,PB,3999415,RREO-Anexo 01,E,Padrão,Até o Bimestre (c),TransferenciasCorrentesDeOutrasInstituicoesPublicas,Transferências de Outras Instituições Públicas,361954118.11,Paraíba
2018,RREO,2,B,Governo do Estado da Paraíba,25,PB,3999415,RREO-Anexo 01,E,Padrão,Até o Bimestre (c),TransferenciasDeCapital,TRANSFERÊNCIAS DE CAPITAL,81339200.34,Paraíba
2018,RREO,2,B,Governo do Estado da Paraíba,25,PB,3999415,RREO-Anexo 01,E,Padrão,Até o Bimestre (c),TransferenciasDeCapitalDaUniaoEDeSuasEntidades,Transferências da União e de suas Entidades,1752790.0,Paraíba
2018,RREO,2,B,Governo do Estado da Paraíba,25,PB,3999415,RREO-Anexo 01,E,Padrão,Até o Bimestre (c),TransferenciasDeCapitalDeOutrasInstituicoesPublicas,Transferências de Outras Instituições Públicas,79586410.34,Paraíba
2018,RREO,3,B,Governo do Estado da Paraíba,25,PB,3999415,RREO-Anexo 01,E,Padrão,Até o Bimestre (c),TransferenciasCorrentes,TRANSFERÊNCIAS CORRENTES,2548390072.36,Paraíba
2018,RREO,3,B,Governo do Estado da Paraíba,25,PB,3999415,RREO-Anexo 01,E,Padrão,Até o Bimestre (c),TransferenciasCorrentesDaUniaoEDeSuasEntidades,Transferências da União e de suas Entidades,1987885958.51,Paraíba
2018,RREO,3,B,Governo do Estado da Paraíba,25,PB,3999415,RREO-Anexo 01,E,Padrão,Até o Bimestre (c),TransferenciasCorrentesDeOutrasInstituicoesPublicas,Transferências de Outras Instituições Públicas,560504113.85,Paraíba
2018,RREO,3,B,Governo do Estado da Paraíba,25,PB,3999415,RREO-Anexo 01,E,Padrão,Até o Bimestre (c),TransferenciasDeCapital,TRANSFERÊNCIAS DE CAPITAL,118519363.55,Paraíba
2018,RREO,3,B,Governo do Estado da Paraíba,25,PB,3999415,RREO-Anexo 01,E,Padrão,Até o Bimestre (c),TransferenciasDeCapitalDaUniaoEDeSuasEntidades,Transferências da União e de suas Entidades,14479604.0,Paraíba
2018,RREO,3,B,Governo do Estado da Paraíba,25,PB,3999415,RREO-Anexo 01,E,Padrão,Até o Bimestre (c),TransferenciasDeCapitalDeOutrasInstituicoesPublicas,Transferências de Outras Instituições Públicas,104039759.55,Paraíba
2018,RREO,4,B,Governo do Estado da Paraíba,25,PB,3999415,RREO-Anexo 01,E,Padrão,Até o Bimestre (c),TransferenciasCorrentes,TRANSFERÊNCIAS CORRENTES,3236680142.95,Paraíba
2018,RREO,4,B,Governo do Estado da Paraíba,25,PB,3999415,RREO-Anexo 01,E,Padrão,Até o Bimestre (c),TransferenciasCorrentesDaUniaoEDeSuasEntidades,Transferências da União e de suas Entidades,2511748970.99,Paraíba
2018,RREO,4,B,Governo do Estado da Paraíba,25,PB,3999415,RREO-Anexo 01,E,Padrão,Até o Bimestre (c),TransferenciasCorrentesDeOutrasInstituicoesPublicas,Transferências de Outras Instituições Públicas,724931171.96,Paraíba
2018,RREO,4,B,Governo do Estado da Paraíba,25,PB,3999415,RREO-Anexo 01,E,Padrão,Até o Bimestre (c),TransferenciasDeCapital,TRANSFERÊNCIAS DE CAPITAL,130663169.86,Paraíba
2018,RREO,4,B,Governo do Estado da Paraíba,25,PB,3999415,RREO-Anexo 01,E,Padrão,Até o Bimestre (c),TransferenciasDeCapitalDaUniaoEDeSuasEntidades,Transferências da União e de suas Entidades,14479604.0,Paraíba
2018,RREO,4,B,Governo do Estado da Paraíba,25,PB,3999415,RREO-Anexo 01,E,Padrão,Até o Bimestre (c),TransferenciasDeCapitalDeOutrasInstituicoesPublicas,Transferências de Outras Instituições Públicas,116183565.86,Paraíba
2018,RREO,5,B,Governo do Estado da Paraíba,25,PB,3999415,RREO-Anexo 01,E,Padrão,Até o Bimestre (c),TransferenciasCorrentes,TRANSFERÊNCIAS CORRENTES,3877659257.95,Paraíba
2018,RREO,5,B,Governo do Estado da Paraíba,25,PB,3999415,RREO-Anexo 01,E,Padrão,Até o Bimestre (c),TransferenciasCorrentesDaUniaoEDeSuasEntidades,Transferências da União e de suas Entidades,3008983196.66,Paraíba
2018,RREO,5,B,Governo do Estado da Paraíba,25,PB,3999415,RREO-Anexo 01,E,Padrão,Até o Bimestre (c),TransferenciasCorrentesDeOutrasInstituicoesPublicas,Transferências de Outras Instituições Públicas,868676061.29,Paraíba
2018,RREO,5,B,Governo do Estado da Paraíba,25,PB,3999415,RREO-Anexo 01,E,Padrão,Até o Bimestre (c),TransferenciasDeCapital,TRANSFERÊNCIAS DE CAPITAL,148039010.16,Paraíba
2018,RREO,5,B,Governo do Estado da Paraíba,25,PB,3999415,RREO-Anexo 01,E,Padrão,Até o Bimestre (c),TransferenciasDeCapitalDaUniaoEDeSuasEntidades,Transferências da União e de suas Entidades,14479604.0,Paraíba
2018,RREO,5,B,Governo do Estado da Paraíba,25,PB,3999415,RREO-Anexo 01,E,Padrão,Até o Bimestre (c),TransferenciasDeCapitalDeOutrasInstituicoesPublicas,Transferências de Outras Instituições Públicas,133559406.16,Paraíba
2018,RREO,6,B,Governo do Estado da Paraíba,25,PB,3999415,RREO-Anexo 01,E,Padrão,Até o Bimestre (c),TransferenciasCorrentes,TRANSFERÊNCIAS CORRENTES,4812850984.43,Paraíba
2018,RREO,6,B,Governo do Estado da Paraíba,25,PB,3999415,RREO-Anexo 01,E,Padrão,Até o Bimestre (c),TransferenciasCorrentesDaUniaoEDeSuasEntidades,Transferências da União e de suas Entidades,3749311178.1,Paraíba
2018,RREO,6,B,Governo do Estado da Paraíba,25,PB,3999415,RREO-Anexo 01,E,Padrão,Até o Bimestre (c),TransferenciasCorrentesDeOutrasInstituicoesPublicas,Transferências de Outras Instituições Públicas,1063539806.33,Paraíba
2018,RREO,6,B,Governo do Estado da Paraíba,25,PB,3999415,RREO-Anexo 01,E,Padrão,Até o Bimestre (c),TransferenciasDeCapital,TRANSFERÊNCIAS DE CAPITAL,249752003.91,Paraíba
2018,RREO,6,B,Governo do Estado da Paraíba,25,PB,3999415,RREO-Anexo 01,E,Padrão,Até o Bimestre (c),TransferenciasDeCapitalDaUniaoEDeSuasEntidades,Transferências da União e de suas Entidades,16433614.09,Paraíba
2018,RREO,6,B,Governo do Estado da Paraíba,25,PB,3999415,RREO-Anexo 01,E,Padrão,Até o Bimestre (c),TransferenciasDeCapitalDeOutrasInstituicoesPublicas,Transferências de Outras Instituições Públicas,233318389.82,Paraíba
2019,RREO,1,B,Governo do Estado da Paraíba,25,PB,3996496,RREO-Anexo 01,E,Padrão,Até o Bimestre (c),TransferenciasCorrentes,TRANSFERÊNCIAS CORRENTES,999223440.58,Paraíba
2019,RREO,1,B,Governo do Estado da Paraíba,25,PB,3996496,RREO-Anexo 01,E,Padrão,Até o Bimestre (c),TransferenciasCorrentesDaUniaoEDeSuasEntidades,Transferências da União e de suas Entidades,808061089.4,Paraíba
2019,RREO,1,B,Governo do Estado da Paraíba,25,PB,3996496,RREO-Anexo 01,E,Padrão,Até o Bimestre (c),TransferenciasCorrentesDeOutrasInstituicoesPublicas,Transferências de Outras Instituições Públicas,191162351.18,Paraíba
2019,RREO,1,B,Governo do Estado da Paraíba,25,PB,3996496,RREO-Anexo 01,E,Padrão,Até o Bimestre (c),TransferenciasDeCapital,TRANSFERÊNCIAS DE CAPITAL,8768722.49,Paraíba
2019,RREO,1,B,Governo do Estado da Paraíba,25,PB,3996496,RREO-Anexo 01,E,Padrão,Até o Bimestre (c),TransferenciasDeCapitalDaUniaoEDeSuasEntidades,Transferências da União e de suas Entidades,8768722.49,Paraíba
2019,RREO,2,B,Governo do Estado da Paraíba,25,PB,3996496,RREO-Anexo 01,E,Padrão,Até o Bimestre (c),TransferenciasCorrentes,TRANSFERÊNCIAS CORRENTES,1802861191.88,Paraíba
2019,RREO,2,B,Governo do Estado da Paraíba,25,PB,3996496,RREO-Anexo 01,E,Padrão,Até o Bimestre (c),TransferenciasCorrentesDaUniaoEDeSuasEntidades,Transferências da União e de suas Entidades,1459503540.29,Paraíba
2019,RREO,2,B,Governo do Estado da Paraíba,25,PB,3996496,RREO-Anexo 01,E,Padrão,Até o Bimestre (c),TransferenciasCorrentesDeOutrasInstituicoesPublicas,Transferências de Outras Instituições Públicas,343357651.59,Paraíba
2019,RREO,2,B,Governo do Estado da Paraíba,25,PB,3996496,RREO-Anexo 01,E,Padrão,Até o Bimestre (c),TransferenciasDeCapital,TRANSFERÊNCIAS DE CAPITAL,12959274.71,Paraíba
2019,RREO,2,B,Governo do Estado da Paraíba,25,PB,3996496,RREO-Anexo 01,E,Padrão,Até o Bimestre (c),TransferenciasDeCapitalDaUniaoEDeSuasEntidades,Transferências da União e de suas Entidades,12959274.71,Paraíba
2019,RREO,3,B,Governo do Estado da Paraíba,25,PB,3996496,RREO-Anexo 01,E,Padrão,Até o Bimestre (c),TransferenciasCorrentes,TRANSFERÊNCIAS CORRENTES,2670562502.89,Paraíba
2019,RREO,3,B,Governo do Estado da Paraíba,25,PB,3996496,RREO-Anexo 01,E,Padrão,Até o Bimestre (c),TransferenciasCorrentesDaUniaoEDeSuasEntidades,Transferências da União e de suas Entidades,2165628229.72,Paraíba
2019,RREO,3,B,Governo do Estado da Paraíba,25,PB,3996496,RREO-Anexo 01,E,Padrão,Até o Bimestre (c),TransferenciasCorrentesDeOutrasInstituicoesPublicas,Transferências de Outras Instituições Públicas,504934273.17,Paraíba
2019,RREO,3,B,Governo do Estado da Paraíba,25,PB,3996496,RREO-Anexo 01,E,Padrão,Até o Bimestre (c),TransferenciasDeCapital,TRANSFERÊNCIAS DE CAPITAL,29152453.48,Paraíba
2019,RREO,3,B,Governo do Estado da Paraíba,25,PB,3996496,RREO-Anexo 01,E,Padrão,Até o Bimestre (c),TransferenciasDeCapitalDaUniaoEDeSuasEntidades,Transferências da União e de suas Entidades,29152453.48,Paraíba
2019,RREO,4,B,Governo do Estado da Paraíba,25,PB,3996496,RREO-Anexo 01,E,Padrão,Até o Bimestre (c),TransferenciasCorrentes,TRANSFERÊNCIAS CORRENTES,3404818683.57,Paraíba
2019,RREO,4,B,Governo do Estado da Paraíba,25,PB,3996496,RREO-Anexo 01,E,Padrão,Até o Bimestre (c),TransferenciasCorrentesDaUniaoEDeSuasEntidades,Transferências da União e de suas Entidades,2744581234.93,Paraíba
2019,RREO,4,B,Governo do Estado da Paraíba,25,PB,3996496,RREO-Anexo 01,E,Padrão,Até o Bimestre (c),TransferenciasCorrentesDeOutrasInstituicoesPublicas,Transferências de Outras Instituições Públicas,660237448.64,Paraíba
2019,RREO,4,B,Governo do Estado da Paraíba,25,PB,3996496,RREO-Anexo 01,E,Padrão,Até o Bimestre (c),TransferenciasDeCapital,TRANSFERÊNCIAS DE CAPITAL,32169240.53,Paraíba
2019,RREO,4,B,Governo do Estado da Paraíba,25,PB,3996496,RREO-Anexo 01,E,Padrão,Até o Bimestre (c),TransferenciasDeCapitalDaUniaoEDeSuasEntidades,Transferências da União e de suas Entidades,32169240.53,Paraíba
2019,RREO,5,B,Governo do Estado da Paraíba,25,PB,3996496,RREO-Anexo 01,E,Padrão,Até o Bimestre (c),TransferenciasCorrentes,TRANSFERÊNCIAS CORRENTES,4091481039.24,Paraíba
2019,RREO,5,B,Governo do Estado da Paraíba,25,PB,3996496,RREO-Anexo 01,E,Padrão,Até o Bimestre (c),TransferenciasCorrentesDaUniaoEDeSuasEntidades,Transferências da União e de suas Entidades,3286998544.4,Paraíba
2019,RREO,5,B,Governo do Estado da Paraíba,25,PB,3996496,RREO-Anexo 01,E,Padrão,Até o Bimestre (c),TransferenciasCorrentesDeOutrasInstituicoesPublicas,Transferências de Outras Instituições Públicas,804482494.84,Paraíba
2019,RREO,5,B,Governo do Estado da Paraíba,25,PB,3996496,RREO-Anexo 01,E,Padrão,Até o Bimestre (c),TransferenciasDeCapital,TRANSFERÊNCIAS DE CAPITAL,47571886.6,Paraíba
2019,RREO,5,B,Governo do Estado da Paraíba,25,PB,3996496,RREO-Anexo 01,E,Padrão,Até o Bimestre (c),TransferenciasDeCapitalDaUniaoEDeSuasEntidades,Transferências da União e de suas Entidades,47571886.6,Paraíba
2019,RREO,6,B,Governo do Estado da Paraíba,25,PB,3996496,RREO-Anexo 01,E,Padrão,Até o Bimestre (c),TransferenciasCorrentes,TRANSFERÊNCIAS CORRENTES,5213118121.19,Paraíba
2019,RREO,6,B,Governo do Estado da Paraíba,25,PB,3996496,RREO-Anexo 01,E,Padrão,Até o Bimestre (c),TransferenciasCorrentesDaUniaoEDeSuasEntidades,Transferências da União e de suas Entidades,4228547725.06,Paraíba
2019,RREO,6,B,Governo do Estado da Paraíba,25,PB,3996496,RREO-Anexo 01,E,Padrão,Até o Bimestre (c),TransferenciasCorrentesDeOutrasInstituicoesPublicas,Transferências de Outras Instituições Públicas,984570396.13,Paraíba
2019,RREO,6,B,Governo do Estado da Paraíba,25,PB,3996496,RREO-Anexo 01,E,Padrão,Até o Bimestre (c),TransferenciasDeCapital,TRANSFERÊNCIAS DE CAPITAL,102141843.08,Paraíba
2019,RREO,6,B,Governo do Estado da Paraíba,25,PB,3996496,RREO-Anexo 01,E,Padrão,Até o Bimestre (c),TransferenciasDeCapitalDaUniaoEDeSuasEntidades,Transferências da União e de suas Entidades,102141843.08,Paraíba
2020,RREO,1,B,Governo do Estado da Paraíba,25,PB,4018127,RREO-Anexo 01,E,Padrão,Até o Bimestre (c),TransferenciasCorrentes,TRANSFERÊNCIAS CORRENTES,1063448954.43,Paraíba
2020,RREO,1,B,Governo do Estado da Paraíba,25,PB,4018127,RREO-Anexo 01,E,Padrão,Até o Bimestre (c),TransferenciasCorrentesDaUniaoEDeSuasEntidades,Transferências da União e de suas Entidades,889137411.15,Paraíba
2020,RREO,1,B,Governo do Estado da Paraíba,25,PB,4018127,RREO-Anexo 01,E,Padrão,Até o Bimestre (c),TransferenciasCorrentesDeOutrasInstituicoesPublicas,Transferências de Outras Instituições Públicas,174311543.28,Paraíba
2020,RREO,1,B,Governo do Estado da Paraíba,25,PB,4018127,RREO-Anexo 01,E,Padrão,Até o Bimestre (c),TransferenciasDeCapital,TRANSFERÊNCIAS DE CAPITAL,12024233.0,Paraíba
2020,RREO,1,B,Governo do Estado da Paraíba,25,PB,4018127,RREO-Anexo 01,E,Padrão,Até o Bimestre (c),TransferenciasDeCapitalDaUniaoEDeSuasEntidades,Transferências da União e de suas Entidades,12024233.0,Paraíba
2020,RREO,2,B,Governo do Estado da Paraíba,25,PB,4018127,RREO-Anexo 01,E,Padrão,Até o Bimestre (c),TransferenciasCorrentes,TRANSFERÊNCIAS CORRENTES,1886332689.84,Paraíba
2020,RREO,2,B,Governo do Estado da Paraíba,25,PB,4018127,RREO-Anexo 01,E,Padrão,Até o Bimestre (c),TransferenciasCorrentesDaUniaoEDeSuasEntidades,Transferências da União e de suas Entidades,1565085751.63,Paraíba
2020,RREO,2,B,Governo do Estado da Paraíba,25,PB,4018127,RREO-Anexo 01,E,Padrão,Até o Bimestre (c),TransferenciasCorrentesDeOutrasInstituicoesPublicas,Transferências de Outras Instituições Públicas,321246938.21,Paraíba
2020,RREO,2,B,Governo do Estado da Paraíba,25,PB,4018127,RREO-Anexo 01,E,Padrão,Até o Bimestre (c),TransferenciasDeCapital,TRANSFERÊNCIAS DE CAPITAL,12024233.0,Paraíba
2020,RREO,2,B,Governo do Estado da Paraíba,25,PB,4018127,RREO-Anexo 01,E,Padrão,Até o Bimestre (c),TransferenciasDeCapitalDaUniaoEDeSuasEntidades,Transferências da União e de suas Entidades,12024233.0,Paraíba
2020,RREO,3,B,Governo do Estado da Paraíba,25,PB,4018127,RREO-Anexo 01,E,Padrão,Até o Bimestre (c),TransferenciasCorrentes,TRANSFERÊNCIAS CORRENTES,2883779239.66,Paraíba
2020,RREO,3,B,Governo do Estado da Paraíba,25,PB,4018127,RREO-Anexo 01,E,Padrão,Até o Bimestre (c),TransferenciasCorrentesDaUniaoEDeSuasEntidades,Transferências da União e de suas Entidades,2436846529.2,Paraíba
2020,RREO,3,B,Governo do Estado da Paraíba,25,PB,4018127,RREO-Anexo 01,E,Padrão,Até o Bimestre (c),TransferenciasCorrentesDeOutrasInstituicoesPublicas,Transferências de Outras Instituições Públicas,446932710.46,Paraíba
2020,RREO,3,B,Governo do Estado da Paraíba,25,PB,4018127,RREO-Anexo 01,E,Padrão,Até o Bimestre (c),TransferenciasDeCapital,TRANSFERÊNCIAS DE CAPITAL,29868293.14,Paraíba
2020,RREO,3,B,Governo do Estado da Paraíba,25,PB,4018127,RREO-Anexo 01,E,Padrão,Até o Bimestre (c),TransferenciasDeCapitalDaUniaoEDeSuasEntidades,Transferências da União e de suas Entidades,29868293.14,Paraíba
2020,RREO,4,B,Governo do Estado da Paraíba,25,PB,4018127,RREO-Anexo 01,E,Padrão,Até o Bimestre (c),TransferenciasCorrentes,TRANSFERÊNCIAS CORRENTES,4063537991.4,Paraíba
2020,RREO,4,B,Governo do Estado da Paraíba,25,PB,4018127,RREO-Anexo 01,E,Padrão,Até o Bimestre (c),TransferenciasCorrentesDaUniaoEDeSuasEntidades,Transferências da União e de suas Entidades,3488093643.18,Paraíba
2020,RREO,4,B,Governo do Estado da Paraíba,25,PB,4018127,RREO-Anexo 01,E,Padrão,Até o Bimestre (c),TransferenciasCorrentesDeOutrasInstituicoesPublicas,Transferências de Outras Instituições Públicas,575444348.22,Paraíba
2020,RREO,4,B,Governo do Estado da Paraíba,25,PB,4018127,RREO-Anexo 01,E,Padrão,Até o Bimestre (c),TransferenciasDeCapital,TRANSFERÊNCIAS DE CAPITAL,39344991.17,Paraíba
2020,RREO,4,B,Governo do Estado da Paraíba,25,PB,4018127,RREO-Anexo 01,E,Padrão,Até o Bimestre (c),TransferenciasDeCapitalDaUniaoEDeSuasEntidades,Transferências da União e de suas Entidades,39344991.17,Paraíba
2020,RREO,5,B,Governo do Estado da Paraíba,25,PB,4018127,RREO-Anexo 01,E,Padrão,Até o Bimestre (c),TransferenciasCorrentes,TRANSFERÊNCIAS CORRENTES,5070563646.95,Paraíba
2020,RREO,5,B,Governo do Estado da Paraíba,25,PB,4018127,RREO-Anexo 01,E,Padrão,Até o Bimestre (c),TransferenciasCorrentesDaUniaoEDeSuasEntidades,Transferências da União e de suas Entidades,4347428743.29,Paraíba
2020,RREO,5,B,Governo do Estado da Paraíba,25,PB,4018127,RREO-Anexo 01,E,Padrão,Até o Bimestre (c),TransferenciasCorrentesDeOutrasInstituicoesPublicas,Transferências de Outras Instituições Públicas,723134903.66,Paraíba
2020,RREO,5,B,Governo do Estado da Paraíba,25,PB,4018127,RREO-Anexo 01,E,Padrão,Até o Bimestre (c),TransferenciasDeCapital,TRANSFERÊNCIAS DE CAPITAL,43603945.17,Paraíba
2020,RREO,5,B,Governo do Estado da Paraíba,25,PB,4018127,RREO-Anexo 01,E,Padrão,Até o Bimestre (c),TransferenciasDeCapitalDaUniaoEDeSuasEntidades,Transferências da União e de suas Entidades,43603945.17,Paraíba
2020,RREO,6,B,Governo do Estado da Paraíba,25,PB,4018127,RREO-Anexo 01,E,Padrão,Até o Bimestre (c),TransferenciasCorrentes,TRANSFERÊNCIAS CORRENTES,6182035090.88,Paraíba
2020,RREO,6,B,Governo do Estado da Paraíba,25,PB,4018127,RREO-Anexo 01,E,Padrão,Até o Bimestre (c),TransferenciasCorrentesDaUniaoEDeSuasEntidades,Transferências da União e de suas Entidades,5274911758.19,Paraíba
2020,RREO,6,B,Governo do Estado da Paraíba,25,PB,4018127,RREO-Anexo 01,E,Padrão,Até o Bimestre (c),TransferenciasCorrentesDeOutrasInstituicoesPublicas,Transferências de Outras Instituições Públicas,907123332.69,Paraíba
2020,RREO,6,B,Governo do Estado da Paraíba,25,PB,4018127,RREO-Anexo 01,E,Padrão,Até o Bimestre (c),TransferenciasDeCapital,TRANSFERÊNCIAS DE CAPITAL,52970828.84,Paraíba
2020,RREO,6,B,Governo do Estado da Paraíba,25,PB,4018127,RREO-Anexo 01,E,Padrão,Até o Bimestre (c),TransferenciasDeCapitalDaUniaoEDeSuasEntidades,Transferências da União e de suas Entidades,52970828.84,Paraíba
2021,RREO,1,B,Governo do Estado da Paraíba,25,PB,4039277,RREO-Anexo 01,E,Padrão,Até o Bimestre (c),TransferenciasCorrentes,TRANSFERÊNCIAS CORRENTES,1191836980.6,Paraíba
2021,RREO,1,B,Governo do Estado da Paraíba,25,PB,4039277,RREO-Anexo 01,E,Padrão,Até o Bimestre (c),TransferenciasCorrentesDaUniaoEDeSuasEntidades,Transferências da União e de suas Entidades,989457440.59,Paraíba
2021,RREO,1,B,Governo do Estado da Paraíba,25,PB,4039277,RREO-Anexo 01,E,Padrão,Até o Bimestre (c),TransferenciasCorrentesDeOutrasInstituicoesPublicas,Transferências de Outras Instituições Públicas,202379540.01,Paraíba
2021,RREO,1,B,Governo do Estado da Paraíba,25,PB,4039277,RREO-Anexo 01,E,Padrão,Até o Bimestre (c),TransferenciasDeCapital,TRANSFERÊNCIAS DE CAPITAL,9422030.0,Paraíba
2021,RREO,1,B,Governo do Estado da Paraíba,25,PB,4039277,RREO-Anexo 01,E,Padrão,Até o Bimestre (c),TransferenciasDeCapitalDaUniaoEDeSuasEntidades,Transferências da União e de suas Entidades,9422030.0,Paraíba
2021,RREO,2,B,Governo do Estado da Paraíba,25,PB,4039277,RREO-Anexo 01,E,Padrão,Até o Bimestre (c),TransferenciasCorrentes,TRANSFERÊNCIAS CORRENTES,2179613362.35,Paraíba
2021,RREO,2,B,Governo do Estado da Paraíba,25,PB,4039277,RREO-Anexo 01,E,Padrão,Até o Bimestre (c),TransferenciasCorrentesDaUniaoEDeSuasEntidades,Transferências da União e de suas Entidades,1792043689.43,Paraíba
2021,RREO,2,B,Governo do Estado da Paraíba,25,PB,4039277,RREO-Anexo 01,E,Padrão,Até o Bimestre (c),TransferenciasCorrentesDeOutrasInstituicoesPublicas,Transferências de Outras Instituições Públicas,387569672.92,Paraíba
2021,RREO,2,B,Governo do Estado da Paraíba,25,PB,4039277,RREO-Anexo 01,E,Padrão,Até o Bimestre (c),TransferenciasDeCapital,TRANSFERÊNCIAS DE CAPITAL,11379399.97,Paraíba
2021,RREO,2,B,Governo do Estado da Paraíba,25,PB,4039277,RREO-Anexo 01,E,Padrão,Até o Bimestre (c),TransferenciasDeCapitalDaUniaoEDeSuasEntidades,Transferências da União e de suas Entidades,11379399.97,Paraíba
2021,RREO,3,B,Governo do Estado da Paraíba,25,PB,4039277,RREO-Anexo 01,E,Padrão,Até o Bimestre (c),TransferenciasCorrentes,TRANSFERÊNCIAS CORRENTES,3295980973.57,Paraíba
2021,RREO,3,B,Governo do Estado da Paraíba,25,PB,4039277,RREO-Anexo 01,E,Padrão,Até o Bimestre (c),TransferenciasCorrentesDaUniaoEDeSuasEntidades,Transferências da União e de suas Entidades,2690118243.61,Paraíba
2021,RREO,3,B,Governo do Estado da Paraíba,25,PB,4039277,RREO-Anexo 01,E,Padrão,Até o Bimestre (c),TransferenciasCorrentesDeOutrasInstituicoesPublicas,Transferências de Outras Instituições Públicas,605862729.96,Paraíba
2021,RREO,3,B,Governo do Estado da Paraíba,25,PB,4039277,RREO-Anexo 01,E,Padrão,Até o Bimestre (c),TransferenciasDeCapital,TRANSFERÊNCIAS DE CAPITAL,14108782.97,Paraíba
2021,RREO,3,B,Governo do Estado da Paraíba,25,PB,4039277,RREO-Anexo 01,E,Padrão,Até o Bimestre (c),TransferenciasDeCapitalDaUniaoEDeSuasEntidades,Transferências da União e de suas Entidades,14108782.97,Paraíba
2021,RREO,4,B,Governo do Estado da Paraíba,25,PB,4039277,RREO-Anexo 01,E,Padrão,Até o Bimestre (c),TransferenciasCorrentes,TRANSFERÊNCIAS CORRENTES,4379390566.19,Paraíba
2021,RREO,4,B,Governo do Estado da Paraíba,25,PB,4039277,RREO-Anexo 01,E,Padrão,Até o Bimestre (c),TransferenciasCorrentesDaUniaoEDeSuasEntidades,Transferências da União e de suas Entidades,3571674010.27,Paraíba
2021,RREO,4,B,Governo do Estado da Paraíba,25,PB,4039277,RREO-Anexo 01,E,Padrão,Até o Bimestre (c),TransferenciasCorrentesDeOutrasInstituicoesPublicas,Transferências de Outras Instituições Públicas,807716555.92,Paraíba
2021,RREO,4,B,Governo do Estado da Paraíba,25,PB,4039277,RREO-Anexo 01,E,Padrão,Até o Bimestre (c),TransferenciasDeCapital,TRANSFERÊNCIAS DE CAPITAL,15259732.57,Paraíba
2021,RREO,4,B,Governo do Estado da Paraíba,25,PB,4039277,RREO-Anexo 01,E,Padrão,Até o Bimestre (c),TransferenciasDeCapitalDaUniaoEDeSuasEntidades,Transferências da União e de suas Entidades,15259732.57,Paraíba
2021,RREO,5,B,Governo do Estado da Paraíba,25,PB,4039277,RREO-Anexo 01,E,Padrão,Até o Bimestre (c),TransferenciasCorrentes,TRANSFERÊNCIAS CORRENTES,5358110115.98,Paraíba
2021,RREO,5,B,Governo do Estado da Paraíba,25,PB,4039277,RREO-Anexo 01,E,Padrão,Até o Bimestre (c),TransferenciasCorrentesDaUniaoEDeSuasEntidades,Transferências da União e de suas Entidades,4355953561.28,Paraíba
2021,RREO,5,B,Governo do Estado da Paraíba,25,PB,4039277,RREO-Anexo 01,E,Padrão,Até o Bimestre (c),TransferenciasCorrentesDeOutrasInstituicoesPublicas,Transferências de Outras Instituições Públicas,1002156554.7,Paraíba
2021,RREO,5,B,Governo do Estado da Paraíba,25,PB,4039277,RREO-Anexo 01,E,Padrão,Até o Bimestre (c),TransferenciasDeCapital,TRANSFERÊNCIAS DE CAPITAL,18981751.81,Paraíba
2021,RREO,5,B,Governo do Estado da Paraíba,25,PB,4039277,RREO-Anexo 01,E,Padrão,Até o Bimestre (c),TransferenciasDeCapitalDaUniaoEDeSuasEntidades,Transferências da União e de suas Entidades,16988578.48,Paraíba
2021,RREO,5,B,Governo do Estado da Paraíba,25,PB,4039277,RREO-Anexo 01,E,Padrão,Até o Bimestre (c),TransferenciasDeCapitalDeInstituicoesPrivadas,Transferências de Instituições Privadas,1993173.33,Paraíba
2021,RREO,6,B,Governo do Estado da Paraíba,25,PB,4039277,RREO-Anexo 01,E,Padrão,Até o Bimestre (c),TransferenciasCorrentes,TRANSFERÊNCIAS CORRENTES,6666058210.84,Paraíba
2021,RREO,6,B,Governo do Estado da Paraíba,25,PB,4039277,RREO-Anexo 01,E,Padrão,Até o Bimestre (c),TransferenciasCorrentesDaUniaoEDeSuasEntidades,Transferências da União e de suas Entidades,5426834301.93,Paraíba
2021,RREO,6,B,Governo do Estado da Paraíba,25,PB,4039277,RREO-Anexo 01,E,Padrão,Até o Bimestre (c),TransferenciasCorrentesDeOutrasInstituicoesPublicas,Transferências de Outras Instituições Públicas,1239223908.91,Paraíba
2021,RREO,6,B,Governo do Estado da Paraíba,25,PB,4039277,RREO-Anexo 01,E,Padrão,Até o Bimestre (c),TransferenciasDeCapital,TRANSFERÊNCIAS DE CAPITAL,33797032.08,Paraíba
2021,RREO,6,B,Governo do Estado da Paraíba,25,PB,4039277,RREO-Anexo 01,E,Padrão,Até o Bimestre (c),TransferenciasDeCapitalDaUniaoEDeSuasEntidades,Transferências da União e de suas Entidades,31570827.76,Paraíba
2021,RREO,6,B,Governo do Estado da Paraíba,25,PB,4039277,RREO-Anexo 01,E,Padrão,Até o Bimestre (c),TransferenciasDeCapitalDeInstituicoesPrivadas,Transferências de Instituições Privadas,2226204.32,Paraíba
2022,RREO,1,B,Governo do Estado da Paraíba,25,PB,4059905,RREO-Anexo 01,E,Padrão,Até o Bimestre (c),TransferenciasCorrentes,TRANSFERÊNCIAS CORRENTES,1529938575.48,Paraíba
2022,RREO,1,B,Governo do Estado da Paraíba,25,PB,4059905,RREO-Anexo 01,E,Padrão,Até o Bimestre (c),TransferenciasCorrentesDaUniaoEDeSuasEntidades,Transferências da União e de suas Entidades,1265441801.32,Paraíba
2022,RREO,1,B,Governo do Estado da Paraíba,25,PB,4059905,RREO-Anexo 01,E,Padrão,Até o Bimestre (c),TransferenciasCorrentesDosMunicipiosEDeSuasEntidades,Transferências dos Municípios e de suas Entidades,3050802.17,Paraíba
2022,RREO,1,B,Governo do Estado da Paraíba,25,PB,4059905,RREO-Anexo 01,E,Padrão,Até o Bimestre (c),TransferenciasCorrentesDeOutrasInstituicoesPublicas,Transferências de Outras Instituições Públicas,261445589.08,Paraíba
2022,RREO,1,B,Governo do Estado da Paraíba,25,PB,4059905,RREO-Anexo 01,E,Padrão,Até o Bimestre (c),OutrasTransferenciasCorrentes,Outras Transferências,382.91,Paraíba
2022,RREO,1,B,Governo do Estado da Paraíba,25,PB,4059905,RREO-Anexo 01,E,Padrão,Até o Bimestre (c),TransferenciasDeCapital,TRANSFERÊNCIAS DE CAPITAL,1314079.48,Paraíba
2022,RREO,1,B,Governo do Estado da Paraíba,25,PB,4059905,RREO-Anexo 01,E,Padrão,Até o Bimestre (c),TransferenciasDeCapitalDaUniaoEDeSuasEntidades,Transferências da União e de suas Entidades,1246214.63,Paraíba
2022,RREO,1,B,Governo do Estado da Paraíba,25,PB,4059905,RREO-Anexo 01,E,Padrão,Até o Bimestre (c),TransferenciasDeCapitalDeInstituicoesPrivadas,Transferências de Instituições Privadas,67864.85,Paraíba
2022,RREO,2,B,Governo do Estado da Paraíba,25,PB,4059905,RREO-Anexo 01,E,Padrão,Até o Bimestre (c),TransferenciasCorrentes,TRANSFERÊNCIAS CORRENTES,2786327326.37,Paraíba
2022,RREO,2,B,Governo do Estado da Paraíba,25,PB,4059905,RREO-Anexo 01,E,Padrão,Até o Bimestre (c),TransferenciasCorrentesDaUniaoEDeSuasEntidades,Transferências da União e de suas Entidades,2297512716.01,Paraíba
2022,RREO,2,B,Governo do Estado da Paraíba,25,PB,4059905,RREO-Anexo 01,E,Padrão,Até o Bimestre (c),TransferenciasCorrentesDosMunicipiosEDeSuasEntidades,Transferências dos Municípios e de suas Entidades,6013242.39,Paraíba
2022,RREO,2,B,Governo do Estado da Paraíba,25,PB,4059905,RREO-Anexo 01,E,Padrão,Até o Bimestre (c),TransferenciasCorrentesDeOutrasInstituicoesPublicas,Transferências de Outras Instituições Públicas,482800985.06,Paraíba
2022,RREO,2,B,Governo do Estado da Paraíba,25,PB,4059905,RREO-Anexo 01,E,Padrão,Até o Bimestre (c),OutrasTransferenciasCorrentes,Outras Transferências,382.91,Paraíba
2022,RREO,2,B,Governo do Estado da Paraíba,25,PB,4059905,RREO-Anexo 01,E,Padrão,Até o Bimestre (c),TransferenciasDeCapital,TRANSFERÊNCIAS DE CAPITAL,73020219.79,Paraíba
2022,RREO,2,B,Governo do Estado da Paraíba,25,PB,4059905,RREO-Anexo 01,E,Padrão,Até o Bimestre (c),TransferenciasDeCapitalDaUniaoEDeSuasEntidades,Transferências da União e de suas Entidades,72890081.89,Paraíba
2022,RREO,2,B,Governo do Estado da Paraíba,25,PB,4059905,RREO-Anexo 01,E,Padrão,Até o Bimestre (c),TransferenciasDeCapitalDeInstituicoesPrivadas,Transferências de Instituições Privadas,130137.9,Paraíba
2022,RREO,3,B,Governo do Estado da Paraíba,25,PB,4059905,RREO-Anexo 01,E,Padrão,Até o Bimestre (c),TransferenciasCorrentes,TRANSFERÊNCIAS CORRENTES,4226089229.2,Paraíba
2022,RREO,3,B,Governo do Estado da Paraíba,25,PB,4059905,RREO-Anexo 01,E,Padrão,Até o Bimestre (c),TransferenciasCorrentesDaUniaoEDeSuasEntidades,Transferências da União e de suas Entidades,3479166059.74,Paraíba
2022,RREO,3,B,Governo do Estado da Paraíba,25,PB,4059905,RREO-Anexo 01,E,Padrão,Até o Bimestre (c),TransferenciasCorrentesDosMunicipiosEDeSuasEntidades,Transferências dos Municípios e de suas Entidades,7473597.72,Paraíba
2022,RREO,3,B,Governo do Estado da Paraíba,25,PB,4059905,RREO-Anexo 01,E,Padrão,Até o Bimestre (c),TransferenciasCorrentesDeOutrasInstituicoesPublicas,Transferências de Outras Instituições Públicas,739449188.83,Paraíba
2022,RREO,3,B,Governo do Estado da Paraíba,25,PB,4059905,RREO-Anexo 01,E,Padrão,Até o Bimestre (c),OutrasTransferenciasCorrentes,Outras Transferências,382.91,Paraíba
2022,RREO,3,B,Governo do Estado da Paraíba,25,PB,4059905,RREO-Anexo 01,E,Padrão,Até o Bimestre (c),TransferenciasDeCapital,TRANSFERÊNCIAS DE CAPITAL,89056863.18,Paraíba
2022,RREO,3,B,Governo do Estado da Paraíba,25,PB,4059905,RREO-Anexo 01,E,Padrão,Até o Bimestre (c),TransferenciasDeCapitalDaUniaoEDeSuasEntidades,Transferências da União e de suas Entidades,88720112.71,Paraíba
2022,RREO,3,B,Governo do Estado da Paraíba,25,PB,4059905,RREO-Anexo 01,E,Padrão,Até o Bimestre (c),TransferenciasDeCapitalDeInstituicoesPrivadas,Transferências de Instituições Privadas,336750.47,Paraíba
2022,RREO,4,B,Governo do Estado da Paraíba,25,PB,4059905,RREO-Anexo 01,E,Padrão,Até o Bimestre (c),TransferenciasCorrentes,TRANSFERÊNCIAS CORRENTES,5473638252.46,Paraíba
2022,RREO,4,B,Governo do Estado da Paraíba,25,PB,4059905,RREO-Anexo 01,E,Padrão,Até o Bimestre (c),TransferenciasCorrentesDaUniaoEDeSuasEntidades,Transferências da União e de suas Entidades,4493116861.9,Paraíba
2022,RREO,4,B,Governo do Estado da Paraíba,25,PB,4059905,RREO-Anexo 01,E,Padrão,Até o Bimestre (c),TransferenciasCorrentesDosMunicipiosEDeSuasEntidades,Transferências dos Municípios e de suas Entidades,11760653.66,Paraíba
2022,RREO,4,B,Governo do Estado da Paraíba,25,PB,4059905,RREO-Anexo 01,E,Padrão,Até o Bimestre (c),TransferenciasCorrentesDeInstituicoesPrivadas,Transferências de Instituições Privadas,25644.0,Paraíba
2022,RREO,4,B,Governo do Estado da Paraíba,25,PB,4059905,RREO-Anexo 01,E,Padrão,Até o Bimestre (c),TransferenciasCorrentesDeOutrasInstituicoesPublicas,Transferências de Outras Instituições Públicas,968717888.81,Paraíba
2022,RREO,4,B,Governo do Estado da Paraíba,25,PB,4059905,RREO-Anexo 01,E,Padrão,Até o Bimestre (c),OutrasTransferenciasCorrentes,Outras Transferências,17204.09,Paraíba
2022,RREO,4,B,Governo do Estado da Paraíba,25,PB,4059905,RREO-Anexo 01,E,Padrão,Até o Bimestre (c),TransferenciasDeCapital,TRANSFERÊNCIAS DE CAPITAL,104687689.41,Paraíba
2022,RREO,4,B,Governo do Estado da Paraíba,25,PB,4059905,RREO-Anexo 01,E,Padrão,Até o Bimestre (c),TransferenciasDeCapitalDaUniaoEDeSuasEntidades,Transferências da União e de suas Entidades,104140455.27,Paraíba
2022,RREO,4,B,Governo do Estado da Paraíba,25,PB,4059905,RREO-Anexo 01,E,Padrão,Até o Bimestre (c),TransferenciasDeCapitalDeInstituicoesPrivadas,Transferências de Instituições Privadas,547234.14,Paraíba
2022,RREO,5,B,Governo do Estado da Paraíba,25,PB,4059905,RREO-Anexo 01,E,Padrão,Até o Bimestre (c),TransferenciasCorrentes,TRANSFERÊNCIAS CORRENTES,6611991991.68,Paraíba
2022,RREO,5,B,Governo do Estado da Paraíba,25,PB,4059905,RREO-Anexo 01,E,Padrão,Até o Bimestre (c),TransferenciasCorrentesDaUniaoEDeSuasEntidades,Transferências da União e de suas Entidades,5423864426.17,Paraíba
2022,RREO,5,B,Governo do Estado da Paraíba,25,PB,4059905,RREO-Anexo 01,E,Padrão,Até o Bimestre (c),TransferenciasCorrentesDosMunicipiosEDeSuasEntidades,Transferências dos Municípios e de suas Entidades,14720061.17,Paraíba
2022,RREO,5,B,Governo do Estado da Paraíba,25,PB,4059905,RREO-Anexo 01,E,Padrão,Até o Bimestre (c),TransferenciasCorrentesDeInstituicoesPrivadas,Transferências de Instituições Privadas,28995.83,Paraíba
2022,RREO,5,B,Governo do Estado da Paraíba,25,PB,4059905,RREO-Anexo 01,E,Padrão,Até o Bimestre (c),TransferenciasCorrentesDeOutrasInstituicoesPublicas,Transferências de Outras Instituições Públicas,1173361304.42,Paraíba
2022,RREO,5,B,Governo do Estado da Paraíba,25,PB,4059905,RREO-Anexo 01,E,Padrão,Até o Bimestre (c),OutrasTransferenciasCorrentes,Outras Transferências,17204.09,Paraíba
2022,RREO,5,B,Governo do Estado da Paraíba,25,PB,4059905,RREO-Anexo 01,E,Padrão,Até o Bimestre (c),TransferenciasDeCapital,TRANSFERÊNCIAS DE CAPITAL,112740991.21,Paraíba
2022,RREO,5,B,Governo do Estado da Paraíba,25,PB,4059905,RREO-Anexo 01,E,Padrão,Até o Bimestre (c),TransferenciasDeCapitalDaUniaoEDeSuasEntidades,Transferências da União e de suas Entidades,112044704.62,Paraíba
2022,RREO,5,B,Governo do Estado da Paraíba,25,PB,4059905,RREO-Anexo 01,E,Padrão,Até o Bimestre (c),TransferenciasDeCapitalDeInstituicoesPrivadas,Transferências de Instituições Privadas,696286.59,Paraíba
2022,RREO,6,B,Governo do Estado da Paraíba,25,PB,4059905,RREO-Anexo 01,E,Padrão,Até o Bimestre (c),TransferenciasCorrentes,TRANSFERÊNCIAS CORRENTES,8133363916.12,Paraíba
2022,RREO,6,B,Governo do Estado da Paraíba,25,PB,4059905,RREO-Anexo 01,E,Padrão,Até o Bimestre (c),TransferenciasCorrentesDaUniaoEDeSuasEntidades,Transferências da União e de suas Entidades,6675410108.32,Paraíba
2022,RREO,6,B,Governo do Estado da Paraíba,25,PB,4059905,RREO-Anexo 01,E,Padrão,Até o Bimestre (c),TransferenciasCorrentesDosMunicipiosEDeSuasEntidades,Transferências dos Municípios e de suas Entidades,17995729.79,Paraíba
2022,RREO,6,B,Governo do Estado da Paraíba,25,PB,4059905,RREO-Anexo 01,E,Padrão,Até o Bimestre (c),TransferenciasCorrentesDeInstituicoesPrivadas,Transferências de Instituições Privadas,65448.57,Paraíba
2022,RREO,6,B,Governo do Estado da Paraíba,25,PB,4059905,RREO-Anexo 01,E,Padrão,Até o Bimestre (c),TransferenciasCorrentesDeOutrasInstituicoesPublicas,Transferências de Outras Instituições Públicas,1439875425.35,Paraíba
2022,RREO,6,B,Governo do Estado da Paraíba,25,PB,4059905,RREO-Anexo 01,E,Padrão,Até o Bimestre (c),OutrasTransferenciasCorrentes,Outras Transferências,17204.09,Paraíba
2022,RREO,6,B,Governo do Estado da Paraíba,25,PB,4059905,RREO-Anexo 01,E,Padrão,Até o Bimestre (c),TransferenciasDeCapital,TRANSFERÊNCIAS DE CAPITAL,139487984.52,Paraíba
2022,RREO,6,B,Governo do Estado da Paraíba,25,PB,4059905,RREO-Anexo 01,E,Padrão,Até o Bimestre (c),TransferenciasDeCapitalDaUniaoEDeSuasEntidades,Transferências da União e de suas Entidades,116761218.44,Paraíba
2022,RREO,6,B,Governo do Estado da Paraíba,25,PB,4059905,RREO-Anexo 01,E,Padrão,Até o Bimestre (c),TransferenciasDeCapitalDeInstituicoesPrivadas,Transferências de Instituições Privadas,814333.41,Paraíba
2022,RREO,6,B,Governo do Estado da Paraíba,25,PB,4059905,RREO-Anexo 01,E,Padrão,Até o Bimestre (c),TransferenciasDeCapitalProvenientesDeDepositosNaoIdentificados,Transferências Provenientes de Depósitos Não Identificados,21912432.67,Paraíba
2023,RREO,1,B,Governo do Estado da Paraíba,25,PB,4059905,RREO-Anexo 01,E,Padrão,Até o Bimestre (c),TransferenciasCorrentes,TRANSFERÊNCIAS CORRENTES,1646739965.51,Paraíba
2023,RREO,1,B,Governo do Estado da Paraíba,25,PB,4059905,RREO-Anexo 01,E,Padrão,Até o Bimestre (c),TransferenciasCorrentesDaUniaoEDeSuasEntidades,Transferências da União e de suas Entidades,1368199764.56,Paraíba
2023,RREO,1,B,Governo do Estado da Paraíba,25,PB,4059905,RREO-Anexo 01,E,Padrão,Até o Bimestre (c),TransferenciasCorrentesDosMunicipiosEDeSuasEntidades,Transferências dos Municípios e de suas Entidades,2984651.31,Paraíba
2023,RREO,1,B,Governo do Estado da Paraíba,25,PB,4059905,RREO-Anexo 01,E,Padrão,Até o Bimestre (c),TransferenciasCorrentesDeInstituicoesPrivadas,Transferências de Instituições Privadas,45225.89,Paraíba
2023,RREO,1,B,Governo do Estado da Paraíba,25,PB,4059905,RREO-Anexo 01,E,Padrão,Até o Bimestre (c),TransferenciasCorrentesDeOutrasInstituicoesPublicas,Transferências de Outras Instituições Públicas,275485123.75,Paraíba
2023,RREO,1,B,Governo do Estado da Paraíba,25,PB,4059905,RREO-Anexo 01,E,Padrão,Até o Bimestre (c),OutrasTransferenciasCorrentes,Outras Transferências,25200.0,Paraíba
2023,RREO,1,B,Governo do Estado da Paraíba,25,PB,4059905,RREO-Anexo 01,E,Padrão,Até o Bimestre (c),TransferenciasDeCapital,TRANSFERÊNCIAS DE CAPITAL,7862731.59,Paraíba
2023,RREO,1,B,Governo do Estado da Paraíba,25,PB,4059905,RREO-Anexo 01,E,Padrão,Até o Bimestre (c),TransferenciasDeCapitalDaUniaoEDeSuasEntidades,Transferências da União e de suas Entidades,7773895.08,Paraíba
2023,RREO,1,B,Governo do Estado da Paraíba,25,PB,4059905,RREO-Anexo 01,E,Padrão,Até o Bimestre (c),TransferenciasDeCapitalDeInstituicoesPrivadas,Transferências de Instituições Privadas,88836.51,Paraíba
2023,RREO,2,B,Governo do Estado da Paraíba,25,PB,4059905,RREO-Anexo 01,E,Padrão,Até o Bimestre (c),TransferenciasCorrentes,TRANSFERÊNCIAS CORRENTES,2881240452.55,Paraíba
2023,RREO,2,B,Governo do Estado da Paraíba,25,PB,4059905,RREO-Anexo 01,E,Padrão,Até o Bimestre (c),TransferenciasCorrentesDaUniaoEDeSuasEntidades,Transferências da União e de suas Entidades,2384979526.16,Paraíba
2023,RREO,2,B,Governo do Estado da Paraíba,25,PB,4059905,RREO-Anexo 01,E,Padrão,Até o Bimestre (c),TransferenciasCorrentesDosMunicipiosEDeSuasEntidades,Transferências dos Municípios e de suas Entidades,5987004.91,Paraíba
2023,RREO,2,B,Governo do Estado da Paraíba,25,PB,4059905,RREO-Anexo 01,E,Padrão,Até o Bimestre (c),TransferenciasCorrentesDeInstituicoesPrivadas,Transferências de Instituições Privadas,45225.89,Paraíba
2023,RREO,2,B,Governo do Estado da Paraíba,25,PB,4059905,RREO-Anexo 01,E,Padrão,Até o Bimestre (c),TransferenciasCorrentesDeOutrasInstituicoesPublicas,Transferências de Outras Instituições Públicas,490170381.41,Paraíba
2023,RREO,2,B,Governo do Estado da Paraíba,25,PB,4059905,RREO-Anexo 01,E,Padrão,Até o Bimestre (c),OutrasTransferenciasCorrentes,Outras Transferências,58314.18,Paraíba
2023,RREO,2,B,Governo do Estado da Paraíba,25,PB,4059905,RREO-Anexo 01,E,Padrão,Até o Bimestre (c),TransferenciasDeCapital,TRANSFERÊNCIAS DE CAPITAL,61628258.74,Paraíba
2023,RREO,2,B,Governo do Estado da Paraíba,25,PB,4059905,RREO-Anexo 01,E,Padrão,Até o Bimestre (c),TransferenciasDeCapitalDaUniaoEDeSuasEntidades,Transferências da União e de suas Entidades,61424659.03,Paraíba
2023,RREO,2,B,Governo do Estado da Paraíba,25,PB,4059905,RREO-Anexo 01,E,Padrão,Até o Bimestre (c),TransferenciasDeCapitalDeInstituicoesPrivadas,Transferências de Instituições Privadas,188599.71,Paraíba
2023,RREO,2,B,Governo do Estado da Paraíba,25,PB,4059905,RREO-Anexo 01,E,Padrão,Até o Bimestre (c),TransferenciasDeCapitalDeOutrasInstituicoesPublicas,Transferências de Outras Instituições Públicas,15000.0,Paraíba
2023,RREO,3,B,Governo do Estado da Paraíba,25,PB,4059905,RREO-Anexo 01,E,Padrão,Até o Bimestre (c),TransferenciasCorrentes,TRANSFERÊNCIAS CORRENTES,4369569085.34,Paraíba
2023,RREO,3,B,Governo do Estado da Paraíba,25,PB,4059905,RREO-Anexo 01,E,Padrão,Até o Bimestre (c),TransferenciasCorrentesDaUniaoEDeSuasEntidades,Transferências da União e de suas Entidades,3615961125.37,Paraíba
2023,RREO,3,B,Governo do Estado da Paraíba,25,PB,4059905,RREO-Anexo 01,E,Padrão,Até o Bimestre (c),TransferenciasCorrentesDosMunicipiosEDeSuasEntidades,Transferências dos Municípios e de suas Entidades,7498055.61,Paraíba
2023,RREO,3,B,Governo do Estado da Paraíba,25,PB,4059905,RREO-Anexo 01,E,Padrão,Até o Bimestre (c),TransferenciasCorrentesDeInstituicoesPrivadas,Transferências de Instituições Privadas,45225.89,Paraíba
2023,RREO,3,B,Governo do Estado da Paraíba,25,PB,4059905,RREO-Anexo 01,E,Padrão,Até o Bimestre (c),TransferenciasCorrentesDeOutrasInstituicoesPublicas,Transferências de Outras Instituições Públicas,746006364.29,Paraíba
2023,RREO,3,B,Governo do Estado da Paraíba,25,PB,4059905,RREO-Anexo 01,E,Padrão,Até o Bimestre (c),OutrasTransferenciasCorrentes,Outras Transferências,58314.18,Paraíba
2023,RREO,3,B,Governo do Estado da Paraíba,25,PB,4059905,RREO-Anexo 01,E,Padrão,Até o Bimestre (c),TransferenciasDeCapital,TRANSFERÊNCIAS DE CAPITAL,69954485.29,Paraíba
2023,RREO,3,B,Governo do Estado da Paraíba,25,PB,4059905,RREO-Anexo 01,E,Padrão,Até o Bimestre (c),TransferenciasDeCapitalDaUniaoEDeSuasEntidades,Transferências da União e de suas Entidades,69712342.21,Paraíba
2023,RREO,3,B,Governo do Estado da Paraíba,25,PB,4059905,RREO-Anexo 01,E,Padrão,Até o Bimestre (c),TransferenciasDeCapitalDeInstituicoesPrivadas,Transferências de Instituições Privadas,211341.59,Paraíba
2023,RREO,3,B,Governo do Estado da Paraíba,25,PB,4059905,RREO-Anexo 01,E,Padrão,Até o Bimestre (c),TransferenciasDeCapitalDeOutrasInstituicoesPublicas,Transferências de Outras Instituições Públicas,30801.49,Paraíba
2023,RREO,4,B,Governo do Estado da Paraíba,25,PB,4059905,RREO-Anexo 01,E,Padrão,Até o Bimestre (c),TransferenciasCorrentes,TRANSFERÊNCIAS CORRENTES,5549165324.43,Paraíba
2023,RREO,4,B,Governo do Estado da Paraíba,25,PB,4059905,RREO-Anexo 01,E,Padrão,Até o Bimestre (c),TransferenciasCorrentesDaUniaoEDeSuasEntidades,Transferências da União e de suas Entidades,4574092198.24,Paraíba
2023,RREO,4,B,Governo do Estado da Paraíba,25,PB,4059905,RREO-Anexo 01,E,Padrão,Até o Bimestre (c),TransferenciasCorrentesDosMunicipiosEDeSuasEntidades,Transferências dos Municípios e de suas Entidades,10417888.92,Paraíba
2023,RREO,4,B,Governo do Estado da Paraíba,25,PB,4059905,RREO-Anexo 01,E,Padrão,Até o Bimestre (c),TransferenciasCorrentesDeInstituicoesPrivadas,Transferências de Instituições Privadas,59026.43,Paraíba
2023,RREO,4,B,Governo do Estado da Paraíba,25,PB,4059905,RREO-Anexo 01,E,Padrão,Até o Bimestre (c),TransferenciasCorrentesDeOutrasInstituicoesPublicas,Transferências de Outras Instituições Públicas,964538106.48,Paraíba
2023,RREO,4,B,Governo do Estado da Paraíba,25,PB,4059905,RREO-Anexo 01,E,Padrão,Até o Bimestre (c),OutrasTransferenciasCorrentes,Outras Transferências,58104.36,Paraíba
2023,RREO,4,B,Governo do Estado da Paraíba,25,PB,4059905,RREO-Anexo 01,E,Padrão,Até o Bimestre (c),TransferenciasDeCapital,TRANSFERÊNCIAS DE CAPITAL,81859670.39,Paraíba
2023,RREO,4,B,Governo do Estado da Paraíba,25,PB,4059905,RREO-Anexo 01,E,Padrão,Até o Bimestre (c),TransferenciasDeCapitalDaUniaoEDeSuasEntidades,Transferências da União e de suas Entidades,81455402.61,Paraíba
2023,RREO,4,B,Governo do Estado da Paraíba,25,PB,4059905,RREO-Anexo 01,E,Padrão,Até o Bimestre (c),TransferenciasDeCapitalDeInstituicoesPrivadas,Transferências de Instituições Privadas,373211.46,Paraíba
2023,RREO,4,B,Governo do Estado da Paraíba,25,PB,4059905,RREO-Anexo 01,E,Padrão,Até o Bimestre (c),TransferenciasDeCapitalDeOutrasInstituicoesPublicas,Transferências de Outras Instituições Públicas,31056.32,Paraíba
2023,RREO,5,B,Governo do Estado da Paraíba,25,PB,4059905,RREO-Anexo 01,E,Padrão,Até o Bimestre (c),TransferenciasCorrentes,TRANSFERÊNCIAS CORRENTES,6756019551.27,Paraíba
2023,RREO,5,B,Governo do Estado da Paraíba,25,PB,4059905,RREO-Anexo 01,E,Padrão,Até o Bimestre (c),TransferenciasCorrentesDaUniaoEDeSuasEntidades,Transferências da União e de suas Entidades,5569453201.8,Paraíba
2023,RREO,5,B,Governo do Estado da Paraíba,25,PB,4059905,RREO-Anexo 01,E,Padrão,Até o Bimestre (c),TransferenciasCorrentesDosMunicipiosEDeSuasEntidades,Transferências dos Municípios e de suas Entidades,10421078.16,Paraíba
2023,RREO,5,B,Governo do Estado da Paraíba,25,PB,4059905,RREO-Anexo 01,E,Padrão,Até o Bimestre (c),TransferenciasCorrentesDeInstituicoesPrivadas,Transferências de Instituições Privadas,59026.43,Paraíba
2023,RREO,5,B,Governo do Estado da Paraíba,25,PB,4059905,RREO-Anexo 01,E,Padrão,Até o Bimestre (c),TransferenciasCorrentesDeOutrasInstituicoesPublicas,Transferências de Outras Instituições Públicas,1176028140.52,Paraíba
2023,RREO,5,B,Governo do Estado da Paraíba,25,PB,4059905,RREO-Anexo 01,E,Padrão,Até o Bimestre (c),OutrasTransferenciasCorrentes,Outras Transferências,58104.36,Paraíba
2023,RREO,5,B,Governo do Estado da Paraíba,25,PB,4059905,RREO-Anexo 01,E,Padrão,Até o Bimestre (c),TransferenciasDeCapital,TRANSFERÊNCIAS DE CAPITAL,103588820.89,Paraíba
2023,RREO,5,B,Governo do Estado da Paraíba,25,PB,4059905,RREO-Anexo 01,E,Padrão,Até o Bimestre (c),TransferenciasDeCapitalDaUniaoEDeSuasEntidades,Transferências da União e de suas Entidades,103064895.5,Paraíba
2023,RREO,5,B,Governo do Estado da Paraíba,25,PB,4059905,RREO-Anexo 01,E,Padrão,Até o Bimestre (c),TransferenciasDeCapitalDeInstituicoesPrivadas,Transferências de Instituições Privadas,487619.07,Paraíba
2023,RREO,5,B,Governo do Estado da Paraíba,25,PB,4059905,RREO-Anexo 01,E,Padrão,Até o Bimestre (c),TransferenciasDeCapitalDeOutrasInstituicoesPublicas,Transferências de Outras Instituições Públicas,36306.32,Paraíba
2023,RREO,6,B,Governo do Estado da Paraíba,25,PB,4059905,RREO-Anexo 01,E,Padrão,Até o Bimestre (c),TransferenciasCorrentes,TRANSFERÊNCIAS CORRENTES,8742505222.53,Paraíba
2023,RREO,6,B,Governo do Estado da Paraíba,25,PB,4059905,RREO-Anexo 01,E,Padrão,Até o Bimestre (c),TransferenciasCorrentesDaUniaoEDeSuasEntidades,Transferências da União e de suas Entidades,7261573513.6,Paraíba
2023,RREO,6,B,Governo do Estado da Paraíba,25,PB,4059905,RREO-Anexo 01,E,Padrão,Até o Bimestre (c),TransferenciasCorrentesDosMunicipiosEDeSuasEntidades,Transferências dos Municípios e de suas Entidades,10421078.16,Paraíba
2023,RREO,6,B,Governo do Estado da Paraíba,25,PB,4059905,RREO-Anexo 01,E,Padrão,Até o Bimestre (c),TransferenciasCorrentesDeInstituicoesPrivadas,Transferências de Instituições Privadas,59026.44,Paraíba
2023,RREO,6,B,Governo do Estado da Paraíba,25,PB,4059905,RREO-Anexo 01,E,Padrão,Até o Bimestre (c),TransferenciasCorrentesDeOutrasInstituicoesPublicas,Transferências de Outras Instituições Públicas,1470269749.97,Paraíba
2023,RREO,6,B,Governo do Estado da Paraíba,25,PB,4059905,RREO-Anexo 01,E,Padrão,Até o Bimestre (c),OutrasTransferenciasCorrentes,Outras Transferências,181854.36,Paraíba
2023,RREO,6,B,Governo do Estado da Paraíba,25,PB,4059905,RREO-Anexo 01,E,Padrão,Até o Bimestre (c),TransferenciasDeCapital,TRANSFERÊNCIAS DE CAPITAL,176825131.64,Paraíba
2023,RREO,6,B,Governo do Estado da Paraíba,25,PB,4059905,RREO-Anexo 01,E,Padrão,Até o Bimestre (c),TransferenciasDeCapitalDaUniaoEDeSuasEntidades,Transferências da União e de suas Entidades,176184844.11,Paraíba
2023,RREO,6,B,Governo do Estado da Paraíba,25,PB,4059905,RREO-Anexo 01,E,Padrão,Até o Bimestre (c),TransferenciasDeCapitalDeInstituicoesPrivadas,Transferências de Instituições Privadas,593984.32,Paraíba
2023,RREO,6,B,Governo do Estado da Paraíba,25,PB,4059905,RREO-Anexo 01,E,Padrão,Até o Bimestre (c),TransferenciasDeCapitalDeOutrasInstituicoesPublicas,Transferências de Outras Instituições Públicas,46303.21,Paraíba
2024,RREO,1,B,Governo do Estado da Paraíba,25,PB,4030961,RREO-Anexo 01,E,Padrão,Até o Bimestre (c),TransferenciasCorrentes,TRANSFERÊNCIAS CORRENTES,1841828515.01,Paraíba
2024,RREO,1,B,Governo do Estado da Paraíba,25,PB,4030961,RREO-Anexo 01,E,Padrão,Até o Bimestre (c),TransferenciasCorrentesDaUniaoEDeSuasEntidades,Transferências da União e de suas Entidades,1555062167.19,Paraíba
2024,RREO,1,B,Governo do Estado da Paraíba,25,PB,4030961,RREO-Anexo 01,E,Padrão,Até o Bimestre (c),TransferenciasCorrentesDeOutrasInstituicoesPublicas,Transferências de Outras Instituições Públicas,286766347.82,Paraíba
2024,RREO,1,B,Governo do Estado da Paraíba,25,PB,4030961,RREO-Anexo 01,E,Padrão,Até o Bimestre (c),TransferenciasDeCapital,TRANSFERÊNCIAS DE CAPITAL,4858261.91,Paraíba
2024,RREO,1,B,Governo do Estado da Paraíba,25,PB,4030961,RREO-Anexo 01,E,Padrão,Até o Bimestre (c),TransferenciasDeCapitalDaUniaoEDeSuasEntidades,Transferências da União e de suas Entidades,4764249.5,Paraíba
2024,RREO,1,B,Governo do Estado da Paraíba,25,PB,4030961,RREO-Anexo 01,E,Padrão,Até o Bimestre (c),TransferenciasDeCapitalDeInstituicoesPrivadas,Transferências de Instituições Privadas,94012.41,Paraíba
2024,RREO,2,B,Governo do Estado da Paraíba,25,PB,4030961,RREO-Anexo 01,E,Padrão,Até o Bimestre (c),TransferenciasCorrentes,TRANSFERÊNCIAS CORRENTES,3353324372.54,Paraíba
2024,RREO,2,B,Governo do Estado da Paraíba,25,PB,4030961,RREO-Anexo 01,E,Padrão,Até o Bimestre (c),TransferenciasCorrentesDaUniaoEDeSuasEntidades,Transferências da União e de suas Entidades,2828449204.5,Paraíba
2024,RREO,2,B,Governo do Estado da Paraíba,25,PB,4030961,RREO-Anexo 01,E,Padrão,Até o Bimestre (c),TransferenciasCorrentesDeOutrasInstituicoesPublicas,Transferências de Outras Instituições Públicas,523329588.04,Paraíba
2024,RREO,2,B,Governo do Estado da Paraíba,25,PB,4030961,RREO-Anexo 01,E,Padrão,Até o Bimestre (c),OutrasTransferenciasCorrentes,Demais Transferências Correntes,1545580.0,Paraíba
2024,RREO,2,B,Governo do Estado da Paraíba,25,PB,4030961,RREO-Anexo 01,E,Padrão,Até o Bimestre (c),TransferenciasDeCapital,TRANSFERÊNCIAS DE CAPITAL,16968713.4,Paraíba
2024,RREO,2,B,Governo do Estado da Paraíba,25,PB,4030961,RREO-Anexo 01,E,Padrão,Até o Bimestre (c),TransferenciasDeCapitalDaUniaoEDeSuasEntidades,Transferências da União e de suas Entidades,16770423.73,Paraíba
2024,RREO,2,B,Governo do Estado da Paraíba,25,PB,4030961,RREO-Anexo 01,E,Padrão,Até o Bimestre (c),TransferenciasDeCapitalDeInstituicoesPrivadas,Transferências de Instituições Privadas,198289.67,Paraíba
2024,RREO,3,B,Governo do Estado da Paraíba,25,PB,4030961,RREO-Anexo 01,E,Padrão,Até o Bimestre (c),TransferenciasCorrentes,TRANSFERÊNCIAS CORRENTES,5063842049.38,Paraíba
2024,RREO,3,B,Governo do Estado da Paraíba,25,PB,4030961,RREO-Anexo 01,E,Padrão,Até o Bimestre (c),TransferenciasCorrentesDaUniaoEDeSuasEntidades,Transferências da União e de suas Entidades,4275852212.81,Paraíba
2024,RREO,3,B,Governo do Estado da Paraíba,25,PB,4030961,RREO-Anexo 01,E,Padrão,Até o Bimestre (c),TransferenciasCorrentesDeOutrasInstituicoesPublicas,Transferências de Outras Instituições Públicas,786444256.57,Paraíba
2024,RREO,3,B,Governo do Estado da Paraíba,25,PB,4030961,RREO-Anexo 01,E,Padrão,Até o Bimestre (c),OutrasTransferenciasCorrentes,Demais Transferências Correntes,1545580.0,Paraíba
2024,RREO,3,B,Governo do Estado da Paraíba,25,PB,4030961,RREO-Anexo 01,E,Padrão,Até o Bimestre (c),TransferenciasDeCapital,TRANSFERÊNCIAS DE CAPITAL,75710444.05,Paraíba
2024,RREO,3,B,Governo do Estado da Paraíba,25,PB,4030961,RREO-Anexo 01,E,Padrão,Até o Bimestre (c),TransferenciasDeCapitalDaUniaoEDeSuasEntidades,Transferências da União e de suas Entidades,75432679.08,Paraíba
2024,RREO,3,B,Governo do Estado da Paraíba,25,PB,4030961,RREO-Anexo 01,E,Padrão,Até o Bimestre (c),TransferenciasDeCapitalDeInstituicoesPrivadas,Transferências de Instituições Privadas,277764.97,Paraíba
2024,RREO,4,B,Governo do Estado da Paraíba,25,PB,4030961,RREO-Anexo 01,E,Padrão,Até o Bimestre (c),TransferenciasCorrentes,TRANSFERÊNCIAS CORRENTES,6486905046.67,Paraíba
2024,RREO,4,B,Governo do Estado da Paraíba,25,PB,4030961,RREO-Anexo 01,E,Padrão,Até o Bimestre (c),TransferenciasCorrentesDaUniaoEDeSuasEntidades,Transferências da União e de suas Entidades,5454851073.28,Paraíba
2024,RREO,4,B,Governo do Estado da Paraíba,25,PB,4030961,RREO-Anexo 01,E,Padrão,Até o Bimestre (c),TransferenciasCorrentesDosMunicipiosEDeSuasEntidades,Transferências dos Municípios e de suas Entidades,50000.0,Paraíba
2024,RREO,4,B,Governo do Estado da Paraíba,25,PB,4030961,RREO-Anexo 01,E,Padrão,Até o Bimestre (c),TransferenciasCorrentesDeOutrasInstituicoesPublicas,Transferências de Outras Instituições Públicas,1030458393.39,Paraíba
2024,RREO,4,B,Governo do Estado da Paraíba,25,PB,4030961,RREO-Anexo 01,E,Padrão,Até o Bimestre (c),OutrasTransferenciasCorrentes,Demais Transferências Correntes,1545580.0,Paraíba
2024,RREO,4,B,Governo do Estado da Paraíba,25,PB,4030961,RREO-Anexo 01,E,Padrão,Até o Bimestre (c),TransferenciasDeCapital,TRANSFERÊNCIAS DE CAPITAL,98106557.24,Paraíba
2024,RREO,4,B,Governo do Estado da Paraíba,25,PB,4030961,RREO-Anexo 01,E,Padrão,Até o Bimestre (c),TransferenciasDeCapitalDaUniaoEDeSuasEntidades,Transferências da União e de suas Entidades,97704408.6,Paraíba
2024,RREO,4,B,Governo do Estado da Paraíba,25,PB,4030961,RREO-Anexo 01,E,Padrão,Até o Bimestre (c),TransferenciasDeCapitalDeInstituicoesPrivadas,Transferências de Instituições Privadas,402148.64,Paraíba
2024,RREO,4,B,Governo do Estado da Paraíba,25,PB,4030961,RREO-Anexo 01,E,Padrão,Até o Bimestre (c),TransferenciasCorrentesIntra,TRANSFERÊNCIAS CORRENTES,23500.0,Paraíba
2024,RREO,4,B,Governo do Estado da Paraíba,25,PB,4030961,RREO-Anexo 01,E,Padrão,Até o Bimestre (c),TransferenciasCorrentesDeOutrasInstituicoesPublicasIntra,Transferências de Outras Instituições Públicas,23500.0,Paraíba
2024,RREO,5,B,Governo do Estado da Paraíba,25,PB,4030961,RREO-Anexo 01,E,Padrão,Até o Bimestre (c),TransferenciasCorrentes,TRANSFERÊNCIAS CORRENTES,7804551270.52,Paraíba
2024,RREO,5,B,Governo do Estado da Paraíba,25,PB,4030961,RREO-Anexo 01,E,Padrão,Até o Bimestre (c),TransferenciasCorrentesDaUniaoEDeSuasEntidades,Transferências da União e de suas Entidades,6540834405.34,Paraíba
2024,RREO,5,B,Governo do Estado da Paraíba,25,PB,4030961,RREO-Anexo 01,E,Padrão,Até o Bimestre (c),TransferenciasCorrentesDosMunicipiosEDeSuasEntidades,Transferências dos Municípios e de suas Entidades,50000.0,Paraíba
2024,RREO,5,B,Governo do Estado da Paraíba,25,PB,4030961,RREO-Anexo 01,E,Padrão,Até o Bimestre (c),TransferenciasCorrentesDeOutrasInstituicoesPublicas,Transferências de Outras Instituições Públicas,1262121285.18,Paraíba
2024,RREO,5,B,Governo do Estado da Paraíba,25,PB,4030961,RREO-Anexo 01,E,Padrão,Até o Bimestre (c),OutrasTransferenciasCorrentes,Demais Transferências Correntes,1545580.0,Paraíba
2024,RREO,5,B,Governo do Estado da Paraíba,25,PB,4030961,RREO-Anexo 01,E,Padrão,Até o Bimestre (c),TransferenciasDeCapital,TRANSFERÊNCIAS DE CAPITAL,114342696.88,Paraíba
2024,RREO,5,B,Governo do Estado da Paraíba,25,PB,4030961,RREO-Anexo 01,E,Padrão,Até o Bimestre (c),TransferenciasDeCapitalDaUniaoEDeSuasEntidades,Transferências da União e de suas Entidades,113848182.63,Paraíba
2024,RREO,5,B,Governo do Estado da Paraíba,25,PB,4030961,RREO-Anexo 01,E,Padrão,Até o Bimestre (c),TransferenciasDeCapitalDeInstituicoesPrivadas,Transferências de Instituições Privadas,494514.25,Paraíba
2024,RREO,5,B,Governo do Estado da Paraíba,25,PB,4030961,RREO-Anexo 01,E,Padrão,Até o Bimestre (c),TransferenciasCorrentesIntra,TRANSFERÊNCIAS CORRENTES,70500.0,Paraíba
2024,RREO,5,B,Governo do Estado da Paraíba,25,PB,4030961,RREO-Anexo 01,E,Padrão,Até o Bimestre (c),TransferenciasCorrentesDeOutrasInstituicoesPublicasIntra,Transferências de Outras Instituições Públicas,70500.0,Paraíba
2024,RREO,6,B,Governo do Estado da Paraíba,25,PB,4030961,RREO-Anexo 01,E,Padrão,Até o Bimestre (c),TransferenciasCorrentes,TRANSFERÊNCIAS CORRENTES,9621392204.59,Paraíba
2024,RREO,6,B,Governo do Estado da Paraíba,25,PB,4030961,RREO-Anexo 01,E,Padrão,Até o Bimestre (c),TransferenciasCorrentesDaUniaoEDeSuasEntidades,Transferências da União e de suas Entidades,8068562513.01,Paraíba
2024,RREO,6,B,Governo do Estado da Paraíba,25,PB,4030961,RREO-Anexo 01,E,Padrão,Até o Bimestre (c),TransferenciasCorrentesDosMunicipiosEDeSuasEntidades,Transferências dos Municípios e de suas Entidades,50000.0,Paraíba
2024,RREO,6,B,Governo do Estado da Paraíba,25,PB,4030961,RREO-Anexo 01,E,Padrão,Até o Bimestre (c),TransferenciasCorrentesDeOutrasInstituicoesPublicas,Transferências de Outras Instituições Públicas,1551142888.77,Paraíba
2024,RREO,6,B,Governo do Estado da Paraíba,25,PB,4030961,RREO-Anexo 01,E,Padrão,Até o Bimestre (c),OutrasTransferenciasCorrentes,Demais Transferências Correntes,1636802.81,Paraíba
2024,RREO,6,B,Governo do Estado da Paraíba,25,PB,4030961,RREO-Anexo 01,E,Padrão,Até o Bimestre (c),TransferenciasDeCapital,TRANSFERÊNCIAS DE CAPITAL,139352724.75,Paraíba
2024,RREO,6,B,Governo do Estado da Paraíba,25,PB,4030961,RREO-Anexo 01,E,Padrão,Até o Bimestre (c),TransferenciasDeCapitalDaUniaoEDeSuasEntidades,Transferências da União e de suas Entidades,138730267.68,Paraíba
2024,RREO,6,B,Governo do Estado da Paraíba,25,PB,4030961,RREO-Anexo 01,E,Padrão,Até o Bimestre (c),TransferenciasDeCapitalDeInstituicoesPrivadas,Transferências de Instituições Privadas,622457.07,Paraíba
2024,RREO,6,B,Governo do Estado da Paraíba,25,PB,4030961,RREO-Anexo 01,E,Padrão,Até o Bimestre (c),TransferenciasCorrentesIntra,TRANSFERÊNCIAS CORRENTES,117500.0,Paraíba
2024,RREO,6,B,Governo do Estado da Paraíba,25,PB,4030961,RREO-Anexo 01,E,Padrão,Até o Bimestre (c),TransferenciasCorrentesDeOutrasInstituicoesPublicasIntra,Transferências de Outras Instituições Públicas,117500.0,Paraíba
2025,RREO,1,B,Governo do Estado da Paraíba,25,PB,4030961,RREO-Anexo 01,E,Padrão,Até o Bimestre (c),TransferenciasCorrentes,TRANSFERÊNCIAS CORRENTES,2031432564.46,Paraíba
2025,RREO,1,B,Governo do Estado da Paraíba,25,PB,4030961,RREO-Anexo 01,E,Padrão,Até o Bimestre (c),TransferenciasCorrentesDaUniaoEDeSuasEntidades,Transferências da União e de suas Entidades,1723506211.62,Paraíba
2025,RREO,1,B,Governo do Estado da Paraíba,25,PB,4030961,RREO-Anexo 01,E,Padrão,Até o Bimestre (c),TransferenciasCorrentesDeOutrasInstituicoesPublicas,Transferências de Outras Instituições Públicas,307827414.38,Paraíba
2025,RREO,1,B,Governo do Estado da Paraíba,25,PB,4030961,RREO-Anexo 01,E,Padrão,Até o Bimestre (c),OutrasTransferenciasCorrentes,Demais Transferências Correntes,98938.46,Paraíba
2025,RREO,1,B,Governo do Estado da Paraíba,25,PB,4030961,RREO-Anexo 01,E,Padrão,Até o Bimestre (c),TransferenciasDeCapital,TRANSFERÊNCIAS DE CAPITAL,8332835.92,Paraíba
2025,RREO,1,B,Governo do Estado da Paraíba,25,PB,4030961,RREO-Anexo 01,E,Padrão,Até o Bimestre (c),TransferenciasDeCapitalDaUniaoEDeSuasEntidades,Transferências da União e de suas Entidades,8228537.2,Paraíba
2025,RREO,1,B,Governo do Estado da Paraíba,25,PB,4030961,RREO-Anexo 01,E,Padrão,Até o Bimestre (c),TransferenciasDeCapitalDeInstituicoesPrivadas,Transferências de Instituições Privadas,104298.72,Paraíba
2025,RREO,2,B,Governo do Estado da Paraíba,25,PB,4030961,RREO-Anexo 01,E,Padrão,Até o Bimestre (c),TransferenciasCorrentes,TRANSFERÊNCIAS CORRENTES,3559973007.79,Paraíba
2025,RREO,2,B,Governo do Estado da Paraíba,25,PB,4030961,RREO-Anexo 01,E,Padrão,Até o Bimestre (c),TransferenciasCorrentesDaUniaoEDeSuasEntidades,Transferências da União e de suas Entidades,2989870113.24,Paraíba
2025,RREO,2,B,Governo do Estado da Paraíba,25,PB,4030961,RREO-Anexo 01,E,Padrão,Até o Bimestre (c),TransferenciasCorrentesDeOutrasInstituicoesPublicas,Transferências de Outras Instituições Públicas,569910437.1,Paraíba
2025,RREO,2,B,Governo do Estado da Paraíba,25,PB,4030961,RREO-Anexo 01,E,Padrão,Até o Bimestre (c),OutrasTransferenciasCorrentes,Demais Transferências Correntes,192457.45,Paraíba
2025,RREO,2,B,Governo do Estado da Paraíba,25,PB,4030961,RREO-Anexo 01,E,Padrão,Até o Bimestre (c),TransferenciasDeCapital,TRANSFERÊNCIAS DE CAPITAL,9983510.92,Paraíba
2025,RREO,2,B,Governo do Estado da Paraíba,25,PB,4030961,RREO-Anexo 01,E,Padrão,Até o Bimestre (c),TransferenciasDeCapitalDaUniaoEDeSuasEntidades,Transferências da União e de suas Entidades,9745794.27,Paraíba
2025,RREO,2,B,Governo do Estado da Paraíba,25,PB,4030961,RREO-Anexo 01,E,Padrão,Até o Bimestre (c),TransferenciasDeCapitalDeInstituicoesPrivadas,Transferências de Instituições Privadas,237716.65,Paraíba
2025,RREO,2,B,Governo do Estado da Paraíba,25,PB,4030961,RREO-Anexo 01,E,Padrão,Até o Bimestre (c),TransferenciasCorrentesIntra,TRANSFERÊNCIAS CORRENTES,23500.0,Paraíba
2025,RREO,2,B,Governo do Estado da Paraíba,25,PB,4030961,RREO-Anexo 01,E,Padrão,Até o Bimestre (c),TransferenciasCorrentesDeOutrasInstituicoesPublicasIntra,Transferências de Outras Instituições Públicas,23500.0,Paraíba
2025,RREO,3,B,Governo do Estado da Paraíba,25,PB,4030961,RREO-Anexo 01,E,Padrão,Até o Bimestre (c),TransferenciasCorrentes,TRANSFERÊNCIAS CORRENTES,5458109756.89,Paraíba
2025,RREO,3,B,Governo do Estado da Paraíba,25,PB,4030961,RREO-Anexo 01,E,Padrão,Até o Bimestre (c),TransferenciasCorrentesDaUniaoEDeSuasEntidades,Transferências da União e de suas Entidades,4583501368.46,Paraíba
2025,RREO,3,B,Governo do Estado da Paraíba,25,PB,4030961,RREO-Anexo 01,E,Padrão,Até o Bimestre (c),TransferenciasCorrentesDeOutrasInstituicoesPublicas,Transferências de Outras Instituições Públicas,874350678.2,Paraíba
2025,RREO,3,B,Governo do Estado da Paraíba,25,PB,4030961,RREO-Anexo 01,E,Padrão,Até o Bimestre (c),OutrasTransferenciasCorrentes,Demais Transferências Correntes,257710.23,Paraíba
2025,RREO,3,B,Governo do Estado da Paraíba,25,PB,4030961,RREO-Anexo 01,E,Padrão,Até o Bimestre (c),TransferenciasDeCapital,TRANSFERÊNCIAS DE CAPITAL,41035994.51,Paraíba
2025,RREO,3,B,Governo do Estado da Paraíba,25,PB,4030961,RREO-Anexo 01,E,Padrão,Até o Bimestre (c),TransferenciasDeCapitalDaUniaoEDeSuasEntidades,Transferências da União e de suas Entidades,40710950.77,Paraíba
2025,RREO,3,B,Governo do Estado da Paraíba,25,PB,4030961,RREO-Anexo 01,E,Padrão,Até o Bimestre (c),TransferenciasDeCapitalDeInstituicoesPrivadas,Transferências de Instituições Privadas,325043.74,Paraíba
2025,RREO,3,B,Governo do Estado da Paraíba,25,PB,4030961,RREO-Anexo 01,E,Padrão,Até o Bimestre (c),TransferenciasCorrentesIntra,TRANSFERÊNCIAS CORRENTES,23500.0,Paraíba
2025,RREO,3,B,Governo do Estado da Paraíba,25,PB,4030961,RREO-Anexo 01,E,Padrão,Até o Bimestre (c),TransferenciasCorrentesDeOutrasInstituicoesPublicasIntra,Transferências de Outras Instituições Públicas,23500.0,Paraíba
2025,RREO,4,B,Governo do Estado da Paraíba,25,PB,4030961,RREO-Anexo 01,E,Padrão,Até o Bimestre (c),TransferenciasCorrentes,TRANSFERÊNCIAS CORRENTES,6968236210.96,Paraíba
2025,RREO,4,B,Governo do Estado da Paraíba,25,PB,4030961,RREO-Anexo 01,E,Padrão,Até o Bimestre (c),TransferenciasCorrentesDaUniaoEDeSuasEntidades,Transferências da União e de suas Entidades,5828518703.17,Paraíba
2025,RREO,4,B,Governo do Estado da Paraíba,25,PB,4030961,RREO-Anexo 01,E,Padrão,Até o Bimestre (c),TransferenciasCorrentesDeOutrasInstituicoesPublicas,Transferências de Outras Instituições Públicas,1139349981.14,Paraíba
2025,RREO,4,B,Governo do Estado da Paraíba,25,PB,4030961,RREO-Anexo 01,E,Padrão,Até o Bimestre (c),OutrasTransferenciasCorrentes,Demais Transferências Correntes,367526.65,Paraíba
2025,RREO,4,B,Governo do Estado da Paraíba,25,PB,4030961,RREO-Anexo 01,E,Padrão,Até o Bimestre (c),TransferenciasDeCapital,TRANSFERÊNCIAS DE CAPITAL,69188329.59,Paraíba
2025,RREO,4,B,Governo do Estado da Paraíba,25,PB,4030961,RREO-Anexo 01,E,Padrão,Até o Bimestre (c),TransferenciasDeCapitalDaUniaoEDeSuasEntidades,Transferências da União e de suas Entidades,68765962.86,Paraíba
2025,RREO,4,B,Governo do Estado da Paraíba,25,PB,4030961,RREO-Anexo 01,E,Padrão,Até o Bimestre (c),TransferenciasDeCapitalDeInstituicoesPrivadas,Transferências de Instituições Privadas,422366.73,Paraíba
2025,RREO,4,B,Governo do Estado da Paraíba,25,PB,4030961,RREO-Anexo 01,E,Padrão,Até o Bimestre (c),TransferenciasCorrentesIntra,TRANSFERÊNCIAS CORRENTES,47000.0,Paraíba
2025,RREO,4,B,Governo do Estado da Paraíba,25,PB,4030961,RREO-Anexo 01,E,Padrão,Até o Bimestre (c),TransferenciasCorrentesDeOutrasInstituicoesPublicasIntra,Transferências de Outras Instituições Públicas,47000.0,Paraíba
2025,RREO,5,B,Governo do Estado da Paraíba,25,PB,4030961,RREO-Anexo 01,E,Padrão,Até o Bimestre (c),TransferenciasCorrentes,TRANSFERÊNCIAS CORRENTES,8391952333.36,Paraíba
2025,RREO,5,B,Governo do Estado da Paraíba,25,PB,4030961,RREO-Anexo 01,E,Padrão,Até o Bimestre (c),TransferenciasCorrentesDaUniaoEDeSuasEntidades,Transferências da União e de suas Entidades,7001569769.37,Paraíba
2025,RREO,5,B,Governo do Estado da Paraíba,25,PB,4030961,RREO-Anexo 01,E,Padrão,Até o Bimestre (c),TransferenciasCorrentesDeOutrasInstituicoesPublicas,Transferências de Outras Instituições Públicas,1389760864.02,Paraíba
2025,RREO,5,B,Governo do Estado da Paraíba,25,PB,4030961,RREO-Anexo 01,E,Padrão,Até o Bimestre (c),OutrasTransferenciasCorrentes,Demais Transferências Correntes,621699.97,Paraíba
2025,RREO,5,B,Governo do Estado da Paraíba,25,PB,4030961,RREO-Anexo 01,E,Padrão,Até o Bimestre (c),TransferenciasDeCapital,TRANSFERÊNCIAS DE CAPITAL,87064439.18,Paraíba
2025,RREO,5,B,Governo do Estado da Paraíba,25,PB,4030961,RREO-Anexo 01,E,Padrão,Até o Bimestre (c),TransferenciasDeCapitalDaUniaoEDeSuasEntidades,Transferências da União e de suas Entidades,86348662.75,Paraíba
2025,RREO,5,B,Governo do Estado da Paraíba,25,PB,4030961,RREO-Anexo 01,E,Padrão,Até o Bimestre (c),TransferenciasDeCapitalDeInstituicoesPrivadas,Transferências de Instituições Privadas,515776.43,Paraíba
2025,RREO,5,B,Governo do Estado da Paraíba,25,PB,4030961,RREO-Anexo 01,E,Padrão,Até o Bimestre (c),TransferenciasDeCapitalDoExterior,Transferências do Exterior,200000.0,Paraíba
2025,RREO,5,B,Governo do Estado da Paraíba,25,PB,4030961,RREO-Anexo 01,E,Padrão,Até o Bimestre (c),TransferenciasCorrentesIntra,TRANSFERÊNCIAS CORRENTES,47000.0,Paraíba
2025,RREO,5,B,Governo do Estado da Paraíba,25,PB,4030961,RREO-Anexo 01,E,Padrão,Até o Bimestre (c),TransferenciasCorrentesDeOutrasInstituicoesPublicasIntra,Transferências de Outras Instituições Públicas,47000.0,Paraíba
2025,RREO,6,B,Governo do Estado da Paraíba,25,PB,4030961,RREO-Anexo 01,E,Padrão,Até o Bimestre (c),TransferenciasCorrentes,TRANSFERÊNCIAS CORRENTES,10611034168.44,Paraíba
2025,RREO,6,B,Governo do Estado da Paraíba,25,PB,4030961,RREO-Anexo 01,E,Padrão,Até o Bimestre (c),TransferenciasCorrentesDaUniaoEDeSuasEntidades,Transferências da União e de suas Entidades,8904053939.85,Paraíba
2025,RREO,6,B,Governo do Estado da Paraíba,25,PB,4030961,RREO-Anexo 01,E,Padrão,Até o Bimestre (c),TransferenciasCorrentesDeOutrasInstituicoesPublicas,Transferências de Outras Instituições Públicas,1706231247.4,Paraíba
2025,RREO,6,B,Governo do Estado da Paraíba,25,PB,4030961,RREO-Anexo 01,E,Padrão,Até o Bimestre (c),OutrasTransferenciasCorrentes,Demais Transferências Correntes,748981.19,Paraíba
2025,RREO,6,B,Governo do Estado da Paraíba,25,PB,4030961,RREO-Anexo 01,E,Padrão,Até o Bimestre (c),TransferenciasDeCapital,TRANSFERÊNCIAS DE CAPITAL,135193398.47,Paraíba
2025,RREO,6,B,Governo do Estado da Paraíba,25,PB,4030961,RREO-Anexo 01,E,Padrão,Até o Bimestre (c),TransferenciasDeCapitalDaUniaoEDeSuasEntidades,Transferências da União e de suas Entidades,134334259.93,Paraíba
2025,RREO,6,B,Governo do Estado da Paraíba,25,PB,4030961,RREO-Anexo 01,E,Padrão,Até o Bimestre (c),TransferenciasDeCapitalDeInstituicoesPrivadas,Transferências de Instituições Privadas,659138.54,Paraíba
2025,RREO,6,B,Governo do Estado da Paraíba,25,PB,4030961,RREO-Anexo 01,E,Padrão,Até o Bimestre (c),TransferenciasDeCapitalDoExterior,Transferências do Exterior,200000.0,Paraíba
2025,RREO,6,B,Governo do Estado da Paraíba,25,PB,4030961,RREO-Anexo 01,E,Padrão,Até o Bimestre (c),TransferenciasCorrentesIntra,TRANSFERÊNCIAS CORRENTES,47000.0,Paraíba
2025,RREO,6,B,Governo do Estado da Paraíba,25,PB,4030961,RREO-Anexo 01,E,Padrão,Até o Bimestre (c),TransferenciasCorrentesDeOutrasInstituicoesPublicasIntra,Transferências de Outras Instituições Públicas,47000.0,Paraíba
