cod_ibge,regiao_codigo,regiao_nome,ano,mes,credito_operacoes
2300200,05,Litoral Norte,2015,1,6123632.0
2300309,02,Centro Sul,2015,1,7429542.0
2301000,03,Grande Fortaleza,2015,1,271704.0
2301109,04,Litoral Leste,2015,1,38260072.0
2301901,01,Cariri,2015,1,24329867.0
2302107,07,Maciço do Baturité,2015,1,23311258.0
2302404,10,Sertão de Canindé,2015,1,15262077.0
2302503,01,Cariri,2015,1,26918843.0
2302701,01,Cariri,2015,1,14893586.0
2302800,10,Sertão de Canindé,2015,1,24698633.0
2303501,03,Grande Fortaleza,2015,1,14683706.0
2303709,03,Grande Fortaleza,2015,1,1388251.0
2304103,12,Sertão dos Crateús,2015,1,33076127.0
2304202,01,Cariri,2015,1,29446839.0
2304285,03,Grande Fortaleza,2015,1,456874.0
2304400,03,Grande Fortaleza,2015,1,4193534604.0
2304707,05,Litoral Norte,2015,1,29558029.0
2305233,03,Grande Fortaleza,2015,1,1946709.0
2305506,02,Centro Sul,2015,1,47582840.0
2306306,06,Litoral Oeste / Vale do Curu,2015,1,0.0
2306405,06,Litoral Oeste / Vale do Curu,2015,1,65179553.0
2306900,14,Vale do Jaguaribe,2015,1,20437763.0
2307304,01,Cariri,2015,1,73073437.0
2307502,01,Cariri,2015,1,19758791.0
2307601,14,Vale do Jaguaribe,2015,1,33383937.0
2307650,03,Grande Fortaleza,2015,1,106714047.0
2307700,03,Grande Fortaleza,2015,1,2370717.0
2308500,09,Sertão Central,2015,1,13238626.0
2309300,12,Sertão dos Crateús,2015,1,28652588.0
2309607,03,Grande Fortaleza,2015,1,5991625.0
2311306,09,Sertão Central,2015,1,24459681.0
2311405,09,Sertão Central,2015,1,9561784.0
2311801,14,Vale do Jaguaribe,2015,1,154632.0
2312205,12,Sertão dos Crateús,2015,1,1366883.0
2312304,08,Serra da Ibiapaba,2015,1,21445841.0
2312908,11,Sertão de Sobral,2015,1,74643860.0
2313302,13,Sertão dos Inhamuns,2015,1,17037867.0
2313401,08,Serra da Ibiapaba,2015,1,25328418.0
2314102,08,Serra da Ibiapaba,2015,1,937034.0
2300200,05,Litoral Norte,2015,2,8076212.0
2300309,02,Centro Sul,2015,2,7490891.0
2301000,03,Grande Fortaleza,2015,2,386720.0
2301109,04,Litoral Leste,2015,2,38587135.0
2301901,01,Cariri,2015,2,24242615.0
2302107,07,Maciço do Baturité,2015,2,22539846.0
2302404,10,Sertão de Canindé,2015,2,15641941.0
2302503,01,Cariri,2015,2,26510376.0
2302701,01,Cariri,2015,2,14831679.0
2302800,10,Sertão de Canindé,2015,2,25320724.0
2303501,03,Grande Fortaleza,2015,2,14288879.0
2303709,03,Grande Fortaleza,2015,2,1555335.0
2304103,12,Sertão dos Crateús,2015,2,32499296.0
2304202,01,Cariri,2015,2,29475297.0
2304285,03,Grande Fortaleza,2015,2,801700.0
2304400,03,Grande Fortaleza,2015,2,4407856600.0
2304707,05,Litoral Norte,2015,2,29242731.0
2305233,03,Grande Fortaleza,2015,2,2136887.0
2305506,02,Centro Sul,2015,2,46997768.0
2306306,06,Litoral Oeste / Vale do Curu,2015,2,1.0
2306405,06,Litoral Oeste / Vale do Curu,2015,2,65198606.0
2306900,14,Vale do Jaguaribe,2015,2,20176020.0
2307304,01,Cariri,2015,2,71364712.0
2307502,01,Cariri,2015,2,19642190.0
2307601,14,Vale do Jaguaribe,2015,2,32014847.0
2307650,03,Grande Fortaleza,2015,2,108720411.0
2307700,03,Grande Fortaleza,2015,2,2284882.0
2308500,09,Sertão Central,2015,2,13163402.0
2309300,12,Sertão dos Crateús,2015,2,28344507.0
2309607,03,Grande Fortaleza,2015,2,6003656.0
2311306,09,Sertão Central,2015,2,24015432.0
2311405,09,Sertão Central,2015,2,9475083.0
2311801,14,Vale do Jaguaribe,2015,2,174627.0
2312205,12,Sertão dos Crateús,2015,2,1541359.0
2312304,08,Serra da Ibiapaba,2015,2,21488135.0
2312908,11,Sertão de Sobral,2015,2,75158166.0
2313302,13,Sertão dos Inhamuns,2015,2,16829327.0
2313401,08,Serra da Ibiapaba,2015,2,24831982.0
2314102,08,Serra da Ibiapaba,2015,2,1126986.0
2300200,05,Litoral Norte,2015,3,8206629.0
2300309,02,Centro Sul,2015,3,7636902.0
2301000,03,Grande Fortaleza,2015,3,568279.0
2301109,04,Litoral Leste,2015,3,37305934.0
2301901,01,Cariri,2015,3,24213122.0
2302107,07,Maciço do Baturité,2015,3,22381419.0
2302404,10,Sertão de Canindé,2015,3,15994120.0
2302503,01,Cariri,2015,3,26881750.0
2302701,01,Cariri,2015,3,14606258.0
2302800,10,Sertão de Canindé,2015,3,25764810.0
2303501,03,Grande Fortaleza,2015,3,13690859.0
2303709,03,Grande Fortaleza,2015,3,2166918.0
2304103,12,Sertão dos Crateús,2015,3,31797066.0
2304202,01,Cariri,2015,3,29252297.0
2304285,03,Grande Fortaleza,2015,3,896691.0
2304400,03,Grande Fortaleza,2015,3,4370804772.0
2304707,05,Litoral Norte,2015,3,27309400.0
2305233,03,Grande Fortaleza,2015,3,2718158.0
2305506,02,Centro Sul,2015,3,46288333.0
2306306,06,Litoral Oeste / Vale do Curu,2015,3,0.0
2306405,06,Litoral Oeste / Vale do Curu,2015,3,63536883.0
2306900,14,Vale do Jaguaribe,2015,3,19734696.0
2307304,01,Cariri,2015,3,70239142.0
2307502,01,Cariri,2015,3,19741197.0
2307601,14,Vale do Jaguaribe,2015,3,31494494.0
2307650,03,Grande Fortaleza,2015,3,109056030.0
2307700,03,Grande Fortaleza,2015,3,2318354.0
2308500,09,Sertão Central,2015,3,12639724.0
2309300,12,Sertão dos Crateús,2015,3,27794686.0
2309607,03,Grande Fortaleza,2015,3,6271848.0
2311306,09,Sertão Central,2015,3,23652262.0
2311405,09,Sertão Central,2015,3,9537920.0
2311801,14,Vale do Jaguaribe,2015,3,183200.0
2312205,12,Sertão dos Crateús,2015,3,1797584.0
2312304,08,Serra da Ibiapaba,2015,3,21290547.0
2312908,11,Sertão de Sobral,2015,3,74864459.0
2313302,13,Sertão dos Inhamuns,2015,3,16836185.0
2313401,08,Serra da Ibiapaba,2015,3,24670359.0
2314102,08,Serra da Ibiapaba,2015,3,1185648.0
2300200,05,Litoral Norte,2015,4,8299493.0
2300309,02,Centro Sul,2015,4,8083365.0
2301000,03,Grande Fortaleza,2015,4,940125.0
2301109,04,Litoral Leste,2015,4,36251729.0
2301901,01,Cariri,2015,4,25283557.0
2302107,07,Maciço do Baturité,2015,4,22405737.0
2302404,10,Sertão de Canindé,2015,4,16151147.0
2302503,01,Cariri,2015,4,27035301.0
2302701,01,Cariri,2015,4,14308152.0
2302800,10,Sertão de Canindé,2015,4,26775298.0
2303501,03,Grande Fortaleza,2015,4,13529234.0
2303709,03,Grande Fortaleza,2015,4,2162070.0
2304103,12,Sertão dos Crateús,2015,4,31033372.0
2304202,01,Cariri,2015,4,29456795.0
2304285,03,Grande Fortaleza,2015,4,1098012.0
2304400,03,Grande Fortaleza,2015,4,4302080612.0
2304707,05,Litoral Norte,2015,4,27682881.0
2305233,03,Grande Fortaleza,2015,4,2813522.0
2305506,02,Centro Sul,2015,4,48447933.0
2306306,06,Litoral Oeste / Vale do Curu,2015,4,0.0
2306405,06,Litoral Oeste / Vale do Curu,2015,4,64623604.0
2306900,14,Vale do Jaguaribe,2015,4,19589665.0
2307304,01,Cariri,2015,4,72688563.0
2307502,01,Cariri,2015,4,19740716.0
2307601,14,Vale do Jaguaribe,2015,4,32311041.0
2307650,03,Grande Fortaleza,2015,4,106857674.0
2307700,03,Grande Fortaleza,2015,4,2267308.0
2308500,09,Sertão Central,2015,4,13362441.0
2309300,12,Sertão dos Crateús,2015,4,28096687.0
2309607,03,Grande Fortaleza,2015,4,6713632.0
2311306,09,Sertão Central,2015,4,23738530.0
2311405,09,Sertão Central,2015,4,9618072.0
2311801,14,Vale do Jaguaribe,2015,4,331919.0
2312205,12,Sertão dos Crateús,2015,4,1934004.0
2312304,08,Serra da Ibiapaba,2015,4,21066153.0
2312908,11,Sertão de Sobral,2015,4,74952992.0
2313302,13,Sertão dos Inhamuns,2015,4,16792487.0
2313401,08,Serra da Ibiapaba,2015,4,24570134.0
2314102,08,Serra da Ibiapaba,2015,4,1239222.0
2300200,05,Litoral Norte,2015,5,8434184.0
2300309,02,Centro Sul,2015,5,8087603.0
2301000,03,Grande Fortaleza,2015,5,1244558.0
2301109,04,Litoral Leste,2015,5,36715253.0
2301901,01,Cariri,2015,5,25651638.0
2302107,07,Maciço do Baturité,2015,5,23288643.0
2302404,10,Sertão de Canindé,2015,5,16193319.0
2302503,01,Cariri,2015,5,27878198.0
2302701,01,Cariri,2015,5,14882308.0
2302800,10,Sertão de Canindé,2015,5,27652933.0
2303501,03,Grande Fortaleza,2015,5,14168981.0
2303709,03,Grande Fortaleza,2015,5,2192148.0
2304103,12,Sertão dos Crateús,2015,5,31561187.0
2304202,01,Cariri,2015,5,31209376.0
2304285,03,Grande Fortaleza,2015,5,1299962.0
2304400,03,Grande Fortaleza,2015,5,4330190786.0
2304707,05,Litoral Norte,2015,5,28739401.0
2305233,03,Grande Fortaleza,2015,5,2920563.0
2305506,02,Centro Sul,2015,5,50455928.0
2306306,06,Litoral Oeste / Vale do Curu,2015,5,0.0
2306405,06,Litoral Oeste / Vale do Curu,2015,5,65415254.0
2306900,14,Vale do Jaguaribe,2015,5,20259732.0
2307304,01,Cariri,2015,5,74294955.0
2307502,01,Cariri,2015,5,20229060.0
2307601,14,Vale do Jaguaribe,2015,5,32923774.0
2307650,03,Grande Fortaleza,2015,5,114150604.0
2307700,03,Grande Fortaleza,2015,5,2776178.0
2308500,09,Sertão Central,2015,5,13573498.0
2309300,12,Sertão dos Crateús,2015,5,28666129.0
2309607,03,Grande Fortaleza,2015,5,6827527.0
2311306,09,Sertão Central,2015,5,24703604.0
2311405,09,Sertão Central,2015,5,10131638.0
2311801,14,Vale do Jaguaribe,2015,5,352322.0
2312205,12,Sertão dos Crateús,2015,5,2104657.0
2312304,08,Serra da Ibiapaba,2015,5,21261444.0
2312908,11,Sertão de Sobral,2015,5,75861237.0
2313302,13,Sertão dos Inhamuns,2015,5,17209184.0
2313401,08,Serra da Ibiapaba,2015,5,24813465.0
2314102,08,Serra da Ibiapaba,2015,5,1216252.0
2300200,05,Litoral Norte,2015,6,8666569.0
2300309,02,Centro Sul,2015,6,8301735.0
2301000,03,Grande Fortaleza,2015,6,1236713.0
2301109,04,Litoral Leste,2015,6,39144815.0
2301901,01,Cariri,2015,6,24762100.0
2302107,07,Maciço do Baturité,2015,6,24629501.0
2302404,10,Sertão de Canindé,2015,6,16636619.0
2302503,01,Cariri,2015,6,27520097.0
2302701,01,Cariri,2015,6,14713847.0
2302800,10,Sertão de Canindé,2015,6,27758643.0
2303501,03,Grande Fortaleza,2015,6,15844552.0
2303709,03,Grande Fortaleza,2015,6,2303802.0
2304103,12,Sertão dos Crateús,2015,6,32001053.0
2304202,01,Cariri,2015,6,31204343.0
2304285,03,Grande Fortaleza,2015,6,1480753.0
2304400,03,Grande Fortaleza,2015,6,4156034768.0
2304707,05,Litoral Norte,2015,6,30918892.0
2305233,03,Grande Fortaleza,2015,6,3339195.0
2305506,02,Centro Sul,2015,6,50628039.0
2306306,06,Litoral Oeste / Vale do Curu,2015,6,1.0
2306405,06,Litoral Oeste / Vale do Curu,2015,6,67711898.0
2306900,14,Vale do Jaguaribe,2015,6,22369007.0
2307304,01,Cariri,2015,6,75979946.0
2307502,01,Cariri,2015,6,20262866.0
2307601,14,Vale do Jaguaribe,2015,6,33195955.0
2307650,03,Grande Fortaleza,2015,6,119870922.0
2307700,03,Grande Fortaleza,2015,6,3469166.0
2308500,09,Sertão Central,2015,6,13753114.0
2309300,12,Sertão dos Crateús,2015,6,29635208.0
2309607,03,Grande Fortaleza,2015,6,23152579.0
2311306,09,Sertão Central,2015,6,24687932.0
2311405,09,Sertão Central,2015,6,9880638.0
2311801,14,Vale do Jaguaribe,2015,6,396867.0
2312205,12,Sertão dos Crateús,2015,6,2224112.0
2312304,08,Serra da Ibiapaba,2015,6,21474363.0
2312908,11,Sertão de Sobral,2015,6,79800506.0
2313302,13,Sertão dos Inhamuns,2015,6,16848550.0
2313401,08,Serra da Ibiapaba,2015,6,25645064.0
2314102,08,Serra da Ibiapaba,2015,6,1113522.0
2300200,05,Litoral Norte,2015,7,8796833.0
2300309,02,Centro Sul,2015,7,7982239.0
2301000,03,Grande Fortaleza,2015,7,1248237.0
2301109,04,Litoral Leste,2015,7,39484849.0
2301901,01,Cariri,2015,7,24722655.0
2302107,07,Maciço do Baturité,2015,7,24534808.0
2302404,10,Sertão de Canindé,2015,7,16425740.0
2302503,01,Cariri,2015,7,27183796.0
2302701,01,Cariri,2015,7,14710119.0
2302800,10,Sertão de Canindé,2015,7,26992491.0
2303501,03,Grande Fortaleza,2015,7,15868276.0
2303709,03,Grande Fortaleza,2015,7,2374281.0
2304103,12,Sertão dos Crateús,2015,7,32149371.0
2304202,01,Cariri,2015,7,30957453.0
2304285,03,Grande Fortaleza,2015,7,1673654.0
2304400,03,Grande Fortaleza,2015,7,4727629985.0
2304707,05,Litoral Norte,2015,7,30177492.0
2305233,03,Grande Fortaleza,2015,7,3566849.0
2305506,02,Centro Sul,2015,7,50827118.0
2306306,06,Litoral Oeste / Vale do Curu,2015,7,0.0
2306405,06,Litoral Oeste / Vale do Curu,2015,7,67862879.0
2306900,14,Vale do Jaguaribe,2015,7,21673886.0
2307304,01,Cariri,2015,7,77196823.0
2307502,01,Cariri,2015,7,20219098.0
2307601,14,Vale do Jaguaribe,2015,7,32742505.0
2307650,03,Grande Fortaleza,2015,7,120681533.0
2307700,03,Grande Fortaleza,2015,7,3448308.0
2308500,09,Sertão Central,2015,7,13462601.0
2309300,12,Sertão dos Crateús,2015,7,29103080.0
2309607,03,Grande Fortaleza,2015,7,23315815.0
2311306,09,Sertão Central,2015,7,24693069.0
2311405,09,Sertão Central,2015,7,9547865.0
2311801,14,Vale do Jaguaribe,2015,7,525529.0
2312205,12,Sertão dos Crateús,2015,7,2362415.0
2312304,08,Serra da Ibiapaba,2015,7,22042396.0
2312908,11,Sertão de Sobral,2015,7,80727926.0
2313302,13,Sertão dos Inhamuns,2015,7,16670603.0
2313401,08,Serra da Ibiapaba,2015,7,25389634.0
2314102,08,Serra da Ibiapaba,2015,7,1211483.0
2300200,05,Litoral Norte,2015,8,9053621.0
2300309,02,Centro Sul,2015,8,8067228.0
2301000,03,Grande Fortaleza,2015,8,1476835.0
2301109,04,Litoral Leste,2015,8,39857589.0
2301901,01,Cariri,2015,8,25067960.0
2302107,07,Maciço do Baturité,2015,8,24940739.0
2302404,10,Sertão de Canindé,2015,8,16597298.0
2302503,01,Cariri,2015,8,27616438.0
2302701,01,Cariri,2015,8,15019764.0
2302800,10,Sertão de Canindé,2015,8,27671659.0
2303501,03,Grande Fortaleza,2015,8,15345623.0
2303709,03,Grande Fortaleza,2015,8,2493838.0
2304103,12,Sertão dos Crateús,2015,8,31972837.0
2304202,01,Cariri,2015,8,32386567.0
2304285,03,Grande Fortaleza,2015,8,1886410.0
2304400,03,Grande Fortaleza,2015,8,4717387417.0
2304707,05,Litoral Norte,2015,8,30675674.0
2305233,03,Grande Fortaleza,2015,8,3982453.0
2305506,02,Centro Sul,2015,8,51211124.0
2306306,06,Litoral Oeste / Vale do Curu,2015,8,0.0
2306405,06,Litoral Oeste / Vale do Curu,2015,8,69362785.0
2306900,14,Vale do Jaguaribe,2015,8,21853593.0
2307304,01,Cariri,2015,8,77986187.0
2307502,01,Cariri,2015,8,20410998.0
2307601,14,Vale do Jaguaribe,2015,8,33334586.0
2307650,03,Grande Fortaleza,2015,8,124584850.0
2307700,03,Grande Fortaleza,2015,8,3504993.0
2308500,09,Sertão Central,2015,8,13678770.0
2309300,12,Sertão dos Crateús,2015,8,28583590.0
2309607,03,Grande Fortaleza,2015,8,23056972.0
2311306,09,Sertão Central,2015,8,25340437.0
2311405,09,Sertão Central,2015,8,9637893.0
2311801,14,Vale do Jaguaribe,2015,8,787550.0
2312205,12,Sertão dos Crateús,2015,8,2453214.0
2312304,08,Serra da Ibiapaba,2015,8,22268874.0
2312908,11,Sertão de Sobral,2015,8,82944122.0
2313302,13,Sertão dos Inhamuns,2015,8,16179829.0
2313401,08,Serra da Ibiapaba,2015,8,24809961.0
2314102,08,Serra da Ibiapaba,2015,8,1163339.0
2300200,05,Litoral Norte,2015,9,8889582.0
2300309,02,Centro Sul,2015,9,8357744.0
2301000,03,Grande Fortaleza,2015,9,1534974.0
2301109,04,Litoral Leste,2015,9,39444122.0
2301901,01,Cariri,2015,9,24960208.0
2302107,07,Maciço do Baturité,2015,9,24797507.0
2302404,10,Sertão de Canindé,2015,9,16819584.0
2302503,01,Cariri,2015,9,27687674.0
2302701,01,Cariri,2015,9,14813390.0
2302800,10,Sertão de Canindé,2015,9,27816143.0
2303501,03,Grande Fortaleza,2015,9,15008691.0
2303709,03,Grande Fortaleza,2015,9,2582137.0
2304103,12,Sertão dos Crateús,2015,9,31249071.0
2304202,01,Cariri,2015,9,32596744.0
2304285,03,Grande Fortaleza,2015,9,3084165.0
2304400,03,Grande Fortaleza,2015,9,5134641228.0
2304707,05,Litoral Norte,2015,9,29794945.0
2305233,03,Grande Fortaleza,2015,9,4276354.0
2305506,02,Centro Sul,2015,9,50440783.0
2306306,06,Litoral Oeste / Vale do Curu,2015,9,0.0
2306405,06,Litoral Oeste / Vale do Curu,2015,9,68585765.0
2306900,14,Vale do Jaguaribe,2015,9,21818608.0
2307304,01,Cariri,2015,9,79175212.0
2307502,01,Cariri,2015,9,20532094.0
2307601,14,Vale do Jaguaribe,2015,9,32664709.0
2307650,03,Grande Fortaleza,2015,9,125134407.0
2307700,03,Grande Fortaleza,2015,9,3488808.0
2308500,09,Sertão Central,2015,9,13476489.0
2309300,12,Sertão dos Crateús,2015,9,28108131.0
2309607,03,Grande Fortaleza,2015,9,22658205.0
2311306,09,Sertão Central,2015,9,25570548.0
2311405,09,Sertão Central,2015,9,9652423.0
2311801,14,Vale do Jaguaribe,2015,9,962544.0
2312205,12,Sertão dos Crateús,2015,9,2809995.0
2312304,08,Serra da Ibiapaba,2015,9,22148272.0
2312908,11,Sertão de Sobral,2015,9,81228286.0
2313302,13,Sertão dos Inhamuns,2015,9,15792253.0
2313401,08,Serra da Ibiapaba,2015,9,25629765.0
2314102,08,Serra da Ibiapaba,2015,9,1154921.0
2300200,05,Litoral Norte,2015,10,9180356.0
2300309,02,Centro Sul,2015,10,8307156.0
2301000,03,Grande Fortaleza,2015,10,1975810.0
2301109,04,Litoral Leste,2015,10,38835224.0
2301901,01,Cariri,2015,10,25062570.0
2302107,07,Maciço do Baturité,2015,10,24664128.0
2302404,10,Sertão de Canindé,2015,10,17149243.0
2302503,01,Cariri,2015,10,27807867.0
2302701,01,Cariri,2015,10,14907889.0
2302800,10,Sertão de Canindé,2015,10,26970549.0
2303501,03,Grande Fortaleza,2015,10,14163267.0
2303709,03,Grande Fortaleza,2015,10,2711502.0
2304103,12,Sertão dos Crateús,2015,10,29829392.0
2304202,01,Cariri,2015,10,32938609.0
2304285,03,Grande Fortaleza,2015,10,3084942.0
2304400,03,Grande Fortaleza,2015,10,4765877730.0
2304707,05,Litoral Norte,2015,10,29244784.0
2305233,03,Grande Fortaleza,2015,10,5067790.0
2305506,02,Centro Sul,2015,10,50089437.0
2306306,06,Litoral Oeste / Vale do Curu,2015,10,2.0
2306405,06,Litoral Oeste / Vale do Curu,2015,10,67590081.0
2306900,14,Vale do Jaguaribe,2015,10,22621600.0
2307304,01,Cariri,2015,10,78712290.0
2307502,01,Cariri,2015,10,20702171.0
2307601,14,Vale do Jaguaribe,2015,10,32556450.0
2307650,03,Grande Fortaleza,2015,10,129469579.0
2307700,03,Grande Fortaleza,2015,10,3482551.0
2308500,09,Sertão Central,2015,10,12320654.0
2309300,12,Sertão dos Crateús,2015,10,27895477.0
2309607,03,Grande Fortaleza,2015,10,22484502.0
2311306,09,Sertão Central,2015,10,25797381.0
2311405,09,Sertão Central,2015,10,9669889.0
2311801,14,Vale do Jaguaribe,2015,10,1068618.0
2312205,12,Sertão dos Crateús,2015,10,2851135.0
2312304,08,Serra da Ibiapaba,2015,10,21840744.0
2312908,11,Sertão de Sobral,2015,10,80587895.0
2313302,13,Sertão dos Inhamuns,2015,10,15243405.0
2313401,08,Serra da Ibiapaba,2015,10,25050419.0
2314102,08,Serra da Ibiapaba,2015,10,1129931.0
2300200,05,Litoral Norte,2015,11,9182373.0
2300309,02,Centro Sul,2015,11,8279081.0
2301000,03,Grande Fortaleza,2015,11,2511301.0
2301109,04,Litoral Leste,2015,11,39397561.0
2301901,01,Cariri,2015,11,19806031.0
2302107,07,Maciço do Baturité,2015,11,25581508.0
2302404,10,Sertão de Canindé,2015,11,17604034.0
2302503,01,Cariri,2015,11,29196726.0
2302701,01,Cariri,2015,11,15211396.0
2302800,10,Sertão de Canindé,2015,11,26662037.0
2303501,03,Grande Fortaleza,2015,11,14660402.0
2303709,03,Grande Fortaleza,2015,11,3375597.0
2304103,12,Sertão dos Crateús,2015,11,31321740.0
2304202,01,Cariri,2015,11,33442887.0
2304285,03,Grande Fortaleza,2015,11,3174179.0
2304400,03,Grande Fortaleza,2015,11,4726736242.0
2304707,05,Litoral Norte,2015,11,29875313.0
2305233,03,Grande Fortaleza,2015,11,5056300.0
2305506,02,Centro Sul,2015,11,52849427.0
2306306,06,Litoral Oeste / Vale do Curu,2015,11,0.0
2306405,06,Litoral Oeste / Vale do Curu,2015,11,68515502.0
2306900,14,Vale do Jaguaribe,2015,11,23543947.0
2307304,01,Cariri,2015,11,80480764.0
2307502,01,Cariri,2015,11,21083940.0
2307601,14,Vale do Jaguaribe,2015,11,33619693.0
2307650,03,Grande Fortaleza,2015,11,135126736.0
2307700,03,Grande Fortaleza,2015,11,4343163.0
2308500,09,Sertão Central,2015,11,13358332.0
2309300,12,Sertão dos Crateús,2015,11,28365594.0
2309607,03,Grande Fortaleza,2015,11,23546600.0
2311306,09,Sertão Central,2015,11,26448656.0
2311405,09,Sertão Central,2015,11,9879829.0
2311801,14,Vale do Jaguaribe,2015,11,989045.0
2312205,12,Sertão dos Crateús,2015,11,2920522.0
2312304,08,Serra da Ibiapaba,2015,11,21959263.0
2312908,11,Sertão de Sobral,2015,11,82185085.0
2313302,13,Sertão dos Inhamuns,2015,11,15441170.0
2313401,08,Serra da Ibiapaba,2015,11,25204541.0
2314102,08,Serra da Ibiapaba,2015,11,1111961.0
2300200,05,Litoral Norte,2015,12,10058088.0
2300309,02,Centro Sul,2015,12,8214586.0
2301000,03,Grande Fortaleza,2015,12,3430995.0
2301109,04,Litoral Leste,2015,12,42333770.0
2301901,01,Cariri,2015,12,19602265.0
2302107,07,Maciço do Baturité,2015,12,27291353.0
2302404,10,Sertão de Canindé,2015,12,17859792.0
2302503,01,Cariri,2015,12,29640639.0
2302701,01,Cariri,2015,12,15963087.0
2302800,10,Sertão de Canindé,2015,12,27268703.0
2303501,03,Grande Fortaleza,2015,12,16726837.0
2303709,03,Grande Fortaleza,2015,12,3224700.0
2304103,12,Sertão dos Crateús,2015,12,33506384.0
2304202,01,Cariri,2015,12,34744721.0
2304285,03,Grande Fortaleza,2015,12,2835409.0
2304400,03,Grande Fortaleza,2015,12,4761835558.0
2304707,05,Litoral Norte,2015,12,31444260.0
2305233,03,Grande Fortaleza,2015,12,4899195.0
2305506,02,Centro Sul,2015,12,55431086.0
2306306,06,Litoral Oeste / Vale do Curu,2015,12,0.0
2306405,06,Litoral Oeste / Vale do Curu,2015,12,71703725.0
2306900,14,Vale do Jaguaribe,2015,12,24093499.0
2307304,01,Cariri,2015,12,84482976.0
2307502,01,Cariri,2015,12,21890142.0
2307601,14,Vale do Jaguaribe,2015,12,34920731.0
2307650,03,Grande Fortaleza,2015,12,151699404.0
2307700,03,Grande Fortaleza,2015,12,4624085.0
2308500,09,Sertão Central,2015,12,14720199.0
2309300,12,Sertão dos Crateús,2015,12,29098077.0
2309607,03,Grande Fortaleza,2015,12,24543750.0
2311306,09,Sertão Central,2015,12,27142558.0
2311405,09,Sertão Central,2015,12,9705238.0
2311801,14,Vale do Jaguaribe,2015,12,1059348.0
2312205,12,Sertão dos Crateús,2015,12,2891325.0
2312304,08,Serra da Ibiapaba,2015,12,22079429.0
2312908,11,Sertão de Sobral,2015,12,84177929.0
2313302,13,Sertão dos Inhamuns,2015,12,15760430.0
2313401,08,Serra da Ibiapaba,2015,12,26125010.0
2314102,08,Serra da Ibiapaba,2015,12,1037991.0
2300200,05,Litoral Norte,2016,1,10811041.0
2300309,02,Centro Sul,2016,1,8208907.0
2301000,03,Grande Fortaleza,2016,1,4022895.0
2301109,04,Litoral Leste,2016,1,41307416.0
2301901,01,Cariri,2016,1,19048643.0
2302107,07,Maciço do Baturité,2016,1,25921996.0
2302404,10,Sertão de Canindé,2016,1,17750100.0
2302503,01,Cariri,2016,1,29315704.0
2302701,01,Cariri,2016,1,15729228.0
2302800,10,Sertão de Canindé,2016,1,26624741.0
2303501,03,Grande Fortaleza,2016,1,16516957.0
2303709,03,Grande Fortaleza,2016,1,3104111.0
2304103,12,Sertão dos Crateús,2016,1,33424144.0
2304202,01,Cariri,2016,1,33980477.0
2304285,03,Grande Fortaleza,2016,1,2837270.0
2304400,03,Grande Fortaleza,2016,1,4446747720.0
2304707,05,Litoral Norte,2016,1,32286810.0
2305233,03,Grande Fortaleza,2016,1,5179513.0
2305506,02,Centro Sul,2016,1,54471143.0
2306306,06,Litoral Oeste / Vale do Curu,2016,1,0.0
2306405,06,Litoral Oeste / Vale do Curu,2016,1,72775521.0
2306900,14,Vale do Jaguaribe,2016,1,23389679.0
2307304,01,Cariri,2016,1,85671107.0
2307502,01,Cariri,2016,1,22295388.0
2307601,14,Vale do Jaguaribe,2016,1,34075353.0
2307650,03,Grande Fortaleza,2016,1,149661674.0
2307700,03,Grande Fortaleza,2016,1,4368347.0
2308500,09,Sertão Central,2016,1,14491796.0
2309300,12,Sertão dos Crateús,2016,1,28794488.0
2309607,03,Grande Fortaleza,2016,1,23823024.0
2311306,09,Sertão Central,2016,1,27385152.0
2311405,09,Sertão Central,2016,1,9726438.0
2311801,14,Vale do Jaguaribe,2016,1,1110331.0
2312205,12,Sertão dos Crateús,2016,1,2849074.0
2312304,08,Serra da Ibiapaba,2016,1,22471854.0
2312908,11,Sertão de Sobral,2016,1,84273476.0
2313302,13,Sertão dos Inhamuns,2016,1,15440260.0
2313401,08,Serra da Ibiapaba,2016,1,25866384.0
2314102,08,Serra da Ibiapaba,2016,1,1068858.0
2300200,05,Litoral Norte,2016,2,10237059.0
2300309,02,Centro Sul,2016,2,7904284.0
2301000,03,Grande Fortaleza,2016,2,4086882.0
2301109,04,Litoral Leste,2016,2,40949225.0
2301901,01,Cariri,2016,2,18901233.0
2302107,07,Maciço do Baturité,2016,2,26002232.0
2302404,10,Sertão de Canindé,2016,2,17160331.0
2302503,01,Cariri,2016,2,28744862.0
2302701,01,Cariri,2016,2,15706427.0
2302800,10,Sertão de Canindé,2016,2,26706241.0
2303501,03,Grande Fortaleza,2016,2,15430452.0
2303709,03,Grande Fortaleza,2016,2,3598479.0
2304103,12,Sertão dos Crateús,2016,2,32775266.0
2304202,01,Cariri,2016,2,33929912.0
2304285,03,Grande Fortaleza,2016,2,3022857.0
2304400,03,Grande Fortaleza,2016,2,4375127880.0
2304707,05,Litoral Norte,2016,2,31888936.0
2305233,03,Grande Fortaleza,2016,2,5243296.0
2305506,02,Centro Sul,2016,2,53259671.0
2306306,06,Litoral Oeste / Vale do Curu,2016,2,0.0
2306405,06,Litoral Oeste / Vale do Curu,2016,2,72007826.0
2306900,14,Vale do Jaguaribe,2016,2,22947696.0
2307304,01,Cariri,2016,2,84052686.0
2307502,01,Cariri,2016,2,22326486.0
2307601,14,Vale do Jaguaribe,2016,2,32724247.0
2307650,03,Grande Fortaleza,2016,2,149711912.0
2307700,03,Grande Fortaleza,2016,2,4380024.0
2308500,09,Sertão Central,2016,2,13939298.0
2309300,12,Sertão dos Crateús,2016,2,28887742.0
2309607,03,Grande Fortaleza,2016,2,23035032.0
2311306,09,Sertão Central,2016,2,26816446.0
2311405,09,Sertão Central,2016,2,9502937.0
2311801,14,Vale do Jaguaribe,2016,2,1281365.0
2312205,12,Sertão dos Crateús,2016,2,2955336.0
2312304,08,Serra da Ibiapaba,2016,2,22522848.0
2312908,11,Sertão de Sobral,2016,2,83562571.0
2313302,13,Sertão dos Inhamuns,2016,2,15312036.0
2313401,08,Serra da Ibiapaba,2016,2,25526011.0
2314102,08,Serra da Ibiapaba,2016,2,1020511.0
2300200,05,Litoral Norte,2016,3,9835358.0
2300309,02,Centro Sul,2016,3,7729552.0
2301000,03,Grande Fortaleza,2016,3,4628347.0
2301109,04,Litoral Leste,2016,3,40913085.0
2301901,01,Cariri,2016,3,19082026.0
2302107,07,Maciço do Baturité,2016,3,25615525.0
2302404,10,Sertão de Canindé,2016,3,16474781.0
2302503,01,Cariri,2016,3,28094571.0
2302701,01,Cariri,2016,3,15061960.0
2302800,10,Sertão de Canindé,2016,3,27011336.0
2303501,03,Grande Fortaleza,2016,3,14774094.0
2303709,03,Grande Fortaleza,2016,3,3559779.0
2304103,12,Sertão dos Crateús,2016,3,32072247.0
2304202,01,Cariri,2016,3,32780019.0
2304285,03,Grande Fortaleza,2016,3,3017101.0
2304400,03,Grande Fortaleza,2016,3,4173184654.0
2304707,05,Litoral Norte,2016,3,29557819.0
2305233,03,Grande Fortaleza,2016,3,6019447.0
2305506,02,Centro Sul,2016,3,50920729.0
2306306,06,Litoral Oeste / Vale do Curu,2016,3,0.0
2306405,06,Litoral Oeste / Vale do Curu,2016,3,69764202.0
2306900,14,Vale do Jaguaribe,2016,3,21770697.0
2307304,01,Cariri,2016,3,80098669.0
2307502,01,Cariri,2016,3,22302868.0
2307601,14,Vale do Jaguaribe,2016,3,30953305.0
2307650,03,Grande Fortaleza,2016,3,150711551.0
2307700,03,Grande Fortaleza,2016,3,4155219.0
2308500,09,Sertão Central,2016,3,13409791.0
2309300,12,Sertão dos Crateús,2016,3,27896243.0
2309607,03,Grande Fortaleza,2016,3,22637724.0
2311306,09,Sertão Central,2016,3,26246616.0
2311405,09,Sertão Central,2016,3,9571535.0
2311801,14,Vale do Jaguaribe,2016,3,1478717.0
2312205,12,Sertão dos Crateús,2016,3,3011896.0
2312304,08,Serra da Ibiapaba,2016,3,22010727.0
2312908,11,Sertão de Sobral,2016,3,79361103.0
2313302,13,Sertão dos Inhamuns,2016,3,15021554.0
2313401,08,Serra da Ibiapaba,2016,3,25187944.0
2314102,08,Serra da Ibiapaba,2016,3,962953.0
2300200,05,Litoral Norte,2016,4,9626490.0
2300309,02,Centro Sul,2016,4,6786253.0
2301000,03,Grande Fortaleza,2016,4,4549361.0
2301109,04,Litoral Leste,2016,4,41123557.0
2301901,01,Cariri,2016,4,19961233.0
2302107,07,Maciço do Baturité,2016,4,25516049.0
2302404,10,Sertão de Canindé,2016,4,16679907.0
2302503,01,Cariri,2016,4,27860777.0
2302701,01,Cariri,2016,4,15154395.0
2302800,10,Sertão de Canindé,2016,4,26693194.0
2303501,03,Grande Fortaleza,2016,4,14471266.0
2303709,03,Grande Fortaleza,2016,4,3577609.0
2304103,12,Sertão dos Crateús,2016,4,31121640.0
2304202,01,Cariri,2016,4,33742878.0
2304285,03,Grande Fortaleza,2016,4,3213300.0
2304400,03,Grande Fortaleza,2016,4,4158496173.0
2304707,05,Litoral Norte,2016,4,29518097.0
2305233,03,Grande Fortaleza,2016,4,5840162.0
2305506,02,Centro Sul,2016,4,50367920.0
2306306,06,Litoral Oeste / Vale do Curu,2016,4,0.0
2306405,06,Litoral Oeste / Vale do Curu,2016,4,69978398.0
2306900,14,Vale do Jaguaribe,2016,4,21684701.0
2307304,01,Cariri,2016,4,83002324.0
2307502,01,Cariri,2016,4,22517925.0
2307601,14,Vale do Jaguaribe,2016,4,31954958.0
2307650,03,Grande Fortaleza,2016,4,159385215.0
2307700,03,Grande Fortaleza,2016,4,3771043.0
2308500,09,Sertão Central,2016,4,13994609.0
2309300,12,Sertão dos Crateús,2016,4,27590741.0
2309607,03,Grande Fortaleza,2016,4,22017802.0
2311306,09,Sertão Central,2016,4,26880155.0
2311405,09,Sertão Central,2016,4,9468859.0
2311801,14,Vale do Jaguaribe,2016,4,1575137.0
2312205,12,Sertão dos Crateús,2016,4,3037499.0
2312304,08,Serra da Ibiapaba,2016,4,19796724.0
2312908,11,Sertão de Sobral,2016,4,77840921.0
2313302,13,Sertão dos Inhamuns,2016,4,15058730.0
2313401,08,Serra da Ibiapaba,2016,4,25036264.0
2314102,08,Serra da Ibiapaba,2016,4,968892.0
2300200,05,Litoral Norte,2016,5,9649666.0
2300309,02,Centro Sul,2016,5,6025102.0
2301000,03,Grande Fortaleza,2016,5,4366010.0
2301109,04,Litoral Leste,2016,5,41066841.0
2301901,01,Cariri,2016,5,19949809.0
2302107,07,Maciço do Baturité,2016,5,26087236.0
2302404,10,Sertão de Canindé,2016,5,16722223.0
2302503,01,Cariri,2016,5,28671590.0
2302701,01,Cariri,2016,5,15634558.0
2302800,10,Sertão de Canindé,2016,5,26905429.0
2303501,03,Grande Fortaleza,2016,5,14455062.0
2303709,03,Grande Fortaleza,2016,5,3880639.0
2304103,12,Sertão dos Crateús,2016,5,31526424.0
2304202,01,Cariri,2016,5,34360585.0
2304285,03,Grande Fortaleza,2016,5,3195055.0
2304400,03,Grande Fortaleza,2016,5,4283618334.0
2304707,05,Litoral Norte,2016,5,28294143.0
2305233,03,Grande Fortaleza,2016,5,5895514.0
2305506,02,Centro Sul,2016,5,51476064.0
2306306,06,Litoral Oeste / Vale do Curu,2016,5,100841.0
2306405,06,Litoral Oeste / Vale do Curu,2016,5,71460177.0
2306900,14,Vale do Jaguaribe,2016,5,23234219.0
2307304,01,Cariri,2016,5,82475017.0
2307502,01,Cariri,2016,5,22812933.0
2307601,14,Vale do Jaguaribe,2016,5,31595253.0
2307650,03,Grande Fortaleza,2016,5,160936675.0
2307700,03,Grande Fortaleza,2016,5,3751820.0
2308500,09,Sertão Central,2016,5,14023953.0
2309300,12,Sertão dos Crateús,2016,5,28175883.0
2309607,03,Grande Fortaleza,2016,5,23354489.0
2311306,09,Sertão Central,2016,5,27293186.0
2311405,09,Sertão Central,2016,5,9707372.0
2311801,14,Vale do Jaguaribe,2016,5,1869125.0
2312205,12,Sertão dos Crateús,2016,5,2996304.0
2312304,08,Serra da Ibiapaba,2016,5,19573730.0
2312908,11,Sertão de Sobral,2016,5,77629306.0
2313302,13,Sertão dos Inhamuns,2016,5,15220253.0
2313401,08,Serra da Ibiapaba,2016,5,24882274.0
2314102,08,Serra da Ibiapaba,2016,5,959205.0
2300200,05,Litoral Norte,2016,6,9365786.0
2300309,02,Centro Sul,2016,6,5682988.0
2301000,03,Grande Fortaleza,2016,6,4316183.0
2301109,04,Litoral Leste,2016,6,43085132.0
2301901,01,Cariri,2016,6,19860634.0
2302107,07,Maciço do Baturité,2016,6,27491173.0
2302404,10,Sertão de Canindé,2016,6,17200934.0
2302503,01,Cariri,2016,6,28783476.0
2302701,01,Cariri,2016,6,16164841.0
2302800,10,Sertão de Canindé,2016,6,27007141.0
2303501,03,Grande Fortaleza,2016,6,15566468.0
2303709,03,Grande Fortaleza,2016,6,3795368.0
2304103,12,Sertão dos Crateús,2016,6,32964107.0
2304202,01,Cariri,2016,6,33915297.0
2304285,03,Grande Fortaleza,2016,6,3053834.0
2304400,03,Grande Fortaleza,2016,6,4823928388.0
2304707,05,Litoral Norte,2016,6,30322092.0
2305233,03,Grande Fortaleza,2016,6,10208291.0
2305506,02,Centro Sul,2016,6,50893667.0
2306306,06,Litoral Oeste / Vale do Curu,2016,6,115253.0
2306405,06,Litoral Oeste / Vale do Curu,2016,6,73605227.0
2306900,14,Vale do Jaguaribe,2016,6,24064977.0
2307304,01,Cariri,2016,6,83045739.0
2307502,01,Cariri,2016,6,23308566.0
2307601,14,Vale do Jaguaribe,2016,6,32550481.0
2307650,03,Grande Fortaleza,2016,6,161677514.0
2307700,03,Grande Fortaleza,2016,6,3844660.0
2308500,09,Sertão Central,2016,6,14113829.0
2309300,12,Sertão dos Crateús,2016,6,29393444.0
2309607,03,Grande Fortaleza,2016,6,23496639.0
2311306,09,Sertão Central,2016,6,27494496.0
2311405,09,Sertão Central,2016,6,9681441.0
2311801,14,Vale do Jaguaribe,2016,6,1829465.0
2312205,12,Sertão dos Crateús,2016,6,2938286.0
2312304,08,Serra da Ibiapaba,2016,6,20240844.0
2312908,11,Sertão de Sobral,2016,6,77892544.0
2313302,13,Sertão dos Inhamuns,2016,6,14996833.0
2313401,08,Serra da Ibiapaba,2016,6,25558615.0
2314102,08,Serra da Ibiapaba,2016,6,971093.0
2300200,05,Litoral Norte,2016,7,8816811.0
2300309,02,Centro Sul,2016,7,5598320.0
2301000,03,Grande Fortaleza,2016,7,4521627.0
2301109,04,Litoral Leste,2016,7,42671943.0
2301901,01,Cariri,2016,7,19597350.0
2302107,07,Maciço do Baturité,2016,7,26712547.0
2302404,10,Sertão de Canindé,2016,7,17063402.0
2302503,01,Cariri,2016,7,28026560.0
2302701,01,Cariri,2016,7,16145949.0
2302800,10,Sertão de Canindé,2016,7,27044870.0
2303501,03,Grande Fortaleza,2016,7,15955702.0
2303709,03,Grande Fortaleza,2016,7,3646086.0
2304103,12,Sertão dos Crateús,2016,7,32889926.0
2304202,01,Cariri,2016,7,32537402.0
2304285,03,Grande Fortaleza,2016,7,3301941.0
2304400,03,Grande Fortaleza,2016,7,4815252978.0
2304707,05,Litoral Norte,2016,7,29759116.0
2305233,03,Grande Fortaleza,2016,7,10031040.0
2305506,02,Centro Sul,2016,7,52717791.0
2306306,06,Litoral Oeste / Vale do Curu,2016,7,128549.0
2306405,06,Litoral Oeste / Vale do Curu,2016,7,73087404.0
2306900,14,Vale do Jaguaribe,2016,7,23306952.0
2307304,01,Cariri,2016,7,81039582.0
2307502,01,Cariri,2016,7,22880887.0
2307601,14,Vale do Jaguaribe,2016,7,31679872.0
2307650,03,Grande Fortaleza,2016,7,157280889.0
2307700,03,Grande Fortaleza,2016,7,3861327.0
2308500,09,Sertão Central,2016,7,13934562.0
2309300,12,Sertão dos Crateús,2016,7,28620861.0
2309607,03,Grande Fortaleza,2016,7,22646085.0
2311306,09,Sertão Central,2016,7,26779521.0
2311405,09,Sertão Central,2016,7,9558759.0
2311801,14,Vale do Jaguaribe,2016,7,1797356.0
2312205,12,Sertão dos Crateús,2016,7,2999059.0
2312304,08,Serra da Ibiapaba,2016,7,20061556.0
2312908,11,Sertão de Sobral,2016,7,78007904.0
2313302,13,Sertão dos Inhamuns,2016,7,15133211.0
2313401,08,Serra da Ibiapaba,2016,7,25155212.0
2314102,08,Serra da Ibiapaba,2016,7,1076179.0
2300200,05,Litoral Norte,2016,8,8851470.0
2300309,02,Centro Sul,2016,8,5620845.0
2301000,03,Grande Fortaleza,2016,8,4450799.0
2301109,04,Litoral Leste,2016,8,41429376.0
2301901,01,Cariri,2016,8,19733315.0
2302107,07,Maciço do Baturité,2016,8,26365249.0
2302404,10,Sertão de Canindé,2016,8,16851060.0
2302503,01,Cariri,2016,8,27629178.0
2302701,01,Cariri,2016,8,15580109.0
2302800,10,Sertão de Canindé,2016,8,26756569.0
2303501,03,Grande Fortaleza,2016,8,15779481.0
2303709,03,Grande Fortaleza,2016,8,4939316.0
2304103,12,Sertão dos Crateús,2016,8,32661141.0
2304202,01,Cariri,2016,8,31833453.0
2304285,03,Grande Fortaleza,2016,8,3256290.0
2304400,03,Grande Fortaleza,2016,8,4730369025.0
2304707,05,Litoral Norte,2016,8,28716322.0
2305233,03,Grande Fortaleza,2016,8,12859019.0
2305506,02,Centro Sul,2016,8,54599504.0
2306306,06,Litoral Oeste / Vale do Curu,2016,8,196993.0
2306405,06,Litoral Oeste / Vale do Curu,2016,8,73782876.0
2306900,14,Vale do Jaguaribe,2016,8,23376236.0
2307304,01,Cariri,2016,8,79318530.0
2307502,01,Cariri,2016,8,23410668.0
2307601,14,Vale do Jaguaribe,2016,8,30652915.0
2307650,03,Grande Fortaleza,2016,8,153044510.0
2307700,03,Grande Fortaleza,2016,8,3650146.0
2308500,09,Sertão Central,2016,8,14279286.0
2309300,12,Sertão dos Crateús,2016,8,27753885.0
2309607,03,Grande Fortaleza,2016,8,21521571.0
2311306,09,Sertão Central,2016,8,26571299.0
2311405,09,Sertão Central,2016,8,9355210.0
2311801,14,Vale do Jaguaribe,2016,8,2343799.0
2312205,12,Sertão dos Crateús,2016,8,3072416.0
2312304,08,Serra da Ibiapaba,2016,8,20305462.0
2312908,11,Sertão de Sobral,2016,8,76614257.0
2313302,13,Sertão dos Inhamuns,2016,8,14399397.0
2313401,08,Serra da Ibiapaba,2016,8,24683772.0
2314102,08,Serra da Ibiapaba,2016,8,1078250.0
2300200,05,Litoral Norte,2016,9,9049664.0
2300309,02,Centro Sul,2016,9,5515407.0
2301000,03,Grande Fortaleza,2016,9,4235087.0
2301109,04,Litoral Leste,2016,9,40772182.0
2301901,01,Cariri,2016,9,19943855.0
2302107,07,Maciço do Baturité,2016,9,25309873.0
2302404,10,Sertão de Canindé,2016,9,16702767.0
2302503,01,Cariri,2016,9,28217000.0
2302701,01,Cariri,2016,9,15741527.0
2302800,10,Sertão de Canindé,2016,9,26118385.0
2303501,03,Grande Fortaleza,2016,9,15198263.0
2303709,03,Grande Fortaleza,2016,9,4894484.0
2304103,12,Sertão dos Crateús,2016,9,32836492.0
2304202,01,Cariri,2016,9,32743680.0
2304285,03,Grande Fortaleza,2016,9,3074462.0
2304400,03,Grande Fortaleza,2016,9,4777010439.0
2304707,05,Litoral Norte,2016,9,28312464.0
2305233,03,Grande Fortaleza,2016,9,13672480.0
2305506,02,Centro Sul,2016,9,57596385.0
2306306,06,Litoral Oeste / Vale do Curu,2016,9,196775.0
2306405,06,Litoral Oeste / Vale do Curu,2016,9,74069005.0
2306900,14,Vale do Jaguaribe,2016,9,23881273.0
2307304,01,Cariri,2016,9,79542947.0
2307502,01,Cariri,2016,9,23709081.0
2307601,14,Vale do Jaguaribe,2016,9,30307997.0
2307650,03,Grande Fortaleza,2016,9,148486593.0
2307700,03,Grande Fortaleza,2016,9,3747735.0
2308500,09,Sertão Central,2016,9,13663781.0
2309300,12,Sertão dos Crateús,2016,9,27584777.0
2309607,03,Grande Fortaleza,2016,9,20006938.0
2311306,09,Sertão Central,2016,9,26709845.0
2311405,09,Sertão Central,2016,9,9177291.0
2311801,14,Vale do Jaguaribe,2016,9,2315479.0
2312205,12,Sertão dos Crateús,2016,9,3292473.0
2312304,08,Serra da Ibiapaba,2016,9,20518625.0
2312908,11,Sertão de Sobral,2016,9,75011867.0
2313302,13,Sertão dos Inhamuns,2016,9,14343268.0
2313401,08,Serra da Ibiapaba,2016,9,24676850.0
2314102,08,Serra da Ibiapaba,2016,9,1036983.0
2300200,05,Litoral Norte,2016,10,8923146.0
2300309,02,Centro Sul,2016,10,4988306.0
2301000,03,Grande Fortaleza,2016,10,4194273.0
2301109,04,Litoral Leste,2016,10,39618212.0
2301901,01,Cariri,2016,10,18758601.0
2302107,07,Maciço do Baturité,2016,10,24812214.0
2302404,10,Sertão de Canindé,2016,10,16535152.0
2302503,01,Cariri,2016,10,26531232.0
2302701,01,Cariri,2016,10,15116303.0
2302800,10,Sertão de Canindé,2016,10,25816765.0
2303501,03,Grande Fortaleza,2016,10,14806838.0
2303709,03,Grande Fortaleza,2016,10,9871394.0
2304103,12,Sertão dos Crateús,2016,10,31184167.0
2304202,01,Cariri,2016,10,31687298.0
2304285,03,Grande Fortaleza,2016,10,2912734.0
2304400,03,Grande Fortaleza,2016,10,4835353145.0
2304707,05,Litoral Norte,2016,10,25539195.0
2305233,03,Grande Fortaleza,2016,10,13513330.0
2305506,02,Centro Sul,2016,10,55673392.0
2306306,06,Litoral Oeste / Vale do Curu,2016,10,194140.0
2306405,06,Litoral Oeste / Vale do Curu,2016,10,70273313.0
2306900,14,Vale do Jaguaribe,2016,10,23474442.0
2307304,01,Cariri,2016,10,77381835.0
2307502,01,Cariri,2016,10,23246737.0
2307601,14,Vale do Jaguaribe,2016,10,29803889.0
2307650,03,Grande Fortaleza,2016,10,147252770.0
2307700,03,Grande Fortaleza,2016,10,4617728.0
2308500,09,Sertão Central,2016,10,12666844.0
2309300,12,Sertão dos Crateús,2016,10,26676255.0
2309607,03,Grande Fortaleza,2016,10,18477576.0
2311306,09,Sertão Central,2016,10,26035843.0
2311405,09,Sertão Central,2016,10,9057872.0
2311801,14,Vale do Jaguaribe,2016,10,2168383.0
2312205,12,Sertão dos Crateús,2016,10,3821542.0
2312304,08,Serra da Ibiapaba,2016,10,19687650.0
2312908,11,Sertão de Sobral,2016,10,70524735.0
2313302,13,Sertão dos Inhamuns,2016,10,13947338.0
2313401,08,Serra da Ibiapaba,2016,10,23504992.0
2314102,08,Serra da Ibiapaba,2016,10,1040716.0
2300200,05,Litoral Norte,2016,11,9520529.0
2300309,02,Centro Sul,2016,11,4942617.0
2301000,03,Grande Fortaleza,2016,11,4652274.0
2301109,04,Litoral Leste,2016,11,38814498.0
2301901,01,Cariri,2016,11,19065103.0
2302107,07,Maciço do Baturité,2016,11,25633416.0
2302404,10,Sertão de Canindé,2016,11,16723608.0
2302503,01,Cariri,2016,11,28103736.0
2302701,01,Cariri,2016,11,15337938.0
2302800,10,Sertão de Canindé,2016,11,26103553.0
2303501,03,Grande Fortaleza,2016,11,14542038.0
2303709,03,Grande Fortaleza,2016,11,18349087.0
2304103,12,Sertão dos Crateús,2016,11,31818570.0
2304202,01,Cariri,2016,11,33087243.0
2304285,03,Grande Fortaleza,2016,11,2794427.0
2304400,03,Grande Fortaleza,2016,11,4941148050.0
2304707,05,Litoral Norte,2016,11,24802597.0
2305233,03,Grande Fortaleza,2016,11,13231474.0
2305506,02,Centro Sul,2016,11,55776725.0
2306306,06,Litoral Oeste / Vale do Curu,2016,11,200134.0
2306405,06,Litoral Oeste / Vale do Curu,2016,11,70095509.0
2306900,14,Vale do Jaguaribe,2016,11,24001353.0
2307304,01,Cariri,2016,11,77001727.0
2307502,01,Cariri,2016,11,23327802.0
2307601,14,Vale do Jaguaribe,2016,11,30502693.0
2307650,03,Grande Fortaleza,2016,11,150440013.0
2307700,03,Grande Fortaleza,2016,11,5448762.0
2308500,09,Sertão Central,2016,11,12876723.0
2309300,12,Sertão dos Crateús,2016,11,26559269.0
2309607,03,Grande Fortaleza,2016,11,18411897.0
2311306,09,Sertão Central,2016,11,26121939.0
2311405,09,Sertão Central,2016,11,9066341.0
2311801,14,Vale do Jaguaribe,2016,11,2043052.0
2312205,12,Sertão dos Crateús,2016,11,6572004.0
2312304,08,Serra da Ibiapaba,2016,11,19716837.0
2312908,11,Sertão de Sobral,2016,11,67432312.0
2313302,13,Sertão dos Inhamuns,2016,11,14663473.0
2313401,08,Serra da Ibiapaba,2016,11,23564482.0
2314102,08,Serra da Ibiapaba,2016,11,1037050.0
2300200,05,Litoral Norte,2016,12,10420925.0
2300309,02,Centro Sul,2016,12,5058775.0
2301000,03,Grande Fortaleza,2016,12,4628065.0
2301109,04,Litoral Leste,2016,12,40331888.0
2301901,01,Cariri,2016,12,19681160.0
2302107,07,Maciço do Baturité,2016,12,27159755.0
2302404,10,Sertão de Canindé,2016,12,17527466.0
2302503,01,Cariri,2016,12,28918138.0
2302701,01,Cariri,2016,12,16857036.0
2302800,10,Sertão de Canindé,2016,12,27536683.0
2303501,03,Grande Fortaleza,2016,12,16851054.0
2303709,03,Grande Fortaleza,2016,12,23000295.0
2304103,12,Sertão dos Crateús,2016,12,33476568.0
2304202,01,Cariri,2016,12,33451193.0
2304285,03,Grande Fortaleza,2016,12,2623243.0
2304400,03,Grande Fortaleza,2016,12,5380438171.0
2304707,05,Litoral Norte,2016,12,26838635.0
2305233,03,Grande Fortaleza,2016,12,12835037.0
2305506,02,Centro Sul,2016,12,56636710.0
2306306,06,Litoral Oeste / Vale do Curu,2016,12,380471.0
2306405,06,Litoral Oeste / Vale do Curu,2016,12,74569501.0
2306900,14,Vale do Jaguaribe,2016,12,24985369.0
2307304,01,Cariri,2016,12,78217604.0
2307502,01,Cariri,2016,12,24591929.0
2307601,14,Vale do Jaguaribe,2016,12,32728505.0
2307650,03,Grande Fortaleza,2016,12,156299918.0
2307700,03,Grande Fortaleza,2016,12,6108163.0
2308500,09,Sertão Central,2016,12,14785585.0
2309300,12,Sertão dos Crateús,2016,12,28077759.0
2309607,03,Grande Fortaleza,2016,12,19499256.0
2311306,09,Sertão Central,2016,12,26814730.0
2311405,09,Sertão Central,2016,12,9449999.0
2311801,14,Vale do Jaguaribe,2016,12,1919171.0
2312205,12,Sertão dos Crateús,2016,12,7527604.0
2312304,08,Serra da Ibiapaba,2016,12,20403730.0
2312908,11,Sertão de Sobral,2016,12,68480575.0
2313302,13,Sertão dos Inhamuns,2016,12,14921349.0
2313401,08,Serra da Ibiapaba,2016,12,24501400.0
2314102,08,Serra da Ibiapaba,2016,12,987035.0
2300200,05,Litoral Norte,2017,1,10310378.0
2300309,02,Centro Sul,2017,1,4971178.0
2301000,03,Grande Fortaleza,2017,1,4295068.0
2301109,04,Litoral Leste,2017,1,39391473.0
2301901,01,Cariri,2017,1,18735556.0
2302107,07,Maciço do Baturité,2017,1,26274454.0
2302404,10,Sertão de Canindé,2017,1,16647965.0
2302503,01,Cariri,2017,1,27896777.0
2302701,01,Cariri,2017,1,15885002.0
2302800,10,Sertão de Canindé,2017,1,26105594.0
2303501,03,Grande Fortaleza,2017,1,16351346.0
2303709,03,Grande Fortaleza,2017,1,22116019.0
2304103,12,Sertão dos Crateús,2017,1,31895317.0
2304202,01,Cariri,2017,1,32222398.0
2304285,03,Grande Fortaleza,2017,1,2225075.0
2304400,03,Grande Fortaleza,2017,1,5108994253.0
2304707,05,Litoral Norte,2017,1,26233035.0
2305233,03,Grande Fortaleza,2017,1,12608000.0
2305506,02,Centro Sul,2017,1,54350004.0
2306306,06,Litoral Oeste / Vale do Curu,2017,1,364954.0
2306405,06,Litoral Oeste / Vale do Curu,2017,1,70498425.0
2306900,14,Vale do Jaguaribe,2017,1,23607781.0
2307304,01,Cariri,2017,1,76099934.0
2307502,01,Cariri,2017,1,24003691.0
2307601,14,Vale do Jaguaribe,2017,1,30739087.0
2307650,03,Grande Fortaleza,2017,1,146728630.0
2307700,03,Grande Fortaleza,2017,1,5544389.0
2308500,09,Sertão Central,2017,1,13458138.0
2309300,12,Sertão dos Crateús,2017,1,26690889.0
2309607,03,Grande Fortaleza,2017,1,18803159.0
2311306,09,Sertão Central,2017,1,25663110.0
2311405,09,Sertão Central,2017,1,9167874.0
2311801,14,Vale do Jaguaribe,2017,1,1708655.0
2312205,12,Sertão dos Crateús,2017,1,7395916.0
2312304,08,Serra da Ibiapaba,2017,1,19500324.0
2312908,11,Sertão de Sobral,2017,1,65652386.0
2313302,13,Sertão dos Inhamuns,2017,1,14400107.0
2313401,08,Serra da Ibiapaba,2017,1,23388680.0
2314102,08,Serra da Ibiapaba,2017,1,944019.0
2300200,05,Litoral Norte,2017,2,10355196.0
2300309,02,Centro Sul,2017,2,5208211.0
2301000,03,Grande Fortaleza,2017,2,4175663.0
2301109,04,Litoral Leste,2017,2,39143635.0
2301901,01,Cariri,2017,2,18593034.0
2302107,07,Maciço do Baturité,2017,2,26019787.0
2302404,10,Sertão de Canindé,2017,2,17096235.0
2302503,01,Cariri,2017,2,28350261.0
2302701,01,Cariri,2017,2,15690034.0
2302800,10,Sertão de Canindé,2017,2,26206704.0
2303501,03,Grande Fortaleza,2017,2,15718392.0
2303709,03,Grande Fortaleza,2017,2,21960538.0
2304103,12,Sertão dos Crateús,2017,2,32169234.0
2304202,01,Cariri,2017,2,31720765.0
2304285,03,Grande Fortaleza,2017,2,2100566.0
2304400,03,Grande Fortaleza,2017,2,5065193684.0
2304707,05,Litoral Norte,2017,2,27011356.0
2305233,03,Grande Fortaleza,2017,2,15748399.0
2305506,02,Centro Sul,2017,2,53913677.0
2306306,06,Litoral Oeste / Vale do Curu,2017,2,390016.0
2306405,06,Litoral Oeste / Vale do Curu,2017,2,71526264.0
2306900,14,Vale do Jaguaribe,2017,2,23086521.0
2307304,01,Cariri,2017,2,74788587.0
2307502,01,Cariri,2017,2,23686552.0
2307601,14,Vale do Jaguaribe,2017,2,30028999.0
2307650,03,Grande Fortaleza,2017,2,140078332.0
2307700,03,Grande Fortaleza,2017,2,5672788.0
2308500,09,Sertão Central,2017,2,13040740.0
2309300,12,Sertão dos Crateús,2017,2,28008974.0
2309607,03,Grande Fortaleza,2017,2,18042867.0
2311306,09,Sertão Central,2017,2,26012368.0
2311405,09,Sertão Central,2017,2,9149462.0
2311801,14,Vale do Jaguaribe,2017,2,1823684.0
2312205,12,Sertão dos Crateús,2017,2,7466727.0
2312304,08,Serra da Ibiapaba,2017,2,20371602.0
2312908,11,Sertão de Sobral,2017,2,65927092.0
2313302,13,Sertão dos Inhamuns,2017,2,14841051.0
2313401,08,Serra da Ibiapaba,2017,2,23259560.0
2314102,08,Serra da Ibiapaba,2017,2,967554.0
2300200,05,Litoral Norte,2017,3,10492643.0
2300309,02,Centro Sul,2017,3,4939488.0
2301000,03,Grande Fortaleza,2017,3,4285700.0
2301109,04,Litoral Leste,2017,3,38072641.0
2301901,01,Cariri,2017,3,17931149.0
2302107,07,Maciço do Baturité,2017,3,25423426.0
2302404,10,Sertão de Canindé,2017,3,16501631.0
2302503,01,Cariri,2017,3,27491802.0
2302701,01,Cariri,2017,3,15340912.0
2302800,10,Sertão de Canindé,2017,3,25634257.0
2303501,03,Grande Fortaleza,2017,3,14379697.0
2303709,03,Grande Fortaleza,2017,3,20886914.0
2304103,12,Sertão dos Crateús,2017,3,30562197.0
2304202,01,Cariri,2017,3,29575561.0
2304285,03,Grande Fortaleza,2017,3,2730568.0
2304400,03,Grande Fortaleza,2017,3,5026553421.0
2304707,05,Litoral Norte,2017,3,24436477.0
2305233,03,Grande Fortaleza,2017,3,18221011.0
2305506,02,Centro Sul,2017,3,52051770.0
2306306,06,Litoral Oeste / Vale do Curu,2017,3,382022.0
2306405,06,Litoral Oeste / Vale do Curu,2017,3,69019806.0
2306900,14,Vale do Jaguaribe,2017,3,23118580.0
2307304,01,Cariri,2017,3,72240860.0
2307502,01,Cariri,2017,3,23267789.0
2307601,14,Vale do Jaguaribe,2017,3,29423158.0
2307650,03,Grande Fortaleza,2017,3,134206629.0
2307700,03,Grande Fortaleza,2017,3,5523626.0
2308500,09,Sertão Central,2017,3,12061633.0
2309300,12,Sertão dos Crateús,2017,3,25575863.0
2309607,03,Grande Fortaleza,2017,3,17002179.0
2311306,09,Sertão Central,2017,3,24951611.0
2311405,09,Sertão Central,2017,3,9029460.0
2311801,14,Vale do Jaguaribe,2017,3,1691748.0
2312205,12,Sertão dos Crateús,2017,3,7447927.0
2312304,08,Serra da Ibiapaba,2017,3,19559404.0
2312908,11,Sertão de Sobral,2017,3,63138834.0
2313302,13,Sertão dos Inhamuns,2017,3,14428917.0
2313401,08,Serra da Ibiapaba,2017,3,21726995.0
2314102,08,Serra da Ibiapaba,2017,3,1033167.0
2300200,05,Litoral Norte,2017,4,18461502.0
2300309,02,Centro Sul,2017,4,8336956.0
2301000,03,Grande Fortaleza,2017,4,4179476.0
2301109,04,Litoral Leste,2017,4,37030297.0
2301901,01,Cariri,2017,4,18579639.0
2302107,07,Maciço do Baturité,2017,4,24924949.0
2302404,10,Sertão de Canindé,2017,4,16051520.0
2302503,01,Cariri,2017,4,27424658.0
2302701,01,Cariri,2017,4,14754342.0
2302800,10,Sertão de Canindé,2017,4,25596326.0
2303501,03,Grande Fortaleza,2017,4,14368129.0
2303709,03,Grande Fortaleza,2017,4,19973095.0
2304103,12,Sertão dos Crateús,2017,4,28858787.0
2304202,01,Cariri,2017,4,29560100.0
2304285,03,Grande Fortaleza,2017,4,2560749.0
2304400,03,Grande Fortaleza,2017,4,4876650471.0
2304707,05,Litoral Norte,2017,4,23378934.0
2305233,03,Grande Fortaleza,2017,4,17645524.0
2305506,02,Centro Sul,2017,4,49663509.0
2306306,06,Litoral Oeste / Vale do Curu,2017,4,401638.0
2306405,06,Litoral Oeste / Vale do Curu,2017,4,59863042.0
2306900,14,Vale do Jaguaribe,2017,4,22322021.0
2307304,01,Cariri,2017,4,72118825.0
2307502,01,Cariri,2017,4,21440331.0
2307601,14,Vale do Jaguaribe,2017,4,29884775.0
2307650,03,Grande Fortaleza,2017,4,132435997.0
2307700,03,Grande Fortaleza,2017,4,5816958.0
2308500,09,Sertão Central,2017,4,12601464.0
2309300,12,Sertão dos Crateús,2017,4,24632007.0
2309607,03,Grande Fortaleza,2017,4,16622492.0
2311306,09,Sertão Central,2017,4,24531615.0
2311405,09,Sertão Central,2017,4,9001512.0
2311801,14,Vale do Jaguaribe,2017,4,1627194.0
2312205,12,Sertão dos Crateús,2017,4,7047031.0
2312304,08,Serra da Ibiapaba,2017,4,19389925.0
2312908,11,Sertão de Sobral,2017,4,61333749.0
2313302,13,Sertão dos Inhamuns,2017,4,14159196.0
2313401,08,Serra da Ibiapaba,2017,4,20972706.0
2314102,08,Serra da Ibiapaba,2017,4,1010754.0
2300200,05,Litoral Norte,2017,5,24413118.0
2300309,02,Centro Sul,2017,5,8344745.0
2301000,03,Grande Fortaleza,2017,5,4150186.0
2301109,04,Litoral Leste,2017,5,36980688.0
2301901,01,Cariri,2017,5,16535316.0
2302107,07,Maciço do Baturité,2017,5,26182893.0
2302404,10,Sertão de Canindé,2017,5,15369509.0
2302503,01,Cariri,2017,5,28388448.0
2302701,01,Cariri,2017,5,14450733.0
2302800,10,Sertão de Canindé,2017,5,25504457.0
2303501,03,Grande Fortaleza,2017,5,14645593.0
2303709,03,Grande Fortaleza,2017,5,20288821.0
2304103,12,Sertão dos Crateús,2017,5,28647428.0
2304202,01,Cariri,2017,5,30414140.0
2304285,03,Grande Fortaleza,2017,5,2426684.0
2304400,03,Grande Fortaleza,2017,5,4863128119.0
2304707,05,Litoral Norte,2017,5,24039866.0
2305233,03,Grande Fortaleza,2017,5,17716258.0
2305506,02,Centro Sul,2017,5,49646546.0
2306306,06,Litoral Oeste / Vale do Curu,2017,5,472328.0
2306405,06,Litoral Oeste / Vale do Curu,2017,5,54302997.0
2306900,14,Vale do Jaguaribe,2017,5,22370027.0
2307304,01,Cariri,2017,5,74012375.0
2307502,01,Cariri,2017,5,20114944.0
2307601,14,Vale do Jaguaribe,2017,5,30408777.0
2307650,03,Grande Fortaleza,2017,5,134605655.0
2307700,03,Grande Fortaleza,2017,5,5636991.0
2308500,09,Sertão Central,2017,5,12063298.0
2309300,12,Sertão dos Crateús,2017,5,23683599.0
2309607,03,Grande Fortaleza,2017,5,16870702.0
2311306,09,Sertão Central,2017,5,25377957.0
2311405,09,Sertão Central,2017,5,9207019.0
2311801,14,Vale do Jaguaribe,2017,5,1541233.0
2312205,12,Sertão dos Crateús,2017,5,6940132.0
2312304,08,Serra da Ibiapaba,2017,5,18712990.0
2312908,11,Sertão de Sobral,2017,5,58696275.0
2313302,13,Sertão dos Inhamuns,2017,5,14860991.0
2313401,08,Serra da Ibiapaba,2017,5,15997209.0
2314102,08,Serra da Ibiapaba,2017,5,5985898.0
2300200,05,Litoral Norte,2017,6,21965889.0
2300309,02,Centro Sul,2017,6,7852280.0
2301000,03,Grande Fortaleza,2017,6,4184063.0
2301109,04,Litoral Leste,2017,6,38971318.0
2301901,01,Cariri,2017,6,16476782.0
2302107,07,Maciço do Baturité,2017,6,27350010.0
2302404,10,Sertão de Canindé,2017,6,15382599.0
2302503,01,Cariri,2017,6,28507788.0
2302701,01,Cariri,2017,6,14116556.0
2302800,10,Sertão de Canindé,2017,6,26166729.0
2303501,03,Grande Fortaleza,2017,6,16666031.0
2303709,03,Grande Fortaleza,2017,6,21539830.0
2304103,12,Sertão dos Crateús,2017,6,28256859.0
2304202,01,Cariri,2017,6,30784034.0
2304285,03,Grande Fortaleza,2017,6,2298893.0
2304400,03,Grande Fortaleza,2017,6,4954147418.0
2304707,05,Litoral Norte,2017,6,24093151.0
2305233,03,Grande Fortaleza,2017,6,17127171.0
2305506,02,Centro Sul,2017,6,50688524.0
2306306,06,Litoral Oeste / Vale do Curu,2017,6,483239.0
2306405,06,Litoral Oeste / Vale do Curu,2017,6,52838903.0
2306900,14,Vale do Jaguaribe,2017,6,22850788.0
2307304,01,Cariri,2017,6,76345664.0
2307502,01,Cariri,2017,6,17136605.0
2307601,14,Vale do Jaguaribe,2017,6,30506058.0
2307650,03,Grande Fortaleza,2017,6,140047966.0
2307700,03,Grande Fortaleza,2017,6,5121824.0
2308500,09,Sertão Central,2017,6,12371731.0
2309300,12,Sertão dos Crateús,2017,6,24717425.0
2309607,03,Grande Fortaleza,2017,6,18373066.0
2311306,09,Sertão Central,2017,6,24964790.0
2311405,09,Sertão Central,2017,6,9169162.0
2311801,14,Vale do Jaguaribe,2017,6,1596334.0
2312205,12,Sertão dos Crateús,2017,6,6304881.0
2312304,08,Serra da Ibiapaba,2017,6,19028917.0
2312908,11,Sertão de Sobral,2017,6,58968868.0
2313302,13,Sertão dos Inhamuns,2017,6,14864110.0
2313401,08,Serra da Ibiapaba,2017,6,15387287.0
2314102,08,Serra da Ibiapaba,2017,6,5145814.0
2300200,05,Litoral Norte,2017,7,23029542.0
2300309,02,Centro Sul,2017,7,7656264.0
2301000,03,Grande Fortaleza,2017,7,3194561.0
2301109,04,Litoral Leste,2017,7,39423716.0
2301901,01,Cariri,2017,7,16380441.0
2302107,07,Maciço do Baturité,2017,7,26821180.0
2302404,10,Sertão de Canindé,2017,7,15563312.0
2302503,01,Cariri,2017,7,27942781.0
2302701,01,Cariri,2017,7,14096732.0
2302800,10,Sertão de Canindé,2017,7,25684417.0
2303501,03,Grande Fortaleza,2017,7,17297563.0
2303709,03,Grande Fortaleza,2017,7,22047608.0
2304103,12,Sertão dos Crateús,2017,7,29091844.0
2304202,01,Cariri,2017,7,29230722.0
2304285,03,Grande Fortaleza,2017,7,2244184.0
2304400,03,Grande Fortaleza,2017,7,4937037125.0
2304707,05,Litoral Norte,2017,7,25611253.0
2305233,03,Grande Fortaleza,2017,7,16762950.0
2305506,02,Centro Sul,2017,7,48720154.0
2306306,06,Litoral Oeste / Vale do Curu,2017,7,478569.0
2306405,06,Litoral Oeste / Vale do Curu,2017,7,54802519.0
2306900,14,Vale do Jaguaribe,2017,7,22329837.0
2307304,01,Cariri,2017,7,74347684.0
2307502,01,Cariri,2017,7,17082836.0
2307601,14,Vale do Jaguaribe,2017,7,30568121.0
2307650,03,Grande Fortaleza,2017,7,138918905.0
2307700,03,Grande Fortaleza,2017,7,4676915.0
2308500,09,Sertão Central,2017,7,12005131.0
2309300,12,Sertão dos Crateús,2017,7,25313784.0
2309607,03,Grande Fortaleza,2017,7,18496314.0
2311306,09,Sertão Central,2017,7,25152929.0
2311405,09,Sertão Central,2017,7,8845805.0
2311801,14,Vale do Jaguaribe,2017,7,1366760.0
2312205,12,Sertão dos Crateús,2017,7,6825095.0
2312304,08,Serra da Ibiapaba,2017,7,19920388.0
2312908,11,Sertão de Sobral,2017,7,58800692.0
2313302,13,Sertão dos Inhamuns,2017,7,14661320.0
2313401,08,Serra da Ibiapaba,2017,7,15694836.0
2314102,08,Serra da Ibiapaba,2017,7,5779748.0
2300200,05,Litoral Norte,2017,8,25805798.0
2300309,02,Centro Sul,2017,8,7576054.0
2301000,03,Grande Fortaleza,2017,8,3177038.0
2301109,04,Litoral Leste,2017,8,35155265.0
2301901,01,Cariri,2017,8,15913655.0
2302107,07,Maciço do Baturité,2017,8,27308555.0
2302404,10,Sertão de Canindé,2017,8,16265338.0
2302503,01,Cariri,2017,8,27728635.0
2302701,01,Cariri,2017,8,13772387.0
2302800,10,Sertão de Canindé,2017,8,25751683.0
2303501,03,Grande Fortaleza,2017,8,16216191.0
2303709,03,Grande Fortaleza,2017,8,21493108.0
2304103,12,Sertão dos Crateús,2017,8,29974492.0
2304202,01,Cariri,2017,8,28160270.0
2304285,03,Grande Fortaleza,2017,8,2153716.0
2304400,03,Grande Fortaleza,2017,8,5026887485.0
2304707,05,Litoral Norte,2017,8,25706875.0
2305233,03,Grande Fortaleza,2017,8,15247366.0
2305506,02,Centro Sul,2017,8,48928385.0
2306306,06,Litoral Oeste / Vale do Curu,2017,8,582648.0
2306405,06,Litoral Oeste / Vale do Curu,2017,8,57612696.0
2306900,14,Vale do Jaguaribe,2017,8,25523275.0
2307304,01,Cariri,2017,8,74305783.0
2307502,01,Cariri,2017,8,16745050.0
2307601,14,Vale do Jaguaribe,2017,8,30939890.0
2307650,03,Grande Fortaleza,2017,8,134218656.0
2307700,03,Grande Fortaleza,2017,8,4725874.0
2308500,09,Sertão Central,2017,8,12279150.0
2309300,12,Sertão dos Crateús,2017,8,24769666.0
2309607,03,Grande Fortaleza,2017,8,18053097.0
2311306,09,Sertão Central,2017,8,25299619.0
2311405,09,Sertão Central,2017,8,8823625.0
2311801,14,Vale do Jaguaribe,2017,8,1331041.0
2312205,12,Sertão dos Crateús,2017,8,7156132.0
2312304,08,Serra da Ibiapaba,2017,8,20643144.0
2312908,11,Sertão de Sobral,2017,8,60136255.0
2313302,13,Sertão dos Inhamuns,2017,8,14677028.0
2313401,08,Serra da Ibiapaba,2017,8,16386376.0
2314102,08,Serra da Ibiapaba,2017,8,6217765.0
2300200,05,Litoral Norte,2017,9,25531763.0
2300309,02,Centro Sul,2017,9,7109960.0
2301000,03,Grande Fortaleza,2017,9,3246374.0
2301109,04,Litoral Leste,2017,9,34218461.0
2301901,01,Cariri,2017,9,15212361.0
2302107,07,Maciço do Baturité,2017,9,26428300.0
2302404,10,Sertão de Canindé,2017,9,16211850.0
2302503,01,Cariri,2017,9,26990130.0
2302701,01,Cariri,2017,9,13857853.0
2302800,10,Sertão de Canindé,2017,9,25032056.0
2303501,03,Grande Fortaleza,2017,9,15140235.0
2303709,03,Grande Fortaleza,2017,9,21041528.0
2304103,12,Sertão dos Crateús,2017,9,28643031.0
2304202,01,Cariri,2017,9,27911145.0
2304285,03,Grande Fortaleza,2017,9,2085204.0
2304400,03,Grande Fortaleza,2017,9,5044041840.0
2304707,05,Litoral Norte,2017,9,24488324.0
2305233,03,Grande Fortaleza,2017,9,15327104.0
2305506,02,Centro Sul,2017,9,46585493.0
2306306,06,Litoral Oeste / Vale do Curu,2017,9,736746.0
2306405,06,Litoral Oeste / Vale do Curu,2017,9,55544488.0
2306900,14,Vale do Jaguaribe,2017,9,24926437.0
2307304,01,Cariri,2017,9,71306790.0
2307502,01,Cariri,2017,9,16377330.0
2307601,14,Vale do Jaguaribe,2017,9,30390433.0
2307650,03,Grande Fortaleza,2017,9,114494027.0
2307700,03,Grande Fortaleza,2017,9,4671295.0
2308500,09,Sertão Central,2017,9,11476457.0
2309300,12,Sertão dos Crateús,2017,9,24112877.0
2309607,03,Grande Fortaleza,2017,9,17171641.0
2311306,09,Sertão Central,2017,9,25429650.0
2311405,09,Sertão Central,2017,9,8664637.0
2311801,14,Vale do Jaguaribe,2017,9,1259794.0
2312205,12,Sertão dos Crateús,2017,9,6624007.0
2312304,08,Serra da Ibiapaba,2017,9,20108057.0
2312908,11,Sertão de Sobral,2017,9,57720908.0
2313302,13,Sertão dos Inhamuns,2017,9,14309203.0
2313401,08,Serra da Ibiapaba,2017,9,15964448.0
2314102,08,Serra da Ibiapaba,2017,9,6180242.0
2300200,05,Litoral Norte,2017,10,23768236.0
2300309,02,Centro Sul,2017,10,7024834.0
2301000,03,Grande Fortaleza,2017,10,3378947.0
2301109,04,Litoral Leste,2017,10,33356483.0
2301901,01,Cariri,2017,10,16132058.0
2302107,07,Maciço do Baturité,2017,10,26385016.0
2302404,10,Sertão de Canindé,2017,10,15734303.0
2302503,01,Cariri,2017,10,27408474.0
2302701,01,Cariri,2017,10,13468859.0
2302800,10,Sertão de Canindé,2017,10,24443380.0
2303501,03,Grande Fortaleza,2017,10,14497266.0
2303709,03,Grande Fortaleza,2017,10,20815624.0
2304103,12,Sertão dos Crateús,2017,10,28049560.0
2304202,01,Cariri,2017,10,28517178.0
2304285,03,Grande Fortaleza,2017,10,2119077.0
2304400,03,Grande Fortaleza,2017,10,5141923664.0
2304707,05,Litoral Norte,2017,10,24822705.0
2305233,03,Grande Fortaleza,2017,10,14653018.0
2305506,02,Centro Sul,2017,10,46135720.0
2306306,06,Litoral Oeste / Vale do Curu,2017,10,790591.0
2306405,06,Litoral Oeste / Vale do Curu,2017,10,55158826.0
2306900,14,Vale do Jaguaribe,2017,10,25230636.0
2307304,01,Cariri,2017,10,69431819.0
2307502,01,Cariri,2017,10,15811142.0
2307601,14,Vale do Jaguaribe,2017,10,30805297.0
2307650,03,Grande Fortaleza,2017,10,108787618.0
2307700,03,Grande Fortaleza,2017,10,4543350.0
2308500,09,Sertão Central,2017,10,11357956.0
2309300,12,Sertão dos Crateús,2017,10,23657324.0
2309607,03,Grande Fortaleza,2017,10,16277781.0
2311306,09,Sertão Central,2017,10,25476827.0
2311405,09,Sertão Central,2017,10,8660320.0
2311801,14,Vale do Jaguaribe,2017,10,1296506.0
2312205,12,Sertão dos Crateús,2017,10,6230110.0
2312304,08,Serra da Ibiapaba,2017,10,19656812.0
2312908,11,Sertão de Sobral,2017,10,56309360.0
2313302,13,Sertão dos Inhamuns,2017,10,14315272.0
2313401,08,Serra da Ibiapaba,2017,10,15385036.0
2314102,08,Serra da Ibiapaba,2017,10,6076730.0
2300200,05,Litoral Norte,2017,11,22787820.0
2300309,02,Centro Sul,2017,11,6970924.0
2301000,03,Grande Fortaleza,2017,11,3226128.0
2301109,04,Litoral Leste,2017,11,34086162.0
2301901,01,Cariri,2017,11,16112108.0
2302107,07,Maciço do Baturité,2017,11,27639597.0
2302404,10,Sertão de Canindé,2017,11,15576660.0
2302503,01,Cariri,2017,11,27383395.0
2302701,01,Cariri,2017,11,13359376.0
2302800,10,Sertão de Canindé,2017,11,24543687.0
2303501,03,Grande Fortaleza,2017,11,14550045.0
2303709,03,Grande Fortaleza,2017,11,21220550.0
2304103,12,Sertão dos Crateús,2017,11,27946609.0
2304202,01,Cariri,2017,11,28770790.0
2304285,03,Grande Fortaleza,2017,11,2195452.0
2304400,03,Grande Fortaleza,2017,11,4743405986.0
2304707,05,Litoral Norte,2017,11,25208457.0
2305233,03,Grande Fortaleza,2017,11,14558709.0
2305506,02,Centro Sul,2017,11,45809710.0
2306306,06,Litoral Oeste / Vale do Curu,2017,11,804916.0
2306405,06,Litoral Oeste / Vale do Curu,2017,11,54704038.0
2306900,14,Vale do Jaguaribe,2017,11,25012012.0
2307304,01,Cariri,2017,11,68605617.0
2307502,01,Cariri,2017,11,15324780.0
2307601,14,Vale do Jaguaribe,2017,11,30726230.0
2307650,03,Grande Fortaleza,2017,11,108987380.0
2307700,03,Grande Fortaleza,2017,11,4436681.0
2308500,09,Sertão Central,2017,11,11308254.0
2309300,12,Sertão dos Crateús,2017,11,24970278.0
2309607,03,Grande Fortaleza,2017,11,16590993.0
2311306,09,Sertão Central,2017,11,26026033.0
2311405,09,Sertão Central,2017,11,8602026.0
2311801,14,Vale do Jaguaribe,2017,11,1247143.0
2312205,12,Sertão dos Crateús,2017,11,5803339.0
2312304,08,Serra da Ibiapaba,2017,11,19016533.0
2312908,11,Sertão de Sobral,2017,11,56151762.0
2313302,13,Sertão dos Inhamuns,2017,11,14338922.0
2313401,08,Serra da Ibiapaba,2017,11,15005185.0
2314102,08,Serra da Ibiapaba,2017,11,6220405.0
2300200,05,Litoral Norte,2017,12,22256350.0
2300309,02,Centro Sul,2017,12,7225290.0
2301000,03,Grande Fortaleza,2017,12,3333607.0
2301109,04,Litoral Leste,2017,12,36060244.0
2301901,01,Cariri,2017,12,16861233.0
2302107,07,Maciço do Baturité,2017,12,28252082.0
2302404,10,Sertão de Canindé,2017,12,16280873.0
2302503,01,Cariri,2017,12,28039811.0
2302701,01,Cariri,2017,12,14246983.0
2302800,10,Sertão de Canindé,2017,12,25098485.0
2303501,03,Grande Fortaleza,2017,12,17422300.0
2303709,03,Grande Fortaleza,2017,12,23196560.0
2304103,12,Sertão dos Crateús,2017,12,28860041.0
2304202,01,Cariri,2017,12,29338604.0
2304285,03,Grande Fortaleza,2017,12,2066762.0
2304400,03,Grande Fortaleza,2017,12,5317321635.0
2304707,05,Litoral Norte,2017,12,27332643.0
2305233,03,Grande Fortaleza,2017,12,21218661.0
2305506,02,Centro Sul,2017,12,46053301.0
2306306,06,Litoral Oeste / Vale do Curu,2017,12,782608.0
2306405,06,Litoral Oeste / Vale do Curu,2017,12,58935046.0
2306900,14,Vale do Jaguaribe,2017,12,25043334.0
2307304,01,Cariri,2017,12,66251513.0
2307502,01,Cariri,2017,12,14966600.0
2307601,14,Vale do Jaguaribe,2017,12,32900650.0
2307650,03,Grande Fortaleza,2017,12,110913471.0
2307700,03,Grande Fortaleza,2017,12,4867429.0
2308500,09,Sertão Central,2017,12,12369585.0
2309300,12,Sertão dos Crateús,2017,12,27006088.0
2309607,03,Grande Fortaleza,2017,12,18952162.0
2311306,09,Sertão Central,2017,12,26974739.0
2311405,09,Sertão Central,2017,12,8719859.0
2311801,14,Vale do Jaguaribe,2017,12,1399482.0
2312205,12,Sertão dos Crateús,2017,12,5714565.0
2312304,08,Serra da Ibiapaba,2017,12,20128949.0
2312908,11,Sertão de Sobral,2017,12,57332189.0
2313302,13,Sertão dos Inhamuns,2017,12,14524582.0
2313401,08,Serra da Ibiapaba,2017,12,14974621.0
2314102,08,Serra da Ibiapaba,2017,12,6589949.0
2300200,05,Litoral Norte,2018,1,22547007.0
2300309,02,Centro Sul,2018,1,7027540.0
2301000,03,Grande Fortaleza,2018,1,3353242.0
2301109,04,Litoral Leste,2018,1,34897302.0
2301901,01,Cariri,2018,1,16521342.0
2302107,07,Maciço do Baturité,2018,1,27450194.0
2302404,10,Sertão de Canindé,2018,1,16354588.0
2302503,01,Cariri,2018,1,28270448.0
2302701,01,Cariri,2018,1,14132748.0
2302800,10,Sertão de Canindé,2018,1,24910473.0
2303501,03,Grande Fortaleza,2018,1,17352238.0
2303709,03,Grande Fortaleza,2018,1,22245930.0
2304103,12,Sertão dos Crateús,2018,1,28497656.0
2304202,01,Cariri,2018,1,29131957.0
2304285,03,Grande Fortaleza,2018,1,2022239.0
2304400,03,Grande Fortaleza,2018,1,5103288761.0
2304707,05,Litoral Norte,2018,1,27275176.0
2305233,03,Grande Fortaleza,2018,1,30198912.0
2305506,02,Centro Sul,2018,1,44591167.0
2306306,06,Litoral Oeste / Vale do Curu,2018,1,782649.0
2306405,06,Litoral Oeste / Vale do Curu,2018,1,59669627.0
2306900,14,Vale do Jaguaribe,2018,1,23712889.0
2307304,01,Cariri,2018,1,62919230.0
2307502,01,Cariri,2018,1,15040389.0
2307601,14,Vale do Jaguaribe,2018,1,31406848.0
2307650,03,Grande Fortaleza,2018,1,108116272.0
2307700,03,Grande Fortaleza,2018,1,4766646.0
2308500,09,Sertão Central,2018,1,11641287.0
2309300,12,Sertão dos Crateús,2018,1,26732989.0
2309607,03,Grande Fortaleza,2018,1,18908969.0
2311306,09,Sertão Central,2018,1,27120461.0
2311405,09,Sertão Central,2018,1,8583426.0
2311801,14,Vale do Jaguaribe,2018,1,1276918.0
2312205,12,Sertão dos Crateús,2018,1,5737969.0
2312304,08,Serra da Ibiapaba,2018,1,20724581.0
2312908,11,Sertão de Sobral,2018,1,57030548.0
2313302,13,Sertão dos Inhamuns,2018,1,13741843.0
2313401,08,Serra da Ibiapaba,2018,1,15244473.0
2314102,08,Serra da Ibiapaba,2018,1,6901664.0
2300200,05,Litoral Norte,2018,2,23046393.0
2300309,02,Centro Sul,2018,2,6572228.0
2301000,03,Grande Fortaleza,2018,2,2730276.0
2301109,04,Litoral Leste,2018,2,34068213.0
2301901,01,Cariri,2018,2,16283411.0
2302107,07,Maciço do Baturité,2018,2,27027197.0
2302404,10,Sertão de Canindé,2018,2,16191391.0
2302503,01,Cariri,2018,2,28002315.0
2302701,01,Cariri,2018,2,13576243.0
2302800,10,Sertão de Canindé,2018,2,24845743.0
2303501,03,Grande Fortaleza,2018,2,16361972.0
2303709,03,Grande Fortaleza,2018,2,20982218.0
2304103,12,Sertão dos Crateús,2018,2,27771245.0
2304202,01,Cariri,2018,2,27757598.0
2304285,03,Grande Fortaleza,2018,2,2291720.0
2304400,03,Grande Fortaleza,2018,2,5180695257.0
2304707,05,Litoral Norte,2018,2,25684950.0
2305233,03,Grande Fortaleza,2018,2,29853197.0
2305506,02,Centro Sul,2018,2,44251470.0
2306306,06,Litoral Oeste / Vale do Curu,2018,2,788436.0
2306405,06,Litoral Oeste / Vale do Curu,2018,2,57727218.0
2306900,14,Vale do Jaguaribe,2018,2,22621925.0
2307304,01,Cariri,2018,2,61688293.0
2307502,01,Cariri,2018,2,14613340.0
2307601,14,Vale do Jaguaribe,2018,2,30798022.0
2307650,03,Grande Fortaleza,2018,2,104177105.0
2307700,03,Grande Fortaleza,2018,2,4443647.0
2308500,09,Sertão Central,2018,2,11578978.0
2309300,12,Sertão dos Crateús,2018,2,26362112.0
2309607,03,Grande Fortaleza,2018,2,18172329.0
2311306,09,Sertão Central,2018,2,26252610.0
2311405,09,Sertão Central,2018,2,8374643.0
2311801,14,Vale do Jaguaribe,2018,2,1245206.0
2312205,12,Sertão dos Crateús,2018,2,5908851.0
2312304,08,Serra da Ibiapaba,2018,2,20650811.0
2312908,11,Sertão de Sobral,2018,2,55160784.0
2313302,13,Sertão dos Inhamuns,2018,2,13695538.0
2313401,08,Serra da Ibiapaba,2018,2,14966567.0
2314102,08,Serra da Ibiapaba,2018,2,6689634.0
2300200,05,Litoral Norte,2018,3,21338191.0
2300309,02,Centro Sul,2018,3,6377191.0
2301000,03,Grande Fortaleza,2018,3,2673072.0
2301109,04,Litoral Leste,2018,3,33919639.0
2301901,01,Cariri,2018,3,16692386.0
2302107,07,Maciço do Baturité,2018,3,26602243.0
2302404,10,Sertão de Canindé,2018,3,15867397.0
2302503,01,Cariri,2018,3,27531456.0
2302701,01,Cariri,2018,3,13441642.0
2302800,10,Sertão de Canindé,2018,3,24549802.0
2303501,03,Grande Fortaleza,2018,3,15774319.0
2303709,03,Grande Fortaleza,2018,3,20042910.0
2304103,12,Sertão dos Crateús,2018,3,27036913.0
2304202,01,Cariri,2018,3,27791850.0
2304285,03,Grande Fortaleza,2018,3,2184237.0
2304400,03,Grande Fortaleza,2018,3,5395658889.0
2304707,05,Litoral Norte,2018,3,26126693.0
2305233,03,Grande Fortaleza,2018,3,29197893.0
2305506,02,Centro Sul,2018,3,43707960.0
2306306,06,Litoral Oeste / Vale do Curu,2018,3,753233.0
2306405,06,Litoral Oeste / Vale do Curu,2018,3,57256270.0
2306900,14,Vale do Jaguaribe,2018,3,22200276.0
2307304,01,Cariri,2018,3,59345372.0
2307502,01,Cariri,2018,3,14592088.0
2307601,14,Vale do Jaguaribe,2018,3,31671669.0
2307650,03,Grande Fortaleza,2018,3,92246655.0
2307700,03,Grande Fortaleza,2018,3,4485667.0
2308500,09,Sertão Central,2018,3,11138601.0
2309300,12,Sertão dos Crateús,2018,3,26212947.0
2309607,03,Grande Fortaleza,2018,3,17193263.0
2311306,09,Sertão Central,2018,3,26739788.0
2311405,09,Sertão Central,2018,3,8379900.0
2311801,14,Vale do Jaguaribe,2018,3,1168269.0
2312205,12,Sertão dos Crateús,2018,3,5886815.0
2312304,08,Serra da Ibiapaba,2018,3,20452145.0
2312908,11,Sertão de Sobral,2018,3,53789105.0
2313302,13,Sertão dos Inhamuns,2018,3,13977129.0
2313401,08,Serra da Ibiapaba,2018,3,14865671.0
2314102,08,Serra da Ibiapaba,2018,3,6723079.0
2300200,05,Litoral Norte,2018,4,19892049.0
2300309,02,Centro Sul,2018,4,6317217.0
2301000,03,Grande Fortaleza,2018,4,2618310.0
2301109,04,Litoral Leste,2018,4,33896646.0
2301901,01,Cariri,2018,4,16987696.0
2302107,07,Maciço do Baturité,2018,4,26547463.0
2302404,10,Sertão de Canindé,2018,4,16079159.0
2302503,01,Cariri,2018,4,28021595.0
2302701,01,Cariri,2018,4,13359707.0
2302800,10,Sertão de Canindé,2018,4,24668645.0
2303501,03,Grande Fortaleza,2018,4,15022021.0
2303709,03,Grande Fortaleza,2018,4,19837896.0
2304103,12,Sertão dos Crateús,2018,4,26588184.0
2304202,01,Cariri,2018,4,28316476.0
2304285,03,Grande Fortaleza,2018,4,9374173.0
2304400,03,Grande Fortaleza,2018,4,5458592728.0
2304707,05,Litoral Norte,2018,4,26016380.0
2305233,03,Grande Fortaleza,2018,4,27487554.0
2305506,02,Centro Sul,2018,4,43569612.0
2306306,06,Litoral Oeste / Vale do Curu,2018,4,725785.0
2306405,06,Litoral Oeste / Vale do Curu,2018,4,57506590.0
2306900,14,Vale do Jaguaribe,2018,4,21726767.0
2307304,01,Cariri,2018,4,58572748.0
2307502,01,Cariri,2018,4,14404127.0
2307601,14,Vale do Jaguaribe,2018,4,31914485.0
2307650,03,Grande Fortaleza,2018,4,87822690.0
2307700,03,Grande Fortaleza,2018,4,3962899.0
2308500,09,Sertão Central,2018,4,11728261.0
2309300,12,Sertão dos Crateús,2018,4,26345007.0
2309607,03,Grande Fortaleza,2018,4,17307411.0
2311306,09,Sertão Central,2018,4,26772542.0
2311405,09,Sertão Central,2018,4,8600106.0
2311801,14,Vale do Jaguaribe,2018,4,1096704.0
2312205,12,Sertão dos Crateús,2018,4,5593764.0
2312304,08,Serra da Ibiapaba,2018,4,20430683.0
2312908,11,Sertão de Sobral,2018,4,51174307.0
2313302,13,Sertão dos Inhamuns,2018,4,14288349.0
2313401,08,Serra da Ibiapaba,2018,4,15108621.0
2314102,08,Serra da Ibiapaba,2018,4,6712821.0
2300200,05,Litoral Norte,2018,5,19254895.0
2300309,02,Centro Sul,2018,5,6360063.0
2301000,03,Grande Fortaleza,2018,5,12186052.0
2301109,04,Litoral Leste,2018,5,34328479.0
2301901,01,Cariri,2018,5,16701548.0
2302107,07,Maciço do Baturité,2018,5,26767755.0
2302404,10,Sertão de Canindé,2018,5,16298475.0
2302503,01,Cariri,2018,5,28438143.0
2302701,01,Cariri,2018,5,13445251.0
2302800,10,Sertão de Canindé,2018,5,24831989.0
2303501,03,Grande Fortaleza,2018,5,15390861.0
2303709,03,Grande Fortaleza,2018,5,20165745.0
2304103,12,Sertão dos Crateús,2018,5,27278779.0
2304202,01,Cariri,2018,5,28530012.0
2304285,03,Grande Fortaleza,2018,5,9255145.0
2304400,03,Grande Fortaleza,2018,5,5535839941.0
2304707,05,Litoral Norte,2018,5,25992273.0
2305233,03,Grande Fortaleza,2018,5,26453526.0
2305506,02,Centro Sul,2018,5,43215697.0
2306306,06,Litoral Oeste / Vale do Curu,2018,5,698727.0
2306405,06,Litoral Oeste / Vale do Curu,2018,5,60475753.0
2306900,14,Vale do Jaguaribe,2018,5,21733800.0
2307304,01,Cariri,2018,5,59148382.0
2307502,01,Cariri,2018,5,14508797.0
2307601,14,Vale do Jaguaribe,2018,5,32428268.0
2307650,03,Grande Fortaleza,2018,5,87071538.0
2307700,03,Grande Fortaleza,2018,5,4027840.0
2308500,09,Sertão Central,2018,5,11162816.0
2309300,12,Sertão dos Crateús,2018,5,28846030.0
2309607,03,Grande Fortaleza,2018,5,16935810.0
2311306,09,Sertão Central,2018,5,27423247.0
2311405,09,Sertão Central,2018,5,8539505.0
2311801,14,Vale do Jaguaribe,2018,5,1007380.0
2312205,12,Sertão dos Crateús,2018,5,5490862.0
2312304,08,Serra da Ibiapaba,2018,5,21000493.0
2312908,11,Sertão de Sobral,2018,5,50814250.0
2313302,13,Sertão dos Inhamuns,2018,5,13660784.0
2313401,08,Serra da Ibiapaba,2018,5,14713548.0
2314102,08,Serra da Ibiapaba,2018,5,6878446.0
2300200,05,Litoral Norte,2018,6,19279601.0
2300309,02,Centro Sul,2018,6,6424140.0
2301000,03,Grande Fortaleza,2018,6,13408036.0
2301109,04,Litoral Leste,2018,6,35510951.0
2301901,01,Cariri,2018,6,16294725.0
2302107,07,Maciço do Baturité,2018,6,27973207.0
2302404,10,Sertão de Canindé,2018,6,17004679.0
2302503,01,Cariri,2018,6,28952473.0
2302701,01,Cariri,2018,6,13728996.0
2302800,10,Sertão de Canindé,2018,6,25223731.0
2303501,03,Grande Fortaleza,2018,6,17334402.0
2303709,03,Grande Fortaleza,2018,6,21800376.0
2304103,12,Sertão dos Crateús,2018,6,28707257.0
2304202,01,Cariri,2018,6,28751469.0
2304285,03,Grande Fortaleza,2018,6,9479725.0
2304400,03,Grande Fortaleza,2018,6,5714698109.0
2304707,05,Litoral Norte,2018,6,27044393.0
2305233,03,Grande Fortaleza,2018,6,27819722.0
2305506,02,Centro Sul,2018,6,43811438.0
2306306,06,Litoral Oeste / Vale do Curu,2018,6,799693.0
2306405,06,Litoral Oeste / Vale do Curu,2018,6,61051940.0
2306900,14,Vale do Jaguaribe,2018,6,21932601.0
2307304,01,Cariri,2018,6,58878588.0
2307502,01,Cariri,2018,6,14659520.0
2307601,14,Vale do Jaguaribe,2018,6,27674593.0
2307650,03,Grande Fortaleza,2018,6,93277225.0
2307700,03,Grande Fortaleza,2018,6,4090878.0
2308500,09,Sertão Central,2018,6,11583646.0
2309300,12,Sertão dos Crateús,2018,6,29297286.0
2309607,03,Grande Fortaleza,2018,6,17703860.0
2311306,09,Sertão Central,2018,6,27832307.0
2311405,09,Sertão Central,2018,6,8661255.0
2311801,14,Vale do Jaguaribe,2018,6,6710165.0
2312205,12,Sertão dos Crateús,2018,6,5311055.0
2312304,08,Serra da Ibiapaba,2018,6,22046554.0
2312908,11,Sertão de Sobral,2018,6,51893458.0
2313302,13,Sertão dos Inhamuns,2018,6,13463911.0
2313401,08,Serra da Ibiapaba,2018,6,15038880.0
2314102,08,Serra da Ibiapaba,2018,6,7030965.0
2300200,05,Litoral Norte,2018,7,19434607.0
2300309,02,Centro Sul,2018,7,6450362.0
2301000,03,Grande Fortaleza,2018,7,13695103.0
2301109,04,Litoral Leste,2018,7,35041497.0
2301901,01,Cariri,2018,7,16081111.0
2302107,07,Maciço do Baturité,2018,7,27325436.0
2302404,10,Sertão de Canindé,2018,7,17653903.0
2302503,01,Cariri,2018,7,28328693.0
2302701,01,Cariri,2018,7,13638380.0
2302800,10,Sertão de Canindé,2018,7,25190993.0
2303501,03,Grande Fortaleza,2018,7,17531278.0
2303709,03,Grande Fortaleza,2018,7,22237355.0
2304103,12,Sertão dos Crateús,2018,7,28543731.0
2304202,01,Cariri,2018,7,28419549.0
2304285,03,Grande Fortaleza,2018,7,9425165.0
2304400,03,Grande Fortaleza,2018,7,5945317057.0
2304707,05,Litoral Norte,2018,7,27432395.0
2305233,03,Grande Fortaleza,2018,7,27677315.0
2305506,02,Centro Sul,2018,7,42357152.0
2306306,06,Litoral Oeste / Vale do Curu,2018,7,3014316.0
2306405,06,Litoral Oeste / Vale do Curu,2018,7,58376191.0
2306900,14,Vale do Jaguaribe,2018,7,22127324.0
2307304,01,Cariri,2018,7,57637993.0
2307502,01,Cariri,2018,7,14442976.0
2307601,14,Vale do Jaguaribe,2018,7,27373332.0
2307650,03,Grande Fortaleza,2018,7,92964526.0
2307700,03,Grande Fortaleza,2018,7,4081990.0
2308500,09,Sertão Central,2018,7,11444236.0
2309300,12,Sertão dos Crateús,2018,7,28467642.0
2309607,03,Grande Fortaleza,2018,7,18084688.0
2311306,09,Sertão Central,2018,7,27578790.0
2311405,09,Sertão Central,2018,7,8609090.0
2311801,14,Vale do Jaguaribe,2018,7,6392387.0
2312205,12,Sertão dos Crateús,2018,7,6237439.0
2312304,08,Serra da Ibiapaba,2018,7,22353398.0
2312908,11,Sertão de Sobral,2018,7,52107466.0
2313302,13,Sertão dos Inhamuns,2018,7,13424224.0
2313401,08,Serra da Ibiapaba,2018,7,15307690.0
2314102,08,Serra da Ibiapaba,2018,7,7241764.0
2300200,05,Litoral Norte,2018,8,24934999.0
2300309,02,Centro Sul,2018,8,6415922.0
2301000,03,Grande Fortaleza,2018,8,13718371.0
2301109,04,Litoral Leste,2018,8,32913566.0
2301901,01,Cariri,2018,8,17174713.0
2302107,07,Maciço do Baturité,2018,8,27765373.0
2302404,10,Sertão de Canindé,2018,8,17652772.0
2302503,01,Cariri,2018,8,28661074.0
2302701,01,Cariri,2018,8,13865229.0
2302800,10,Sertão de Canindé,2018,8,26019648.0
2303501,03,Grande Fortaleza,2018,8,17633138.0
2303709,03,Grande Fortaleza,2018,8,21849600.0
2304103,12,Sertão dos Crateús,2018,8,29100375.0
2304202,01,Cariri,2018,8,27719151.0
2304285,03,Grande Fortaleza,2018,8,9609960.0
2304400,03,Grande Fortaleza,2018,8,6102120636.0
2304707,05,Litoral Norte,2018,8,27976129.0
2305233,03,Grande Fortaleza,2018,8,26436323.0
2305506,02,Centro Sul,2018,8,42431949.0
2306306,06,Litoral Oeste / Vale do Curu,2018,8,6485021.0
2306405,06,Litoral Oeste / Vale do Curu,2018,8,55361968.0
2306900,14,Vale do Jaguaribe,2018,8,21352106.0
2307304,01,Cariri,2018,8,59716366.0
2307502,01,Cariri,2018,8,15021495.0
2307601,14,Vale do Jaguaribe,2018,8,27591302.0
2307650,03,Grande Fortaleza,2018,8,92109419.0
2307700,03,Grande Fortaleza,2018,8,4237910.0
2308500,09,Sertão Central,2018,8,12192836.0
2309300,12,Sertão dos Crateús,2018,8,28895826.0
2309607,03,Grande Fortaleza,2018,8,18651399.0
2311306,09,Sertão Central,2018,8,28261212.0
2311405,09,Sertão Central,2018,8,8799592.0
2311801,14,Vale do Jaguaribe,2018,8,8917127.0
2312205,12,Sertão dos Crateús,2018,8,6611169.0
2312304,08,Serra da Ibiapaba,2018,8,22512949.0
2312908,11,Sertão de Sobral,2018,8,51129841.0
2313302,13,Sertão dos Inhamuns,2018,8,13304961.0
2313401,08,Serra da Ibiapaba,2018,8,16030308.0
2314102,08,Serra da Ibiapaba,2018,8,7599313.0
2300200,05,Litoral Norte,2018,9,20300505.0
2300309,02,Centro Sul,2018,9,6141904.0
2301000,03,Grande Fortaleza,2018,9,13546979.0
2301109,04,Litoral Leste,2018,9,32376733.0
2301901,01,Cariri,2018,9,17083205.0
2302107,07,Maciço do Baturité,2018,9,26708302.0
2302404,10,Sertão de Canindé,2018,9,17370505.0
2302503,01,Cariri,2018,9,29121557.0
2302701,01,Cariri,2018,9,13787952.0
2302800,10,Sertão de Canindé,2018,9,26494074.0
2303501,03,Grande Fortaleza,2018,9,17540850.0
2303709,03,Grande Fortaleza,2018,9,21283745.0
2304103,12,Sertão dos Crateús,2018,9,28349469.0
2304202,01,Cariri,2018,9,28686327.0
2304285,03,Grande Fortaleza,2018,9,9588120.0
2304400,03,Grande Fortaleza,2018,9,5820372875.0
2304707,05,Litoral Norte,2018,9,26954518.0
2305233,03,Grande Fortaleza,2018,9,25810351.0
2305506,02,Centro Sul,2018,9,41419412.0
2306306,06,Litoral Oeste / Vale do Curu,2018,9,6479398.0
2306405,06,Litoral Oeste / Vale do Curu,2018,9,54479026.0
2306900,14,Vale do Jaguaribe,2018,9,20597362.0
2307304,01,Cariri,2018,9,59488714.0
2307502,01,Cariri,2018,9,14835559.0
2307601,14,Vale do Jaguaribe,2018,9,27769224.0
2307650,03,Grande Fortaleza,2018,9,88188167.0
2307700,03,Grande Fortaleza,2018,9,4188467.0
2308500,09,Sertão Central,2018,9,11783690.0
2309300,12,Sertão dos Crateús,2018,9,28780359.0
2309607,03,Grande Fortaleza,2018,9,17712012.0
2311306,09,Sertão Central,2018,9,28078919.0
2311405,09,Sertão Central,2018,9,8701121.0
2311801,14,Vale do Jaguaribe,2018,9,8824835.0
2312205,12,Sertão dos Crateús,2018,9,6557497.0
2312304,08,Serra da Ibiapaba,2018,9,21709907.0
2312908,11,Sertão de Sobral,2018,9,50245533.0
2313302,13,Sertão dos Inhamuns,2018,9,12983399.0
2313401,08,Serra da Ibiapaba,2018,9,16005733.0
2314102,08,Serra da Ibiapaba,2018,9,7369010.0
2300200,05,Litoral Norte,2018,10,19968006.0
2300309,02,Centro Sul,2018,10,6093844.0
2301000,03,Grande Fortaleza,2018,10,13366372.0
2301109,04,Litoral Leste,2018,10,32617635.0
2301901,01,Cariri,2018,10,16845085.0
2302107,07,Maciço do Baturité,2018,10,27349408.0
2302404,10,Sertão de Canindé,2018,10,17346762.0
2302503,01,Cariri,2018,10,29585965.0
2302701,01,Cariri,2018,10,14263413.0
2302800,10,Sertão de Canindé,2018,10,25917382.0
2303501,03,Grande Fortaleza,2018,10,16872330.0
2303709,03,Grande Fortaleza,2018,10,35367549.0
2304103,12,Sertão dos Crateús,2018,10,28778049.0
2304202,01,Cariri,2018,10,28996975.0
2304285,03,Grande Fortaleza,2018,10,10550956.0
2304400,03,Grande Fortaleza,2018,10,5644842870.0
2304707,05,Litoral Norte,2018,10,27257547.0
2305233,03,Grande Fortaleza,2018,10,25291335.0
2305506,02,Centro Sul,2018,10,41480473.0
2306306,06,Litoral Oeste / Vale do Curu,2018,10,6564977.0
2306405,06,Litoral Oeste / Vale do Curu,2018,10,55313595.0
2306900,14,Vale do Jaguaribe,2018,10,20255253.0
2307304,01,Cariri,2018,10,58799837.0
2307502,01,Cariri,2018,10,14694188.0
2307601,14,Vale do Jaguaribe,2018,10,28000441.0
2307650,03,Grande Fortaleza,2018,10,68128886.0
2307700,03,Grande Fortaleza,2018,10,20159314.0
2308500,09,Sertão Central,2018,10,11278572.0
2309300,12,Sertão dos Crateús,2018,10,29224697.0
2309607,03,Grande Fortaleza,2018,10,17579519.0
2311306,09,Sertão Central,2018,10,28528584.0
2311405,09,Sertão Central,2018,10,8421689.0
2311801,14,Vale do Jaguaribe,2018,10,9818306.0
2312205,12,Sertão dos Crateús,2018,10,6429677.0
2312304,08,Serra da Ibiapaba,2018,10,21805596.0
2312908,11,Sertão de Sobral,2018,10,47887016.0
2313302,13,Sertão dos Inhamuns,2018,10,12899505.0
2313401,08,Serra da Ibiapaba,2018,10,15984612.0
2314102,08,Serra da Ibiapaba,2018,10,7289459.0
2300200,05,Litoral Norte,2018,11,20143023.0
2300309,02,Centro Sul,2018,11,6439545.0
2301000,03,Grande Fortaleza,2018,11,14332529.0
2301109,04,Litoral Leste,2018,11,33013423.0
2301901,01,Cariri,2018,11,17173129.0
2302107,07,Maciço do Baturité,2018,11,28116518.0
2302404,10,Sertão de Canindé,2018,11,17537452.0
2302503,01,Cariri,2018,11,32072655.0
2302701,01,Cariri,2018,11,14674236.0
2302800,10,Sertão de Canindé,2018,11,26156051.0
2303501,03,Grande Fortaleza,2018,11,17872828.0
2303709,03,Grande Fortaleza,2018,11,35503954.0
2304103,12,Sertão dos Crateús,2018,11,29471658.0
2304202,01,Cariri,2018,11,29914703.0
2304285,03,Grande Fortaleza,2018,11,10519005.0
2304400,03,Grande Fortaleza,2018,11,5584902030.0
2304707,05,Litoral Norte,2018,11,27303946.0
2305233,03,Grande Fortaleza,2018,11,23674191.0
2305506,02,Centro Sul,2018,11,42309600.0
2306306,06,Litoral Oeste / Vale do Curu,2018,11,7136727.0
2306405,06,Litoral Oeste / Vale do Curu,2018,11,57280223.0
2306900,14,Vale do Jaguaribe,2018,11,20456615.0
2307304,01,Cariri,2018,11,58805635.0
2307502,01,Cariri,2018,11,14660008.0
2307601,14,Vale do Jaguaribe,2018,11,27864179.0
2307650,03,Grande Fortaleza,2018,11,70513022.0
2307700,03,Grande Fortaleza,2018,11,20308955.0
2308500,09,Sertão Central,2018,11,12020706.0
2309300,12,Sertão dos Crateús,2018,11,30050985.0
2309607,03,Grande Fortaleza,2018,11,17766048.0
2311306,09,Sertão Central,2018,11,28615746.0
2311405,09,Sertão Central,2018,11,8919060.0
2311801,14,Vale do Jaguaribe,2018,11,9950998.0
2312205,12,Sertão dos Crateús,2018,11,6565163.0
2312304,08,Serra da Ibiapaba,2018,11,21808372.0
2312908,11,Sertão de Sobral,2018,11,47541895.0
2313302,13,Sertão dos Inhamuns,2018,11,13362965.0
2313401,08,Serra da Ibiapaba,2018,11,15695047.0
2314102,08,Serra da Ibiapaba,2018,11,7323584.0
2300200,05,Litoral Norte,2018,12,21224284.0
2300309,02,Centro Sul,2018,12,6640174.0
2301000,03,Grande Fortaleza,2018,12,15918850.0
2301109,04,Litoral Leste,2018,12,34521046.0
2301901,01,Cariri,2018,12,18693825.0
2302107,07,Maciço do Baturité,2018,12,30598985.0
2302404,10,Sertão de Canindé,2018,12,18003133.0
2302503,01,Cariri,2018,12,33736562.0
2302701,01,Cariri,2018,12,16245366.0
2302800,10,Sertão de Canindé,2018,12,26676357.0
2303501,03,Grande Fortaleza,2018,12,20920793.0
2303709,03,Grande Fortaleza,2018,12,37979091.0
2304103,12,Sertão dos Crateús,2018,12,31059201.0
2304202,01,Cariri,2018,12,31772177.0
2304285,03,Grande Fortaleza,2018,12,11125580.0
2304400,03,Grande Fortaleza,2018,12,5965454238.0
2304707,05,Litoral Norte,2018,12,28767146.0
2305233,03,Grande Fortaleza,2018,12,24449016.0
2305506,02,Centro Sul,2018,12,46658936.0
2306306,06,Litoral Oeste / Vale do Curu,2018,12,7131739.0
2306405,06,Litoral Oeste / Vale do Curu,2018,12,60911417.0
2306900,14,Vale do Jaguaribe,2018,12,22059011.0
2307304,01,Cariri,2018,12,60609118.0
2307502,01,Cariri,2018,12,14559226.0
2307601,14,Vale do Jaguaribe,2018,12,29451420.0
2307650,03,Grande Fortaleza,2018,12,76862824.0
2307700,03,Grande Fortaleza,2018,12,22164069.0
2308500,09,Sertão Central,2018,12,13834297.0
2309300,12,Sertão dos Crateús,2018,12,30431937.0
2309607,03,Grande Fortaleza,2018,12,20947572.0
2311306,09,Sertão Central,2018,12,29365866.0
2311405,09,Sertão Central,2018,12,10160168.0
2311801,14,Vale do Jaguaribe,2018,12,11603593.0
2312205,12,Sertão dos Crateús,2018,12,6507006.0
2312304,08,Serra da Ibiapaba,2018,12,22812243.0
2312908,11,Sertão de Sobral,2018,12,48826681.0
2313302,13,Sertão dos Inhamuns,2018,12,15074815.0
2313401,08,Serra da Ibiapaba,2018,12,16851552.0
2314102,08,Serra da Ibiapaba,2018,12,7731127.0
2300200,05,Litoral Norte,2019,1,21696434.0
2300309,02,Centro Sul,2019,1,6735220.0
2301000,03,Grande Fortaleza,2019,1,19140119.0
2301109,04,Litoral Leste,2019,1,34668813.0
2301901,01,Cariri,2019,1,18719544.0
2302107,07,Maciço do Baturité,2019,1,29212759.0
2302404,10,Sertão de Canindé,2019,1,18481421.0
2302503,01,Cariri,2019,1,34682589.0
2302701,01,Cariri,2019,1,15924390.0
2302800,10,Sertão de Canindé,2019,1,26904488.0
2303501,03,Grande Fortaleza,2019,1,20615434.0
2303709,03,Grande Fortaleza,2019,1,37346823.0
2304103,12,Sertão dos Crateús,2019,1,30290456.0
2304202,01,Cariri,2019,1,32298325.0
2304285,03,Grande Fortaleza,2019,1,11456910.0
2304400,03,Grande Fortaleza,2019,1,5659285137.0
2304707,05,Litoral Norte,2019,1,28868236.0
2305233,03,Grande Fortaleza,2019,1,25175121.0
2305506,02,Centro Sul,2019,1,45090802.0
2306306,06,Litoral Oeste / Vale do Curu,2019,1,7521572.0
2306405,06,Litoral Oeste / Vale do Curu,2019,1,60358451.0
2306900,14,Vale do Jaguaribe,2019,1,22313572.0
2307304,01,Cariri,2019,1,58562176.0
2307502,01,Cariri,2019,1,14460375.0
2307601,14,Vale do Jaguaribe,2019,1,29395323.0
2307650,03,Grande Fortaleza,2019,1,77403493.0
2307700,03,Grande Fortaleza,2019,1,24428698.0
2308500,09,Sertão Central,2019,1,13795006.0
2309300,12,Sertão dos Crateús,2019,1,30644544.0
2309607,03,Grande Fortaleza,2019,1,21506556.0
2311306,09,Sertão Central,2019,1,30117196.0
2311405,09,Sertão Central,2019,1,10233850.0
2311801,14,Vale do Jaguaribe,2019,1,11428051.0
2312205,12,Sertão dos Crateús,2019,1,7322140.0
2312304,08,Serra da Ibiapaba,2019,1,23356608.0
2312908,11,Sertão de Sobral,2019,1,51289653.0
2313302,13,Sertão dos Inhamuns,2019,1,14355249.0
2313401,08,Serra da Ibiapaba,2019,1,16990994.0
2314102,08,Serra da Ibiapaba,2019,1,8113438.0
2300200,05,Litoral Norte,2019,2,21043775.0
2300309,02,Centro Sul,2019,2,6128742.0
2301000,03,Grande Fortaleza,2019,2,18697608.0
2301109,04,Litoral Leste,2019,2,33972478.0
2301901,01,Cariri,2019,2,18351057.0
2302107,07,Maciço do Baturité,2019,2,28328636.0
2302404,10,Sertão de Canindé,2019,2,18145805.0
2302503,01,Cariri,2019,2,34099814.0
2302701,01,Cariri,2019,2,15563413.0
2302800,10,Sertão de Canindé,2019,2,26215216.0
2303501,03,Grande Fortaleza,2019,2,20742522.0
2303709,03,Grande Fortaleza,2019,2,37167246.0
2304103,12,Sertão dos Crateús,2019,2,29385058.0
2304202,01,Cariri,2019,2,31128065.0
2304285,03,Grande Fortaleza,2019,2,11585050.0
2304400,03,Grande Fortaleza,2019,2,5601032532.0
2304707,05,Litoral Norte,2019,2,27596516.0
2305233,03,Grande Fortaleza,2019,2,18517271.0
2305506,02,Centro Sul,2019,2,44134384.0
2306306,06,Litoral Oeste / Vale do Curu,2019,2,7383997.0
2306405,06,Litoral Oeste / Vale do Curu,2019,2,58831614.0
2306900,14,Vale do Jaguaribe,2019,2,21425710.0
2307304,01,Cariri,2019,2,56894882.0
2307502,01,Cariri,2019,2,14271822.0
2307601,14,Vale do Jaguaribe,2019,2,28840755.0
2307650,03,Grande Fortaleza,2019,2,74871399.0
2307700,03,Grande Fortaleza,2019,2,23850794.0
2308500,09,Sertão Central,2019,2,12826976.0
2309300,12,Sertão dos Crateús,2019,2,29193134.0
2309607,03,Grande Fortaleza,2019,2,20419976.0
2311306,09,Sertão Central,2019,2,28102889.0
2311405,09,Sertão Central,2019,2,9611928.0
2311801,14,Vale do Jaguaribe,2019,2,10899527.0
2312205,12,Sertão dos Crateús,2019,2,6378751.0
2312304,08,Serra da Ibiapaba,2019,2,22997436.0
2312908,11,Sertão de Sobral,2019,2,50782627.0
2313302,13,Sertão dos Inhamuns,2019,2,14341301.0
2313401,08,Serra da Ibiapaba,2019,2,17252909.0
2314102,08,Serra da Ibiapaba,2019,2,7928776.0
2300200,05,Litoral Norte,2019,3,20641943.0
2300309,02,Centro Sul,2019,3,6108445.0
2301000,03,Grande Fortaleza,2019,3,18013616.0
2301109,04,Litoral Leste,2019,3,34029479.0
2301901,01,Cariri,2019,3,17818550.0
2302107,07,Maciço do Baturité,2019,3,27272109.0
2302404,10,Sertão de Canindé,2019,3,17808421.0
2302503,01,Cariri,2019,3,32778773.0
2302701,01,Cariri,2019,3,15875730.0
2302800,10,Sertão de Canindé,2019,3,26655834.0
2303501,03,Grande Fortaleza,2019,3,18061024.0
2303709,03,Grande Fortaleza,2019,3,36287225.0
2304103,12,Sertão dos Crateús,2019,3,28606617.0
2304202,01,Cariri,2019,3,31283699.0
2304285,03,Grande Fortaleza,2019,3,11349248.0
2304400,03,Grande Fortaleza,2019,3,5690786264.0
2304707,05,Litoral Norte,2019,3,26835304.0
2305233,03,Grande Fortaleza,2019,3,17978532.0
2305506,02,Centro Sul,2019,3,40233381.0
2306306,06,Litoral Oeste / Vale do Curu,2019,3,7169484.0
2306405,06,Litoral Oeste / Vale do Curu,2019,3,56471837.0
2306900,14,Vale do Jaguaribe,2019,3,20688484.0
2307304,01,Cariri,2019,3,56144820.0
2307502,01,Cariri,2019,3,14275000.0
2307601,14,Vale do Jaguaribe,2019,3,28701344.0
2307650,03,Grande Fortaleza,2019,3,72273508.0
2307700,03,Grande Fortaleza,2019,3,22655794.0
2308500,09,Sertão Central,2019,3,12428304.0
2309300,12,Sertão dos Crateús,2019,3,29243642.0
2309607,03,Grande Fortaleza,2019,3,18622831.0
2311306,09,Sertão Central,2019,3,27487362.0
2311405,09,Sertão Central,2019,3,8867456.0
2311801,14,Vale do Jaguaribe,2019,3,9539922.0
2312205,12,Sertão dos Crateús,2019,3,6397856.0
2312304,08,Serra da Ibiapaba,2019,3,22782076.0
2312908,11,Sertão de Sobral,2019,3,49880501.0
2313302,13,Sertão dos Inhamuns,2019,3,14049574.0
2313401,08,Serra da Ibiapaba,2019,3,16345720.0
2314102,08,Serra da Ibiapaba,2019,3,7675222.0
2300200,05,Litoral Norte,2019,4,20833980.0
2300309,02,Centro Sul,2019,4,6283727.0
2301000,03,Grande Fortaleza,2019,4,18023965.0
2301109,04,Litoral Leste,2019,4,34783041.0
2301901,01,Cariri,2019,4,17992225.0
2302107,07,Maciço do Baturité,2019,4,27884989.0
2302404,10,Sertão de Canindé,2019,4,17970271.0
2302503,01,Cariri,2019,4,32891640.0
2302701,01,Cariri,2019,4,16771241.0
2302800,10,Sertão de Canindé,2019,4,26856550.0
2303501,03,Grande Fortaleza,2019,4,17610747.0
2303709,03,Grande Fortaleza,2019,4,36654723.0
2304103,12,Sertão dos Crateús,2019,4,28292996.0
2304202,01,Cariri,2019,4,31757840.0
2304285,03,Grande Fortaleza,2019,4,11496772.0
2304400,03,Grande Fortaleza,2019,4,8139324659.0
2304707,05,Litoral Norte,2019,4,27013820.0
2305233,03,Grande Fortaleza,2019,4,17784057.0
2305506,02,Centro Sul,2019,4,40978223.0
2306306,06,Litoral Oeste / Vale do Curu,2019,4,7698894.0
2306405,06,Litoral Oeste / Vale do Curu,2019,4,58259087.0
2306900,14,Vale do Jaguaribe,2019,4,20651355.0
2307304,01,Cariri,2019,4,56355851.0
2307502,01,Cariri,2019,4,14612956.0
2307601,14,Vale do Jaguaribe,2019,4,29648906.0
2307650,03,Grande Fortaleza,2019,4,70622679.0
2307700,03,Grande Fortaleza,2019,4,21754697.0
2308500,09,Sertão Central,2019,4,13007820.0
2309300,12,Sertão dos Crateús,2019,4,29666215.0
2309607,03,Grande Fortaleza,2019,4,18672167.0
2311306,09,Sertão Central,2019,4,27802887.0
2311405,09,Sertão Central,2019,4,8941497.0
2311801,14,Vale do Jaguaribe,2019,4,9905378.0
2312205,12,Sertão dos Crateús,2019,4,6449859.0
2312304,08,Serra da Ibiapaba,2019,4,22951722.0
2312908,11,Sertão de Sobral,2019,4,49978534.0
2313302,13,Sertão dos Inhamuns,2019,4,14420735.0
2313401,08,Serra da Ibiapaba,2019,4,16457248.0
2314102,08,Serra da Ibiapaba,2019,4,8004583.0
2300200,05,Litoral Norte,2019,5,21714726.0
2300309,02,Centro Sul,2019,5,6605239.0
2301000,03,Grande Fortaleza,2019,5,18427633.0
2301109,04,Litoral Leste,2019,5,35548435.0
2301901,01,Cariri,2019,5,18554695.0
2302107,07,Maciço do Baturité,2019,5,29310628.0
2302404,10,Sertão de Canindé,2019,5,18078186.0
2302503,01,Cariri,2019,5,33561866.0
2302701,01,Cariri,2019,5,17238579.0
2302800,10,Sertão de Canindé,2019,5,27365640.0
2303501,03,Grande Fortaleza,2019,5,17903734.0
2303709,03,Grande Fortaleza,2019,5,37852621.0
2304103,12,Sertão dos Crateús,2019,5,28846493.0
2304202,01,Cariri,2019,5,31522868.0
2304285,03,Grande Fortaleza,2019,5,11453130.0
2304400,03,Grande Fortaleza,2019,5,5769080340.0
2304707,05,Litoral Norte,2019,5,28501399.0
2305233,03,Grande Fortaleza,2019,5,17375873.0
2305506,02,Centro Sul,2019,5,40827849.0
2306306,06,Litoral Oeste / Vale do Curu,2019,5,8127513.0
2306405,06,Litoral Oeste / Vale do Curu,2019,5,62038822.0
2306900,14,Vale do Jaguaribe,2019,5,21019515.0
2307304,01,Cariri,2019,5,56645788.0
2307502,01,Cariri,2019,5,14567522.0
2307601,14,Vale do Jaguaribe,2019,5,30113940.0
2307650,03,Grande Fortaleza,2019,5,70710381.0
2307700,03,Grande Fortaleza,2019,5,21490099.0
2308500,09,Sertão Central,2019,5,12848664.0
2309300,12,Sertão dos Crateús,2019,5,30889869.0
2309607,03,Grande Fortaleza,2019,5,18895955.0
2311306,09,Sertão Central,2019,5,28499207.0
2311405,09,Sertão Central,2019,5,9086851.0
2311801,14,Vale do Jaguaribe,2019,5,10612960.0
2312205,12,Sertão dos Crateús,2019,5,6851021.0
2312304,08,Serra da Ibiapaba,2019,5,24289693.0
2312908,11,Sertão de Sobral,2019,5,50944313.0
2313302,13,Sertão dos Inhamuns,2019,5,14842110.0
2313401,08,Serra da Ibiapaba,2019,5,17336593.0
2314102,08,Serra da Ibiapaba,2019,5,8445934.0
2300200,05,Litoral Norte,2019,6,22327836.0
2300309,02,Centro Sul,2019,6,6864038.0
2301000,03,Grande Fortaleza,2019,6,19738963.0
2301109,04,Litoral Leste,2019,6,36808510.0
2301901,01,Cariri,2019,6,19017316.0
2302107,07,Maciço do Baturité,2019,6,30888566.0
2302404,10,Sertão de Canindé,2019,6,18348424.0
2302503,01,Cariri,2019,6,34589259.0
2302701,01,Cariri,2019,6,17940754.0
2302800,10,Sertão de Canindé,2019,6,28503744.0
2303501,03,Grande Fortaleza,2019,6,19567283.0
2303709,03,Grande Fortaleza,2019,6,38452338.0
2304103,12,Sertão dos Crateús,2019,6,29725870.0
2304202,01,Cariri,2019,6,31917288.0
2304285,03,Grande Fortaleza,2019,6,11447631.0
2304400,03,Grande Fortaleza,2019,6,5975231778.0
2304707,05,Litoral Norte,2019,6,29903937.0
2305233,03,Grande Fortaleza,2019,6,17928269.0
2305506,02,Centro Sul,2019,6,42498007.0
2306306,06,Litoral Oeste / Vale do Curu,2019,6,8321435.0
2306405,06,Litoral Oeste / Vale do Curu,2019,6,63238375.0
2306900,14,Vale do Jaguaribe,2019,6,21656484.0
2307304,01,Cariri,2019,6,58111051.0
2307502,01,Cariri,2019,6,14444691.0
2307601,14,Vale do Jaguaribe,2019,6,31200017.0
2307650,03,Grande Fortaleza,2019,6,74693500.0
2307700,03,Grande Fortaleza,2019,6,22839169.0
2308500,09,Sertão Central,2019,6,13536703.0
2309300,12,Sertão dos Crateús,2019,6,31572647.0
2309607,03,Grande Fortaleza,2019,6,21177227.0
2311306,09,Sertão Central,2019,6,28681962.0
2311405,09,Sertão Central,2019,6,9038454.0
2311801,14,Vale do Jaguaribe,2019,6,10733606.0
2312205,12,Sertão dos Crateús,2019,6,7263241.0
2312304,08,Serra da Ibiapaba,2019,6,24615808.0
2312908,11,Sertão de Sobral,2019,6,52207185.0
2313302,13,Sertão dos Inhamuns,2019,6,15217503.0
2313401,08,Serra da Ibiapaba,2019,6,17561661.0
2314102,08,Serra da Ibiapaba,2019,6,8821000.0
2300200,05,Litoral Norte,2019,7,23458185.0
2300309,02,Centro Sul,2019,7,6948001.0
2301000,03,Grande Fortaleza,2019,7,19683059.0
2301109,04,Litoral Leste,2019,7,37367571.0
2301901,01,Cariri,2019,7,19818462.0
2302107,07,Maciço do Baturité,2019,7,31526434.0
2302404,10,Sertão de Canindé,2019,7,19698613.0
2302503,01,Cariri,2019,7,36199895.0
2302701,01,Cariri,2019,7,18361918.0
2302800,10,Sertão de Canindé,2019,7,29585277.0
2303501,03,Grande Fortaleza,2019,7,20280883.0
2303709,03,Grande Fortaleza,2019,7,39017695.0
2304103,12,Sertão dos Crateús,2019,7,30736639.0
2304202,01,Cariri,2019,7,33060137.0
2304285,03,Grande Fortaleza,2019,7,11648263.0
2304400,03,Grande Fortaleza,2019,7,6023649979.0
2304707,05,Litoral Norte,2019,7,31005825.0
2305233,03,Grande Fortaleza,2019,7,18015243.0
2305506,02,Centro Sul,2019,7,43012998.0
2306306,06,Litoral Oeste / Vale do Curu,2019,7,11554019.0
2306405,06,Litoral Oeste / Vale do Curu,2019,7,67193878.0
2306900,14,Vale do Jaguaribe,2019,7,22623200.0
2307304,01,Cariri,2019,7,58623993.0
2307502,01,Cariri,2019,7,14492157.0
2307601,14,Vale do Jaguaribe,2019,7,31848528.0
2307650,03,Grande Fortaleza,2019,7,77907770.0
2307700,03,Grande Fortaleza,2019,7,23817512.0
2308500,09,Sertão Central,2019,7,13971663.0
2309300,12,Sertão dos Crateús,2019,7,33673734.0
2309607,03,Grande Fortaleza,2019,7,21828416.0
2311306,09,Sertão Central,2019,7,29411362.0
2311405,09,Sertão Central,2019,7,9249297.0
2311801,14,Vale do Jaguaribe,2019,7,11093923.0
2312205,12,Sertão dos Crateús,2019,7,7655706.0
2312304,08,Serra da Ibiapaba,2019,7,25585258.0
2312908,11,Sertão de Sobral,2019,7,50870739.0
2313302,13,Sertão dos Inhamuns,2019,7,15265882.0
2313401,08,Serra da Ibiapaba,2019,7,18561112.0
2314102,08,Serra da Ibiapaba,2019,7,9242558.0
2300200,05,Litoral Norte,2019,8,24405423.0
2300309,02,Centro Sul,2019,8,6972819.0
2301000,03,Grande Fortaleza,2019,8,19866892.0
2301109,04,Litoral Leste,2019,8,37393066.0
2301901,01,Cariri,2019,8,20112451.0
2302107,07,Maciço do Baturité,2019,8,32142820.0
2302404,10,Sertão de Canindé,2019,8,20610844.0
2302503,01,Cariri,2019,8,37814024.0
2302701,01,Cariri,2019,8,18841305.0
2302800,10,Sertão de Canindé,2019,8,30283881.0
2303501,03,Grande Fortaleza,2019,8,20287836.0
2303709,03,Grande Fortaleza,2019,8,39928020.0
2304103,12,Sertão dos Crateús,2019,8,31925474.0
2304202,01,Cariri,2019,8,33282970.0
2304285,03,Grande Fortaleza,2019,8,11605026.0
2304400,03,Grande Fortaleza,2019,8,6150644034.0
2304707,05,Litoral Norte,2019,8,31306668.0
2305233,03,Grande Fortaleza,2019,8,17871387.0
2305506,02,Centro Sul,2019,8,43544254.0
2306306,06,Litoral Oeste / Vale do Curu,2019,8,12086985.0
2306405,06,Litoral Oeste / Vale do Curu,2019,8,69813578.0
2306900,14,Vale do Jaguaribe,2019,8,22996003.0
2307304,01,Cariri,2019,8,58743727.0
2307502,01,Cariri,2019,8,14146851.0
2307601,14,Vale do Jaguaribe,2019,8,32816052.0
2307650,03,Grande Fortaleza,2019,8,78856918.0
2307700,03,Grande Fortaleza,2019,8,25205189.0
2308500,09,Sertão Central,2019,8,14242940.0
2309300,12,Sertão dos Crateús,2019,8,34354491.0
2309607,03,Grande Fortaleza,2019,8,21727946.0
2311306,09,Sertão Central,2019,8,29973291.0
2311405,09,Sertão Central,2019,8,9767471.0
2311801,14,Vale do Jaguaribe,2019,8,11168772.0
2312205,12,Sertão dos Crateús,2019,8,7753315.0
2312304,08,Serra da Ibiapaba,2019,8,26243229.0
2312908,11,Sertão de Sobral,2019,8,50684828.0
2313302,13,Sertão dos Inhamuns,2019,8,15567858.0
2313401,08,Serra da Ibiapaba,2019,8,19264729.0
2314102,08,Serra da Ibiapaba,2019,8,9485626.0
2300200,05,Litoral Norte,2019,9,25456931.0
2300309,02,Centro Sul,2019,9,7318092.0
2301000,03,Grande Fortaleza,2019,9,19694339.0
2301109,04,Litoral Leste,2019,9,37196561.0
2301901,01,Cariri,2019,9,20251485.0
2302107,07,Maciço do Baturité,2019,9,32056865.0
2302404,10,Sertão de Canindé,2019,9,20583555.0
2302503,01,Cariri,2019,9,38901346.0
2302701,01,Cariri,2019,9,19884057.0
2302800,10,Sertão de Canindé,2019,9,31920106.0
2303501,03,Grande Fortaleza,2019,9,19494047.0
2303709,03,Grande Fortaleza,2019,9,40429864.0
2304103,12,Sertão dos Crateús,2019,9,32205467.0
2304202,01,Cariri,2019,9,32979466.0
2304285,03,Grande Fortaleza,2019,9,11636305.0
2304400,03,Grande Fortaleza,2019,9,6268976034.0
2304707,05,Litoral Norte,2019,9,31285970.0
2305233,03,Grande Fortaleza,2019,9,18207392.0
2305506,02,Centro Sul,2019,9,43463597.0
2306306,06,Litoral Oeste / Vale do Curu,2019,9,12339033.0
2306405,06,Litoral Oeste / Vale do Curu,2019,9,71279792.0
2306900,14,Vale do Jaguaribe,2019,9,23271864.0
2307304,01,Cariri,2019,9,57485805.0
2307502,01,Cariri,2019,9,14189680.0
2307601,14,Vale do Jaguaribe,2019,9,32259770.0
2307650,03,Grande Fortaleza,2019,9,77981503.0
2307700,03,Grande Fortaleza,2019,9,25818041.0
2308500,09,Sertão Central,2019,9,13785948.0
2309300,12,Sertão dos Crateús,2019,9,35599363.0
2309607,03,Grande Fortaleza,2019,9,20808834.0
2311306,09,Sertão Central,2019,9,30766870.0
2311405,09,Sertão Central,2019,9,9820699.0
2311801,14,Vale do Jaguaribe,2019,9,11994287.0
2312205,12,Sertão dos Crateús,2019,9,7883475.0
2312304,08,Serra da Ibiapaba,2019,9,26580931.0
2312908,11,Sertão de Sobral,2019,9,51183771.0
2313302,13,Sertão dos Inhamuns,2019,9,15886993.0
2313401,08,Serra da Ibiapaba,2019,9,19627336.0
2314102,08,Serra da Ibiapaba,2019,9,9883082.0
2300200,05,Litoral Norte,2019,10,26696731.0
2300309,02,Centro Sul,2019,10,7714671.0
2301000,03,Grande Fortaleza,2019,10,20165383.0
2301109,04,Litoral Leste,2019,10,38048180.0
2301901,01,Cariri,2019,10,21408008.0
2302107,07,Maciço do Baturité,2019,10,33295807.0
2302404,10,Sertão de Canindé,2019,10,21208392.0
2302503,01,Cariri,2019,10,40192471.0
2302701,01,Cariri,2019,10,21831210.0
2302800,10,Sertão de Canindé,2019,10,32730465.0
2303501,03,Grande Fortaleza,2019,10,19114198.0
2303709,03,Grande Fortaleza,2019,10,41315467.0
2304103,12,Sertão dos Crateús,2019,10,33856888.0
2304202,01,Cariri,2019,10,33861946.0
2304285,03,Grande Fortaleza,2019,10,11697817.0
2304400,03,Grande Fortaleza,2019,10,6250190604.0
2304707,05,Litoral Norte,2019,10,33100971.0
2305233,03,Grande Fortaleza,2019,10,19254104.0
2305506,02,Centro Sul,2019,10,44694501.0
2306306,06,Litoral Oeste / Vale do Curu,2019,10,13476836.0
2306405,06,Litoral Oeste / Vale do Curu,2019,10,77601589.0
2306900,14,Vale do Jaguaribe,2019,10,24281970.0
2307304,01,Cariri,2019,10,58221033.0
2307502,01,Cariri,2019,10,14352146.0
2307601,14,Vale do Jaguaribe,2019,10,35067191.0
2307650,03,Grande Fortaleza,2019,10,77874731.0
2307700,03,Grande Fortaleza,2019,10,25915337.0
2308500,09,Sertão Central,2019,10,14011814.0
2309300,12,Sertão dos Crateús,2019,10,37837891.0
2309607,03,Grande Fortaleza,2019,10,21532532.0
2311306,09,Sertão Central,2019,10,32210440.0
2311405,09,Sertão Central,2019,10,9993008.0
2311801,14,Vale do Jaguaribe,2019,10,12529491.0
2312205,12,Sertão dos Crateús,2019,10,8447471.0
2312304,08,Serra da Ibiapaba,2019,10,28842766.0
2312908,11,Sertão de Sobral,2019,10,52411747.0
2313302,13,Sertão dos Inhamuns,2019,10,16533409.0
2313401,08,Serra da Ibiapaba,2019,10,20497935.0
2314102,08,Serra da Ibiapaba,2019,10,10607454.0
2300200,05,Litoral Norte,2019,11,27594012.0
2300309,02,Centro Sul,2019,11,8651401.0
2301000,03,Grande Fortaleza,2019,11,20599897.0
2301109,04,Litoral Leste,2019,11,39986215.0
2301901,01,Cariri,2019,11,22732796.0
2302107,07,Maciço do Baturité,2019,11,35526848.0
2302404,10,Sertão de Canindé,2019,11,22441400.0
2302503,01,Cariri,2019,11,42333504.0
2302701,01,Cariri,2019,11,25853695.0
2302800,10,Sertão de Canindé,2019,11,34725084.0
2303501,03,Grande Fortaleza,2019,11,20429631.0
2303709,03,Grande Fortaleza,2019,11,43119672.0
2304103,12,Sertão dos Crateús,2019,11,36427100.0
2304202,01,Cariri,2019,11,35205192.0
2304285,03,Grande Fortaleza,2019,11,11872695.0
2304400,03,Grande Fortaleza,2019,11,6341100373.0
2304707,05,Litoral Norte,2019,11,35499888.0
2305233,03,Grande Fortaleza,2019,11,19413358.0
2305506,02,Centro Sul,2019,11,46603801.0
2306306,06,Litoral Oeste / Vale do Curu,2019,11,14917691.0
2306405,06,Litoral Oeste / Vale do Curu,2019,11,82563261.0
2306900,14,Vale do Jaguaribe,2019,11,25805680.0
2307304,01,Cariri,2019,11,62365532.0
2307502,01,Cariri,2019,11,14960191.0
2307601,14,Vale do Jaguaribe,2019,11,34264649.0
2307650,03,Grande Fortaleza,2019,11,83767118.0
2307700,03,Grande Fortaleza,2019,11,25513859.0
2308500,09,Sertão Central,2019,11,14756756.0
2309300,12,Sertão dos Crateús,2019,11,39644346.0
2309607,03,Grande Fortaleza,2019,11,22069420.0
2311306,09,Sertão Central,2019,11,33051535.0
2311405,09,Sertão Central,2019,11,10385983.0
2311801,14,Vale do Jaguaribe,2019,11,12792643.0
2312205,12,Sertão dos Crateús,2019,11,8919791.0
2312304,08,Serra da Ibiapaba,2019,11,30120768.0
2312908,11,Sertão de Sobral,2019,11,53495627.0
2313302,13,Sertão dos Inhamuns,2019,11,17553623.0
2313401,08,Serra da Ibiapaba,2019,11,21808861.0
2314102,08,Serra da Ibiapaba,2019,11,11365030.0
2300200,05,Litoral Norte,2019,12,29578990.0
2300309,02,Centro Sul,2019,12,9405469.0
2301000,03,Grande Fortaleza,2019,12,22209499.0
2301109,04,Litoral Leste,2019,12,43808766.0
2301901,01,Cariri,2019,12,24874231.0
2302107,07,Maciço do Baturité,2019,12,39706029.0
2302404,10,Sertão de Canindé,2019,12,24244819.0
2302503,01,Cariri,2019,12,42583159.0
2302701,01,Cariri,2019,12,26581415.0
2302800,10,Sertão de Canindé,2019,12,36826737.0
2303501,03,Grande Fortaleza,2019,12,26366770.0
2303709,03,Grande Fortaleza,2019,12,48792202.0
2304103,12,Sertão dos Crateús,2019,12,38026741.0
2304202,01,Cariri,2019,12,36964951.0
2304285,03,Grande Fortaleza,2019,12,14517517.0
2304400,03,Grande Fortaleza,2019,12,6824620470.0
2304707,05,Litoral Norte,2019,12,37190862.0
2305233,03,Grande Fortaleza,2019,12,22640088.0
2305506,02,Centro Sul,2019,12,51047772.0
2306306,06,Litoral Oeste / Vale do Curu,2019,12,15426706.0
2306405,06,Litoral Oeste / Vale do Curu,2019,12,88698296.0
2306900,14,Vale do Jaguaribe,2019,12,28971331.0
2307304,01,Cariri,2019,12,63117829.0
2307502,01,Cariri,2019,12,15935976.0
2307601,14,Vale do Jaguaribe,2019,12,39610413.0
2307650,03,Grande Fortaleza,2019,12,102202426.0
2307700,03,Grande Fortaleza,2019,12,31748823.0
2308500,09,Sertão Central,2019,12,17264829.0
2309300,12,Sertão dos Crateús,2019,12,42838729.0
2309607,03,Grande Fortaleza,2019,12,26301481.0
2311306,09,Sertão Central,2019,12,35734587.0
2311405,09,Sertão Central,2019,12,11064467.0
2311801,14,Vale do Jaguaribe,2019,12,14152622.0
2312205,12,Sertão dos Crateús,2019,12,9516176.0
2312304,08,Serra da Ibiapaba,2019,12,32742813.0
2312908,11,Sertão de Sobral,2019,12,54659141.0
2313302,13,Sertão dos Inhamuns,2019,12,19273998.0
2313401,08,Serra da Ibiapaba,2019,12,23311685.0
2314102,08,Serra da Ibiapaba,2019,12,12066726.0
2300200,05,Litoral Norte,2020,1,29171762.0
2300309,02,Centro Sul,2020,1,8878987.0
2301000,03,Grande Fortaleza,2020,1,22237007.0
2301109,04,Litoral Leste,2020,1,44093326.0
2301901,01,Cariri,2020,1,24388058.0
2302107,07,Maciço do Baturité,2020,1,40567997.0
2302404,10,Sertão de Canindé,2020,1,24159990.0
2302503,01,Cariri,2020,1,43195628.0
2302701,01,Cariri,2020,1,26901258.0
2302800,10,Sertão de Canindé,2020,1,35898287.0
2303501,03,Grande Fortaleza,2020,1,26656079.0
2303709,03,Grande Fortaleza,2020,1,62336186.0
2304103,12,Sertão dos Crateús,2020,1,37169024.0
2304202,01,Cariri,2020,1,37599322.0
2304285,03,Grande Fortaleza,2020,1,14820817.0
2304400,03,Grande Fortaleza,2020,1,6664379855.0
2304707,05,Litoral Norte,2020,1,36879234.0
2305233,03,Grande Fortaleza,2020,1,22616570.0
2305506,02,Centro Sul,2020,1,48394847.0
2306306,06,Litoral Oeste / Vale do Curu,2020,1,33250015.0
2306405,06,Litoral Oeste / Vale do Curu,2020,1,69686707.0
2306900,14,Vale do Jaguaribe,2020,1,28598998.0
2307304,01,Cariri,2020,1,64494058.0
2307502,01,Cariri,2020,1,15627033.0
2307601,14,Vale do Jaguaribe,2020,1,38166612.0
2307650,03,Grande Fortaleza,2020,1,102412648.0
2307700,03,Grande Fortaleza,2020,1,33118428.0
2308500,09,Sertão Central,2020,1,16108794.0
2309300,12,Sertão dos Crateús,2020,1,42344660.0
2309607,03,Grande Fortaleza,2020,1,26201491.0
2311306,09,Sertão Central,2020,1,35617384.0
2311405,09,Sertão Central,2020,1,11000886.0
2311801,14,Vale do Jaguaribe,2020,1,14235926.0
2312205,12,Sertão dos Crateús,2020,1,9283790.0
2312304,08,Serra da Ibiapaba,2020,1,32744111.0
2312908,11,Sertão de Sobral,2020,1,53974707.0
2313302,13,Sertão dos Inhamuns,2020,1,18812432.0
2313401,08,Serra da Ibiapaba,2020,1,23395108.0
2314102,08,Serra da Ibiapaba,2020,1,11989382.0
2300200,05,Litoral Norte,2020,2,28802701.0
2300309,02,Centro Sul,2020,2,9162599.0
2301000,03,Grande Fortaleza,2020,2,22204099.0
2301109,04,Litoral Leste,2020,2,34045421.0
2301901,01,Cariri,2020,2,24190738.0
2302107,07,Maciço do Baturité,2020,2,40877718.0
2302404,10,Sertão de Canindé,2020,2,24360212.0
2302503,01,Cariri,2020,2,44436437.0
2302701,01,Cariri,2020,2,28099397.0
2302800,10,Sertão de Canindé,2020,2,36385412.0
2303501,03,Grande Fortaleza,2020,2,26809701.0
2303709,03,Grande Fortaleza,2020,2,75863477.0
2304103,12,Sertão dos Crateús,2020,2,36980453.0
2304202,01,Cariri,2020,2,37773249.0
2304285,03,Grande Fortaleza,2020,2,15033166.0
2304400,03,Grande Fortaleza,2020,2,6961867405.0
2304707,05,Litoral Norte,2020,2,36089079.0
2305233,03,Grande Fortaleza,2020,2,22691008.0
2305506,02,Centro Sul,2020,2,46867408.0
2306306,06,Litoral Oeste / Vale do Curu,2020,2,32416351.0
2306405,06,Litoral Oeste / Vale do Curu,2020,2,67967603.0
2306900,14,Vale do Jaguaribe,2020,2,29008540.0
2307304,01,Cariri,2020,2,66167587.0
2307502,01,Cariri,2020,2,15298112.0
2307601,14,Vale do Jaguaribe,2020,2,39183015.0
2307650,03,Grande Fortaleza,2020,2,107194145.0
2307700,03,Grande Fortaleza,2020,2,34840805.0
2308500,09,Sertão Central,2020,2,15554294.0
2309300,12,Sertão dos Crateús,2020,2,39488057.0
2309607,03,Grande Fortaleza,2020,2,26008676.0
2311306,09,Sertão Central,2020,2,34461776.0
2311405,09,Sertão Central,2020,2,10544200.0
2311801,14,Vale do Jaguaribe,2020,2,23684671.0
2312205,12,Sertão dos Crateús,2020,2,11470127.0
2312304,08,Serra da Ibiapaba,2020,2,32460490.0
2312908,11,Sertão de Sobral,2020,2,51771598.0
2313302,13,Sertão dos Inhamuns,2020,2,19288199.0
2313401,08,Serra da Ibiapaba,2020,2,23456396.0
2314102,08,Serra da Ibiapaba,2020,2,11907389.0
2300200,05,Litoral Norte,2020,3,27854916.0
2300309,02,Centro Sul,2020,3,8891616.0
2301000,03,Grande Fortaleza,2020,3,22255730.0
2301109,04,Litoral Leste,2020,3,34274730.0
2301901,01,Cariri,2020,3,22796262.0
2302107,07,Maciço do Baturité,2020,3,39491931.0
2302404,10,Sertão de Canindé,2020,3,24171424.0
2302503,01,Cariri,2020,3,42225538.0
2302701,01,Cariri,2020,3,27616210.0
2302800,10,Sertão de Canindé,2020,3,35596784.0
2303501,03,Grande Fortaleza,2020,3,26248687.0
2303709,03,Grande Fortaleza,2020,3,84555445.0
2304103,12,Sertão dos Crateús,2020,3,35235374.0
2304202,01,Cariri,2020,3,35690614.0
2304285,03,Grande Fortaleza,2020,3,15517282.0
2304400,03,Grande Fortaleza,2020,3,6938221977.0
2304707,05,Litoral Norte,2020,3,34766669.0
2305233,03,Grande Fortaleza,2020,3,21929592.0
2305506,02,Centro Sul,2020,3,46769533.0
2306306,06,Litoral Oeste / Vale do Curu,2020,3,30468964.0
2306405,06,Litoral Oeste / Vale do Curu,2020,3,65629797.0
2306900,14,Vale do Jaguaribe,2020,3,27472843.0
2307304,01,Cariri,2020,3,66047669.0
2307502,01,Cariri,2020,3,14863681.0
2307601,14,Vale do Jaguaribe,2020,3,38556671.0
2307650,03,Grande Fortaleza,2020,3,110725954.0
2307700,03,Grande Fortaleza,2020,3,35235150.0
2308500,09,Sertão Central,2020,3,14738011.0
2309300,12,Sertão dos Crateús,2020,3,38145907.0
2309607,03,Grande Fortaleza,2020,3,24975657.0
2311306,09,Sertão Central,2020,3,34235091.0
2311405,09,Sertão Central,2020,3,10425041.0
2311801,14,Vale do Jaguaribe,2020,3,23071773.0
2312205,12,Sertão dos Crateús,2020,3,11236925.0
2312304,08,Serra da Ibiapaba,2020,3,31496557.0
2312908,11,Sertão de Sobral,2020,3,51112670.0
2313302,13,Sertão dos Inhamuns,2020,3,19072461.0
2313401,08,Serra da Ibiapaba,2020,3,22465347.0
2314102,08,Serra da Ibiapaba,2020,3,11801995.0
2300200,05,Litoral Norte,2020,4,28076008.0
2300309,02,Centro Sul,2020,4,9395253.0
2301000,03,Grande Fortaleza,2020,4,24145758.0
2301109,04,Litoral Leste,2020,4,35087803.0
2301901,01,Cariri,2020,4,22953951.0
2302107,07,Maciço do Baturité,2020,4,42140246.0
2302404,10,Sertão de Canindé,2020,4,23064492.0
2302503,01,Cariri,2020,4,43323221.0
2302701,01,Cariri,2020,4,28334262.0
2302800,10,Sertão de Canindé,2020,4,36169091.0
2303501,03,Grande Fortaleza,2020,4,28089232.0
2303709,03,Grande Fortaleza,2020,4,96986043.0
2304103,12,Sertão dos Crateús,2020,4,34978363.0
2304202,01,Cariri,2020,4,38575634.0
2304285,03,Grande Fortaleza,2020,4,19368446.0
2304400,03,Grande Fortaleza,2020,4,7086158502.0
2304707,05,Litoral Norte,2020,4,35373157.0
2305233,03,Grande Fortaleza,2020,4,23894683.0
2305506,02,Centro Sul,2020,4,47801272.0
2306306,06,Litoral Oeste / Vale do Curu,2020,4,31726202.0
2306405,06,Litoral Oeste / Vale do Curu,2020,4,67009532.0
2306900,14,Vale do Jaguaribe,2020,4,28759681.0
2307304,01,Cariri,2020,4,65695666.0
2307502,01,Cariri,2020,4,15740563.0
2307601,14,Vale do Jaguaribe,2020,4,41391519.0
2307650,03,Grande Fortaleza,2020,4,114786484.0
2307700,03,Grande Fortaleza,2020,4,37033360.0
2308500,09,Sertão Central,2020,4,15406835.0
2309300,12,Sertão dos Crateús,2020,4,38121755.0
2309607,03,Grande Fortaleza,2020,4,26783603.0
2311306,09,Sertão Central,2020,4,35659619.0
2311405,09,Sertão Central,2020,4,9989470.0
2311801,14,Vale do Jaguaribe,2020,4,24954585.0
2312205,12,Sertão dos Crateús,2020,4,11467992.0
2312304,08,Serra da Ibiapaba,2020,4,31249822.0
2312908,11,Sertão de Sobral,2020,4,50761396.0
2313302,13,Sertão dos Inhamuns,2020,4,20593773.0
2313401,08,Serra da Ibiapaba,2020,4,21608487.0
2314102,08,Serra da Ibiapaba,2020,4,10926360.0
2300200,05,Litoral Norte,2020,5,27376717.0
2300309,02,Centro Sul,2020,5,9583580.0
2301000,03,Grande Fortaleza,2020,5,22688768.0
2301109,04,Litoral Leste,2020,5,35252839.0
2301901,01,Cariri,2020,5,23886884.0
2302107,07,Maciço do Baturité,2020,5,41907989.0
2302404,10,Sertão de Canindé,2020,5,22545260.0
2302503,01,Cariri,2020,5,43994405.0
2302701,01,Cariri,2020,5,28567695.0
2302800,10,Sertão de Canindé,2020,5,35969634.0
2303501,03,Grande Fortaleza,2020,5,27979742.0
2303709,03,Grande Fortaleza,2020,5,98434021.0
2304103,12,Sertão dos Crateús,2020,5,34127273.0
2304202,01,Cariri,2020,5,39200960.0
2304285,03,Grande Fortaleza,2020,5,19564355.0
2304400,03,Grande Fortaleza,2020,5,7014203698.0
2304707,05,Litoral Norte,2020,5,36474321.0
2305233,03,Grande Fortaleza,2020,5,26347912.0
2305506,02,Centro Sul,2020,5,48806691.0
2306306,06,Litoral Oeste / Vale do Curu,2020,5,31425932.0
2306405,06,Litoral Oeste / Vale do Curu,2020,5,67700767.0
2306900,14,Vale do Jaguaribe,2020,5,29026887.0
2307304,01,Cariri,2020,5,64829347.0
2307502,01,Cariri,2020,5,16722139.0
2307601,14,Vale do Jaguaribe,2020,5,41909213.0
2307650,03,Grande Fortaleza,2020,5,114854083.0
2307700,03,Grande Fortaleza,2020,5,37608098.0
2308500,09,Sertão Central,2020,5,16064054.0
2309300,12,Sertão dos Crateús,2020,5,37275019.0
2309607,03,Grande Fortaleza,2020,5,26932044.0
2311306,09,Sertão Central,2020,5,35350151.0
2311405,09,Sertão Central,2020,5,10597344.0
2311801,14,Vale do Jaguaribe,2020,5,26475115.0
2312205,12,Sertão dos Crateús,2020,5,11552870.0
2312304,08,Serra da Ibiapaba,2020,5,30879203.0
2312908,11,Sertão de Sobral,2020,5,52156069.0
2313302,13,Sertão dos Inhamuns,2020,5,19912405.0
2313401,08,Serra da Ibiapaba,2020,5,20281544.0
2314102,08,Serra da Ibiapaba,2020,5,10624009.0
2300200,05,Litoral Norte,2020,6,29360197.0
2300309,02,Centro Sul,2020,6,9811413.0
2301000,03,Grande Fortaleza,2020,6,23450164.0
2301109,04,Litoral Leste,2020,6,36824899.0
2301901,01,Cariri,2020,6,24159855.0
2302107,07,Maciço do Baturité,2020,6,43164335.0
2302404,10,Sertão de Canindé,2020,6,23498751.0
2302503,01,Cariri,2020,6,45691782.0
2302701,01,Cariri,2020,6,29914981.0
2302800,10,Sertão de Canindé,2020,6,37833079.0
2303501,03,Grande Fortaleza,2020,6,29607950.0
2303709,03,Grande Fortaleza,2020,6,101467423.0
2304103,12,Sertão dos Crateús,2020,6,35333073.0
2304202,01,Cariri,2020,6,40454238.0
2304285,03,Grande Fortaleza,2020,6,20728135.0
2304400,03,Grande Fortaleza,2020,6,6445329786.0
2304707,05,Litoral Norte,2020,6,37253230.0
2305233,03,Grande Fortaleza,2020,6,26713158.0
2305506,02,Centro Sul,2020,6,50986753.0
2306306,06,Litoral Oeste / Vale do Curu,2020,6,33556538.0
2306405,06,Litoral Oeste / Vale do Curu,2020,6,70282907.0
2306900,14,Vale do Jaguaribe,2020,6,30267450.0
2307304,01,Cariri,2020,6,65560261.0
2307502,01,Cariri,2020,6,16912881.0
2307601,14,Vale do Jaguaribe,2020,6,42305429.0
2307650,03,Grande Fortaleza,2020,6,117040714.0
2307700,03,Grande Fortaleza,2020,6,36806522.0
2308500,09,Sertão Central,2020,6,16010209.0
2309300,12,Sertão dos Crateús,2020,6,38491940.0
2309607,03,Grande Fortaleza,2020,6,28021611.0
2311306,09,Sertão Central,2020,6,36001602.0
2311405,09,Sertão Central,2020,6,10983322.0
2311801,14,Vale do Jaguaribe,2020,6,26866647.0
2312205,12,Sertão dos Crateús,2020,6,12147554.0
2312304,08,Serra da Ibiapaba,2020,6,31580033.0
2312908,11,Sertão de Sobral,2020,6,52600725.0
2313302,13,Sertão dos Inhamuns,2020,6,20348991.0
2313401,08,Serra da Ibiapaba,2020,6,21537249.0
2314102,08,Serra da Ibiapaba,2020,6,10832061.0
2300200,05,Litoral Norte,2020,7,30390464.0
2300309,02,Centro Sul,2020,7,9904928.0
2301000,03,Grande Fortaleza,2020,7,23983246.0
2301109,04,Litoral Leste,2020,7,37005476.0
2301901,01,Cariri,2020,7,24124713.0
2302107,07,Maciço do Baturité,2020,7,44015618.0
2302404,10,Sertão de Canindé,2020,7,23810899.0
2302503,01,Cariri,2020,7,46093774.0
2302701,01,Cariri,2020,7,30013797.0
2302800,10,Sertão de Canindé,2020,7,39215072.0
2303501,03,Grande Fortaleza,2020,7,29846392.0
2303709,03,Grande Fortaleza,2020,7,101247857.0
2304103,12,Sertão dos Crateús,2020,7,35722458.0
2304202,01,Cariri,2020,7,41382370.0
2304285,03,Grande Fortaleza,2020,7,20006421.0
2304400,03,Grande Fortaleza,2020,7,6430187552.0
2304707,05,Litoral Norte,2020,7,38490243.0
2305233,03,Grande Fortaleza,2020,7,26836982.0
2305506,02,Centro Sul,2020,7,50813734.0
2306306,06,Litoral Oeste / Vale do Curu,2020,7,34899741.0
2306405,06,Litoral Oeste / Vale do Curu,2020,7,72775020.0
2306900,14,Vale do Jaguaribe,2020,7,30616739.0
2307304,01,Cariri,2020,7,64097726.0
2307502,01,Cariri,2020,7,16703757.0
2307601,14,Vale do Jaguaribe,2020,7,42103874.0
2307650,03,Grande Fortaleza,2020,7,121839674.0
2307700,03,Grande Fortaleza,2020,7,36586604.0
2308500,09,Sertão Central,2020,7,15682234.0
2309300,12,Sertão dos Crateús,2020,7,40157603.0
2309607,03,Grande Fortaleza,2020,7,28192784.0
2311306,09,Sertão Central,2020,7,35977510.0
2311405,09,Sertão Central,2020,7,11012809.0
2311801,14,Vale do Jaguaribe,2020,7,26941706.0
2312205,12,Sertão dos Crateús,2020,7,12233442.0
2312304,08,Serra da Ibiapaba,2020,7,32719636.0
2312908,11,Sertão de Sobral,2020,7,51965430.0
2313302,13,Sertão dos Inhamuns,2020,7,20695412.0
2313401,08,Serra da Ibiapaba,2020,7,22899368.0
2314102,08,Serra da Ibiapaba,2020,7,11389638.0
2300200,05,Litoral Norte,2020,8,31260902.0
2300309,02,Centro Sul,2020,8,9777181.0
2301000,03,Grande Fortaleza,2020,8,24599992.0
2301109,04,Litoral Leste,2020,8,37022916.0
2301901,01,Cariri,2020,8,23888425.0
2302107,07,Maciço do Baturité,2020,8,44417156.0
2302404,10,Sertão de Canindé,2020,8,23953626.0
2302503,01,Cariri,2020,8,45782142.0
2302701,01,Cariri,2020,8,29626598.0
2302800,10,Sertão de Canindé,2020,8,39986800.0
2303501,03,Grande Fortaleza,2020,8,29298801.0
2303709,03,Grande Fortaleza,2020,8,98165412.0
2304103,12,Sertão dos Crateús,2020,8,35463655.0
2304202,01,Cariri,2020,8,41346830.0
2304285,03,Grande Fortaleza,2020,8,19583833.0
2304400,03,Grande Fortaleza,2020,8,6418910688.0
2304707,05,Litoral Norte,2020,8,39174938.0
2305233,03,Grande Fortaleza,2020,8,26620937.0
2305506,02,Centro Sul,2020,8,50606553.0
2306306,06,Litoral Oeste / Vale do Curu,2020,8,35319686.0
2306405,06,Litoral Oeste / Vale do Curu,2020,8,73303005.0
2306900,14,Vale do Jaguaribe,2020,8,30478220.0
2307304,01,Cariri,2020,8,63215325.0
2307502,01,Cariri,2020,8,16677424.0
2307601,14,Vale do Jaguaribe,2020,8,41062973.0
2307650,03,Grande Fortaleza,2020,8,123023520.0
2307700,03,Grande Fortaleza,2020,8,36566630.0
2308500,09,Sertão Central,2020,8,15076871.0
2309300,12,Sertão dos Crateús,2020,8,40259758.0
2309607,03,Grande Fortaleza,2020,8,28138962.0
2311306,09,Sertão Central,2020,8,35563301.0
2311405,09,Sertão Central,2020,8,10122312.0
2311801,14,Vale do Jaguaribe,2020,8,26018067.0
2312205,12,Sertão dos Crateús,2020,8,12613859.0
2312304,08,Serra da Ibiapaba,2020,8,33312322.0
2312908,11,Sertão de Sobral,2020,8,53394259.0
2313302,13,Sertão dos Inhamuns,2020,8,20556227.0
2313401,08,Serra da Ibiapaba,2020,8,24009247.0
2314102,08,Serra da Ibiapaba,2020,8,11802220.0
2300200,05,Litoral Norte,2020,9,29343917.0
2300309,02,Centro Sul,2020,9,8914311.0
2301000,03,Grande Fortaleza,2020,9,23496651.0
2301109,04,Litoral Leste,2020,9,35949314.0
2301901,01,Cariri,2020,9,21594280.0
2302107,07,Maciço do Baturité,2020,9,41384036.0
2302404,10,Sertão de Canindé,2020,9,22953874.0
2302503,01,Cariri,2020,9,42738391.0
2302701,01,Cariri,2020,9,27705429.0
2302800,10,Sertão de Canindé,2020,9,38562237.0
2303501,03,Grande Fortaleza,2020,9,27353475.0
2303709,03,Grande Fortaleza,2020,9,90103526.0
2304103,12,Sertão dos Crateús,2020,9,33488429.0
2304202,01,Cariri,2020,9,39884058.0
2304285,03,Grande Fortaleza,2020,9,18469437.0
2304400,03,Grande Fortaleza,2020,9,6548145024.0
2304707,05,Litoral Norte,2020,9,37198463.0
2305233,03,Grande Fortaleza,2020,9,25314109.0
2305506,02,Centro Sul,2020,9,48387359.0
2306306,06,Litoral Oeste / Vale do Curu,2020,9,32774409.0
2306405,06,Litoral Oeste / Vale do Curu,2020,9,68345930.0
2306900,14,Vale do Jaguaribe,2020,9,28773895.0
2307304,01,Cariri,2020,9,60463288.0
2307502,01,Cariri,2020,9,15952975.0
2307601,14,Vale do Jaguaribe,2020,9,40124785.0
2307650,03,Grande Fortaleza,2020,9,116816971.0
2307700,03,Grande Fortaleza,2020,9,35024131.0
2308500,09,Sertão Central,2020,9,14686276.0
2309300,12,Sertão dos Crateús,2020,9,38257524.0
2309607,03,Grande Fortaleza,2020,9,26471331.0
2311306,09,Sertão Central,2020,9,34491239.0
2311405,09,Sertão Central,2020,9,9911783.0
2311801,14,Vale do Jaguaribe,2020,9,23696424.0
2312205,12,Sertão dos Crateús,2020,9,12050067.0
2312304,08,Serra da Ibiapaba,2020,9,31808232.0
2312908,11,Sertão de Sobral,2020,9,51271382.0
2313302,13,Sertão dos Inhamuns,2020,9,21084402.0
2313401,08,Serra da Ibiapaba,2020,9,22811085.0
2314102,08,Serra da Ibiapaba,2020,9,11529029.0
2300200,05,Litoral Norte,2020,10,29169206.0
2300309,02,Centro Sul,2020,10,9852259.0
2301000,03,Grande Fortaleza,2020,10,24133129.0
2301109,04,Litoral Leste,2020,10,37493739.0
2301901,01,Cariri,2020,10,23178456.0
2302107,07,Maciço do Baturité,2020,10,44751448.0
2302404,10,Sertão de Canindé,2020,10,22717045.0
2302503,01,Cariri,2020,10,44441834.0
2302701,01,Cariri,2020,10,29751966.0
2302800,10,Sertão de Canindé,2020,10,38436429.0
2303501,03,Grande Fortaleza,2020,10,29402503.0
2303709,03,Grande Fortaleza,2020,10,95392242.0
2304103,12,Sertão dos Crateús,2020,10,33753045.0
2304202,01,Cariri,2020,10,43401017.0
2304285,03,Grande Fortaleza,2020,10,19637195.0
2304400,03,Grande Fortaleza,2020,10,6721059062.0
2304707,05,Litoral Norte,2020,10,36264888.0
2305233,03,Grande Fortaleza,2020,10,27082600.0
2305506,02,Centro Sul,2020,10,49710256.0
2306306,06,Litoral Oeste / Vale do Curu,2020,10,32830696.0
2306405,06,Litoral Oeste / Vale do Curu,2020,10,70497626.0
2306900,14,Vale do Jaguaribe,2020,10,30163146.0
2307304,01,Cariri,2020,10,67393309.0
2307502,01,Cariri,2020,10,16392197.0
2307601,14,Vale do Jaguaribe,2020,10,42850920.0
2307650,03,Grande Fortaleza,2020,10,125871658.0
2307700,03,Grande Fortaleza,2020,10,37921957.0
2308500,09,Sertão Central,2020,10,15778754.0
2309300,12,Sertão dos Crateús,2020,10,38851864.0
2309607,03,Grande Fortaleza,2020,10,27736420.0
2311306,09,Sertão Central,2020,10,35140831.0
2311405,09,Sertão Central,2020,10,9963770.0
2311801,14,Vale do Jaguaribe,2020,10,24914092.0
2312205,12,Sertão dos Crateús,2020,10,12020253.0
2312304,08,Serra da Ibiapaba,2020,10,32157664.0
2312908,11,Sertão de Sobral,2020,10,50804671.0
2313302,13,Sertão dos Inhamuns,2020,10,22507058.0
2313401,08,Serra da Ibiapaba,2020,10,23767423.0
2314102,08,Serra da Ibiapaba,2020,10,11457053.0
2300200,05,Litoral Norte,2020,11,30711142.0
2300309,02,Centro Sul,2020,11,10827859.0
2301000,03,Grande Fortaleza,2020,11,24651647.0
2301109,04,Litoral Leste,2020,11,39525611.0
2301901,01,Cariri,2020,11,25460763.0
2302107,07,Maciço do Baturité,2020,11,46955877.0
2302404,10,Sertão de Canindé,2020,11,24099124.0
2302503,01,Cariri,2020,11,46950984.0
2302701,01,Cariri,2020,11,31808874.0
2302800,10,Sertão de Canindé,2020,11,41627327.0
2303501,03,Grande Fortaleza,2020,11,32655759.0
2303709,03,Grande Fortaleza,2020,11,104735766.0
2304103,12,Sertão dos Crateús,2020,11,37670378.0
2304202,01,Cariri,2020,11,47401690.0
2304285,03,Grande Fortaleza,2020,11,20598438.0
2304400,03,Grande Fortaleza,2020,11,6873646382.0
2304707,05,Litoral Norte,2020,11,38416711.0
2305233,03,Grande Fortaleza,2020,11,28728376.0
2305506,02,Centro Sul,2020,11,53604559.0
2306306,06,Litoral Oeste / Vale do Curu,2020,11,35330743.0
2306405,06,Litoral Oeste / Vale do Curu,2020,11,75756550.0
2306900,14,Vale do Jaguaribe,2020,11,32296904.0
2307304,01,Cariri,2020,11,72699419.0
2307502,01,Cariri,2020,11,17554535.0
2307601,14,Vale do Jaguaribe,2020,11,46602275.0
2307650,03,Grande Fortaleza,2020,11,130603125.0
2307700,03,Grande Fortaleza,2020,11,40321872.0
2308500,09,Sertão Central,2020,11,16789307.0
2309300,12,Sertão dos Crateús,2020,11,43584675.0
2309607,03,Grande Fortaleza,2020,11,29089030.0
2311306,09,Sertão Central,2020,11,38084992.0
2311405,09,Sertão Central,2020,11,10754865.0
2311801,14,Vale do Jaguaribe,2020,11,27080602.0
2312205,12,Sertão dos Crateús,2020,11,13119318.0
2312304,08,Serra da Ibiapaba,2020,11,35386177.0
2312908,11,Sertão de Sobral,2020,11,53824538.0
2313302,13,Sertão dos Inhamuns,2020,11,23726830.0
2313401,08,Serra da Ibiapaba,2020,11,25522820.0
2314102,08,Serra da Ibiapaba,2020,11,11957972.0
2300200,05,Litoral Norte,2020,12,34391349.0
2300309,02,Centro Sul,2020,12,11216670.0
2301000,03,Grande Fortaleza,2020,12,26391087.0
2301109,04,Litoral Leste,2020,12,44543148.0
2301901,01,Cariri,2020,12,26900916.0
2302107,07,Maciço do Baturité,2020,12,52389619.0
2302404,10,Sertão de Canindé,2020,12,26606805.0
2302503,01,Cariri,2020,12,48487662.0
2302701,01,Cariri,2020,12,34010188.0
2302800,10,Sertão de Canindé,2020,12,45325690.0
2303501,03,Grande Fortaleza,2020,12,37175963.0
2303709,03,Grande Fortaleza,2020,12,116828716.0
2304103,12,Sertão dos Crateús,2020,12,41496260.0
2304202,01,Cariri,2020,12,50133338.0
2304285,03,Grande Fortaleza,2020,12,22621865.0
2304400,03,Grande Fortaleza,2020,12,7070418543.0
2304707,05,Litoral Norte,2020,12,42007428.0
2305233,03,Grande Fortaleza,2020,12,33065807.0
2305506,02,Centro Sul,2020,12,58204903.0
2306306,06,Litoral Oeste / Vale do Curu,2020,12,39703923.0
2306405,06,Litoral Oeste / Vale do Curu,2020,12,83616171.0
2306900,14,Vale do Jaguaribe,2020,12,35969973.0
2307304,01,Cariri,2020,12,76868802.0
2307502,01,Cariri,2020,12,19167590.0
2307601,14,Vale do Jaguaribe,2020,12,53150392.0
2307650,03,Grande Fortaleza,2020,12,143638096.0
2307700,03,Grande Fortaleza,2020,12,44342463.0
2308500,09,Sertão Central,2020,12,18022456.0
2309300,12,Sertão dos Crateús,2020,12,47906344.0
2309607,03,Grande Fortaleza,2020,12,34727397.0
2311306,09,Sertão Central,2020,12,43343321.0
2311405,09,Sertão Central,2020,12,12174589.0
2311801,14,Vale do Jaguaribe,2020,12,31340240.0
2312205,12,Sertão dos Crateús,2020,12,14545421.0
2312304,08,Serra da Ibiapaba,2020,12,38777473.0
2312908,11,Sertão de Sobral,2020,12,58604983.0
2313302,13,Sertão dos Inhamuns,2020,12,25147218.0
2313401,08,Serra da Ibiapaba,2020,12,27497314.0
2314102,08,Serra da Ibiapaba,2020,12,13644736.0
2300200,05,Litoral Norte,2021,1,33817014.0
2300309,02,Centro Sul,2021,1,10388504.0
2301000,03,Grande Fortaleza,2021,1,25642949.0
2301109,04,Litoral Leste,2021,1,44556307.0
2301901,01,Cariri,2021,1,26442959.0
2302107,07,Maciço do Baturité,2021,1,50790796.0
2302404,10,Sertão de Canindé,2021,1,27045403.0
2302503,01,Cariri,2021,1,49189094.0
2302701,01,Cariri,2021,1,36074217.0
2302800,10,Sertão de Canindé,2021,1,46211193.0
2303501,03,Grande Fortaleza,2021,1,36762688.0
2303709,03,Grande Fortaleza,2021,1,116441252.0
2304103,12,Sertão dos Crateús,2021,1,41659881.0
2304202,01,Cariri,2021,1,49797396.0
2304285,03,Grande Fortaleza,2021,1,22592512.0
2304400,03,Grande Fortaleza,2021,1,6712299581.0
2304707,05,Litoral Norte,2021,1,42444709.0
2305233,03,Grande Fortaleza,2021,1,31336958.0
2305506,02,Centro Sul,2021,1,56502687.0
2306306,06,Litoral Oeste / Vale do Curu,2021,1,39548288.0
2306405,06,Litoral Oeste / Vale do Curu,2021,1,83266234.0
2306900,14,Vale do Jaguaribe,2021,1,34815076.0
2307304,01,Cariri,2021,1,76609114.0
2307502,01,Cariri,2021,1,19210791.0
2307601,14,Vale do Jaguaribe,2021,1,51531314.0
2307650,03,Grande Fortaleza,2021,1,142801417.0
2307700,03,Grande Fortaleza,2021,1,43537197.0
2308500,09,Sertão Central,2021,1,17153221.0
2309300,12,Sertão dos Crateús,2021,1,48384465.0
2309607,03,Grande Fortaleza,2021,1,34318777.0
2311306,09,Sertão Central,2021,1,43369123.0
2311405,09,Sertão Central,2021,1,11879521.0
2311801,14,Vale do Jaguaribe,2021,1,31809733.0
2312205,12,Sertão dos Crateús,2021,1,14668231.0
2312304,08,Serra da Ibiapaba,2021,1,39326798.0
2312908,11,Sertão de Sobral,2021,1,59935788.0
2313302,13,Sertão dos Inhamuns,2021,1,25299260.0
2313401,08,Serra da Ibiapaba,2021,1,27610824.0
2314102,08,Serra da Ibiapaba,2021,1,13806053.0
2300200,05,Litoral Norte,2021,2,35131244.0
2300309,02,Centro Sul,2021,2,10548660.0
2301000,03,Grande Fortaleza,2021,2,24988103.0
2301109,04,Litoral Leste,2021,2,45992377.0
2301901,01,Cariri,2021,2,27129364.0
2302107,07,Maciço do Baturité,2021,2,51561559.0
2302404,10,Sertão de Canindé,2021,2,28152707.0
2302503,01,Cariri,2021,2,49820342.0
2302701,01,Cariri,2021,2,35641781.0
2302800,10,Sertão de Canindé,2021,2,47754411.0
2303501,03,Grande Fortaleza,2021,2,36461556.0
2303709,03,Grande Fortaleza,2021,2,118147406.0
2304103,12,Sertão dos Crateús,2021,2,39310487.0
2304202,01,Cariri,2021,2,49996720.0
2304285,03,Grande Fortaleza,2021,2,22250641.0
2304400,03,Grande Fortaleza,2021,2,6810798179.0
2304707,05,Litoral Norte,2021,2,43986947.0
2305233,03,Grande Fortaleza,2021,2,30922647.0
2305506,02,Centro Sul,2021,2,56390998.0
2306306,06,Litoral Oeste / Vale do Curu,2021,2,40888720.0
2306405,06,Litoral Oeste / Vale do Curu,2021,2,84537723.0
2306900,14,Vale do Jaguaribe,2021,2,35144138.0
2307304,01,Cariri,2021,2,79177243.0
2307502,01,Cariri,2021,2,19322713.0
2307601,14,Vale do Jaguaribe,2021,2,51540310.0
2307650,03,Grande Fortaleza,2021,2,140348712.0
2307700,03,Grande Fortaleza,2021,2,43519417.0
2308500,09,Sertão Central,2021,2,16796812.0
2309300,12,Sertão dos Crateús,2021,2,49301522.0
2309607,03,Grande Fortaleza,2021,2,34624233.0
2311306,09,Sertão Central,2021,2,45204781.0
2311405,09,Sertão Central,2021,2,11810822.0
2311801,14,Vale do Jaguaribe,2021,2,32648835.0
2312205,12,Sertão dos Crateús,2021,2,15453436.0
2312304,08,Serra da Ibiapaba,2021,2,40339706.0
2312908,11,Sertão de Sobral,2021,2,64174430.0
2313302,13,Sertão dos Inhamuns,2021,2,29053679.0
2313401,08,Serra da Ibiapaba,2021,2,28742835.0
2314102,08,Serra da Ibiapaba,2021,2,14482437.0
2300200,05,Litoral Norte,2021,3,37032068.0
2300309,02,Centro Sul,2021,3,10532890.0
2301000,03,Grande Fortaleza,2021,3,24604703.0
2301109,04,Litoral Leste,2021,3,47165639.0
2301901,01,Cariri,2021,3,28369033.0
2302107,07,Maciço do Baturité,2021,3,52032874.0
2302404,10,Sertão de Canindé,2021,3,28962117.0
2302503,01,Cariri,2021,3,51388337.0
2302701,01,Cariri,2021,3,37083473.0
2302800,10,Sertão de Canindé,2021,3,48644366.0
2303501,03,Grande Fortaleza,2021,3,36159636.0
2303709,03,Grande Fortaleza,2021,3,117751094.0
2304103,12,Sertão dos Crateús,2021,3,44079780.0
2304202,01,Cariri,2021,3,51194317.0
2304285,03,Grande Fortaleza,2021,3,21993021.0
2304400,03,Grande Fortaleza,2021,3,6813969230.0
2304707,05,Litoral Norte,2021,3,43649816.0
2305233,03,Grande Fortaleza,2021,3,30297962.0
2305506,02,Centro Sul,2021,3,55694705.0
2306306,06,Litoral Oeste / Vale do Curu,2021,3,41977172.0
2306405,06,Litoral Oeste / Vale do Curu,2021,3,84964376.0
2306900,14,Vale do Jaguaribe,2021,3,36415548.0
2307304,01,Cariri,2021,3,78125013.0
2307502,01,Cariri,2021,3,19870503.0
2307601,14,Vale do Jaguaribe,2021,3,52380683.0
2307650,03,Grande Fortaleza,2021,3,137660160.0
2307700,03,Grande Fortaleza,2021,3,43351543.0
2308500,09,Sertão Central,2021,3,17032315.0
2309300,12,Sertão dos Crateús,2021,3,51928970.0
2309607,03,Grande Fortaleza,2021,3,33677834.0
2311306,09,Sertão Central,2021,3,45847550.0
2311405,09,Sertão Central,2021,3,11433317.0
2311801,14,Vale do Jaguaribe,2021,3,33340733.0
2312205,12,Sertão dos Crateús,2021,3,16055672.0
2312304,08,Serra da Ibiapaba,2021,3,41870009.0
2312908,11,Sertão de Sobral,2021,3,66025091.0
2313302,13,Sertão dos Inhamuns,2021,3,28513993.0
2313401,08,Serra da Ibiapaba,2021,3,30232810.0
2314102,08,Serra da Ibiapaba,2021,3,14437198.0
2300200,05,Litoral Norte,2021,4,37593648.0
2300309,02,Centro Sul,2021,4,10903898.0
2301000,03,Grande Fortaleza,2021,4,23578013.0
2301109,04,Litoral Leste,2021,4,47442060.0
2301901,01,Cariri,2021,4,29296426.0
2302107,07,Maciço do Baturité,2021,4,50270905.0
2302404,10,Sertão de Canindé,2021,4,29819435.0
2302503,01,Cariri,2021,4,51832128.0
2302701,01,Cariri,2021,4,37263844.0
2302800,10,Sertão de Canindé,2021,4,48215506.0
2303501,03,Grande Fortaleza,2021,4,34145381.0
2303709,03,Grande Fortaleza,2021,4,114919318.0
2304103,12,Sertão dos Crateús,2021,4,44262773.0
2304202,01,Cariri,2021,4,51267309.0
2304285,03,Grande Fortaleza,2021,4,21085182.0
2304400,03,Grande Fortaleza,2021,4,6814819958.0
2304707,05,Litoral Norte,2021,4,44166951.0
2305233,03,Grande Fortaleza,2021,4,30154676.0
2305506,02,Centro Sul,2021,4,56187783.0
2306306,06,Litoral Oeste / Vale do Curu,2021,4,42936299.0
2306405,06,Litoral Oeste / Vale do Curu,2021,4,86773047.0
2306900,14,Vale do Jaguaribe,2021,4,38332932.0
2307304,01,Cariri,2021,4,78754405.0
2307502,01,Cariri,2021,4,20611557.0
2307601,14,Vale do Jaguaribe,2021,4,53402760.0
2307650,03,Grande Fortaleza,2021,4,135138055.0
2307700,03,Grande Fortaleza,2021,4,43028258.0
2308500,09,Sertão Central,2021,4,17490060.0
2309300,12,Sertão dos Crateús,2021,4,52928194.0
2309607,03,Grande Fortaleza,2021,4,33841205.0
2311306,09,Sertão Central,2021,4,45025620.0
2311405,09,Sertão Central,2021,4,10729947.0
2311801,14,Vale do Jaguaribe,2021,4,33228717.0
2312205,12,Sertão dos Crateús,2021,4,16276841.0
2312304,08,Serra da Ibiapaba,2021,4,43062715.0
2312908,11,Sertão de Sobral,2021,4,66331074.0
2313302,13,Sertão dos Inhamuns,2021,4,29141307.0
2313401,08,Serra da Ibiapaba,2021,4,31764693.0
2314102,08,Serra da Ibiapaba,2021,4,13947955.0
2300200,05,Litoral Norte,2021,5,38756255.0
2300309,02,Centro Sul,2021,5,11702536.0
2301000,03,Grande Fortaleza,2021,5,23103507.0
2301109,04,Litoral Leste,2021,5,49953254.0
2301901,01,Cariri,2021,5,29996052.0
2302107,07,Maciço do Baturité,2021,5,51201592.0
2302404,10,Sertão de Canindé,2021,5,31871722.0
2302503,01,Cariri,2021,5,52734901.0
2302701,01,Cariri,2021,5,37639808.0
2302800,10,Sertão de Canindé,2021,5,49470081.0
2303501,03,Grande Fortaleza,2021,5,34849798.0
2303709,03,Grande Fortaleza,2021,5,114345408.0
2304103,12,Sertão dos Crateús,2021,5,45610547.0
2304202,01,Cariri,2021,5,53405077.0
2304285,03,Grande Fortaleza,2021,5,21021482.0
2304400,03,Grande Fortaleza,2021,5,6846982308.0
2304707,05,Litoral Norte,2021,5,46361438.0
2305233,03,Grande Fortaleza,2021,5,31273820.0
2305506,02,Centro Sul,2021,5,57146353.0
2306306,06,Litoral Oeste / Vale do Curu,2021,5,45411802.0
2306405,06,Litoral Oeste / Vale do Curu,2021,5,90888761.0
2306900,14,Vale do Jaguaribe,2021,5,39900528.0
2307304,01,Cariri,2021,5,81837060.0
2307502,01,Cariri,2021,5,21798207.0
2307601,14,Vale do Jaguaribe,2021,5,55104724.0
2307650,03,Grande Fortaleza,2021,5,135033976.0
2307700,03,Grande Fortaleza,2021,5,42945218.0
2308500,09,Sertão Central,2021,5,17868439.0
2309300,12,Sertão dos Crateús,2021,5,56357553.0
2309607,03,Grande Fortaleza,2021,5,33962703.0
2311306,09,Sertão Central,2021,5,47510779.0
2311405,09,Sertão Central,2021,5,11755489.0
2311801,14,Vale do Jaguaribe,2021,5,35060339.0
2312205,12,Sertão dos Crateús,2021,5,16686624.0
2312304,08,Serra da Ibiapaba,2021,5,44043393.0
2312908,11,Sertão de Sobral,2021,5,68479973.0
2313302,13,Sertão dos Inhamuns,2021,5,30163663.0
2313401,08,Serra da Ibiapaba,2021,5,32982218.0
2314102,08,Serra da Ibiapaba,2021,5,14571350.0
2300200,05,Litoral Norte,2021,6,40182259.0
2300309,02,Centro Sul,2021,6,11769246.0
2301000,03,Grande Fortaleza,2021,6,23096626.0
2301109,04,Litoral Leste,2021,6,54278392.0
2301901,01,Cariri,2021,6,31412165.0
2302107,07,Maciço do Baturité,2021,6,53599782.0
2302404,10,Sertão de Canindé,2021,6,33850794.0
2302503,01,Cariri,2021,6,55338968.0
2302701,01,Cariri,2021,6,37453168.0
2302800,10,Sertão de Canindé,2021,6,51043739.0
2303501,03,Grande Fortaleza,2021,6,36241149.0
2303709,03,Grande Fortaleza,2021,6,121429229.0
2304103,12,Sertão dos Crateús,2021,6,48270269.0
2304202,01,Cariri,2021,6,55091002.0
2304285,03,Grande Fortaleza,2021,6,20649874.0
2304400,03,Grande Fortaleza,2021,6,6626305979.0
2304707,05,Litoral Norte,2021,6,47905483.0
2305233,03,Grande Fortaleza,2021,6,32358664.0
2305506,02,Centro Sul,2021,6,58831257.0
2306306,06,Litoral Oeste / Vale do Curu,2021,6,47390694.0
2306405,06,Litoral Oeste / Vale do Curu,2021,6,96110546.0
2306900,14,Vale do Jaguaribe,2021,6,40838151.0
2307304,01,Cariri,2021,6,81028531.0
2307502,01,Cariri,2021,6,22449876.0
2307601,14,Vale do Jaguaribe,2021,6,56625054.0
2307650,03,Grande Fortaleza,2021,6,138505063.0
2307700,03,Grande Fortaleza,2021,6,46041697.0
2308500,09,Sertão Central,2021,6,18620809.0
2309300,12,Sertão dos Crateús,2021,6,59507610.0
2309607,03,Grande Fortaleza,2021,6,35745785.0
2311306,09,Sertão Central,2021,6,49583130.0
2311405,09,Sertão Central,2021,6,12470639.0
2311801,14,Vale do Jaguaribe,2021,6,36087797.0
2312205,12,Sertão dos Crateús,2021,6,17178900.0
2312304,08,Serra da Ibiapaba,2021,6,47270521.0
2312908,11,Sertão de Sobral,2021,6,70445748.0
2313302,13,Sertão dos Inhamuns,2021,6,29965594.0
2313401,08,Serra da Ibiapaba,2021,6,35023991.0
2314102,08,Serra da Ibiapaba,2021,6,15757578.0
2300200,05,Litoral Norte,2021,7,41264160.0
2300309,02,Centro Sul,2021,7,12465246.0
2301000,03,Grande Fortaleza,2021,7,23220983.0
2301109,04,Litoral Leste,2021,7,56023081.0
2301901,01,Cariri,2021,7,32049832.0
2302107,07,Maciço do Baturité,2021,7,54811733.0
2302404,10,Sertão de Canindé,2021,7,35769273.0
2302503,01,Cariri,2021,7,59169513.0
2302701,01,Cariri,2021,7,37290353.0
2302800,10,Sertão de Canindé,2021,7,52141567.0
2303501,03,Grande Fortaleza,2021,7,37500354.0
2303709,03,Grande Fortaleza,2021,7,124790185.0
2304103,12,Sertão dos Crateús,2021,7,51439657.0
2304202,01,Cariri,2021,7,55408707.0
2304285,03,Grande Fortaleza,2021,7,20608188.0
2304400,03,Grande Fortaleza,2021,7,6437426264.0
2304707,05,Litoral Norte,2021,7,48940445.0
2305233,03,Grande Fortaleza,2021,7,33545981.0
2305506,02,Centro Sul,2021,7,59874035.0
2306306,06,Litoral Oeste / Vale do Curu,2021,7,49858839.0
2306405,06,Litoral Oeste / Vale do Curu,2021,7,99139928.0
2306900,14,Vale do Jaguaribe,2021,7,42013652.0
2307304,01,Cariri,2021,7,80282712.0
2307502,01,Cariri,2021,7,22761414.0
2307601,14,Vale do Jaguaribe,2021,7,58671914.0
2307650,03,Grande Fortaleza,2021,7,140484086.0
2307700,03,Grande Fortaleza,2021,7,46917514.0
2308500,09,Sertão Central,2021,7,19019002.0
2309300,12,Sertão dos Crateús,2021,7,61742009.0
2309607,03,Grande Fortaleza,2021,7,35393530.0
2311306,09,Sertão Central,2021,7,51569417.0
2311405,09,Sertão Central,2021,7,12849408.0
2311801,14,Vale do Jaguaribe,2021,7,37848376.0
2312205,12,Sertão dos Crateús,2021,7,18084249.0
2312304,08,Serra da Ibiapaba,2021,7,49581325.0
2312908,11,Sertão de Sobral,2021,7,73051677.0
2313302,13,Sertão dos Inhamuns,2021,7,31065387.0
2313401,08,Serra da Ibiapaba,2021,7,36346892.0
2314102,08,Serra da Ibiapaba,2021,7,16554282.0
2300200,05,Litoral Norte,2021,8,42203266.0
2300309,02,Centro Sul,2021,8,12495012.0
2301000,03,Grande Fortaleza,2021,8,22106229.0
2301109,04,Litoral Leste,2021,8,56754452.0
2301901,01,Cariri,2021,8,32636564.0
2302107,07,Maciço do Baturité,2021,8,55471824.0
2302404,10,Sertão de Canindé,2021,8,36569877.0
2302503,01,Cariri,2021,8,60781565.0
2302701,01,Cariri,2021,8,36426092.0
2302800,10,Sertão de Canindé,2021,8,53436224.0
2303501,03,Grande Fortaleza,2021,8,37021676.0
2303709,03,Grande Fortaleza,2021,8,125205458.0
2304103,12,Sertão dos Crateús,2021,8,53177523.0
2304202,01,Cariri,2021,8,55290125.0
2304285,03,Grande Fortaleza,2021,8,23212575.0
2304400,03,Grande Fortaleza,2021,8,6398727296.0
2304707,05,Litoral Norte,2021,8,49559400.0
2305233,03,Grande Fortaleza,2021,8,33745207.0
2305506,02,Centro Sul,2021,8,59135537.0
2306306,06,Litoral Oeste / Vale do Curu,2021,8,51704179.0
2306405,06,Litoral Oeste / Vale do Curu,2021,8,102159426.0
2306900,14,Vale do Jaguaribe,2021,8,42791823.0
2307304,01,Cariri,2021,8,79544716.0
2307502,01,Cariri,2021,8,22511893.0
2307601,14,Vale do Jaguaribe,2021,8,59570522.0
2307650,03,Grande Fortaleza,2021,8,136266297.0
2307700,03,Grande Fortaleza,2021,8,46938454.0
2308500,09,Sertão Central,2021,8,18596407.0
2309300,12,Sertão dos Crateús,2021,8,63176703.0
2309607,03,Grande Fortaleza,2021,8,34506359.0
2311306,09,Sertão Central,2021,8,52153600.0
2311405,09,Sertão Central,2021,8,12897748.0
2311801,14,Vale do Jaguaribe,2021,8,39518583.0
2312205,12,Sertão dos Crateús,2021,8,18306546.0
2312304,08,Serra da Ibiapaba,2021,8,50792461.0
2312908,11,Sertão de Sobral,2021,8,75176345.0
2313302,13,Sertão dos Inhamuns,2021,8,30953629.0
2313401,08,Serra da Ibiapaba,2021,8,37379626.0
2314102,08,Serra da Ibiapaba,2021,8,16944169.0
2300200,05,Litoral Norte,2021,9,43023532.0
2300309,02,Centro Sul,2021,9,12600984.0
2301000,03,Grande Fortaleza,2021,9,21531905.0
2301109,04,Litoral Leste,2021,9,55768092.0
2301901,01,Cariri,2021,9,32790682.0
2302107,07,Maciço do Baturité,2021,9,54784039.0
2302404,10,Sertão de Canindé,2021,9,37068253.0
2302503,01,Cariri,2021,9,62109885.0
2302701,01,Cariri,2021,9,35024924.0
2302800,10,Sertão de Canindé,2021,9,53258701.0
2303501,03,Grande Fortaleza,2021,9,37860473.0
2303709,03,Grande Fortaleza,2021,9,120653344.0
2304103,12,Sertão dos Crateús,2021,9,53605233.0
2304202,01,Cariri,2021,9,54106343.0
2304285,03,Grande Fortaleza,2021,9,23199404.0
2304400,03,Grande Fortaleza,2021,9,6544560899.0
2304707,05,Litoral Norte,2021,9,49170922.0
2305233,03,Grande Fortaleza,2021,9,33083801.0
2305506,02,Centro Sul,2021,9,58021068.0
2306306,06,Litoral Oeste / Vale do Curu,2021,9,52323273.0
2306405,06,Litoral Oeste / Vale do Curu,2021,9,100838854.0
2306900,14,Vale do Jaguaribe,2021,9,42565613.0
2307304,01,Cariri,2021,9,79078918.0
2307502,01,Cariri,2021,9,21976294.0
2307601,14,Vale do Jaguaribe,2021,9,58290830.0
2307650,03,Grande Fortaleza,2021,9,128415215.0
2307700,03,Grande Fortaleza,2021,9,46068665.0
2308500,09,Sertão Central,2021,9,18716503.0
2309300,12,Sertão dos Crateús,2021,9,64348060.0
2309607,03,Grande Fortaleza,2021,9,33159217.0
2311306,09,Sertão Central,2021,9,51182280.0
2311405,09,Sertão Central,2021,9,12601048.0
2311801,14,Vale do Jaguaribe,2021,9,38772378.0
2312205,12,Sertão dos Crateús,2021,9,18734033.0
2312304,08,Serra da Ibiapaba,2021,9,51044421.0
2312908,11,Sertão de Sobral,2021,9,77195529.0
2313302,13,Sertão dos Inhamuns,2021,9,30507314.0
2313401,08,Serra da Ibiapaba,2021,9,38284059.0
2314102,08,Serra da Ibiapaba,2021,9,17386461.0
2300200,05,Litoral Norte,2021,10,42939564.0
2300309,02,Centro Sul,2021,10,12538566.0
2301000,03,Grande Fortaleza,2021,10,20113654.0
2301109,04,Litoral Leste,2021,10,53877451.0
2301901,01,Cariri,2021,10,32620609.0
2302107,07,Maciço do Baturité,2021,10,54358091.0
2302404,10,Sertão de Canindé,2021,10,36734140.0
2302503,01,Cariri,2021,10,63162575.0
2302701,01,Cariri,2021,10,33919766.0
2302800,10,Sertão de Canindé,2021,10,53512320.0
2303501,03,Grande Fortaleza,2021,10,36624409.0
2303709,03,Grande Fortaleza,2021,10,114546288.0
2304103,12,Sertão dos Crateús,2021,10,53781931.0
2304202,01,Cariri,2021,10,53181589.0
2304285,03,Grande Fortaleza,2021,10,22735389.0
2304400,03,Grande Fortaleza,2021,10,6503697725.0
2304707,05,Litoral Norte,2021,10,48964645.0
2305233,03,Grande Fortaleza,2021,10,32063607.0
2305506,02,Centro Sul,2021,10,56424615.0
2306306,06,Litoral Oeste / Vale do Curu,2021,10,52386932.0
2306405,06,Litoral Oeste / Vale do Curu,2021,10,100268291.0
2306900,14,Vale do Jaguaribe,2021,10,41597475.0
2307304,01,Cariri,2021,10,79405545.0
2307502,01,Cariri,2021,10,21712551.0
2307601,14,Vale do Jaguaribe,2021,10,57628689.0
2307650,03,Grande Fortaleza,2021,10,128834592.0
2307700,03,Grande Fortaleza,2021,10,44680679.0
2308500,09,Sertão Central,2021,10,19342372.0
2309300,12,Sertão dos Crateús,2021,10,66084814.0
2309607,03,Grande Fortaleza,2021,10,31457812.0
2311306,09,Sertão Central,2021,10,49868933.0
2311405,09,Sertão Central,2021,10,12873511.0
2311801,14,Vale do Jaguaribe,2021,10,37287417.0
2312205,12,Sertão dos Crateús,2021,10,19185103.0
2312304,08,Serra da Ibiapaba,2021,10,50798153.0
2312908,11,Sertão de Sobral,2021,10,76666213.0
2313302,13,Sertão dos Inhamuns,2021,10,30991334.0
2313401,08,Serra da Ibiapaba,2021,10,38004283.0
2314102,08,Serra da Ibiapaba,2021,10,17365118.0
2300200,05,Litoral Norte,2021,11,42546562.0
2300309,02,Centro Sul,2021,11,12879397.0
2301000,03,Grande Fortaleza,2021,11,19956483.0
2301109,04,Litoral Leste,2021,11,52133995.0
2301901,01,Cariri,2021,11,33761697.0
2302107,07,Maciço do Baturité,2021,11,56050218.0
2302404,10,Sertão de Canindé,2021,11,37272570.0
2302503,01,Cariri,2021,11,62394237.0
2302701,01,Cariri,2021,11,33577058.0
2302800,10,Sertão de Canindé,2021,11,53223273.0
2303501,03,Grande Fortaleza,2021,11,36721315.0
2303709,03,Grande Fortaleza,2021,11,114982521.0
2304103,12,Sertão dos Crateús,2021,11,54502126.0
2304202,01,Cariri,2021,11,53160430.0
2304285,03,Grande Fortaleza,2021,11,22970094.0
2304400,03,Grande Fortaleza,2021,11,6594310192.0
2304707,05,Litoral Norte,2021,11,49393941.0
2305233,03,Grande Fortaleza,2021,11,33203157.0
2305506,02,Centro Sul,2021,11,53785048.0
2306306,06,Litoral Oeste / Vale do Curu,2021,11,53181506.0
2306405,06,Litoral Oeste / Vale do Curu,2021,11,100174119.0
2306900,14,Vale do Jaguaribe,2021,11,40459194.0
2307304,01,Cariri,2021,11,78595994.0
2307502,01,Cariri,2021,11,21681040.0
2307601,14,Vale do Jaguaribe,2021,11,58551661.0
2307650,03,Grande Fortaleza,2021,11,128785833.0
2307700,03,Grande Fortaleza,2021,11,44723775.0
2308500,09,Sertão Central,2021,11,19590661.0
2309300,12,Sertão dos Crateús,2021,11,67281832.0
2309607,03,Grande Fortaleza,2021,11,32503542.0
2311306,09,Sertão Central,2021,11,49416204.0
2311405,09,Sertão Central,2021,11,12707908.0
2311801,14,Vale do Jaguaribe,2021,11,36668957.0
2312205,12,Sertão dos Crateús,2021,11,19044309.0
2312304,08,Serra da Ibiapaba,2021,11,50271610.0
2312908,11,Sertão de Sobral,2021,11,73860419.0
2313302,13,Sertão dos Inhamuns,2021,11,31274372.0
2313401,08,Serra da Ibiapaba,2021,11,38042965.0
2314102,08,Serra da Ibiapaba,2021,11,17601445.0
2300200,05,Litoral Norte,2021,12,43577727.0
2300309,02,Centro Sul,2021,12,13571793.0
2301000,03,Grande Fortaleza,2021,12,21186663.0
2301109,04,Litoral Leste,2021,12,52246413.0
2301901,01,Cariri,2021,12,33812195.0
2302107,07,Maciço do Baturité,2021,12,59037763.0
2302404,10,Sertão de Canindé,2021,12,36628337.0
2302503,01,Cariri,2021,12,61990585.0
2302701,01,Cariri,2021,12,31942979.0
2302800,10,Sertão de Canindé,2021,12,52017840.0
2303501,03,Grande Fortaleza,2021,12,37774278.0
2303709,03,Grande Fortaleza,2021,12,124891713.0
2304103,12,Sertão dos Crateús,2021,12,50975696.0
2304202,01,Cariri,2021,12,51997077.0
2304285,03,Grande Fortaleza,2021,12,24932267.0
2304400,03,Grande Fortaleza,2021,12,6743607752.0
2304707,05,Litoral Norte,2021,12,51673637.0
2305233,03,Grande Fortaleza,2021,12,35922194.0
2305506,02,Centro Sul,2021,12,69483850.0
2306306,06,Litoral Oeste / Vale do Curu,2021,12,55797389.0
2306405,06,Litoral Oeste / Vale do Curu,2021,12,103081806.0
2306900,14,Vale do Jaguaribe,2021,12,41982270.0
2307304,01,Cariri,2021,12,77418008.0
2307502,01,Cariri,2021,12,22145051.0
2307601,14,Vale do Jaguaribe,2021,12,56946980.0
2307650,03,Grande Fortaleza,2021,12,137579302.0
2307700,03,Grande Fortaleza,2021,12,47349271.0
2308500,09,Sertão Central,2021,12,20339870.0
2309300,12,Sertão dos Crateús,2021,12,68731271.0
2309607,03,Grande Fortaleza,2021,12,35651288.0
2311306,09,Sertão Central,2021,12,50721991.0
2311405,09,Sertão Central,2021,12,13272519.0
2311801,14,Vale do Jaguaribe,2021,12,37388442.0
2312205,12,Sertão dos Crateús,2021,12,19028052.0
2312304,08,Serra da Ibiapaba,2021,12,50281737.0
2312908,11,Sertão de Sobral,2021,12,74076008.0
2313302,13,Sertão dos Inhamuns,2021,12,31821169.0
2313401,08,Serra da Ibiapaba,2021,12,38836568.0
2314102,08,Serra da Ibiapaba,2021,12,18123346.0
2300200,05,Litoral Norte,2022,1,41578892.0
2300309,02,Centro Sul,2022,1,12653676.0
2301000,03,Grande Fortaleza,2022,1,19845335.0
2301109,04,Litoral Leste,2022,1,50250378.0
2301901,01,Cariri,2022,1,33383976.0
2302107,07,Maciço do Baturité,2022,1,56886267.0
2302404,10,Sertão de Canindé,2022,1,35415645.0
2302503,01,Cariri,2022,1,62725096.0
2302701,01,Cariri,2022,1,30018186.0
2302800,10,Sertão de Canindé,2022,1,50220173.0
2303501,03,Grande Fortaleza,2022,1,36539166.0
2303709,03,Grande Fortaleza,2022,1,118987202.0
2304103,12,Sertão dos Crateús,2022,1,49368499.0
2304202,01,Cariri,2022,1,50167572.0
2304285,03,Grande Fortaleza,2022,1,23467729.0
2304400,03,Grande Fortaleza,2022,1,6237669890.0
2304707,05,Litoral Norte,2022,1,49620500.0
2305233,03,Grande Fortaleza,2022,1,34463502.0
2305506,02,Centro Sul,2022,1,66233775.0
2306306,06,Litoral Oeste / Vale do Curu,2022,1,53928385.0
2306405,06,Litoral Oeste / Vale do Curu,2022,1,97253757.0
2306900,14,Vale do Jaguaribe,2022,1,39609336.0
2307304,01,Cariri,2022,1,76345056.0
2307502,01,Cariri,2022,1,21263527.0
2307601,14,Vale do Jaguaribe,2022,1,54633325.0
2307650,03,Grande Fortaleza,2022,1,131019633.0
2307700,03,Grande Fortaleza,2022,1,44963340.0
2308500,09,Sertão Central,2022,1,19490394.0
2309300,12,Sertão dos Crateús,2022,1,66054219.0
2309607,03,Grande Fortaleza,2022,1,33797261.0
2311306,09,Sertão Central,2022,1,48615172.0
2311405,09,Sertão Central,2022,1,13281702.0
2311801,14,Vale do Jaguaribe,2022,1,35467993.0
2312205,12,Sertão dos Crateús,2022,1,18727555.0
2312304,08,Serra da Ibiapaba,2022,1,48091180.0
2312908,11,Sertão de Sobral,2022,1,71744128.0
2313302,13,Sertão dos Inhamuns,2022,1,30880636.0
2313401,08,Serra da Ibiapaba,2022,1,37975713.0
2314102,08,Serra da Ibiapaba,2022,1,17688327.0
2300200,05,Litoral Norte,2022,2,41214541.0
2300309,02,Centro Sul,2022,2,12401596.0
2301000,03,Grande Fortaleza,2022,2,19060357.0
2301109,04,Litoral Leste,2022,2,50024617.0
2301901,01,Cariri,2022,2,32815566.0
2302107,07,Maciço do Baturité,2022,2,55552878.0
2302404,10,Sertão de Canindé,2022,2,35615767.0
2302503,01,Cariri,2022,2,63713564.0
2302701,01,Cariri,2022,2,30079847.0
2302800,10,Sertão de Canindé,2022,2,49273719.0
2303501,03,Grande Fortaleza,2022,2,35330691.0
2303709,03,Grande Fortaleza,2022,2,112609541.0
2304103,12,Sertão dos Crateús,2022,2,49119335.0
2304202,01,Cariri,2022,2,49098051.0
2304285,03,Grande Fortaleza,2022,2,22820717.0
2304400,03,Grande Fortaleza,2022,2,6243139633.0
2304707,05,Litoral Norte,2022,2,49493529.0
2305233,03,Grande Fortaleza,2022,2,32995056.0
2305506,02,Centro Sul,2022,2,65084905.0
2306306,06,Litoral Oeste / Vale do Curu,2022,2,52861854.0
2306405,06,Litoral Oeste / Vale do Curu,2022,2,94762927.0
2306900,14,Vale do Jaguaribe,2022,2,38691899.0
2307304,01,Cariri,2022,2,76356037.0
2307502,01,Cariri,2022,2,20655036.0
2307601,14,Vale do Jaguaribe,2022,2,52436730.0
2307650,03,Grande Fortaleza,2022,2,127641005.0
2307700,03,Grande Fortaleza,2022,2,43568717.0
2308500,09,Sertão Central,2022,2,19431871.0
2309300,12,Sertão dos Crateús,2022,2,65080422.0
2309607,03,Grande Fortaleza,2022,2,32008471.0
2311306,09,Sertão Central,2022,2,47002717.0
2311405,09,Sertão Central,2022,2,13650897.0
2311801,14,Vale do Jaguaribe,2022,2,36441872.0
2312205,12,Sertão dos Crateús,2022,2,18616847.0
2312304,08,Serra da Ibiapaba,2022,2,47694187.0
2312908,11,Sertão de Sobral,2022,2,70803742.0
2313302,13,Sertão dos Inhamuns,2022,2,30420906.0
2313401,08,Serra da Ibiapaba,2022,2,37721677.0
2314102,08,Serra da Ibiapaba,2022,2,17335630.0
2300200,05,Litoral Norte,2022,3,38198225.0
2300309,02,Centro Sul,2022,3,11062501.0
2301000,03,Grande Fortaleza,2022,3,18015954.0
2301109,04,Litoral Leste,2022,3,48450741.0
2301901,01,Cariri,2022,3,30699862.0
2302107,07,Maciço do Baturité,2022,3,51137943.0
2302404,10,Sertão de Canindé,2022,3,32818211.0
2302503,01,Cariri,2022,3,62146329.0
2302701,01,Cariri,2022,3,27724215.0
2302800,10,Sertão de Canindé,2022,3,46400203.0
2303501,03,Grande Fortaleza,2022,3,32689800.0
2303709,03,Grande Fortaleza,2022,3,103911159.0
2304103,12,Sertão dos Crateús,2022,3,46012213.0
2304202,01,Cariri,2022,3,45950885.0
2304285,03,Grande Fortaleza,2022,3,23913774.0
2304400,03,Grande Fortaleza,2022,3,6207064031.0
2304707,05,Litoral Norte,2022,3,46761140.0
2305233,03,Grande Fortaleza,2022,3,30546851.0
2305506,02,Centro Sul,2022,3,61831698.0
2306306,06,Litoral Oeste / Vale do Curu,2022,3,49387384.0
2306405,06,Litoral Oeste / Vale do Curu,2022,3,89722896.0
2306900,14,Vale do Jaguaribe,2022,3,37105789.0
2307304,01,Cariri,2022,3,75821388.0
2307502,01,Cariri,2022,3,19655538.0
2307601,14,Vale do Jaguaribe,2022,3,48287164.0
2307650,03,Grande Fortaleza,2022,3,118858858.0
2307700,03,Grande Fortaleza,2022,3,40061589.0
2308500,09,Sertão Central,2022,3,18683742.0
2309300,12,Sertão dos Crateús,2022,3,60915638.0
2309607,03,Grande Fortaleza,2022,3,28877473.0
2311306,09,Sertão Central,2022,3,42911978.0
2311405,09,Sertão Central,2022,3,12856975.0
2311801,14,Vale do Jaguaribe,2022,3,34165365.0
2312205,12,Sertão dos Crateús,2022,3,17211123.0
2312304,08,Serra da Ibiapaba,2022,3,43769905.0
2312908,11,Sertão de Sobral,2022,3,68760610.0
2313302,13,Sertão dos Inhamuns,2022,3,28947621.0
2313401,08,Serra da Ibiapaba,2022,3,35230184.0
2314102,08,Serra da Ibiapaba,2022,3,16545734.0
2300200,05,Litoral Norte,2022,4,36249483.0
2300309,02,Centro Sul,2022,4,10693924.0
2301000,03,Grande Fortaleza,2022,4,16948409.0
2301109,04,Litoral Leste,2022,4,46176355.0
2301901,01,Cariri,2022,4,29122141.0
2302107,07,Maciço do Baturité,2022,4,48895436.0
2302404,10,Sertão de Canindé,2022,4,31826318.0
2302503,01,Cariri,2022,4,60380705.0
2302701,01,Cariri,2022,4,26197289.0
2302800,10,Sertão de Canindé,2022,4,45015170.0
2303501,03,Grande Fortaleza,2022,4,30288134.0
2303709,03,Grande Fortaleza,2022,4,97220908.0
2304103,12,Sertão dos Crateús,2022,4,41421524.0
2304202,01,Cariri,2022,4,43131548.0
2304285,03,Grande Fortaleza,2022,4,22672412.0
2304400,03,Grande Fortaleza,2022,4,6219544348.0
2304707,05,Litoral Norte,2022,4,45307744.0
2305233,03,Grande Fortaleza,2022,4,29595220.0
2305506,02,Centro Sul,2022,4,60298618.0
2306306,06,Litoral Oeste / Vale do Curu,2022,4,46901344.0
2306405,06,Litoral Oeste / Vale do Curu,2022,4,86175861.0
2306900,14,Vale do Jaguaribe,2022,4,35202995.0
2307304,01,Cariri,2022,4,74288712.0
2307502,01,Cariri,2022,4,18734468.0
2307601,14,Vale do Jaguaribe,2022,4,45699062.0
2307650,03,Grande Fortaleza,2022,4,117434747.0
2307700,03,Grande Fortaleza,2022,4,37452209.0
2308500,09,Sertão Central,2022,4,18116245.0
2309300,12,Sertão dos Crateús,2022,4,58395941.0
2309607,03,Grande Fortaleza,2022,4,26911081.0
2311306,09,Sertão Central,2022,4,40421487.0
2311405,09,Sertão Central,2022,4,12258441.0
2311801,14,Vale do Jaguaribe,2022,4,32029991.0
2312205,12,Sertão dos Crateús,2022,4,16312236.0
2312304,08,Serra da Ibiapaba,2022,4,41320667.0
2312908,11,Sertão de Sobral,2022,4,66733670.0
2313302,13,Sertão dos Inhamuns,2022,4,28194975.0
2313401,08,Serra da Ibiapaba,2022,4,33411387.0
2314102,08,Serra da Ibiapaba,2022,4,15838678.0
2300200,05,Litoral Norte,2022,5,34287373.0
2300309,02,Centro Sul,2022,5,10343255.0
2301000,03,Grande Fortaleza,2022,5,18073062.0
2301109,04,Litoral Leste,2022,5,45104123.0
2301901,01,Cariri,2022,5,27039575.0
2302107,07,Maciço do Baturité,2022,5,46671097.0
2302404,10,Sertão de Canindé,2022,5,30406767.0
2302503,01,Cariri,2022,5,57932190.0
2302701,01,Cariri,2022,5,24473613.0
2302800,10,Sertão de Canindé,2022,5,43741548.0
2303501,03,Grande Fortaleza,2022,5,27763800.0
2303709,03,Grande Fortaleza,2022,5,92052637.0
2304103,12,Sertão dos Crateús,2022,5,38981156.0
2304202,01,Cariri,2022,5,40297456.0
2304285,03,Grande Fortaleza,2022,5,22973233.0
2304400,03,Grande Fortaleza,2022,5,6250900714.0
2304707,05,Litoral Norte,2022,5,43213502.0
2305233,03,Grande Fortaleza,2022,5,28483650.0
2305506,02,Centro Sul,2022,5,56653642.0
2306306,06,Litoral Oeste / Vale do Curu,2022,5,44220782.0
2306405,06,Litoral Oeste / Vale do Curu,2022,5,82263102.0
2306900,14,Vale do Jaguaribe,2022,5,33140798.0
2307304,01,Cariri,2022,5,74779902.0
2307502,01,Cariri,2022,5,18113944.0
2307601,14,Vale do Jaguaribe,2022,5,44379841.0
2307650,03,Grande Fortaleza,2022,5,112468119.0
2307700,03,Grande Fortaleza,2022,5,36171953.0
2308500,09,Sertão Central,2022,5,17260344.0
2309300,12,Sertão dos Crateús,2022,5,55485310.0
2309607,03,Grande Fortaleza,2022,5,25513913.0
2311306,09,Sertão Central,2022,5,39414487.0
2311405,09,Sertão Central,2022,5,11700518.0
2311801,14,Vale do Jaguaribe,2022,5,30850783.0
2312205,12,Sertão dos Crateús,2022,5,15547573.0
2312304,08,Serra da Ibiapaba,2022,5,39034181.0
2312908,11,Sertão de Sobral,2022,5,65603573.0
2313302,13,Sertão dos Inhamuns,2022,5,27288749.0
2313401,08,Serra da Ibiapaba,2022,5,31930024.0
2314102,08,Serra da Ibiapaba,2022,5,15134270.0
2300200,05,Litoral Norte,2022,6,33882801.0
2300309,02,Centro Sul,2022,6,9862234.0
2301000,03,Grande Fortaleza,2022,6,17825787.0
2301109,04,Litoral Leste,2022,6,44236534.0
2301901,01,Cariri,2022,6,26292613.0
2302107,07,Maciço do Baturité,2022,6,45929383.0
2302404,10,Sertão de Canindé,2022,6,29725466.0
2302503,01,Cariri,2022,6,55927119.0
2302701,01,Cariri,2022,6,24443985.0
2302800,10,Sertão de Canindé,2022,6,44327376.0
2303501,03,Grande Fortaleza,2022,6,26813292.0
2303709,03,Grande Fortaleza,2022,6,90883303.0
2304103,12,Sertão dos Crateús,2022,6,37632147.0
2304202,01,Cariri,2022,6,38482295.0
2304285,03,Grande Fortaleza,2022,6,21927115.0
2304400,03,Grande Fortaleza,2022,6,6428993681.0
2304707,05,Litoral Norte,2022,6,42721302.0
2305233,03,Grande Fortaleza,2022,6,27806565.0
2305506,02,Centro Sul,2022,6,54663373.0
2306306,06,Litoral Oeste / Vale do Curu,2022,6,43355746.0
2306405,06,Litoral Oeste / Vale do Curu,2022,6,81136230.0
2306900,14,Vale do Jaguaribe,2022,6,30502210.0
2307304,01,Cariri,2022,6,74753558.0
2307502,01,Cariri,2022,6,17203076.0
2307601,14,Vale do Jaguaribe,2022,6,43435451.0
2307650,03,Grande Fortaleza,2022,6,108419009.0
2307700,03,Grande Fortaleza,2022,6,34430238.0
2308500,09,Sertão Central,2022,6,17312869.0
2309300,12,Sertão dos Crateús,2022,6,53823227.0
2309607,03,Grande Fortaleza,2022,6,24597204.0
2311306,09,Sertão Central,2022,6,38527083.0
2311405,09,Sertão Central,2022,6,15336108.0
2311801,14,Vale do Jaguaribe,2022,6,30360953.0
2312205,12,Sertão dos Crateús,2022,6,15339476.0
2312304,08,Serra da Ibiapaba,2022,6,37217552.0
2312908,11,Sertão de Sobral,2022,6,63509329.0
2313302,13,Sertão dos Inhamuns,2022,6,25595303.0
2313401,08,Serra da Ibiapaba,2022,6,30826227.0
2314102,08,Serra da Ibiapaba,2022,6,14589841.0
2300200,05,Litoral Norte,2022,7,33497210.0
2300309,02,Centro Sul,2022,7,9585283.0
2301000,03,Grande Fortaleza,2022,7,17444901.0
2301109,04,Litoral Leste,2022,7,44137940.0
2301901,01,Cariri,2022,7,26443976.0
2302107,07,Maciço do Baturité,2022,7,45494541.0
2302404,10,Sertão de Canindé,2022,7,29710862.0
2302503,01,Cariri,2022,7,56257594.0
2302701,01,Cariri,2022,7,24159556.0
2302800,10,Sertão de Canindé,2022,7,43878356.0
2303501,03,Grande Fortaleza,2022,7,26959420.0
2303709,03,Grande Fortaleza,2022,7,89511125.0
2304103,12,Sertão dos Crateús,2022,7,36560745.0
2304202,01,Cariri,2022,7,38516064.0
2304285,03,Grande Fortaleza,2022,7,21277683.0
2304400,03,Grande Fortaleza,2022,7,6613529891.0
2304707,05,Litoral Norte,2022,7,42323330.0
2305233,03,Grande Fortaleza,2022,7,27057673.0
2305506,02,Centro Sul,2022,7,53658606.0
2306306,06,Litoral Oeste / Vale do Curu,2022,7,42226876.0
2306405,06,Litoral Oeste / Vale do Curu,2022,7,79860237.0
2306900,14,Vale do Jaguaribe,2022,7,29695686.0
2307304,01,Cariri,2022,7,77273876.0
2307502,01,Cariri,2022,7,17588517.0
2307601,14,Vale do Jaguaribe,2022,7,42978160.0
2307650,03,Grande Fortaleza,2022,7,100999249.0
2307700,03,Grande Fortaleza,2022,7,33041866.0
2308500,09,Sertão Central,2022,7,17517862.0
2309300,12,Sertão dos Crateús,2022,7,53053938.0
2309607,03,Grande Fortaleza,2022,7,25313457.0
2311306,09,Sertão Central,2022,7,37783631.0
2311405,09,Sertão Central,2022,7,15238594.0
2311801,14,Vale do Jaguaribe,2022,7,29489574.0
2312205,12,Sertão dos Crateús,2022,7,15364477.0
2312304,08,Serra da Ibiapaba,2022,7,36016764.0
2312908,11,Sertão de Sobral,2022,7,61960127.0
2313302,13,Sertão dos Inhamuns,2022,7,25146591.0
2313401,08,Serra da Ibiapaba,2022,7,30507591.0
2314102,08,Serra da Ibiapaba,2022,7,14411172.0
2300200,05,Litoral Norte,2022,8,33505104.0
2300309,02,Centro Sul,2022,8,9691339.0
2301000,03,Grande Fortaleza,2022,8,16870652.0
2301109,04,Litoral Leste,2022,8,43086922.0
2301901,01,Cariri,2022,8,26207527.0
2302107,07,Maciço do Baturité,2022,8,46129280.0
2302404,10,Sertão de Canindé,2022,8,29731605.0
2302503,01,Cariri,2022,8,55662812.0
2302701,01,Cariri,2022,8,23631745.0
2302800,10,Sertão de Canindé,2022,8,43584363.0
2303501,03,Grande Fortaleza,2022,8,27251157.0
2303709,03,Grande Fortaleza,2022,8,88506052.0
2304103,12,Sertão dos Crateús,2022,8,36178102.0
2304202,01,Cariri,2022,8,38987071.0
2304285,03,Grande Fortaleza,2022,8,23123466.0
2304400,03,Grande Fortaleza,2022,8,6825237855.0
2304707,05,Litoral Norte,2022,8,42202411.0
2305233,03,Grande Fortaleza,2022,8,25861265.0
2305506,02,Centro Sul,2022,8,53049397.0
2306306,06,Litoral Oeste / Vale do Curu,2022,8,41494898.0
2306405,06,Litoral Oeste / Vale do Curu,2022,8,79302674.0
2306900,14,Vale do Jaguaribe,2022,8,29044825.0
2307304,01,Cariri,2022,8,78727429.0
2307502,01,Cariri,2022,8,18472099.0
2307601,14,Vale do Jaguaribe,2022,8,41747589.0
2307650,03,Grande Fortaleza,2022,8,100589415.0
2307700,03,Grande Fortaleza,2022,8,32950575.0
2308500,09,Sertão Central,2022,8,17539100.0
2309300,12,Sertão dos Crateús,2022,8,51897720.0
2309607,03,Grande Fortaleza,2022,8,24853533.0
2311306,09,Sertão Central,2022,8,36855668.0
2311405,09,Sertão Central,2022,8,15492984.0
2311801,14,Vale do Jaguaribe,2022,8,29058264.0
2312205,12,Sertão dos Crateús,2022,8,15629448.0
2312304,08,Serra da Ibiapaba,2022,8,35179102.0
2312908,11,Sertão de Sobral,2022,8,63003332.0
2313302,13,Sertão dos Inhamuns,2022,8,25324394.0
2313401,08,Serra da Ibiapaba,2022,8,30974994.0
2314102,08,Serra da Ibiapaba,2022,8,14568949.0
2300200,05,Litoral Norte,2022,9,34629854.0
2300309,02,Centro Sul,2022,9,10135403.0
2301000,03,Grande Fortaleza,2022,9,16766071.0
2301109,04,Litoral Leste,2022,9,41365244.0
2301901,01,Cariri,2022,9,26158178.0
2302107,07,Maciço do Baturité,2022,9,45453947.0
2302404,10,Sertão de Canindé,2022,9,29067276.0
2302503,01,Cariri,2022,9,54633176.0
2302701,01,Cariri,2022,9,23441543.0
2302800,10,Sertão de Canindé,2022,9,43649350.0
2303501,03,Grande Fortaleza,2022,9,25881553.0
2303709,03,Grande Fortaleza,2022,9,86300220.0
2304103,12,Sertão dos Crateús,2022,9,35876804.0
2304202,01,Cariri,2022,9,37682691.0
2304285,03,Grande Fortaleza,2022,9,22895795.0
2304400,03,Grande Fortaleza,2022,9,6896357431.0
2304707,05,Litoral Norte,2022,9,41617572.0
2305233,03,Grande Fortaleza,2022,9,24994696.0
2305506,02,Centro Sul,2022,9,61940492.0
2306306,06,Litoral Oeste / Vale do Curu,2022,9,39800045.0
2306405,06,Litoral Oeste / Vale do Curu,2022,9,78159853.0
2306900,14,Vale do Jaguaribe,2022,9,29715527.0
2307304,01,Cariri,2022,9,79005724.0
2307502,01,Cariri,2022,9,18919400.0
2307601,14,Vale do Jaguaribe,2022,9,40086488.0
2307650,03,Grande Fortaleza,2022,9,98511931.0
2307700,03,Grande Fortaleza,2022,9,33485895.0
2308500,09,Sertão Central,2022,9,17181475.0
2309300,12,Sertão dos Crateús,2022,9,51047422.0
2309607,03,Grande Fortaleza,2022,9,24069921.0
2311306,09,Sertão Central,2022,9,35486818.0
2311405,09,Sertão Central,2022,9,15587006.0
2311801,14,Vale do Jaguaribe,2022,9,29758589.0
2312205,12,Sertão dos Crateús,2022,9,15455985.0
2312304,08,Serra da Ibiapaba,2022,9,35063607.0
2312908,11,Sertão de Sobral,2022,9,64290463.0
2313302,13,Sertão dos Inhamuns,2022,9,24997860.0
2313401,08,Serra da Ibiapaba,2022,9,32459234.0
2314102,08,Serra da Ibiapaba,2022,9,14349848.0
2300200,05,Litoral Norte,2022,10,34319785.0
2300309,02,Centro Sul,2022,10,9502216.0
2301000,03,Grande Fortaleza,2022,10,16597851.0
2301109,04,Litoral Leste,2022,10,30399419.0
2301901,01,Cariri,2022,10,24443655.0
2302107,07,Maciço do Baturité,2022,10,44029801.0
2302404,10,Sertão de Canindé,2022,10,28383858.0
2302503,01,Cariri,2022,10,51219044.0
2302701,01,Cariri,2022,10,22484942.0
2302800,10,Sertão de Canindé,2022,10,41841401.0
2303501,03,Grande Fortaleza,2022,10,24468197.0
2303709,03,Grande Fortaleza,2022,10,83044192.0
2304103,12,Sertão dos Crateús,2022,10,35841337.0
2304202,01,Cariri,2022,10,35006887.0
2304285,03,Grande Fortaleza,2022,10,23312625.0
2304400,03,Grande Fortaleza,2022,10,6838117237.0
2304707,05,Litoral Norte,2022,10,40306059.0
2305233,03,Grande Fortaleza,2022,10,31501731.0
2305506,02,Centro Sul,2022,10,58617639.0
2306306,06,Litoral Oeste / Vale do Curu,2022,10,38654010.0
2306405,06,Litoral Oeste / Vale do Curu,2022,10,72134331.0
2306900,14,Vale do Jaguaribe,2022,10,27297919.0
2307304,01,Cariri,2022,10,78740609.0
2307502,01,Cariri,2022,10,15786473.0
2307601,14,Vale do Jaguaribe,2022,10,37386708.0
2307650,03,Grande Fortaleza,2022,10,97959701.0
2307700,03,Grande Fortaleza,2022,10,32269055.0
2308500,09,Sertão Central,2022,10,15982220.0
2309300,12,Sertão dos Crateús,2022,10,48627836.0
2309607,03,Grande Fortaleza,2022,10,24343477.0
2311306,09,Sertão Central,2022,10,32757628.0
2311405,09,Sertão Central,2022,10,15045694.0
2311801,14,Vale do Jaguaribe,2022,10,28728859.0
2312205,12,Sertão dos Crateús,2022,10,15151735.0
2312304,08,Serra da Ibiapaba,2022,10,34106182.0
2312908,11,Sertão de Sobral,2022,10,62257031.0
2313302,13,Sertão dos Inhamuns,2022,10,23151369.0
2313401,08,Serra da Ibiapaba,2022,10,28877882.0
2314102,08,Serra da Ibiapaba,2022,10,13983458.0
2300200,05,Litoral Norte,2022,11,34398785.0
2300309,02,Centro Sul,2022,11,9326004.0
2301000,03,Grande Fortaleza,2022,11,17246991.0
2301109,04,Litoral Leste,2022,11,30160305.0
2301901,01,Cariri,2022,11,23153974.0
2302107,07,Maciço do Baturité,2022,11,44797044.0
2302404,10,Sertão de Canindé,2022,11,27915188.0
2302503,01,Cariri,2022,11,49723547.0
2302701,01,Cariri,2022,11,22027068.0
2302800,10,Sertão de Canindé,2022,11,41456914.0
2303501,03,Grande Fortaleza,2022,11,24756696.0
2303709,03,Grande Fortaleza,2022,11,82818155.0
2304103,12,Sertão dos Crateús,2022,11,36687908.0
2304202,01,Cariri,2022,11,34776681.0
2304285,03,Grande Fortaleza,2022,11,33034545.0
2304400,03,Grande Fortaleza,2022,11,7028328426.0
2304707,05,Litoral Norte,2022,11,40021513.0
2305233,03,Grande Fortaleza,2022,11,36395518.0
2305506,02,Centro Sul,2022,11,56605589.0
2306306,06,Litoral Oeste / Vale do Curu,2022,11,38387591.0
2306405,06,Litoral Oeste / Vale do Curu,2022,11,70308192.0
2306900,14,Vale do Jaguaribe,2022,11,26436376.0
2307304,01,Cariri,2022,11,78444990.0
2307502,01,Cariri,2022,11,14772738.0
2307601,14,Vale do Jaguaribe,2022,11,36795178.0
2307650,03,Grande Fortaleza,2022,11,99639711.0
2307700,03,Grande Fortaleza,2022,11,32628178.0
2308500,09,Sertão Central,2022,11,15500047.0
2309300,12,Sertão dos Crateús,2022,11,48780345.0
2309607,03,Grande Fortaleza,2022,11,24696130.0
2311306,09,Sertão Central,2022,11,32700583.0
2311405,09,Sertão Central,2022,11,14076965.0
2311801,14,Vale do Jaguaribe,2022,11,27064668.0
2312205,12,Sertão dos Crateús,2022,11,15339472.0
2312304,08,Serra da Ibiapaba,2022,11,33600436.0
2312908,11,Sertão de Sobral,2022,11,61919145.0
2313302,13,Sertão dos Inhamuns,2022,11,23140663.0
2313401,08,Serra da Ibiapaba,2022,11,29516086.0
2314102,08,Serra da Ibiapaba,2022,11,14098958.0
2300200,05,Litoral Norte,2022,12,33821650.0
2300309,02,Centro Sul,2022,12,8991566.0
2301000,03,Grande Fortaleza,2022,12,16310756.0
2301109,04,Litoral Leste,2022,12,30200533.0
2301901,01,Cariri,2022,12,21734178.0
2302107,07,Maciço do Baturité,2022,12,42448219.0
2302404,10,Sertão de Canindé,2022,12,28554049.0
2302503,01,Cariri,2022,12,47313155.0
2302701,01,Cariri,2022,12,21109823.0
2302800,10,Sertão de Canindé,2022,12,41396430.0
2303501,03,Grande Fortaleza,2022,12,24364353.0
2303709,03,Grande Fortaleza,2022,12,82256656.0
2304103,12,Sertão dos Crateús,2022,12,37365097.0
2304202,01,Cariri,2022,12,33303751.0
2304285,03,Grande Fortaleza,2022,12,32828609.0
2304400,03,Grande Fortaleza,2022,12,7323680981.0
2304707,05,Litoral Norte,2022,12,40511246.0
2305233,03,Grande Fortaleza,2022,12,34802416.0
2305506,02,Centro Sul,2022,12,55070321.0
2306306,06,Litoral Oeste / Vale do Curu,2022,12,38580650.0
2306405,06,Litoral Oeste / Vale do Curu,2022,12,71103862.0
2306900,14,Vale do Jaguaribe,2022,12,24171375.0
2307304,01,Cariri,2022,12,75959957.0
2307502,01,Cariri,2022,12,14303425.0
2307601,14,Vale do Jaguaribe,2022,12,34755027.0
2307650,03,Grande Fortaleza,2022,12,102822856.0
2307700,03,Grande Fortaleza,2022,12,31180039.0
2308500,09,Sertão Central,2022,12,15931039.0
2309300,12,Sertão dos Crateús,2022,12,47904438.0
2309607,03,Grande Fortaleza,2022,12,25148820.0
2311306,09,Sertão Central,2022,12,32462128.0
2311405,09,Sertão Central,2022,12,14575566.0
2311801,14,Vale do Jaguaribe,2022,12,25854936.0
2312205,12,Sertão dos Crateús,2022,12,15156408.0
2312304,08,Serra da Ibiapaba,2022,12,33269483.0
2312908,11,Sertão de Sobral,2022,12,61220000.0
2313302,13,Sertão dos Inhamuns,2022,12,23191632.0
2313401,08,Serra da Ibiapaba,2022,12,29831111.0
2314102,08,Serra da Ibiapaba,2022,12,14092168.0
2300200,05,Litoral Norte,2023,1,32677423.0
2300309,02,Centro Sul,2023,1,9071572.0
2301000,03,Grande Fortaleza,2023,1,16123628.0
2301109,04,Litoral Leste,2023,1,29850880.0
2301901,01,Cariri,2023,1,22167973.0
2302107,07,Maciço do Baturité,2023,1,42514834.0
2302404,10,Sertão de Canindé,2023,1,28643221.0
2302503,01,Cariri,2023,1,47535260.0
2302701,01,Cariri,2023,1,20711097.0
2302800,10,Sertão de Canindé,2023,1,40107683.0
2303501,03,Grande Fortaleza,2023,1,25206359.0
2303709,03,Grande Fortaleza,2023,1,80887712.0
2304103,12,Sertão dos Crateús,2023,1,36482171.0
2304202,01,Cariri,2023,1,33420792.0
2304285,03,Grande Fortaleza,2023,1,32011055.0
2304400,03,Grande Fortaleza,2023,1,6726737810.0
2304707,05,Litoral Norte,2023,1,38702103.0
2305233,03,Grande Fortaleza,2023,1,32604737.0
2305506,02,Centro Sul,2023,1,53100139.0
2306306,06,Litoral Oeste / Vale do Curu,2023,1,37592061.0
2306405,06,Litoral Oeste / Vale do Curu,2023,1,67963813.0
2306900,14,Vale do Jaguaribe,2023,1,23407576.0
2307304,01,Cariri,2023,1,75968842.0
2307502,01,Cariri,2023,1,14218128.0
2307601,14,Vale do Jaguaribe,2023,1,34613999.0
2307650,03,Grande Fortaleza,2023,1,106830827.0
2307700,03,Grande Fortaleza,2023,1,29919393.0
2308500,09,Sertão Central,2023,1,15817900.0
2309300,12,Sertão dos Crateús,2023,1,46457554.0
2309607,03,Grande Fortaleza,2023,1,25449190.0
2311306,09,Sertão Central,2023,1,33329151.0
2311405,09,Sertão Central,2023,1,15310072.0
2311801,14,Vale do Jaguaribe,2023,1,24838947.0
2312205,12,Sertão dos Crateús,2023,1,15123330.0
2312304,08,Serra da Ibiapaba,2023,1,32550699.0
2312908,11,Sertão de Sobral,2023,1,59574437.0
2313302,13,Sertão dos Inhamuns,2023,1,22962280.0
2313401,08,Serra da Ibiapaba,2023,1,28710166.0
2314102,08,Serra da Ibiapaba,2023,1,13535284.0
2300200,05,Litoral Norte,2023,2,31599216.0
2300309,02,Centro Sul,2023,2,9043924.0
2301000,03,Grande Fortaleza,2023,2,15570600.0
2301109,04,Litoral Leste,2023,2,29283194.0
2301901,01,Cariri,2023,2,21923316.0
2302107,07,Maciço do Baturité,2023,2,41072271.0
2302404,10,Sertão de Canindé,2023,2,28051326.0
2302503,01,Cariri,2023,2,46951322.0
2302701,01,Cariri,2023,2,20239658.0
2302800,10,Sertão de Canindé,2023,2,39881727.0
2303501,03,Grande Fortaleza,2023,2,24925224.0
2303709,03,Grande Fortaleza,2023,2,79848480.0
2304103,12,Sertão dos Crateús,2023,2,35411423.0
2304202,01,Cariri,2023,2,32318990.0
2304285,03,Grande Fortaleza,2023,2,32358820.0
2304400,03,Grande Fortaleza,2023,2,6827829430.0
2304707,05,Litoral Norte,2023,2,37511252.0
2305233,03,Grande Fortaleza,2023,2,31409634.0
2305506,02,Centro Sul,2023,2,52411525.0
2306306,06,Litoral Oeste / Vale do Curu,2023,2,36423955.0
2306405,06,Litoral Oeste / Vale do Curu,2023,2,67296386.0
2306900,14,Vale do Jaguaribe,2023,2,22733027.0
2307304,01,Cariri,2023,2,77248520.0
2307502,01,Cariri,2023,2,13919543.0
2307601,14,Vale do Jaguaribe,2023,2,33706849.0
2307650,03,Grande Fortaleza,2023,2,105846139.0
2307700,03,Grande Fortaleza,2023,2,29328253.0
2308500,09,Sertão Central,2023,2,15897396.0
2309300,12,Sertão dos Crateús,2023,2,43983756.0
2309607,03,Grande Fortaleza,2023,2,25117130.0
2311306,09,Sertão Central,2023,2,32777619.0
2311405,09,Sertão Central,2023,2,15192293.0
2311801,14,Vale do Jaguaribe,2023,2,24392147.0
2312205,12,Sertão dos Crateús,2023,2,15108530.0
2312304,08,Serra da Ibiapaba,2023,2,30890281.0
2312908,11,Sertão de Sobral,2023,2,58921232.0
2313302,13,Sertão dos Inhamuns,2023,2,22039746.0
2313401,08,Serra da Ibiapaba,2023,2,26879655.0
2314102,08,Serra da Ibiapaba,2023,2,13240933.0
2300200,05,Litoral Norte,2023,3,33331586.0
2300309,02,Centro Sul,2023,3,9166722.0
2301000,03,Grande Fortaleza,2023,3,15660483.0
2301109,04,Litoral Leste,2023,3,29004599.0
2301901,01,Cariri,2023,3,23195179.0
2302107,07,Maciço do Baturité,2023,3,41091563.0
2302404,10,Sertão de Canindé,2023,3,27371368.0
2302503,01,Cariri,2023,3,47245786.0
2302701,01,Cariri,2023,3,20373273.0
2302800,10,Sertão de Canindé,2023,3,40262213.0
2303501,03,Grande Fortaleza,2023,3,24611216.0
2303709,03,Grande Fortaleza,2023,3,80705378.0
2304103,12,Sertão dos Crateús,2023,3,35270680.0
2304202,01,Cariri,2023,3,33057282.0
2304285,03,Grande Fortaleza,2023,3,31754491.0
2304400,03,Grande Fortaleza,2023,3,6901498588.0
2304707,05,Litoral Norte,2023,3,38060849.0
2305233,03,Grande Fortaleza,2023,3,38169937.0
2305506,02,Centro Sul,2023,3,51821225.0
2306306,06,Litoral Oeste / Vale do Curu,2023,3,36056018.0
2306405,06,Litoral Oeste / Vale do Curu,2023,3,66930455.0
2306900,14,Vale do Jaguaribe,2023,3,22604524.0
2307304,01,Cariri,2023,3,81550874.0
2307502,01,Cariri,2023,3,14112983.0
2307601,14,Vale do Jaguaribe,2023,3,34062804.0
2307650,03,Grande Fortaleza,2023,3,109004198.0
2307700,03,Grande Fortaleza,2023,3,29291404.0
2308500,09,Sertão Central,2023,3,15796507.0
2309300,12,Sertão dos Crateús,2023,3,42578264.0
2309607,03,Grande Fortaleza,2023,3,24730844.0
2311306,09,Sertão Central,2023,3,32476535.0
2311405,09,Sertão Central,2023,3,15065851.0
2311801,14,Vale do Jaguaribe,2023,3,24067140.0
2312205,12,Sertão dos Crateús,2023,3,14874509.0
2312304,08,Serra da Ibiapaba,2023,3,30426463.0
2312908,11,Sertão de Sobral,2023,3,58127310.0
2313302,13,Sertão dos Inhamuns,2023,3,21991468.0
2313401,08,Serra da Ibiapaba,2023,3,26794422.0
2314102,08,Serra da Ibiapaba,2023,3,13005397.0
2300200,05,Litoral Norte,2023,4,32375653.0
2300309,02,Centro Sul,2023,4,9065983.0
2301000,03,Grande Fortaleza,2023,4,15019582.0
2301109,04,Litoral Leste,2023,4,28444587.0
2301901,01,Cariri,2023,4,22208716.0
2302107,07,Maciço do Baturité,2023,4,38960846.0
2302404,10,Sertão de Canindé,2023,4,26255103.0
2302503,01,Cariri,2023,4,46628941.0
2302701,01,Cariri,2023,4,19608687.0
2302800,10,Sertão de Canindé,2023,4,39408122.0
2303501,03,Grande Fortaleza,2023,4,22914398.0
2303709,03,Grande Fortaleza,2023,4,78428543.0
2304103,12,Sertão dos Crateús,2023,4,33226051.0
2304202,01,Cariri,2023,4,31920655.0
2304285,03,Grande Fortaleza,2023,4,30808908.0
2304400,03,Grande Fortaleza,2023,4,7069153286.0
2304707,05,Litoral Norte,2023,4,36839335.0
2305233,03,Grande Fortaleza,2023,4,35905735.0
2305506,02,Centro Sul,2023,4,51394706.0
2306306,06,Litoral Oeste / Vale do Curu,2023,4,33783716.0
2306405,06,Litoral Oeste / Vale do Curu,2023,4,65319161.0
2306900,14,Vale do Jaguaribe,2023,4,22208554.0
2307304,01,Cariri,2023,4,90383368.0
2307502,01,Cariri,2023,4,13761711.0
2307601,14,Vale do Jaguaribe,2023,4,36901054.0
2307650,03,Grande Fortaleza,2023,4,112064905.0
2307700,03,Grande Fortaleza,2023,4,27987103.0
2308500,09,Sertão Central,2023,4,15424493.0
2309300,12,Sertão dos Crateús,2023,4,40398533.0
2309607,03,Grande Fortaleza,2023,4,23715416.0
2311306,09,Sertão Central,2023,4,30578372.0
2311405,09,Sertão Central,2023,4,14593986.0
2311801,14,Vale do Jaguaribe,2023,4,24169869.0
2312205,12,Sertão dos Crateús,2023,4,13750378.0
2312304,08,Serra da Ibiapaba,2023,4,29586462.0
2312908,11,Sertão de Sobral,2023,4,55684174.0
2313302,13,Sertão dos Inhamuns,2023,4,21198508.0
2313401,08,Serra da Ibiapaba,2023,4,25502324.0
2314102,08,Serra da Ibiapaba,2023,4,12917669.0
2300200,05,Litoral Norte,2023,5,30296596.0
2300309,02,Centro Sul,2023,5,8910335.0
2301000,03,Grande Fortaleza,2023,5,15161909.0
2301109,04,Litoral Leste,2023,5,27622497.0
2301901,01,Cariri,2023,5,22043210.0
2302107,07,Maciço do Baturité,2023,5,37836248.0
2302404,10,Sertão de Canindé,2023,5,24250329.0
2302503,01,Cariri,2023,5,45252031.0
2302701,01,Cariri,2023,5,19677522.0
2302800,10,Sertão de Canindé,2023,5,36920458.0
2303501,03,Grande Fortaleza,2023,5,20879444.0
2303709,03,Grande Fortaleza,2023,5,76937181.0
2304103,12,Sertão dos Crateús,2023,5,31824167.0
2304202,01,Cariri,2023,5,30423859.0
2304285,03,Grande Fortaleza,2023,5,30598315.0
2304400,03,Grande Fortaleza,2023,5,7257522562.0
2304707,05,Litoral Norte,2023,5,34968789.0
2305233,03,Grande Fortaleza,2023,5,35302707.0
2305506,02,Centro Sul,2023,5,49687427.0
2306306,06,Litoral Oeste / Vale do Curu,2023,5,30527719.0
2306405,06,Litoral Oeste / Vale do Curu,2023,5,62211675.0
2306900,14,Vale do Jaguaribe,2023,5,21531248.0
2307304,01,Cariri,2023,5,88958189.0
2307502,01,Cariri,2023,5,13701467.0
2307601,14,Vale do Jaguaribe,2023,5,36730834.0
2307650,03,Grande Fortaleza,2023,5,119381734.0
2307700,03,Grande Fortaleza,2023,5,26801546.0
2308500,09,Sertão Central,2023,5,15522043.0
2309300,12,Sertão dos Crateús,2023,5,37395571.0
2309607,03,Grande Fortaleza,2023,5,22219231.0
2311306,09,Sertão Central,2023,5,29874331.0
2311405,09,Sertão Central,2023,5,13995178.0
2311801,14,Vale do Jaguaribe,2023,5,23035036.0
2312205,12,Sertão dos Crateús,2023,5,12841956.0
2312304,08,Serra da Ibiapaba,2023,5,27426780.0
2312908,11,Sertão de Sobral,2023,5,53482066.0
2313302,13,Sertão dos Inhamuns,2023,5,20026809.0
2313401,08,Serra da Ibiapaba,2023,5,23371594.0
2314102,08,Serra da Ibiapaba,2023,5,12077430.0
2300200,05,Litoral Norte,2023,6,29905739.0
2300309,02,Centro Sul,2023,6,8811382.0
2301000,03,Grande Fortaleza,2023,6,17650027.0
2301109,04,Litoral Leste,2023,6,27681932.0
2301901,01,Cariri,2023,6,22154474.0
2302107,07,Maciço do Baturité,2023,6,36649834.0
2302404,10,Sertão de Canindé,2023,6,23534864.0
2302503,01,Cariri,2023,6,43881727.0
2302701,01,Cariri,2023,6,19738692.0
2302800,10,Sertão de Canindé,2023,6,36327767.0
2303501,03,Grande Fortaleza,2023,6,20589544.0
2303709,03,Grande Fortaleza,2023,6,76591119.0
2304103,12,Sertão dos Crateús,2023,6,31172166.0
2304202,01,Cariri,2023,6,29307705.0
2304285,03,Grande Fortaleza,2023,6,32677868.0
2304400,03,Grande Fortaleza,2023,6,7231348051.0
2304707,05,Litoral Norte,2023,6,33802146.0
2305233,03,Grande Fortaleza,2023,6,34083397.0
2305506,02,Centro Sul,2023,6,47732643.0
2306306,06,Litoral Oeste / Vale do Curu,2023,6,28745580.0
2306405,06,Litoral Oeste / Vale do Curu,2023,6,59058121.0
2306900,14,Vale do Jaguaribe,2023,6,20461928.0
2307304,01,Cariri,2023,6,87807173.0
2307502,01,Cariri,2023,6,13447444.0
2307601,14,Vale do Jaguaribe,2023,6,36796940.0
2307650,03,Grande Fortaleza,2023,6,117932918.0
2307700,03,Grande Fortaleza,2023,6,26560794.0
2308500,09,Sertão Central,2023,6,16001933.0
2309300,12,Sertão dos Crateús,2023,6,35548526.0
2309607,03,Grande Fortaleza,2023,6,21636241.0
2311306,09,Sertão Central,2023,6,30140224.0
2311405,09,Sertão Central,2023,6,14049489.0
2311801,14,Vale do Jaguaribe,2023,6,22102065.0
2312205,12,Sertão dos Crateús,2023,6,12494551.0
2312304,08,Serra da Ibiapaba,2023,6,26190127.0
2312908,11,Sertão de Sobral,2023,6,51020922.0
2313302,13,Sertão dos Inhamuns,2023,6,19946009.0
2313401,08,Serra da Ibiapaba,2023,6,22116712.0
2314102,08,Serra da Ibiapaba,2023,6,11676408.0
2300200,05,Litoral Norte,2023,7,28627178.0
2300309,02,Centro Sul,2023,7,9018525.0
2301000,03,Grande Fortaleza,2023,7,17790998.0
2301109,04,Litoral Leste,2023,7,27527710.0
2301901,01,Cariri,2023,7,21715689.0
2302107,07,Maciço do Baturité,2023,7,35650748.0
2302404,10,Sertão de Canindé,2023,7,22721645.0
2302503,01,Cariri,2023,7,43176269.0
2302701,01,Cariri,2023,7,20614980.0
2302800,10,Sertão de Canindé,2023,7,35813938.0
2303501,03,Grande Fortaleza,2023,7,22455522.0
2303709,03,Grande Fortaleza,2023,7,76367042.0
2304103,12,Sertão dos Crateús,2023,7,31105822.0
2304202,01,Cariri,2023,7,29307522.0
2304285,03,Grande Fortaleza,2023,7,32676166.0
2304400,03,Grande Fortaleza,2023,7,7380369955.0
2304707,05,Litoral Norte,2023,7,32374355.0
2305233,03,Grande Fortaleza,2023,7,32385384.0
2305506,02,Centro Sul,2023,7,49480330.0
2306306,06,Litoral Oeste / Vale do Curu,2023,7,29192141.0
2306405,06,Litoral Oeste / Vale do Curu,2023,7,57796104.0
2306900,14,Vale do Jaguaribe,2023,7,20695418.0
2307304,01,Cariri,2023,7,86817643.0
2307502,01,Cariri,2023,7,13394295.0
2307601,14,Vale do Jaguaribe,2023,7,37047260.0
2307650,03,Grande Fortaleza,2023,7,118465551.0
2307700,03,Grande Fortaleza,2023,7,28585101.0
2308500,09,Sertão Central,2023,7,16278547.0
2309300,12,Sertão dos Crateús,2023,7,34479960.0
2309607,03,Grande Fortaleza,2023,7,22415154.0
2311306,09,Sertão Central,2023,7,30725587.0
2311405,09,Sertão Central,2023,7,13976056.0
2311801,14,Vale do Jaguaribe,2023,7,21480572.0
2312205,12,Sertão dos Crateús,2023,7,12310345.0
2312304,08,Serra da Ibiapaba,2023,7,25157579.0
2312908,11,Sertão de Sobral,2023,7,48866313.0
2313302,13,Sertão dos Inhamuns,2023,7,19775972.0
2313401,08,Serra da Ibiapaba,2023,7,22024365.0
2314102,08,Serra da Ibiapaba,2023,7,11276705.0
2300200,05,Litoral Norte,2023,8,26684377.0
2300309,02,Centro Sul,2023,8,9804310.0
2301000,03,Grande Fortaleza,2023,8,18999228.0
2301109,04,Litoral Leste,2023,8,27074967.0
2301901,01,Cariri,2023,8,21251832.0
2302107,07,Maciço do Baturité,2023,8,35985911.0
2302404,10,Sertão de Canindé,2023,8,21878746.0
2302503,01,Cariri,2023,8,42736239.0
2302701,01,Cariri,2023,8,19765055.0
2302800,10,Sertão de Canindé,2023,8,34206291.0
2303501,03,Grande Fortaleza,2023,8,21702874.0
2303709,03,Grande Fortaleza,2023,8,74128173.0
2304103,12,Sertão dos Crateús,2023,8,29203287.0
2304202,01,Cariri,2023,8,28339473.0
2304285,03,Grande Fortaleza,2023,8,32771693.0
2304400,03,Grande Fortaleza,2023,8,7457512563.0
2304707,05,Litoral Norte,2023,8,30522310.0
2305233,03,Grande Fortaleza,2023,8,31328370.0
2305506,02,Centro Sul,2023,8,48307585.0
2306306,06,Litoral Oeste / Vale do Curu,2023,8,27215634.0
2306405,06,Litoral Oeste / Vale do Curu,2023,8,54524801.0
2306900,14,Vale do Jaguaribe,2023,8,19459005.0
2307304,01,Cariri,2023,8,88798517.0
2307502,01,Cariri,2023,8,14046793.0
2307601,14,Vale do Jaguaribe,2023,8,38890923.0
2307650,03,Grande Fortaleza,2023,8,118069028.0
2307700,03,Grande Fortaleza,2023,8,35486955.0
2308500,09,Sertão Central,2023,8,16398537.0
2309300,12,Sertão dos Crateús,2023,8,32617187.0
2309607,03,Grande Fortaleza,2023,8,22126618.0
2311306,09,Sertão Central,2023,8,29767741.0
2311405,09,Sertão Central,2023,8,13296982.0
2311801,14,Vale do Jaguaribe,2023,8,20194822.0
2312205,12,Sertão dos Crateús,2023,8,11917760.0
2312304,08,Serra da Ibiapaba,2023,8,23819165.0
2312908,11,Sertão de Sobral,2023,8,47579295.0
2313302,13,Sertão dos Inhamuns,2023,8,19054193.0
2313401,08,Serra da Ibiapaba,2023,8,22790429.0
2314102,08,Serra da Ibiapaba,2023,8,10798137.0
2300200,05,Litoral Norte,2023,9,26029969.0
2300309,02,Centro Sul,2023,9,9474869.0
2301000,03,Grande Fortaleza,2023,9,17883735.0
2301109,04,Litoral Leste,2023,9,25744293.0
2301901,01,Cariri,2023,9,20704782.0
2302107,07,Maciço do Baturité,2023,9,35147586.0
2302404,10,Sertão de Canindé,2023,9,19905957.0
2302503,01,Cariri,2023,9,41384754.0
2302701,01,Cariri,2023,9,18715068.0
2302800,10,Sertão de Canindé,2023,9,32204045.0
2303501,03,Grande Fortaleza,2023,9,20333740.0
2303709,03,Grande Fortaleza,2023,9,69897216.0
2304103,12,Sertão dos Crateús,2023,9,26996846.0
2304202,01,Cariri,2023,9,26438925.0
2304285,03,Grande Fortaleza,2023,9,34252297.0
2304400,03,Grande Fortaleza,2023,9,7631965874.0
2304707,05,Litoral Norte,2023,9,28164280.0
2305233,03,Grande Fortaleza,2023,9,29803737.0
2305506,02,Centro Sul,2023,9,45714656.0
2306306,06,Litoral Oeste / Vale do Curu,2023,9,25018694.0
2306405,06,Litoral Oeste / Vale do Curu,2023,9,49592393.0
2306900,14,Vale do Jaguaribe,2023,9,18476747.0
2307304,01,Cariri,2023,9,85556059.0
2307502,01,Cariri,2023,9,13533073.0
2307601,14,Vale do Jaguaribe,2023,9,36987004.0
2307650,03,Grande Fortaleza,2023,9,112019166.0
2307700,03,Grande Fortaleza,2023,9,33799882.0
2308500,09,Sertão Central,2023,9,15743538.0
2309300,12,Sertão dos Crateús,2023,9,29893913.0
2309607,03,Grande Fortaleza,2023,9,21394992.0
2311306,09,Sertão Central,2023,9,28063536.0
2311405,09,Sertão Central,2023,9,12366682.0
2311801,14,Vale do Jaguaribe,2023,9,19046621.0
2312205,12,Sertão dos Crateús,2023,9,10958180.0
2312304,08,Serra da Ibiapaba,2023,9,22542117.0
2312908,11,Sertão de Sobral,2023,9,43374963.0
2313302,13,Sertão dos Inhamuns,2023,9,18305760.0
2313401,08,Serra da Ibiapaba,2023,9,20981769.0
2314102,08,Serra da Ibiapaba,2023,9,10214517.0
2300200,05,Litoral Norte,2023,10,23167131.0
2300309,02,Centro Sul,2023,10,8884761.0
2301000,03,Grande Fortaleza,2023,10,21751499.0
2301109,04,Litoral Leste,2023,10,24640021.0
2301901,01,Cariri,2023,10,19698322.0
2302107,07,Maciço do Baturité,2023,10,32352327.0
2302404,10,Sertão de Canindé,2023,10,18201024.0
2302503,01,Cariri,2023,10,38699945.0
2302701,01,Cariri,2023,10,17151755.0
2302800,10,Sertão de Canindé,2023,10,29159219.0
2303501,03,Grande Fortaleza,2023,10,19064961.0
2303709,03,Grande Fortaleza,2023,10,63560393.0
2304103,12,Sertão dos Crateús,2023,10,24587571.0
2304202,01,Cariri,2023,10,24900683.0
2304285,03,Grande Fortaleza,2023,10,32534080.0
2304400,03,Grande Fortaleza,2023,10,7679248053.0
2304707,05,Litoral Norte,2023,10,25119188.0
2305233,03,Grande Fortaleza,2023,10,28476165.0
2305506,02,Centro Sul,2023,10,43847084.0
2306306,06,Litoral Oeste / Vale do Curu,2023,10,22818813.0
2306405,06,Litoral Oeste / Vale do Curu,2023,10,43591465.0
2306900,14,Vale do Jaguaribe,2023,10,17395710.0
2307304,01,Cariri,2023,10,81243328.0
2307502,01,Cariri,2023,10,12840973.0
2307601,14,Vale do Jaguaribe,2023,10,34295395.0
2307650,03,Grande Fortaleza,2023,10,110682744.0
2307700,03,Grande Fortaleza,2023,10,34086721.0
2308500,09,Sertão Central,2023,10,14671367.0
2309300,12,Sertão dos Crateús,2023,10,26676351.0
2309607,03,Grande Fortaleza,2023,10,20266128.0
2311306,09,Sertão Central,2023,10,25445340.0
2311405,09,Sertão Central,2023,10,11199714.0
2311801,14,Vale do Jaguaribe,2023,10,19982504.0
2312205,12,Sertão dos Crateús,2023,10,9710901.0
2312304,08,Serra da Ibiapaba,2023,10,20542284.0
2312908,11,Sertão de Sobral,2023,10,41609660.0
2313302,13,Sertão dos Inhamuns,2023,10,17467028.0
2313401,08,Serra da Ibiapaba,2023,10,18756660.0
2314102,08,Serra da Ibiapaba,2023,10,9521385.0
2300200,05,Litoral Norte,2023,11,21085003.0
2300309,02,Centro Sul,2023,11,8787247.0
2301000,03,Grande Fortaleza,2023,11,21104903.0
2301109,04,Litoral Leste,2023,11,23170748.0
2301901,01,Cariri,2023,11,18462644.0
2302107,07,Maciço do Baturité,2023,11,30224730.0
2302404,10,Sertão de Canindé,2023,11,16592478.0
2302503,01,Cariri,2023,11,37137846.0
2302701,01,Cariri,2023,11,16232185.0
2302800,10,Sertão de Canindé,2023,11,26838621.0
2303501,03,Grande Fortaleza,2023,11,17961011.0
2303709,03,Grande Fortaleza,2023,11,56994691.0
2304103,12,Sertão dos Crateús,2023,11,21997876.0
2304202,01,Cariri,2023,11,25535614.0
2304285,03,Grande Fortaleza,2023,11,30778930.0
2304400,03,Grande Fortaleza,2023,11,7649702657.0
2304707,05,Litoral Norte,2023,11,22670077.0
2305233,03,Grande Fortaleza,2023,11,26728124.0
2305506,02,Centro Sul,2023,11,41348000.0
2306306,06,Litoral Oeste / Vale do Curu,2023,11,20628598.0
2306405,06,Litoral Oeste / Vale do Curu,2023,11,39823652.0
2306900,14,Vale do Jaguaribe,2023,11,16056942.0
2307304,01,Cariri,2023,11,76212598.0
2307502,01,Cariri,2023,11,12066268.0
2307601,14,Vale do Jaguaribe,2023,11,32241099.0
2307650,03,Grande Fortaleza,2023,11,105671730.0
2307700,03,Grande Fortaleza,2023,11,33035783.0
2308500,09,Sertão Central,2023,11,13849991.0
2309300,12,Sertão dos Crateús,2023,11,23928905.0
2309607,03,Grande Fortaleza,2023,11,19449904.0
2311306,09,Sertão Central,2023,11,23744420.0
2311405,09,Sertão Central,2023,11,10711735.0
2311801,14,Vale do Jaguaribe,2023,11,18696006.0
2312205,12,Sertão dos Crateús,2023,11,9412508.0
2312304,08,Serra da Ibiapaba,2023,11,18761722.0
2312908,11,Sertão de Sobral,2023,11,40642387.0
2313302,13,Sertão dos Inhamuns,2023,11,17435210.0
2313401,08,Serra da Ibiapaba,2023,11,17122731.0
2314102,08,Serra da Ibiapaba,2023,11,8962636.0
2300200,05,Litoral Norte,2023,12,20025110.0
2300309,02,Centro Sul,2023,12,8858926.0
2301000,03,Grande Fortaleza,2023,12,20513257.0
2301109,04,Litoral Leste,2023,12,21850725.0
2301901,01,Cariri,2023,12,17697341.0
2302107,07,Maciço do Baturité,2023,12,29785780.0
2302404,10,Sertão de Canindé,2023,12,16353349.0
2302503,01,Cariri,2023,12,35501352.0
2302701,01,Cariri,2023,12,16033188.0
2302800,10,Sertão de Canindé,2023,12,26309305.0
2303501,03,Grande Fortaleza,2023,12,17725087.0
2303709,03,Grande Fortaleza,2023,12,57618690.0
2304103,12,Sertão dos Crateús,2023,12,21920722.0
2304202,01,Cariri,2023,12,25062725.0
2304285,03,Grande Fortaleza,2023,12,29817763.0
2304400,03,Grande Fortaleza,2023,12,7416603313.0
2304707,05,Litoral Norte,2023,12,22315783.0
2305233,03,Grande Fortaleza,2023,12,26045623.0
2305506,02,Centro Sul,2023,12,39964319.0
2306306,06,Litoral Oeste / Vale do Curu,2023,12,20477464.0
2306405,06,Litoral Oeste / Vale do Curu,2023,12,39432414.0
2306900,14,Vale do Jaguaribe,2023,12,15556572.0
2307304,01,Cariri,2023,12,72990498.0
2307502,01,Cariri,2023,12,11761213.0
2307601,14,Vale do Jaguaribe,2023,12,32347917.0
2307650,03,Grande Fortaleza,2023,12,101548962.0
2307700,03,Grande Fortaleza,2023,12,32761974.0
2308500,09,Sertão Central,2023,12,13891752.0
2309300,12,Sertão dos Crateús,2023,12,22730228.0
2309607,03,Grande Fortaleza,2023,12,20223655.0
2311306,09,Sertão Central,2023,12,23061807.0
2311405,09,Sertão Central,2023,12,10383647.0
2311801,14,Vale do Jaguaribe,2023,12,18841492.0
2312205,12,Sertão dos Crateús,2023,12,9298396.0
2312304,08,Serra da Ibiapaba,2023,12,18328114.0
2312908,11,Sertão de Sobral,2023,12,41992628.0
2313302,13,Sertão dos Inhamuns,2023,12,17329291.0
2313401,08,Serra da Ibiapaba,2023,12,16803085.0
2314102,08,Serra da Ibiapaba,2023,12,8967185.0
2300200,05,Litoral Norte,2024,1,18084823.0
2300309,02,Centro Sul,2024,1,8284895.0
2301000,03,Grande Fortaleza,2024,1,19150980.0
2301109,04,Litoral Leste,2024,1,19864645.0
2301901,01,Cariri,2024,1,16291042.0
2302107,07,Maciço do Baturité,2024,1,27100853.0
2302404,10,Sertão de Canindé,2024,1,14681042.0
2302503,01,Cariri,2024,1,34536073.0
2302701,01,Cariri,2024,1,14412837.0
2302800,10,Sertão de Canindé,2024,1,24321106.0
2303501,03,Grande Fortaleza,2024,1,16311779.0
2303709,03,Grande Fortaleza,2024,1,51417436.0
2304103,12,Sertão dos Crateús,2024,1,20031030.0
2304202,01,Cariri,2024,1,26664985.0
2304285,03,Grande Fortaleza,2024,1,43943508.0
2304400,03,Grande Fortaleza,2024,1,6935008265.0
2304707,05,Litoral Norte,2024,1,19932125.0
2305233,03,Grande Fortaleza,2024,1,25208626.0
2305506,02,Centro Sul,2024,1,40684052.0
2306306,06,Litoral Oeste / Vale do Curu,2024,1,18855850.0
2306405,06,Litoral Oeste / Vale do Curu,2024,1,36542100.0
2306900,14,Vale do Jaguaribe,2024,1,14308513.0
2307304,01,Cariri,2024,1,63764380.0
2307502,01,Cariri,2024,1,10576807.0
2307601,14,Vale do Jaguaribe,2024,1,30116834.0
2307650,03,Grande Fortaleza,2024,1,89310432.0
2307700,03,Grande Fortaleza,2024,1,30671215.0
2308500,09,Sertão Central,2024,1,12480920.0
2309300,12,Sertão dos Crateús,2024,1,20757811.0
2309607,03,Grande Fortaleza,2024,1,20667877.0
2311306,09,Sertão Central,2024,1,20499805.0
2311405,09,Sertão Central,2024,1,9781483.0
2311801,14,Vale do Jaguaribe,2024,1,17398999.0
2312205,12,Sertão dos Crateús,2024,1,8502341.0
2312304,08,Serra da Ibiapaba,2024,1,16512929.0
2312908,11,Sertão de Sobral,2024,1,39242158.0
2313302,13,Sertão dos Inhamuns,2024,1,15825775.0
2313401,08,Serra da Ibiapaba,2024,1,15968754.0
2314102,08,Serra da Ibiapaba,2024,1,8768596.0
2300200,05,Litoral Norte,2024,2,17975247.0
2300309,02,Centro Sul,2024,2,7829402.0
2301000,03,Grande Fortaleza,2024,2,18162320.0
2301109,04,Litoral Leste,2024,2,19062501.0
2301901,01,Cariri,2024,2,15415307.0
2302107,07,Maciço do Baturité,2024,2,25322414.0
2302404,10,Sertão de Canindé,2024,2,13845794.0
2302503,01,Cariri,2024,2,32876411.0
2302701,01,Cariri,2024,2,13132289.0
2302800,10,Sertão de Canindé,2024,2,23180404.0
2303501,03,Grande Fortaleza,2024,2,15368660.0
2303709,03,Grande Fortaleza,2024,2,48470525.0
2304103,12,Sertão dos Crateús,2024,2,19162309.0
2304202,01,Cariri,2024,2,26060891.0
2304285,03,Grande Fortaleza,2024,2,61464764.0
2304400,03,Grande Fortaleza,2024,2,6870717013.0
2304707,05,Litoral Norte,2024,2,18801999.0
2305233,03,Grande Fortaleza,2024,2,23569617.0
2305506,02,Centro Sul,2024,2,39298750.0
2306306,06,Litoral Oeste / Vale do Curu,2024,2,18070270.0
2306405,06,Litoral Oeste / Vale do Curu,2024,2,33963286.0
2306900,14,Vale do Jaguaribe,2024,2,13298918.0
2307304,01,Cariri,2024,2,62074104.0
2307502,01,Cariri,2024,2,9663469.0
2307601,14,Vale do Jaguaribe,2024,2,29152507.0
2307650,03,Grande Fortaleza,2024,2,86789157.0
2307700,03,Grande Fortaleza,2024,2,32588326.0
2308500,09,Sertão Central,2024,2,12021098.0
2309300,12,Sertão dos Crateús,2024,2,19501511.0
2309607,03,Grande Fortaleza,2024,2,19488821.0
2311306,09,Sertão Central,2024,2,19911792.0
2311405,09,Sertão Central,2024,2,9230638.0
2311801,14,Vale do Jaguaribe,2024,2,16648228.0
2312205,12,Sertão dos Crateús,2024,2,8145555.0
2312304,08,Serra da Ibiapaba,2024,2,15406071.0
2312908,11,Sertão de Sobral,2024,2,38436840.0
2313302,13,Sertão dos Inhamuns,2024,2,15244737.0
2313401,08,Serra da Ibiapaba,2024,2,15006259.0
2314102,08,Serra da Ibiapaba,2024,2,8357885.0
2300200,05,Litoral Norte,2024,3,18173998.0
2300309,02,Centro Sul,2024,3,7904997.0
2301000,03,Grande Fortaleza,2024,3,18812076.0
2301109,04,Litoral Leste,2024,3,18681431.0
2301901,01,Cariri,2024,3,15506568.0
2302107,07,Maciço do Baturité,2024,3,24548391.0
2302404,10,Sertão de Canindé,2024,3,13889857.0
2302503,01,Cariri,2024,3,31677460.0
2302701,01,Cariri,2024,3,13172332.0
2302800,10,Sertão de Canindé,2024,3,22586136.0
2303501,03,Grande Fortaleza,2024,3,15014294.0
2303709,03,Grande Fortaleza,2024,3,47130504.0
2304103,12,Sertão dos Crateús,2024,3,18606620.0
2304202,01,Cariri,2024,3,25700270.0
2304285,03,Grande Fortaleza,2024,3,60385378.0
2304400,03,Grande Fortaleza,2024,3,6994830351.0
2304707,05,Litoral Norte,2024,3,18387456.0
2305233,03,Grande Fortaleza,2024,3,22245325.0
2305506,02,Centro Sul,2024,3,41029951.0
2306306,06,Litoral Oeste / Vale do Curu,2024,3,17631226.0
2306405,06,Litoral Oeste / Vale do Curu,2024,3,33808624.0
2306900,14,Vale do Jaguaribe,2024,3,12986054.0
2307304,01,Cariri,2024,3,60449423.0
2307502,01,Cariri,2024,3,9284286.0
2307601,14,Vale do Jaguaribe,2024,3,29060594.0
2307650,03,Grande Fortaleza,2024,3,84910180.0
2307700,03,Grande Fortaleza,2024,3,31924332.0
2308500,09,Sertão Central,2024,3,11836020.0
2309300,12,Sertão dos Crateús,2024,3,18826906.0
2309607,03,Grande Fortaleza,2024,3,18792694.0
2311306,09,Sertão Central,2024,3,19111393.0
2311405,09,Sertão Central,2024,3,8621702.0
2311801,14,Vale do Jaguaribe,2024,3,16377046.0
2312205,12,Sertão dos Crateús,2024,3,8125132.0
2312304,08,Serra da Ibiapaba,2024,3,15208037.0
2312908,11,Sertão de Sobral,2024,3,37276643.0
2313302,13,Sertão dos Inhamuns,2024,3,15547519.0
2313401,08,Serra da Ibiapaba,2024,3,14276331.0
2314102,08,Serra da Ibiapaba,2024,3,8164903.0
2300200,05,Litoral Norte,2024,4,17987920.0
2300309,02,Centro Sul,2024,4,7757381.0
2301000,03,Grande Fortaleza,2024,4,19467663.0
2301109,04,Litoral Leste,2024,4,18091113.0
2301901,01,Cariri,2024,4,15499767.0
2302107,07,Maciço do Baturité,2024,4,24313180.0
2302404,10,Sertão de Canindé,2024,4,13439374.0
2302503,01,Cariri,2024,4,31393067.0
2302701,01,Cariri,2024,4,13510831.0
2302800,10,Sertão de Canindé,2024,4,22394608.0
2303501,03,Grande Fortaleza,2024,4,14642903.0
2303709,03,Grande Fortaleza,2024,4,46456624.0
2304103,12,Sertão dos Crateús,2024,4,18285518.0
2304202,01,Cariri,2024,4,25949713.0
2304285,03,Grande Fortaleza,2024,4,60061221.0
2304400,03,Grande Fortaleza,2024,4,6911697889.0
2304707,05,Litoral Norte,2024,4,18246025.0
2305233,03,Grande Fortaleza,2024,4,21271250.0
2305506,02,Centro Sul,2024,4,41692503.0
2306306,06,Litoral Oeste / Vale do Curu,2024,4,16914386.0
2306405,06,Litoral Oeste / Vale do Curu,2024,4,34469265.0
2306900,14,Vale do Jaguaribe,2024,4,12801613.0
2307304,01,Cariri,2024,4,67868617.0
2307502,01,Cariri,2024,4,9562441.0
2307601,14,Vale do Jaguaribe,2024,4,29359719.0
2307650,03,Grande Fortaleza,2024,4,79713270.0
2307700,03,Grande Fortaleza,2024,4,31428389.0
2308500,09,Sertão Central,2024,4,11634697.0
2309300,12,Sertão dos Crateús,2024,4,19399805.0
2309607,03,Grande Fortaleza,2024,4,18439335.0
2311306,09,Sertão Central,2024,4,18849669.0
2311405,09,Sertão Central,2024,4,8438784.0
2311801,14,Vale do Jaguaribe,2024,4,16421946.0
2312205,12,Sertão dos Crateús,2024,4,7953205.0
2312304,08,Serra da Ibiapaba,2024,4,15146083.0
2312908,11,Sertão de Sobral,2024,4,38260632.0
2313302,13,Sertão dos Inhamuns,2024,4,16355961.0
2313401,08,Serra da Ibiapaba,2024,4,14863453.0
2314102,08,Serra da Ibiapaba,2024,4,8342619.0
2300200,05,Litoral Norte,2024,5,17922867.0
2300309,02,Centro Sul,2024,5,7909944.0
2301000,03,Grande Fortaleza,2024,5,23440628.0
2301109,04,Litoral Leste,2024,5,30974218.0
2301901,01,Cariri,2024,5,15774486.0
2302107,07,Maciço do Baturité,2024,5,26302314.0
2302404,10,Sertão de Canindé,2024,5,13589416.0
2302503,01,Cariri,2024,5,30928782.0
2302701,01,Cariri,2024,5,13873830.0
2302800,10,Sertão de Canindé,2024,5,22919675.0
2303501,03,Grande Fortaleza,2024,5,14821150.0
2303709,03,Grande Fortaleza,2024,5,46070677.0
2304103,12,Sertão dos Crateús,2024,5,19127090.0
2304202,01,Cariri,2024,5,25989697.0
2304285,03,Grande Fortaleza,2024,5,59344376.0
2304400,03,Grande Fortaleza,2024,5,6885970803.0
2304707,05,Litoral Norte,2024,5,18648662.0
2305233,03,Grande Fortaleza,2024,5,20715368.0
2305506,02,Centro Sul,2024,5,41399023.0
2306306,06,Litoral Oeste / Vale do Curu,2024,5,17423487.0
2306405,06,Litoral Oeste / Vale do Curu,2024,5,34352576.0
2306900,14,Vale do Jaguaribe,2024,5,12953520.0
2307304,01,Cariri,2024,5,71205659.0
2307502,01,Cariri,2024,5,10024189.0
2307601,14,Vale do Jaguaribe,2024,5,29587361.0
2307650,03,Grande Fortaleza,2024,5,81804130.0
2307700,03,Grande Fortaleza,2024,5,31426320.0
2308500,09,Sertão Central,2024,5,11569943.0
2309300,12,Sertão dos Crateús,2024,5,18420055.0
2309607,03,Grande Fortaleza,2024,5,17651717.0
2311306,09,Sertão Central,2024,5,20006151.0
2311405,09,Sertão Central,2024,5,8289747.0
2311801,14,Vale do Jaguaribe,2024,5,17431684.0
2312205,12,Sertão dos Crateús,2024,5,7991451.0
2312304,08,Serra da Ibiapaba,2024,5,15007029.0
2312908,11,Sertão de Sobral,2024,5,42248047.0
2313302,13,Sertão dos Inhamuns,2024,5,16700934.0
2313401,08,Serra da Ibiapaba,2024,5,14761161.0
2314102,08,Serra da Ibiapaba,2024,5,8599021.0
2300200,05,Litoral Norte,2024,6,19361621.0
2300309,02,Centro Sul,2024,6,8198776.0
2301000,03,Grande Fortaleza,2024,6,25005798.0
2301109,04,Litoral Leste,2024,6,32783002.0
2301901,01,Cariri,2024,6,16876473.0
2302107,07,Maciço do Baturité,2024,6,29947609.0
2302404,10,Sertão de Canindé,2024,6,14845312.0
2302503,01,Cariri,2024,6,34298336.0
2302701,01,Cariri,2024,6,15437541.0
2302800,10,Sertão de Canindé,2024,6,24640792.0
2303501,03,Grande Fortaleza,2024,6,17907423.0
2303709,03,Grande Fortaleza,2024,6,54388118.0
2304103,12,Sertão dos Crateús,2024,6,21692238.0
2304202,01,Cariri,2024,6,29768854.0
2304285,03,Grande Fortaleza,2024,6,58496010.0
2304400,03,Grande Fortaleza,2024,6,7297693208.0
2304707,05,Litoral Norte,2024,6,21013366.0
2305233,03,Grande Fortaleza,2024,6,27246232.0
2305506,02,Centro Sul,2024,6,45733553.0
2306306,06,Litoral Oeste / Vale do Curu,2024,6,18969554.0
2306405,06,Litoral Oeste / Vale do Curu,2024,6,38318396.0
2306900,14,Vale do Jaguaribe,2024,6,13924470.0
2307304,01,Cariri,2024,6,72745751.0
2307502,01,Cariri,2024,6,10617810.0
2307601,14,Vale do Jaguaribe,2024,6,30572135.0
2307650,03,Grande Fortaleza,2024,6,87303489.0
2307700,03,Grande Fortaleza,2024,6,32892576.0
2308500,09,Sertão Central,2024,6,12562395.0
2309300,12,Sertão dos Crateús,2024,6,20888995.0
2309607,03,Grande Fortaleza,2024,6,18175730.0
2311306,09,Sertão Central,2024,6,22394097.0
2311405,09,Sertão Central,2024,6,9454452.0
2311801,14,Vale do Jaguaribe,2024,6,18362164.0
2312205,12,Sertão dos Crateús,2024,6,8659934.0
2312304,08,Serra da Ibiapaba,2024,6,16651643.0
2312908,11,Sertão de Sobral,2024,6,44637340.0
2313302,13,Sertão dos Inhamuns,2024,6,18399182.0
2313401,08,Serra da Ibiapaba,2024,6,16011107.0
2314102,08,Serra da Ibiapaba,2024,6,9178109.0
2300200,05,Litoral Norte,2024,7,20632510.0
2300309,02,Centro Sul,2024,7,8114375.0
2301000,03,Grande Fortaleza,2024,7,24837585.0
2301109,04,Litoral Leste,2024,7,32899221.0
2301901,01,Cariri,2024,7,17718614.0
2302107,07,Maciço do Baturité,2024,7,32172383.0
2302404,10,Sertão de Canindé,2024,7,15686932.0
2302503,01,Cariri,2024,7,35020790.0
2302701,01,Cariri,2024,7,15755656.0
2302800,10,Sertão de Canindé,2024,7,25485766.0
2303501,03,Grande Fortaleza,2024,7,18910994.0
2303709,03,Grande Fortaleza,2024,7,57777403.0
2304103,12,Sertão dos Crateús,2024,7,22738169.0
2304202,01,Cariri,2024,7,30478126.0
2304285,03,Grande Fortaleza,2024,7,70495588.0
2304400,03,Grande Fortaleza,2024,7,7396492750.0
2304707,05,Litoral Norte,2024,7,21929771.0
2305233,03,Grande Fortaleza,2024,7,27236760.0
2305506,02,Centro Sul,2024,7,41571143.0
2306306,06,Litoral Oeste / Vale do Curu,2024,7,19922669.0
2306405,06,Litoral Oeste / Vale do Curu,2024,7,40252217.0
2306900,14,Vale do Jaguaribe,2024,7,14476276.0
2307304,01,Cariri,2024,7,75157199.0
2307502,01,Cariri,2024,7,11419911.0
2307601,14,Vale do Jaguaribe,2024,7,32194187.0
2307650,03,Grande Fortaleza,2024,7,89717668.0
2307700,03,Grande Fortaleza,2024,7,32564455.0
2308500,09,Sertão Central,2024,7,13108845.0
2309300,12,Sertão dos Crateús,2024,7,22048603.0
2309607,03,Grande Fortaleza,2024,7,19082973.0
2311306,09,Sertão Central,2024,7,23954256.0
2311405,09,Sertão Central,2024,7,9206506.0
2311801,14,Vale do Jaguaribe,2024,7,19041047.0
2312205,12,Sertão dos Crateús,2024,7,9322949.0
2312304,08,Serra da Ibiapaba,2024,7,17621019.0
2312908,11,Sertão de Sobral,2024,7,47064284.0
2313302,13,Sertão dos Inhamuns,2024,7,19284123.0
2313401,08,Serra da Ibiapaba,2024,7,17024162.0
2314102,08,Serra da Ibiapaba,2024,7,9452364.0
2300200,05,Litoral Norte,2024,8,21198419.0
2300309,02,Centro Sul,2024,8,8209650.0
2301000,03,Grande Fortaleza,2024,8,25965947.0
2301109,04,Litoral Leste,2024,8,33272080.0
2301901,01,Cariri,2024,8,19012162.0
2302107,07,Maciço do Baturité,2024,8,33403361.0
2302404,10,Sertão de Canindé,2024,8,16399761.0
2302503,01,Cariri,2024,8,35863852.0
2302701,01,Cariri,2024,8,16102003.0
2302800,10,Sertão de Canindé,2024,8,27100281.0
2303501,03,Grande Fortaleza,2024,8,20102052.0
2303709,03,Grande Fortaleza,2024,8,61164949.0
2304103,12,Sertão dos Crateús,2024,8,23515799.0
2304202,01,Cariri,2024,8,30953692.0
2304285,03,Grande Fortaleza,2024,8,71575715.0
2304400,03,Grande Fortaleza,2024,8,7421155035.0
2304707,05,Litoral Norte,2024,8,23482972.0
2305233,03,Grande Fortaleza,2024,8,26576844.0
2305506,02,Centro Sul,2024,8,42811331.0
2306306,06,Litoral Oeste / Vale do Curu,2024,8,21177157.0
2306405,06,Litoral Oeste / Vale do Curu,2024,8,42605635.0
2306900,14,Vale do Jaguaribe,2024,8,15032568.0
2307304,01,Cariri,2024,8,74822833.0
2307502,01,Cariri,2024,8,11725368.0
2307601,14,Vale do Jaguaribe,2024,8,33162116.0
2307650,03,Grande Fortaleza,2024,8,99051696.0
2307700,03,Grande Fortaleza,2024,8,33570438.0
2308500,09,Sertão Central,2024,8,13682244.0
2309300,12,Sertão dos Crateús,2024,8,22698630.0
2309607,03,Grande Fortaleza,2024,8,19230031.0
2311306,09,Sertão Central,2024,8,24901107.0
2311405,09,Sertão Central,2024,8,11600096.0
2311801,14,Vale do Jaguaribe,2024,8,19261173.0
2312205,12,Sertão dos Crateús,2024,8,9258678.0
2312304,08,Serra da Ibiapaba,2024,8,18136644.0
2312908,11,Sertão de Sobral,2024,8,49568935.0
2313302,13,Sertão dos Inhamuns,2024,8,19959654.0
2313401,08,Serra da Ibiapaba,2024,8,17988786.0
2314102,08,Serra da Ibiapaba,2024,8,9616458.0
2300200,05,Litoral Norte,2024,9,23185354.0
2300309,02,Centro Sul,2024,9,9135583.0
2301000,03,Grande Fortaleza,2024,9,26176609.0
2301109,04,Litoral Leste,2024,9,34132384.0
2301901,01,Cariri,2024,9,20075049.0
2302107,07,Maciço do Baturité,2024,9,33705359.0
2302404,10,Sertão de Canindé,2024,9,17424481.0
2302503,01,Cariri,2024,9,38263310.0
2302701,01,Cariri,2024,9,17249770.0
2302800,10,Sertão de Canindé,2024,9,28330575.0
2303501,03,Grande Fortaleza,2024,9,20788923.0
2303709,03,Grande Fortaleza,2024,9,63916690.0
2304103,12,Sertão dos Crateús,2024,9,24214484.0
2304202,01,Cariri,2024,9,32532953.0
2304285,03,Grande Fortaleza,2024,9,70352079.0
2304400,03,Grande Fortaleza,2024,9,7637124666.0
2304707,05,Litoral Norte,2024,9,24176397.0
2305233,03,Grande Fortaleza,2024,9,26121254.0
2305506,02,Centro Sul,2024,9,44824534.0
2306306,06,Litoral Oeste / Vale do Curu,2024,9,22523429.0
2306405,06,Litoral Oeste / Vale do Curu,2024,9,45291116.0
2306900,14,Vale do Jaguaribe,2024,9,15971615.0
2307304,01,Cariri,2024,9,74734414.0
2307502,01,Cariri,2024,9,12364807.0
2307601,14,Vale do Jaguaribe,2024,9,36225709.0
2307650,03,Grande Fortaleza,2024,9,100886611.0
2307700,03,Grande Fortaleza,2024,9,36220404.0
2308500,09,Sertão Central,2024,9,14403476.0
2309300,12,Sertão dos Crateús,2024,9,23762087.0
2309607,03,Grande Fortaleza,2024,9,19252249.0
2311306,09,Sertão Central,2024,9,26976827.0
2311405,09,Sertão Central,2024,9,12232750.0
2311801,14,Vale do Jaguaribe,2024,9,19949387.0
2312205,12,Sertão dos Crateús,2024,9,9819030.0
2312304,08,Serra da Ibiapaba,2024,9,19391317.0
2312908,11,Sertão de Sobral,2024,9,51011375.0
2313302,13,Sertão dos Inhamuns,2024,9,21209600.0
2313401,08,Serra da Ibiapaba,2024,9,18880883.0
2314102,08,Serra da Ibiapaba,2024,9,10441263.0
2300200,05,Litoral Norte,2024,10,24914921.0
2300309,02,Centro Sul,2024,10,9565454.0
2301000,03,Grande Fortaleza,2024,10,26396308.0
2301109,04,Litoral Leste,2024,10,34496654.0
2301901,01,Cariri,2024,10,21374657.0
2302107,07,Maciço do Baturité,2024,10,34910619.0
2302404,10,Sertão de Canindé,2024,10,18238054.0
2302503,01,Cariri,2024,10,39121004.0
2302701,01,Cariri,2024,10,17886152.0
2302800,10,Sertão de Canindé,2024,10,28787566.0
2303501,03,Grande Fortaleza,2024,10,21322566.0
2303709,03,Grande Fortaleza,2024,10,65840605.0
2304103,12,Sertão dos Crateús,2024,10,25615458.0
2304202,01,Cariri,2024,10,34393624.0
2304285,03,Grande Fortaleza,2024,10,68948298.0
2304400,03,Grande Fortaleza,2024,10,7716963114.0
2304707,05,Litoral Norte,2024,10,26240794.0
2305233,03,Grande Fortaleza,2024,10,27537678.0
2305506,02,Centro Sul,2024,10,46333012.0
2306306,06,Litoral Oeste / Vale do Curu,2024,10,23066230.0
2306405,06,Litoral Oeste / Vale do Curu,2024,10,47574223.0
2306900,14,Vale do Jaguaribe,2024,10,17042646.0
2307304,01,Cariri,2024,10,76249643.0
2307502,01,Cariri,2024,10,12768939.0
2307601,14,Vale do Jaguaribe,2024,10,38476496.0
2307650,03,Grande Fortaleza,2024,10,110848706.0
2307700,03,Grande Fortaleza,2024,10,34039991.0
2308500,09,Sertão Central,2024,10,14853990.0
2309300,12,Sertão dos Crateús,2024,10,24810297.0
2309607,03,Grande Fortaleza,2024,10,19161710.0
2311306,09,Sertão Central,2024,10,28198546.0
2311405,09,Sertão Central,2024,10,12581231.0
2311801,14,Vale do Jaguaribe,2024,10,21243123.0
2312205,12,Sertão dos Crateús,2024,10,9917854.0
2312304,08,Serra da Ibiapaba,2024,10,20562108.0
2312908,11,Sertão de Sobral,2024,10,53379560.0
2313302,13,Sertão dos Inhamuns,2024,10,21611726.0
2313401,08,Serra da Ibiapaba,2024,10,19789569.0
2314102,08,Serra da Ibiapaba,2024,10,11260188.0
2300200,05,Litoral Norte,2024,11,25256762.0
2300309,02,Centro Sul,2024,11,9918345.0
2301000,03,Grande Fortaleza,2024,11,28977666.0
2301109,04,Litoral Leste,2024,11,35608404.0
2301901,01,Cariri,2024,11,21618827.0
2302107,07,Maciço do Baturité,2024,11,37693060.0
2302404,10,Sertão de Canindé,2024,11,19155145.0
2302503,01,Cariri,2024,11,39963506.0
2302701,01,Cariri,2024,11,18646808.0
2302800,10,Sertão de Canindé,2024,11,29630478.0
2303501,03,Grande Fortaleza,2024,11,21828980.0
2303709,03,Grande Fortaleza,2024,11,71338500.0
2304103,12,Sertão dos Crateús,2024,11,27277064.0
2304202,01,Cariri,2024,11,35759087.0
2304285,03,Grande Fortaleza,2024,11,81109807.0
2304400,03,Grande Fortaleza,2024,11,7826856081.0
2304707,05,Litoral Norte,2024,11,27140194.0
2305233,03,Grande Fortaleza,2024,11,31969801.0
2305506,02,Centro Sul,2024,11,48698694.0
2306306,06,Litoral Oeste / Vale do Curu,2024,11,23420482.0
2306405,06,Litoral Oeste / Vale do Curu,2024,11,49294961.0
2306900,14,Vale do Jaguaribe,2024,11,17256908.0
2307304,01,Cariri,2024,11,78771028.0
2307502,01,Cariri,2024,11,13701478.0
2307601,14,Vale do Jaguaribe,2024,11,41724251.0
2307650,03,Grande Fortaleza,2024,11,132541697.0
2307700,03,Grande Fortaleza,2024,11,35727350.0
2308500,09,Sertão Central,2024,11,15381348.0
2309300,12,Sertão dos Crateús,2024,11,26106226.0
2309607,03,Grande Fortaleza,2024,11,21066857.0
2311306,09,Sertão Central,2024,11,29164680.0
2311405,09,Sertão Central,2024,11,13140592.0
2311801,14,Vale do Jaguaribe,2024,11,21810552.0
2312205,12,Sertão dos Crateús,2024,11,10085762.0
2312304,08,Serra da Ibiapaba,2024,11,20641809.0
2312908,11,Sertão de Sobral,2024,11,56767765.0
2313302,13,Sertão dos Inhamuns,2024,11,22234893.0
2313401,08,Serra da Ibiapaba,2024,11,19979154.0
2314102,08,Serra da Ibiapaba,2024,11,11783519.0
2300200,05,Litoral Norte,2024,12,28155919.0
2300309,02,Centro Sul,2024,12,10256977.0
2301000,03,Grande Fortaleza,2024,12,29536460.0
2301109,04,Litoral Leste,2024,12,35982585.0
2301901,01,Cariri,2024,12,22848377.0
2302107,07,Maciço do Baturité,2024,12,39006688.0
2302404,10,Sertão de Canindé,2024,12,21318022.0
2302503,01,Cariri,2024,12,41586029.0
2302701,01,Cariri,2024,12,19990013.0
2302800,10,Sertão de Canindé,2024,12,31224656.0
2303501,03,Grande Fortaleza,2024,12,22563560.0
2303709,03,Grande Fortaleza,2024,12,76150037.0
2304103,12,Sertão dos Crateús,2024,12,30352951.0
2304202,01,Cariri,2024,12,37643267.0
2304285,03,Grande Fortaleza,2024,12,79375896.0
2304400,03,Grande Fortaleza,2024,12,7989909409.0
2304707,05,Litoral Norte,2024,12,28924018.0
2305233,03,Grande Fortaleza,2024,12,30988626.0
2305506,02,Centro Sul,2024,12,50951966.0
2306306,06,Litoral Oeste / Vale do Curu,2024,12,25243058.0
2306405,06,Litoral Oeste / Vale do Curu,2024,12,53941953.0
2306900,14,Vale do Jaguaribe,2024,12,17954030.0
2307304,01,Cariri,2024,12,88685176.0
2307502,01,Cariri,2024,12,14339780.0
2307601,14,Vale do Jaguaribe,2024,12,39818851.0
2307650,03,Grande Fortaleza,2024,12,135278998.0
2307700,03,Grande Fortaleza,2024,12,35658320.0
2308500,09,Sertão Central,2024,12,16227644.0
2309300,12,Sertão dos Crateús,2024,12,27802200.0
2309607,03,Grande Fortaleza,2024,12,21040851.0
2311306,09,Sertão Central,2024,12,30563479.0
2311405,09,Sertão Central,2024,12,13752928.0
2311801,14,Vale do Jaguaribe,2024,12,22378437.0
2312205,12,Sertão dos Crateús,2024,12,10665778.0
2312304,08,Serra da Ibiapaba,2024,12,21992798.0
2312908,11,Sertão de Sobral,2024,12,59517957.0
2313302,13,Sertão dos Inhamuns,2024,12,22924094.0
2313401,08,Serra da Ibiapaba,2024,12,20312459.0
2314102,08,Serra da Ibiapaba,2024,12,12435911.0
2300200,05,Litoral Norte,2025,1,27006372.0
2300309,02,Centro Sul,2025,1,9952877.0
2301000,03,Grande Fortaleza,2025,1,30204382.0
2301109,04,Litoral Leste,2025,1,35092849.0
2301901,01,Cariri,2025,1,22224122.0
2302107,07,Maciço do Baturité,2025,1,39598511.0
2302404,10,Sertão de Canindé,2025,1,20655024.0
2302503,01,Cariri,2025,1,41128665.0
2302701,01,Cariri,2025,1,18946773.0
2302800,10,Sertão de Canindé,2025,1,30811226.0
2303501,03,Grande Fortaleza,2025,1,22495893.0
2303709,03,Grande Fortaleza,2025,1,75809733.0
2304103,12,Sertão dos Crateús,2025,1,29702072.0
2304202,01,Cariri,2025,1,36198534.0
2304285,03,Grande Fortaleza,2025,1,77413299.0
2304400,03,Grande Fortaleza,2025,1,7493610224.0
2304707,05,Litoral Norte,2025,1,27868764.0
2305233,03,Grande Fortaleza,2025,1,30545270.0
2305506,02,Centro Sul,2025,1,49095471.0
2306306,06,Litoral Oeste / Vale do Curu,2025,1,24725761.0
2306405,06,Litoral Oeste / Vale do Curu,2025,1,52614771.0
2306900,14,Vale do Jaguaribe,2025,1,17652375.0
2307304,01,Cariri,2025,1,86644043.0
2307502,01,Cariri,2025,1,14303865.0
2307601,14,Vale do Jaguaribe,2025,1,39430599.0
2307650,03,Grande Fortaleza,2025,1,134173150.0
2307700,03,Grande Fortaleza,2025,1,35285820.0
2308500,09,Sertão Central,2025,1,15309564.0
2309300,12,Sertão dos Crateús,2025,1,27968011.0
2309607,03,Grande Fortaleza,2025,1,21080742.0
2311306,09,Sertão Central,2025,1,30740069.0
2311405,09,Sertão Central,2025,1,13288405.0
2311801,14,Vale do Jaguaribe,2025,1,21932899.0
2312205,12,Sertão dos Crateús,2025,1,10536535.0
2312304,08,Serra da Ibiapaba,2025,1,21260270.0
2312908,11,Sertão de Sobral,2025,1,58693446.0
2313302,13,Sertão dos Inhamuns,2025,1,22383849.0
2313401,08,Serra da Ibiapaba,2025,1,19035409.0
2314102,08,Serra da Ibiapaba,2025,1,11934178.0
2300200,05,Litoral Norte,2025,2,26742139.0
2300309,02,Centro Sul,2025,2,9965931.0
2301000,03,Grande Fortaleza,2025,2,31533077.0
2301109,04,Litoral Leste,2025,2,35181886.0
2301901,01,Cariri,2025,2,22328641.0
2302107,07,Maciço do Baturité,2025,2,40054293.0
2302404,10,Sertão de Canindé,2025,2,20767325.0
2302503,01,Cariri,2025,2,41203171.0
2302701,01,Cariri,2025,2,19253181.0
2302800,10,Sertão de Canindé,2025,2,30161443.0
2303501,03,Grande Fortaleza,2025,2,22414850.0
2303709,03,Grande Fortaleza,2025,2,75874204.0
2304103,12,Sertão dos Crateús,2025,2,29115920.0
2304202,01,Cariri,2025,2,36526294.0
2304285,03,Grande Fortaleza,2025,2,76982635.0
2304400,03,Grande Fortaleza,2025,2,7390601137.0
2304707,05,Litoral Norte,2025,2,28090944.0
2305233,03,Grande Fortaleza,2025,2,34282933.0
2305506,02,Centro Sul,2025,2,48846312.0
2306306,06,Litoral Oeste / Vale do Curu,2025,2,24360048.0
2306405,06,Litoral Oeste / Vale do Curu,2025,2,51509025.0
2306900,14,Vale do Jaguaribe,2025,2,18126462.0
2307304,01,Cariri,2025,2,90128675.0
2307502,01,Cariri,2025,2,14054175.0
2307601,14,Vale do Jaguaribe,2025,2,37186758.0
2307650,03,Grande Fortaleza,2025,2,132690188.0
2307700,03,Grande Fortaleza,2025,2,38360705.0
2308500,09,Sertão Central,2025,2,15277890.0
2309300,12,Sertão dos Crateús,2025,2,27671438.0
2309607,03,Grande Fortaleza,2025,2,20984448.0
2311306,09,Sertão Central,2025,2,30500606.0
2311405,09,Sertão Central,2025,2,13271111.0
2311801,14,Vale do Jaguaribe,2025,2,24368536.0
2312205,12,Sertão dos Crateús,2025,2,10379732.0
2312304,08,Serra da Ibiapaba,2025,2,21491056.0
2312908,11,Sertão de Sobral,2025,2,63243328.0
2313302,13,Sertão dos Inhamuns,2025,2,22332435.0
2313401,08,Serra da Ibiapaba,2025,2,20076741.0
2314102,08,Serra da Ibiapaba,2025,2,11750715.0
2300200,05,Litoral Norte,2025,3,27737200.0
2300309,02,Centro Sul,2025,3,9776729.0
2301000,03,Grande Fortaleza,2025,3,31111807.0
2301109,04,Litoral Leste,2025,3,34784192.0
2301901,01,Cariri,2025,3,22051299.0
2302107,07,Maciço do Baturité,2025,3,39779395.0
2302404,10,Sertão de Canindé,2025,3,20987810.0
2302503,01,Cariri,2025,3,41214244.0
2302701,01,Cariri,2025,3,18533104.0
2302800,10,Sertão de Canindé,2025,3,30458433.0
2303501,03,Grande Fortaleza,2025,3,22163408.0
2303709,03,Grande Fortaleza,2025,3,74623390.0
2304103,12,Sertão dos Crateús,2025,3,31020058.0
2304202,01,Cariri,2025,3,36771795.0
2304285,03,Grande Fortaleza,2025,3,60981231.0
2304400,03,Grande Fortaleza,2025,3,7442540620.0
2304707,05,Litoral Norte,2025,3,27929201.0
2305233,03,Grande Fortaleza,2025,3,32895620.0
2305506,02,Centro Sul,2025,3,48430189.0
2306306,06,Litoral Oeste / Vale do Curu,2025,3,23992785.0
2306405,06,Litoral Oeste / Vale do Curu,2025,3,50247675.0
2306900,14,Vale do Jaguaribe,2025,3,17999212.0
2307304,01,Cariri,2025,3,97187155.0
2307502,01,Cariri,2025,3,14015425.0
2307601,14,Vale do Jaguaribe,2025,3,37565301.0
2307650,03,Grande Fortaleza,2025,3,130590592.0
2307700,03,Grande Fortaleza,2025,3,38762020.0
2308500,09,Sertão Central,2025,3,15024109.0
2309300,12,Sertão dos Crateús,2025,3,27346146.0
2309607,03,Grande Fortaleza,2025,3,21038350.0
2311306,09,Sertão Central,2025,3,30115956.0
2311405,09,Sertão Central,2025,3,13189285.0
2311801,14,Vale do Jaguaribe,2025,3,24512734.0
2312205,12,Sertão dos Crateús,2025,3,10228678.0
2312304,08,Serra da Ibiapaba,2025,3,21360577.0
2312908,11,Sertão de Sobral,2025,3,63200629.0
2313302,13,Sertão dos Inhamuns,2025,3,22387761.0
2313401,08,Serra da Ibiapaba,2025,3,21900423.0
2314102,08,Serra da Ibiapaba,2025,3,11618042.0
2300200,05,Litoral Norte,2025,4,27982853.0
2300309,02,Centro Sul,2025,4,9458677.0
2301000,03,Grande Fortaleza,2025,4,31335664.0
2301109,04,Litoral Leste,2025,4,38478621.0
2301901,01,Cariri,2025,4,21435485.0
2302107,07,Maciço do Baturité,2025,4,39380665.0
2302404,10,Sertão de Canindé,2025,4,20679250.0
2302503,01,Cariri,2025,4,40290631.0
2302701,01,Cariri,2025,4,18145742.0
2302800,10,Sertão de Canindé,2025,4,30259423.0
2303501,03,Grande Fortaleza,2025,4,21796548.0
2303709,03,Grande Fortaleza,2025,4,76837651.0
2304103,12,Sertão dos Crateús,2025,4,29765569.0
2304202,01,Cariri,2025,4,36532364.0
2304285,03,Grande Fortaleza,2025,4,64659909.0
2304400,03,Grande Fortaleza,2025,4,7398531905.0
2304707,05,Litoral Norte,2025,4,28631985.0
2305233,03,Grande Fortaleza,2025,4,34792929.0
2305506,02,Centro Sul,2025,4,48331579.0
2306306,06,Litoral Oeste / Vale do Curu,2025,4,23809571.0
2306405,06,Litoral Oeste / Vale do Curu,2025,4,49932613.0
2306900,14,Vale do Jaguaribe,2025,4,17878312.0
2307304,01,Cariri,2025,4,104854429.0
2307502,01,Cariri,2025,4,13787674.0
2307601,14,Vale do Jaguaribe,2025,4,38149027.0
2307650,03,Grande Fortaleza,2025,4,134395100.0
2307700,03,Grande Fortaleza,2025,4,40556091.0
2308500,09,Sertão Central,2025,4,14782241.0
2309300,12,Sertão dos Crateús,2025,4,26971990.0
2309607,03,Grande Fortaleza,2025,4,20987548.0
2311306,09,Sertão Central,2025,4,29230947.0
2311405,09,Sertão Central,2025,4,13395798.0
2311801,14,Vale do Jaguaribe,2025,4,25393420.0
2312205,12,Sertão dos Crateús,2025,4,10033571.0
2312304,08,Serra da Ibiapaba,2025,4,21274324.0
2312908,11,Sertão de Sobral,2025,4,62078982.0
2313302,13,Sertão dos Inhamuns,2025,4,22633467.0
2313401,08,Serra da Ibiapaba,2025,4,22079339.0
2314102,08,Serra da Ibiapaba,2025,4,11363197.0
2300200,05,Litoral Norte,2025,5,27895123.0
2300309,02,Centro Sul,2025,5,9737170.0
2301000,03,Grande Fortaleza,2025,5,30826000.0
2301109,04,Litoral Leste,2025,5,36059091.0
2301901,01,Cariri,2025,5,21554421.0
2302107,07,Maciço do Baturité,2025,5,39576220.0
2302404,10,Sertão de Canindé,2025,5,20692606.0
2302503,01,Cariri,2025,5,41032085.0
2302701,01,Cariri,2025,5,18634778.0
2302800,10,Sertão de Canindé,2025,5,29783923.0
2303501,03,Grande Fortaleza,2025,5,21957130.0
2303709,03,Grande Fortaleza,2025,5,77543355.0
2304103,12,Sertão dos Crateús,2025,5,30933402.0
2304202,01,Cariri,2025,5,37785860.0
2304285,03,Grande Fortaleza,2025,5,63470430.0
2304400,03,Grande Fortaleza,2025,5,7304980899.0
2304707,05,Litoral Norte,2025,5,30140842.0
2305233,03,Grande Fortaleza,2025,5,33645229.0
2305506,02,Centro Sul,2025,5,48414759.0
2306306,06,Litoral Oeste / Vale do Curu,2025,5,25732514.0
2306405,06,Litoral Oeste / Vale do Curu,2025,5,50095013.0
2306900,14,Vale do Jaguaribe,2025,5,17820919.0
2307304,01,Cariri,2025,5,113743036.0
2307502,01,Cariri,2025,5,13815154.0
2307601,14,Vale do Jaguaribe,2025,5,38128885.0
2307650,03,Grande Fortaleza,2025,5,137503682.0
2307700,03,Grande Fortaleza,2025,5,40356403.0
2308500,09,Sertão Central,2025,5,14994045.0
2309300,12,Sertão dos Crateús,2025,5,26709476.0
2309607,03,Grande Fortaleza,2025,5,20419041.0
2311306,09,Sertão Central,2025,5,29310196.0
2311405,09,Sertão Central,2025,5,13497470.0
2311801,14,Vale do Jaguaribe,2025,5,25061390.0
2312205,12,Sertão dos Crateús,2025,5,10083496.0
2312304,08,Serra da Ibiapaba,2025,5,21846424.0
2312908,11,Sertão de Sobral,2025,5,63331062.0
2313302,13,Sertão dos Inhamuns,2025,5,21906856.0
2313401,08,Serra da Ibiapaba,2025,5,22023295.0
2314102,08,Serra da Ibiapaba,2025,5,11168449.0
2300200,05,Litoral Norte,2025,6,27967313.0
2300309,02,Centro Sul,2025,6,9345837.0
2301000,03,Grande Fortaleza,2025,6,31114195.0
2301109,04,Litoral Leste,2025,6,35761056.0
2301901,01,Cariri,2025,6,21542685.0
2302107,07,Maciço do Baturité,2025,6,39520038.0
2302404,10,Sertão de Canindé,2025,6,20634346.0
2302503,01,Cariri,2025,6,39789033.0
2302701,01,Cariri,2025,6,19008245.0
2302800,10,Sertão de Canindé,2025,6,29044400.0
2303501,03,Grande Fortaleza,2025,6,22268752.0
2303709,03,Grande Fortaleza,2025,6,76152114.0
2304103,12,Sertão dos Crateús,2025,6,30788887.0
2304202,01,Cariri,2025,6,38138237.0
2304285,03,Grande Fortaleza,2025,6,63301214.0
2304400,03,Grande Fortaleza,2025,6,7628335410.0
2304707,05,Litoral Norte,2025,6,30202402.0
2305233,03,Grande Fortaleza,2025,6,38018180.0
2305506,02,Centro Sul,2025,6,48214508.0
2306306,06,Litoral Oeste / Vale do Curu,2025,6,25270794.0
2306405,06,Litoral Oeste / Vale do Curu,2025,6,49502152.0
2306900,14,Vale do Jaguaribe,2025,6,17762523.0
2307304,01,Cariri,2025,6,111678663.0
2307502,01,Cariri,2025,6,13820341.0
2307601,14,Vale do Jaguaribe,2025,6,38036017.0
2307650,03,Grande Fortaleza,2025,6,135630858.0
2307700,03,Grande Fortaleza,2025,6,48781553.0
2308500,09,Sertão Central,2025,6,16112933.0
2309300,12,Sertão dos Crateús,2025,6,26700936.0
2309607,03,Grande Fortaleza,2025,6,21833950.0
2311306,09,Sertão Central,2025,6,30010092.0
2311405,09,Sertão Central,2025,6,13465852.0
2311801,14,Vale do Jaguaribe,2025,6,25171784.0
2312205,12,Sertão dos Crateús,2025,6,10011680.0
2312304,08,Serra da Ibiapaba,2025,6,21330858.0
2312908,11,Sertão de Sobral,2025,6,64749705.0
2313302,13,Sertão dos Inhamuns,2025,6,21588560.0
2313401,08,Serra da Ibiapaba,2025,6,21406171.0
2314102,08,Serra da Ibiapaba,2025,6,11040471.0
2300200,05,Litoral Norte,2025,7,27257509.0
2300309,02,Centro Sul,2025,7,9132661.0
2301000,03,Grande Fortaleza,2025,7,31572202.0
2301109,04,Litoral Leste,2025,7,34435331.0
2301901,01,Cariri,2025,7,21658534.0
2302107,07,Maciço do Baturité,2025,7,38917631.0
2302404,10,Sertão de Canindé,2025,7,20366417.0
2302503,01,Cariri,2025,7,38280080.0
2302701,01,Cariri,2025,7,18029526.0
2302800,10,Sertão de Canindé,2025,7,28271324.0
2303501,03,Grande Fortaleza,2025,7,22563739.0
2303709,03,Grande Fortaleza,2025,7,73795829.0
2304103,12,Sertão dos Crateús,2025,7,30586816.0
2304202,01,Cariri,2025,7,37934757.0
2304285,03,Grande Fortaleza,2025,7,60020035.0
2304400,03,Grande Fortaleza,2025,7,7411640292.0
2304707,05,Litoral Norte,2025,7,29589802.0
2305233,03,Grande Fortaleza,2025,7,37389577.0
2305506,02,Centro Sul,2025,7,48193129.0
2306306,06,Litoral Oeste / Vale do Curu,2025,7,24880254.0
2306405,06,Litoral Oeste / Vale do Curu,2025,7,48860786.0
2306900,14,Vale do Jaguaribe,2025,7,17191660.0
2307304,01,Cariri,2025,7,107609201.0
2307502,01,Cariri,2025,7,17394202.0
2307601,14,Vale do Jaguaribe,2025,7,37786186.0
2307650,03,Grande Fortaleza,2025,7,125764308.0
2307700,03,Grande Fortaleza,2025,7,48579525.0
2308500,09,Sertão Central,2025,7,16218386.0
2309300,12,Sertão dos Crateús,2025,7,26646625.0
2309607,03,Grande Fortaleza,2025,7,22293501.0
2311306,09,Sertão Central,2025,7,29310343.0
2311405,09,Sertão Central,2025,7,13438310.0
2311801,14,Vale do Jaguaribe,2025,7,25195778.0
2312205,12,Sertão dos Crateús,2025,7,9913792.0
2312304,08,Serra da Ibiapaba,2025,7,20679878.0
2312908,11,Sertão de Sobral,2025,7,62951966.0
2313302,13,Sertão dos Inhamuns,2025,7,21334414.0
2313401,08,Serra da Ibiapaba,2025,7,20854242.0
2314102,08,Serra da Ibiapaba,2025,7,10844346.0
2300200,05,Litoral Norte,2025,8,26803603.0
2300309,02,Centro Sul,2025,8,9233824.0
2301000,03,Grande Fortaleza,2025,8,31968712.0
2301109,04,Litoral Leste,2025,8,33417699.0
2301901,01,Cariri,2025,8,21099383.0
2302107,07,Maciço do Baturité,2025,8,38035970.0
2302404,10,Sertão de Canindé,2025,8,19451058.0
2302503,01,Cariri,2025,8,38704209.0
2302701,01,Cariri,2025,8,17429876.0
2302800,10,Sertão de Canindé,2025,8,27444869.0
2303501,03,Grande Fortaleza,2025,8,22964488.0
2303709,03,Grande Fortaleza,2025,8,71150143.0
2304103,12,Sertão dos Crateús,2025,8,30335342.0
2304202,01,Cariri,2025,8,36960936.0
2304285,03,Grande Fortaleza,2025,8,63114212.0
2304400,03,Grande Fortaleza,2025,8,7425832638.0
2304707,05,Litoral Norte,2025,8,27993050.0
2305233,03,Grande Fortaleza,2025,8,41668289.0
2305506,02,Centro Sul,2025,8,47432848.0
2306306,06,Litoral Oeste / Vale do Curu,2025,8,23952696.0
2306405,06,Litoral Oeste / Vale do Curu,2025,8,47520899.0
2306900,14,Vale do Jaguaribe,2025,8,16860027.0
2307304,01,Cariri,2025,8,108302051.0
2307502,01,Cariri,2025,8,16707339.0
2307601,14,Vale do Jaguaribe,2025,8,36669231.0
2307650,03,Grande Fortaleza,2025,8,128205493.0
2307700,03,Grande Fortaleza,2025,8,47740818.0
2308500,09,Sertão Central,2025,8,15530341.0
2309300,12,Sertão dos Crateús,2025,8,26401512.0
2309607,03,Grande Fortaleza,2025,8,21220196.0
2311306,09,Sertão Central,2025,8,28722387.0
2311405,09,Sertão Central,2025,8,12987193.0
2311801,14,Vale do Jaguaribe,2025,8,24549805.0
2312205,12,Sertão dos Crateús,2025,8,9441475.0
2312304,08,Serra da Ibiapaba,2025,8,20263402.0
2312908,11,Sertão de Sobral,2025,8,62216740.0
2313302,13,Sertão dos Inhamuns,2025,8,21109754.0
2313401,08,Serra da Ibiapaba,2025,8,20020510.0
2314102,08,Serra da Ibiapaba,2025,8,10314898.0
2300200,05,Litoral Norte,2025,9,27278661.0
2300309,02,Centro Sul,2025,9,9102207.0
2301000,03,Grande Fortaleza,2025,9,32960755.0
2301109,04,Litoral Leste,2025,9,32563360.0
2301901,01,Cariri,2025,9,20368909.0
2302107,07,Maciço do Baturité,2025,9,36875076.0
2302404,10,Sertão de Canindé,2025,9,18716126.0
2302503,01,Cariri,2025,9,37140584.0
2302701,01,Cariri,2025,9,16900396.0
2302800,10,Sertão de Canindé,2025,9,26789253.0
2303501,03,Grande Fortaleza,2025,9,23089334.0
2303709,03,Grande Fortaleza,2025,9,68664020.0
2304103,12,Sertão dos Crateús,2025,9,29671272.0
2304202,01,Cariri,2025,9,36343081.0
2304285,03,Grande Fortaleza,2025,9,77302655.0
2304400,03,Grande Fortaleza,2025,9,7745958374.0
2304707,05,Litoral Norte,2025,9,26882716.0
2305233,03,Grande Fortaleza,2025,9,39970854.0
2305506,02,Centro Sul,2025,9,46405466.0
2306306,06,Litoral Oeste / Vale do Curu,2025,9,23254605.0
2306405,06,Litoral Oeste / Vale do Curu,2025,9,45855051.0
2306900,14,Vale do Jaguaribe,2025,9,16600642.0
2307304,01,Cariri,2025,9,109254700.0
2307502,01,Cariri,2025,9,16370616.0
2307601,14,Vale do Jaguaribe,2025,9,36343208.0
2307650,03,Grande Fortaleza,2025,9,135553754.0
2307700,03,Grande Fortaleza,2025,9,46712009.0
2308500,09,Sertão Central,2025,9,15317750.0
2309300,12,Sertão dos Crateús,2025,9,25187745.0
2309607,03,Grande Fortaleza,2025,9,20714873.0
2311306,09,Sertão Central,2025,9,28097823.0
2311405,09,Sertão Central,2025,9,12967594.0
2311801,14,Vale do Jaguaribe,2025,9,23792163.0
2312205,12,Sertão dos Crateús,2025,9,11222627.0
2312304,08,Serra da Ibiapaba,2025,9,21573997.0
2312908,11,Sertão de Sobral,2025,9,71303419.0
2313302,13,Sertão dos Inhamuns,2025,9,23265708.0
2313401,08,Serra da Ibiapaba,2025,9,20310017.0
2314102,08,Serra da Ibiapaba,2025,9,10412398.0
2300200,05,Litoral Norte,2025,10,26991652.0
2300309,02,Centro Sul,2025,10,8711832.0
2301000,03,Grande Fortaleza,2025,10,34089257.0
2301109,04,Litoral Leste,2025,10,31374238.0
2301901,01,Cariri,2025,10,20090146.0
2302107,07,Maciço do Baturité,2025,10,36236866.0
2302404,10,Sertão de Canindé,2025,10,18289500.0
2302503,01,Cariri,2025,10,36872307.0
2302701,01,Cariri,2025,10,16607028.0
2302800,10,Sertão de Canindé,2025,10,26222152.0
2303501,03,Grande Fortaleza,2025,10,22363042.0
2303709,03,Grande Fortaleza,2025,10,67205185.0
2304103,12,Sertão dos Crateús,2025,10,28541825.0
2304202,01,Cariri,2025,10,36355238.0
2304285,03,Grande Fortaleza,2025,10,75875393.0
2304400,03,Grande Fortaleza,2025,10,7487429215.0
2304707,05,Litoral Norte,2025,10,26693566.0
2305233,03,Grande Fortaleza,2025,10,41608782.0
2305506,02,Centro Sul,2025,10,46365942.0
2306306,06,Litoral Oeste / Vale do Curu,2025,10,22800833.0
2306405,06,Litoral Oeste / Vale do Curu,2025,10,47709331.0
2306900,14,Vale do Jaguaribe,2025,10,16089668.0
2307304,01,Cariri,2025,10,112079329.0
2307502,01,Cariri,2025,10,16339680.0
2307601,14,Vale do Jaguaribe,2025,10,35705020.0
2307650,03,Grande Fortaleza,2025,10,135897216.0
2307700,03,Grande Fortaleza,2025,10,46257651.0
2308500,09,Sertão Central,2025,10,14977429.0
2309300,12,Sertão dos Crateús,2025,10,24501242.0
2309607,03,Grande Fortaleza,2025,10,22467486.0
2311306,09,Sertão Central,2025,10,27313754.0
2311405,09,Sertão Central,2025,10,13282283.0
2311801,14,Vale do Jaguaribe,2025,10,22958448.0
2312205,12,Sertão dos Crateús,2025,10,11248050.0
2312304,08,Serra da Ibiapaba,2025,10,22360984.0
2312908,11,Sertão de Sobral,2025,10,75021794.0
2313302,13,Sertão dos Inhamuns,2025,10,22914913.0
2313401,08,Serra da Ibiapaba,2025,10,20874743.0
2314102,08,Serra da Ibiapaba,2025,10,10059049.0
2300200,05,Litoral Norte,2025,11,26856236.0
2300309,02,Centro Sul,2025,11,8510157.0
2301000,03,Grande Fortaleza,2025,11,33268285.0
2301109,04,Litoral Leste,2025,11,31405394.0
2301901,01,Cariri,2025,11,19684359.0
2302107,07,Maciço do Baturité,2025,11,34961848.0
2302404,10,Sertão de Canindé,2025,11,17751647.0
2302503,01,Cariri,2025,11,36031042.0
2302701,01,Cariri,2025,11,16313688.0
2302800,10,Sertão de Canindé,2025,11,25244760.0
2303501,03,Grande Fortaleza,2025,11,22247756.0
2303709,03,Grande Fortaleza,2025,11,69411011.0
2304103,12,Sertão dos Crateús,2025,11,28096094.0
2304202,01,Cariri,2025,11,36023993.0
2304285,03,Grande Fortaleza,2025,11,74949912.0
2304400,03,Grande Fortaleza,2025,11,7646659264.0
2304707,05,Litoral Norte,2025,11,26167585.0
2305233,03,Grande Fortaleza,2025,11,40703023.0
2305506,02,Centro Sul,2025,11,46921915.0
2306306,06,Litoral Oeste / Vale do Curu,2025,11,22310895.0
2306405,06,Litoral Oeste / Vale do Curu,2025,11,48304790.0
2306900,14,Vale do Jaguaribe,2025,11,15935083.0
2307304,01,Cariri,2025,11,110961914.0
2307502,01,Cariri,2025,11,15844483.0
2307601,14,Vale do Jaguaribe,2025,11,35881764.0
2307650,03,Grande Fortaleza,2025,11,134639100.0
2307700,03,Grande Fortaleza,2025,11,45274510.0
2308500,09,Sertão Central,2025,11,14712929.0
2309300,12,Sertão dos Crateús,2025,11,23880817.0
2309607,03,Grande Fortaleza,2025,11,22053143.0
2311306,09,Sertão Central,2025,11,27436219.0
2311405,09,Sertão Central,2025,11,12930332.0
2311801,14,Vale do Jaguaribe,2025,11,22732255.0
2312205,12,Sertão dos Crateús,2025,11,11201708.0
2312304,08,Serra da Ibiapaba,2025,11,21664599.0
2312908,11,Sertão de Sobral,2025,11,76134664.0
2313302,13,Sertão dos Inhamuns,2025,11,22419740.0
2313401,08,Serra da Ibiapaba,2025,11,20310138.0
2314102,08,Serra da Ibiapaba,2025,11,9544280.0
2300200,05,Litoral Norte,2025,12,27678492.0
2300309,02,Centro Sul,2025,12,8308912.0
2301000,03,Grande Fortaleza,2025,12,33629768.0
2301109,04,Litoral Leste,2025,12,33354330.0
2301901,01,Cariri,2025,12,20037106.0
2302107,07,Maciço do Baturité,2025,12,34175168.0
2302404,10,Sertão de Canindé,2025,12,18175674.0
2302503,01,Cariri,2025,12,35268138.0
2302701,01,Cariri,2025,12,16299719.0
2302800,10,Sertão de Canindé,2025,12,25741424.0
2303501,03,Grande Fortaleza,2025,12,24687626.0
2303709,03,Grande Fortaleza,2025,12,70698306.0
2304103,12,Sertão dos Crateús,2025,12,28642515.0
2304202,01,Cariri,2025,12,35890728.0
2304285,03,Grande Fortaleza,2025,12,72955799.0
2304400,03,Grande Fortaleza,2025,12,7842505628.0
2304707,05,Litoral Norte,2025,12,26466811.0
2305233,03,Grande Fortaleza,2025,12,39304782.0
2305506,02,Centro Sul,2025,12,48038791.0
2306306,06,Litoral Oeste / Vale do Curu,2025,12,22409696.0
2306405,06,Litoral Oeste / Vale do Curu,2025,12,50177568.0
2306900,14,Vale do Jaguaribe,2025,12,16150315.0
2307304,01,Cariri,2025,12,110423965.0
2307502,01,Cariri,2025,12,15865139.0
2307601,14,Vale do Jaguaribe,2025,12,40213406.0
2307650,03,Grande Fortaleza,2025,12,137348824.0
2307700,03,Grande Fortaleza,2025,12,46316937.0
2308500,09,Sertão Central,2025,12,14671071.0
2309300,12,Sertão dos Crateús,2025,12,23676478.0
2309607,03,Grande Fortaleza,2025,12,21978586.0
2311306,09,Sertão Central,2025,12,30592000.0
2311405,09,Sertão Central,2025,12,12708323.0
2311801,14,Vale do Jaguaribe,2025,12,23479861.0
2312205,12,Sertão dos Crateús,2025,12,11529056.0
2312304,08,Serra da Ibiapaba,2025,12,21623493.0
2312908,11,Sertão de Sobral,2025,12,78775035.0
2313302,13,Sertão dos Inhamuns,2025,12,23156439.0
2313401,08,Serra da Ibiapaba,2025,12,20364584.0
2314102,08,Serra da Ibiapaba,2025,12,9587184.0
