exercicio,periodo,uf,anexo,cod_conta,conta,coluna,valor,populacao,uf_nome
2015,1,AL,RGF-Anexo 01,DespesaComPessoalBruta,DESPESA BRUTA COM PESSOAL (I),LIQUIDADAS (a),3137432225.64,3321730,Alagoas
2015,1,AL,RGF-Anexo 01,DespesaComPessoalAtivoBruta,Pessoal Ativo,LIQUIDADAS (a),2368274853.64,3321730,Alagoas
2015,1,AL,RGF-Anexo 01,DespesaComPessoalInativoEPensionistasBruta,Pessoal Inativo e Pensionistas,LIQUIDADAS (a),707719255.67,3321730,Alagoas
2015,1,AL,RGF-Anexo 01,DespesaComPessoalLiquida,DESPESA LÍQUIDA COM PESSOAL (III) = (I - II),LIQUIDADAS (a),3037861654.77,3321730,Alagoas
2015,1,AL,RGF-Anexo 01,ReceitaCorrenteLiquidaLimiteLegal,RECEITA CORRENTE LIQUIDA - RCL (IV),Valor,6118321764.94,3321730,Alagoas
2015,1,AL,RGF-Anexo 01,DespesaComPessoalTotal,DESPESA TOTAL COM PESSOAL - DTP (V) = (III a + III b),Valor,3037861654.77,3321730,Alagoas
2015,1,AL,RGF-Anexo 01,DespesaComPessoalTotal,DESPESA TOTAL COM PESSOAL - DTP (V) = (III a + III b),% sobre a RCL,49.65,3321730,Alagoas
2015,1,AL,RGF-Anexo 02,DividaConsolidada,DÍVIDA CONSOLIDADA - DC (I),SALDO DO EXERCÍCIO ANTERIOR,10219132621.16,3321730,Alagoas
2015,1,AL,RGF-Anexo 02,DividaConsolidada,DÍVIDA CONSOLIDADA - DC (I),Até o 1º Quadrimestre,10469642891.21,3321730,Alagoas
2015,1,AL,RGF-Anexo 02,DividaContratual,Dívida Contratual,SALDO DO EXERCÍCIO ANTERIOR,9703158277.34,3321730,Alagoas
2015,1,AL,RGF-Anexo 02,DividaContratual,Dívida Contratual,Até o 1º Quadrimestre,9953668547.39,3321730,Alagoas
2015,1,AL,RGF-Anexo 02,DividaConsolidadaLiquida,DÍVIDA CONSOLIDADA LÍQUIDA (DCL) (III) = (I - II),SALDO DO EXERCÍCIO ANTERIOR,9540213509.39,3321730,Alagoas
2015,1,AL,RGF-Anexo 02,DividaConsolidadaLiquida,DÍVIDA CONSOLIDADA LÍQUIDA (DCL) (III) = (I - II),Até o 1º Quadrimestre,9384443731.93,3321730,Alagoas
2015,2,AL,RGF-Anexo 01,DespesaComPessoalBruta,DESPESA BRUTA COM PESSOAL (I),LIQUIDADAS (a),3121129777.0,3321730,Alagoas
2015,2,AL,RGF-Anexo 01,DespesaComPessoalAtivoBruta,Pessoal Ativo,LIQUIDADAS (a),2323026846.35,3321730,Alagoas
2015,2,AL,RGF-Anexo 01,DespesaComPessoalInativoEPensionistasBruta,Pessoal Inativo e Pensionistas,LIQUIDADAS (a),736694994.79,3321730,Alagoas
2015,2,AL,RGF-Anexo 01,DespesaComPessoalLiquida,DESPESA LÍQUIDA COM PESSOAL (III) = (I - II),LIQUIDADAS (a),3061713761.54,3321730,Alagoas
2015,2,AL,RGF-Anexo 01,ReceitaCorrenteLiquidaLimiteLegal,RECEITA CORRENTE LIQUIDA - RCL (IV),Valor,6272995327.64,3321730,Alagoas
2015,2,AL,RGF-Anexo 01,DespesaComPessoalTotal,DESPESA TOTAL COM PESSOAL - DTP (V) = (III a + III b),Valor,3061713761.54,3321730,Alagoas
2015,2,AL,RGF-Anexo 01,DespesaComPessoalTotal,DESPESA TOTAL COM PESSOAL - DTP (V) = (III a + III b),% sobre a RCL,48.81,3321730,Alagoas
2015,2,AL,RGF-Anexo 02,DividaConsolidada,DÍVIDA CONSOLIDADA - DC (I),SALDO DO EXERCÍCIO ANTERIOR,10219132621.16,3321730,Alagoas
2015,2,AL,RGF-Anexo 02,DividaConsolidada,DÍVIDA CONSOLIDADA - DC (I),Até o 1º Quadrimestre,10469642891.21,3321730,Alagoas
2015,2,AL,RGF-Anexo 02,DividaConsolidada,DÍVIDA CONSOLIDADA - DC (I),Até o 2º Quadrimestre,10855443448.77,3321730,Alagoas
2015,2,AL,RGF-Anexo 02,DividaContratual,Dívida Contratual,SALDO DO EXERCÍCIO ANTERIOR,9703158277.34,3321730,Alagoas
2015,2,AL,RGF-Anexo 02,DividaContratual,Dívida Contratual,Até o 1º Quadrimestre,9953668547.39,3321730,Alagoas
2015,2,AL,RGF-Anexo 02,DividaContratual,Dívida Contratual,Até o 2º Quadrimestre,10339469104.95,3321730,Alagoas
2015,2,AL,RGF-Anexo 02,DividaConsolidadaLiquida,DÍVIDA CONSOLIDADA LÍQUIDA (DCL) (III) = (I - II),SALDO DO EXERCÍCIO ANTERIOR,9540213509.39,3321730,Alagoas
2015,2,AL,RGF-Anexo 02,DividaConsolidadaLiquida,DÍVIDA CONSOLIDADA LÍQUIDA (DCL) (III) = (I - II),Até o 1º Quadrimestre,9384443731.93,3321730,Alagoas
2015,2,AL,RGF-Anexo 02,DividaConsolidadaLiquida,DÍVIDA CONSOLIDADA LÍQUIDA (DCL) (III) = (I - II),Até o 2º Quadrimestre,9677269002.27,3321730,Alagoas
2015,3,AL,RGF-Anexo 01,DespesaComPessoalBruta,DESPESA BRUTA COM PESSOAL (I),LIQUIDADAS (a),3437434784.82,3321730,Alagoas
2015,3,AL,RGF-Anexo 01,DespesaComPessoalBruta,DESPESA BRUTA COM PESSOAL (I),INSCRITAS EM RESTOS A PAGAR NÃO PROCESSADOS (b),28675.62,3321730,Alagoas
2015,3,AL,RGF-Anexo 01,DespesaComPessoalAtivoBruta,Pessoal Ativo,LIQUIDADAS (a),2466062866.49,3321730,Alagoas
2015,3,AL,RGF-Anexo 01,DespesaComPessoalAtivoBruta,Pessoal Ativo,INSCRITAS EM RESTOS A PAGAR NÃO PROCESSADOS (b),28675.62,3321730,Alagoas
2015,3,AL,RGF-Anexo 01,DespesaComPessoalInativoEPensionistasBruta,Pessoal Inativo e Pensionistas,LIQUIDADAS (a),907418277.21,3321730,Alagoas
2015,3,AL,RGF-Anexo 01,DespesaComPessoalLiquida,DESPESA LÍQUIDA COM PESSOAL (III) = (I - II),LIQUIDADAS (a),3059875807.15,3321730,Alagoas
2015,3,AL,RGF-Anexo 01,DespesaComPessoalLiquida,DESPESA LÍQUIDA COM PESSOAL (III) = (I - II),INSCRITAS EM RESTOS A PAGAR NÃO PROCESSADOS (b),28675.62,3321730,Alagoas
2015,3,AL,RGF-Anexo 01,ReceitaCorrenteLiquidaLimiteLegal,RECEITA CORRENTE LIQUIDA - RCL (IV),Valor,6328523887.74,3321730,Alagoas
2015,3,AL,RGF-Anexo 01,DespesaComPessoalTotal,DESPESA TOTAL COM PESSOAL - DTP (V) = (III a + III b),Valor,3059904482.77,3321730,Alagoas
2015,3,AL,RGF-Anexo 01,DespesaComPessoalTotal,DESPESA TOTAL COM PESSOAL - DTP (V) = (III a + III b),% sobre a RCL,48.35,3321730,Alagoas
2015,3,AL,RGF-Anexo 02,DividaConsolidada,DÍVIDA CONSOLIDADA - DC (I),SALDO DO EXERCÍCIO ANTERIOR,10219132621.16,3321730,Alagoas
2015,3,AL,RGF-Anexo 02,DividaConsolidada,DÍVIDA CONSOLIDADA - DC (I),Até o 1º Quadrimestre,10469642891.21,3321730,Alagoas
2015,3,AL,RGF-Anexo 02,DividaConsolidada,DÍVIDA CONSOLIDADA - DC (I),Até o 2º Quadrimestre,10855443448.77,3321730,Alagoas
2015,3,AL,RGF-Anexo 02,DividaConsolidada,DÍVIDA CONSOLIDADA - DC (I),Até o 3º Quadrimestre,11252027857.87,3321730,Alagoas
2015,3,AL,RGF-Anexo 02,DividaContratual,Dívida Contratual,SALDO DO EXERCÍCIO ANTERIOR,9703158277.34,3321730,Alagoas
2015,3,AL,RGF-Anexo 02,DividaContratual,Dívida Contratual,Até o 1º Quadrimestre,9953668547.39,3321730,Alagoas
2015,3,AL,RGF-Anexo 02,DividaContratual,Dívida Contratual,Até o 2º Quadrimestre,10339469104.95,3321730,Alagoas
2015,3,AL,RGF-Anexo 02,DividaContratual,Dívida Contratual,Até o 3º Quadrimestre,10789647411.1,3321730,Alagoas
2015,3,AL,RGF-Anexo 02,DividaConsolidadaLiquida,DÍVIDA CONSOLIDADA LÍQUIDA (DCL) (III) = (I - II),SALDO DO EXERCÍCIO ANTERIOR,9540213509.39,3321730,Alagoas
2015,3,AL,RGF-Anexo 02,DividaConsolidadaLiquida,DÍVIDA CONSOLIDADA LÍQUIDA (DCL) (III) = (I - II),Até o 1º Quadrimestre,9384443731.93,3321730,Alagoas
2015,3,AL,RGF-Anexo 02,DividaConsolidadaLiquida,DÍVIDA CONSOLIDADA LÍQUIDA (DCL) (III) = (I - II),Até o 2º Quadrimestre,9906049002.27,3321730,Alagoas
2015,3,AL,RGF-Anexo 02,DividaConsolidadaLiquida,DÍVIDA CONSOLIDADA LÍQUIDA (DCL) (III) = (I - II),Até o 3º Quadrimestre,10555304801.52,3321730,Alagoas
2016,1,AL,RGF-Anexo 01,DespesaComPessoalBruta,DESPESA BRUTA COM PESSOAL (I),"DESPESAS LIQUIDADAS 
(a)",3657037792.71,3340932,Alagoas
2016,1,AL,RGF-Anexo 01,DespesaComPessoalAtivoBruta,Pessoal Ativo,"DESPESAS LIQUIDADAS 
(a)",2466866893.53,3340932,Alagoas
2016,1,AL,RGF-Anexo 01,DespesaComPessoalInativoEPensionistasBruta,Pessoal Inativo e Pensionistas,"DESPESAS LIQUIDADAS 
(a)",1120810637.75,3340932,Alagoas
2016,1,AL,RGF-Anexo 01,DespesaComPessoalLiquida,DESPESA LÍQUIDA COM PESSOAL (III) = (I - II),"DESPESAS LIQUIDADAS 
(a)",3078738643.4,3340932,Alagoas
2016,1,AL,RGF-Anexo 01,ReceitaCorrenteLiquidaLimiteLegal,RECEITA CORRENTE LIQUIDA - RCL (IV),Valor,6340972892.2,3340932,Alagoas
2016,1,AL,RGF-Anexo 01,DespesaComPessoalTotal,DESPESA TOTAL COM PESSOAL - DTP (V) = (III a + III b),Valor,3078738643.4,3340932,Alagoas
2016,1,AL,RGF-Anexo 01,DespesaComPessoalTotal,DESPESA TOTAL COM PESSOAL - DTP (V) = (III a + III b),% sobre a RCL,48.55,3340932,Alagoas
2016,1,AL,RGF-Anexo 02,DividaConsolidada,DÍVIDA CONSOLIDADA - DC (I),SALDO DO EXERCÍCIO ANTERIOR,11252027857.87,3340932,Alagoas
2016,1,AL,RGF-Anexo 02,DividaConsolidada,DÍVIDA CONSOLIDADA - DC (I),Até o 1º Quadrimestre,11232433085.57,3340932,Alagoas
2016,1,AL,RGF-Anexo 02,DividaContratual,Dívida Contratual,SALDO DO EXERCÍCIO ANTERIOR,10789647411.1,3340932,Alagoas
2016,1,AL,RGF-Anexo 02,DividaContratual,Dívida Contratual,Até o 1º Quadrimestre,10788492840.28,3340932,Alagoas
2016,1,AL,RGF-Anexo 02,DividaConsolidadaLiquida,DÍVIDA CONSOLIDADA LÍQUIDA (DCL) (III) = (I - II),SALDO DO EXERCÍCIO ANTERIOR,10555304801.52,3340932,Alagoas
2016,1,AL,RGF-Anexo 02,DividaConsolidadaLiquida,DÍVIDA CONSOLIDADA LÍQUIDA (DCL) (III) = (I - II),Até o 1º Quadrimestre,10434843520.81,3340932,Alagoas
2016,2,AL,RGF-Anexo 01,DespesaComPessoalBruta,DESPESA BRUTA COM PESSOAL (I),"DESPESAS LIQUIDADAS 
(a)",3903266960.74,3340932,Alagoas
2016,2,AL,RGF-Anexo 01,DespesaComPessoalAtivoBruta,Pessoal Ativo,"DESPESAS LIQUIDADAS 
(a)",2509695790.08,3340932,Alagoas
2016,2,AL,RGF-Anexo 01,DespesaComPessoalInativoEPensionistasBruta,Pessoal Inativo e Pensionistas,"DESPESAS LIQUIDADAS 
(a)",1319051233.93,3340932,Alagoas
2016,2,AL,RGF-Anexo 01,DespesaComPessoalLiquida,DESPESA LÍQUIDA COM PESSOAL (III) = (I - II),"DESPESAS LIQUIDADAS 
(a)",3207224537.25,3340932,Alagoas
2016,2,AL,RGF-Anexo 01,ReceitaCorrenteLiquidaLimiteLegal,RECEITA CORRENTE LIQUIDA - RCL (IV),Valor,6623869172.82,3340932,Alagoas
2016,2,AL,RGF-Anexo 01,DespesaComPessoalTotal,DESPESA TOTAL COM PESSOAL - DTP (V) = (III a + III b),Valor,3207224537.25,3340932,Alagoas
2016,2,AL,RGF-Anexo 01,DespesaComPessoalTotal,DESPESA TOTAL COM PESSOAL - DTP (V) = (III a + III b),% sobre a RCL,48.42,3340932,Alagoas
2016,2,AL,RGF-Anexo 02,DividaConsolidada,DÍVIDA CONSOLIDADA - DC (I),SALDO DO EXERCÍCIO ANTERIOR,11252027857.87,3340932,Alagoas
2016,2,AL,RGF-Anexo 02,DividaConsolidada,DÍVIDA CONSOLIDADA - DC (I),Até o 1º Quadrimestre,11232433085.57,3340932,Alagoas
2016,2,AL,RGF-Anexo 02,DividaConsolidada,DÍVIDA CONSOLIDADA - DC (I),Até o 2º Quadrimestre,9173543771.43,3340932,Alagoas
2016,2,AL,RGF-Anexo 02,DividaContratual,Dívida Contratual,SALDO DO EXERCÍCIO ANTERIOR,10789647411.1,3340932,Alagoas
2016,2,AL,RGF-Anexo 02,DividaContratual,Dívida Contratual,Até o 1º Quadrimestre,10788492840.28,3340932,Alagoas
2016,2,AL,RGF-Anexo 02,DividaContratual,Dívida Contratual,Até o 2º Quadrimestre,8729603526.14,3340932,Alagoas
2016,2,AL,RGF-Anexo 02,DividaConsolidadaLiquida,DÍVIDA CONSOLIDADA LÍQUIDA (DCL) (III) = (I - II),SALDO DO EXERCÍCIO ANTERIOR,10555304801.52,3340932,Alagoas
2016,2,AL,RGF-Anexo 02,DividaConsolidadaLiquida,DÍVIDA CONSOLIDADA LÍQUIDA (DCL) (III) = (I - II),Até o 1º Quadrimestre,10434843520.81,3340932,Alagoas
2016,2,AL,RGF-Anexo 02,DividaConsolidadaLiquida,DÍVIDA CONSOLIDADA LÍQUIDA (DCL) (III) = (I - II),Até o 2º Quadrimestre,7797749953.78,3340932,Alagoas
2016,3,AL,RGF-Anexo 01,DespesaComPessoalBruta,DESPESA BRUTA COM PESSOAL (I),"DESPESAS LIQUIDADAS 
(a)",4243626183.13,3340932,Alagoas
2016,3,AL,RGF-Anexo 01,DespesaComPessoalAtivoBruta,Pessoal Ativo,"DESPESAS LIQUIDADAS 
(a)",2635316529.63,3340932,Alagoas
2016,3,AL,RGF-Anexo 01,DespesaComPessoalInativoEPensionistasBruta,Pessoal Inativo e Pensionistas,"DESPESAS LIQUIDADAS 
(a)",1530898153.53,3340932,Alagoas
2016,3,AL,RGF-Anexo 01,DespesaComPessoalLiquida,DESPESA LÍQUIDA COM PESSOAL (III) = (I - II),"DESPESAS LIQUIDADAS 
(a)",3514782931.03,3340932,Alagoas
2016,3,AL,RGF-Anexo 01,ReceitaCorrenteLiquidaLimiteLegal,RECEITA CORRENTE LIQUIDA - RCL (IV),Valor,7646527443.73,3340932,Alagoas
2016,3,AL,RGF-Anexo 01,DespesaComPessoalTotal,DESPESA TOTAL COM PESSOAL - DTP (V) = (III a + III b),Valor,3514782931.03,3340932,Alagoas
2016,3,AL,RGF-Anexo 01,DespesaComPessoalTotal,DESPESA TOTAL COM PESSOAL - DTP (V) = (III a + III b),% sobre a RCL,45.97,3340932,Alagoas
2016,3,AL,RGF-Anexo 02,DividaConsolidada,DÍVIDA CONSOLIDADA - DC (I),SALDO DO EXERCÍCIO ANTERIOR,11252027857.87,3340932,Alagoas
2016,3,AL,RGF-Anexo 02,DividaConsolidada,DÍVIDA CONSOLIDADA - DC (I),Até o 1º Quadrimestre,11232433085.57,3340932,Alagoas
2016,3,AL,RGF-Anexo 02,DividaConsolidada,DÍVIDA CONSOLIDADA - DC (I),Até o 2º Quadrimestre,9173543771.43,3340932,Alagoas
2016,3,AL,RGF-Anexo 02,DividaConsolidada,DÍVIDA CONSOLIDADA - DC (I),Até o 3º Quadrimestre,9223989752.57,3340932,Alagoas
2016,3,AL,RGF-Anexo 02,DividaContratual,Dívida Contratual,SALDO DO EXERCÍCIO ANTERIOR,10789647411.1,3340932,Alagoas
2016,3,AL,RGF-Anexo 02,DividaContratual,Dívida Contratual,Até o 1º Quadrimestre,10788492840.28,3340932,Alagoas
2016,3,AL,RGF-Anexo 02,DividaContratual,Dívida Contratual,Até o 2º Quadrimestre,8729603526.14,3340932,Alagoas
2016,3,AL,RGF-Anexo 02,DividaContratual,Dívida Contratual,Até o 3º Quadrimestre,8945656144.42,3340932,Alagoas
2016,3,AL,RGF-Anexo 02,DividaConsolidadaLiquida,DÍVIDA CONSOLIDADA LÍQUIDA (DCL) (III) = (I - II),SALDO DO EXERCÍCIO ANTERIOR,10555304801.52,3340932,Alagoas
2016,3,AL,RGF-Anexo 02,DividaConsolidadaLiquida,DÍVIDA CONSOLIDADA LÍQUIDA (DCL) (III) = (I - II),Até o 1º Quadrimestre,10434843520.81,3340932,Alagoas
2016,3,AL,RGF-Anexo 02,DividaConsolidadaLiquida,DÍVIDA CONSOLIDADA LÍQUIDA (DCL) (III) = (I - II),Até o 2º Quadrimestre,7797749953.78,3340932,Alagoas
2016,3,AL,RGF-Anexo 02,DividaConsolidadaLiquida,DÍVIDA CONSOLIDADA LÍQUIDA (DCL) (III) = (I - II),Até o 3º Quadrimestre,7863514895.18,3340932,Alagoas
2017,1,AL,RGF-Anexo 01,DespesaComPessoalBruta,DESPESA BRUTA COM PESSOAL (I),"DESPESAS LIQUIDADAS 
(a)",4398788090.48,3358963,Alagoas
2017,1,AL,RGF-Anexo 01,DespesaComPessoalAtivoBruta,Pessoal Ativo,"DESPESAS LIQUIDADAS 
(a)",2732659072.58,3358963,Alagoas
2017,1,AL,RGF-Anexo 01,DespesaComPessoalInativoEPensionistasBruta,Pessoal Inativo e Pensionistas,"DESPESAS LIQUIDADAS 
(a)",1579268869.88,3358963,Alagoas
2017,1,AL,RGF-Anexo 01,DespesaComPessoalLiquida,DESPESA LÍQUIDA COM PESSOAL (III) = (I - II),"DESPESAS LIQUIDADAS 
(a)",3630836570.43,3358963,Alagoas
2017,1,AL,RGF-Anexo 01,ReceitaCorrenteLiquidaLimiteLegal,RECEITA CORRENTE LIQUIDA - RCL (IV),Valor,7890774331.58,3358963,Alagoas
2017,1,AL,RGF-Anexo 01,DespesaComPessoalTotal,DESPESA TOTAL COM PESSOAL - DTP (VII) = (IIIa + IIIb),Valor,3630836570.43,3358963,Alagoas
2017,1,AL,RGF-Anexo 01,DespesaComPessoalTotal,DESPESA TOTAL COM PESSOAL - DTP (VII) = (IIIa + IIIb),% sobre a RCL Ajustada,46.01,3358963,Alagoas
2017,1,AL,RGF-Anexo 02,DividaConsolidada,DÍVIDA CONSOLIDADA - DC (I),SALDO DO EXERCÍCIO ANTERIOR,9223989752.57,3358963,Alagoas
2017,1,AL,RGF-Anexo 02,DividaConsolidada,DÍVIDA CONSOLIDADA - DC (I),Até o 1º Quadrimestre,9384942720.14,3358963,Alagoas
2017,1,AL,RGF-Anexo 02,DividaContratual,Dívida Contratual,SALDO DO EXERCÍCIO ANTERIOR,8945656144.42,3358963,Alagoas
2017,1,AL,RGF-Anexo 02,DividaContratual,Dívida Contratual,Até o 1º Quadrimestre,9106609111.99,3358963,Alagoas
2017,1,AL,RGF-Anexo 02,DividaConsolidadaLiquida,DÍVIDA CONSOLIDADA LÍQUIDA (DCL) (III) = (I - II),SALDO DO EXERCÍCIO ANTERIOR,7863514895.18,3358963,Alagoas
2017,1,AL,RGF-Anexo 02,DividaConsolidadaLiquida,DÍVIDA CONSOLIDADA LÍQUIDA (DCL) (III) = (I - II),Até o 1º Quadrimestre,7487906612.27,3358963,Alagoas
2017,2,AL,RGF-Anexo 01,DespesaComPessoalBruta,DESPESA BRUTA COM PESSOAL (I),"DESPESAS LIQUIDADAS 
(a)",4474186080.91,3358963,Alagoas
2017,2,AL,RGF-Anexo 01,DespesaComPessoalAtivoBruta,Pessoal Ativo,"DESPESAS LIQUIDADAS 
(a)",2714699249.69,3358963,Alagoas
2017,2,AL,RGF-Anexo 01,DespesaComPessoalInativoEPensionistasBruta,Pessoal Inativo e Pensionistas,"DESPESAS LIQUIDADAS 
(a)",1668876377.1,3358963,Alagoas
2017,2,AL,RGF-Anexo 01,DespesaComPessoalLiquida,DESPESA LÍQUIDA COM PESSOAL (III) = (I - II),"DESPESAS LIQUIDADAS 
(a)",3715676527.05,3358963,Alagoas
2017,2,AL,RGF-Anexo 01,ReceitaCorrenteLiquidaLimiteLegal,RECEITA CORRENTE LIQUIDA - RCL (IV),Valor,7936211010.79,3358963,Alagoas
2017,2,AL,RGF-Anexo 01,DespesaComPessoalTotal,DESPESA TOTAL COM PESSOAL - DTP (VII) = (IIIa + IIIb),Valor,3715676527.05,3358963,Alagoas
2017,2,AL,RGF-Anexo 01,DespesaComPessoalTotal,DESPESA TOTAL COM PESSOAL - DTP (VII) = (IIIa + IIIb),% sobre a RCL Ajustada,46.82,3358963,Alagoas
2017,2,AL,RGF-Anexo 02,DividaConsolidada,DÍVIDA CONSOLIDADA - DC (I),SALDO DO EXERCÍCIO ANTERIOR,9223989752.57,3358963,Alagoas
2017,2,AL,RGF-Anexo 02,DividaConsolidada,DÍVIDA CONSOLIDADA - DC (I),Até o 1º Quadrimestre,9384942720.14,3358963,Alagoas
2017,2,AL,RGF-Anexo 02,DividaConsolidada,DÍVIDA CONSOLIDADA - DC (I),Até o 2º Quadrimestre,9389517202.04,3358963,Alagoas
2017,2,AL,RGF-Anexo 02,DividaContratual,Dívida Contratual,SALDO DO EXERCÍCIO ANTERIOR,8945656144.42,3358963,Alagoas
2017,2,AL,RGF-Anexo 02,DividaContratual,Dívida Contratual,Até o 1º Quadrimestre,9106609111.99,3358963,Alagoas
2017,2,AL,RGF-Anexo 02,DividaContratual,Dívida Contratual,Até o 2º Quadrimestre,9111183593.89,3358963,Alagoas
2017,2,AL,RGF-Anexo 02,DividaConsolidadaLiquida,DÍVIDA CONSOLIDADA LÍQUIDA (DCL) (III) = (I - II),SALDO DO EXERCÍCIO ANTERIOR,7863514895.18,3358963,Alagoas
2017,2,AL,RGF-Anexo 02,DividaConsolidadaLiquida,DÍVIDA CONSOLIDADA LÍQUIDA (DCL) (III) = (I - II),Até o 1º Quadrimestre,7487906612.27,3358963,Alagoas
2017,2,AL,RGF-Anexo 02,DividaConsolidadaLiquida,DÍVIDA CONSOLIDADA LÍQUIDA (DCL) (III) = (I - II),Até o 2º Quadrimestre,7460792876.25,3358963,Alagoas
2017,3,AL,RGF-Anexo 01,DespesaComPessoalBruta,DESPESA BRUTA COM PESSOAL (I),"DESPESAS LIQUIDADAS 
(a)",4419006520.13,3358963,Alagoas
2017,3,AL,RGF-Anexo 01,DespesaComPessoalAtivoBruta,Pessoal Ativo,"DESPESAS LIQUIDADAS 
(a)",2672054431.63,3358963,Alagoas
2017,3,AL,RGF-Anexo 01,DespesaComPessoalInativoEPensionistasBruta,Pessoal Inativo e Pensionistas,"DESPESAS LIQUIDADAS 
(a)",1647624132.95,3358963,Alagoas
2017,3,AL,RGF-Anexo 01,DespesaComPessoalLiquida,DESPESA LÍQUIDA COM PESSOAL (III) = (I - II),"DESPESAS LIQUIDADAS 
(a)",3573247791.64,3358963,Alagoas
2017,3,AL,RGF-Anexo 01,ReceitaCorrenteLiquidaLimiteLegal,RECEITA CORRENTE LIQUIDA - RCL (IV),Valor,7348618775.3,3358963,Alagoas
2017,3,AL,RGF-Anexo 01,DespesaComPessoalTotal,DESPESA TOTAL COM PESSOAL - DTP (VII) = (IIIa + IIIb),Valor,3573247791.64,3358963,Alagoas
2017,3,AL,RGF-Anexo 01,DespesaComPessoalTotal,DESPESA TOTAL COM PESSOAL - DTP (VII) = (IIIa + IIIb),% sobre a RCL Ajustada,48.63,3358963,Alagoas
2017,3,AL,RGF-Anexo 02,DividaConsolidada,DÍVIDA CONSOLIDADA - DC (I),SALDO DO EXERCÍCIO ANTERIOR,9223989752.57,3358963,Alagoas
2017,3,AL,RGF-Anexo 02,DividaConsolidada,DÍVIDA CONSOLIDADA - DC (I),Até o 1º Quadrimestre,9384942720.14,3358963,Alagoas
2017,3,AL,RGF-Anexo 02,DividaConsolidada,DÍVIDA CONSOLIDADA - DC (I),Até o 2º Quadrimestre,9389517202.04,3358963,Alagoas
2017,3,AL,RGF-Anexo 02,DividaConsolidada,DÍVIDA CONSOLIDADA - DC (I),Até o 3º Quadrimestre,8854367291.57,3358963,Alagoas
2017,3,AL,RGF-Anexo 02,DividaContratual,Dívida Contratual,SALDO DO EXERCÍCIO ANTERIOR,8945656144.42,3358963,Alagoas
2017,3,AL,RGF-Anexo 02,DividaContratual,Dívida Contratual,Até o 1º Quadrimestre,9106609111.99,3358963,Alagoas
2017,3,AL,RGF-Anexo 02,DividaContratual,Dívida Contratual,Até o 2º Quadrimestre,9111183593.89,3358963,Alagoas
2017,3,AL,RGF-Anexo 02,DividaContratual,Dívida Contratual,Até o 3º Quadrimestre,8809625369.48,3358963,Alagoas
2017,3,AL,RGF-Anexo 02,DividaConsolidadaLiquida,DÍVIDA CONSOLIDADA LÍQUIDA (DCL) (III) = (I - II),SALDO DO EXERCÍCIO ANTERIOR,7863514895.18,3358963,Alagoas
2017,3,AL,RGF-Anexo 02,DividaConsolidadaLiquida,DÍVIDA CONSOLIDADA LÍQUIDA (DCL) (III) = (I - II),Até o 1º Quadrimestre,7487906612.27,3358963,Alagoas
2017,3,AL,RGF-Anexo 02,DividaConsolidadaLiquida,DÍVIDA CONSOLIDADA LÍQUIDA (DCL) (III) = (I - II),Até o 2º Quadrimestre,7460792876.25,3358963,Alagoas
2017,3,AL,RGF-Anexo 02,DividaConsolidadaLiquida,DÍVIDA CONSOLIDADA LÍQUIDA (DCL) (III) = (I - II),Até o 3º Quadrimestre,7000340864.15,3358963,Alagoas
2018,1,AL,RGF-Anexo 01,DespesaComPessoalBruta,DESPESA BRUTA COM PESSOAL (I),<MR-11>,344192920.05,3358963,Alagoas
2018,1,AL,RGF-Anexo 01,DespesaComPessoalBruta,DESPESA BRUTA COM PESSOAL (I),<MR-10>,351159302.26,3358963,Alagoas
2018,1,AL,RGF-Anexo 01,DespesaComPessoalBruta,DESPESA BRUTA COM PESSOAL (I),<MR-9>,342300450.0,3358963,Alagoas
2018,1,AL,RGF-Anexo 01,DespesaComPessoalBruta,DESPESA BRUTA COM PESSOAL (I),<MR-8>,347573671.51,3358963,Alagoas
2018,1,AL,RGF-Anexo 01,DespesaComPessoalBruta,DESPESA BRUTA COM PESSOAL (I),<MR-7>,340570588.58,3358963,Alagoas
2018,1,AL,RGF-Anexo 01,DespesaComPessoalBruta,DESPESA BRUTA COM PESSOAL (I),<MR-6>,300389901.48,3358963,Alagoas
2018,1,AL,RGF-Anexo 01,DespesaComPessoalBruta,DESPESA BRUTA COM PESSOAL (I),<MR-5>,347218475.68,3358963,Alagoas
2018,1,AL,RGF-Anexo 01,DespesaComPessoalBruta,DESPESA BRUTA COM PESSOAL (I),<MR-4>,685698088.65,3358963,Alagoas
2018,1,AL,RGF-Anexo 01,DespesaComPessoalBruta,DESPESA BRUTA COM PESSOAL (I),<MR-3>,325258806.06,3358963,Alagoas
2018,1,AL,RGF-Anexo 01,DespesaComPessoalBruta,DESPESA BRUTA COM PESSOAL (I),<MR-2>,323157112.53,3358963,Alagoas
2018,1,AL,RGF-Anexo 01,DespesaComPessoalBruta,DESPESA BRUTA COM PESSOAL (I),<MR-1>,356556567.18,3358963,Alagoas
2018,1,AL,RGF-Anexo 01,DespesaComPessoalBruta,DESPESA BRUTA COM PESSOAL (I),<MR>,376401881.9,3358963,Alagoas
2018,1,AL,RGF-Anexo 01,DespesaComPessoalBruta,DESPESA BRUTA COM PESSOAL (I),TOTAL (ÚLTIMOS 12 MESES) (a),4440477765.88,3358963,Alagoas
2018,1,AL,RGF-Anexo 01,DespesaComPessoalAtivoBruta,Pessoal Ativo,<MR-11>,204935610.01,3358963,Alagoas
2018,1,AL,RGF-Anexo 01,DespesaComPessoalAtivoBruta,Pessoal Ativo,<MR-10>,207807743.39,3358963,Alagoas
2018,1,AL,RGF-Anexo 01,DespesaComPessoalAtivoBruta,Pessoal Ativo,<MR-9>,208256592.0,3358963,Alagoas
2018,1,AL,RGF-Anexo 01,DespesaComPessoalAtivoBruta,Pessoal Ativo,<MR-8>,212695652.59,3358963,Alagoas
2018,1,AL,RGF-Anexo 01,DespesaComPessoalAtivoBruta,Pessoal Ativo,<MR-7>,204159884.27,3358963,Alagoas
2018,1,AL,RGF-Anexo 01,DespesaComPessoalAtivoBruta,Pessoal Ativo,<MR-6>,208676573.67,3358963,Alagoas
2018,1,AL,RGF-Anexo 01,DespesaComPessoalAtivoBruta,Pessoal Ativo,<MR-5>,202793367.93,3358963,Alagoas
2018,1,AL,RGF-Anexo 01,DespesaComPessoalAtivoBruta,Pessoal Ativo,<MR-4>,412106945.31,3358963,Alagoas
2018,1,AL,RGF-Anexo 01,DespesaComPessoalAtivoBruta,Pessoal Ativo,<MR-3>,191771597.43,3358963,Alagoas
2018,1,AL,RGF-Anexo 01,DespesaComPessoalAtivoBruta,Pessoal Ativo,<MR-2>,189741632.25,3358963,Alagoas
2018,1,AL,RGF-Anexo 01,DespesaComPessoalAtivoBruta,Pessoal Ativo,<MR-1>,196024304.33,3358963,Alagoas
2018,1,AL,RGF-Anexo 01,DespesaComPessoalAtivoBruta,Pessoal Ativo,<MR>,230019887.5,3358963,Alagoas
2018,1,AL,RGF-Anexo 01,DespesaComPessoalAtivoBruta,Pessoal Ativo,TOTAL (ÚLTIMOS 12 MESES) (a),2668989790.68,3358963,Alagoas
2018,1,AL,RGF-Anexo 01,DespesaComPessoalInativoEPensionistasBruta,Pessoal Inativo e Pensionistas,<MR-11>,131604416.62,3358963,Alagoas
2018,1,AL,RGF-Anexo 01,DespesaComPessoalInativoEPensionistasBruta,Pessoal Inativo e Pensionistas,<MR-10>,136020336.02,3358963,Alagoas
2018,1,AL,RGF-Anexo 01,DespesaComPessoalInativoEPensionistasBruta,Pessoal Inativo e Pensionistas,<MR-9>,126754660.55,3358963,Alagoas
2018,1,AL,RGF-Anexo 01,DespesaComPessoalInativoEPensionistasBruta,Pessoal Inativo e Pensionistas,<MR-8>,127214167.09,3358963,Alagoas
2018,1,AL,RGF-Anexo 01,DespesaComPessoalInativoEPensionistasBruta,Pessoal Inativo e Pensionistas,<MR-7>,128344074.53,3358963,Alagoas
2018,1,AL,RGF-Anexo 01,DespesaComPessoalInativoEPensionistasBruta,Pessoal Inativo e Pensionistas,<MR-6>,83480902.02,3358963,Alagoas
2018,1,AL,RGF-Anexo 01,DespesaComPessoalInativoEPensionistasBruta,Pessoal Inativo e Pensionistas,<MR-5>,136314436.49,3358963,Alagoas
2018,1,AL,RGF-Anexo 01,DespesaComPessoalInativoEPensionistasBruta,Pessoal Inativo e Pensionistas,<MR-4>,254649455.47,3358963,Alagoas
2018,1,AL,RGF-Anexo 01,DespesaComPessoalInativoEPensionistasBruta,Pessoal Inativo e Pensionistas,<MR-3>,133487208.63,3358963,Alagoas
2018,1,AL,RGF-Anexo 01,DespesaComPessoalInativoEPensionistasBruta,Pessoal Inativo e Pensionistas,<MR-2>,133415480.28,3358963,Alagoas
2018,1,AL,RGF-Anexo 01,DespesaComPessoalInativoEPensionistasBruta,Pessoal Inativo e Pensionistas,<MR-1>,137222690.86,3358963,Alagoas
2018,1,AL,RGF-Anexo 01,DespesaComPessoalInativoEPensionistasBruta,Pessoal Inativo e Pensionistas,<MR>,137095481.1,3358963,Alagoas
2018,1,AL,RGF-Anexo 01,DespesaComPessoalInativoEPensionistasBruta,Pessoal Inativo e Pensionistas,TOTAL (ÚLTIMOS 12 MESES) (a),1665603309.66,3358963,Alagoas
2018,1,AL,RGF-Anexo 01,DespesaComPessoalLiquida,DESPESA LÍQUIDA COM PESSOAL (III) = (I - II),<MR-11>,291659360.63,3358963,Alagoas
2018,1,AL,RGF-Anexo 01,DespesaComPessoalLiquida,DESPESA LÍQUIDA COM PESSOAL (III) = (I - II),<MR-10>,298589254.86,3358963,Alagoas
2018,1,AL,RGF-Anexo 01,DespesaComPessoalLiquida,DESPESA LÍQUIDA COM PESSOAL (III) = (I - II),<MR-9>,296455853.24,3358963,Alagoas
2018,1,AL,RGF-Anexo 01,DespesaComPessoalLiquida,DESPESA LÍQUIDA COM PESSOAL (III) = (I - II),<MR-8>,299861273.64,3358963,Alagoas
2018,1,AL,RGF-Anexo 01,DespesaComPessoalLiquida,DESPESA LÍQUIDA COM PESSOAL (III) = (I - II),<MR-7>,295233057.68,3358963,Alagoas
2018,1,AL,RGF-Anexo 01,DespesaComPessoalLiquida,DESPESA LÍQUIDA COM PESSOAL (III) = (I - II),<MR-6>,269846006.21,3358963,Alagoas
2018,1,AL,RGF-Anexo 01,DespesaComPessoalLiquida,DESPESA LÍQUIDA COM PESSOAL (III) = (I - II),<MR-5>,262469793.14,3358963,Alagoas
2018,1,AL,RGF-Anexo 01,DespesaComPessoalLiquida,DESPESA LÍQUIDA COM PESSOAL (III) = (I - II),<MR-4>,424695225.82,3358963,Alagoas
2018,1,AL,RGF-Anexo 01,DespesaComPessoalLiquida,DESPESA LÍQUIDA COM PESSOAL (III) = (I - II),<MR-3>,259135545.27,3358963,Alagoas
2018,1,AL,RGF-Anexo 01,DespesaComPessoalLiquida,DESPESA LÍQUIDA COM PESSOAL (III) = (I - II),<MR-2>,304882937.09,3358963,Alagoas
2018,1,AL,RGF-Anexo 01,DespesaComPessoalLiquida,DESPESA LÍQUIDA COM PESSOAL (III) = (I - II),<MR-1>,309954408.68,3358963,Alagoas
2018,1,AL,RGF-Anexo 01,DespesaComPessoalLiquida,DESPESA LÍQUIDA COM PESSOAL (III) = (I - II),<MR>,333547457.35,3358963,Alagoas
2018,1,AL,RGF-Anexo 01,DespesaComPessoalLiquida,DESPESA LÍQUIDA COM PESSOAL (III) = (I - II),TOTAL (ÚLTIMOS 12 MESES) (a),3646330173.61,3358963,Alagoas
2018,1,AL,RGF-Anexo 01,ReceitaCorrenteLiquidaLimiteLegal,RECEITA CORRENTE LIQUIDA - RCL (IV),Valor,7502262713.77,3358963,Alagoas
2018,1,AL,RGF-Anexo 01,DespesaComPessoalTotal,DESPESA TOTAL COM PESSOAL - DTP (VII) = (IIIa + IIIb),Valor,3646330173.61,3358963,Alagoas
2018,1,AL,RGF-Anexo 01,DespesaComPessoalTotal,DESPESA TOTAL COM PESSOAL - DTP (VII) = (IIIa + IIIb),% sobre a RCL Ajustada,48.61,3358963,Alagoas
2018,1,AL,RGF-Anexo 02,DividaConsolidada,DÍVIDA CONSOLIDADA - DC (I),SALDO DO EXERCÍCIO ANTERIOR,8854367291.57,3358963,Alagoas
2018,1,AL,RGF-Anexo 02,DividaConsolidada,DÍVIDA CONSOLIDADA - DC (I),Até o 1º Quadrimestre,8871478990.04,3358963,Alagoas
2018,1,AL,RGF-Anexo 02,DividaContratual,Dívida Contratual,SALDO DO EXERCÍCIO ANTERIOR,8809625369.48,3358963,Alagoas
2018,1,AL,RGF-Anexo 02,DividaContratual,Dívida Contratual,Até o 1º Quadrimestre,8826737067.95,3358963,Alagoas
2018,1,AL,RGF-Anexo 02,DividaConsolidadaLiquida,DÍVIDA CONSOLIDADA LÍQUIDA (DCL) (III) = (I - II),SALDO DO EXERCÍCIO ANTERIOR,7000340864.15,3358963,Alagoas
2018,1,AL,RGF-Anexo 02,DividaConsolidadaLiquida,DÍVIDA CONSOLIDADA LÍQUIDA (DCL) (III) = (I - II),Até o 1º Quadrimestre,5919393407.16,3358963,Alagoas
2018,2,AL,RGF-Anexo 01,DespesaComPessoalBruta,DESPESA BRUTA COM PESSOAL (I),<MR-11>,340570588.58,3358963,Alagoas
2018,2,AL,RGF-Anexo 01,DespesaComPessoalBruta,DESPESA BRUTA COM PESSOAL (I),<MR-10>,300389901.48,3358963,Alagoas
2018,2,AL,RGF-Anexo 01,DespesaComPessoalBruta,DESPESA BRUTA COM PESSOAL (I),<MR-9>,347218475.68,3358963,Alagoas
2018,2,AL,RGF-Anexo 01,DespesaComPessoalBruta,DESPESA BRUTA COM PESSOAL (I),<MR-8>,685698088.65,3358963,Alagoas
2018,2,AL,RGF-Anexo 01,DespesaComPessoalBruta,DESPESA BRUTA COM PESSOAL (I),<MR-7>,325258806.06,3358963,Alagoas
2018,2,AL,RGF-Anexo 01,DespesaComPessoalBruta,DESPESA BRUTA COM PESSOAL (I),<MR-6>,323157112.53,3358963,Alagoas
2018,2,AL,RGF-Anexo 01,DespesaComPessoalBruta,DESPESA BRUTA COM PESSOAL (I),<MR-5>,356556567.18,3358963,Alagoas
2018,2,AL,RGF-Anexo 01,DespesaComPessoalBruta,DESPESA BRUTA COM PESSOAL (I),<MR-4>,376401881.9,3358963,Alagoas
2018,2,AL,RGF-Anexo 01,DespesaComPessoalBruta,DESPESA BRUTA COM PESSOAL (I),<MR-3>,325674987.48,3358963,Alagoas
2018,2,AL,RGF-Anexo 01,DespesaComPessoalBruta,DESPESA BRUTA COM PESSOAL (I),<MR-2>,371196505.25,3358963,Alagoas
2018,2,AL,RGF-Anexo 01,DespesaComPessoalBruta,DESPESA BRUTA COM PESSOAL (I),<MR-1>,374377634.04,3358963,Alagoas
2018,2,AL,RGF-Anexo 01,DespesaComPessoalBruta,DESPESA BRUTA COM PESSOAL (I),<MR>,361690736.31,3358963,Alagoas
2018,2,AL,RGF-Anexo 01,DespesaComPessoalBruta,DESPESA BRUTA COM PESSOAL (I),TOTAL (ÚLTIMOS 12 MESES) (a),4488191285.14,3358963,Alagoas
2018,2,AL,RGF-Anexo 01,DespesaComPessoalAtivoBruta,Pessoal Ativo,<MR-11>,204159884.27,3358963,Alagoas
2018,2,AL,RGF-Anexo 01,DespesaComPessoalAtivoBruta,Pessoal Ativo,<MR-10>,208676573.67,3358963,Alagoas
2018,2,AL,RGF-Anexo 01,DespesaComPessoalAtivoBruta,Pessoal Ativo,<MR-9>,202793367.93,3358963,Alagoas
2018,2,AL,RGF-Anexo 01,DespesaComPessoalAtivoBruta,Pessoal Ativo,<MR-8>,412106945.31,3358963,Alagoas
2018,2,AL,RGF-Anexo 01,DespesaComPessoalAtivoBruta,Pessoal Ativo,<MR-7>,191771597.43,3358963,Alagoas
2018,2,AL,RGF-Anexo 01,DespesaComPessoalAtivoBruta,Pessoal Ativo,<MR-6>,189741632.25,3358963,Alagoas
2018,2,AL,RGF-Anexo 01,DespesaComPessoalAtivoBruta,Pessoal Ativo,<MR-5>,196024304.33,3358963,Alagoas
2018,2,AL,RGF-Anexo 01,DespesaComPessoalAtivoBruta,Pessoal Ativo,<MR-4>,230019887.5,3358963,Alagoas
2018,2,AL,RGF-Anexo 01,DespesaComPessoalAtivoBruta,Pessoal Ativo,<MR-3>,179769022.28,3358963,Alagoas
2018,2,AL,RGF-Anexo 01,DespesaComPessoalAtivoBruta,Pessoal Ativo,<MR-2>,221754566.35,3358963,Alagoas
2018,2,AL,RGF-Anexo 01,DespesaComPessoalAtivoBruta,Pessoal Ativo,<MR-1>,223405874.15,3358963,Alagoas
2018,2,AL,RGF-Anexo 01,DespesaComPessoalAtivoBruta,Pessoal Ativo,<MR>,209234615.98,3358963,Alagoas
2018,2,AL,RGF-Anexo 01,DespesaComPessoalAtivoBruta,Pessoal Ativo,TOTAL (ÚLTIMOS 12 MESES) (a),2669458271.45,3358963,Alagoas
2018,2,AL,RGF-Anexo 01,DespesaComPessoalInativoEPensionistasBruta,Pessoal Inativo e Pensionistas,<MR-11>,128344074.53,3358963,Alagoas
2018,2,AL,RGF-Anexo 01,DespesaComPessoalInativoEPensionistasBruta,Pessoal Inativo e Pensionistas,<MR-10>,83480902.02,3358963,Alagoas
2018,2,AL,RGF-Anexo 01,DespesaComPessoalInativoEPensionistasBruta,Pessoal Inativo e Pensionistas,<MR-9>,136314436.49,3358963,Alagoas
2018,2,AL,RGF-Anexo 01,DespesaComPessoalInativoEPensionistasBruta,Pessoal Inativo e Pensionistas,<MR-8>,254649455.47,3358963,Alagoas
2018,2,AL,RGF-Anexo 01,DespesaComPessoalInativoEPensionistasBruta,Pessoal Inativo e Pensionistas,<MR-7>,133487208.63,3358963,Alagoas
2018,2,AL,RGF-Anexo 01,DespesaComPessoalInativoEPensionistasBruta,Pessoal Inativo e Pensionistas,<MR-6>,133415480.28,3358963,Alagoas
2018,2,AL,RGF-Anexo 01,DespesaComPessoalInativoEPensionistasBruta,Pessoal Inativo e Pensionistas,<MR-5>,137222690.86,3358963,Alagoas
2018,2,AL,RGF-Anexo 01,DespesaComPessoalInativoEPensionistasBruta,Pessoal Inativo e Pensionistas,<MR-4>,137095481.1,3358963,Alagoas
2018,2,AL,RGF-Anexo 01,DespesaComPessoalInativoEPensionistasBruta,Pessoal Inativo e Pensionistas,<MR-3>,137469290.64,3358963,Alagoas
2018,2,AL,RGF-Anexo 01,DespesaComPessoalInativoEPensionistasBruta,Pessoal Inativo e Pensionistas,<MR-2>,138735019.66,3358963,Alagoas
2018,2,AL,RGF-Anexo 01,DespesaComPessoalInativoEPensionistasBruta,Pessoal Inativo e Pensionistas,<MR-1>,141208825.47,3358963,Alagoas
2018,2,AL,RGF-Anexo 01,DespesaComPessoalInativoEPensionistasBruta,Pessoal Inativo e Pensionistas,<MR>,142638797.08,3358963,Alagoas
2018,2,AL,RGF-Anexo 01,DespesaComPessoalInativoEPensionistasBruta,Pessoal Inativo e Pensionistas,TOTAL (ÚLTIMOS 12 MESES) (a),1704061662.23,3358963,Alagoas
2018,2,AL,RGF-Anexo 01,DespesaComPessoalLiquida,DESPESA LÍQUIDA COM PESSOAL (III) = (I - II),<MR-11>,295233057.68,3358963,Alagoas
2018,2,AL,RGF-Anexo 01,DespesaComPessoalLiquida,DESPESA LÍQUIDA COM PESSOAL (III) = (I - II),<MR-10>,269846006.21,3358963,Alagoas
2018,2,AL,RGF-Anexo 01,DespesaComPessoalLiquida,DESPESA LÍQUIDA COM PESSOAL (III) = (I - II),<MR-9>,262469793.14,3358963,Alagoas
2018,2,AL,RGF-Anexo 01,DespesaComPessoalLiquida,DESPESA LÍQUIDA COM PESSOAL (III) = (I - II),<MR-8>,424695225.82,3358963,Alagoas
2018,2,AL,RGF-Anexo 01,DespesaComPessoalLiquida,DESPESA LÍQUIDA COM PESSOAL (III) = (I - II),<MR-7>,259135545.27,3358963,Alagoas
2018,2,AL,RGF-Anexo 01,DespesaComPessoalLiquida,DESPESA LÍQUIDA COM PESSOAL (III) = (I - II),<MR-6>,304882937.09,3358963,Alagoas
2018,2,AL,RGF-Anexo 01,DespesaComPessoalLiquida,DESPESA LÍQUIDA COM PESSOAL (III) = (I - II),<MR-5>,309954408.68,3358963,Alagoas
2018,2,AL,RGF-Anexo 01,DespesaComPessoalLiquida,DESPESA LÍQUIDA COM PESSOAL (III) = (I - II),<MR-4>,333547457.35,3358963,Alagoas
2018,2,AL,RGF-Anexo 01,DespesaComPessoalLiquida,DESPESA LÍQUIDA COM PESSOAL (III) = (I - II),<MR-3>,290312236.92,3358963,Alagoas
2018,2,AL,RGF-Anexo 01,DespesaComPessoalLiquida,DESPESA LÍQUIDA COM PESSOAL (III) = (I - II),<MR-2>,302773413.76,3358963,Alagoas
2018,2,AL,RGF-Anexo 01,DespesaComPessoalLiquida,DESPESA LÍQUIDA COM PESSOAL (III) = (I - II),<MR-1>,299355562.76,3358963,Alagoas
2018,2,AL,RGF-Anexo 01,DespesaComPessoalLiquida,DESPESA LÍQUIDA COM PESSOAL (III) = (I - II),<MR>,280509749.59,3358963,Alagoas
2018,2,AL,RGF-Anexo 01,DespesaComPessoalLiquida,DESPESA LÍQUIDA COM PESSOAL (III) = (I - II),TOTAL (ÚLTIMOS 12 MESES) (a),3632715394.27,3358963,Alagoas
2018,2,AL,RGF-Anexo 01,ReceitaCorrenteLiquidaLimiteLegal,RECEITA CORRENTE LIQUIDA - RCL (IV),Valor,7709875408.14,3358963,Alagoas
2018,2,AL,RGF-Anexo 01,DespesaComPessoalTotal,DESPESA TOTAL COM PESSOAL - DTP (VII) = (IIIa + IIIb),Valor,3632715394.27,3358963,Alagoas
2018,2,AL,RGF-Anexo 01,DespesaComPessoalTotal,DESPESA TOTAL COM PESSOAL - DTP (VII) = (IIIa + IIIb),% sobre a RCL Ajustada,47.13,3358963,Alagoas
2018,2,AL,RGF-Anexo 02,DividaConsolidada,DÍVIDA CONSOLIDADA - DC (I),SALDO DO EXERCÍCIO ANTERIOR,8854367291.57,3358963,Alagoas
2018,2,AL,RGF-Anexo 02,DividaConsolidada,DÍVIDA CONSOLIDADA - DC (I),Até o 1º Quadrimestre,8871478990.04,3358963,Alagoas
2018,2,AL,RGF-Anexo 02,DividaConsolidada,DÍVIDA CONSOLIDADA - DC (I),Até o 2º Quadrimestre,9746711485.45,3358963,Alagoas
2018,2,AL,RGF-Anexo 02,DividaContratual,Dívida Contratual,SALDO DO EXERCÍCIO ANTERIOR,8809625369.48,3358963,Alagoas
2018,2,AL,RGF-Anexo 02,DividaContratual,Dívida Contratual,Até o 1º Quadrimestre,8826737067.95,3358963,Alagoas
2018,2,AL,RGF-Anexo 02,DividaContratual,Dívida Contratual,Até o 2º Quadrimestre,9701969563.36,3358963,Alagoas
2018,2,AL,RGF-Anexo 02,DividaConsolidadaLiquida,DÍVIDA CONSOLIDADA LÍQUIDA (DCL) (III) = (I - II),SALDO DO EXERCÍCIO ANTERIOR,7000340864.15,3358963,Alagoas
2018,2,AL,RGF-Anexo 02,DividaConsolidadaLiquida,DÍVIDA CONSOLIDADA LÍQUIDA (DCL) (III) = (I - II),Até o 1º Quadrimestre,5919393407.16,3358963,Alagoas
2018,2,AL,RGF-Anexo 02,DividaConsolidadaLiquida,DÍVIDA CONSOLIDADA LÍQUIDA (DCL) (III) = (I - II),Até o 2º Quadrimestre,6825579614.11,3358963,Alagoas
2018,3,AL,RGF-Anexo 01,DespesaComPessoalBruta,DESPESA BRUTA COM PESSOAL (I),<MR-11>,325184801.06,3358963,Alagoas
2018,3,AL,RGF-Anexo 01,DespesaComPessoalBruta,DESPESA BRUTA COM PESSOAL (I),<MR-10>,323083107.53,3358963,Alagoas
2018,3,AL,RGF-Anexo 01,DespesaComPessoalBruta,DESPESA BRUTA COM PESSOAL (I),<MR-9>,356465441.47,3358963,Alagoas
2018,3,AL,RGF-Anexo 01,DespesaComPessoalBruta,DESPESA BRUTA COM PESSOAL (I),<MR-8>,376401881.9,3358963,Alagoas
2018,3,AL,RGF-Anexo 01,DespesaComPessoalBruta,DESPESA BRUTA COM PESSOAL (I),<MR-7>,325599868.48,3358963,Alagoas
2018,3,AL,RGF-Anexo 01,DespesaComPessoalBruta,DESPESA BRUTA COM PESSOAL (I),<MR-6>,371121386.25,3358963,Alagoas
2018,3,AL,RGF-Anexo 01,DespesaComPessoalBruta,DESPESA BRUTA COM PESSOAL (I),<MR-5>,374281354.04,3358963,Alagoas
2018,3,AL,RGF-Anexo 01,DespesaComPessoalBruta,DESPESA BRUTA COM PESSOAL (I),<MR-4>,361591910.31,3358963,Alagoas
2018,3,AL,RGF-Anexo 01,DespesaComPessoalBruta,DESPESA BRUTA COM PESSOAL (I),<MR-3>,360036068.73,3358963,Alagoas
2018,3,AL,RGF-Anexo 01,DespesaComPessoalBruta,DESPESA BRUTA COM PESSOAL (I),<MR-2>,372441409.09,3358963,Alagoas
2018,3,AL,RGF-Anexo 01,DespesaComPessoalBruta,DESPESA BRUTA COM PESSOAL (I),<MR-1>,282799831.98,3358963,Alagoas
2018,3,AL,RGF-Anexo 01,DespesaComPessoalBruta,DESPESA BRUTA COM PESSOAL (I),<MR>,561952532.71,3358963,Alagoas
2018,3,AL,RGF-Anexo 01,DespesaComPessoalBruta,DESPESA BRUTA COM PESSOAL (I),TOTAL (ÚLTIMOS 12 MESES) (a),4390959593.55,3358963,Alagoas
2018,3,AL,RGF-Anexo 01,DespesaComPessoalBruta,DESPESA BRUTA COM PESSOAL (I),INSCRITAS EM RESTOS A PAGAR NÃO PROCESSADOS (b),22169.38,3358963,Alagoas
2018,3,AL,RGF-Anexo 01,DespesaComPessoalAtivoBruta,Pessoal Ativo,<MR-11>,191771597.43,3358963,Alagoas
2018,3,AL,RGF-Anexo 01,DespesaComPessoalAtivoBruta,Pessoal Ativo,<MR-10>,189741632.25,3358963,Alagoas
2018,3,AL,RGF-Anexo 01,DespesaComPessoalAtivoBruta,Pessoal Ativo,<MR-9>,196024304.33,3358963,Alagoas
2018,3,AL,RGF-Anexo 01,DespesaComPessoalAtivoBruta,Pessoal Ativo,<MR-8>,230019887.5,3358963,Alagoas
2018,3,AL,RGF-Anexo 01,DespesaComPessoalAtivoBruta,Pessoal Ativo,<MR-7>,179769022.28,3358963,Alagoas
2018,3,AL,RGF-Anexo 01,DespesaComPessoalAtivoBruta,Pessoal Ativo,<MR-6>,221754566.35,3358963,Alagoas
2018,3,AL,RGF-Anexo 01,DespesaComPessoalAtivoBruta,Pessoal Ativo,<MR-5>,223405874.15,3358963,Alagoas
2018,3,AL,RGF-Anexo 01,DespesaComPessoalAtivoBruta,Pessoal Ativo,<MR-4>,209234615.98,3358963,Alagoas
2018,3,AL,RGF-Anexo 01,DespesaComPessoalAtivoBruta,Pessoal Ativo,<MR-3>,206838885.51,3358963,Alagoas
2018,3,AL,RGF-Anexo 01,DespesaComPessoalAtivoBruta,Pessoal Ativo,<MR-2>,218664636.17,3358963,Alagoas
2018,3,AL,RGF-Anexo 01,DespesaComPessoalAtivoBruta,Pessoal Ativo,<MR-1>,180197395.33,3358963,Alagoas
2018,3,AL,RGF-Anexo 01,DespesaComPessoalAtivoBruta,Pessoal Ativo,<MR>,262841512.3,3358963,Alagoas
2018,3,AL,RGF-Anexo 01,DespesaComPessoalAtivoBruta,Pessoal Ativo,TOTAL (ÚLTIMOS 12 MESES) (a),2510263929.58,3358963,Alagoas
2018,3,AL,RGF-Anexo 01,DespesaComPessoalAtivoBruta,Pessoal Ativo,INSCRITAS EM RESTOS A PAGAR NÃO PROCESSADOS (b),22169.38,3358963,Alagoas
2018,3,AL,RGF-Anexo 01,DespesaComPessoalInativoEPensionistasBruta,Pessoal Inativo e Pensionistas,<MR-11>,133413203.63,3358963,Alagoas
2018,3,AL,RGF-Anexo 01,DespesaComPessoalInativoEPensionistasBruta,Pessoal Inativo e Pensionistas,<MR-10>,133341475.28,3358963,Alagoas
2018,3,AL,RGF-Anexo 01,DespesaComPessoalInativoEPensionistasBruta,Pessoal Inativo e Pensionistas,<MR-9>,137131565.15,3358963,Alagoas
2018,3,AL,RGF-Anexo 01,DespesaComPessoalInativoEPensionistasBruta,Pessoal Inativo e Pensionistas,<MR-8>,137095481.1,3358963,Alagoas
2018,3,AL,RGF-Anexo 01,DespesaComPessoalInativoEPensionistasBruta,Pessoal Inativo e Pensionistas,<MR-7>,137394171.64,3358963,Alagoas
2018,3,AL,RGF-Anexo 01,DespesaComPessoalInativoEPensionistasBruta,Pessoal Inativo e Pensionistas,<MR-6>,138659900.66,3358963,Alagoas
2018,3,AL,RGF-Anexo 01,DespesaComPessoalInativoEPensionistasBruta,Pessoal Inativo e Pensionistas,<MR-5>,141112545.47,3358963,Alagoas
2018,3,AL,RGF-Anexo 01,DespesaComPessoalInativoEPensionistasBruta,Pessoal Inativo e Pensionistas,<MR-4>,142539971.08,3358963,Alagoas
2018,3,AL,RGF-Anexo 01,DespesaComPessoalInativoEPensionistasBruta,Pessoal Inativo e Pensionistas,<MR-3>,143281057.7,3358963,Alagoas
2018,3,AL,RGF-Anexo 01,DespesaComPessoalInativoEPensionistasBruta,Pessoal Inativo e Pensionistas,<MR-2>,143654755.27,3358963,Alagoas
2018,3,AL,RGF-Anexo 01,DespesaComPessoalInativoEPensionistasBruta,Pessoal Inativo e Pensionistas,<MR-1>,92327849.79,3358963,Alagoas
2018,3,AL,RGF-Anexo 01,DespesaComPessoalInativoEPensionistasBruta,Pessoal Inativo e Pensionistas,<MR>,275523280.36,3358963,Alagoas
2018,3,AL,RGF-Anexo 01,DespesaComPessoalInativoEPensionistasBruta,Pessoal Inativo e Pensionistas,TOTAL (ÚLTIMOS 12 MESES) (a),1755475257.13,3358963,Alagoas
2018,3,AL,RGF-Anexo 01,DespesaComPessoalLiquida,DESPESA LÍQUIDA COM PESSOAL (III) = (I - II),<MR-11>,279205032.97,3358963,Alagoas
2018,3,AL,RGF-Anexo 01,DespesaComPessoalLiquida,DESPESA LÍQUIDA COM PESSOAL (III) = (I - II),<MR-10>,310113650.49,3358963,Alagoas
2018,3,AL,RGF-Anexo 01,DespesaComPessoalLiquida,DESPESA LÍQUIDA COM PESSOAL (III) = (I - II),<MR-9>,323161519.28,3358963,Alagoas
2018,3,AL,RGF-Anexo 01,DespesaComPessoalLiquida,DESPESA LÍQUIDA COM PESSOAL (III) = (I - II),<MR-8>,346411881.08,3358963,Alagoas
2018,3,AL,RGF-Anexo 01,DespesaComPessoalLiquida,DESPESA LÍQUIDA COM PESSOAL (III) = (I - II),<MR-7>,300714016.84,3358963,Alagoas
2018,3,AL,RGF-Anexo 01,DespesaComPessoalLiquida,DESPESA LÍQUIDA COM PESSOAL (III) = (I - II),<MR-6>,323696923.92,3358963,Alagoas
2018,3,AL,RGF-Anexo 01,DespesaComPessoalLiquida,DESPESA LÍQUIDA COM PESSOAL (III) = (I - II),<MR-5>,321986455.51,3358963,Alagoas
2018,3,AL,RGF-Anexo 01,DespesaComPessoalLiquida,DESPESA LÍQUIDA COM PESSOAL (III) = (I - II),<MR-4>,304756713.1,3358963,Alagoas
2018,3,AL,RGF-Anexo 01,DespesaComPessoalLiquida,DESPESA LÍQUIDA COM PESSOAL (III) = (I - II),<MR-3>,305774008.9,3358963,Alagoas
2018,3,AL,RGF-Anexo 01,DespesaComPessoalLiquida,DESPESA LÍQUIDA COM PESSOAL (III) = (I - II),<MR-2>,324063530.38,3358963,Alagoas
2018,3,AL,RGF-Anexo 01,DespesaComPessoalLiquida,DESPESA LÍQUIDA COM PESSOAL (III) = (I - II),<MR-1>,264566502.88,3358963,Alagoas
2018,3,AL,RGF-Anexo 01,DespesaComPessoalLiquida,DESPESA LÍQUIDA COM PESSOAL (III) = (I - II),<MR>,471993606.24,3358963,Alagoas
2018,3,AL,RGF-Anexo 01,DespesaComPessoalLiquida,DESPESA LÍQUIDA COM PESSOAL (III) = (I - II),TOTAL (ÚLTIMOS 12 MESES) (a),3876443841.6,3358963,Alagoas
2018,3,AL,RGF-Anexo 01,DespesaComPessoalLiquida,DESPESA LÍQUIDA COM PESSOAL (III) = (I - II),INSCRITAS EM RESTOS A PAGAR NÃO PROCESSADOS (b),842.86,3358963,Alagoas
2018,3,AL,RGF-Anexo 01,ReceitaCorrenteLiquidaLimiteLegal,RECEITA CORRENTE LIQUIDA - RCL (IV),Valor,7962976440.89,3358963,Alagoas
2018,3,AL,RGF-Anexo 01,DespesaComPessoalTotal,DESPESA TOTAL COM PESSOAL - DTP (VII) = (IIIa + IIIb),Valor,3876444684.46,3358963,Alagoas
2018,3,AL,RGF-Anexo 01,DespesaComPessoalTotal,DESPESA TOTAL COM PESSOAL - DTP (VII) = (IIIa + IIIb),% sobre a RCL Ajustada,48.69,3358963,Alagoas
2018,3,AL,RGF-Anexo 02,DividaConsolidada,DÍVIDA CONSOLIDADA - DC (I),SALDO DO EXERCÍCIO ANTERIOR,8854367291.57,3358963,Alagoas
2018,3,AL,RGF-Anexo 02,DividaConsolidada,DÍVIDA CONSOLIDADA - DC (I),Até o 1º Quadrimestre,8871478990.04,3358963,Alagoas
2018,3,AL,RGF-Anexo 02,DividaConsolidada,DÍVIDA CONSOLIDADA - DC (I),Até o 2º Quadrimestre,9746711485.45,3358963,Alagoas
2018,3,AL,RGF-Anexo 02,DividaConsolidada,DÍVIDA CONSOLIDADA - DC (I),Até o 3º Quadrimestre,8671048806.86,3358963,Alagoas
2018,3,AL,RGF-Anexo 02,DividaContratual,Dívida Contratual,SALDO DO EXERCÍCIO ANTERIOR,8809625369.48,3358963,Alagoas
2018,3,AL,RGF-Anexo 02,DividaContratual,Dívida Contratual,Até o 1º Quadrimestre,8826737067.95,3358963,Alagoas
2018,3,AL,RGF-Anexo 02,DividaContratual,Dívida Contratual,Até o 2º Quadrimestre,9701969563.36,3358963,Alagoas
2018,3,AL,RGF-Anexo 02,DividaContratual,Dívida Contratual,Até o 3º Quadrimestre,8671048806.86,3358963,Alagoas
2018,3,AL,RGF-Anexo 02,DividaConsolidadaLiquida,DÍVIDA CONSOLIDADA LÍQUIDA (DCL) (III) = (I - II),SALDO DO EXERCÍCIO ANTERIOR,7000340864.15,3358963,Alagoas
2018,3,AL,RGF-Anexo 02,DividaConsolidadaLiquida,DÍVIDA CONSOLIDADA LÍQUIDA (DCL) (III) = (I - II),Até o 1º Quadrimestre,5919393407.16,3358963,Alagoas
2018,3,AL,RGF-Anexo 02,DividaConsolidadaLiquida,DÍVIDA CONSOLIDADA LÍQUIDA (DCL) (III) = (I - II),Até o 2º Quadrimestre,6825579614.11,3358963,Alagoas
2018,3,AL,RGF-Anexo 02,DividaConsolidadaLiquida,DÍVIDA CONSOLIDADA LÍQUIDA (DCL) (III) = (I - II),Até o 3º Quadrimestre,6816346130.58,3358963,Alagoas
2019,1,AL,RGF-Anexo 01,DespesaComPessoalBruta,DESPESA BRUTA COM PESSOAL (I),<MR-11>,325599868.48,3322820,Alagoas
2019,1,AL,RGF-Anexo 01,DespesaComPessoalBruta,DESPESA BRUTA COM PESSOAL (I),<MR-10>,371121386.25,3322820,Alagoas
2019,1,AL,RGF-Anexo 01,DespesaComPessoalBruta,DESPESA BRUTA COM PESSOAL (I),<MR-9>,374281354.04,3322820,Alagoas
2019,1,AL,RGF-Anexo 01,DespesaComPessoalBruta,DESPESA BRUTA COM PESSOAL (I),<MR-8>,361591910.31,3322820,Alagoas
2019,1,AL,RGF-Anexo 01,DespesaComPessoalBruta,DESPESA BRUTA COM PESSOAL (I),<MR-7>,360036068.73,3322820,Alagoas
2019,1,AL,RGF-Anexo 01,DespesaComPessoalBruta,DESPESA BRUTA COM PESSOAL (I),<MR-6>,372441409.09,3322820,Alagoas
2019,1,AL,RGF-Anexo 01,DespesaComPessoalBruta,DESPESA BRUTA COM PESSOAL (I),<MR-5>,282799831.98,3322820,Alagoas
2019,1,AL,RGF-Anexo 01,DespesaComPessoalBruta,DESPESA BRUTA COM PESSOAL (I),<MR-4>,561952532.71,3322820,Alagoas
2019,1,AL,RGF-Anexo 01,DespesaComPessoalBruta,DESPESA BRUTA COM PESSOAL (I),<MR-3>,79661497.12,3322820,Alagoas
2019,1,AL,RGF-Anexo 01,DespesaComPessoalBruta,DESPESA BRUTA COM PESSOAL (I),<MR-2>,560657873.54,3322820,Alagoas
2019,1,AL,RGF-Anexo 01,DespesaComPessoalBruta,DESPESA BRUTA COM PESSOAL (I),<MR-1>,411104107.54,3322820,Alagoas
2019,1,AL,RGF-Anexo 01,DespesaComPessoalBruta,DESPESA BRUTA COM PESSOAL (I),<MR>,378548813.05,3322820,Alagoas
2019,1,AL,RGF-Anexo 01,DespesaComPessoalBruta,DESPESA BRUTA COM PESSOAL (I),TOTAL (ÚLTIMOS 12 MESES) (a),4439796652.84,3322820,Alagoas
2019,1,AL,RGF-Anexo 01,DespesaComPessoalAtivoBruta,Pessoal Ativo,<MR-11>,179769022.28,3322820,Alagoas
2019,1,AL,RGF-Anexo 01,DespesaComPessoalAtivoBruta,Pessoal Ativo,<MR-10>,221754566.35,3322820,Alagoas
2019,1,AL,RGF-Anexo 01,DespesaComPessoalAtivoBruta,Pessoal Ativo,<MR-9>,223405874.15,3322820,Alagoas
2019,1,AL,RGF-Anexo 01,DespesaComPessoalAtivoBruta,Pessoal Ativo,<MR-8>,209234615.98,3322820,Alagoas
2019,1,AL,RGF-Anexo 01,DespesaComPessoalAtivoBruta,Pessoal Ativo,<MR-7>,206838885.51,3322820,Alagoas
2019,1,AL,RGF-Anexo 01,DespesaComPessoalAtivoBruta,Pessoal Ativo,<MR-6>,218664636.17,3322820,Alagoas
2019,1,AL,RGF-Anexo 01,DespesaComPessoalAtivoBruta,Pessoal Ativo,<MR-5>,180197395.33,3322820,Alagoas
2019,1,AL,RGF-Anexo 01,DespesaComPessoalAtivoBruta,Pessoal Ativo,<MR-4>,262841512.3,3322820,Alagoas
2019,1,AL,RGF-Anexo 01,DespesaComPessoalAtivoBruta,Pessoal Ativo,<MR-3>,79661497.12,3322820,Alagoas
2019,1,AL,RGF-Anexo 01,DespesaComPessoalAtivoBruta,Pessoal Ativo,<MR-2>,248604581.98,3322820,Alagoas
2019,1,AL,RGF-Anexo 01,DespesaComPessoalAtivoBruta,Pessoal Ativo,<MR-1>,255608059.98,3322820,Alagoas
2019,1,AL,RGF-Anexo 01,DespesaComPessoalAtivoBruta,Pessoal Ativo,<MR>,215779287.87,3322820,Alagoas
2019,1,AL,RGF-Anexo 01,DespesaComPessoalAtivoBruta,Pessoal Ativo,TOTAL (ÚLTIMOS 12 MESES) (a),2502359935.02,3322820,Alagoas
2019,1,AL,RGF-Anexo 01,DespesaComPessoalInativoEPensionistasBruta,Pessoal Inativo e Pensionistas,<MR-11>,137394171.64,3322820,Alagoas
2019,1,AL,RGF-Anexo 01,DespesaComPessoalInativoEPensionistasBruta,Pessoal Inativo e Pensionistas,<MR-10>,138659900.66,3322820,Alagoas
2019,1,AL,RGF-Anexo 01,DespesaComPessoalInativoEPensionistasBruta,Pessoal Inativo e Pensionistas,<MR-9>,141112545.47,3322820,Alagoas
2019,1,AL,RGF-Anexo 01,DespesaComPessoalInativoEPensionistasBruta,Pessoal Inativo e Pensionistas,<MR-8>,142539971.08,3322820,Alagoas
2019,1,AL,RGF-Anexo 01,DespesaComPessoalInativoEPensionistasBruta,Pessoal Inativo e Pensionistas,<MR-7>,143281057.7,3322820,Alagoas
2019,1,AL,RGF-Anexo 01,DespesaComPessoalInativoEPensionistasBruta,Pessoal Inativo e Pensionistas,<MR-6>,143654755.27,3322820,Alagoas
2019,1,AL,RGF-Anexo 01,DespesaComPessoalInativoEPensionistasBruta,Pessoal Inativo e Pensionistas,<MR-5>,92327849.79,3322820,Alagoas
2019,1,AL,RGF-Anexo 01,DespesaComPessoalInativoEPensionistasBruta,Pessoal Inativo e Pensionistas,<MR-4>,275523280.36,3322820,Alagoas
2019,1,AL,RGF-Anexo 01,DespesaComPessoalInativoEPensionistasBruta,Pessoal Inativo e Pensionistas,<MR-2>,292064507.35,3322820,Alagoas
2019,1,AL,RGF-Anexo 01,DespesaComPessoalInativoEPensionistasBruta,Pessoal Inativo e Pensionistas,<MR-1>,146437860.88,3322820,Alagoas
2019,1,AL,RGF-Anexo 01,DespesaComPessoalInativoEPensionistasBruta,Pessoal Inativo e Pensionistas,<MR>,151594294.61,3322820,Alagoas
2019,1,AL,RGF-Anexo 01,DespesaComPessoalInativoEPensionistasBruta,Pessoal Inativo e Pensionistas,TOTAL (ÚLTIMOS 12 MESES) (a),1804590194.81,3322820,Alagoas
2019,1,AL,RGF-Anexo 01,DespesaComPessoalLiquida,DESPESA LÍQUIDA COM PESSOAL (III) = (I - II),<MR-11>,300714016.84,3322820,Alagoas
2019,1,AL,RGF-Anexo 01,DespesaComPessoalLiquida,DESPESA LÍQUIDA COM PESSOAL (III) = (I - II),<MR-10>,323696923.92,3322820,Alagoas
2019,1,AL,RGF-Anexo 01,DespesaComPessoalLiquida,DESPESA LÍQUIDA COM PESSOAL (III) = (I - II),<MR-9>,321986455.51,3322820,Alagoas
2019,1,AL,RGF-Anexo 01,DespesaComPessoalLiquida,DESPESA LÍQUIDA COM PESSOAL (III) = (I - II),<MR-8>,304756713.1,3322820,Alagoas
2019,1,AL,RGF-Anexo 01,DespesaComPessoalLiquida,DESPESA LÍQUIDA COM PESSOAL (III) = (I - II),<MR-7>,305774008.9,3322820,Alagoas
2019,1,AL,RGF-Anexo 01,DespesaComPessoalLiquida,DESPESA LÍQUIDA COM PESSOAL (III) = (I - II),<MR-6>,324063530.38,3322820,Alagoas
2019,1,AL,RGF-Anexo 01,DespesaComPessoalLiquida,DESPESA LÍQUIDA COM PESSOAL (III) = (I - II),<MR-5>,264566502.88,3322820,Alagoas
2019,1,AL,RGF-Anexo 01,DespesaComPessoalLiquida,DESPESA LÍQUIDA COM PESSOAL (III) = (I - II),<MR-4>,472356809.44,3322820,Alagoas
2019,1,AL,RGF-Anexo 01,DespesaComPessoalLiquida,DESPESA LÍQUIDA COM PESSOAL (III) = (I - II),<MR-3>,79588504.23,3322820,Alagoas
2019,1,AL,RGF-Anexo 01,DespesaComPessoalLiquida,DESPESA LÍQUIDA COM PESSOAL (III) = (I - II),<MR-2>,461592650.98,3322820,Alagoas
2019,1,AL,RGF-Anexo 01,DespesaComPessoalLiquida,DESPESA LÍQUIDA COM PESSOAL (III) = (I - II),<MR-1>,354157339.49,3322820,Alagoas
2019,1,AL,RGF-Anexo 01,DespesaComPessoalLiquida,DESPESA LÍQUIDA COM PESSOAL (III) = (I - II),<MR>,325198871.62,3322820,Alagoas
2019,1,AL,RGF-Anexo 01,DespesaComPessoalLiquida,DESPESA LÍQUIDA COM PESSOAL (III) = (I - II),TOTAL (ÚLTIMOS 12 MESES) (a),3838452327.29,3322820,Alagoas
2019,1,AL,RGF-Anexo 01,ReceitaCorrenteLiquidaLimiteLegal,RECEITA CORRENTE LIQUIDA - RCL (IV),Valor,8244782794.09,3322820,Alagoas
2019,1,AL,RGF-Anexo 01,DespesaComPessoalTotal,DESPESA TOTAL COM PESSOAL - DTP (VII) = (IIIa + IIIb),Valor,3838452327.29,3322820,Alagoas
2019,1,AL,RGF-Anexo 01,DespesaComPessoalTotal,DESPESA TOTAL COM PESSOAL - DTP (VII) = (IIIa + IIIb),% sobre a RCL Ajustada,46.56,3322820,Alagoas
2019,1,AL,RGF-Anexo 02,DividaConsolidada,DÍVIDA CONSOLIDADA - DC (I),SALDO DO EXERCÍCIO ANTERIOR,8671048806.86,3322820,Alagoas
2019,1,AL,RGF-Anexo 02,DividaConsolidada,DÍVIDA CONSOLIDADA - DC (I),Até o 1º Quadrimestre,8774193064.21,3322820,Alagoas
2019,1,AL,RGF-Anexo 02,DividaContratual,Dívida Contratual,SALDO DO EXERCÍCIO ANTERIOR,8671048806.86,3322820,Alagoas
2019,1,AL,RGF-Anexo 02,DividaContratual,Dívida Contratual,Até o 1º Quadrimestre,8774193064.21,3322820,Alagoas
2019,1,AL,RGF-Anexo 02,DividaConsolidadaLiquida,DÍVIDA CONSOLIDADA LÍQUIDA (DCL) (III) = (I - II),SALDO DO EXERCÍCIO ANTERIOR,6816346130.58,3322820,Alagoas
2019,1,AL,RGF-Anexo 02,DividaConsolidadaLiquida,DÍVIDA CONSOLIDADA LÍQUIDA (DCL) (III) = (I - II),Até o 1º Quadrimestre,6260746466.73,3322820,Alagoas
2019,2,AL,RGF-Anexo 01,DespesaComPessoalBruta,DESPESA BRUTA COM PESSOAL (I),<MR-11>,360036068.73,3322820,Alagoas
2019,2,AL,RGF-Anexo 01,DespesaComPessoalBruta,DESPESA BRUTA COM PESSOAL (I),<MR-10>,372441409.09,3322820,Alagoas
2019,2,AL,RGF-Anexo 01,DespesaComPessoalBruta,DESPESA BRUTA COM PESSOAL (I),<MR-9>,282799831.98,3322820,Alagoas
2019,2,AL,RGF-Anexo 01,DespesaComPessoalBruta,DESPESA BRUTA COM PESSOAL (I),<MR-8>,561952532.71,3322820,Alagoas
2019,2,AL,RGF-Anexo 01,DespesaComPessoalBruta,DESPESA BRUTA COM PESSOAL (I),<MR-7>,79661497.12,3322820,Alagoas
2019,2,AL,RGF-Anexo 01,DespesaComPessoalBruta,DESPESA BRUTA COM PESSOAL (I),<MR-6>,560657873.54,3322820,Alagoas
2019,2,AL,RGF-Anexo 01,DespesaComPessoalBruta,DESPESA BRUTA COM PESSOAL (I),<MR-5>,411104107.54,3322820,Alagoas
2019,2,AL,RGF-Anexo 01,DespesaComPessoalBruta,DESPESA BRUTA COM PESSOAL (I),<MR-4>,378548813.05,3322820,Alagoas
2019,2,AL,RGF-Anexo 01,DespesaComPessoalBruta,DESPESA BRUTA COM PESSOAL (I),<MR-3>,400056175.24,3322820,Alagoas
2019,2,AL,RGF-Anexo 01,DespesaComPessoalBruta,DESPESA BRUTA COM PESSOAL (I),<MR-2>,345581913.88,3322820,Alagoas
2019,2,AL,RGF-Anexo 01,DespesaComPessoalBruta,DESPESA BRUTA COM PESSOAL (I),<MR-1>,377972300.24,3322820,Alagoas
2019,2,AL,RGF-Anexo 01,DespesaComPessoalBruta,DESPESA BRUTA COM PESSOAL (I),<MR>,357887221.98,3322820,Alagoas
2019,2,AL,RGF-Anexo 01,DespesaComPessoalBruta,DESPESA BRUTA COM PESSOAL (I),TOTAL (ÚLTIMOS 12 MESES) (a),4488699745.1,3322820,Alagoas
2019,2,AL,RGF-Anexo 01,DespesaComPessoalAtivoBruta,Pessoal Ativo,<MR-11>,206838885.51,3322820,Alagoas
2019,2,AL,RGF-Anexo 01,DespesaComPessoalAtivoBruta,Pessoal Ativo,<MR-10>,218664636.17,3322820,Alagoas
2019,2,AL,RGF-Anexo 01,DespesaComPessoalAtivoBruta,Pessoal Ativo,<MR-9>,180197395.33,3322820,Alagoas
2019,2,AL,RGF-Anexo 01,DespesaComPessoalAtivoBruta,Pessoal Ativo,<MR-8>,262841512.3,3322820,Alagoas
2019,2,AL,RGF-Anexo 01,DespesaComPessoalAtivoBruta,Pessoal Ativo,<MR-7>,79661497.12,3322820,Alagoas
2019,2,AL,RGF-Anexo 01,DespesaComPessoalAtivoBruta,Pessoal Ativo,<MR-6>,248604581.98,3322820,Alagoas
2019,2,AL,RGF-Anexo 01,DespesaComPessoalAtivoBruta,Pessoal Ativo,<MR-5>,255608059.98,3322820,Alagoas
2019,2,AL,RGF-Anexo 01,DespesaComPessoalAtivoBruta,Pessoal Ativo,<MR-4>,215779287.87,3322820,Alagoas
2019,2,AL,RGF-Anexo 01,DespesaComPessoalAtivoBruta,Pessoal Ativo,<MR-3>,238759944.77,3322820,Alagoas
2019,2,AL,RGF-Anexo 01,DespesaComPessoalAtivoBruta,Pessoal Ativo,<MR-2>,196974706.51,3322820,Alagoas
2019,2,AL,RGF-Anexo 01,DespesaComPessoalAtivoBruta,Pessoal Ativo,<MR-1>,207399832.59,3322820,Alagoas
2019,2,AL,RGF-Anexo 01,DespesaComPessoalAtivoBruta,Pessoal Ativo,<MR>,205362282.69,3322820,Alagoas
2019,2,AL,RGF-Anexo 01,DespesaComPessoalAtivoBruta,Pessoal Ativo,TOTAL (ÚLTIMOS 12 MESES) (a),2516692622.82,3322820,Alagoas
2019,2,AL,RGF-Anexo 01,DespesaComPessoalInativoEPensionistasBruta,Pessoal Inativo e Pensionistas,<MR-11>,143281057.7,3322820,Alagoas
2019,2,AL,RGF-Anexo 01,DespesaComPessoalInativoEPensionistasBruta,Pessoal Inativo e Pensionistas,<MR-10>,143654755.27,3322820,Alagoas
2019,2,AL,RGF-Anexo 01,DespesaComPessoalInativoEPensionistasBruta,Pessoal Inativo e Pensionistas,<MR-9>,92327849.79,3322820,Alagoas
2019,2,AL,RGF-Anexo 01,DespesaComPessoalInativoEPensionistasBruta,Pessoal Inativo e Pensionistas,<MR-8>,275523280.36,3322820,Alagoas
2019,2,AL,RGF-Anexo 01,DespesaComPessoalInativoEPensionistasBruta,Pessoal Inativo e Pensionistas,<MR-6>,292064507.35,3322820,Alagoas
2019,2,AL,RGF-Anexo 01,DespesaComPessoalInativoEPensionistasBruta,Pessoal Inativo e Pensionistas,<MR-5>,146437860.88,3322820,Alagoas
2019,2,AL,RGF-Anexo 01,DespesaComPessoalInativoEPensionistasBruta,Pessoal Inativo e Pensionistas,<MR-4>,151594294.61,3322820,Alagoas
2019,2,AL,RGF-Anexo 01,DespesaComPessoalInativoEPensionistasBruta,Pessoal Inativo e Pensionistas,<MR-3>,150620042.46,3322820,Alagoas
2019,2,AL,RGF-Anexo 01,DespesaComPessoalInativoEPensionistasBruta,Pessoal Inativo e Pensionistas,<MR-2>,148607207.37,3322820,Alagoas
2019,2,AL,RGF-Anexo 01,DespesaComPessoalInativoEPensionistasBruta,Pessoal Inativo e Pensionistas,<MR-1>,149277551.22,3322820,Alagoas
2019,2,AL,RGF-Anexo 01,DespesaComPessoalInativoEPensionistasBruta,Pessoal Inativo e Pensionistas,<MR>,141374060.19,3322820,Alagoas
2019,2,AL,RGF-Anexo 01,DespesaComPessoalInativoEPensionistasBruta,Pessoal Inativo e Pensionistas,TOTAL (ÚLTIMOS 12 MESES) (a),1834762467.2,3322820,Alagoas
2019,2,AL,RGF-Anexo 01,DespesaComPessoalLiquida,DESPESA LÍQUIDA COM PESSOAL (III) = (I - II),<MR-11>,305774008.9,3322820,Alagoas
2019,2,AL,RGF-Anexo 01,DespesaComPessoalLiquida,DESPESA LÍQUIDA COM PESSOAL (III) = (I - II),<MR-10>,324063530.38,3322820,Alagoas
2019,2,AL,RGF-Anexo 01,DespesaComPessoalLiquida,DESPESA LÍQUIDA COM PESSOAL (III) = (I - II),<MR-9>,264566502.88,3322820,Alagoas
2019,2,AL,RGF-Anexo 01,DespesaComPessoalLiquida,DESPESA LÍQUIDA COM PESSOAL (III) = (I - II),<MR-8>,472356809.44,3322820,Alagoas
2019,2,AL,RGF-Anexo 01,DespesaComPessoalLiquida,DESPESA LÍQUIDA COM PESSOAL (III) = (I - II),<MR-7>,79588504.23,3322820,Alagoas
2019,2,AL,RGF-Anexo 01,DespesaComPessoalLiquida,DESPESA LÍQUIDA COM PESSOAL (III) = (I - II),<MR-6>,461592650.98,3322820,Alagoas
2019,2,AL,RGF-Anexo 01,DespesaComPessoalLiquida,DESPESA LÍQUIDA COM PESSOAL (III) = (I - II),<MR-5>,354157339.49,3322820,Alagoas
2019,2,AL,RGF-Anexo 01,DespesaComPessoalLiquida,DESPESA LÍQUIDA COM PESSOAL (III) = (I - II),<MR-4>,325198871.62,3322820,Alagoas
2019,2,AL,RGF-Anexo 01,DespesaComPessoalLiquida,DESPESA LÍQUIDA COM PESSOAL (III) = (I - II),<MR-3>,329354712.15,3322820,Alagoas
2019,2,AL,RGF-Anexo 01,DespesaComPessoalLiquida,DESPESA LÍQUIDA COM PESSOAL (III) = (I - II),<MR-2>,292519633.23,3322820,Alagoas
2019,2,AL,RGF-Anexo 01,DespesaComPessoalLiquida,DESPESA LÍQUIDA COM PESSOAL (III) = (I - II),<MR-1>,325887889.44,3322820,Alagoas
2019,2,AL,RGF-Anexo 01,DespesaComPessoalLiquida,DESPESA LÍQUIDA COM PESSOAL (III) = (I - II),<MR>,304411966.99,3322820,Alagoas
2019,2,AL,RGF-Anexo 01,DespesaComPessoalLiquida,DESPESA LÍQUIDA COM PESSOAL (III) = (I - II),TOTAL (ÚLTIMOS 12 MESES) (a),3839472419.73,3322820,Alagoas
2019,2,AL,RGF-Anexo 01,ReceitaCorrenteLiquidaLimiteLegal,RECEITA CORRENTE LIQUIDA - RCL (IV),Valor,8279172705.29,3322820,Alagoas
2019,2,AL,RGF-Anexo 01,DespesaComPessoalTotal,DESPESA TOTAL COM PESSOAL - DTP (VII) = (IIIa + IIIb),Valor,3839472419.73,3322820,Alagoas
2019,2,AL,RGF-Anexo 01,DespesaComPessoalTotal,DESPESA TOTAL COM PESSOAL - DTP (VII) = (IIIa + IIIb),% sobre a RCL Ajustada,46.38,3322820,Alagoas
2019,2,AL,RGF-Anexo 02,DividaConsolidada,DÍVIDA CONSOLIDADA - DC (I),SALDO DO EXERCÍCIO ANTERIOR,8671048806.86,3322820,Alagoas
2019,2,AL,RGF-Anexo 02,DividaConsolidada,DÍVIDA CONSOLIDADA - DC (I),Até o 1º Quadrimestre,8774193064.21,3322820,Alagoas
2019,2,AL,RGF-Anexo 02,DividaConsolidada,DÍVIDA CONSOLIDADA - DC (I),Até o 2º Quadrimestre,8606670643.35,3322820,Alagoas
2019,2,AL,RGF-Anexo 02,DividaContratual,Dívida Contratual,SALDO DO EXERCÍCIO ANTERIOR,8671048806.86,3322820,Alagoas
2019,2,AL,RGF-Anexo 02,DividaContratual,Dívida Contratual,Até o 1º Quadrimestre,8774193064.21,3322820,Alagoas
2019,2,AL,RGF-Anexo 02,DividaContratual,Dívida Contratual,Até o 2º Quadrimestre,8606670643.35,3322820,Alagoas
2019,2,AL,RGF-Anexo 02,DividaConsolidadaLiquida,DÍVIDA CONSOLIDADA LÍQUIDA (DCL) (III) = (I - II),SALDO DO EXERCÍCIO ANTERIOR,6816346130.58,3322820,Alagoas
2019,2,AL,RGF-Anexo 02,DividaConsolidadaLiquida,DÍVIDA CONSOLIDADA LÍQUIDA (DCL) (III) = (I - II),Até o 1º Quadrimestre,6260746466.73,3322820,Alagoas
2019,2,AL,RGF-Anexo 02,DividaConsolidadaLiquida,DÍVIDA CONSOLIDADA LÍQUIDA (DCL) (III) = (I - II),Até o 2º Quadrimestre,6079159179.9,3322820,Alagoas
2019,3,AL,RGF-Anexo 01,DespesaComPessoalBruta,DESPESA BRUTA COM PESSOAL (I),<MR-11>,79661497.12,3322820,Alagoas
2019,3,AL,RGF-Anexo 01,DespesaComPessoalBruta,DESPESA BRUTA COM PESSOAL (I),<MR-10>,560657873.54,3322820,Alagoas
2019,3,AL,RGF-Anexo 01,DespesaComPessoalBruta,DESPESA BRUTA COM PESSOAL (I),<MR-9>,411104107.54,3322820,Alagoas
2019,3,AL,RGF-Anexo 01,DespesaComPessoalBruta,DESPESA BRUTA COM PESSOAL (I),<MR-8>,378548813.05,3322820,Alagoas
2019,3,AL,RGF-Anexo 01,DespesaComPessoalBruta,DESPESA BRUTA COM PESSOAL (I),<MR-7>,400056175.24,3322820,Alagoas
2019,3,AL,RGF-Anexo 01,DespesaComPessoalBruta,DESPESA BRUTA COM PESSOAL (I),<MR-6>,345581913.88,3322820,Alagoas
2019,3,AL,RGF-Anexo 01,DespesaComPessoalBruta,DESPESA BRUTA COM PESSOAL (I),<MR-5>,377972300.24,3322820,Alagoas
2019,3,AL,RGF-Anexo 01,DespesaComPessoalBruta,DESPESA BRUTA COM PESSOAL (I),<MR-4>,357887221.98,3322820,Alagoas
2019,3,AL,RGF-Anexo 01,DespesaComPessoalBruta,DESPESA BRUTA COM PESSOAL (I),<MR-3>,423834316.93,3322820,Alagoas
2019,3,AL,RGF-Anexo 01,DespesaComPessoalBruta,DESPESA BRUTA COM PESSOAL (I),<MR-2>,344643753.41,3322820,Alagoas
2019,3,AL,RGF-Anexo 01,DespesaComPessoalBruta,DESPESA BRUTA COM PESSOAL (I),<MR-1>,392642259.64,3322820,Alagoas
2019,3,AL,RGF-Anexo 01,DespesaComPessoalBruta,DESPESA BRUTA COM PESSOAL (I),<MR>,476237211.4,3322820,Alagoas
2019,3,AL,RGF-Anexo 01,DespesaComPessoalBruta,DESPESA BRUTA COM PESSOAL (I),TOTAL (ÚLTIMOS 12 MESES) (a),4548827443.97,3322820,Alagoas
2019,3,AL,RGF-Anexo 01,DespesaComPessoalBruta,DESPESA BRUTA COM PESSOAL (I),INSCRITAS EM RESTOS A PAGAR NÃO PROCESSADOS (b),74798.69,3322820,Alagoas
2019,3,AL,RGF-Anexo 01,DespesaComPessoalAtivoBruta,Pessoal Ativo,<MR-11>,79661497.12,3322820,Alagoas
2019,3,AL,RGF-Anexo 01,DespesaComPessoalAtivoBruta,Pessoal Ativo,<MR-10>,248604581.98,3322820,Alagoas
2019,3,AL,RGF-Anexo 01,DespesaComPessoalAtivoBruta,Pessoal Ativo,<MR-9>,255608059.98,3322820,Alagoas
2019,3,AL,RGF-Anexo 01,DespesaComPessoalAtivoBruta,Pessoal Ativo,<MR-8>,215779287.87,3322820,Alagoas
2019,3,AL,RGF-Anexo 01,DespesaComPessoalAtivoBruta,Pessoal Ativo,<MR-7>,238759944.77,3322820,Alagoas
2019,3,AL,RGF-Anexo 01,DespesaComPessoalAtivoBruta,Pessoal Ativo,<MR-6>,196974706.51,3322820,Alagoas
2019,3,AL,RGF-Anexo 01,DespesaComPessoalAtivoBruta,Pessoal Ativo,<MR-5>,207399832.59,3322820,Alagoas
2019,3,AL,RGF-Anexo 01,DespesaComPessoalAtivoBruta,Pessoal Ativo,<MR-4>,205362282.69,3322820,Alagoas
2019,3,AL,RGF-Anexo 01,DespesaComPessoalAtivoBruta,Pessoal Ativo,<MR-3>,266444769.54,3322820,Alagoas
2019,3,AL,RGF-Anexo 01,DespesaComPessoalAtivoBruta,Pessoal Ativo,<MR-2>,199214910.67,3322820,Alagoas
2019,3,AL,RGF-Anexo 01,DespesaComPessoalAtivoBruta,Pessoal Ativo,<MR-1>,231747347.32,3322820,Alagoas
2019,3,AL,RGF-Anexo 01,DespesaComPessoalAtivoBruta,Pessoal Ativo,<MR>,233265423.96,3322820,Alagoas
2019,3,AL,RGF-Anexo 01,DespesaComPessoalAtivoBruta,Pessoal Ativo,TOTAL (ÚLTIMOS 12 MESES) (a),2578822645.0,3322820,Alagoas
2019,3,AL,RGF-Anexo 01,DespesaComPessoalAtivoBruta,Pessoal Ativo,INSCRITAS EM RESTOS A PAGAR NÃO PROCESSADOS (b),74798.69,3322820,Alagoas
2019,3,AL,RGF-Anexo 01,DespesaComPessoalInativoEPensionistasBruta,Pessoal Inativo e Pensionistas,<MR-10>,292064507.35,3322820,Alagoas
2019,3,AL,RGF-Anexo 01,DespesaComPessoalInativoEPensionistasBruta,Pessoal Inativo e Pensionistas,<MR-9>,146437860.88,3322820,Alagoas
2019,3,AL,RGF-Anexo 01,DespesaComPessoalInativoEPensionistasBruta,Pessoal Inativo e Pensionistas,<MR-8>,151594294.61,3322820,Alagoas
2019,3,AL,RGF-Anexo 01,DespesaComPessoalInativoEPensionistasBruta,Pessoal Inativo e Pensionistas,<MR-7>,150620042.46,3322820,Alagoas
2019,3,AL,RGF-Anexo 01,DespesaComPessoalInativoEPensionistasBruta,Pessoal Inativo e Pensionistas,<MR-6>,148607207.37,3322820,Alagoas
2019,3,AL,RGF-Anexo 01,DespesaComPessoalInativoEPensionistasBruta,Pessoal Inativo e Pensionistas,<MR-5>,149277551.22,3322820,Alagoas
2019,3,AL,RGF-Anexo 01,DespesaComPessoalInativoEPensionistasBruta,Pessoal Inativo e Pensionistas,<MR-4>,141374060.19,3322820,Alagoas
2019,3,AL,RGF-Anexo 01,DespesaComPessoalInativoEPensionistasBruta,Pessoal Inativo e Pensionistas,<MR-3>,146776083.93,3322820,Alagoas
2019,3,AL,RGF-Anexo 01,DespesaComPessoalInativoEPensionistasBruta,Pessoal Inativo e Pensionistas,<MR-2>,145428842.74,3322820,Alagoas
2019,3,AL,RGF-Anexo 01,DespesaComPessoalInativoEPensionistasBruta,Pessoal Inativo e Pensionistas,<MR-1>,150201021.51,3322820,Alagoas
2019,3,AL,RGF-Anexo 01,DespesaComPessoalInativoEPensionistasBruta,Pessoal Inativo e Pensionistas,<MR>,205949607.99,3322820,Alagoas
2019,3,AL,RGF-Anexo 01,DespesaComPessoalInativoEPensionistasBruta,Pessoal Inativo e Pensionistas,TOTAL (ÚLTIMOS 12 MESES) (a),1828331080.25,3322820,Alagoas
2019,3,AL,RGF-Anexo 01,DespesaComPessoalLiquida,DESPESA LÍQUIDA COM PESSOAL (III) = (I - II),<MR-11>,79588504.23,3322820,Alagoas
2019,3,AL,RGF-Anexo 01,DespesaComPessoalLiquida,DESPESA LÍQUIDA COM PESSOAL (III) = (I - II),<MR-10>,461592650.98,3322820,Alagoas
2019,3,AL,RGF-Anexo 01,DespesaComPessoalLiquida,DESPESA LÍQUIDA COM PESSOAL (III) = (I - II),<MR-9>,354157339.49,3322820,Alagoas
2019,3,AL,RGF-Anexo 01,DespesaComPessoalLiquida,DESPESA LÍQUIDA COM PESSOAL (III) = (I - II),<MR-8>,325198871.62,3322820,Alagoas
2019,3,AL,RGF-Anexo 01,DespesaComPessoalLiquida,DESPESA LÍQUIDA COM PESSOAL (III) = (I - II),<MR-7>,329354712.15,3322820,Alagoas
2019,3,AL,RGF-Anexo 01,DespesaComPessoalLiquida,DESPESA LÍQUIDA COM PESSOAL (III) = (I - II),<MR-6>,292519633.23,3322820,Alagoas
2019,3,AL,RGF-Anexo 01,DespesaComPessoalLiquida,DESPESA LÍQUIDA COM PESSOAL (III) = (I - II),<MR-5>,325887889.44,3322820,Alagoas
2019,3,AL,RGF-Anexo 01,DespesaComPessoalLiquida,DESPESA LÍQUIDA COM PESSOAL (III) = (I - II),<MR-4>,304411966.99,3322820,Alagoas
2019,3,AL,RGF-Anexo 01,DespesaComPessoalLiquida,DESPESA LÍQUIDA COM PESSOAL (III) = (I - II),<MR-3>,322109238.96,3322820,Alagoas
2019,3,AL,RGF-Anexo 01,DespesaComPessoalLiquida,DESPESA LÍQUIDA COM PESSOAL (III) = (I - II),<MR-2>,290794068.15,3322820,Alagoas
2019,3,AL,RGF-Anexo 01,DespesaComPessoalLiquida,DESPESA LÍQUIDA COM PESSOAL (III) = (I - II),<MR-1>,340350070.78,3322820,Alagoas
2019,3,AL,RGF-Anexo 01,DespesaComPessoalLiquida,DESPESA LÍQUIDA COM PESSOAL (III) = (I - II),<MR>,400527945.18,3322820,Alagoas
2019,3,AL,RGF-Anexo 01,DespesaComPessoalLiquida,DESPESA LÍQUIDA COM PESSOAL (III) = (I - II),TOTAL (ÚLTIMOS 12 MESES) (a),3826492891.2,3322820,Alagoas
2019,3,AL,RGF-Anexo 01,DespesaComPessoalLiquida,DESPESA LÍQUIDA COM PESSOAL (III) = (I - II),INSCRITAS EM RESTOS A PAGAR NÃO PROCESSADOS (b),74798.69,3322820,Alagoas
2019,3,AL,RGF-Anexo 01,ReceitaCorrenteLiquidaLimiteLegal,RECEITA CORRENTE LIQUIDA - RCL (IV),Valor,8559007201.96,3322820,Alagoas
2019,3,AL,RGF-Anexo 01,DespesaComPessoalTotal,DESPESA TOTAL COM PESSOAL - DTP (VII) = (IIIa + IIIb),Valor,3826567689.89,3322820,Alagoas
2019,3,AL,RGF-Anexo 01,DespesaComPessoalTotal,DESPESA TOTAL COM PESSOAL - DTP (VII) = (IIIa + IIIb),% sobre a RCL Ajustada,44.71,3322820,Alagoas
2019,3,AL,RGF-Anexo 02,DividaConsolidada,DÍVIDA CONSOLIDADA - DC (I),SALDO DO EXERCÍCIO ANTERIOR,8671048806.86,3322820,Alagoas
2019,3,AL,RGF-Anexo 02,DividaConsolidada,DÍVIDA CONSOLIDADA - DC (I),Até o 1º Quadrimestre,8774193064.21,3322820,Alagoas
2019,3,AL,RGF-Anexo 02,DividaConsolidada,DÍVIDA CONSOLIDADA - DC (I),Até o 2º Quadrimestre,8606670643.35,3322820,Alagoas
2019,3,AL,RGF-Anexo 02,DividaConsolidada,DÍVIDA CONSOLIDADA - DC (I),Até o 3º Quadrimestre,8806971453.9,3322820,Alagoas
2019,3,AL,RGF-Anexo 02,DividaContratual,Dívida Contratual,SALDO DO EXERCÍCIO ANTERIOR,8671048806.86,3322820,Alagoas
2019,3,AL,RGF-Anexo 02,DividaContratual,Dívida Contratual,Até o 1º Quadrimestre,8774193064.21,3322820,Alagoas
2019,3,AL,RGF-Anexo 02,DividaContratual,Dívida Contratual,Até o 2º Quadrimestre,8606670643.35,3322820,Alagoas
2019,3,AL,RGF-Anexo 02,DividaContratual,Dívida Contratual,Até o 3º Quadrimestre,8806971453.9,3322820,Alagoas
2019,3,AL,RGF-Anexo 02,DividaConsolidadaLiquida,DÍVIDA CONSOLIDADA LÍQUIDA (DCL) (III) = (I - II),SALDO DO EXERCÍCIO ANTERIOR,6816346130.58,3322820,Alagoas
2019,3,AL,RGF-Anexo 02,DividaConsolidadaLiquida,DÍVIDA CONSOLIDADA LÍQUIDA (DCL) (III) = (I - II),Até o 1º Quadrimestre,6260746466.73,3322820,Alagoas
2019,3,AL,RGF-Anexo 02,DividaConsolidadaLiquida,DÍVIDA CONSOLIDADA LÍQUIDA (DCL) (III) = (I - II),Até o 2º Quadrimestre,6079159179.9,3322820,Alagoas
2019,3,AL,RGF-Anexo 02,DividaConsolidadaLiquida,DÍVIDA CONSOLIDADA LÍQUIDA (DCL) (III) = (I - II),Até o 3º Quadrimestre,6404121918.62,3322820,Alagoas
2020,1,AL,RGF-Anexo 01,DespesaComPessoalBruta,DESPESA BRUTA COM PESSOAL (I),<MR-11>,400056175.24,3337357,Alagoas
2020,1,AL,RGF-Anexo 01,DespesaComPessoalBruta,DESPESA BRUTA COM PESSOAL (I),<MR-10>,345581913.88,3337357,Alagoas
2020,1,AL,RGF-Anexo 01,DespesaComPessoalBruta,DESPESA BRUTA COM PESSOAL (I),<MR-9>,377972300.24,3337357,Alagoas
2020,1,AL,RGF-Anexo 01,DespesaComPessoalBruta,DESPESA BRUTA COM PESSOAL (I),<MR-8>,357887221.98,3337357,Alagoas
2020,1,AL,RGF-Anexo 01,DespesaComPessoalBruta,DESPESA BRUTA COM PESSOAL (I),<MR-7>,423834316.93,3337357,Alagoas
2020,1,AL,RGF-Anexo 01,DespesaComPessoalBruta,DESPESA BRUTA COM PESSOAL (I),<MR-6>,344643753.41,3337357,Alagoas
2020,1,AL,RGF-Anexo 01,DespesaComPessoalBruta,DESPESA BRUTA COM PESSOAL (I),<MR-5>,392642259.64,3337357,Alagoas
2020,1,AL,RGF-Anexo 01,DespesaComPessoalBruta,DESPESA BRUTA COM PESSOAL (I),<MR-4>,476237211.4,3337357,Alagoas
2020,1,AL,RGF-Anexo 01,DespesaComPessoalBruta,DESPESA BRUTA COM PESSOAL (I),<MR-3>,537723669.13,3337357,Alagoas
2020,1,AL,RGF-Anexo 01,DespesaComPessoalBruta,DESPESA BRUTA COM PESSOAL (I),<MR-2>,429578164.36,3337357,Alagoas
2020,1,AL,RGF-Anexo 01,DespesaComPessoalBruta,DESPESA BRUTA COM PESSOAL (I),<MR-1>,377454799.53,3337357,Alagoas
2020,1,AL,RGF-Anexo 01,DespesaComPessoalBruta,DESPESA BRUTA COM PESSOAL (I),<MR>,382248973.44,3337357,Alagoas
2020,1,AL,RGF-Anexo 01,DespesaComPessoalBruta,DESPESA BRUTA COM PESSOAL (I),TOTAL (ÚLTIMOS 12 MESES) (a),4845860759.18,3337357,Alagoas
2020,1,AL,RGF-Anexo 01,DespesaComPessoalAtivoBruta,Pessoal Ativo,<MR-11>,238759944.77,3337357,Alagoas
2020,1,AL,RGF-Anexo 01,DespesaComPessoalAtivoBruta,Pessoal Ativo,<MR-10>,196974706.51,3337357,Alagoas
2020,1,AL,RGF-Anexo 01,DespesaComPessoalAtivoBruta,Pessoal Ativo,<MR-9>,207399832.59,3337357,Alagoas
2020,1,AL,RGF-Anexo 01,DespesaComPessoalAtivoBruta,Pessoal Ativo,<MR-8>,205362282.69,3337357,Alagoas
2020,1,AL,RGF-Anexo 01,DespesaComPessoalAtivoBruta,Pessoal Ativo,<MR-7>,266444769.54,3337357,Alagoas
2020,1,AL,RGF-Anexo 01,DespesaComPessoalAtivoBruta,Pessoal Ativo,<MR-6>,199214910.67,3337357,Alagoas
2020,1,AL,RGF-Anexo 01,DespesaComPessoalAtivoBruta,Pessoal Ativo,<MR-5>,231747347.32,3337357,Alagoas
2020,1,AL,RGF-Anexo 01,DespesaComPessoalAtivoBruta,Pessoal Ativo,<MR-4>,233265423.96,3337357,Alagoas
2020,1,AL,RGF-Anexo 01,DespesaComPessoalAtivoBruta,Pessoal Ativo,<MR-3>,444816025.53,3337357,Alagoas
2020,1,AL,RGF-Anexo 01,DespesaComPessoalAtivoBruta,Pessoal Ativo,<MR-2>,209169113.65,3337357,Alagoas
2020,1,AL,RGF-Anexo 01,DespesaComPessoalAtivoBruta,Pessoal Ativo,<MR-1>,215256999.96,3337357,Alagoas
2020,1,AL,RGF-Anexo 01,DespesaComPessoalAtivoBruta,Pessoal Ativo,<MR>,202204014.54,3337357,Alagoas
2020,1,AL,RGF-Anexo 01,DespesaComPessoalAtivoBruta,Pessoal Ativo,TOTAL (ÚLTIMOS 12 MESES) (a),2850615371.73,3337357,Alagoas
2020,1,AL,RGF-Anexo 01,DespesaComPessoalInativoEPensionistasBruta,Pessoal Inativo e Pensionistas,<MR-11>,150620042.46,3337357,Alagoas
2020,1,AL,RGF-Anexo 01,DespesaComPessoalInativoEPensionistasBruta,Pessoal Inativo e Pensionistas,<MR-10>,148607207.37,3337357,Alagoas
2020,1,AL,RGF-Anexo 01,DespesaComPessoalInativoEPensionistasBruta,Pessoal Inativo e Pensionistas,<MR-9>,149277551.22,3337357,Alagoas
2020,1,AL,RGF-Anexo 01,DespesaComPessoalInativoEPensionistasBruta,Pessoal Inativo e Pensionistas,<MR-8>,141374060.19,3337357,Alagoas
2020,1,AL,RGF-Anexo 01,DespesaComPessoalInativoEPensionistasBruta,Pessoal Inativo e Pensionistas,<MR-7>,146776083.93,3337357,Alagoas
2020,1,AL,RGF-Anexo 01,DespesaComPessoalInativoEPensionistasBruta,Pessoal Inativo e Pensionistas,<MR-6>,145428842.74,3337357,Alagoas
2020,1,AL,RGF-Anexo 01,DespesaComPessoalInativoEPensionistasBruta,Pessoal Inativo e Pensionistas,<MR-5>,150201021.51,3337357,Alagoas
2020,1,AL,RGF-Anexo 01,DespesaComPessoalInativoEPensionistasBruta,Pessoal Inativo e Pensionistas,<MR-4>,205949607.99,3337357,Alagoas
2020,1,AL,RGF-Anexo 01,DespesaComPessoalInativoEPensionistasBruta,Pessoal Inativo e Pensionistas,<MR-3>,92907643.6,3337357,Alagoas
2020,1,AL,RGF-Anexo 01,DespesaComPessoalInativoEPensionistasBruta,Pessoal Inativo e Pensionistas,<MR-2>,209240316.24,3337357,Alagoas
2020,1,AL,RGF-Anexo 01,DespesaComPessoalInativoEPensionistasBruta,Pessoal Inativo e Pensionistas,<MR-1>,151469155.43,3337357,Alagoas
2020,1,AL,RGF-Anexo 01,DespesaComPessoalInativoEPensionistasBruta,Pessoal Inativo e Pensionistas,<MR>,169253990.1,3337357,Alagoas
2020,1,AL,RGF-Anexo 01,DespesaComPessoalInativoEPensionistasBruta,Pessoal Inativo e Pensionistas,TOTAL (ÚLTIMOS 12 MESES) (a),1861105522.78,3337357,Alagoas
2020,1,AL,RGF-Anexo 01,DespesaComPessoalLiquida,DESPESA LÍQUIDA COM PESSOAL (III) = (I - II),<MR-11>,328818267.82,3337357,Alagoas
2020,1,AL,RGF-Anexo 01,DespesaComPessoalLiquida,DESPESA LÍQUIDA COM PESSOAL (III) = (I - II),<MR-10>,291891105.89,3337357,Alagoas
2020,1,AL,RGF-Anexo 01,DespesaComPessoalLiquida,DESPESA LÍQUIDA COM PESSOAL (III) = (I - II),<MR-9>,325144436.53,3337357,Alagoas
2020,1,AL,RGF-Anexo 01,DespesaComPessoalLiquida,DESPESA LÍQUIDA COM PESSOAL (III) = (I - II),<MR-8>,303846387.22,3337357,Alagoas
2020,1,AL,RGF-Anexo 01,DespesaComPessoalLiquida,DESPESA LÍQUIDA COM PESSOAL (III) = (I - II),<MR-7>,321672368.36,3337357,Alagoas
2020,1,AL,RGF-Anexo 01,DespesaComPessoalLiquida,DESPESA LÍQUIDA COM PESSOAL (III) = (I - II),<MR-6>,290380469.59,3337357,Alagoas
2020,1,AL,RGF-Anexo 01,DespesaComPessoalLiquida,DESPESA LÍQUIDA COM PESSOAL (III) = (I - II),<MR-5>,339910253.34,3337357,Alagoas
2020,1,AL,RGF-Anexo 01,DespesaComPessoalLiquida,DESPESA LÍQUIDA COM PESSOAL (III) = (I - II),<MR-4>,406673279.15,3337357,Alagoas
2020,1,AL,RGF-Anexo 01,DespesaComPessoalLiquida,DESPESA LÍQUIDA COM PESSOAL (III) = (I - II),<MR-3>,222781689.05,3337357,Alagoas
2020,1,AL,RGF-Anexo 01,DespesaComPessoalLiquida,DESPESA LÍQUIDA COM PESSOAL (III) = (I - II),<MR-2>,359519778.07,3337357,Alagoas
2020,1,AL,RGF-Anexo 01,DespesaComPessoalLiquida,DESPESA LÍQUIDA COM PESSOAL (III) = (I - II),<MR-1>,325339935.77,3337357,Alagoas
2020,1,AL,RGF-Anexo 01,DespesaComPessoalLiquida,DESPESA LÍQUIDA COM PESSOAL (III) = (I - II),<MR>,304067125.57,3337357,Alagoas
2020,1,AL,RGF-Anexo 01,DespesaComPessoalLiquida,DESPESA LÍQUIDA COM PESSOAL (III) = (I - II),TOTAL (ÚLTIMOS 12 MESES) (a),3820045096.36,3337357,Alagoas
2020,1,AL,RGF-Anexo 01,ReceitaCorrenteLiquidaLimiteLegal,RECEITA CORRENTE LIQUIDA - RCL (IV),Valor,8547699185.27,3337357,Alagoas
2020,1,AL,RGF-Anexo 01,DespesaComPessoalTotal,DESPESA TOTAL COM PESSOAL - DTP (VIII) = (IIIa + IIIb),Valor,3820045096.36,3337357,Alagoas
2020,1,AL,RGF-Anexo 01,DespesaComPessoalTotal,DESPESA TOTAL COM PESSOAL - DTP (VIII) = (IIIa + IIIb),% sobre a RCL Ajustada,44.72,3337357,Alagoas
2020,1,AL,RGF-Anexo 02,DividaConsolidada,DÍVIDA CONSOLIDADA - DC (I),SALDO DO EXERCÍCIO ANTERIOR,8806971453.9,3337357,Alagoas
2020,1,AL,RGF-Anexo 02,DividaConsolidada,DÍVIDA CONSOLIDADA - DC (I),Até o 1º Quadrimestre,9319489004.23,3337357,Alagoas
2020,1,AL,RGF-Anexo 02,DividaContratual,Dívida Contratual,SALDO DO EXERCÍCIO ANTERIOR,8806971453.9,3337357,Alagoas
2020,1,AL,RGF-Anexo 02,DividaContratual,Dívida Contratual,Até o 1º Quadrimestre,9319489004.23,3337357,Alagoas
2020,1,AL,RGF-Anexo 02,DividaConsolidadaLiquida,DÍVIDA CONSOLIDADA LÍQUIDA (DCL) (III) = (I - II),SALDO DO EXERCÍCIO ANTERIOR,6477034731.52,3337357,Alagoas
2020,1,AL,RGF-Anexo 02,DividaConsolidadaLiquida,DÍVIDA CONSOLIDADA LÍQUIDA (DCL) (III) = (I - II),Até o 1º Quadrimestre,6823857146.57,3337357,Alagoas
2020,2,AL,RGF-Anexo 01,DespesaComPessoalBruta,DESPESA BRUTA COM PESSOAL (I),<MR-11>,423834316.93,3337357,Alagoas
2020,2,AL,RGF-Anexo 01,DespesaComPessoalBruta,DESPESA BRUTA COM PESSOAL (I),<MR-10>,344643753.41,3337357,Alagoas
2020,2,AL,RGF-Anexo 01,DespesaComPessoalBruta,DESPESA BRUTA COM PESSOAL (I),<MR-9>,392642259.64,3337357,Alagoas
2020,2,AL,RGF-Anexo 01,DespesaComPessoalBruta,DESPESA BRUTA COM PESSOAL (I),<MR-8>,476237211.4,3337357,Alagoas
2020,2,AL,RGF-Anexo 01,DespesaComPessoalBruta,DESPESA BRUTA COM PESSOAL (I),<MR-7>,537723669.13,3337357,Alagoas
2020,2,AL,RGF-Anexo 01,DespesaComPessoalBruta,DESPESA BRUTA COM PESSOAL (I),<MR-6>,429578164.36,3337357,Alagoas
2020,2,AL,RGF-Anexo 01,DespesaComPessoalBruta,DESPESA BRUTA COM PESSOAL (I),<MR-5>,377454799.53,3337357,Alagoas
2020,2,AL,RGF-Anexo 01,DespesaComPessoalBruta,DESPESA BRUTA COM PESSOAL (I),<MR-4>,382248973.44,3337357,Alagoas
2020,2,AL,RGF-Anexo 01,DespesaComPessoalBruta,DESPESA BRUTA COM PESSOAL (I),<MR-3>,368698522.59,3337357,Alagoas
2020,2,AL,RGF-Anexo 01,DespesaComPessoalBruta,DESPESA BRUTA COM PESSOAL (I),<MR-2>,376771941.82,3337357,Alagoas
2020,2,AL,RGF-Anexo 01,DespesaComPessoalBruta,DESPESA BRUTA COM PESSOAL (I),<MR-1>,352136833.21,3337357,Alagoas
2020,2,AL,RGF-Anexo 01,DespesaComPessoalBruta,DESPESA BRUTA COM PESSOAL (I),<MR>,390756042.35,3337357,Alagoas
2020,2,AL,RGF-Anexo 01,DespesaComPessoalBruta,DESPESA BRUTA COM PESSOAL (I),TOTAL (ÚLTIMOS 12 MESES) (a),4852726487.81,3337357,Alagoas
2020,2,AL,RGF-Anexo 01,DespesaComPessoalAtivoBruta,Pessoal Ativo,<MR-11>,266444769.54,3337357,Alagoas
2020,2,AL,RGF-Anexo 01,DespesaComPessoalAtivoBruta,Pessoal Ativo,<MR-10>,199214910.67,3337357,Alagoas
2020,2,AL,RGF-Anexo 01,DespesaComPessoalAtivoBruta,Pessoal Ativo,<MR-9>,231747347.32,3337357,Alagoas
2020,2,AL,RGF-Anexo 01,DespesaComPessoalAtivoBruta,Pessoal Ativo,<MR-8>,233265423.96,3337357,Alagoas
2020,2,AL,RGF-Anexo 01,DespesaComPessoalAtivoBruta,Pessoal Ativo,<MR-7>,444816025.53,3337357,Alagoas
2020,2,AL,RGF-Anexo 01,DespesaComPessoalAtivoBruta,Pessoal Ativo,<MR-6>,209169113.65,3337357,Alagoas
2020,2,AL,RGF-Anexo 01,DespesaComPessoalAtivoBruta,Pessoal Ativo,<MR-5>,215256999.96,3337357,Alagoas
2020,2,AL,RGF-Anexo 01,DespesaComPessoalAtivoBruta,Pessoal Ativo,<MR-4>,202204014.54,3337357,Alagoas
2020,2,AL,RGF-Anexo 01,DespesaComPessoalAtivoBruta,Pessoal Ativo,<MR-3>,206539025.61,3337357,Alagoas
2020,2,AL,RGF-Anexo 01,DespesaComPessoalAtivoBruta,Pessoal Ativo,<MR-2>,214564160.87,3337357,Alagoas
2020,2,AL,RGF-Anexo 01,DespesaComPessoalAtivoBruta,Pessoal Ativo,<MR-1>,188741441.75,3337357,Alagoas
2020,2,AL,RGF-Anexo 01,DespesaComPessoalAtivoBruta,Pessoal Ativo,<MR>,227591070.86,3337357,Alagoas
2020,2,AL,RGF-Anexo 01,DespesaComPessoalAtivoBruta,Pessoal Ativo,TOTAL (ÚLTIMOS 12 MESES) (a),2839554304.26,3337357,Alagoas
2020,2,AL,RGF-Anexo 01,DespesaComPessoalInativoEPensionistasBruta,Pessoal Inativo e Pensionistas,<MR-11>,146776083.93,3337357,Alagoas
2020,2,AL,RGF-Anexo 01,DespesaComPessoalInativoEPensionistasBruta,Pessoal Inativo e Pensionistas,<MR-10>,145428842.74,3337357,Alagoas
2020,2,AL,RGF-Anexo 01,DespesaComPessoalInativoEPensionistasBruta,Pessoal Inativo e Pensionistas,<MR-9>,150201021.51,3337357,Alagoas
2020,2,AL,RGF-Anexo 01,DespesaComPessoalInativoEPensionistasBruta,Pessoal Inativo e Pensionistas,<MR-8>,205949607.99,3337357,Alagoas
2020,2,AL,RGF-Anexo 01,DespesaComPessoalInativoEPensionistasBruta,Pessoal Inativo e Pensionistas,<MR-7>,92907643.6,3337357,Alagoas
2020,2,AL,RGF-Anexo 01,DespesaComPessoalInativoEPensionistasBruta,Pessoal Inativo e Pensionistas,<MR-6>,209240316.24,3337357,Alagoas
2020,2,AL,RGF-Anexo 01,DespesaComPessoalInativoEPensionistasBruta,Pessoal Inativo e Pensionistas,<MR-5>,151469155.43,3337357,Alagoas
2020,2,AL,RGF-Anexo 01,DespesaComPessoalInativoEPensionistasBruta,Pessoal Inativo e Pensionistas,<MR-4>,169253990.1,3337357,Alagoas
2020,2,AL,RGF-Anexo 01,DespesaComPessoalInativoEPensionistasBruta,Pessoal Inativo e Pensionistas,<MR-3>,151823437.26,3337357,Alagoas
2020,2,AL,RGF-Anexo 01,DespesaComPessoalInativoEPensionistasBruta,Pessoal Inativo e Pensionistas,<MR-2>,152036480.73,3337357,Alagoas
2020,2,AL,RGF-Anexo 01,DespesaComPessoalInativoEPensionistasBruta,Pessoal Inativo e Pensionistas,<MR-1>,152687472.93,3337357,Alagoas
2020,2,AL,RGF-Anexo 01,DespesaComPessoalInativoEPensionistasBruta,Pessoal Inativo e Pensionistas,<MR>,152778701.08,3337357,Alagoas
2020,2,AL,RGF-Anexo 01,DespesaComPessoalInativoEPensionistasBruta,Pessoal Inativo e Pensionistas,TOTAL (ÚLTIMOS 12 MESES) (a),1880552753.54,3337357,Alagoas
2020,2,AL,RGF-Anexo 01,DespesaComPessoalLiquida,DESPESA LÍQUIDA COM PESSOAL (III) = (I - II),<MR-11>,321672368.36,3337357,Alagoas
2020,2,AL,RGF-Anexo 01,DespesaComPessoalLiquida,DESPESA LÍQUIDA COM PESSOAL (III) = (I - II),<MR-10>,290380469.59,3337357,Alagoas
2020,2,AL,RGF-Anexo 01,DespesaComPessoalLiquida,DESPESA LÍQUIDA COM PESSOAL (III) = (I - II),<MR-9>,339910253.34,3337357,Alagoas
2020,2,AL,RGF-Anexo 01,DespesaComPessoalLiquida,DESPESA LÍQUIDA COM PESSOAL (III) = (I - II),<MR-8>,406673282.15,3337357,Alagoas
2020,2,AL,RGF-Anexo 01,DespesaComPessoalLiquida,DESPESA LÍQUIDA COM PESSOAL (III) = (I - II),<MR-7>,222781692.05,3337357,Alagoas
2020,2,AL,RGF-Anexo 01,DespesaComPessoalLiquida,DESPESA LÍQUIDA COM PESSOAL (III) = (I - II),<MR-6>,359513914.47,3337357,Alagoas
2020,2,AL,RGF-Anexo 01,DespesaComPessoalLiquida,DESPESA LÍQUIDA COM PESSOAL (III) = (I - II),<MR-5>,325339935.77,3337357,Alagoas
2020,2,AL,RGF-Anexo 01,DespesaComPessoalLiquida,DESPESA LÍQUIDA COM PESSOAL (III) = (I - II),<MR-4>,304024754.38,3337357,Alagoas
2020,2,AL,RGF-Anexo 01,DespesaComPessoalLiquida,DESPESA LÍQUIDA COM PESSOAL (III) = (I - II),<MR-3>,295258597.4,3337357,Alagoas
2020,2,AL,RGF-Anexo 01,DespesaComPessoalLiquida,DESPESA LÍQUIDA COM PESSOAL (III) = (I - II),<MR-2>,302254726.47,3337357,Alagoas
2020,2,AL,RGF-Anexo 01,DespesaComPessoalLiquida,DESPESA LÍQUIDA COM PESSOAL (III) = (I - II),<MR-1>,278579400.14,3337357,Alagoas
2020,2,AL,RGF-Anexo 01,DespesaComPessoalLiquida,DESPESA LÍQUIDA COM PESSOAL (III) = (I - II),<MR>,317370694.78,3337357,Alagoas
2020,2,AL,RGF-Anexo 01,DespesaComPessoalLiquida,DESPESA LÍQUIDA COM PESSOAL (III) = (I - II),TOTAL (ÚLTIMOS 12 MESES) (a),3763760088.9,3337357,Alagoas
2020,2,AL,RGF-Anexo 01,ReceitaCorrenteLiquidaLimiteLegal,RECEITA CORRENTE LIQUIDA - RCL (IV),Valor,9078707714.1,3337357,Alagoas
2020,2,AL,RGF-Anexo 01,DespesaComPessoalTotal,DESPESA TOTAL COM PESSOAL - DTP (VIII) = (IIIa + IIIb),Valor,3763760088.9,3337357,Alagoas
2020,2,AL,RGF-Anexo 01,DespesaComPessoalTotal,DESPESA TOTAL COM PESSOAL - DTP (VIII) = (IIIa + IIIb),% sobre a RCL Ajustada,41.53,3337357,Alagoas
2020,2,AL,RGF-Anexo 02,DividaConsolidada,DÍVIDA CONSOLIDADA - DC (I),SALDO DO EXERCÍCIO ANTERIOR,8806971453.9,3337357,Alagoas
2020,2,AL,RGF-Anexo 02,DividaConsolidada,DÍVIDA CONSOLIDADA - DC (I),Até o 1º Quadrimestre,9319489004.23,3337357,Alagoas
2020,2,AL,RGF-Anexo 02,DividaConsolidada,DÍVIDA CONSOLIDADA - DC (I),Até o 2º Quadrimestre,9465351866.72,3337357,Alagoas
2020,2,AL,RGF-Anexo 02,DividaContratual,Dívida Contratual,SALDO DO EXERCÍCIO ANTERIOR,8806971453.9,3337357,Alagoas
2020,2,AL,RGF-Anexo 02,DividaContratual,Dívida Contratual,Até o 1º Quadrimestre,9319489004.23,3337357,Alagoas
2020,2,AL,RGF-Anexo 02,DividaContratual,Dívida Contratual,Até o 2º Quadrimestre,9465351866.72,3337357,Alagoas
2020,2,AL,RGF-Anexo 02,DividaConsolidadaLiquida,DÍVIDA CONSOLIDADA LÍQUIDA (DCL) (III) = (I - II),SALDO DO EXERCÍCIO ANTERIOR,6477034731.52,3337357,Alagoas
2020,2,AL,RGF-Anexo 02,DividaConsolidadaLiquida,DÍVIDA CONSOLIDADA LÍQUIDA (DCL) (III) = (I - II),Até o 1º Quadrimestre,6823857146.57,3337357,Alagoas
2020,2,AL,RGF-Anexo 02,DividaConsolidadaLiquida,DÍVIDA CONSOLIDADA LÍQUIDA (DCL) (III) = (I - II),Até o 2º Quadrimestre,6204201760.54,3337357,Alagoas
2020,3,AL,RGF-Anexo 01,DespesaComPessoalBruta,DESPESA BRUTA COM PESSOAL (I),<MR-11>,537723669.13,3337357,Alagoas
2020,3,AL,RGF-Anexo 01,DespesaComPessoalBruta,DESPESA BRUTA COM PESSOAL (I),<MR-10>,429578164.36,3337357,Alagoas
2020,3,AL,RGF-Anexo 01,DespesaComPessoalBruta,DESPESA BRUTA COM PESSOAL (I),<MR-9>,377454799.53,3337357,Alagoas
2020,3,AL,RGF-Anexo 01,DespesaComPessoalBruta,DESPESA BRUTA COM PESSOAL (I),<MR-8>,382248973.44,3337357,Alagoas
2020,3,AL,RGF-Anexo 01,DespesaComPessoalBruta,DESPESA BRUTA COM PESSOAL (I),<MR-7>,368698522.59,3337357,Alagoas
2020,3,AL,RGF-Anexo 01,DespesaComPessoalBruta,DESPESA BRUTA COM PESSOAL (I),<MR-6>,376771941.82,3337357,Alagoas
2020,3,AL,RGF-Anexo 01,DespesaComPessoalBruta,DESPESA BRUTA COM PESSOAL (I),<MR-5>,352136833.21,3337357,Alagoas
2020,3,AL,RGF-Anexo 01,DespesaComPessoalBruta,DESPESA BRUTA COM PESSOAL (I),<MR-4>,390756042.35,3337357,Alagoas
2020,3,AL,RGF-Anexo 01,DespesaComPessoalBruta,DESPESA BRUTA COM PESSOAL (I),<MR-3>,416942173.98,3337357,Alagoas
2020,3,AL,RGF-Anexo 01,DespesaComPessoalBruta,DESPESA BRUTA COM PESSOAL (I),<MR-2>,435421654.81,3337357,Alagoas
2020,3,AL,RGF-Anexo 01,DespesaComPessoalBruta,DESPESA BRUTA COM PESSOAL (I),<MR-1>,673321610.79,3337357,Alagoas
2020,3,AL,RGF-Anexo 01,DespesaComPessoalBruta,DESPESA BRUTA COM PESSOAL (I),<MR>,519931733.81,3337357,Alagoas
2020,3,AL,RGF-Anexo 01,DespesaComPessoalBruta,DESPESA BRUTA COM PESSOAL (I),TOTAL (ÚLTIMOS 12 MESES) (a),5260986119.82,3337357,Alagoas
2020,3,AL,RGF-Anexo 01,DespesaComPessoalBruta,DESPESA BRUTA COM PESSOAL (I),INSCRITAS EM RESTOS A PAGAR NÃO PROCESSADOS (b),42930332.55,3337357,Alagoas
2020,3,AL,RGF-Anexo 01,DespesaComPessoalAtivoBruta,Pessoal Ativo,<MR-11>,444816025.53,3337357,Alagoas
2020,3,AL,RGF-Anexo 01,DespesaComPessoalAtivoBruta,Pessoal Ativo,<MR-10>,209169113.65,3337357,Alagoas
2020,3,AL,RGF-Anexo 01,DespesaComPessoalAtivoBruta,Pessoal Ativo,<MR-9>,215256999.96,3337357,Alagoas
2020,3,AL,RGF-Anexo 01,DespesaComPessoalAtivoBruta,Pessoal Ativo,<MR-8>,202204014.54,3337357,Alagoas
2020,3,AL,RGF-Anexo 01,DespesaComPessoalAtivoBruta,Pessoal Ativo,<MR-7>,206539025.61,3337357,Alagoas
2020,3,AL,RGF-Anexo 01,DespesaComPessoalAtivoBruta,Pessoal Ativo,<MR-6>,214564160.87,3337357,Alagoas
2020,3,AL,RGF-Anexo 01,DespesaComPessoalAtivoBruta,Pessoal Ativo,<MR-5>,188741441.75,3337357,Alagoas
2020,3,AL,RGF-Anexo 01,DespesaComPessoalAtivoBruta,Pessoal Ativo,<MR-4>,227591070.86,3337357,Alagoas
2020,3,AL,RGF-Anexo 01,DespesaComPessoalAtivoBruta,Pessoal Ativo,<MR-3>,221004847.1,3337357,Alagoas
2020,3,AL,RGF-Anexo 01,DespesaComPessoalAtivoBruta,Pessoal Ativo,<MR-2>,287246790.5,3337357,Alagoas
2020,3,AL,RGF-Anexo 01,DespesaComPessoalAtivoBruta,Pessoal Ativo,<MR-1>,336054327.19,3337357,Alagoas
2020,3,AL,RGF-Anexo 01,DespesaComPessoalAtivoBruta,Pessoal Ativo,<MR>,318253295.49,3337357,Alagoas
2020,3,AL,RGF-Anexo 01,DespesaComPessoalAtivoBruta,Pessoal Ativo,TOTAL (ÚLTIMOS 12 MESES) (a),3071441113.05,3337357,Alagoas
2020,3,AL,RGF-Anexo 01,DespesaComPessoalAtivoBruta,Pessoal Ativo,INSCRITAS EM RESTOS A PAGAR NÃO PROCESSADOS (b),42930332.55,3337357,Alagoas
2020,3,AL,RGF-Anexo 01,DespesaComPessoalInativoEPensionistasBruta,Pessoal Inativo e Pensionistas,<MR-11>,92907643.6,3337357,Alagoas
2020,3,AL,RGF-Anexo 01,DespesaComPessoalInativoEPensionistasBruta,Pessoal Inativo e Pensionistas,<MR-10>,209240316.24,3337357,Alagoas
2020,3,AL,RGF-Anexo 01,DespesaComPessoalInativoEPensionistasBruta,Pessoal Inativo e Pensionistas,<MR-9>,151469155.43,3337357,Alagoas
2020,3,AL,RGF-Anexo 01,DespesaComPessoalInativoEPensionistasBruta,Pessoal Inativo e Pensionistas,<MR-8>,169253990.1,3337357,Alagoas
2020,3,AL,RGF-Anexo 01,DespesaComPessoalInativoEPensionistasBruta,Pessoal Inativo e Pensionistas,<MR-7>,151823437.26,3337357,Alagoas
2020,3,AL,RGF-Anexo 01,DespesaComPessoalInativoEPensionistasBruta,Pessoal Inativo e Pensionistas,<MR-6>,152036480.73,3337357,Alagoas
2020,3,AL,RGF-Anexo 01,DespesaComPessoalInativoEPensionistasBruta,Pessoal Inativo e Pensionistas,<MR-5>,152687472.93,3337357,Alagoas
2020,3,AL,RGF-Anexo 01,DespesaComPessoalInativoEPensionistasBruta,Pessoal Inativo e Pensionistas,<MR-4>,152778701.08,3337357,Alagoas
2020,3,AL,RGF-Anexo 01,DespesaComPessoalInativoEPensionistasBruta,Pessoal Inativo e Pensionistas,<MR-3>,185723018.06,3337357,Alagoas
2020,3,AL,RGF-Anexo 01,DespesaComPessoalInativoEPensionistasBruta,Pessoal Inativo e Pensionistas,<MR-2>,148174864.31,3337357,Alagoas
2020,3,AL,RGF-Anexo 01,DespesaComPessoalInativoEPensionistasBruta,Pessoal Inativo e Pensionistas,<MR-1>,309742877.34,3337357,Alagoas
2020,3,AL,RGF-Anexo 01,DespesaComPessoalInativoEPensionistasBruta,Pessoal Inativo e Pensionistas,<MR>,175294126.37,3337357,Alagoas
2020,3,AL,RGF-Anexo 01,DespesaComPessoalInativoEPensionistasBruta,Pessoal Inativo e Pensionistas,TOTAL (ÚLTIMOS 12 MESES) (a),2051132083.45,3337357,Alagoas
2020,3,AL,RGF-Anexo 01,DespesaComPessoalLiquida,DESPESA LÍQUIDA COM PESSOAL (III) = (I - II),<MR-11>,219342182.65,3337357,Alagoas
2020,3,AL,RGF-Anexo 01,DespesaComPessoalLiquida,DESPESA LÍQUIDA COM PESSOAL (III) = (I - II),<MR-10>,356070496.73,3337357,Alagoas
2020,3,AL,RGF-Anexo 01,DespesaComPessoalLiquida,DESPESA LÍQUIDA COM PESSOAL (III) = (I - II),<MR-9>,321887947.95,3337357,Alagoas
2020,3,AL,RGF-Anexo 01,DespesaComPessoalLiquida,DESPESA LÍQUIDA COM PESSOAL (III) = (I - II),<MR-8>,299813877.78,3337357,Alagoas
2020,3,AL,RGF-Anexo 01,DespesaComPessoalLiquida,DESPESA LÍQUIDA COM PESSOAL (III) = (I - II),<MR-7>,290825649.88,3337357,Alagoas
2020,3,AL,RGF-Anexo 01,DespesaComPessoalLiquida,DESPESA LÍQUIDA COM PESSOAL (III) = (I - II),<MR-6>,297825761.66,3337357,Alagoas
2020,3,AL,RGF-Anexo 01,DespesaComPessoalLiquida,DESPESA LÍQUIDA COM PESSOAL (III) = (I - II),<MR-5>,274145684.45,3337357,Alagoas
2020,3,AL,RGF-Anexo 01,DespesaComPessoalLiquida,DESPESA LÍQUIDA COM PESSOAL (III) = (I - II),<MR-4>,312930824.95,3337357,Alagoas
2020,3,AL,RGF-Anexo 01,DespesaComPessoalLiquida,DESPESA LÍQUIDA COM PESSOAL (III) = (I - II),<MR-3>,338871320.77,3337357,Alagoas
2020,3,AL,RGF-Anexo 01,DespesaComPessoalLiquida,DESPESA LÍQUIDA COM PESSOAL (III) = (I - II),<MR-2>,333779970.4,3337357,Alagoas
2020,3,AL,RGF-Anexo 01,DespesaComPessoalLiquida,DESPESA LÍQUIDA COM PESSOAL (III) = (I - II),<MR-1>,484665125.56,3337357,Alagoas
2020,3,AL,RGF-Anexo 01,DespesaComPessoalLiquida,DESPESA LÍQUIDA COM PESSOAL (III) = (I - II),<MR>,435479407.12,3337357,Alagoas
2020,3,AL,RGF-Anexo 01,DespesaComPessoalLiquida,DESPESA LÍQUIDA COM PESSOAL (III) = (I - II),TOTAL (ÚLTIMOS 12 MESES) (a),3965638249.9,3337357,Alagoas
2020,3,AL,RGF-Anexo 01,DespesaComPessoalLiquida,DESPESA LÍQUIDA COM PESSOAL (III) = (I - II),INSCRITAS EM RESTOS A PAGAR NÃO PROCESSADOS (b),31489643.93,3337357,Alagoas
2020,3,AL,RGF-Anexo 01,ReceitaCorrenteLiquidaLimiteLegal,RECEITA CORRENTE LIQUIDA - RCL (IV),Valor,10059495938.65,3337357,Alagoas
2020,3,AL,RGF-Anexo 01,DespesaComPessoalTotal,DESPESA TOTAL COM PESSOAL - DTP (VIII) = (IIIa + IIIb),Valor,3997127893.83,3337357,Alagoas
2020,3,AL,RGF-Anexo 01,DespesaComPessoalTotal,DESPESA TOTAL COM PESSOAL - DTP (VIII) = (IIIa + IIIb),% sobre a RCL Ajustada,39.78,3337357,Alagoas
2020,3,AL,RGF-Anexo 02,DividaConsolidada,DÍVIDA CONSOLIDADA - DC (I),SALDO DO EXERCÍCIO ANTERIOR,8806971453.9,3337357,Alagoas
2020,3,AL,RGF-Anexo 02,DividaConsolidada,DÍVIDA CONSOLIDADA - DC (I),Até o 1º Quadrimestre,9319489004.23,3337357,Alagoas
2020,3,AL,RGF-Anexo 02,DividaConsolidada,DÍVIDA CONSOLIDADA - DC (I),Até o 2º Quadrimestre,9465351866.72,3337357,Alagoas
2020,3,AL,RGF-Anexo 02,DividaConsolidada,DÍVIDA CONSOLIDADA - DC (I),Até o 3º Quadrimestre,9552764029.88,3337357,Alagoas
2020,3,AL,RGF-Anexo 02,DividaContratual,Dívida Contratual,SALDO DO EXERCÍCIO ANTERIOR,8806971453.9,3337357,Alagoas
2020,3,AL,RGF-Anexo 02,DividaContratual,Dívida Contratual,Até o 1º Quadrimestre,9319489004.23,3337357,Alagoas
2020,3,AL,RGF-Anexo 02,DividaContratual,Dívida Contratual,Até o 2º Quadrimestre,9465351866.72,3337357,Alagoas
2020,3,AL,RGF-Anexo 02,DividaContratual,Dívida Contratual,Até o 3º Quadrimestre,9552764029.88,3337357,Alagoas
2020,3,AL,RGF-Anexo 02,DividaConsolidadaLiquida,DÍVIDA CONSOLIDADA LÍQUIDA (DCL) (III) = (I - II),SALDO DO EXERCÍCIO ANTERIOR,6477034731.52,3337357,Alagoas
2020,3,AL,RGF-Anexo 02,DividaConsolidadaLiquida,DÍVIDA CONSOLIDADA LÍQUIDA (DCL) (III) = (I - II),Até o 1º Quadrimestre,6823857146.57,3337357,Alagoas
2020,3,AL,RGF-Anexo 02,DividaConsolidadaLiquida,DÍVIDA CONSOLIDADA LÍQUIDA (DCL) (III) = (I - II),Até o 2º Quadrimestre,6204201760.54,3337357,Alagoas
2020,3,AL,RGF-Anexo 02,DividaConsolidadaLiquida,DÍVIDA CONSOLIDADA LÍQUIDA (DCL) (III) = (I - II),Até o 3º Quadrimestre,5813489668.41,3337357,Alagoas
2021,1,AL,RGF-Anexo 01,DespesaComPessoalBruta,DESPESA BRUTA COM PESSOAL (I),<MR-11>,368698522.59,3351543,Alagoas
2021,1,AL,RGF-Anexo 01,DespesaComPessoalBruta,DESPESA BRUTA COM PESSOAL (I),<MR-10>,376771941.82,3351543,Alagoas
2021,1,AL,RGF-Anexo 01,DespesaComPessoalBruta,DESPESA BRUTA COM PESSOAL (I),<MR-9>,352136833.21,3351543,Alagoas
2021,1,AL,RGF-Anexo 01,DespesaComPessoalBruta,DESPESA BRUTA COM PESSOAL (I),<MR-8>,390756042.35,3351543,Alagoas
2021,1,AL,RGF-Anexo 01,DespesaComPessoalBruta,DESPESA BRUTA COM PESSOAL (I),<MR-7>,416942173.98,3351543,Alagoas
2021,1,AL,RGF-Anexo 01,DespesaComPessoalBruta,DESPESA BRUTA COM PESSOAL (I),<MR-6>,435421654.81,3351543,Alagoas
2021,1,AL,RGF-Anexo 01,DespesaComPessoalBruta,DESPESA BRUTA COM PESSOAL (I),<MR-5>,673321610.79,3351543,Alagoas
2021,1,AL,RGF-Anexo 01,DespesaComPessoalBruta,DESPESA BRUTA COM PESSOAL (I),<MR-4>,519931733.81,3351543,Alagoas
2021,1,AL,RGF-Anexo 01,DespesaComPessoalBruta,DESPESA BRUTA COM PESSOAL (I),<MR-3>,327024572.94,3351543,Alagoas
2021,1,AL,RGF-Anexo 01,DespesaComPessoalBruta,DESPESA BRUTA COM PESSOAL (I),<MR-2>,389781049.06,3351543,Alagoas
2021,1,AL,RGF-Anexo 01,DespesaComPessoalBruta,DESPESA BRUTA COM PESSOAL (I),<MR-1>,464460169.69,3351543,Alagoas
2021,1,AL,RGF-Anexo 01,DespesaComPessoalBruta,DESPESA BRUTA COM PESSOAL (I),<MR>,395811949.96,3351543,Alagoas
2021,1,AL,RGF-Anexo 01,DespesaComPessoalBruta,DESPESA BRUTA COM PESSOAL (I),TOTAL (ÚLTIMOS 12 MESES) (a),5111058255.01,3351543,Alagoas
2021,1,AL,RGF-Anexo 01,DespesaComPessoalAtivoBruta,Pessoal Ativo,<MR-11>,206539025.61,3351543,Alagoas
2021,1,AL,RGF-Anexo 01,DespesaComPessoalAtivoBruta,Pessoal Ativo,<MR-10>,214564160.87,3351543,Alagoas
2021,1,AL,RGF-Anexo 01,DespesaComPessoalAtivoBruta,Pessoal Ativo,<MR-9>,188741441.75,3351543,Alagoas
2021,1,AL,RGF-Anexo 01,DespesaComPessoalAtivoBruta,Pessoal Ativo,<MR-8>,227591070.86,3351543,Alagoas
2021,1,AL,RGF-Anexo 01,DespesaComPessoalAtivoBruta,Pessoal Ativo,<MR-7>,221004847.1,3351543,Alagoas
2021,1,AL,RGF-Anexo 01,DespesaComPessoalAtivoBruta,Pessoal Ativo,<MR-6>,287246790.5,3351543,Alagoas
2021,1,AL,RGF-Anexo 01,DespesaComPessoalAtivoBruta,Pessoal Ativo,<MR-5>,336054327.19,3351543,Alagoas
2021,1,AL,RGF-Anexo 01,DespesaComPessoalAtivoBruta,Pessoal Ativo,<MR-4>,318253295.49,3351543,Alagoas
2021,1,AL,RGF-Anexo 01,DespesaComPessoalAtivoBruta,Pessoal Ativo,<MR-3>,187887562.99,3351543,Alagoas
2021,1,AL,RGF-Anexo 01,DespesaComPessoalAtivoBruta,Pessoal Ativo,<MR-2>,194257387.19,3351543,Alagoas
2021,1,AL,RGF-Anexo 01,DespesaComPessoalAtivoBruta,Pessoal Ativo,<MR-1>,291015234.18,3351543,Alagoas
2021,1,AL,RGF-Anexo 01,DespesaComPessoalAtivoBruta,Pessoal Ativo,<MR>,222666355.12,3351543,Alagoas
2021,1,AL,RGF-Anexo 01,DespesaComPessoalAtivoBruta,Pessoal Ativo,TOTAL (ÚLTIMOS 12 MESES) (a),2895821498.85,3351543,Alagoas
2021,1,AL,RGF-Anexo 01,DespesaComPessoalInativoEPensionistasBruta,Pessoal Inativo e Pensionistas,<MR-11>,151823437.26,3351543,Alagoas
2021,1,AL,RGF-Anexo 01,DespesaComPessoalInativoEPensionistasBruta,Pessoal Inativo e Pensionistas,<MR-10>,152036480.73,3351543,Alagoas
2021,1,AL,RGF-Anexo 01,DespesaComPessoalInativoEPensionistasBruta,Pessoal Inativo e Pensionistas,<MR-9>,152687472.93,3351543,Alagoas
2021,1,AL,RGF-Anexo 01,DespesaComPessoalInativoEPensionistasBruta,Pessoal Inativo e Pensionistas,<MR-8>,152778701.08,3351543,Alagoas
2021,1,AL,RGF-Anexo 01,DespesaComPessoalInativoEPensionistasBruta,Pessoal Inativo e Pensionistas,<MR-7>,185723018.06,3351543,Alagoas
2021,1,AL,RGF-Anexo 01,DespesaComPessoalInativoEPensionistasBruta,Pessoal Inativo e Pensionistas,<MR-6>,148174864.31,3351543,Alagoas
2021,1,AL,RGF-Anexo 01,DespesaComPessoalInativoEPensionistasBruta,Pessoal Inativo e Pensionistas,<MR-5>,309742877.34,3351543,Alagoas
2021,1,AL,RGF-Anexo 01,DespesaComPessoalInativoEPensionistasBruta,Pessoal Inativo e Pensionistas,<MR-4>,175294126.37,3351543,Alagoas
2021,1,AL,RGF-Anexo 01,DespesaComPessoalInativoEPensionistasBruta,Pessoal Inativo e Pensionistas,<MR-3>,139137009.95,3351543,Alagoas
2021,1,AL,RGF-Anexo 01,DespesaComPessoalInativoEPensionistasBruta,Pessoal Inativo e Pensionistas,<MR-2>,185146251.63,3351543,Alagoas
2021,1,AL,RGF-Anexo 01,DespesaComPessoalInativoEPensionistasBruta,Pessoal Inativo e Pensionistas,<MR-1>,163218364.75,3351543,Alagoas
2021,1,AL,RGF-Anexo 01,DespesaComPessoalInativoEPensionistasBruta,Pessoal Inativo e Pensionistas,<MR>,163105964.8,3351543,Alagoas
2021,1,AL,RGF-Anexo 01,DespesaComPessoalInativoEPensionistasBruta,Pessoal Inativo e Pensionistas,TOTAL (ÚLTIMOS 12 MESES) (a),2078868569.21,3351543,Alagoas
2021,1,AL,RGF-Anexo 01,DespesaComPessoalLiquida,DESPESA LÍQUIDA COM PESSOAL (III) = (I - II),<MR-11>,290825649.88,3351543,Alagoas
2021,1,AL,RGF-Anexo 01,DespesaComPessoalLiquida,DESPESA LÍQUIDA COM PESSOAL (III) = (I - II),<MR-10>,297825761.66,3351543,Alagoas
2021,1,AL,RGF-Anexo 01,DespesaComPessoalLiquida,DESPESA LÍQUIDA COM PESSOAL (III) = (I - II),<MR-9>,274145684.45,3351543,Alagoas
2021,1,AL,RGF-Anexo 01,DespesaComPessoalLiquida,DESPESA LÍQUIDA COM PESSOAL (III) = (I - II),<MR-8>,312930824.95,3351543,Alagoas
2021,1,AL,RGF-Anexo 01,DespesaComPessoalLiquida,DESPESA LÍQUIDA COM PESSOAL (III) = (I - II),<MR-7>,338871320.77,3351543,Alagoas
2021,1,AL,RGF-Anexo 01,DespesaComPessoalLiquida,DESPESA LÍQUIDA COM PESSOAL (III) = (I - II),<MR-6>,333779970.4,3351543,Alagoas
2021,1,AL,RGF-Anexo 01,DespesaComPessoalLiquida,DESPESA LÍQUIDA COM PESSOAL (III) = (I - II),<MR-5>,484665125.56,3351543,Alagoas
2021,1,AL,RGF-Anexo 01,DespesaComPessoalLiquida,DESPESA LÍQUIDA COM PESSOAL (III) = (I - II),<MR-4>,435479407.12,3351543,Alagoas
2021,1,AL,RGF-Anexo 01,DespesaComPessoalLiquida,DESPESA LÍQUIDA COM PESSOAL (III) = (I - II),<MR-3>,247260058.94,3351543,Alagoas
2021,1,AL,RGF-Anexo 01,DespesaComPessoalLiquida,DESPESA LÍQUIDA COM PESSOAL (III) = (I - II),<MR-2>,309064485.81,3351543,Alagoas
2021,1,AL,RGF-Anexo 01,DespesaComPessoalLiquida,DESPESA LÍQUIDA COM PESSOAL (III) = (I - II),<MR-1>,383752340.63,3351543,Alagoas
2021,1,AL,RGF-Anexo 01,DespesaComPessoalLiquida,DESPESA LÍQUIDA COM PESSOAL (III) = (I - II),<MR>,316519649.66,3351543,Alagoas
2021,1,AL,RGF-Anexo 01,DespesaComPessoalLiquida,DESPESA LÍQUIDA COM PESSOAL (III) = (I - II),TOTAL (ÚLTIMOS 12 MESES) (a),4025120279.83,3351543,Alagoas
2021,1,AL,RGF-Anexo 01,ReceitaCorrenteLiquidaLimiteLegal,RECEITA CORRENTE LIQUIDA - RCL (IV),Valor,10643877743.7,3351543,Alagoas
2021,1,AL,RGF-Anexo 01,DespesaComPessoalTotal,DESPESA TOTAL COM PESSOAL - DTP (VIII) = (IIIa + IIIb),Valor,4025120279.83,3351543,Alagoas
2021,1,AL,RGF-Anexo 01,DespesaComPessoalTotal,DESPESA TOTAL COM PESSOAL - DTP (VIII) = (IIIa + IIIb),% sobre a RCL Ajustada,37.83,3351543,Alagoas
2021,1,AL,RGF-Anexo 02,DividaConsolidada,DÍVIDA CONSOLIDADA - DC (I),SALDO DO EXERCÍCIO ANTERIOR,9552764029.88,3351543,Alagoas
2021,1,AL,RGF-Anexo 02,DividaConsolidada,DÍVIDA CONSOLIDADA - DC (I),Até o 1º Quadrimestre,9446608631.53,3351543,Alagoas
2021,1,AL,RGF-Anexo 02,DividaContratual,Dívida Contratual,SALDO DO EXERCÍCIO ANTERIOR,9552764029.88,3351543,Alagoas
2021,1,AL,RGF-Anexo 02,DividaContratual,Dívida Contratual,Até o 1º Quadrimestre,9446608631.53,3351543,Alagoas
2021,1,AL,RGF-Anexo 02,DividaConsolidadaLiquida,DÍVIDA CONSOLIDADA LÍQUIDA (DCL) (III) = (I - II),SALDO DO EXERCÍCIO ANTERIOR,5813489668.41,3351543,Alagoas
2021,1,AL,RGF-Anexo 02,DividaConsolidadaLiquida,DÍVIDA CONSOLIDADA LÍQUIDA (DCL) (III) = (I - II),Até o 1º Quadrimestre,5426243123.63,3351543,Alagoas
2021,2,AL,RGF-Anexo 01,DespesaComPessoalBruta,DESPESA BRUTA COM PESSOAL (I),<MR-11>,416942173.98,3351543,Alagoas
2021,2,AL,RGF-Anexo 01,DespesaComPessoalBruta,DESPESA BRUTA COM PESSOAL (I),<MR-10>,435421654.81,3351543,Alagoas
2021,2,AL,RGF-Anexo 01,DespesaComPessoalBruta,DESPESA BRUTA COM PESSOAL (I),<MR-9>,673321610.79,3351543,Alagoas
2021,2,AL,RGF-Anexo 01,DespesaComPessoalBruta,DESPESA BRUTA COM PESSOAL (I),<MR-8>,519931733.81,3351543,Alagoas
2021,2,AL,RGF-Anexo 01,DespesaComPessoalBruta,DESPESA BRUTA COM PESSOAL (I),<MR-7>,327024572.94,3351543,Alagoas
2021,2,AL,RGF-Anexo 01,DespesaComPessoalBruta,DESPESA BRUTA COM PESSOAL (I),<MR-6>,389781049.06,3351543,Alagoas
2021,2,AL,RGF-Anexo 01,DespesaComPessoalBruta,DESPESA BRUTA COM PESSOAL (I),<MR-5>,464460169.69,3351543,Alagoas
2021,2,AL,RGF-Anexo 01,DespesaComPessoalBruta,DESPESA BRUTA COM PESSOAL (I),<MR-4>,395811949.96,3351543,Alagoas
2021,2,AL,RGF-Anexo 01,DespesaComPessoalBruta,DESPESA BRUTA COM PESSOAL (I),<MR-3>,423984980.29,3351543,Alagoas
2021,2,AL,RGF-Anexo 01,DespesaComPessoalBruta,DESPESA BRUTA COM PESSOAL (I),<MR-2>,414489290.77,3351543,Alagoas
2021,2,AL,RGF-Anexo 01,DespesaComPessoalBruta,DESPESA BRUTA COM PESSOAL (I),<MR-1>,425813627.06,3351543,Alagoas
2021,2,AL,RGF-Anexo 01,DespesaComPessoalBruta,DESPESA BRUTA COM PESSOAL (I),<MR>,410244131.16,3351543,Alagoas
2021,2,AL,RGF-Anexo 01,DespesaComPessoalBruta,DESPESA BRUTA COM PESSOAL (I),TOTAL (ÚLTIMOS 12 MESES) (a),5297226944.32,3351543,Alagoas
2021,2,AL,RGF-Anexo 01,DespesaComPessoalAtivoBruta,Pessoal Ativo,<MR-11>,221004847.1,3351543,Alagoas
2021,2,AL,RGF-Anexo 01,DespesaComPessoalAtivoBruta,Pessoal Ativo,<MR-10>,287246790.5,3351543,Alagoas
2021,2,AL,RGF-Anexo 01,DespesaComPessoalAtivoBruta,Pessoal Ativo,<MR-9>,336054327.19,3351543,Alagoas
2021,2,AL,RGF-Anexo 01,DespesaComPessoalAtivoBruta,Pessoal Ativo,<MR-8>,318253295.49,3351543,Alagoas
2021,2,AL,RGF-Anexo 01,DespesaComPessoalAtivoBruta,Pessoal Ativo,<MR-7>,187887562.99,3351543,Alagoas
2021,2,AL,RGF-Anexo 01,DespesaComPessoalAtivoBruta,Pessoal Ativo,<MR-6>,194257387.19,3351543,Alagoas
2021,2,AL,RGF-Anexo 01,DespesaComPessoalAtivoBruta,Pessoal Ativo,<MR-5>,291015234.18,3351543,Alagoas
2021,2,AL,RGF-Anexo 01,DespesaComPessoalAtivoBruta,Pessoal Ativo,<MR-4>,222666355.12,3351543,Alagoas
2021,2,AL,RGF-Anexo 01,DespesaComPessoalAtivoBruta,Pessoal Ativo,<MR-3>,243319868.21,3351543,Alagoas
2021,2,AL,RGF-Anexo 01,DespesaComPessoalAtivoBruta,Pessoal Ativo,<MR-2>,233183031.06,3351543,Alagoas
2021,2,AL,RGF-Anexo 01,DespesaComPessoalAtivoBruta,Pessoal Ativo,<MR-1>,233624497.67,3351543,Alagoas
2021,2,AL,RGF-Anexo 01,DespesaComPessoalAtivoBruta,Pessoal Ativo,<MR>,226543827.77,3351543,Alagoas
2021,2,AL,RGF-Anexo 01,DespesaComPessoalAtivoBruta,Pessoal Ativo,TOTAL (ÚLTIMOS 12 MESES) (a),2995057024.47,3351543,Alagoas
2021,2,AL,RGF-Anexo 01,DespesaComPessoalInativoEPensionistasBruta,Pessoal Inativo e Pensionistas,<MR-11>,185723018.06,3351543,Alagoas
2021,2,AL,RGF-Anexo 01,DespesaComPessoalInativoEPensionistasBruta,Pessoal Inativo e Pensionistas,<MR-10>,148174864.31,3351543,Alagoas
2021,2,AL,RGF-Anexo 01,DespesaComPessoalInativoEPensionistasBruta,Pessoal Inativo e Pensionistas,<MR-9>,309742877.34,3351543,Alagoas
2021,2,AL,RGF-Anexo 01,DespesaComPessoalInativoEPensionistasBruta,Pessoal Inativo e Pensionistas,<MR-8>,175294126.37,3351543,Alagoas
2021,2,AL,RGF-Anexo 01,DespesaComPessoalInativoEPensionistasBruta,Pessoal Inativo e Pensionistas,<MR-7>,139137009.95,3351543,Alagoas
2021,2,AL,RGF-Anexo 01,DespesaComPessoalInativoEPensionistasBruta,Pessoal Inativo e Pensionistas,<MR-6>,185146251.63,3351543,Alagoas
2021,2,AL,RGF-Anexo 01,DespesaComPessoalInativoEPensionistasBruta,Pessoal Inativo e Pensionistas,<MR-5>,163218364.75,3351543,Alagoas
2021,2,AL,RGF-Anexo 01,DespesaComPessoalInativoEPensionistasBruta,Pessoal Inativo e Pensionistas,<MR-4>,163105964.8,3351543,Alagoas
2021,2,AL,RGF-Anexo 01,DespesaComPessoalInativoEPensionistasBruta,Pessoal Inativo e Pensionistas,<MR-3>,170029245.53,3351543,Alagoas
2021,2,AL,RGF-Anexo 01,DespesaComPessoalInativoEPensionistasBruta,Pessoal Inativo e Pensionistas,<MR-2>,170140366.32,3351543,Alagoas
2021,2,AL,RGF-Anexo 01,DespesaComPessoalInativoEPensionistasBruta,Pessoal Inativo e Pensionistas,<MR-1>,171852083.88,3351543,Alagoas
2021,2,AL,RGF-Anexo 01,DespesaComPessoalInativoEPensionistasBruta,Pessoal Inativo e Pensionistas,<MR>,172414651.49,3351543,Alagoas
2021,2,AL,RGF-Anexo 01,DespesaComPessoalInativoEPensionistasBruta,Pessoal Inativo e Pensionistas,TOTAL (ÚLTIMOS 12 MESES) (a),2153978824.43,3351543,Alagoas
2021,2,AL,RGF-Anexo 01,DespesaComPessoalLiquida,DESPESA LÍQUIDA COM PESSOAL (III) = (I - II),<MR-11>,338871320.77,3351543,Alagoas
2021,2,AL,RGF-Anexo 01,DespesaComPessoalLiquida,DESPESA LÍQUIDA COM PESSOAL (III) = (I - II),<MR-10>,333779970.4,3351543,Alagoas
2021,2,AL,RGF-Anexo 01,DespesaComPessoalLiquida,DESPESA LÍQUIDA COM PESSOAL (III) = (I - II),<MR-9>,484665125.56,3351543,Alagoas
2021,2,AL,RGF-Anexo 01,DespesaComPessoalLiquida,DESPESA LÍQUIDA COM PESSOAL (III) = (I - II),<MR-8>,435479407.12,3351543,Alagoas
2021,2,AL,RGF-Anexo 01,DespesaComPessoalLiquida,DESPESA LÍQUIDA COM PESSOAL (III) = (I - II),<MR-7>,247260058.94,3351543,Alagoas
2021,2,AL,RGF-Anexo 01,DespesaComPessoalLiquida,DESPESA LÍQUIDA COM PESSOAL (III) = (I - II),<MR-6>,309064485.81,3351543,Alagoas
2021,2,AL,RGF-Anexo 01,DespesaComPessoalLiquida,DESPESA LÍQUIDA COM PESSOAL (III) = (I - II),<MR-5>,383752340.63,3351543,Alagoas
2021,2,AL,RGF-Anexo 01,DespesaComPessoalLiquida,DESPESA LÍQUIDA COM PESSOAL (III) = (I - II),<MR-4>,316519649.66,3351543,Alagoas
2021,2,AL,RGF-Anexo 01,DespesaComPessoalLiquida,DESPESA LÍQUIDA COM PESSOAL (III) = (I - II),<MR-3>,334936841.73,3351543,Alagoas
2021,2,AL,RGF-Anexo 01,DespesaComPessoalLiquida,DESPESA LÍQUIDA COM PESSOAL (III) = (I - II),<MR-2>,330646464.58,3351543,Alagoas
2021,2,AL,RGF-Anexo 01,DespesaComPessoalLiquida,DESPESA LÍQUIDA COM PESSOAL (III) = (I - II),<MR-1>,364047307.04,3351543,Alagoas
2021,2,AL,RGF-Anexo 01,DespesaComPessoalLiquida,DESPESA LÍQUIDA COM PESSOAL (III) = (I - II),<MR>,345327438.57,3351543,Alagoas
2021,2,AL,RGF-Anexo 01,DespesaComPessoalLiquida,DESPESA LÍQUIDA COM PESSOAL (III) = (I - II),TOTAL (ÚLTIMOS 12 MESES) (a),4224350410.81,3351543,Alagoas
2021,2,AL,RGF-Anexo 01,ReceitaCorrenteLiquidaLimiteLegal,RECEITA CORRENTE LIQUIDA - RCL (IV),Valor,12234242055.63,3351543,Alagoas
2021,2,AL,RGF-Anexo 01,DespesaComPessoalTotal,DESPESA TOTAL COM PESSOAL - DTP (VIII) = (IIIa + IIIb),Valor,4224350410.81,3351543,Alagoas
2021,2,AL,RGF-Anexo 01,DespesaComPessoalTotal,DESPESA TOTAL COM PESSOAL - DTP (VIII) = (IIIa + IIIb),% sobre a RCL Ajustada,34.66,3351543,Alagoas
2021,2,AL,RGF-Anexo 02,DividaConsolidada,DÍVIDA CONSOLIDADA - DC (I),SALDO DO EXERCÍCIO ANTERIOR,9552764029.88,3351543,Alagoas
2021,2,AL,RGF-Anexo 02,DividaConsolidada,DÍVIDA CONSOLIDADA - DC (I),Até o 1º Quadrimestre,9446608631.53,3351543,Alagoas
2021,2,AL,RGF-Anexo 02,DividaConsolidada,DÍVIDA CONSOLIDADA - DC (I),Até o 2º Quadrimestre,9304758584.37,3351543,Alagoas
2021,2,AL,RGF-Anexo 02,DividaContratual,Dívida Contratual,SALDO DO EXERCÍCIO ANTERIOR,9552764029.88,3351543,Alagoas
2021,2,AL,RGF-Anexo 02,DividaContratual,Dívida Contratual,Até o 1º Quadrimestre,9446608631.53,3351543,Alagoas
2021,2,AL,RGF-Anexo 02,DividaContratual,Dívida Contratual,Até o 2º Quadrimestre,9304758584.37,3351543,Alagoas
2021,2,AL,RGF-Anexo 02,DividaConsolidadaLiquida,DÍVIDA CONSOLIDADA LÍQUIDA (DCL) (III) = (I - II),SALDO DO EXERCÍCIO ANTERIOR,5813489668.41,3351543,Alagoas
2021,2,AL,RGF-Anexo 02,DividaConsolidadaLiquida,DÍVIDA CONSOLIDADA LÍQUIDA (DCL) (III) = (I - II),Até o 1º Quadrimestre,5426243123.63,3351543,Alagoas
2021,2,AL,RGF-Anexo 02,DividaConsolidadaLiquida,DÍVIDA CONSOLIDADA LÍQUIDA (DCL) (III) = (I - II),Até o 2º Quadrimestre,3809550539.34,3351543,Alagoas
2021,3,AL,RGF-Anexo 01,DespesaComPessoalBruta,DESPESA BRUTA COM PESSOAL (I),<MR-11>,327024572.94,3351543,Alagoas
2021,3,AL,RGF-Anexo 01,DespesaComPessoalBruta,DESPESA BRUTA COM PESSOAL (I),<MR-10>,389781049.06,3351543,Alagoas
2021,3,AL,RGF-Anexo 01,DespesaComPessoalBruta,DESPESA BRUTA COM PESSOAL (I),<MR-9>,464460169.69,3351543,Alagoas
2021,3,AL,RGF-Anexo 01,DespesaComPessoalBruta,DESPESA BRUTA COM PESSOAL (I),<MR-8>,395811949.96,3351543,Alagoas
2021,3,AL,RGF-Anexo 01,DespesaComPessoalBruta,DESPESA BRUTA COM PESSOAL (I),<MR-7>,423984980.29,3351543,Alagoas
2021,3,AL,RGF-Anexo 01,DespesaComPessoalBruta,DESPESA BRUTA COM PESSOAL (I),<MR-6>,414489290.77,3351543,Alagoas
2021,3,AL,RGF-Anexo 01,DespesaComPessoalBruta,DESPESA BRUTA COM PESSOAL (I),<MR-5>,425813627.06,3351543,Alagoas
2021,3,AL,RGF-Anexo 01,DespesaComPessoalBruta,DESPESA BRUTA COM PESSOAL (I),<MR-4>,410244131.16,3351543,Alagoas
2021,3,AL,RGF-Anexo 01,DespesaComPessoalBruta,DESPESA BRUTA COM PESSOAL (I),<MR-3>,404385438.06,3351543,Alagoas
2021,3,AL,RGF-Anexo 01,DespesaComPessoalBruta,DESPESA BRUTA COM PESSOAL (I),<MR-2>,330970340.1,3351543,Alagoas
2021,3,AL,RGF-Anexo 01,DespesaComPessoalBruta,DESPESA BRUTA COM PESSOAL (I),<MR-1>,503882195.23,3351543,Alagoas
2021,3,AL,RGF-Anexo 01,DespesaComPessoalBruta,DESPESA BRUTA COM PESSOAL (I),<MR>,940613374.23,3351543,Alagoas
2021,3,AL,RGF-Anexo 01,DespesaComPessoalBruta,DESPESA BRUTA COM PESSOAL (I),TOTAL (ÚLTIMOS 12 MESES) (a),5431461118.55,3351543,Alagoas
2021,3,AL,RGF-Anexo 01,DespesaComPessoalBruta,DESPESA BRUTA COM PESSOAL (I),INSCRITAS EM RESTOS A PAGAR NÃO PROCESSADOS (b),3386508.51,3351543,Alagoas
2021,3,AL,RGF-Anexo 01,DespesaComPessoalAtivoBruta,Pessoal Ativo,<MR-11>,187887562.99,3351543,Alagoas
2021,3,AL,RGF-Anexo 01,DespesaComPessoalAtivoBruta,Pessoal Ativo,<MR-10>,194257387.19,3351543,Alagoas
2021,3,AL,RGF-Anexo 01,DespesaComPessoalAtivoBruta,Pessoal Ativo,<MR-9>,291015234.18,3351543,Alagoas
2021,3,AL,RGF-Anexo 01,DespesaComPessoalAtivoBruta,Pessoal Ativo,<MR-8>,222666355.12,3351543,Alagoas
2021,3,AL,RGF-Anexo 01,DespesaComPessoalAtivoBruta,Pessoal Ativo,<MR-7>,243319868.21,3351543,Alagoas
2021,3,AL,RGF-Anexo 01,DespesaComPessoalAtivoBruta,Pessoal Ativo,<MR-6>,233183031.06,3351543,Alagoas
2021,3,AL,RGF-Anexo 01,DespesaComPessoalAtivoBruta,Pessoal Ativo,<MR-5>,233624497.67,3351543,Alagoas
2021,3,AL,RGF-Anexo 01,DespesaComPessoalAtivoBruta,Pessoal Ativo,<MR-4>,226543827.77,3351543,Alagoas
2021,3,AL,RGF-Anexo 01,DespesaComPessoalAtivoBruta,Pessoal Ativo,<MR-3>,216635755.51,3351543,Alagoas
2021,3,AL,RGF-Anexo 01,DespesaComPessoalAtivoBruta,Pessoal Ativo,<MR-2>,222767537.28,3351543,Alagoas
2021,3,AL,RGF-Anexo 01,DespesaComPessoalAtivoBruta,Pessoal Ativo,<MR-1>,286937267.95,3351543,Alagoas
2021,3,AL,RGF-Anexo 01,DespesaComPessoalAtivoBruta,Pessoal Ativo,<MR>,470544527.57,3351543,Alagoas
2021,3,AL,RGF-Anexo 01,DespesaComPessoalAtivoBruta,Pessoal Ativo,TOTAL (ÚLTIMOS 12 MESES) (a),3029382852.5,3351543,Alagoas
2021,3,AL,RGF-Anexo 01,DespesaComPessoalAtivoBruta,Pessoal Ativo,INSCRITAS EM RESTOS A PAGAR NÃO PROCESSADOS (b),3386508.51,3351543,Alagoas
2021,3,AL,RGF-Anexo 01,DespesaComPessoalInativoEPensionistasBruta,Pessoal Inativo e Pensionistas,<MR-11>,139137009.95,3351543,Alagoas
2021,3,AL,RGF-Anexo 01,DespesaComPessoalInativoEPensionistasBruta,Pessoal Inativo e Pensionistas,<MR-10>,185146251.63,3351543,Alagoas
2021,3,AL,RGF-Anexo 01,DespesaComPessoalInativoEPensionistasBruta,Pessoal Inativo e Pensionistas,<MR-9>,163218364.75,3351543,Alagoas
2021,3,AL,RGF-Anexo 01,DespesaComPessoalInativoEPensionistasBruta,Pessoal Inativo e Pensionistas,<MR-8>,163105964.8,3351543,Alagoas
2021,3,AL,RGF-Anexo 01,DespesaComPessoalInativoEPensionistasBruta,Pessoal Inativo e Pensionistas,<MR-7>,170029245.53,3351543,Alagoas
2021,3,AL,RGF-Anexo 01,DespesaComPessoalInativoEPensionistasBruta,Pessoal Inativo e Pensionistas,<MR-6>,170140366.32,3351543,Alagoas
2021,3,AL,RGF-Anexo 01,DespesaComPessoalInativoEPensionistasBruta,Pessoal Inativo e Pensionistas,<MR-5>,171852083.88,3351543,Alagoas
2021,3,AL,RGF-Anexo 01,DespesaComPessoalInativoEPensionistasBruta,Pessoal Inativo e Pensionistas,<MR-4>,172414651.49,3351543,Alagoas
2021,3,AL,RGF-Anexo 01,DespesaComPessoalInativoEPensionistasBruta,Pessoal Inativo e Pensionistas,<MR-3>,175845197.88,3351543,Alagoas
2021,3,AL,RGF-Anexo 01,DespesaComPessoalInativoEPensionistasBruta,Pessoal Inativo e Pensionistas,<MR-2>,105832328.49,3351543,Alagoas
2021,3,AL,RGF-Anexo 01,DespesaComPessoalInativoEPensionistasBruta,Pessoal Inativo e Pensionistas,<MR-1>,191462657.33,3351543,Alagoas
2021,3,AL,RGF-Anexo 01,DespesaComPessoalInativoEPensionistasBruta,Pessoal Inativo e Pensionistas,<MR>,418379860.35,3351543,Alagoas
2021,3,AL,RGF-Anexo 01,DespesaComPessoalInativoEPensionistasBruta,Pessoal Inativo e Pensionistas,TOTAL (ÚLTIMOS 12 MESES) (a),2226563982.4,3351543,Alagoas
2021,3,AL,RGF-Anexo 01,DespesaComPessoalLiquida,DESPESA LÍQUIDA COM PESSOAL (III) = (I - II),<MR-11>,247260058.94,3351543,Alagoas
2021,3,AL,RGF-Anexo 01,DespesaComPessoalLiquida,DESPESA LÍQUIDA COM PESSOAL (III) = (I - II),<MR-10>,309064485.81,3351543,Alagoas
2021,3,AL,RGF-Anexo 01,DespesaComPessoalLiquida,DESPESA LÍQUIDA COM PESSOAL (III) = (I - II),<MR-9>,383752340.63,3351543,Alagoas
2021,3,AL,RGF-Anexo 01,DespesaComPessoalLiquida,DESPESA LÍQUIDA COM PESSOAL (III) = (I - II),<MR-8>,316519649.66,3351543,Alagoas
2021,3,AL,RGF-Anexo 01,DespesaComPessoalLiquida,DESPESA LÍQUIDA COM PESSOAL (III) = (I - II),<MR-7>,334936841.73,3351543,Alagoas
2021,3,AL,RGF-Anexo 01,DespesaComPessoalLiquida,DESPESA LÍQUIDA COM PESSOAL (III) = (I - II),<MR-6>,330646464.58,3351543,Alagoas
2021,3,AL,RGF-Anexo 01,DespesaComPessoalLiquida,DESPESA LÍQUIDA COM PESSOAL (III) = (I - II),<MR-5>,364047307.04,3351543,Alagoas
2021,3,AL,RGF-Anexo 01,DespesaComPessoalLiquida,DESPESA LÍQUIDA COM PESSOAL (III) = (I - II),<MR-4>,345327438.57,3351543,Alagoas
2021,3,AL,RGF-Anexo 01,DespesaComPessoalLiquida,DESPESA LÍQUIDA COM PESSOAL (III) = (I - II),<MR-3>,342783902.22,3351543,Alagoas
2021,3,AL,RGF-Anexo 01,DespesaComPessoalLiquida,DESPESA LÍQUIDA COM PESSOAL (III) = (I - II),<MR-2>,272813440.45,3351543,Alagoas
2021,3,AL,RGF-Anexo 01,DespesaComPessoalLiquida,DESPESA LÍQUIDA COM PESSOAL (III) = (I - II),<MR-1>,318429629.35,3351543,Alagoas
2021,3,AL,RGF-Anexo 01,DespesaComPessoalLiquida,DESPESA LÍQUIDA COM PESSOAL (III) = (I - II),<MR>,871222882.04,3351543,Alagoas
2021,3,AL,RGF-Anexo 01,DespesaComPessoalLiquida,DESPESA LÍQUIDA COM PESSOAL (III) = (I - II),TOTAL (ÚLTIMOS 12 MESES) (a),4436804441.02,3351543,Alagoas
2021,3,AL,RGF-Anexo 01,ReceitaCorrenteLiquidaLimiteLegal,RECEITA CORRENTE LIQUIDA - RCL (IV),Valor,12528914436.01,3351543,Alagoas
2021,3,AL,RGF-Anexo 01,DespesaComPessoalTotal,DESPESA TOTAL COM PESSOAL - DTP (VIII) = (IIIa + IIIb),Valor,4436804441.02,3351543,Alagoas
2021,3,AL,RGF-Anexo 01,DespesaComPessoalTotal,DESPESA TOTAL COM PESSOAL - DTP (VIII) = (IIIa + IIIb),% sobre a RCL Ajustada,35.6,3351543,Alagoas
2021,3,AL,RGF-Anexo 02,DividaConsolidada,DÍVIDA CONSOLIDADA - DC (I),SALDO DO EXERCÍCIO ANTERIOR,9552764029.88,3351543,Alagoas
2021,3,AL,RGF-Anexo 02,DividaConsolidada,DÍVIDA CONSOLIDADA - DC (I),Até o 1º Quadrimestre,9446608631.53,3351543,Alagoas
2021,3,AL,RGF-Anexo 02,DividaConsolidada,DÍVIDA CONSOLIDADA - DC (I),Até o 2º Quadrimestre,9304758584.37,3351543,Alagoas
2021,3,AL,RGF-Anexo 02,DividaConsolidada,DÍVIDA CONSOLIDADA - DC (I),Até o 3º Quadrimestre,9430213672.52,3351543,Alagoas
2021,3,AL,RGF-Anexo 02,DividaContratual,Dívida Contratual,SALDO DO EXERCÍCIO ANTERIOR,9552764029.88,3351543,Alagoas
2021,3,AL,RGF-Anexo 02,DividaContratual,Dívida Contratual,Até o 1º Quadrimestre,9446608631.53,3351543,Alagoas
2021,3,AL,RGF-Anexo 02,DividaContratual,Dívida Contratual,Até o 2º Quadrimestre,9304758584.37,3351543,Alagoas
2021,3,AL,RGF-Anexo 02,DividaContratual,Dívida Contratual,Até o 3º Quadrimestre,9430213672.52,3351543,Alagoas
2021,3,AL,RGF-Anexo 02,DividaConsolidadaLiquida,DÍVIDA CONSOLIDADA LÍQUIDA (DCL) (III) = (I - II),SALDO DO EXERCÍCIO ANTERIOR,5813489668.41,3351543,Alagoas
2021,3,AL,RGF-Anexo 02,DividaConsolidadaLiquida,DÍVIDA CONSOLIDADA LÍQUIDA (DCL) (III) = (I - II),Até o 1º Quadrimestre,5426243123.63,3351543,Alagoas
2021,3,AL,RGF-Anexo 02,DividaConsolidadaLiquida,DÍVIDA CONSOLIDADA LÍQUIDA (DCL) (III) = (I - II),Até o 2º Quadrimestre,3809550539.34,3351543,Alagoas
2021,3,AL,RGF-Anexo 02,DividaConsolidadaLiquida,DÍVIDA CONSOLIDADA LÍQUIDA (DCL) (III) = (I - II),Até o 3º Quadrimestre,4758264282.23,3351543,Alagoas
2022,1,AL,RGF-Anexo 01,DespesaComPessoalBruta,DESPESA BRUTA COM PESSOAL (I),<MR-11>,423984980.29,3365351,Alagoas
2022,1,AL,RGF-Anexo 01,DespesaComPessoalBruta,DESPESA BRUTA COM PESSOAL (I),<MR-10>,414489290.77,3365351,Alagoas
2022,1,AL,RGF-Anexo 01,DespesaComPessoalBruta,DESPESA BRUTA COM PESSOAL (I),<MR-9>,425813627.06,3365351,Alagoas
2022,1,AL,RGF-Anexo 01,DespesaComPessoalBruta,DESPESA BRUTA COM PESSOAL (I),<MR-8>,410244131.16,3365351,Alagoas
2022,1,AL,RGF-Anexo 01,DespesaComPessoalBruta,DESPESA BRUTA COM PESSOAL (I),<MR-7>,404385438.06,3365351,Alagoas
2022,1,AL,RGF-Anexo 01,DespesaComPessoalBruta,DESPESA BRUTA COM PESSOAL (I),<MR-6>,330970340.1,3365351,Alagoas
2022,1,AL,RGF-Anexo 01,DespesaComPessoalBruta,DESPESA BRUTA COM PESSOAL (I),<MR-5>,503882195.23,3365351,Alagoas
2022,1,AL,RGF-Anexo 01,DespesaComPessoalBruta,DESPESA BRUTA COM PESSOAL (I),<MR-4>,940613374.23,3365351,Alagoas
2022,1,AL,RGF-Anexo 01,DespesaComPessoalBruta,DESPESA BRUTA COM PESSOAL (I),<MR-3>,426269932.38,3365351,Alagoas
2022,1,AL,RGF-Anexo 01,DespesaComPessoalBruta,DESPESA BRUTA COM PESSOAL (I),<MR-2>,426567308.14,3365351,Alagoas
2022,1,AL,RGF-Anexo 01,DespesaComPessoalBruta,DESPESA BRUTA COM PESSOAL (I),<MR-1>,437508001.9,3365351,Alagoas
2022,1,AL,RGF-Anexo 01,DespesaComPessoalBruta,DESPESA BRUTA COM PESSOAL (I),<MR>,539389545.47,3365351,Alagoas
2022,1,AL,RGF-Anexo 01,DespesaComPessoalBruta,DESPESA BRUTA COM PESSOAL (I),TOTAL (ÚLTIMOS 12 MESES) (a),5684118164.79,3365351,Alagoas
2022,1,AL,RGF-Anexo 01,DespesaComPessoalAtivoBruta,Pessoal Ativo,<MR-11>,243319868.21,3365351,Alagoas
2022,1,AL,RGF-Anexo 01,DespesaComPessoalAtivoBruta,Pessoal Ativo,<MR-10>,233183031.06,3365351,Alagoas
2022,1,AL,RGF-Anexo 01,DespesaComPessoalAtivoBruta,Pessoal Ativo,<MR-9>,233624497.67,3365351,Alagoas
2022,1,AL,RGF-Anexo 01,DespesaComPessoalAtivoBruta,Pessoal Ativo,<MR-8>,226543827.77,3365351,Alagoas
2022,1,AL,RGF-Anexo 01,DespesaComPessoalAtivoBruta,Pessoal Ativo,<MR-7>,216635755.51,3365351,Alagoas
2022,1,AL,RGF-Anexo 01,DespesaComPessoalAtivoBruta,Pessoal Ativo,<MR-6>,222767537.28,3365351,Alagoas
2022,1,AL,RGF-Anexo 01,DespesaComPessoalAtivoBruta,Pessoal Ativo,<MR-5>,286937267.95,3365351,Alagoas
2022,1,AL,RGF-Anexo 01,DespesaComPessoalAtivoBruta,Pessoal Ativo,<MR-4>,470544527.57,3365351,Alagoas
2022,1,AL,RGF-Anexo 01,DespesaComPessoalAtivoBruta,Pessoal Ativo,<MR-3>,229697257.32,3365351,Alagoas
2022,1,AL,RGF-Anexo 01,DespesaComPessoalAtivoBruta,Pessoal Ativo,<MR-2>,219203444.15,3365351,Alagoas
2022,1,AL,RGF-Anexo 01,DespesaComPessoalAtivoBruta,Pessoal Ativo,<MR-1>,247606007.77,3365351,Alagoas
2022,1,AL,RGF-Anexo 01,DespesaComPessoalAtivoBruta,Pessoal Ativo,<MR>,276658578.58,3365351,Alagoas
2022,1,AL,RGF-Anexo 01,DespesaComPessoalAtivoBruta,Pessoal Ativo,TOTAL (ÚLTIMOS 12 MESES) (a),3106721600.84,3365351,Alagoas
2022,1,AL,RGF-Anexo 01,DespesaComPessoalInativoEPensionistasBruta,Pessoal Inativo e Pensionistas,<MR-11>,170029245.53,3365351,Alagoas
2022,1,AL,RGF-Anexo 01,DespesaComPessoalInativoEPensionistasBruta,Pessoal Inativo e Pensionistas,<MR-10>,170140366.32,3365351,Alagoas
2022,1,AL,RGF-Anexo 01,DespesaComPessoalInativoEPensionistasBruta,Pessoal Inativo e Pensionistas,<MR-9>,171852083.88,3365351,Alagoas
2022,1,AL,RGF-Anexo 01,DespesaComPessoalInativoEPensionistasBruta,Pessoal Inativo e Pensionistas,<MR-8>,172414651.49,3365351,Alagoas
2022,1,AL,RGF-Anexo 01,DespesaComPessoalInativoEPensionistasBruta,Pessoal Inativo e Pensionistas,<MR-7>,175845197.88,3365351,Alagoas
2022,1,AL,RGF-Anexo 01,DespesaComPessoalInativoEPensionistasBruta,Pessoal Inativo e Pensionistas,<MR-6>,105832328.49,3365351,Alagoas
2022,1,AL,RGF-Anexo 01,DespesaComPessoalInativoEPensionistasBruta,Pessoal Inativo e Pensionistas,<MR-5>,191462657.33,3365351,Alagoas
2022,1,AL,RGF-Anexo 01,DespesaComPessoalInativoEPensionistasBruta,Pessoal Inativo e Pensionistas,<MR-4>,418379860.35,3365351,Alagoas
2022,1,AL,RGF-Anexo 01,DespesaComPessoalInativoEPensionistasBruta,Pessoal Inativo e Pensionistas,<MR-3>,179337274.07,3365351,Alagoas
2022,1,AL,RGF-Anexo 01,DespesaComPessoalInativoEPensionistasBruta,Pessoal Inativo e Pensionistas,<MR-2>,203330655.83,3365351,Alagoas
2022,1,AL,RGF-Anexo 01,DespesaComPessoalInativoEPensionistasBruta,Pessoal Inativo e Pensionistas,<MR-1>,169496916.52,3365351,Alagoas
2022,1,AL,RGF-Anexo 01,DespesaComPessoalInativoEPensionistasBruta,Pessoal Inativo e Pensionistas,<MR>,219423988.02,3365351,Alagoas
2022,1,AL,RGF-Anexo 01,DespesaComPessoalInativoEPensionistasBruta,Pessoal Inativo e Pensionistas,TOTAL (ÚLTIMOS 12 MESES) (a),2347545225.71,3365351,Alagoas
2022,1,AL,RGF-Anexo 01,DespesaComPessoalLiquida,DESPESA LÍQUIDA COM PESSOAL (III) = (I - II),<MR-11>,334936841.73,3365351,Alagoas
2022,1,AL,RGF-Anexo 01,DespesaComPessoalLiquida,DESPESA LÍQUIDA COM PESSOAL (III) = (I - II),<MR-10>,330646464.58,3365351,Alagoas
2022,1,AL,RGF-Anexo 01,DespesaComPessoalLiquida,DESPESA LÍQUIDA COM PESSOAL (III) = (I - II),<MR-9>,364047307.04,3365351,Alagoas
2022,1,AL,RGF-Anexo 01,DespesaComPessoalLiquida,DESPESA LÍQUIDA COM PESSOAL (III) = (I - II),<MR-8>,345327438.57,3365351,Alagoas
2022,1,AL,RGF-Anexo 01,DespesaComPessoalLiquida,DESPESA LÍQUIDA COM PESSOAL (III) = (I - II),<MR-7>,342783902.22,3365351,Alagoas
2022,1,AL,RGF-Anexo 01,DespesaComPessoalLiquida,DESPESA LÍQUIDA COM PESSOAL (III) = (I - II),<MR-6>,272813440.45,3365351,Alagoas
2022,1,AL,RGF-Anexo 01,DespesaComPessoalLiquida,DESPESA LÍQUIDA COM PESSOAL (III) = (I - II),<MR-5>,318429629.35,3365351,Alagoas
2022,1,AL,RGF-Anexo 01,DespesaComPessoalLiquida,DESPESA LÍQUIDA COM PESSOAL (III) = (I - II),<MR-4>,871222882.04,3365351,Alagoas
2022,1,AL,RGF-Anexo 01,DespesaComPessoalLiquida,DESPESA LÍQUIDA COM PESSOAL (III) = (I - II),<MR-3>,365746365.31,3365351,Alagoas
2022,1,AL,RGF-Anexo 01,DespesaComPessoalLiquida,DESPESA LÍQUIDA COM PESSOAL (III) = (I - II),<MR-2>,365240968.25,3365351,Alagoas
2022,1,AL,RGF-Anexo 01,DespesaComPessoalLiquida,DESPESA LÍQUIDA COM PESSOAL (III) = (I - II),<MR-1>,372663003.69,3365351,Alagoas
2022,1,AL,RGF-Anexo 01,DespesaComPessoalLiquida,DESPESA LÍQUIDA COM PESSOAL (III) = (I - II),<MR>,464280030.39,3365351,Alagoas
2022,1,AL,RGF-Anexo 01,DespesaComPessoalLiquida,DESPESA LÍQUIDA COM PESSOAL (III) = (I - II),TOTAL (ÚLTIMOS 12 MESES) (a),4748138273.62,3365351,Alagoas
2022,1,AL,RGF-Anexo 01,ReceitaCorrenteLiquidaLimiteLegal,RECEITA CORRENTE LIQUIDA - RCL (IV),Valor,13293203777.17,3365351,Alagoas
2022,1,AL,RGF-Anexo 01,DespesaComPessoalTotal,DESPESA TOTAL COM PESSOAL - DTP (VIII) = (IIIa + IIIb),Valor,4748138273.62,3365351,Alagoas
2022,1,AL,RGF-Anexo 01,DespesaComPessoalTotal,DESPESA TOTAL COM PESSOAL - DTP (VIII) = (IIIa + IIIb),% sobre a RCL Ajustada,35.93,3365351,Alagoas
2022,1,AL,RGF-Anexo 02,DividaConsolidada,DÍVIDA CONSOLIDADA - DC (I),SALDO DO EXERCÍCIO ANTERIOR,9430213672.52,3365351,Alagoas
2022,1,AL,RGF-Anexo 02,DividaConsolidada,DÍVIDA CONSOLIDADA - DC (I),Até o 1º Quadrimestre,9283418222.93,3365351,Alagoas
2022,1,AL,RGF-Anexo 02,DividaContratual,Dívida Contratual,SALDO DO EXERCÍCIO ANTERIOR,9430213672.52,3365351,Alagoas
2022,1,AL,RGF-Anexo 02,DividaContratual,Dívida Contratual,Até o 1º Quadrimestre,9283418222.93,3365351,Alagoas
2022,1,AL,RGF-Anexo 02,DividaConsolidadaLiquida,DÍVIDA CONSOLIDADA LÍQUIDA (DCL) (III) = (I - II),SALDO DO EXERCÍCIO ANTERIOR,4892885209.4,3365351,Alagoas
2022,1,AL,RGF-Anexo 02,DividaConsolidadaLiquida,DÍVIDA CONSOLIDADA LÍQUIDA (DCL) (III) = (I - II),Até o 1º Quadrimestre,5273989889.7,3365351,Alagoas
2022,2,AL,RGF-Anexo 01,DespesaComPessoalBruta,DESPESA BRUTA COM PESSOAL (I),<MR-11>,404385438.06,3365351,Alagoas
2022,2,AL,RGF-Anexo 01,DespesaComPessoalBruta,DESPESA BRUTA COM PESSOAL (I),<MR-10>,330970340.1,3365351,Alagoas
2022,2,AL,RGF-Anexo 01,DespesaComPessoalBruta,DESPESA BRUTA COM PESSOAL (I),<MR-9>,503882195.23,3365351,Alagoas
2022,2,AL,RGF-Anexo 01,DespesaComPessoalBruta,DESPESA BRUTA COM PESSOAL (I),<MR-8>,940613374.23,3365351,Alagoas
2022,2,AL,RGF-Anexo 01,DespesaComPessoalBruta,DESPESA BRUTA COM PESSOAL (I),<MR-7>,426269932.38,3365351,Alagoas
2022,2,AL,RGF-Anexo 01,DespesaComPessoalBruta,DESPESA BRUTA COM PESSOAL (I),<MR-6>,426567308.14,3365351,Alagoas
2022,2,AL,RGF-Anexo 01,DespesaComPessoalBruta,DESPESA BRUTA COM PESSOAL (I),<MR-5>,437508001.9,3365351,Alagoas
2022,2,AL,RGF-Anexo 01,DespesaComPessoalBruta,DESPESA BRUTA COM PESSOAL (I),<MR-4>,539389545.47,3365351,Alagoas
2022,2,AL,RGF-Anexo 01,DespesaComPessoalBruta,DESPESA BRUTA COM PESSOAL (I),<MR-3>,521260885.51,3365351,Alagoas
2022,2,AL,RGF-Anexo 01,DespesaComPessoalBruta,DESPESA BRUTA COM PESSOAL (I),<MR-2>,527693122.55,3365351,Alagoas
2022,2,AL,RGF-Anexo 01,DespesaComPessoalBruta,DESPESA BRUTA COM PESSOAL (I),<MR-1>,532199838.76,3365351,Alagoas
2022,2,AL,RGF-Anexo 01,DespesaComPessoalBruta,DESPESA BRUTA COM PESSOAL (I),<MR>,526155504.74,3365351,Alagoas
2022,2,AL,RGF-Anexo 01,DespesaComPessoalBruta,DESPESA BRUTA COM PESSOAL (I),TOTAL (ÚLTIMOS 12 MESES) (a),6116895487.07,3365351,Alagoas
2022,2,AL,RGF-Anexo 01,DespesaComPessoalAtivoBruta,Pessoal Ativo,<MR-11>,216635755.51,3365351,Alagoas
2022,2,AL,RGF-Anexo 01,DespesaComPessoalAtivoBruta,Pessoal Ativo,<MR-10>,222767537.28,3365351,Alagoas
2022,2,AL,RGF-Anexo 01,DespesaComPessoalAtivoBruta,Pessoal Ativo,<MR-9>,286937267.95,3365351,Alagoas
2022,2,AL,RGF-Anexo 01,DespesaComPessoalAtivoBruta,Pessoal Ativo,<MR-8>,470544527.57,3365351,Alagoas
2022,2,AL,RGF-Anexo 01,DespesaComPessoalAtivoBruta,Pessoal Ativo,<MR-7>,229697257.32,3365351,Alagoas
2022,2,AL,RGF-Anexo 01,DespesaComPessoalAtivoBruta,Pessoal Ativo,<MR-6>,219203444.15,3365351,Alagoas
2022,2,AL,RGF-Anexo 01,DespesaComPessoalAtivoBruta,Pessoal Ativo,<MR-5>,247606007.77,3365351,Alagoas
2022,2,AL,RGF-Anexo 01,DespesaComPessoalAtivoBruta,Pessoal Ativo,<MR-4>,276658578.58,3365351,Alagoas
2022,2,AL,RGF-Anexo 01,DespesaComPessoalAtivoBruta,Pessoal Ativo,<MR-3>,287766827.85,3365351,Alagoas
2022,2,AL,RGF-Anexo 01,DespesaComPessoalAtivoBruta,Pessoal Ativo,<MR-2>,293507920.75,3365351,Alagoas
2022,2,AL,RGF-Anexo 01,DespesaComPessoalAtivoBruta,Pessoal Ativo,<MR-1>,292527499.47,3365351,Alagoas
2022,2,AL,RGF-Anexo 01,DespesaComPessoalAtivoBruta,Pessoal Ativo,<MR>,289689897.74,3365351,Alagoas
2022,2,AL,RGF-Anexo 01,DespesaComPessoalAtivoBruta,Pessoal Ativo,TOTAL (ÚLTIMOS 12 MESES) (a),3333542521.94,3365351,Alagoas
2022,2,AL,RGF-Anexo 01,DespesaComPessoalInativoEPensionistasBruta,Pessoal Inativo e Pensionistas,<MR-11>,175845197.88,3365351,Alagoas
2022,2,AL,RGF-Anexo 01,DespesaComPessoalInativoEPensionistasBruta,Pessoal Inativo e Pensionistas,<MR-10>,105832328.49,3365351,Alagoas
2022,2,AL,RGF-Anexo 01,DespesaComPessoalInativoEPensionistasBruta,Pessoal Inativo e Pensionistas,<MR-9>,191462657.33,3365351,Alagoas
2022,2,AL,RGF-Anexo 01,DespesaComPessoalInativoEPensionistasBruta,Pessoal Inativo e Pensionistas,<MR-8>,418379860.35,3365351,Alagoas
2022,2,AL,RGF-Anexo 01,DespesaComPessoalInativoEPensionistasBruta,Pessoal Inativo e Pensionistas,<MR-7>,179337274.07,3365351,Alagoas
2022,2,AL,RGF-Anexo 01,DespesaComPessoalInativoEPensionistasBruta,Pessoal Inativo e Pensionistas,<MR-6>,203330655.83,3365351,Alagoas
2022,2,AL,RGF-Anexo 01,DespesaComPessoalInativoEPensionistasBruta,Pessoal Inativo e Pensionistas,<MR-5>,169496916.52,3365351,Alagoas
2022,2,AL,RGF-Anexo 01,DespesaComPessoalInativoEPensionistasBruta,Pessoal Inativo e Pensionistas,<MR-4>,219423988.02,3365351,Alagoas
2022,2,AL,RGF-Anexo 01,DespesaComPessoalInativoEPensionistasBruta,Pessoal Inativo e Pensionistas,<MR-3>,208325105.95,3365351,Alagoas
2022,2,AL,RGF-Anexo 01,DespesaComPessoalInativoEPensionistasBruta,Pessoal Inativo e Pensionistas,<MR-2>,213207481.47,3365351,Alagoas
2022,2,AL,RGF-Anexo 01,DespesaComPessoalInativoEPensionistasBruta,Pessoal Inativo e Pensionistas,<MR-1>,214516499.99,3365351,Alagoas
2022,2,AL,RGF-Anexo 01,DespesaComPessoalInativoEPensionistasBruta,Pessoal Inativo e Pensionistas,<MR>,215257701.81,3365351,Alagoas
2022,2,AL,RGF-Anexo 01,DespesaComPessoalInativoEPensionistasBruta,Pessoal Inativo e Pensionistas,TOTAL (ÚLTIMOS 12 MESES) (a),2514415667.71,3365351,Alagoas
2022,2,AL,RGF-Anexo 01,DespesaComPessoalLiquida,DESPESA LÍQUIDA COM PESSOAL (III) = (I - II),<MR-11>,342783902.22,3365351,Alagoas
2022,2,AL,RGF-Anexo 01,DespesaComPessoalLiquida,DESPESA LÍQUIDA COM PESSOAL (III) = (I - II),<MR-10>,272813440.45,3365351,Alagoas
2022,2,AL,RGF-Anexo 01,DespesaComPessoalLiquida,DESPESA LÍQUIDA COM PESSOAL (III) = (I - II),<MR-9>,318429629.35,3365351,Alagoas
2022,2,AL,RGF-Anexo 01,DespesaComPessoalLiquida,DESPESA LÍQUIDA COM PESSOAL (III) = (I - II),<MR-8>,871222882.04,3365351,Alagoas
2022,2,AL,RGF-Anexo 01,DespesaComPessoalLiquida,DESPESA LÍQUIDA COM PESSOAL (III) = (I - II),<MR-7>,365746365.31,3365351,Alagoas
2022,2,AL,RGF-Anexo 01,DespesaComPessoalLiquida,DESPESA LÍQUIDA COM PESSOAL (III) = (I - II),<MR-6>,365240968.25,3365351,Alagoas
2022,2,AL,RGF-Anexo 01,DespesaComPessoalLiquida,DESPESA LÍQUIDA COM PESSOAL (III) = (I - II),<MR-5>,372663003.69,3365351,Alagoas
2022,2,AL,RGF-Anexo 01,DespesaComPessoalLiquida,DESPESA LÍQUIDA COM PESSOAL (III) = (I - II),<MR-4>,464280030.39,3365351,Alagoas
2022,2,AL,RGF-Anexo 01,DespesaComPessoalLiquida,DESPESA LÍQUIDA COM PESSOAL (III) = (I - II),<MR-3>,446609444.25,3365351,Alagoas
2022,2,AL,RGF-Anexo 01,DespesaComPessoalLiquida,DESPESA LÍQUIDA COM PESSOAL (III) = (I - II),<MR-2>,451864336.55,3365351,Alagoas
2022,2,AL,RGF-Anexo 01,DespesaComPessoalLiquida,DESPESA LÍQUIDA COM PESSOAL (III) = (I - II),<MR-1>,455198596.79,3365351,Alagoas
2022,2,AL,RGF-Anexo 01,DespesaComPessoalLiquida,DESPESA LÍQUIDA COM PESSOAL (III) = (I - II),<MR>,448142011.09,3365351,Alagoas
2022,2,AL,RGF-Anexo 01,DespesaComPessoalLiquida,DESPESA LÍQUIDA COM PESSOAL (III) = (I - II),TOTAL (ÚLTIMOS 12 MESES) (a),5174994610.38,3365351,Alagoas
2022,2,AL,RGF-Anexo 01,ReceitaCorrenteLiquidaLimiteLegal,RECEITA CORRENTE LIQUIDA - RCL (IV),Valor,12914460889.24,3365351,Alagoas
2022,2,AL,RGF-Anexo 01,DespesaComPessoalTotal,DESPESA TOTAL COM PESSOAL - DTP (VIII) = (IIIa + IIIb),Valor,5174994610.38,3365351,Alagoas
2022,2,AL,RGF-Anexo 01,DespesaComPessoalTotal,DESPESA TOTAL COM PESSOAL - DTP (VIII) = (IIIa + IIIb),% sobre a RCL Ajustada,40.23,3365351,Alagoas
2022,2,AL,RGF-Anexo 02,DividaConsolidada,DÍVIDA CONSOLIDADA - DC (I),SALDO DO EXERCÍCIO ANTERIOR,9430213672.52,3365351,Alagoas
2022,2,AL,RGF-Anexo 02,DividaConsolidada,DÍVIDA CONSOLIDADA - DC (I),Até o 1º Quadrimestre,9283418222.93,3365351,Alagoas
2022,2,AL,RGF-Anexo 02,DividaConsolidada,DÍVIDA CONSOLIDADA - DC (I),Até o 2º Quadrimestre,10250242956.55,3365351,Alagoas
2022,2,AL,RGF-Anexo 02,DividaContratual,Dívida Contratual,SALDO DO EXERCÍCIO ANTERIOR,9430213672.52,3365351,Alagoas
2022,2,AL,RGF-Anexo 02,DividaContratual,Dívida Contratual,Até o 1º Quadrimestre,9283418222.93,3365351,Alagoas
2022,2,AL,RGF-Anexo 02,DividaContratual,Dívida Contratual,Até o 2º Quadrimestre,10250242956.55,3365351,Alagoas
2022,2,AL,RGF-Anexo 02,DividaConsolidadaLiquida,DÍVIDA CONSOLIDADA LÍQUIDA (DCL) (III) = (I - II),SALDO DO EXERCÍCIO ANTERIOR,4892885209.4,3365351,Alagoas
2022,2,AL,RGF-Anexo 02,DividaConsolidadaLiquida,DÍVIDA CONSOLIDADA LÍQUIDA (DCL) (III) = (I - II),Até o 1º Quadrimestre,5273989889.7,3365351,Alagoas
2022,2,AL,RGF-Anexo 02,DividaConsolidadaLiquida,DÍVIDA CONSOLIDADA LÍQUIDA (DCL) (III) = (I - II),Até o 2º Quadrimestre,6098667859.6,3365351,Alagoas
2022,3,AL,RGF-Anexo 01,DespesaComPessoalBruta,DESPESA BRUTA COM PESSOAL (I),<MR-11>,426269932.38,3365351,Alagoas
2022,3,AL,RGF-Anexo 01,DespesaComPessoalBruta,DESPESA BRUTA COM PESSOAL (I),<MR-10>,426567308.14,3365351,Alagoas
2022,3,AL,RGF-Anexo 01,DespesaComPessoalBruta,DESPESA BRUTA COM PESSOAL (I),<MR-9>,437508001.9,3365351,Alagoas
2022,3,AL,RGF-Anexo 01,DespesaComPessoalBruta,DESPESA BRUTA COM PESSOAL (I),<MR-8>,539389545.47,3365351,Alagoas
2022,3,AL,RGF-Anexo 01,DespesaComPessoalBruta,DESPESA BRUTA COM PESSOAL (I),<MR-7>,521260885.51,3365351,Alagoas
2022,3,AL,RGF-Anexo 01,DespesaComPessoalBruta,DESPESA BRUTA COM PESSOAL (I),<MR-6>,527693122.55,3365351,Alagoas
2022,3,AL,RGF-Anexo 01,DespesaComPessoalBruta,DESPESA BRUTA COM PESSOAL (I),<MR-5>,532199838.76,3365351,Alagoas
2022,3,AL,RGF-Anexo 01,DespesaComPessoalBruta,DESPESA BRUTA COM PESSOAL (I),<MR-4>,526155504.74,3365351,Alagoas
2022,3,AL,RGF-Anexo 01,DespesaComPessoalBruta,DESPESA BRUTA COM PESSOAL (I),<MR-3>,522490071.18,3365351,Alagoas
2022,3,AL,RGF-Anexo 01,DespesaComPessoalBruta,DESPESA BRUTA COM PESSOAL (I),<MR-2>,518665358.05,3365351,Alagoas
2022,3,AL,RGF-Anexo 01,DespesaComPessoalBruta,DESPESA BRUTA COM PESSOAL (I),<MR-1>,397954928.95,3365351,Alagoas
2022,3,AL,RGF-Anexo 01,DespesaComPessoalBruta,DESPESA BRUTA COM PESSOAL (I),<MR>,1074565532.74,3365351,Alagoas
2022,3,AL,RGF-Anexo 01,DespesaComPessoalBruta,DESPESA BRUTA COM PESSOAL (I),TOTAL (ÚLTIMOS 12 MESES) (a),6450720030.37,3365351,Alagoas
2022,3,AL,RGF-Anexo 01,DespesaComPessoalAtivoBruta,Pessoal Ativo,<MR-11>,229697257.32,3365351,Alagoas
2022,3,AL,RGF-Anexo 01,DespesaComPessoalAtivoBruta,Pessoal Ativo,<MR-10>,219203444.15,3365351,Alagoas
2022,3,AL,RGF-Anexo 01,DespesaComPessoalAtivoBruta,Pessoal Ativo,<MR-9>,247606007.77,3365351,Alagoas
2022,3,AL,RGF-Anexo 01,DespesaComPessoalAtivoBruta,Pessoal Ativo,<MR-8>,276658578.58,3365351,Alagoas
2022,3,AL,RGF-Anexo 01,DespesaComPessoalAtivoBruta,Pessoal Ativo,<MR-7>,287766827.85,3365351,Alagoas
2022,3,AL,RGF-Anexo 01,DespesaComPessoalAtivoBruta,Pessoal Ativo,<MR-6>,293507920.75,3365351,Alagoas
2022,3,AL,RGF-Anexo 01,DespesaComPessoalAtivoBruta,Pessoal Ativo,<MR-5>,292527499.47,3365351,Alagoas
2022,3,AL,RGF-Anexo 01,DespesaComPessoalAtivoBruta,Pessoal Ativo,<MR-4>,289689897.74,3365351,Alagoas
2022,3,AL,RGF-Anexo 01,DespesaComPessoalAtivoBruta,Pessoal Ativo,<MR-3>,295109739.18,3365351,Alagoas
2022,3,AL,RGF-Anexo 01,DespesaComPessoalAtivoBruta,Pessoal Ativo,<MR-2>,281852445.8,3365351,Alagoas
2022,3,AL,RGF-Anexo 01,DespesaComPessoalAtivoBruta,Pessoal Ativo,<MR-1>,232835899.33,3365351,Alagoas
2022,3,AL,RGF-Anexo 01,DespesaComPessoalAtivoBruta,Pessoal Ativo,<MR>,570326592.84,3365351,Alagoas
2022,3,AL,RGF-Anexo 01,DespesaComPessoalAtivoBruta,Pessoal Ativo,TOTAL (ÚLTIMOS 12 MESES) (a),3516782110.78,3365351,Alagoas
2022,3,AL,RGF-Anexo 01,DespesaComPessoalInativoEPensionistasBruta,Pessoal Inativo e Pensionistas,<MR-11>,179337274.07,3365351,Alagoas
2022,3,AL,RGF-Anexo 01,DespesaComPessoalInativoEPensionistasBruta,Pessoal Inativo e Pensionistas,<MR-10>,203330655.83,3365351,Alagoas
2022,3,AL,RGF-Anexo 01,DespesaComPessoalInativoEPensionistasBruta,Pessoal Inativo e Pensionistas,<MR-9>,169496916.52,3365351,Alagoas
2022,3,AL,RGF-Anexo 01,DespesaComPessoalInativoEPensionistasBruta,Pessoal Inativo e Pensionistas,<MR-8>,219423988.02,3365351,Alagoas
2022,3,AL,RGF-Anexo 01,DespesaComPessoalInativoEPensionistasBruta,Pessoal Inativo e Pensionistas,<MR-7>,208325105.95,3365351,Alagoas
2022,3,AL,RGF-Anexo 01,DespesaComPessoalInativoEPensionistasBruta,Pessoal Inativo e Pensionistas,<MR-6>,213207481.47,3365351,Alagoas
2022,3,AL,RGF-Anexo 01,DespesaComPessoalInativoEPensionistasBruta,Pessoal Inativo e Pensionistas,<MR-5>,214516499.99,3365351,Alagoas
2022,3,AL,RGF-Anexo 01,DespesaComPessoalInativoEPensionistasBruta,Pessoal Inativo e Pensionistas,<MR-4>,215257701.81,3365351,Alagoas
2022,3,AL,RGF-Anexo 01,DespesaComPessoalInativoEPensionistasBruta,Pessoal Inativo e Pensionistas,<MR-3>,223255686.81,3365351,Alagoas
2022,3,AL,RGF-Anexo 01,DespesaComPessoalInativoEPensionistasBruta,Pessoal Inativo e Pensionistas,<MR-2>,216030127.72,3365351,Alagoas
2022,3,AL,RGF-Anexo 01,DespesaComPessoalInativoEPensionistasBruta,Pessoal Inativo e Pensionistas,<MR-1>,127985603.84,3365351,Alagoas
2022,3,AL,RGF-Anexo 01,DespesaComPessoalInativoEPensionistasBruta,Pessoal Inativo e Pensionistas,<MR>,455025939.92,3365351,Alagoas
2022,3,AL,RGF-Anexo 01,DespesaComPessoalInativoEPensionistasBruta,Pessoal Inativo e Pensionistas,TOTAL (ÚLTIMOS 12 MESES) (a),2645192981.95,3365351,Alagoas
2022,3,AL,RGF-Anexo 01,DespesaComPessoalLiquida,DESPESA LÍQUIDA COM PESSOAL (III) = (I - II),<MR-11>,365746365.31,3365351,Alagoas
2022,3,AL,RGF-Anexo 01,DespesaComPessoalLiquida,DESPESA LÍQUIDA COM PESSOAL (III) = (I - II),<MR-10>,365240968.25,3365351,Alagoas
2022,3,AL,RGF-Anexo 01,DespesaComPessoalLiquida,DESPESA LÍQUIDA COM PESSOAL (III) = (I - II),<MR-9>,372663003.69,3365351,Alagoas
2022,3,AL,RGF-Anexo 01,DespesaComPessoalLiquida,DESPESA LÍQUIDA COM PESSOAL (III) = (I - II),<MR-8>,464280030.39,3365351,Alagoas
2022,3,AL,RGF-Anexo 01,DespesaComPessoalLiquida,DESPESA LÍQUIDA COM PESSOAL (III) = (I - II),<MR-7>,446609444.25,3365351,Alagoas
2022,3,AL,RGF-Anexo 01,DespesaComPessoalLiquida,DESPESA LÍQUIDA COM PESSOAL (III) = (I - II),<MR-6>,451864336.55,3365351,Alagoas
2022,3,AL,RGF-Anexo 01,DespesaComPessoalLiquida,DESPESA LÍQUIDA COM PESSOAL (III) = (I - II),<MR-5>,455198596.79,3365351,Alagoas
2022,3,AL,RGF-Anexo 01,DespesaComPessoalLiquida,DESPESA LÍQUIDA COM PESSOAL (III) = (I - II),<MR-4>,448142011.09,3365351,Alagoas
2022,3,AL,RGF-Anexo 01,DespesaComPessoalLiquida,DESPESA LÍQUIDA COM PESSOAL (III) = (I - II),<MR-3>,444407889.78,3365351,Alagoas
2022,3,AL,RGF-Anexo 01,DespesaComPessoalLiquida,DESPESA LÍQUIDA COM PESSOAL (III) = (I - II),<MR-2>,441562403.68,3365351,Alagoas
2022,3,AL,RGF-Anexo 01,DespesaComPessoalLiquida,DESPESA LÍQUIDA COM PESSOAL (III) = (I - II),<MR-1>,319575203.22,3365351,Alagoas
2022,3,AL,RGF-Anexo 01,DespesaComPessoalLiquida,DESPESA LÍQUIDA COM PESSOAL (III) = (I - II),<MR>,802814547.18,3365351,Alagoas
2022,3,AL,RGF-Anexo 01,DespesaComPessoalLiquida,DESPESA LÍQUIDA COM PESSOAL (III) = (I - II),TOTAL (ÚLTIMOS 12 MESES) (a),5378104800.18,3365351,Alagoas
2022,3,AL,RGF-Anexo 01,ReceitaCorrenteLiquidaLimiteLegal,RECEITA CORRENTE LIQUIDA - RCL (IV),Valor,13177911886.17,3365351,Alagoas
2022,3,AL,RGF-Anexo 01,DespesaComPessoalTotal,DESPESA TOTAL COM PESSOAL - DTP (VIII) = (IIIa + IIIb),Valor,5378104800.18,3365351,Alagoas
2022,3,AL,RGF-Anexo 01,DespesaComPessoalTotal,DESPESA TOTAL COM PESSOAL - DTP (VIII) = (IIIa + IIIb),% sobre a RCL Ajustada,40.9,3365351,Alagoas
2022,3,AL,RGF-Anexo 02,DividaConsolidada,DÍVIDA CONSOLIDADA - DC (I),SALDO DO EXERCÍCIO ANTERIOR,9430213672.52,3365351,Alagoas
2022,3,AL,RGF-Anexo 02,DividaConsolidada,DÍVIDA CONSOLIDADA - DC (I),Até o 1º Quadrimestre,9283418222.93,3365351,Alagoas
2022,3,AL,RGF-Anexo 02,DividaConsolidada,DÍVIDA CONSOLIDADA - DC (I),Até o 2º Quadrimestre,10250242956.55,3365351,Alagoas
2022,3,AL,RGF-Anexo 02,DividaConsolidada,DÍVIDA CONSOLIDADA - DC (I),Até o 3º Quadrimestre,10359518124.82,3365351,Alagoas
2022,3,AL,RGF-Anexo 02,DividaContratual,Dívida Contratual,SALDO DO EXERCÍCIO ANTERIOR,9430213672.52,3365351,Alagoas
2022,3,AL,RGF-Anexo 02,DividaContratual,Dívida Contratual,Até o 1º Quadrimestre,9283418222.93,3365351,Alagoas
2022,3,AL,RGF-Anexo 02,DividaContratual,Dívida Contratual,Até o 2º Quadrimestre,10250242956.55,3365351,Alagoas
2022,3,AL,RGF-Anexo 02,DividaContratual,Dívida Contratual,Até o 3º Quadrimestre,10359518124.82,3365351,Alagoas
2022,3,AL,RGF-Anexo 02,DividaConsolidadaLiquida,DÍVIDA CONSOLIDADA LÍQUIDA (DCL) (III) = (I - II),SALDO DO EXERCÍCIO ANTERIOR,4892885209.4,3365351,Alagoas
2022,3,AL,RGF-Anexo 02,DividaConsolidadaLiquida,DÍVIDA CONSOLIDADA LÍQUIDA (DCL) (III) = (I - II),Até o 1º Quadrimestre,5273989889.7,3365351,Alagoas
2022,3,AL,RGF-Anexo 02,DividaConsolidadaLiquida,DÍVIDA CONSOLIDADA LÍQUIDA (DCL) (III) = (I - II),Até o 2º Quadrimestre,6098667859.6,3365351,Alagoas
2022,3,AL,RGF-Anexo 02,DividaConsolidadaLiquida,DÍVIDA CONSOLIDADA LÍQUIDA (DCL) (III) = (I - II),Até o 3º Quadrimestre,7245315323.33,3365351,Alagoas
2023,1,AL,RGF-Anexo 01,DespesaComPessoalBruta,DESPESA BRUTA COM PESSOAL (I),<MR-11>,521260885.51,3365351,Alagoas
2023,1,AL,RGF-Anexo 01,DespesaComPessoalBruta,DESPESA BRUTA COM PESSOAL (I),<MR-10>,527693122.55,3365351,Alagoas
2023,1,AL,RGF-Anexo 01,DespesaComPessoalBruta,DESPESA BRUTA COM PESSOAL (I),<MR-9>,532199838.76,3365351,Alagoas
2023,1,AL,RGF-Anexo 01,DespesaComPessoalBruta,DESPESA BRUTA COM PESSOAL (I),<MR-8>,526155504.74,3365351,Alagoas
2023,1,AL,RGF-Anexo 01,DespesaComPessoalBruta,DESPESA BRUTA COM PESSOAL (I),<MR-7>,522490071.18,3365351,Alagoas
2023,1,AL,RGF-Anexo 01,DespesaComPessoalBruta,DESPESA BRUTA COM PESSOAL (I),<MR-6>,518665358.05,3365351,Alagoas
2023,1,AL,RGF-Anexo 01,DespesaComPessoalBruta,DESPESA BRUTA COM PESSOAL (I),<MR-5>,397954928.95,3365351,Alagoas
2023,1,AL,RGF-Anexo 01,DespesaComPessoalBruta,DESPESA BRUTA COM PESSOAL (I),<MR-4>,1074565532.74,3365351,Alagoas
2023,1,AL,RGF-Anexo 01,DespesaComPessoalBruta,DESPESA BRUTA COM PESSOAL (I),<MR-3>,567569323.45,3365351,Alagoas
2023,1,AL,RGF-Anexo 01,DespesaComPessoalBruta,DESPESA BRUTA COM PESSOAL (I),<MR-2>,496592865.39,3365351,Alagoas
2023,1,AL,RGF-Anexo 01,DespesaComPessoalBruta,DESPESA BRUTA COM PESSOAL (I),<MR-1>,575764324.04,3365351,Alagoas
2023,1,AL,RGF-Anexo 01,DespesaComPessoalBruta,DESPESA BRUTA COM PESSOAL (I),<MR>,545886175.98,3365351,Alagoas
2023,1,AL,RGF-Anexo 01,DespesaComPessoalBruta,DESPESA BRUTA COM PESSOAL (I),TOTAL (ÚLTIMOS 12 MESES) (a),6806797931.34,3365351,Alagoas
2023,1,AL,RGF-Anexo 01,DespesaComPessoalAtivoBruta,Pessoal Ativo,<MR-11>,287766827.85,3365351,Alagoas
2023,1,AL,RGF-Anexo 01,DespesaComPessoalAtivoBruta,Pessoal Ativo,<MR-10>,293507920.75,3365351,Alagoas
2023,1,AL,RGF-Anexo 01,DespesaComPessoalAtivoBruta,Pessoal Ativo,<MR-9>,292527499.47,3365351,Alagoas
2023,1,AL,RGF-Anexo 01,DespesaComPessoalAtivoBruta,Pessoal Ativo,<MR-8>,289689897.74,3365351,Alagoas
2023,1,AL,RGF-Anexo 01,DespesaComPessoalAtivoBruta,Pessoal Ativo,<MR-7>,295109739.18,3365351,Alagoas
2023,1,AL,RGF-Anexo 01,DespesaComPessoalAtivoBruta,Pessoal Ativo,<MR-6>,281852445.8,3365351,Alagoas
2023,1,AL,RGF-Anexo 01,DespesaComPessoalAtivoBruta,Pessoal Ativo,<MR-5>,232835899.33,3365351,Alagoas
2023,1,AL,RGF-Anexo 01,DespesaComPessoalAtivoBruta,Pessoal Ativo,<MR-4>,570326592.84,3365351,Alagoas
2023,1,AL,RGF-Anexo 01,DespesaComPessoalAtivoBruta,Pessoal Ativo,<MR-3>,349775809.95,3365351,Alagoas
2023,1,AL,RGF-Anexo 01,DespesaComPessoalAtivoBruta,Pessoal Ativo,<MR-2>,273155971.03,3365351,Alagoas
2023,1,AL,RGF-Anexo 01,DespesaComPessoalAtivoBruta,Pessoal Ativo,<MR-1>,336914177.95,3365351,Alagoas
2023,1,AL,RGF-Anexo 01,DespesaComPessoalAtivoBruta,Pessoal Ativo,<MR>,308698143.54,3365351,Alagoas
2023,1,AL,RGF-Anexo 01,DespesaComPessoalAtivoBruta,Pessoal Ativo,TOTAL (ÚLTIMOS 12 MESES) (a),3812160925.43,3365351,Alagoas
2023,1,AL,RGF-Anexo 01,DespesaComPessoalInativoEPensionistasBruta,Pessoal Inativo e Pensionistas,<MR-11>,208325105.95,3365351,Alagoas
2023,1,AL,RGF-Anexo 01,DespesaComPessoalInativoEPensionistasBruta,Pessoal Inativo e Pensionistas,<MR-10>,213207481.47,3365351,Alagoas
2023,1,AL,RGF-Anexo 01,DespesaComPessoalInativoEPensionistasBruta,Pessoal Inativo e Pensionistas,<MR-9>,214516499.99,3365351,Alagoas
2023,1,AL,RGF-Anexo 01,DespesaComPessoalInativoEPensionistasBruta,Pessoal Inativo e Pensionistas,<MR-8>,215257701.81,3365351,Alagoas
2023,1,AL,RGF-Anexo 01,DespesaComPessoalInativoEPensionistasBruta,Pessoal Inativo e Pensionistas,<MR-7>,223255686.81,3365351,Alagoas
2023,1,AL,RGF-Anexo 01,DespesaComPessoalInativoEPensionistasBruta,Pessoal Inativo e Pensionistas,<MR-6>,216030127.72,3365351,Alagoas
2023,1,AL,RGF-Anexo 01,DespesaComPessoalInativoEPensionistasBruta,Pessoal Inativo e Pensionistas,<MR-5>,127985603.84,3365351,Alagoas
2023,1,AL,RGF-Anexo 01,DespesaComPessoalInativoEPensionistasBruta,Pessoal Inativo e Pensionistas,<MR-4>,455025939.92,3365351,Alagoas
2023,1,AL,RGF-Anexo 01,DespesaComPessoalInativoEPensionistasBruta,Pessoal Inativo e Pensionistas,<MR-3>,217367413.06,3365351,Alagoas
2023,1,AL,RGF-Anexo 01,DespesaComPessoalInativoEPensionistasBruta,Pessoal Inativo e Pensionistas,<MR-2>,221259854.24,3365351,Alagoas
2023,1,AL,RGF-Anexo 01,DespesaComPessoalInativoEPensionistasBruta,Pessoal Inativo e Pensionistas,<MR-1>,219345456.0,3365351,Alagoas
2023,1,AL,RGF-Anexo 01,DespesaComPessoalInativoEPensionistasBruta,Pessoal Inativo e Pensionistas,<MR>,220603272.61,3365351,Alagoas
2023,1,AL,RGF-Anexo 01,DespesaComPessoalInativoEPensionistasBruta,Pessoal Inativo e Pensionistas,TOTAL (ÚLTIMOS 12 MESES) (a),2752180143.42,3365351,Alagoas
2023,1,AL,RGF-Anexo 01,DespesaComPessoalLiquida,DESPESA LÍQUIDA COM PESSOAL (III) = (I - II),<MR-11>,446609444.25,3365351,Alagoas
2023,1,AL,RGF-Anexo 01,DespesaComPessoalLiquida,DESPESA LÍQUIDA COM PESSOAL (III) = (I - II),<MR-10>,451864336.55,3365351,Alagoas
2023,1,AL,RGF-Anexo 01,DespesaComPessoalLiquida,DESPESA LÍQUIDA COM PESSOAL (III) = (I - II),<MR-9>,455198596.79,3365351,Alagoas
2023,1,AL,RGF-Anexo 01,DespesaComPessoalLiquida,DESPESA LÍQUIDA COM PESSOAL (III) = (I - II),<MR-8>,448142011.09,3365351,Alagoas
2023,1,AL,RGF-Anexo 01,DespesaComPessoalLiquida,DESPESA LÍQUIDA COM PESSOAL (III) = (I - II),<MR-7>,444407889.78,3365351,Alagoas
2023,1,AL,RGF-Anexo 01,DespesaComPessoalLiquida,DESPESA LÍQUIDA COM PESSOAL (III) = (I - II),<MR-6>,441562403.68,3365351,Alagoas
2023,1,AL,RGF-Anexo 01,DespesaComPessoalLiquida,DESPESA LÍQUIDA COM PESSOAL (III) = (I - II),<MR-5>,319575203.22,3365351,Alagoas
2023,1,AL,RGF-Anexo 01,DespesaComPessoalLiquida,DESPESA LÍQUIDA COM PESSOAL (III) = (I - II),<MR-4>,802814547.18,3365351,Alagoas
2023,1,AL,RGF-Anexo 01,DespesaComPessoalLiquida,DESPESA LÍQUIDA COM PESSOAL (III) = (I - II),<MR-3>,437260184.29,3365351,Alagoas
2023,1,AL,RGF-Anexo 01,DespesaComPessoalLiquida,DESPESA LÍQUIDA COM PESSOAL (III) = (I - II),<MR-2>,430452655.25,3365351,Alagoas
2023,1,AL,RGF-Anexo 01,DespesaComPessoalLiquida,DESPESA LÍQUIDA COM PESSOAL (III) = (I - II),<MR-1>,500975272.37,3365351,Alagoas
2023,1,AL,RGF-Anexo 01,DespesaComPessoalLiquida,DESPESA LÍQUIDA COM PESSOAL (III) = (I - II),<MR>,478949777.23,3365351,Alagoas
2023,1,AL,RGF-Anexo 01,DespesaComPessoalLiquida,DESPESA LÍQUIDA COM PESSOAL (III) = (I - II),TOTAL (ÚLTIMOS 12 MESES) (a),5657812321.68,3365351,Alagoas
2023,1,AL,RGF-Anexo 01,ReceitaCorrenteLiquidaLimiteLegal,RECEITA CORRENTE LIQUIDA - RCL (IV),Valor,13584581734.11,3365351,Alagoas
2023,1,AL,RGF-Anexo 01,DespesaComPessoalTotal,DESPESA TOTAL COM PESSOAL - DTP (VIII) = (IIIa + IIIb),Valor,5657812321.68,3365351,Alagoas
2023,1,AL,RGF-Anexo 01,DespesaComPessoalTotal,DESPESA TOTAL COM PESSOAL - DTP (VIII) = (IIIa + IIIb),% sobre a RCL Ajustada,41.73,3365351,Alagoas
2023,1,AL,RGF-Anexo 02,DividaConsolidada,DÍVIDA CONSOLIDADA - DC (I),SALDO DO EXERCÍCIO ANTERIOR,10359518124.82,3365351,Alagoas
2023,1,AL,RGF-Anexo 02,DividaConsolidada,DÍVIDA CONSOLIDADA - DC (I),Até o 1º Quadrimestre,10308398396.38,3365351,Alagoas
2023,1,AL,RGF-Anexo 02,DividaContratual,Dívida Contratual,SALDO DO EXERCÍCIO ANTERIOR,10359518124.82,3365351,Alagoas
2023,1,AL,RGF-Anexo 02,DividaContratual,Dívida Contratual,Até o 1º Quadrimestre,10308398396.38,3365351,Alagoas
2023,1,AL,RGF-Anexo 02,DividaConsolidadaLiquida,DÍVIDA CONSOLIDADA LÍQUIDA (DCL) (III) = (I - II),SALDO DO EXERCÍCIO ANTERIOR,7245315323.33,3365351,Alagoas
2023,1,AL,RGF-Anexo 02,DividaConsolidadaLiquida,DÍVIDA CONSOLIDADA LÍQUIDA (DCL) (III) = (I - II),Até o 1º Quadrimestre,7008878102.31,3365351,Alagoas
2023,2,AL,RGF-Anexo 01,DespesaComPessoalBruta,DESPESA BRUTA COM PESSOAL (I),<MR-11>,522490071.18,3365351,Alagoas
2023,2,AL,RGF-Anexo 01,DespesaComPessoalBruta,DESPESA BRUTA COM PESSOAL (I),<MR-10>,518665358.05,3365351,Alagoas
2023,2,AL,RGF-Anexo 01,DespesaComPessoalBruta,DESPESA BRUTA COM PESSOAL (I),<MR-9>,397954928.95,3365351,Alagoas
2023,2,AL,RGF-Anexo 01,DespesaComPessoalBruta,DESPESA BRUTA COM PESSOAL (I),<MR-8>,1074565532.74,3365351,Alagoas
2023,2,AL,RGF-Anexo 01,DespesaComPessoalBruta,DESPESA BRUTA COM PESSOAL (I),<MR-7>,567569323.45,3365351,Alagoas
2023,2,AL,RGF-Anexo 01,DespesaComPessoalBruta,DESPESA BRUTA COM PESSOAL (I),<MR-6>,496592865.39,3365351,Alagoas
2023,2,AL,RGF-Anexo 01,DespesaComPessoalBruta,DESPESA BRUTA COM PESSOAL (I),<MR-5>,575764324.04,3365351,Alagoas
2023,2,AL,RGF-Anexo 01,DespesaComPessoalBruta,DESPESA BRUTA COM PESSOAL (I),<MR-4>,545886175.98,3365351,Alagoas
2023,2,AL,RGF-Anexo 01,DespesaComPessoalBruta,DESPESA BRUTA COM PESSOAL (I),<MR-3>,497518633.84,3365351,Alagoas
2023,2,AL,RGF-Anexo 01,DespesaComPessoalBruta,DESPESA BRUTA COM PESSOAL (I),<MR-2>,562056145.26,3365351,Alagoas
2023,2,AL,RGF-Anexo 01,DespesaComPessoalBruta,DESPESA BRUTA COM PESSOAL (I),<MR-1>,550104148.43,3365351,Alagoas
2023,2,AL,RGF-Anexo 01,DespesaComPessoalBruta,DESPESA BRUTA COM PESSOAL (I),<MR>,543744594.38,3365351,Alagoas
2023,2,AL,RGF-Anexo 01,DespesaComPessoalBruta,DESPESA BRUTA COM PESSOAL (I),TOTAL (ÚLTIMOS 12 MESES) (a),6852912101.69,3365351,Alagoas
2023,2,AL,RGF-Anexo 01,DespesaComPessoalAtivoBruta,Pessoal Ativo,<MR-11>,295109739.18,3365351,Alagoas
2023,2,AL,RGF-Anexo 01,DespesaComPessoalAtivoBruta,Pessoal Ativo,<MR-10>,281852445.8,3365351,Alagoas
2023,2,AL,RGF-Anexo 01,DespesaComPessoalAtivoBruta,Pessoal Ativo,<MR-9>,232835899.33,3365351,Alagoas
2023,2,AL,RGF-Anexo 01,DespesaComPessoalAtivoBruta,Pessoal Ativo,<MR-8>,570326592.84,3365351,Alagoas
2023,2,AL,RGF-Anexo 01,DespesaComPessoalAtivoBruta,Pessoal Ativo,<MR-7>,349775809.95,3365351,Alagoas
2023,2,AL,RGF-Anexo 01,DespesaComPessoalAtivoBruta,Pessoal Ativo,<MR-6>,273155971.03,3365351,Alagoas
2023,2,AL,RGF-Anexo 01,DespesaComPessoalAtivoBruta,Pessoal Ativo,<MR-5>,336914177.95,3365351,Alagoas
2023,2,AL,RGF-Anexo 01,DespesaComPessoalAtivoBruta,Pessoal Ativo,<MR-4>,308698143.54,3365351,Alagoas
2023,2,AL,RGF-Anexo 01,DespesaComPessoalAtivoBruta,Pessoal Ativo,<MR-3>,259919790.02,3365351,Alagoas
2023,2,AL,RGF-Anexo 01,DespesaComPessoalAtivoBruta,Pessoal Ativo,<MR-2>,336985593.15,3365351,Alagoas
2023,2,AL,RGF-Anexo 01,DespesaComPessoalAtivoBruta,Pessoal Ativo,<MR-1>,298016374.58,3365351,Alagoas
2023,2,AL,RGF-Anexo 01,DespesaComPessoalAtivoBruta,Pessoal Ativo,<MR>,304729657.1,3365351,Alagoas
2023,2,AL,RGF-Anexo 01,DespesaComPessoalAtivoBruta,Pessoal Ativo,TOTAL (ÚLTIMOS 12 MESES) (a),3848320194.47,3365351,Alagoas
2023,2,AL,RGF-Anexo 01,DespesaComPessoalInativoEPensionistasBruta,Pessoal Inativo e Pensionistas,<MR-11>,223255686.81,3365351,Alagoas
2023,2,AL,RGF-Anexo 01,DespesaComPessoalInativoEPensionistasBruta,Pessoal Inativo e Pensionistas,<MR-10>,216030127.72,3365351,Alagoas
2023,2,AL,RGF-Anexo 01,DespesaComPessoalInativoEPensionistasBruta,Pessoal Inativo e Pensionistas,<MR-9>,127985603.84,3365351,Alagoas
2023,2,AL,RGF-Anexo 01,DespesaComPessoalInativoEPensionistasBruta,Pessoal Inativo e Pensionistas,<MR-8>,455025939.92,3365351,Alagoas
2023,2,AL,RGF-Anexo 01,DespesaComPessoalInativoEPensionistasBruta,Pessoal Inativo e Pensionistas,<MR-7>,217367413.06,3365351,Alagoas
2023,2,AL,RGF-Anexo 01,DespesaComPessoalInativoEPensionistasBruta,Pessoal Inativo e Pensionistas,<MR-6>,221259854.24,3365351,Alagoas
2023,2,AL,RGF-Anexo 01,DespesaComPessoalInativoEPensionistasBruta,Pessoal Inativo e Pensionistas,<MR-5>,219345456.0,3365351,Alagoas
2023,2,AL,RGF-Anexo 01,DespesaComPessoalInativoEPensionistasBruta,Pessoal Inativo e Pensionistas,<MR-4>,220603272.61,3365351,Alagoas
2023,2,AL,RGF-Anexo 01,DespesaComPessoalInativoEPensionistasBruta,Pessoal Inativo e Pensionistas,<MR-3>,220872896.92,3365351,Alagoas
2023,2,AL,RGF-Anexo 01,DespesaComPessoalInativoEPensionistasBruta,Pessoal Inativo e Pensionistas,<MR-2>,221441827.21,3365351,Alagoas
2023,2,AL,RGF-Anexo 01,DespesaComPessoalInativoEPensionistasBruta,Pessoal Inativo e Pensionistas,<MR-1>,221762002.74,3365351,Alagoas
2023,2,AL,RGF-Anexo 01,DespesaComPessoalInativoEPensionistasBruta,Pessoal Inativo e Pensionistas,<MR>,221930300.23,3365351,Alagoas
2023,2,AL,RGF-Anexo 01,DespesaComPessoalInativoEPensionistasBruta,Pessoal Inativo e Pensionistas,TOTAL (ÚLTIMOS 12 MESES) (a),2786880381.3,3365351,Alagoas
2023,2,AL,RGF-Anexo 01,DespesaComPessoalLiquida,DESPESA LÍQUIDA COM PESSOAL (III) = (I - II),<MR-11>,444407889.78,3365351,Alagoas
2023,2,AL,RGF-Anexo 01,DespesaComPessoalLiquida,DESPESA LÍQUIDA COM PESSOAL (III) = (I - II),<MR-10>,441562403.68,3365351,Alagoas
2023,2,AL,RGF-Anexo 01,DespesaComPessoalLiquida,DESPESA LÍQUIDA COM PESSOAL (III) = (I - II),<MR-9>,319575203.22,3365351,Alagoas
2023,2,AL,RGF-Anexo 01,DespesaComPessoalLiquida,DESPESA LÍQUIDA COM PESSOAL (III) = (I - II),<MR-8>,802814547.18,3365351,Alagoas
2023,2,AL,RGF-Anexo 01,DespesaComPessoalLiquida,DESPESA LÍQUIDA COM PESSOAL (III) = (I - II),<MR-7>,437260184.29,3365351,Alagoas
2023,2,AL,RGF-Anexo 01,DespesaComPessoalLiquida,DESPESA LÍQUIDA COM PESSOAL (III) = (I - II),<MR-6>,430452655.25,3365351,Alagoas
2023,2,AL,RGF-Anexo 01,DespesaComPessoalLiquida,DESPESA LÍQUIDA COM PESSOAL (III) = (I - II),<MR-5>,500975272.37,3365351,Alagoas
2023,2,AL,RGF-Anexo 01,DespesaComPessoalLiquida,DESPESA LÍQUIDA COM PESSOAL (III) = (I - II),<MR-4>,478949777.23,3365351,Alagoas
2023,2,AL,RGF-Anexo 01,DespesaComPessoalLiquida,DESPESA LÍQUIDA COM PESSOAL (III) = (I - II),<MR-3>,429952361.36,3365351,Alagoas
2023,2,AL,RGF-Anexo 01,DespesaComPessoalLiquida,DESPESA LÍQUIDA COM PESSOAL (III) = (I - II),<MR-2>,493616611.69,3365351,Alagoas
2023,2,AL,RGF-Anexo 01,DespesaComPessoalLiquida,DESPESA LÍQUIDA COM PESSOAL (III) = (I - II),<MR-1>,482904619.06,3365351,Alagoas
2023,2,AL,RGF-Anexo 01,DespesaComPessoalLiquida,DESPESA LÍQUIDA COM PESSOAL (III) = (I - II),<MR>,475643525.03,3365351,Alagoas
2023,2,AL,RGF-Anexo 01,DespesaComPessoalLiquida,DESPESA LÍQUIDA COM PESSOAL (III) = (I - II),TOTAL (ÚLTIMOS 12 MESES) (a),5738115050.14,3365351,Alagoas
2023,2,AL,RGF-Anexo 01,ReceitaCorrenteLiquidaLimiteLegal,RECEITA CORRENTE LIQUIDA - RCL (IV),Valor,13837064631.78,3365351,Alagoas
2023,2,AL,RGF-Anexo 01,DespesaComPessoalTotal,DESPESA TOTAL COM PESSOAL - DTP (VIII) = (IIIa + IIIb),Valor,5738115050.14,3365351,Alagoas
2023,2,AL,RGF-Anexo 01,DespesaComPessoalTotal,DESPESA TOTAL COM PESSOAL - DTP (VIII) = (IIIa + IIIb),% sobre a RCL Ajustada,41.62,3365351,Alagoas
2023,2,AL,RGF-Anexo 02,DividaConsolidada,DÍVIDA CONSOLIDADA - DC (I),SALDO DO EXERCÍCIO ANTERIOR,10359518124.82,3365351,Alagoas
2023,2,AL,RGF-Anexo 02,DividaConsolidada,DÍVIDA CONSOLIDADA - DC (I),Até o 1º Quadrimestre,10308398396.38,3365351,Alagoas
2023,2,AL,RGF-Anexo 02,DividaConsolidada,DÍVIDA CONSOLIDADA - DC (I),Até o 2º Quadrimestre,10680809967.53,3365351,Alagoas
2023,2,AL,RGF-Anexo 02,DividaContratual,Dívida Contratual,SALDO DO EXERCÍCIO ANTERIOR,10359518124.82,3365351,Alagoas
2023,2,AL,RGF-Anexo 02,DividaContratual,Dívida Contratual,Até o 1º Quadrimestre,10308398396.38,3365351,Alagoas
2023,2,AL,RGF-Anexo 02,DividaContratual,Dívida Contratual,Até o 2º Quadrimestre,10680809967.53,3365351,Alagoas
2023,2,AL,RGF-Anexo 02,DividaConsolidadaLiquida,DÍVIDA CONSOLIDADA LÍQUIDA (DCL) (III) = (I - II),SALDO DO EXERCÍCIO ANTERIOR,7245315323.33,3365351,Alagoas
2023,2,AL,RGF-Anexo 02,DividaConsolidadaLiquida,DÍVIDA CONSOLIDADA LÍQUIDA (DCL) (III) = (I - II),Até o 1º Quadrimestre,7008878102.31,3365351,Alagoas
2023,2,AL,RGF-Anexo 02,DividaConsolidadaLiquida,DÍVIDA CONSOLIDADA LÍQUIDA (DCL) (III) = (I - II),Até o 2º Quadrimestre,7114903539.76,3365351,Alagoas
2023,3,AL,RGF-Anexo 01,DespesaComPessoalBruta,DESPESA BRUTA COM PESSOAL (I),<MR-11>,567569323.45,3365351,Alagoas
2023,3,AL,RGF-Anexo 01,DespesaComPessoalBruta,DESPESA BRUTA COM PESSOAL (I),<MR-10>,496592865.39,3365351,Alagoas
2023,3,AL,RGF-Anexo 01,DespesaComPessoalBruta,DESPESA BRUTA COM PESSOAL (I),<MR-9>,575764324.04,3365351,Alagoas
2023,3,AL,RGF-Anexo 01,DespesaComPessoalBruta,DESPESA BRUTA COM PESSOAL (I),<MR-8>,545886175.98,3365351,Alagoas
2023,3,AL,RGF-Anexo 01,DespesaComPessoalBruta,DESPESA BRUTA COM PESSOAL (I),<MR-7>,497518633.84,3365351,Alagoas
2023,3,AL,RGF-Anexo 01,DespesaComPessoalBruta,DESPESA BRUTA COM PESSOAL (I),<MR-6>,562056145.26,3365351,Alagoas
2023,3,AL,RGF-Anexo 01,DespesaComPessoalBruta,DESPESA BRUTA COM PESSOAL (I),<MR-5>,550104148.43,3365351,Alagoas
2023,3,AL,RGF-Anexo 01,DespesaComPessoalBruta,DESPESA BRUTA COM PESSOAL (I),<MR-4>,543744594.38,3365351,Alagoas
2023,3,AL,RGF-Anexo 01,DespesaComPessoalBruta,DESPESA BRUTA COM PESSOAL (I),<MR-3>,569189824.31,3365351,Alagoas
2023,3,AL,RGF-Anexo 01,DespesaComPessoalBruta,DESPESA BRUTA COM PESSOAL (I),<MR-2>,384181103.96,3365351,Alagoas
2023,3,AL,RGF-Anexo 01,DespesaComPessoalBruta,DESPESA BRUTA COM PESSOAL (I),<MR-1>,516290028.47,3365351,Alagoas
2023,3,AL,RGF-Anexo 01,DespesaComPessoalBruta,DESPESA BRUTA COM PESSOAL (I),<MR>,1322268757.69,3365351,Alagoas
2023,3,AL,RGF-Anexo 01,DespesaComPessoalBruta,DESPESA BRUTA COM PESSOAL (I),TOTAL (ÚLTIMOS 12 MESES) (a),7131165925.2,3365351,Alagoas
2023,3,AL,RGF-Anexo 01,DespesaComPessoalBruta,DESPESA BRUTA COM PESSOAL (I),INSCRITAS EM RESTOS A PAGAR NÃO PROCESSADOS (b),121475547.46,3365351,Alagoas
2023,3,AL,RGF-Anexo 01,DespesaComPessoalAtivoBruta,Pessoal Ativo,<MR-11>,349775809.95,3365351,Alagoas
2023,3,AL,RGF-Anexo 01,DespesaComPessoalAtivoBruta,Pessoal Ativo,<MR-10>,273155971.03,3365351,Alagoas
2023,3,AL,RGF-Anexo 01,DespesaComPessoalAtivoBruta,Pessoal Ativo,<MR-9>,336914177.95,3365351,Alagoas
2023,3,AL,RGF-Anexo 01,DespesaComPessoalAtivoBruta,Pessoal Ativo,<MR-8>,308698143.54,3365351,Alagoas
2023,3,AL,RGF-Anexo 01,DespesaComPessoalAtivoBruta,Pessoal Ativo,<MR-7>,259919790.02,3365351,Alagoas
2023,3,AL,RGF-Anexo 01,DespesaComPessoalAtivoBruta,Pessoal Ativo,<MR-6>,336985593.15,3365351,Alagoas
2023,3,AL,RGF-Anexo 01,DespesaComPessoalAtivoBruta,Pessoal Ativo,<MR-5>,298016374.58,3365351,Alagoas
2023,3,AL,RGF-Anexo 01,DespesaComPessoalAtivoBruta,Pessoal Ativo,<MR-4>,304729657.1,3365351,Alagoas
2023,3,AL,RGF-Anexo 01,DespesaComPessoalAtivoBruta,Pessoal Ativo,<MR-3>,329412197.83,3365351,Alagoas
2023,3,AL,RGF-Anexo 01,DespesaComPessoalAtivoBruta,Pessoal Ativo,<MR-2>,281503844.97,3365351,Alagoas
2023,3,AL,RGF-Anexo 01,DespesaComPessoalAtivoBruta,Pessoal Ativo,<MR-1>,397375216.31,3365351,Alagoas
2023,3,AL,RGF-Anexo 01,DespesaComPessoalAtivoBruta,Pessoal Ativo,<MR>,539269320.6,3365351,Alagoas
2023,3,AL,RGF-Anexo 01,DespesaComPessoalAtivoBruta,Pessoal Ativo,TOTAL (ÚLTIMOS 12 MESES) (a),4015756097.03,3365351,Alagoas
2023,3,AL,RGF-Anexo 01,DespesaComPessoalAtivoBruta,Pessoal Ativo,INSCRITAS EM RESTOS A PAGAR NÃO PROCESSADOS (b),121475547.46,3365351,Alagoas
2023,3,AL,RGF-Anexo 01,DespesaComPessoalInativoEPensionistasBruta,Pessoal Inativo e Pensionistas,<MR-11>,217367413.06,3365351,Alagoas
2023,3,AL,RGF-Anexo 01,DespesaComPessoalInativoEPensionistasBruta,Pessoal Inativo e Pensionistas,<MR-10>,221259854.24,3365351,Alagoas
2023,3,AL,RGF-Anexo 01,DespesaComPessoalInativoEPensionistasBruta,Pessoal Inativo e Pensionistas,<MR-9>,219345456.0,3365351,Alagoas
2023,3,AL,RGF-Anexo 01,DespesaComPessoalInativoEPensionistasBruta,Pessoal Inativo e Pensionistas,<MR-8>,220603272.61,3365351,Alagoas
2023,3,AL,RGF-Anexo 01,DespesaComPessoalInativoEPensionistasBruta,Pessoal Inativo e Pensionistas,<MR-7>,220872896.92,3365351,Alagoas
2023,3,AL,RGF-Anexo 01,DespesaComPessoalInativoEPensionistasBruta,Pessoal Inativo e Pensionistas,<MR-6>,221441827.21,3365351,Alagoas
2023,3,AL,RGF-Anexo 01,DespesaComPessoalInativoEPensionistasBruta,Pessoal Inativo e Pensionistas,<MR-5>,221762002.74,3365351,Alagoas
2023,3,AL,RGF-Anexo 01,DespesaComPessoalInativoEPensionistasBruta,Pessoal Inativo e Pensionistas,<MR-4>,221930300.23,3365351,Alagoas
2023,3,AL,RGF-Anexo 01,DespesaComPessoalInativoEPensionistasBruta,Pessoal Inativo e Pensionistas,<MR-3>,221882007.28,3365351,Alagoas
2023,3,AL,RGF-Anexo 01,DespesaComPessoalInativoEPensionistasBruta,Pessoal Inativo e Pensionistas,<MR-2>,84728648.62,3365351,Alagoas
2023,3,AL,RGF-Anexo 01,DespesaComPessoalInativoEPensionistasBruta,Pessoal Inativo e Pensionistas,<MR-1>,100371943.79,3365351,Alagoas
2023,3,AL,RGF-Anexo 01,DespesaComPessoalInativoEPensionistasBruta,Pessoal Inativo e Pensionistas,<MR>,749916768.43,3365351,Alagoas
2023,3,AL,RGF-Anexo 01,DespesaComPessoalInativoEPensionistasBruta,Pessoal Inativo e Pensionistas,TOTAL (ÚLTIMOS 12 MESES) (a),2921482391.13,3365351,Alagoas
2023,3,AL,RGF-Anexo 01,DespesaComPessoalLiquida,DESPESA LÍQUIDA COM PESSOAL (III) = (I - II),<MR-11>,437260184.29,3365351,Alagoas
2023,3,AL,RGF-Anexo 01,DespesaComPessoalLiquida,DESPESA LÍQUIDA COM PESSOAL (III) = (I - II),<MR-10>,430452655.25,3365351,Alagoas
2023,3,AL,RGF-Anexo 01,DespesaComPessoalLiquida,DESPESA LÍQUIDA COM PESSOAL (III) = (I - II),<MR-9>,500975272.37,3365351,Alagoas
2023,3,AL,RGF-Anexo 01,DespesaComPessoalLiquida,DESPESA LÍQUIDA COM PESSOAL (III) = (I - II),<MR-8>,478949777.23,3365351,Alagoas
2023,3,AL,RGF-Anexo 01,DespesaComPessoalLiquida,DESPESA LÍQUIDA COM PESSOAL (III) = (I - II),<MR-7>,429952361.36,3365351,Alagoas
2023,3,AL,RGF-Anexo 01,DespesaComPessoalLiquida,DESPESA LÍQUIDA COM PESSOAL (III) = (I - II),<MR-6>,493616611.69,3365351,Alagoas
2023,3,AL,RGF-Anexo 01,DespesaComPessoalLiquida,DESPESA LÍQUIDA COM PESSOAL (III) = (I - II),<MR-5>,482904619.06,3365351,Alagoas
2023,3,AL,RGF-Anexo 01,DespesaComPessoalLiquida,DESPESA LÍQUIDA COM PESSOAL (III) = (I - II),<MR-4>,475643525.03,3365351,Alagoas
2023,3,AL,RGF-Anexo 01,DespesaComPessoalLiquida,DESPESA LÍQUIDA COM PESSOAL (III) = (I - II),<MR-3>,497042990.31,3365351,Alagoas
2023,3,AL,RGF-Anexo 01,DespesaComPessoalLiquida,DESPESA LÍQUIDA COM PESSOAL (III) = (I - II),<MR-2>,313286799.54,3365351,Alagoas
2023,3,AL,RGF-Anexo 01,DespesaComPessoalLiquida,DESPESA LÍQUIDA COM PESSOAL (III) = (I - II),<MR-1>,443879880.08,3365351,Alagoas
2023,3,AL,RGF-Anexo 01,DespesaComPessoalLiquida,DESPESA LÍQUIDA COM PESSOAL (III) = (I - II),<MR>,1153527723.26,3365351,Alagoas
2023,3,AL,RGF-Anexo 01,DespesaComPessoalLiquida,DESPESA LÍQUIDA COM PESSOAL (III) = (I - II),TOTAL (ÚLTIMOS 12 MESES) (a),6137492399.47,3365351,Alagoas
2023,3,AL,RGF-Anexo 01,DespesaComPessoalLiquida,DESPESA LÍQUIDA COM PESSOAL (III) = (I - II),INSCRITAS EM RESTOS A PAGAR NÃO PROCESSADOS (b),39564014.36,3365351,Alagoas
2023,3,AL,RGF-Anexo 01,ReceitaCorrenteLiquidaLimiteLegal,RECEITA CORRENTE LIQUIDA - RCL (IV),Valor,14465051819.55,3365351,Alagoas
2023,3,AL,RGF-Anexo 01,DespesaComPessoalTotal,DESPESA TOTAL COM PESSOAL - DTP (VIII) = (IIIa + IIIb),Valor,6177056413.83,3365351,Alagoas
2023,3,AL,RGF-Anexo 01,DespesaComPessoalTotal,DESPESA TOTAL COM PESSOAL - DTP (VIII) = (IIIa + IIIb),% sobre a RCL Ajustada,43.01,3365351,Alagoas
2023,3,AL,RGF-Anexo 02,DividaConsolidada,DÍVIDA CONSOLIDADA - DC (I),SALDO DO EXERCÍCIO ANTERIOR,11647507757.57,3365351,Alagoas
2023,3,AL,RGF-Anexo 02,DividaConsolidada,DÍVIDA CONSOLIDADA - DC (I),Até o 1º Quadrimestre,11651143101.45,3365351,Alagoas
2023,3,AL,RGF-Anexo 02,DividaConsolidada,DÍVIDA CONSOLIDADA - DC (I),Até o 2º Quadrimestre,12082059414.32,3365351,Alagoas
2023,3,AL,RGF-Anexo 02,DividaConsolidada,DÍVIDA CONSOLIDADA - DC (I),Até o 3º Quadrimestre,12996842336.01,3365351,Alagoas
2023,3,AL,RGF-Anexo 02,DividaContratual,Dívida Contratual,SALDO DO EXERCÍCIO ANTERIOR,11647507757.57,3365351,Alagoas
2023,3,AL,RGF-Anexo 02,DividaContratual,Dívida Contratual,Até o 1º Quadrimestre,11651143101.45,3365351,Alagoas
2023,3,AL,RGF-Anexo 02,DividaContratual,Dívida Contratual,Até o 2º Quadrimestre,12082059414.32,3365351,Alagoas
2023,3,AL,RGF-Anexo 02,DividaContratual,Dívida Contratual,Até o 3º Quadrimestre,12996842336.01,3365351,Alagoas
2023,3,AL,RGF-Anexo 02,DividaConsolidadaLiquida,DÍVIDA CONSOLIDADA LÍQUIDA (DCL) (III) = (I - II),SALDO DO EXERCÍCIO ANTERIOR,8940683840.54,3365351,Alagoas
2023,3,AL,RGF-Anexo 02,DividaConsolidadaLiquida,DÍVIDA CONSOLIDADA LÍQUIDA (DCL) (III) = (I - II),Até o 1º Quadrimestre,8759001691.84,3365351,Alagoas
2023,3,AL,RGF-Anexo 02,DividaConsolidadaLiquida,DÍVIDA CONSOLIDADA LÍQUIDA (DCL) (III) = (I - II),Até o 2º Quadrimestre,8923531871.01,3365351,Alagoas
2023,3,AL,RGF-Anexo 02,DividaConsolidadaLiquida,DÍVIDA CONSOLIDADA LÍQUIDA (DCL) (III) = (I - II),Até o 3º Quadrimestre,10136310099.65,3365351,Alagoas
2024,1,AL,RGF-Anexo 01,DespesaComPessoalBruta,DESPESA BRUTA COM PESSOAL (I),<MR-11>,497518633.84,3125254,Alagoas
2024,1,AL,RGF-Anexo 01,DespesaComPessoalBruta,DESPESA BRUTA COM PESSOAL (I),<MR-10>,562056145.26,3125254,Alagoas
2024,1,AL,RGF-Anexo 01,DespesaComPessoalBruta,DESPESA BRUTA COM PESSOAL (I),<MR-9>,550104148.43,3125254,Alagoas
2024,1,AL,RGF-Anexo 01,DespesaComPessoalBruta,DESPESA BRUTA COM PESSOAL (I),<MR-8>,543744594.38,3125254,Alagoas
2024,1,AL,RGF-Anexo 01,DespesaComPessoalBruta,DESPESA BRUTA COM PESSOAL (I),<MR-7>,569189824.31,3125254,Alagoas
2024,1,AL,RGF-Anexo 01,DespesaComPessoalBruta,DESPESA BRUTA COM PESSOAL (I),<MR-6>,384181103.96,3125254,Alagoas
2024,1,AL,RGF-Anexo 01,DespesaComPessoalBruta,DESPESA BRUTA COM PESSOAL (I),<MR-5>,516290028.47,3125254,Alagoas
2024,1,AL,RGF-Anexo 01,DespesaComPessoalBruta,DESPESA BRUTA COM PESSOAL (I),<MR-4>,1322268757.69,3125254,Alagoas
2024,1,AL,RGF-Anexo 01,DespesaComPessoalBruta,DESPESA BRUTA COM PESSOAL (I),<MR-3>,570563762.77,3125254,Alagoas
2024,1,AL,RGF-Anexo 01,DespesaComPessoalBruta,DESPESA BRUTA COM PESSOAL (I),<MR-2>,536725195.56,3125254,Alagoas
2024,1,AL,RGF-Anexo 01,DespesaComPessoalBruta,DESPESA BRUTA COM PESSOAL (I),<MR-1>,687837362.26,3125254,Alagoas
2024,1,AL,RGF-Anexo 01,DespesaComPessoalBruta,DESPESA BRUTA COM PESSOAL (I),<MR>,603733108.45,3125254,Alagoas
2024,1,AL,RGF-Anexo 01,DespesaComPessoalBruta,DESPESA BRUTA COM PESSOAL (I),TOTAL (ÚLTIMOS 12 MESES) (a),7344212665.38,3125254,Alagoas
2024,1,AL,RGF-Anexo 01,DespesaComPessoalAtivoBruta,Pessoal Ativo,<MR-11>,259919790.02,3125254,Alagoas
2024,1,AL,RGF-Anexo 01,DespesaComPessoalAtivoBruta,Pessoal Ativo,<MR-10>,336985593.15,3125254,Alagoas
2024,1,AL,RGF-Anexo 01,DespesaComPessoalAtivoBruta,Pessoal Ativo,<MR-9>,298016374.58,3125254,Alagoas
2024,1,AL,RGF-Anexo 01,DespesaComPessoalAtivoBruta,Pessoal Ativo,<MR-8>,304729657.1,3125254,Alagoas
2024,1,AL,RGF-Anexo 01,DespesaComPessoalAtivoBruta,Pessoal Ativo,<MR-7>,329412197.83,3125254,Alagoas
2024,1,AL,RGF-Anexo 01,DespesaComPessoalAtivoBruta,Pessoal Ativo,<MR-6>,281503844.97,3125254,Alagoas
2024,1,AL,RGF-Anexo 01,DespesaComPessoalAtivoBruta,Pessoal Ativo,<MR-5>,397375216.31,3125254,Alagoas
2024,1,AL,RGF-Anexo 01,DespesaComPessoalAtivoBruta,Pessoal Ativo,<MR-4>,539269320.6,3125254,Alagoas
2024,1,AL,RGF-Anexo 01,DespesaComPessoalAtivoBruta,Pessoal Ativo,<MR-3>,314855474.15,3125254,Alagoas
2024,1,AL,RGF-Anexo 01,DespesaComPessoalAtivoBruta,Pessoal Ativo,<MR-2>,275922310.9,3125254,Alagoas
2024,1,AL,RGF-Anexo 01,DespesaComPessoalAtivoBruta,Pessoal Ativo,<MR-1>,415584025.8,3125254,Alagoas
2024,1,AL,RGF-Anexo 01,DespesaComPessoalAtivoBruta,Pessoal Ativo,<MR>,336405739.54,3125254,Alagoas
2024,1,AL,RGF-Anexo 01,DespesaComPessoalAtivoBruta,Pessoal Ativo,TOTAL (ÚLTIMOS 12 MESES) (a),4089979544.95,3125254,Alagoas
2024,1,AL,RGF-Anexo 01,DespesaComPessoalInativoEPensionistasBruta,Pessoal Inativo e Pensionistas,<MR-11>,220872896.92,3125254,Alagoas
2024,1,AL,RGF-Anexo 01,DespesaComPessoalInativoEPensionistasBruta,Pessoal Inativo e Pensionistas,<MR-10>,221441827.21,3125254,Alagoas
2024,1,AL,RGF-Anexo 01,DespesaComPessoalInativoEPensionistasBruta,Pessoal Inativo e Pensionistas,<MR-9>,221762002.74,3125254,Alagoas
2024,1,AL,RGF-Anexo 01,DespesaComPessoalInativoEPensionistasBruta,Pessoal Inativo e Pensionistas,<MR-8>,221930300.23,3125254,Alagoas
2024,1,AL,RGF-Anexo 01,DespesaComPessoalInativoEPensionistasBruta,Pessoal Inativo e Pensionistas,<MR-7>,221882007.28,3125254,Alagoas
2024,1,AL,RGF-Anexo 01,DespesaComPessoalInativoEPensionistasBruta,Pessoal Inativo e Pensionistas,<MR-6>,84728648.62,3125254,Alagoas
2024,1,AL,RGF-Anexo 01,DespesaComPessoalInativoEPensionistasBruta,Pessoal Inativo e Pensionistas,<MR-5>,100371943.79,3125254,Alagoas
2024,1,AL,RGF-Anexo 01,DespesaComPessoalInativoEPensionistasBruta,Pessoal Inativo e Pensionistas,<MR-4>,749916768.43,3125254,Alagoas
2024,1,AL,RGF-Anexo 01,DespesaComPessoalInativoEPensionistasBruta,Pessoal Inativo e Pensionistas,<MR-3>,237860544.24,3125254,Alagoas
2024,1,AL,RGF-Anexo 01,DespesaComPessoalInativoEPensionistasBruta,Pessoal Inativo e Pensionistas,<MR-2>,243607459.5,3125254,Alagoas
2024,1,AL,RGF-Anexo 01,DespesaComPessoalInativoEPensionistasBruta,Pessoal Inativo e Pensionistas,<MR-1>,251166160.39,3125254,Alagoas
2024,1,AL,RGF-Anexo 01,DespesaComPessoalInativoEPensionistasBruta,Pessoal Inativo e Pensionistas,<MR>,248880304.97,3125254,Alagoas
2024,1,AL,RGF-Anexo 01,DespesaComPessoalInativoEPensionistasBruta,Pessoal Inativo e Pensionistas,TOTAL (ÚLTIMOS 12 MESES) (a),3024420864.32,3125254,Alagoas
2024,1,AL,RGF-Anexo 01,DespesaComPessoalLiquida,DESPESA LÍQUIDA COM PESSOAL (III) = (I - II),<MR-11>,429952361.36,3125254,Alagoas
2024,1,AL,RGF-Anexo 01,DespesaComPessoalLiquida,DESPESA LÍQUIDA COM PESSOAL (III) = (I - II),<MR-10>,493616611.69,3125254,Alagoas
2024,1,AL,RGF-Anexo 01,DespesaComPessoalLiquida,DESPESA LÍQUIDA COM PESSOAL (III) = (I - II),<MR-9>,482904619.06,3125254,Alagoas
2024,1,AL,RGF-Anexo 01,DespesaComPessoalLiquida,DESPESA LÍQUIDA COM PESSOAL (III) = (I - II),<MR-8>,475643525.03,3125254,Alagoas
2024,1,AL,RGF-Anexo 01,DespesaComPessoalLiquida,DESPESA LÍQUIDA COM PESSOAL (III) = (I - II),<MR-7>,497042990.31,3125254,Alagoas
2024,1,AL,RGF-Anexo 01,DespesaComPessoalLiquida,DESPESA LÍQUIDA COM PESSOAL (III) = (I - II),<MR-6>,313286799.54,3125254,Alagoas
2024,1,AL,RGF-Anexo 01,DespesaComPessoalLiquida,DESPESA LÍQUIDA COM PESSOAL (III) = (I - II),<MR-5>,443879880.08,3125254,Alagoas
2024,1,AL,RGF-Anexo 01,DespesaComPessoalLiquida,DESPESA LÍQUIDA COM PESSOAL (III) = (I - II),<MR-4>,1153527723.26,3125254,Alagoas
2024,1,AL,RGF-Anexo 01,DespesaComPessoalLiquida,DESPESA LÍQUIDA COM PESSOAL (III) = (I - II),<MR-3>,498875332.48,3125254,Alagoas
2024,1,AL,RGF-Anexo 01,DespesaComPessoalLiquida,DESPESA LÍQUIDA COM PESSOAL (III) = (I - II),<MR-2>,464301996.54,3125254,Alagoas
2024,1,AL,RGF-Anexo 01,DespesaComPessoalLiquida,DESPESA LÍQUIDA COM PESSOAL (III) = (I - II),<MR-1>,611884570.29,3125254,Alagoas
2024,1,AL,RGF-Anexo 01,DespesaComPessoalLiquida,DESPESA LÍQUIDA COM PESSOAL (III) = (I - II),<MR>,530345698.68,3125254,Alagoas
2024,1,AL,RGF-Anexo 01,DespesaComPessoalLiquida,DESPESA LÍQUIDA COM PESSOAL (III) = (I - II),TOTAL (ÚLTIMOS 12 MESES) (a),6395262108.32,3125254,Alagoas
2024,1,AL,RGF-Anexo 01,ReceitaCorrenteLiquidaLimiteLegal,RECEITA CORRENTE LIQUIDA - RCL (IV),Valor,15668054029.36,3125254,Alagoas
2024,1,AL,RGF-Anexo 01,DespesaComPessoalTotal,DESPESA TOTAL COM PESSOAL - DTP (VI) = (IIIa + IIIb),Valor,6395262108.32,3125254,Alagoas
2024,1,AL,RGF-Anexo 01,DespesaComPessoalTotal,DESPESA TOTAL COM PESSOAL - DTP (VI) = (IIIa + IIIb),% sobre a RCL Ajustada,41.07,3125254,Alagoas
2024,1,AL,RGF-Anexo 02,DividaConsolidada,DÍVIDA CONSOLIDADA - DC (I),SALDO DO EXERCÍCIO ANTERIOR,12996842336.01,3125254,Alagoas
2024,1,AL,RGF-Anexo 02,DividaConsolidada,DÍVIDA CONSOLIDADA - DC (I),Até o 1º Quadrimestre,13401237431.57,3125254,Alagoas
2024,1,AL,RGF-Anexo 02,DividaContratual,Dívida Contratual,SALDO DO EXERCÍCIO ANTERIOR,12996842336.01,3125254,Alagoas
2024,1,AL,RGF-Anexo 02,DividaContratual,Dívida Contratual,Até o 1º Quadrimestre,13401237431.57,3125254,Alagoas
2024,1,AL,RGF-Anexo 02,DividaConsolidadaLiquida,DÍVIDA CONSOLIDADA LÍQUIDA (DCL) (III) = (I - II),SALDO DO EXERCÍCIO ANTERIOR,10136310099.65,3125254,Alagoas
2024,1,AL,RGF-Anexo 02,DividaConsolidadaLiquida,DÍVIDA CONSOLIDADA LÍQUIDA (DCL) (III) = (I - II),Até o 1º Quadrimestre,11165915982.02,3125254,Alagoas
2024,2,AL,RGF-Anexo 01,DespesaComPessoalBruta,DESPESA BRUTA COM PESSOAL (I),<MR-11>,569189824.31,3125254,Alagoas
2024,2,AL,RGF-Anexo 01,DespesaComPessoalBruta,DESPESA BRUTA COM PESSOAL (I),<MR-10>,384181103.96,3125254,Alagoas
2024,2,AL,RGF-Anexo 01,DespesaComPessoalBruta,DESPESA BRUTA COM PESSOAL (I),<MR-9>,516290028.47,3125254,Alagoas
2024,2,AL,RGF-Anexo 01,DespesaComPessoalBruta,DESPESA BRUTA COM PESSOAL (I),<MR-8>,1322268757.69,3125254,Alagoas
2024,2,AL,RGF-Anexo 01,DespesaComPessoalBruta,DESPESA BRUTA COM PESSOAL (I),<MR-7>,570563762.77,3125254,Alagoas
2024,2,AL,RGF-Anexo 01,DespesaComPessoalBruta,DESPESA BRUTA COM PESSOAL (I),<MR-6>,536725195.56,3125254,Alagoas
2024,2,AL,RGF-Anexo 01,DespesaComPessoalBruta,DESPESA BRUTA COM PESSOAL (I),<MR-5>,687837362.26,3125254,Alagoas
2024,2,AL,RGF-Anexo 01,DespesaComPessoalBruta,DESPESA BRUTA COM PESSOAL (I),<MR-4>,603733108.45,3125254,Alagoas
2024,2,AL,RGF-Anexo 01,DespesaComPessoalBruta,DESPESA BRUTA COM PESSOAL (I),<MR-3>,625542044.32,3125254,Alagoas
2024,2,AL,RGF-Anexo 01,DespesaComPessoalBruta,DESPESA BRUTA COM PESSOAL (I),<MR-2>,677373635.63,3125254,Alagoas
2024,2,AL,RGF-Anexo 01,DespesaComPessoalBruta,DESPESA BRUTA COM PESSOAL (I),<MR-1>,630676116.14,3125254,Alagoas
2024,2,AL,RGF-Anexo 01,DespesaComPessoalBruta,DESPESA BRUTA COM PESSOAL (I),<MR>,614224909.44,3125254,Alagoas
2024,2,AL,RGF-Anexo 01,DespesaComPessoalBruta,DESPESA BRUTA COM PESSOAL (I),TOTAL (ÚLTIMOS 12 MESES) (a),7738605849.0,3125254,Alagoas
2024,2,AL,RGF-Anexo 01,DespesaComPessoalAtivoBruta,Pessoal Ativo,<MR-11>,329412197.83,3125254,Alagoas
2024,2,AL,RGF-Anexo 01,DespesaComPessoalAtivoBruta,Pessoal Ativo,<MR-10>,281503844.97,3125254,Alagoas
2024,2,AL,RGF-Anexo 01,DespesaComPessoalAtivoBruta,Pessoal Ativo,<MR-9>,397375216.31,3125254,Alagoas
2024,2,AL,RGF-Anexo 01,DespesaComPessoalAtivoBruta,Pessoal Ativo,<MR-8>,539269320.6,3125254,Alagoas
2024,2,AL,RGF-Anexo 01,DespesaComPessoalAtivoBruta,Pessoal Ativo,<MR-7>,314855474.15,3125254,Alagoas
2024,2,AL,RGF-Anexo 01,DespesaComPessoalAtivoBruta,Pessoal Ativo,<MR-6>,275922310.9,3125254,Alagoas
2024,2,AL,RGF-Anexo 01,DespesaComPessoalAtivoBruta,Pessoal Ativo,<MR-5>,415584025.8,3125254,Alagoas
2024,2,AL,RGF-Anexo 01,DespesaComPessoalAtivoBruta,Pessoal Ativo,<MR-4>,336405739.54,3125254,Alagoas
2024,2,AL,RGF-Anexo 01,DespesaComPessoalAtivoBruta,Pessoal Ativo,<MR-3>,352886013.73,3125254,Alagoas
2024,2,AL,RGF-Anexo 01,DespesaComPessoalAtivoBruta,Pessoal Ativo,<MR-2>,393362092.39,3125254,Alagoas
2024,2,AL,RGF-Anexo 01,DespesaComPessoalAtivoBruta,Pessoal Ativo,<MR-1>,355128176.95,3125254,Alagoas
2024,2,AL,RGF-Anexo 01,DespesaComPessoalAtivoBruta,Pessoal Ativo,<MR>,352964975.28,3125254,Alagoas
2024,2,AL,RGF-Anexo 01,DespesaComPessoalAtivoBruta,Pessoal Ativo,TOTAL (ÚLTIMOS 12 MESES) (a),4344669388.45,3125254,Alagoas
2024,2,AL,RGF-Anexo 01,DespesaComPessoalInativoEPensionistasBruta,Pessoal Inativo e Pensionistas,<MR-11>,221882007.28,3125254,Alagoas
2024,2,AL,RGF-Anexo 01,DespesaComPessoalInativoEPensionistasBruta,Pessoal Inativo e Pensionistas,<MR-10>,84728648.62,3125254,Alagoas
2024,2,AL,RGF-Anexo 01,DespesaComPessoalInativoEPensionistasBruta,Pessoal Inativo e Pensionistas,<MR-9>,100371943.79,3125254,Alagoas
2024,2,AL,RGF-Anexo 01,DespesaComPessoalInativoEPensionistasBruta,Pessoal Inativo e Pensionistas,<MR-8>,749916768.43,3125254,Alagoas
2024,2,AL,RGF-Anexo 01,DespesaComPessoalInativoEPensionistasBruta,Pessoal Inativo e Pensionistas,<MR-7>,237860544.24,3125254,Alagoas
2024,2,AL,RGF-Anexo 01,DespesaComPessoalInativoEPensionistasBruta,Pessoal Inativo e Pensionistas,<MR-6>,243607459.5,3125254,Alagoas
2024,2,AL,RGF-Anexo 01,DespesaComPessoalInativoEPensionistasBruta,Pessoal Inativo e Pensionistas,<MR-5>,251166160.39,3125254,Alagoas
2024,2,AL,RGF-Anexo 01,DespesaComPessoalInativoEPensionistasBruta,Pessoal Inativo e Pensionistas,<MR-4>,248880304.97,3125254,Alagoas
2024,2,AL,RGF-Anexo 01,DespesaComPessoalInativoEPensionistasBruta,Pessoal Inativo e Pensionistas,<MR-3>,253459616.48,3125254,Alagoas
2024,2,AL,RGF-Anexo 01,DespesaComPessoalInativoEPensionistasBruta,Pessoal Inativo e Pensionistas,<MR-2>,264999433.43,3125254,Alagoas
2024,2,AL,RGF-Anexo 01,DespesaComPessoalInativoEPensionistasBruta,Pessoal Inativo e Pensionistas,<MR-1>,245874111.39,3125254,Alagoas
2024,2,AL,RGF-Anexo 01,DespesaComPessoalInativoEPensionistasBruta,Pessoal Inativo e Pensionistas,<MR>,261178186.73,3125254,Alagoas
2024,2,AL,RGF-Anexo 01,DespesaComPessoalInativoEPensionistasBruta,Pessoal Inativo e Pensionistas,TOTAL (ÚLTIMOS 12 MESES) (a),3163925185.25,3125254,Alagoas
2024,2,AL,RGF-Anexo 01,DespesaComPessoalLiquida,DESPESA LÍQUIDA COM PESSOAL (III) = (I - II),<MR-11>,497042990.31,3125254,Alagoas
2024,2,AL,RGF-Anexo 01,DespesaComPessoalLiquida,DESPESA LÍQUIDA COM PESSOAL (III) = (I - II),<MR-10>,313286799.54,3125254,Alagoas
2024,2,AL,RGF-Anexo 01,DespesaComPessoalLiquida,DESPESA LÍQUIDA COM PESSOAL (III) = (I - II),<MR-9>,443879880.08,3125254,Alagoas
2024,2,AL,RGF-Anexo 01,DespesaComPessoalLiquida,DESPESA LÍQUIDA COM PESSOAL (III) = (I - II),<MR-8>,1153527723.26,3125254,Alagoas
2024,2,AL,RGF-Anexo 01,DespesaComPessoalLiquida,DESPESA LÍQUIDA COM PESSOAL (III) = (I - II),<MR-7>,498875332.48,3125254,Alagoas
2024,2,AL,RGF-Anexo 01,DespesaComPessoalLiquida,DESPESA LÍQUIDA COM PESSOAL (III) = (I - II),<MR-6>,464301996.54,3125254,Alagoas
2024,2,AL,RGF-Anexo 01,DespesaComPessoalLiquida,DESPESA LÍQUIDA COM PESSOAL (III) = (I - II),<MR-5>,611884570.29,3125254,Alagoas
2024,2,AL,RGF-Anexo 01,DespesaComPessoalLiquida,DESPESA LÍQUIDA COM PESSOAL (III) = (I - II),<MR-4>,530345698.68,3125254,Alagoas
2024,2,AL,RGF-Anexo 01,DespesaComPessoalLiquida,DESPESA LÍQUIDA COM PESSOAL (III) = (I - II),<MR-3>,551388618.06,3125254,Alagoas
2024,2,AL,RGF-Anexo 01,DespesaComPessoalLiquida,DESPESA LÍQUIDA COM PESSOAL (III) = (I - II),<MR-2>,576407122.94,3125254,Alagoas
2024,2,AL,RGF-Anexo 01,DespesaComPessoalLiquida,DESPESA LÍQUIDA COM PESSOAL (III) = (I - II),<MR-1>,551669813.2,3125254,Alagoas
2024,2,AL,RGF-Anexo 01,DespesaComPessoalLiquida,DESPESA LÍQUIDA COM PESSOAL (III) = (I - II),<MR>,535421141.53,3125254,Alagoas
2024,2,AL,RGF-Anexo 01,DespesaComPessoalLiquida,DESPESA LÍQUIDA COM PESSOAL (III) = (I - II),TOTAL (ÚLTIMOS 12 MESES) (a),6728031686.91,3125254,Alagoas
2024,2,AL,RGF-Anexo 01,ReceitaCorrenteLiquidaLimiteLegal,RECEITA CORRENTE LIQUIDA - RCL (IV),Valor,16493800228.45,3125254,Alagoas
2024,2,AL,RGF-Anexo 01,DespesaComPessoalTotal,DESPESA TOTAL COM PESSOAL - DTP (VI) = (IIIa + IIIb),Valor,6728031686.91,3125254,Alagoas
2024,2,AL,RGF-Anexo 01,DespesaComPessoalTotal,DESPESA TOTAL COM PESSOAL - DTP (VI) = (IIIa + IIIb),% sobre a RCL Ajustada,41.13,3125254,Alagoas
2024,2,AL,RGF-Anexo 02,DividaConsolidada,DÍVIDA CONSOLIDADA - DC (I),SALDO DO EXERCÍCIO ANTERIOR,12996842336.01,3125254,Alagoas
2024,2,AL,RGF-Anexo 02,DividaConsolidada,DÍVIDA CONSOLIDADA - DC (I),Até o 1º Quadrimestre,13401237431.57,3125254,Alagoas
2024,2,AL,RGF-Anexo 02,DividaConsolidada,DÍVIDA CONSOLIDADA - DC (I),Até o 2º Quadrimestre,13586307890.03,3125254,Alagoas
2024,2,AL,RGF-Anexo 02,DividaContratual,Dívida Contratual,SALDO DO EXERCÍCIO ANTERIOR,12996842336.01,3125254,Alagoas
2024,2,AL,RGF-Anexo 02,DividaContratual,Dívida Contratual,Até o 1º Quadrimestre,13401237431.57,3125254,Alagoas
2024,2,AL,RGF-Anexo 02,DividaContratual,Dívida Contratual,Até o 2º Quadrimestre,13586307890.03,3125254,Alagoas
2024,2,AL,RGF-Anexo 02,DividaConsolidadaLiquida,DÍVIDA CONSOLIDADA LÍQUIDA (DCL) (III) = (I - II),SALDO DO EXERCÍCIO ANTERIOR,10136310099.65,3125254,Alagoas
2024,2,AL,RGF-Anexo 02,DividaConsolidadaLiquida,DÍVIDA CONSOLIDADA LÍQUIDA (DCL) (III) = (I - II),Até o 1º Quadrimestre,11165915982.02,3125254,Alagoas
2024,2,AL,RGF-Anexo 02,DividaConsolidadaLiquida,DÍVIDA CONSOLIDADA LÍQUIDA (DCL) (III) = (I - II),Até o 2º Quadrimestre,11405379817.64,3125254,Alagoas
2024,3,AL,RGF-Anexo 01,DespesaComPessoalBruta,DESPESA BRUTA COM PESSOAL (I),<MR-11>,570563762.77,3125254,Alagoas
2024,3,AL,RGF-Anexo 01,DespesaComPessoalBruta,DESPESA BRUTA COM PESSOAL (I),<MR-10>,536725195.56,3125254,Alagoas
2024,3,AL,RGF-Anexo 01,DespesaComPessoalBruta,DESPESA BRUTA COM PESSOAL (I),<MR-9>,687837362.26,3125254,Alagoas
2024,3,AL,RGF-Anexo 01,DespesaComPessoalBruta,DESPESA BRUTA COM PESSOAL (I),<MR-8>,603733108.45,3125254,Alagoas
2024,3,AL,RGF-Anexo 01,DespesaComPessoalBruta,DESPESA BRUTA COM PESSOAL (I),<MR-7>,625542044.32,3125254,Alagoas
2024,3,AL,RGF-Anexo 01,DespesaComPessoalBruta,DESPESA BRUTA COM PESSOAL (I),<MR-6>,677373635.63,3125254,Alagoas
2024,3,AL,RGF-Anexo 01,DespesaComPessoalBruta,DESPESA BRUTA COM PESSOAL (I),<MR-5>,630676116.14,3125254,Alagoas
2024,3,AL,RGF-Anexo 01,DespesaComPessoalBruta,DESPESA BRUTA COM PESSOAL (I),<MR-4>,614224909.44,3125254,Alagoas
2024,3,AL,RGF-Anexo 01,DespesaComPessoalBruta,DESPESA BRUTA COM PESSOAL (I),<MR-3>,826750571.33,3125254,Alagoas
2024,3,AL,RGF-Anexo 01,DespesaComPessoalBruta,DESPESA BRUTA COM PESSOAL (I),<MR-2>,466851076.58,3125254,Alagoas
2024,3,AL,RGF-Anexo 01,DespesaComPessoalBruta,DESPESA BRUTA COM PESSOAL (I),<MR-1>,205969098.44,3125254,Alagoas
2024,3,AL,RGF-Anexo 01,DespesaComPessoalBruta,DESPESA BRUTA COM PESSOAL (I),<MR>,696525762.84,3125254,Alagoas
2024,3,AL,RGF-Anexo 01,DespesaComPessoalBruta,DESPESA BRUTA COM PESSOAL (I),TOTAL (ÚLTIMOS 12 MESES) (a),7142772643.76,3125254,Alagoas
2024,3,AL,RGF-Anexo 01,DespesaComPessoalBruta,DESPESA BRUTA COM PESSOAL (I),INSCRITAS EM RESTOS A PAGAR NÃO PROCESSADOS (b),309035644.29,3125254,Alagoas
2024,3,AL,RGF-Anexo 01,DespesaComPessoalAtivoBruta,Pessoal Ativo,<MR-11>,314855474.15,3125254,Alagoas
2024,3,AL,RGF-Anexo 01,DespesaComPessoalAtivoBruta,Pessoal Ativo,<MR-10>,275922310.9,3125254,Alagoas
2024,3,AL,RGF-Anexo 01,DespesaComPessoalAtivoBruta,Pessoal Ativo,<MR-9>,415584025.8,3125254,Alagoas
2024,3,AL,RGF-Anexo 01,DespesaComPessoalAtivoBruta,Pessoal Ativo,<MR-8>,336405739.54,3125254,Alagoas
2024,3,AL,RGF-Anexo 01,DespesaComPessoalAtivoBruta,Pessoal Ativo,<MR-7>,352886013.73,3125254,Alagoas
2024,3,AL,RGF-Anexo 01,DespesaComPessoalAtivoBruta,Pessoal Ativo,<MR-6>,393362092.39,3125254,Alagoas
2024,3,AL,RGF-Anexo 01,DespesaComPessoalAtivoBruta,Pessoal Ativo,<MR-5>,355128176.95,3125254,Alagoas
2024,3,AL,RGF-Anexo 01,DespesaComPessoalAtivoBruta,Pessoal Ativo,<MR-4>,352964975.28,3125254,Alagoas
2024,3,AL,RGF-Anexo 01,DespesaComPessoalAtivoBruta,Pessoal Ativo,<MR-3>,537138981.67,3125254,Alagoas
2024,3,AL,RGF-Anexo 01,DespesaComPessoalAtivoBruta,Pessoal Ativo,<MR-2>,363926889.78,3125254,Alagoas
2024,3,AL,RGF-Anexo 01,DespesaComPessoalAtivoBruta,Pessoal Ativo,<MR-1>,202316999.85,3125254,Alagoas
2024,3,AL,RGF-Anexo 01,DespesaComPessoalAtivoBruta,Pessoal Ativo,<MR>,341099987.62,3125254,Alagoas
2024,3,AL,RGF-Anexo 01,DespesaComPessoalAtivoBruta,Pessoal Ativo,TOTAL (ÚLTIMOS 12 MESES) (a),4241591667.66,3125254,Alagoas
2024,3,AL,RGF-Anexo 01,DespesaComPessoalAtivoBruta,Pessoal Ativo,INSCRITAS EM RESTOS A PAGAR NÃO PROCESSADOS (b),255035644.29,3125254,Alagoas
2024,3,AL,RGF-Anexo 01,DespesaComPessoalInativoEPensionistasBruta,Pessoal Inativo e Pensionistas,<MR-11>,237860544.24,3125254,Alagoas
2024,3,AL,RGF-Anexo 01,DespesaComPessoalInativoEPensionistasBruta,Pessoal Inativo e Pensionistas,<MR-10>,243607459.5,3125254,Alagoas
2024,3,AL,RGF-Anexo 01,DespesaComPessoalInativoEPensionistasBruta,Pessoal Inativo e Pensionistas,<MR-9>,251166160.39,3125254,Alagoas
2024,3,AL,RGF-Anexo 01,DespesaComPessoalInativoEPensionistasBruta,Pessoal Inativo e Pensionistas,<MR-8>,248880304.97,3125254,Alagoas
2024,3,AL,RGF-Anexo 01,DespesaComPessoalInativoEPensionistasBruta,Pessoal Inativo e Pensionistas,<MR-7>,253459616.48,3125254,Alagoas
2024,3,AL,RGF-Anexo 01,DespesaComPessoalInativoEPensionistasBruta,Pessoal Inativo e Pensionistas,<MR-6>,264999433.43,3125254,Alagoas
2024,3,AL,RGF-Anexo 01,DespesaComPessoalInativoEPensionistasBruta,Pessoal Inativo e Pensionistas,<MR-5>,245874111.39,3125254,Alagoas
2024,3,AL,RGF-Anexo 01,DespesaComPessoalInativoEPensionistasBruta,Pessoal Inativo e Pensionistas,<MR-4>,261178186.73,3125254,Alagoas
2024,3,AL,RGF-Anexo 01,DespesaComPessoalInativoEPensionistasBruta,Pessoal Inativo e Pensionistas,<MR-3>,251274351.88,3125254,Alagoas
2024,3,AL,RGF-Anexo 01,DespesaComPessoalInativoEPensionistasBruta,Pessoal Inativo e Pensionistas,<MR-2>,102466453.44,3125254,Alagoas
2024,3,AL,RGF-Anexo 01,DespesaComPessoalInativoEPensionistasBruta,Pessoal Inativo e Pensionistas,<MR-1>,1369502.33,3125254,Alagoas
2024,3,AL,RGF-Anexo 01,DespesaComPessoalInativoEPensionistasBruta,Pessoal Inativo e Pensionistas,<MR>,285407718.07,3125254,Alagoas
2024,3,AL,RGF-Anexo 01,DespesaComPessoalInativoEPensionistasBruta,Pessoal Inativo e Pensionistas,TOTAL (ÚLTIMOS 12 MESES) (a),2647543842.85,3125254,Alagoas
2024,3,AL,RGF-Anexo 01,DespesaComPessoalInativoEPensionistasBruta,Pessoal Inativo e Pensionistas,INSCRITAS EM RESTOS A PAGAR NÃO PROCESSADOS (b),54000000.0,3125254,Alagoas
2024,3,AL,RGF-Anexo 01,DespesaComPessoalLiquida,DESPESA LÍQUIDA COM PESSOAL (III) = (I - II),<MR-11>,498875332.48,3125254,Alagoas
2024,3,AL,RGF-Anexo 01,DespesaComPessoalLiquida,DESPESA LÍQUIDA COM PESSOAL (III) = (I - II),<MR-10>,464301996.54,3125254,Alagoas
2024,3,AL,RGF-Anexo 01,DespesaComPessoalLiquida,DESPESA LÍQUIDA COM PESSOAL (III) = (I - II),<MR-9>,611884570.29,3125254,Alagoas
2024,3,AL,RGF-Anexo 01,DespesaComPessoalLiquida,DESPESA LÍQUIDA COM PESSOAL (III) = (I - II),<MR-8>,530345698.68,3125254,Alagoas
2024,3,AL,RGF-Anexo 01,DespesaComPessoalLiquida,DESPESA LÍQUIDA COM PESSOAL (III) = (I - II),<MR-7>,551388618.06,3125254,Alagoas
2024,3,AL,RGF-Anexo 01,DespesaComPessoalLiquida,DESPESA LÍQUIDA COM PESSOAL (III) = (I - II),<MR-6>,576407122.94,3125254,Alagoas
2024,3,AL,RGF-Anexo 01,DespesaComPessoalLiquida,DESPESA LÍQUIDA COM PESSOAL (III) = (I - II),<MR-5>,551669813.2,3125254,Alagoas
2024,3,AL,RGF-Anexo 01,DespesaComPessoalLiquida,DESPESA LÍQUIDA COM PESSOAL (III) = (I - II),<MR-4>,535421141.53,3125254,Alagoas
2024,3,AL,RGF-Anexo 01,DespesaComPessoalLiquida,DESPESA LÍQUIDA COM PESSOAL (III) = (I - II),<MR-3>,562375587.35,3125254,Alagoas
2024,3,AL,RGF-Anexo 01,DespesaComPessoalLiquida,DESPESA LÍQUIDA COM PESSOAL (III) = (I - II),<MR-2>,372634164.55,3125254,Alagoas
2024,3,AL,RGF-Anexo 01,DespesaComPessoalLiquida,DESPESA LÍQUIDA COM PESSOAL (III) = (I - II),<MR-1>,128682342.51,3125254,Alagoas
2024,3,AL,RGF-Anexo 01,DespesaComPessoalLiquida,DESPESA LÍQUIDA COM PESSOAL (III) = (I - II),<MR>,574531807.52,3125254,Alagoas
2024,3,AL,RGF-Anexo 01,DespesaComPessoalLiquida,DESPESA LÍQUIDA COM PESSOAL (III) = (I - II),TOTAL (ÚLTIMOS 12 MESES) (a),5958518195.65,3125254,Alagoas
2024,3,AL,RGF-Anexo 01,DespesaComPessoalLiquida,DESPESA LÍQUIDA COM PESSOAL (III) = (I - II),INSCRITAS EM RESTOS A PAGAR NÃO PROCESSADOS (b),123394138.31,3125254,Alagoas
2024,3,AL,RGF-Anexo 01,ReceitaCorrenteLiquidaLimiteLegal,RECEITA CORRENTE LIQUIDA - RCL (IV),Valor,16937628981.2,3125254,Alagoas
2024,3,AL,RGF-Anexo 01,DespesaComPessoalTotal,DESPESA TOTAL COM PESSOAL - DTP (VI) = (IIIa + IIIb),Valor,6081912333.96,3125254,Alagoas
2024,3,AL,RGF-Anexo 01,DespesaComPessoalTotal,DESPESA TOTAL COM PESSOAL - DTP (VI) = (IIIa + IIIb),% sobre a RCL Ajustada,36.08,3125254,Alagoas
2024,3,AL,RGF-Anexo 02,DividaConsolidada,DÍVIDA CONSOLIDADA - DC (I),SALDO DO EXERCÍCIO ANTERIOR,12996842336.01,3125254,Alagoas
2024,3,AL,RGF-Anexo 02,DividaConsolidada,DÍVIDA CONSOLIDADA - DC (I),Até o 1º Quadrimestre,13401237431.57,3125254,Alagoas
2024,3,AL,RGF-Anexo 02,DividaConsolidada,DÍVIDA CONSOLIDADA - DC (I),Até o 2º Quadrimestre,13586307890.03,3125254,Alagoas
2024,3,AL,RGF-Anexo 02,DividaConsolidada,DÍVIDA CONSOLIDADA - DC (I),Até o 3º Quadrimestre,14571285205.34,3125254,Alagoas
2024,3,AL,RGF-Anexo 02,DividaContratual,Dívida Contratual,SALDO DO EXERCÍCIO ANTERIOR,12996842336.01,3125254,Alagoas
2024,3,AL,RGF-Anexo 02,DividaContratual,Dívida Contratual,Até o 1º Quadrimestre,13401237431.57,3125254,Alagoas
2024,3,AL,RGF-Anexo 02,DividaContratual,Dívida Contratual,Até o 2º Quadrimestre,13586307890.03,3125254,Alagoas
2024,3,AL,RGF-Anexo 02,DividaContratual,Dívida Contratual,Até o 3º Quadrimestre,14571285205.34,3125254,Alagoas
2024,3,AL,RGF-Anexo 02,DividaConsolidadaLiquida,DÍVIDA CONSOLIDADA LÍQUIDA (DCL) (III) = (I - II),SALDO DO EXERCÍCIO ANTERIOR,10136310099.65,3125254,Alagoas
2024,3,AL,RGF-Anexo 02,DividaConsolidadaLiquida,DÍVIDA CONSOLIDADA LÍQUIDA (DCL) (III) = (I - II),Até o 1º Quadrimestre,11165915982.02,3125254,Alagoas
2024,3,AL,RGF-Anexo 02,DividaConsolidadaLiquida,DÍVIDA CONSOLIDADA LÍQUIDA (DCL) (III) = (I - II),Até o 2º Quadrimestre,11405379817.64,3125254,Alagoas
2024,3,AL,RGF-Anexo 02,DividaConsolidadaLiquida,DÍVIDA CONSOLIDADA LÍQUIDA (DCL) (III) = (I - II),Até o 3º Quadrimestre,12826319221.78,3125254,Alagoas
2025,1,AL,RGF-Anexo 01,DespesaComPessoalBruta,DESPESA BRUTA COM PESSOAL (I),<MR-11>,625542044.32,3125254,Alagoas
2025,1,AL,RGF-Anexo 01,DespesaComPessoalBruta,DESPESA BRUTA COM PESSOAL (I),<MR-10>,677373635.63,3125254,Alagoas
2025,1,AL,RGF-Anexo 01,DespesaComPessoalBruta,DESPESA BRUTA COM PESSOAL (I),<MR-9>,630676116.14,3125254,Alagoas
2025,1,AL,RGF-Anexo 01,DespesaComPessoalBruta,DESPESA BRUTA COM PESSOAL (I),<MR-8>,614224909.44,3125254,Alagoas
2025,1,AL,RGF-Anexo 01,DespesaComPessoalBruta,DESPESA BRUTA COM PESSOAL (I),<MR-7>,826750571.33,3125254,Alagoas
2025,1,AL,RGF-Anexo 01,DespesaComPessoalBruta,DESPESA BRUTA COM PESSOAL (I),<MR-6>,466851076.58,3125254,Alagoas
2025,1,AL,RGF-Anexo 01,DespesaComPessoalBruta,DESPESA BRUTA COM PESSOAL (I),<MR-5>,205969098.44,3125254,Alagoas
2025,1,AL,RGF-Anexo 01,DespesaComPessoalBruta,DESPESA BRUTA COM PESSOAL (I),<MR-4>,696525762.84,3125254,Alagoas
2025,1,AL,RGF-Anexo 01,DespesaComPessoalBruta,DESPESA BRUTA COM PESSOAL (I),<MR-3>,1335522159.78,3125254,Alagoas
2025,1,AL,RGF-Anexo 01,DespesaComPessoalBruta,DESPESA BRUTA COM PESSOAL (I),<MR-2>,729647210.26,3125254,Alagoas
2025,1,AL,RGF-Anexo 01,DespesaComPessoalBruta,DESPESA BRUTA COM PESSOAL (I),<MR-1>,843993815.1,3125254,Alagoas
2025,1,AL,RGF-Anexo 01,DespesaComPessoalBruta,DESPESA BRUTA COM PESSOAL (I),<MR>,705531630.4,3125254,Alagoas
2025,1,AL,RGF-Anexo 01,DespesaComPessoalBruta,DESPESA BRUTA COM PESSOAL (I),TOTAL (ÚLTIMOS 12 MESES) (a),8358608030.26,3125254,Alagoas
2025,1,AL,RGF-Anexo 01,DespesaComPessoalBruta,DESPESA BRUTA COM PESSOAL (I),INSCRITAS EM RESTOS A PAGAR NÃO PROCESSADOS (b),309035644.29,3125254,Alagoas
2025,1,AL,RGF-Anexo 01,DespesaComPessoalAtivoBruta,Pessoal Ativo,<MR-11>,352886013.73,3125254,Alagoas
2025,1,AL,RGF-Anexo 01,DespesaComPessoalAtivoBruta,Pessoal Ativo,<MR-10>,393362092.39,3125254,Alagoas
2025,1,AL,RGF-Anexo 01,DespesaComPessoalAtivoBruta,Pessoal Ativo,<MR-9>,355128176.95,3125254,Alagoas
2025,1,AL,RGF-Anexo 01,DespesaComPessoalAtivoBruta,Pessoal Ativo,<MR-8>,352964975.28,3125254,Alagoas
2025,1,AL,RGF-Anexo 01,DespesaComPessoalAtivoBruta,Pessoal Ativo,<MR-7>,537138981.67,3125254,Alagoas
2025,1,AL,RGF-Anexo 01,DespesaComPessoalAtivoBruta,Pessoal Ativo,<MR-6>,363926889.78,3125254,Alagoas
2025,1,AL,RGF-Anexo 01,DespesaComPessoalAtivoBruta,Pessoal Ativo,<MR-5>,202316999.85,3125254,Alagoas
2025,1,AL,RGF-Anexo 01,DespesaComPessoalAtivoBruta,Pessoal Ativo,<MR-4>,341099987.62,3125254,Alagoas
2025,1,AL,RGF-Anexo 01,DespesaComPessoalAtivoBruta,Pessoal Ativo,<MR-3>,1055950444.13,3125254,Alagoas
2025,1,AL,RGF-Anexo 01,DespesaComPessoalAtivoBruta,Pessoal Ativo,<MR-2>,445915905.58,3125254,Alagoas
2025,1,AL,RGF-Anexo 01,DespesaComPessoalAtivoBruta,Pessoal Ativo,<MR-1>,562521760.89,3125254,Alagoas
2025,1,AL,RGF-Anexo 01,DespesaComPessoalAtivoBruta,Pessoal Ativo,<MR>,416480909.44,3125254,Alagoas
2025,1,AL,RGF-Anexo 01,DespesaComPessoalAtivoBruta,Pessoal Ativo,TOTAL (ÚLTIMOS 12 MESES) (a),5379693137.31,3125254,Alagoas
2025,1,AL,RGF-Anexo 01,DespesaComPessoalAtivoBruta,Pessoal Ativo,INSCRITAS EM RESTOS A PAGAR NÃO PROCESSADOS (b),255035644.29,3125254,Alagoas
2025,1,AL,RGF-Anexo 01,DespesaComPessoalInativoEPensionistasBruta,Pessoal Inativo e Pensionistas,<MR-11>,253459616.48,3125254,Alagoas
2025,1,AL,RGF-Anexo 01,DespesaComPessoalInativoEPensionistasBruta,Pessoal Inativo e Pensionistas,<MR-10>,264999433.43,3125254,Alagoas
2025,1,AL,RGF-Anexo 01,DespesaComPessoalInativoEPensionistasBruta,Pessoal Inativo e Pensionistas,<MR-9>,245874111.39,3125254,Alagoas
2025,1,AL,RGF-Anexo 01,DespesaComPessoalInativoEPensionistasBruta,Pessoal Inativo e Pensionistas,<MR-8>,261178186.73,3125254,Alagoas
2025,1,AL,RGF-Anexo 01,DespesaComPessoalInativoEPensionistasBruta,Pessoal Inativo e Pensionistas,<MR-7>,251274351.88,3125254,Alagoas
2025,1,AL,RGF-Anexo 01,DespesaComPessoalInativoEPensionistasBruta,Pessoal Inativo e Pensionistas,<MR-6>,102466453.44,3125254,Alagoas
2025,1,AL,RGF-Anexo 01,DespesaComPessoalInativoEPensionistasBruta,Pessoal Inativo e Pensionistas,<MR-5>,1369502.33,3125254,Alagoas
2025,1,AL,RGF-Anexo 01,DespesaComPessoalInativoEPensionistasBruta,Pessoal Inativo e Pensionistas,<MR-4>,285407718.07,3125254,Alagoas
2025,1,AL,RGF-Anexo 01,DespesaComPessoalInativoEPensionistasBruta,Pessoal Inativo e Pensionistas,<MR-3>,257753044.33,3125254,Alagoas
2025,1,AL,RGF-Anexo 01,DespesaComPessoalInativoEPensionistasBruta,Pessoal Inativo e Pensionistas,<MR-2>,269782505.89,3125254,Alagoas
2025,1,AL,RGF-Anexo 01,DespesaComPessoalInativoEPensionistasBruta,Pessoal Inativo e Pensionistas,<MR-1>,260200571.33,3125254,Alagoas
2025,1,AL,RGF-Anexo 01,DespesaComPessoalInativoEPensionistasBruta,Pessoal Inativo e Pensionistas,<MR>,267614161.91,3125254,Alagoas
2025,1,AL,RGF-Anexo 01,DespesaComPessoalInativoEPensionistasBruta,Pessoal Inativo e Pensionistas,TOTAL (ÚLTIMOS 12 MESES) (a),2721379657.21,3125254,Alagoas
2025,1,AL,RGF-Anexo 01,DespesaComPessoalInativoEPensionistasBruta,Pessoal Inativo e Pensionistas,INSCRITAS EM RESTOS A PAGAR NÃO PROCESSADOS (b),54000000.0,3125254,Alagoas
2025,1,AL,RGF-Anexo 01,DespesaComPessoalLiquida,DESPESA LÍQUIDA COM PESSOAL (III) = (I - II),<MR-11>,551388618.06,3125254,Alagoas
2025,1,AL,RGF-Anexo 01,DespesaComPessoalLiquida,DESPESA LÍQUIDA COM PESSOAL (III) = (I - II),<MR-10>,576407122.94,3125254,Alagoas
2025,1,AL,RGF-Anexo 01,DespesaComPessoalLiquida,DESPESA LÍQUIDA COM PESSOAL (III) = (I - II),<MR-9>,551669813.2,3125254,Alagoas
2025,1,AL,RGF-Anexo 01,DespesaComPessoalLiquida,DESPESA LÍQUIDA COM PESSOAL (III) = (I - II),<MR-8>,535421141.53,3125254,Alagoas
2025,1,AL,RGF-Anexo 01,DespesaComPessoalLiquida,DESPESA LÍQUIDA COM PESSOAL (III) = (I - II),<MR-7>,562375587.35,3125254,Alagoas
2025,1,AL,RGF-Anexo 01,DespesaComPessoalLiquida,DESPESA LÍQUIDA COM PESSOAL (III) = (I - II),<MR-6>,372634164.55,3125254,Alagoas
2025,1,AL,RGF-Anexo 01,DespesaComPessoalLiquida,DESPESA LÍQUIDA COM PESSOAL (III) = (I - II),<MR-5>,128682342.51,3125254,Alagoas
2025,1,AL,RGF-Anexo 01,DespesaComPessoalLiquida,DESPESA LÍQUIDA COM PESSOAL (III) = (I - II),<MR-4>,574531807.52,3125254,Alagoas
2025,1,AL,RGF-Anexo 01,DespesaComPessoalLiquida,DESPESA LÍQUIDA COM PESSOAL (III) = (I - II),<MR-3>,1261633426.69,3125254,Alagoas
2025,1,AL,RGF-Anexo 01,DespesaComPessoalLiquida,DESPESA LÍQUIDA COM PESSOAL (III) = (I - II),<MR-2>,654514230.47,3125254,Alagoas
2025,1,AL,RGF-Anexo 01,DespesaComPessoalLiquida,DESPESA LÍQUIDA COM PESSOAL (III) = (I - II),<MR-1>,752399137.07,3125254,Alagoas
2025,1,AL,RGF-Anexo 01,DespesaComPessoalLiquida,DESPESA LÍQUIDA COM PESSOAL (III) = (I - II),<MR>,630353320.36,3125254,Alagoas
2025,1,AL,RGF-Anexo 01,DespesaComPessoalLiquida,DESPESA LÍQUIDA COM PESSOAL (III) = (I - II),TOTAL (ÚLTIMOS 12 MESES) (a),7152010712.25,3125254,Alagoas
2025,1,AL,RGF-Anexo 01,DespesaComPessoalLiquida,DESPESA LÍQUIDA COM PESSOAL (III) = (I - II),INSCRITAS EM RESTOS A PAGAR NÃO PROCESSADOS (b),123394138.31,3125254,Alagoas
2025,1,AL,RGF-Anexo 01,ReceitaCorrenteLiquidaLimiteLegal,RECEITA CORRENTE LIQUIDA - RCL (IV),Valor,17355277443.67,3125254,Alagoas
2025,1,AL,RGF-Anexo 01,DespesaComPessoalTotal,DESPESA TOTAL COM PESSOAL - DTP (VI) = (IIIa + IIIb),Valor,7275404850.56,3125254,Alagoas
2025,1,AL,RGF-Anexo 01,DespesaComPessoalTotal,DESPESA TOTAL COM PESSOAL - DTP (VI) = (IIIa + IIIb),% sobre a RCL Ajustada,42.18,3125254,Alagoas
2025,1,AL,RGF-Anexo 02,DividaConsolidada,DÍVIDA CONSOLIDADA - DC (I),SALDO DO EXERCÍCIO ANTERIOR,14571285205.34,3125254,Alagoas
2025,1,AL,RGF-Anexo 02,DividaConsolidada,DÍVIDA CONSOLIDADA - DC (I),Até o 1º Quadrimestre,14409745189.36,3125254,Alagoas
2025,1,AL,RGF-Anexo 02,DividaContratual,Dívida Contratual,SALDO DO EXERCÍCIO ANTERIOR,14571285205.34,3125254,Alagoas
2025,1,AL,RGF-Anexo 02,DividaContratual,Dívida Contratual,Até o 1º Quadrimestre,14409745189.36,3125254,Alagoas
2025,1,AL,RGF-Anexo 02,DividaConsolidadaLiquida,DÍVIDA CONSOLIDADA LÍQUIDA (DCL) (III) = (I - II),SALDO DO EXERCÍCIO ANTERIOR,12826319221.78,3125254,Alagoas
2025,1,AL,RGF-Anexo 02,DividaConsolidadaLiquida,DÍVIDA CONSOLIDADA LÍQUIDA (DCL) (III) = (I - II),Até o 1º Quadrimestre,12510011686.54,3125254,Alagoas
2025,2,AL,RGF-Anexo 01,DespesaComPessoalBruta,DESPESA BRUTA COM PESSOAL (I),<MR-11>,826750571.33,3125254,Alagoas
2025,2,AL,RGF-Anexo 01,DespesaComPessoalBruta,DESPESA BRUTA COM PESSOAL (I),<MR-10>,466851076.58,3125254,Alagoas
2025,2,AL,RGF-Anexo 01,DespesaComPessoalBruta,DESPESA BRUTA COM PESSOAL (I),<MR-9>,205969098.44,3125254,Alagoas
2025,2,AL,RGF-Anexo 01,DespesaComPessoalBruta,DESPESA BRUTA COM PESSOAL (I),<MR-8>,696525762.84,3125254,Alagoas
2025,2,AL,RGF-Anexo 01,DespesaComPessoalBruta,DESPESA BRUTA COM PESSOAL (I),<MR-7>,1335522159.78,3125254,Alagoas
2025,2,AL,RGF-Anexo 01,DespesaComPessoalBruta,DESPESA BRUTA COM PESSOAL (I),<MR-6>,729647210.26,3125254,Alagoas
2025,2,AL,RGF-Anexo 01,DespesaComPessoalBruta,DESPESA BRUTA COM PESSOAL (I),<MR-5>,843993815.1,3125254,Alagoas
2025,2,AL,RGF-Anexo 01,DespesaComPessoalBruta,DESPESA BRUTA COM PESSOAL (I),<MR-4>,705531630.4,3125254,Alagoas
2025,2,AL,RGF-Anexo 01,DespesaComPessoalBruta,DESPESA BRUTA COM PESSOAL (I),<MR-3>,701950212.0,3125254,Alagoas
2025,2,AL,RGF-Anexo 01,DespesaComPessoalBruta,DESPESA BRUTA COM PESSOAL (I),<MR-2>,725865919.06,3125254,Alagoas
2025,2,AL,RGF-Anexo 01,DespesaComPessoalBruta,DESPESA BRUTA COM PESSOAL (I),<MR-1>,708959147.71,3125254,Alagoas
2025,2,AL,RGF-Anexo 01,DespesaComPessoalBruta,DESPESA BRUTA COM PESSOAL (I),<MR>,579567086.63,3125254,Alagoas
2025,2,AL,RGF-Anexo 01,DespesaComPessoalBruta,DESPESA BRUTA COM PESSOAL (I),TOTAL (ÚLTIMOS 12 MESES) (a),8527133690.13,3125254,Alagoas
2025,2,AL,RGF-Anexo 01,DespesaComPessoalBruta,DESPESA BRUTA COM PESSOAL (I),INSCRITAS EM RESTOS A PAGAR NÃO PROCESSADOS (b),309035644.29,3125254,Alagoas
2025,2,AL,RGF-Anexo 01,DespesaComPessoalAtivoBruta,Pessoal Ativo,<MR-11>,537138981.67,3125254,Alagoas
2025,2,AL,RGF-Anexo 01,DespesaComPessoalAtivoBruta,Pessoal Ativo,<MR-10>,363926889.78,3125254,Alagoas
2025,2,AL,RGF-Anexo 01,DespesaComPessoalAtivoBruta,Pessoal Ativo,<MR-9>,202316999.85,3125254,Alagoas
2025,2,AL,RGF-Anexo 01,DespesaComPessoalAtivoBruta,Pessoal Ativo,<MR-8>,341099987.62,3125254,Alagoas
2025,2,AL,RGF-Anexo 01,DespesaComPessoalAtivoBruta,Pessoal Ativo,<MR-7>,1055950444.13,3125254,Alagoas
2025,2,AL,RGF-Anexo 01,DespesaComPessoalAtivoBruta,Pessoal Ativo,<MR-6>,445915905.58,3125254,Alagoas
2025,2,AL,RGF-Anexo 01,DespesaComPessoalAtivoBruta,Pessoal Ativo,<MR-5>,562521760.89,3125254,Alagoas
2025,2,AL,RGF-Anexo 01,DespesaComPessoalAtivoBruta,Pessoal Ativo,<MR-4>,416480909.44,3125254,Alagoas
2025,2,AL,RGF-Anexo 01,DespesaComPessoalAtivoBruta,Pessoal Ativo,<MR-3>,397787108.4,3125254,Alagoas
2025,2,AL,RGF-Anexo 01,DespesaComPessoalAtivoBruta,Pessoal Ativo,<MR-2>,414338650.89,3125254,Alagoas
2025,2,AL,RGF-Anexo 01,DespesaComPessoalAtivoBruta,Pessoal Ativo,<MR-1>,413215100.86,3125254,Alagoas
2025,2,AL,RGF-Anexo 01,DespesaComPessoalAtivoBruta,Pessoal Ativo,<MR>,361815192.34,3125254,Alagoas
2025,2,AL,RGF-Anexo 01,DespesaComPessoalAtivoBruta,Pessoal Ativo,TOTAL (ÚLTIMOS 12 MESES) (a),5512507931.45,3125254,Alagoas
2025,2,AL,RGF-Anexo 01,DespesaComPessoalAtivoBruta,Pessoal Ativo,INSCRITAS EM RESTOS A PAGAR NÃO PROCESSADOS (b),255035644.29,3125254,Alagoas
2025,2,AL,RGF-Anexo 01,DespesaComPessoalInativoEPensionistasBruta,Pessoal Inativo e Pensionistas,<MR-11>,251274351.88,3125254,Alagoas
2025,2,AL,RGF-Anexo 01,DespesaComPessoalInativoEPensionistasBruta,Pessoal Inativo e Pensionistas,<MR-10>,102466453.44,3125254,Alagoas
2025,2,AL,RGF-Anexo 01,DespesaComPessoalInativoEPensionistasBruta,Pessoal Inativo e Pensionistas,<MR-9>,1369502.33,3125254,Alagoas
2025,2,AL,RGF-Anexo 01,DespesaComPessoalInativoEPensionistasBruta,Pessoal Inativo e Pensionistas,<MR-8>,285407718.07,3125254,Alagoas
2025,2,AL,RGF-Anexo 01,DespesaComPessoalInativoEPensionistasBruta,Pessoal Inativo e Pensionistas,<MR-7>,257753044.33,3125254,Alagoas
2025,2,AL,RGF-Anexo 01,DespesaComPessoalInativoEPensionistasBruta,Pessoal Inativo e Pensionistas,<MR-6>,269782505.89,3125254,Alagoas
2025,2,AL,RGF-Anexo 01,DespesaComPessoalInativoEPensionistasBruta,Pessoal Inativo e Pensionistas,<MR-5>,260200571.33,3125254,Alagoas
2025,2,AL,RGF-Anexo 01,DespesaComPessoalInativoEPensionistasBruta,Pessoal Inativo e Pensionistas,<MR-4>,267614161.91,3125254,Alagoas
2025,2,AL,RGF-Anexo 01,DespesaComPessoalInativoEPensionistasBruta,Pessoal Inativo e Pensionistas,<MR-3>,283001591.93,3125254,Alagoas
2025,2,AL,RGF-Anexo 01,DespesaComPessoalInativoEPensionistasBruta,Pessoal Inativo e Pensionistas,<MR-2>,286214499.15,3125254,Alagoas
2025,2,AL,RGF-Anexo 01,DespesaComPessoalInativoEPensionistasBruta,Pessoal Inativo e Pensionistas,<MR-1>,272456034.0,3125254,Alagoas
2025,2,AL,RGF-Anexo 01,DespesaComPessoalInativoEPensionistasBruta,Pessoal Inativo e Pensionistas,<MR>,195223129.89,3125254,Alagoas
2025,2,AL,RGF-Anexo 01,DespesaComPessoalInativoEPensionistasBruta,Pessoal Inativo e Pensionistas,TOTAL (ÚLTIMOS 12 MESES) (a),2732763564.15,3125254,Alagoas
2025,2,AL,RGF-Anexo 01,DespesaComPessoalInativoEPensionistasBruta,Pessoal Inativo e Pensionistas,INSCRITAS EM RESTOS A PAGAR NÃO PROCESSADOS (b),54000000.0,3125254,Alagoas
2025,2,AL,RGF-Anexo 01,DespesaComPessoalLiquida,DESPESA LÍQUIDA COM PESSOAL (III) = (I - II),<MR-11>,562375587.35,3125254,Alagoas
2025,2,AL,RGF-Anexo 01,DespesaComPessoalLiquida,DESPESA LÍQUIDA COM PESSOAL (III) = (I - II),<MR-10>,372634164.55,3125254,Alagoas
2025,2,AL,RGF-Anexo 01,DespesaComPessoalLiquida,DESPESA LÍQUIDA COM PESSOAL (III) = (I - II),<MR-9>,128682342.51,3125254,Alagoas
2025,2,AL,RGF-Anexo 01,DespesaComPessoalLiquida,DESPESA LÍQUIDA COM PESSOAL (III) = (I - II),<MR-8>,574531807.52,3125254,Alagoas
2025,2,AL,RGF-Anexo 01,DespesaComPessoalLiquida,DESPESA LÍQUIDA COM PESSOAL (III) = (I - II),<MR-7>,1261633426.69,3125254,Alagoas
2025,2,AL,RGF-Anexo 01,DespesaComPessoalLiquida,DESPESA LÍQUIDA COM PESSOAL (III) = (I - II),<MR-6>,654514230.47,3125254,Alagoas
2025,2,AL,RGF-Anexo 01,DespesaComPessoalLiquida,DESPESA LÍQUIDA COM PESSOAL (III) = (I - II),<MR-5>,752399137.07,3125254,Alagoas
2025,2,AL,RGF-Anexo 01,DespesaComPessoalLiquida,DESPESA LÍQUIDA COM PESSOAL (III) = (I - II),<MR-4>,630353320.36,3125254,Alagoas
2025,2,AL,RGF-Anexo 01,DespesaComPessoalLiquida,DESPESA LÍQUIDA COM PESSOAL (III) = (I - II),<MR-3>,626233036.97,3125254,Alagoas
2025,2,AL,RGF-Anexo 01,DespesaComPessoalLiquida,DESPESA LÍQUIDA COM PESSOAL (III) = (I - II),<MR-2>,646147503.52,3125254,Alagoas
2025,2,AL,RGF-Anexo 01,DespesaComPessoalLiquida,DESPESA LÍQUIDA COM PESSOAL (III) = (I - II),<MR-1>,594092807.54,3125254,Alagoas
2025,2,AL,RGF-Anexo 01,DespesaComPessoalLiquida,DESPESA LÍQUIDA COM PESSOAL (III) = (I - II),<MR>,481532512.93,3125254,Alagoas
2025,2,AL,RGF-Anexo 01,DespesaComPessoalLiquida,DESPESA LÍQUIDA COM PESSOAL (III) = (I - II),TOTAL (ÚLTIMOS 12 MESES) (a),7285129877.48,3125254,Alagoas
2025,2,AL,RGF-Anexo 01,DespesaComPessoalLiquida,DESPESA LÍQUIDA COM PESSOAL (III) = (I - II),INSCRITAS EM RESTOS A PAGAR NÃO PROCESSADOS (b),123394138.31,3125254,Alagoas
2025,2,AL,RGF-Anexo 01,ReceitaCorrenteLiquidaLimiteLegal,RECEITA CORRENTE LIQUIDA - RCL (IV),Valor,17843079756.86,3125254,Alagoas
2025,2,AL,RGF-Anexo 01,DespesaComPessoalTotal,DESPESA TOTAL COM PESSOAL - DTP (VI) = (IIIa + IIIb),Valor,7408524015.79,3125254,Alagoas
2025,2,AL,RGF-Anexo 01,DespesaComPessoalTotal,DESPESA TOTAL COM PESSOAL - DTP (VI) = (IIIa + IIIb),% sobre a RCL Ajustada,41.58,3125254,Alagoas
2025,2,AL,RGF-Anexo 02,DividaConsolidada,DÍVIDA CONSOLIDADA - DC (I),SALDO DO EXERCÍCIO ANTERIOR,14571285205.34,3125254,Alagoas
2025,2,AL,RGF-Anexo 02,DividaConsolidada,DÍVIDA CONSOLIDADA - DC (I),Até o 1º Quadrimestre,14409745189.36,3125254,Alagoas
2025,2,AL,RGF-Anexo 02,DividaConsolidada,DÍVIDA CONSOLIDADA - DC (I),Até o 2º Quadrimestre,15317053296.86,3125254,Alagoas
2025,2,AL,RGF-Anexo 02,DividaContratual,Dívida Contratual,SALDO DO EXERCÍCIO ANTERIOR,14571285205.34,3125254,Alagoas
2025,2,AL,RGF-Anexo 02,DividaContratual,Dívida Contratual,Até o 1º Quadrimestre,14409745189.36,3125254,Alagoas
2025,2,AL,RGF-Anexo 02,DividaContratual,Dívida Contratual,Até o 2º Quadrimestre,15317053296.86,3125254,Alagoas
2025,2,AL,RGF-Anexo 02,DividaConsolidadaLiquida,DÍVIDA CONSOLIDADA LÍQUIDA (DCL) (III) = (I - II),SALDO DO EXERCÍCIO ANTERIOR,12826319221.78,3125254,Alagoas
2025,2,AL,RGF-Anexo 02,DividaConsolidadaLiquida,DÍVIDA CONSOLIDADA LÍQUIDA (DCL) (III) = (I - II),Até o 1º Quadrimestre,12510011686.54,3125254,Alagoas
2025,2,AL,RGF-Anexo 02,DividaConsolidadaLiquida,DÍVIDA CONSOLIDADA LÍQUIDA (DCL) (III) = (I - II),Até o 2º Quadrimestre,12869822421.75,3125254,Alagoas
2025,3,AL,RGF-Anexo 01,DespesaComPessoalBruta,DESPESA BRUTA COM PESSOAL (I),<MR-11>,1335522159.78,3125254,Alagoas
2025,3,AL,RGF-Anexo 01,DespesaComPessoalBruta,DESPESA BRUTA COM PESSOAL (I),<MR-10>,729647210.26,3125254,Alagoas
2025,3,AL,RGF-Anexo 01,DespesaComPessoalBruta,DESPESA BRUTA COM PESSOAL (I),<MR-9>,843993815.1,3125254,Alagoas
2025,3,AL,RGF-Anexo 01,DespesaComPessoalBruta,DESPESA BRUTA COM PESSOAL (I),<MR-8>,705531630.4,3125254,Alagoas
2025,3,AL,RGF-Anexo 01,DespesaComPessoalBruta,DESPESA BRUTA COM PESSOAL (I),<MR-7>,701950212.0,3125254,Alagoas
2025,3,AL,RGF-Anexo 01,DespesaComPessoalBruta,DESPESA BRUTA COM PESSOAL (I),<MR-6>,725865919.06,3125254,Alagoas
2025,3,AL,RGF-Anexo 01,DespesaComPessoalBruta,DESPESA BRUTA COM PESSOAL (I),<MR-5>,708959147.71,3125254,Alagoas
2025,3,AL,RGF-Anexo 01,DespesaComPessoalBruta,DESPESA BRUTA COM PESSOAL (I),<MR-4>,579567086.63,3125254,Alagoas
2025,3,AL,RGF-Anexo 01,DespesaComPessoalBruta,DESPESA BRUTA COM PESSOAL (I),<MR-3>,499158072.73,3125254,Alagoas
2025,3,AL,RGF-Anexo 01,DespesaComPessoalBruta,DESPESA BRUTA COM PESSOAL (I),<MR-2>,638821169.23,3125254,Alagoas
2025,3,AL,RGF-Anexo 01,DespesaComPessoalBruta,DESPESA BRUTA COM PESSOAL (I),<MR-1>,174630070.78,3125254,Alagoas
2025,3,AL,RGF-Anexo 01,DespesaComPessoalBruta,DESPESA BRUTA COM PESSOAL (I),<MR>,919300699.64,3125254,Alagoas
2025,3,AL,RGF-Anexo 01,DespesaComPessoalBruta,DESPESA BRUTA COM PESSOAL (I),TOTAL (ÚLTIMOS 12 MESES) (a),8562947193.32,3125254,Alagoas
2025,3,AL,RGF-Anexo 01,DespesaComPessoalBruta,DESPESA BRUTA COM PESSOAL (I),INSCRITAS EM RESTOS A PAGAR NÃO PROCESSADOS (b),180995391.41,3125254,Alagoas
2025,3,AL,RGF-Anexo 01,DespesaComPessoalAtivoBruta,Pessoal Ativo,<MR-11>,1055950444.13,3125254,Alagoas
2025,3,AL,RGF-Anexo 01,DespesaComPessoalAtivoBruta,Pessoal Ativo,<MR-10>,445915905.58,3125254,Alagoas
2025,3,AL,RGF-Anexo 01,DespesaComPessoalAtivoBruta,Pessoal Ativo,<MR-9>,562521760.89,3125254,Alagoas
2025,3,AL,RGF-Anexo 01,DespesaComPessoalAtivoBruta,Pessoal Ativo,<MR-8>,416480909.44,3125254,Alagoas
2025,3,AL,RGF-Anexo 01,DespesaComPessoalAtivoBruta,Pessoal Ativo,<MR-7>,397787108.4,3125254,Alagoas
2025,3,AL,RGF-Anexo 01,DespesaComPessoalAtivoBruta,Pessoal Ativo,<MR-6>,414338650.89,3125254,Alagoas
2025,3,AL,RGF-Anexo 01,DespesaComPessoalAtivoBruta,Pessoal Ativo,<MR-5>,413215100.86,3125254,Alagoas
2025,3,AL,RGF-Anexo 01,DespesaComPessoalAtivoBruta,Pessoal Ativo,<MR-4>,361815192.34,3125254,Alagoas
2025,3,AL,RGF-Anexo 01,DespesaComPessoalAtivoBruta,Pessoal Ativo,<MR-3>,473999503.57,3125254,Alagoas
2025,3,AL,RGF-Anexo 01,DespesaComPessoalAtivoBruta,Pessoal Ativo,<MR-2>,340298506.98,3125254,Alagoas
2025,3,AL,RGF-Anexo 01,DespesaComPessoalAtivoBruta,Pessoal Ativo,<MR-1>,159206679.32,3125254,Alagoas
2025,3,AL,RGF-Anexo 01,DespesaComPessoalAtivoBruta,Pessoal Ativo,<MR>,548769424.94,3125254,Alagoas
2025,3,AL,RGF-Anexo 01,DespesaComPessoalAtivoBruta,Pessoal Ativo,TOTAL (ÚLTIMOS 12 MESES) (a),5590299187.34,3125254,Alagoas
2025,3,AL,RGF-Anexo 01,DespesaComPessoalAtivoBruta,Pessoal Ativo,INSCRITAS EM RESTOS A PAGAR NÃO PROCESSADOS (b),180969561.65,3125254,Alagoas
2025,3,AL,RGF-Anexo 01,DespesaComPessoalInativoEPensionistasBruta,Pessoal Inativo e Pensionistas,<MR-11>,257753044.33,3125254,Alagoas
2025,3,AL,RGF-Anexo 01,DespesaComPessoalInativoEPensionistasBruta,Pessoal Inativo e Pensionistas,<MR-10>,269782505.89,3125254,Alagoas
2025,3,AL,RGF-Anexo 01,DespesaComPessoalInativoEPensionistasBruta,Pessoal Inativo e Pensionistas,<MR-9>,260200571.33,3125254,Alagoas
2025,3,AL,RGF-Anexo 01,DespesaComPessoalInativoEPensionistasBruta,Pessoal Inativo e Pensionistas,<MR-8>,267614161.91,3125254,Alagoas
2025,3,AL,RGF-Anexo 01,DespesaComPessoalInativoEPensionistasBruta,Pessoal Inativo e Pensionistas,<MR-7>,283001591.93,3125254,Alagoas
2025,3,AL,RGF-Anexo 01,DespesaComPessoalInativoEPensionistasBruta,Pessoal Inativo e Pensionistas,<MR-6>,286214499.15,3125254,Alagoas
2025,3,AL,RGF-Anexo 01,DespesaComPessoalInativoEPensionistasBruta,Pessoal Inativo e Pensionistas,<MR-5>,272456034.0,3125254,Alagoas
2025,3,AL,RGF-Anexo 01,DespesaComPessoalInativoEPensionistasBruta,Pessoal Inativo e Pensionistas,<MR-4>,195223129.89,3125254,Alagoas
2025,3,AL,RGF-Anexo 01,DespesaComPessoalInativoEPensionistasBruta,Pessoal Inativo e Pensionistas,<MR-3>,390415.58,3125254,Alagoas
2025,3,AL,RGF-Anexo 01,DespesaComPessoalInativoEPensionistasBruta,Pessoal Inativo e Pensionistas,<MR-2>,297766477.19,3125254,Alagoas
2025,3,AL,RGF-Anexo 01,DespesaComPessoalInativoEPensionistasBruta,Pessoal Inativo e Pensionistas,<MR-1>,15022892.97,3125254,Alagoas
2025,3,AL,RGF-Anexo 01,DespesaComPessoalInativoEPensionistasBruta,Pessoal Inativo e Pensionistas,<MR>,282772270.83,3125254,Alagoas
2025,3,AL,RGF-Anexo 01,DespesaComPessoalInativoEPensionistasBruta,Pessoal Inativo e Pensionistas,TOTAL (ÚLTIMOS 12 MESES) (a),2688197595.0,3125254,Alagoas
2025,3,AL,RGF-Anexo 01,DespesaComPessoalInativoEPensionistasBruta,Pessoal Inativo e Pensionistas,INSCRITAS EM RESTOS A PAGAR NÃO PROCESSADOS (b),25829.76,3125254,Alagoas
2025,3,AL,RGF-Anexo 01,DespesaComPessoalLiquida,DESPESA LÍQUIDA COM PESSOAL (III) = (I - II),<MR-11>,1261633426.69,3125254,Alagoas
2025,3,AL,RGF-Anexo 01,DespesaComPessoalLiquida,DESPESA LÍQUIDA COM PESSOAL (III) = (I - II),<MR-10>,654514230.47,3125254,Alagoas
2025,3,AL,RGF-Anexo 01,DespesaComPessoalLiquida,DESPESA LÍQUIDA COM PESSOAL (III) = (I - II),<MR-9>,752399137.07,3125254,Alagoas
2025,3,AL,RGF-Anexo 01,DespesaComPessoalLiquida,DESPESA LÍQUIDA COM PESSOAL (III) = (I - II),<MR-8>,630353320.36,3125254,Alagoas
2025,3,AL,RGF-Anexo 01,DespesaComPessoalLiquida,DESPESA LÍQUIDA COM PESSOAL (III) = (I - II),<MR-7>,626233036.97,3125254,Alagoas
2025,3,AL,RGF-Anexo 01,DespesaComPessoalLiquida,DESPESA LÍQUIDA COM PESSOAL (III) = (I - II),<MR-6>,646147503.52,3125254,Alagoas
2025,3,AL,RGF-Anexo 01,DespesaComPessoalLiquida,DESPESA LÍQUIDA COM PESSOAL (III) = (I - II),<MR-5>,594092807.54,3125254,Alagoas
2025,3,AL,RGF-Anexo 01,DespesaComPessoalLiquida,DESPESA LÍQUIDA COM PESSOAL (III) = (I - II),<MR-4>,481532512.93,3125254,Alagoas
2025,3,AL,RGF-Anexo 01,DespesaComPessoalLiquida,DESPESA LÍQUIDA COM PESSOAL (III) = (I - II),<MR-3>,200481274.68,3125254,Alagoas
2025,3,AL,RGF-Anexo 01,DespesaComPessoalLiquida,DESPESA LÍQUIDA COM PESSOAL (III) = (I - II),<MR-2>,558544877.7,3125254,Alagoas
2025,3,AL,RGF-Anexo 01,DespesaComPessoalLiquida,DESPESA LÍQUIDA COM PESSOAL (III) = (I - II),<MR-1>,94779246.52,3125254,Alagoas
2025,3,AL,RGF-Anexo 01,DespesaComPessoalLiquida,DESPESA LÍQUIDA COM PESSOAL (III) = (I - II),<MR>,782149401.5,3125254,Alagoas
2025,3,AL,RGF-Anexo 01,DespesaComPessoalLiquida,DESPESA LÍQUIDA COM PESSOAL (III) = (I - II),TOTAL (ÚLTIMOS 12 MESES) (a),7282860775.95,3125254,Alagoas
2025,3,AL,RGF-Anexo 01,DespesaComPessoalLiquida,DESPESA LÍQUIDA COM PESSOAL (III) = (I - II),INSCRITAS EM RESTOS A PAGAR NÃO PROCESSADOS (b),21907491.78,3125254,Alagoas
2025,3,AL,RGF-Anexo 01,ReceitaCorrenteLiquidaLimiteLegal,RECEITA CORRENTE LIQUIDA - RCL (IV),Valor,18967280537.43,3125254,Alagoas
2025,3,AL,RGF-Anexo 01,DespesaComPessoalTotal,DESPESA TOTAL COM PESSOAL - DTP (VI) = (IIIa + IIIb),Valor,7304768267.73,3125254,Alagoas
2025,3,AL,RGF-Anexo 01,DespesaComPessoalTotal,DESPESA TOTAL COM PESSOAL - DTP (VI) = (IIIa + IIIb),% sobre a RCL Ajustada,38.77,3125254,Alagoas
2025,3,AL,RGF-Anexo 02,DividaConsolidada,DÍVIDA CONSOLIDADA - DC (I),SALDO DO EXERCÍCIO ANTERIOR,14571285205.34,3125254,Alagoas
2025,3,AL,RGF-Anexo 02,DividaConsolidada,DÍVIDA CONSOLIDADA - DC (I),Até o 1º Quadrimestre,14409745189.36,3125254,Alagoas
2025,3,AL,RGF-Anexo 02,DividaConsolidada,DÍVIDA CONSOLIDADA - DC (I),Até o 2º Quadrimestre,15317053296.86,3125254,Alagoas
2025,3,AL,RGF-Anexo 02,DividaConsolidada,DÍVIDA CONSOLIDADA - DC (I),Até o 3º Quadrimestre,15551015948.54,3125254,Alagoas
2025,3,AL,RGF-Anexo 02,DividaContratual,Dívida Contratual,SALDO DO EXERCÍCIO ANTERIOR,14571285205.34,3125254,Alagoas
2025,3,AL,RGF-Anexo 02,DividaContratual,Dívida Contratual,Até o 1º Quadrimestre,14409745189.36,3125254,Alagoas
2025,3,AL,RGF-Anexo 02,DividaContratual,Dívida Contratual,Até o 2º Quadrimestre,15317053296.86,3125254,Alagoas
2025,3,AL,RGF-Anexo 02,DividaContratual,Dívida Contratual,Até o 3º Quadrimestre,15551015948.54,3125254,Alagoas
2025,3,AL,RGF-Anexo 02,DividaConsolidadaLiquida,DÍVIDA CONSOLIDADA LÍQUIDA (DCL) (III) = (I - II),SALDO DO EXERCÍCIO ANTERIOR,12826319221.78,3125254,Alagoas
2025,3,AL,RGF-Anexo 02,DividaConsolidadaLiquida,DÍVIDA CONSOLIDADA LÍQUIDA (DCL) (III) = (I - II),Até o 1º Quadrimestre,12510011686.54,3125254,Alagoas
2025,3,AL,RGF-Anexo 02,DividaConsolidadaLiquida,DÍVIDA CONSOLIDADA LÍQUIDA (DCL) (III) = (I - II),Até o 2º Quadrimestre,12869822421.75,3125254,Alagoas
2025,3,AL,RGF-Anexo 02,DividaConsolidadaLiquida,DÍVIDA CONSOLIDADA LÍQUIDA (DCL) (III) = (I - II),Até o 3º Quadrimestre,13549741920.48,3125254,Alagoas
