exercicio,demonstrativo,periodo,periodicidade,instituicao,cod_ibge,uf,populacao,anexo,esfera,rotulo,coluna,cod_conta,conta,valor,uf_nome
2015,RREO,1,B,Governo do Estado de Sergipe,28,SE,2219574,RREO-Anexo 01,E,,Até o Bimestre (c),TransferenciasCorrentes,TRANSFERÊNCIAS CORRENTES,713944080.96,Sergipe
2015,RREO,1,B,Governo do Estado de Sergipe,28,SE,2219574,RREO-Anexo 01,E,,Até o Bimestre (c),TransferenciasCorrentesIntergovernamentais,Transferências Intergovernamentais,708446137.33,Sergipe
2015,RREO,1,B,Governo do Estado de Sergipe,28,SE,2219574,RREO-Anexo 01,E,,Até o Bimestre (c),TransferenciasCorrentesDeConvenios,Transferências de Convênios,5497943.63,Sergipe
2015,RREO,1,B,Governo do Estado de Sergipe,28,SE,2219574,RREO-Anexo 06,E,,Até o Bimestre / 2015,RREO6TransferenciasCorrentes,Transferências Correntes,713944080.96,Sergipe
2015,RREO,1,B,Governo do Estado de Sergipe,28,SE,2219574,RREO-Anexo 06,E,,Até o Bimestre / 2014,RREO6TransferenciasCorrentes,Transferências Correntes,657325650.28,Sergipe
2015,RREO,1,B,Governo do Estado de Sergipe,28,SE,2219574,RREO-Anexo 06,E,,Até o Bimestre / 2015,RREO6CotaParteDoFPE,Cota-Parte do FPE,521999807.33,Sergipe
2015,RREO,1,B,Governo do Estado de Sergipe,28,SE,2219574,RREO-Anexo 06,E,,Até o Bimestre / 2014,RREO6CotaParteDoFPE,Cota-Parte do FPE,452250231.25,Sergipe
2015,RREO,1,B,Governo do Estado de Sergipe,28,SE,2219574,RREO-Anexo 06,E,,Até o Bimestre / 2015,RREO6OutrasTransferenciasCorrentes,Outras Transferências Correntes,186446330.0,Sergipe
2015,RREO,1,B,Governo do Estado de Sergipe,28,SE,2219574,RREO-Anexo 06,E,,Até o Bimestre / 2014,RREO6OutrasTransferenciasCorrentes,Outras Transferências Correntes,193301371.86,Sergipe
2015,RREO,1,B,Governo do Estado de Sergipe,28,SE,2219574,RREO-Anexo 06,E,,Até o Bimestre / 2014,RREO6TransferenciasDeCapital,Transferências de Capital,9911518.1,Sergipe
2015,RREO,2,B,Governo do Estado de Sergipe,28,SE,2219574,RREO-Anexo 01,E,,Até o Bimestre (c),TransferenciasCorrentes,TRANSFERÊNCIAS CORRENTES,1251931446.34,Sergipe
2015,RREO,2,B,Governo do Estado de Sergipe,28,SE,2219574,RREO-Anexo 01,E,,Até o Bimestre (c),TransferenciasCorrentesIntergovernamentais,Transferências Intergovernamentais,1245973502.71,Sergipe
2015,RREO,2,B,Governo do Estado de Sergipe,28,SE,2219574,RREO-Anexo 01,E,,Até o Bimestre (c),TransferenciasCorrentesDeConvenios,Transferências de Convênios,5957943.63,Sergipe
2015,RREO,2,B,Governo do Estado de Sergipe,28,SE,2219574,RREO-Anexo 01,E,,Até o Bimestre (c),TransferenciasDeCapital,TRANSFERÊNCIAS DE CAPITAL,3496143.98,Sergipe
2015,RREO,2,B,Governo do Estado de Sergipe,28,SE,2219574,RREO-Anexo 01,E,,Até o Bimestre (c),TransferenciasDeCapitalDeConvenios,Transferências de Convênios,3496143.98,Sergipe
2015,RREO,2,B,Governo do Estado de Sergipe,28,SE,2219574,RREO-Anexo 06,E,,Até o Bimestre / 2015,RREO6TransferenciasCorrentes,Transferências Correntes,1251931446.34,Sergipe
2015,RREO,2,B,Governo do Estado de Sergipe,28,SE,2219574,RREO-Anexo 06,E,,Até o Bimestre / 2014,RREO6TransferenciasCorrentes,Transferências Correntes,1123069390.22,Sergipe
2015,RREO,2,B,Governo do Estado de Sergipe,28,SE,2219574,RREO-Anexo 06,E,,Até o Bimestre / 2015,RREO6CotaParteDoFPE,Cota-Parte do FPE,921337967.15,Sergipe
2015,RREO,2,B,Governo do Estado de Sergipe,28,SE,2219574,RREO-Anexo 06,E,,Até o Bimestre / 2014,RREO6CotaParteDoFPE,Cota-Parte do FPE,761973194.6,Sergipe
2015,RREO,2,B,Governo do Estado de Sergipe,28,SE,2219574,RREO-Anexo 06,E,,Até o Bimestre / 2015,RREO6OutrasTransferenciasCorrentes,Outras Transferências Correntes,324635535.56,Sergipe
2015,RREO,2,B,Governo do Estado de Sergipe,28,SE,2219574,RREO-Anexo 06,E,,Até o Bimestre / 2014,RREO6OutrasTransferenciasCorrentes,Outras Transferências Correntes,347027233.97,Sergipe
2015,RREO,2,B,Governo do Estado de Sergipe,28,SE,2219574,RREO-Anexo 06,E,,Até o Bimestre / 2015,RREO6TransferenciasDeCapital,Transferências de Capital,3496143.98,Sergipe
2015,RREO,2,B,Governo do Estado de Sergipe,28,SE,2219574,RREO-Anexo 06,E,,Até o Bimestre / 2014,RREO6TransferenciasDeCapital,Transferências de Capital,31374048.04,Sergipe
2015,RREO,3,B,Governo do Estado de Sergipe,28,SE,2219574,RREO-Anexo 01,E,,Até o Bimestre (c),TransferenciasCorrentes,TRANSFERÊNCIAS CORRENTES,1896020522.52,Sergipe
2015,RREO,3,B,Governo do Estado de Sergipe,28,SE,2219574,RREO-Anexo 01,E,,Até o Bimestre (c),TransferenciasCorrentesIntergovernamentais,Transferências Intergovernamentais,1879850269.8,Sergipe
2015,RREO,3,B,Governo do Estado de Sergipe,28,SE,2219574,RREO-Anexo 01,E,,Até o Bimestre (c),TransferenciasCorrentesDeConvenios,Transferências de Convênios,16170252.72,Sergipe
2015,RREO,3,B,Governo do Estado de Sergipe,28,SE,2219574,RREO-Anexo 01,E,,Até o Bimestre (c),TransferenciasDeCapital,TRANSFERÊNCIAS DE CAPITAL,3496143.98,Sergipe
2015,RREO,3,B,Governo do Estado de Sergipe,28,SE,2219574,RREO-Anexo 01,E,,Até o Bimestre (c),TransferenciasDeCapitalDeConvenios,Transferências de Convênios,3496143.98,Sergipe
2015,RREO,3,B,Governo do Estado de Sergipe,28,SE,2219574,RREO-Anexo 06,E,,Até o Bimestre / 2015,RREO6TransferenciasCorrentes,Transferências Correntes,1896020522.52,Sergipe
2015,RREO,3,B,Governo do Estado de Sergipe,28,SE,2219574,RREO-Anexo 06,E,,Até o Bimestre / 2014,RREO6TransferenciasCorrentes,Transferências Correntes,1824168748.0,Sergipe
2015,RREO,3,B,Governo do Estado de Sergipe,28,SE,2219574,RREO-Anexo 06,E,,Até o Bimestre / 2015,RREO6CotaParteDoFPE,Cota-Parte do FPE,1398022234.3,Sergipe
2015,RREO,3,B,Governo do Estado de Sergipe,28,SE,2219574,RREO-Anexo 06,E,,Até o Bimestre / 2014,RREO6CotaParteDoFPE,Cota-Parte do FPE,1297701491.77,Sergipe
2015,RREO,3,B,Governo do Estado de Sergipe,28,SE,2219574,RREO-Anexo 06,E,,Até o Bimestre / 2015,RREO6OutrasTransferenciasCorrentes,Outras Transferências Correntes,481828035.5,Sergipe
2015,RREO,3,B,Governo do Estado de Sergipe,28,SE,2219574,RREO-Anexo 06,E,,Até o Bimestre / 2014,RREO6OutrasTransferenciasCorrentes,Outras Transferências Correntes,499770197.22,Sergipe
2015,RREO,3,B,Governo do Estado de Sergipe,28,SE,2219574,RREO-Anexo 06,E,,Até o Bimestre / 2015,RREO6TransferenciasDeCapital,Transferências de Capital,3496143.98,Sergipe
2015,RREO,3,B,Governo do Estado de Sergipe,28,SE,2219574,RREO-Anexo 06,E,,Até o Bimestre / 2014,RREO6TransferenciasDeCapital,Transferências de Capital,142659709.91,Sergipe
2015,RREO,4,B,Governo do Estado de Sergipe,28,SE,2219574,RREO-Anexo 01,E,,Até o Bimestre (c),TransferenciasCorrentes,TRANSFERÊNCIAS CORRENTES,2362321525.14,Sergipe
2015,RREO,4,B,Governo do Estado de Sergipe,28,SE,2219574,RREO-Anexo 01,E,,Até o Bimestre (c),TransferenciasCorrentesIntergovernamentais,Transferências Intergovernamentais,2331035570.43,Sergipe
2015,RREO,4,B,Governo do Estado de Sergipe,28,SE,2219574,RREO-Anexo 01,E,,Até o Bimestre (c),TransferenciasCorrentesDeInstituicoesPrivadas,Transferências de Instituições Privadas,208509.91,Sergipe
2015,RREO,4,B,Governo do Estado de Sergipe,28,SE,2219574,RREO-Anexo 01,E,,Até o Bimestre (c),TransferenciasCorrentesDeConvenios,Transferências de Convênios,31077444.8,Sergipe
2015,RREO,4,B,Governo do Estado de Sergipe,28,SE,2219574,RREO-Anexo 01,E,,Até o Bimestre (c),TransferenciasDeCapital,TRANSFERÊNCIAS DE CAPITAL,3496143.98,Sergipe
2015,RREO,4,B,Governo do Estado de Sergipe,28,SE,2219574,RREO-Anexo 01,E,,Até o Bimestre (c),TransferenciasDeCapitalDeConvenios,Transferências de Convênios,3496143.98,Sergipe
2015,RREO,4,B,Governo do Estado de Sergipe,28,SE,2219574,RREO-Anexo 06,E,,Até o Bimestre / 2015,RREO6TransferenciasCorrentes,Transferências Correntes,2362321525.14,Sergipe
2015,RREO,4,B,Governo do Estado de Sergipe,28,SE,2219574,RREO-Anexo 06,E,,Até o Bimestre / 2014,RREO6TransferenciasCorrentes,Transferências Correntes,2335085881.58,Sergipe
2015,RREO,4,B,Governo do Estado de Sergipe,28,SE,2219574,RREO-Anexo 06,E,,Até o Bimestre / 2015,RREO6CotaParteDoFPE,Cota-Parte do FPE,1754322258.07,Sergipe
2015,RREO,4,B,Governo do Estado de Sergipe,28,SE,2219574,RREO-Anexo 06,E,,Até o Bimestre / 2014,RREO6CotaParteDoFPE,Cota-Parte do FPE,1646725356.27,Sergipe
2015,RREO,4,B,Governo do Estado de Sergipe,28,SE,2219574,RREO-Anexo 06,E,,Até o Bimestre / 2015,RREO6OutrasTransferenciasCorrentes,Outras Transferências Correntes,576921822.27,Sergipe
2015,RREO,4,B,Governo do Estado de Sergipe,28,SE,2219574,RREO-Anexo 06,E,,Até o Bimestre / 2014,RREO6OutrasTransferenciasCorrentes,Outras Transferências Correntes,657717936.37,Sergipe
2015,RREO,4,B,Governo do Estado de Sergipe,28,SE,2219574,RREO-Anexo 06,E,,Até o Bimestre / 2015,RREO6TransferenciasDeCapital,Transferências de Capital,3496143.98,Sergipe
2015,RREO,4,B,Governo do Estado de Sergipe,28,SE,2219574,RREO-Anexo 06,E,,Até o Bimestre / 2014,RREO6TransferenciasDeCapital,Transferências de Capital,154833613.17,Sergipe
2015,RREO,5,B,Governo do Estado de Sergipe,28,SE,2219574,RREO-Anexo 01,E,,Até o Bimestre (c),TransferenciasCorrentes,TRANSFERÊNCIAS CORRENTES,2844300753.16,Sergipe
2015,RREO,5,B,Governo do Estado de Sergipe,28,SE,2219574,RREO-Anexo 01,E,,Até o Bimestre (c),TransferenciasCorrentesIntergovernamentais,Transferências Intergovernamentais,2810370324.29,Sergipe
2015,RREO,5,B,Governo do Estado de Sergipe,28,SE,2219574,RREO-Anexo 01,E,,Até o Bimestre (c),TransferenciasCorrentesDeInstituicoesPrivadas,Transferências de Instituições Privadas,413719.22,Sergipe
2015,RREO,5,B,Governo do Estado de Sergipe,28,SE,2219574,RREO-Anexo 01,E,,Até o Bimestre (c),TransferenciasCorrentesDeConvenios,Transferências de Convênios,33516709.65,Sergipe
2015,RREO,5,B,Governo do Estado de Sergipe,28,SE,2219574,RREO-Anexo 01,E,,Até o Bimestre (c),TransferenciasDeCapital,TRANSFERÊNCIAS DE CAPITAL,4056143.98,Sergipe
2015,RREO,5,B,Governo do Estado de Sergipe,28,SE,2219574,RREO-Anexo 01,E,,Até o Bimestre (c),TransferenciasDeCapitalDeConvenios,Transferências de Convênios,4056143.98,Sergipe
2015,RREO,5,B,Governo do Estado de Sergipe,28,SE,2219574,RREO-Anexo 06,E,,Até o Bimestre / 2015,RREO6TransferenciasCorrentes,Transferências Correntes,2844300753.16,Sergipe
2015,RREO,5,B,Governo do Estado de Sergipe,28,SE,2219574,RREO-Anexo 06,E,,Até o Bimestre / 2014,RREO6TransferenciasCorrentes,Transferências Correntes,2816262394.83,Sergipe
2015,RREO,5,B,Governo do Estado de Sergipe,28,SE,2219574,RREO-Anexo 06,E,,Até o Bimestre / 2015,RREO6CotaParteDoFPE,Cota-Parte do FPE,2096713617.58,Sergipe
2015,RREO,5,B,Governo do Estado de Sergipe,28,SE,2219574,RREO-Anexo 06,E,,Até o Bimestre / 2014,RREO6CotaParteDoFPE,Cota-Parte do FPE,1973137387.16,Sergipe
2015,RREO,5,B,Governo do Estado de Sergipe,28,SE,2219574,RREO-Anexo 06,E,,Até o Bimestre / 2015,RREO6OutrasTransferenciasCorrentes,Outras Transferências Correntes,714070425.93,Sergipe
2015,RREO,5,B,Governo do Estado de Sergipe,28,SE,2219574,RREO-Anexo 06,E,,Até o Bimestre / 2014,RREO6OutrasTransferenciasCorrentes,Outras Transferências Correntes,811735355.44,Sergipe
2015,RREO,5,B,Governo do Estado de Sergipe,28,SE,2219574,RREO-Anexo 06,E,,Até o Bimestre / 2015,RREO6TransferenciasDeCapital,Transferências de Capital,4056143.98,Sergipe
2015,RREO,5,B,Governo do Estado de Sergipe,28,SE,2219574,RREO-Anexo 06,E,,Até o Bimestre / 2014,RREO6TransferenciasDeCapital,Transferências de Capital,178267590.72,Sergipe
2015,RREO,6,B,Governo do Estado de Sergipe,28,SE,2219574,RREO-Anexo 01,E,,Até o Bimestre (c),TransferenciasCorrentes,TRANSFERÊNCIAS CORRENTES,3437805103.09,Sergipe
2015,RREO,6,B,Governo do Estado de Sergipe,28,SE,2219574,RREO-Anexo 01,E,,Até o Bimestre (c),TransferenciasCorrentesIntergovernamentais,Transferências Intergovernamentais,3399071073.36,Sergipe
2015,RREO,6,B,Governo do Estado de Sergipe,28,SE,2219574,RREO-Anexo 01,E,,Até o Bimestre (c),TransferenciasCorrentesDeInstituicoesPrivadas,Transferências de Instituições Privadas,675199.2,Sergipe
2015,RREO,6,B,Governo do Estado de Sergipe,28,SE,2219574,RREO-Anexo 01,E,,Até o Bimestre (c),TransferenciasCorrentesDeConvenios,Transferências de Convênios,38058830.53,Sergipe
2015,RREO,6,B,Governo do Estado de Sergipe,28,SE,2219574,RREO-Anexo 01,E,,Até o Bimestre (c),TransferenciasDeCapital,TRANSFERÊNCIAS DE CAPITAL,5651079.62,Sergipe
2015,RREO,6,B,Governo do Estado de Sergipe,28,SE,2219574,RREO-Anexo 01,E,,Até o Bimestre (c),TransferenciasDeCapitalDeConvenios,Transferências de Convênios,5651079.62,Sergipe
2015,RREO,6,B,Governo do Estado de Sergipe,28,SE,2219574,RREO-Anexo 06,E,,Até o Bimestre / 2015,RREO6TransferenciasCorrentes,Transferências Correntes,3437805103.09,Sergipe
2015,RREO,6,B,Governo do Estado de Sergipe,28,SE,2219574,RREO-Anexo 06,E,,Até o Bimestre / 2014,RREO6TransferenciasCorrentes,Transferências Correntes,3435849001.34,Sergipe
2015,RREO,6,B,Governo do Estado de Sergipe,28,SE,2219574,RREO-Anexo 06,E,,Até o Bimestre / 2015,RREO6CotaParteDoFPE,Cota-Parte do FPE,2539125062.6,Sergipe
2015,RREO,6,B,Governo do Estado de Sergipe,28,SE,2219574,RREO-Anexo 06,E,,Até o Bimestre / 2014,RREO6CotaParteDoFPE,Cota-Parte do FPE,2413654119.6,Sergipe
2015,RREO,6,B,Governo do Estado de Sergipe,28,SE,2219574,RREO-Anexo 06,E,,Até o Bimestre / 2015,RREO6OutrasTransferenciasCorrentes,Outras Transferências Correntes,860621209.96,Sergipe
2015,RREO,6,B,Governo do Estado de Sergipe,28,SE,2219574,RREO-Anexo 06,E,,Até o Bimestre / 2014,RREO6OutrasTransferenciasCorrentes,Outras Transferências Correntes,986346422.0,Sergipe
2015,RREO,6,B,Governo do Estado de Sergipe,28,SE,2219574,RREO-Anexo 06,E,,Até o Bimestre / 2015,RREO6TransferenciasDeCapital,Transferências de Capital,5651079.62,Sergipe
2015,RREO,6,B,Governo do Estado de Sergipe,28,SE,2219574,RREO-Anexo 06,E,,Até o Bimestre / 2014,RREO6TransferenciasDeCapital,Transferências de Capital,216518335.75,Sergipe
2016,RREO,1,B,Governo do Estado de Sergipe,28,SE,2242937,RREO-Anexo 01,E,,Até o Bimestre (c),TransferenciasCorrentes,TRANSFERÊNCIAS CORRENTES,662097401.77,Sergipe
2016,RREO,1,B,Governo do Estado de Sergipe,28,SE,2242937,RREO-Anexo 01,E,,Até o Bimestre (c),TransferenciasCorrentesIntergovernamentais,Transferências Intergovernamentais,655934440.34,Sergipe
2016,RREO,1,B,Governo do Estado de Sergipe,28,SE,2242937,RREO-Anexo 01,E,,Até o Bimestre (c),TransferenciasCorrentesDeInstituicoesPrivadas,Transferências de Instituições Privadas,123493.36,Sergipe
2016,RREO,1,B,Governo do Estado de Sergipe,28,SE,2242937,RREO-Anexo 01,E,,Até o Bimestre (c),TransferenciasCorrentesDeConvenios,Transferências de Convênios,6039468.07,Sergipe
2016,RREO,1,B,Governo do Estado de Sergipe,28,SE,2242937,RREO-Anexo 01,E,,Até o Bimestre (c),TransferenciasDeCapital,TRANSFERÊNCIAS DE CAPITAL,4726464.89,Sergipe
2016,RREO,1,B,Governo do Estado de Sergipe,28,SE,2242937,RREO-Anexo 01,E,,Até o Bimestre (c),TransferenciasDeCapitalDeConvenios,Transferências de Convênios,4726464.89,Sergipe
2016,RREO,1,B,Governo do Estado de Sergipe,28,SE,2242937,RREO-Anexo 06,E,,Até o Bimestre / 2016,RREO6TransferenciasCorrentes,Transferências Correntes,662097401.77,Sergipe
2016,RREO,1,B,Governo do Estado de Sergipe,28,SE,2242937,RREO-Anexo 06,E,,Até o Bimestre / 2015,RREO6TransferenciasCorrentes,Transferências Correntes,701243645.65,Sergipe
2016,RREO,1,B,Governo do Estado de Sergipe,28,SE,2242937,RREO-Anexo 06,E,,Até o Bimestre / 2016,RREO6CotaParteDoFPE,Cota-Parte do FPE,507448805.35,Sergipe
2016,RREO,1,B,Governo do Estado de Sergipe,28,SE,2242937,RREO-Anexo 06,E,,Até o Bimestre / 2015,RREO6CotaParteDoFPE,Cota-Parte do FPE,521999807.33,Sergipe
2016,RREO,1,B,Governo do Estado de Sergipe,28,SE,2242937,RREO-Anexo 06,E,,Até o Bimestre / 2016,RREO6OutrasTransferenciasCorrentes,Outras Transferências Correntes,148609128.35,Sergipe
2016,RREO,1,B,Governo do Estado de Sergipe,28,SE,2242937,RREO-Anexo 06,E,,Até o Bimestre / 2015,RREO6OutrasTransferenciasCorrentes,Outras Transferências Correntes,173745894.69,Sergipe
2016,RREO,1,B,Governo do Estado de Sergipe,28,SE,2242937,RREO-Anexo 06,E,,Até o Bimestre / 2016,RREO6TransferenciasDeCapital,Transferências de Capital,4726464.89,Sergipe
2016,RREO,2,B,Governo do Estado de Sergipe,28,SE,2242937,RREO-Anexo 01,E,,Até o Bimestre (c),TransferenciasCorrentes,TRANSFERÊNCIAS CORRENTES,1184165483.18,Sergipe
2016,RREO,2,B,Governo do Estado de Sergipe,28,SE,2242937,RREO-Anexo 01,E,,Até o Bimestre (c),TransferenciasCorrentesIntergovernamentais,Transferências Intergovernamentais,1161813705.04,Sergipe
2016,RREO,2,B,Governo do Estado de Sergipe,28,SE,2242937,RREO-Anexo 01,E,,Até o Bimestre (c),TransferenciasCorrentesDeInstituicoesPrivadas,Transferências de Instituições Privadas,334303.11,Sergipe
2016,RREO,2,B,Governo do Estado de Sergipe,28,SE,2242937,RREO-Anexo 01,E,,Até o Bimestre (c),TransferenciasCorrentesDeConvenios,Transferências de Convênios,22017475.03,Sergipe
2016,RREO,2,B,Governo do Estado de Sergipe,28,SE,2242937,RREO-Anexo 01,E,,Até o Bimestre (c),TransferenciasDeCapital,TRANSFERÊNCIAS DE CAPITAL,6878040.85,Sergipe
2016,RREO,2,B,Governo do Estado de Sergipe,28,SE,2242937,RREO-Anexo 01,E,,Até o Bimestre (c),TransferenciasDeCapitalDeConvenios,Transferências de Convênios,6878040.85,Sergipe
2016,RREO,2,B,Governo do Estado de Sergipe,28,SE,2242937,RREO-Anexo 06,E,,Até o Bimestre / 2016,RREO6TransferenciasCorrentes,Transferências Correntes,1184165483.18,Sergipe
2016,RREO,2,B,Governo do Estado de Sergipe,28,SE,2242937,RREO-Anexo 06,E,,Até o Bimestre / 2015,RREO6TransferenciasCorrentes,Transferências Correntes,1251931446.34,Sergipe
2016,RREO,2,B,Governo do Estado de Sergipe,28,SE,2242937,RREO-Anexo 06,E,,Até o Bimestre / 2016,RREO6CotaParteDoFPE,Cota-Parte do FPE,882710220.88,Sergipe
2016,RREO,2,B,Governo do Estado de Sergipe,28,SE,2242937,RREO-Anexo 06,E,,Até o Bimestre / 2015,RREO6CotaParteDoFPE,Cota-Parte do FPE,921337967.15,Sergipe
2016,RREO,2,B,Governo do Estado de Sergipe,28,SE,2242937,RREO-Anexo 06,E,,Até o Bimestre / 2016,RREO6OutrasTransferenciasCorrentes,Outras Transferências Correntes,279437787.27,Sergipe
2016,RREO,2,B,Governo do Estado de Sergipe,28,SE,2242937,RREO-Anexo 06,E,,Até o Bimestre / 2015,RREO6OutrasTransferenciasCorrentes,Outras Transferências Correntes,324635535.56,Sergipe
2016,RREO,2,B,Governo do Estado de Sergipe,28,SE,2242937,RREO-Anexo 06,E,,Até o Bimestre / 2016,RREO6TransferenciasDeCapital,Transferências de Capital,6878040.85,Sergipe
2016,RREO,2,B,Governo do Estado de Sergipe,28,SE,2242937,RREO-Anexo 06,E,,Até o Bimestre / 2015,RREO6TransferenciasDeCapital,Transferências de Capital,3496143.98,Sergipe
2016,RREO,3,B,Governo do Estado de Sergipe,28,SE,2242937,RREO-Anexo 01,E,,Até o Bimestre (c),TransferenciasCorrentes,TRANSFERÊNCIAS CORRENTES,1848869999.85,Sergipe
2016,RREO,3,B,Governo do Estado de Sergipe,28,SE,2242937,RREO-Anexo 01,E,,Até o Bimestre (c),TransferenciasCorrentesIntergovernamentais,Transferências Intergovernamentais,1813393697.0,Sergipe
2016,RREO,3,B,Governo do Estado de Sergipe,28,SE,2242937,RREO-Anexo 01,E,,Até o Bimestre (c),TransferenciasCorrentesDeInstituicoesPrivadas,Transferências de Instituições Privadas,549303.03,Sergipe
2016,RREO,3,B,Governo do Estado de Sergipe,28,SE,2242937,RREO-Anexo 01,E,,Até o Bimestre (c),TransferenciasCorrentesDeConvenios,Transferências de Convênios,34926999.82,Sergipe
2016,RREO,3,B,Governo do Estado de Sergipe,28,SE,2242937,RREO-Anexo 01,E,,Até o Bimestre (c),TransferenciasDeCapital,TRANSFERÊNCIAS DE CAPITAL,9878040.85,Sergipe
2016,RREO,3,B,Governo do Estado de Sergipe,28,SE,2242937,RREO-Anexo 01,E,,Até o Bimestre (c),TransferenciasDeCapitalDeConvenios,Transferências de Convênios,9878040.85,Sergipe
2016,RREO,3,B,Governo do Estado de Sergipe,28,SE,2242937,RREO-Anexo 06,E,,Até o Bimestre / 2016,RREO6TransferenciasCorrentes,Transferências Correntes,1848869999.85,Sergipe
2016,RREO,3,B,Governo do Estado de Sergipe,28,SE,2242937,RREO-Anexo 06,E,,Até o Bimestre / 2015,RREO6TransferenciasCorrentes,Transferências Correntes,1896020522.52,Sergipe
2016,RREO,3,B,Governo do Estado de Sergipe,28,SE,2242937,RREO-Anexo 06,E,,Até o Bimestre / 2016,RREO6CotaParteDoFPE,Cota-Parte do FPE,1377625789.48,Sergipe
2016,RREO,3,B,Governo do Estado de Sergipe,28,SE,2242937,RREO-Anexo 06,E,,Até o Bimestre / 2015,RREO6CotaParteDoFPE,Cota-Parte do FPE,1398022234.3,Sergipe
2016,RREO,3,B,Governo do Estado de Sergipe,28,SE,2242937,RREO-Anexo 06,E,,Até o Bimestre / 2016,RREO6OutrasTransferenciasCorrentes,Outras Transferências Correntes,436317210.55,Sergipe
2016,RREO,3,B,Governo do Estado de Sergipe,28,SE,2242937,RREO-Anexo 06,E,,Até o Bimestre / 2015,RREO6OutrasTransferenciasCorrentes,Outras Transferências Correntes,481828035.5,Sergipe
2016,RREO,3,B,Governo do Estado de Sergipe,28,SE,2242937,RREO-Anexo 06,E,,Até o Bimestre / 2016,RREO6TransferenciasDeCapital,Transferências de Capital,9878040.85,Sergipe
2016,RREO,3,B,Governo do Estado de Sergipe,28,SE,2242937,RREO-Anexo 06,E,,Até o Bimestre / 2015,RREO6TransferenciasDeCapital,Transferências de Capital,3496143.98,Sergipe
2016,RREO,4,B,Governo do Estado de Sergipe,28,SE,2242937,RREO-Anexo 01,E,,Até o Bimestre (c),TransferenciasCorrentes,TRANSFERÊNCIAS CORRENTES,2353395823.63,Sergipe
2016,RREO,4,B,Governo do Estado de Sergipe,28,SE,2242937,RREO-Anexo 01,E,,Até o Bimestre (c),TransferenciasCorrentesIntergovernamentais,Transferências Intergovernamentais,2311895466.76,Sergipe
2016,RREO,4,B,Governo do Estado de Sergipe,28,SE,2242937,RREO-Anexo 01,E,,Até o Bimestre (c),TransferenciasCorrentesDeInstituicoesPrivadas,Transferências de Instituições Privadas,746702.68,Sergipe
2016,RREO,4,B,Governo do Estado de Sergipe,28,SE,2242937,RREO-Anexo 01,E,,Até o Bimestre (c),TransferenciasCorrentesDeConvenios,Transferências de Convênios,40753654.19,Sergipe
2016,RREO,4,B,Governo do Estado de Sergipe,28,SE,2242937,RREO-Anexo 01,E,,Até o Bimestre (c),TransferenciasDeCapital,TRANSFERÊNCIAS DE CAPITAL,12969285.14,Sergipe
2016,RREO,4,B,Governo do Estado de Sergipe,28,SE,2242937,RREO-Anexo 01,E,,Até o Bimestre (c),TransferenciasDeCapitalDeConvenios,Transferências de Convênios,12969285.14,Sergipe
2016,RREO,4,B,Governo do Estado de Sergipe,28,SE,2242937,RREO-Anexo 06,E,,Até o Bimestre / 2016,RREO6TransferenciasCorrentes,Transferências Correntes,2353395823.63,Sergipe
2016,RREO,4,B,Governo do Estado de Sergipe,28,SE,2242937,RREO-Anexo 06,E,,Até o Bimestre / 2015,RREO6TransferenciasCorrentes,Transferências Correntes,2362321525.14,Sergipe
2016,RREO,4,B,Governo do Estado de Sergipe,28,SE,2242937,RREO-Anexo 06,E,,Até o Bimestre / 2016,RREO6CotaParteDoFPE,Cota-Parte do FPE,1741282933.31,Sergipe
2016,RREO,4,B,Governo do Estado de Sergipe,28,SE,2242937,RREO-Anexo 06,E,,Até o Bimestre / 2015,RREO6CotaParteDoFPE,Cota-Parte do FPE,1754322258.07,Sergipe
2016,RREO,4,B,Governo do Estado de Sergipe,28,SE,2242937,RREO-Anexo 06,E,,Até o Bimestre / 2016,RREO6OutrasTransferenciasCorrentes,Outras Transferências Correntes,571359236.13,Sergipe
2016,RREO,4,B,Governo do Estado de Sergipe,28,SE,2242937,RREO-Anexo 06,E,,Até o Bimestre / 2015,RREO6OutrasTransferenciasCorrentes,Outras Transferências Correntes,576921822.27,Sergipe
2016,RREO,4,B,Governo do Estado de Sergipe,28,SE,2242937,RREO-Anexo 06,E,,Até o Bimestre / 2016,RREO6TransferenciasDeCapital,Transferências de Capital,12969285.14,Sergipe
2016,RREO,4,B,Governo do Estado de Sergipe,28,SE,2242937,RREO-Anexo 06,E,,Até o Bimestre / 2015,RREO6TransferenciasDeCapital,Transferências de Capital,3496143.98,Sergipe
2016,RREO,5,B,Governo do Estado de Sergipe,28,SE,2242937,RREO-Anexo 01,E,,Até o Bimestre (c),TransferenciasCorrentes,TRANSFERÊNCIAS CORRENTES,2847835291.87,Sergipe
2016,RREO,5,B,Governo do Estado de Sergipe,28,SE,2242937,RREO-Anexo 01,E,,Até o Bimestre (c),TransferenciasCorrentesIntergovernamentais,Transferências Intergovernamentais,2804905086.59,Sergipe
2016,RREO,5,B,Governo do Estado de Sergipe,28,SE,2242937,RREO-Anexo 01,E,,Até o Bimestre (c),TransferenciasCorrentesDeInstituicoesPrivadas,Transferências de Instituições Privadas,931301.17,Sergipe
2016,RREO,5,B,Governo do Estado de Sergipe,28,SE,2242937,RREO-Anexo 01,E,,Até o Bimestre (c),TransferenciasCorrentesDeConvenios,Transferências de Convênios,41998904.11,Sergipe
2016,RREO,5,B,Governo do Estado de Sergipe,28,SE,2242937,RREO-Anexo 01,E,,Até o Bimestre (c),TransferenciasDeCapital,TRANSFERÊNCIAS DE CAPITAL,16963778.83,Sergipe
2016,RREO,5,B,Governo do Estado de Sergipe,28,SE,2242937,RREO-Anexo 01,E,,Até o Bimestre (c),TransferenciasDeCapitalDeConvenios,Transferências de Convênios,16963778.83,Sergipe
2016,RREO,5,B,Governo do Estado de Sergipe,28,SE,2242937,RREO-Anexo 06,E,,Até o Bimestre / 2016,RREO6TransferenciasCorrentes,Transferências Correntes,2847835291.87,Sergipe
2016,RREO,5,B,Governo do Estado de Sergipe,28,SE,2242937,RREO-Anexo 06,E,,Até o Bimestre / 2015,RREO6TransferenciasCorrentes,Transferências Correntes,2844300753.16,Sergipe
2016,RREO,5,B,Governo do Estado de Sergipe,28,SE,2242937,RREO-Anexo 06,E,,Até o Bimestre / 2016,RREO6CotaParteDoFPE,Cota-Parte do FPE,2101901311.48,Sergipe
2016,RREO,5,B,Governo do Estado de Sergipe,28,SE,2242937,RREO-Anexo 06,E,,Até o Bimestre / 2015,RREO6CotaParteDoFPE,Cota-Parte do FPE,2096713617.58,Sergipe
2016,RREO,5,B,Governo do Estado de Sergipe,28,SE,2242937,RREO-Anexo 06,E,,Até o Bimestre / 2016,RREO6OutrasTransferenciasCorrentes,Outras Transferências Correntes,703935076.28,Sergipe
2016,RREO,5,B,Governo do Estado de Sergipe,28,SE,2242937,RREO-Anexo 06,E,,Até o Bimestre / 2015,RREO6OutrasTransferenciasCorrentes,Outras Transferências Correntes,714070425.93,Sergipe
2016,RREO,5,B,Governo do Estado de Sergipe,28,SE,2242937,RREO-Anexo 06,E,,Até o Bimestre / 2016,RREO6TransferenciasDeCapital,Transferências de Capital,16963778.83,Sergipe
2016,RREO,5,B,Governo do Estado de Sergipe,28,SE,2242937,RREO-Anexo 06,E,,Até o Bimestre / 2015,RREO6TransferenciasDeCapital,Transferências de Capital,4056143.98,Sergipe
2016,RREO,6,B,Governo do Estado de Sergipe,28,SE,2242937,RREO-Anexo 01,E,,Até o Bimestre (c),TransferenciasCorrentes,TRANSFERÊNCIAS CORRENTES,3839769100.42,Sergipe
2016,RREO,6,B,Governo do Estado de Sergipe,28,SE,2242937,RREO-Anexo 01,E,,Até o Bimestre (c),TransferenciasCorrentesIntergovernamentais,Transferências Intergovernamentais,3790153588.2,Sergipe
2016,RREO,6,B,Governo do Estado de Sergipe,28,SE,2242937,RREO-Anexo 01,E,,Até o Bimestre (c),TransferenciasCorrentesDeInstituicoesPrivadas,Transferências de Instituições Privadas,1328457.7,Sergipe
2016,RREO,6,B,Governo do Estado de Sergipe,28,SE,2242937,RREO-Anexo 01,E,,Até o Bimestre (c),TransferenciasCorrentesDeConvenios,Transferências de Convênios,48287054.52,Sergipe
2016,RREO,6,B,Governo do Estado de Sergipe,28,SE,2242937,RREO-Anexo 01,E,,Até o Bimestre (c),TransferenciasDeCapital,TRANSFERÊNCIAS DE CAPITAL,33292448.53,Sergipe
2016,RREO,6,B,Governo do Estado de Sergipe,28,SE,2242937,RREO-Anexo 01,E,,Até o Bimestre (c),TransferenciasDeCapitalDeConvenios,Transferências de Convênios,33292448.53,Sergipe
2016,RREO,6,B,Governo do Estado de Sergipe,28,SE,2242937,RREO-Anexo 06,E,,Até o Bimestre / 2016,RREO6TransferenciasCorrentes,Transferências Correntes,3839769100.42,Sergipe
2016,RREO,6,B,Governo do Estado de Sergipe,28,SE,2242937,RREO-Anexo 06,E,,Até o Bimestre / 2015,RREO6TransferenciasCorrentes,Transferências Correntes,3437805103.09,Sergipe
2016,RREO,6,B,Governo do Estado de Sergipe,28,SE,2242937,RREO-Anexo 06,E,,Até o Bimestre / 2016,RREO6CotaParteDoFPE,Cota-Parte do FPE,2859685856.6,Sergipe
2016,RREO,6,B,Governo do Estado de Sergipe,28,SE,2242937,RREO-Anexo 06,E,,Até o Bimestre / 2015,RREO6CotaParteDoFPE,Cota-Parte do FPE,2539125062.6,Sergipe
2016,RREO,6,B,Governo do Estado de Sergipe,28,SE,2242937,RREO-Anexo 06,E,,Até o Bimestre / 2016,RREO6OutrasTransferenciasCorrentes,Outras Transferências Correntes,931796189.3,Sergipe
2016,RREO,6,B,Governo do Estado de Sergipe,28,SE,2242937,RREO-Anexo 06,E,,Até o Bimestre / 2015,RREO6OutrasTransferenciasCorrentes,Outras Transferências Correntes,860621209.96,Sergipe
2016,RREO,6,B,Governo do Estado de Sergipe,28,SE,2242937,RREO-Anexo 06,E,,Até o Bimestre / 2016,RREO6TransferenciasDeCapital,Transferências de Capital,33292448.53,Sergipe
2016,RREO,6,B,Governo do Estado de Sergipe,28,SE,2242937,RREO-Anexo 06,E,,Até o Bimestre / 2015,RREO6TransferenciasDeCapital,Transferências de Capital,5651079.62,Sergipe
2017,RREO,1,B,Governo do Estado de Sergipe,28,SE,2265779,RREO-Anexo 01,E,,Até o Bimestre (c),TransferenciasCorrentes,TRANSFERÊNCIAS CORRENTES,713786218.99,Sergipe
2017,RREO,1,B,Governo do Estado de Sergipe,28,SE,2265779,RREO-Anexo 01,E,,Até o Bimestre (c),TransferenciasCorrentesIntergovernamentais,Transferências Intergovernamentais,713516479.31,Sergipe
2017,RREO,1,B,Governo do Estado de Sergipe,28,SE,2265779,RREO-Anexo 01,E,,Até o Bimestre (c),TransferenciasCorrentesDeInstituicoesPrivadas,Transferências de Instituições Privadas,131163.33,Sergipe
2017,RREO,1,B,Governo do Estado de Sergipe,28,SE,2265779,RREO-Anexo 01,E,,Até o Bimestre (c),TransferenciasCorrentesDeConvenios,Transferências de Convênios,138576.35,Sergipe
2017,RREO,1,B,Governo do Estado de Sergipe,28,SE,2265779,RREO-Anexo 01,E,,Até o Bimestre (c),TransferenciasDeCapital,TRANSFERÊNCIAS DE CAPITAL,9700853.0,Sergipe
2017,RREO,1,B,Governo do Estado de Sergipe,28,SE,2265779,RREO-Anexo 01,E,,Até o Bimestre (c),TransferenciasDeCapitalDeConvenios,Transferências de Convênios,9700853.0,Sergipe
2017,RREO,1,B,Governo do Estado de Sergipe,28,SE,2265779,RREO-Anexo 06,E,,Até o Bimestre / 2017,RREO6TransferenciasCorrentes,Transferências Correntes,713786218.99,Sergipe
2017,RREO,1,B,Governo do Estado de Sergipe,28,SE,2265779,RREO-Anexo 06,E,,Até o Bimestre / 2016,RREO6TransferenciasCorrentes,Transferências Correntes,662097401.77,Sergipe
2017,RREO,1,B,Governo do Estado de Sergipe,28,SE,2265779,RREO-Anexo 06,E,,Até o Bimestre / 2017,RREO6CotaParteDoFPE,Cota-Parte do FPE,551092888.88,Sergipe
2017,RREO,1,B,Governo do Estado de Sergipe,28,SE,2265779,RREO-Anexo 06,E,,Até o Bimestre / 2016,RREO6CotaParteDoFPE,Cota-Parte do FPE,507448805.35,Sergipe
2017,RREO,1,B,Governo do Estado de Sergipe,28,SE,2265779,RREO-Anexo 06,E,,Até o Bimestre / 2017,RREO6OutrasTransferenciasCorrentes,Outras Transferências Correntes,162554753.76,Sergipe
2017,RREO,1,B,Governo do Estado de Sergipe,28,SE,2265779,RREO-Anexo 06,E,,Até o Bimestre / 2016,RREO6OutrasTransferenciasCorrentes,Outras Transferências Correntes,148609128.35,Sergipe
2017,RREO,1,B,Governo do Estado de Sergipe,28,SE,2265779,RREO-Anexo 06,E,,Até o Bimestre / 2017,RREO6TransferenciasDeCapital,Transferências de Capital,9700853.0,Sergipe
2017,RREO,1,B,Governo do Estado de Sergipe,28,SE,2265779,RREO-Anexo 06,E,,Até o Bimestre / 2016,RREO6TransferenciasDeCapital,Transferências de Capital,4726464.89,Sergipe
2017,RREO,2,B,Governo do Estado de Sergipe,28,SE,2265779,RREO-Anexo 01,E,,Até o Bimestre (c),TransferenciasCorrentes,TRANSFERÊNCIAS CORRENTES,1319525867.81,Sergipe
2017,RREO,2,B,Governo do Estado de Sergipe,28,SE,2265779,RREO-Anexo 01,E,,Até o Bimestre (c),TransferenciasCorrentesIntergovernamentais,Transferências Intergovernamentais,1317297957.61,Sergipe
2017,RREO,2,B,Governo do Estado de Sergipe,28,SE,2265779,RREO-Anexo 01,E,,Até o Bimestre (c),TransferenciasCorrentesDeInstituicoesPrivadas,Transferências de Instituições Privadas,329132.91,Sergipe
2017,RREO,2,B,Governo do Estado de Sergipe,28,SE,2265779,RREO-Anexo 01,E,,Até o Bimestre (c),TransferenciasCorrentesDeConvenios,Transferências de Convênios,1898777.29,Sergipe
2017,RREO,2,B,Governo do Estado de Sergipe,28,SE,2265779,RREO-Anexo 01,E,,Até o Bimestre (c),TransferenciasDeCapital,TRANSFERÊNCIAS DE CAPITAL,52047857.61,Sergipe
2017,RREO,2,B,Governo do Estado de Sergipe,28,SE,2265779,RREO-Anexo 01,E,,Até o Bimestre (c),TransferenciasDeCapitalIntergovernamentais,Transferências Intergovernamentais,40784444.44,Sergipe
2017,RREO,2,B,Governo do Estado de Sergipe,28,SE,2265779,RREO-Anexo 01,E,,Até o Bimestre (c),TransferenciasDeCapitalDeConvenios,Transferências de Convênios,11263413.17,Sergipe
2017,RREO,2,B,Governo do Estado de Sergipe,28,SE,2265779,RREO-Anexo 06,E,,Até o Bimestre / 2017,RREO6TransferenciasCorrentes,Transferências Correntes,1319525867.81,Sergipe
2017,RREO,2,B,Governo do Estado de Sergipe,28,SE,2265779,RREO-Anexo 06,E,,Até o Bimestre / 2016,RREO6TransferenciasCorrentes,Transferências Correntes,1184165483.18,Sergipe
2017,RREO,2,B,Governo do Estado de Sergipe,28,SE,2265779,RREO-Anexo 06,E,,Até o Bimestre / 2017,RREO6CotaParteDoFPE,Cota-Parte do FPE,978137985.24,Sergipe
2017,RREO,2,B,Governo do Estado de Sergipe,28,SE,2265779,RREO-Anexo 06,E,,Até o Bimestre / 2016,RREO6CotaParteDoFPE,Cota-Parte do FPE,882710220.88,Sergipe
2017,RREO,2,B,Governo do Estado de Sergipe,28,SE,2265779,RREO-Anexo 06,E,,Até o Bimestre / 2017,RREO6OutrasTransferenciasCorrentes,Outras Transferências Correntes,339489105.28,Sergipe
2017,RREO,2,B,Governo do Estado de Sergipe,28,SE,2265779,RREO-Anexo 06,E,,Até o Bimestre / 2016,RREO6OutrasTransferenciasCorrentes,Outras Transferências Correntes,279437787.27,Sergipe
2017,RREO,2,B,Governo do Estado de Sergipe,28,SE,2265779,RREO-Anexo 06,E,,Até o Bimestre / 2017,RREO6TransferenciasDeCapital,Transferências de Capital,11263413.17,Sergipe
2017,RREO,2,B,Governo do Estado de Sergipe,28,SE,2265779,RREO-Anexo 06,E,,Até o Bimestre / 2016,RREO6TransferenciasDeCapital,Transferências de Capital,6878040.85,Sergipe
2017,RREO,3,B,Governo do Estado de Sergipe,28,SE,2265779,RREO-Anexo 01,E,,Até o Bimestre (c),TransferenciasCorrentes,TRANSFERÊNCIAS CORRENTES,1999197759.43,Sergipe
2017,RREO,3,B,Governo do Estado de Sergipe,28,SE,2265779,RREO-Anexo 01,E,,Até o Bimestre (c),TransferenciasCorrentesIntergovernamentais,Transferências Intergovernamentais,1988174935.43,Sergipe
2017,RREO,3,B,Governo do Estado de Sergipe,28,SE,2265779,RREO-Anexo 01,E,,Até o Bimestre (c),TransferenciasCorrentesDeInstituicoesPrivadas,Transferências de Instituições Privadas,475155.01,Sergipe
2017,RREO,3,B,Governo do Estado de Sergipe,28,SE,2265779,RREO-Anexo 01,E,,Até o Bimestre (c),TransferenciasCorrentesDeConvenios,Transferências de Convênios,10547668.99,Sergipe
2017,RREO,3,B,Governo do Estado de Sergipe,28,SE,2265779,RREO-Anexo 01,E,,Até o Bimestre (c),TransferenciasDeCapital,TRANSFERÊNCIAS DE CAPITAL,68278024.76,Sergipe
2017,RREO,3,B,Governo do Estado de Sergipe,28,SE,2265779,RREO-Anexo 01,E,,Até o Bimestre (c),TransferenciasDeCapitalIntergovernamentais,Transferências Intergovernamentais,40784444.44,Sergipe
2017,RREO,3,B,Governo do Estado de Sergipe,28,SE,2265779,RREO-Anexo 01,E,,Até o Bimestre (c),TransferenciasDeCapitalDeConvenios,Transferências de Convênios,27493580.32,Sergipe
2017,RREO,3,B,Governo do Estado de Sergipe,28,SE,2265779,RREO-Anexo 06,E,,Até o Bimestre / 2017,RREO6TransferenciasCorrentes,Transferências Correntes,1999197759.43,Sergipe
2017,RREO,3,B,Governo do Estado de Sergipe,28,SE,2265779,RREO-Anexo 06,E,,Até o Bimestre / 2016,RREO6TransferenciasCorrentes,Transferências Correntes,1848869999.85,Sergipe
2017,RREO,3,B,Governo do Estado de Sergipe,28,SE,2265779,RREO-Anexo 06,E,,Até o Bimestre / 2017,RREO6CotaParteDoFPE,Cota-Parte do FPE,1487509573.73,Sergipe
2017,RREO,3,B,Governo do Estado de Sergipe,28,SE,2265779,RREO-Anexo 06,E,,Até o Bimestre / 2016,RREO6CotaParteDoFPE,Cota-Parte do FPE,1377625789.48,Sergipe
2017,RREO,3,B,Governo do Estado de Sergipe,28,SE,2265779,RREO-Anexo 06,E,,Até o Bimestre / 2017,RREO6OutrasTransferenciasCorrentes,Outras Transferências Correntes,501140516.71,Sergipe
2017,RREO,3,B,Governo do Estado de Sergipe,28,SE,2265779,RREO-Anexo 06,E,,Até o Bimestre / 2016,RREO6OutrasTransferenciasCorrentes,Outras Transferências Correntes,436317210.55,Sergipe
2017,RREO,3,B,Governo do Estado de Sergipe,28,SE,2265779,RREO-Anexo 06,E,,Até o Bimestre / 2017,RREO6TransferenciasDeCapital,Transferências de Capital,68278024.76,Sergipe
2017,RREO,3,B,Governo do Estado de Sergipe,28,SE,2265779,RREO-Anexo 06,E,,Até o Bimestre / 2016,RREO6TransferenciasDeCapital,Transferências de Capital,9878040.85,Sergipe
2017,RREO,3,B,Governo do Estado de Sergipe,28,SE,2265779,RREO-Anexo 06,E,,Até o Bimestre / 2017,RREO6OutrasTransferenciasDeCapital,Outras Transferências de Capital,40784444.44,Sergipe
2017,RREO,4,B,Governo do Estado de Sergipe,28,SE,2265779,RREO-Anexo 01,E,,Até o Bimestre (c),TransferenciasCorrentes,TRANSFERÊNCIAS CORRENTES,2547837753.26,Sergipe
2017,RREO,4,B,Governo do Estado de Sergipe,28,SE,2265779,RREO-Anexo 01,E,,Até o Bimestre (c),TransferenciasCorrentesIntergovernamentais,Transferências Intergovernamentais,2531646849.23,Sergipe
2017,RREO,4,B,Governo do Estado de Sergipe,28,SE,2265779,RREO-Anexo 01,E,,Até o Bimestre (c),TransferenciasCorrentesDeInstituicoesPrivadas,Transferências de Instituições Privadas,613783.51,Sergipe
2017,RREO,4,B,Governo do Estado de Sergipe,28,SE,2265779,RREO-Anexo 01,E,,Até o Bimestre (c),TransferenciasCorrentesDeConvenios,Transferências de Convênios,15577120.52,Sergipe
2017,RREO,4,B,Governo do Estado de Sergipe,28,SE,2265779,RREO-Anexo 01,E,,Até o Bimestre (c),TransferenciasDeCapital,TRANSFERÊNCIAS DE CAPITAL,72020935.66,Sergipe
2017,RREO,4,B,Governo do Estado de Sergipe,28,SE,2265779,RREO-Anexo 01,E,,Até o Bimestre (c),TransferenciasDeCapitalIntergovernamentais,Transferências Intergovernamentais,40784444.44,Sergipe
2017,RREO,4,B,Governo do Estado de Sergipe,28,SE,2265779,RREO-Anexo 01,E,,Até o Bimestre (c),TransferenciasDeCapitalDeConvenios,Transferências de Convênios,31236491.22,Sergipe
2017,RREO,4,B,Governo do Estado de Sergipe,28,SE,2265779,RREO-Anexo 06,E,,Até o Bimestre / 2017,RREO6TransferenciasCorrentes,Transferências Correntes,2547837753.26,Sergipe
2017,RREO,4,B,Governo do Estado de Sergipe,28,SE,2265779,RREO-Anexo 06,E,,Até o Bimestre / 2016,RREO6TransferenciasCorrentes,Transferências Correntes,2353395823.63,Sergipe
2017,RREO,4,B,Governo do Estado de Sergipe,28,SE,2265779,RREO-Anexo 06,E,,Até o Bimestre / 2017,RREO6CotaParteDoFPE,Cota-Parte do FPE,1888171243.46,Sergipe
2017,RREO,4,B,Governo do Estado de Sergipe,28,SE,2265779,RREO-Anexo 06,E,,Até o Bimestre / 2016,RREO6CotaParteDoFPE,Cota-Parte do FPE,1741282933.31,Sergipe
2017,RREO,4,B,Governo do Estado de Sergipe,28,SE,2265779,RREO-Anexo 06,E,,Até o Bimestre / 2017,RREO6OutrasTransferenciasCorrentes,Outras Transferências Correntes,644089389.28,Sergipe
2017,RREO,4,B,Governo do Estado de Sergipe,28,SE,2265779,RREO-Anexo 06,E,,Até o Bimestre / 2016,RREO6OutrasTransferenciasCorrentes,Outras Transferências Correntes,571359236.13,Sergipe
2017,RREO,4,B,Governo do Estado de Sergipe,28,SE,2265779,RREO-Anexo 06,E,,Até o Bimestre / 2017,RREO6TransferenciasDeCapital,Transferências de Capital,72020935.66,Sergipe
2017,RREO,4,B,Governo do Estado de Sergipe,28,SE,2265779,RREO-Anexo 06,E,,Até o Bimestre / 2016,RREO6TransferenciasDeCapital,Transferências de Capital,12969285.14,Sergipe
2017,RREO,4,B,Governo do Estado de Sergipe,28,SE,2265779,RREO-Anexo 06,E,,Até o Bimestre / 2017,RREO6OutrasTransferenciasDeCapital,Outras Transferências de Capital,40784444.44,Sergipe
2017,RREO,5,B,Governo do Estado de Sergipe,28,SE,2265779,RREO-Anexo 01,E,,Até o Bimestre (c),TransferenciasCorrentes,TRANSFERÊNCIAS CORRENTES,3080078607.45,Sergipe
2017,RREO,5,B,Governo do Estado de Sergipe,28,SE,2265779,RREO-Anexo 01,E,,Até o Bimestre (c),TransferenciasCorrentesIntergovernamentais,Transferências Intergovernamentais,3060617060.18,Sergipe
2017,RREO,5,B,Governo do Estado de Sergipe,28,SE,2265779,RREO-Anexo 01,E,,Até o Bimestre (c),TransferenciasCorrentesDeInstituicoesPrivadas,Transferências de Instituições Privadas,763544.66,Sergipe
2017,RREO,5,B,Governo do Estado de Sergipe,28,SE,2265779,RREO-Anexo 01,E,,Até o Bimestre (c),TransferenciasCorrentesDeConvenios,Transferências de Convênios,18698002.61,Sergipe
2017,RREO,5,B,Governo do Estado de Sergipe,28,SE,2265779,RREO-Anexo 01,E,,Até o Bimestre (c),TransferenciasDeCapital,TRANSFERÊNCIAS DE CAPITAL,76562244.87,Sergipe
2017,RREO,5,B,Governo do Estado de Sergipe,28,SE,2265779,RREO-Anexo 01,E,,Até o Bimestre (c),TransferenciasDeCapitalIntergovernamentais,Transferências Intergovernamentais,40784444.44,Sergipe
2017,RREO,5,B,Governo do Estado de Sergipe,28,SE,2265779,RREO-Anexo 01,E,,Até o Bimestre (c),TransferenciasDeCapitalDeConvenios,Transferências de Convênios,35777800.43,Sergipe
2017,RREO,5,B,Governo do Estado de Sergipe,28,SE,2265779,RREO-Anexo 06,E,,Até o Bimestre / 2017,RREO6TransferenciasCorrentes,Transferências Correntes,3080078607.45,Sergipe
2017,RREO,5,B,Governo do Estado de Sergipe,28,SE,2265779,RREO-Anexo 06,E,,Até o Bimestre / 2016,RREO6TransferenciasCorrentes,Transferências Correntes,2847835291.87,Sergipe
2017,RREO,5,B,Governo do Estado de Sergipe,28,SE,2265779,RREO-Anexo 06,E,,Até o Bimestre / 2017,RREO6CotaParteDoFPE,Cota-Parte do FPE,2268369486.86,Sergipe
2017,RREO,5,B,Governo do Estado de Sergipe,28,SE,2265779,RREO-Anexo 06,E,,Até o Bimestre / 2016,RREO6CotaParteDoFPE,Cota-Parte do FPE,2101901311.48,Sergipe
2017,RREO,5,B,Governo do Estado de Sergipe,28,SE,2265779,RREO-Anexo 06,E,,Até o Bimestre / 2017,RREO6OutrasTransferenciasCorrentes,Outras Transferências Correntes,793011117.98,Sergipe
2017,RREO,5,B,Governo do Estado de Sergipe,28,SE,2265779,RREO-Anexo 06,E,,Até o Bimestre / 2016,RREO6OutrasTransferenciasCorrentes,Outras Transferências Correntes,703935076.28,Sergipe
2017,RREO,5,B,Governo do Estado de Sergipe,28,SE,2265779,RREO-Anexo 06,E,,Até o Bimestre / 2017,RREO6TransferenciasDeCapital,Transferências de Capital,76562244.87,Sergipe
2017,RREO,5,B,Governo do Estado de Sergipe,28,SE,2265779,RREO-Anexo 06,E,,Até o Bimestre / 2016,RREO6TransferenciasDeCapital,Transferências de Capital,16963778.83,Sergipe
2017,RREO,5,B,Governo do Estado de Sergipe,28,SE,2265779,RREO-Anexo 06,E,,Até o Bimestre / 2017,RREO6OutrasTransferenciasDeCapital,Outras Transferências de Capital,40784444.44,Sergipe
2017,RREO,6,B,Governo do Estado de Sergipe,28,SE,2265779,RREO-Anexo 01,E,Padrão,Até o Bimestre (c),TransferenciasCorrentes,TRANSFERÊNCIAS CORRENTES,3749836493.81,Sergipe
2017,RREO,6,B,Governo do Estado de Sergipe,28,SE,2265779,RREO-Anexo 01,E,Padrão,Até o Bimestre (c),TransferenciasCorrentesIntergovernamentais,Transferências Intergovernamentais,3726819748.04,Sergipe
2017,RREO,6,B,Governo do Estado de Sergipe,28,SE,2265779,RREO-Anexo 01,E,Padrão,Até o Bimestre (c),TransferenciasCorrentesDeInstituicoesPrivadas,Transferências de Instituições Privadas,902120.45,Sergipe
2017,RREO,6,B,Governo do Estado de Sergipe,28,SE,2265779,RREO-Anexo 01,E,Padrão,Até o Bimestre (c),TransferenciasCorrentesDeConvenios,Transferências de Convênios,22114625.32,Sergipe
2017,RREO,6,B,Governo do Estado de Sergipe,28,SE,2265779,RREO-Anexo 01,E,Padrão,Até o Bimestre (c),TransferenciasDeCapital,TRANSFERÊNCIAS DE CAPITAL,77928983.65,Sergipe
2017,RREO,6,B,Governo do Estado de Sergipe,28,SE,2265779,RREO-Anexo 01,E,Padrão,Até o Bimestre (c),TransferenciasDeCapitalIntergovernamentais,Transferências Intergovernamentais,40784444.44,Sergipe
2017,RREO,6,B,Governo do Estado de Sergipe,28,SE,2265779,RREO-Anexo 01,E,Padrão,Até o Bimestre (c),TransferenciasDeCapitalDeConvenios,Transferências de Convênios,37144539.21,Sergipe
2017,RREO,6,B,Governo do Estado de Sergipe,28,SE,2265779,RREO-Anexo 06,E,Padrão,Até o Bimestre / 2017,RREO6TransferenciasCorrentes,Transferências Correntes,3749836493.81,Sergipe
2017,RREO,6,B,Governo do Estado de Sergipe,28,SE,2265779,RREO-Anexo 06,E,Padrão,Até o Bimestre / 2016,RREO6TransferenciasCorrentes,Transferências Correntes,3839769100.42,Sergipe
2017,RREO,6,B,Governo do Estado de Sergipe,28,SE,2265779,RREO-Anexo 06,E,Padrão,Até o Bimestre / 2017,RREO6CotaParteDoFPE,Cota-Parte do FPE,2755867168.09,Sergipe
2017,RREO,6,B,Governo do Estado de Sergipe,28,SE,2265779,RREO-Anexo 06,E,Padrão,Até o Bimestre / 2016,RREO6CotaParteDoFPE,Cota-Parte do FPE,2859685856.6,Sergipe
2017,RREO,6,B,Governo do Estado de Sergipe,28,SE,2265779,RREO-Anexo 06,E,Padrão,Até o Bimestre / 2017,RREO6OutrasTransferenciasCorrentes,Outras Transferências Correntes,971854700.4,Sergipe
2017,RREO,6,B,Governo do Estado de Sergipe,28,SE,2265779,RREO-Anexo 06,E,Padrão,Até o Bimestre / 2016,RREO6OutrasTransferenciasCorrentes,Outras Transferências Correntes,931796189.3,Sergipe
2017,RREO,6,B,Governo do Estado de Sergipe,28,SE,2265779,RREO-Anexo 06,E,Padrão,Até o Bimestre / 2017,RREO6TransferenciasDeCapital,Transferências de Capital,77928983.65,Sergipe
2017,RREO,6,B,Governo do Estado de Sergipe,28,SE,2265779,RREO-Anexo 06,E,Padrão,Até o Bimestre / 2016,RREO6TransferenciasDeCapital,Transferências de Capital,33292448.53,Sergipe
2017,RREO,6,B,Governo do Estado de Sergipe,28,SE,2265779,RREO-Anexo 06,E,Padrão,Até o Bimestre / 2017,RREO6OutrasTransferenciasDeCapital,Outras Transferências de Capital,40784444.44,Sergipe
2018,RREO,1,B,Governo do Estado de Sergipe,28,SE,2265779,RREO-Anexo 01,E,Padrão,Até o Bimestre (c),TransferenciasCorrentes,TRANSFERÊNCIAS CORRENTES,790679881.12,Sergipe
2018,RREO,1,B,Governo do Estado de Sergipe,28,SE,2265779,RREO-Anexo 01,E,Padrão,Até o Bimestre (c),TransferenciasCorrentesDaUniaoEDeSuasEntidades,Transferências da União e de suas Entidades,657900794.35,Sergipe
2018,RREO,1,B,Governo do Estado de Sergipe,28,SE,2265779,RREO-Anexo 01,E,Padrão,Até o Bimestre (c),TransferenciasCorrentesDeInstituicoesPrivadas,Transferências de Instituições Privadas,141574.45,Sergipe
2018,RREO,1,B,Governo do Estado de Sergipe,28,SE,2265779,RREO-Anexo 01,E,Padrão,Até o Bimestre (c),TransferenciasCorrentesDeOutrasInstituicoesPublicas,Transferências de Outras Instituições Públicas,132637512.32,Sergipe
2018,RREO,1,B,Governo do Estado de Sergipe,28,SE,2265779,RREO-Anexo 01,E,Padrão,Até o Bimestre (c),TransferenciasDeCapital,TRANSFERÊNCIAS DE CAPITAL,27057287.86,Sergipe
2018,RREO,1,B,Governo do Estado de Sergipe,28,SE,2265779,RREO-Anexo 01,E,Padrão,Até o Bimestre (c),TransferenciasDeCapitalDaUniaoEDeSuasEntidades,Transferências da União e de suas Entidades,27057287.86,Sergipe
2018,RREO,2,B,Governo do Estado de Sergipe,28,SE,2265779,RREO-Anexo 01,E,Padrão,Até o Bimestre (c),TransferenciasCorrentes,TRANSFERÊNCIAS CORRENTES,1413986257.79,Sergipe
2018,RREO,2,B,Governo do Estado de Sergipe,28,SE,2265779,RREO-Anexo 01,E,Padrão,Até o Bimestre (c),TransferenciasCorrentesDaUniaoEDeSuasEntidades,Transferências da União e de suas Entidades,1182553851.97,Sergipe
2018,RREO,2,B,Governo do Estado de Sergipe,28,SE,2265779,RREO-Anexo 01,E,Padrão,Até o Bimestre (c),TransferenciasCorrentesDeInstituicoesPrivadas,Transferências de Instituições Privadas,347088.79,Sergipe
2018,RREO,2,B,Governo do Estado de Sergipe,28,SE,2265779,RREO-Anexo 01,E,Padrão,Até o Bimestre (c),TransferenciasCorrentesDeOutrasInstituicoesPublicas,Transferências de Outras Instituições Públicas,231085317.03,Sergipe
2018,RREO,2,B,Governo do Estado de Sergipe,28,SE,2265779,RREO-Anexo 01,E,Padrão,Até o Bimestre (c),TransferenciasDeCapital,TRANSFERÊNCIAS DE CAPITAL,27732598.67,Sergipe
2018,RREO,2,B,Governo do Estado de Sergipe,28,SE,2265779,RREO-Anexo 01,E,Padrão,Até o Bimestre (c),TransferenciasDeCapitalDaUniaoEDeSuasEntidades,Transferências da União e de suas Entidades,27732598.67,Sergipe
2018,RREO,3,B,Governo do Estado de Sergipe,28,SE,2265779,RREO-Anexo 01,E,Padrão,Até o Bimestre (c),TransferenciasCorrentes,TRANSFERÊNCIAS CORRENTES,2161403505.9,Sergipe
2018,RREO,3,B,Governo do Estado de Sergipe,28,SE,2265779,RREO-Anexo 01,E,Padrão,Até o Bimestre (c),TransferenciasCorrentesDaUniaoEDeSuasEntidades,Transferências da União e de suas Entidades,1817818120.33,Sergipe
2018,RREO,3,B,Governo do Estado de Sergipe,28,SE,2265779,RREO-Anexo 01,E,Padrão,Até o Bimestre (c),TransferenciasCorrentesDeInstituicoesPrivadas,Transferências de Instituições Privadas,503816.84,Sergipe
2018,RREO,3,B,Governo do Estado de Sergipe,28,SE,2265779,RREO-Anexo 01,E,Padrão,Até o Bimestre (c),TransferenciasCorrentesDeOutrasInstituicoesPublicas,Transferências de Outras Instituições Públicas,343081568.73,Sergipe
2018,RREO,3,B,Governo do Estado de Sergipe,28,SE,2265779,RREO-Anexo 01,E,Padrão,Até o Bimestre (c),TransferenciasDeCapital,TRANSFERÊNCIAS DE CAPITAL,30867943.57,Sergipe
2018,RREO,3,B,Governo do Estado de Sergipe,28,SE,2265779,RREO-Anexo 01,E,Padrão,Até o Bimestre (c),TransferenciasDeCapitalDaUniaoEDeSuasEntidades,Transferências da União e de suas Entidades,30867943.57,Sergipe
2018,RREO,4,B,Governo do Estado de Sergipe,28,SE,2265779,RREO-Anexo 01,E,Padrão,Até o Bimestre (c),TransferenciasCorrentes,TRANSFERÊNCIAS CORRENTES,2752674087.32,Sergipe
2018,RREO,4,B,Governo do Estado de Sergipe,28,SE,2265779,RREO-Anexo 01,E,Padrão,Até o Bimestre (c),TransferenciasCorrentesDaUniaoEDeSuasEntidades,Transferências da União e de suas Entidades,2304638291.46,Sergipe
2018,RREO,4,B,Governo do Estado de Sergipe,28,SE,2265779,RREO-Anexo 01,E,Padrão,Até o Bimestre (c),TransferenciasCorrentesDeInstituicoesPrivadas,Transferências de Instituições Privadas,730543.47,Sergipe
2018,RREO,4,B,Governo do Estado de Sergipe,28,SE,2265779,RREO-Anexo 01,E,Padrão,Até o Bimestre (c),TransferenciasCorrentesDeOutrasInstituicoesPublicas,Transferências de Outras Instituições Públicas,447305252.39,Sergipe
2018,RREO,4,B,Governo do Estado de Sergipe,28,SE,2265779,RREO-Anexo 01,E,Padrão,Até o Bimestre (c),TransferenciasDeCapital,TRANSFERÊNCIAS DE CAPITAL,40097348.98,Sergipe
2018,RREO,4,B,Governo do Estado de Sergipe,28,SE,2265779,RREO-Anexo 01,E,Padrão,Até o Bimestre (c),TransferenciasDeCapitalDaUniaoEDeSuasEntidades,Transferências da União e de suas Entidades,40097348.98,Sergipe
2018,RREO,5,B,Governo do Estado de Sergipe,28,SE,2265779,RREO-Anexo 01,E,Padrão,Até o Bimestre (c),TransferenciasCorrentes,TRANSFERÊNCIAS CORRENTES,3295963472.21,Sergipe
2018,RREO,5,B,Governo do Estado de Sergipe,28,SE,2265779,RREO-Anexo 01,E,Padrão,Até o Bimestre (c),TransferenciasCorrentesDaUniaoEDeSuasEntidades,Transferências da União e de suas Entidades,2743066007.29,Sergipe
2018,RREO,5,B,Governo do Estado de Sergipe,28,SE,2265779,RREO-Anexo 01,E,Padrão,Até o Bimestre (c),TransferenciasCorrentesDeInstituicoesPrivadas,Transferências de Instituições Privadas,1009524.27,Sergipe
2018,RREO,5,B,Governo do Estado de Sergipe,28,SE,2265779,RREO-Anexo 01,E,Padrão,Até o Bimestre (c),TransferenciasCorrentesDeOutrasInstituicoesPublicas,Transferências de Outras Instituições Públicas,551887940.65,Sergipe
2018,RREO,5,B,Governo do Estado de Sergipe,28,SE,2265779,RREO-Anexo 01,E,Padrão,Até o Bimestre (c),TransferenciasDeCapital,TRANSFERÊNCIAS DE CAPITAL,40808788.86,Sergipe
2018,RREO,5,B,Governo do Estado de Sergipe,28,SE,2265779,RREO-Anexo 01,E,Padrão,Até o Bimestre (c),TransferenciasDeCapitalDaUniaoEDeSuasEntidades,Transferências da União e de suas Entidades,40808788.86,Sergipe
2018,RREO,6,B,Governo do Estado de Sergipe,28,SE,2265779,RREO-Anexo 01,E,Padrão,Até o Bimestre (c),TransferenciasCorrentes,TRANSFERÊNCIAS CORRENTES,4106785832.29,Sergipe
2018,RREO,6,B,Governo do Estado de Sergipe,28,SE,2265779,RREO-Anexo 01,E,Padrão,Até o Bimestre (c),TransferenciasCorrentesDaUniaoEDeSuasEntidades,Transferências da União e de suas Entidades,3438732248.08,Sergipe
2018,RREO,6,B,Governo do Estado de Sergipe,28,SE,2265779,RREO-Anexo 01,E,Padrão,Até o Bimestre (c),TransferenciasCorrentesDeInstituicoesPrivadas,Transferências de Instituições Privadas,1176661.67,Sergipe
2018,RREO,6,B,Governo do Estado de Sergipe,28,SE,2265779,RREO-Anexo 01,E,Padrão,Até o Bimestre (c),TransferenciasCorrentesDeOutrasInstituicoesPublicas,Transferências de Outras Instituições Públicas,666876922.54,Sergipe
2018,RREO,6,B,Governo do Estado de Sergipe,28,SE,2265779,RREO-Anexo 01,E,Padrão,Até o Bimestre (c),TransferenciasDeCapital,TRANSFERÊNCIAS DE CAPITAL,51327890.35,Sergipe
2018,RREO,6,B,Governo do Estado de Sergipe,28,SE,2265779,RREO-Anexo 01,E,Padrão,Até o Bimestre (c),TransferenciasDeCapitalDaUniaoEDeSuasEntidades,Transferências da União e de suas Entidades,51327890.35,Sergipe
2019,RREO,1,B,Governo do Estado de Sergipe,28,SE,2278308,RREO-Anexo 01,E,Padrão,Até o Bimestre (c),TransferenciasCorrentes,TRANSFERÊNCIAS CORRENTES,852547847.97,Sergipe
2019,RREO,1,B,Governo do Estado de Sergipe,28,SE,2278308,RREO-Anexo 01,E,Padrão,Até o Bimestre (c),TransferenciasCorrentesDaUniaoEDeSuasEntidades,Transferências da União e de suas Entidades,719995109.77,Sergipe
2019,RREO,1,B,Governo do Estado de Sergipe,28,SE,2278308,RREO-Anexo 01,E,Padrão,Até o Bimestre (c),TransferenciasCorrentesDeInstituicoesPrivadas,Transferências de Instituições Privadas,121531.79,Sergipe
2019,RREO,1,B,Governo do Estado de Sergipe,28,SE,2278308,RREO-Anexo 01,E,Padrão,Até o Bimestre (c),TransferenciasCorrentesDeOutrasInstituicoesPublicas,Transferências de Outras Instituições Públicas,132431206.41,Sergipe
2019,RREO,1,B,Governo do Estado de Sergipe,28,SE,2278308,RREO-Anexo 01,E,Padrão,Até o Bimestre (c),TransferenciasDeCapital,TRANSFERÊNCIAS DE CAPITAL,2653423.02,Sergipe
2019,RREO,1,B,Governo do Estado de Sergipe,28,SE,2278308,RREO-Anexo 01,E,Padrão,Até o Bimestre (c),TransferenciasDeCapitalDaUniaoEDeSuasEntidades,Transferências da União e de suas Entidades,2653423.02,Sergipe
2019,RREO,2,B,Governo do Estado de Sergipe,28,SE,2278308,RREO-Anexo 01,E,Padrão,Até o Bimestre (c),TransferenciasCorrentes,TRANSFERÊNCIAS CORRENTES,1534603721.59,Sergipe
2019,RREO,2,B,Governo do Estado de Sergipe,28,SE,2278308,RREO-Anexo 01,E,Padrão,Até o Bimestre (c),TransferenciasCorrentesDaUniaoEDeSuasEntidades,Transferências da União e de suas Entidades,1294632215.17,Sergipe
2019,RREO,2,B,Governo do Estado de Sergipe,28,SE,2278308,RREO-Anexo 01,E,Padrão,Até o Bimestre (c),TransferenciasCorrentesDeInstituicoesPrivadas,Transferências de Instituições Privadas,256232.82,Sergipe
2019,RREO,2,B,Governo do Estado de Sergipe,28,SE,2278308,RREO-Anexo 01,E,Padrão,Até o Bimestre (c),TransferenciasCorrentesDeOutrasInstituicoesPublicas,Transferências de Outras Instituições Públicas,239715273.6,Sergipe
2019,RREO,2,B,Governo do Estado de Sergipe,28,SE,2278308,RREO-Anexo 01,E,Padrão,Até o Bimestre (c),TransferenciasDeCapital,TRANSFERÊNCIAS DE CAPITAL,6319954.13,Sergipe
2019,RREO,2,B,Governo do Estado de Sergipe,28,SE,2278308,RREO-Anexo 01,E,Padrão,Até o Bimestre (c),TransferenciasDeCapitalDaUniaoEDeSuasEntidades,Transferências da União e de suas Entidades,6319954.13,Sergipe
2019,RREO,3,B,Governo do Estado de Sergipe,28,SE,2278308,RREO-Anexo 01,E,Padrão,Até o Bimestre (c),TransferenciasCorrentes,TRANSFERÊNCIAS CORRENTES,2302192820.13,Sergipe
2019,RREO,3,B,Governo do Estado de Sergipe,28,SE,2278308,RREO-Anexo 01,E,Padrão,Até o Bimestre (c),TransferenciasCorrentesDaUniaoEDeSuasEntidades,Transferências da União e de suas Entidades,1945609045.1,Sergipe
2019,RREO,3,B,Governo do Estado de Sergipe,28,SE,2278308,RREO-Anexo 01,E,Padrão,Até o Bimestre (c),TransferenciasCorrentesDeInstituicoesPrivadas,Transferências de Instituições Privadas,595114.62,Sergipe
2019,RREO,3,B,Governo do Estado de Sergipe,28,SE,2278308,RREO-Anexo 01,E,Padrão,Até o Bimestre (c),TransferenciasCorrentesDeOutrasInstituicoesPublicas,Transferências de Outras Instituições Públicas,355988660.41,Sergipe
2019,RREO,3,B,Governo do Estado de Sergipe,28,SE,2278308,RREO-Anexo 01,E,Padrão,Até o Bimestre (c),TransferenciasDeCapital,TRANSFERÊNCIAS DE CAPITAL,10080033.91,Sergipe
2019,RREO,3,B,Governo do Estado de Sergipe,28,SE,2278308,RREO-Anexo 01,E,Padrão,Até o Bimestre (c),TransferenciasDeCapitalDaUniaoEDeSuasEntidades,Transferências da União e de suas Entidades,9794709.91,Sergipe
2019,RREO,3,B,Governo do Estado de Sergipe,28,SE,2278308,RREO-Anexo 01,E,Padrão,Até o Bimestre (c),TransferenciasDeCapitalDeInstituicoesPrivadas,Transferências de Instituições Privadas,285324.0,Sergipe
2019,RREO,4,B,Governo do Estado de Sergipe,28,SE,2278308,RREO-Anexo 01,E,Padrão,Até o Bimestre (c),TransferenciasCorrentes,TRANSFERÊNCIAS CORRENTES,2964071625.31,Sergipe
2019,RREO,4,B,Governo do Estado de Sergipe,28,SE,2278308,RREO-Anexo 01,E,Padrão,Até o Bimestre (c),TransferenciasCorrentesDaUniaoEDeSuasEntidades,Transferências da União e de suas Entidades,2503615835.46,Sergipe
2019,RREO,4,B,Governo do Estado de Sergipe,28,SE,2278308,RREO-Anexo 01,E,Padrão,Até o Bimestre (c),TransferenciasCorrentesDeInstituicoesPrivadas,Transferências de Instituições Privadas,814566.86,Sergipe
2019,RREO,4,B,Governo do Estado de Sergipe,28,SE,2278308,RREO-Anexo 01,E,Padrão,Até o Bimestre (c),TransferenciasCorrentesDeOutrasInstituicoesPublicas,Transferências de Outras Instituições Públicas,459641222.99,Sergipe
2019,RREO,4,B,Governo do Estado de Sergipe,28,SE,2278308,RREO-Anexo 01,E,Padrão,Até o Bimestre (c),TransferenciasDeCapital,TRANSFERÊNCIAS DE CAPITAL,21166427.22,Sergipe
2019,RREO,4,B,Governo do Estado de Sergipe,28,SE,2278308,RREO-Anexo 01,E,Padrão,Até o Bimestre (c),TransferenciasDeCapitalDaUniaoEDeSuasEntidades,Transferências da União e de suas Entidades,20881103.22,Sergipe
2019,RREO,4,B,Governo do Estado de Sergipe,28,SE,2278308,RREO-Anexo 01,E,Padrão,Até o Bimestre (c),TransferenciasDeCapitalDeInstituicoesPrivadas,Transferências de Instituições Privadas,285324.0,Sergipe
2019,RREO,5,B,Governo do Estado de Sergipe,28,SE,2278308,RREO-Anexo 01,E,Padrão,Até o Bimestre (c),TransferenciasCorrentes,TRANSFERÊNCIAS CORRENTES,3575337781.22,Sergipe
2019,RREO,5,B,Governo do Estado de Sergipe,28,SE,2278308,RREO-Anexo 01,E,Padrão,Até o Bimestre (c),TransferenciasCorrentesDaUniaoEDeSuasEntidades,Transferências da União e de suas Entidades,3014880250.56,Sergipe
2019,RREO,5,B,Governo do Estado de Sergipe,28,SE,2278308,RREO-Anexo 01,E,Padrão,Até o Bimestre (c),TransferenciasCorrentesDeInstituicoesPrivadas,Transferências de Instituições Privadas,1066602.79,Sergipe
2019,RREO,5,B,Governo do Estado de Sergipe,28,SE,2278308,RREO-Anexo 01,E,Padrão,Até o Bimestre (c),TransferenciasCorrentesDeOutrasInstituicoesPublicas,Transferências de Outras Instituições Públicas,559390927.87,Sergipe
2019,RREO,5,B,Governo do Estado de Sergipe,28,SE,2278308,RREO-Anexo 01,E,Padrão,Até o Bimestre (c),TransferenciasDeCapital,TRANSFERÊNCIAS DE CAPITAL,25097160.13,Sergipe
2019,RREO,5,B,Governo do Estado de Sergipe,28,SE,2278308,RREO-Anexo 01,E,Padrão,Até o Bimestre (c),TransferenciasDeCapitalDaUniaoEDeSuasEntidades,Transferências da União e de suas Entidades,24811836.13,Sergipe
2019,RREO,5,B,Governo do Estado de Sergipe,28,SE,2278308,RREO-Anexo 01,E,Padrão,Até o Bimestre (c),TransferenciasDeCapitalDeInstituicoesPrivadas,Transferências de Instituições Privadas,285324.0,Sergipe
2019,RREO,6,B,Governo do Estado de Sergipe,28,SE,2278308,RREO-Anexo 01,E,Padrão,Até o Bimestre (c),TransferenciasCorrentes,TRANSFERÊNCIAS CORRENTES,4561354953.77,Sergipe
2019,RREO,6,B,Governo do Estado de Sergipe,28,SE,2278308,RREO-Anexo 01,E,Padrão,Até o Bimestre (c),TransferenciasCorrentesDaUniaoEDeSuasEntidades,Transferências da União e de suas Entidades,3876650510.5,Sergipe
2019,RREO,6,B,Governo do Estado de Sergipe,28,SE,2278308,RREO-Anexo 01,E,Padrão,Até o Bimestre (c),TransferenciasCorrentesDeInstituicoesPrivadas,Transferências de Instituições Privadas,1230617.99,Sergipe
2019,RREO,6,B,Governo do Estado de Sergipe,28,SE,2278308,RREO-Anexo 01,E,Padrão,Até o Bimestre (c),TransferenciasCorrentesDeOutrasInstituicoesPublicas,Transferências de Outras Instituições Públicas,683473825.28,Sergipe
2019,RREO,6,B,Governo do Estado de Sergipe,28,SE,2278308,RREO-Anexo 01,E,Padrão,Até o Bimestre (c),TransferenciasDeCapital,TRANSFERÊNCIAS DE CAPITAL,72190467.41,Sergipe
2019,RREO,6,B,Governo do Estado de Sergipe,28,SE,2278308,RREO-Anexo 01,E,Padrão,Até o Bimestre (c),TransferenciasDeCapitalDaUniaoEDeSuasEntidades,Transferências da União e de suas Entidades,71905143.41,Sergipe
2019,RREO,6,B,Governo do Estado de Sergipe,28,SE,2278308,RREO-Anexo 01,E,Padrão,Até o Bimestre (c),TransferenciasDeCapitalDeInstituicoesPrivadas,Transferências de Instituições Privadas,285324.0,Sergipe
2020,RREO,1,B,Governo do Estado de Sergipe,28,SE,2298696,RREO-Anexo 01,E,Padrão,Até o Bimestre (c),TransferenciasCorrentes,TRANSFERÊNCIAS CORRENTES,914036068.11,Sergipe
2020,RREO,1,B,Governo do Estado de Sergipe,28,SE,2298696,RREO-Anexo 01,E,Padrão,Até o Bimestre (c),TransferenciasCorrentesDaUniaoEDeSuasEntidades,Transferências da União e de suas Entidades,758458661.72,Sergipe
2020,RREO,1,B,Governo do Estado de Sergipe,28,SE,2298696,RREO-Anexo 01,E,Padrão,Até o Bimestre (c),TransferenciasCorrentesDeInstituicoesPrivadas,Transferências de Instituições Privadas,1888900.37,Sergipe
2020,RREO,1,B,Governo do Estado de Sergipe,28,SE,2298696,RREO-Anexo 01,E,Padrão,Até o Bimestre (c),TransferenciasCorrentesDeOutrasInstituicoesPublicas,Transferências de Outras Instituições Públicas,153688506.02,Sergipe
2020,RREO,1,B,Governo do Estado de Sergipe,28,SE,2298696,RREO-Anexo 01,E,Padrão,Até o Bimestre (c),TransferenciasDeCapital,TRANSFERÊNCIAS DE CAPITAL,1603470.58,Sergipe
2020,RREO,1,B,Governo do Estado de Sergipe,28,SE,2298696,RREO-Anexo 01,E,Padrão,Até o Bimestre (c),TransferenciasDeCapitalDaUniaoEDeSuasEntidades,Transferências da União e de suas Entidades,1603470.58,Sergipe
2020,RREO,2,B,Governo do Estado de Sergipe,28,SE,2298696,RREO-Anexo 01,E,Padrão,Até o Bimestre (c),TransferenciasCorrentes,TRANSFERÊNCIAS CORRENTES,1596817787.44,Sergipe
2020,RREO,2,B,Governo do Estado de Sergipe,28,SE,2298696,RREO-Anexo 01,E,Padrão,Até o Bimestre (c),TransferenciasCorrentesDaUniaoEDeSuasEntidades,Transferências da União e de suas Entidades,1350708347.41,Sergipe
2020,RREO,2,B,Governo do Estado de Sergipe,28,SE,2298696,RREO-Anexo 01,E,Padrão,Até o Bimestre (c),TransferenciasCorrentesDeInstituicoesPrivadas,Transferências de Instituições Privadas,6049307.85,Sergipe
2020,RREO,2,B,Governo do Estado de Sergipe,28,SE,2298696,RREO-Anexo 01,E,Padrão,Até o Bimestre (c),TransferenciasCorrentesDeOutrasInstituicoesPublicas,Transferências de Outras Instituições Públicas,240060132.18,Sergipe
2020,RREO,2,B,Governo do Estado de Sergipe,28,SE,2298696,RREO-Anexo 01,E,Padrão,Até o Bimestre (c),TransferenciasDeCapital,TRANSFERÊNCIAS DE CAPITAL,13314119.41,Sergipe
2020,RREO,2,B,Governo do Estado de Sergipe,28,SE,2298696,RREO-Anexo 01,E,Padrão,Até o Bimestre (c),TransferenciasDeCapitalDaUniaoEDeSuasEntidades,Transferências da União e de suas Entidades,13314119.41,Sergipe
2020,RREO,3,B,Governo do Estado de Sergipe,28,SE,2298696,RREO-Anexo 01,E,Padrão,Até o Bimestre (c),TransferenciasCorrentes,TRANSFERÊNCIAS CORRENTES,2525539751.61,Sergipe
2020,RREO,3,B,Governo do Estado de Sergipe,28,SE,2298696,RREO-Anexo 01,E,Padrão,Até o Bimestre (c),TransferenciasCorrentesDaUniaoEDeSuasEntidades,Transferências da União e de suas Entidades,2191503634.29,Sergipe
2020,RREO,3,B,Governo do Estado de Sergipe,28,SE,2298696,RREO-Anexo 01,E,Padrão,Até o Bimestre (c),TransferenciasCorrentesDeInstituicoesPrivadas,Transferências de Instituições Privadas,7695780.81,Sergipe
2020,RREO,3,B,Governo do Estado de Sergipe,28,SE,2298696,RREO-Anexo 01,E,Padrão,Até o Bimestre (c),TransferenciasCorrentesDeOutrasInstituicoesPublicas,Transferências de Outras Instituições Públicas,326340336.51,Sergipe
2020,RREO,3,B,Governo do Estado de Sergipe,28,SE,2298696,RREO-Anexo 01,E,Padrão,Até o Bimestre (c),TransferenciasDeCapital,TRANSFERÊNCIAS DE CAPITAL,29013764.91,Sergipe
2020,RREO,3,B,Governo do Estado de Sergipe,28,SE,2298696,RREO-Anexo 01,E,Padrão,Até o Bimestre (c),TransferenciasDeCapitalDaUniaoEDeSuasEntidades,Transferências da União e de suas Entidades,29013764.91,Sergipe
2020,RREO,4,B,Governo do Estado de Sergipe,28,SE,2298696,RREO-Anexo 01,E,Padrão,Até o Bimestre (c),TransferenciasCorrentes,TRANSFERÊNCIAS CORRENTES,3461572602.01,Sergipe
2020,RREO,4,B,Governo do Estado de Sergipe,28,SE,2298696,RREO-Anexo 01,E,Padrão,Até o Bimestre (c),TransferenciasCorrentesDaUniaoEDeSuasEntidades,Transferências da União e de suas Entidades,3032301112.18,Sergipe
2020,RREO,4,B,Governo do Estado de Sergipe,28,SE,2298696,RREO-Anexo 01,E,Padrão,Até o Bimestre (c),TransferenciasCorrentesDeInstituicoesPrivadas,Transferências de Instituições Privadas,8278419.15,Sergipe
2020,RREO,4,B,Governo do Estado de Sergipe,28,SE,2298696,RREO-Anexo 01,E,Padrão,Até o Bimestre (c),TransferenciasCorrentesDeOutrasInstituicoesPublicas,Transferências de Outras Instituições Públicas,420993070.68,Sergipe
2020,RREO,4,B,Governo do Estado de Sergipe,28,SE,2298696,RREO-Anexo 01,E,Padrão,Até o Bimestre (c),TransferenciasDeCapital,TRANSFERÊNCIAS DE CAPITAL,52913593.6,Sergipe
2020,RREO,4,B,Governo do Estado de Sergipe,28,SE,2298696,RREO-Anexo 01,E,Padrão,Até o Bimestre (c),TransferenciasDeCapitalDaUniaoEDeSuasEntidades,Transferências da União e de suas Entidades,52913593.6,Sergipe
2020,RREO,5,B,Governo do Estado de Sergipe,28,SE,2298696,RREO-Anexo 01,E,Padrão,Até o Bimestre (c),TransferenciasCorrentes,TRANSFERÊNCIAS CORRENTES,4307484457.25,Sergipe
2020,RREO,5,B,Governo do Estado de Sergipe,28,SE,2298696,RREO-Anexo 01,E,Padrão,Até o Bimestre (c),TransferenciasCorrentesDaUniaoEDeSuasEntidades,Transferências da União e de suas Entidades,3774368161.15,Sergipe
2020,RREO,5,B,Governo do Estado de Sergipe,28,SE,2298696,RREO-Anexo 01,E,Padrão,Até o Bimestre (c),TransferenciasCorrentesDeInstituicoesPrivadas,Transferências de Instituições Privadas,8511914.56,Sergipe
2020,RREO,5,B,Governo do Estado de Sergipe,28,SE,2298696,RREO-Anexo 01,E,Padrão,Até o Bimestre (c),TransferenciasCorrentesDeOutrasInstituicoesPublicas,Transferências de Outras Instituições Públicas,524604381.54,Sergipe
2020,RREO,5,B,Governo do Estado de Sergipe,28,SE,2298696,RREO-Anexo 01,E,Padrão,Até o Bimestre (c),TransferenciasDeCapital,TRANSFERÊNCIAS DE CAPITAL,72359923.1,Sergipe
2020,RREO,5,B,Governo do Estado de Sergipe,28,SE,2298696,RREO-Anexo 01,E,Padrão,Até o Bimestre (c),TransferenciasDeCapitalDaUniaoEDeSuasEntidades,Transferências da União e de suas Entidades,72286968.56,Sergipe
2020,RREO,5,B,Governo do Estado de Sergipe,28,SE,2298696,RREO-Anexo 01,E,Padrão,Até o Bimestre (c),TransferenciasDeCapitalDeInstituicoesPrivadas,Transferências de Instituições Privadas,72954.54,Sergipe
2020,RREO,6,B,Governo do Estado de Sergipe,28,SE,2298696,RREO-Anexo 01,E,Padrão,Até o Bimestre (c),TransferenciasCorrentes,TRANSFERÊNCIAS CORRENTES,5167573628.15,Sergipe
2020,RREO,6,B,Governo do Estado de Sergipe,28,SE,2298696,RREO-Anexo 01,E,Padrão,Até o Bimestre (c),TransferenciasCorrentesDaUniaoEDeSuasEntidades,Transferências da União e de suas Entidades,4500284147.48,Sergipe
2020,RREO,6,B,Governo do Estado de Sergipe,28,SE,2298696,RREO-Anexo 01,E,Padrão,Até o Bimestre (c),TransferenciasCorrentesDeInstituicoesPrivadas,Transferências de Instituições Privadas,8638148.54,Sergipe
2020,RREO,6,B,Governo do Estado de Sergipe,28,SE,2298696,RREO-Anexo 01,E,Padrão,Até o Bimestre (c),TransferenciasCorrentesDeOutrasInstituicoesPublicas,Transferências de Outras Instituições Públicas,658651332.13,Sergipe
2020,RREO,6,B,Governo do Estado de Sergipe,28,SE,2298696,RREO-Anexo 01,E,Padrão,Até o Bimestre (c),TransferenciasDeCapital,TRANSFERÊNCIAS DE CAPITAL,149327066.58,Sergipe
2020,RREO,6,B,Governo do Estado de Sergipe,28,SE,2298696,RREO-Anexo 01,E,Padrão,Até o Bimestre (c),TransferenciasDeCapitalDaUniaoEDeSuasEntidades,Transferências da União e de suas Entidades,148499765.95,Sergipe
2020,RREO,6,B,Governo do Estado de Sergipe,28,SE,2298696,RREO-Anexo 01,E,Padrão,Até o Bimestre (c),TransferenciasDeCapitalDeInstituicoesPrivadas,Transferências de Instituições Privadas,72954.54,Sergipe
2020,RREO,6,B,Governo do Estado de Sergipe,28,SE,2298696,RREO-Anexo 01,E,Padrão,Até o Bimestre (c),TransferenciasDeCapitalDeOutrasInstituicoesPublicas,Transferências de Outras Instituições Públicas,754346.09,Sergipe
2021,RREO,1,B,Governo do Estado de Sergipe,28,SE,2318822,RREO-Anexo 01,E,Padrão,Até o Bimestre (c),TransferenciasCorrentes,TRANSFERÊNCIAS CORRENTES,1005955591.51,Sergipe
2021,RREO,1,B,Governo do Estado de Sergipe,28,SE,2318822,RREO-Anexo 01,E,Padrão,Até o Bimestre (c),TransferenciasCorrentesDaUniaoEDeSuasEntidades,Transferências da União e de suas Entidades,861516411.84,Sergipe
2021,RREO,1,B,Governo do Estado de Sergipe,28,SE,2318822,RREO-Anexo 01,E,Padrão,Até o Bimestre (c),TransferenciasCorrentesDeInstituicoesPrivadas,Transferências de Instituições Privadas,392920.68,Sergipe
2021,RREO,1,B,Governo do Estado de Sergipe,28,SE,2318822,RREO-Anexo 01,E,Padrão,Até o Bimestre (c),TransferenciasCorrentesDeOutrasInstituicoesPublicas,Transferências de Outras Instituições Públicas,144046258.99,Sergipe
2021,RREO,1,B,Governo do Estado de Sergipe,28,SE,2318822,RREO-Anexo 01,E,Padrão,Até o Bimestre (c),TransferenciasDeCapital,TRANSFERÊNCIAS DE CAPITAL,6051955.09,Sergipe
2021,RREO,1,B,Governo do Estado de Sergipe,28,SE,2318822,RREO-Anexo 01,E,Padrão,Até o Bimestre (c),TransferenciasDeCapitalDaUniaoEDeSuasEntidades,Transferências da União e de suas Entidades,6051955.09,Sergipe
2021,RREO,2,B,Governo do Estado de Sergipe,28,SE,2318822,RREO-Anexo 01,E,Padrão,Até o Bimestre (c),TransferenciasCorrentes,TRANSFERÊNCIAS CORRENTES,1828923726.88,Sergipe
2021,RREO,2,B,Governo do Estado de Sergipe,28,SE,2318822,RREO-Anexo 01,E,Padrão,Até o Bimestre (c),TransferenciasCorrentesDaUniaoEDeSuasEntidades,Transferências da União e de suas Entidades,1549848376.09,Sergipe
2021,RREO,2,B,Governo do Estado de Sergipe,28,SE,2318822,RREO-Anexo 01,E,Padrão,Até o Bimestre (c),TransferenciasCorrentesDosMunicipiosEDeSuasEntidades,Transferências dos Municípios e de suas Entidades,439322.72,Sergipe
2021,RREO,2,B,Governo do Estado de Sergipe,28,SE,2318822,RREO-Anexo 01,E,Padrão,Até o Bimestre (c),TransferenciasCorrentesDeInstituicoesPrivadas,Transferências de Instituições Privadas,2872659.24,Sergipe
2021,RREO,2,B,Governo do Estado de Sergipe,28,SE,2318822,RREO-Anexo 01,E,Padrão,Até o Bimestre (c),TransferenciasCorrentesDeOutrasInstituicoesPublicas,Transferências de Outras Instituições Públicas,275763368.83,Sergipe
2021,RREO,2,B,Governo do Estado de Sergipe,28,SE,2318822,RREO-Anexo 01,E,Padrão,Até o Bimestre (c),TransferenciasDeCapital,TRANSFERÊNCIAS DE CAPITAL,7414684.73,Sergipe
2021,RREO,2,B,Governo do Estado de Sergipe,28,SE,2318822,RREO-Anexo 01,E,Padrão,Até o Bimestre (c),TransferenciasDeCapitalDaUniaoEDeSuasEntidades,Transferências da União e de suas Entidades,7357171.44,Sergipe
2021,RREO,2,B,Governo do Estado de Sergipe,28,SE,2318822,RREO-Anexo 01,E,Padrão,Até o Bimestre (c),TransferenciasDeCapitalDeInstituicoesPrivadas,Transferências de Instituições Privadas,57513.29,Sergipe
2021,RREO,3,B,Governo do Estado de Sergipe,28,SE,2318822,RREO-Anexo 01,E,Padrão,Até o Bimestre (c),TransferenciasCorrentes,TRANSFERÊNCIAS CORRENTES,2756786443.37,Sergipe
2021,RREO,3,B,Governo do Estado de Sergipe,28,SE,2318822,RREO-Anexo 01,E,Padrão,Até o Bimestre (c),TransferenciasCorrentesDaUniaoEDeSuasEntidades,Transferências da União e de suas Entidades,2328237538.67,Sergipe
2021,RREO,3,B,Governo do Estado de Sergipe,28,SE,2318822,RREO-Anexo 01,E,Padrão,Até o Bimestre (c),TransferenciasCorrentesDosMunicipiosEDeSuasEntidades,Transferências dos Municípios e de suas Entidades,439322.72,Sergipe
2021,RREO,3,B,Governo do Estado de Sergipe,28,SE,2318822,RREO-Anexo 01,E,Padrão,Até o Bimestre (c),TransferenciasCorrentesDeInstituicoesPrivadas,Transferências de Instituições Privadas,3058615.0,Sergipe
2021,RREO,3,B,Governo do Estado de Sergipe,28,SE,2318822,RREO-Anexo 01,E,Padrão,Até o Bimestre (c),TransferenciasCorrentesDeOutrasInstituicoesPublicas,Transferências de Outras Instituições Públicas,425050966.98,Sergipe
2021,RREO,3,B,Governo do Estado de Sergipe,28,SE,2318822,RREO-Anexo 01,E,Padrão,Até o Bimestre (c),TransferenciasDeCapital,TRANSFERÊNCIAS DE CAPITAL,45942673.69,Sergipe
2021,RREO,3,B,Governo do Estado de Sergipe,28,SE,2318822,RREO-Anexo 01,E,Padrão,Até o Bimestre (c),TransferenciasDeCapitalDaUniaoEDeSuasEntidades,Transferências da União e de suas Entidades,45885160.4,Sergipe
2021,RREO,3,B,Governo do Estado de Sergipe,28,SE,2318822,RREO-Anexo 01,E,Padrão,Até o Bimestre (c),TransferenciasDeCapitalDeInstituicoesPrivadas,Transferências de Instituições Privadas,57513.29,Sergipe
2021,RREO,4,B,Governo do Estado de Sergipe,28,SE,2318822,RREO-Anexo 01,E,Padrão,Até o Bimestre (c),TransferenciasCorrentes,TRANSFERÊNCIAS CORRENTES,3658841112.92,Sergipe
2021,RREO,4,B,Governo do Estado de Sergipe,28,SE,2318822,RREO-Anexo 01,E,Padrão,Até o Bimestre (c),TransferenciasCorrentesDaUniaoEDeSuasEntidades,Transferências da União e de suas Entidades,3097428625.23,Sergipe
2021,RREO,4,B,Governo do Estado de Sergipe,28,SE,2318822,RREO-Anexo 01,E,Padrão,Até o Bimestre (c),TransferenciasCorrentesDosMunicipiosEDeSuasEntidades,Transferências dos Municípios e de suas Entidades,2369902.23,Sergipe
2021,RREO,4,B,Governo do Estado de Sergipe,28,SE,2318822,RREO-Anexo 01,E,Padrão,Até o Bimestre (c),TransferenciasCorrentesDeInstituicoesPrivadas,Transferências de Instituições Privadas,3271712.88,Sergipe
2021,RREO,4,B,Governo do Estado de Sergipe,28,SE,2318822,RREO-Anexo 01,E,Padrão,Até o Bimestre (c),TransferenciasCorrentesDeOutrasInstituicoesPublicas,Transferências de Outras Instituições Públicas,555770872.58,Sergipe
2021,RREO,4,B,Governo do Estado de Sergipe,28,SE,2318822,RREO-Anexo 01,E,Padrão,Até o Bimestre (c),TransferenciasDeCapital,TRANSFERÊNCIAS DE CAPITAL,66742225.26,Sergipe
2021,RREO,4,B,Governo do Estado de Sergipe,28,SE,2318822,RREO-Anexo 01,E,Padrão,Até o Bimestre (c),TransferenciasDeCapitalDaUniaoEDeSuasEntidades,Transferências da União e de suas Entidades,66684711.97,Sergipe
2021,RREO,4,B,Governo do Estado de Sergipe,28,SE,2318822,RREO-Anexo 01,E,Padrão,Até o Bimestre (c),TransferenciasDeCapitalDeInstituicoesPrivadas,Transferências de Instituições Privadas,57513.29,Sergipe
2021,RREO,5,B,Governo do Estado de Sergipe,28,SE,2318822,RREO-Anexo 01,E,Padrão,Até o Bimestre (c),TransferenciasCorrentes,TRANSFERÊNCIAS CORRENTES,4471810298.45,Sergipe
2021,RREO,5,B,Governo do Estado de Sergipe,28,SE,2318822,RREO-Anexo 01,E,Padrão,Até o Bimestre (c),TransferenciasCorrentesDaUniaoEDeSuasEntidades,Transferências da União e de suas Entidades,3775638231.32,Sergipe
2021,RREO,5,B,Governo do Estado de Sergipe,28,SE,2318822,RREO-Anexo 01,E,Padrão,Até o Bimestre (c),TransferenciasCorrentesDosMunicipiosEDeSuasEntidades,Transferências dos Municípios e de suas Entidades,2364377.51,Sergipe
2021,RREO,5,B,Governo do Estado de Sergipe,28,SE,2318822,RREO-Anexo 01,E,Padrão,Até o Bimestre (c),TransferenciasCorrentesDeInstituicoesPrivadas,Transferências de Instituições Privadas,3853400.16,Sergipe
2021,RREO,5,B,Governo do Estado de Sergipe,28,SE,2318822,RREO-Anexo 01,E,Padrão,Até o Bimestre (c),TransferenciasCorrentesDeOutrasInstituicoesPublicas,Transferências de Outras Instituições Públicas,689954289.46,Sergipe
2021,RREO,5,B,Governo do Estado de Sergipe,28,SE,2318822,RREO-Anexo 01,E,Padrão,Até o Bimestre (c),TransferenciasDeCapital,TRANSFERÊNCIAS DE CAPITAL,80976040.17,Sergipe
2021,RREO,5,B,Governo do Estado de Sergipe,28,SE,2318822,RREO-Anexo 01,E,Padrão,Até o Bimestre (c),TransferenciasDeCapitalDaUniaoEDeSuasEntidades,Transferências da União e de suas Entidades,80918526.88,Sergipe
2021,RREO,5,B,Governo do Estado de Sergipe,28,SE,2318822,RREO-Anexo 01,E,Padrão,Até o Bimestre (c),TransferenciasDeCapitalDeInstituicoesPrivadas,Transferências de Instituições Privadas,57513.29,Sergipe
2021,RREO,6,B,Governo do Estado de Sergipe,28,SE,2318822,RREO-Anexo 01,E,Padrão,Até o Bimestre (c),TransferenciasCorrentes,TRANSFERÊNCIAS CORRENTES,5534426114.18,Sergipe
2021,RREO,6,B,Governo do Estado de Sergipe,28,SE,2318822,RREO-Anexo 01,E,Padrão,Até o Bimestre (c),TransferenciasCorrentesDaUniaoEDeSuasEntidades,Transferências da União e de suas Entidades,4670922104.57,Sergipe
2021,RREO,6,B,Governo do Estado de Sergipe,28,SE,2318822,RREO-Anexo 01,E,Padrão,Até o Bimestre (c),TransferenciasCorrentesDosMunicipiosEDeSuasEntidades,Transferências dos Municípios e de suas Entidades,3569683.3,Sergipe
2021,RREO,6,B,Governo do Estado de Sergipe,28,SE,2318822,RREO-Anexo 01,E,Padrão,Até o Bimestre (c),TransferenciasCorrentesDeInstituicoesPrivadas,Transferências de Instituições Privadas,5581747.0,Sergipe
2021,RREO,6,B,Governo do Estado de Sergipe,28,SE,2318822,RREO-Anexo 01,E,Padrão,Até o Bimestre (c),TransferenciasCorrentesDeOutrasInstituicoesPublicas,Transferências de Outras Instituições Públicas,854352579.31,Sergipe
2021,RREO,6,B,Governo do Estado de Sergipe,28,SE,2318822,RREO-Anexo 01,E,Padrão,Até o Bimestre (c),TransferenciasDeCapital,TRANSFERÊNCIAS DE CAPITAL,132979634.69,Sergipe
2021,RREO,6,B,Governo do Estado de Sergipe,28,SE,2318822,RREO-Anexo 01,E,Padrão,Até o Bimestre (c),TransferenciasDeCapitalDaUniaoEDeSuasEntidades,Transferências da União e de suas Entidades,132922121.4,Sergipe
2021,RREO,6,B,Governo do Estado de Sergipe,28,SE,2318822,RREO-Anexo 01,E,Padrão,Até o Bimestre (c),TransferenciasDeCapitalDeInstituicoesPrivadas,Transferências de Instituições Privadas,57513.29,Sergipe
2022,RREO,1,B,Governo do Estado de Sergipe,28,SE,2338474,RREO-Anexo 01,E,Padrão,Até o Bimestre (c),TransferenciasCorrentes,TRANSFERÊNCIAS CORRENTES,1225456196.46,Sergipe
2022,RREO,1,B,Governo do Estado de Sergipe,28,SE,2338474,RREO-Anexo 01,E,Padrão,Até o Bimestre (c),TransferenciasCorrentesDaUniaoEDeSuasEntidades,Transferências da União e de suas Entidades,1041026102.17,Sergipe
2022,RREO,1,B,Governo do Estado de Sergipe,28,SE,2338474,RREO-Anexo 01,E,Padrão,Até o Bimestre (c),TransferenciasCorrentesDeInstituicoesPrivadas,Transferências de Instituições Privadas,332661.28,Sergipe
2022,RREO,1,B,Governo do Estado de Sergipe,28,SE,2338474,RREO-Anexo 01,E,Padrão,Até o Bimestre (c),TransferenciasCorrentesDeOutrasInstituicoesPublicas,Transferências de Outras Instituições Públicas,184097433.01,Sergipe
2022,RREO,1,B,Governo do Estado de Sergipe,28,SE,2338474,RREO-Anexo 01,E,Padrão,Até o Bimestre (c),TransferenciasDeCapital,TRANSFERÊNCIAS DE CAPITAL,15084463.01,Sergipe
2022,RREO,1,B,Governo do Estado de Sergipe,28,SE,2338474,RREO-Anexo 01,E,Padrão,Até o Bimestre (c),TransferenciasDeCapitalDaUniaoEDeSuasEntidades,Transferências da União e de suas Entidades,15084463.01,Sergipe
2022,RREO,2,B,Governo do Estado de Sergipe,28,SE,2338474,RREO-Anexo 01,E,Padrão,Até o Bimestre (c),TransferenciasCorrentes,TRANSFERÊNCIAS CORRENTES,2212792165.31,Sergipe
2022,RREO,2,B,Governo do Estado de Sergipe,28,SE,2338474,RREO-Anexo 01,E,Padrão,Até o Bimestre (c),TransferenciasCorrentesDaUniaoEDeSuasEntidades,Transferências da União e de suas Entidades,1866946704.35,Sergipe
2022,RREO,2,B,Governo do Estado de Sergipe,28,SE,2338474,RREO-Anexo 01,E,Padrão,Até o Bimestre (c),TransferenciasCorrentesDeInstituicoesPrivadas,Transferências de Instituições Privadas,673776.9,Sergipe
2022,RREO,2,B,Governo do Estado de Sergipe,28,SE,2338474,RREO-Anexo 01,E,Padrão,Até o Bimestre (c),TransferenciasCorrentesDeOutrasInstituicoesPublicas,Transferências de Outras Instituições Públicas,345171684.06,Sergipe
2022,RREO,2,B,Governo do Estado de Sergipe,28,SE,2338474,RREO-Anexo 01,E,Padrão,Até o Bimestre (c),TransferenciasDeCapital,TRANSFERÊNCIAS DE CAPITAL,26658032.06,Sergipe
2022,RREO,2,B,Governo do Estado de Sergipe,28,SE,2338474,RREO-Anexo 01,E,Padrão,Até o Bimestre (c),TransferenciasDeCapitalDaUniaoEDeSuasEntidades,Transferências da União e de suas Entidades,26658032.06,Sergipe
2022,RREO,3,B,Governo do Estado de Sergipe,28,SE,2338474,RREO-Anexo 01,E,Padrão,Até o Bimestre (c),TransferenciasCorrentes,TRANSFERÊNCIAS CORRENTES,3486892327.75,Sergipe
2022,RREO,3,B,Governo do Estado de Sergipe,28,SE,2338474,RREO-Anexo 01,E,Padrão,Até o Bimestre (c),TransferenciasCorrentesDaUniaoEDeSuasEntidades,Transferências da União e de suas Entidades,2947902466.24,Sergipe
2022,RREO,3,B,Governo do Estado de Sergipe,28,SE,2338474,RREO-Anexo 01,E,Padrão,Até o Bimestre (c),TransferenciasCorrentesDeInstituicoesPrivadas,Transferências de Instituições Privadas,1218899.76,Sergipe
2022,RREO,3,B,Governo do Estado de Sergipe,28,SE,2338474,RREO-Anexo 01,E,Padrão,Até o Bimestre (c),TransferenciasCorrentesDeOutrasInstituicoesPublicas,Transferências de Outras Instituições Públicas,537770961.75,Sergipe
2022,RREO,3,B,Governo do Estado de Sergipe,28,SE,2338474,RREO-Anexo 01,E,Padrão,Até o Bimestre (c),TransferenciasDeCapital,TRANSFERÊNCIAS DE CAPITAL,51898282.61,Sergipe
2022,RREO,3,B,Governo do Estado de Sergipe,28,SE,2338474,RREO-Anexo 01,E,Padrão,Até o Bimestre (c),TransferenciasDeCapitalDaUniaoEDeSuasEntidades,Transferências da União e de suas Entidades,51898282.61,Sergipe
2022,RREO,4,B,Governo do Estado de Sergipe,28,SE,2338474,RREO-Anexo 01,E,Padrão,Até o Bimestre (c),TransferenciasCorrentes,TRANSFERÊNCIAS CORRENTES,4496961380.55,Sergipe
2022,RREO,4,B,Governo do Estado de Sergipe,28,SE,2338474,RREO-Anexo 01,E,Padrão,Até o Bimestre (c),TransferenciasCorrentesDaUniaoEDeSuasEntidades,Transferências da União e de suas Entidades,3796788310.92,Sergipe
2022,RREO,4,B,Governo do Estado de Sergipe,28,SE,2338474,RREO-Anexo 01,E,Padrão,Até o Bimestre (c),TransferenciasCorrentesDosMunicipiosEDeSuasEntidades,Transferências dos Municípios e de suas Entidades,2084130.02,Sergipe
2022,RREO,4,B,Governo do Estado de Sergipe,28,SE,2338474,RREO-Anexo 01,E,Padrão,Até o Bimestre (c),TransferenciasCorrentesDeInstituicoesPrivadas,Transferências de Instituições Privadas,1647770.44,Sergipe
2022,RREO,4,B,Governo do Estado de Sergipe,28,SE,2338474,RREO-Anexo 01,E,Padrão,Até o Bimestre (c),TransferenciasCorrentesDeOutrasInstituicoesPublicas,Transferências de Outras Instituições Públicas,696441169.17,Sergipe
2022,RREO,4,B,Governo do Estado de Sergipe,28,SE,2338474,RREO-Anexo 01,E,Padrão,Até o Bimestre (c),TransferenciasDeCapital,TRANSFERÊNCIAS DE CAPITAL,55340353.01,Sergipe
2022,RREO,4,B,Governo do Estado de Sergipe,28,SE,2338474,RREO-Anexo 01,E,Padrão,Até o Bimestre (c),TransferenciasDeCapitalDaUniaoEDeSuasEntidades,Transferências da União e de suas Entidades,55340353.01,Sergipe
2022,RREO,5,B,Governo do Estado de Sergipe,28,SE,2338474,RREO-Anexo 01,E,Padrão,Até o Bimestre (c),TransferenciasCorrentes,TRANSFERÊNCIAS CORRENTES,5404474742.75,Sergipe
2022,RREO,5,B,Governo do Estado de Sergipe,28,SE,2338474,RREO-Anexo 01,E,Padrão,Até o Bimestre (c),TransferenciasCorrentesDaUniaoEDeSuasEntidades,Transferências da União e de suas Entidades,4561893812.29,Sergipe
2022,RREO,5,B,Governo do Estado de Sergipe,28,SE,2338474,RREO-Anexo 01,E,Padrão,Até o Bimestre (c),TransferenciasCorrentesDosMunicipiosEDeSuasEntidades,Transferências dos Municípios e de suas Entidades,2166601.99,Sergipe
2022,RREO,5,B,Governo do Estado de Sergipe,28,SE,2338474,RREO-Anexo 01,E,Padrão,Até o Bimestre (c),TransferenciasCorrentesDeInstituicoesPrivadas,Transferências de Instituições Privadas,2082038.44,Sergipe
2022,RREO,5,B,Governo do Estado de Sergipe,28,SE,2338474,RREO-Anexo 01,E,Padrão,Até o Bimestre (c),TransferenciasCorrentesDeOutrasInstituicoesPublicas,Transferências de Outras Instituições Públicas,838332290.03,Sergipe
2022,RREO,5,B,Governo do Estado de Sergipe,28,SE,2338474,RREO-Anexo 01,E,Padrão,Até o Bimestre (c),TransferenciasDeCapital,TRANSFERÊNCIAS DE CAPITAL,65456136.35,Sergipe
2022,RREO,5,B,Governo do Estado de Sergipe,28,SE,2338474,RREO-Anexo 01,E,Padrão,Até o Bimestre (c),TransferenciasDeCapitalDaUniaoEDeSuasEntidades,Transferências da União e de suas Entidades,65456136.35,Sergipe
2022,RREO,6,B,Governo do Estado de Sergipe,28,SE,2338474,RREO-Anexo 01,E,Padrão,Até o Bimestre (c),TransferenciasCorrentes,TRANSFERÊNCIAS CORRENTES,6619833482.04,Sergipe
2022,RREO,6,B,Governo do Estado de Sergipe,28,SE,2338474,RREO-Anexo 01,E,Padrão,Até o Bimestre (c),TransferenciasCorrentesDaUniaoEDeSuasEntidades,Transferências da União e de suas Entidades,5581575179.69,Sergipe
2022,RREO,6,B,Governo do Estado de Sergipe,28,SE,2338474,RREO-Anexo 01,E,Padrão,Até o Bimestre (c),TransferenciasCorrentesDosMunicipiosEDeSuasEntidades,Transferências dos Municípios e de suas Entidades,4421877.85,Sergipe
2022,RREO,6,B,Governo do Estado de Sergipe,28,SE,2338474,RREO-Anexo 01,E,Padrão,Até o Bimestre (c),TransferenciasCorrentesDeInstituicoesPrivadas,Transferências de Instituições Privadas,2360624.42,Sergipe
2022,RREO,6,B,Governo do Estado de Sergipe,28,SE,2338474,RREO-Anexo 01,E,Padrão,Até o Bimestre (c),TransferenciasCorrentesDeOutrasInstituicoesPublicas,Transferências de Outras Instituições Públicas,1031475800.08,Sergipe
2022,RREO,6,B,Governo do Estado de Sergipe,28,SE,2338474,RREO-Anexo 01,E,Padrão,Até o Bimestre (c),TransferenciasDeCapital,TRANSFERÊNCIAS DE CAPITAL,91456722.74,Sergipe
2022,RREO,6,B,Governo do Estado de Sergipe,28,SE,2338474,RREO-Anexo 01,E,Padrão,Até o Bimestre (c),TransferenciasDeCapitalDaUniaoEDeSuasEntidades,Transferências da União e de suas Entidades,91456722.74,Sergipe
2023,RREO,1,B,Governo do Estado de Sergipe,28,SE,2338474,RREO-Anexo 01,E,Padrão,Até o Bimestre (c),TransferenciasCorrentes,TRANSFERÊNCIAS CORRENTES,1358230696.68,Sergipe
2023,RREO,1,B,Governo do Estado de Sergipe,28,SE,2338474,RREO-Anexo 01,E,Padrão,Até o Bimestre (c),TransferenciasCorrentesDaUniaoEDeSuasEntidades,Transferências da União e de suas Entidades,1159221870.42,Sergipe
2023,RREO,1,B,Governo do Estado de Sergipe,28,SE,2338474,RREO-Anexo 01,E,Padrão,Até o Bimestre (c),TransferenciasCorrentesDeInstituicoesPrivadas,Transferências de Instituições Privadas,224648.15,Sergipe
2023,RREO,1,B,Governo do Estado de Sergipe,28,SE,2338474,RREO-Anexo 01,E,Padrão,Até o Bimestre (c),TransferenciasCorrentesDeOutrasInstituicoesPublicas,Transferências de Outras Instituições Públicas,198784178.11,Sergipe
2023,RREO,1,B,Governo do Estado de Sergipe,28,SE,2338474,RREO-Anexo 01,E,Padrão,Até o Bimestre (c),TransferenciasDeCapital,TRANSFERÊNCIAS DE CAPITAL,4331618.32,Sergipe
2023,RREO,1,B,Governo do Estado de Sergipe,28,SE,2338474,RREO-Anexo 01,E,Padrão,Até o Bimestre (c),TransferenciasDeCapitalDaUniaoEDeSuasEntidades,Transferências da União e de suas Entidades,4331618.32,Sergipe
2023,RREO,2,B,Governo do Estado de Sergipe,28,SE,2338474,RREO-Anexo 01,E,Padrão,Até o Bimestre (c),TransferenciasCorrentes,TRANSFERÊNCIAS CORRENTES,2423995952.52,Sergipe
2023,RREO,2,B,Governo do Estado de Sergipe,28,SE,2338474,RREO-Anexo 01,E,Padrão,Até o Bimestre (c),TransferenciasCorrentesDaUniaoEDeSuasEntidades,Transferências da União e de suas Entidades,2047194914.89,Sergipe
2023,RREO,2,B,Governo do Estado de Sergipe,28,SE,2338474,RREO-Anexo 01,E,Padrão,Até o Bimestre (c),TransferenciasCorrentesDeInstituicoesPrivadas,Transferências de Instituições Privadas,453406.07,Sergipe
2023,RREO,2,B,Governo do Estado de Sergipe,28,SE,2338474,RREO-Anexo 01,E,Padrão,Até o Bimestre (c),TransferenciasCorrentesDeOutrasInstituicoesPublicas,Transferências de Outras Instituições Públicas,376347631.56,Sergipe
2023,RREO,2,B,Governo do Estado de Sergipe,28,SE,2338474,RREO-Anexo 01,E,Padrão,Até o Bimestre (c),TransferenciasDeCapital,TRANSFERÊNCIAS DE CAPITAL,7470538.0,Sergipe
2023,RREO,2,B,Governo do Estado de Sergipe,28,SE,2338474,RREO-Anexo 01,E,Padrão,Até o Bimestre (c),TransferenciasDeCapitalDaUniaoEDeSuasEntidades,Transferências da União e de suas Entidades,7470538.0,Sergipe
2023,RREO,3,B,Governo do Estado de Sergipe,28,SE,2338474,RREO-Anexo 01,E,Padrão,Até o Bimestre (c),TransferenciasCorrentes,TRANSFERÊNCIAS CORRENTES,3636285302.96,Sergipe
2023,RREO,3,B,Governo do Estado de Sergipe,28,SE,2338474,RREO-Anexo 01,E,Padrão,Até o Bimestre (c),TransferenciasCorrentesDaUniaoEDeSuasEntidades,Transferências da União e de suas Entidades,3070170917.25,Sergipe
2023,RREO,3,B,Governo do Estado de Sergipe,28,SE,2338474,RREO-Anexo 01,E,Padrão,Até o Bimestre (c),TransferenciasCorrentesDeInstituicoesPrivadas,Transferências de Instituições Privadas,1006147.36,Sergipe
2023,RREO,3,B,Governo do Estado de Sergipe,28,SE,2338474,RREO-Anexo 01,E,Padrão,Até o Bimestre (c),TransferenciasCorrentesDeOutrasInstituicoesPublicas,Transferências de Outras Instituições Públicas,565108238.35,Sergipe
2023,RREO,3,B,Governo do Estado de Sergipe,28,SE,2338474,RREO-Anexo 01,E,Padrão,Até o Bimestre (c),TransferenciasDeCapital,TRANSFERÊNCIAS DE CAPITAL,16210103.24,Sergipe
2023,RREO,3,B,Governo do Estado de Sergipe,28,SE,2338474,RREO-Anexo 01,E,Padrão,Até o Bimestre (c),TransferenciasDeCapitalDaUniaoEDeSuasEntidades,Transferências da União e de suas Entidades,16206518.52,Sergipe
2023,RREO,3,B,Governo do Estado de Sergipe,28,SE,2338474,RREO-Anexo 01,E,Padrão,Até o Bimestre (c),DemaisTransferenciasDeCapital,Demais Transferências de Capital,3584.72,Sergipe
2023,RREO,4,B,Governo do Estado de Sergipe,28,SE,2338474,RREO-Anexo 01,E,Padrão,Até o Bimestre (c),TransferenciasCorrentes,TRANSFERÊNCIAS CORRENTES,4661694297.79,Sergipe
2023,RREO,4,B,Governo do Estado de Sergipe,28,SE,2338474,RREO-Anexo 01,E,Padrão,Até o Bimestre (c),TransferenciasCorrentesDaUniaoEDeSuasEntidades,Transferências da União e de suas Entidades,3924266335.68,Sergipe
2023,RREO,4,B,Governo do Estado de Sergipe,28,SE,2338474,RREO-Anexo 01,E,Padrão,Até o Bimestre (c),TransferenciasCorrentesDeInstituicoesPrivadas,Transferências de Instituições Privadas,3861376.52,Sergipe
2023,RREO,4,B,Governo do Estado de Sergipe,28,SE,2338474,RREO-Anexo 01,E,Padrão,Até o Bimestre (c),TransferenciasCorrentesDeOutrasInstituicoesPublicas,Transferências de Outras Instituições Públicas,733566585.59,Sergipe
2023,RREO,4,B,Governo do Estado de Sergipe,28,SE,2338474,RREO-Anexo 01,E,Padrão,Até o Bimestre (c),TransferenciasDeCapital,TRANSFERÊNCIAS DE CAPITAL,52830493.64,Sergipe
2023,RREO,4,B,Governo do Estado de Sergipe,28,SE,2338474,RREO-Anexo 01,E,Padrão,Até o Bimestre (c),TransferenciasDeCapitalDaUniaoEDeSuasEntidades,Transferências da União e de suas Entidades,52830493.64,Sergipe
2023,RREO,5,B,Governo do Estado de Sergipe,28,SE,2338474,RREO-Anexo 01,E,Padrão,Até o Bimestre (c),TransferenciasCorrentes,TRANSFERÊNCIAS CORRENTES,5707402988.91,Sergipe
2023,RREO,5,B,Governo do Estado de Sergipe,28,SE,2338474,RREO-Anexo 01,E,Padrão,Até o Bimestre (c),TransferenciasCorrentesDaUniaoEDeSuasEntidades,Transferências da União e de suas Entidades,4812931108.67,Sergipe
2023,RREO,5,B,Governo do Estado de Sergipe,28,SE,2338474,RREO-Anexo 01,E,Padrão,Até o Bimestre (c),TransferenciasCorrentesDeInstituicoesPrivadas,Transferências de Instituições Privadas,3186850.97,Sergipe
2023,RREO,5,B,Governo do Estado de Sergipe,28,SE,2338474,RREO-Anexo 01,E,Padrão,Até o Bimestre (c),TransferenciasCorrentesDeOutrasInstituicoesPublicas,Transferências de Outras Instituições Públicas,890784571.75,Sergipe
2023,RREO,5,B,Governo do Estado de Sergipe,28,SE,2338474,RREO-Anexo 01,E,Padrão,Até o Bimestre (c),OutrasTransferenciasCorrentes,Outras Transferências,500457.52,Sergipe
2023,RREO,5,B,Governo do Estado de Sergipe,28,SE,2338474,RREO-Anexo 01,E,Padrão,Até o Bimestre (c),TransferenciasDeCapital,TRANSFERÊNCIAS DE CAPITAL,66842385.42,Sergipe
2023,RREO,5,B,Governo do Estado de Sergipe,28,SE,2338474,RREO-Anexo 01,E,Padrão,Até o Bimestre (c),TransferenciasDeCapitalDaUniaoEDeSuasEntidades,Transferências da União e de suas Entidades,66842385.42,Sergipe
2023,RREO,6,B,Governo do Estado de Sergipe,28,SE,2338474,RREO-Anexo 01,E,Padrão,Até o Bimestre (c),TransferenciasCorrentes,TRANSFERÊNCIAS CORRENTES,7260748774.69,Sergipe
2023,RREO,6,B,Governo do Estado de Sergipe,28,SE,2338474,RREO-Anexo 01,E,Padrão,Até o Bimestre (c),TransferenciasCorrentesDaUniaoEDeSuasEntidades,Transferências da União e de suas Entidades,6142721954.85,Sergipe
2023,RREO,6,B,Governo do Estado de Sergipe,28,SE,2338474,RREO-Anexo 01,E,Padrão,Até o Bimestre (c),TransferenciasCorrentesDeInstituicoesPrivadas,Transferências de Instituições Privadas,3387874.89,Sergipe
2023,RREO,6,B,Governo do Estado de Sergipe,28,SE,2338474,RREO-Anexo 01,E,Padrão,Até o Bimestre (c),TransferenciasCorrentesDeOutrasInstituicoesPublicas,Transferências de Outras Instituições Públicas,1114138487.43,Sergipe
2023,RREO,6,B,Governo do Estado de Sergipe,28,SE,2338474,RREO-Anexo 01,E,Padrão,Até o Bimestre (c),OutrasTransferenciasCorrentes,Outras Transferências,500457.52,Sergipe
2023,RREO,6,B,Governo do Estado de Sergipe,28,SE,2338474,RREO-Anexo 01,E,Padrão,Até o Bimestre (c),TransferenciasDeCapital,TRANSFERÊNCIAS DE CAPITAL,100130777.51,Sergipe
2023,RREO,6,B,Governo do Estado de Sergipe,28,SE,2338474,RREO-Anexo 01,E,Padrão,Até o Bimestre (c),TransferenciasDeCapitalDaUniaoEDeSuasEntidades,Transferências da União e de suas Entidades,100130777.51,Sergipe
2024,RREO,1,B,Governo do Estado de Sergipe,28,SE,2211868,RREO-Anexo 01,E,Padrão,Até o Bimestre (c),TransferenciasCorrentes,TRANSFERÊNCIAS CORRENTES,1593251951.04,Sergipe
2024,RREO,1,B,Governo do Estado de Sergipe,28,SE,2211868,RREO-Anexo 01,E,Padrão,Até o Bimestre (c),TransferenciasCorrentesDaUniaoEDeSuasEntidades,Transferências da União e de suas Entidades,1368372869.3,Sergipe
2024,RREO,1,B,Governo do Estado de Sergipe,28,SE,2211868,RREO-Anexo 01,E,Padrão,Até o Bimestre (c),TransferenciasCorrentesDeInstituicoesPrivadas,Transferências de Instituições Privadas,44763.14,Sergipe
2024,RREO,1,B,Governo do Estado de Sergipe,28,SE,2211868,RREO-Anexo 01,E,Padrão,Até o Bimestre (c),TransferenciasCorrentesDeOutrasInstituicoesPublicas,Transferências de Outras Instituições Públicas,224834318.6,Sergipe
2024,RREO,1,B,Governo do Estado de Sergipe,28,SE,2211868,RREO-Anexo 01,E,Padrão,Até o Bimestre (c),TransferenciasDeCapital,TRANSFERÊNCIAS DE CAPITAL,7927055.56,Sergipe
2024,RREO,1,B,Governo do Estado de Sergipe,28,SE,2211868,RREO-Anexo 01,E,Padrão,Até o Bimestre (c),TransferenciasDeCapitalDaUniaoEDeSuasEntidades,Transferências da União e de suas Entidades,7927055.56,Sergipe
2024,RREO,2,B,Governo do Estado de Sergipe,28,SE,2211868,RREO-Anexo 01,E,Padrão,Até o Bimestre (c),TransferenciasCorrentes,TRANSFERÊNCIAS CORRENTES,2872398437.82,Sergipe
2024,RREO,2,B,Governo do Estado de Sergipe,28,SE,2211868,RREO-Anexo 01,E,Padrão,Até o Bimestre (c),TransferenciasCorrentesDaUniaoEDeSuasEntidades,Transferências da União e de suas Entidades,2459030941.84,Sergipe
2024,RREO,2,B,Governo do Estado de Sergipe,28,SE,2211868,RREO-Anexo 01,E,Padrão,Até o Bimestre (c),TransferenciasCorrentesDeInstituicoesPrivadas,Transferências de Instituições Privadas,543556.95,Sergipe
2024,RREO,2,B,Governo do Estado de Sergipe,28,SE,2211868,RREO-Anexo 01,E,Padrão,Até o Bimestre (c),TransferenciasCorrentesDeOutrasInstituicoesPublicas,Transferências de Outras Instituições Públicas,412823939.03,Sergipe
2024,RREO,2,B,Governo do Estado de Sergipe,28,SE,2211868,RREO-Anexo 01,E,Padrão,Até o Bimestre (c),TransferenciasDeCapital,TRANSFERÊNCIAS DE CAPITAL,14777796.54,Sergipe
2024,RREO,2,B,Governo do Estado de Sergipe,28,SE,2211868,RREO-Anexo 01,E,Padrão,Até o Bimestre (c),TransferenciasDeCapitalDaUniaoEDeSuasEntidades,Transferências da União e de suas Entidades,14777796.54,Sergipe
2024,RREO,3,B,Governo do Estado de Sergipe,28,SE,2211868,RREO-Anexo 01,E,Padrão,Até o Bimestre (c),TransferenciasCorrentes,TRANSFERÊNCIAS CORRENTES,4348682976.61,Sergipe
2024,RREO,3,B,Governo do Estado de Sergipe,28,SE,2211868,RREO-Anexo 01,E,Padrão,Até o Bimestre (c),TransferenciasCorrentesDaUniaoEDeSuasEntidades,Transferências da União e de suas Entidades,3724548064.93,Sergipe
2024,RREO,3,B,Governo do Estado de Sergipe,28,SE,2211868,RREO-Anexo 01,E,Padrão,Até o Bimestre (c),TransferenciasCorrentesDeInstituicoesPrivadas,Transferências de Instituições Privadas,858147.23,Sergipe
2024,RREO,3,B,Governo do Estado de Sergipe,28,SE,2211868,RREO-Anexo 01,E,Padrão,Até o Bimestre (c),TransferenciasCorrentesDeOutrasInstituicoesPublicas,Transferências de Outras Instituições Públicas,623276764.45,Sergipe
2024,RREO,3,B,Governo do Estado de Sergipe,28,SE,2211868,RREO-Anexo 01,E,Padrão,Até o Bimestre (c),TransferenciasDeCapital,TRANSFERÊNCIAS DE CAPITAL,37536305.14,Sergipe
2024,RREO,3,B,Governo do Estado de Sergipe,28,SE,2211868,RREO-Anexo 01,E,Padrão,Até o Bimestre (c),TransferenciasDeCapitalDaUniaoEDeSuasEntidades,Transferências da União e de suas Entidades,37536305.14,Sergipe
2024,RREO,4,B,Governo do Estado de Sergipe,28,SE,2211868,RREO-Anexo 01,E,Padrão,Até o Bimestre (c),TransferenciasCorrentes,TRANSFERÊNCIAS CORRENTES,5541671249.06,Sergipe
2024,RREO,4,B,Governo do Estado de Sergipe,28,SE,2211868,RREO-Anexo 01,E,Padrão,Até o Bimestre (c),TransferenciasCorrentesDaUniaoEDeSuasEntidades,Transferências da União e de suas Entidades,4735996452.3,Sergipe
2024,RREO,4,B,Governo do Estado de Sergipe,28,SE,2211868,RREO-Anexo 01,E,Padrão,Até o Bimestre (c),TransferenciasCorrentesDeInstituicoesPrivadas,Transferências de Instituições Privadas,1167822.93,Sergipe
2024,RREO,4,B,Governo do Estado de Sergipe,28,SE,2211868,RREO-Anexo 01,E,Padrão,Até o Bimestre (c),TransferenciasCorrentesDeOutrasInstituicoesPublicas,Transferências de Outras Instituições Públicas,804079426.14,Sergipe
2024,RREO,4,B,Governo do Estado de Sergipe,28,SE,2211868,RREO-Anexo 01,E,Padrão,Até o Bimestre (c),OutrasTransferenciasCorrentes,Demais Transferências Correntes,427547.69,Sergipe
2024,RREO,4,B,Governo do Estado de Sergipe,28,SE,2211868,RREO-Anexo 01,E,Padrão,Até o Bimestre (c),TransferenciasDeCapital,TRANSFERÊNCIAS DE CAPITAL,63587998.63,Sergipe
2024,RREO,4,B,Governo do Estado de Sergipe,28,SE,2211868,RREO-Anexo 01,E,Padrão,Até o Bimestre (c),TransferenciasDeCapitalDaUniaoEDeSuasEntidades,Transferências da União e de suas Entidades,63587998.63,Sergipe
2024,RREO,5,B,Governo do Estado de Sergipe,28,SE,2211868,RREO-Anexo 01,E,Padrão,Até o Bimestre (c),TransferenciasCorrentes,TRANSFERÊNCIAS CORRENTES,6681185584.75,Sergipe
2024,RREO,5,B,Governo do Estado de Sergipe,28,SE,2211868,RREO-Anexo 01,E,Padrão,Até o Bimestre (c),TransferenciasCorrentesDaUniaoEDeSuasEntidades,Transferências da União e de suas Entidades,5693292619.4,Sergipe
2024,RREO,5,B,Governo do Estado de Sergipe,28,SE,2211868,RREO-Anexo 01,E,Padrão,Até o Bimestre (c),TransferenciasCorrentesDeInstituicoesPrivadas,Transferências de Instituições Privadas,3068139.65,Sergipe
2024,RREO,5,B,Governo do Estado de Sergipe,28,SE,2211868,RREO-Anexo 01,E,Padrão,Até o Bimestre (c),TransferenciasCorrentesDeOutrasInstituicoesPublicas,Transferências de Outras Instituições Públicas,984397278.01,Sergipe
2024,RREO,5,B,Governo do Estado de Sergipe,28,SE,2211868,RREO-Anexo 01,E,Padrão,Até o Bimestre (c),OutrasTransferenciasCorrentes,Demais Transferências Correntes,427547.69,Sergipe
2024,RREO,5,B,Governo do Estado de Sergipe,28,SE,2211868,RREO-Anexo 01,E,Padrão,Até o Bimestre (c),TransferenciasDeCapital,TRANSFERÊNCIAS DE CAPITAL,87654298.89,Sergipe
2024,RREO,5,B,Governo do Estado de Sergipe,28,SE,2211868,RREO-Anexo 01,E,Padrão,Até o Bimestre (c),TransferenciasDeCapitalDaUniaoEDeSuasEntidades,Transferências da União e de suas Entidades,87654298.89,Sergipe
2024,RREO,6,B,Governo do Estado de Sergipe,28,SE,2211868,RREO-Anexo 01,E,Padrão,Até o Bimestre (c),TransferenciasCorrentes,TRANSFERÊNCIAS CORRENTES,8271283688.17,Sergipe
2024,RREO,6,B,Governo do Estado de Sergipe,28,SE,2211868,RREO-Anexo 01,E,Padrão,Até o Bimestre (c),TransferenciasCorrentesDaUniaoEDeSuasEntidades,Transferências da União e de suas Entidades,7060337414.25,Sergipe
2024,RREO,6,B,Governo do Estado de Sergipe,28,SE,2211868,RREO-Anexo 01,E,Padrão,Até o Bimestre (c),TransferenciasCorrentesDeInstituicoesPrivadas,Transferências de Instituições Privadas,4601927.89,Sergipe
2024,RREO,6,B,Governo do Estado de Sergipe,28,SE,2211868,RREO-Anexo 01,E,Padrão,Até o Bimestre (c),TransferenciasCorrentesDeOutrasInstituicoesPublicas,Transferências de Outras Instituições Públicas,1205916798.34,Sergipe
2024,RREO,6,B,Governo do Estado de Sergipe,28,SE,2211868,RREO-Anexo 01,E,Padrão,Até o Bimestre (c),OutrasTransferenciasCorrentes,Demais Transferências Correntes,427547.69,Sergipe
2024,RREO,6,B,Governo do Estado de Sergipe,28,SE,2211868,RREO-Anexo 01,E,Padrão,Até o Bimestre (c),TransferenciasDeCapital,TRANSFERÊNCIAS DE CAPITAL,124245323.65,Sergipe
2024,RREO,6,B,Governo do Estado de Sergipe,28,SE,2211868,RREO-Anexo 01,E,Padrão,Até o Bimestre (c),TransferenciasDeCapitalDaUniaoEDeSuasEntidades,Transferências da União e de suas Entidades,124245323.65,Sergipe
2025,RREO,1,B,Governo do Estado de Sergipe,28,SE,2211868,RREO-Anexo 01,E,Padrão,Até o Bimestre (c),TransferenciasCorrentes,TRANSFERÊNCIAS CORRENTES,1720943853.5,Sergipe
2025,RREO,1,B,Governo do Estado de Sergipe,28,SE,2211868,RREO-Anexo 01,E,Padrão,Até o Bimestre (c),TransferenciasCorrentesDaUniaoEDeSuasEntidades,Transferências da União e de suas Entidades,1477887617.9,Sergipe
2025,RREO,1,B,Governo do Estado de Sergipe,28,SE,2211868,RREO-Anexo 01,E,Padrão,Até o Bimestre (c),TransferenciasCorrentesDeInstituicoesPrivadas,Transferências de Instituições Privadas,202214.49,Sergipe
2025,RREO,1,B,Governo do Estado de Sergipe,28,SE,2211868,RREO-Anexo 01,E,Padrão,Até o Bimestre (c),TransferenciasCorrentesDeOutrasInstituicoesPublicas,Transferências de Outras Instituições Públicas,242854021.11,Sergipe
2025,RREO,1,B,Governo do Estado de Sergipe,28,SE,2211868,RREO-Anexo 01,E,Padrão,Até o Bimestre (c),TransferenciasDeCapital,TRANSFERÊNCIAS DE CAPITAL,13343470.99,Sergipe
2025,RREO,1,B,Governo do Estado de Sergipe,28,SE,2211868,RREO-Anexo 01,E,Padrão,Até o Bimestre (c),TransferenciasDeCapitalDaUniaoEDeSuasEntidades,Transferências da União e de suas Entidades,13343470.99,Sergipe
2025,RREO,2,B,Governo do Estado de Sergipe,28,SE,2211868,RREO-Anexo 01,E,Padrão,Até o Bimestre (c),TransferenciasCorrentes,TRANSFERÊNCIAS CORRENTES,3099820932.01,Sergipe
2025,RREO,2,B,Governo do Estado de Sergipe,28,SE,2211868,RREO-Anexo 01,E,Padrão,Até o Bimestre (c),TransferenciasCorrentesDaUniaoEDeSuasEntidades,Transferências da União e de suas Entidades,2647578961.98,Sergipe
2025,RREO,2,B,Governo do Estado de Sergipe,28,SE,2211868,RREO-Anexo 01,E,Padrão,Até o Bimestre (c),TransferenciasCorrentesDeInstituicoesPrivadas,Transferências de Instituições Privadas,782097.64,Sergipe
2025,RREO,2,B,Governo do Estado de Sergipe,28,SE,2211868,RREO-Anexo 01,E,Padrão,Até o Bimestre (c),TransferenciasCorrentesDeOutrasInstituicoesPublicas,Transferências de Outras Instituições Públicas,451459872.39,Sergipe
2025,RREO,2,B,Governo do Estado de Sergipe,28,SE,2211868,RREO-Anexo 01,E,Padrão,Até o Bimestre (c),TransferenciasDeCapital,TRANSFERÊNCIAS DE CAPITAL,23888146.36,Sergipe
2025,RREO,2,B,Governo do Estado de Sergipe,28,SE,2211868,RREO-Anexo 01,E,Padrão,Até o Bimestre (c),TransferenciasDeCapitalDaUniaoEDeSuasEntidades,Transferências da União e de suas Entidades,23888146.36,Sergipe
2025,RREO,3,B,Governo do Estado de Sergipe,28,SE,2211868,RREO-Anexo 01,E,Padrão,Até o Bimestre (c),TransferenciasCorrentes,TRANSFERÊNCIAS CORRENTES,4787320814.52,Sergipe
2025,RREO,3,B,Governo do Estado de Sergipe,28,SE,2211868,RREO-Anexo 01,E,Padrão,Até o Bimestre (c),TransferenciasCorrentesDaUniaoEDeSuasEntidades,Transferências da União e de suas Entidades,4097342687.42,Sergipe
2025,RREO,3,B,Governo do Estado de Sergipe,28,SE,2211868,RREO-Anexo 01,E,Padrão,Até o Bimestre (c),TransferenciasCorrentesDeInstituicoesPrivadas,Transferências de Instituições Privadas,2263749.37,Sergipe
2025,RREO,3,B,Governo do Estado de Sergipe,28,SE,2211868,RREO-Anexo 01,E,Padrão,Até o Bimestre (c),TransferenciasCorrentesDeOutrasInstituicoesPublicas,Transferências de Outras Instituições Públicas,687714377.73,Sergipe
2025,RREO,3,B,Governo do Estado de Sergipe,28,SE,2211868,RREO-Anexo 01,E,Padrão,Até o Bimestre (c),TransferenciasDeCapital,TRANSFERÊNCIAS DE CAPITAL,37762555.89,Sergipe
2025,RREO,3,B,Governo do Estado de Sergipe,28,SE,2211868,RREO-Anexo 01,E,Padrão,Até o Bimestre (c),TransferenciasDeCapitalDaUniaoEDeSuasEntidades,Transferências da União e de suas Entidades,37762555.89,Sergipe
2025,RREO,4,B,Governo do Estado de Sergipe,28,SE,2211868,RREO-Anexo 01,E,Padrão,Até o Bimestre (c),TransferenciasCorrentes,TRANSFERÊNCIAS CORRENTES,6127211112.83,Sergipe
2025,RREO,4,B,Governo do Estado de Sergipe,28,SE,2211868,RREO-Anexo 01,E,Padrão,Até o Bimestre (c),TransferenciasCorrentesDaUniaoEDeSuasEntidades,Transferências da União e de suas Entidades,5242227507.16,Sergipe
2025,RREO,4,B,Governo do Estado de Sergipe,28,SE,2211868,RREO-Anexo 01,E,Padrão,Até o Bimestre (c),TransferenciasCorrentesDeInstituicoesPrivadas,Transferências de Instituições Privadas,3217954.67,Sergipe
2025,RREO,4,B,Governo do Estado de Sergipe,28,SE,2211868,RREO-Anexo 01,E,Padrão,Até o Bimestre (c),TransferenciasCorrentesDeOutrasInstituicoesPublicas,Transferências de Outras Instituições Públicas,881168004.97,Sergipe
2025,RREO,4,B,Governo do Estado de Sergipe,28,SE,2211868,RREO-Anexo 01,E,Padrão,Até o Bimestre (c),OutrasTransferenciasCorrentes,Demais Transferências Correntes,597646.03,Sergipe
2025,RREO,4,B,Governo do Estado de Sergipe,28,SE,2211868,RREO-Anexo 01,E,Padrão,Até o Bimestre (c),TransferenciasDeCapital,TRANSFERÊNCIAS DE CAPITAL,67773449.19,Sergipe
2025,RREO,4,B,Governo do Estado de Sergipe,28,SE,2211868,RREO-Anexo 01,E,Padrão,Até o Bimestre (c),TransferenciasDeCapitalDaUniaoEDeSuasEntidades,Transferências da União e de suas Entidades,67773449.19,Sergipe
2025,RREO,5,B,Governo do Estado de Sergipe,28,SE,2211868,RREO-Anexo 01,E,Padrão,Até o Bimestre (c),TransferenciasCorrentes,TRANSFERÊNCIAS CORRENTES,7461619931.44,Sergipe
2025,RREO,5,B,Governo do Estado de Sergipe,28,SE,2211868,RREO-Anexo 01,E,Padrão,Até o Bimestre (c),TransferenciasCorrentesDaUniaoEDeSuasEntidades,Transferências da União e de suas Entidades,6387836044.23,Sergipe
2025,RREO,5,B,Governo do Estado de Sergipe,28,SE,2211868,RREO-Anexo 01,E,Padrão,Até o Bimestre (c),TransferenciasCorrentesDeInstituicoesPrivadas,Transferências de Instituições Privadas,4292337.97,Sergipe
2025,RREO,5,B,Governo do Estado de Sergipe,28,SE,2211868,RREO-Anexo 01,E,Padrão,Até o Bimestre (c),TransferenciasCorrentesDeOutrasInstituicoesPublicas,Transferências de Outras Instituições Públicas,1068893903.21,Sergipe
2025,RREO,5,B,Governo do Estado de Sergipe,28,SE,2211868,RREO-Anexo 01,E,Padrão,Até o Bimestre (c),OutrasTransferenciasCorrentes,Demais Transferências Correntes,597646.03,Sergipe
2025,RREO,5,B,Governo do Estado de Sergipe,28,SE,2211868,RREO-Anexo 01,E,Padrão,Até o Bimestre (c),TransferenciasDeCapital,TRANSFERÊNCIAS DE CAPITAL,101723530.39,Sergipe
2025,RREO,5,B,Governo do Estado de Sergipe,28,SE,2211868,RREO-Anexo 01,E,Padrão,Até o Bimestre (c),TransferenciasDeCapitalDaUniaoEDeSuasEntidades,Transferências da União e de suas Entidades,101723530.39,Sergipe
2025,RREO,6,B,Governo do Estado de Sergipe,28,SE,2211868,RREO-Anexo 01,E,Padrão,Até o Bimestre (c),TransferenciasCorrentes,TRANSFERÊNCIAS CORRENTES,9296005842.68,Sergipe
2025,RREO,6,B,Governo do Estado de Sergipe,28,SE,2211868,RREO-Anexo 01,E,Padrão,Até o Bimestre (c),TransferenciasCorrentesDaUniaoEDeSuasEntidades,Transferências da União e de suas Entidades,7964772650.5,Sergipe
2025,RREO,6,B,Governo do Estado de Sergipe,28,SE,2211868,RREO-Anexo 01,E,Padrão,Até o Bimestre (c),TransferenciasCorrentesDeInstituicoesPrivadas,Transferências de Instituições Privadas,4768672.37,Sergipe
2025,RREO,6,B,Governo do Estado de Sergipe,28,SE,2211868,RREO-Anexo 01,E,Padrão,Até o Bimestre (c),TransferenciasCorrentesDeOutrasInstituicoesPublicas,Transferências de Outras Instituições Públicas,1325766873.78,Sergipe
2025,RREO,6,B,Governo do Estado de Sergipe,28,SE,2211868,RREO-Anexo 01,E,Padrão,Até o Bimestre (c),TransferenciasCorrentesDoExterior,Transferências do Exterior,100000.0,Sergipe
2025,RREO,6,B,Governo do Estado de Sergipe,28,SE,2211868,RREO-Anexo 01,E,Padrão,Até o Bimestre (c),OutrasTransferenciasCorrentes,Demais Transferências Correntes,597646.03,Sergipe
2025,RREO,6,B,Governo do Estado de Sergipe,28,SE,2211868,RREO-Anexo 01,E,Padrão,Até o Bimestre (c),TransferenciasDeCapital,TRANSFERÊNCIAS DE CAPITAL,152798352.53,Sergipe
2025,RREO,6,B,Governo do Estado de Sergipe,28,SE,2211868,RREO-Anexo 01,E,Padrão,Até o Bimestre (c),TransferenciasDeCapitalDaUniaoEDeSuasEntidades,Transferências da União e de suas Entidades,152798352.53,Sergipe
